rank,item_sha256,prompt_sha256,data_source,source_index,source_split,first_position,count
0,956595736f32c97adc7ba4933d7b0b380a72443dbba66cf991eb3bb0053244d0,39bc102a75954bb88cdf7e09cb71b90122f84c5f00e50e8820c3c90dd8817696,DAPO-Math-17k,8173,train,0,1
1,e18552bda5e650f2f92a942ecd6cbe6cb702cc2ea0c50eb7e71f501cf3cd1efb,a913c800a7f1ea1573844523b4063679685aa91f27df9ccf2d356c8ef34c7e1a,DAPO-Math-17k,4943,train,1,1
2,377e2ef68db13af9975bd2837703281b739a5971ad9f7214dcc6a80295ab6d8b,0c0e3c0b3397c5c9c2a978267b6417edcffff49a05b74b17fb2cd5b36acd0216,DAPO-Math-17k,10475,train,2,1
3,0642edb48588e048746c39a6c170aa8a8d2cfecfb9310a313da64fe1322284b1,7d82bb1f7751f6c128787338dc37be251b1af08c464f86356823748afb8e5ffc,DAPO-Math-17k,7613,train,3,1
4,ee2dbd852dc4df4cd446e9ca1e22c5c77c055ef536bb2949e9a6f1c5b2fc4715,ea0a97daa484ad2c2fd3ec829b1d8b818812c03041d69e60bef7bba142c748a3,DAPO-Math-17k,15852,train,4,1
5,f353a21de37d401780b5f32cb29dd66700aeda1171a4d992e167a4f90a875231,038edc85a563df8dcca5f28661a039a5b3c558a201bfc287bd9805e568e27d19,DAPO-Math-17k,14057,train,5,1
6,b45b84aa721d616dcafc690c6bc66acd444722efa62e5e9a5459e464bf6e6fa8,452de44ebc5ae10543f2ac326d03a7850d20335b202373bce269f6ca9faabe38,DAPO-Math-17k,10929,train,6,1
7,e12e076167e6ca58b573a7bcb34ba6752c31476e8284bfd312165cb6456aa257,39726846046cf1ff69555e914bc24f5f65a52602a5690c2d4340fadbb8e95b79,DAPO-Math-17k,12844,train,7,1
8,06c22dc2e76b48652812f542c095d1bdaa558e7479bcae5d5b8369c6bf5d624e,fa2a3b5d9fb686ac9d133f37b59bc8f96a1b73ddf25ba33b0fabf8a634bd06d8,DAPO-Math-17k,7155,train,8,1
9,7bfb95c48468bb400d96aedf6df8dcf37a1f0a2a5cbdc3754091aa7a3d19c954,3cf8875daa0205cdbda6b1231319bd238e418f57f7928da00276bd72c71b2683,DAPO-Math-17k,644,train,9,1
10,244694e1f5438ddb3c2014a36de626d0482ef3088aec8a16de25b507da3abf8b,b53fc6f8dfb97d5356061b102fc08a27e9583d558b9a78877cf4cd17a6a9f359,DAPO-Math-17k,11624,train,10,1
11,93bf0eb050e398522af9de825cd92ea00e498b2ca634edbf23b3904f64e6c1a4,b5f494f583954eec28ef4b708702efd7c3eda4a1bf1b5357ecbe57c966f1801e,DAPO-Math-17k,1577,train,11,1
12,0200d9b8cce033d8031628713e7dca4ce582162f4cfb33c8c2bf6a6d4932bacb,e5f0c2fa9f5fcc0bb2f1c9ab5ebeb91edb0b67023dbaa83f66d818150a7e52c0,DAPO-Math-17k,16257,train,12,1
13,ba6474a797930b0cf8c2687bf9a4a68f09b429095971a2d5aed284fb9587630e,371c8e755f64ca160eb6ded200bc774cd4f074e2c06b56310f3a714e6a6389e3,DAPO-Math-17k,12551,train,13,1
14,926dfeb9ff05723e0140040f8eb163646ff909ec50d0f082ea4b7fb79f3667d5,92ac9d58b37c3ba5475e95d39a4b5546f88c9e4b71a4d47cfe1d05c9745fed12,DAPO-Math-17k,1181,train,14,1
15,2e0731a4e6db3f55ed9471798978586a18f67e46013391ae32f8dc394aaebe7c,1e8c96857393a7efa77e5bfc922c1375348c2e675dea2835280a972781d4383a,DAPO-Math-17k,13368,train,15,1
16,0621223f8e1753edf3427b663923b1f4170a037590d8e1873b29455f5f92670f,0671a87d2050f1873388c1790d044cc764d8c2b8da584270e0fd973ac6c47b3b,DAPO-Math-17k,7628,train,16,1
17,6ec22fba132805cc302eae0d8f9003cf60dc542b2744f012ab3e80af92820b82,219d952a25e66252b53d40e1e8e4f375f1b3a94f7a4335b877f18b7916160417,DAPO-Math-17k,16533,train,17,1
18,05f26910f4a2822e0e8bb552e41738fa01d19a7b7862a359d75ef4e2c53efce1,1a900edd8782b59c64199ccf261ee6f051e28b3794d1ac1602277be0dab86b60,DAPO-Math-17k,10766,train,18,1
19,d318f35ffb4d4c189f577fcae8ec7d5feee22d751c96d5d20c63f4ca1c7bd5f9,689d06639fe8265381fcdc08a587162cf5f418ee82c1df9d6849f1c97fa10113,DAPO-Math-17k,131,train,19,1
20,ae30e2ad8dfeb422c3874239d283dab4ed7001a1e9f8a538d517e41fe2f04a07,2e538241fda25569dc105a745101b5777caa7392b81ca0373e4041714afa5327,DAPO-Math-17k,16737,train,20,1
21,a41e8b0d7c8e06c285cc7ae694f1f19748e53278f40a4a789718ced2340ccdc8,b9201515523f1a88d832a2ed5565afe2ddc914eba0c8e3501971565cf201fc64,DAPO-Math-17k,795,train,21,1
22,5c8e093c7b7fb61b43453e48fccfe6a910bffa9214116490eea8e43845910616,c20da7d1524250ac9c8bafabeec5473cd9d6c29c79c988e2e85df40f607a3b4b,DAPO-Math-17k,5535,train,22,1
23,b611a86bdb664d25595164b208e51aa3ddab9d315cee23316bf7ded8a81d3e0e,d159619ed1dd535a96eeee9a9e9544dd8c77324bf89b548c64aa4a4e7371e0cd,DAPO-Math-17k,985,train,23,1
24,3fea8958f7ce7e3493ab1180d398ed054ea165d79578c7999a6c71b6b452df42,ac85e5d983c9bcb4598e6ef2d18cb482e4c96ca2cde22a3dc17328231dc6999f,DAPO-Math-17k,7770,train,24,1
25,d0aa9a9f9608d37a91ae90c58e18bd14439e00ad28dced84b9b9ff3065337cdd,aeb4aade3bf47a3965ff3aca7647327e7c472d810105ce2112d2dda2dde5b3b8,DAPO-Math-17k,398,train,25,1
26,bf589189ae7b9b961f47b11a4b551bbb2af855822f872e01e92e863c1cfba39b,d4523e860357888a1bbe1ed237de9a0ff5b47ea760a16564ec544b5245bae544,DAPO-Math-17k,16413,train,26,1
27,97b2f6b245782c1968eabf4e67583de63cb718ccd9413eae220602c22b35e556,68ec815ebb04d87c4a184810cb01b7a4ab07066ef22d649d5e6b20b483cf780b,DAPO-Math-17k,1137,train,27,1
28,0ff443ea9ebef6c8495a0b7aabe0c8eb0a117ecc8815dee2d53ba55846f45e05,0c4734a3c0c6b82859d711cc28f05f57d2bac46408316865cf275e4b927aea01,DAPO-Math-17k,12477,train,28,1
29,5793e97e8c57e3e6f252b156de5b93702211b5d1a6fcc3f12483c653eb4e9152,e49932b83d8995a3bded0a9ee497a5e870321ce18cd1fa90412f69ceccdc153c,DAPO-Math-17k,5706,train,29,1
30,2c54c3fd8868de83abcd8cac68482775e13be5090514253cd798356dd5dae3ca,7bc579bc65eb5924acccb510d4d8dc09de72b4513995c74696bf6fbaf0cf9c82,DAPO-Math-17k,2770,train,30,1
31,2c66d208ea8b48d2f06564f2ce43dfeba449c6c404b77c6d46c4cbbbe3653d00,104463de7a41e6741d6cc0f3b101e952b192840923ab3bec840cb9c64cb82ed3,DAPO-Math-17k,16234,train,31,1
32,2eb663e4ed1be0833bca14b75777053bb2006a788b1377d1ef7a4ee30d704b69,28a6252177f10ca0479a464a54b0feb472aee62815944b82980fdf71a1c44179,DAPO-Math-17k,14109,train,32,1
33,b175a6b84b5d4b4b36cd7315f673ae31c3f7f24ecfaaf0239d531a48cc9bc436,6902c94226ea311ad485b697b98cc6a88f03c4ae06bad81e5d16685ad900f31a,DAPO-Math-17k,15730,train,33,1
34,b36d257f434229f878a41b80d4ab0ccf0ad53319da61f61e9607310e9a91edeb,3bcda6db427358ed6a11603184fe2cff942e20a712be3d7ce373437f37ea575b,DAPO-Math-17k,2321,train,34,1
35,5098e9f60c3127491c0e94913e115fac39b37183cbcd8764c8b9a79568769f90,039ee9a326f48bd9e5a870a9e42dcf1f754320a3553a770e8987431b553b807c,DAPO-Math-17k,13968,train,35,1
36,8bc38664fb99a5f6ec6ae0b0a66a68b9d64007c3aa921327210f5c54fbde93c3,21c4733dbe1616382a6b61e87b8be2f3a25ebfa0babde5cabaf09392244fe229,DAPO-Math-17k,1046,train,36,1
37,9b745b22376d3596e2abd76a71b9d4cdfba1d5a9bb7a509b5617bce14850afbf,5b935cdcd181af21888c53c780281f3d7763a588e1a93672defe07d09fd177b5,DAPO-Math-17k,681,train,37,1
38,06c70c101c455b62972749a6bd2d5f706d8bc7236d8f84d7f0196ec5e205c968,21554f374b66d4e3a91595370e84089fe6a08ef2832f98c3cc23306e43fa70a1,DAPO-Math-17k,4126,train,38,1
39,92573d9871e5de83c22b95a738eb3c37daefadd4a328057539f87c9ed5a2b2cf,03248a35e05eb27992b590656b2ef19dfaea8b1d3261699736ea096de99b8e6e,DAPO-Math-17k,9393,train,39,1
40,a11424c506c2363f6c94a92744beb580b25ee5d5d6c46b6bc84ad7eb2466f702,8fdaa9c20e7d549ba1ef672072ee30d136091fbddd71c1b113c19ac7eecc601b,DAPO-Math-17k,1380,train,40,1
41,fc50418f13faee5ac8662a7ca237a9eba68df46274f5fb3c3e9d286bb4da805f,aa96566591ca9eeb1d28fc61cd4b4521c332c5f02204b657104c476b86c69ada,DAPO-Math-17k,6568,train,41,1
42,c33c90812d42f782e8bf7a66519574c96933363d3bc0c9ea34b399e8fbac9f49,0547fccfe8b53cdac7ae9249a55137819f45105ad6ee5deafdcc49ba72dd773d,DAPO-Math-17k,12379,train,42,1
43,fc778694edd5c56f0f2246b7d98410b9bd94aa79e751c1fabf16165af38d188f,6bc13869d5d3b966aefebb312cef4cba7844bf42724a4cba794045cda98a09a0,DAPO-Math-17k,14529,train,43,1
44,e36f697990d3b44cc82517ffdc39e575f5c8f3380cf5141bad8a94df166fd7b3,d1644e2747fe3186a4bb3c3622563a6301b59456f0d141cf764268a134c5fda0,DAPO-Math-17k,10283,train,44,1
45,6c1f1e943e3666ec4c6898d6e3210e4ed0b54bbda078c5abdedf18abd6eb996a,0746604b42164b5feebdda8636cd979cad127f381bc77e8008282304dec33433,DAPO-Math-17k,508,train,45,1
46,0aeac594ce22fa2a290b2f7e66ac50324266b862f9928b054db0af05f0eead84,c595a24290d96f9ad2b6c2c25b8254aaed6ae08ddba01115eeb7fabb2c8a1f0b,DAPO-Math-17k,8896,train,46,1
47,244ae71ccd9aad585360b5c7417c60a81e2dcc8ad80cc1dab3d6dfe3ee2a1e44,b3d57cd3631cbf42479e78b79202c84afedc43fc54bba04bf0e3484469ba405a,DAPO-Math-17k,6246,train,47,1
48,308a28c1939f17268ee828fd6b7c8137ee387f0b1caa8111c8d2182a862379dc,c6b4809bc1ba5523ee2da704c8e46c3657318052c900219074a7ce1bbfcbe03c,DAPO-Math-17k,12980,train,48,1
49,81366720d71ac04f24e9703455b745b9fbe70e0e5f9bc50c25ddcabbcfcf11a7,d4790a7e30bfc975cbb0aad65d2d6d48b86fca0241a6bfccc34def36f12a82fc,DAPO-Math-17k,625,train,49,1
50,58c2c53d93fdf402387821d781779dedace1445d43d05c43896564444cf780e3,6d8191681d888ae3ef593183cf5186c3d63a10d1fe5770a06a48ea01d5718374,DAPO-Math-17k,10260,train,50,1
51,73e6e421d0ac398561035855c28730d2aa0ec597d6d0811c19100d4fe45ec9c3,2b473efff85200314d1a3e12040936ef2964f265bd1108339442ff43c5591be8,DAPO-Math-17k,14502,train,51,1
52,a02a36ef5068c054ec2db051aa6425836dd3c7e1abe07df01196f585b0d5c0be,a2a2b440a966847c067944ee8d6f01460e66aaea174e4d9967f8b8bcbecd9b0c,DAPO-Math-17k,10579,train,52,1
53,660e237dc6626a32f8ccc8997831d317a7607cc678cd846a368595fed3e1c988,45774f6ff0a24e31c625583d0d2ba56a77d89a50204e766931dd1ad495d52f51,DAPO-Math-17k,4734,train,53,1
54,3da9af1a395db6643d1e01accfcdf27d381a2a2daacdb6ff9ce2f6e7fdb48d21,67f506fd3b6223f465b01a310258672fd0b985b8e58f019d0470c833373a06c1,DAPO-Math-17k,12204,train,54,1
55,c8e63a2973b85ee3cce009989c0d031ef2454b8c718220c85992bb60d7913fe6,be40f7e02b2635a8e96a3446495f97357a96634285d12537a00b0516ce75f09d,DAPO-Math-17k,2347,train,55,1
56,a756b70b0978a6635c143ffa1611f3883c55ecf9285057dfc4bca09c2063c87e,8bf877b139ab111440d60587698b9e1dcf9047ae2b55097b1980ac7af55aa896,DAPO-Math-17k,12547,train,56,1
57,98782d5cddd148554184510012198455aa0fd67045461f810388629dab05daa1,ae22ee28086570caf477b4a2523048f77e3833239c1faef965df354a7c21c7ef,DAPO-Math-17k,5247,train,57,1
58,a57991f2c27d72a1874d426f48c12bd63ef14c3b62f9e417464b94dedacd6120,0d7b59c195ec35c13d4caf593bebdbda0fdf81d54c6e9daa3ba3171bb01acc57,DAPO-Math-17k,2332,train,58,1
59,de62fd2778b13bc16ec0eed784c911a90e59b7e518b2420d61911195b05fd1eb,b53e5b865df6b831689d4b4f41f2e170f033fdef29698447e55772c8c2967788,DAPO-Math-17k,914,train,59,1
60,cd810837519b49e25bc86f1b199537e2df63de1cf45509321b6b40f7563b5410,20038d2e3f671ec29bfe8faae39bc4140ed5b032d5c10db3670d16fae8973916,DAPO-Math-17k,8501,train,60,1
61,f6b8a1b982b604cdfc76125f521a79812f22bff1474c903a3f36bbf412b06857,b532ce2994769ec91552df04cadcfe972b612c3dfdce5af1fe1e9cbb49ffe8e9,DAPO-Math-17k,7884,train,61,1
62,68fde63ab64b043c2029b1b74d1d1781a1e4e102bd903d6dd6f391b6e51451d2,f751d51a9860be116a9e8f59a6d87e45b3c7c543785c245d47e5981a90f623e9,DAPO-Math-17k,4315,train,62,1
63,4dc4e507cc32194efd39de8b8a1c4a874cb6ae4b4138838b08658fb0190da5b7,b3341686ed96afeb7a06241110a1f79a02ea41f6d2d26c53f6bf6c7d82673313,DAPO-Math-17k,9788,train,63,1
64,0e493150ce49330530b8585621f1933a95def8f51e25c1e106756e53d7f1d946,901c5b72d667b808fd1131f1812e0bf1f88b097c7ba7193b821030e4308b7ac7,DAPO-Math-17k,11688,train,64,1
65,78a233e21e7e7aa2f4f5672bbf8dceb03d557bfb6f41ac7430794e25df0d3610,a4063684f1587c61e2de3e3917670966d242be2bfc5e9dd1a77520be8e103346,DAPO-Math-17k,2282,train,65,1
66,96dc94658877b2e79c4b956132dd8e6b721ecf11764f9c53bc92dd3ddab3abce,b025a84e1fbaed84e62ca317f7f6301abd77f12f24934f193a404ad4656a6f96,DAPO-Math-17k,15790,train,66,1
67,ddb6c6ff3abcf0ba52a3ff22bd4e17913cd6c25455904d76dc3f3f019dea827a,ed05da96b6df8db93c9bea16be3a2db9d04d67d046d341a2d86f8711ce43f9b5,DAPO-Math-17k,1590,train,67,1
68,deaecb9f478b2bf1760fb2bb712966ce49061fedbcc7b484f7cd08080b4c9fab,41f8cc7a42b327db576d08917da43c80267432f1527fb826ad85a1eaafd85315,DAPO-Math-17k,14369,train,68,1
69,8ff9462b14eb49daa57f8d7540ef87d770f9e86e6f73d5eeb2f8b703fb91a4ad,378083305e0a1656dc783d7fc3cd30c6882d5804a67899c14fd8e5eff264c3b2,DAPO-Math-17k,7254,train,69,1
70,e94be1d2ed856d767a67319b4b338068f7409932b16deec9168a2d7140c92089,44ac214659f2d2f267a45fcfc9d477c52952bbe84d5d705f4c2694330b0e2d83,DAPO-Math-17k,7612,train,70,1
71,7d1284d5ce944e16a83709cd983195f4a27d3673196a94fd34d50cd7952305cc,004715b93959df17a47fc65d442bc944569486eb561fa58dc362d0ecc697a067,DAPO-Math-17k,17010,train,71,1
72,8f5e05d039af9152ffdb788c2472ff71cfce82620955b53a8ee99a50a685538a,4ab10608cf27adcba5df9bd3754b641b3645dd7fad40a60d4f9c76eef1197340,DAPO-Math-17k,5296,train,72,1
73,37304c057bde22b3e22f78b6d5349ceb127d98fc86c6178f4376f9f1b350f3a6,bca2de13b3badd76a2a38129b591cd7477fa01ea5c2705243140d9e4d4c0a9b4,DAPO-Math-17k,15844,train,73,1
74,edfd4ce37c764cae84b03999fbaabce0883425fea7162164eaaa4b6d86867109,f2f1498dd86c61f1ac3f6531ff55fa4ac0254b7d84c3e6d77f8ef7d9ad54951c,DAPO-Math-17k,910,train,74,1
75,82517ff98f9ca5917a9e11f0acc7edf456152a15eaa69d5c72fb880e56ad8a3f,e6938e6d56acdd799912b33a098110ebca81cf8926d801afa04c0276b5ad5d7c,DAPO-Math-17k,9879,train,75,1
76,612e6cc7aad85b2faea71a832624153fa0f9b7ec971019837a07aeae771f4043,4526a599090310ad48edbb23847174938b9ba348e1417d4a84afc0142d3a1b04,DAPO-Math-17k,4702,train,76,1
77,72ecac0113c460156c35966a396e17e79347be69c945cfe35ac54e86f1668feb,a732b55eeb880eeb8cbee4265db43ee897ae4c4eeb2535ecbd28928d756530a7,DAPO-Math-17k,2528,train,77,1
78,fe5291e4aa2c96a85d676a9cb314de879b58d7c89d0a713abe167bd1599a094d,7c66ca485a72923682a15b4abb8e0962facee16c46b6f27177a0a65dda79611f,DAPO-Math-17k,5450,train,78,1
79,ef2d1f7a266debc160dcebd6aa8304a11a0a719ec7167e0ef96e508fa5c9c242,ac7735eb01f5ac59643cea0348baaf20f702f8cffb142234f5759012c5902498,DAPO-Math-17k,4608,train,79,1
80,88ac55de97c3bdd552817c9792b29123757c0c7392165d00f6681cfb40e08f4f,a0bb2fc6df33aaf84e3dfbddab8b66365504dae5872b3323670440296d701267,DAPO-Math-17k,9318,train,80,1
81,42b3d5748c01adf167653307ab02547f0cbdd2361b8a5b90babd88a84f9d5ae4,66cb4ba10f0928e457c87c315472e18d51087da0829e8c3cfe5979059b0d44e8,DAPO-Math-17k,3142,train,81,1
82,9ae8096424731eeec3ddbb7b89fb8dd34af4304cc55f8606dcdc81f4c7c20905,55497defd9915ce2e72684b4bf4f016584b3e4a36abfadc3d604582dc7da5506,DAPO-Math-17k,9991,train,82,1
83,33b13a105b2a6b130e400b932b67a127cf8f6270582a53e0ec10e6732ecddccb,a5e4c991feee0cba75fa759b68ec87bb32073a0d4d290667977cef794be66b5a,DAPO-Math-17k,16364,train,83,1
84,a6f1f0e531fa2e033f29a5eb6e26b356c9f3becd683197aa0daea3ceae1efa56,91eff29fef59e39b2b42b69d50c083a1e83b312a8f9579d9c2957b9f4f4ba5e1,DAPO-Math-17k,274,train,84,1
85,0048c6bbd2a6c3a7c12dc02b97641d172d6702961ebfd0e6d1a0b3fb7a64db76,5ae7953a6a5b1b5d2effdc7efb43f78a7c299d5c86c8ed72e70cba1cbcd55c21,DAPO-Math-17k,13884,train,85,1
86,73650566c0d2ca2e5fecec51533ea3f0caf4595d604b3145f5ee4f97223e6196,0d364bdf5b16233edcc998a5659eab8199870fbcfb02e4a0f7baf903cbeb3aa8,DAPO-Math-17k,3965,train,86,1
87,c5db62b43ca7a485eadcb9278576b41469e38a7b8473bbc038756d50f501faaa,9beb1546fa41b6e6fd33449316b405899784b74e4fbd07b1e01756909e23fd5b,DAPO-Math-17k,7094,train,87,1
88,11c5fe80c60f5016c03a938656b73be5442f176e8924a58388b5088ff5cefb1c,395b111ba54c3a883d18a4716317488792c6d6e30d9dc52b0970768dcffe7113,DAPO-Math-17k,10899,train,88,1
89,e8b26b3b4609c76ab420ff09b83a593acd91882cf077ee554995fc4b8988aa52,102688cfc8e3e1ebe6d467b5f70c109fa6e216151987772a987ae2179d140ce1,DAPO-Math-17k,14032,train,89,1
90,85226126aacfc9132ff21480cdf20dfec04acdfb1f46532618d9746ba08d2f25,922014c9bf15464d78fb69940020e25f4d164930ab1c7f63168a5760128a6b9e,DAPO-Math-17k,8841,train,90,1
91,377495996b4bababb70331b1327cccdebe19883e886e7455b8bcb1dd86a5f00b,f7d8a0b0ad19992188fd362edec702f0dbd48366b7f8f1493e8ebc2cb67df8ab,DAPO-Math-17k,8114,train,91,1
92,46cda6072e514c98343dc21d6c30abed3fda9610d34b96b0bd70c769fcd62ae9,a54f8ed6af6e0932dd9b0157fb7b38ae1e98a284cef0c9a18f10ccb8a4083f59,DAPO-Math-17k,10715,train,92,1
93,456a4a5864e414af54a8fe4e47764080d03cc5fda8c8019506f624f0715263d1,1aa5779651d0eb4f7f3e47c673e49077283d4b83203f324f45a826f63e009308,DAPO-Math-17k,9503,train,93,1
94,140d41732856d134c56a565b6c07a26c59c98db0da150cab77cf782356c9014e,c646c96958f4f811dff33ce08d465b0218e7e3793019a3695f3d9a90bc897214,DAPO-Math-17k,3245,train,94,1
95,085ba289d39f9018b6c3805832b09c8661b82ec83f8c396f87c6e214380fb99f,940767d6436796c29aae7f150a1b28a77d55914058da83f9ac4f47372ee29b2a,DAPO-Math-17k,8241,train,95,1
96,5c3e9d74d914cf29fdbb3e3b8d5d22d0a0155999da1f18029aa76c4f014fe77d,a229d5e3f5d95160532a492d4d88c3a4a5aff2829cf6cf5dd4d70021bccc953c,DAPO-Math-17k,14149,train,96,1
97,90e9af02daa8b928ae1c1191fedd668e9884943b7a31dacd60f0dc06ad81961d,ccb44b1ff30f407a770a5c2c058947d68b0ab017f61b183fd79b598b67bad722,DAPO-Math-17k,12496,train,97,1
98,d52e7f7c882903acd9b17e636d3f2613b09dd58158fd4fe045a36955a3b43c3d,4d24b045fb3239927e7c5ce5b3ae225bf8822f71976df72079e878f4031725a1,DAPO-Math-17k,14362,train,98,1
99,86b36eaebfd5b1631fa6d3b18eb3ba40193164b205d8e6226ea6eeec362eb813,7df96a878211cc23afb18c2ace90650cd6d0c01ba1d1efcb9ca122d0b5e55958,DAPO-Math-17k,12327,train,99,1
100,39befa6682eb47883382b8864706f19320d206f5b824833c654b36c3e23daadc,1c21e1edbc854a06e8691e20b207706c7745f23e41bfc25638e828605d73b97b,DAPO-Math-17k,16583,train,100,1
101,ba9a9648b1a8108b7eb8d16ef396a94cef68fb84509d85aa254c5e07288db6cd,48d6502e1ed5686341b17cf9e6446712da105d61b2002fb2d52a8c247932358c,DAPO-Math-17k,17137,train,101,1
102,934c94a488648ec185b22b606b89f610adaaae895dacdcc412a2f99f9e76975b,dfa3014e7857b479060d9694b36c486a6c7a60eed27bef516ea1345d4df86723,DAPO-Math-17k,14310,train,102,1
103,74d575a31e81007f3ad07ac5669c62d07224ab7fda984a8eedd3ea442fc29f56,740a215d0d2ee95d791972ca56d81c6c1e6ddb62a352ccf89d7bea748b02e223,DAPO-Math-17k,1353,train,103,1
104,39e2ee86e560db6aa0c84f68ff8653a7317c43300b15ac63fae51b8f9bfaa260,050fb13c9b1d92086beba667b2d16dc9d09ca6aaacddbe74df39fcf6271bba3a,DAPO-Math-17k,6943,train,104,1
105,4e15c5a52f616bd3001926697618cb39137e8999fb5ceabf3d90d41c2f9f36b6,f3ff5727f1c5ae43df4e534d1b64134b2451c79223458d5e960cd4f0411e0b1b,DAPO-Math-17k,13420,train,105,1
106,92325439b7e77e1512db8b4d8fa1bc5d78f1f09a91abace5a806290cfbfb2fc5,cf09de71ed5c3ba56f242fca8d8e8fd6e6efe0528b49ea87e5e24479253a0d35,DAPO-Math-17k,9412,train,106,1
107,dc07867a29eec3c83ae5d61f5ff894c149abc85445c3c1c401c15419d5ca727c,7de9d452dd9c8369ba5908c352b3fe27f819691282541378fba9194125aad75e,DAPO-Math-17k,12798,train,107,1
108,ad4b24935ded5fedc34761edb6272bad5fdd5c960fb5a7126eac77f27bb66707,df54fc9c0e3de00139e716879d636f7a8de89066136d3f15dbbd7decc9b14a3c,DAPO-Math-17k,1828,train,108,1
109,eb2d0c87ec4a437a34c023e86f135287c67d16b2942e9d3c86e497b2862e52dd,528a82c4cd02631efeaf6e90105a823114544e4b235590f0bf7ce56481e6a696,DAPO-Math-17k,6528,train,109,1
110,b37d742cde1d2a098aada72d0c1de0044f60c11c9781202f1dd8922cdfa1043a,6293605320997990e84741ab7c62a73269b4959f1e1d0f79a676531fd501b00f,DAPO-Math-17k,9637,train,110,1
111,ea4511bca044a8af2f9981ad7671d3949f681100e80dc264372a39eae85f1bf3,d691fd3c54368787b7da6bb2d330ccfd2c32dec76cf8a8936b4d5c5c277538fe,DAPO-Math-17k,9990,train,111,1
112,2cc21c7fc5a455327ca0c3b2ac65d58508fb831bd67c2c99fd1b9ce3df58db32,d0ec50138be9fc6f2b559614df32042cbe6ea3d02ddff5a2a402e9ab36192634,DAPO-Math-17k,2940,train,112,1
113,06d283dbce4adc73584f2297abb1824baf107e97dd854feb5d0549090ccec9fd,c5929813d5647c426de9464d2b7d184c7862714927d6d7456d6676127a45ca94,DAPO-Math-17k,3883,train,113,1
114,bf9df52a04a8e0472c368413f0eb7e2b656df29f1f868f7a64297cfe982da63a,bed4b1049fc5906a6a8d150706e979925353b78effa1b9119693a6a4ddc79985,DAPO-Math-17k,186,train,114,1
115,3b20f1df714a3f684ac1c104fd1fc617f07e2709d5d26fea6a09294160c999fc,817e4462fc70f7a7d357e41746321e0e6d9cc4102434a4cb88239c0626d54018,DAPO-Math-17k,11288,train,115,1
116,5c049d50d79e7753870e4449e68ee7f8c590830cfebe1208a2fd98113828f040,1dafc4e749a3b2acabe4c74e789ce9d53fd377700fbbd83e1b379fe50c8f9b04,DAPO-Math-17k,1067,train,116,1
117,41302eaa67c2b1f57562c173219152f899d7940efe120dd69aa0720ece7dcb38,20b96c352fe425187eca38d78519b5c8552e6d20583a0b572952ca2a4f8e44cc,DAPO-Math-17k,14320,train,117,1
118,e0b14679379c57cfbbfe85621fef98137b15fb30361bcd26d019132c2e4475ec,f2e8805cbea60607ca9d7cefd4811d842dba94ba167ed2ae4e777d5800e9a6de,DAPO-Math-17k,5488,train,118,1
119,2367536b4367e65ec399458529d8eebcf9117823eb996a24d4a3a3d54436c5b5,fe69314b9ec0de66cd9ff7f85393b64fca7035afa8d1ccf2d65de06f0013e411,DAPO-Math-17k,11371,train,119,1
120,9dc504d326261cf5f4b69d89bb3edd03e00d303658bc53753f82f5f9f1644f86,1e294b4ab8dbc49526a7153f78cb71c7d68e5855f7e2b68d55f043bc0515fc76,DAPO-Math-17k,2359,train,120,1
121,cac851f1f99f99844b73ba3bdc369e4cf8ede840940d3ce771f1fb710a1d732e,c7da554950169828e346f1efc860dc421a5dc24051512aab9cb61164e7cb7f64,DAPO-Math-17k,3596,train,121,1
122,6a4637a499cd05760dbaeaab726b7a17241a2cce0d26dc63c3a2cf87b9c04a42,90bc0eaa63f54a5d0f7c607e8b3f93d95d5ad7860d69eec87acedad924bac251,DAPO-Math-17k,13411,train,122,1
123,9c9bfdfaeb767e68b9fd51937f30c47c640bb9462e23003cf7ccca359527db0c,1e0e0b43d036f2d2f825005f0eddb04ac58b11b15109ecf5edbd5c85a592d7fe,DAPO-Math-17k,63,train,123,1
124,c79b344a7a781947d76287b9ecdd307729ae719297d91b1d2777116c7b58f22c,cc1e3bdf5d2408f7a6a502f77514082df564c5a22e1ce2e5095c0497d56ede5b,DAPO-Math-17k,11734,train,124,1
125,1d9844fe452bf416bb98ee321b296f84ac9e553559c6346df23ec0978941b9e3,d41cbabaf737ff6fd399aca319d3edc8c61f8a88402a16c9104ec27209f6ffcb,DAPO-Math-17k,1121,train,125,1
126,8ec0fc80a4248f5b86ee1e09abadc495864cc774b1fab96aaca14d030d7fe79a,22c6253e6094bdd955851d7e7782cea0dd73d7f68fe32d2d7a4fc0092ea06d9c,DAPO-Math-17k,13373,train,126,1
127,7fe0a4a3d905197cb1cd4b61328e8eeb97e67e5b6756b0cb7268c4fee2d1700a,511159104ad576065d736cd59a181f46005b6ee99286aa8364b326ed50639593,DAPO-Math-17k,15739,train,127,1
128,41b1c5ea6a432eb42097772d69617c038f7a96e5018d8bad1494a1c5e59390a8,63d561ffdff209a1eeed758de77e91b10f854cd562a0191332411af3e9eb0c1f,DAPO-Math-17k,16344,train,128,1
129,cc1ed2fa2c4c2442fecb9c17599510c061840f5713d8f7acc0f9a49b5e4151d9,4a897e91f814729a7bf288eaf84feac6a9829bc13f500c3a738ade044fc04e84,DAPO-Math-17k,113,train,129,1
130,ebaa1b9cc29e8ad1d4e9f91124b8e85deb964301e0447caf256dec1b318319ae,2b98dc3603ca10bd65e7cd06bec9ac09671221c1a27f64990ae4cb24d6c1a10f,DAPO-Math-17k,5747,train,130,1
131,454f050aff343d9863d662764826749582a34062e6fc737db789cf15e56c86b9,e0df195a2822f7b6041b5c7f51c42520fbd5208b5e63171d0c2bf98026d3151e,DAPO-Math-17k,3944,train,131,1
132,6ff16cab4409ca38e577624cffeebadebef052d7cd8a19d0efd45cc21fda697b,05e7fc1409a77c40725d27d5ddac9d0b7dbf446b9e7a7b307486ebd8e9cc5702,DAPO-Math-17k,10037,train,132,1
133,c522153fc192a990fe71c6193a92750d00b51c4737dadf8af6bd1f26aec18681,20eed41033c193ffa0e095dad0f2aba4da24dd8531a2241c195e5696f36c5167,DAPO-Math-17k,8488,train,133,1
134,e68af279823ab32037e691a854438b5e1cddff43f372d2f828cd145835b76783,2a4179e34f7140bef4194de92cf59a1f46c7ee3b9316477577c01edbe99e5a76,DAPO-Math-17k,14073,train,134,1
135,690a6644da3d79692e460a04f6ae3a47bd35013e17a7ec4d3602420518ee5e3b,ad05afaace7b8621ce3ca1198c627a950bee5fab6f706716067f91292da954f4,DAPO-Math-17k,11367,train,135,1
136,faa2c9ae532145d72b21ffc7cd63601a5761ad3851434439044d38bd7f8033d6,69c8f2f30a1ffb312f6454c0c1c7766522a506325a1a73cba9eb5e296f164a8c,DAPO-Math-17k,11327,train,136,1
137,226b9d8a3c91e80bd3c58916129a1177af95b7a4fcc610be3ad65c50f16f7b06,9eb806a515eda26d930d37ba8ec26d165b510587645ff06e5baac4a188f63268,DAPO-Math-17k,13578,train,137,1
138,7b5399739ae477daadf10a9900b9ad4fbc948eab0fd4b5465d7e0d6253cf5d31,77a03e646c457119388e95a1596d116e53c35890ed28bb4c35107800093c7340,DAPO-Math-17k,2032,train,138,1
139,04f0fbf3c16595ff496585a045ac616f67caf981289039554166b02c8cca92c2,510766aa8505ea6a48599a5ba705adc75b1366677ed2bad126fef5c392fc769b,DAPO-Math-17k,16199,train,139,1
140,e45239a7179a694f5d319ee2f5f25d31e1cb1d1f5433c38ff9c6df46960aec88,2d250b93390c60cd875b14b8c8760dd909eb296d953c6c67f5814405701d8001,DAPO-Math-17k,778,train,140,1
141,343f071565dac7c528ed3c765339789d8fb33b60df1792f286918844355359e6,384f6c1f3eff740a692bc70cb8593b9dcc92330ef5a3e5ea7392d071e3d0b0c5,DAPO-Math-17k,11123,train,141,1
142,1652ecb85fedddf098f4889e5356b0a188e1530d141e8164ace1a0c7c21c6937,9b69af10d5e77436b06eba494fabef59e84bfb7d90cc8ea6ca908e8db7e1bb9d,DAPO-Math-17k,14716,train,142,1
143,e9527a779f12f41b603a7eeb7fdddb66bcd15d004fdf52ddc3fc1f4a4f6352bc,706136f8a1df912c5987e612a16ef9021430859154bc6375ad7a6f5d76eafbfd,DAPO-Math-17k,3750,train,143,1
144,4fdc5c02eb5af36ce02ef306b6f7fef7ded7382e8789dc4b2f61d79e3ce3eb29,faa0ba95ea2fe239448e23fd893e680a05dcfce390158b891b623408bf018b81,DAPO-Math-17k,2768,train,144,1
145,2ec804642b522216fd81d6f12a267aa0aebdce69c5877182024df89226a4321d,2a9056b98e8346c64eb3d578a73e67f2e1c80b2af7b3b6c3b640c4779f370a2f,DAPO-Math-17k,14521,train,145,1
146,6f8416e0735a96faad33694d507070225d01b343b15b97b53383eebf7d14400a,a9086619b2e57b2d0e2968f98ed112e2d196bb2af3ce14c0fa9db922df5c16fe,DAPO-Math-17k,9484,train,146,1
147,6242928c6c85b6ef0377f8be59f0afccf477a5e81d9e33db7f322a6a9da34d36,abbc9a1d96faf69f749249104985dc19a33817d390e6ee9fdffd3a8d7cd2d8d6,DAPO-Math-17k,14218,train,147,1
148,b0b3945278e16ceb058a2f48d65c4fe64fee30721addba48ee607b44aac5b48b,18daf91d3ed62b89e3d1877628deb1db77df34ecae535b3ed247dea43f883687,DAPO-Math-17k,3275,train,148,1
149,8ae5d6b1b9c01d733458df460997c48124087656bbc37eee00fec9b41b25ea6f,1f43a7249906f1f12faecd43469db5e78a21c7263c0cd188b93ff14093811725,DAPO-Math-17k,14170,train,149,1
150,9af5e9daf570347adfe8904c592b42a96c3627b0e70a41b9204fd5feb836e851,b315d3382fe462a96a1970baff6facffbe4f97e4c76190b31078d36e61c14a27,DAPO-Math-17k,11741,train,150,1
151,439baa94f491d96d9b22db915353a2d69e0ea52bda7834586accb30c8a6ffc0f,55f26419ff6ad79a87e24df06aa48c78eba983b4f2d749355e86c2f72b3a0927,DAPO-Math-17k,10799,train,151,1
152,eebdf7b65f1b9b5995a038d750c227d99f483cc1a4ec426023ec98046932faba,77cfa83c07eb7378efc672d447bd7a564532f3bdfa4ff10ef7900e5618155b4c,DAPO-Math-17k,16143,train,152,1
153,1d2a3950fa53108c61dfe0ee3c42ba42ee9278b8a61580ae2a69a31f2bb02448,af9372a78e429228477fa03fbee9b0b3c369fb97c2d3cc42839ade99efe74868,DAPO-Math-17k,5439,train,153,1
154,f58e0ea239f5ed0ff80e81bd94c07da2fab61deec1685dcf0f714b463a4fce0d,43929de8a3747c31f3efec3538457fc824f530d603420fac5f4947b7c86bd212,DAPO-Math-17k,12583,train,154,1
155,738a6d1f187cf18b0c4b7de8e230b99c1c861b287315ab71af1efbee6f5326f4,9f3730d8d06b06d1f61c133bcba94ce1235468d14709d3cadc05eb301b9f5e7c,DAPO-Math-17k,5568,train,155,1
156,ecf9307379d174f82b14e2b79e7cb4431648a63116936daf371fe094a9c64398,a3d124490c36470a61650389f15f603f3e6ecc86659cbe64a9f4b7ead697c6a2,DAPO-Math-17k,3268,train,156,1
157,9c068b4bac1534ca2716ac967485711aaa035b775f0674380de867c2365b3148,8d65b09416e7a4840db6358b66abc55747777022b2f7f6e86a252a84f01e768e,DAPO-Math-17k,7782,train,157,1
158,a41628f233197d6e503ff369e62f8d6ff67b102fbd98ad6305c14bb924452de3,f8641fe9356c9791c44396f3bd4fcf2ba06247986887221d8cebc8e3b6620706,DAPO-Math-17k,3529,train,158,1
159,23fd6702831a5eb4f72c4936252f9313fbe59a58e4a4aa43a43585f558d265cd,1dd3e22b30f577771126adb573453c61fab9561ea8402a2033913883bc7c6fdb,DAPO-Math-17k,893,train,159,1
160,33e4124297488e7959c3c786c84b038b4a3bb63d4f483fcdff6afece7f4d3a4a,10a30efa265599610c36fae3b9865465123553a6f2d239fe03b1c62d1da781df,DAPO-Math-17k,7710,train,160,1
161,b2cc0950b17d3ed3b4ffb6cdb25769445e17f5604610a5adc97c36aa07e0a641,4af4c425f90c7ea6aff34988299b9a6d860cf9537c60465b16c52308f0b330ec,DAPO-Math-17k,12832,train,161,1
162,a81279fe7dde39e7b16fc4bb191e689853176c086e01903d8fb4568aaeaa5b2f,86b628a7166484e8ca60f0d30685061b5cb6d6c1a2bdaf6c69b8b7cbdeb8486a,DAPO-Math-17k,7036,train,162,1
163,46bfa3d4a90c9153e33d532d3fffc35910f08fc3b7449e62cdf37ac20220c489,6373347030fad6f0d7122c21a8c6ebd6562beb02ca1d36ae15899fb0c651142a,DAPO-Math-17k,8176,train,163,1
164,ec97bfdaf7e30931c6f691e9c8e3146952d415e94591e236a3a24c6e92af4a33,20fa9440adbeb65a8a0c59f50e217d238e990f20b8eb4e16b53aafae57caf951,DAPO-Math-17k,1061,train,164,1
165,585363ceed9447c5726f2bfb1e28199a7fdae1500488050221549f3aa91db72b,89ed532c2b1181be93c4210e63774dc03202ed49249495e9ffd577cc1a161d7e,DAPO-Math-17k,14627,train,165,1
166,a773632f0ff3f664ba276f4a9602990cc0122d90be310c369e296e46c1bf1a35,28bfccde9fd4ed13a9142058268b3bbec62bec603be29b31f02350a9fcc0d33d,DAPO-Math-17k,12760,train,166,1
167,b0ce9d3132f677394fab9d2f113d70b9055bb706c1e3b84a400cf498f5b4aa3e,ba9630826566cd98468427ba0a0fdfda4e998d006ad2178d5d93e6728972a9ef,DAPO-Math-17k,17112,train,167,1
168,e8966c4fc514b7863eb8384888dddaf9f5e3091b619db8fcba942897c6a877b7,2d0f09f1c75b61b2b9f5c40922a8a4fcf0f68fc342f37aed3ee3f783ed1472f9,DAPO-Math-17k,13643,train,168,1
169,21f8b689c4efd04c4cb6f2966d22ae4f3577fec7c43be92687ef4db0e410577d,52a0921837d290a3602ab4a4fb4162c5cb52bb7436ac38979370d7e863969897,DAPO-Math-17k,16330,train,169,1
170,2ba74770430f2d7b61ba04a21bf0e6874c669731dfe13d879a492f4741f93daf,0d09620cc0aef5bcfb6f28c12c817584bf00f10a2021ce0673b9cb6fc06b0fbf,DAPO-Math-17k,16487,train,170,1
171,7cc1cd8c8cd9b06e46b014f61ef87346de19e303fc4e68f79aa9c177ca31539f,bf55d4c9b8d005fe2d53c34583e3ee56ad8a9760091117474778e7387ff076a0,DAPO-Math-17k,16304,train,171,1
172,1d84d02ed951f3f43daf0b2cbca24fd4c35cb360603d22cabf7dbc94d639d03e,1ec3aeca25e1add903caeb123ff7e7cb0750c272087fed43a6661b84e524136f,DAPO-Math-17k,1530,train,172,1
173,37077e17219fa9c881fb47719a3f178b6c15b3b487475b920634f9fbd6d3ff39,233e73415c1ab36cb870f1cf4c19862ced4e16f46cf4852113155d74d8d2f3f0,DAPO-Math-17k,479,train,173,1
174,7a4dd5db0250b7ab2ddcfdf097e7f81cf00305f02dd8637a7ba1490e654dfee6,b37094980aee8a0a6e376fc15343c647c33c61ca792cc8afb91ea9e772a7aaaa,DAPO-Math-17k,5939,train,174,1
175,27b06955822ede43b1924afd05a6c0efe0e48f8b0dd95dc4134a86f99117752a,8f6523585119f7435fef899679206399ffe5a9bbfbb267a9a895af3e0353eaa7,DAPO-Math-17k,4325,train,175,1
176,0637c661194eb75920edef8730d53b4811ce4ecae3a04153a11743a5dc3696f7,6b1ab451eb483bb311e807f9bb6d386866a1b76fa7ed953ac5accc116a56e719,DAPO-Math-17k,6084,train,176,1
177,04af7e5844b59bff4bf7027a8e18440c011b44e1cf1bd165db7c6c4df0ec2dde,7c370144df14e2cae61761864bc28ea48278fb99083598360c4b821adaaf473f,DAPO-Math-17k,13388,train,177,1
178,a5b361fba093d4358ffe84e168a8001617c39a1b77488b3803c63e88eea33498,dbd1fc5279d8c6b219a7c8d3a8eee1227fc084d456aa537ca9b0e875b1ac44d7,DAPO-Math-17k,6935,train,178,1
179,1f8063b66c7dcdb0b5101cccf27aee996b9663fdc66ee0584d5905ad19804fbc,4712aa4473aa7543aa520780cd14399d65b1e38cf7272cdd1999107d01667daa,DAPO-Math-17k,12590,train,179,1
180,7d58c3f03edb268fd4a1727d2aec41feb8dfa6fc8e8c5f79732b4e6b15e1c66f,5412cb855e723ef4ef51637f02c76fc46fcb90984349c1716ac4103b6c1625f1,DAPO-Math-17k,16923,train,180,1
181,6fde51d4b17d886ce07326cfec452335fdc97827530839260b3dc7f2707a10e1,876e0f5e80eaf83f7915d11e9536c5f294359307698ad7791f276a8b0eaaead2,DAPO-Math-17k,9819,train,181,1
182,406edf9ffc56752fe48ceb2e90d2b75d0ec572ba4e46566d49b2098bcd2aa1c6,2bcd4d9e716e2ff12caa9cc5a6b979213eba7b2873a5bf5a529bc5ef29df914f,DAPO-Math-17k,8485,train,182,1
183,c588263caa6a1ad6584c5e345fb5b0ad6b3d183c93c410fc94881a09638c0270,d302e35faaf9e954c130821e7bb016c1c7460a1d4856bfcf72149beadd5a03a3,DAPO-Math-17k,16633,train,183,1
184,3222fcd66dcf8a110c62c5ec77014b40410eebbe31652e089bc3c44ba59b6c57,33f4929523e8d6b82cf1aa327588ed033a39e60212b11400731a45f44bdaba80,DAPO-Math-17k,14617,train,184,1
185,8526aa8024256b2a5f2780ae97acc2dd2b5b7ee0ff0ee0189ea865e7cba44c95,0949a8aa60584544da7030221a94f065f4405e7ba64eabb847bff88419cf7ecb,DAPO-Math-17k,7309,train,185,1
186,751c10e71c13be63254675d4642986a8d54c21c25d4d168c036faeeb1492b73c,33696a900ee85c03440437e2047255c304814a28a3bbeb88ac17779c5610c880,DAPO-Math-17k,15964,train,186,1
187,781d9d525a67fde6bbdbdc68e9d6227313b43d46e5de4293aa3e34b1e5dc3687,90f662d1dd6e83bef4eb3cda7fe09ac1682c45d0b59b636c65e4c5b52c091094,DAPO-Math-17k,9357,train,187,1
188,a3386a86272ea19a67050dad4fa88980bd3f7f4755f549b50eb2e3d51eac9085,6930f6a08dda38017e39c4d96864b9c3d84f977c1bf43bfc89ac699e4f963bc8,DAPO-Math-17k,4666,train,188,1
189,3eaf79d59b6a0ad642da0e3e2740e62e4d9d64659ab8e946f4e701fc5fc63e47,81d9bd97353f95987e8b59fb79feb2afce6319f1192f3509c9aebb37c714e0cb,DAPO-Math-17k,4641,train,189,1
190,3eade8c0504caa12604f2a4a4229101b30aca3cedf60b2ff7a0df3132f220278,29cf38a4403d3c0db0ce52e6967304997c465702ae42e21e90b6fb8a3cc5f075,DAPO-Math-17k,1352,train,190,1
191,690fd077a7d4bf8422497f5a233484fb10afd3368d161be5dcff2e28c8c57ac3,9ece8952e27d282e17c05f766606eccb1863017d76977d00ba6964c0e215b0a8,DAPO-Math-17k,953,train,191,1
192,63126f547d746acf5682af89500abfedbaa10b1c63b90be77ee70777c3986a46,8d45fc1455d49d4f7e407b2c4fc68d01b2c487bc73a5058a3a4147ee770a82d3,DAPO-Math-17k,10644,train,192,1
193,f979d0e715fbeed535cd9c00a44fe7cd4fbf423330f291b609f28bcff596b86c,08c11c134a71633a73ab47ab0fcd8c7ad5c97cbac0ec2f1819e5cb0f62f21689,DAPO-Math-17k,13005,train,193,1
194,661403a64cc5a45492436d73a9f2ff7f4e723c93a2608fade81d2bb42adf662d,88310be83a4385a0be2d68d308637ffbfb761dc2e2947e089b8ba6d23716a50e,DAPO-Math-17k,10686,train,194,1
195,555e1cc5e2e9e1392dcd635ccbcb9ec912729820abe6b7401c83314c78f85ebd,d3278c6104f8ac5d9df19e2df55e1007446151b01b589bddb07e3a14f6ba6f8a,DAPO-Math-17k,13135,train,195,1
196,d189122112850c2d48931b6f481638d4504836d1a66cde66195fad0cfda9e732,ce22ecbf0ff8aa14d49d1df674b306a764672c8f32cdca548a66d8c062a29a37,DAPO-Math-17k,12453,train,196,1
197,8c283477d2e1f29a0a4e2a0cb803b4818d98125bee3bceb1c32ac5e6b85b4432,77f8c89131eb72189d9020dff0dcc9134c9dcc61c1a1c8d42586bf59a1bca410,DAPO-Math-17k,2929,train,197,1
198,eba4b9ed08e623fcbd17f0e390ebb437156583f07bfb387588520265328f94a0,c3987a2d0aff34b52284d4d4cc755a81a9d26dbf1879a1df90237ac1ce6e43b8,DAPO-Math-17k,10500,train,198,1
199,58717a1dadf5ab51a779a68daebee8884662c33dc2beb79843cdff79dd770544,8837828322a0512154a2b53d73fd1a2f60963c371cab0ed05c6a9531142edda3,DAPO-Math-17k,326,train,199,1
200,53a35ae1513c7221aa133f5b4cb4297d298f14aff09de2743c3abd38d5281de3,f02f2a316127df77b9f9d60d653a373f8cf8da0b9ac78ad86758105b5f4d8e0d,DAPO-Math-17k,2559,train,200,1
201,0ebfe2c58aeb03ac265c991d11371fe8715e8b7ca75b5d72962b76194da90f90,7e5dbba60162ffe0669fc408e74990e3e24dbe0034a26f2c7474519409ca5701,DAPO-Math-17k,16439,train,201,1
202,c598629a61ffb6a7c1879e547647d9c12cb6e2fff5b12a29d39777add2cfa940,2bf39400bed3acab93248e5b23c0aeeecbec5ca56507bebea5680115f533daa3,DAPO-Math-17k,15263,train,202,1
203,87374507ad835be94d63c1207775d641371e2abc2ad22ec925b6a87be6819417,901f04b091db02289e640b45de6971625d7cd3bcf32d0d759c7a3302400d70fd,DAPO-Math-17k,2307,train,203,1
204,d35a9dac8f56d41ed046c655bb6f9885f8cc56a2842e22562cd1bf4adcc7716b,c43c043ff8427e6c7260399b47a01507ba65dcc73ffa80875bf7de1b90905bd6,DAPO-Math-17k,13514,train,204,1
205,e033b1f26571eb682d93c8b359e98afa3b72b719d216b8efd78320abd6e6be4d,c2ffde574ed0fe08c278ad50e7596b562a1a99553aee9c9202296110431dd1b7,DAPO-Math-17k,15685,train,205,1
206,480b4bde7178e449049eee03ece766631eae5c5a28b33599695dc705536f1acc,5770d4b03edd1d309ae0d20d2948707baf2ea7302fba88721d2d13945d5701ff,DAPO-Math-17k,2270,train,206,1
207,f4f3d172a091d6ddeb374cedb0d332d3e7f0c971a83e742d0c9043f575e6229e,25827c72d65ef800d0982a5b3914498baac030e936d52362d27c78883ef72fa7,DAPO-Math-17k,7104,train,207,1
208,df2e30dd468456925849ed0c9dc7ae77eb9f643f1d8f27517736fc0f88f01e32,7bcb1aa0e878bc82f504109f1a7ea8fdc459b268c7cd7292e96c6f4f65b25184,DAPO-Math-17k,5417,train,208,1
209,b3936bb07152ccba4be612607fc4289db9c149b31bcd6102f87a8e8d763bb4d0,86859870848b0eb340689c0da2c0c882215dda7ac1efb4e4e873a755c4ef052b,DAPO-Math-17k,7306,train,209,1
210,6c15d5764d248c37d027c9b3c6bf7c7d87efaea35ba5edf7b79122521f418099,dc8a2ff9ed27454d5f22e2418ac1b34d874a21947c3803d2cfd985ed7985cb93,DAPO-Math-17k,2792,train,210,1
211,88ebe79f689abe8441008896444e3f699e9a3873fb5320c45f8df89c072307f7,7187d21668ff5132b5e47ec2a21b4af5c02b1d990d28956be88d24f9d6d62dbd,DAPO-Math-17k,5232,train,211,1
212,8ed904222af00204f98ea85f77b785bbe0e7cb9a5ad6286dc3b3440229ba8ef7,a9f30c2b0d9e9403c5ab30a59049c790c9499c317847cc63b457557a69cefa6f,DAPO-Math-17k,9994,train,212,1
213,64e0d89cfe28373a7c4219977bf9aecd0c15e163c0ce33209a81c826b423773e,9e2309944bb12618a3a215110aca5ea83128856ba6df5e3a1a9b8a328df8e74d,DAPO-Math-17k,9802,train,213,1
214,00bd506063aa494520b054a97c2f539bf6ac59fde55519009e869eb64814730c,cf108d8d18ac463f6ebdb5243fb53f3e6c9e15e10c06fbff9e5ed5f58c5358ee,DAPO-Math-17k,15454,train,214,1
215,467ca38932832bd27d2a2664d2d661d6e8b526abd95a7e3aeb2d226409652532,ab0fc170bfba2cafc18224e0b831c676be44fb79dd22847c3ce0c1314200587a,DAPO-Math-17k,9206,train,215,1
216,864a627e9f6a77cb31068e9241f13e84b77a55d975ab5bfa0c103cf3427611ca,c678f123d100931cb2dd0f85b3cc4c5b9d2c850097cefab86a8d8c594c6a6ef3,DAPO-Math-17k,16160,train,216,1
217,8177d63be33f799b445781f604159d108e7e4286fb619fa56da625458b6d5e2d,4cefbc8e1988adc752cb3f37322aa814fe1e5922ccfb3b1efeac465f645bb614,DAPO-Math-17k,16343,train,217,1
218,9778c4dfc6fe2e9230132579198e45bd071549ea09d2b80a7e4d68955c507405,7c871802b5a8f5b482cfa2842653f130bda81970bfca9c3fae10f2ce1bcf2b4e,DAPO-Math-17k,13347,train,218,1
219,388c0a2691e2b83f3ab1447d6fdbbf8b605e09b4d4a289c85ecfa5f4b773f556,0a0c59a9af6ea8442984f9abd123b4699ec0cc3957b0602c8d005cf417414d09,DAPO-Math-17k,12724,train,219,1
220,e15c78923e9c4aef575d30f684a2935336815fd2da460f2127c42fde7a6bbcba,d2917dda5dbb3e0cdc6d15b1cf8b75949e83f14bd4d9ce792562c8a242ce1d37,DAPO-Math-17k,15701,train,220,1
221,7defeb4d99a4d78584516c55a0081798448ee73affa509442ef603d976425ae9,9490d3e84eec29d44c13d15616dd8b4a3cdb77625b11e1f7bc2fb7082cc07166,DAPO-Math-17k,17085,train,221,1
222,04dc98e7af8bcdd85a1aa530d7d55a277572b9074d9727ccc4119bf8a855081d,55ec9c42622f3f07cef6d1fdb8c61ccad98b5756cb3392ee912bafd1bac9b06d,DAPO-Math-17k,10998,train,222,1
223,6d3b4335b1a26bf45fbc32523d4ba5b47b1e809b6f21a9cde43269532aaf2841,24033dfbebb8d121ed12aed70818a06b2792c5381d4a287877294678b079f19c,DAPO-Math-17k,7440,train,223,1
224,76b29133fd06a33aceea8f04bbf5f08667e6dd9e883232e11c340922e2c8d500,d2a87a45eebf3afa33c6e5b4117a2bb2d1842964e1a65113be21e0fa66d10f0d,DAPO-Math-17k,11255,train,224,1
225,cce372c9681d134fb03c4e28a1fc6014d3342f9861417ec153b0f62fd952f4df,c0e8a66f7876865d1a74f2296c511a4c79a12e5f0c1730e11d3b3d856d51875c,DAPO-Math-17k,11583,train,225,1
226,e0cc78b952b5a47af06bf1a71d5963f7fecdf95051f3c55b29663318e4f12037,d843b2cbf3b61ffc45e77ac84a319340770d14da2fef6b39b0553e9119834f46,DAPO-Math-17k,17032,train,226,1
227,ae8fe7d5876698d2cc14ba98dcfd0c7adecdf47ade1d248ef2d55e3eaddcfdd9,481164a5449d18c42dfecea42ea2123b1c604c1acd4d959aa02dc5a16612e6c4,DAPO-Math-17k,12873,train,227,1
228,3651c45911392c49ab0bd2c6091089f5848b208dca4458097c087187a9d510c5,2db2b5b14586f8c37deef0a6a965ce445d94f92ff3e750f3f0d172b4cb86df3f,DAPO-Math-17k,4102,train,228,1
229,6148bd95f583633cdb2b25378279f64b5a72cdba05dfa7e9cce4a9729f597619,678568cb31c0cea48bc3afd00b720235a93fea53e10874984e88c65ca569c6d4,DAPO-Math-17k,8082,train,229,1
230,02644a8451e0f7233151f7f02f3f296b2ef78e8b7284d0b46338683f9db534ac,bc7c132ee27012d020c549e3e708ed8e1cfc3a0cfd453d497a67f1e6f5fa9538,DAPO-Math-17k,9349,train,230,1
231,85785e6ffc33f99aeefdf93ed32631557dd6a41cfcc06c8bf9563c2a2e85a891,9477c79ca0f710c96b24e30dd4eedebb04f85d45ce899654366ca6ee9f901961,DAPO-Math-17k,12088,train,231,1
232,490eab7c93aa12d064eed23ca7f1ec3f21b34c84d09336927818febdb9dca57d,2e1fb8e1d367725e7c4cff4355ab09d22981e3c1650937a2323daa6b0870c884,DAPO-Math-17k,16132,train,232,1
233,77952415f07dc02a0ba801fa83297b7ba2b4350e1f5109cc62aa6efb98d61c33,764ba69274cd3e44c178c8fb60576ce173809a366cdd7db491477bb02cf5e703,DAPO-Math-17k,8609,train,233,1
234,7c95d6350ef9cc66fe6d86134f13e62997c29745cacab12df339ede39ff2a485,b60409229adc191a0d727f373a8243459d638efb94b27699fe79aaec4c5f6481,DAPO-Math-17k,12532,train,234,1
235,2698d07e4615fe3e02bae17cc1a7666cf2190fa484bf3aea592715c832c4c39a,ec2b0d58d7986455d43d5cbd3143547f967737711392c05e0ba4a2f230a4b102,DAPO-Math-17k,15085,train,235,1
236,c82989a361fc42f61eb1a7e9d407b75e0bea3ad18a4cd7ea4b5642d4eea72455,ff184df7917c18da8ae3beb2de80947a2066d199e0a86eaa271634e9e2cef16a,DAPO-Math-17k,201,train,236,1
237,1c48897062206799f996b522108a97c33906efab7b92a652fb86e8446beca887,3378779496ccc6e2b486e1ac733e728a70541b247a419c1e807ea32be7f7b2f0,DAPO-Math-17k,1759,train,237,1
238,611346ad931a2944bff8a9b998daf39b2e5d947865af12ab580008b13941dbc1,0b67df50df4c902b8ca6968016f9645c83816b4f7d45ad9eb45b9fb97b5f4086,DAPO-Math-17k,1799,train,238,1
239,8a94031c7e229c8967de3f6b6a6336aabbc3e3ffb7c60593e4735d7e8818a465,d5f0b5c90949133cd2854beb6efa2e9e7f1aeaac6956fbdbad5b60c4f9c68c53,DAPO-Math-17k,15636,train,239,1
240,4370e4fea06b8cb8bf28c75da234cffcf6cc0048fff940e8b0aa325e7e7b8195,441da259a731b25139ecd20a7c717922cfa9ec30365618eb64831d092b90f2be,DAPO-Math-17k,137,train,240,1
241,c51e101df26ece204bfa4e3c070dbaf143c7a624b7f279075c359af7343129f0,e6230f0f37b60b8de8e908b063d23138463e0a652ee7b580f5fcc09e4be3ee7f,DAPO-Math-17k,4415,train,241,1
242,9a1ffad88268fd69f7008afd3874a91cfc7e6bd836c1e64b39de5f117a6c023f,c11d3d4a0a6f52cd5ee578fcd24b0a6d864c14c7e3a4debd13d0c41ae7dd9e0d,DAPO-Math-17k,6302,train,242,1
243,0edacb6b2cd4e2be48a6e1b3929516fb332a371339071f6688e3d92dfc59a265,ff3c011904cf4a3715a48ac8dab4153a3786aab550f57b7eff5344171b0dfb66,DAPO-Math-17k,13960,train,243,1
244,65c2ef1562f9555985a2ea00db6afffdaa005c935804351f71af5c0bfb357804,cbc992032a913347feaaf3f958fcd6a52c593464878d3f3e47fb9ff7cae3b563,DAPO-Math-17k,235,train,244,1
245,446d5c43bef45dd8c35b17455366cb092892529972231da05a7e60ea91203a63,23308c30bb4b914e24424e182e5c303c7c24a4b5ab6bdc622f4d671664da8aac,DAPO-Math-17k,6674,train,245,1
246,301b8a9d212c0b476d981090409eda76c6ef7139e61a94ff3dd20b13352cfaa2,bd2ffaf1a5b3c63525dd3607d788927e763729efa447d669c7bcc986c0fe7743,DAPO-Math-17k,6487,train,246,1
247,dbb08d7b74c68ed90c602994a07015c16386bb0ab2b87c5100a26af377460ff4,134d1aa7df2797e0cc2aa25ebc9f12a9214597f7b41060420700608e9506466d,DAPO-Math-17k,9175,train,247,1
248,892c4038d6f6bc1cd8dc52c9276ef5f9689c356bdb70c543b08f38f6bbb10475,77acbcd35c5874e4f49ff45eefc037927846975188f4cbc63dbf628e409124be,DAPO-Math-17k,14966,train,248,1
249,981577c87386ad06f6da300cb3b21cbf11b18ba28f9c4c1ac1c009596786d6f8,d135efc322597f947817cfaf4d5453d6b2efe79eda915eda57ad86f5ed57ca7f,DAPO-Math-17k,12778,train,249,1
250,85890e35ce82db77e05475987a7a77de6e6c456f0ff457618fbf5a5d2fdf6c3f,da430f45fa3125e97bbd7414f34d5e564f98d70fbb83af036d58f1462f2113ad,DAPO-Math-17k,9026,train,250,1
251,dd613bd5838d41234cf318fc0e290052834b6edbe51ad1a869bbfee9d7af6141,7e4c51482767ccf61c76c569037a8e72aca9de92bf8e7a2b001e7362d4776644,DAPO-Math-17k,5088,train,251,1
252,a7ea84554a8d699d54897bf2bd2a1e1a854a05fc9e68878f6b40b0457d3aa145,4ee8cb2f2c6e94d4a89eea2081eaf9a381331003b4d2ba2c734a0e34b4b39819,DAPO-Math-17k,10757,train,252,1
253,8719803a4e0670c9d035ab8024d1b040a96598f08676ca7ed64b9fb541d255f1,8fe666efe66cd3929c395ccf2c90cee0172565b4c167d3cc7c6b5dce2ef608f7,DAPO-Math-17k,4583,train,253,1
254,827a40b373db66b518637c5cefb99b79c3426cb93d6966fe20e7fcef641f99d2,3231fce680350d363d43c8df03201b48a459b0707e2b140712a08de94debf998,DAPO-Math-17k,799,train,254,1
255,fc928bbca18b69f518e2ff41d94f5683dbcd9d29ea1a55ccf0646a8a565e847e,177a7fc283b09d24c76800eda2d8df026cce7416e4e5cc05000961727541202c,DAPO-Math-17k,5551,train,255,1
256,eb8b69a2db09addcfc8105c009ea08229e67390d8998a4d0c30e8f0e44498e4d,8495fbe276791cbd6aadfdad05d110c19b8bc1e2523bfcbf136bb6531293b935,DAPO-Math-17k,8047,train,256,1
257,01ca005840f30ebf32c1a46a7bc0df397a3d8b4cf9a36049882efc560f178a86,5b97b13cc191aa8a803902adff07057fcc67e7bdc2877cd344f7932c44896240,DAPO-Math-17k,16163,train,257,1
258,764262fcf341bed566c9bcd50eafce537d14f6040dd2f1eaa97771fa0583f796,f2f8b5945d0b399cdf26d3f7fe24a887c3dcd1cbfebcc486bb53d2be4801343f,DAPO-Math-17k,8447,train,258,1
259,af9e13aea669e605af1662854dff6cca2ab4c5fb5c0fa06a3846ac6e5d170a62,34046e9e5c648d33332510ae3f2dcd32bdcfcb3866a92594acbe76e13875d92e,DAPO-Math-17k,7964,train,259,1
260,4692a783ac5dc733845a02ee0e5c2efaf73511c2d22e9e81c8fc434f0a3ec544,f2a987a4053a5989f456e79db91bae00aa3e402c769be5662ea2c3a844c512cf,DAPO-Math-17k,11851,train,260,1
261,6799dfdf9a051345f8303b4b80d00431a5286db8f9ec41b54c186fbf88dd637a,1d13ead6a67b0a79493643f0938ccba42f6acdd3cf45af0c45b353ba0b846b0f,DAPO-Math-17k,11778,train,261,1
262,de0785d37012c8f86aa279a25a3c41d035e24f32f9a99539c7d9ccaf5bd4de17,8a98340ee917c084cdc6a080931b62ea44056167b1209da026ca98d6464e5b32,DAPO-Math-17k,16366,train,262,1
263,3cdcf221226c8641249ab0cf968d9b3e7173cce5a5ef3d4d1b210c233b067869,81acfb32dc3352b42eb4f44013ef3fb4d05907f3ef7e0f8cd2ac2ef818a1011e,DAPO-Math-17k,11064,train,263,1
264,ae1d9ecbb5ed02914876e45a78a19de514e222517816c8d3146cdda083c1caa0,35d33c9daa5b1775ad57c5698d54b91eeae21cf2a2018270c9906e45a7dc7b42,DAPO-Math-17k,4727,train,264,1
265,f5e15d1c51dcc8cf5fb4ed5c7eca09e8d9541e7e90e5ddc922d7466c4a51064a,2c66cb4d9b3445c145cc352dea2c2aa7b6f912d85550fa7e5960aabb2af8e6af,DAPO-Math-17k,451,train,265,1
266,4f80b2e6f59a950e826b8706840c53f9e25ab932d17828110bd04e15a8eb2556,590270bcd0eeccbae1538b922938d739f632270e5d809162e81ea14ad82b0e7a,DAPO-Math-17k,14160,train,266,1
267,877da394e652aa798d4ea671badf0f41fcea0fc2ab6e2a4facfaf1f2c9419436,64fa9f7eed9436d400186d2979ee5dd58d2a642832c5e04f9b60bc65707766d5,DAPO-Math-17k,5229,train,267,1
268,c5b16e2c75cdc5c66a1d915cd460ec920193fa63515deeef45e9abc9485470aa,b1c08994c2ef1e117ac5c4f6d4300261ffcb9e1734127961c0eb99344a300ca3,DAPO-Math-17k,15895,train,268,1
269,b84f8801b1a01ac918343bf1e9620174689c4fc62564d8cc405ba13c8221ea9a,cc6de28e4954b172e3e9e28de0ec23bc0c87c321967ef83ef60759da4d328bb9,DAPO-Math-17k,15151,train,269,1
270,7ee9e88d579e7cb026e756a5f4495687bcc9bf72fdab4fbde40d8716cf6ea878,a0a096ef7b26f9976b018a29129fb4950de2b1cb2de27cde2bece98edf8197ff,DAPO-Math-17k,8279,train,270,1
271,96bc57b8ba70b170ffafea4762efcdbcb6e999ce88a29dc391d1690f6a88f7b7,a5eaec74cf33f7badabd45775dd15f23b0dfb84fea4877aa37a336c17d5ba838,DAPO-Math-17k,13688,train,271,1
272,c0b9de8c5de47ba59a0f6ec3959757657adceef601dcf55e0da565fd0b749dc2,3aad05dd38f5bc0580f992189f8ca14f3a322e80fda2d3e02e607b4301dc2342,DAPO-Math-17k,12429,train,272,1
273,21251ca3ee3b0029404317b407d3eff8c472221eb70f7c18fcfdd050adc45572,0448383f5fd3e765134e0a64f79a8b416f550c8c6fefacbe3c32ec95d5551714,DAPO-Math-17k,8322,train,273,1
274,053c90ce5c769343abff9a1e601b108469352c6a75dfebce24aa2ac9a86bdcbf,9b0e2d0866a83fb2162e7ea86c09a8c17dd6d7500960f7e0bcf1ccdcae5883fa,DAPO-Math-17k,3781,train,274,1
275,49464d96dc5acfc45b4ca5a8384595ecb71ca7ade131e1ceba3c679cd71aede4,8456eae8d5a8ecdbf9599979a6bb1868c05de8564219de1981d09f832d4b9986,DAPO-Math-17k,13111,train,275,1
276,1fcc6ee46aef44354f81fd321a50f1641807e9f1be768ed1542e9801be264b94,7ae565aa3b1c39e4916ace2208c8b95508a5655e4ec15fae3b473aa9ffa7a414,DAPO-Math-17k,12750,train,276,1
277,11f52d3ab344fc113af127f64e831f4cb7e661ee46d7a2f1160ae30c47bab587,a4e16c92c7b84b0eb2708306f851d439019b05fbe644c51979b38fa520f28997,DAPO-Math-17k,12840,train,277,1
278,800ae81167cb2a1137eeadc6a149ac578dec656de281cd6998e9d565ce8c3be5,12e32c2f005f3fdcde7b264484fd64b3dfce5978e13f1853bd546ca258f3f5cf,DAPO-Math-17k,12401,train,278,1
279,b5181339671cfd99cb94ca3cbde51a7973ba2c470a0d78d06a99d7556d23df5e,d695a02588d448aa72612588eb58c16aa281cf5d0bcd50c323e571eae6b6f666,DAPO-Math-17k,7995,train,279,1
280,d328eb845535e5ae03e5d14b376e7af070060a8b769e3707fa80ae269def81f4,b7b5b754c87e2bc44fe275486be2f05156a8495a2e33141d610f629a99bacce0,DAPO-Math-17k,9826,train,280,1
281,6978104afe7cf59d0bca587d2161ab32a710e20b3e3339bf0c5cff563e79fb70,4baab811a940f7d39d7d65d528b24347d8c8035af703e870fab4c2c4f04874fd,DAPO-Math-17k,12929,train,281,1
282,11a46dac5599e8d35c3892d33ad8cccd9577bceb4e3a836976169000434bb34d,e1bcad8ca8e68a146b951a5ff96d4d166c9b39fbceee89414ee3a3e3d35bf4a9,DAPO-Math-17k,13739,train,282,1
283,ff5b17e85b16bf2cb0acb7c09cfa7c99751d64cb163400ef59f4cf85abda1f34,fc9f2000b4cdcc20443b00cdced706be5fcc1d2fd11d70e8728cf40e782858f5,DAPO-Math-17k,4275,train,283,1
284,ade830855cdc3da24c7d216771079d292e1a483ea64e79aa2c16f872d72be0cd,bd79e0a6d6aaff0a1a1dd236f7626b9061b785ceb9eaf34f2cf856db03aad469,DAPO-Math-17k,14085,train,284,1
285,d263a5b70a6176663758032d9759d4126b3301e9346f4a37b5a79230b8c412f5,3e0b782f143ff43bfa8808eba859d90b4174ed3661e5dc6f60629cbbf52275c5,DAPO-Math-17k,7595,train,285,1
286,7b6eb8212b1c0e4d93665cb7f5da7cf898441cbfe75b908487cdab735f9a1249,4382287bd016fe1696747b984fc3690a560847d549d87a99f76c27f8eefa8835,DAPO-Math-17k,12478,train,286,1
287,afe61e50e95e4d25dc22f23505e0c13fe4a4de48521d28347a61930d46bb657e,9a8d5c77de21a344e3b4f14953c6ab93e02d65f7d548d341d47374795aef3bd0,DAPO-Math-17k,15306,train,287,1
288,89d2f704b5e61c0171208b29fe71e31fc8f82a71159a5b73d3019746cc3bca8e,072aae35f82c946d046de782c87764cf84e4fe871d8a6d71d9d243b48f6daf30,DAPO-Math-17k,16066,train,288,1
289,6a04d087252124170dcd704fd9f7b871123003940a719d8cc11a900e6256f45b,199dc365bf243cb741f7f93781ee28fd34be097a7d7c80b85d1efeeb3e1a3eda,DAPO-Math-17k,3690,train,289,1
290,8cd7495e204a541b52852d4f516a1b53a166c762cbd4aea7d712c1893c800795,c238be4ef326cf5ffdbdb080a2d925bba9b063a51e9d2ed25a3198d0e7b698c7,DAPO-Math-17k,7356,train,290,1
291,da07f1e272c6adfb044c31fc03575e625cf827ac4c13cdc477100841732b41b3,518a34dba9e0b216a9f042031a26b2b15492251f7c1b90dc453d1725396415fa,DAPO-Math-17k,4259,train,291,1
292,4a1d4e9be0abd20936b625de9c53e0dd50cbddcad66d6ac5c1326f4c5e338732,b18c403532fc53c1f87888cad3e31829adaf4313825715759bb1ba5980c84e0b,DAPO-Math-17k,8169,train,292,1
293,fa60e52ee50a2aa40de519b3a05c90aaeea5651399633969520747493b4966c0,f7cd4ebe7274f9837f07dc8b6b5e5e4aeb6e62a8883d4cb8cfcee0a4ef7f3dba,DAPO-Math-17k,5192,train,293,1
294,162e259153787f9073dcc6f079ad31ca9efbfcbd0b766a83f51cf9623f697278,38f6d63d172912895222d624824fbbf31715f7544967515a56a240ea08a64fd6,DAPO-Math-17k,15020,train,294,1
295,4c96364db929e80615f6d459726e5bc17bc651a14d88af9eeca6a14444d2187a,6acddc3a717e437f2ca37a62089068625fe83add7a7f4f563242f72bb7932bc7,DAPO-Math-17k,5644,train,295,1
296,c181475524353acf7f554f86ddf4442bcc926c7b971b7a230b64db4cdb21b6f5,7d733d3a20d7d806244ff99d1bd30bbdeaf1d91e08081475dc27578ad97e79c8,DAPO-Math-17k,11813,train,296,1
297,d091865688c007760ade87aecabd8972b2277f8c024e1c9017b05e50c4f0e65c,18032b8e2556d743d935938ff9aa57a49f99f0127ea6590f8942e10badc669bc,DAPO-Math-17k,11739,train,297,1
298,df18dd32e91990f0041ee756a30cee2dadbff5f2672ed8e84b00995adbaddcbf,5f669a436c5c3a9777de4ec5940944e47f423214caf05f08748b9b03ba3ef435,DAPO-Math-17k,9757,train,298,1
299,623ee312580f28a131273e8dec48f4aac04106b8001edc6e639bf45dd0b636e3,bc6135183c951ef9d12c8a5ee5bc76f627450379ae7bc21013155dc21ab4cab2,DAPO-Math-17k,15489,train,299,1
300,c77c8cfbc8b929a69c200e3ef08b2d18b7aff323b311a9450356c2fc8085146b,3d931e1a7af006e997d387ff2b57d26d7b860896019059a543e07e84818a66fc,DAPO-Math-17k,236,train,300,1
301,dbfb02504b14d458a0c7c6e8b20dc84fc944bc13d48d47c5c10b42c4d535b80f,057c588a43c7acbfff6dc74fb0f45e309268974a1e9fac1b82c40184cf8f0da2,DAPO-Math-17k,16680,train,301,1
302,7a0c15dc0dba143519de029c6bb557413c8e3bae09359d503062d5628b9c2e58,e57b22084102ec912487c10a3128f9017878a773d949102245ad12c5a991d93c,DAPO-Math-17k,15274,train,302,1
303,ccd6ee697085c1cb70267db95bee45e103644cf7f07c4f9ef75d14ebaadfaf9f,9fc592ed2dfc6eb3408e9be69216ed9b16827c3a2e91b40453b19bf34f34b396,DAPO-Math-17k,6090,train,303,1
304,cd7040c8dc8054c6d94b0d1710d1e5e509187b917c830c6aeda7f2c1085d5a94,b990c3595f2eb0ea4c6844d35d1469a6ffa4458cf9382972512ecb66e4ac2ae0,DAPO-Math-17k,7058,train,304,1
305,6b52d8039e794ad8c2a9b0f35bd427976a3f3ca7903fe4b08781a9b8c8d0b4d3,af50a97956cc2b037ee243e3c43af9538207891434da004bcabbd65cbc34d2b7,DAPO-Math-17k,8164,train,305,1
306,a5d0d82b187544fe3d2b679a9db076603f1bfdd309245f37d24765b4918d409e,1115b2ba7367a4d68a462d6b896b0b5ccdf70526adfe48e510c1c423765d5c56,DAPO-Math-17k,6711,train,306,1
307,3d2cdc5887573845a97f6802d4ff8738753c7c9e2510c2e82f75d0112b5e4802,8da8dfadbd667db153523c1f43328c7c542a240d186fffa038b28971dd1d3ada,DAPO-Math-17k,4435,train,307,1
308,ede73de50c3ff346c6941a25bff96950fb33a98ff9d8e1480c1faf5620258a99,db07b98efd2ba91ea53846a920a1e2b7015292cc13975c560ee2bba78f907099,DAPO-Math-17k,7851,train,308,1
309,0fd2adc50c50764f3b64235e87754110c9405af2740307e2d01a69426c59d419,c36099872b8eeb32c80f43c52817b8b7fed89affe424c01666b9894dce01d0e9,DAPO-Math-17k,15345,train,309,1
310,9360fb5ff7e4a515abfb16fe567bdccb5fd39ce76173065b7fe326449211dc0e,7b36a907fe7744af04efac30420e0792580adc35e888872512368d97909b69e6,DAPO-Math-17k,9291,train,310,1
311,b9682bf5642932d7d6595bb1fca10643f9dbc01b2f79d68566f14191be95f3c9,f4240d2c7d88e948166b43bbee210e2ecd00ac714afe4085f70164ae443093dd,DAPO-Math-17k,9229,train,311,1
312,e500b79976f3a70d78657e6e1f33f46bfb185ac996f3a4eef0460b124e50ed51,4e94eb3b619dbf9decab7ea60623eb5d01a11465cabcb5f0b5ea72aab13f591e,DAPO-Math-17k,8128,train,312,1
313,9f7d01a68589f5196757f35cec76e1b0ee800e29b71243b12401cf4e99988a65,c97838b79c525dcbfd225eadb5312becb64b3c821b870e8170623ebb2957dcd3,DAPO-Math-17k,5364,train,313,1
314,a6caaec093c0b76484eff418eeb8c7d9a99ef52dfbbee8bc01bc3451e45b1b64,8bb2048a13ed229a5d89177d6816114455093ff284e59d16c9936ddf3a8b5839,DAPO-Math-17k,13506,train,314,1
315,38f87714935f8d4620db32f6b835a88d12b1ec8255ba76fb418d20c1347f7d43,daff91582b20765ff0404df147271035a435146e8cc548728450e08435469ab8,DAPO-Math-17k,6966,train,315,1
316,d2107153f9cc4a66b1140f427a98e2e82bfa4775239d610df2552b3cf2f98011,d0a37a4a94b1b738759a8d27852ecc86d92baa02a8439cf81b47a3122df537c4,DAPO-Math-17k,16885,train,316,1
317,e6bb50a2e40eb9a28c80faaa50417c1717dcb4aa1f0f1e235445cfff92feea1b,cbfaa667cc3861419e33679d2b26b2b818673a975f5a4c5224330d42c4de007e,DAPO-Math-17k,331,train,317,1
318,db9333775f54aa3e229839db1c8df724e4cba3fbc100b6e358d21db841fff415,6d1bf49b89d9363c140b9e6cb60033a5ce8220546cf7af33019f4d051f3ff600,DAPO-Math-17k,13490,train,318,1
319,938987f39037ec5962a151f8d0351af92b9352aa64ac909a060f4decbe37c7d9,02aa37319c9c8da3d7dd418c9c6df3ea112dc07b029340e67c6e2087ccda9414,DAPO-Math-17k,10418,train,319,1
320,45f2de56ddad9f1e50c3b1d7258940055022ef246bd36f017668810ecfdc361b,1a9da1684ac331ff29b9c9096554d712c9e6e309850fa106f0ee7474f01c7cc7,DAPO-Math-17k,875,train,320,1
321,aae150449a198a809ef618580770ede97a64613832629b2b9b49e2e99854e4ba,8679912692598b15cfdc6f824ed2acea42631a3c31089f9b8dd4f6a1706f2106,DAPO-Math-17k,3937,train,321,1
322,98f6deb9477ab0dd2261b5568cbf0a955c0b22e07d5b1faae9fca8b377bea959,c7d51e1d504dcd224a7867ca6b081168bfa6c8b8ebd83109ad1c147ccdba5787,DAPO-Math-17k,9620,train,322,1
323,b3f3d0f5bc473dd6b029b75fa65080e0ab9703827dfdef0b51a7b8536124ce01,2d7daaf7e74de13a54fc7ce9d0a769fe0a1759ed1f3c2e5f46ad980b2ee5d86c,DAPO-Math-17k,5663,train,323,1
324,1f487760e8966d0fc44070ac132c73c87e6346beaee92b79752840ef8b8c402a,6265b2ef476fd813da2609501b4ebd4545c7f78efc460d1e405c288ce8b17a2f,DAPO-Math-17k,12060,train,324,1
325,5a3a6af523b546250f862ed330b9c14a446fbfb86dd64971584b0f75a991f690,c333acd81c95c17333e6bf651e2610bd14adb8ca642e0a6f3571512233048d3d,DAPO-Math-17k,8199,train,325,1
326,0c33ef2dea3e960d6ff04e39e88fcf645484e0fa5184d85b0b31f3a2ff175962,00e19b603d9b1db75e078a142790718392275896ef1f6561592171e26852744b,DAPO-Math-17k,4634,train,326,1
327,eba8f7667a91d40200b0c69b647734946aaa30a19f40edc3a001db21379a6bc9,07f0d97e75b56536eaf129e336ddf907a9abcb1998391e4f1b2f894570f19212,DAPO-Math-17k,579,train,327,1
328,2da5601c4721513006de1aa3439711c2fc6905a6db3c272c6c9ccce426fa0d28,aad10bfa580cd35ab692437b4716359dadaa209b57698de9cc70d14113ebdca8,DAPO-Math-17k,7498,train,328,1
329,3b2f068d588c882e3dcd8a9fed1ea9064b2ad34296b048d2cae51b16e94a9d55,4a5a8b76c8932215e309abad4c09e47a96f7fbcd06999401fe505172c8cb7b53,DAPO-Math-17k,7027,train,329,1
330,8f44d4a71072c79296b0b368b8c60de0843f3eb5bf2a2b5debb71729a8cd0aa0,e04587440e8bb6f023fa44fd57b48c78cd5ba4d49381e411427cfd85e01e631e,DAPO-Math-17k,5953,train,330,1
331,9778c713eb34da1a1a270290adc4426fe70282d2eb512f776e43b3655d2ec5e7,7544a22b77a46a9bff6c492f4eec71a8d7f165cd48eb931272c6423122d87dbc,DAPO-Math-17k,10179,train,331,1
332,9977073424ea3de06834c9c6d6bf4248c19acf2f355d147beb3dfcf367becdb1,fa3588959f31994d7e1874aac46df3d1b1694ed68128a1eec561dd30c8710f2b,DAPO-Math-17k,17044,train,332,1
333,0109376fec86fa445cc87e9bc6052db72c5e560022c25c26fea3aed51b23ebd9,df3bef8e011bfb8c7126b540d32d39a1c25d3aab618710cbc8fde320740c1a56,DAPO-Math-17k,14473,train,333,1
334,630458646791844cc69c49f518de150126e3b6328ae191815f274a1523f56896,4bc6ed302c4c625f734c6eee87b28733aaaf19792eb4a7f2aa2d630eb78e3754,DAPO-Math-17k,136,train,334,1
335,bfe33787803741239afb40c25cdda7d6bde80e991df9f49dcd7426f47b144e36,c7cbeb096287062495126d0739a4d98969b7d9495d5ceeaee31e5e044c9afa23,DAPO-Math-17k,839,train,335,1
336,f9a43f5d2b2b7d6334e99526bfe1976e8dc4df08e2a932481e15592cb550378b,64bd8f902f862cb039953af637597bde0aa3560d745053895eea29664ca263c6,DAPO-Math-17k,16306,train,336,1
337,cdbe5bccde232213cf81f9f97824ac9e7c61762efaa6bf96380b3b3ea940d38c,a7d01794542a56c08493d303d68a624a7d26ab0c49b1fa110857576ea9411cdd,DAPO-Math-17k,10076,train,337,1
338,f552ba4e868a763032b055abaa7fa7dcb7759111e6885353ce01f15d6780a58c,c0020856cc77f01a0bea07780ec3f476f500d4753d42dea415e2378ac8995f16,DAPO-Math-17k,11431,train,338,1
339,59a0c4baf7399f718fd85e3ed73cbe2cbe660b4cd0673e30ed78f00b1a6140ae,b2dfca331565b2a38cd3c8f4c702ad4596bf6e50b434b2e322f9945e88670b81,DAPO-Math-17k,14821,train,339,1
340,30fd2034d627fd4fcb485c6727c682e3cea4baf30a16264f43faf501add6d631,f711be4da1b4aed25c4a13d74a8a4ad20a60803d2e953db1c63398293809b514,DAPO-Math-17k,16154,train,340,1
341,f83c8753521e79c1a544abe5edcd9e78a0d9b8766a1a7a4f79b9e39db449d35f,90581f27b9345beafc878097b0380e927e13f8b1f3e14b17d7bd0462329e37ea,DAPO-Math-17k,14768,train,341,1
342,97a871d6ae4f77ddcb9f4d01d70dc7d8a7246e891c6f39e5ef43a5d68fd542b5,8b554b0420fb972841937050ce6559efe82b0799c22cd913eb00e3e842af2ba0,DAPO-Math-17k,12641,train,342,1
343,5dc93538b40cf55ddb4ca39334c44570c567ad0f0485e09317781e5aee0c44cc,91fc7be0477ee409f26c95fba73d32b7c50cfb280c4ae2f1e45db2656d8b54f6,DAPO-Math-17k,11776,train,343,1
344,26179bc5e479ff836529687f6895ec72b2993330db1340d82dfb8137b82a20f8,fb3264beb101fad9e6e9c150164389bdeb5f93689d76ec102b4b52496dd2eca4,DAPO-Math-17k,2416,train,344,1
345,aaa9c1f914a1ca84221031a9e677095f4fc711ac47def0bd7057d54d5dcdbc87,603095b167dc3483354b62af4e679c1f33d8f407df99faef13f1c54907ad05ed,DAPO-Math-17k,13197,train,345,1
346,b1438209c5c7de259d52d86f7fa6f03e307f42a186df9e7a44e0bc9efdd8f447,8aaa8e30dab61a0e817ea54bf44c6eb4022e7c41376a17d0ef5d2e6ddf596414,DAPO-Math-17k,10564,train,346,1
347,2aac5e7f1396337975b2350c1572d1dc00facf3bd028f72bb9ad234136329f19,4bfc526e0e9ea7c95ff4ed4965a9b84603161ac0ce3f5e17bda3bbbef64dae33,DAPO-Math-17k,6049,train,347,1
348,010db46b018f104e126d77540318fd594db52fa39920ffa978ee18e1a09c1564,ae02a62f72aeab6baf81cce5067bb020a5fedf1011f8f1da2b318cc4952edb1b,DAPO-Math-17k,7973,train,348,1
349,513f910a89691c74a3b13f46bf360f142a250a630d8dc753cfde9865512f09c1,b0f1d7fed8e0928a8d213eb640ad8dbb71f3ebef410041099b82695c88389a5f,DAPO-Math-17k,3765,train,349,1
350,e0c98a5c93e7890f56ad4fbf134e99034700b958896139ce9d2a0f093d830c57,0507e5611f0218c04dab0d331eb3dd4f293ad7369fec386bf5ea223d283ffa78,DAPO-Math-17k,10689,train,350,1
351,f4eb5c914a43e1fc3582115303c567ce7da1083504ebffece655c1318b397b43,8e81b163312c02e757c801159c600156fe3c1c20785ff2c4577d26f86d83133b,DAPO-Math-17k,9239,train,351,1
352,5cb6d51ecb0309838ba39bf071cad2ddc5a9a3fa5f153e58c54b51bbf3e28fb6,f244d89c741a62bc36c4ce0fae87a81ac6b6c15258e4f0d66e9384867f80a40b,DAPO-Math-17k,2968,train,352,1
353,98766d9610f5525289fac4c9af75c13ac9e1edda410aad21a8580af364b798ad,95bbf78d14f0b0e1d46c994c585d2c615c7686f82df2d1056051e76c3dc52f16,DAPO-Math-17k,10184,train,353,1
354,bfe087ab8fdd67e088ce7cc2925d81a9881a16b002186d4ef7141bb04fadd3c9,c167b148994bd9756a085fcd9210b8f0e557a3d75103ad98a87975ee28dfb5e4,DAPO-Math-17k,4682,train,354,1
355,876a6cb1f53ee7ebcabfa100be4057757eca09bbfb356e4ed9514517bce63dfc,864c113b75680e9a4a0af0ce4292884336f6291215e1eca94139935767f0456e,DAPO-Math-17k,4704,train,355,1
356,07eda80c85df9579c2384e19b8bdc67a983333ed590f53e3c3c5f8cb5efb1905,e3cb9418d679a82d79adddbb2a12c719f45f05da3ae8d82a2e1cac8452e6a177,DAPO-Math-17k,1169,train,356,1
357,30d38c2455837b171c30fbe5871a6530d966f07ef1490bb91c032f6d1af488a5,9bf8a695b8bceb04285f10f0396ec8a2780067e86d89e79d049d49870c19d7de,DAPO-Math-17k,2157,train,357,1
358,01489fe67f18d838ae515475ae302724ac7e3db895babf94aa7241454c317454,a059e11403c0b7909e81462e274d6026ac76200223979122d0a4ede4daf09296,DAPO-Math-17k,8376,train,358,1
359,2cab1107c455ae040424f0f1dcb0e06fd10fb667c9fcd7c725f6f53f7e3f7965,adfc9b05f7734727a6fd3f697527a68944b8b5061518ee6c805be508a1f79cbc,DAPO-Math-17k,3149,train,359,1
360,07b863b6029fa329b39171b3c17407242e5d30f8bed08d5a755126c0181eba89,4df4619b59b28782e75dd21a65bf75b598c84bc8dc301de082d82812bab1c6a8,DAPO-Math-17k,8513,train,360,1
361,8d25d0e756d4cf928fced892370793430c5a997992b88f01668e1e30f65f65f0,a82f1ae484d76e47c004c981f706a97ef406daff4ec68f7412680b6b36a9436a,DAPO-Math-17k,6724,train,361,1
362,3a28b788c730b0a5e3e99a6e88dbc8ca8f9f95976b1f6cf304514c4829f52116,8d606b390fae813e9731856c1e7fcbc73f9d293f66fded106b26e85e74bffa93,DAPO-Math-17k,4723,train,362,1
363,41881d5b5d430f4ea4974fe84a47f6489adec9600383e520c79ace6826664496,723337b232b9353ccf94601cb18aa9ca2b8d1992fb477af5b47f625e165e73ad,DAPO-Math-17k,14981,train,363,1
364,b45c46b4abb254bf9c25bea977727112a2d3cd72428b6d171396427ef3263ceb,85247447e1937281903daf09125c4d8b913c88a5c0e3d079565c797fc18ce582,DAPO-Math-17k,4688,train,364,1
365,e556dcac05b2792c3f814c3708ea9d530739e91479e66ca791a1e26c298d8787,e853c67b44e502be4b87cf006f147c939e58e21567bb6d2064cdf5f59046a754,DAPO-Math-17k,2289,train,365,1
366,06910319ecc61eff3e89022eeb0d1168b685504d3b26d3d500693d1b3a77c97c,a49456a9fc81de6edd9765daa15888aaf401974816fbf88d8e46500186d12911,DAPO-Math-17k,1717,train,366,1
367,f4f12d0c2b15241b07483da26751c53b2a2f7410dbf395902dbe42e8774e5e19,fad6143ca07a102517e3c369afe635aa963f3fbb2a512169041083d1b1914320,DAPO-Math-17k,13049,train,367,1
368,a2c1b11bf8f76da7a56783e6bd798d8b321964e31e613de953391877848ae818,b98814f5b91e8d25308dbea4fd50b03159ffedb23fc9783bd5eb34088aafb5bc,DAPO-Math-17k,7496,train,368,1
369,108905dda0f51f6250098130402dbec0e7d95e2b7fe2d4238c8b6c64273b5c8a,52bd9b715468fe37ad9f87d66bca6fbcc08c9183d631391d59954d5307538d0b,DAPO-Math-17k,5558,train,369,1
370,bac93c78594be8c07e0c6115239fa05acdc19b4f3b63244fccbaf21616995a87,f11e6e089c77e4626e5cb079db18e1f395ee3c6cc94e7ccd3875168d458885d9,DAPO-Math-17k,12521,train,370,1
371,af18b6516bf9e18548fc15ed4d5f20128fc3b7e3fd54feff8d9378de5d059400,119fec2018439df2069f39770a2cbbe52d3ebc7afe494ab166f3e2e3b043f0dc,DAPO-Math-17k,8067,train,371,1
372,51d3ec45fc594d8cefef6363ee112f10602dc8c17f59876887d2f7b929f74e82,3f962a4622a925b46bb1a5b08f6058ff4d4aa3f2a5b820affcd36d7c6451e583,DAPO-Math-17k,12162,train,372,1
373,d960ad75fc39c6a0e106880e205ec76a018b363816a329a31aa1cb43add30ade,22b37bd3a34d854a4fc512c82ede594540aa0d772712abf9b19c0b9ebbd25756,DAPO-Math-17k,16492,train,373,1
374,a7403b6606fc235021ef18689dea0692ebd9f0dbd0a5168f24c30e2fb978fce2,6f14983448729b6f6cec67906f8224a3d5116bfe8aeea9fdcaf27558ebf85bea,DAPO-Math-17k,2320,train,374,1
375,881f1dc47e59ca47b8d14b372ae5bd765e5fcf91e42631aa0f02c7f915c2a245,3e3630b21eb6c87373baba0a69361f1b798d31b2737e401d8ea68d461981f5f8,DAPO-Math-17k,13223,train,375,1
376,dffac67fc890525e90062f33848df38ba07b3fd924bf49b8d60e7820a75ba0cf,ca7b24ed14b4ccaa8f0d1cca7137d2950ae7023b85666d0dd44b7a9a67484d8d,DAPO-Math-17k,6131,train,376,1
377,020ae2a6f6416814d89d44dd8b2f0752e4c325c54e912393f793933e443e48c1,85caf22ef8cb9af067945a0ed85abee7c2cd57c3dfa7353592da5769b0af777b,DAPO-Math-17k,5316,train,377,1
378,8d1982f0dab5b389fddc23ef04b2f45e30f748e78dc9157cafa0dace8c08dab8,846ac9f5212e8532e3dc9f85ceada59a19cf74f6eae7a0ed365b26fdcc35ad79,DAPO-Math-17k,6937,train,378,1
379,bd021c9a6a9f1ee29b9b7c70ab6e7bc13084b683ed50b744257dd70061edb06a,3fe7b0ba2bd29ae277217c8ac50bfd9d849c90a5854d1bd8c9063ae1d94209ec,DAPO-Math-17k,2676,train,379,1
380,a12d2123ee4189ba9eea6ad66a48f381049b0ce35d4eb2607fabbb8125db1a08,f2619f913f1b06762c5118baefa66b205c982f5474ec21d79d2fb8fb24a89f6e,DAPO-Math-17k,13875,train,380,1
381,1a5be007ad8a75b459f592edf842d6f633733d63cf7004fd44b76a77b9abbb74,d004277f4268f395708f9f69e3cf68340f06e9bd1c80b3c9ea80bae9d07cf6a9,DAPO-Math-17k,11924,train,381,1
382,92b68a630c47d419dd0897bc137642da70cb5d53f0a55122e38babfea9bbbb22,782cfdff61358a5920920bf4471f4bfd5e82f6ef53000a3be1578c721b51dadc,DAPO-Math-17k,2710,train,382,1
383,23f079f83ab8cd3ca517ef1e821de061091abc2461d0db1a4b826a1fb11e7ff9,62b6e19e83875b67b4fa58b1b30d6fc536df7f61a7561a73053c5be2280b6fcf,DAPO-Math-17k,6519,train,383,1
384,f923e1f806cff8aaff7ea9a469bb39d43c590fa6e47477ef4e8698a55f684964,bd4302a947d2c6e471fe7a816827a35aae7f5668de83b7adc54dd0b1ccbd974a,DAPO-Math-17k,10250,train,384,1
385,cb50d8a1454d7fdad9fa443257276a37ec84ef7382c6675ee513f9b1b906dc93,c9e30fd72975d66c07f3d817ae4794a1274021cbad27080f73dd6e43825c1050,DAPO-Math-17k,2920,train,385,1
386,1b271ccfd5a15e975d4706995bb8aaf8610ac32db3bee1cae68c7f9c4eafe9c8,da5109472ee9e8d9c7143e5c45eb81eeb72246a0b57a7270b60e540375f515e0,DAPO-Math-17k,8136,train,386,1
387,011ed8c9f0bfea51d5efd4035801cbb22841aead1d77e78d885ab4c8ec2ffd19,74b56b336c92cb00d115a8693a56c93d47726050ade37fd5deccef0c3ff1268f,DAPO-Math-17k,3350,train,387,1
388,05833728fe7fbb5dc8829f518df819bb5e8bae86117f07ca1725b174fd7a3174,f498a5d38650c18e5cea8cd58a85859f4024bc21ca51b30b26c1ea27a4759737,DAPO-Math-17k,8748,train,388,1
389,6f0b047e20a4ef7cb4b85db0f59f463aee2e945a84d13262c380c1e4b31a690e,4a2ad26be333d82c90572394a7fc35e746b502bd6e981879d2fbe35570e02e92,DAPO-Math-17k,7697,train,389,1
390,ffece8915be36772814250faa0940aae81f2719a16bb26130ba56a4dc23a1abc,6b71f41f24b4fb0fe93a15597cff930ea26374312f4a8b992d1c77b22e98020e,DAPO-Math-17k,11295,train,390,1
391,f64d1f032f6f4adef6f30a06e1d09f2ed3c6983bbd9da7e14a87d91ef49d0e23,7af93f3376f3b9d5d5276fa43ee1a8fe6f0c9fc0b268f14e025e1f94504c86ad,DAPO-Math-17k,11053,train,391,1
392,1d45ce00976fe1a400796e0f063092424a655247ab61b2934941b9422c70ab0e,b25e4515dfc3640e0c20f627c6455e9160e0cda05391a3db2c1e1600af3e8e77,DAPO-Math-17k,7239,train,392,1
393,d74aa2bb6d293f6e7350ec4a2fb394b14f00858e4c68a4c1b379723c20a7a259,6a64eeb98820231f33adc1e890830a53016bb612e04166b749dc3e1d4084e63d,DAPO-Math-17k,13081,train,393,1
394,a12e7a274e42656777fb432446f0986acfc17bd4c15b6352d38ccebdda7db4db,741b2c9da0252ee6602272c4314930be2ed6872f1fe725c6582c6807bb224879,DAPO-Math-17k,17041,train,394,1
395,be66f541047b20a7df7ef625bfba536d2f90aad4bb2224d201a55b692bf17faa,46d308c8f8af67ae7c1213a9aabd3fb38db6e3cc2a2a240f572e7b7b1f41dc02,DAPO-Math-17k,3970,train,395,1
396,7d684e6e23a3a12a38e4870f967d3a17796874115548560f1369f83acdf74744,148903f745325fa845132635f3ed054649c1c2cbf4114c03da2e123fa68ce60b,DAPO-Math-17k,13631,train,396,1
397,3bfe071d5bd7f18953e5eea9a96d15b7033040483d3ef2e4369ce78ca279c31e,cc30bd2eaf29ea1634fb5c0b3838b0ee49e4b79acb4918bcf30ea70836727c37,DAPO-Math-17k,16433,train,397,1
398,1f78467af0000aec5989b27c43c6ca1eb3df8876b123ac10c43a9e667355eaa8,5316add027e7f4ebf7a9f7a3240e63576e17f2dc9735707ab05880467edcebc7,DAPO-Math-17k,6802,train,398,1
399,a49f45f5f6bab6b18e7518d588cc98eae147226cc31086f66cfe0a5b8f458816,1035668d17c9a232235d1aa7e3091daa3296e88dbd5f26d147ff17cd5e8164a0,DAPO-Math-17k,4555,train,399,1
400,1acb1ac1d4465164e71993264d0595b4afb3734bbc5e590fbd61a0f391e4f2b0,2635c507a514b264047c71a14fff5afdebae6f5634d08cd3124e1f5fad240384,DAPO-Math-17k,5712,train,400,1
401,2f5b39c3c2a69f97e84114f00c1b090663fe6b4f47f2f23bc552bc8247c93308,da6b34eb27856f855748f91adfbd9f94cc013ee41db7df5dd8a0ea0b0ede96ec,DAPO-Math-17k,1057,train,401,1
402,a07bbb0fdfd1cfc04288d1f2c1c3af5ea970f66aad323bc60fba01f6e56af50c,cf176a4887830fa4e1a08e6749fa5f851f221962588edf3e3291980b76f33867,DAPO-Math-17k,16297,train,402,1
403,425454f32e2fedbf731d0e5aa94fc218224928496faf2b0482416234a3b3c20a,2d5e510afc6ca72445da39777ea11d59f3922009ef990071840be7d32ec47018,DAPO-Math-17k,5499,train,403,1
404,785c95c2513b058290d875257b75e59bc7b4370b62f4135d3fd7638d634ee2b3,2297e524fe066fba96ebcf5de89aaec94212a604081ca1d1f88eabef7f25cdc1,DAPO-Math-17k,8140,train,404,1
405,e350e2e457166372bb3b5ea6463cb9b3008257d2f05696afc31a343ffe7cec2c,645d6d907511e91258172638eb3e11e89c0be226a0fcea0171a4fc687891e2da,DAPO-Math-17k,16803,train,405,1
406,b6c8f2cc0acfc887e7bbb3573968d11cd74f2087827625ba1a1803259bf258a3,88d94bf3397567d8bc2421b0d14ddcd3e0492d76f52bcb846576c4e728c5a6ff,DAPO-Math-17k,9516,train,406,1
407,83ff6ef2f911d13ad6f31cc90a78f62109d2308a2300ed58bedec04dbd9333d3,229fe6484dc5e39b1655bad5a0352b967736f292bc3c0c834210b71b606973df,DAPO-Math-17k,11700,train,407,1
408,5cc3488498309853774e51169cd3b4291eeb8ff06af1f52b5e14e1740d45b57e,8418dade909074d8bdbaecf3764ebcffe06f43702fbe8ca311a859f0ab97d9c8,DAPO-Math-17k,15155,train,408,1
409,ffb56a9e91804fcf0d7d15f35f9a5086964817e801320b54c7a8db647c4b2305,8a628d85d4c45ef225facfecbcffa50f539c502617be17faf56e733c4f82de43,DAPO-Math-17k,5608,train,409,1
410,8ac68e177fa7dbb7f299ddc0ad53ee5be1c87b82b44bf1d051e27b225a79be3a,7cc68c9cd231ddafeb35f01eb167f03536fcdbfd60ca6aba753b77150cc337f8,DAPO-Math-17k,12991,train,410,1
411,7a90f1a35c2456d9846929508e172343bc8d2767ad79268dce2cacd8fc8d351d,e937ebfaaeb34660840305d9cb2c8b270722eef46515c151252078e84f323304,DAPO-Math-17k,6536,train,411,1
412,2e89b7eb4b1d10acdc1dad24d6af742d4bd983239edda0e4930960433d806822,a556d0da18366fccce34d6ad4a96c447b13241ed26f25b849dd76fbd90f40ee4,DAPO-Math-17k,13012,train,412,1
413,ed2f120595c788f9e100d646feee16e03e281411eda3bf323ecc840912e49ab1,02a9e20c255f5ab0c02a838a1099f5b7284ac1439d8199a564a3d9571351c38f,DAPO-Math-17k,11522,train,413,1
414,ed177bc6a05508d3d2a5c8e33f014348679fe8ae4e4105f12fae43f735316a66,52277dc027e210951854f246bfb485b842821b6c7e3f332042c3bc7be6b110e4,DAPO-Math-17k,7666,train,414,1
415,caee96077b84cd9c9b89b157dce2371fa2a067597df3900478f20eb437274243,2076022cceecc6a8d8ffc262908e3ecabab4ecb39a44bf1c26f6cfa346a1e4bb,DAPO-Math-17k,4485,train,415,1
416,413a04e8c9d19515ce5435d7f48ffdc21b6de09319a2cafb714849b4bdcca41c,1054c997479ad731bf64632b5ea6a01d9e8d3a7a6f659ac3c4a2d6185a82ecf6,DAPO-Math-17k,14677,train,416,1
417,b80c05f8ae1470e5f03fbcdc82bdd8b4d02cedfa17773b3fd8905cbae1ed4ca8,ab8f4e59ccd48bb45c3973a0ec07c0057ce360270b3b91f66e5ac7a0354c63d7,DAPO-Math-17k,11706,train,417,1
418,04da6b0d12512977ba2ddf6048ece50b85be674101086694fd7d8fbbdd942d57,b071f95b0bbf62fbdcdd7c853a130448d495c1a26a97981897720530ecc914d3,DAPO-Math-17k,10223,train,418,1
419,bf06810071f1861700ae6257c204af0bc731508f55fba02c800f7798eeee7afd,ed479c9e22dfa7c748e4194be89f10318c9abf725307bd70de1c27f4d0b2843e,DAPO-Math-17k,7351,train,419,1
420,7187842142d55aa4a1707e5d759b9bb09aa7ad8dea7b7cf0936e6f53b0bf2d50,9595f7c5f680cc7d09242e2946b561bb5b30e5e3138024184f3e258cfec7dd36,DAPO-Math-17k,14005,train,420,1
421,3a18a743c1fb5b206eaa444050796f1009981447d085a54a1db01f2f1ae43e47,98ca30b8a465defe84838eb2f820c3d8e76623e232fc6992a653bd1e36bcdc08,DAPO-Math-17k,8459,train,421,1
422,6b44b3dde5d5e0dedb573809916a4a94c9ca01b8bd8c9c1aa2668f1b0e91f946,b7114ccf6501d0685f1b872744d50bd00d90880c90d551a2d7b284f3c7f68265,DAPO-Math-17k,12990,train,422,1
423,0ad1e15dde906a9ac5a7f3887e457df72e51b8d1d2ff519fb6094b5d46802402,c0d2bf490d5ed43899d465a7e93901e807152ba365a10948df6a11cfe99f4c9b,DAPO-Math-17k,11984,train,423,1
424,41559b2cff9b573f42515c6b11c3535742cb86c2be002a227ad0467d7fec48e1,d63c0cf0293688ad3610bfa5a5a447f2d9760569255334616269674e91f3d9be,DAPO-Math-17k,2125,train,424,1
425,193e7b3503fd563503234e5e8f787418b78aafbbd084688a65ae1c3b34e712b8,d4d2b1e1402f3972de8b72b066e331337e2ad822ab36c58d465c588e4c4221f5,DAPO-Math-17k,371,train,425,1
426,88e9b0616bae293efc0c3e77d0e100c268b22b711ab8194c681b7c4ce6b9b8db,fbf259e999ba95a3013a453ff6932e8aa9a753b28ef7bb59e9b67be88e8519cb,DAPO-Math-17k,8096,train,426,1
427,84963cdf3c5d870c0df0d6143577bf7e3a1f787167997555a214517dcc95e515,e995dfc86474384aa5a31c46ac5ebc0bdd9b2da34b0a550dc220b17e7d661f68,DAPO-Math-17k,4341,train,427,1
428,29f0aef82e998d3926c0f4153ecaaab8c7159434149ec7c928d40e87f114af91,35dfecf166740ce2da41a3a655da4ddda6ee1626780fb1453080fbd003a8b97c,DAPO-Math-17k,3812,train,428,1
429,4c23ff31343f9f5053207821c2ce1a3e60cf74bf6486fd94404b9874fab9e722,9015cb3eefd408c633dcb5987f16ee6a70189d4b0b4374133e7d8ab4df9ec57f,DAPO-Math-17k,14384,train,429,1
430,c0fcd8f1afc1286a09e71c9fca7ab3a4a8e1486372e116f05ccf63bf6719162e,12432ae4078e6ddc3204b593904e0ff5335f3d863868cc86bd9a78a72a27e57e,DAPO-Math-17k,7812,train,430,1
431,85bb243562e746e975fa5606192152818bebb9f6068458d9be615b2e3f4f993d,6db16cf4a1d018bd7e2cfc8ec7b3a4b1024cc143c83ef25b10c5c9f42dd39c85,DAPO-Math-17k,9638,train,431,1
432,0cd89acd21d9bc4f9605466f5662b97131ad51cb6e8eaebf4181dfaf968da61c,a539b540ab48ccc54efc9aec9674241e31c7cf7fb80e8f0f353ba65249b40613,DAPO-Math-17k,15846,train,432,1
433,3f401dceeb0c1f7c69a0b3c03c5d848b5cda0bfbad973061f33fdde79d2a42ad,cb67439d2a1524883f1d362474cb235fd4d3cb69c77494e782dcb6c1aa92514d,DAPO-Math-17k,3877,train,433,1
434,025fec5c505c09c7410611c282da646879b59a22fd4eb3b336abd3ffaa2c5681,bb80be8f5e36af556eefdef731230c4a23bb5e9b0626027ef1acad7653336b13,DAPO-Math-17k,8620,train,434,1
435,1be5032b223bca9cb35013beef3724d24704688b314a912405b71560f0f11892,e057a6a1d71c419bb9a030b62f9a2430947c437348b119ede3069f33d7895589,DAPO-Math-17k,2598,train,435,1
436,0892a82d0b295c3c7ac25dfa048a5e6ced96bcba1b18a5fc8e3bd4855f824dd3,b9f42e7c3ebd71d9f7b00364d1fba1aca852a53885084bbbae54e17948e495e6,DAPO-Math-17k,1362,train,436,1
437,8eda60a980736f4b1e4248a860480b5e4d7aa10c57fef8f63af634c26a589165,af3a93a8b73247d199304ffa5debbd850887632a9a7949a1cf12794f249bd7ec,DAPO-Math-17k,16853,train,437,1
438,e5e91d91f9cb1cb9f48aac6a4bd3a55774255c09bbf7a8e790e8b5989c1b93c4,8eac35adef34b526dab8d69c3e334ffa8721f7203f12152e86f97494efe9dfc2,DAPO-Math-17k,2272,train,438,1
439,3365d432661d5d1a9a2ee731c2a55dd82b22b132d04495fd4bf562ddcdba5e97,49cfe62525be9a632726a64d842692789e65017bc654a37f3329f9b892c9ef49,DAPO-Math-17k,13808,train,439,1
440,5938f19ed2c8d92b26bc21147d72e4c66dfe0c26cd81f4084fe020ec23375a57,3727a0d3a641ddf5f2cb09394b9daa36ad94c4baad3bc1e804e78c21f43e8462,DAPO-Math-17k,7471,train,440,1
441,7b1d28e8688cdc7dc955ba95b7a676aeab49058f4750b75bf73628ebf2c396cd,4a93799dc999c9995a757b91ba4daffdd2b69f0cec3cb35b6625c95ea319cb5a,DAPO-Math-17k,5821,train,441,1
442,5139e56f589de2e2d015d1acbd453cbedc0b7ef93543fbd1c62b901cd4c707c2,817e39ef82d56c2865c8662d35d71a97ce81a5a2423e2d9afda3a6e973dc64e1,DAPO-Math-17k,6716,train,442,1
443,a0e65e444f55368e4b106f2448bb4775d0f068b00748262aba5978782a3148f0,fece723a365b68cd3490eeec1a5e23091c97a26fe7e376fabd5e1152947fac95,DAPO-Math-17k,9389,train,443,1
444,73a35fe285081cf50ff341eaad97809e93675ce719b9b903f119690164c6854d,158319ab1437791c44a06546f5d2698a33b9ccbe44d6e983d8af792b7ebf2a1d,DAPO-Math-17k,11936,train,444,1
445,c445225fcabb298c4669363c1dc84d7883101ab5a063d398eb77f50e87e6c002,6acd5220f3d2278a8b0b1a50f0936a028ddf91cafba97f151c2d0d40a3af0649,DAPO-Math-17k,932,train,445,1
446,19b01ed1c10e07712e91651510f528df70addc00b339bd30789b5acb44dfac50,277ed56545ec02dde8b9628a67847715640bb7e4fd09c9e42a29d186ecbb55f3,DAPO-Math-17k,10447,train,446,1
447,8feca8ccc6729e18c7fead3552eeffc7220bc15067d5979f3052e9e2703de127,d298c459601901cfef14830336be476afda5d182f43f887fcb7c26a06796fd52,DAPO-Math-17k,10043,train,447,1
448,75c61826d01246fdb4070ddeeca61005cd89834cb09cac01762129e3d3bd57e4,46b30760ac505cd1d987c8456080b04b48bcfdc5ea9f7ea60d286a856603edcc,DAPO-Math-17k,1648,train,448,1
449,3fec5d11a47916516b1e6355e50d7c1d4d5c28c2d7b4ad8fb18b91dc039c23c4,7cda0d87d968d6d380e01c57b6594b539e3c33e1f45bb2be2986db283b91c079,DAPO-Math-17k,2778,train,449,1
450,a6a297449ab50cb09927b86249a7395a3a6c48e590ed649c26d1747d16835abe,0466c5df590c851d37a26a328d762f7a378283edb9d3ed21cb675a6530bc527b,DAPO-Math-17k,8599,train,450,1
451,83331006ee54b9ffafd01a00e336fae7cab1d76f883c900d8411570b5ffe8ccf,48681d0d4ba8f3f589d45e9d11d0d0d5fefb6411f9235ca580fa3e583ef6786b,DAPO-Math-17k,10809,train,451,1
452,adbdab4db209dbd64674b6705eaeda035a14a5f037548f2771630ad2699c25ef,d08f7be4703995d41a3002d1e8255492ee3fba6712d39e3bb697e36b74e3cc09,DAPO-Math-17k,8284,train,452,1
453,e4576cff2530bfd3e4bafaaf672124c5a04950bc95c45c039835435856941527,b8807f471786f3b6753051e455b8123811b3dfb2ee5b0f26ef61fc4846a33931,DAPO-Math-17k,14747,train,453,1
454,82bb8f6649acab4738c891dce57794fb0bf23d5964795f10ab909309eb08e1f7,b8ea37db1f43ae4068c35a82bfc8e2941f013a1221187e874da02ead0c5b4664,DAPO-Math-17k,16417,train,454,1
455,dd6c7ffc612cc3c84202d6ce0568d916a55cd7fee29368f86081c8f80d7ca276,ea771802374af02b301d85301f868d542da6729b991dba1b0e41656c41d6f289,DAPO-Math-17k,5356,train,455,1
456,e9bd7bc4a2a1f595435056411dec93a4e1a83b512865e5bbb351585205017834,3d3b607d13eab4d6b14b7d192877171dd839d869502a46537ba809e314028680,DAPO-Math-17k,9270,train,456,1
457,75f2eaf7ee652c0d3aa447dc669681703f419d43b45828ae29526f90cb047840,c3b0786fe60114bbf7ede0b94e569f192201bafce36068e97a8dbfbe209bea87,DAPO-Math-17k,4980,train,457,1
458,3b279018e9477e9c1d75241f1920e3c322d43253b6c6fef14f8a199cb1136f55,2bfad14e4fadeffd2fb9ae679e95f7498992a14f8932efb90ba14acd1a7406d7,DAPO-Math-17k,15578,train,458,1
459,66bbec27c1352d19f49fd248c85c54f586ef530e2b5b8f91e66459b75e47ed3f,db615a1309027a6e29bcf872ea1d9eb934655c5f82b1330c8784c0cab30e8d83,DAPO-Math-17k,10881,train,459,1
460,bf5531ca53550c38f270d1cf7f589670edc0fe86d3ba0e767804ee66c2e85017,110ba30428e762cf0c0cd9fa7a014bd977db096dda0fc8be167e0056b6da4d09,DAPO-Math-17k,8636,train,460,1
461,4acf9303413c14b1dfd4822171c042e76f050053ddf9caaa60ac498a167f19cd,c7180c997918dcd26cbe2ebdbd454a99c1e9de54bb2830065b28e81f61dc7896,DAPO-Math-17k,3498,train,461,1
462,dcf19ab9ab7248dffe5bff4dbb4ef3bfce98f2f82c5f1fb757b559a387917cc7,923f6cfd09ed6dcd3779064f4a2f4c8d963d8189fe927c262440ecd79f0e8a72,DAPO-Math-17k,12129,train,462,1
463,f0fdeb3c0775a606bf17f9811dc3dc522120802f771e812f2028fd073c3e6cce,4d469bbf4141759ef3ce6f532a71e7d440277bfcddce57d78340fd0dbde24359,DAPO-Math-17k,9512,train,463,1
464,0c95b7b58c1a4868932cceff9700f7c838ffbabba846fdf73c691ffc939d1f71,94d5518236ad70e34784e31d174e0107fc21e385c57b5e59396a15d21d02281e,DAPO-Math-17k,329,train,464,1
465,744ff74cb44eeb1785ba8855d4870d6847a96eda9f3df890796c16c17b70cef2,f9e56834918613e05802c6e96cb0f11b446f73710e3b97071728c2ac66cc0fa4,DAPO-Math-17k,12159,train,465,1
466,f6bcd9431ecf1cfc5e08d92daf18a045b5922add6428d459dc8f9ca5c7c1b661,fe67b920ee38dfe75269a5e29362e458442bb4aafd51ec704afe3c4443708090,DAPO-Math-17k,11377,train,466,1
467,125c4ed7f11667eed6adb91f28cbfc3213caadec6f89e774825d3aa325837d75,2eef8d38600d377108caa3fb7a61401140c87deaa12a353868d26836a6456d22,DAPO-Math-17k,874,train,467,1
468,b37a4c5335a848c3ccb1ab64afb610b2c5f588963d1d348a7d5ddf99ecd9a2b9,075175c6d57fc5d12429fce901e09901f0432a06fbc2d24de544b2ce6cb634f0,DAPO-Math-17k,4093,train,468,1
469,7402308696dd3334e1f8fa2fd20bf8537e3148011fc7b0f93be310edd0d123be,05a8ff88533fd5b64ed523d4afa2e08a75a4e7adf45ae8b31c958d6596814ae6,DAPO-Math-17k,6896,train,469,1
470,3055b3ee731dad625aace84a3ece2e79a036d1830b7f5854dccd88b06a21c00a,4f12c6f7e5220f1c46889d62f2c346568cbb9784a98222cabed7839d9db739d3,DAPO-Math-17k,4642,train,470,1
471,2b6a1280050fb1cbb30f26a11f7bb0cb4759655e57cdd68ca380c3fa4226486c,9c195eec69ab7c7293a4aead83dde2851b362e1dc965bf297fa108d4479d7d63,DAPO-Math-17k,1386,train,471,1
472,4f0d45a47ae8525319a3848c15d96c40006d851bf34eed492f8edf8f2db92ec0,91260de124485b90f1c9ce132585dc70ae9d18b2ae793ee77bfff0d4e3bba223,DAPO-Math-17k,12677,train,472,1
473,4892a671bcda8f06cde67b58feb43c927f6eee447b3f7654831537b88a94f940,7813ae79dd0ef301185591ae86f75d32fd4b6e886ad16812d597fbe8473543ad,DAPO-Math-17k,588,train,473,1
474,71ceb787ec3fefc8738bc93854e87d607beacb27dac4fb7fe557ac859b611d86,5b62a469aaa52949aa66d6c817cfecc9b773d7bb7a74789ea15bd86007a1d5b5,DAPO-Math-17k,3527,train,474,1
475,77438972e0d65645cf7fa2f4dc30cb1dc7dbff0ec81e501892ca7252dc7b9da4,a96372084c9a1ef66c6cf6fbb47ec7739238beedeadc9b22c7716117bc5b7a46,DAPO-Math-17k,9825,train,475,1
476,cd68615742bbb233738acb8116f0604148a24c8fcadb8e7dae8decbfe3121419,1d79cb1dc67dc5e61453f8706064a6dc3c8acf861153e02d8d680ff4b001aea7,DAPO-Math-17k,16243,train,476,1
477,9f84658484f4ad6abe031f2cf4e7b34de78f467dca52f0ee5bbf2a9471ad5ba9,ac8f294e8b13b4b8f27631dc89a1c9775bb59a1995469a0f72fb1b85360a2cda,DAPO-Math-17k,1492,train,477,1
478,54457afd0b74636931d2b699c69cc5b2478b25f3e9e1c3f77737e010368f8e09,cec67ee0755a1168d2087885e22f4fb54cdcbefe0ee046363b53d671b71a620b,DAPO-Math-17k,12281,train,478,1
479,09c378125479930e57088239e7ea38369337e91ff9bd121492f8548d75a71df2,58117ca2850688f1f288f20e279679bebe36a15de825afbc26867c46f4aa01b6,DAPO-Math-17k,1216,train,479,1
480,288bfad8f12e2f3bd794b40ff1a14638a17dd4a746ca167f3d7b903758514349,fd942e1af9448639fe61d82c92a53fa55bc87a969e88e73f006b677fb3af5e43,DAPO-Math-17k,10161,train,480,1
481,0f012b0d46ca44437a3c21483ab6b8966d9880f2c28ef93a082f31bb5b7e3e1f,6f7bd9d68318de60e0a1ce0e05f5b3ac57a7e35e9700179f999839b4cc583e7a,DAPO-Math-17k,1081,train,481,1
482,6ebc5f0306fe95ec26f743a4198c54b9da86c859ee7533cc5776369474c224e9,dc23c49ebefd6b29e32712b915f146ec5c4f51ec68d5d7347a1aaa58957a59fc,DAPO-Math-17k,8338,train,482,1
483,b167c2152b77e1b9548fa40750bc40d666b9c01e076592dd33498b3875e0a3fa,8f31fc36c3d22386234a3b0fda740ac9a557dee5b474145d0eac10a1f58e9a3d,DAPO-Math-17k,7147,train,483,1
484,db1a7ce407d8429cf8c3105167f592ad3d05d35bbdbea5853114eb31211b1d13,b899e77be358c6d6d9171ba7d079eb6c4e60b19346265c3f2009cdf90c432010,DAPO-Math-17k,13301,train,484,1
485,63a9debddb0cb1800c9119633d1afee28b31185950bfcce98f3e939e79c356f0,542bbae5f2be023a5b1e05dc3341d20f3fcc33e8323d568ad3375ae6ff1a7b5c,DAPO-Math-17k,13422,train,485,1
486,6c316a1644a56fdceef6e79e28937ca928f1c80c696f7cd606bb047b25c43ae0,0b880b876ea9f04b65446afe1b83a1e1da50fe38bbf28b3e65062505d7de881d,DAPO-Math-17k,15322,train,486,1
487,4898d063dc58101eadc3ad978b963e87a6f120800ae4eb393dbc206c9f04f35b,4ec873baf0be38d1153c47f2e2d3afe709978bb50a022a3987296e1f8cbcdd47,DAPO-Math-17k,13985,train,487,1
488,f541eef4da499e37710ea7cba33ebb4aff58d6400e1bc9538d0c4dc6762faa6f,8307da3a13205f5394643901436428aa51bb5964e8d785dcb2daf126f3b95654,DAPO-Math-17k,4167,train,488,1
489,c4729de241d60b880644bccf1a86f6d11d6043b70be2f00ca97fa0f9173d7e34,79f19560b780ffc0b2f4aa174b120b7627b9c1ad6a8fb46c7ec0d8813046292e,DAPO-Math-17k,14665,train,489,1
490,57e08f6526d9c50fdc1ac0209db1cabf0127f0d57d249e5efcb0286280986e6b,409c6477b2f57412d39d7d0f4e52fe0e18e74debd82f28a8b8401d27cbabcad3,DAPO-Math-17k,11447,train,490,1
491,0080103aac8881c42531213c9ebf5fbc132b8e6cea26b3cf9e5e078fc0e5eaed,dff71f34658a73062973adc473db9af53f1537a71b0d0255b1e575e6ce8e1d39,DAPO-Math-17k,9172,train,491,1
492,724da049cf9013a2c9e7bda978c0d0d4db77f7ecaf9b45b1e872b5d389d62447,f40fe8a0096d2466a48ef562df2e88fb5cb6cf3a5eb5a5209906899ec7597095,DAPO-Math-17k,9726,train,492,1
493,0ab351fc06d5028dbeaed2f2cbd62f42dee39c423b42fd2dd2cf0ab3dacf2070,7e97d2c638e8c8ca9d4797a9c6d1e49a26e95890cceed315c0973b3461696a14,DAPO-Math-17k,9311,train,493,1
494,ef2ab4fb95eae3e9419433f084f3af42ace6cefe058795278fae97ac26077edf,4c1a73ddf67b7d5de67e1c0a87ff85b08c18ec6407a2d04826dc2a4289053bd8,DAPO-Math-17k,2296,train,494,1
495,ba18743712d92375703e9d73a739ee0859ba183045effdb5e701b59482c7d343,c78b5cea88f9164824ea84a5dc8a5a918617d5cb1deb402e819ecd4f3f64dd56,DAPO-Math-17k,12862,train,495,1
496,40f4a2e04a43c28cdbd5a20dbec5e7f346600f02b1fe29fc859041c09606f84d,ae86a78df6b14b10071ac9f8d077234c03c1ad70000b70dfde7b01476c3b085a,DAPO-Math-17k,16944,train,496,1
497,32ebdcc53b8552dd22728939cdd4ce5ba523f724a4bbc0394c5c5d528e140b81,e9095a82bef9abd65d028ab571db61d3e42d2bcab9dff99349c4a1f812ac3466,DAPO-Math-17k,556,train,497,1
498,c55a8510e069f29e03a19512150f1978de3c9857567d7fdb7ef4d94049d795ce,80d3e66d408976670086b6db5896604f601c19bf98f3d38f0e4cd48726ae8c32,DAPO-Math-17k,8046,train,498,1
499,1b54ac847600b2e87c8a2b5515c65355ad91490f778636736466fc871d95a588,5247ee4212bf5ed5199130bc07e31df996ecbdf63e4f943f3f4faae2b06d74c3,DAPO-Math-17k,3708,train,499,1
500,35877f23b2d9a1a759ab72e6e9a883b70317755816bf69a975269c52e6916adb,07da23d9be1489a57d304eb111bd1016fbd94f6a2623f7902168f9a29cf1c4d8,DAPO-Math-17k,10744,train,500,1
501,b80d6bf7c2243c2941a5cbb9c26dca9d33f0fa61b870d559dd0e4c258ba71584,a1b3988827ea0900c0250c3570e9ac59b3cd61ab28dc445a7487319d685bf4ed,DAPO-Math-17k,15955,train,501,1
502,d92d900a291b39d82e9f90296efee155f6195109cefbc632d7d251a22a39149a,4acf89ac2bbf34230d8077a8a16799fc782aedc65ff40b51e09fa490b1f515a1,DAPO-Math-17k,12556,train,502,1
503,53efff7d62089b7f563984ee7e7a3987cc3c4211a7059c4d9461666839c01553,9a37fcbc7f881b4d81ac3406d81a3cd06ecb340abfa437048bea12dfa0e3d86e,DAPO-Math-17k,5560,train,503,1
504,f4cdbd05f4e4de539b301da9593bde468bbc7b792bfd5c9f9fecf81ccac9f362,ab6851892fb2fbfb93e8cb1b1594a4e8be8702c7de4dd42540005dd23a844dfe,DAPO-Math-17k,4829,train,504,1
505,d50d15d53f558e0aaa2792583924db487c1740084583f494422977348a5be23b,2c89a0c78d6b0f742cd762ffce2405aa60896d57f190b782d085c705bf30abe9,DAPO-Math-17k,9961,train,505,1
506,c0bb844eda8fdcdc76ed2a62dbc873ce2ad2156fc92c204c1189a52dd9325adf,6eaa301912d21b82f52f8366057345135d45cdbb5ababde4e320a1f39b76930a,DAPO-Math-17k,1851,train,506,1
507,b82d184786a210e0fe2e8d667501c8bd9918162d53c0b342428de63a82d5f916,04a07900edb455f8dd21b97ab15cc2173417c473e6b32b014296bcfc59da3dab,DAPO-Math-17k,1293,train,507,1
508,c2ba024753a6edcff7443ece52216cf5a5fdb258ef6ce26169a176d1847abd68,49f2d7d5e774e39698c6b8359f5bbf484496eb1f358df5763ca5325629630b53,DAPO-Math-17k,14213,train,508,1
509,14e6793e65691e1c6c01d1604e905fbeefc64204e585853953cdcea1841f2c1b,b8dcf53c2788ad280e9befbdcd648d2b06ce73adab09523f1892694a43c8d8bd,DAPO-Math-17k,2165,train,509,1
510,f1ce9b897cb00b080121518ed0447609d8b2d4d141009a45b9bfd65b8db0cabe,74a612a8eec426138df865acf1be754732879bed58e3eb1a7961616c94ee18a4,DAPO-Math-17k,4059,train,510,1
511,67bfc5c087fdd6a4fbed3616cc68e6efb0a58d484ed4f7e84df2ecf87c9769d0,a40c44e96065f3287d678dc856f93063d5d87698016371efca4313e213e3f7ef,DAPO-Math-17k,14353,train,511,1
512,b3bfd52cdea33d9c9508d3fe3ae77ce4fef62e4a03251fe5eef306225111f793,c18800b5e4c7f85a09c4f6187c1cec7507c1859c5fab127cd6f38665965da283,DAPO-Math-17k,1548,train,512,1
513,88813f19a6483bf06f1c874f64af2e16e943bd3f3b46858b5a5dab4aeb963e03,38fb93ab05f1978553d4aeaa06a23036835d8a2e7bf194ecbea515ee7064fc6e,DAPO-Math-17k,13571,train,513,1
514,59dd8f07e39675f3302c6a211504b14a913094d6b82f82268a9dbf7988d47977,fc7b79f6d6f04ab5513ac1c798352dc967d7994aabe021e3692fcf3eca8c3b15,DAPO-Math-17k,8415,train,514,1
515,86080e22bf7f88076d8c60a43ef3153673b96e257663e437dd46f2e5418d4d16,3822845c4062b4d4cc21b9f96cfa5bfac32fdbe37c35185fbddcdbac9774862e,DAPO-Math-17k,7698,train,515,1
516,5f783cda24c9911f2825f1f1b91ea5540647e037a9c2307c28e62dd8878262f0,2cbd679e61b4817470bf67155ddaa949ce94f47cd23ce997c3cad935e005c987,DAPO-Math-17k,7729,train,516,1
517,3e1591b45475f132de43aca4b769f5073d2fd78dd20dfb7530d8fa73b40826c5,9ff0d1b777ddc1b54779939cfa1c36edae15b77222d40bab223433652c509c85,DAPO-Math-17k,251,train,517,1
518,a986a75899472a77d9a55dafb52f5f8055601b351b9cf75944d263c204985587,46240e94fe8eccba54c6412f4ac5bb1a0ec553e30664281ea57f3a2eaf8b5a28,DAPO-Math-17k,10548,train,518,1
519,f383435e4654769609d8ea1a233abd8a79ee74d2d57cb6b0a8a90e2bc838d299,479c04cad2980cebd57fffff30b7b5cf46133fd024952e58a63f2b14b6b36bc5,DAPO-Math-17k,13694,train,519,1
520,9146419aa1bc53e315efb720f0eac05dc71c37d658707979c397f04cdb7318da,d1fabe9dde1da98f7066f8df97817a489c4830ea96f09191aa7144f0d93dbbf6,DAPO-Math-17k,7472,train,520,1
521,4d538d85aa43fa94d18ca4800ed3d422e2e1a81980f9eac0ae6fc15f83180d92,d02e6b11b1eb362bf6159a4767d3a3636457448327b0f311f52f4beac1043b36,DAPO-Math-17k,2461,train,521,1
522,deb6ee02ed1ac8ea3f04821523beb00684076d8bb330dd1cc2ce2c55493b51b8,8393c1be964231d9196818f9758a8016d337573f657f1df2be46f1ea6d77eb07,DAPO-Math-17k,2408,train,522,1
523,5f087dfd462075a218a4fd4873ebc52c1ffae666acb68aa8fef0d33d86b841aa,ce488a8417e9b6a8938b660cbe623a1f13fe216299a8d9453365ff36342f2817,DAPO-Math-17k,30,train,523,1
524,0d4a8229c13c02dbf2109d23eb51c4c17fd8c40e1c307dc8e26e48270895266b,83c731e7f4aab8cf804ee1e84140b6772c0268831c471eefd552de606d7b184e,DAPO-Math-17k,1430,train,524,1
525,730b75c8c2e78067f624b81da33dc83c1591188c8b855c213a6ffcc74d4ab192,815b30f3fd826cbe99bc5ee5935ec4769896948019e8d3ffbcc186f87b7abe3d,DAPO-Math-17k,2762,train,525,1
526,1a430afa8e7404fa736e27c7bb3caec82e7f9658631ed9df86b9f2e3d852488c,6b9474a7d18574f5a79aaaf4b61ef4c5368824a1258a121711a5bba0d76f9386,DAPO-Math-17k,6859,train,526,1
527,ce72546a04c8b4ddc3a9c045b67f51405ca99103d92a9433e0cc0945165c168f,18b41a9777d5a8e327dcb616149ba508d30cc9aa6d56417d2259170babf032f7,DAPO-Math-17k,3165,train,527,1
528,e67b6d8ecb9d3d656e76e1dea43912fb56af588dd7c51f7c7f1c6e74bb762b54,38e1682ed5b16cc48d4b787c7f06cb1eb9e6db5d26952d53228eb291ece341da,DAPO-Math-17k,10243,train,528,1
529,5f00c69fd985e3750eb2b942878de10aec11566b08c4012e855bb7aa8a493ffd,c3cf4ebaea20c87e7515cc45d5efe0087b5b50ade3449b441c272c7c58c1923d,DAPO-Math-17k,6651,train,529,1
530,32df3bcf90135ed5a7bd2f99e487f80dfbcc24f034346da6d531596293e4a75f,3d1bc3300df99285aff6c6ff88c4b4dea9d94ae9c6d37c0f4efb14422fa85cd9,DAPO-Math-17k,7757,train,530,1
531,79fc707f40d8a5b8c1814a8e922e991128d1e8455ae45fb6b96367bc5789e8f3,6cbe86771b84a9db7ad28ea9808aec215269b12b517f224e9f08ddcf7dbefe15,DAPO-Math-17k,6608,train,531,1
532,9d616a0533070838fa4fcff11990b3e8bd9381835a885c8b68ada2c1cba7a524,60742fe7065f9c26990ccfb4e4a7e25ba447c820c1d39ab5b2be40185ed12b4e,DAPO-Math-17k,8384,train,532,1
533,e73d9ae9bbedbb81cfdca18ae372f3f4d8ac0671b5c85eab1d812138ff69f5ac,ecf5fbb33c39e488b793315f8d48f5486afdd797dcd55f6c865b4a53a887a871,DAPO-Math-17k,16869,train,533,1
534,b03a3cd0b0b49da3990675e15150c0f0ce214c0201025108e46e13a597692b14,bd7b4e79714f54f6cf17fd0d208e18ea29dc837294ef9035702d03a4c6d948a2,DAPO-Math-17k,13710,train,534,1
535,698dd1a2072d3de8a7449716d21c07fbd016b99de8925e10104832fc9af69a84,e80f4dac8b09116ec6d30d83a88d294d4dc081d474fb2a9480d168a279c2f50c,DAPO-Math-17k,11839,train,535,1
536,4406d86bc37166dfd6a9123589c1162fd8891875480196ce2eb8db759e41ff6e,ab9acb009fa02692e2a76e4061a2abbb824a600025b8661f02556020ca9c710f,DAPO-Math-17k,13821,train,536,1
537,977108747bd8db5c8f91aac76fc8f92522dec9924021a7ad5946cbf3a66b6d4f,5fd4e68aa44790546fb637b24ef5a1d30f93c814d4de1cfc0c8dc8e5117a1a4a,DAPO-Math-17k,2004,train,537,1
538,493435ff3f8e8580a8f90991fa88177b66783a6b49176c200a4080ad7649f5a8,444b49d0bc1e497dd90b80ff3c12226587ea948cd3d149f145a41a0323487c4b,DAPO-Math-17k,11767,train,538,1
539,17fb2e20ad442b8f34228bb98709be5bf02e607b5dcd5e451496d7922f31513b,a59ee50453c585080701941a61a1fc0907a62dc64f2f5d2be9a9f5530c43efed,DAPO-Math-17k,8774,train,539,1
540,179aa19fd570d703eca33581cb39a024d0a31a6eb0cf2c9dfd2da88520bd57a9,a31ef4c00073d9fa0df72900c5b566d2f3f57c6fa68906a78de15e1781e1d036,DAPO-Math-17k,5820,train,540,1
541,7cf49a47a51213a4ecd91255193a55cd3715069ec4288eb0b797e622c45b784a,bf79c37fbb196da5333da176894578cf3a10c7733aae38149a3d0e6faca0c8f5,DAPO-Math-17k,6527,train,541,1
542,6005d2a3408bb6b29f4786434694da857fe696ae9efc1870d3f664220723f519,683896f8e337fa8714b28d8ebf2dde1873e95000fdf8da16f8bcf3b3c8525bcd,DAPO-Math-17k,9263,train,542,1
543,fe82f5eec88fae760a8ce41dfbe086f13a4de834b7e6281a6ec96edec232988b,3abe3d1d300d98d38aa3d34961d01460f16cde3d0e410f643a621eafb3f9f6c0,DAPO-Math-17k,15554,train,543,1
544,78df40037960ef2e5515b1055d782692f429478757f5cc2993be66497dbf92db,d818dcbdde03dea3008c9380696c7510aeeceb35aaf22cc87b6dbc154bff93d6,DAPO-Math-17k,11507,train,544,1
545,77c4118d1f498bd0fc1048c113b0fe4ad5b88b33d394bac1100d0c8bf00a3c34,2dcc03f34b511eb513b00631598e42913ee7bd2c3439d671f1e3f2bf01d6ff65,DAPO-Math-17k,7245,train,545,1
546,e54dcdb084cecfa4b7b84f4a16222b78f1500b9484d1f7b57e4f8440e6d5b9ef,1338e8dd0c0dd036e7fffae7082f4af6b854ff9f76eabeda75c901b63feaf4f0,DAPO-Math-17k,15178,train,546,1
547,75706abe21e5526296176ac9bec9f971109ad275ad98f71c1b91243db67b3f5d,fe89e359868bcd220b475dd5c102cb1b583fce07987fbd8eaa7171d806a12fee,DAPO-Math-17k,558,train,547,1
548,2b8e050711ce1b76d0888551f901f488f72b266e946d48603015fb37dd784fc9,8555fe79f8b677f779e3171e8d7fe46d5284827c7e2cd255864e88d1b1516494,DAPO-Math-17k,4717,train,548,1
549,0847cda5456ebe3d9a390798ae5bab7db2f49c0c056edab937b3dde475fd157f,6c67d3dd97fee8a1bd95b7bfc7e09ae1ad42e2fc7a95505dc03e3431b97a01ce,DAPO-Math-17k,10360,train,549,1
550,48394be162ef199240a0e6f2ee9dd7cad4759a0430466bf8bd1ffaa0eff2f95b,5834896e397717c098cefc4a9a550d5d7371046ba4f4214afd835c3357709b1c,DAPO-Math-17k,11022,train,550,1
551,b822a44383e00ef124fb3639bc255e744c502b46d6d626bad3dacb929496b4bb,265ec626960179cb7a2673abd081d12b10859c2a736269adcca4713c2d0e2d22,DAPO-Math-17k,17143,train,551,1
552,de88962c22ed9cc9333837903efd7094be8a19db73127c58ff4be06af67317ee,0868b1f491f565552d2f4949583e2fd3755dfbff5e8910c569f2a1192fcf9c20,DAPO-Math-17k,8027,train,552,1
553,9e90341f39aac659498ff95d75db24e96cf21407760b6f690275e617615305cf,f5ddc2b44f3a5b345c8b2eff2c38423dc13f4c9a3785f6ee45f614ed7d4a9413,DAPO-Math-17k,3659,train,553,1
554,7c441db521576f5117b6ba48f5818346b62a3172e3ccb87067b4cf5b1524e8b6,d4db9177498d5f88dcdc4889394c82c38e50c915658533fda7f04a204c58b506,DAPO-Math-17k,2863,train,554,1
555,8800446b2911f0a565e0676d97474ac3aef3f43594326d1b52f6b1c6b4bdb190,da7c30083a81f618914b78989d341053143d97ea3e2988cea09acc593dea214d,DAPO-Math-17k,11101,train,555,1
556,55bd6046876724c7770816b0445c35fa4ea9c5edef4b542dba48a5b6a2e57a3d,747b8c595a0dcf08857f7391b90c3c6201b9bf66833739d15e47ba6a2d7a9b17,DAPO-Math-17k,82,train,556,1
557,82e75b74cbd5e4af4343dccbad6c69de492574ec24ed64883537f861cce71783,0118fdb557ca56fb73cdb602f549e6abfe089b5b2402c07ee1cdda61d2da026e,DAPO-Math-17k,5520,train,557,1
558,4bdb164839aa37b9e3e0826fda3561da9924631c9910b4b3e0f0fd9a3858c962,3a5d0e4e1fa3e21dec738d9bfdba9e95dc9ef727a0ad3e59f6b9d37b92137dff,DAPO-Math-17k,15256,train,558,1
559,1781345db02af8862659c0defa53712e13e12e289a0bbc1844256d7500eeef73,a91b40e4c6548f4d732e11c8bd30ba1c87b22b3117560843cdbe232ba2b1ad4b,DAPO-Math-17k,10786,train,559,1
560,0bc90c40bbd4db34badd650788db8630fa92d4f14fdeefb46864029117ab1333,e98be31c47501fba81143a6c95a84ba6541340acbc727ad9636c0d5f4492ef2d,DAPO-Math-17k,6904,train,560,1
561,771a6af8db240e3fb3415ae1c04a9f5ef9192a14f77fd5fb02f80dc5039dce54,da38cc1474ff51e9522be620ffd04047e9043b382926bbeee57ad8ecc5a1a202,DAPO-Math-17k,5115,train,561,1
562,82bcb438eb5e180019521fdd69d58fa57908b2c388657c8ec48c356307c8b9f1,32c9ce83c212c7924ab298e9b823e3eec519ee6cea6766a79d25dbc7a7f138e7,DAPO-Math-17k,5290,train,562,1
563,8e177fbfbfeb168f67b05d8e57af1aadab5da79b81394024d9ef173b6bf3b1ee,2f2cca1c662625c8641adcc2c60b790b4bd33d46ad9f5fdcb7439d8c05fd1b78,DAPO-Math-17k,487,train,563,1
564,0e6627e1f02ef05db74ff222e89c3fa186cd90f88f9e2bf65893e6aa5d5fbe4f,fbb5215c939b9851f9b22112b736793808b0e044d7ca35faa1b5ccf9b2f70199,DAPO-Math-17k,7856,train,564,1
565,92b0c8442cfc380203e24fb997e77782f508205530006b123dbccc332e40ceca,303151245d5e901f80fe4557118e336a3068ca1a90349b3bdce4891a76ee38cb,DAPO-Math-17k,10391,train,565,1
566,b2fcd7de462ffdb92a59f664df2360c10b4a7e3dc4a41173fe9bfc68f152f10b,e4ae73620c06bf7ff9210e8cbb6ed688759232daa11fad359782df11f1c6324a,DAPO-Math-17k,11028,train,566,1
567,629a48263c93b2265d8fdb6054c83291e71471e04fb27053f6370050ab1a7e2c,fa6e5c5668f3ab41c8c6acda003cb1f0d2df02e38063ad232b4420a4afd98c8b,DAPO-Math-17k,16632,train,567,1
568,77b8b7a04aa2e465fe5ffe5760002bf6bf2ecf726df35067781e1f6d80e79555,7b6dd97d9a7c513892067ff2c920c01e6feb1fe146edbc71e80252a35c201184,DAPO-Math-17k,3754,train,568,1
569,19b82c90077e73165c90bdbae6f0a37fbcf13d0bca0ae3acb392046c234be208,4465288f92fb7503591756c31ac7b1c82899c09963c5849b1bbb5f259dadff69,DAPO-Math-17k,8119,train,569,1
570,4e6f5e6132fffbcc2b00a8ae8cbdd652736371629b24f926fe817a25a9000032,e744c6d6ac0107e38fde3db697aa6091cddf0ece23b1d65017dc69b4694b0439,DAPO-Math-17k,3179,train,570,1
571,18821928796ec0f98f2d1431e237ec5ba5adf1d0bb6ccee1bae92460aac4778b,d09c7afb135b3cb38daf1892ea9656fecd1ff29ff4b07e7d24c988c06bf99305,DAPO-Math-17k,7260,train,571,1
572,da3572189e6771404fc7033d75ae194df0a793cb6d35b647a5d8af08779d5ff7,7e256a094cdb4cb976a975005cf8115da0ae561df553ff5b8d6ee3fee061df15,DAPO-Math-17k,16989,train,572,1
573,9ba03c191c9576d112039490f10cff967e431721b3964858b5903cf76bc41c20,8baec4816d6ad893d0cfc0b20f1260f0d7e345bc6ac38c2d1ab74b79171ff2d7,DAPO-Math-17k,6767,train,573,1
574,f44b0e6fec0fecd76d5be6f702cba93e41900fc9ad8be5474d58a65a220b6656,822c7ae67c48787754c31533a651fa7b338c454d452ba18dcfc7dff9910fb710,DAPO-Math-17k,11488,train,574,1
575,913adfccf4faa2c450215298c1cf1eb4af86430b263c57a69f81462669c852de,150a32ebf4dcc184f1a9857da591226876362a8fbe9ac0ea91fbcc0add79021c,DAPO-Math-17k,158,train,575,1
576,e81a5b3338c9458a86d4f52b5f0099be0c80199f9bd4bc6220c6c8f89c5d256a,ed28d69b2238f810c64dbf0259863e465fe2d813cae26e5c12c67f590361af20,DAPO-Math-17k,16545,train,576,1
577,6d23a94b4405b643110a79218c997ea8d48f35272177ebb748edf98ee4621b06,550b52367ff930a90ced948fec5ecd4261229e4a4aff6c2f00bca12c8714d5dd,DAPO-Math-17k,8032,train,577,1
578,3b56d46da8b9e091218ebf04836725401a5ce70264768e2a554d1420ab50bf20,a8d84d1f4164c04e4db149281c01dec711b54c8ae2bb334c2236ef102adc95d5,DAPO-Math-17k,8997,train,578,1
579,481035e1649f62f1f4805dc2e6e34ea7dcc365233891a3381f8b173b69c3d379,7b37f37cbf0c848c16c8141b0391c1b5424f569da5f9c9a27a90d3b298f826a9,DAPO-Math-17k,218,train,579,1
580,cac4bd6a4f4a846382eb986885dc5719745f61d684f653e7e275bfb6d9bed674,a26e6c37531444c598ca973c5b2f9289866189d3b09b47d33323fcef220fff6f,DAPO-Math-17k,6305,train,580,1
581,d70794804ab0cf48e96cdcb84674d76cc0179e826cbd040af5ec761e1fbc4f74,b6eb51b2f60ee597a8696cf6f9b013e6fa0117c39e6fd2343d22c16c139dda75,DAPO-Math-17k,89,train,581,1
582,7839aa1577270649be6614e82ccf01fad634f86d2344c930f58a6e5cf55557aa,6690d05013a58d654b6e0999215dc490e230c74f1711afcb0a1d241b18c1c944,DAPO-Math-17k,11596,train,582,1
583,4a7b36b8ef56eba9ce31e0c6d21d925bdb4efbdb03c15e33bd6563eb5a93a120,4b91b53306025a6ec032d86922e677048ecf36883ea97166b2be9eda0337a076,DAPO-Math-17k,551,train,583,1
584,9853341291ac0b6042e359c94d14deb157ade2b69cfcdec78f0974e322a57684,d3a53a9099fd12f535aa24340aed77a94984506e92431bc9ecf49bea705fc866,DAPO-Math-17k,723,train,584,1
585,e2f7934c34751215f0a9f060333b463dfd4cc1bb34e06076ba797d167a468e77,12804b6cc2946e158100c40dca80473a301abd6bcd1a96705b52b49dbbf24eff,DAPO-Math-17k,15650,train,585,1
586,4a8a54df011ce50190483cedcaa1f075d64781e51d3d83d67636f6f35227dcb1,dfafd7a0a9da674408b3959addd8271c3b2af72b30a441219e86c637145a060a,DAPO-Math-17k,6291,train,586,1
587,9a4dbab486a6f47d3dcf3617badd7568b9329f8c1784a454bf6af4016b7bb491,d4b70492e2c8e240cb389cc86bb04b02b6f70e52128ddc9aaedf4de1d04a38b6,DAPO-Math-17k,7491,train,587,1
588,be4d47bdec92682aeeb6e68ee7480a13c94e5ea5b516710da669e491dbe5505c,47ce013ed5a6c8fefe7746d706c604b8ee85e3e9fb75059c9434deebd5a2f007,DAPO-Math-17k,1483,train,588,1
589,225e976adf165e274bdecf29e87beb0e48b7b720ff8095ccb27f05c45f393650,3e78fbc031c7541e6fbd92644592dea8bf657c3103ff23c1a7e4a89adc6ba2ec,DAPO-Math-17k,9525,train,589,1
590,85cc0924613a87933852fa747dcb623005998f42de7fce0bd9c630586250d1b1,27e956da8f1c07aff3fbba54845e108c32e1bc8e1319928246ac8fde11d97f9a,DAPO-Math-17k,12347,train,590,1
591,ebedaf2838669bcbaa883d36145cd98ddf015957ade9a5de8ade6d5daece766a,2f248c31eac65b91af0ca3e8917118911fae879a843d334723a9500a4ff90de9,DAPO-Math-17k,11810,train,591,1
592,0f0be69550749c45711889f751bc287f495969e07bb1a049c26554051ffc7939,849505bbe5cfad62ecc7ccf4268b018293a4c46de4ea76f7971cc7a3916d4ccb,DAPO-Math-17k,3120,train,592,1
593,ea3752a3b5698d3f5b939b3b9ba088634722ef2d0a30e1a39c38055eef2d13ab,af79fe26487e700d3a7335f0efe4647b26200e1f7dcc3f4b1bf845fc65b8f0c8,DAPO-Math-17k,12638,train,593,1
594,ddd45add39a347aa7ccdb02861fc6222af71808adf0d28471dd328d02a5cd38d,bdc930959e4159f74da9fd814177cd3bbe9a66075b87a07d46f37d0d9d4de1b8,DAPO-Math-17k,73,train,594,1
595,bc429f3c9b476540140fb9ebef6022771b09902a4caed83a30f0a1944127085c,68b87cebb43c57b514aac71585e72008bebd9cf6dd2a2caa9bdb177bafae5fc6,DAPO-Math-17k,10946,train,595,1
596,efd344ff2bdf582fc1fc30c83846532c90b81627e1664944a1a6d26e9f3e2933,11cccfbe180bbcb5b4b65d72e4c3396dedab813e788848508ee6ad23d3a06977,DAPO-Math-17k,16643,train,596,1
597,c5f5d596bec391f84cf223323045edf5c4a45306ed1bcce907b5671d1ebb19eb,925b1d50a34ef9a1dad6931a8eef1666652f1fa66b7010797818a290f5a7d156,DAPO-Math-17k,16067,train,597,1
598,1c7e9e412823505b5c4f7893cd185f0db2c8bcc8ea69b4d52f1c7f9f4ce604a6,b8a32aa02f51daa56698ecd53311b3360a788902d10d1a67924cc12a08d9d2ba,DAPO-Math-17k,6626,train,598,1
599,4c88115f8f7114c7ed7becddab0ed1e6011bba0bb097891f5fe74a6d7a61f67c,96e4fe10858b8f361b23300dfa0bed29d00958b8d72782b44b1bfc3baa9bf8e9,DAPO-Math-17k,7152,train,599,1
600,918cd5ffffde293ab05e6f9e9ebbb47790acc94fb702ec8358431c3b07e5edb3,05102936a8f547862f1810512109134404ad9bf87d8efd693556f8a178a37fcd,DAPO-Math-17k,14173,train,600,1
601,89a374702751bbe13b439a13924b6172571244ee23d6b785de37ef38b4c35b88,fdc51262a16c9cae2dacb37472a32707d40638e14b5019a314da50de87cd794a,DAPO-Math-17k,5734,train,601,1
602,66fbeabab87b5227b7fab602cba993be4c5a115be0e87cfbd8fda3912e5ccb62,1fdee700aee9cc51dfb3aaed112260d2bc3baa09a7adfc0aa2e0b5b7fb65bd7f,DAPO-Math-17k,3598,train,602,1
603,1f4ab7b087288f5d495e331c56f79906340f2bfe56353fa00b2f4fe47c251c23,42df6959614f2df31eabc007da380ce8cb20b71f17c4ee7e7c7d6ff37e41e7c7,DAPO-Math-17k,15416,train,603,1
604,67865ddf71dfd1a18dcbd3fb6ffc435e5e366035b1a320b6a52b6e64149e7b87,dff6960f3e07593d245e5aaa28410a5dfa48f19586b0057f366a2f1b2f453609,DAPO-Math-17k,12463,train,604,1
605,a93a70e521c13cb2a25b893f6a2e75a4de825f756faf829a197d978daa575ed0,47d0d3dcbe802169c5a3fe7915be2cda3bf7d7359a0bec729e035ef898d18c40,DAPO-Math-17k,13225,train,605,1
606,fa7709e14f4903707b37fbbf6c98b278a99db69c0961c06cd57d6910f62ec0ed,7775aa956c3009281c8a73e1cc39104b2270b572705a18cb4752a74cf9d3fc41,DAPO-Math-17k,2025,train,606,1
607,df701a2bdef0e356975e9836505ffcca862287dae5d654f237d8639334cf9ce6,051b834647c7e7f7e0ae21df5d5986316c29cf9d3e16b5c195d58e8a8e96589c,DAPO-Math-17k,13886,train,607,1
608,d30a926f69190cb1cf5a048dad062ebacffc1cd3fd64924c20c2d4674559413c,8578a2ed7b7371d79b3348c09fd830333b8470515c65cc3b943b14c8bb482fe1,DAPO-Math-17k,5746,train,608,1
609,5289aae147b8296f1ca2551949c601b6e9b011e8fa1e633726381710e2fab071,7b4acb35aaa9adbfad2cee5b1ca575476138aa12f8eb4093e618b8f164961ccd,DAPO-Math-17k,232,train,609,1
610,a1d75c5c53120cb846f061f4b0d5defb21c2707a9181b5908c1b31d2d9feb93b,960d75e0c1b07e9cde6c70e12786fab219b208d91087bf3564786215c45cc2b2,DAPO-Math-17k,12950,train,610,1
611,c6e8b2879b77d82b59d09c490e5fd99c5bf4b573dc8a66519a8d91501635e914,e8fea8024dec0140cd03da4a74d95ae55477e615dbc40f3870f5c0ffdc39f987,DAPO-Math-17k,12398,train,611,1
612,b6056c4d51bd09a477136368984c6e1ef524fc72d5d0827c1aaac6fcb42e44c0,9f916cc386f410f014f80da13a1c22e4af426d3b83f5b063bd9db232907f6cec,DAPO-Math-17k,1620,train,612,1
613,aa0d1ce7b1f778619479f4c9cabf5f84b0ace326e4e952cf6b8d2de61a2de4c9,5e1843644ef4277602545dc98e7a3595443629f62b2f1c0b979636258eae9d42,DAPO-Math-17k,151,train,613,1
614,90eb8e1f1eeca59c4a8d50af3c3199e12c6122029023bbbdc1a0e6ef19c39fa8,e5963ba6992c8cbeb95ef5869debc52a325d31deb1d9daa1692814f1b7235d4c,DAPO-Math-17k,15130,train,614,1
615,5ae5c8b663d84123d0f7f8a9467c2a95fb7e5335035a108d5f2befd3414c4aa8,c84d5f78500de525d0c2704962d0c6ccd2f6f28553a029cf303653409c4d70e5,DAPO-Math-17k,908,train,615,1
616,e3b7dd266210bf15d58bfde66161e2fecac2ffdfa4c788cb5317bbd1cb9bc08d,27162a8a400cd30a0ca469b9cd6516310e763067ece9faecbf2cb6d9ad026b26,DAPO-Math-17k,16507,train,616,1
617,50891628d38429d7aaf0bb4191e781760910db84f2c4ef90dbaa45d44c38de69,4d3cf907b952c0372b5bfff4c3573097a37727ad3696cdabd65256d6f57b1cac,DAPO-Math-17k,8591,train,617,1
618,98f6cb4de9e87de7912e62c749ae007f97e6ead62318c5ba256d74aa4c59c520,46560b1b31c99037ed5414b3350177f6c7e95557151dc11602950673b01c2677,DAPO-Math-17k,12644,train,618,1
619,7f2fd90ff4878333b6f24d59d0c8f7f4c952169e9aa5002445f42e3063ce968f,bb423109529fa95d5ba364541fcd38e799a00a9fa4b8e114ed3e83c6b3bcfc1f,DAPO-Math-17k,13045,train,619,1
620,857ba6ec2ac6f001aa82c2a20e7f71eab7bd3e599cacdc129934132fd0d1c8e0,97c0e91cf906ec8a36a9019e13c29da0e2e07c13bf708f30bd8f9939b1b6bf88,DAPO-Math-17k,10703,train,620,1
621,7e32e5f48def8215efda7500917c925f799a43740961b2deb809f65a47bf690c,434bbbddea8dc9e010a1601698f0057582bfad5637797f60442df55d349f8cef,DAPO-Math-17k,2292,train,621,1
622,9e09a66f74b12cb2712990437258976b6a383c9d9f86a92af4f9a00ed4667636,b486b68d65956f567b717488a9617a86df8c21713d9f554c8a8088087fcdadb6,DAPO-Math-17k,37,train,622,1
623,444f280cdc4a1335a8c75392284fa1c2097fea6e73fc7372444672f3e03d977f,b51b53e2da2dc08526541a79aa70b96d4d131e4106cfa17b12d9bd3b81d0774c,DAPO-Math-17k,15101,train,623,1
624,6792f5818bef18c954a324717ef7f65f8c580f503e86960d3efe8f8a1a295289,2a9db675010855dd7502a121073ca3f85c8d3d9d3eaeadefafd0756b6bedab71,DAPO-Math-17k,12113,train,624,1
625,91cdd90190c5937a651fd189c90d9abf59245001b92fa2a5c31de23f2f600ce1,fbd74dc591baa042f111cca060a23024fe432d213d77ced12c169b6473b822d3,DAPO-Math-17k,12225,train,625,1
626,89f71e6f26d5b217645b22f6edce639bcf9c8c517e6d34991310c98102d57588,a6f7fa2bb3ef4c865baf1ce4d59a3c8f36899c60e8901383f5366602f43c18b0,DAPO-Math-17k,14708,train,626,1
627,74b2ce874b723c85d2fe5255d345225bba8054456c07477bbdcaa608b3139883,90cecbbc70a077e8eb4a39ba535f65dbe8a34b0ac62c736c660369569bee23e6,DAPO-Math-17k,11216,train,627,1
628,5df4085ca39b29da5cbba507d13cc5bf6fca024f2789506d33ffcb5aae055589,d1792589f650e84b19ef49d4daf5323acedf4ca19d27a275dd4363b78a00d31a,DAPO-Math-17k,3635,train,628,1
629,8a92dd279e44e3fa4403302065f16a36c1e3b7ff5222392b4fbefd85b07c0809,78e29cce84ed55708134b078cd9aa1c71da0496434bf1aa96d3a50d739c5876e,DAPO-Math-17k,14051,train,629,1
630,c2a1814bf9a4c06b71d8fa58717dd7c854b3da1defc3b24e2d09bac492d9ccc8,1674f0bd37b6058d3caeb53f454cb7c2ebb2a03cbbab299df617d1a6d5a634a4,DAPO-Math-17k,2873,train,630,1
631,a51cc6f1d5d6115f3c87c7cfafeb6b4a711fd7d9af80149fc09f293be59f8db7,c5a89f45f9ce9089f4d72a94ce1b03482031bd2893b36a1bbf32764f9acedd80,DAPO-Math-17k,15776,train,631,1
632,4bd5f92d5794e722b5d24f3b80901470b86b51cf36c3620dcc673949b1a27a08,4af8aee25c209f3c6cb1db009b29b9872ef668381bb18ba30df28faff66d6d18,DAPO-Math-17k,9618,train,632,1
633,f2bce3e9cbf721b1d3b74e825c07822c7f3cc1e0fdf581e2d36f348b4c1143ea,c5c0059ac4e8ac625c39f57477057105a87f2a8583eec72887fb875ee75d6bc7,DAPO-Math-17k,7097,train,633,1
634,6935e398fc9df1812cbacdc93dc1ff82aa123619645f08dee8f96b4aeba939cd,caa01eacce8bb8bf6bbe5ad36443d867548d5ab9b0f1b99b17e514fb44aef3af,DAPO-Math-17k,2663,train,634,1
635,9b218ad4d05de0669a683854d15983232cc40e831f29ad68ae20d52e02f362a9,bd8f861f8d1468e33908789d953ae47402d66d7920e9183545d6ebf7d15396ee,DAPO-Math-17k,16906,train,635,1
636,6c8fc17da375620bdab00a151c5fce7862167b8c680e07fad90577d98b7c12c7,0b37e736ced298649559e244bdb32d111d55d83d63dcc94201b02b6a6462bd10,DAPO-Math-17k,15506,train,636,1
637,13a4046ffd5ebd42a671ccb39b516005455d3fe67d7cf11d7bce67d22718d2ab,ff4c69a045eb2b7d1f8198fde4caa5313e12e77d88eb99e215c52473a4569bb9,DAPO-Math-17k,7755,train,637,1
638,ea619fcb4332e59ff20e97d38c650fb7ce44c1832eea26f152301b208f5e45b6,983a713e74f2bb1faecb6203eb278d23826f6be496a76e7a82c3c2c19592aaae,DAPO-Math-17k,9097,train,638,1
639,8b09f389718bf7eef662a00d77e1727732f3247db55284001e3571bf937e63ea,514f64b0f3b243023e26a4038767c2076ab03838ee2a28887abfd78d23d1fa6c,DAPO-Math-17k,4482,train,639,1
640,709fbe3feea41adf108f7ff6237afc6a5e97d7ecd41b66c8fb0a1a2f9ea8c30d,08a5ad76f17cee1dcf500914a03dce9c89e72c72213e6f497230b4f90325fd5d,DAPO-Math-17k,5133,train,640,1
641,828d5befcd28ae5fad691e089322806b08cbb8a1cdc66df6dc3c329d6c224aff,6b9672dab81977fdbace9c53789d500c73777c4c41cf7a9c55c1452602fc5476,DAPO-Math-17k,8755,train,641,1
642,9d3d55e73ef1ea78309a769a402f657143ef1f0cb6a3affb420555d0e02da38a,5f70b638576d959c4441f256f3d1766dac50a737a853e3ebd8f5f393b8d3d8ee,DAPO-Math-17k,15105,train,642,1
643,b216280e80350a1ebdec097988c8ca7dd1ca469411be25567d5e5f77efcf5d0a,3c940268a59689a6dc21022401513fc12658db7de75a180b02e70b9b0c83694b,DAPO-Math-17k,9535,train,643,1
644,345cb2210c02c002a6e4bf64c07054090f16a1eea8896c261187c792d385d8d9,6cbed335c6965e4d20ee113a8494ef1620e28d5e0714526fc4deb0cb57661593,DAPO-Math-17k,12490,train,644,1
645,da69d2cf7af9441d74fdc941af754e95cf75f7f5d50b1076bb084f7da05f22c6,254772ced7cd7d167d679fb99b977b9d884cd997976a121268f8005671616d4c,DAPO-Math-17k,9288,train,645,1
646,d1a938d078894ae3f8d028a4c1c8bd14a16d6d0ce67886e133c3b1b2525dc5c9,9103fc23545bdccf4b9db54622960425aacb19bffba7a9449d1a0730d0d2b6a2,DAPO-Math-17k,10289,train,646,1
647,8bb0959ee3cdceeace0ebc68242286d3b9981f8f771b4ee3b6ba18117691bd59,5c306178c0951ce6056843b9379afaed1cc943d5b40325e15cc57e5d37b1abbc,DAPO-Math-17k,14377,train,647,1
648,b2bf61c9a3027a6ec195c1d31492d2955aa39f6227b3edfa5d4fe1c2e0a67949,11d0ec7d6f1c2276457bf16f30b27f92469febf8c115a3770fa5ae79cebabe76,DAPO-Math-17k,1152,train,648,1
649,52ce83c0d7faf0227927dbb4fb9e7964f68c944ce2ecba60eaac2da9252922bb,60704a76f597b08cebc787d198d278c1341c8fe3764204a5ca2d3d538fb53d0b,DAPO-Math-17k,14006,train,649,1
650,be3475eb665358a18018e3cfb92a99925b43e55a0d49b28728a765be5f44d1e5,bc81adea51c443c6ba936b84169d65f3c8e195123da73e312bf9b292f6ab7e1b,DAPO-Math-17k,9252,train,650,1
651,12ca23847e4a10a68aa76d8d36137256cc0e53baa7548323e12a3184afe96fa2,4cf5d4d6c4efd9465f6ff60605ffb7323f5abe296d38a55ebbe35906209a47cd,DAPO-Math-17k,11433,train,651,1
652,f63f4f12d5d0fe8b3c7148ccb331fd7d52c6669232fee667475d3ded0ec7f4e2,0b89ac8490e761c5a87bcb95a94acceb318d2de07b81d1f3a52ed6632c3edbdb,DAPO-Math-17k,3366,train,652,1
653,d222f99d636c2f632b7a06b6f5775dfc4b54a8b51ce9e9dad592769ea7895d5d,cd7dbec0e108e85dd1c2479fb7f272455b50a63d6f46b7cfa19b8446a22effef,DAPO-Math-17k,13893,train,653,1
654,8ed5c1380a03947cd6004a5d533ff11376d233ce8ab8f707a26513430c0ddede,5a123fc668eb77cb2d308d38f7807c79ca6f2017d8b110e5e99132e1b1e9b0ab,DAPO-Math-17k,475,train,654,1
655,9a7860085042f131a4e6c5cf2b98b45b07ed5d405b22abce5cf438e261a1b6a9,2280217f8ed321fea131299064ba06633890ba95f36925a2bb424f166b53149b,DAPO-Math-17k,4299,train,655,1
656,d1b95bf82f63ab1d7de571d644ebe7527fd23524e37a13472f1902688aa07038,caeb21606df54bad4d2a3a0f36078e2c2992e7513bfae30a6a3425faba7ae1a7,DAPO-Math-17k,2881,train,656,1
657,758c44eabbc34abe94e7b290875882f1e3fde243c535d2d7304fd3727e551661,856789a1567fa83c787f02ad75fe39b52c445f461e30b9fb9ff71889f634242d,DAPO-Math-17k,10832,train,657,1
658,50da988b9a24932a08c463984b0cd3e402b78e7db1222dba056d27881ae6439d,b83897c4da6487b1fd9d1a9e61de81d16d57c940e4c614900607a1f065e3a55b,DAPO-Math-17k,12652,train,658,1
659,604f11e14135e6fd39d6b197c4c85b0730f42461735a759f486c9054238da140,5bcb9af0f64594b64735f7c0e35e9c4ebb644491f35b8c433c9883f14eb8263c,DAPO-Math-17k,419,train,659,1
660,a15c2d2657c8ad552d64615f16ea00f83b49887f59622129700ca605fd20cf8b,4c126cfe07557b07238f52d4a743c508971e8e809aab031d72d8c17f04596ccf,DAPO-Math-17k,12923,train,660,1
661,71a02ef3f1431bc3b7f68eb9877071af222081eabb2dfc18ef3cd88087d33cbd,72c3e85b850b3372ca9f65a8956bb3d58b746c6b47d642dfa063803ce87deb17,DAPO-Math-17k,5787,train,661,1
662,b20ababbfad7f43fbcc6a57bebb67ec506ce44c973b69cf0e35b3542436588df,41d9a5eb8be578f0a62fb9bfc5498f36dbd0aa50bb281ebb5e4124b16d1452fc,DAPO-Math-17k,7566,train,662,1
663,27f87e59f07531f8d603115a405f7c724d723a91a8b499f6f16230715118b5d7,a890c84f82dfc06e61eb275d8cdf2c80767e12d6cd5f90c822a14edebfb72a02,DAPO-Math-17k,10039,train,663,1
664,d9857fe39893e69450ebd56e92a4eec8fb6530780b50672217012d7a2d898b13,a2b7aee59b47a06587b82313d5558aa1818d5326fa2de8121110659a26c59d9a,DAPO-Math-17k,15872,train,664,1
665,95e45503741694a4a4339ce5ce7b1b01c2c409b4f304a471d0f55d26df8f11e7,6990e884309214a746e37ba47f640635f585539cb4ff7cddea6bfea3181c11c4,DAPO-Math-17k,11067,train,665,1
666,645111403edb8b191f0d26d30cd298d25d25029d2fa6c561bd12764cdfe79e2a,6283068ef6f7e2f0f7126ecf8d40cb6d3c16455946229b75ae3bbb33ac8362ea,DAPO-Math-17k,13191,train,666,1
667,a4f8a98fd4966d7b9a65c98e77c3d2afcef509388ad92f5fd8d5e7e1a3e47503,ae9179a46473fabcc694821a8ef76b98c1bcbfb37ca1538e6bbf3506473cafd1,DAPO-Math-17k,9231,train,667,1
668,888b0f04239989f95f0ee8548fc2d767eb6c63294fd6d0256065094fe447fdce,ea5bfa98bc1f8adc5bf7d1fcdbf2061edbc4c00839302b64ab5a1e3f0ff66330,DAPO-Math-17k,10073,train,668,1
669,ba1aa69f2d01f2ff5fc31c1aeaa5ad1766007909a43d3282c9b1b7ce3c0c2c7f,51ca132f34b992f981dea992aed0181ddfa542d49f19ec963fc2a4cae1b9c002,DAPO-Math-17k,6939,train,669,1
670,dd58aa0540777ccf917b241f3420898df0f679ca1b078303a1ed6767d5802fca,a3fea4b64a385934db36853019edb79a42fcf64b63d9338b6f8574d20ac3105c,DAPO-Math-17k,7159,train,670,1
671,9d3d6c2848b748fcfdc2b1715e92d1d985935300f2c1eee8d0dcbefcf5efc247,e5da21fa9964c801c03513016e981e5fe609794c961f9779df597d746b225655,DAPO-Math-17k,1903,train,671,1
672,1f8392926e26b57dc7fb947fab12a0f312e0cebc84f3a08ccda08cc5c593d3ff,8b9f2c40d77f1837e9dd8aa829e046675dfbee04a05866a08bf2d4e451a02e6b,DAPO-Math-17k,3392,train,672,1
673,ec4dfad25c16bf0f1489b62547bd75564908cd5fda888c153a38343f8c891515,3a00f2599332ef6515ee071c300f91165d00622acbcb5de8a2ff64eb431eb581,DAPO-Math-17k,12265,train,673,1
674,7973cbbec4542e1457a1d9a721f488e6de5fcc5d1a7a01057b7eb84771232195,79f633fa325f6c3eab5174f5b22613d3cc9e46aedfac28917e376e71c2f16cec,DAPO-Math-17k,13957,train,674,1
675,c6f78fbb5f3027036c6e6e2962c9a8a0e15d33652166af6c48e8f8c870e155c5,9a455b777b6d7ac15d489e3adc8d69ce3ce5335d86823450dc6f7688edc99f5d,DAPO-Math-17k,791,train,675,1
676,ee2c036b4912e56ed735ecd0d5e805637ef3cf8c15d559c4f091ccf9fcd49eaf,3ab6fe94abb1ddd485956b9191e882603201e82a8436ce0d44a6946f77f0b463,DAPO-Math-17k,9668,train,676,1
677,ee591b81171a7e4b5ce68db7bf472c06f1dcbec07d97355ddc1392954731eb46,fb59a914da0835656a4daf5a52b3ef877dde8f386e0d8263be8a91ad86464659,DAPO-Math-17k,9738,train,677,1
678,296b75dc7b68a60ac53cdbcda340789cf9cb81c3436df049dd4fa4fdaa969b4c,bc923b7fce7a03327db11a2a2ecb5c9a3d51d784ced1ad48e694046dba4b7115,DAPO-Math-17k,13658,train,678,1
679,57bc8fcd3bac0a37b414333a094b482d6aad9e83a863ee23d25b737b71dabc38,3bc81ee34191b31ecab1e2e8581d6ad8c47416eb247fa2cc24fbea4a016b3034,DAPO-Math-17k,4652,train,679,1
680,57a9c021230a7d9ec180c73cd766bda5fa8e5c5fb8c2747c08fde17836a87b87,e434947bd51f7d787642cfc9c48867ff3c30f22a3529ffad5a944654faff670d,DAPO-Math-17k,8847,train,680,1
681,8bc76410a13e0c626579926371c2902dc2ca72259daf105a2f6117507f1e4ed3,452a0e36b1d3b0898924261a5dfbbbdac4b1e3ced6b7d6d1e618c554118eef0d,DAPO-Math-17k,6830,train,681,1
682,bf79856bd936e389ce0d255bc5aaab46ee5cecac13c77ebb7d9275ad636284fe,b86c78890573ef1f81cde6916cf5e100c8f2956928c681615100f200ac6c3fe6,DAPO-Math-17k,5878,train,682,1
683,037655944b4b706056f96c60d7cdc938d5b8d3e4537583c9ce07a7a9aab2ace0,726dc6016d471e8b49c9f5b10cd5f3abc9577d8fad3e8c786435bc171834b8bd,DAPO-Math-17k,8933,train,683,1
684,c477b1a6d195c7550cb559f4fbf8fec569ab31bed4177da0fbee22030e59931a,0009389c7782d6c7f750aeaddf67c98b8db467e501c3e8c614a560819f9cf4e1,DAPO-Math-17k,1158,train,684,1
685,093306abcc54b303b678fd5a663526468820a4cdc3f6dc3c34856350721c1ef4,3f97584c7ef42d4da5d203cf2b02fbfbb9e3f066308084178187c343c45a6c52,DAPO-Math-17k,8784,train,685,1
686,66f6f56b536cfaa351316ea9001304c971fd8c5f515b991a59755f5b94d27bff,b7594192e536f2026b2690f31c01334d85a4887dfb961f23f92fd0ce2505db46,DAPO-Math-17k,12966,train,686,1
687,d6b29b04e8d6eebfdc5b56a7563e3501c88dca24a180e6a8e01231c450ab1f28,3ee2d87b10de2b68991d236ab4fc92ad423587df47a8c2bfc5f931b2c290d0f2,DAPO-Math-17k,13950,train,687,1
688,d60bbd80a1bdfe61eb0b622f616c01d4d66bee210f05d6e5deecb49d3a610b52,b2c31c53c9d0c9055b7dca72f57236407cfc0b64e8bc354bd1b9960940f537a4,DAPO-Math-17k,666,train,688,1
689,782392dd04ebd71dc8b21aca458bcf5ca91371612fc570494486f88d30a41f49,e39473c8ec03bb013c68e093ef7207dd9c25f34abeadc895f7a91d07db48e44c,DAPO-Math-17k,1958,train,689,1
690,3f07319b30bdd3e6698d24f129eba4042973eb17e30ce6154393fda4294f59fd,fe00c1eb788f52220fa7fd6103119b797e2e10a32004c0871aa0030c3a558ef5,DAPO-Math-17k,3895,train,690,1
691,80f0cf5f24d9811d0a153c3ee296ace0fde5a3a0e17bdab4357848cec8d8b022,867e08ccf4026b148bfee188d9aa26ff519feb3d07122dec56147fdcdd9a34f1,DAPO-Math-17k,4342,train,691,1
692,a3fcc5f983733e3d7503e3b9da8a6f5034be302464721a6e71a7a945e863ac39,d16fa454ad0ee6a54272ed9013055c72ebf35e40a6069afa218f6f91a32adfb5,DAPO-Math-17k,10330,train,692,1
693,8eaa5ff55f9b9f4a6830e4c7fa5edd996349b281a2c01f28db5c89895e25a424,0937eb75c812e107b49aeff9af34d88992ad799202a93952e80b355de05680f5,DAPO-Math-17k,4705,train,693,1
694,847536ac028022e3f57073b05c4cb08400a0de702f5601fc03c72b95b3d2fd3c,6cd95ca15da8ff369efca66aceb40b20cd78b2653703decba9494470fb0c2cf2,DAPO-Math-17k,11910,train,694,1
695,158c3c832b1d63ca703f29ad7ab72a920e7b3021e9132faf76e6924d1bc795e3,71334a9fda1c28e5e9f4681ef14825f6611c132228e2a2d20a71a5ebe2ba0054,DAPO-Math-17k,15928,train,695,1
696,92ca61846e6fd794c7ac703c67abc630ada3325218fa8bb55491a8c427e41d96,f3bfb8d6a557be9e75105479a36a0bd77f3f53a7290dfc7b11bcffb912858a80,DAPO-Math-17k,15362,train,696,1
697,d29c1a44b19df7594954250e36cafeb9eb72fe1759f488468e72c38dce387d6a,db648d9bf654295c57c203da39bc8a22e6bdddb3c7fd39f185354a1dcfe7505c,DAPO-Math-17k,2552,train,697,1
698,e01047a8dadca602de6e5d27eb26f7ea4f37b6473dbcd76da7fa53355572d4c4,cb4c05c39e5bd69c42acf5474f2ba1f07c90378d32de5595ed6531875fda1c42,DAPO-Math-17k,633,train,698,1
699,31525cb6a34d13708fae8195140a89124568758e1ffa99f31db6293ccaad5f93,867ecb74bb8848916ba52996053d2d3ff1eb1724846b97c7a7bc7e82211638cd,DAPO-Math-17k,9833,train,699,1
700,84b80ed747830bca68f4e06680870a6feb4a0f51cc8dbf41a8e9337a354c606c,d3ea131b34a83d661dfddbec1028c4c72fcaa7684686ebedd90d4e914ef89277,DAPO-Math-17k,4128,train,700,1
701,c590133db2a1fd3ecca536252d2d3e66f3511d64f71a1f44ee4f976b13200030,90d48447d8bea29d01063c5cdfc138ed94cde82982ce9c1e225dfea677850249,DAPO-Math-17k,2421,train,701,1
702,2cc11a6436d2970abfcf66f525d9eb3ac0f4f074d987f10501a7783f1630dc0c,7d6f39c911feaeb4dc980c77dc6ee6362d9d95e8be26eba8cc52bcef06a7f1b2,DAPO-Math-17k,16017,train,702,1
703,316c19e76dd54eca8e83380f73b4b152e83b67241a9f3ee85724b02e9597855c,e705e9b75a753a214d3d6b1905c7b66875bbdc51ee9441de88cb7259b07f4a6a,DAPO-Math-17k,2890,train,703,1
704,d70a2a779141e61bd296cbd63e992a769e02fbda71028cbcf7c4181a541619dc,2ae8f0ae2060a73ac1baf61e15b671e562a3c8d0c99a7632b568df51299bae4c,DAPO-Math-17k,6325,train,704,1
705,0503c53e9b2d6ae085c7778caa95c2a803389ba32f979572b32b2feaabbd5116,ce49902e1f4f994c7fa1c9679eee4cd8248e29cf110e73b7b2eeb9b4c8d2052f,DAPO-Math-17k,88,train,705,1
706,13d63736f665451e533f4424888ed23aec45582b820c445781a6afd501fd446c,3446fe5878aa558ef0e19b9bf595a3a73d4e3f846db3131024cd7448caec041b,DAPO-Math-17k,5652,train,706,1
707,c4ba681cf53a1af783709d987ca0d187e328a7b06c414aa94311ecab15f289b9,4ef9e7815e0261f255ac4c78fdc1590ddd38763fbd1b253b435dd0321ee2d3ea,DAPO-Math-17k,4317,train,707,1
708,d71fd8ec7b0294af421ead8fff5c4c3f6fc379a445de69c6e914dda964fa1033,574ca5e8c4c5582511a6cf6aa39a21bee5f168838105ce0adad4cc002b0bb226,DAPO-Math-17k,5687,train,708,1
709,de56c257d31c508a03d6737daa0609bd2a6c8c02592a9e98c7cf9ea280cd81ce,6bfd7815c83ce4c0f39b4d4dd54611b4841c2e906240560ffd95fe12bf737412,DAPO-Math-17k,8958,train,709,1
710,19a9cb5a6084c17d366fbbf0b127520c3e68bac5a20cb75269477b70197c9141,bed4df4855b06bf0076473da80204481e5f2a9b80c3cc1a21e8bc6eadfd1b1e4,DAPO-Math-17k,396,train,710,1
711,5b3b5798188a681d397708a523876b93206452672fd0977c75f5a85f4b07e702,b4b3c360b9a05e0fcf5b11f41eda3e9944e100224619ba6ee24420d286012597,DAPO-Math-17k,16112,train,711,1
712,28ec7277b78a6a98ff3cd7fecc1199ad933533b871683d93d0b4604b4984621d,9f489765f8e3c0e1fe8e6f9904cae8b618b496dfd305c341a15fb3df341230b0,DAPO-Math-17k,7876,train,712,1
713,7fc604fe9d1ba9671f263218026e820287659e6a51df3582b494658f39743cbb,1ecdf31c4796b40dce19ba3abae4c8dc472898f3752a5cef4e426a91bb32289c,DAPO-Math-17k,4665,train,713,1
714,6b4919116f78a23be2ad59812034e299721cd6f3fb21e56b73cbcd83a42fee6b,870409d842bd2039a078e0747966f2c0be349f6743c696fbb5a1b4897a13b38d,DAPO-Math-17k,10920,train,714,1
715,e925e4a46e621c872a8ae3a7af59646200d283d5de2e8f29701f0acc198bc6a7,3f74ad1ff7e1c4d1d328373786c4305781498259af2d9e92979155213706d154,DAPO-Math-17k,7868,train,715,1
716,7f59e5f19f74ba186f7b9a814fc828158162b1ed9adbf78f081b14f36c350b4a,8d9030ff7403c23b7dd87857850ed6e1d36fd6ee8ceb7b5b6d269ab520000b8b,DAPO-Math-17k,12267,train,716,1
717,55c5f4609266a33a4390028c366017459d1144e5e2bdd3aeb828f736ea13b7fb,b01943d752393191a0e82130a8885cb82b63f3329c6b881b1a63efaa00c816cc,DAPO-Math-17k,1385,train,717,1
718,b3cdf1fd1b31ca72f35ba2d5fc4d4a6bf0defd4fdfa25581a54b1c75ae67164d,c26963277198e007636db71c8cc7a9cad97329857f264f7fac1ad9b8166fa397,DAPO-Math-17k,8640,train,718,1
719,a0dc6a8f2000ff527b2b6a8bfdbd0b1b61a7347ea555b975874a0582d163210e,0b224048ca1c41e632176e5f069c7bbc762df0e51311a2b429eddce8a185c977,DAPO-Math-17k,7410,train,719,1
720,576f7e065f8aa8cfe2529ca78a3c2a6318e344b3c55701c36a2a38fe0cd0d199,3ea8e877e09470c01923626e5eea6de52460b3e5db58e12ba3e1cede0adea235,DAPO-Math-17k,9541,train,720,1
721,99f36daa5e84444232d4c3c182e854d2118ca1b082689f1e3d0bf663fd0f6084,2d4347876775f72987a407f3ed1cff8290e2f4301dc660af6848bec3385867e3,DAPO-Math-17k,11117,train,721,1
722,4c7f754558dc2e0f6a16504513904392bdeb5c9c197c1725ab676b28131122bb,fd6332c027a3c08e4d3a59d018ba0c33d8d98a6ee47fa37e5430c0c86f8658f5,DAPO-Math-17k,6653,train,722,1
723,27b8888cb174cc7bf9d92a2d191482f6ef06dd45141294ed1d6517a6713de7de,559ca5eb62d0a7de6d59c102310d19219062ec4059b5804ecc61ac2ae2d58cd6,DAPO-Math-17k,9090,train,723,1
724,ed31a2908bc10f670a14ef910f62690b2945bec73373dfa144d23c1ea72c7fb0,7ba1ac3ab2d52f4b5fa3121bfb9a8fc673596c3f46c65341b9b8e968b77662de,DAPO-Math-17k,12565,train,724,1
725,91e531d5bea510783eae66d52e42b21a46a22f63b43fdd34f3f03a6f21aa7283,aa7c7d323de1637a420fed9cf95158419eebd7cd3b3bf51e89ccac0ce919b181,DAPO-Math-17k,8369,train,725,1
726,aa99d9d5e58f5501d08db6db3a2c08f2a7d746e6ff54af83ed3a9daf6e765e7d,6102b33d85929979fcf429d09a5bd597104d06a5308be9ec5c4be3b58aead84f,DAPO-Math-17k,671,train,726,1
727,a159899692f6450e9a3393027a93caa84e8f2a816520c00bce06e22aa5c10ce3,e50428c395f105a072bcf2c069d72f0601bce52f9a17319ddae95cb95d8843c8,DAPO-Math-17k,7071,train,727,1
728,3d293fa1ba7a3c649782ae397a1b8738ba678ed314d4d7283f51594d89d460d2,5f133f114511c8e4bc3447abe752a308ef18e314abdbf809a415f804bec4fee8,DAPO-Math-17k,6155,train,728,1
729,d42e1f9ce257fec08ba780281692f009f79ffb3aeabe8831bf5a55591a25389e,0bfccf0cc81c99ac106bb61d50319bc46045733fd8ebe266b57c738b31aab622,DAPO-Math-17k,4766,train,729,1
730,c4971abac27041d07a70722aa6516b5244e12f7152225d7dd7fc619d0e7a1f63,223b61633c19cae0aa2ef3157d916cd5d896e19f8aa4794ed86ecc29d9151b6d,DAPO-Math-17k,16683,train,730,1
731,4776930e6d758dcf9cb731c2c688428699a731cd1f41f543a856203a686da58c,00602d42bea42bf5573339676df3a89833664bbcc30783595f9870a206b4c27c,DAPO-Math-17k,1750,train,731,1
732,ac2b0689f4e485227ef0611aeca0e9469d924d8aae89481a61960f7e65cb5bb4,1d90ac8145075d3222bab96900fb28ffeaaf842e4cbc97aa99ba9103a3be640e,DAPO-Math-17k,2935,train,732,1
733,d8314d3ccd0e53fe8201a5d137415ac3a2a3fe43a03cf6f09fdac8d491ca944b,906139ea225930067b4ba37ffde263bd759a63b4b7538836b5775dab99503aba,DAPO-Math-17k,4230,train,733,1
734,4ad1a9d5bbf3c343bbe6e056ded96c677852e2affff7836fe8d592e2a1ebd1ca,864e605fa8865c6c0abf535804d803b640d090ef8d8d56caf562896d831f91de,DAPO-Math-17k,14065,train,734,1
735,7cfeea4c163cac39768c04f138559940ca6e07ce5a1a512c5063eb4b7a6a7e7e,a4f970202199bc4a50e676e5a09fd894b22594196054f800711a3ff863c08b7b,DAPO-Math-17k,430,train,735,1
736,a2eabbe73976ce8e9265ae428257196491f3743d0e03df99f1170a2fee8ff186,120655863763e2f895727f4254a164199d67aa18465798d3561103bf3549918a,DAPO-Math-17k,8009,train,736,1
737,c828354469c8f358701a436f07a51b95e5a4875926f24da512eb110dc7b4db85,6fbcc7058d2803302cfdb5028a8e3919572784c9340ca432dab91ec85ad1b02b,DAPO-Math-17k,9429,train,737,1
738,1b7aaf6a323101ad3d633dba55535641c79d41c34ecd74997483b630a54cf0eb,ee3976e6916f13e0d7d37df2d0b42148ff82635faa42571a490df183402d75c1,DAPO-Math-17k,13934,train,738,1
739,56a5a9969ccc5a434b97ef10b0e28de9db5b7369c8c86382854845c48979ef7e,edc6acbd29173c457103587461e08b40c63515d4d5e58d145d05ca449b6083b3,DAPO-Math-17k,6689,train,739,1
740,e1429f50ec0fb509bf669c159026034e12aa4919d76c7ea7a245ab220697e41b,4340a363ad658c779f9955c1f26f5e9dced58db1b282b9483b72df9a66dc0748,DAPO-Math-17k,14930,train,740,1
741,9c0260de058c56e12bf0d9b20ceb80dbd43aea6c74ce27073357c4a5ec8d5961,41188440532ee201fdf68630b5dd4b090053e97888908ca53030fef7881bff14,DAPO-Math-17k,6888,train,741,1
742,7a2189f0954c8f303e1f6d601623e74c5f75cbb9fa904eb4bd3afebf06293629,f97c922fab3eb956a9bda65e85485bfa09a2f8cc63104607c7b44d5469d0f8ba,DAPO-Math-17k,8101,train,742,1
743,9aa7a3355fd3069fa36c4a51fb896061bca10df0e28903fa91181af457e21137,0b35efbc255d5de50ea1d3e9f2cbd84a9c6a24c82e43cfdd1f0cd886c1ba5231,DAPO-Math-17k,12241,train,743,1
744,c562c1e0a3f8709666b4f7c51a23c6ed1db6fd81ae570a9c09763aba7f3b0bc5,63a8c7a6b3cab33e55864104a84f7be86871b71c39ec17ade9f979f1e35cb256,DAPO-Math-17k,1835,train,744,1
745,850d0a29cab9d6cda4f17ccb77774b97d15162c3885a2da06393adb8f840d7fe,65e33285b9a8cff7733a4d4a0004d5e7fa31c0c38a762d7d9d19cc380e4a2a1d,DAPO-Math-17k,10942,train,745,1
746,86fd5deb7343fb4e8563af88d39c1cacc80b3893e2dcb72783a7983832c96faf,1b5b8998c8e1b1364c22fc8726ec449b88f80b19a32eb954d65848de0b748868,DAPO-Math-17k,3579,train,746,1
747,bc2f4012944f9bfdefc0dabe8f9fa476184a5330fb5c585e00884f810afbd277,55e0c6a0c87ca67ca44ee99e947f2236f37cbe974c3a0a24a7461849b5a4e36e,DAPO-Math-17k,6703,train,747,1
748,0976430779a5bf8b1cc0e277768f8ab1e1810e09ccd32c6aa8b130f5675a1238,6096f18bfe7b038891095a0303d6a18d7e00d188f2c32e4a0dd0adc5bf4e7c12,DAPO-Math-17k,3856,train,748,1
749,b15f8b29cc7210088b05eb23b80c1e3648ac344c9649a0709da8b6d5fb06c993,7f8528281d83072ddff9d559a5c019d0a825e4e2aac000c0ad46455b461ff5b4,DAPO-Math-17k,5888,train,749,1
750,764dde260f132ddc30cc5e2804f944e2b5b91ad5ba6b63fd61f2626cf069c140,76d57487f752e607c56249d79cdb62bb7badc901c6e824ae33c3cf85116d6a05,DAPO-Math-17k,3917,train,750,1
751,3928bed35bb948c02528f472e6c641d8da5b68a0733c6f17fd464f77ae74f846,de3757907dfab94bd032e6d514066f7db6ea355fa843e8f647b8cc085c31ab02,DAPO-Math-17k,11618,train,751,1
752,d11ef5e13460940166ba4ba31a7c695abdb169336e8f2e31943cd2df99f5f7f8,d869eab9f61c6a293897dc267d19e47b2fc33b15ad501c89fe167826955e8e55,DAPO-Math-17k,10430,train,752,1
753,590d0568342b9dd693a3d75acc32859073fea207ec1226efa7b45aeb33f202a3,bd51dcb76dc79b6ad395d5312b9ff9705146cdbf3dd0d75e2780bfc0632c1edd,DAPO-Math-17k,1255,train,753,1
754,fc27d41d60d9ceff5e29884b8ec6436621ea1e72a1b03ec18e00f7b11e6e2cff,66fd95fd34003591d052610c289822ce6ca68a288792ff179e65f7c86233538c,DAPO-Math-17k,10034,train,754,1
755,988e549388cba8ce34314a2541775f61581fead0834a1bd56df888aa84a137d3,628a3f66caebf48a74ce92ebb44aebe828d86af8101d7facb79d77bf67edea8d,DAPO-Math-17k,14662,train,755,1
756,2bc06c2b44bfc23d28c6b85df70157f53bf5800bfab24a1da7ef2faf38cc2b6f,4167fbf138d38f60ea6e4887979b1e6d6f876d62ed566cec933ab7fcfb66e1c0,DAPO-Math-17k,8735,train,756,1
757,1946cec2235941a652684b00e8147be0c983f0fd42a9801594a86cca5c9245d0,b24e0f30a35470da6a32e304fb39e89c43c967bbd71a0f6a47216260406b46de,DAPO-Math-17k,15559,train,757,1
758,f0e08d6868fc4b57b12b27ddf4cda30efc5831bdb029e77fda63e5ac173e8674,143abe942fff131baf74348144aaf4344823d8dc117b6f676b9d8bbf0681b391,DAPO-Math-17k,2794,train,758,1
759,338bde9182d5d4eccc1dd7cf6f2c5fcdd665b4bcd060e65319ba17d8e2505212,902ac1b0701f8fd802fbe3232cb03595d168cecdbdf5139a2adeaf89e3530a1d,DAPO-Math-17k,6986,train,759,1
760,8fabb385775ac266f4ac5384aeaa9d75fe053790c5beae37c62a111f682e8cdc,752040c28d93fc8bf0b3367cea1a15eb5b582d64905303accae57f65a92f5aea,DAPO-Math-17k,13372,train,760,1
761,956224f7c08c99820f3c19836b417f2e20fef33ef9b327176ff31a3276fcf9a6,69f51933dcbf09e9fafb32fc9a62dbd92280fe2e32d185e9dde78c36c965ae53,DAPO-Math-17k,13801,train,761,1
762,c707b83a01c03e07900f9f688e8f91bc606f3574b117c99a5fb99ab5fcce0137,834462b5e1cd12dbc384a607905872afc2fa5b8e24f685f9c4fe30ca8461e27b,DAPO-Math-17k,13031,train,762,1
763,7fc3ef9ec74a6c48112c42f828a434ce6786008726d08877262f6e1263c01c58,82de374253beee716d16d81d1906dfc1a1eafca4515dd4744c36cda90c49bd63,DAPO-Math-17k,13852,train,763,1
764,0e742a810218fb621707552c8ed5ffe9c85e326ebc25a13d3ca4ee1a51cbea23,fcca2f3bdb2441bccb6a833718eaa9a02e0c666ff74fd045081c2711406fa991,DAPO-Math-17k,557,train,764,1
765,f0ab9ba4c4dbb8673dfcbaa9ca847874f4c29e6d65caa7a8bccecc69b152b541,7fb49a8b9cee4b413fa12b625eeba8b6199890bb6fbc8ee2ac7713ba26ae269d,DAPO-Math-17k,2069,train,765,1
766,392019105056305e9105d0a23fdadf13f3bb986011b7876ed43919b7cfed457e,edab31e573627a587e6159a4befdc15fb648d256d9a2c25f4f8bc75bce3bc3a5,DAPO-Math-17k,1263,train,766,1
767,67e8873a68f2c4d2c53c1bcfdd978445cd121761702c5cf75c899d16b3769b2d,a78b053ee0a1700b931ca93965b33a13da0e52df520cf68601a3daa826eddcbd,DAPO-Math-17k,15304,train,767,1
768,45a5224efb7e316e42f2107653449507394a67bb9c27b13c62087244d7417cad,821fbe8680b07fbe13e735bfad3287c3155548f86e0eeeb7311fd740270c6004,DAPO-Math-17k,6344,train,768,1
769,597106f40b02ab6ce81fbaa2fcf68d27df0e02484c91f2bfaa8afc560f900774,e799aa7995b6a3db28bfc75adc8f7d49f06b4cd146957aeaac0ebc65057a1e96,DAPO-Math-17k,10841,train,769,1
770,d0f1cb301d41aff30b4c0dbbff0afc51ef8180d7ff76a4fc9bbffedda9810f32,48191d52dc155003e1a7b2ce3738c190382381a9694648017d3db7a3bb0fef21,DAPO-Math-17k,11196,train,770,1
771,b0adaf317250ae70a1e0cdfc37e56493e7b3a0fa47639cba73fb9d43e7b8c6f7,cf24d1bb903542060fc7c2736a1367acf4f417074adff8939614f8942a9d630f,DAPO-Math-17k,16191,train,771,1
772,1e41828bf8472dc884969283ce7fca8e605aca921b806f99c37a31a606935099,4d9342b7f2b7c92980e2f1ff040fbb9f8113dd7853a2e576e0ffffd7b7f916f2,DAPO-Math-17k,10419,train,772,1
773,8ce6c595366d3acac7c615a8cfee6e17f1ed8487e7e74e78b4a14d2636d18cc5,662b252c0a990c0c87f84f5eb5d5231c536700f9352e485682d48ae2262afcce,DAPO-Math-17k,12034,train,773,1
774,500f95a550650e61c3fad4230b8bce4c11016fa9c28ec51f6408228cf4627fb1,e5e9b3e5b9745814c7f6ad7107d42cafa6dcb9466cce7e27aaf10e78b9fb6e75,DAPO-Math-17k,1614,train,774,1
775,548c0276d56fdf40d9ec46305d4701c3b3b429479e725d11e59e05e90fba814c,14f55ac85bf7bbc99ebe0a5ef937a8eb3c895f912f8b07d3505c5cf6203a3fd1,DAPO-Math-17k,635,train,775,1
776,f55b4ce4ed7dde302f8c9080a96209d989a5452627b81217b8a6bd81dec7ee35,3b219baf2d5c5b78efcf1b36eb022bfdd56d8cbf96682545da12c06ffbdc21ce,DAPO-Math-17k,10862,train,776,1
777,963bc7d39b7c6e380e2fcfcdcf966c085e8570291caf853c775963b6d91612ec,1b8d4dd58291a4867c5d09219b9cbf912a97d85a2a26e090eee1e45b8b937dce,DAPO-Math-17k,13687,train,777,1
778,2c91ab876ff6724b9fc270a146cf6afd6021cd8deb736f4912a29e000c03c2f5,863649d66554a2a3b5e9f9822feff9b8afc0132825420e8c096e0477772a6687,DAPO-Math-17k,1591,train,778,1
779,65cc0787c96e91694a3221043e8c132df57869c67e50dfc3b076fed71a90e3f8,12e79a6bc8d317bca3e37585ec31bc483d96456a10288f96d12277f2fe934b14,DAPO-Math-17k,4836,train,779,1
780,6b072f96838678e34084c023b2f80a75e2151eaef0461464b8dd4a9e783541d8,85cde8c52222cdfa25630d6cec4bad9983928ec44d7af566084db7090deaee59,DAPO-Math-17k,14775,train,780,1
781,93d492186890d054bcd9cb474301916e89635f3ca901f54ff89f749e66e0df59,e99060da84f91a9d6da046b54370f3355a632e4bccd7fc8fd137e86af2a4db3d,DAPO-Math-17k,6606,train,781,1
782,a392625eafec3e0a1274ab87dbcf5795de177b28eb2ca24b69f113decabe4553,3301fa046fb1b475667a75d54026d9920ff5a793ef5bb7408c349498ddfa0211,DAPO-Math-17k,12331,train,782,1
783,c8d8e9515182bd1960cd2d9e3c89040851c83e8c8144f6dcab9d0d6354aa6af4,30fe0909540d5a5612a84a83d5075c3ea1b6602d486e3be33fcf0ce650556468,DAPO-Math-17k,469,train,783,1
784,5c054c270b7c924d34f7816ef168519d6b1167d9cce3e6975920e5a0e3de44ac,c48132c69c7d2f44bf1792e6e70046e1bdcc3e9a569663f5be8fb087e31502e6,DAPO-Math-17k,7790,train,784,1
785,7be72c5ef088e2457fee1bc1dccf580b366f7dacc944788cd34fa30bc26125a5,4d8047ea26b87b81109bc507896254f878c2493ed517400ec091bbd6d57cff3c,DAPO-Math-17k,2264,train,785,1
786,19a40ef5def59c26996dffba0ea7f6f7e0eecefc41876e48bf1480037266b285,7ea1eaf522ec951b15f60619f475f213360da264e09e12f4393472f0a6edda81,DAPO-Math-17k,12902,train,786,1
787,94f3e1c87ce0b5fbbafbe9f56c92fd9eeb35b0983c8c1ab4f7286ad36e79a099,c1163b830f589f8935b67635c2fdc83d64ddf7be2f11b3ed1c6304e48b707e20,DAPO-Math-17k,14279,train,787,1
788,5e8349f4c90e6da8c9bc97c4825f2629bec1e76451d684132265b57b7e79a616,2d6ad064786bf7e6a1fa81f3348a9a9d1b5883df5f3bd5087e1d4e6aaec09141,DAPO-Math-17k,5767,train,788,1
789,27d67dc766c07e69e0be5461fe853e76c96cc139e40e80a78155d5ca4faeaa47,f8a5e6ad62905d952340f57c03825512b72c7622c92f7f49b4f109d106d0b39f,DAPO-Math-17k,16266,train,789,1
790,97149d1e4edb2b5394f6430626145595d4aa21e092a4776b99d96d869c7cfd0b,75204857bfc481d112207bccb0ea0deab585a423652cf679d5eb244ccf939236,DAPO-Math-17k,11369,train,790,1
791,d67ae77e8e79f53ce6439710fdee310d02e7f81da9eebde0c8f5478a4b903384,0389a600d58f6ce8cedbeefa34b481af809e5e1321af396c28da4ed444b24aff,DAPO-Math-17k,7141,train,791,1
792,dc0cb2176096f1a5cf1864d54dd18b01498bb41f51903fc7e183756fa4014789,fbe85e4098df025107532ca98013ddec47a61f39a220585ca9386796c521683b,DAPO-Math-17k,16908,train,792,1
793,a646f677d697f747f20c01548e0fd81d42ff52ad792b6ce52c2e57acb55eced1,d3471dc6dc42311546892bfa13c3a12fc085b7be4ca2384eacacfb91253c8555,DAPO-Math-17k,1801,train,793,1
794,202cf7fa85332e9596d0ce85f7e1ddf04647e9a1f193323ae4362a88830fb067,de7fa116fbeee4a4a0c46699190a601da2b2ba584422b4f1d72624bf00218250,DAPO-Math-17k,12025,train,794,1
795,091072e1b585bd2aa60de44c27c2928a02c1561be969dac264bbfb255644f1e9,7d5cb5b7d7e297d8bf8b2e04e549e3f0e695849577b2bd4d1f88a989dd8cdc29,DAPO-Math-17k,8604,train,795,1
796,e88d6a3276687de5187eac52d64dc22c05bfbcf7f3cf4244a99f0d8af9b7362a,5fe2512b95bd3cc51abda075ad8026583fd48ce9c4bcaf0c47d9eb530d628b94,DAPO-Math-17k,2927,train,796,1
797,3db4249c81e0d00a045363f2aeffc46c8dc62017e9c17feef11f96ae0ad527fa,f8f703b94819a55e897a761035464ece1532df2f8b7cacedf8436bd8ebc1ec39,DAPO-Math-17k,2563,train,797,1
798,a30fa76e22bd5cfd41d997c557714ef1376c8835288e0ce0dc1fa7de47e2603e,5bce78eddbdfa771f8732983ec49486a1ef27a777b89e4b913b52735b817080c,DAPO-Math-17k,6602,train,798,1
799,bf645d6cc8c17e0febe69eb5401fc1568412de6d434d3299a646b4d75ad01739,6d128f4d1f0a2a55c407bfaf61f4ba00609439fd76dbd2ff263337be9979a3dd,DAPO-Math-17k,7142,train,799,1
800,39181b25ec79787916d53b974c8801205f2e3b6332b4eba976acc88b33f85505,9b5e55ace2c21963171d4aa83d8720cce28726508a05ff061a4263a709c61c14,DAPO-Math-17k,5159,train,800,1
801,2e9140fb6fe16a4e1d056b886504765d8fc425a3240ffce2e3c8fac344447526,bf25382475f511a19998cd21b8f9b867b5b9aa609617e461891948dc0fc0beb8,DAPO-Math-17k,16312,train,801,1
802,e61a9a27ad4b30863698dc1694c840d15f3bc79a29b33c9f09d518e672f91642,585ebddb11227369afbd99d82d138303d0431a5f10fd9a0f2b9a8bec22826d15,DAPO-Math-17k,15044,train,802,1
803,10f0011d8f284a202aa6f330c4ab9d450dc867d182f96cd9886acf29493ac74f,efdcdd2dc0b16da891d0a3107de7c27360f27c0809b67d78deb7e1713b1ee9a0,DAPO-Math-17k,3166,train,803,1
804,690f12c172b64be0aa6bc721433966b812a4c74464d2e37fcf8fad64ca15987b,9cca20a18bf54660da5ee7fb5999a8d5b8792686791e7e7e901cea5e92894df2,DAPO-Math-17k,12482,train,804,1
805,0266ae880531104ab23b648dcf5c5419425319ba65dfdf9209e52293a99bad01,69cd2748bc1c7c3732de9b9eee1ed8093e4a07858832ae181abd8bf8641d433e,DAPO-Math-17k,7181,train,805,1
806,e972854b7fb3722b27bd19d2858d3d86a17fb6d8d84e4a9c56868a43187e56bf,9ce2c0348cff467aff9530d3a45073ac0d80c9a9cc88d0722babc491efe848a1,DAPO-Math-17k,5915,train,806,1
807,c535327753d6d010edd66b86b8997acefce4e9aef09a1259e4c092d3452c6373,b1691d56457d11ce4aaef514a6284b726f6a4dcac51647bbe6e99e5fe02bff2c,DAPO-Math-17k,12408,train,807,1
808,cab10ec3eeb82d390ccb3b168bb7ab8c468528fe519eabbe231f21fced075fca,41bcc8bd94de69d91c35daa3de4747a97dc37a106431a94fcdecca6b4bc8868c,DAPO-Math-17k,4405,train,808,1
809,c940c670181084706ffed45df84aa919c8200d2b215c1ebbdd98e6d41a1f6a28,5f33c8571c7e09a6c698e444bbc291cec5583162bddc675f74b502d14807e910,DAPO-Math-17k,3979,train,809,1
810,efa566688f923efc26fffe04fa13ec50b2734bd0d43fcf0d31fc2d3a9dbadf54,c33346073b2adc11416e7f74685761a8039811ca9a71f371f8844e2f4f83f0ea,DAPO-Math-17k,4900,train,810,1
811,f47fde011d0c87b411839d4c75ffa827a74a79fb22e2f996bdec725c9718bb79,dfbb054da5d5e2bcef28c8c4495b42c93d59d3c12e2f7c67626791dda7cc8352,DAPO-Math-17k,3272,train,811,1
812,4f8a0600d3c8dc1fed048dfdd7bcbd6ad097803935b1444a649269930c45a948,c73ab9000076b88b3ebd5159e0aefc45b9d3b564c8a10e8544a1e8ba3942ef44,DAPO-Math-17k,14578,train,812,1
813,6ee410b0097ff66e3281782c3e2e2f6f6cb16073783d09e4c964175dd7685831,28c0b8bf90470084a3343612599ad7b8f9cab74d8a401aa602417a2c9c971eca,DAPO-Math-17k,13234,train,813,1
814,03b83ceece41d5aacc21ad1d8b9bbf8c2672217295fa01bba392b7a70575f1ad,cb9fdb8906cf7fcd1d59bf627b0067894c4fa854f169751baf993e115c3b828a,DAPO-Math-17k,16246,train,814,1
815,e585b3c463513ef9c81760dcdec148133142e4e207e1dba4acdbc1aea0f9f9ef,1be87f5b67da5df3347ea6b1200031f6bcc4ad266dc8f46e00ede8b97cee06d6,DAPO-Math-17k,3501,train,815,1
816,c76bd39e808b83c26e03d807a8bcc343b4eb939d904f8faa5737ec24bc0ad551,19b1539ba05ab04a0d3e809b1177d50650bffd319e678fdc633de897eaa7ece3,DAPO-Math-17k,8348,train,816,1
817,dbc2bd9e8f3463d9f8e86faf167fca5d6c5e04520999ab89e00e22099e694298,0c7bc3e966260fba48139f7252406a753c38416f823e369fb6f08d950e7da11f,DAPO-Math-17k,7957,train,817,1
818,ad23d86013912a5cd9da790397be35a3f42b42a286a47806c015e577829a0cd3,330aaa7ad3c725824ec37f03f349b490f449adc22a1e00413c30cd369f9de669,DAPO-Math-17k,10000,train,818,1
819,1ad85ed75f31f8546509c8f70899b6a573ab9244ed3b1c95de8068cd888c965a,92d8d47b8a1399c1128bc8428a242d1b83ca752c99374456e885b9bcc110851f,DAPO-Math-17k,15461,train,819,1
820,43091061589f862ad8f2a0236eca92f7f0b979f408884a36db016e9a5425d06d,9f2552d54f9ee30d044c95197c1d18e70f4e72ff9cf21d64ea72103b3943ff2e,DAPO-Math-17k,12557,train,820,1
821,a24b2c79469cc733831704b8d02ef16a3c9a455c2a22a1b586f0e41487e79c94,7726f8e7efa995e7fa8e5fd0abfaa2c112922a70de7ed12c7a1419cacfd274f9,DAPO-Math-17k,836,train,821,1
822,7fcdfb2516f020f63923acdbc6ff03fff99d38946ca749ca62324efe29c3dd08,4348c5eebbfb9ae5a3a3d787267ec354305eb550df107421d075bd6381be8ed7,DAPO-Math-17k,3851,train,822,1
823,accec792255a7fb981b4015401299d1a40545ec903dd5b8ba8e128a74cac857a,a54e93ad993bc73d37719e5ce1b36e87df3ab1549a1a525bdeacf7405fca7a84,DAPO-Math-17k,6311,train,823,1
824,753bafd939a35caec961cd4aa7dc06bb96fa50d9df2e4a12d9f0a64053213db1,9e57f34d1d4774c84665e768639c7b94fa2dc61ac92423194b9cd3efbfd0c89b,DAPO-Math-17k,14211,train,824,1
825,cc3c1d14f32b0badd7d371f8c348c228777f49c549531bfe1a74d429fe9c6ef1,ff4924f9f402df7835d3882700a118acfa71109fe034f432de78af559fc401c0,DAPO-Math-17k,7050,train,825,1
826,98802515fbe53cff9d1ff5b6b6b44415d3ea32a2c1f20cadb021e689bf99bdb5,1770ad38301128d29a65192d8c19693b4c239626343b36a2c0050873324f3a68,DAPO-Math-17k,7696,train,826,1
827,29ca008214d100dfc3ed3f98ff1d561ad1513448cccbbd55bf2c7d45cae4ca72,99c9a9d38c557ee9b5db9612c90bcf8918862c67cc71b4c48906d1707da7e3fd,DAPO-Math-17k,14111,train,827,1
828,cac48bd890a6440be405c0b6be88f9b1ed327f3c0d13258083ea1f141099f338,ac67f13b7f526a1ee7f3df40b0e599caee3cedf9e6a0e993b969658443fc6ffa,DAPO-Math-17k,9946,train,828,1
829,d4c55cd930d0efdce580325c2fdc5d36e788d002d240adeb563b0c9cb98696d0,027630a7a9c282733073f3914f8ff47e8869d52525b3a274c492928dfa953d40,DAPO-Math-17k,8652,train,829,1
830,dd285d99ec821141d0fdc74f2ace704847bc0cea2764f4d9c941b4a238b0c76f,bb77e5e94bf64d5105fad141e2c170de3901198fded2a6fa549cc59294f8987d,DAPO-Math-17k,6998,train,830,1
831,7b66bad0171793c41a877af8abf1b22eca5036c4ed7fb8156cc0eb017085daa2,97823be72ce10ce1bb7cc67e4ca1ab8b0b10d32b939abcd937ae293240d38282,DAPO-Math-17k,12903,train,831,1
832,1a1efca1a0c6822a1ddb6582cb613eba0b877b0485a866b2f3a03b4d521ed27e,efff4e0610e5e2cfb18d20ec402723f4083db11650f1451c4cf87f3a8a35a269,DAPO-Math-17k,7231,train,832,1
833,fec604e5f71ca90bc06ad0d504d2a205aa38612045708bc0af930dcc1cfe784c,72d8b96d2a775c9bd70b366bdecebea4f66bec103236d6d1db166d41a70271d3,DAPO-Math-17k,5110,train,833,1
834,c121dba3d169f4f4f942810528818122db0ee448cfcb7b4e5d65f33c266dd81b,af9477f3895aaa6ff3691476594035252e7eb80145488c85a685bea510f87c00,DAPO-Math-17k,16642,train,834,1
835,6aa4b969120bfb643ce02a48a0cc991775b4386d7175f1910ba2176ac14bc8cd,b35f5be5b172d5887f82a2ddb900648c71799f09a57b28833ae2e31c0175ea89,DAPO-Math-17k,1486,train,835,1
836,6499a11d5c64cbaad093db8f4ffc75d9b11c64cb3893ccea257a40863ea3866a,4c2dc8d8a009a2bbeb232b11ffc072720265ffa498912af4b86e4e46d1eecb8a,DAPO-Math-17k,1036,train,836,1
837,6053b7427623f3fc849d9fe79a923ff5f014333d3cd3caea52512e3b6deec112,feb7f2f45127cc6cf51fcc310ad62546d2c40b5334698c854b5ebfbac86f180a,DAPO-Math-17k,16716,train,837,1
838,87a81738e8d10716b0b4b728d26a6b071cfa47206a93cc1117b088ea3696bd1e,265d5963f32d15d1e4b2d38fad0f5340ec5df25eda404d12bd9e6b3dd4a8f6e1,DAPO-Math-17k,1939,train,838,1
839,a279bb929b11bfb46850b0950c0067c3691db5e9f026d8e36dd20bf049a1ed83,e6bee29319aabfc15128432ecc3ddfb0800ece5f15a5a8aa925eb0075c1d5570,DAPO-Math-17k,4921,train,839,1
840,d432b33b719ce3b78868f2e96111d34657f284d86f039afa9a93dd123f66a1dc,2132afe9d12b67dfa38d8fb2c8aafab685a24083db7289dc5aab4fc26afb55c8,DAPO-Math-17k,8237,train,840,1
841,eefcd7c1020c5c89a6258ef70892595cf428b01fbf77d627ce5f03aae96b5b51,71ca3852bc8a006ea379d18c61cf8b2e5873620d3a6068e914a207bc5dc41f34,DAPO-Math-17k,16,train,841,1
842,651f8360b16bfdd4a83688d2958fd75d066ac581a94531ed94fbba6ad8ed1bb8,920a91a4bc88f2cb41cbeb4be973075525ea83173102d9550bf3a1c47c4f9635,DAPO-Math-17k,15291,train,842,1
843,2d8d31da9718b647819114ec68573aa1aab07772b9795390f42bf94e4a3ffe78,be9e879297dc450346a1238cc34ed1bf91e751c7f8e210264ecd16d5a3d9b1fa,DAPO-Math-17k,2967,train,843,1
844,9b1208a0e6a795d80ed98c45b9d45ee8d171de040a0eda795cfe98cfa844cb89,9955684574e039d0a1f2b1526b0c431da241ec94bbd89403a3ed4389bee4f494,DAPO-Math-17k,3161,train,844,1
845,1ce28ceb927b494f095df102ab477d5995e60b7cf1e59409281483e3c9ad84fe,1f059534d9ceba4ab7867bca70f94dfad4131d629ca9e1df47a2f89d5a893506,DAPO-Math-17k,9168,train,845,1
846,efe93900eeb9ba09b67e0945c614b233dfb8066f2dd41e118de143a9563a1cbe,aa3e751448c49d5af0805f3ad23d44483b7c1cb10ef4a6aa1334d567474c2a4a,DAPO-Math-17k,12801,train,846,1
847,5acab5efe86b6b8b9b1f23a53bf2695ab45175979d9d2079edd7be76a719a8a7,7ad9cdb722f4b8e46922470bac000d0a0079f19bd31d53da32f6f7541f826b47,DAPO-Math-17k,16377,train,847,1
848,d17eab3bb7ef880d6620e2b8bb46211fc73ec304661934ed9cbf7abe31ac389a,5ddbfcc827964ebcdf30fb31192d3bfa7a0b85ee41d9fa9885ae4929f2ebe58c,DAPO-Math-17k,8992,train,848,1
849,11df8ff751b93b6ad91f83a4e78069acf0749dcfd6929e4402459109b853ecc9,ef48fc7d36d579c0a5c3d1146caa7474ae1edb27fd4b7c40fc211a3b2fbb181c,DAPO-Math-17k,11925,train,849,1
850,ade5025e353c53ddda24566f4efda003e055dff8a31226212f80682de269f8ab,e306988b9c871b2bbbdd4d23114eca3b66cef2c01b8999424be83eff5431e213,DAPO-Math-17k,11024,train,850,1
851,580b33d2c92973ee63848da2809556c554e1f1729942e8bfb2b64f5c68b7ef2f,569f1cd7d85586ad4da1c959a42a0f6a6a626ca2bf0f59b012306999ac708b56,DAPO-Math-17k,16125,train,851,1
852,3e89c5c7a7f360d995f9e734679f494d39820672ba5d9bf81c2879e0f510691b,68e88327db42dc9856454f7f0a994381700241032b9c882e814f6ad9c92c63e0,DAPO-Math-17k,16368,train,852,1
853,f47a76409e71b56345fadb06a376371739759316a85ba30c8fb9ae067e06e842,5b90e92cd45f18bcd9ba72eeba6c2630c540b4fa75c6e3a804d773f1435fda1a,DAPO-Math-17k,5111,train,853,1
854,0e591d4932ac137b295e5eb6fccea955ba6dd00f646a0f039349ec0f17beee95,b6fbce7bc1b98d918f97c11ea72c29c45d4bcd93ff5b2198f5e3c56028790b73,DAPO-Math-17k,2889,train,854,1
855,728c51216400a2662a8f8607891d4c4f76b7b098509e23d88e98869bee47a535,14fffe59911b3c897153f8ba5a9ea64c800c8fcf5ee5d5d53ed10c6ab9a36ebe,DAPO-Math-17k,6775,train,855,1
856,2317432e101354e61c087db9fbd89b54520a47e2f1c9988d19fcb952015880af,b8590aa598ab8208da93a09fd35b50c7a33d07fb8bc573bb9dfac7ad5f45b747,DAPO-Math-17k,6319,train,856,1
857,a58b30daae7c20de235588951cce7a7c61bbbbe5bd2ae30b652778ce8f58d01d,7d1e12b6b7021ac7ef29ecac32690a966a845cd61ab7715d69d465c9213d2d38,DAPO-Math-17k,5305,train,857,1
858,627f5de89ec2788f08d545d4f4158648df1ffed879e892db285d493e363189e8,31afc82a464aebb090f09f95b51836e48ef9873ccf0c1bd1276190a09ba9866a,DAPO-Math-17k,2711,train,858,1
859,9b89339bad9f96fd6be1aeffa5f38beba3b399949ccef0041173757a6fa00b28,02f590d1e84401c6ca963334d9e4c7331769b83f2c48d6da64aada50c8813a44,DAPO-Math-17k,15697,train,859,1
860,ee0616d1387ba88682927c7a3bfb7a6a3bc1d9ac883c40aa739335502dd19a37,b2887e964039afb02443f18849aa569d870958f925a3a30e20d568f690c87428,DAPO-Math-17k,13651,train,860,1
861,5cd15a8dbf4a215950bed3fec3f9253782ac81bd90ace3f2c162a0ddb1fd58d0,747572aa0835d059b3287f2028be16a9db51afbc5285a9ce9c7c25d2bf492377,DAPO-Math-17k,6160,train,861,1
862,33cae080774251fe954082dd16d6f753afb58672b139435048f3a3d44a0e1a66,a3d9a6022f64f5c82d042f4df85aaad876f4e1e4a02d37f3ee6d95dcf462f00d,DAPO-Math-17k,2933,train,862,1
863,1daa0807a010f0e7067f314e5b740a7827387b585ef16031092828cb18825b29,865d03c61495b8631db1c0c75fd170bce446cc96caf2d7260aa979a253bc0309,DAPO-Math-17k,253,train,863,1
864,224448b567bae332a36707e87c4d0c495d52d89e61c0d1cb4bc44efcc83cbfc1,600d577ac06d0131acdf0a47788fedb5e7c6687b51923b3f248a9e09475d5cb4,DAPO-Math-17k,615,train,864,1
865,284034f328ba15b8cbe6015e3bc3ca9894323d3a0f3870119377fd9b7cb3721c,11024822365dd08147a1fbce44febca4bacd0cd03a85fc78741d1381bc0403cf,DAPO-Math-17k,9670,train,865,1
866,054cafa61c3c6d50df2938cc4f1f9d110cf09b3de378e1cd376fabcaf697f34c,1f4122b07bef32cf2f1db9b73296cebb909c013439fec108b8db42738b84e905,DAPO-Math-17k,13290,train,866,1
867,cc6338c2b11dc27412e8916b1ae4a264a1fa05eb6cad90be03e983f2a5234e42,a0ae997f7d51f395889eadbf7d8de688e1d7e3d604754eda346bcd8dfd4b1a49,DAPO-Math-17k,9276,train,867,1
868,f1361200e8af8c1a8fcabb2829b54f231822225efbd844afd6f71a6a48f1450b,61a5fb8acea6ca118f81b3a0d0888daf17461fdd2052c96917023be6456407dc,DAPO-Math-17k,5342,train,868,1
869,99f9bf1edbdd9549d337eebfe8c0f4c04a3efcf3935a2b355b1f5c0f193bac30,bbd347b75b9e7aa929a1fa561f83f4d498426616f8e24130c1fd037ec1b88592,DAPO-Math-17k,12418,train,869,1
870,4f97c745d14b36699eca56c6107cc4b36d3daece4748c5535ba34da2613e83d0,ce0dd9a4c4ac8cf57fb49e95f18d62a082afe6fc4968a9de2916aa593e90708b,DAPO-Math-17k,8319,train,870,1
871,cf55f014d82f302acf157303a0dadd8966abc77736327dcff9a4c2990e15fa96,c4fd2d39d19bf06af8b410801730c43aa1a605f9b674d743cc096424d47dd39a,DAPO-Math-17k,16077,train,871,1
872,afe71fc124b1e4625bc7d8b1d6c3601200f44f487ad70bce1a9beb51c6f26f51,ee16dc36ba7ea2d5d69fca669533d7147a7dce14051df5f271144011af3de0f6,DAPO-Math-17k,3157,train,872,1
873,de220ee969486095ce1a4b4a2fe268ee710a590a5a06f247d159c07b8e30c2d5,16ef676f159f120d68f30dbc0ae7a3da4d85ab893101b79ce4c33fcb9446f9fa,DAPO-Math-17k,5779,train,873,1
874,4bc301e99d31a0a1e0b0575f87eeadd42ac20242237dc4daf9de4e4cb9ec6688,a8a1754bb483cc02d2ae34933e8b48f919d4f2e237411fc779f1e3ecef0fadad,DAPO-Math-17k,13776,train,874,1
875,8bcf0f8d752cce77a94d33a88b4e849087054c76988dc8157d0b4953a6b0aafd,0047005fe8a397a8f6f1436d26a25f9845be90b2f27ae1ce514a954dd739288d,DAPO-Math-17k,11342,train,875,1
876,bb8e7884b7d7f89b0dd2be88c4135576db75fe0d91085343557b12a849b3468e,20fef5dfc563add57ba8439f4fe38b17314e19ffa95114f37c1ab9e1913f76cc,DAPO-Math-17k,1537,train,876,1
877,694d4a36c7466bc94d82e3bed1887f603941caef2bb13fa3bb4ee9b67607c3a5,1242c7b87a29edfb8f851b1fb86305e4cf92f179d71a0f920c553703f1cc5251,DAPO-Math-17k,4643,train,877,1
878,a3c34c2fe96a70fd5cb2cc813202f39abc9e6ea3b549a85d58766c2da082008e,da458072f7bcb21397786fd6b8e585c4617d421c172c91bc19f04e4a721d03f5,DAPO-Math-17k,15429,train,878,1
879,918757c7e050571011d55cfa976d14dda768ebd1fc8837f8b730e1a844125e06,70180853bda503919d6c98ed46c32fec4802a17d6cf2f21030426bfef5e58f03,DAPO-Math-17k,11380,train,879,1
880,8ab7b0af6b8fd4180f20f41499477bc8b3f6344b9cc8147172a1055e12cf6ff4,d335bb8d8f39e271ad48a3b03f38c5c3f1c6fba06809c2f6359c3c56d0256d24,DAPO-Math-17k,4653,train,880,1
881,9084d39c5f370343c4be17e1ccdeded448c0814905491d968c70ac1198c5a18c,6b6942a31a55bf7aa6a77db900d7406950f6e80fa4fab80bcef933b0b7d2fb46,DAPO-Math-17k,6976,train,881,1
882,558142149616ad5d19bca9317d64a766458aadc35710fef5f0b5fcb651f9002c,86f4880df4358e10b096cb4f5bf52ec40e5670fbe2b0db20fd00e732caf5d0cb,DAPO-Math-17k,2109,train,882,1
883,f4e5d54e66f3e4254395db3c78d5007146229c700fb633425381f9cce71e21c4,96bc8e9f35a53059b18a5eafddb6051eeb40ba31429de89e2ed7175593485d6e,DAPO-Math-17k,13470,train,883,1
884,92ef3413ec4c018718d739ba7cb35a5c994a820c84dcea66f05aafe890e57a72,18578f492c4cae7acd7c5de007ea4b508d8b61e6a48c6bbb2635810514014d0e,DAPO-Math-17k,442,train,884,1
885,8a90ee058dd9d486e86072a511cba1650805697bcd6a9fca027bf7a32ed85398,c901566d7c3cb87eaa86be20b0c9ca36ccb64ca203071af41a46fa3a081474ba,DAPO-Math-17k,8734,train,885,1
886,097bcb28383c578660facf976463cc75f9aea6d5de3b98a770193b24a0d9b085,ab00c75a0877c24939f0e54894a144cebd90587ccc984712ce260ade5312135f,DAPO-Math-17k,2728,train,886,1
887,cec12fe593b6ed92ba01445d0b454ad17ea567419d149599514514647939672b,c7dc4658d742dd42fe062a7637dad7c07afcd54aa91910d157cf964b682cb5ff,DAPO-Math-17k,2281,train,887,1
888,99e566fb4f1a6460ab2c3811630318918fe95cd9ea75c1eb128393fc88645575,ff8aae772e12b6a827df3914e1b687026a524a0e44dfc705c23ac111f52b2623,DAPO-Math-17k,15114,train,888,1
889,09e0cddd590730316139994f17b45f86eb4e88e120c4b363a9693f575e694768,732d50a29340f55b6072d336acd00d4347d88e277565adcaa309d82cd44f3c83,DAPO-Math-17k,6233,train,889,1
890,85c04624d4391005161d86511afb4cc63980b67178360b63bba683bb34431514,acde546d11bb32c7692e0c5707ad1db6dbbf4fa1163c94ec1444b195b376eb68,DAPO-Math-17k,1265,train,890,1
891,b7436d78aec7474ba9148f9a5acb650c190f6f0c2daaf04c7f26c011176fc055,b712fda7f36fa5d04794a845d2cfd888427d5514919c8b167d9790199f34897c,DAPO-Math-17k,4656,train,891,1
892,5ca4a2922b32825177f59eeb0c08074470a80cf168fd91d6afc91ed2d9860b78,5e997e5745e628aaa00d25537cb6876a405b1c43289c9911343430ac6e1edc12,DAPO-Math-17k,14668,train,892,1
893,2d174c2a64718eb1ce228f8d9065ab36514b875bc636aad1968566a3699ebf68,4c2ff26a23f546235c23cdb67f072cc171351e7e0e3243611f88f6f3068c4ddb,DAPO-Math-17k,11365,train,893,1
894,b4741fea63e74de067aa81b8013d52686660a641a88d8c6d8ad2bc56f55858c0,f5cad51e077754dfd7f5f3e5a51848dcdb22b39555e317ea4ec97b99493bde72,DAPO-Math-17k,5619,train,894,1
895,994b5c5c26f3cdfe199cc19782e1bdcc3bb1d91d358aa5242a70a18bb891d7d9,4fc370d1a2e5c606a8c4d35812cd9d194524abaedfd213925445e1fa9fa1d23b,DAPO-Math-17k,5873,train,895,1
896,89bbb5780fb3a488c644a0b121dfe20963c0039d2df5c30fb6a5ff04089a7474,4857df950f97bb510b82aeb0069e1d85f0ab3659132bb57fb8630637744de80d,DAPO-Math-17k,2267,train,896,1
897,7f0efa98fc3d91a82c996629a667e110a89f29e7bc710f26dabcc211aa24b77b,a228af96688aa8b65317afe4a78053aa1f4e298e2eed8abec87230cdafd7376a,DAPO-Math-17k,16383,train,897,1
898,4c19db6074c027c530aed6d9e2c860d59c025242bed9805a651ca1eb9aeee81c,4aadc43cbd4d28f9569bee374d777907e945f81ee00b9b1a46839fdebc88db80,DAPO-Math-17k,2163,train,898,1
899,3d6a90c5db334f4abe1a1e28f836059d6512283d0d658487957d08487c2e651c,de78ebd92c9bccbbc71204f25d674fcb76138849b96d3ca03cda4d6e2d0484d2,DAPO-Math-17k,12083,train,899,1
900,80dbfcfb36e07fd6e63489f6ca971de18413d583b1516660328ca03828d35b94,a2e2d82fd1fa57bdcb5e41eb55058c9e483b389b9fe25b5970e149924392a64a,DAPO-Math-17k,13164,train,900,1
901,4a1ddf971640e8f9154f087d8429d58b7a80031571ae167a5ff1df8234b06061,6f9467f2ee12993f92f3f2c07bb4db8c5ef85ee219684dc1ff2c1838749f55ba,DAPO-Math-17k,484,train,901,1
902,6e88b14b030f6cfcf2533b6c9e7d697bca39035fcd09aafe1cd39f8aab8a09bc,4c57ee8b1be771997abb0a6448159b3ad7a30f25cbe14841a7a10d5b9bc33cdd,DAPO-Math-17k,16671,train,902,1
903,3fd9f2a963b2558db76f4304f23cf39821dacdc0bc6e035a03669c7dc2df7bf9,b16e6e2b3ee2b800924a44e526e334215417dbfc6e4ed0f3090689a7e0a7a897,DAPO-Math-17k,5199,train,903,1
904,390b20d71885494f9b75c04a4ce4a44eb457fe20e49b353892f4cb7fc297cf25,48ea2e263e1badf038fee45fd585a16d99cab3f6f40649f0adedf732f48429fe,DAPO-Math-17k,8670,train,904,1
905,b36f8012162af08e27fa4a4bcdb7ff5b1812d23b85c57b53250a50b37963b6d3,8dc6cca032d23ddf575ab2263f5e59f116c1ffa97c09600658ad0b2b5bc66827,DAPO-Math-17k,16147,train,905,1
906,2bf83235c794a70ce1cae6d0361b9c2d33379787e25be92ddaeb935f7167478d,aad5ee3db732218947620b61c447baffa2f03dfce3a3cc8fe87421e863f3f2cf,DAPO-Math-17k,5222,train,906,1
907,88880d4776dc48537a5fa0916f5ee2128fc97aaa85051ad65fce9fabceef83ba,b3ba95db6bd6410d7f7ab91367d833dc2c19477ab53e8a21ec2a3057cbe33eb6,DAPO-Math-17k,15048,train,907,1
908,dd386b6e0be3507ffedd9443a058dbf99a75fad0da0a6400622ca6c26ee6209e,49b7922f54fa86b14b44af8ab9d2e4ef803ae4165504c38ff7e323d3e0d1dde3,DAPO-Math-17k,3704,train,908,1
909,a097e03d85988d417fca38af8d77cd424b259503a19e3008f170b472b0417501,9427ad5e346a1b660d156f0509e93546b12460039117cb7817bf129209f27c7c,DAPO-Math-17k,421,train,909,1
910,9160141fb4d7dfc51f7a83dbd085bfa3d8888654e3377c872dc8a87f73b1203c,c9f8e4a9d919dbea3f45c7a5a2a8891899d88cdea543fd2be57220a34c370029,DAPO-Math-17k,560,train,910,1
911,c439fdb9c90d5780a2d31e2198926ed6ca0263c7c796b88f472502405304f28e,4b04d891c5010e6dfed1a2954b90a0e0197ff0418697139c2c1156f5b3a6f5bf,DAPO-Math-17k,10926,train,911,1
912,331de7359c7a1e79d8b53fd73c219c2bf32187ca609d51787c914091fba07595,802294464ccbbc98ed247a26ac8aa37e7e0e4568d70ff0387df68893c4a0b952,DAPO-Math-17k,4763,train,912,1
913,7f5d2833235c85a34c3898fbaf19826c0759f74640ec31771b2f3ea768d505c9,fb911e98c2cafbe3f6a8cb6a3347ff45552de35c39da1d90781d72dbb1f9b299,DAPO-Math-17k,16527,train,913,1
914,cd307d2d728df3fe26257129307b1dc3b3f181a7b8a875b1a522acd77f674de6,26957eca06859d3cade834abd07aecf9029d81e842117f6f4c6f322101e5fd13,DAPO-Math-17k,14351,train,914,1
915,221706b7c1d2716f3ecf76612b8ea925fff4e92b5429f4344f8efe375fc967ff,910b9e4b65366869405633b91e3da919f456ace5d1d03391837a37ace8aa2d23,DAPO-Math-17k,16767,train,915,1
916,57ad6a3bd9b139b51c609b887790d67d61393cb94d9b718dee9d9fa3c565bd53,da4d948cffd90c03b12139c8f826b2bf26f0c4d59cc91fe4c92f4edb446c70ea,DAPO-Math-17k,3978,train,916,1
917,cf6fbaed0eff197de45a2a5369c8c47960be98bec283e7087305612d1c7efe78,2ec6b7661c2916d6e249b444aa7a11ec336a86e01ed2cd671819aa728b283298,DAPO-Math-17k,11138,train,917,1
918,24a0a828b565222e6832e543892e742633a79c5975b50555adf8109e6d0a28ca,a12abe0ebf5b7988052336f14bd481bd78ea83900bdd6c65274aaf8ea53b3551,DAPO-Math-17k,956,train,918,1
919,2d132bd085e10b595848d4ba7ccee59589c15387c41a91ce7199c97ba90390c8,78524abdb4dc07d0d569da3e5e1639a7fee6bdc5a131733b7af57169e8d83830,DAPO-Math-17k,6185,train,919,1
920,17857ba5360b94944c6ef1df64ee4736301e816bf502d4cb91ff80c05e17e892,a2eb48e5c0014ac239559780b6deb41c5531d4ef93e8f9de81247487a62fe06d,DAPO-Math-17k,15341,train,920,1
921,1cd4dbed15c66a554dc099d7a399d476337e19702229f219e405968634dd90bf,20d4c810e9e2802bbb4ff14d312c446b2193a8f4427610ead57b61f6ad5d6069,DAPO-Math-17k,16183,train,921,1
922,b4d8a326e4608be5ff38551e570fd6b5e95cfcbccdf619d23de1cc98f5f2b1ad,c7be18939538144dd518be51dcd19950fb8a43d6078129a31f9cb532cae8f4fb,DAPO-Math-17k,1228,train,922,1
923,050b29bacc14d337bc71dfdb54de384fbb67bf2e55c7cbc798454a271f9d4413,a2ef8ba3e4d662ed9f7895f007b201dc7f4668e618f8c719899c11da58c3f5b0,DAPO-Math-17k,7745,train,923,1
924,efc6c48f356fe1cb0611d7d5d9dd8f280a68a11d3eb549c01c693d13a252d0df,db540829931b18e211d30a25830cc517fec4b498ad83fc089997f31c10504454,DAPO-Math-17k,11434,train,924,1
925,8c901121abee4b627ab5d281586c3b8d76363c3801ac18dbf03801a65c5ed259,902d3eb149a19f5244188823efb4499d09302e87aa24bba9a8321ba3cce7eb36,DAPO-Math-17k,14889,train,925,1
926,f85a18ab834356f36fecd39f4666191c20b02e21851be3f3f992443a5997bda2,fca177b085a466d97207b891496a336b5a48ede67b49655841c3a9b54a2739e4,DAPO-Math-17k,789,train,926,1
927,ae4c8eec513eb89fd3a49a8a109769a85027f146832b1dabf712a5b22eda1856,12174b2c8117aac62a6adf9aeddf2a3d715f0ea4f9b18aa1416f11f4003b4a0d,DAPO-Math-17k,12188,train,927,1
928,f843e6b9fd827a416ddccc7fe2f43a659d12947e00d26dd7d221de505d758784,413ed9fcce0c09d6a918792040bf8e92012669301996cc8f5b1923fef87a702a,DAPO-Math-17k,15837,train,928,1
929,9dcc4fb1a98c7edd3f2fe76b99ee8d31f6b711f48f450afd5569809a8c43c837,f0381eb0e91a8f00dad77b7d69a201f6422c5359b4ee3e1c6d97064a6d17685d,DAPO-Math-17k,3821,train,929,1
930,7d1f65d9fb3177878a6041da04d8d3bd4b58010dd99f7d5dc7df17f32f4825df,4d687f07d764bc9f79f6b490c36ae1ea42357820fd9cd3335860b07567c4df20,DAPO-Math-17k,16668,train,930,1
931,cde557852fade716ba24761801b0adff7aec41a139df80ba365c0dcf3083c738,78a986675d91d57506b9f4a1d5ef9ef8942165ac3ce31e236b8d5dbb22679687,DAPO-Math-17k,3072,train,931,1
932,fe3679f1b9e730bda9cd4612813c64af26ebea397dbb215e43efc0bcb879935c,b47cac079e48b89328e82bc008507316a600b2e10937fd8ee641febf3d9d6bed,DAPO-Math-17k,16424,train,932,1
933,3f3545378e55a958794a533d207820641aaef736bab48554e062f66b63711092,81c0b4e895b7d5fb58deb4c340e48e8de00523b4d71764ed589cea31052a3d8d,DAPO-Math-17k,145,train,933,1
934,ca03e1e4e5b2a3059897a1426c877d17dfe900c4f85f3c252eeb13c61c07ecc0,4e76d24716adb20a2ec900c82351c1b238eabdb06c089341fc8a416394da90bf,DAPO-Math-17k,13744,train,934,1
935,d664369bc249ae266f005d37cbafed4b86a6b7d7c5f91fe0f668081afee304a4,abdc554fdecf5a2d909c2d12c9aa095c7223e71ee28a9bc9f74ca8ab4ba7835a,DAPO-Math-17k,9588,train,935,1
936,d9327cd7195db306bed8cd34938ae71d8d5a2beea0c8c1c49d1deb155d342ec3,974434013e85946f3f2d1c61962e6e80eb18c9c8773c04b02ce2b82892e27f8a,DAPO-Math-17k,5482,train,936,1
937,276aaed8030d729c242bfaf378a703676a3141aed63aff915dcb8e4a37e75988,8395433beeba0db606501e56322d6d4b58260b2a814af9cbbd524699775c844c,DAPO-Math-17k,8613,train,937,1
938,01396734d32f203969a72e600712f5e837b1acd75eec2aea633d8fcc6ef41b69,5f26063f4a692add1a6af619d3fc212b04b1aad546f9f503b24c0494d49dee37,DAPO-Math-17k,11893,train,938,1
939,dfbda5e120772f6a721faf0ca7baddc23cf4e22076522442ba69681606538e8b,036091d6945e6c5457e1e4efb2b5c08f7b3ed4e67b7b4bfd0d54320184450d40,DAPO-Math-17k,13992,train,939,1
940,779bf039a4649b25327ad10a582701e97b09bca40c2292e1ef3c07b92a3af0ee,fdfcd1e3a252ba7732755965ec5b3090b2c279f4dad479a331cf09c4bdcc92b5,DAPO-Math-17k,15283,train,940,1
941,52ad60fab5517fbfcb875da41e94860bcc414e688f7faf44aa62b3e0b8461b46,ff1d43489a89f32eee6322c5f5ca35d2294a4f4b5d34d1e27ed1e08662b954e3,DAPO-Math-17k,14308,train,941,1
942,7438b8567f16ef303e44188eb5f22825dae5ca6ec74e4a1354dd9965c261642a,0a97c44a05854f3e3a9c24783527d673cc3fb4b7c95a251adaa5ce475df7b457,DAPO-Math-17k,1753,train,942,1
943,4f303f2dd9bb64da2454db01ea37a2728cde737d25ff35800f39f7a93a192e1d,ac679c517eb3cba83e28112894c17d0c0e99dd5daa9048f5f4ea0c639bbf6858,DAPO-Math-17k,4282,train,943,1
944,82ad5e57322b5022dc07ff720fa0ce150317fc766afc22ec75b4aec5776d2b1e,cce6d05b38b0f82292ba780db6dd2114777871b1e3b5f01aa73aae593c1bda48,DAPO-Math-17k,13488,train,944,1
945,0e2a0c6ac820f761767bc7b0223b87dab35ea745dba46a841d71988d603b4d9d,098da11800bee4434b4c253aa8e7adb72e79815e505f5900a27c1ff9e8237482,DAPO-Math-17k,2851,train,945,1
946,38f0ca0e2bb357d9637c550bf6f340b3e780916ce81ce988031aaf27a5573605,8eff7c9b1cd289458a75ab61dab1de852d61bc12d1ec5bfd91de8d7b4fa7fbfa,DAPO-Math-17k,6446,train,946,1
947,fa555573d01beea9ae9ad8069f651d0bc298e68f64523cd438bbc3a649544dde,560bd98ad35546cdab1716c3594b4b7d77fc60f173dba180155317afe28d3a5a,DAPO-Math-17k,2610,train,947,1
948,32b3d65a3d8aad638d327ed1a555b5871d26bfd00ce6708e856983550b513a9f,688a9d611e08af221f1692f98d5b64c2f3dac17216437aedfb0267e390bc2396,DAPO-Math-17k,2532,train,948,1
949,639d1584a88ecc6e1db6aaf613c84f4fbff9bfc52dc69a1045cb3d2846438ac9,14de677df092977f17ef7f818e5b64f594a67354379637be851eab82c53c50eb,DAPO-Math-17k,9256,train,949,1
950,21908bb0d8a0edf90952b5104ead7d26445f83089374f330f9c60dd65e0b9426,94b1c4d42f4a8251d04f5adb2312d77dd6d404f69fd7b53b1fa760daa16d502b,DAPO-Math-17k,504,train,950,1
951,27cecf0a12e12aea229b113001e6aefd48beab35338d8ec3030ec24ab1026533,cb7a8fb2d808668ea55b0fa2f3a250db91511e79d587fd6a783997e7aeb815b9,DAPO-Math-17k,15809,train,951,1
952,a5370745da47a328e437b5a3487c9e46b131f45b739bc59783ca7c4db3dc07e5,4e08007318451f172d93738057b465a9adf52e2a3cba249253f118aa63baa94a,DAPO-Math-17k,3536,train,952,1
953,5d57224a84482a4f643668a9476623e7a7439898caa7ab82730c751929fb8911,9b522796f5bded3d35696191cd9495df4b6bb16ac49a95fc063f8588b3c3e9a4,DAPO-Math-17k,12811,train,953,1
954,26dd64e55ea6a9c54137fa43730573d4b136d9024218c88e3ea5fdc50ebf3d4c,ccf87c2e169c85c1aaadd86c339acb3ee26c05d649318dffce6f82897bf0d31d,DAPO-Math-17k,12701,train,954,1
955,a548efabd837801ff9cd9d6c6575f1ff9529835e0a57bede10663a24ff2ffcec,4b44a465d9c19825d66863aa8c864f05c155e79486815e5a2830562fc236471f,DAPO-Math-17k,14760,train,955,1
956,f727f1c3efefed13f7ac4825badfc9517fa2768808c163c80b4ba413d7bfb8e8,f46dd7523228cdd4e6acd7118661092411682a521237cd36e6b42bcc24127f00,DAPO-Math-17k,284,train,956,1
957,9fe750fe528df84502ed43fa3ba38bcb1d3767a07a44365566d51d6152f05086,7367cbd6426aa6e686a8628b3bc088fd4c695a616cf30f1406e4f91748d23c8b,DAPO-Math-17k,15442,train,957,1
958,29f13cf4aae5a7a249c72d2372de7dfe8dcdbbad0ad78e2c800df5b19d2c155d,e3eb4a56e3922f2465048464fc9b72a358964ed8aca00f0e04a6f67ee38aadad,DAPO-Math-17k,9704,train,958,1
959,1db9b6ea883a88b95aa3ec26b3277f54b78945cbaaefdd451a2255aee8724e0a,743ed23d6656425361d7f87578474ef09ba72a9c89fa91c10746c52b44851f56,DAPO-Math-17k,16215,train,959,1
960,e0f38145b772a587afb245fa229ee48324f08e05cd2b698ea116eb75a40a3015,cafb4e09e4e376556d2c5686827466e70b553d47d1428674ee75518b0eec48d4,DAPO-Math-17k,14990,train,960,1
961,2112adb92d34492414260f445194f0985dc5ba42f4ce485b960c2edc3b06c58d,fb994afb6b5e30a3b7d8eb9515fc75572e7267d44c49fcfeb422e3a854b8d014,DAPO-Math-17k,9361,train,961,1
962,5ffa4cab03b51099fc17a6479d105fffafb3ded6d9a3bcc0424fd8eebeb2bb3e,9d4c252f84bf9086221358106fd1bf1a28e9d2bd165c0acdc2d68954422d3619,DAPO-Math-17k,1541,train,962,1
963,659f580875eb131c1eb5ef3bd24d20eb984c89a67502d4800bebde0ab8f790cc,a65ef0906dbe8d55cfa7e9b738523530995ba315eb9266d791e8bc79f511c999,DAPO-Math-17k,2530,train,963,1
964,6296c3b573af346756fa2af5ec17b5e2aaad223807505cf80e6226689810361a,0321d6288ec91373a7bc31a6d9982f43c18879cb6f42b645a14a889d30f5ccdc,DAPO-Math-17k,12977,train,964,1
965,fa59f4ad55dca5cea6e7212b873979949da8096c7bbfb4630a55c77f01623419,b3e2926c0b8a47d94d6ab29a283f5861f04ffec770d49ed89af8aaac741a9197,DAPO-Math-17k,16750,train,965,1
966,4a958f96e3caa9f76d48e77a8fbbb4366f1d4ef7dbd1321b77403f8f4ca2fe69,e8bd27633ab6ea09a881a78ec0c8cf1c5f83a1c930799ac9d8699f9b75c4cd8e,DAPO-Math-17k,15585,train,966,1
967,04ddc8854cd4cb8a2a3cfa9d0e8d803e34349958eec1011a493018dc7a8b890f,8627207b46ad5f665e2d7061030b32c7df011c939d3db2ca23a328a0134d849d,DAPO-Math-17k,17086,train,967,1
968,07ec80b6cf4b978f8a93cfb91a8b64a87876e8d52dc1891fc052e1dedc87b328,08c6d0c4ecd4c2c1a9ad910453f5e18b40d7fc394a8c3e9028c3cff41a0e6e77,DAPO-Math-17k,4527,train,968,1
969,af395e8aad7f108a48d9f444a0effbb18a1840f8a8f2b329c48ae6025af6970a,47b80c3d1aed8af20dc69a1a26fd9d378a9680ca96e7ba5bdeae4a5fc4ad028b,DAPO-Math-17k,6208,train,969,1
970,9ef6cac03a1eaf3d2cc721cabe2dbec23392b8c0b0686f8a9a14ad6eb89a052d,578f9a8f0d2abc0d36c44790ad85bc076e36ba50949285df40c69bf1bfb8fa93,DAPO-Math-17k,12142,train,970,1
971,485410710210867f8b12897d1b46f8c121e3ebaa193fd1ed5320d17e53008e70,297fb27726214fb2b0f3a057276540743bc900adccf80971e1803216f49a1e85,DAPO-Math-17k,4769,train,971,1
972,5cd2e619d6d9c360402a5e4df196e6ecea724cc0afe745339763eec1e4f7c78f,d2d422e121453cd2b8ae1cb273c44290db7ac7790168ab53372ce094e627d6e9,DAPO-Math-17k,12843,train,972,1
973,a43db23be4825e291792b100527fed8a2fd4e818bf417fb1666af7eeefd9d1fc,d17fb51faf3be61b8d160c8eaab7c8aba15497b44dec18e45ba09aec7897b8fd,DAPO-Math-17k,1756,train,973,1
974,f1f815a25559fe7172cff171983d042e6b9281e4d7172e0372210a3bad4bec36,5a54131d0f4b07c54d530fc25bdbbc00cd13c91e4fd0876a756dc1d57c646913,DAPO-Math-17k,8491,train,974,1
975,30c6de28b7bfb2fc7b823575767c6f9a794dcd3cf6a2fc77ba1782034294b3fd,5b692280c52769d8e4a923664c7800c6c9bd30df6d677a12f2b42f72d5b78e68,DAPO-Math-17k,3333,train,975,1
976,03d72c9c4986efdfd9ad12af91efd8010658837b75b5dfabec4409dcbae1a824,3f466bbeee2da64c9f40a7309c67e8ce90a03db02bcbd7f1998a0042669fb616,DAPO-Math-17k,7901,train,976,1
977,96c9c48fc3d058ceb921a9e32371d1f526578c75cdf2bc40d9bd35ce34fb0216,2949cbcfafea596c8e4fd494e7f206d062d8c4096b2652c9138e060866c3b808,DAPO-Math-17k,9730,train,977,1
978,7693574e2e53abc8eb53869333358f5b32e6aac6405d907544a9eb1517701d66,53210e9883489d7736af604b76768e8e68ec21e5d820e13133adfcf15466f722,DAPO-Math-17k,11516,train,978,1
979,c83b82a858bb58b022d7c1310f988371f119c21e3d7b7bba2574240e55a67d9c,e3f238265ece175f5d88104d706acafc355f756ee44887aa8c0310dd94f33909,DAPO-Math-17k,12507,train,979,1
980,09feecbaac34b11cd5a441f340241abcb828ad2c7b8557859f94f7e086aa364d,9852d52a28cbb39c4d49ebc367dd3b9daf507233ec25d24cae9d8ad1d7729a83,DAPO-Math-17k,17007,train,980,1
981,d425a49a196a5e22adf44ed5afba83c174dd7875837bbaf4cd2b18ebb8f6ac6c,62b8d377d6b56a47c92781598a56c5328fda5fcac9dbc19ec19f28da235dac82,DAPO-Math-17k,4741,train,981,1
982,95a2e3b2f1b23ed178c985f6773770ebfbb5ac9a61462579844511558794f904,c52b385fd0db0760ab581e5199d3573b93c9131d8f610727108003771cac7711,DAPO-Math-17k,9944,train,982,1
983,4b89587394081f05218e9315d942e96aba56afda192857b4b5a9a4d4cc75be07,fd359bf2f30621133554697c46b81373d2ea720c061bdb60362cbb5d16b39b5a,DAPO-Math-17k,8840,train,983,1
984,41443fc1c6bfb87f7f0c0bf0fab22cbd8dc6ed524db957cd2db4e2a9fba74339,8f7cb481f4eb569c0ec9ef60f906133965bc1ec9c9a6cb27f29ea4c22d6b645e,DAPO-Math-17k,7187,train,984,1
985,ac4468ab9f26c98f8eb0d32629b05d4730cd584f363af3a104c3a1e5204799aa,24473e05dd1aefe71be429eeca4b16dad85432d3ee72e5a7e2a0351d5de788f7,DAPO-Math-17k,9975,train,985,1
986,f4e8fffd1ba5cca674a3257f4130a6d956784a7db6865b9a37cf382413fba693,bb50554f4fe0a7b3e1db41b0bd9d4d66a2558d982d71329b5d05da6ab32f2353,DAPO-Math-17k,14324,train,986,1
987,694b1630281fea82df44e17b0abfc5b45c84541343bfe64510692f4a6e4db253,61ee088d4b0b7cd6a58d86303c4dc19ef419f241b22bc59ca07a98602d740702,DAPO-Math-17k,854,train,987,1
988,541c8eeef588d06ad453c7f00c52e81e055de541fd43914dd32645ed5e4932e8,d702f74cadafa698235d3b25b3e48d203ef05d8ab451f1ae6964d4c547c0bcf0,DAPO-Math-17k,6179,train,988,1
989,9da0c086e1cb8bf4ed8f642f197fd596f9f2fc2e9cfeea5df4271d7ca64e0521,1ab987d24b41ab798ecf0f466a7df90495cb4716564c4779c24c413f0095dd8b,DAPO-Math-17k,332,train,989,1
990,995567b53fbba7f74c7ffcc0268288290e3f8d2078518b12527e37228bfe68fa,f139ed976c7d63407e2ade1f16eb7873d63a917802a7e97e14a3af9f921d155e,DAPO-Math-17k,11044,train,990,1
991,2efef86653db996d17cfe907991c17b9789e98d6cde09598c9d2d9ad5e0c8de0,f4f74f719d9295d725dd6f153c7057ed0d655234fee76d887fdb568aa0b9115a,DAPO-Math-17k,11229,train,991,1
992,684ba6db0887a82d84831bcefa1d31a2a909104e76158fe025c244276f0bc8c8,0194ff5c03783023b38c17111d6576019c3c9bd74131c7710630b96254731b9c,DAPO-Math-17k,2233,train,992,1
993,8fc9070bb66d44c9ac1bb70b0f2d6258ba59b379c4c5c38b070e5988dbdeba57,8ef4c3ba0b921951808abbe465b09f8c3148498e455d417cecbd0597dc12616a,DAPO-Math-17k,14824,train,993,1
994,fe53c7e4ea48aa442d442ed7c6c623513bc2808e796175b7376155c8e4dd5e75,6149a28f116621da6fca2c405ae92c217f735a857824a7441589302f68fe18f5,DAPO-Math-17k,1607,train,994,1
995,d80a3ccca9618be1fc28cc015f0ce8bdfb7b85a37e3618e94511f4422b469ea0,1e13b6da69011ed8e43f0bf02641e41b1b968cc989c0219dc40f8545273c6e63,DAPO-Math-17k,1907,train,995,1
996,1fd69166e03ca5d6a2d81c83af0cea3dd39438ec57c6f4697323f21c9da1b58c,6083b77e86904241f958de96c8ab07649af1090c0d9bf7fa28bd08861aab320e,DAPO-Math-17k,12436,train,996,1
997,233356f01aad8242f11b720a7f905b6e7e91bc9c8ef8f4ccf052715b533df862,245d84e41323fa3b8289131e24ebe3c8926ca4df95cda0efeacd7247879ee042,DAPO-Math-17k,12141,train,997,1
998,2136515cd6347a0405a3b5af482e526ecc4653a46c454bbb86451a37d44656a8,3088dcf41467ede8f570a513924adacb9866c71e2d9e8a65a566547ed0cd1785,DAPO-Math-17k,13763,train,998,1
999,a32ac169ae8c72e029dcf8a294f0f7381bdeb2eb29ad1bdf881ee42e982210e7,0fb8fac56cf0061a92f860cd3422fac82dc8fd9c8cb68c2d31fc23bd498a06ba,DAPO-Math-17k,4616,train,999,1
1000,2e875341b9e23362678d14172b59670b0054454c80f611b850e2466b037f0e8c,c82d2af189d98de0503e6352a55bceee2b6063cb08d3688236050c231ce7d0ce,DAPO-Math-17k,12030,train,1000,1
1001,43ddf97de9733c57b8526a1d03b4a67dda5c54d33c8be97d03ad873a132f3afe,0b10f97a787e96e302dbbed39dddfa259d0e8d1c2e60fd0109b8eb1dc4644c63,DAPO-Math-17k,10603,train,1001,1
1002,d93104eefc3df76054d9a77e2d374bb4d96fc9936e81a8c8b65a0811b8974152,6d0150ee5eefe2e8cde5d02b1e17c043a4ef4233216c59b03a1a3e202a15d503,DAPO-Math-17k,14358,train,1002,1
1003,b868279a75fcf5b37b9c5fc70590127acb3e77b8c6f443739beda309a70c4ee7,37d55e25dac6363ae82416381a6a65caa5ba1a85167929f039eafe429cfe4c4c,DAPO-Math-17k,10550,train,1003,1
1004,c5b308f58a01cd1545cba5dd2ca5c0f83b7f43ecf8f3c4cbbd795ee3d671c3f9,1fca9f7cb79e9cc6482c37882da90a40172403fc01ed5d3a47a64ec3a6b0610d,DAPO-Math-17k,1232,train,1004,1
1005,e6d5a4127c52c151f6f3efffeeba13ded9f5b276b67277a6025e1259ded7eacb,072c79ce9bb5ff1a5eb1953ff7a63cf1d0602ad1f2412a9af4c141bcfea906f1,DAPO-Math-17k,8290,train,1005,1
1006,981175350932d2be35159b97d97e3f4d354b4fa6355628f23584fb3eb5bacac0,2c8deaa8006224dcf38429306c45c85ca21db359aebc01ba55ca31989ae93e35,DAPO-Math-17k,3484,train,1006,1
1007,589a819ca3121f5b687124e4a24cf7dcef4f1fcfaba4877777f2fd22f810c808,b4ff447abd790769ef462e4b695b03edd0a35f9e39840c416ee767ae1449ff31,DAPO-Math-17k,14344,train,1007,1
1008,caaf1ab62b9c39fb40ec4b325ed0334e9e2a2fad2b7a81cb9ea383e0d41d2d7c,7673f4f0515708202dbe994632ca2fc20b6893e65ada2bda9bf7071e930ec47c,DAPO-Math-17k,16479,train,1008,1
1009,a73429fea9dcb7df7ff3c344b4e80b761f8be37141ec7343695dc022a752e08c,0f1e0f8f10a3360f7401ca09868d4d237f69fd07e214d50e6cdc41b50b3b9750,DAPO-Math-17k,11786,train,1009,1
1010,2c47131be964908878c5e207730211ea9d929bad01b2e0ddba2d597eb171e977,34ebe61bcfc2ed6b5f65ca3c637a1fc712867979d63a7c064d9bbdd38704d156,DAPO-Math-17k,17153,train,1010,1
1011,421508abbdb98ecda4aa3ad15ae4fd0ff62e0644370e9130c359bd3484327159,ac8f7d51739ef96ada8ddc19df6e1c8b6aceb9f5e6910ab2a50b8d70a06b5508,DAPO-Math-17k,10436,train,1011,1
1012,7329f855d9ad788cb09e7a60bb9d56d95a72905ebc69f853998962c39dca35e1,3483359cfcb7f174e6158f00413b5df27c9b2ea7465a592a76c4b3ea1d3e7331,DAPO-Math-17k,11180,train,1012,1
1013,eaaa7f485411108ab24ab229434b708ab0e9394fea1fc532d9de8f6146e06914,91f1b0cea4428562cf255b510b793389c53e847a6ccc62e75f06bdd1e0c7976f,DAPO-Math-17k,12375,train,1013,1
1014,a25a3ada44b9a95a49f9228f5a3fa057551809ae3df91d608535fc934abcfef9,07721612ed86e6bbb8b3273c02a9c4aae9cb362cfe26b386cca5b6e3d6325924,DAPO-Math-17k,3284,train,1014,1
1015,ff266c2e9eff7bca99b959225f42111001c6d5083360a2b89b85b28cbc04003f,f432d6b583262160a82f21508d601cd19e707aa7a318b33e6a0fa0f995469c2a,DAPO-Math-17k,5775,train,1015,1
1016,a8a8eb4b10acf75a7116a37f62e58a710ce429e4ca46aeb8a435dcf3bd3de2e0,3ef2af4e77f67cdd61a7f3b86536d35ddf45db72c0211634930fb8c431a63f6d,DAPO-Math-17k,6483,train,1016,1
1017,10930b719acb53ac2717d07b954e8a61ba77d9a1c2788c4ea1a9e2d9d73e3363,7b068e0e0e7c7ad25883d85388d2f2cc112c0519f8654fb4d2c1efdda79d161b,DAPO-Math-17k,659,train,1017,1
1018,38287e3ae4323f897bcd2a4f0ca8b17b3d0e585d2317bbfb35c025a2e0a8b08c,3f64ff839d89a8c2a27bae6a999c42ba0622fa3e9bee401341d6aeb4949476ac,DAPO-Math-17k,7404,train,1018,1
1019,34aafed8abba062dc848cedc59855ff54b03011040fba94f4e3b8a07320956cc,f26004d5534935ffdc9d29796207605e48c095ceba47fb6dd3c6e842bb24b0dc,DAPO-Math-17k,16691,train,1019,1
1020,8b294580511fd37999b910f634c197868d29e40eba1c14a09eeee8338784dd72,bc95cac1598d4d3ff1098ec9c07e05511b39b6f489c1d4211b72a2667b2d3d0d,DAPO-Math-17k,7621,train,1020,1
1021,2e27390f030f6caed1d0ea6de9e1f88f1ef5aa1c99a574fbdf86d311da8c2a6a,d14e9296b28eeb97921c07fdd580af0946b49d445090756170f7d8f2542c09b2,DAPO-Math-17k,13727,train,1021,1
1022,9e231d76426de6e3987d24612a4ea14f0884edd4a4a7344c2977b1c583bd8390,0f8041e7b533e656264ff429a76583f688ab5233c873a457aa453d4681002537,DAPO-Math-17k,7064,train,1022,1
1023,f57667be1cdb229ea35016fd41a2a97a61069d2cfc6d0b8d3ea5cd5b2684bc76,b44bc8676be772876903aa54609fe3492c6a242803589bc99828006066d8ba95,DAPO-Math-17k,13,train,1023,1
1024,ffb729243e1874ea8c98629370caa2b056741b20ef9ddd2f968565f8585bc2e9,c9883ecbb71afbca26bf585c0955e7a230aaa51a3f8f4f94935bc0aaf16220c7,DAPO-Math-17k,16639,train,1024,1
1025,39733fcf033ec2070028e6fc4c3e4ad93d3242a42f8e136405fc16b6ac3c88e0,073d267231fe3ee54ae417ed86c5d41d107e152f9506be7a8856b96156b9262d,DAPO-Math-17k,4856,train,1025,1
1026,9820f8f2a06fde6874e12d2a7428c8d7ad3c848f0b6b0ce651d284773d4a6b69,c62602d6e9b2688bd28d0e9d4beeb88fda886558ea39cf72a711a4c98ef3b27b,DAPO-Math-17k,7519,train,1026,1
1027,f37f9c4dfbc1c22248de3b10df957cf83c090f1345f1c78f2eed06b9ffed07a3,260cf64c3754d6942efbca8f5eb685390292cf8439a8f0fbfe0b431955554633,DAPO-Math-17k,10593,train,1027,1
1028,058737e4a4b3e9b34f11cfe5f67693f39797bf43ed9f5c2901684ef24be0a260,77fdde6aeb87df195e9672063d9e59d4eb6b80fc29106435f65d03125f9f0353,DAPO-Math-17k,6806,train,1028,1
1029,845466754d4a79ac87a3f8c14f480940e4694501de00aa798fc0ebb464237ccd,f8d50f82013374eabe0831ae6749563f7dad03e24836aeaa2f7830f652454126,DAPO-Math-17k,16009,train,1029,1
1030,f1c4a53678d290864591e36efef94a0e22dc722f960deb2a84a4f0182810eaef,c61b267a24ea97cb273cf2b1178b886a334743fc41230454f0e2b8e008de831f,DAPO-Math-17k,5277,train,1030,1
1031,938d308931a3009d1ad705a9fbc93ec1b5759e97e56ced37dde889f1824ae581,68b81c59dab5da43c8f7240fa981609504efdacec2e6a5319c2ff952c0b80907,DAPO-Math-17k,3852,train,1031,1
1032,3c02e48af3c55453ac69c0ff25ca08a83ec1ee879f82bc56080b2866bc07a17d,9214ce8886ecc28ebd22fbd1247e66a0d54a71c283c9a07710ee9fc47c4378a8,DAPO-Math-17k,15909,train,1032,1
1033,18d2dbd62394e48e4276b2adf860465e4f291f44b57f7d1cfb547118f6c57b7f,159d32d0e93c9511d9a371b75978103a41c9d2fcbbfb2311a29f4f9c3a034612,DAPO-Math-17k,11822,train,1033,1
1034,85532280f6cae1322515cd1b9c34629d7d9cb87645588f0dee3aa91d9ef96c57,370a3d5dd208e8e7761376255479e15efa153a300ba538239ca2846433fe7c4d,DAPO-Math-17k,15880,train,1034,1
1035,22f5af81724f0bba2b156d188dab2f28c4f964710cc67e6ea94c80e4d669dc07,35dcbf87e421961c903c842dfe03afb14f34ca31d8f13f9f7f6ff6ef50f935a8,DAPO-Math-17k,5276,train,1035,1
1036,d35f9cd6c15e20fe82f02de34cbeccd2387a4041caf700d321ebdc2f90bc868b,32afec4b24728ac740d2dc828e75ec5c744e43880b17982d9f3180eb5b289940,DAPO-Math-17k,15835,train,1036,1
1037,ec6d6b7ecc073d8caa00c1d2597337391674396c443917cec8a1de87a6d2eb97,929f42755f1739d4462a2b019d4e6042953b3a601cdb97847d08909226993db1,DAPO-Math-17k,10806,train,1037,1
1038,67e14527822edb9d89c5f15e937750ba39902d9b9afdcf01bd7698babcc24950,aaf161378218215ebc79aee6059e81e3f399b6166dab9f28505dd815b931b384,DAPO-Math-17k,11494,train,1038,1
1039,0aa93059030079a6e01565265b11110a3c42d496433951c806fa46394bd6880a,b325cb692278d2fe99a224d650de341b77c73d8f3c99b3bb191808849f54e1fa,DAPO-Math-17k,8793,train,1039,1
1040,75a9f90fa24752cfd8143c96a476ecfb4e387cb54f4f56eb9542ae092c275c78,911bf329ef8221ceb574a82c20d48665897932a22b3696ac69e171fae2a3c998,DAPO-Math-17k,7303,train,1040,1
1041,58b903758f8bd1ace31483dcc3dbb4dd7f90830fb5b26e2aa3d7d3d2e0de4318,44b2e06cba9c24aef28e5ae053eee4952ea57a1c58fbf9a3994b795c8529d0eb,DAPO-Math-17k,13208,train,1041,1
1042,4cfcdd32c868997537e596a3e4412d3cf740dc8eeb1518798172730128afc609,33a3a0f255bce1d559f00f7376a1e1e1dd97234798a2f86791dc666058fd7b35,DAPO-Math-17k,9203,train,1042,1
1043,77081445dc1ce3d783fbda4a2e06c960b640f7d4973e67e85b289151929d4aac,32ae85dbe52a76aa72df61cd9e698859298fa3fc2d40e0239f5bc4beb1e6d6c6,DAPO-Math-17k,0,train,1043,1
1044,1774a9d290c57deb03116adfa8f4ca505eb7fa437d31c2af6d6fb90ba81b7038,0fe6fe0605d43bf8e930f27c658464f9323cd896083b741d20015571db7b4c78,DAPO-Math-17k,14061,train,1044,1
1045,641c15f3b1db9fc39efdd9acac9a9b78946e95bb5ab6f845b5eeb31a8b82a020,e8cf10cc9ba4993263a2f5d0327de1e2f7bd2e9cfb5044ddfeb3fda7508c9c63,DAPO-Math-17k,16978,train,1045,1
1046,643a3aac003aba69c822559f36080df3d143d227ad6cf35fcce17266dc682bc3,2a7d38826a088991d510fbc44590dcceaf5cc7f94e7f0e2411df44983518934c,DAPO-Math-17k,11187,train,1046,1
1047,8ab29af53e0d48899b2518698018d64a3462419137c7fdcbe95e62273c024ade,3ec0c11efb02537fd5633efda8aadba060f1d080579cf0a3ad42488acfe08c1d,DAPO-Math-17k,6129,train,1047,1
1048,4355f60e0fde1447e6c08d19e6485842725f2fac1c2ddce3cd1f18900419afec,00432d4c8a805a7ce6202afa216c0873449320c7cccde1f3e986e5b611dd1333,DAPO-Math-17k,2037,train,1048,1
1049,45993ff92718a5e4bc7c2540bc0dd681bc1b4ee3c357cef4944e6e9ac0402b9e,0802b360bb6d9404d53a8a319d08fcc45acfd028730510266ccc542b59c2bc11,DAPO-Math-17k,14150,train,1049,1
1050,bfe374dfb2985090f8dd32e8a9a5dd926d67ee31cafc832e98345eb81140bec5,8b920a1c598510289ba9ca8c8a43cfcb1015cde3ef82f487169eeec7951fa96f,DAPO-Math-17k,2061,train,1050,1
1051,69479ac601a009fb2220cfb29c1ecd578dab2c6301e83c7172c555bc614ec95e,e17ad11a45d5f6aa82c49d4d32322cc5449db739bbe5cbb61bd5924b59d734cf,DAPO-Math-17k,15017,train,1051,1
1052,4ed4495b72e524f7bf92f2c0fb2cd3782120c60d572bb528f9b2aaabd9c0508c,ddb3f0dda8238efc4e6afbec21687e401aa0b56abedaebfcc58bc4b119567700,DAPO-Math-17k,11382,train,1052,1
1053,badc0724bf1a8208f9e889668f478dbc6107b70d970f0360e07b8f0c232535b9,76ae761077be954992ebceb4b344a778ba713d4039cf2d096bef633f54df2a90,DAPO-Math-17k,14616,train,1053,1
1054,d558d1fd968e0737e5f3b138341f45c4cb086db4a443acf085d10ad82dc98cbd,f749c8eea3f07b49d978e84f3ca009a3518f189b8b4154128f3c9d36eff946e0,DAPO-Math-17k,15335,train,1054,1
1055,b69ee04a8653f0a2feb210fb94ac95525b4a748387915d6da01092aa2a7f20d2,3c107bee0d222a42bb8dfab95ac7dd78d3b4cd17ccca6c3c0bdc6e7bce0bb064,DAPO-Math-17k,9072,train,1055,1
1056,13a1f5ca1dd6c1438039ea3861dbfca24a0d25c370682013ab4e272d596d0b1c,4fc093f3ab8179ef2f8fd08187daa6def9a70a4360a975bdf2b414a0585fe17a,DAPO-Math-17k,10375,train,1056,1
1057,1af96d6e8b4b2377bacb9abd984b950bcc20576415844ab5f3a8c23c3dded40d,fb9a7e151f94b69fd5376728f6e45c5fe658da7fe280c148c88f1ef2bfef1e9f,DAPO-Math-17k,2601,train,1057,1
1058,611c3ff2174e46fade7dbd2c2812e5832a5b17c43a2910beb462426982df6f0c,c08b16de7ad0c26e8863e1d748aa60f1dee1d0e134134755cc264fc7fcc4340c,DAPO-Math-17k,1876,train,1058,1
1059,29c7d6cdae86fcf5e283751f813e26a3ebc67f952be156269147a13f330dc20f,683440ee2dd14d0bd2b5e7c0a9155e5b004e3c75b259b2f14b6bbb4a3d631a50,DAPO-Math-17k,1666,train,1059,1
1060,c5c0a09c9455b16125d33918c92f35c969ccc51f26fc2f41e54e2e441d7274fd,7ca2b81cca257bc0cbb2f4045c9a73b618c62d135100339ba4dc3b046d395637,DAPO-Math-17k,39,train,1060,1
1061,6ea601041ebc50d9032de0ba266b1ef7993e5645cd166523b759bf463a23e8b2,e10bea9bd0b9c1f999711e99a247fdeec60cfc046ac67ef00d669e437fe7a5ad,DAPO-Math-17k,15958,train,1061,1
1062,3833c8b74de96840eb2dd542b16e3ae8ea74b659c312f33509480130fc9a170a,8fd7155ce9290ff018131e2605613ac43153ad27dcf9b308ea8d6037b5e964b4,DAPO-Math-17k,2051,train,1062,1
1063,e69ec1cc986d4b26226e1fc5b573e020baa83b2eb7f4877b2a84c329cbbcf26f,86a1e8378346b6c23f09399c613290a85a089ce071b80a1dc73fcd244ac005dd,DAPO-Math-17k,11809,train,1063,1
1064,64f7089c848a11baaaecd2fd8c3ebacaccba87cc8b27919c6bd094ddea9088d1,3cc4340b1781383f06d0c86f5190fb49739705367ef344960a50954ce0530630,DAPO-Math-17k,1066,train,1064,1
1065,c991c755b4296cf3131dd3333e72dac6f04fc5958e70438c7601de36169dbea6,7dd2cd255f99c7bcca5c7f36f018d07d656de8449b56cf3b9203747d096a52a9,DAPO-Math-17k,4626,train,1065,1
1066,8e8498f5d1f6f39284deb7ed5ca206ada122181003fd9d6525cd6228c4fe1d39,952f2c44aaacda9960d3985a31bd8b9c3d509475604d4ecd0ecd3f01e99e282d,DAPO-Math-17k,6419,train,1066,1
1067,2dbba28d116eda1c174408789e001e78760f1e4c3317175aa811d58087f723ba,d8e7853f849bd8dd18fff65cb1e54f8f091fc12bb4e6aedfcde1b53399a87e5d,DAPO-Math-17k,9774,train,1067,1
1068,767345cf758ec1dbcf62f3310d5ac08011106d7b5b3bf3da97025a76d4bbac41,c2111bccaa15db5ed85ef1e2df02c88fce0e448641b6bf1fa3c0b59b47268c6f,DAPO-Math-17k,11154,train,1068,1
1069,53e712182b39478ad53999ed3496a3dd67ad77bec8cedc5ee0b9785e64b65b4c,83dea0fcff51d7256a48ed428c661a6c9a9e19caef1ee934a18f9a6b35fa7acf,DAPO-Math-17k,2924,train,1069,1
1070,4be4d789e281c215f5514f1b79f410f6f749c904051482850cc20047c72cc46e,00c9330caf3501bc5be01791e7aee2c6b62d0f39420075470fc3c6099fef05f1,DAPO-Math-17k,11579,train,1070,1
1071,a2104e64b2a36c5960d8770a48d773b9f2c6bd17392280b677b2a78df0435ac4,8e6ea0a7224fc892cb8ad11d08a27383894f0ca886adee69f6608e3cab0696a9,DAPO-Math-17k,1719,train,1071,1
1072,e786a953cd09b6f870b3b229c5a63ddaabbfd24b30cd88487d209016f264ac39,86d7945dc659d65ae69120776062f1ec81ead9018710bc838629bf3fd050cd79,DAPO-Math-17k,797,train,1072,1
1073,be2651479f7807a01c34ec71e31bf2200c379f72b7d6f91f535ada0db7988fad,2eef5dd2f9a59e90ecd969714f5733993622855d715827edbfdcd7eff7922d1d,DAPO-Math-17k,15030,train,1073,1
1074,f579406562c443cd4791630795f717ccc2959fdfc0ab3dc6523bbff139816f03,fe0a5d23b90d67cce026d2744a744faaa7193d23978886326e7f0bb392433d0e,DAPO-Math-17k,12498,train,1074,1
1075,e1f6265cf6a74c1c5a594ede1c7bf7772c2fefd21b5e90634793b4d40a7003fd,4675a59266a8ebddca1abf018e39920e6f3c718ba0ed94f5ac51d93d13826c71,DAPO-Math-17k,319,train,1075,1
1076,319caa6e8e845f62866f1a0ca262743a129bf05f44112bec017d5f466f29b000,d664c649e33fa891c855b634b011c3676f9b794ecdf0d68fdc72bde9bbb20675,DAPO-Math-17k,4812,train,1076,1
1077,d4d323369e4f2a211891de20af1d8b088e4affae16ae502205225d9f8b8acc8a,b0ce8b711f6fced08c43e5d6d2f438b9be4ccef79feeafa5ce952f3e7282b1b5,DAPO-Math-17k,15384,train,1077,1
1078,9a23c6c12cc2e3ddfef3c3d57b3539819062bcb17bf9cd6d76541ca10a230faf,0601683f065d5ef2560a76c5aa937bbe5677f3d54c0f08dcc4eacfcb1d09a148,DAPO-Math-17k,9137,train,1078,1
1079,a5a0e7261c7e7260dff33f16a75223a536159a7f5b81065e1d80616eb6c56474,09cf396fcfbb03c497b865171af6b409f69dc294a2d6558d7edc5fbf08f2c25b,DAPO-Math-17k,3077,train,1079,1
1080,2303df12cf09c8c6b70dc31c0d59ffb5dbd03ca0fc7d502b58a06449075eb175,0f18c43f1b8e41b1c3720bbef874129620a2dea7d268abcead4646274cfca08c,DAPO-Math-17k,8171,train,1080,1
1081,ee10120c1817993b99382b68722a2bbc2d15c4695bb26fd3f877a1819fb46250,2bb453dccc35f5d389d9952554d958dbe94d11c7028f0231e431f419e23c7c4d,DAPO-Math-17k,12357,train,1081,1
1082,49c523ee09d370ee41b469563cb3d26df0fc34df12a2fe093b96403806e6eff7,e2a318befc9f8990139858286de9c3828ea176d3154655a29e0b4236ee116ba2,DAPO-Math-17k,3663,train,1082,1
1083,14257e00dac2886028fdfc55739aea2eda80c23d851a1aa08cd50a042eef221d,28d531747c6cd157e9ab9bd24f711979a4b4ea8f706d643d9a1544483232d3a9,DAPO-Math-17k,1242,train,1083,1
1084,b6efc5d099c352cee6b21881a9ec9fba69208569d774178de006a34aacdae540,55f1eae150dd8d1098a0a4ed8da1e6aa8b9f0cb1fad7bb473bd58e1a3bdad9eb,DAPO-Math-17k,15021,train,1084,1
1085,e1933f1bf9edf45efc5a621107196335897ed25fff64d6521669a841d545b821,3a830beda886141f6c461724e0c08dac2cdbd5a8261fb9cb3e0ebf5e49f9eb6b,DAPO-Math-17k,14679,train,1085,1
1086,f2d8998e557aa0d337511f1e0abfd21f0c050f62fd9c7c9be0e0acc4c1038c5d,29d5463028c93f28bc4b485d55883da1a4edd740cc02f39fdb7b31f54a4072da,DAPO-Math-17k,14240,train,1086,1
1087,0ab138f1e99a764fc4cbf24aa09f48545741ae159cfa2435255a1d636da933c4,8a6b46c08080317633c966cc02d0fa721e0b273920275fbbaaa5b03b14aa9963,DAPO-Math-17k,7803,train,1087,1
1088,ca4cadc40b5056e0671a77a9a3ed6df30054a495614a846392a7ca386221885e,23e8e960c2ec8dc4c86ca8ea6b7795a667d7df6eb52c9ac275f781dbc79659d8,DAPO-Math-17k,4887,train,1088,1
1089,3ea1650883e3ed0eaf809fa477f8d3a9f6cc66092dec0197cd9263c7185d5842,829d715e5c76f0f326940937dc161106570efd73fd0a67509aa53781fc68e23f,DAPO-Math-17k,4923,train,1089,1
1090,088b4eef15cabc83853e5aa9862a48ff729d1a2f6414bdaa7613c301165c607c,6284276e7ce5057b8ba53d5082a470474df1c4204528db45d113c1d89ac17981,DAPO-Math-17k,4809,train,1090,1
1091,e07081dc73eacd279d7a66e26e29ddcb0f6e1c59f038d499814fd0f3e6a1a633,8fc72a5844fcb96bbd92c00f9f721a62da5547382aae86067fd9b66cbc8daeb4,DAPO-Math-17k,2525,train,1091,1
1092,fe983d8a8251e4dcdeca67793440afe6fe9fabad6fa440477e99f1cd34d522da,08a974a204b9924ff917c86a8ffea8c53ae5a4af3826abe4748a1d7111afb4db,DAPO-Math-17k,7192,train,1092,1
1093,537d50a09a1a2e174de4c8057b9e0fc7a17e578719d16b04cd231fe6285e8b2f,b54e5469a79af4b9b8d7ebae22530083c363afdfbcfe5b63ca8f3d3e1c4c1eba,DAPO-Math-17k,1331,train,1093,1
1094,f9c702eb24a394b347d34383dc97797449383fac061959c8acf352af98ee157f,0904419056525c4343a464f364db774308585c59e7c66cb4c07815e563c4683a,DAPO-Math-17k,5250,train,1094,1
1095,f5f30c9a0af05f535e505f30fae9eb0eb20364054ba59f744129dd017c47792c,4cd4afdba0b5a39ac519f1be5bf052cbd4a9a1485c77872540df2db295c9ff06,DAPO-Math-17k,587,train,1095,1
1096,26761ac7b4f38ce1e4b93b522bb7dba4e384531aea5080cc0693cd40761c41ce,adab9b21e5aa2634f850c55a4454783c4f25f5585507c6b8837efd955c0c4ea4,DAPO-Math-17k,1118,train,1096,1
1097,678463f23b4fea4dbc7d8b1e0f8cd96dbb78f626fc3528c006bfdc1af1224853,e28b7855d2761e9a655cce588663bd7a8ee7be9f194ddb3ae845ac0c8d9d3294,DAPO-Math-17k,22,train,1097,1
1098,8c93d9e003d9dfb5a3cbfe320b67ec9d9c9fe3dd9fa05f5cb4f7b5d2adf12926,1f589b02a658f275776947732bf5245dcef37387fd95ee1c54d8c224afb1847b,DAPO-Math-17k,10002,train,1098,1
1099,20bbd8fda8243d57a0fff636ed1b314cf82284df3503d51a527ef5a867752b33,fa48106c4d66e82866a313434f57aa37c224080f885579606f742673378cc226,DAPO-Math-17k,6394,train,1099,1
1100,119eec2f64137782566456f31ca617c14ab006f8797364714bc24f28b976d8a5,2c8c8a871e0da5b4115eb088bfcb3bb2f2d38c7334d450d406f1506e3bb41c10,DAPO-Math-17k,6547,train,1100,1
1101,df8a35ad47c49efc9dc827a6f4a28f49dd504f5a2bda630f154a758503de659a,873e20257405654285c5abd60e8dc7b14c8271af6a8bbfa1aae8afeae32153d6,DAPO-Math-17k,11738,train,1101,1
1102,ba3bd9fa7f10d971a7a407f13637f70a8b43e760213bb324cfcab3313668b3c4,6219a0607407f74a82fb44abba7310b421f381c3e35000ffbf4f91e682fb7c39,DAPO-Math-17k,5469,train,1102,1
1103,5f97d711d67a3d5776e43f24c0490f559ed6dd813100d2a1f8d1d0f44f3e0892,55ad83936906c5e785a31590ee281170f2edca6e2a2b140a2330c1d786234017,DAPO-Math-17k,13436,train,1103,1
1104,3f25029f8dc785ad90fa8c7f3ab2863e75e6f233612124754963f178ac6ffc7e,6fc14b543e621c00b6c26d77cde94c95c1f4b020e9aa6ae3417dd82bc0add4b6,DAPO-Math-17k,8592,train,1104,1
1105,611fe9fdcc2a3ccb68369df78bdbb1bb0ce99e91378216d78234fbee69f38b1c,44aac5411561b39d5a016c7e7436794e28cd018d5ff1d634c70d6a0b0582e949,DAPO-Math-17k,3362,train,1105,1
1106,7efbea6c8b1b63fbe8d129d9d363c937a0adefa82d409fc86e9bbdfe10484cb2,971351a0662ff458f5c1dbd97793fc42557bd64456005de31a8719d3390c068b,DAPO-Math-17k,9189,train,1106,1
1107,36280f446c16d1499aed2dfb170c7a91609861df415ea27ee8b3b251abe7ee45,05b512b3fec92022d2453b18df9bf95dc237b4bc6641d802947fe9b1883f816d,DAPO-Math-17k,10771,train,1107,1
1108,1f9311f3f794ee64286414006e847e630d1b76f11348fe9fbea166703fed3c38,317a7f4c097da13867db991a5b5d20e5e08992ccafeca35e1fd5a8340cebc3d5,DAPO-Math-17k,12149,train,1108,1
1109,52c5db5d70312687837404187b691b88733500a79240f1f52ebf9205da9f8d96,2b7e03e835f4512b48fa0f7851f371bad53eebcd4bfe7dc6d6e232e7ccca3ec5,DAPO-Math-17k,10910,train,1109,1
1110,b779558e5fb2043c41c862e2647f40ecaf022297d3d451e46fc367029737efbb,c0cf1e47e68e2f728abc42f997a809032b6f8ea76a653dff49c02ffbf87c103f,DAPO-Math-17k,15033,train,1110,1
1111,6b62ee8e25f9b0e452c98b0d42c659764690af18820749135c245250a75c4833,c05f8f1ce76754869f3a50ef0787c5bc715c8b31b50218323d268890f0ffc5dc,DAPO-Math-17k,5381,train,1111,1
1112,df0781e43840b0bf68483b298ffad836553b2414dab33864f1ad9e4f6aaee587,470e1c53b6b8938acb80c1f534fee907ebb7e1d4026f40fee804661e3490d05c,DAPO-Math-17k,5511,train,1112,1
1113,428a0290e2d983703f69157e774cd273aed60058fce89001ca3863ccfc376cc1,21d98b562429730d026ed938c76f4db615c05389cb46fe4675a23003dd1cafb6,DAPO-Math-17k,15795,train,1113,1
1114,31291147b9b6087b56150c60018ef39e3c181b1e1a388b9c914e3a4a4822540a,b87b6709c7d18859524f1bfb1fa28c8bbcf1b399be7b9c357d5d3f6e11de33ca,DAPO-Math-17k,3899,train,1114,1
1115,09f0ad8b609dda68a8ba044390022e7b7d08fd0c15ca0a678ca1e72c9fbd36db,c184bc0e20ad4eb96e497d0163406bb7d81fb10071492f6e8dff6d3414376c12,DAPO-Math-17k,12629,train,1115,1
1116,6a8bafdd8d578364f1359e9ef1db273a7828056520fd52b5dd7608135d5a0d39,0add0c7684697e4d4253a869ca9a479c5e231f45cf61eee47c26e37fe5646263,DAPO-Math-17k,12288,train,1116,1
1117,3cb300c183bb60e4c2053b0a3186bc12de270ae77205ee2c976369690ed00e21,0f3011ee835e5a0af77a74831303403f031e9c3e9a7ffc0e3e41edf14e012d0e,DAPO-Math-17k,11023,train,1117,1
1118,e4a85b0e56e424a14f84f472e5d010214cae78bc18500c7267e164b0e56bdd54,d7e05316cf839f5e3c4d7aaab004e53681b3257eb41dc8ed686ee40d3c12516b,DAPO-Math-17k,9470,train,1118,1
1119,9efaf30c7e932feec1eb540c3fc9469445231008aca8d6387e7c2d2f0e38d88d,a6844b89f99f6a760345c12bf74aa9443d2fdd0a0957b59432382ac35f07759f,DAPO-Math-17k,5165,train,1119,1
1120,fa8476c32b32c43df283dd7e6bf621361dd5e10ca7b351d0ccca013b1a64ae13,06cfc2d4caf58f73edfd2bee83531f5d9ee5ffd4e2bbfbffb3a9080f770ad5bf,DAPO-Math-17k,1649,train,1120,1
1121,f0f7ea0fd14f0a9cb997ef87c4c8885265842b30a5deed0a36d50ba36393db75,d9c469c6c9d598364b2e740daa444c1c97c0f522b47ae57bfddc47e768fe9b9f,DAPO-Math-17k,9342,train,1121,1
1122,0d673f924491053f86d5bf7aeb67b64023e45fd0b036d07ed2996b72bebd16c0,eef3f2767ec6b8252f8f740025d41ecc51e99be2bb0292240b61635a6bb30de0,DAPO-Math-17k,11889,train,1122,1
1123,403ae0f8543be186b23433efd23f8a0c253a46ee406ae155b4da76a0b31ca2eb,38fd22db48a7078cdb2f9165954ac4e8b580fda28916fafa2859e6dc5cc3db4c,DAPO-Math-17k,67,train,1123,1
1124,4566371bd25a7abe531ae6d3c3008d26ef53b95384b819cede6b0a726607d706,53175d7c3dd2267cc44483028b6c23a291035707cacfef59aa1d6ec25698ff2c,DAPO-Math-17k,9044,train,1124,1
1125,96500836e0b02701f669dba675a09ee63064ab81be2c6994df8a7170beda4bb1,f1b4bc64267b33b2364415c0581e3b081508eb23fd07d5e05a1679a2a050118c,DAPO-Math-17k,2120,train,1125,1
1126,dd09918205f3c68e398af1fb9d7028e68e6da5c2d4a6604ad7747867b3815bd4,b40eddfb63f7a6c3158f526466c88a4cdf478e45bab587af02c0ad7b97c4083b,DAPO-Math-17k,13802,train,1126,1
1127,8da90c2de5c19a453602035546d82b163e13fd474838eb1ce865032bd154bb8c,4c4ead76dc19a2a6f9c404f840145911f4551663210137c785fd2b4de78eeca6,DAPO-Math-17k,13685,train,1127,1
1128,16cebb9f2460d57c8e8d00b8a4ed1c1865759c2c1d89fae8bc67474a20f7bdbe,b2308f3b58b5b5f579eab61d3d481b9da999ac0dd93c77357d1f7e841b5396a7,DAPO-Math-17k,5,train,1128,1
1129,0d50a3e4eafece6eef19761302f48a47fe3bd0c010d82a9f72389920bea2aef4,13ff6e2edd325fcac2063d2c9000c68ba99043d746eac5681df07324e27370b9,DAPO-Math-17k,8937,train,1129,1
1130,d31214eab785a8763979026f388f1610733ed24bacd614167473bac64064e3a5,8c6894697dbf6994909cab85f437d179a498993e0d3c368073fa3067eb788ff6,DAPO-Math-17k,13097,train,1130,1
1131,693efbe3e268d00175ce93aec967d3098805a3cacb4b05d68133260449e519dc,1f397bcce3ba9d69e8cf2c4bb37246ee9f0ff3335824ee8e3b7deaa09e035cda,DAPO-Math-17k,2068,train,1131,1
1132,2f5e28517f80854829415374c5350c3cee004f252e95deb514b65f50fdba3b19,3cdf6b2ffd32ce9567c420b589d63775bf87227a79930ce5abb47ba29af88abe,DAPO-Math-17k,12328,train,1132,1
1133,6ea4e64443d970c8305b9816c1080f73e014aa01b41b721ca6e61f572c44616e,d015ea3d959e3e8b3fdc6b41c84dd48eebfe40bf870446cbfbcb34680fc95bda,DAPO-Math-17k,8198,train,1133,1
1134,77f3c118075bf101e35c5e5e9d476e0b0aad46e368ad235bff6461aa031b32d1,877e523476f5d15eda62260a9ed8d50d89f40a7afe72e9294bf1dc572028fbae,DAPO-Math-17k,7637,train,1134,1
1135,e9f87d0e6c03f6aad68df3dba77eef6ebac8967d0b36d18dd562c6bfb706a5e5,587251409f5c0da84913817f6cab1443bc16c88c3d642e8ff50f843ccac65cf0,DAPO-Math-17k,9388,train,1135,1
1136,00e307e4527e5f3d132d4a46548871a735847bc249f6c7c32c5f76393871ed4f,f3203ea0a448e72aaad2f0076802e5f5fc1385e3766bcefc919e1f78b0ba5245,DAPO-Math-17k,13321,train,1136,1
1137,afd45f8959e23c3cdb867c01ffb81c0c8d4962e1163f2530d5b50ac72bc8844f,c4d47f86b003ab7529a49db19e8d5f8f93cf97d0b34f6ca89e1f559e0c8c073d,DAPO-Math-17k,5533,train,1137,1
1138,235d3ab67e5645b2df55de3a31fe6dd618e8b0f2374afa8792fcdb1446a032e6,204dcd9491b697e5c79c07a48a708f247001970fdd614a9cb2ddca54f9afb0f9,DAPO-Math-17k,13402,train,1138,1
1139,8597bc6638a63b771a11f814b8bba1c8a74b254857bff3089cb2ab5d2e3ba791,395b65463b31b42a4074dde611ec0dd6946bc1fba62c535d9cd705a9cd028f0e,DAPO-Math-17k,14551,train,1139,1
1140,d15bc2e44b117bc0028041e002a7d54d9c0938aa79fee3f37c05077c105a26db,0367abe158c3e0592dbf80674d6ee8de4c8900700478199393d95826bf01434a,DAPO-Math-17k,16144,train,1140,1
1141,282df7b62ccd526ba5fd55056754a2040cdb87101f1b25fc196c6757f34c6196,81637ae53a23e5a4d136d0e23df104f5ff10f561e3a54f497647dae2b2824680,DAPO-Math-17k,5883,train,1141,1
1142,44a8567b01ec4cd55ebb61cb740344ef00c98be8507afbc7ee9c2936591e026a,faad387744486337a18c4da768c5f33256cc0d0f7a4ac3dbb1fd584232f0ac39,DAPO-Math-17k,7368,train,1142,1
1143,1e7b77ee88d924127bb3bb673a9be9b46e5ff0e0485f50c43b05dc0e2b81c900,370e9683653230e442dbe66ffeae24f514931597bed138515ba299ef51547234,DAPO-Math-17k,6886,train,1143,1
1144,a8ca22695707d4d275b26a93e2dfd3856eb133392050c6762ee72eba56782125,0842b56abd08c55df34d71a9a976b2941705b3a87f804d562d6c94bebaf20b5f,DAPO-Math-17k,6165,train,1144,1
1145,09429f9ec13875767284c41d9e511b01c8829d22b8f8e1637c8e3c6bb814c808,93e33880a6306ecd6c58a467f74a1ce5d4ccf00cf7b05bfb14fa467727ae5862,DAPO-Math-17k,15071,train,1145,1
1146,a43b79264938221fd3138ec169fcd428a2bfdf433ceafb98bc53f3c22dbe3352,d586c742cd1843ab87a52d54e07b8d76311ca261fae5c7679ceca0813b74ad96,DAPO-Math-17k,7597,train,1146,1
1147,9fc8ee9839fc7592915f007d5bec5d66dae840ad2804d82dbb6ca815cd018d99,98c055dc4d9c3e49f11d46ba1108c01bf5e4c7d988e7740cb7a10be0e42f3213,DAPO-Math-17k,13841,train,1147,1
1148,f180cdff5ac654612a39b970d5103235dca72f1a635380180b579a07229f4db6,b0f849656e73038500079c95020aba880623afb8c3a1bd0b636269a4fb6ac26c,DAPO-Math-17k,473,train,1148,1
1149,89f1443e198e45c89bec5529138e1ae6f3e97287b9fd77b19be6ca55f891b424,e022a40374dd3e8bfa8b4eeb0f170eb11bfb1599adaf324f4c01784801736c1c,DAPO-Math-17k,10397,train,1149,1
1150,00cfd7e7fc67f4ffb36e0de6c49291f1501e0a3fffe95c51a68bbf98895cc8e2,334ecd5204d8e76eb6cd27759201e6175de04c45cdf4890b72657c091f08d218,DAPO-Math-17k,9876,train,1150,1
1151,d9d15bf0d697e82310f46f36368bb95061e875fae20982c187c420136d859395,fb7e4a754b1a304aad28f9e09a1f2be3eb60e3bb92ed182fc5eee0c10ff281d5,DAPO-Math-17k,33,train,1151,1
1152,87343b1fe76551c782cd78eb638576c7c68868214a14f91a9ac237d441094970,435b015baa932ed58435f1257393c5b490b146239daf673425a3534a5a1926fe,DAPO-Math-17k,7899,train,1152,1
1153,fad70cbea7b6c906e8c2eb3e26984b77bee10dd13dbc1b3a2753872204110cc5,020174875e2370e783b0ff86a6b57f70fa1634a12397af0e08b1e21281cf7759,DAPO-Math-17k,5563,train,1153,1
1154,b1dad441a043ea6be5c43c3b2850957396a4d1d3fe80b011cf652af8c0847431,701d3dede7fd99263c066a8990f00ddadc1b06f522db86d2b828d3e8ddd6e18d,DAPO-Math-17k,5459,train,1154,1
1155,cfe64de112f9db2b50d42709370e0e2386ee0f0f03b14429b0417273ee3a07d5,8dfe687b237b7352ee2ede744627e40fe50d5648b3a2ab7b9c00fda98172da92,DAPO-Math-17k,16832,train,1155,1
1156,889e85b423d203b6ad6df463a9b1493a667936212f7497f549d81cb598de3e9a,f20c21dceeba66d1ef6be4a3f716069402b45887e9baf83a8fe3548b9c5ec509,DAPO-Math-17k,535,train,1156,1
1157,e32fe6b3bcd7afdc2daf1c541fa823ca94119f0be28e5ac6c139d07a49a17e1e,2629244f5a140337a02fb67badd59788900c07e6075eed06041c567f51761a56,DAPO-Math-17k,16117,train,1157,1
1158,5d1737add697d9b3e32730fa705fca07bb66c10d1a844b1b1ea8a7977cd9e3d1,e20a5722f32ce8858c09e49feda710379c0f85261f9ad9aa7ed68d00219068aa,DAPO-Math-17k,8317,train,1158,1
1159,af130dce6d3e3a1d998ae0cab784a3491d8e14b0076bddbe6b27caff2a03da4e,5975edf87b8213db655ffdf2cbb6766ca3be1635d85256e28629e17cb599f321,DAPO-Math-17k,2399,train,1159,1
1160,a3a6bc51afd18a46e7c433d2b210c960cdb79ad5c5d9c56e2878b8eb3ac5c66d,45b82ca99abc4ed4cfc13e122659b51e1bc7789424039295fc92e99c8326a6c0,DAPO-Math-17k,1329,train,1160,1
1161,eb57f4399c62281b095f8e6a015df714ab4525aa8f451730f278acbb702102b7,afc050cff1f8fb9831aa81e47b3dd132425a9878046d44206e3eefe6f138e806,DAPO-Math-17k,14219,train,1161,1
1162,63907ac0f5ec61dcd21d8518cf284433f9d7ea948b1e1a2f9ccf11c1d3e0bd94,54ac46b92900871c67feaecbed1e05d23faf390aba8a9ac146fdd1d3d4a6d728,DAPO-Math-17k,15326,train,1162,1
1163,52635809fc3d1b502750b2d584211321b81a0baf90d84895cf0703b483b8d0a9,2c4a602584cf0fc442db5861df8a107f0463a227f65192a5104219fb71b43b54,DAPO-Math-17k,4108,train,1163,1
1164,52f0bebb038c80811055afeac5fa88890c695281136fa3aa3cea242d5fe2c2ab,2f3af62a47dc050e11f05dde4bd9583630e9f4bc11b5dfd5da8fce267e82e5c4,DAPO-Math-17k,15575,train,1164,1
1165,c06a5753e6286b59f11921c7c3fe67eae8ff16bf389551474f57a5e54e13d75c,6d78385e968c1f681a07c668cd185f66c7c470fdceb39681faf0b7674ae807c4,DAPO-Math-17k,9669,train,1165,1
1166,278e81a89361180e3015d15ba057a6f7d8094fafa134c1e1f49a4811ec101a0a,ab946e9a15c13d3bd937438d565b9e09bd128eb0e3c7d3b965685c09be730943,DAPO-Math-17k,4048,train,1166,1
1167,9f6e80c9dd154bf56c5c7309861e3070aa116103c68aed53b5f85df29cad1bb8,cf663f2c478e34a7ec86d05eb1b39a3e3617fa67a92fac203cf3c25b74cae42a,DAPO-Math-17k,7143,train,1167,1
1168,51b061fd7ac11f9b7a3946402f6cc46459f5e7c84d6c532c20ea678c08216190,a4155692424da17a11ef85583d78f1e3d474fe80852785b73b002523b6f42c24,DAPO-Math-17k,5090,train,1168,1
1169,a0a6767a952cea0b2e340608985b3109fca0cd98af5355447221520ab0e2839d,c010e3c6976181ba2493bd80576957a91c733d2cfce80f41f435d10cda59d1a3,DAPO-Math-17k,3763,train,1169,1
1170,002707dd205282666245328853e40e05d3d8f8118d74bcb76f3fb47b81760871,1af7634bde3e2e243f75cf0f158cb5a987292969fe6a162aff5ea9e675753208,DAPO-Math-17k,16259,train,1170,1
1171,c50aed37abaf3b8de229ea9042fec2e6af8d90049f50c76fd84497b02b241296,f9fb2fda7437b32f0f55db2e0c9a33c2a758985c01f1b05030ef14b570e0e4b9,DAPO-Math-17k,16149,train,1171,1
1172,8d073a4699bd7868b5e023b19fcf43f28d935790d887d490b1ca762457a08dc6,41e38b74525e2a80b5f190320e051a65998ae1e3871104c6f68a1366144755ca,DAPO-Math-17k,5336,train,1172,1
1173,966e9e14440f7a39a602fe257a1f4bcf44576724200745bad6027a9e2cf7cb0b,651f73b83230cd8f332b3bbe32ef05ef1efa62e6d4e56d6cfb9f1b82ce6910d3,DAPO-Math-17k,4037,train,1173,1
1174,dc07fcc3f3830d25a9235a5dbdf63324e6ee1c365190203568899f27f934a136,c3740e977c0bf94300e42b7419b38646fc5cae52cb798b9cadff31f73057f034,DAPO-Math-17k,6100,train,1174,1
1175,66801fb78dc5a87aea7fccbc58a58744c079ffcef67c2bca916d3df5004d2239,1668bb85361c2e6d7636ca7f13ff59262b405f94b186776b2a84d35ed41b4b0e,DAPO-Math-17k,7679,train,1175,1
1176,6b4b3a17342ed9ef7fee01772b617eca004cf6e67ef62b806be732abc63cc822,5ac93984e4a54991c5ea2c8442743a078969a1579b8337c0d33747052b8f3b97,DAPO-Math-17k,17164,train,1176,1
1177,28dd930314532d1acefba8baf61f65affabf14b11fea218bec5b8a0d3c45c01c,6716a68fdc2a35f7509c2fb1905a77da4101af25559ef74a870793ee6aedf39b,DAPO-Math-17k,11694,train,1177,1
1178,ca613643b65a0f989b6e315602ff034a360b62b513e77f67b468a6493fd3fd35,7d1ad54c93f08f8758830c708d471baf5d094bedcd0fd3ad7ebb8de3267cc9b8,DAPO-Math-17k,3081,train,1178,1
1179,0d38a01d6f5c3d6ef6e780918d3886856a424157a624126ed0c2a53f16d928a1,96c496a1777f0d737f17446ffb817c8d6d9ae1263cb122ff7a19d21fd3ad3a54,DAPO-Math-17k,1396,train,1179,1
1180,f7aa02bedbadacf164d4655abb85860a320a80ce748f6e05e7faa78650abe70a,cbf64c86601982cad19179c45a0755cc5568894cbe32b47b507eb657fda6af00,DAPO-Math-17k,12443,train,1180,1
1181,3a6a6d514a7ea2cf441cf4a630de4d95c8cd27aa9d1ad417ff311b17b456bfdf,b276057445b07b5a129e13679d3c2aa26cfcf5d6d1bdec7f3627047c188de857,DAPO-Math-17k,13627,train,1181,1
1182,3c2c7d46d5ab472c6848bef43fd9fa195012f977b2a08dace145390b6c3c311c,3f9481f1ff887b35354aec177558c5d2a0bc69a2b3a983215381e8b30f54f26f,DAPO-Math-17k,7582,train,1182,1
1183,a80da862e26da60572f5ce0019ffd13a0555b0eff4a7bef4e8a9c39049fd1b43,74d82a1022cb73578e915a116cb7efefc32937b1c6daaec4e1e3b7f9f21a5592,DAPO-Math-17k,2151,train,1183,1
1184,5eb0bf3550a2dc76718120f64b002416ff8e39a1ed28078e7fb563879ebc9ea2,83d8cbcc49bc1621304a52185a1229af0b52d9135555f76be1b81322333a13c2,DAPO-Math-17k,16819,train,1184,1
1185,47815d9f1bd60a9641adda58ce5832d12734336d2227ff84cb97cd0564b67f5a,06fad3839e69412eef1cd47838d61bdc70b9ee800eb3211393788888649909a4,DAPO-Math-17k,9364,train,1185,1
1186,6876c214e79317a8fb0b6cfe453a5ba3d8b00c0a93fb066632d457000366a8d5,35ce5262e4fc36775d3f677429cc2f2d71e094617e33bfef4d7452dcbfe15642,DAPO-Math-17k,10175,train,1186,1
1187,004068f8d6ee9c3573dc974f4b1ad2f710af70935376e42a8e41f5d2fae13f72,f0d459a20fb0f5d5cc84044fbbfe3748bb32de9f4377347b8ede853af89f86a5,DAPO-Math-17k,639,train,1187,1
1188,4b099371eb52a2c56ff51579155f31915ecef63072a038ed238e2c6d0e274ba4,e195953b84a9b1dee705524ca90ddd39d05beff4f071b4aa53465c36f878fc20,DAPO-Math-17k,11233,train,1188,1
1189,462979b1d1322b4a32b8319b956bde20819b17ce904b2fc29dbed5093f271cfe,c1535dd0720b1231f8d8f5c0613529376163879b85fd341d97afdbaef59f7edf,DAPO-Math-17k,10047,train,1189,1
1190,99fa35c422f892c6f30c81d02070ae2379191baca8994b5772288f614b0f02c9,b16318168163759d955b8046039b27e7da639157c9737911938f7150c33dbe72,DAPO-Math-17k,607,train,1190,1
1191,21f20ac789bea18cc8cca5102a8147bd669b8936746bb85b22f8ba159cd5488a,557895afe74a0128e1ad81b78a4ab4b8a3a36abf8f866028f672d804cb10370b,DAPO-Math-17k,10893,train,1191,1
1192,4cc76ad7fd4b41d2f175d52b8088b7573415077fa1d98f4bfbdfedb84c860020,1e4c1b3304425b1620c82d791d7a9017b51e8220f521b1e63f0cb0f97e549a40,DAPO-Math-17k,8817,train,1192,1
1193,ab3ed2e12ddeeb0fe88386ef6ed5a4cc9df71688b5863247e747591156d8637e,796db2e449d8c134a7631136e4b1360cb169015d707b8b07214e2d6e904977a2,DAPO-Math-17k,3309,train,1193,1
1194,6a6bffed2eada90ae73e080599706d79bcbbf21596ed719736dc8af55a7a3da7,8b17c88319a73d3499bcaf147a92243f7bbc81f6de5e15238e30cc090472839e,DAPO-Math-17k,16485,train,1194,1
1195,27c8bb49a7f39b4b406f1d8d34aa58a41efb30e9a7d04f0f96e546b5a303c0a4,ca4b4d7523ddbed0b69391b963980c147d53f7716920a2fa513b611175d227cb,DAPO-Math-17k,2438,train,1195,1
1196,73c3c20bcde769f97fceffb9dde6349ebba8eff9f89979394f2b6457525e7107,52dc68907f54a1b083779754aa4ed6fa54b7a53a4ae9d415da26c0a33f763c56,DAPO-Math-17k,9955,train,1196,1
1197,4738f1a375937c79ce42ddac553073d7ad4435755fe6fe6f5155faf5a6029686,159c7b0f73f687a5896ae379fd3a412c659e3c7451292195710377e72be95e99,DAPO-Math-17k,221,train,1197,1
1198,7b49598da19bbbeb0be27fa6211816af83253786fcb808a0be1cb446b8919d27,00690b19345f02a38af6ce85ecdc6f09972f377be13558356b1439a51f35bc2d,DAPO-Math-17k,6827,train,1198,1
1199,211ab48db1cf7c966fc0942d388279fb0d4ff407cf5308856977d15a8e39bf8c,1c8078f7d3437fa211da1e4538ca6aefd57e6bafd0ed8024d21cc6001b8af64a,DAPO-Math-17k,12115,train,1199,1
1200,22baa7ddff6b1e988bc232beba0bbf49328c64d3f2b2a8a26cc177715c1c623f,483673d1fd87af4ff2d7bf3a0756a0e9b260b5cfecc73922090977f94015c48a,DAPO-Math-17k,8392,train,1200,1
1201,724b3d56e97077f04dc49f48fef7b2bd29c33cd891079fcef9f178ddd4a38b54,28c38970d3b6edce7828f0f8ed2004bcc2f741dc9205c9bde90a3d4df5e917ca,DAPO-Math-17k,11559,train,1201,1
1202,b21bd0c3fde5c5630460cb36be66f4cdfd6acb5fbbe5e4233e8e62fb28ada9e6,33ed3077484d15ef6a0b49ac9d56030d58a483315d5015995b90a5d4eff95ea4,DAPO-Math-17k,10240,train,1202,1
1203,cf0f7bcf5cd76e2b12394d1b22002c3306bdeefa14f5a4cb60a95c700befe709,4c17722861b278de194d758b824fd479c5469a7b0d43befce753737decc8acf6,DAPO-Math-17k,15680,train,1203,1
1204,a1f6122a19dae41d5bd2c462ea7a895bc77f0b3513c95db7b118bbded4a9ee46,e2a9f5308d15e7661aa12bb786478637e7e1691979a1349ae74b46595dedafff,DAPO-Math-17k,14084,train,1204,1
1205,4cec70933ce26fa9da93a7d6e593390396e32d96a9ce5928fe253667c8485df7,54f3ffef92cfe782c8f4c988dacecb98f91951d3f7f6b70572d623f80565040a,DAPO-Math-17k,11707,train,1205,1
1206,813e7e1e6e0f0cad45d5221f30fe376aaab7b6eab4cf4a2e641033d46ec877cc,5e4118f01c878e5968a1879a39daaefb5f9f9ac014813283b08960aae6b1c6c2,DAPO-Math-17k,15111,train,1206,1
1207,42568590b403787cb0b13e9e764f8c3e1d22001fa6705ee7af735c634a797b4c,2e405d224346da6c3dacecb86a0a8ef28b43464683fe77a33aaaa952fbe9fa78,DAPO-Math-17k,13592,train,1207,1
1208,62662d0a5cf2238c7db326ca43b2b32aaf96bf0b0ef7e5664923a808b695ec18,e8aec8b3d92b274e7976d58e38a4fa7f7ff297495fee06d789532938b46b4036,DAPO-Math-17k,13589,train,1208,1
1209,3df3888c91360733bb61f14aa2e4d512b263d475c4ef5204a48803d6ebbdc91e,f747e6d03620e43053ced7f549b2241f38c9ea786c75a90c62c982354cc080da,DAPO-Math-17k,15036,train,1209,1
1210,464eca4aad0b30c013cde54ce3661affb1fe850b8871ad758c5bbd1b5c5547f1,511f0d6f3bd6d93b01753020c6901998520650d720de951fe3c6193ed40eec50,DAPO-Math-17k,14234,train,1210,1
1211,3533257d293f8eb01f6f68cf3109cc92ae384ead7bbc3a366f68f4db2e940f67,802ddefe4b457c76337d92021f580fc33544753e38596c2e326c66fb97e96f12,DAPO-Math-17k,11632,train,1211,1
1212,3bfdbf55c2ea6e3734ac40c874a89f2e2b90ba753b4ab6af3ef315b69e584844,3b8de987210387b6317251010a137a757f5ea1e87af4e765199cd0dfe0d49bb5,DAPO-Math-17k,3547,train,1212,1
1213,c923ba2cdf1920f58fe42f6fb143308fbfa9165826df8973217fc76e99f426ed,0f0e2c01482c86ede41cdb39734763f1e81fd735f9749d06810a748f60a53a19,DAPO-Math-17k,10238,train,1213,1
1214,e75be204a1bd1c3119b37e918a42f5a35baeafad0476e84eacc52b894b6a6363,a4588bdde354dfcf39a339e77a232b74b12a19bb8b5847c5a060871a70ee6f7d,DAPO-Math-17k,133,train,1214,1
1215,b450e51cac8d4903da8ab013bf18133d6135102e7c6a139688c196f8567fddf4,be460081a0f05d6230df005b8d8a11e79ee788dc7c2c8724b7d723adcd027fa7,DAPO-Math-17k,3093,train,1215,1
1216,4484ece4998801df37c1078c5a19f56e5fe977ae2b2c69637b1c8611c80fe0ec,df87c0c1f5f830942a87ccc2f6ce2a8e243d869a117a29d8e860da0d7606cb17,DAPO-Math-17k,14352,train,1216,1
1217,94341df401635433bf909688da1c7f6964a584589d6819ba63a604189e2d99d3,de4269fd2ebb971a5d334d0769125751f377615b6e51945f07d1b43f53644913,DAPO-Math-17k,6153,train,1217,1
1218,228aedb3c9daeabb3e9f5ec0befe0482dce92f8e7e3616b517a9fa8af5c87dc0,6f12644bf8e772cae6fc5dd8cf24547ee4069ac4b82ee43ec4297714b3582b3b,DAPO-Math-17k,2649,train,1218,1
1219,660d41db51306d4c026eaf385c1aa2c2ba6376a5829886cd0912f713b210e36f,730d275915a15b33434a05388ac93c0c0fc41d22b78bf0585cadb9748fa2eaa4,DAPO-Math-17k,5698,train,1219,1
1220,0021a510bed7e5ac13668e3a51b310fa41c5a1175cabbd361bd87da48b5007e4,a1b55d0c78e37eae8248c64f9d07c95c6d7ace7514804dbee4bb00dfde09a34f,DAPO-Math-17k,6234,train,1220,1
1221,1e0844e7b4f0e415e908cb653621d373820a38ca1411e36cce660ac7a7eaf109,c4bf0b29f756b60fde72ec6a50d9c5d73f0ba6009485aa7a9159929e545fb7b8,DAPO-Math-17k,13900,train,1221,1
1222,05031a86283415272cfd6e1e86505161fbb973dcde4d42b6833669b363f0ac49,a72a021519b0bc18b7ac9710bdc2ecbaac6d678520f6db8a98ae5d2990f63d82,DAPO-Math-17k,5906,train,1222,1
1223,235237e45ec1f7bb85b9205cdf9ecd9286f0b7c52cc6a97a85b68bc94d45c9c9,4dacdadd54a12a0f00d3bec885fae6b474d9f6b9b9125ffac1198d5917823697,DAPO-Math-17k,16253,train,1223,1
1224,a86c768af6981453afba144dc65fb8eea3c1d96a0f80ac8d44b9184245008ed2,8aa629322dfbc941f3c2a5719d5464850a005c3bf6f64a2da2d67a577e03e04d,DAPO-Math-17k,250,train,1224,1
1225,30dedd26794ab2fedf405b2991a01a2565d57e60f1fe704f4633b9c3a020bb18,40039e24ab9ba2870d3a72797276d0c15898fd40f03a39f7c121102814f20954,DAPO-Math-17k,11882,train,1225,1
1226,acb806030633cf6a00f98a4bd9cd87d08e6e7daf5de8894242d7b99ff0582012,5706a7ada472c9180fbea17ce60f6be58f6d117ea8d4579a964eb311b326918b,DAPO-Math-17k,12697,train,1226,1
1227,5f5aa1e146ace82fccab149909aaa008aceaa8090f64c5529e1c19ebd660729a,6fcdfff620d1b7e6b5b10596a49846cd65282c82f9c9001f616489c21fc35ae3,DAPO-Math-17k,2116,train,1227,1
1228,3ca62388758a6ea548610bb72e850f3a99ca4675cc7f6403e945ff14e885457f,1603e2acef33c0adf1deed6651cce39d373a1a2a5dc28c6a83f6f97603418e83,DAPO-Math-17k,4574,train,1228,1
1229,d3a07aecf60aba07df6354717946383221dfc9977a41fb365c57183aa13d1560,2ea60366b611e5bebd5c15e217666ae4bffbc5f84269f58c3f9dfb860796e5fe,DAPO-Math-17k,14848,train,1229,1
1230,d6b43a97db359a981c57e58929729ecd1fa2ffb7157206558ae96df4111bb5de,bb0d0739e479638e1f2eb96caab244fd5a14a2c7423f0b8d0784cbdaf0a7ca56,DAPO-Math-17k,2786,train,1230,1
1231,0b447c137b203884fe48a208f9522ccd3287e699cf10ce25686deabf4e4c0900,40aaa88520b69cc1f0db0a765e6750f0d9da8fa87f75f867fff7501887fd78a2,DAPO-Math-17k,4581,train,1231,1
1232,6ec721940ef4c2e2c2beef3029edd60f2100c9c7bd448cfe1232bf95c808268a,6017e095a32276ebb0fd470fe7ca08020dee2d3a807715405063f2d15fa92e99,DAPO-Math-17k,14228,train,1232,1
1233,c626d2834411833e85371aaba43b61b0dd22044fc158c001ef06ab086f15bc5f,b28779132439f5027c677055af3f5ceb76eb79b13194c3cacbe4fa7a8fbb623e,DAPO-Math-17k,6055,train,1233,1
1234,9ca1f1630573e2d2048cbc8a0674e79dc32d9236a4a2306d625634d648e97ab0,be60258222ae5548d02026666ed27e0f1700021912119ee664bb66004fb862de,DAPO-Math-17k,583,train,1234,1
1235,98f6c06e7f531e966e439aadff5287d443efacde7243ec94e55fc62709122842,91eebff4977ad42e87c7eb3c07a15646c915adf865b5a1985e9759578aa422f3,DAPO-Math-17k,9258,train,1235,1
1236,a1af5e9bc39c20fb9158fa39a49977f4f5f69823b71b4052fa07bafd97bed6d7,2560991da4ad3fa51c5206de530ca3925ceb9ebbdc553bc09edc5ad099d5e0c3,DAPO-Math-17k,3236,train,1236,1
1237,58f813dd855f75887aa4ad5bfdb76488970dfec23177ffa955db6a7ca0b5cb35,1b537e07b6d1e05034597b0f498034da7c02ac03397cacf32358e238c1a78120,DAPO-Math-17k,6382,train,1237,1
1238,119da2fc93f1cf098a3e8d5911b10432d8299ae7f832437046b2825f9f194812,66412a30222486cfac0b276ae491b88e7953a5f7d4c2e92c67bdd4acc3ea5af5,DAPO-Math-17k,4962,train,1238,1
1239,c45a448afe444affc3881bcd94b482575e63f706b5c26559073ea2a0e12e1fb7,3dd281853d08a21ae78c253625ca35c4b1e96964c0f6abc1e9e5bf4bead9c6d1,DAPO-Math-17k,4627,train,1239,1
1240,93703a8f41ecbbb671ea15150c79af4082da3981157b8335d64308a1d10d6bf1,485b747c6345a1b947a57a2eeea4148d98456c089ff46605ba60439ca2356f7c,DAPO-Math-17k,15799,train,1240,1
1241,2962773a1a4d4d7360718be4f4fb15a394975d9411e4c21466e18324f345628d,a151455d8c122bb8dc2526f381602a53e96f78fd4606ce6ec48337e3a89e791d,DAPO-Math-17k,17081,train,1241,1
1242,afcd5c65808ee54f70f20e67d4fd58e00faf2b241ab49db598e11e6826fab87f,b08250a584eddd8931d6ad318bb34699fecebaf11871893a7b6742a86d66155a,DAPO-Math-17k,10624,train,1242,1
1243,15928ddd1eb6c6d2279be7d2b05e2bac38e147cf2eada29e8e988a8fb222b728,f51d52a72aaebfa538022ab0407f63fcb69240e7b8b781df3750a27bb0a41fd8,DAPO-Math-17k,10467,train,1243,1
1244,418754b9a79e0faf5c0ff4c3524145c95a9cc78a0603359e0fbe095dc83f4333,c0631d9c1af1aa18284e3cae66a9d141145f4c9003330d914d478496445ec8ce,DAPO-Math-17k,4151,train,1244,1
1245,ef1fa5676d019b8a2ac1b497dc787c99989fd5df31ed08e42d094183db343870,ce3eed798e867480330013d296662b899bdabfc64cb7d825398a3c0d7f286d06,DAPO-Math-17k,9544,train,1245,1
1246,41d51447a3f6cf0ff7820b892217c8eaed56cca3881213286eff71bd644d19c5,e838f74a4d29d6c9c7954c7ecfbe9c248228d5cd888f893c8e64b9e1810c0770,DAPO-Math-17k,8884,train,1246,1
1247,f8c98d4046074d2bfad9ad2e53fc95fbee224ba0b754d61ac83324c420bdb265,568493961fe9a4caf88fa07a54031720867f002eb7144dc4df79517cda2ba9e4,DAPO-Math-17k,16670,train,1247,1
1248,030d17de9ca08bd2f17b661899777f674c81890f0c0886ce6bc10ead1e9702a9,3fba70ef13a563581c512e7026c921262864c154d716d5523877a329d479625e,DAPO-Math-17k,1484,train,1248,1
1249,67d3ab75c22a474a89f54fd2598cc4977a8d571a70999d3ac3fc8237b3e0f5c8,e3e2a1a002391d71409bc9c8988d2473c9ac3f31286e4080fcf5beaecd5c2981,DAPO-Math-17k,13638,train,1249,1
1250,e5f243f4b42c5a299f61a908be4a401b5abdc63ba37a3a8b9c54f7393d43a928,fce8f877db81c1da98e015cf4d0decc4d5bf92a608349aba5265bd954ff589e5,DAPO-Math-17k,16092,train,1250,1
1251,f89758584eaceb16cdf5b6f09c5cb46ac380aee7bd1614370483fc44b67c5010,6c6edf783d7f1b9ad2e463a798fc89c7bfd2783a2510bc95be2561bb5efe6d9c,DAPO-Math-17k,6481,train,1251,1
1252,cb686be01f24f5dcf7c561e68bc64a123daedd2f8e7ca9bc6c566cc484bebd5b,4071d7e58db107165793f9e927cba56ab1e1825603dc94718c910870515f5db9,DAPO-Math-17k,10476,train,1252,1
1253,c0d2e76a0f73933f96677524894ad88a152ead8d4830d31ab07488489897c2b0,3b2fbd4a4ffa8f06eca3426fc54cee782140cdff8b33c98099bf3ed669e077db,DAPO-Math-17k,223,train,1253,1
1254,a64dc89d431fcf073261c44d808d89c57513d43233fa1cfccdc099472d6b9404,4dd7688d795cf2e7f2684e46963d897a6703a89e2319886a15f69afb674f9d7a,DAPO-Math-17k,634,train,1254,1
1255,8f0646b61f008b014d741dc77e41f02dc7aab9ac11108ff65e44f6a2ba9753b2,21ccdc0749e544563e5d014d32b78d1cfa9fc31cf503293fda338f7e1e4f7f05,DAPO-Math-17k,8194,train,1255,1
1256,3af458e8e4dfb45d86ba5da36b6b3e1a8093f9060d1532691740c9e64806a6e3,b96a14ee46336d922744846938a3799a0a1d387bb5b02040190478fc21745e6e,DAPO-Math-17k,7126,train,1256,1
1257,47507089d0d5aae722c1d11693973bcf19d2d257b5a2d1138bcad05959fca9f1,b8b3be09ccc323cd61b14b76626c039f88004c397d3a5bd15733771b8d12b52e,DAPO-Math-17k,7283,train,1257,1
1258,2af73fcbf37ce1b09004bb28a76dee4b8acfba184a8a28d768377f4b3c706d0a,5824e3fc96fbe92ddfb401d7579aab72247d34e1ef81913cfd2de5f6a8afd9a1,DAPO-Math-17k,256,train,1258,1
1259,009882126f2580c7958abf820f58a848e92af3abc4c7ac4dcad169ba6ee2b0e7,a1e3bb3c3708f6cb8e12df71b0a18e13b25551b45dc498f4b82022280f3e725b,DAPO-Math-17k,3448,train,1259,1
1260,36601464636ddd6ee061c8ac754199c49f5bf4419900ec45ec2f1f0f0c187b52,1f84b7ae372a75bcb5fc1291bfe585f2c96d587563ed7ba4e7da5e0f1e53feef,DAPO-Math-17k,9376,train,1260,1
1261,c7fdbb629490723ef13c5e2d383c1cda46bb0d1b8280ae8672933935011d8b8f,31835a4aef531b7511b67488126c2ab38a951d9b00f5f7b056ac65a4622184b9,DAPO-Math-17k,9830,train,1261,1
1262,97df025ce763cf4ea10a7b523ec486015c6f6a456a5dea6633ebb4ab1fec5e91,270c4508a287ca07f22e6042e3bdb88164a26d42c235e8476e7d7e1cf3e0c44a,DAPO-Math-17k,263,train,1262,1
1263,503fc19940140154f70fadf2e65add64a00b7c37a119e7f4340fee465f057b4b,cb4592b28c26361e39fdbdbb68ec4d711fec18eafaffe184d8d767af97fcf717,DAPO-Math-17k,12869,train,1263,1
1264,b866646ba42a3d32ebeddd9e0f9d29f3fa01ac26465c8b8eba21d08f1a59dd8c,35c67c09eae6b34e121c968f0f788ebc178e65db29e77b1b822c409161ba45c5,DAPO-Math-17k,13836,train,1264,1
1265,8a7a1167e33f34ed73c81dd958b29acc4f6f2562a788e42b161d742ffb57c561,bd0a992ca08dd9c0e7d55eac8c3003fc3ca859b88ac0266bbe8430db303345af,DAPO-Math-17k,870,train,1265,1
1266,27a3679668db0d143971b87a3f221a95420f78d92f0122321c1aac1595d19312,875284371b5a31045650b59dc338148bcfb396141ea90c12e99b0a488f1f0b6d,DAPO-Math-17k,9246,train,1266,1
1267,0c241afb62c6fe00dfa9e272464987b24aaefaca25389e4c6cb2e3884a3649a9,c8c3b9bb8313ba42bff13b7619ac35bf53456da07cb7ad5e20d6cf41f3fc3d3c,DAPO-Math-17k,631,train,1267,1
1268,dc929887d621484ad67d4103b7fe01bf824ef5c90bf871f82b9fa54d489d22f8,2dda46a60105638058a964c7e5beccda23c20ba3d1c7033e7f57fcdb34e8780b,DAPO-Math-17k,10112,train,1268,1
1269,9ac890a476ff4d5540b13bad4fa4e241b07b43cb05e4da9a4739fc3af2313ca4,8d04c4c810dd68e1fff3f96b7c8d5e8ad771fce372bdf7b8f7885d949705d5c2,DAPO-Math-17k,2937,train,1269,1
1270,187110a29d2e32a028e9c9c5dbe044b09808c482570a07201e478d5f01e11dca,7bc21f0ee34e4d9a9c606c0b696d23bae77f64f2c16637939ea6d9a75eaac7e7,DAPO-Math-17k,99,train,1270,1
1271,9f244d896ac20f4f6c9ed412e1b583a56d2f00f982ba3aeb03a5e8eea218c8e3,324985e6dc859d3396477a22cc8605cc24be52e6e1ed1c2e3c809e1c23e84983,DAPO-Math-17k,14356,train,1271,1
1272,91e76b14bc348775c9f79cbd94f19a2d721fd7b457a4531011dd02cc83bc6e6f,34b08852ba5c148cadbab6a0ef99c674e1b4082d3e9d4512462b0c34788e964d,DAPO-Math-17k,6919,train,1272,1
1273,2984d8d7aa9d731382f02bb6b827085ec8ba11d09a4e90d22bb05b97f6ad912d,78ef7f1184387ac7a983910435d0d2568b171cddff7a69e054fd81fadfb03442,DAPO-Math-17k,3063,train,1273,1
1274,476a1f5e57de3fc9544a7ba8178e4c6850f7afcaea7c7cab941fb3b4df598275,ea2ba6d6252a84c75c5376df2c51264a4417fb6e1e5210b77ad50d39165cec0e,DAPO-Math-17k,12957,train,1274,1
1275,1e8561e7b25b04acbb49b0b95d900dd866472981507cde2b923d40bec45a7da8,28823c2a0e0ba3e7334509cb05a7858109256dea78edd1a394f47f05c9437f61,DAPO-Math-17k,11260,train,1275,1
1276,7548eb55429d8f0e13637f687094e07f77f998487f9a48e339ac24eaf527e4c6,888080dd37741eeb70abef2665960330360c0d096b905f960b12f72291e62d30,DAPO-Math-17k,9397,train,1276,1
1277,ff154bad0f50f30eee6ffc7cba63cb266453e9c90eaae107bfc016de507f358b,b15de5e911f9665b3aedf9855aa8dcc5de5f03d7afa02885a9df99dd647d46bb,DAPO-Math-17k,8672,train,1277,1
1278,4fc6e763fe3980ed53850068e542d13fd494790acd0e4bd5b5e951cf9a5107d2,9c7e3c391ff0028fc443f657f689eee3ef2c1356073026014b89baa7a3641c74,DAPO-Math-17k,10506,train,1278,1
1279,12a678ba2b253a98930bfe8e9c83e18cb914d01e0087ce040b0f4f0c97358abf,a125e4ca77615f57cff556c7456e78dec9d92acec3315ecba6f8f95296a71659,DAPO-Math-17k,1059,train,1279,1
1280,643b079f7aa965fe9b88a05e0b67ef8630e9c3f17e172ab845eace89246e5763,e649f98ef405d0a5f0cc25c12131ced137b349d80210987e38c83d6c3718c713,DAPO-Math-17k,10247,train,1280,1
1281,ca60f0a2a5b0a28c14b705cae65a6e20d1bacf49dd095673811c2cb2044aaa90,4d9ab2924191c8b11f5f902e5a3a4104ea4935f617b83a8ed3751a9b91d94292,DAPO-Math-17k,5976,train,1281,1
1282,7203b6d49ad26372dfc7f0447b8c6ee638e38d8ece976366bf7ae80d998fa4f7,471fc8e5832669d0f7636b790fa190596efcd2dbffacd620f8b91ba0b703ba9d,DAPO-Math-17k,3964,train,1282,1
1283,ec689d98775438e13bec9d8123de42ad15bb9bd20a30f1d4e408297e485ec47d,36ac23c9dc49c6ea8112d730a30109b7ac0063d234e3e4e204fe50ff625fef9b,DAPO-Math-17k,8697,train,1283,1
1284,dd2a3be49fdfde5ef31cbefc070abf69325a51f11722f548a899731a98136add,b2e60dccae201c6f3b0ed08b4b315f21b5a7bca0690ac0c402abdb8a5a62311c,DAPO-Math-17k,9055,train,1284,1
1285,0eb850e1c8a70bdce8ec4b53ed8607cb5214add67e2eea42cffd76eaa7a66bd3,6cba548a403e00e9bdb5f3710b166f4fe4021cebf5d226f4ddaae0287a9c63a0,DAPO-Math-17k,1403,train,1285,1
1286,095bdc3c7b489e28f869ce8c64b0388fa126a7dc752ac044e9abece87f25e487,eb21097b8e4665fbe64bfcf0b7edd2d194d4c91fc2d558a1f292187046a3a605,DAPO-Math-17k,3946,train,1286,1
1287,191300a0dcf93050be72c84d55729e0bd10afd8db8e1d9dea20646de51f7ee54,0320c5bb6739c884d1c917321560c69cf32065765e974ac1a2cc7c5a4a77f4cd,DAPO-Math-17k,16063,train,1287,1
1288,c11f253fae10a0c0624b4332cd69da51f8ce7846d76f5a838a7cc28c26cab6cf,f69d41b39d071f82bdd86030fc8e8cc3c4b56df78f39695ff928caba5fcb0551,DAPO-Math-17k,14704,train,1288,1
1289,47272e46b18c86a213035facf10b78c24ee9263051788393f79d6e433e31e87a,65108b8b46ac9f487e7cccbb508434c1f7cfc80b39afcf0b606e0d897eb65545,DAPO-Math-17k,1408,train,1289,1
1290,92ccdcf63849e1add4f432b427fb3d3e92bedde3a2d8add030bc2f87983091d6,b57088bce0df5a6476086043ca25797e022bb37187e7399941dfe2e6e4ffb580,DAPO-Math-17k,2613,train,1290,1
1291,73c35f8d94e35eaf56a55967fdaa46cb80347764ca0ca2d34a21acd20bccb2b1,8eead8d8654477bf641fc8be6d607bada55aaeeef8b8028feb7f43e3b11fc7c1,DAPO-Math-17k,11616,train,1291,1
1292,eb9eca4c0115cfb3d06a817d8ee93781d44c3f701642b6aeb3b0500209d231a2,08bd24a0c3e4431efdd9bf5f520a71161c6a74560840a5b935f211a42c52cb3a,DAPO-Math-17k,16958,train,1292,1
1293,a6b0ccad583381ad086a2934d68774f6c9f9a704b481ecc16ca284b24ade0943,9f5d6c1c811c38f397885d9745f998856f50a05ea240839d1e14de22b4b17838,DAPO-Math-17k,2581,train,1293,1
1294,810d73e6a5492baa977715edd3da3e8d65323f4f0891443ee5d13d71bc02cd3e,3aeb55974b2d7253f72d6e90c9fe01e9ddd2d738249d5c9ab601ced9c7304c5b,DAPO-Math-17k,8444,train,1294,1
1295,8a4a032a9ec79a20dfba1ea950fef31ac6983f295e7089237da7b8d7db1fc312,1d46accb6a8c62f8924045c1c6a30a44e0b85d89a83aeedb0de5a7329c8d0b16,DAPO-Math-17k,15525,train,1295,1
1296,a15d0a29531f47881d18b883c8ddf5e8f0b6fab89d810ab2f8af1dbdc1c5758b,846900fd287a3c6bda46a44a92913a4f487a1bb52b0655a73746a438d4999fa0,DAPO-Math-17k,2988,train,1296,1
1297,39b2fa3ae839ee94c8db91d23408113bfef0cd93e47f75f7768f8cde9d48972e,2be1c505f49a3f5f47916875401848c6392ab1bc0d5c0ef6132f878a04489430,DAPO-Math-17k,5808,train,1297,1
1298,888f3b64bfc96364b080adbb4947dfcf61e9275ee0cec3dc93dab42ade8db1f2,1d0bf0c0b48a28dd7f0dc424bd5db4452143842a20a192b7127171c899c7bddd,DAPO-Math-17k,2315,train,1298,1
1299,d72fcd3e8beac9f923c86e75a7a577ee6ab8cec53ba2e5bd299dae5ac0737fb6,1352e768151020657259d75aaaac62d931e03888fff7fd1fa2895bfe99665caa,DAPO-Math-17k,14454,train,1299,1
1300,5fd40a1e8c4e0d0447e907dd25a1fe584b389a4d3949215eafa5019b98ef0938,5bf1c9b9f2c23778c157d64ab9c170b99116cd06676e2ea4496bbd9b7268a1c8,DAPO-Math-17k,440,train,1300,1
1301,94e4b76089e89368984f8ac99928f7b311ca8f8be7f40aa231691e36e67015f9,2dbf6e4cba19a8ee95929594d7db21ba3da73fa2cc60f9ae101b81f7513bb6a7,DAPO-Math-17k,15546,train,1301,1
1302,cc67693490b2396a42c0a6769ae3ee508a63f2a78945e0b547306773eb118ccd,426dffd502cea8d8106a31a7ef92019f0181cbe1113eb439b6c865a22f39eb8b,DAPO-Math-17k,10911,train,1302,1
1303,2874f7618a21ee79b36c9a02b0cb9bc01968c57a9a02a4476c96a59a520da22c,96cf2470f4156a2eb04b044741f8756f69cc777451048edb9c4d0244e583e693,DAPO-Math-17k,12335,train,1303,1
1304,ac4eaaaef9b1834871bb6ccaef56338bbd080ad7e93ad4465934ca935359ca31,84616c1c0fa8d4caf52616926131e6ddb9240eb27b2a10bbab9b6ed5c7f3c967,DAPO-Math-17k,10843,train,1304,1
1305,412d699417450e79fc0ef5d8897d2516d3114bec7e1beac505535ec962da6ddc,65cb5458f673d1d9aea463f949e0b966b41cc092cda082881ed2671751c1240c,DAPO-Math-17k,10977,train,1305,1
1306,2752cf76ee18a00c0f1571662eefd8cdda5e2895b5b715ab678496b3941d080c,733f0b5c44378dd079deb573f96a0089283c3943fdb8ae3cfaee6edad2961ba6,DAPO-Math-17k,7620,train,1306,1
1307,6dd48c90bf45c39cecc5c8bf77866ff236540f469dfc21a6ce3796baec0a8de7,25f7e1b8e69ec5409a8b7ebd33056c1786ef8488cdaf02011611a892f6de8461,DAPO-Math-17k,14864,train,1307,1
1308,eb6296f1e18174e84f6361462e17b9c8b6b7b892b8f23701d569ed718ee4abc4,f7c788ac4404ff6523b7495632f425f93e12890882f9a78419a78cbe4698c6aa,DAPO-Math-17k,12234,train,1308,1
1309,75b474654d77298d09eb3de3adb09b814804be457a28b4fc999a3a0f1aca0b73,6e53c440cf3cbd420d7cd98cd1b4bf638d0fe4284d063585975631a844052f69,DAPO-Math-17k,12170,train,1309,1
1310,1c1d9b2a2775fedec05d756d402c7f58b4ecf765f0e51f970fe90b32a1e54d98,fea7d498f1e76c3d80c8c15e410c50042e6dd9e975c7c90608956f4951f96a2c,DAPO-Math-17k,17046,train,1310,1
1311,951bbb2bcdba24196cae2b4d0c21e7b68959142943c883f95edab902a9f34775,e7b2dfd1af01d76f3ad16c11a6639a09bffaf97cb19541b5db1682ed79ccff2f,DAPO-Math-17k,15496,train,1311,1
1312,d5a0a152f6723bffa5c6244074e8e930ed50df24c98d6ae3fd2f47e981157a02,18637a6312e3d02cd576d9244a262435fffb37139ce15abc38504a337ca6b0fa,DAPO-Math-17k,10693,train,1312,1
1313,fdbd34a6e3e22f1db79f5be93e4f0e9434b7ae3896ad9470c27c736c2be44977,1cd7c5aeb413135a115d1edda8c2901ef51357db30fad0fe8a349a15ef4c5125,DAPO-Math-17k,7425,train,1313,1
1314,09a8a7c2478aac36a81eb69c52171e6c2f5d6feb4ee636018c6fbd60d5388a73,ad37b50b669a3404d668192da946096ab4d209db851224fc814d6fe21cfb5499,DAPO-Math-17k,7380,train,1314,1
1315,1d06f9b0a7d3b2b26d4085b7954d8fa653fb11ed851b7b751caf2af5c624e2a8,20e125ee2be737374ebd25712d20d060ae9394b6afad69c8fc1189764831c1a9,DAPO-Math-17k,7084,train,1315,1
1316,138ddfceef4863a5d19875a8d8745716c3db922cd4982a17b312b8cc5209bfbc,6aff65f89b4d5d0cfb856bae9d184556969193075f1b8873d21f1707d0565551,DAPO-Math-17k,3454,train,1316,1
1317,a0b2133ad736f4a20f8f88b5742d9e464c445bd82572e5c1105623a80a8762dc,31857e547b7bad9a6ac79baa5f7822f654ffe62a86504c7160d5b7f9f39760c3,DAPO-Math-17k,5014,train,1317,1
1318,a444d2330455119f02b96521d6f323d1bd25ae48ec319e16b5dfae45701e6c6a,5cbd9a76f458f00b0dfe54e5eaa1fcd28de2a28c3097cde1474848f82ef05dc0,DAPO-Math-17k,14681,train,1318,1
1319,c71fbef68a0fc3278a14ef6cd409aaeae490158b3ba40df2767bc3622f1c55e6,b78367c7388a54b361ffb8cc1fdbabf158411f83b32b2122f92010a406067b73,DAPO-Math-17k,1450,train,1319,1
1320,2f536847df2b33bde67a197adadd03379fe627701ef6be3cc323a4049d8704b0,3f67b8de699991871bbda6a81cfcf3c6a489eebc77dfe63b834fbe46de47599c,DAPO-Math-17k,1915,train,1320,1
1321,3acdbf49fb39a6c55e2e361bd2ba5aa27b7d65aa4f5f5b85bc5c78cdff9a70fc,e86ce116514f4b13ddeb7552481328087b40e48bf69cad965e10cae39c319ce6,DAPO-Math-17k,14746,train,1321,1
1322,b1158076b48522c21da1efe47f54b551b9614801b3853f736c09998a6f46813f,d23b60bb41680268c5ed2cafb26e806451b94bda99ee2bf0e8a38e2ff9224824,DAPO-Math-17k,14815,train,1322,1
1323,a1f6798d9710b935f5ab8086f1ac7324f3c57f4975ca3dda355e88c7a3e44368,78231c5a44f315bcb4dd77002ee37085a1990f1b5b6c7fa2ce619caf6b752d15,DAPO-Math-17k,969,train,1323,1
1324,f8787e0feabc69b4469beede120177d798fbd9cb08960edadc050f394f8dd5e9,0a15ad23eb09582634a7e0d813890cc229ac361bc87fa22d75eba50fcd8f8441,DAPO-Math-17k,11687,train,1324,1
1325,41521abbc7a59eafc3f6254fd12278cfda7463215f28ac8cacd2f278d7cd2227,7231ee2b278b247b1c44bac50bab9fb08a8cd3cdec54970ea5b44286787a97f2,DAPO-Math-17k,1354,train,1325,1
1326,e02582cdbf6e04e80189d2adc31cb6f75718d5ff8c572efa5ece731ef45b6edb,47bf1a98ed078728eba78c8f2961f5ee8b8100e7f00e4ef80630af060a4dedde,DAPO-Math-17k,13275,train,1326,1
1327,01d90df6d2aa300843fe9ec5b9c3c1d9554ad3449586d4bf4bfc513d9560cb26,7f3a00b8750db8e0644bc145cb2eebc048db091241a38baefefd0ce8c82026c7,DAPO-Math-17k,8733,train,1327,1
1328,592cd39d1e1b999d8230bf8489c90045b44dd017ba81738457bd2dc1f273a331,b155f214d9e8582d3b30ff3d4690b6cefe80c8ad5396e81ec277c8e2411c5047,DAPO-Math-17k,1149,train,1328,1
1329,0acbf066bdc1737ca315efe2a1fb2656fda52c79d5728d36ab06ffddcbcfb230,a947ab848022c4ccc8de9c94c487ddd87e967067a92271b18904d7b09d432be7,DAPO-Math-17k,10226,train,1329,1
1330,14d9a8c6669aefd5c18034f794473d2c74b371a969e0e71188ba19e76a63383f,04e911055de2a137fb4221d4f4416eeddeb741af59217d7f340beb6db3c9f0ee,DAPO-Math-17k,13512,train,1330,1
1331,cde787bf10daf38e5e985534088e2ab82fb3ed1dac4a38fcc09fda1524acc661,58d8ebd03b6bb1d6bd1a39fe77a86ca81c61c31812efcc45ba4c9909886cda86,DAPO-Math-17k,9647,train,1331,1
1332,2041d8f12a23480381642c1c50c88e3aa0e4552be687d6ada13d8af89df04f6e,c8c597bb46b082b7458b92cebcce6eda9f3b0f123727f42e26897568d37d5b5e,DAPO-Math-17k,8137,train,1332,1
1333,c1af932d3fa5167702201abf30128e927240e8626ba02009281d339d1311fa43,f023ddd81d28395e9a44025948bc4fca1ec11f4c47171470740358ed1817f3de,DAPO-Math-17k,6702,train,1333,1
1334,f0ac386a72bf695bd26d3b874844982f62b9f748e35d92bd9de5a46db4b5eeb9,97377170ea60d5e06bff0812636f94ddfc240ac8511bb2fcf93888b74ffbad3e,DAPO-Math-17k,16219,train,1334,1
1335,10b2c4e24787b6d0cce849ff296720c1caeab468a7ae2fefab66ba5d0f38ac22,ec3ada19684d0d137b2ceb705dd22cbcc7edaeb0cea284b02e1f53d19fc829f0,DAPO-Math-17k,11169,train,1335,1
1336,9c63662fea805482b4af32af47762cac8cfffce93f92a50fc1f34d161498c0eb,8dafb8b6db8ceb14034892e3a23f79bdb8c41191652abb9a5ffb4bd2bce11d4b,DAPO-Math-17k,16503,train,1336,1
1337,78f8ad6d387b50e45f13199f30678c47e98e654af062becd75231f9e1daed46b,94cea5869f21647512c6a9e3d7868ed206fea24106acde0354619ec6c6533ba7,DAPO-Math-17k,9692,train,1337,1
1338,7aac2abb3c41792a24855c97a09edd8d67246be6a000b397dc0d472d8771c563,5ca24cddfb8de10381088a86e94cd51156a751edafba6a6c2faf1f55e71f6795,DAPO-Math-17k,9022,train,1338,1
1339,9238b8a035f2d2dda7c3ad28c23fb59f325ead0ca715396b48e593f9d508c4ac,c69f7bbb8a182f55f37021201a66251b360207bda02d60244bf10cf7a1be5c81,DAPO-Math-17k,11690,train,1339,1
1340,acf312ae81513affee0798f053c74b1684a6ace8c3fbc92b82cbbf93660a8178,7264b9ab3bdcc7e76f873683e45e15f3c4707e08f3c4b65bbade1aa0ce628fb9,DAPO-Math-17k,3124,train,1340,1
1341,50843ba3e9e9c3f48899f0fefcac8b2a44e6e3bb4400721cd9239c7219e2b714,b74f274dc0401bc61eea027211c66712bee8829a5eed5aaa7abe8bddb3c6bacd,DAPO-Math-17k,8718,train,1341,1
1342,c668f736bfd8b7787d72a5aa5c8025cd22be6db743315ab50dd347b89bd5356e,5ac29a1b3f692ec3339a688df19e2c3ebcb26267a819194bc5fb5721fa3d6927,DAPO-Math-17k,4941,train,1342,1
1343,5cbfb484924a000f3020d58746a453e780ea45d597c1e554475170088dd06c37,731d903e31767baa9df648f967658a5ee981ef17ec8f70773c81c4246eea0830,DAPO-Math-17k,13359,train,1343,1
1344,728e6f43697b90edf5f82a124f3ab2868f8d0e2a520150a2ed7ebd48f70c3f5e,e74379387f7dd766a5ee89c3147a15e3901fa86ae07004cf3ebad98b248b4043,DAPO-Math-17k,16894,train,1344,1
1345,998da70c705291d2d379dcdc62f191ec7487768200aaecacc18168da2ad183f8,132dd07fa26ea66f903f274545b443ce3ff95cfb2a6a477e52e662b2b3022fa0,DAPO-Math-17k,8929,train,1345,1
1346,64e1173ab0f145c383db57b2bffcc0c464f57000d34c59cd31b16e28ff53e18a,14b440c86dc4241edee836f37faf02a88a0673cc6f3d450f50ad7d87d9206380,DAPO-Math-17k,306,train,1346,1
1347,a1e1bb45508df9b89a8736b2b4a4d13fb20d6726305b7fcd332e209991f54de4,a3242b8facce067537948afdaf0f8eeb19af8cdd7a8db227b18977bc49e2e350,DAPO-Math-17k,4947,train,1347,1
1348,78b2a4f262236ce69eda5edbafc777941e9c1b04bf028e33048c2be8c06d0c6d,585601fd6a220240a465da015de27ac2f32a95a3d6fcd57640e778ab4ac8a7f5,DAPO-Math-17k,16701,train,1348,1
1349,6280cb489765e6b94686da359bab3ba4cb09eed6e1c60141d3cf27fd01fa073d,c9ecb3701297efd41db7b8f7aeede7330931617c6f7830b79969c40e216d897b,DAPO-Math-17k,5395,train,1349,1
1350,34f893b482746d38d8fc6b2017c1acdcaba686a9ec043f7643ebc9db286f3eff,b3c6cee37ea3a3c58a3f8a1e63d0f283b7135c2ec0c7ea61f7e40d1a9f011202,DAPO-Math-17k,1098,train,1350,1
1351,8205ea3ca9cffcb57e81821ea7501f4a981b7db71b26cbd337c2748ff62c6a0a,8fa6b46ac895c5bb5efe9df3cfdf13c6f00434212c054f2b98adde650cf4287b,DAPO-Math-17k,13971,train,1351,1
1352,56f7688417e8baac041626baeafd306d73e3b051766f5b0b7aa5a79b502322d8,84c231916933985f9a9876fbb3d6ccc9bf37591a0dfd6e6e968f230677896ceb,DAPO-Math-17k,3831,train,1352,1
1353,416c06d790db9539e17c36e5ee6e508f503360b43283ce4fe7f23392c2cedb58,cffa56e782e9e021ff25603ec172063268e3d4e2bd772d0f152f7ded51ff1c37,DAPO-Math-17k,14283,train,1353,1
1354,e10db90bb72e23b55ffcaf056ef1ddc8410a9139d255dae02889dbaab8518cbc,c7c0a9c06393375bd18282f9d21444f92cc63480bbd7ac99fcbea4638b2b0449,DAPO-Math-17k,13423,train,1354,1
1355,11065e515dc2438d109fb29a33286a368253b9ffcff9961a893c4b18a5a3ad93,b855f3173f0d885179028876036c18fc9444c50008e3138d93aa1371ff5a6263,DAPO-Math-17k,9839,train,1355,1
1356,c55878fc3425f8ff9f65942687b95827d505f24e932c3532520c0ac711e7ed00,b8f55445a7dd9b3f7e191f5881b52bef8754df9f9dd2ed237654c310ece3c285,DAPO-Math-17k,3468,train,1356,1
1357,5a2091c60a0c479dbc27f791ef21416e158804b43252362ea01578713fd19f59,8d675f76ddb023c011c6316451a3466e5dad3e6b9eecff2582d343f78b28cb05,DAPO-Math-17k,4340,train,1357,1
1358,affff76d518359806dc553beb3a6197c3aa1acf70cceb86246ed633abaf6468e,c1dfc4173200300172aa5f708cad8917767a30655813f824deaf3e211641b11c,DAPO-Math-17k,15492,train,1358,1
1359,c5b5b863b07aeb2d495d5a6a9d177286dbc877bc65ead406c0393efbc9c53860,fc64819ac395949181d514bb5810c735c3302a51bb1f145c0bd4ff93e24eb81d,DAPO-Math-17k,15171,train,1359,1
1360,9bd4a99953c77efd1a621dd635c8045503166700d02463fbe4921670baaac795,22ab23a0857b02d8a548ad55d5c5d86914afc5396ab651264a5f1ccc58b2866d,DAPO-Math-17k,14292,train,1360,1
1361,5c1ee0d17c2217c093b81bd65ee0cbc3b2851d90890ef4aeb13d43b717168521,2e94c2d78987e64b055b22f847f66766396616fcdd5614727a75058da10c248d,DAPO-Math-17k,1639,train,1361,1
1362,79e4d7d7e743f43a1512edbb9eed10231467049b0f81a24737cb362e55a6712b,1dfc5050b1e5d9d2980f9624cd877803b0c31031d07f35deea6e7cafe47b00bc,DAPO-Math-17k,15022,train,1362,1
1363,a81020dcaa572a6c72f56118004c0e3d145ec8471e592eaee0ad344d289fd5f2,67454d1c9a85b82733fcc7fece1f612cce887b14bcefbf62e6ac570ce862131c,DAPO-Math-17k,3921,train,1363,1
1364,c111a48dee0a031a3e3eeb089edad87d1fdb98a8115fbcfa6a88cedfa4d4ec0f,b3d66c2d7d8585e27be491406007868a11bbe42277d37fee744c3df876039291,DAPO-Math-17k,7277,train,1364,1
1365,7ed7fec88e0525892123d5906a96844673269fdba914d9ef6fd4ae842615fc65,aedc0a0dfd14b4e7b776bb50fc05cba48f58cf41a3c81c6f9d4e4cd5a60c5cb5,DAPO-Math-17k,12044,train,1365,1
1366,eb6acac3ad00b20f3c335cc5b010496ffb47b958c32edf782f72a8b32219e969,5b1a978a50692f538179b0d0a9ad9b37aa5444fe48d98f7dfa85b04ae0797ea9,DAPO-Math-17k,245,train,1366,1
1367,01e1a481c91559f6bc89a5d4308d3848d996d88177ad9b29e1c758a6e170bcd1,9ed4540744e0c38cbaeb66c679cbc47e12e574ac79a2be09d26b1e305112e21a,DAPO-Math-17k,11999,train,1367,1
1368,0780ae0c668c01076d078fea83644512b5640b830021a7c2aa9de68e1c44287d,c71d2670594da87fd14661f85c04d01f319e7a956090b3ee1fe907c1baebe66a,DAPO-Math-17k,12262,train,1368,1
1369,c44fca8d34dcb775905972a28b1b27b8d7f9c4d50c841315071fe435638ef587,bfae1943347b6600d2e7a57ec3812a23e272283f2ea7da0b758c512c30be044a,DAPO-Math-17k,13976,train,1369,1
1370,3b8808e270919e6dad23952388fd51e8e937afd7f39b754f93ecdc4677316140,b69fe5702dd14632c35ed686beb525a7031f7574c58a00f3f740714707a26cb5,DAPO-Math-17k,13447,train,1370,1
1371,16a5bd2a8bb7ed83c99cd43ef5ec724c78f0adab2ef68f6f180e8570e25f1f69,383f55d94c79a20e5d026d219ec1cbae954923d1646fc13754e32bfedd898e36,DAPO-Math-17k,687,train,1371,1
1372,87e1eead3d83cac292f465a5e7b81b2fa778aaa8b8c1aafae05626e8036527ca,96177f515b81180f9fe3c6dfab161e2b03c448eaddee329caa882f826477e22a,DAPO-Math-17k,7685,train,1372,1
1373,3f45f5c20e5537f873f40ddb77692b498a47f098ecc3ccbe4e622e86a2a0cffb,acf96a4b1a8b24679f042c0e2660581e5b772d18fe0f22f341cf7e067c03f8fb,DAPO-Math-17k,11003,train,1373,1
1374,649a9979db74810fc6e83172b0559594930fff0534052498ae40e4d250d01170,cc2151f3ab8193abb23b7dfc7596543a195190a6290234991404289ddba27a9a,DAPO-Math-17k,8234,train,1374,1
1375,4f4ea3c62f15918200a9df194242ced5fac2f64bbf29cebbaaee9aea361b83bb,42bb95e7e7638abba57b17702530f1bc9cf03eef93c3350f7ee5e73388e74157,DAPO-Math-17k,3026,train,1375,1
1376,78d6318d399d8e5557680c676c7329ff60f7e46f6f9b95a3f1e3bd8ad99485bf,0df321429901b417b32dd36a367850804b8b848a9c609a9029014256ad8b8c04,DAPO-Math-17k,2949,train,1376,1
1377,4f667effeb8f86373b8ca7438b745563ddd093d88908360c79b484bc1ed0730d,bab94feb86d380b094a83359bcbe11b37354052aba7038637e2f2889a3eae28c,DAPO-Math-17k,7712,train,1377,1
1378,f13bed849e9c9409a2c0eeb7bac25bc7cf67f3e37be74827095e41bd0550b473,6e7b415653eabbccf7deaf4b7b3c2018826b7dab60e9650627e9d8c85d6df863,DAPO-Math-17k,9577,train,1378,1
1379,ae98c801a896a27d6ec060e7559f403b27ae2aa51a72b263234bbd8e477040ea,9fcefab715fa3f2c7910e57dae5367563a8e63e81b028f38ac8a2b9f12d8c08f,DAPO-Math-17k,8533,train,1379,1
1380,723c4e983ecacfcce61f34c20fc7ed8986057e0a14394f3de809c53996e2f7b3,c2a3184b963ef5e57279dd6e6cccf2c618e47d559bcbfe89f937814129b764d0,DAPO-Math-17k,5096,train,1380,1
1381,34a54119e2f9190fddf4427634701964927c2ee77e656b401e440e0addfc353f,20f47a902da009956ba5db698ab1e53a4d722d1d0e160864103cb6204cb00303,DAPO-Math-17k,2334,train,1381,1
1382,af943d8cca94200459885668385fc183cca1736fd149e9e67e5c9671b0bb3c7e,9b4393c6e0e2c86742e0a36777ae2715685246f7304dbb4c584ff2c4136836dd,DAPO-Math-17k,10818,train,1382,1
1383,85dec034dd29a9dcc0e4c8a242331be371b76e591c53854d61c667bd816e625b,29228fe58b9af756dc0dbf0d3098e41e3d5d5f4dca94f45cf14b968b42b37109,DAPO-Math-17k,14851,train,1383,1
1384,55aac091ec5cb0c4d1b422b50d34c80bf95396f51162e2fbba20ff6d56e8752c,d387750895084ce8d6b006d8f7797979d8d5e7e71fff0a1f7142b34c40211e5f,DAPO-Math-17k,13889,train,1384,1
1385,367bbe2424fd77825c9b7469b60255bfb68eb1c152b31ab2f769c1ea5f60ef8c,13541a0c8ee3a2edc47713bd8fe861302b7ea28d5635ecd0eaef47e67869fc07,DAPO-Math-17k,14706,train,1385,1
1386,ee751b59f0fdceb8d5421199e13ee36003f26e0dbd0933f9c7d8f7235d3eb19c,758a7af67846333d33f2d7acef9f9c338bc2a0d018cf89578136225160619b93,DAPO-Math-17k,5080,train,1386,1
1387,a937157286b0daa063b5c70120f48df9a52e4ad440aa5f9c58b7c0c4143fd28c,3994ef16ffb3c941798b52e35e1a610d094d3aa2ef5f733421ec3c7f9a5ca006,DAPO-Math-17k,1281,train,1387,1
1388,61fe9c1c26fe3f723474827d9d982651ce7b373248083f93f9d75d6b8497cad7,3fdf3bdfea4abf98a6b545d0030249e077eb29d2efc349199867491bf94e99ed,DAPO-Math-17k,9631,train,1388,1
1389,0b4a8ea2bb672e238c00c273945c7fe025b6435fa1549a45b18d99412cf99ffc,1e1c8e38c3b44c1c2390d10a81d67cd6ff15cf6f597eb4206f142fa82ba50008,DAPO-Math-17k,9517,train,1389,1
1390,a48391674a2c269e9d7b3b771ab7861423768fe8f413e575f29e278606ebf2a3,e3ad992efa5a920bc3257e84dfa1caef9863c5e78d0328d44d4559dc6d6996a0,DAPO-Math-17k,1432,train,1390,1
1391,3dd7a7aaa31b31cb2a90385d66334c6d26bb0e3b1a7c4b0d799704a1dd86e845,0c2b42dd412712239778949dd2d07df4697820a7ef924b1479a1fe94aaa2775f,DAPO-Math-17k,8291,train,1391,1
1392,8c965e1d9f889932dea888a7cf14647b944594b9b50335e6a8f937b66a8f2c27,621898a962daeffbcfb283fee8c7bb501d71dbdca9a1bc47435a5106d00bfc20,DAPO-Math-17k,16172,train,1392,1
1393,f2ba535cdcf3bd20bd433555f6b5e7cef85e61fdb7c4777ad5d3e1ba5e06bd77,1aba093e412023adb9db0aa22fdb93eab2f83d88d20308d771d0c0303af8df0a,DAPO-Math-17k,6065,train,1393,1
1394,f8e359c4573f942b8d42358a223872a7f9cf3b85a9173371ac87557df3e0ca21,c77e070954feab81fc1332f48bb3ede438ff98ffbcac3acb9f7f80acf16e56a2,DAPO-Math-17k,15018,train,1394,1
1395,5a513e9eca4ce5f4133023b34739a2e57d6d87e91029248344a8ca7ab9ff4eec,7c13493689b65c4a27cb986b02fea2e983a7afc58d20b0f0f73f76897e8201e8,DAPO-Math-17k,13137,train,1395,1
1396,fc00e645291cb294a5026225acbd2babd8ecf6ae7300f71e4c0ddd234981deb8,23a845dbbd68e509f54a813b5a8462e642a41cffe95f8588439d2cf9c8fbc5a9,DAPO-Math-17k,17047,train,1396,1
1397,c902519e9b189fb3f2c96a78ee6607aec21bab3853004d0cd6cdb73137f7fd61,38525be8a68aacdbe9ec30f84286aeca8b15f1ef57cc250b1c6209a15d782b33,DAPO-Math-17k,14642,train,1397,1
1398,2d895cf7cb73225224aa905f2def8b9d0a6e6df5daa4c4cfb2f6be9fc3405c96,56447e285bdcdad7c9c786501f97e98c7822694862432ccd5e7be051f4cbb650,DAPO-Math-17k,9093,train,1398,1
1399,e1a6e85054fd7523665cce4675d4c7767afe74778a036dba684cbeb29da84df3,183b06829e8dab3a8da0c8d54daeb8c7a9e326df28456ac71eb0f24db006f7e3,DAPO-Math-17k,9767,train,1399,1
1400,0dcfcc5f071bdea3275659635e5227d973a30ce06eb21bc4fe6d86075d3638a5,6463e54f9e70f122269d7cc30f2bc43ed3cea2a4929db4b60c49ee2bcc2f1b71,DAPO-Math-17k,5376,train,1400,1
1401,5b421bc56493f3e9b6ee904b75bf3fac2a3e3d8f74e8cae9d91af499c1eec4ba,4329b1b4bbca664bfc2632ef096e247a632921e1bc8b461b1c360895e2d1c91a,DAPO-Math-17k,11114,train,1401,1
1402,5cab808608f03972fd847d625e0aa8a2ff85e8d3b3d5fa2e7b6f26683f4d7997,8df5e4450045f047f884d1df7e67c8264021045ec85e21179944d7a408a3336d,DAPO-Math-17k,15468,train,1402,1
1403,dad6604b254255236768662e657e5619ae554c4b166fdad1920125b34afe2838,050deb6380505a0912e2a23591bddc899c7b38a2166aadac2b23de74e6961ac6,DAPO-Math-17k,14800,train,1403,1
1404,5c14355ed5863bf60f8b11d4d92741c4619d7219f630ba3851acd74a7fe5f931,1bbe42bf9fe64c36b9d6116f24c0eee45e650ebfb07c5ad4283e7375cd4a3655,DAPO-Math-17k,552,train,1404,1
1405,215f236c93a0d72872fa5c57232fa25168db85018354e40a799adf605f1b64da,fa766c0324530068827a528829deafdf60ccafd51db46ab67c5ed355466d8e6d,DAPO-Math-17k,5174,train,1405,1
1406,cfc33fe30f3d36500bac1aabf456506e23c7ec19e91407dc61ff53c302f44e7f,010ff7e5fe17827ae6d8c98bee6392588cd5ae50d28acf0f25377ba8e7c6f363,DAPO-Math-17k,12586,train,1406,1
1407,4b169ff3494b1bc7214136e1127dfb8ce889af2ce8499a89768b76cbeec15b8b,07c7acf2c93625e6167bc1036b9bb8d7a997d8bb3695030159b8062342e03e03,DAPO-Math-17k,2824,train,1407,1
1408,da48e5a9e1f9c15c9b650e81c96c6938962b2a5e1360fc4e14bb81913b241491,ea4c908f699ca39d6e654f991f9e8a0c090cd38ee111d893f1511746bf592897,DAPO-Math-17k,12743,train,1408,1
1409,39c81dced6b9ee3826fe4574cd3412d2f97129240f97ba229f3ec25ec3071402,f31355e77bcc5ecb94342f0c45e833e5c10b4df89be3db3cc67dbc6bb4cbb412,DAPO-Math-17k,8380,train,1409,1
1410,5350bd56749a6ffb8d76c3d98fd2e95370c8825cfc2d3f1e70fef782fa40e02c,bc89e9f7877ded95f328e77aea982dd8de104d9186be0e7d98a06edd9b138025,DAPO-Math-17k,9299,train,1410,1
1411,510b3965664771e93d1ee6383725844f62c203128641ee706aa2723c5dee5738,ba792bc6a84a22081d3a1af8b6ba91460637b8d07139ab3e63793d1f62fc4c0f,DAPO-Math-17k,5238,train,1411,1
1412,8f9aecc0dd08b365bf56bcc252ce8e5756f0731860e7a3b18db99c9a82e94fea,a3d93a09685b26ce1a405ea17aa52c831da64b8d419c65b781ae698fde03f46c,DAPO-Math-17k,4945,train,1412,1
1413,cf12bf8dd78f64e5ef210ec4515719c5d2bcdd72e6dd72e0c9fa7e5aca2624df,7dafb9a12c320243d6255a2d93d8983601d5fdcf42f405547ebde0322c5b4d70,DAPO-Math-17k,11426,train,1413,1
1414,6a66e705312b2ec08f329a81e3af06e78ee249d46f2c2e791be25d5e693dcc60,81a4e242435b59d8060ee84aed463b42773465cbf77a56f000d535b797334076,DAPO-Math-17k,8902,train,1414,1
1415,692b9d62069a63e6629c35f0c5a1190f51a73dd3e21a0f75b2522b92fb93524b,63400e47f2a1098f1bed08d969130675f9a6c7571456793f2a3f21bfb8bc939f,DAPO-Math-17k,15217,train,1415,1
1416,433c4e81833112482b2274b0943702841d4eb8d42a5adc32fce76be95eabcd1e,30088f59a578a7f7a3bdbe5ff29ddcf2d2f83b0a32d9140ca0576edf4e4375b6,DAPO-Math-17k,1702,train,1416,1
1417,9c4ba36a01234dd473b40d872a1d2ed5b0f9dd7876b04797d7a4de0f65ccc624,35ffe1550a5fb562ddc9218ab1cfa0a1eb542b3a52896884e1e161d7c4243485,DAPO-Math-17k,15334,train,1417,1
1418,5a57fb013766da6b6f82404e15325337d383e51465673b48b24606157d6309e7,2f02cccb7310ea68d9fee4cfaf70e09530df9fb36e5745e14a70b1f231162eb3,DAPO-Math-17k,3322,train,1418,1
1419,ae5921902e792598ba980ddf6fc25ca4c055ac064a10ccdb5a9c894a610d6087,7d09a6df45f35367bc4c2865adc984521f38b9f00f7086f3ecd9a40208c4e7fc,DAPO-Math-17k,8584,train,1419,1
1420,b61707802de6200f6c5361fb2fa19e74e6bbaaa8bc01fa65f646280057c1286d,c3c31cf21b0943b208485fff34e60a2ee134309a202261dd3db4e5345f1290ce,DAPO-Math-17k,2185,train,1420,1
1421,ed85750e9ddd40bca4c6874e07ad87987f48bdfee82dfe79637e7e7b8a0f1fe0,4d593accb920926a3fa4632c1a6dd7a0b721020e2582cf27734862a0c8316f88,DAPO-Math-17k,962,train,1421,1
1422,ecd66ebc4d3fb06a69c9123fbab12d207e4f1902d181802d1a886380217f2619,cf2f741ef912fe41fde03b9a3fe1131c9dc26e3b007580016d61454bd900e3bf,DAPO-Math-17k,8943,train,1422,1
1423,5e684dff3b33b13b7b8682c49a6c8597bfcabec507d7f6a705b352100ed298e2,9e1a16806bcf83adc21f568ffc9652be593c749fe063790cb1add66386c1f26b,DAPO-Math-17k,7052,train,1423,1
1424,8cf55097fc0f7b38821cb7d5512ee0be60f08928dfa34e015f6b046b4b198103,0993eddfdef1f1d3484b0bd2a2a024b92850ee4abbced09bb62f52edb2579dd8,DAPO-Math-17k,1395,train,1424,1
1425,62f9c8e7abaaa5541783c6626abd764188e6ce1ec5719ed2559ce4a311833eaf,f46962aea1d7ca972b4d16cd18cfe5f1d1fdc095a434530258016ce3949472bf,DAPO-Math-17k,13190,train,1425,1
1426,d7549ec98fb0728959be0e988014fcfcb0353f42c8d82441a25a71f71c013e37,3b7f757c3c79f91225f9537b38ec921612b1139a8549b6904f84ef1f998fd972,DAPO-Math-17k,1278,train,1426,1
1427,37c03b25fb738929b9027d9b9d4f1aefafa9fc9908fc8a232d36aad5e6fece90,1f4afee740630d5c16d2ae38a6630ec4574543dafac7766a8b7cf1e14a8049b4,DAPO-Math-17k,9306,train,1427,1
1428,ec1ff75012452d708b84248bf74470ad3ab25ffcaa780a788b95a3a5708f2473,617cf56959cf56ed01573299d555dbbdc6d7d0293ac65a66e5a74c223289ceb8,DAPO-Math-17k,542,train,1428,1
1429,d1cdc157087240f19b76eae2a944b8770ef35ca6009a973a1af75dc5468ac5d1,b2c9351683fb512ee04555189e930a97d80571915b786e6c615f82cc36b48dca,DAPO-Math-17k,5033,train,1429,1
1430,3bebee57fd083d4dbb95e971572996b917e163e9e50dd3c2a5d22a375f53e34f,9dded01e8407e02e747ab14d3d7e445b74c1f337ff1854ec36f1cd37a91321c9,DAPO-Math-17k,11676,train,1430,1
1431,425d78877a30564d511178a0cd013ea9f2c5ed27fa944f7c45faa5fd793e645f,6edd0d0582964ed84c431269a9e113c9e869b230b043aa0e2f264ef97b4160ea,DAPO-Math-17k,1442,train,1431,1
1432,80513e27ab104e7b6dca53530e35890630aed9340aee56d41ffb1dcc408faa8d,0c863f6fa9968eb16ae6a7ea53053658ee4b0e64d7f4d63d17a72dc18128887b,DAPO-Math-17k,12128,train,1432,1
1433,c7a6f11b443744e649d27c784c0126c1c1cd490c96c4e131dfc7888e89c401c5,e8bf80037c3d00a6f2795742853165181e00ece889e66c75ba98ad94b2926b21,DAPO-Math-17k,2273,train,1433,1
1434,3bd7973396936997644a248337c0a38e41b0d24455cc63ec17e759e5c6db947e,1dfca08a6dc9298620f76f3b73b5cd88b8df9c0378cb69f3609e6a2efc99e008,DAPO-Math-17k,2564,train,1434,1
1435,52839cc6ed4acabaede62af8041d5ed14dc02149b097951a585a00a3ea8d601e,bda784d86edc3af7da6706bf30c3b13ac446eb24f808d16aa8932f2542539594,DAPO-Math-17k,14758,train,1435,1
1436,de00f30bfc52a0350fa2d84d884f92bc2a93bb619b9797bf4640841f20f1b844,f1f56cf7dc10f9fc7d487b42143f67882ed084ed9f9ac441beae9a0d8121473d,DAPO-Math-17k,2837,train,1436,1
1437,3fd5fdc40a6c8be2961d6d285f7351826089ece750024ddd825ee2fd0eac843f,2fa9a7b34fcc90051562892ece913d7cf22863cd45ab1af11e54fecebea52721,DAPO-Math-17k,8581,train,1437,1
1438,474329e3428f0e3c3ac472c768323588326c9b598cdb352aeacc51d7db03f8e5,70ce64365276a55a0d7cbf2c4739e6de5c173777b50a8abb51e98f08a956c272,DAPO-Math-17k,11109,train,1438,1
1439,20a2cd2737b139e2cb8401633644382899d7e681e842d52c6c6752a12d74803d,cd39a6783aec02746d9094f4df0c3d3031dda31afdf224f123521897c773ab17,DAPO-Math-17k,13865,train,1439,1
1440,6cfbdcc628a47d5a83b0c5fe5e89becfa6ab968900294411ece8075c9e5db4f6,6ac0be2506b9aa73e1bf341997e080bd88359544fa50fc98fbda643e3ce44e39,DAPO-Math-17k,4564,train,1440,1
1441,a36218c3ac5e102617daa756e4146f50eeca3031c89896c92cdec7270352c721,9d1f6ee4870c19b821c08c9edd187662a183cd5def8217fd75f407b6f2c54c07,DAPO-Math-17k,15038,train,1441,1
1442,47403617eedcdb9e5270225386102275aaefe539a728e603749959076401df0c,0c6f2f5943d7290f8b78ef4b0579abfc8c287a9dac5744799165a057950d9635,DAPO-Math-17k,1882,train,1442,1
1443,5d468cfaaaac7da984550ff0ea235b261d43fc9442474afdba8d40118e59866b,241e92810d6dae968b7c4e19b9eb8e8a143b030893442a30a72fa63ac96f6dbf,DAPO-Math-17k,12203,train,1443,1
1444,d931c9b38680ad704f528ef02bb63097ddc6e5dcfd9391f232822d91f629927e,a2e394d9ec724b950d6543aea742e86865e7a4b0e6cd6e0932bde803b1b9e74f,DAPO-Math-17k,7616,train,1444,1
1445,d1171517e06ac9a75712b9ad7ad5902782c6eaf9582d7f51edf5245795f06a6c,0e1732a64b2b22da13e96157950c419d05cc14c73cb0356653b423c05e205333,DAPO-Math-17k,10317,train,1445,1
1446,7b42983a3bc4f7aa1686f7fc6117ade9f5656dbef698f8a2e8c11bc8e7582030,4de174358fd725ce8c56e0889efb8ed4ab34d72a66c6beb7a5ff8d6d6670a3cd,DAPO-Math-17k,15920,train,1446,1
1447,51c485f968a7f17381e91cd89a87620e59f9502bff22032e8ff1cc050ca76783,9e6bc72bbb7e44bef4915895af6cb8bd5a69a0cd6cce3e57fb6ff376ba8751d4,DAPO-Math-17k,105,train,1447,1
1448,b8fbda433ba8642425836793303ee5993e880a05006275718f71d77d9edb374b,80a8901b7fe0fbeb44169ae4b445f9dbc6f7419dd749ed0d82fef2f4f458713a,DAPO-Math-17k,3801,train,1448,1
1449,6472c965c187cd10085938f7dfa375aea7282ac5c92061456182b72c0c8c0859,52803140744c137fe2cba8f39754d4a367131614cc8759b140010568d3bf1fad,DAPO-Math-17k,10424,train,1449,1
1450,b0c085fc001851c097a8a9eba60a41d068d37e87c1517276371988890a349dc2,bfec3248aebe6b09db9e33e8f57216dd947020b01e99f1fa4669a8abd376dc29,DAPO-Math-17k,15997,train,1450,1
1451,a2f6ee0520b833ff2bc1b9380bb73f1d462cfa49089ad9901c084b2cc85ab2da,8777e9a60612abd0e3fa33e39cd11ff0d8d32fadacf5d86b58496adbc1290612,DAPO-Math-17k,6125,train,1451,1
1452,c333a6f697040484cb11ac80f33860cf4943ee77707d60f304562c79f8b6a7d7,d513550b3f1caa38658f3f2e5ea19323e9ac425e16aac9bf5311c41cfb5f05ba,DAPO-Math-17k,1836,train,1452,1
1453,ec51eb702c1ff1bd2fb974ffbcefb113f252f0b4b6d80ecedcd32c3ee87697fa,15d2ebb3cd07ba11b041aa8406d73b4093863dd2d8e71baac109237fc3eb5ea1,DAPO-Math-17k,13904,train,1453,1
1454,b49a0c7d72fa2496a7b7b88ccffec4817a253733bce3517dd0d00e200e75f680,b758c41f0e1690a4f165833403e52c960100f7577d74a70ab0bce6cd4a399eb3,DAPO-Math-17k,11812,train,1454,1
1455,a24bb5ab032bdd45f0812fc9c27a5e916f884423ad15e310b49db3e13aa36c2b,cd583b07317399571bf7846f262f478f9c88823b9390e619bafc9272f4828c1f,DAPO-Math-17k,6281,train,1455,1
1456,4d74712e2d9b56ffb2811266ef28c27f7dd595d845aea2bf0533b5f69210bae3,a4371a32ac2921be7535161b6cce87db8fb4c920f55a064d9491faee675c4f86,DAPO-Math-17k,10096,train,1456,1
1457,496556df23c88892e907b64edc3be735a3e62b4a55dc44f62d85032ef706f096,4917a2a490b90e3886a463164cbb7cd69e2a84f2fd56ecd1abfb1f13b92c30d9,DAPO-Math-17k,4894,train,1457,1
1458,66cc90cf22dabf60ab8b1586c27bb6478cd280ccd8a3c3268dabd8082c8e1f35,fc57f54df01ee18745b013c4745c9ed89da85b5b14e8f004a232aebd200d21bf,DAPO-Math-17k,13428,train,1458,1
1459,9e6df37c116b36eb10fd273554b0a74fc2a53707566d88d3a54fed70490ca01a,a47c9a97f7445d915a4758367f56979fa54275c7234647567076755cacecf4d6,DAPO-Math-17k,13228,train,1459,1
1460,d27205c69a2a511f40a7b69da5b38b97d602acca09dbcae4d1676a9a42ca7e7f,d5d5147fd0fcf21ec909667ba9f609d4ebf3a73c28aab50dedd13dee4e9901e2,DAPO-Math-17k,11633,train,1460,1
1461,130d40c755f2c433f36786a600088e5815df375a8100bef3fe7fd9670c78bb70,9a53a96040fdd5c0b061d46a1cb5811c2fd220ddebb2a874cb4195099967ef83,DAPO-Math-17k,8657,train,1461,1
1462,1e7cfb6d1d11538dd1586b0b2d1cabe96059a6f5dbe72c20f3af464184be2f02,44396d127c7b6697e735a52e5bcc5bf085673a96aa5424ca70451930805ced3f,DAPO-Math-17k,12434,train,1462,1
1463,08a09e029e9a60bd73437e04d2d5f196ebd18b53f7626efb8989982420cf2508,3f0cf9c1bb626399d8601a9fb82712b87bab04feb9b3aeffdcd87ca6e76da161,DAPO-Math-17k,15609,train,1463,1
1464,59fd2f89a68fe03595fa884c613dcacd21811db0646a2c3baca3dceb924c0480,168845897368e9bbbb2c64e3a6cc95e7405bf2ea639898f971e70ebe38249adc,DAPO-Math-17k,16334,train,1464,1
1465,555dc284050b7e6f1c0c4280e3d863217ac825441b55e78f56199d1528fe899d,7a8694a2a3f36b08f0d554035aded04637ff840c3ea3dd845b4c88bbfdce5f64,DAPO-Math-17k,1478,train,1465,1
1466,8f1dca3d46990ae9f7e3128c08e76b05179dae3b5aa6ebbaeda664f147e3de65,51cb1d1629a0b840777c990a844bb717d36e8e3073bc37a3ee610a3328192ecc,DAPO-Math-17k,10759,train,1466,1
1467,fb183391bb78b37253320f7b6572313ffb67ad0f95fd3b031a989515b2bf0a50,1483d54d6068d57e74c9ede726acb2f8241333f87ccee607df80e00743b28e03,DAPO-Math-17k,7638,train,1467,1
1468,5cf183b31f9a65a4d75068a556c673f67fdd9ecd4ccaff5e10f9847ea691d72e,ccb936e2b476859b29a644bb2bd2934cb6c17ddffed3148f21de81652092a266,DAPO-Math-17k,14954,train,1468,1
1469,ed15b236f9b3b769b6f321aa02f0dcd2e9e9c165585023e3e194cee3a74ae9f7,e56b723292cd3370e07ce65fe2561c98e9838a3b6593c88fb5b7a93ecc475657,DAPO-Math-17k,13554,train,1469,1
1470,e2fa777b8049e9c480e7d35a330f5a32a82ac2d2f90a5210a05b1d06873ea14c,f8f973761789fa936b2914a57d82bcc0f80012340965f5fa48fe401dd5329006,DAPO-Math-17k,980,train,1470,1
1471,fdfc06a969cab8b6d7e280bb0c4a4087e2313590b07adc34d5c38f678708c8c2,41fe9ac8c4b903d2f5926c5adaef697200c42f56730c51b898ead80b6fe4c581,DAPO-Math-17k,987,train,1471,1
1472,848a2cb8963ee3ef3b19eb0e08feff720da6cdc4bfa35c3ef1087fd8f5e2297d,8b45e7119c6f92afc091cdc1af19c54c77ce180665011ad22bb196da347465ae,DAPO-Math-17k,4137,train,1472,1
1473,4ac1fa710a3dcf23cdf16326563b88177873160631be39b40ba7c125e27278ce,e10c87eb9d3985f53642a0c33d408a41e648ce197bc55538a65f078229a6478f,DAPO-Math-17k,10658,train,1473,1
1474,dd847f2c4c69c6c70937a350a9d43b1f9bd81015128451b8d1ae04068b3e76b8,7a50891f4f432dd1786d79a16ed769bacc7a7244d1e7d9c107c4a88fc91e247a,DAPO-Math-17k,13073,train,1474,1
1475,1988ad25fa5b65948b99892db70dc2e004117f63d7a65633f8972a95ae24ab13,bfd10e5aa286d271a087cac5cd9eeca7b663aca35449e80852ec6aa7c8b0a1eb,DAPO-Math-17k,8717,train,1475,1
1476,174c633a7e0e9ae468d07233669578bf93c396b652542ac2a7525cea870a4d20,107017d258bfb5db93dd8dfa2f453647bee043fcb6fc51fc58b67ad162936c4d,DAPO-Math-17k,14726,train,1476,1
1477,f5ee631e88e41e0ddafaec0e782e1a1a7f91a030a050a969964a71cdaf01b8d4,7001e261ff38177f5e9092fe8b96d9156796aa01f7d283716609f644cb7edaaf,DAPO-Math-17k,12368,train,1477,1
1478,3fc89e198737dfcf74e05d90b52b8566b730b716c7f037469283e5325588f5f9,8a9beddb8b80e90462ab975d89d2dd1b8b2ea9f02e4ba870cf86cd16ef147dd8,DAPO-Math-17k,15988,train,1478,1
1479,f9e4adebc147547b29e1afa0828a0deac113e2e7150a59dc1e4e83b47d7d1d34,adac0cbc14d45b1242141398600914761a91c01b52e73cd7c423a31712bb40f7,DAPO-Math-17k,500,train,1479,1
1480,84ec9ecd64808eec478d4fcaff674a4266585621a69f8cc3ddff2f9bed85fbd4,cd9d35463fc6e8df818c3464283a1f8710e1cca0953d60c8a72da58ee2b067aa,DAPO-Math-17k,14459,train,1480,1
1481,d36978f1a3ab15f23ece4a1d1f75b9fe567333d6a19fc3392c3285c121f37255,c6733397ddb793e695bf673dbbcc1259d92afa2fbebfd3ef7e0694dd3d7de587,DAPO-Math-17k,404,train,1481,1
1482,2595ee55b03c8803f784f834c32ff5d290f034aa5f25796154993238c12cb555,76b7bede52647d3702dee383cf63fdbe23d1cf391e92cd456886f0448bf3ebe0,DAPO-Math-17k,1970,train,1482,1
1483,f1e0826c58f40e5ad50b3d64b452b6a02f9c0223cfc6cf1c158e115fc3967a7a,8f1ec1445184e57979e9337ec5c305a7e3b4f3d31c3b6f64c424964d4eae377b,DAPO-Math-17k,12662,train,1483,1
1484,41b27c79466bd8118a14d78b7983312e8e2b217b145b2bd2733d8b255203e39e,026d2ad0a879d664e6f8ad9676870d3102e89755276291af542cd85c5b0b73fc,DAPO-Math-17k,14673,train,1484,1
1485,def10ae3719ec95bb277a42b30777ca55f8127800b04435872e15c051d73854f,a67575e76007ccd4656a8805c7083f0378d05bb09fb11ec4a0d00b3d7e5400f0,DAPO-Math-17k,11405,train,1485,1
1486,19a4c5389e60a19643f914af8fc8393e97734df7426c1f5d911130503eb6ae6e,5029f0853d4eac87ed03cb7413be8fbe344237882a5ecbada65891eb3f271610,DAPO-Math-17k,10729,train,1486,1
1487,4dcda358b05bc3efe8b8a8457c5b42a5813622f337e7113567f1ffd5f44c5f80,2e287c0b36777dffce6e0f1130b8b67bcea3b6fc0d163239461038b45964204b,DAPO-Math-17k,17053,train,1487,1
1488,e8b4e7acaf466cc9a635dd6cb62c943ffe165e2e3fdbac33dce523e3d1aaa40d,c9209c11b0da17d9def2560370b551b57357fd8e51f0f78ad1cfce581b70e89a,DAPO-Math-17k,1855,train,1488,1
1489,37cb81130cb485f9cbed6e2cdfaa4196ac127987eee253ba24bad9ea0b1a90da,7df4b4188d4ff86f2266b962f5001bffeb8ef093551f1f7116bb4f479f634de0,DAPO-Math-17k,16051,train,1489,1
1490,d96fa97d013987b21aaa104702ee731fa66840dc44cd8bc6cbe2e9e62217f696,a4d09c09967c19fe08b30f5b33f8e5f5c5b7966653409cdc19ef0f06aff28f28,DAPO-Math-17k,7427,train,1490,1
1491,0222816a883e612f221402614835ab679dc50baf26a9e2c83f2c19ffaa80a52c,668f509a3acd148cdaa4f6a8ee62af637b5f3071a3b99aab1b5cb0d7f8921118,DAPO-Math-17k,15603,train,1491,1
1492,db2cd5720fc00df27b239cafe032a0cc903bd3b92be2faed0b3c20e95c07e64f,46603190eebbdb6e9fb6c35aab29489bac1086ff62293b9b48d43a1e2f44be94,DAPO-Math-17k,4528,train,1492,1
1493,567bdb579712881c8abea69a3c75ef7afa5ec920e9db8986b95d88cfb8742903,ed5d3ded6d455fe6eb58e754ce0e6bfcaab8e0c8b9a6f07fdfd6bc67e6ff1268,DAPO-Math-17k,15184,train,1493,1
1494,8b78c03f1a9e06576634ddfd860e556e3f1b2ae5412a63cad9ee943f766a4115,14b982a5c2bd83d3befb25f55f5e83f95f06f8df83e87fc2759efd050a33a88e,DAPO-Math-17k,10028,train,1494,1
1495,0f6c1363789ef9ba9ca8a305e3d1a1949504f4046b72e845f59f0815ed8e10d2,f9b8c0146dd668e3068ca8dc38788f7ca0742b3435b9280cd8d61f4fb919c2af,DAPO-Math-17k,14120,train,1495,1
1496,7dad705625f79900560c4f6e6c6036a15a8f6af07b3a687a2ec2f4d517dcceba,882200f029b435afbbf0a9bc7f100c51d0803de489f4da17d6fe6a2e9a20952a,DAPO-Math-17k,10264,train,1496,1
1497,d38fd940c090cc407b9e2098d77b34eebf44049f9ede71597408a056edef1eff,32e82bb9a4947fface2751a0b52b24bafe8f8525a15b70a64216f3d2f7f547a4,DAPO-Math-17k,1328,train,1497,1
1498,0a061c077d060c82a53a6cc72e522d7afadca75f020bd9248cc913c58808f414,8fccadc8332f4e3aa00391b9f8bdfd635722a100186642f5b4f52f6a976150a1,DAPO-Math-17k,12165,train,1498,1
1499,d8f1aaa18212810c5ab425fbf2f4aaa8ee49bc119c8769652a043d4a66d1a797,4531ed0823ace1b58cd74906f6e0ce04cf8fd08f2e2ec31c3279d1b341a4aa9c,DAPO-Math-17k,10614,train,1499,1
1500,eabc3cc9830febe90bfcf796f029f13e0c5bbdbeb00751e080bcf5ede79ed1d3,a59c38cc726b29a30c44f5feba172ea37de7358ddebddcce13b8ebdf62cfb223,DAPO-Math-17k,13936,train,1500,1
1501,e912a16c8c17709d098467eba71001884ddd9736f0522dc94217c30e0f769ddc,af5d15ada2d33c178387a7e5e6f86a2b77f994d5aa0eee7d1cf62fd963192ac6,DAPO-Math-17k,1491,train,1501,1
1502,557db0887aa80543ca4e996fb5dc3a043edf99f95a5145d3d573aba0a6d00d9c,aab67ce97c38fc0261c6999be34ec73e2e028fd22426468b43b1f55b329d6418,DAPO-Math-17k,6033,train,1502,1
1503,6c1c1e550482dffcc5e3d564a3675728f4a35c4ead6e13e702e008d6f96eb07e,163096c00934862447d20a885b7dccd680d977296a3cbdc60ddb34acf81ae043,DAPO-Math-17k,11578,train,1503,1
1504,a8b348fec39532df33428864facc7a73ba5627be49878d17e84f376c0c525ce5,b1829a978b0ecc5b4690dc258540ab07bde87961a52b1d1c2828a1e2beed18e0,DAPO-Math-17k,3486,train,1504,1
1505,2cb87b45e41a886ecb466c72c2980df4abcc99a81387812f5df08deea4f12b09,0559d404ac08f83058598510b00dde3cebf791cb22c7d254d51d8f2d5c3a47ce,DAPO-Math-17k,6687,train,1505,1
1506,b0b652d7d9f35e4917ae680f3ec40c50df66707737325d64c982d86001945bdd,1a7c82a7d6c848e399efa0d7bead0377a3e2266031a7a077a51d57408fb7b8b8,DAPO-Math-17k,14090,train,1506,1
1507,63e4354bcf160fcba0e4e38135b126576f2abf7dbfb52077960cdc632be1aa18,06ab820789878ff9b7942fb3f72b27553df1c9beae83a295747075072d21ef43,DAPO-Math-17k,2618,train,1507,1
1508,eb46e32c136fd3399a8b7cd96993341452fe509195f25362ef460682e853f88f,2851e7306fef70312359b292bc2ab4970ee02ffc3337421021c8ba3d46101d09,DAPO-Math-17k,11480,train,1508,1
1509,ef1c40b68e661a400c961beac2cab0337ae2127eb305eb7bcc4222febd426475,1443a0a9ff07896b15bc4bfc7bec46df90f5b02ee5b9c1efa54ab99aa864e592,DAPO-Math-17k,6857,train,1509,1
1510,6790ce09aa5040e8bef0271029417d5f1b78fce9710f810b123c9afc64a759e8,c372ee10ae2cbbd1930335ed078df80d8c6fa676f31b9a47daa9169c252575f9,DAPO-Math-17k,6189,train,1510,1
1511,8c8f6ce0ff52ddde1aa9e4f5872c3a81025f120d9c416010f95e87308517ee28,02c52f3826baf8602197d832455112ae344ce828edc92ae480c64c4a5978859f,DAPO-Math-17k,8337,train,1511,1
1512,18ebf894cf69e0230510686ff8ed0ea900d6597d12bb19b0d90df572c80f443d,13563e3af5df0bf07557f614c8e30a314c51fdd7aa702c92ce0099c46a4b2672,DAPO-Math-17k,112,train,1512,1
1513,190f8e2478bb68259d6a8dbf2b5b6ae91d08706facd6f5645d6016c52d9aac21,857dfa20f5a780d2362664431bb39256892f791f603541d160dbe3527b7fe3ff,DAPO-Math-17k,2225,train,1513,1
1514,0505e6a906946a6879b0ec37785d8e1a172c75feb0b5d67fde1769f258329281,b46e39fa30cc2670b0434b205aa06b3d7c3b4ad45eec4441f7a1f401ebfdc17e,DAPO-Math-17k,14341,train,1514,1
1515,7e41660c5b626c61a79e5ec66518f016ae58fa00918fa93413059f0ff9b80725,9775d98e7bccb124f8ffc0cf88f4123721652165be07dd68888ecd29191cc574,DAPO-Math-17k,12001,train,1515,1
1516,e6779a53afa359f8364cc1677f752decd55f4f47c3b209fd83aa0948496913e4,0f5212b121883b46fb0fef670721d1f62bfde4ac4cb8dd96bae151fcf408a38c,DAPO-Math-17k,16378,train,1516,1
1517,7a85cf1078fe441e2f0d2e3b3c2f986bb09d12efa6013fe5b07ea2518ecfb4e4,a9d6c4331c74686d638b60338b55bedcad87be33e183137d7139aeabcffc0245,DAPO-Math-17k,11720,train,1517,1
1518,b20f1535883594e8b029a02ef791091b228daa30036bb90883f5d716c256b4a8,7b13eba25c80b3d8e09704365b67593605e61f91ee0706d89f6120341352738b,DAPO-Math-17k,13642,train,1518,1
1519,e4e76b9664a23577f3e0427f980400879da13903ca59a007a046ee3a56e4a9b8,2437c22dc877e094616ac5e2ac91e3111fcf18f90a1a3fce1309693093ba9a98,DAPO-Math-17k,16610,train,1519,1
1520,5d584136be827b237e3fb0659944a1546cbe6d2337f7747730f481097b6510a2,db00c4cce75cede37441b7362afa36c447dbf2d15f4ba08ec1c5a24269f399b3,DAPO-Math-17k,14143,train,1520,1
1521,78ad51b2ac50e1e6038839f359cc783d317d63aff3557d3efcc2f15c7676140b,8ea2eb442accab7ba8e5a4f40916198405fc455351e5ffadb206cc777e81e948,DAPO-Math-17k,5348,train,1521,1
1522,4bc95478ad8d0143483de1e6a431e7fcd4d700fe580839e88666bab3941b8de0,869d4b0ffd0774892525296e7c5f5de81bbdddb33d976ac149463bd853f2e2a9,DAPO-Math-17k,10769,train,1522,1
1523,7b37c7a9e3933264986109e670367247dfce115287609d99cd21339d7375c3e3,858c6ad04403113258831798c263056b1685e19a84a50177fb3bde3062b4ea8b,DAPO-Math-17k,4349,train,1523,1
1524,b40981674494f4b59a1e479cc2f73e0d4c068340d7193508d88dd297f48c080a,2ddb4bfd6a4ff784a82276f4dee8ce0948d418d834ee4153caba7f9e0065df93,DAPO-Math-17k,8098,train,1524,1
1525,f3f4c81eb821d76371700bcb9c85eed037df7f7288ed39a41bc59510f8b591da,4fdc3c859d08e06ec6fab619d528dc5d4e3b489b22a841a9513468f0a07284eb,DAPO-Math-17k,8163,train,1525,1
1526,05a63089d26ed07e2109d5f75f14f3f5bc2af1b2c1f60a5d965ad98b634fe2ac,51bd41bce53e17d4503396c416043357cafda447803f1a65dd0177e8454f7094,DAPO-Math-17k,12365,train,1526,1
1527,be9bce81e017de7c084539285ba8389f8f6ae8466b7217bbd42b96641faf5394,f89f6a852f2c151c2c15bb6b112f7035e64cfb00567d563b45bf5bce5c2b91a5,DAPO-Math-17k,4824,train,1527,1
1528,08615b8093ea4cc82f4c7b75727f180427784bf45a7d5d1af627a14f48981039,1cc067c7102a2c57f29095efb41527d9f83a388816f9bf9a516abd4e9858a3a8,DAPO-Math-17k,5237,train,1528,1
1529,3bb3384713a540de5a09f837496cafdeaea6ec39a265381e12bc17721390e869,13d0eacf8f2754379bf5690caa7ac861e2933684665a97cf0b9dd31d55c2b4cf,DAPO-Math-17k,1967,train,1529,1
1530,d0ee786443ba0b1b9739e1f1e4528f4606ff6dc43c5114c0c53d7a869fd6b3fd,7bccb8750a2f44dcf9fd847310223ee8a1ab6801908664dc9aad34be5205abfa,DAPO-Math-17k,3633,train,1530,1
1531,9f0b241323d698e0eabd57a37b0462e67f18f97dd66523b6c145fa6077302074,77b2e837605d0fb3f7bfd969f828ffda756ed446a00ad172148402bed33f4930,DAPO-Math-17k,7247,train,1531,1
1532,e3666d70eccc51932a44d262311c03c99fd03b87875510fc2f4cb5b6e79e0b22,cf86187d80719ea9fa45a33882437adb0036a364cda318496b9522dfe08f35bf,DAPO-Math-17k,11716,train,1532,1
1533,86e7169278aa8c48fdf1f6dd115c17bb8605b787164f7522deb98b1948f9d8d3,41cc5cac950cd1abace3fb104255f620f093b1cd36ccd37c3edcb99aaad1b7de,DAPO-Math-17k,16376,train,1533,1
1534,84ed766066301d937503711ae17253424a2ddf903c5349716123a3610d800672,20158ffc8ad219381d4882abca3d8225a5764215c7bbf7628eff97af78788493,DAPO-Math-17k,6287,train,1534,1
1535,c57f1ba5e0bfc1b0d57d5adbe5817f9486ad3de4d35ca981def46a0cdd564e0f,de992cac203990f45443ac88f9e5ecb04072a7bf50907f0a71ed4f6fe7b0aa66,DAPO-Math-17k,14154,train,1535,1
1536,8cf282947da31912ea72732367a49dc839b49dff3df46bbd41dc960b34d142f9,e9ab746687200c310eafc2d09718ab99a41dff3c2c5b47baf39ba77f17eb24b7,DAPO-Math-17k,16799,train,1536,1
1537,0f0a016b40218dbc9532d1ac360b8785126701ab155ca471c1dcb8b71e46bce2,b2694da6579824328714a742760c67a43758606bff48a64ba368ffe878488d5b,DAPO-Math-17k,14000,train,1537,1
1538,2f13e87c359237feb2b192502ee2bd2b4f494257f19df8f3601952a81dca139e,e3c4492813f5bdbec7b6b80193c077c594b27aa191e1875f4ffdea6d064c884e,DAPO-Math-17k,1070,train,1538,1
1539,2ccaccf736151fc90f8eecebdf3d85d0b4f8c927229d8444263523491e10cbff,de8db327950df478dd898ed9ce8206b7234223dfff16cd194e6fa6fb2b89540c,DAPO-Math-17k,15455,train,1539,1
1540,32749ce275cbdf45e34b3abb53c181ba232e285d6341afe13004819f39bd8b85,b68e8d1e0c912c41fc9453b5f37378f263f83eac526ca80c82d61a05e6961881,DAPO-Math-17k,16549,train,1540,1
1541,e949af37f3547be57fea1d68f665fd7d83aba0b75919db4d1f2beb0e2fc739e6,bed5ab9a97154cd5d584c12a0786bdd3128c4431dcbc51799570992b1ad3583d,DAPO-Math-17k,13937,train,1541,1
1542,3a3030ce6c826541ca679a506606f3a9c583926cfa2444cfd64a45fe5baa4d45,bc587b6edd16e93d23aa84ffb7dffd300490db0fd1cc67ce1f61c2b5fcb95e23,DAPO-Math-17k,9244,train,1542,1
1543,ce11bbae0ea07635fe2fab6290c883140ac4d29aa147745c6e9b5e2a198c8280,c36cdcbedea55394744923f47f848d088c49baaa2b4af04adf778285c3369baa,DAPO-Math-17k,12396,train,1543,1
1544,0020fb8e0abb7772410a53230c673d2c34bcfd13cfd404fd2ae34754d1266adc,44ccd63b18f28efaa719a4ab1df4b3fbaa9b23bd9f4ac2e09963af6f32098d20,DAPO-Math-17k,6376,train,1544,1
1545,ef6121c7736fc1ccafd5be07ed73e44a5e30991d65b84a6eac6bfd6fb481eb35,472b3f8bae34680cf3d553ba66bc48a0d56a2c05872412c9331211d795b2d8ad,DAPO-Math-17k,4837,train,1545,1
1546,7dced0b3abe9ba6644299ac1e77d48a2a8a669e1fa77e9233ca265ad1e9121f8,7ddaff2e98d9371d1d5ac5271030cdb43e2e6247dcf8bf6c46a6bb95b2400a2a,DAPO-Math-17k,8621,train,1546,1
1547,de612015a834ccd121b5be0d12cab6fec7cb76860749622e4f09e222a3600b57,a98975c424b2962314687f93581cadffed83ccb8d835ec699a76b5e20e0ab94d,DAPO-Math-17k,14017,train,1547,1
1548,9e78407ec675cce8b254ac414e7ae36072a1e41ced80b77793a087f828700775,56197d6a7d553ee482edacc0a20356f1563012d63063f80ce2de8705698ca5b5,DAPO-Math-17k,5643,train,1548,1
1549,0155959269fdac44350654370ac9853567a8b54a0a6d8cc8ff3af84e44157c75,fdbd9645723e50fa0a32a12b398084cfc3c454253032e174f73d32619aaeeb73,DAPO-Math-17k,5320,train,1549,1
1550,bb0d71f9dc7fb0bb32649dbec80f25a8796dd0c21878ba95a3f79c93387e9350,7ab33c102a8c87c98320439a714aa791288fb7f8754c52f5a9c60b6d3d746be9,DAPO-Math-17k,472,train,1550,1
1551,d41637e99abaaaa20e51ce1a22ff1a9f045c87f375a6cb506ea643b20f5c7a8b,8f08ce86d8fdf23c7d43e2d0f01f8e357e4192fd542ce5eff25ce4c51edd040b,DAPO-Math-17k,9105,train,1551,1
1552,6323b614b5753c5b348bd5b5400df141e0047e6a60639f0cc32d68c90a3d4a5c,1fd0cfd09e2cf4e00a8e80bca9b0353dda4a258001cb1a8b35eb85fbba576cfa,DAPO-Math-17k,3273,train,1552,1
1553,f87e295d7b251b0a75d1ce838dd68f5ee8af3407b9c1df92d9d0ca108d6ebced,047687062d32a304d257a08786b099f194d4409f495193220a33b847bddf62a1,DAPO-Math-17k,2080,train,1553,1
1554,6034d560049dfd8bdaa6549ca33180520e44ac101ce0c123443c4f1ffef9fd41,644f5e552f8bbf6560ddb626ec0f8dd4127deb9ed833e48dc22c886343c10218,DAPO-Math-17k,4588,train,1554,1
1555,857197a1461074d2655f32d24de666f52d2875515c9f022dcf5f13ef687ef92a,30b82c6290c8ae7d515ee16d9a93968eac9bf63af8ccd5e9bb8f7a965b4a65eb,DAPO-Math-17k,12373,train,1555,1
1556,44243058d4aeb102edf480a5f487f9c8d0a4fa9d098002913f152cd8922572a1,58dcda73e9cfd3aedd3dd460d1d377c204a5a201fd19605ef68aec0ff6acc0a4,DAPO-Math-17k,16404,train,1556,1
1557,fd560864816cfd1ad72b2ecfaa0f81ca00c33e99a4b7cbe5aa5b5ccb1db3313d,2956d1fd1b1852b15fb9ddb7eb7dbbc0b50da04eec582c2c2776397e751ad0b0,DAPO-Math-17k,3519,train,1557,1
1558,490901d16b0ef26464178db48342102b2a4c2f65667b74e23d3fb4eea723fa25,fff148561ab7d7e23189ec9fb625efe967646a6a5580dc4e99e424d800f13cc8,DAPO-Math-17k,13438,train,1558,1
1559,199146ab54c2ac0c918092731623162223bee891d9051a54e6f47c161896cdea,d4178481881125e97e5ce034f228c6ea39ff59bd64877448c85656d7ccb771d1,DAPO-Math-17k,13500,train,1559,1
1560,d4fadecb36c30cf1652aab47da571f2c59f23471856cf74700240aae0a86fafa,3cf65bf3292e4d877cd56d0c52ac2e60b3fd8a206e0b62f69a8b4b96c8d12175,DAPO-Math-17k,4223,train,1560,1
1561,2a95289f684eb36faa0819d622d5d7a054e61485a24aeb5322977bea93f0292a,ac506bfe291a6822b00614c78c3d4ac987afe201835e1dafe69ff3194fd22407,DAPO-Math-17k,15041,train,1561,1
1562,8e21d556b65c634a28afb05f8109ef657eac1d355bc3d5a1425b13da35588a17,da242d60fabfeee42282e3c6d8c372225316ea8ccfa03e1e9fc91018dc4bde48,DAPO-Math-17k,17017,train,1562,1
1563,9965d69ac297f40f37f2f02df36617b73eaef3d20f1fdf794d315e6961eaf2bc,8b27983e8620fa684a6125466414f692741cbcdf28a2a3195ca8002b4c7c4267,DAPO-Math-17k,15932,train,1563,1
1564,0a78945ae1e53ec5e5b42dc8923cd624cc9082bfdd42e95abe98d25d51f72ef1,b41fedd523053a9e94940d2ee8f1e3abb0aca5fb01f79d4ca4ff1aa653777917,DAPO-Math-17k,3049,train,1564,1
1565,f74614c4c0a2ca468188e4d941c8a42b558c7953a3e34dc499d103fdf224f333,973bee98fac04e733822db1e8bee39d09168de41e6c18adb3b1e06d45bda714e,DAPO-Math-17k,13732,train,1565,1
1566,f75de459637f9fc30a5e56b591f90be669e24facd0731493caeebe2e119889e3,5ed9427adab33c43e40a5d4c53a129446a3dd604aa8d4024b758c88feaf34868,DAPO-Math-17k,3983,train,1566,1
1567,b94132fc5eb097f98559dea5a1a65c4915892bd59fa279f3110c1b6241daa7eb,1e773f608feb1b3dfc44870b262219ef0264a27fded548a2e1ccc3e6ea1b0475,DAPO-Math-17k,16072,train,1567,1
1568,7bf80e6cee47f0fe79b1fa098a2e6d3331bbab3bde0d1bd3bb70fb6aed330f91,22f6ca6a51819b44527d8fdf84a583082dbafe894cd148a7b4e2a2d4af0ca0b6,DAPO-Math-17k,13416,train,1568,1
1569,452bb80d874c180f31b231a3b289002afff77504845bc2acf057477f46f44098,673db89adbb07d656166799fab9fe491ea373f7309e06752b418c3ef9ed41b2d,DAPO-Math-17k,4270,train,1569,1
1570,93e4b97c248be84cd1d22f7570ae19b91d2694f48e17699f6ca3de21ee20c4a0,2d66409f67d590d543ba4dba927f500bf221caeb0ea6e9721fd79d62ca6e3e4b,DAPO-Math-17k,12008,train,1570,1
1571,46ae34e0b1ba148acf28ee75cccb3bbc150571dc85f8ebb09302dbd7ce2f00e9,8cc5c09290fc82d53734be8f8914a68d0b8a7d1f7d9228b13afc9bfab0fc88f3,DAPO-Math-17k,11906,train,1571,1
1572,2ae3ecf451c0ff4cdf14f0cd8f00678c870dbfcac9df338a526c55084a94476c,f20e4523ff361d8a0007ae24184ccd4fee0cb542196659e9c13f3945e25ad401,DAPO-Math-17k,2511,train,1572,1
1573,25cabb6ae56964b70e202351838a1307457898cdbbc0a71e164e7777a93921b4,8b3b27139163a43478731a3a19545676a0614665e6ab15e27d36bd8e83339f58,DAPO-Math-17k,13557,train,1573,1
1574,6134b4baaf6b455b8124cbf3df626b9c8d97e57e57a9c32542f43d5506c82ee0,7a8c7667da6948ef7e11b4285fa34adbe24ec9369efee1554a45a16d94029373,DAPO-Math-17k,15193,train,1574,1
1575,ef544f47bb5e2e94631068a943a44b5fb9cccee90bf002f4ea9593ef24439154,3b66c4af749879699ba223fb4102bc4972b18ba1eb0998b75b04ef4f79e0d353,DAPO-Math-17k,5531,train,1575,1
1576,16a1a6f2888691901d3ff25829b451604cf4bc7212288ad6654e9579837b8cf6,705d254d035f5ea50075478a2d6af14b2d6d12b86d7722d44808a34a3c32f031,DAPO-Math-17k,2977,train,1576,1
1577,aaad3f6fe42621bfc350487fdc7dc3d8d08d13ac1f096373afe73a8306466aa7,3c7dab2a8e8c5c7d3e77451ac759de80be468a6194c3e0651d7473867347b38a,DAPO-Math-17k,5155,train,1577,1
1578,7a04e423c06805520e873eff5483689c17bcc7668a63ca3267abec8aae2f0ce4,4a7f2170e9ee915cff600f0f2833acb53814f9e903039c63c69498c69174793f,DAPO-Math-17k,1218,train,1578,1
1579,03d7fc7cf70646b421183d47f6272a2c708568b18ad0134c81bee21690ca1c29,2a20b311ccef8eadf9a867d890018b405795cd383039f30941e0490c8f1b8c76,DAPO-Math-17k,6629,train,1579,1
1580,bdbbcc89dbc5141673d8ea2555e9665d181dd8d3560eb365bb9d982c7658c54b,9f37676758df9a64862f02a021df1dafb24233eca93cd939dc5e78530f515207,DAPO-Math-17k,13140,train,1580,1
1581,fd84857f0cc9111b3507cf9971126da16a5256dbcdd3e4a41c707a89e83f76d9,6c3a771e8f5ba2eccc3cbee9763bc19b26c45f892be19f0e7fa0fcb7360e604a,DAPO-Math-17k,5989,train,1581,1
1582,87b8b3e20f73e1fc9eae312c1e13aaea3fced9fcd4b786e414bac153f0ce4566,b64d63b93ae53d1ed7b76ea2f4d059062cecac601d3bea786a871db58df68df9,DAPO-Math-17k,12387,train,1582,1
1583,fe4da563d7d470f84a02088e81511b5d4cfe9bf1e15b763bb0fbde37b28b7f30,fff6d58262446c06157a91d5dc70695f2ade7b5f9785d6d5a48a29c441a9983f,DAPO-Math-17k,10643,train,1583,1
1584,c946ba955a88d80f8402e5591eb0dce1e21471347d52f1a8a3e47481656e6923,a786502052eaa4bd8b899de2562532cdc3dd0cc4eb53184b89dee9b2ab2e5cb6,DAPO-Math-17k,11366,train,1584,1
1585,728bcdab2478a35181b157c7ad22843cb928ed2a36da1033eb8001e3fc694be8,d736a244d3e0fefebc5e9115a087210e1f0b09f0d48b89d3c0dc41bbff06071d,DAPO-Math-17k,13807,train,1585,1
1586,e10aef33882ed28a6cb4a3d47c29070abc0f42a3465d4ce9edc6aaf173cb0dfc,93f3d00dfd02b1ec600297e13442147caaa3592371ab59800d86910dd05d7d5c,DAPO-Math-17k,5370,train,1586,1
1587,03a75aa42af997b053c7cd32ca9f1111a0e0bee6569bace2fbb0a27356a73483,193b0db8c8f95a6adcb6f121c77ff82c51c555662d91287b49ca176ded4dedba,DAPO-Math-17k,16641,train,1587,1
1588,9c667f6c94fad77a41222ed6673c4dbfb17b6585b2368c58583c98dfbcfeb1ae,4871a6e7380bf6b30b5343d835ac2b61c4fcf73dfabe14edc5ba5e278975984f,DAPO-Math-17k,13254,train,1588,1
1589,12dff2faa9f2bfeba67eaf338e0a282755d705ba2dc86bd369ba7125eab1be86,5df8521ebc691486d6d6a2c6953332b66e6d23ed833ecaec87586fe1bb9a83df,DAPO-Math-17k,776,train,1589,1
1590,91fc1443c34e5db8f5ee95901dc4fa04496726d7c0e672961da4f2851f2e1f07,9d206e1ac7a939fb207a7282c847199fe74ad432428f58d3e6fb348ba5c41f82,DAPO-Math-17k,5824,train,1590,1
1591,26c690263b131c26a4fe61741e873606756057224ba1a12a12f3d3f4ecbf925c,4f2b8a89a790d8b75d8e07f08aca79207e1caa213425dd2ca14ec2168b6e83ac,DAPO-Math-17k,2624,train,1591,1
1592,71614aa9e0383d3f2f2171990d7783c9e6e268abddba566f7244b8eb01a9d205,10d730e162eb531be3f6015e4d15c527064f744bf288ac28331f70c05e89549f,DAPO-Math-17k,9644,train,1592,1
1593,cebc01c5b60b16284b0efaa98790f921d746016bac3221e422d8c4ec7c523e92,cbb3b4ea556afc58e31b7e6768242a2900c1c7e69bcfab56cc45122c4d99ed16,DAPO-Math-17k,3334,train,1593,1
1594,ba9ab3704a81f2e169e93ddf25661c453b05780ba3531946b4f87524edfcf17f,98a8741db41e6b876ab621c35c8d8865c4d9855fe8e514dcf5cf15c8ed4f9ced,DAPO-Math-17k,14631,train,1594,1
1595,e713d2d95994ae12b1c66216a677931d51f5741a867b07f13765b730d0b6e942,c0af30f53458e8f51da228abee6db0c4fec86ac14202289f61f47c6c456bb7d6,DAPO-Math-17k,3492,train,1595,1
1596,7d4396f6fd38339fd1a803176b538c03f3e1cca1a3aa4aae7775c5afcfa13ead,b3ee478b7acc723f6310f28745518be4bd2c37c7e324acc4475b209feeb303be,DAPO-Math-17k,9532,train,1596,1
1597,831dffe3afa438a57ecaff8c66c03580b070457a14520ed82771b5f8ccec7b0e,70bc735283040c7f1d1afe13b00d649482355eb19759cee4ad5bf82d881d3823,DAPO-Math-17k,5987,train,1597,1
1598,68b843ae6a1866c2c2ed371a38b61baad75ef639f0985d54a8006feb2279d72e,478efb133481847f1fb3dec967fd1d79bbabadd520f2a5ae304fb2ee06294437,DAPO-Math-17k,13629,train,1598,1
1599,59ca446bf74c78ca76da93d60d3ef9ca0cea02c309bc44cd0be0cd01598b7f33,f27e86ed2f2aa04072d8f30d0e09f8a98f003c2e2030badc3add0735a44d9d81,DAPO-Math-17k,3736,train,1599,1
1600,bebd8e9951e26de9913cb193e27125565c28dfaeccd56e68fd63cdddcc246b33,2949ce2423cecf912d84808c183655fe433b21a16b16e8b7f7b7b04985732258,DAPO-Math-17k,1446,train,1600,1
1601,044b10d4243cc84cfc633fa9ab179a5ff38b39531035beccc6da756d7e799594,fdb40a88fecdeb7da93b0d636114ffeafad306ce74805e25c65a6d55b892ccbb,DAPO-Math-17k,16922,train,1601,1
1602,9003c94b8271183df246779b01c5531aa1f04e5734bda670e459155c95726e45,e08255b173cd9c75f62f525272d176f21a0653602305ab109c3b90bea328298a,DAPO-Math-17k,16963,train,1602,1
1603,a9f3ed769318ec77dd1536ac4eb86a1801d92eedcb0d356599f3ef6d04d476d7,e7ee851c1e3a47378c8792baf727c40a575b04646ff19f9d5a811f5acadbc8f2,DAPO-Math-17k,9425,train,1603,1
1604,aa7acbad3bc74a035275bae1b2cbc016639d511e49cb962aced1d1f2bed6fb8a,a5129439dc794355c269b49f81b19d507fa14bc85202a3468102b491286c724f,DAPO-Math-17k,840,train,1604,1
1605,1aaf6afe3082317646809f3dfc9fbccfd2d4e8dc61c497a4743cc7025bce876e,f8d3020bb19e6a3044ef4bcb075c9ed41f94f4f98e1d1cb8071518369e67d163,DAPO-Math-17k,42,train,1605,1
1606,25ecbaf93587144741bcd4490db9bd18dd3892483cc5fefa38d40271336cdfea,d9cf814655618e96df29f0a1d1000406e984a4d266fb1741ce1360fd492fe69b,DAPO-Math-17k,17110,train,1606,1
1607,99228be5a4adc541a076e70703bdd2873242887fe2c0e3ff5f1246cdd6a0ea2e,c5f77f11a611a01caf680a1f69ae02eb9ed362ced2b03d0eab7139364081bdf0,DAPO-Math-17k,12945,train,1607,1
1608,2ed3c80b108eefd371deef9005cdf2eb1a7fd845030a058c2fc0b979d16351cd,910e43dde83c05b316150ccfd8966654a6285943791eead384d90d7916b39ef9,DAPO-Math-17k,5973,train,1608,1
1609,060e88afb9c5f9dd1f929db89dc9b1fa12a226d348600bb3a411967c8d5962fc,834e6a13bc346d2d56aa86d33610e70778e496757f351b7cf4e580ec38971703,DAPO-Math-17k,14667,train,1609,1
1610,e403f8642b8362763d91ad7ba07e4da85041d3598e85dc370f07151005ce6e83,b06c499423bb0877df0af8f4d6e63d51d7bd56e50629ebd70bd0a8b4fd381311,DAPO-Math-17k,12410,train,1610,1
1611,1f08d4e508f2dbe21473c1e12cdb4a31314c8daea1eeb7cb422b1072384d4d64,5b2179e0cac3217eedec4d71c5f2621b9eac59a940c4b371856aa67af8b536d2,DAPO-Math-17k,15966,train,1611,1
1612,bcb4a3b1b580de35d879584a257e067b1e33b3ff4acc38f15bb19fe1cb21e226,c58df5479541b182bb386fce6c6c33d76edc69659d567bb2b12a3902ecd1bfe5,DAPO-Math-17k,3667,train,1612,1
1613,a9fa2cdb55849acce596446bf7614c65281add217f47c2588a81542e30e2cc5c,dd5edb8188ebbfda49f2477c46c98d4cbe7ed77c82dcf349d58fc77ebf28212c,DAPO-Math-17k,16055,train,1613,1
1614,609f55bbfb1e5b26ef0b9df84bf24b9aeb208a142009157f62b29e14b9efc196,2ec69b209190a49c534216bf497046ed9a10e8dbf45990f97a08c0e48826cdfd,DAPO-Math-17k,13482,train,1614,1
1615,14e1729ae8b7d116fc048c78e9520ba33709444114ea5f15547364214477c190,6e16c4f352f9fd55dbc0c37c2bf996e8f13df9a3d512ce9dacb647819b6993e7,DAPO-Math-17k,9679,train,1615,1
1616,c0c1a4496738b041b4bdd4148874e5675c36998110a97eaae810adea581f2e28,bc76b57ea77d4da3b38dd5511f8cd45131283f80d31885d92b5056ee00981da2,DAPO-Math-17k,8985,train,1616,1
1617,2f71c6c07e92e3fbe7fb3b6831229933d6c484e328fbff78d1230af15605a380,5d1b1c2033a15551cbb861b12c5ac6e663a26ff46b9911ed1d360384a1929a17,DAPO-Math-17k,8437,train,1617,1
1618,c78ab82307b95fef6e6fb11e1528aa361708606857d2abab49e22ebfead66532,5b7c20c47411bfa6b227a0c3756cdb65327cf445a0920f14f1ca3c6682003e4b,DAPO-Math-17k,13868,train,1618,1
1619,0260e05502b463e7989aacac6d3e46ec324ee51849d61acf014428aa1fd73ac8,3f519afcb2970bd96b29231e0fac45c82bad3d8af6b6818ad90aa83e0bc3203a,DAPO-Math-17k,3004,train,1619,1
1620,8687b4dd24256c876328726257940070796e427d03092d90e9a8fa43286214a9,4918419da6e9152ee806713b82cdbb4e7f76556b0a8bd86b798d7656f1ee7060,DAPO-Math-17k,2779,train,1620,1
1621,a73a58653735597e5130af28b359760b09ef30849c5284f02f724cc248eef497,0dd32b96f1c29f558101d9be2ea90608bc74816c40516afecb2e825a4d47b253,DAPO-Math-17k,4497,train,1621,1
1622,490f42a88cbd524a0aab61c65965d4becede496f077223eefa7fbf1daec10c9a,bd010f86204a8f31171aec6a04371fc59d0b552b33933be56eb18ae12fa6839b,DAPO-Math-17k,12350,train,1622,1
1623,5b5d07f4fe015ced5f88c3f9a3fd839bb935ef625dad82dc6da406a877599e3a,fd179a68e5b7eb7abf5405c32ea200ac4cc7b0aef46687b3ba2aacfb41112c63,DAPO-Math-17k,11104,train,1623,1
1624,bcb525bab5096440731564ff95321f6b5f28b0510685306003c57157e34f962a,b1035e8c8a3097d578fc4eb69c67bae07e5766453dd78618bf5b6d26e7bbf2c8,DAPO-Math-17k,11749,train,1624,1
1625,800a1ee1c3e4bb3a2d1fddb65f7004acbf9f122ecc829e655947150fae8a55d0,5af26c97942be3e7ae4be367af0a05f728ba9415da72f37b92e2abbe8711913e,DAPO-Math-17k,1927,train,1625,1
1626,6f1083ec52fd11b6a98294b92c170f2fb2fa1a67f4259e9595d5ae35e0cfef64,6d52184b65a909079a1bff455853d2e4d7d5fcda9eabe6654cf8b9e76566ffcf,DAPO-Math-17k,5288,train,1626,1
1627,b83e19471a0c67866736999c9af17135311ed775ad82303124d661326360473a,e18627fa93151c6bc347fcb1b72eef6fc92f3eb8c2040edcd4ae8d3b38b60558,DAPO-Math-17k,3773,train,1627,1
1628,2f9282a320e193992821fa8cf5486af582ea5aaa1baca70c5786affdecfe48cb,c47809e2531800f54c19c61d76bfa254bf9837fafd388588eaba73f66961df81,DAPO-Math-17k,4560,train,1628,1
1629,19a9287c16b3c8a2a95da4ac6db1b9bbb5c3cfc9ec395f0c22f968826a2a6563,c11e9fa9958973d35d19f46ab5484cc6d6dc8b24910d112107719f4ff6fed774,DAPO-Math-17k,1642,train,1629,1
1630,58bbdb53ff0bb45f7ae494bfda709f15205bcbbf736b73217a11fa7cf424084e,0b31ea25407355aacfbd85818d7eec36e4208237eaf78c3953017b1abb041327,DAPO-Math-17k,16630,train,1630,1
1631,31d0402c81f9744d89dcc679a98f042f02b4789cdfdb3cecd667571842cd50e5,e3c05a4e0e91f8e9220ee838d2d1630becfbd31abc7354f6586fa21bbd13ae0e,DAPO-Math-17k,7867,train,1631,1
1632,c9b10294109a43e21d098d478de2daffdc072f6e59a788a1ecfd353df988fa71,0f2e054eb581958c93d37e3509275cd6ffcca432ef948b6f87f53a8f733da000,DAPO-Math-17k,1464,train,1632,1
1633,e5252586ab397e8ff5a2504132dca59bf6bc4636388e3b1fc15664eaf86f1ec9,6f09d2214e31c3f212ed5f96ac4b707c5af5f04b567ee3d005216715011c5f38,DAPO-Math-17k,13986,train,1633,1
1634,f93d6f2b3f66e5fbc417093a09d9cf14a7bce0faee895dd47828cdb161ad5fc1,93b2fd6fdb0bfb31fb71b9e86fc6c09af17acd78b25613e2af40121f686e6f31,DAPO-Math-17k,14953,train,1634,1
1635,2d59b3831e6bdcbcf2610a400b58e6ce51fa25ea413c57ee77dccd7e2fb9762f,3d48bfa742b8b2b3825f11a7021c460fd4b7795ba2340ece0b7e4c7d114bfab0,DAPO-Math-17k,7656,train,1635,1
1636,8f1ff36b0f4b4e2f8a83af8bd30307b5ba7d5260b9ca861f34c87dd68e6e8aad,8eddecea2b458d2aebb0b664c1f1f2149ac6382e1f8bcdda8e4010914f378ee1,DAPO-Math-17k,15052,train,1636,1
1637,76b346b0e9ffc74b9fba79bc66213f95f33a18fc56056f932254765b6c83c3fd,0e03f23d111223bc240e3b30a2f66b3f35fa1de360f65c45a367794963c693e5,DAPO-Math-17k,13171,train,1637,1
1638,5510c7bdf0147d4f548b08d6bbd6fb9bdb51f6bbf404de2bebf286649357f232,c40ade696138a7459b6bf97b6cc1319840e485252b30e052ce7c0596ca6b584b,DAPO-Math-17k,14976,train,1638,1
1639,6de02559397c0d91e09a90da8cbecd0e24f758be926f00d86e4e4d8589160491,b0369293ef224434a1192b3b53b5f2078fb94b225837299ca5b55b8c3844b0d6,DAPO-Math-17k,12427,train,1639,1
1640,33baf2096608c243c1f22c2c3df7cf42e269888cc53812947955ac3f7ad825eb,96dae549cfcd34653bc78d113c483a8b4b96b4a10ccc8d74c06b14d03b983f36,DAPO-Math-17k,8630,train,1640,1
1641,181f12e26ea64ab4ee912f4ce6d6ca7adbbcf6f31e282559dfb39b69df6ca55d,debb716aff047987596bcdef11ec0006bfc6c86dac031f831264ec1a1d8bd853,DAPO-Math-17k,15298,train,1641,1
1642,50cfe6015d304af531299c6ff430606408d508893515ef35a8f2710930780e13,8efc1fe2d1702d774b870943f858e2271491dcd8131f1e63b4becd770f5934dc,DAPO-Math-17k,14672,train,1642,1
1643,fcfa877e7e212fc94ca0084896c5dc9eb420ac243feba04550d7abac15518da5,e6a0f299000c8a58a95f4837b2fc88bd56c5fe2459edd643a6da680b92606227,DAPO-Math-17k,16581,train,1643,1
1644,0c1c779c8eee099a3e2a1deeef872d6719b5bdc7b6a94ff89774fc00eeff5d26,897684ec1f8fede58e16c81e50cb235d08355205aa2c348d30a146a33dddd507,DAPO-Math-17k,7622,train,1644,1
1645,89f80bc55fcbff78ce9c016742e975b3783a2cb0b3e6c48a3ec40da20a16fe32,936905325d1a9d4d19f5330e7352f988f703ad7b26ad9a8377b839b0ffec12a0,DAPO-Math-17k,12648,train,1645,1
1646,71ba8db20946e2e9d29dd8b1823fafccd69dbeef775dce6fd86e4a5d53010591,e77a64104f4c757631147cc6f381db8767398545aebad102e9c72769c3d35ae1,DAPO-Math-17k,8287,train,1646,1
1647,be2aa4bff3df45f4507c3eead9767927721d41f387b5bf79b1f916917f6a5377,aeea6ef5b2cc6556f3fa602f9622dfafdf22bc0e907e782750823dc68efa9abd,DAPO-Math-17k,7215,train,1647,1
1648,9889090e6503af6b8631b38b294d6184b195ad56ef970b3bb20ed1a5a48e57ec,56d6e837eab3410a0e6e0b96ae4e26cbc65f36014bb0bea10e570960b115e491,DAPO-Math-17k,1964,train,1648,1
1649,66f91d3d5f1d51aabc190c0cb5b6674d37339f836851419ce3508b280dfc7815,651dd1699f406a2c3efec7bd775b2c13bfe3a8cf844afdc0f7f4d71c31415b73,DAPO-Math-17k,12186,train,1649,1
1650,b98bdd11a6a016074e21d45e3019fac9fdd41cc20f27240a0667d2c6d4a0fcca,7b9b6c197379689e1a682f0df66500d91d5925294bc43b1abaf848394c1a6f4d,DAPO-Math-17k,12971,train,1650,1
1651,4558a7650e412f05880cb4ca46082ec309e1b458ec176a2bfa4b1220a59cfb6c,b3e51b6703a8f754c54bc63efd463588b26219cda0fc188f2689b53b724f9892,DAPO-Math-17k,8329,train,1651,1
1652,1cbab9b42ba00ad95f7017ba0aa353f902bac9a0916feb147ebe7c2c8712fe54,90be3df71c3575b7b57d8406611aa993b086504c6be96bf942237d57114e9d4a,DAPO-Math-17k,11302,train,1652,1
1653,c8b144a6615c21b455c8779a1ee9c2d060219018da4271b9dfb3ad6a6cfa9999,bb40ff10707da16498905e038e52ca527ea970b82a2fea7215b85603bf0571d5,DAPO-Math-17k,15543,train,1653,1
1654,74ea4f768111407530f0af79f846081dc34821745d6ad882dee6aa5de820d330,e0cfdd2902a1cff45bf7b6e3a0a13ed4fb42442e5eaf79e5d9af80038b0090a9,DAPO-Math-17k,6637,train,1654,1
1655,18c5aa57f3424c4662f1a74b87251e16f860e63558c0c93b9ec75144ff47dc2a,129793da5585b79734a75d3fe4cc235b61b1851db19944f64f0e18e9c6e44638,DAPO-Math-17k,2948,train,1655,1
1656,1a4cb7ccab4384bd60ba399efc1e825d77d27e763c92a5e8fb03a8ec600da109,03a21cae9af407fad00a8bcd4378617f71fd94fd3b4567444e338d6e348ad704,DAPO-Math-17k,1507,train,1656,1
1657,2eafea96604b6848857045588498f63cb20e9ac87c546ecfdffb19f5f86f0081,28be8d9db2251b127bcfa6f6fe56ee8f9e594d819d3e6ab5fd616c9e78605702,DAPO-Math-17k,11913,train,1657,1
1658,b76ec4158548e2cfd07aae06b5e552b6e2df022f636acc96f6620d29c1a5d605,bb9a31ea7a00a4e2d30b4ab619586c99e2ecb904b67c520c81b97a56323bcf24,DAPO-Math-17k,6825,train,1658,1
1659,ef09b38784f47eac8ccd622f9a7955c3a891f54360e69f2c25685a0e9cab8fbb,9550b2148c243f35daa20143ac18f15d872cdceeb6e1c9cd96b589a89497014f,DAPO-Math-17k,15407,train,1659,1
1660,ae51006f4730a4e28b344bc8ca70fed86a88ba4ceb6e2bc8f48ce8d9a16e1afb,97ef8d054ed0f08ce0b52663d3759907833883ddc3dcbdd0276a94ad1c8c3db8,DAPO-Math-17k,2124,train,1660,1
1661,859664c252003cd08e2128968fe41519c0bb5186440dde07e03e5c492ee00cb3,b4b23c0403fbb4276bd216aa5fcdc2b13cf0efd1cad9824855a0d4d75a5e35b3,DAPO-Math-17k,4295,train,1661,1
1662,4533033bdf6a971e427a8a1608119b4bd4d29d6eeec749ac472da98146f0ffee,08af6faf3edbbc7d040d93bbf3e2882fc1e4a8ce2d6bf180605afc7b22a71c02,DAPO-Math-17k,8451,train,1662,1
1663,84389a1c76088e8229ab0549c8cdbeb3f10c7fd2b3bfa18b0f3d9593618dd34b,b2bfbc41ef06f0a41b6303b21a9824c7df000ef101d32b1e7a9a878641373fbc,DAPO-Math-17k,41,train,1663,1
1664,22eeff7001c8bf8265e8716a2763e970fe127c1f5fe9e676b88a8135c7fd0aed,0c702c6b0e7ae27cd22026a8abce1476548290ce31d0be89edae1d687928fb63,DAPO-Math-17k,13133,train,1664,1
1665,74d2bfd2782a2115d634c31f2bdb6f8c73500d52dfed04ef6cdc84028a55b26a,93d33e1b227e087d1b2a0b8b943b15c151c58eed99a8449570039680d58beed7,DAPO-Math-17k,1022,train,1665,1
1666,3712d64490583308fdfb4655a8391a21410c207e96d98bcf3dc42f387dd5be70,2fbc3b51e6606e55afee34b5d482146201a5bcae9e938354d244d1306715e17d,DAPO-Math-17k,2379,train,1666,1
1667,2709f6cdb1d61550f45a844f93115dce9763ae1b2b6565be00d50d4f61181e8d,0bf2e26c617ef139738b780a8a472b76fc50bb7d4ce5a8703c5ae78a39d5e66b,DAPO-Math-17k,12716,train,1667,1
1668,629cdba227ac4b11d7f4759806cb1f271ad3ef694b4f81d1d3f568a55c65ed0c,92cf456e6c4fbdf89195f4f1811ae1021dd4b8d17f1d6d35b4d78b471ecb7e0b,DAPO-Math-17k,12858,train,1668,1
1669,20e980414c767b1456a84378a31448ae6d5067a4ed285c0bf5c4b02c40cff2b5,66957174ca7541ee12e045b289130c266445129f8569bfbab64c2b9368b4b6f4,DAPO-Math-17k,1292,train,1669,1
1670,34e092daf73305e14a270521b2ce6a376bedcae02815746a76d85abd518b8552,95128b1287d389e6cd124dae7af0f42d8b8cc415a405358397166e774439aec0,DAPO-Math-17k,12943,train,1670,1
1671,4cfdf8fdcdddb0a3a668251eb9be89edd298c48a26187032484a7d4e1454fe5a,49e2ce04e410f2dfb7b7ca49a113070c8f26576de7d0f276496e00d8e0139e77,DAPO-Math-17k,17013,train,1671,1
1672,af22d2e52ec1a9ddc309b5a788b2ece1a87f46931d20246c6aca120c449c4e73,08d4534f614a948e791e80a90b3c5e53c5792ecffcba2c2d0b4ff81dc4aa9702,DAPO-Math-17k,6553,train,1672,1
1673,f0f29741f617b8539f7cb51f9e728b52a7e7d8cb60c09465120fa65d012e6c08,a35ac5b54b5748add4e50b98ff867e4ed69fac8a9feffed948c5a2d2eff4f76e,DAPO-Math-17k,16568,train,1673,1
1674,f354e104a9ee0973ad715c80629863bd4a690c13f3ee105e6128f2e085842ae2,e9cb826e0b0237fcb619b1daf545a0723a0bb2e3588b6cf4ab8d566b0a1a5fc0,DAPO-Math-17k,5097,train,1674,1
1675,68871d5a515b9ae91fc06551d9cf8d2990d60edbcb2d9eb1db5f3f8b24e9c540,3ee30feeeb24c60019cee2313fecd064734900cae12ccd016f04425c22519c68,DAPO-Math-17k,10156,train,1675,1
1676,174c03649b444d4202c1001ec6c6ffcf3fe0cc77ba4e3950f793ca4c0c32c977,4ca02935793745932e42c8e65383c32022ad24ad9490dc72d8c03840272d74b4,DAPO-Math-17k,1176,train,1676,1
1677,291f817883eb29dd5716fb4512a9bee0b6eb176a2495ea11b4b523ecd5b646de,9a7f2a9f8da835970d91b607a9e3abfa996c0a5d3645313d3b645d8b5ce58a34,DAPO-Math-17k,9602,train,1677,1
1678,5c0413bb0aa5819c170264e8df89837af64e39c37e2a6103507e08ebed79ee67,bbf6c20d071134d70fbd61e1fe7c7627dace81acb3d2ab19a13f9bc4779ddb35,DAPO-Math-17k,7785,train,1678,1
1679,80b0cde70f286ad9ea4a29b45438956e9f0aa2f0cec1f462eec531156c25e7ea,3be0b85fb74863628f76d8c3eb4660637ba1593c2fa9c8d40d5c8d8f43e232f2,DAPO-Math-17k,9164,train,1679,1
1680,b5b5020551a079016abd507b0cc315afef47d4e82eebbfc11f80defe2dab1a9f,65cc1e7e06cd1141481cb829529baa9a7c606b7b3edc732d9202d95e8122bf86,DAPO-Math-17k,1128,train,1680,1
1681,4acbe0c711abf1539359ed38b690b7a6f7495102a250c1404b4b3555e47201c4,8e0f18ecbb65a5a95118cb4a71abaeb3ae73f3995619b65b6ebd64e2c04fd9e2,DAPO-Math-17k,10636,train,1681,1
1682,03bef7a9f2812c79131801f72d8223bca3789cd49d99e51e723214847a2b1271,4ea1f668cf460bac218e636e0302cb715ecb1f5e7f7b62f61ce3efd9beac116e,DAPO-Math-17k,9684,train,1682,1
1683,28c0469d7d420936ee2782f681c20c54b2787da0a7d1630a43b5e0552375b127,cf173672ac238f15d6f895e10f8e043fa08b52a5bb709942e3f4401b2c1b8d8f,DAPO-Math-17k,15613,train,1683,1
1684,f8992931ae0898af4f0bcb9aa992fccfe3bb789d71a25e0e7476221e569e5bcc,b9324817e1949a7926d183e2e83bc0310b6af8efb10b96d2986ea880f714945b,DAPO-Math-17k,14326,train,1684,1
1685,830efec409133fb8090f4addd80feab4c9b0bfa11570df7cb79eb5149fc13427,0b4a6e12f6ccfd90ac8422fe7f3dfefe728b95ea3b8a0721fe728b1a294231af,DAPO-Math-17k,3112,train,1685,1
1686,97d18cad6de4c6a31d73b74d6b88f331e3ac67f6463f830dc381de28bb11e876,9caabe35e08b7b5bb6c9c45f07c9c17c760be1a40523f324ffdff388f5ac64a5,DAPO-Math-17k,6255,train,1686,1
1687,858077c2a91d2dde78ecda6c4f8a25639d9e891bbbcf01e6da62d937fe045bd4,8d1e3eadb847d3513bcdd1bc8872c44f3494a0d33d2570eb355a4f764dd36fb1,DAPO-Math-17k,13945,train,1687,1
1688,f3fdf30f58a3f309d4dfe09e812e230230cf961d9d1604cb49904b9a97cd84b1,3a708cc62fcef55090ea3ad0d99ccba924793572536a0e7bd5be6d4cf1851085,DAPO-Math-17k,7934,train,1688,1
1689,a63c5f8b89f2f339fa70577515f6a044afaed01c0db0e4ad013ce5298dbb5629,59c7e91423596f830a94378957121d507cd8e3220b51ab780a3e55fb642a2b38,DAPO-Math-17k,5555,train,1689,1
1690,87126137b07c1428312a7efbe3524d417e99f019d21b7e67f0cb0b22c644abec,aa544198ba269f623c3356f40f93a7212ee2129982f4589dd1bdbcc1593bf51f,DAPO-Math-17k,13258,train,1690,1
1691,0d6aacfa7382a2ac6b225ed2cd95e662228488280c63358acc7574c9fda57585,ebbeeaff2969c2f3b3167239d6e66e3953154ddd99728ec5124c740425dadd91,DAPO-Math-17k,1998,train,1691,1
1692,5a644e718727b18cb4c8addab7b560c3045cd0192361b4e8d7faf69140a5fed1,0bf14292476ca5e50c33c397d3d988d6de0e82cb6e2832539a1ff0386def37f8,DAPO-Math-17k,10140,train,1692,1
1693,26ea032cebe3ff1b720be95495a50442b1644b8fa06077d854cf0caaad251250,0d57974b54011dc5e8160555e63143c3061006c86a961bd61429f54834517046,DAPO-Math-17k,14408,train,1693,1
1694,ff89eb888c1abfc75537b6e6629a5f6c6d3598d03cc814bfa5cbb71864dd29b1,a1e80758fdd859b4aaa06664cf346dbef4f413e8ba6af79683d555ef8511e99a,DAPO-Math-17k,1053,train,1694,1
1695,08085a736cbec81901ea6b4222542dd6cd93beafe1cc968c00701db8a658527c,d32c6a42ff2e9c79790e208224ed4d2243e989079333cd0d126c0c618213d747,DAPO-Math-17k,2845,train,1695,1
1696,e55184165195503371e8e4b906e172ec0a0404cd3cfeec7b09dad977e049f528,357e78a15ed22e6f084ab7c7204bc8b9759766cd1a5c2517928fd46b1aa75b0d,DAPO-Math-17k,14924,train,1696,1
1697,608257957ef4aaee8d085a7e3dff460e1e0e011dff701ee2aec038309a998e1e,57513ffc14d43a19575053a193c02db73119c2fb9bf871de1761b548a983323e,DAPO-Math-17k,2931,train,1697,1
1698,a012275e342ff6498c14e18078e450e9f92726c7a3123623a27e333894b2bbb4,81bbc57e01321d86c4e6d697e8a56e67b306c823017afd5c80ded6486d3e2d2c,DAPO-Math-17k,16772,train,1698,1
1699,1bbcdf310ffa3e47496c685563e14ea435e33b8eb6ab9a54d880447356e58d57,3435023453ecc706e56c7c86b2afc760d0a237a4c0e25d2b2d0f0c4c0d13c343,DAPO-Math-17k,1574,train,1699,1
1700,58f802fefa78465fc98e219ad3f923d9f837d4924b2164cf2c98adf058d512fc,5dcf05f947dce95550eedc33f36081fd35e0d272120ed2c49e5b961acb707545,DAPO-Math-17k,6431,train,1700,1
1701,16bfc3e92e8a0e3fde509bfb443ad0a04bd858c2ddca647684b6116121239a81,b2b2489f5ec9c0fb5d4f6faa1df2e9ee19ba99b80de88ae0e6025ec3dbf50858,DAPO-Math-17k,10782,train,1701,1
1702,4909fc680cd3284af73c262bc280415be1cba417372e74fd2fce3ca5412398ea,9c44b504a7d689f5c73b6e48b19dbb365cd82f66e330194e943820fc94960c32,DAPO-Math-17k,13601,train,1702,1
1703,bacb5ffa6aeca55afaf526dcd46c30f11955c598c9ce129aa288126b04e9aa0f,ee346d969cacd53cff714efeb0ee9b9e5f9dd261c75aec497ff1f40de11cd356,DAPO-Math-17k,4285,train,1703,1
1704,d5427a78470a2f77a20da97248c75688029faa7af94c22c84f11aeb8e5fdc3d2,fce1d46a8d8989eb90e7e8ebb3173d2fe057e870956de98a02d6e9a594bf226d,DAPO-Math-17k,5383,train,1704,1
1705,6c6fe67ff1b65874dad99203610acf1a52ff238697be1fd8a3435599ce71a729,9895a7a91f8cd3ca49519bf0f8488fd0147a4ded69eecb31eb918c82c11b2c38,DAPO-Math-17k,5717,train,1705,1
1706,7c4731864c5aac76c31b0ccb78ac52694098e02e86ea47a408ffec8fa8ca6af1,94fa32624895140735ed2864c32a6c7013c1b42805449d00b66103ac31883a6e,DAPO-Math-17k,1740,train,1706,1
1707,bc76d190d935019e31b237ac32ee18900043d4d2cfb638fb47629e75954f29fb,fdbb8b795a2a462dc8a6bb530791376b51ac90b9109e043168754b1b4be3273c,DAPO-Math-17k,16690,train,1707,1
1708,d7b6c6f64fb673eed630948583cef9559cea74d39ed7fa03615e84b09857e697,612a05f7179fc18d66b154bfefea01e5b363f1d49f5929ba9eab0405bfb6a9c5,DAPO-Math-17k,9688,train,1708,1
1709,53e3830c815c3ad79477f954738a12b4a9d3a386ca844704724e43335ecae97f,010688212b7211d7437e8e00a46515b2e3940e8ffd925a065b4821b57362b563,DAPO-Math-17k,8411,train,1709,1
1710,a6f7cf11ab047500f04479915581f82bbac3f05155893b078875271efac39a38,f0f5b2fe2361694b1b9f132db976817266a803cfbe8102ed4f8d536b8cfe5c18,DAPO-Math-17k,3928,train,1710,1
1711,26f438eff4c56bcc2bd0d50a4f27b61707911084dd3c009caf69d56084803d5d,96d0469ba46d2124e006668bb30c1a8928841bf9548737b4e1ef1f28b5916a61,DAPO-Math-17k,15330,train,1711,1
1712,54f8e74ca7f8353085f19480bb2f9a6eeb28e6ca1b2924fbb1a632d3b61f1d53,a2146096c9e4f28e4ec5c69ba64aeeb9d53abc6fd8b06ce36145ff242c03cbc1,DAPO-Math-17k,12406,train,1712,1
1713,2f700ee8fb9091b6eabaf12b9bf76d57be7d8ae180b70f8a1db52455ee37dc0b,bafd402fd0d2333319aaa6dcba5bca624047ea08509643f8b9dd69bdc806ce83,DAPO-Math-17k,6437,train,1713,1
1714,77831d7131694d998bad14b18629bb2da80916c31707370c508989f3edb7239c,8d2ac6c43dab1b5b53f00d6cce6b906e20ab42095633543863a3c1918cdb2792,DAPO-Math-17k,7307,train,1714,1
1715,5c53b665a13c37892eda22b521d412dff27e6d1d80a754a61e44c8e4daaec631,d257c1379b95a8ec8d45364073c07f5e65256722a9f648bf5e30e7d42a8af767,DAPO-Math-17k,17025,train,1715,1
1716,f87fbdf79ade970c77e9f8731b3bb188650cada42222ebd0592423412f6a1f9a,ce44794ccee896957b5e64d13bdf169e9f2e374d63f5f1573d08d9d3e993ce8f,DAPO-Math-17k,11571,train,1716,1
1717,749d2c28e3bee09aacbb1910b04606f9df4bb8bb738086976d9229d9eda83088,030ec397b23bdc0545cccc4e22cf0154d0b77befefca5f202530dcbeb06e12b9,DAPO-Math-17k,8559,train,1717,1
1718,8a386c833a2554e4a4deb32754ae7bf21ee70cf4cdf464a1c548afcf825c369e,06262c2f2f485990f12e77f1efbfa781f140326eccd0163d1971e8cc14b41de4,DAPO-Math-17k,7544,train,1718,1
1719,5107715abdb5d5a0bec50dd3ef15f53cf4289d7f4c9bd1ea341ff13f04ef13c5,7648f451e1c9bd9c2289d1016ab0009236a59a1231e13baf72b236f934b12113,DAPO-Math-17k,9502,train,1719,1
1720,74f4ad4ed48e2d2855b9646ddd399329ac235a51557e56222717a3136374fbae,e8081fdfc5119b25806afab02e54328f5559a3e7b104096beeeb166460a0b676,DAPO-Math-17k,8764,train,1720,1
1721,1bea89e886217be326b893573503d30012ac9e570da1d4e2c2de1ef9e1e08107,ef02dc40577bb929b17611da51d2632a8e13750e1f9a515ad0f31e2543d973ad,DAPO-Math-17k,10802,train,1721,1
1722,780d21001b049ae694ae1c46f0eac51f5769ab51f7a794de0a026becce523141,9df97ffbac93d7d455005f72242e2591e03c39ca0b088b662eabfa7bae5ac295,DAPO-Math-17k,7903,train,1722,1
1723,fbf4f12b914d9a580ca88fe957a429f2254dadda847a3593c4ddfb32481beaae,316f0ff9b8d78b3fde5952e0ab9e2f3d2fa0b012bd00c5cfb9b8a153e2d4f024,DAPO-Math-17k,10484,train,1723,1
1724,06a17d6337c7f10bc4f8e1058b67b886e4f788662f17814db4b220d32fcb882c,96334fa7b2ef4daad4abd2301dc700d6ea1a88f3c070cc30e798c492827e8931,DAPO-Math-17k,2078,train,1724,1
1725,f1410d7dec83a9b3b9e7933fffcdd51c3f9d7b13071fdf4120b7f341213594f8,5e7a3392aecb87efde93e2b3d88a381d68a1ef82cc364a7b6af7a73e5eff3286,DAPO-Math-17k,11103,train,1725,1
1726,90a50e26e0d11472040a49452f011aea21f75a5ff2ad8ed1f76c3c45b46f0271,3f0d03b0c7ac128d58e1b1ab40de60b1364e42feb92e09e975be87c9faefe88e,DAPO-Math-17k,4336,train,1726,1
1727,9fa52754c31775c2f7223f2ef8d4dc015c795db4fa7b3d2c46c4ad1b525c7421,a6da754dc29c7b0ed854ab5420151e40a78b45a5ff83488400a6821df227c814,DAPO-Math-17k,15785,train,1727,1
1728,599e8aa04d16fe3fbd33e6c35a7bf96e0bbe392244b81156e0decf18bb0f35ac,914b25d74c58dd9b5dd2f026f2631468050f9f9aefdebc7132a46c46a546f965,DAPO-Math-17k,9871,train,1728,1
1729,dada4cfc1c3614f54bace3ed05edb27955be38eb63e9bc60669859e66ea29583,8d77d9a45b66c9f7c1cb43bd1db2101e704a85592ef382487173a170ec07f805,DAPO-Math-17k,818,train,1729,1
1730,a6103e8d70c8bafcbf9907d1655391b876714eec1d6ff31d728f7fd4ed48ea36,ef383df449f2bad79a83738fe2a228198409703d96b769056a17929a46de6bb8,DAPO-Math-17k,11878,train,1730,1
1731,fd493c79a449cc8acd83ac9e2182c61cd7a559cb2516a17e23b805e4764567fc,8506e13b6365bc7aa1e3d0a621bed19cd13458f102632130112ca017f4851e10,DAPO-Math-17k,8550,train,1731,1
1732,3401c7ee503453d4b780938bbf7b2e862e2847f15a43e741bcc0eb4bdaff2181,7f4952330de347165247a34b61eacfefcea41b2234902bc73c7b9e5adc01d4b7,DAPO-Math-17k,7236,train,1732,1
1733,6d2b1e6ccf3d9a3208820cb59b3bc01c4de58778cc5da0fef2268bc15ab9038b,d4e43880fb95c9d2a32fb9d461e2b2ca61abe12e05cbbd55182fa760690db83a,DAPO-Math-17k,4232,train,1733,1
1734,114f4d668197a531a9f355196fe333ec3549a98f5a61b8550386564215ec8fda,920da44321a6d2b023e21e5cbb2cd333d57c2ad46ef522c8d8b0c9b58c1705d5,DAPO-Math-17k,14164,train,1734,1
1735,044ccd388510551edae7534ed6128571ac0b7dbe9128812a0b24e0330647fb79,04144df2600e0c0ab0de2155e52ceba489cb18bda1fbe94291cc4576149b00ed,DAPO-Math-17k,9703,train,1735,1
1736,6b69fc40f8309fb86ac960017b1861d9037c7f45fe47ed8c80179466b216a1d6,31792c62eb41a61cf043cbcc734df90131b179baf503ed89363e5ccd74227cc2,DAPO-Math-17k,10566,train,1736,1
1737,571e21b5ffe8feeb4a684d5118c059def785dd54d3470067ec5c76b295514567,d0ad4bbb24b88508a65f3abe157cbc737b83156d9b9b9d29f2df3e5496598609,DAPO-Math-17k,12145,train,1737,1
1738,80a4a63d0ca451fa919b4805e0f7c6b73b1b6e958aa504965f2a886ba203fb64,549ec54435cb19e5e83666646b0a84811fcdbf583f7607bee2bb4bd23c94f2bc,DAPO-Math-17k,6782,train,1738,1
1739,79f6eb512113c70b91293e646d0b5b001e15496048e73b9783ad1992948b5823,72f343db145668c2dd1d7d95ad3198e583d5e803fff4f243a386334332e3e18d,DAPO-Math-17k,7845,train,1739,1
1740,316146ee40293ac2071274a90306be4227a3c8bd5e9bc6e65730d2a7bc47eaa6,645f1198cf242d86d719bdf7df6c5b06574f7afffe756175e7fc75e86319064c,DAPO-Math-17k,16050,train,1740,1
1741,73a38dc14652a5fd82ef83a76f14a380f8db36eafab0342b63e423225e71dc73,8e034fe7a34b473fe8c394ea21b7d87999889ddc54768d580e0bea3ff9b7e087,DAPO-Math-17k,10649,train,1741,1
1742,4aaee5a7df8e8c6b13804a4d86187d5ff93b4ab90e749319da36e4fca01a727e,91c8c2b30827075dd3e6e634b10340650f65bc752b3b8e36fe399304ef85fdce,DAPO-Math-17k,10104,train,1742,1
1743,5b0b5e451a656c9afe14186c23a65f60cde2e728d7f3e7fba6ba8181c29e7903,2bf418df37cee0ada6a83c062018bb2939b1bec94995fd6e86a1c1340542d442,DAPO-Math-17k,11764,train,1743,1
1744,668a952b90cce834a9a4666a63696b3deeab73a78846e01d208f8a7acdb51635,740440b7cc82879c1924fd17726dc22aab563c6fd3124da43184ae5022ca9b18,DAPO-Math-17k,5691,train,1744,1
1745,c7c9439c3706d4c960ac31f8691af1d27e88da02609808cfac1b66f167882f15,02febef056069f1e3a4e6734be5e9193682f57decbc14a70fd13807ac7e5ecad,DAPO-Math-17k,5278,train,1745,1
1746,fe34482275d705e891d080598fcfc78c900d93a88193b7353b9df12ad1d35aa5,4a645e7a9e966c1dbb592b7593171388e09c631ce315822a192a6057e7398f82,DAPO-Math-17k,1962,train,1746,1
1747,a0d177960666e9c6909eb30c88366916be74c770c766564fd25a642df792e0eb,d7ea65e9d34185de8407d918a979fcd02976273f0655eba03911e710b9e7932d,DAPO-Math-17k,8484,train,1747,1
1748,b2de82281b6922438b358e75bd68c6eec30bd23dfd1c3ca86cbf575169f5f77b,2cbe0396faf00c50912bc1b7e189889d83d545d2897becd3223a227d1d261020,DAPO-Math-17k,9433,train,1748,1
1749,34c4b7b382605b1809c1fcfe40ae9f8595508097124e03376c092a316bde0ad5,c6af12db6035baffb7232f912da7c9444e301c9f6bd1f6fcb34c3ca920b1c60d,DAPO-Math-17k,11702,train,1749,1
1750,90cdb6e20ec5aec3754a080f8ea4a1d3459043c47d5e1676c412b8f65e017b40,fcf17b680cc25ab5d1ecba4c58f3ccb5bb7c8a22315e6059ac75f7688688272a,DAPO-Math-17k,3182,train,1750,1
1751,934593bff01ac11c8b3de021eb1c8b903893dc4262cf5042cd09f77d59445abd,fe637995093b6994230727012d4f52287cd18c4af25765b2b75fd4fb4fdbe685,DAPO-Math-17k,4745,train,1751,1
1752,bead50f86f8efcc30b573baf4c279e848ce2cee909662b48ea14774affb77ad7,8378ec910d9c5a525469d3c4258041270876580b3ed09bdaa655d70dd16fa19f,DAPO-Math-17k,9715,train,1752,1
1753,9e9cf02ee9a1a86e2b413d6f0b24145138e6490e39a8fcf3940eecd5a18a69a1,a0c289b1d5bce8eff28b98e293e550123a6ccc5ea73304eb457aa9d022fe6a47,DAPO-Math-17k,6942,train,1753,1
1754,f2d46327af718bce63887a46841effa86d1851943b7118966923ce6195726240,ad3b118b11c86043ccc8c9a5e4773b420537e4610b27ebd9fefd2c6fec19beb1,DAPO-Math-17k,13169,train,1754,1
1755,139029c7a22e492c2b20986165c1f6d1c667539c87413d2ac250fd982784bba9,7a86c781f3ca7af6ab4e7b591273275585546354b6340824fd2fb0baf70f5031,DAPO-Math-17k,9075,train,1755,1
1756,1f29e34b536adc97d74497dace1d11ef2ba90b24f273b46dd3979bca0c43c29e,086f2a280c1c1ceefc9e4407779013479dc04714bb5e26aa2aaba3796c38bff1,DAPO-Math-17k,13027,train,1756,1
1757,4ff9039c15ad165696ecb487954defe58855f7f591e195582fc95ea1883646e9,e0246a144f43af9b54d6b88c07d904c5154e195a542275e67a0f7ccf52490d8b,DAPO-Math-17k,11148,train,1757,1
1758,bc89d7d41d766393e73654c3eff9f243eb3c0c86861d3ded37b1f142950c7e00,da035acd196b6c84a371efd144bcbfecf9efbd0fe299cd643a23dc2a771d95a2,DAPO-Math-17k,3976,train,1758,1
1759,0bebedf57d022a2d9c527a9719ece74669a8703b7fd2001cdbc8fceee661ac23,46bf4e8518fa5330bd46118d0629457856331e793a76f6d86210802d85114657,DAPO-Math-17k,15684,train,1759,1
1760,9f5abb899f58b56a018f9817b473a76729002214354977add07459a2073ab713,6090a4b3e89ef71c992059b0e3fea68a3d36f5652346ddc3604a3003c69c9a7e,DAPO-Math-17k,16749,train,1760,1
1761,e90f112df5927f7d5551de0d9a4e1fa236361bfa3527b758d3b6214162845309,a969b17d512ef6878e7ea512e652140211094a485b9579dc978ba970072cc0bf,DAPO-Math-17k,7434,train,1761,1
1762,f208c5196c737d83232ebdf0e32730efcb0a17ab071f021efcaf35189ac1b54f,d086b6467ed410298e9d6554ce0da5f4031aa433763c4a60edab6d2be96cea8b,DAPO-Math-17k,3927,train,1762,1
1763,3a67e896acd189f33159c590d37d81bffc777b203d30ebf0a05baa7d153945c7,4f4c35d12549e1d64d2ee8477872cc5db91ea171770b75cd54d076f6db238919,DAPO-Math-17k,4009,train,1763,1
1764,034cb94a37e08771a06eebd8844dc5d8405674cb058a997b34cbcb3f8f4439e6,49e39ff18df3826836486935482d7e3ca424f93dc39ccb866d9725d5b7b80307,DAPO-Math-17k,3701,train,1764,1
1765,d39b82c72ff789f916fb39987db38292f8a841089335598e5076d7019ee480b9,4cd044e897fe027df41030a3adb30b876a604af09757cebb102f3bf100aada06,DAPO-Math-17k,13716,train,1765,1
1766,e8e6d60671663791560fa6cac62a702d6476d54a1390d2c1535608956884c896,0416ea62bb3843d263c20aed9ddadf7a544be26aef30e22fa1c97a3094bc4353,DAPO-Math-17k,1933,train,1766,1
1767,ff30138762bf32c635048451687777be336c61059596c1f4a4b79ac4f6c9e8d3,b1a5e7d744061e539b4d272673783d10a40c29f1ce7f1b593af2cb7037f9112f,DAPO-Math-17k,17062,train,1767,1
1768,74a020f68d6c3974f13911d6d7f075dc00cb0d59edc7594298ea362e2dd62de2,111e903ec2ef6c82fc0364ed97267397127f271c1d0d2d0094a649c596679d06,DAPO-Math-17k,9754,train,1768,1
1769,72fece0ea98a62022d8166b94122e55de064e7d0872f99ab074c0982fc01d03c,62588073225a551588a9ace8b6d64fccf97de3109a2a47169e3b4e7e3ae27e50,DAPO-Math-17k,6411,train,1769,1
1770,8311474e2f09dd4de7c0bc02760c44d7b3818e39a2b9e7b5352371f82579d114,31b47d9d922cc50cf68022967d405838122d938637697f5acf5a85ca366e8639,DAPO-Math-17k,3054,train,1770,1
1771,41104fc2c82482aec59d6a07daa9ffdb849c959c7035beb8dfd0837224b2e1b2,076fcd5204639b311d2a259d5d1a6f3a8c10aeb97f3f367772d00336828a4031,DAPO-Math-17k,12853,train,1771,1
1772,54efe32b1e20ee7c9a60150bcf37c21de3f6fea0b5b17ff308192ee664b4c668,fe89f0f290aace1c8455368edc71a751550a085797ed7f987f851a966e491916,DAPO-Math-17k,12466,train,1772,1
1773,e95b36ab59a4a3f8f4ac7ae7369d2cbb3e32b00bcba123aceba84674d35d72c1,480a8b41519a45bf9fef9056424a2bf330fdbff75c639fa7da0c8ae9cedfc01e,DAPO-Math-17k,3240,train,1773,1
1774,cf574eeef49c295b93df3c8a54654dce1f01bacae1bc65bcab928733f78040b5,befec56e8f1d7859af93a746553ea37bf9b4b0869fb96acf18e3ed575a015cb1,DAPO-Math-17k,16652,train,1774,1
1775,615d1a536ef522e634da9f95401a16a73cf2240a8f99da67173636d01272d6a7,0ecd5cd504960233542839fad469d7d129f50f33001e0e38e3119a5246e8a623,DAPO-Math-17k,6788,train,1775,1
1776,30b2271da01cb3c87917fda3480d09de1d0f2991442783ffaade3d90e4c4c534,ef45dbc79e9a7297cea28e56b86cf96119ea8aeb8cbf9a9791766dd000c753e8,DAPO-Math-17k,14440,train,1776,1
1777,6dbd24891f2342c67f7142c6e3975d986b10d3d81433dea305bd31a734659588,ad16781ecd3992e559f63067d47191b0585b2e93fd78d55adb535b9ba693cc31,DAPO-Math-17k,10909,train,1777,1
1778,7cb88803130405fe793fd76bec32f544fbfaa0514f2dca94f87c1dbb45ae12d9,fedb2b3feaff2b6df293f9e8bcd6da840c5438b9ca47fca3bb4934a043831a57,DAPO-Math-17k,13341,train,1778,1
1779,4a34f33449dbc5701cfc71e6b7dea3912476c80f305cf341afb68035a5f92a57,118d90262d736daa6051b7d1b5d7ab5666ba33a61c1e181d9fd1805d031e37c8,DAPO-Math-17k,1063,train,1779,1
1780,2a1372443928307f57bc731d212d810c586034a27f6ad4ec5d1b5481c7425d1f,175e840e4ff0d3df6c7e7f8d24d512ec966fafb3187316172e5f7d5d93cffe61,DAPO-Math-17k,8611,train,1780,1
1781,b02d3b21171289aa9ea32ef1108176b495660133ca8c7c5dade9620feda2b610,6e5b80e014c554081dd9a301879c26a88f410e72eece43f3895249c9b5f3eb39,DAPO-Math-17k,3532,train,1781,1
1782,3f477693b045a896179eadc5a6c90e2618fd2913e7a0429e853ad445a3dcc80f,78fd42e19156ebaac7d3105afce8e0dee1c1fabdd713e6886ae80ef167b3d068,DAPO-Math-17k,14174,train,1782,1
1783,0206afc623971f59248f5caf5b0c2c368ac7a1c21f33474f97e5f397ce44e57c,6c0895a3d9f11ebf5e819d60fac7afd4f5c8032634f5ebf7cbb69ecffc9156b4,DAPO-Math-17k,13906,train,1783,1
1784,1cb975820eb976ad5989263e2fcd9df78261ea535a99a6b54ae32beef1ea26cc,cdf1fecabd8656fb445dc68567dabea3b89b037411e9c98eb28682c6cc0ec45a,DAPO-Math-17k,10278,train,1784,1
1785,a3c063ec44d953c288bffa2cae812a7fb87e53e99b9afb08f8ff8114e9e68327,028aa13a4d5a71412d86a5ea50408657fe12f65fad4657902ee6e475f5d396ad,DAPO-Math-17k,12773,train,1785,1
1786,5759af1463410352b45d5c87c5cb34917b38a9e4cbd7c901d10bc5dfba8cd2ce,d19900d430a0e95b531d3b680c7c88f294d289014d29eb31cbbd41c36c905c00,DAPO-Math-17k,11537,train,1786,1
1787,7ba8e81ff76dd10928007139b2c958d297135cf9cd0821f8186171f66010d858,c4a7ac889ae78466e662d92a69f8c8ff36303b301ad7a9e90c5eb0f86e9ecc2e,DAPO-Math-17k,16184,train,1787,1
1788,8cb1de4d74688353969af6bf54ae8c60b327b80db14d78029010ac54955bea4e,51ef29ad2d0867993d90825bc02ffec01ab6885f69a0194ed8d65672ee857156,DAPO-Math-17k,12389,train,1788,1
1789,4559b7d1c94c06289a0af49b055bf8ca1efbff65a889e119f43bcd78e071a811,fb291d01f408340db8643c415fe36ab3f013e4274333d44f11fc6530f3f206cf,DAPO-Math-17k,3033,train,1789,1
1790,b4921c33f5c9e830c8bfe7d99075a56b518f03529ea290225f57e27f99bfc8b5,7831973dd97a082f8b31abc452682fa58e804429b7193b3892a7454963fed682,DAPO-Math-17k,12555,train,1790,1
1791,389c968120538928e4e1312cfe69f882b8381cf68ef5cb0608c12c213c0753a0,4be30ff369a557624cd48deaa1b7c67816ee80608707a36b8cc9d8f30944c56a,DAPO-Math-17k,1746,train,1791,1
1792,1c7e494874e29276049418cb7e595f84c3396aeb31899885e444326bb7b6b39c,47df7272315307fb1b86b08bcc0d941ab8448c6d9bd1db003de2edd1b0988533,DAPO-Math-17k,7975,train,1792,1
1793,3fc4cd077607dc819d39207abd0fbec7099443bc8c9fd4ecef7b13335e64189f,04044680d02d9ffcf3e638f8b7c4165f991498b5c9347143442426132dfda9f5,DAPO-Math-17k,3244,train,1793,1
1794,63b7837c7a73b88f83d71946ca4991b5587808744fd01b34a4abc57e51e2bf22,ef2eb5880deb5ebd5010ea5816e48b37816fc1dba1910b27b271f25e5add04b3,DAPO-Math-17k,15069,train,1794,1
1795,a1344224246577c3e4b4caee15836f87e20d009e7489e123cfc1f4c1f4a61549,08c870564ca0b49141feeaf258f4ba6cf825b21a1be3890b5453f4cb536d57c9,DAPO-Math-17k,3168,train,1795,1
1796,c6698d4cc8dc3f3227c152ec27e176680f304a6027b239284554f09f12b52133,25eb2be666e125dd7d129b2f2ea5b205c7b6cf2b0acff1f43c594cd082735497,DAPO-Math-17k,4681,train,1796,1
1797,34d6662aa011d68545b49b6525d8077d32fe00bb5cdd15033c0c8846de29b208,59319a0a34c5bff4ea3769bfac27ca74013a7adc681122e739fdfe7563663454,DAPO-Math-17k,9783,train,1797,1
1798,94ed7ee016901b17dc4ee82738b78b79578a2d4a9e5595bea0e060f3bf4d5059,f841cc7eeebc14f6ec3297dd3ddfadd4252c5ae9a92f08fa905f95f368728685,DAPO-Math-17k,15381,train,1798,1
1799,1a0d4b0b757667b207c4ccd7b01abf3a99ccab8504512052fbf209312bb7cd2d,854d23b75dcdfbdafa126be85237a9af786ba995f7a5f63935f1c5d911fbf33b,DAPO-Math-17k,10810,train,1799,1
1800,cc8d06b58ecb6f98d512622e68472fe0c8b20e6345c06ee4f0bb677614631076,8fbbd65333a34caa9899331e14088ecdc2a8991e97671fe024eba9fcdbad3109,DAPO-Math-17k,1543,train,1800,1
1801,bfcaa1dedffe52dd92f80b4bfe53fe854e9b1dc7cb810220a00ac89559d2317d,2e35fcfdbc18c31146ea5fc36161b930bd790f57cab4195d84b1e09415a99895,DAPO-Math-17k,7765,train,1801,1
1802,fbba9e8b0f177f5ce5c08b2936cccc8417b586389d70a07f90b4a54638e8b25e,517075abdb210b4bce6f4b6c765ebf2a463ea10927b8fecf496ca376a8472e93,DAPO-Math-17k,13421,train,1802,1
1803,6d56d3d773dc54a7a5745232a8e224a7e8d9f0732307a397897592fcf811ee12,595e33f30dc44f875d12e6db9de02b02d6e9b731bd1b99f12a3869a72b2a95b9,DAPO-Math-17k,6120,train,1803,1
1804,1eaa9560a1f985196e1b7647e2b26e2548069efc19fee791f3abe82f971cc87f,ed538eaed502c820664578538c76c6b259fd965d2eb89a394e4480fa2d857376,DAPO-Math-17k,12439,train,1804,1
1805,189f383b651305ad53070fc4292ba3dd06eead1119763e47fa750f32f68d88ec,ae4473205fa646ce6db83a489120291aee3244ae11247827f9a72af5433ce06d,DAPO-Math-17k,1141,train,1805,1
1806,04b59a13426485f4f38b6ee67ec53938db64dd464af4ed3a29c6671ce0dcd690,2a86106cef6638c6d4d80170a07450bda8aa0ca69a0763f0765651a17f04136f,DAPO-Math-17k,11014,train,1806,1
1807,a3e6d71b9e33b995f39ce41d5ae38c1b8925122450d4baf2d295e10eae516bce,9603f4e27e37f95651af9da8d8afb83fa60cb5ea4d46cc4a6a87469c82b791f1,DAPO-Math-17k,5917,train,1807,1
1808,977bd3370f0ba7ba93b07b5a09f4697a0f0e401e1ece1fffb8a26339a6734b33,fee355e85877f6d7bde854495e2e81cc7df467a9411951b7a952338ab111084b,DAPO-Math-17k,1182,train,1808,1
1809,de1832579f87686580db2045ba9a45367b1209c6fe71b99d2b3a2a68886f9471,0a51c60ac404a3e51f30560373576f73e8108545de2f7586275aaa3b7b545613,DAPO-Math-17k,12512,train,1809,1
1810,9ce2e366dbb89f3e6c05c72969b3bae2132a62d1e10ef836fef7b3944daa3196,ea71926a5cceb8398a7d66049be25552b5554f330a569576004afb685c586a39,DAPO-Math-17k,13432,train,1810,1
1811,61fda4813d6f2725200976592420d7986116bfefde39db701cb3275b78d53c93,1753ba8987922a7d1a5af2f5d79a8d19663ab13a5cb8f7ead4f4a03b21471fdc,DAPO-Math-17k,12940,train,1811,1
1812,363d72bc585cfecedcb401dbbb4a1d4908d40355e52a5a856c0c443ff8cb6112,120afae3f107fe45f5315ebf2e2766cceef95eda53857b8f97edd008560d036b,DAPO-Math-17k,1546,train,1812,1
1813,6d3bc52a2444fb226499a9b0b84a256221574e133df8752a2cf34657c42160ba,4f513fe9d7025be381389d87ebfac6bcd071baac07399a04b5fa0f2eb1fb1b54,DAPO-Math-17k,12349,train,1813,1
1814,22fa8323df0f7a07cd490645b82125f6143d01cb1c5c4944d3e59a88bd8c1691,2f729e8c4d8ea514a69b06d03c4b3aead24db289c7d83ba38e50ddc03a599c68,DAPO-Math-17k,7725,train,1814,1
1815,f59267837f49baa33d84480c3c15f61d55e503efa2e7fcee29fe59848bd1870c,508db7dcfb5f3196607d7d24e57489182c0066634242962400a63e011a1b964b,DAPO-Math-17k,14275,train,1815,1
1816,5f7c1eb20ce9daafc69c2aed9efc1825a5dd950c4f1a51d52f396273e4b72d81,ed820397db5d4ec6f2e7764c89928353c9469ac94295d47527ebb612b85f6a92,DAPO-Math-17k,7030,train,1816,1
1817,c693586687c7fd989eeec5ba6b0163fe1bebab7914ca059d9f83fb4a7c5fb5ff,0d1e930650cab9b79bd0a439fd76e79bbb94f99ae05b8d0d8b0129f6685f4258,DAPO-Math-17k,9550,train,1817,1
1818,c58ec6a64af068a9ca0336976cd167c7f970c4118a31a717e94d2af685949cd7,8c56831f74c1babb18ba02ed7dbc9e7dde194db3b83ceebe18498c0641bcfeb9,DAPO-Math-17k,6044,train,1818,1
1819,6ed9ee7cca0223dc6b12d80088bedaa9bb51bfe493dbcc4ac7bc628f203132bb,9a9809cbb92c6bdadb8326c9544854a6aeec2dfc47b2113980bdee86715e3111,DAPO-Math-17k,16122,train,1819,1
1820,3004bf5e10894925ea2cb3c950c687eca6a7a13e264fa5f7a20c13473156c51e,6553ff0ab4398ef0d988f2edaf1f760d786ff7be2955c9a18bdd84665e5cdec2,DAPO-Math-17k,8305,train,1820,1
1821,59d035d98ab237a754ba4069f3b4c5bb70e6edb1bc25f5da745b6b15e220f7ac,46ab1edad4ba5992b2444816d1d5d6281869a09e44da8e5a96ba4697e4632a9b,DAPO-Math-17k,14589,train,1821,1
1822,540825c7658585eb3f815b739cbeab3028038a862226a56b157ae93e740e3f9b,8b785e4149bf61a6948d0f75abecba734ab9421f63a84cdc984295039fdc2f6a,DAPO-Math-17k,9082,train,1822,1
1823,9c88878bb3a22f71f5f1dbae811da16662e0c5422e4debc5608bdc59aebe26f9,5ebfed346976ba8ec14a325653b1cde46505bf672d566977f31e2ebf713afef5,DAPO-Math-17k,1003,train,1823,1
1824,587a441af3ec98f58c6ce0223360bfe4a92b6674101a005c531a237f57df3043,b4c8e303921b0998c55a736e896625e26876fbb3612ba53a1ab3e7c7ed55c784,DAPO-Math-17k,15908,train,1824,1
1825,560acb612a42cf9282b9ccc061ba429a3e4a3e88ca8bbc63f8bfab1c8993fc63,a1189c15e467506d793abf1033e040f938bad26fb9282c72b407bdcbf662e1ea,DAPO-Math-17k,3588,train,1825,1
1826,ab511362492a4a4aa60658ac0137f9fc423a78c5c207f16e009e91783d05f64b,22b1fedd7489420841b95e6dc77f5872e7678ad0f66596fcb82cd1f56d9ed1b7,DAPO-Math-17k,14546,train,1826,1
1827,e84ee643ef1e51eb7e0ccfe340e9be8e6277881b8bfc9b7ad716722a0ba8331e,80a02981821062cff2f59eed18dc4fdf6a669911888d3931f96afb359869bdac,DAPO-Math-17k,11560,train,1827,1
1828,0cbbb0f9a96b24be2ab3ae5067babaac9f2a46d1fae5d0ffc82d64cda4b7becd,87548136d45817808c2b5f41f9534575ae2e2c89e877221b74cacac74986c6b3,DAPO-Math-17k,13775,train,1828,1
1829,c1adaa23133c16f9cb509bb7dc268b2e90089d0682f697518d8910dcceaa6a0a,f709e07ed4398a627b058acfbda38ed0222ae00b4ecddc6def868a743678567e,DAPO-Math-17k,14759,train,1829,1
1830,038572771ed42828b4b847cb3670bd6f31066fe1d8c0b8196b7527240f27ee09,674445e1e4dcf4b3b81ed179c266bc3f7ebe74dd3833573a70f71fff56addebc,DAPO-Math-17k,918,train,1830,1
1831,4362bcb59a5c21015b0aada90f53d2237fb8f70d15b291b485396666048cf643,e5e55a5383e5685d3a8ff1272827e0d158c56ba9dae627173c7737f83ce02ad5,DAPO-Math-17k,5849,train,1831,1
1832,75002e2f421a9a8468cdc956a59432b1663bf7e14058fc5cd1ceb8e0f12c2740,611c0858b18df3e5a2ea06c8925487483099f3bcbf78564b016895ebe2fca065,DAPO-Math-17k,2533,train,1832,1
1833,98bc5debe6fb529c7be0cff81138b9b416b1943f8bd853b0c3c190bc50f9dd32,16a1babdd9e118eb48e156c73b7c639224c2caf4d8ae63ee8a8f1630edaac161,DAPO-Math-17k,14801,train,1833,1
1834,18af29dcca5496c9cee404e4811d3e25927495bafef64f54ec074f6ef3a37682,c75fec8712fb0474c54926456fd4ec2e000e1a4477d0b04b9a4661b5b32e52d6,DAPO-Math-17k,6270,train,1834,1
1835,eb2918d9769f7c869172cc8c7fc7cbcc5f22f3d2d2bc0fbe0b8af28570163d28,dd0be273e397f5417f87d3a18106b9a1fc5ef75c3e427d76c01ee10c2cd9ae5d,DAPO-Math-17k,1629,train,1835,1
1836,02e25b3a6da2b2f51d8626526adc6721d8e03fa8b623b995e6359e0d3b292760,f32498c9ec9a4addf4cd160d4898143b8dff22ece60c4cb8d903f4775434c366,DAPO-Math-17k,17009,train,1836,1
1837,f0a3794b661f1d6d5f63d28f08183a0789684f335a5ab4a954583d61cd394ea5,0fba11efdf9b65f43ab09075dae47c03928fb8908f3c440020f499ec7ac34a79,DAPO-Math-17k,6074,train,1837,1
1838,cbeb961bbf92898cbb79512a6c76a4f1ab5da26990be0d5e5e141ed21dbf243c,bd9623a56272b22354485709b73d523d400c59ca4b12c4bdef2e1364158a6a2c,DAPO-Math-17k,12470,train,1838,1
1839,3132cedb9f787b7bf84793e4015ec1f965948f8f2bc799d7887e13567b596215,45a7194b2c7925ccef171863192daca22ff8b6844ce98bd364d85e8374ef0c47,DAPO-Math-17k,15325,train,1839,1
1840,a4b07ffa277eae95d0a946eaa0a3628bac64479bbdc12f2a6d7a828ac1624304,a56df2641f88fc33c67880a2299c975d364a4d7d9b7d24523f6bcc76f45a0944,DAPO-Math-17k,3422,train,1840,1
1841,3bdb23f8057f95a4c2f15907b5f99004a8ae30c29e7962e9ea840c4ca240d498,4f328aa928048026f70a03d044b84a35da5d560d0475b9cec34a529c9bd059d9,DAPO-Math-17k,6961,train,1841,1
1842,a18a7da6fa36048e607b1f0359a9fee91b3b117e5dbfbfff1bd3d352f207c5a0,de470bad695fd3049af2e8843300280f4e6e96b05caa7b3a32d12de9f2884d66,DAPO-Math-17k,14078,train,1842,1
1843,cc14a91e682baacda6fd505878fa5aa059ad1aef539d5f33323e76847e21acae,4059583a7cce70aa044feb1928709dd9f6c396ada109230146659a7f9f4e722b,DAPO-Math-17k,11225,train,1843,1
1844,9da02c8815356ede52128556a133cd6263e61d8fa9e381ee0c22b507a9a4cb1d,b3d9a454b70eb211a052da4708a260254991b2b43180acc51a07cb82c61acd76,DAPO-Math-17k,518,train,1844,1
1845,985c98de2cbc57d909e072217479c8dbc4133cf0494485ab566d25fc0f0f2b0d,ca09350921292c4ebc7dcdb6e01f3de50ce1b6a72b2d4655b854ae35b97ee482,DAPO-Math-17k,3410,train,1845,1
1846,93665ec9d4096be87369b4940bfa3a35a166568995cbd1c34d4ea9123c99d063,040ea835b094a0575864aca4774b6db52c20adbbf93b4d765dfe79c6c477793a,DAPO-Math-17k,3924,train,1846,1
1847,c167f3cc4d11d628abdaa27616a0c81fe3631236abe22f94f493a2970a6f5bbe,363b206bac5fe1d9898cf1c64a8e126cb8f7ae5f2d8e72ab51786c010a86ae8f,DAPO-Math-17k,16699,train,1847,1
1848,f010a6e8b5e40374a3943b8453bca3027cd73148456749497dac81a22a3055de,b1719f906f0db69391826c4e0aa44304c5a37bb5b8bdc4eb66f82562722da998,DAPO-Math-17k,9963,train,1848,1
1849,e528a4045c92549a0f7761bc428bd152b4833dcd8c13c2a4ea2bb930c16bf27c,14dec4c902c62c11c12fd05e31d89040a34198dac245db72c6f0f550bc66e839,DAPO-Math-17k,14510,train,1849,1
1850,1453c1078abab38928c031a7f95cd05c09cf6670186eae7a46dc95dd3548842d,87e8d7fdb43dbade01b07b5d0ee53a46db8eae9e462079d616b3179878d49f48,DAPO-Math-17k,3629,train,1850,1
1851,1da693b01d0697264a718fc9819c16f51dc01b5e3b50bee429e7a02e00a6492e,f039a966afd77e44f2ec5f44add852b4fa12e56f99cf837a3e83d9c378828051,DAPO-Math-17k,4024,train,1851,1
1852,f6661852b93cc384ce9189b713fffa34f455465f8a7f833075b61ed018a8e3c0,930906c87434cdb1035316a33966878ccb7c6bf406644f229637e615c70015d8,DAPO-Math-17k,2007,train,1852,1
1853,509144ff244617717352631582321381f5bca5c6796956cf954cf5d18268d3e6,3c375b9e3cb1b6c6c340d7edc5f36640ff4dde1278f2041d2138623ccccb95ce,DAPO-Math-17k,3203,train,1853,1
1854,9ca0f044a62c6e8ab7a0b24881b6b1699cece0c1f854082a42ff7e5ae989b6dd,e8b0ab5135602fe674660ef264859f0e8c73893b05a1c6e986ca97cf25f2d7ee,DAPO-Math-17k,7869,train,1854,1
1855,fcbfe2fa4924a0588f981df0182e2739269882db86308254ec9c609225586a42,ebcccc113b445401b74a5ffc0a07f2b9f2500afe2bf6b5023c31aae8f1204281,DAPO-Math-17k,3401,train,1855,1
1856,148a95143d1095b5823ae1ff1d47035d908e05419797061f76dd7eabe90e6ec9,c894670bf166daa40c1d79ff8456e209e47e3c13c37059518abcb7fe43edcae9,DAPO-Math-17k,10055,train,1856,1
1857,39faae50e64db55d57db0c7cae1409a836db25c49787d660cd4d898edbb4591f,8ce1c63ba9a36ab765a95f70deebd1cbeadee1c2deab16c731be8325f6962124,DAPO-Math-17k,6552,train,1857,1
1858,9704c922d285f9bbfa601c93d6897a076e1a9ffac1bee59ac09fbf157acbaeaf,56ce01f042eb1c9c00dfbc5321408afa92de3d57fc12555355f32c59a6593d55,DAPO-Math-17k,8659,train,1858,1
1859,492f1da4a5dd38d7f7b38958bd0f130b9ce0d9cdff8042183e0833bf814c68fc,011903abaac8a4faa1e4a32de404c749bdd66f26f02de893edb886ce2afcf886,DAPO-Math-17k,12756,train,1859,1
1860,9d2a9d1de5d2733f4190c5f95ef00cb5cb4429976906e65705f4d3d9acbc400f,ef712d58b9e6122d2f5712a76e476da92385f0e8252b72fc59f9d06a1891e361,DAPO-Math-17k,2415,train,1860,1
1861,91c616ad886bbb4a8ca0a3566636ea6618dc566f41ef3200a4a12ebed4494adf,4306f17459988fa70c343263515e76e31ffd662c12caa19c8d54347f1777e6ee,DAPO-Math-17k,10405,train,1861,1
1862,8ca6ab21f0d3bc84f6a916f84a08746baf22d3d008bc0dcdb34efde3b5740c21,17c117b210b7c906168d7eb8faa21b99f9733168d838fe59f9a900cacc929a3c,DAPO-Math-17k,3028,train,1862,1
1863,fdb1820cda341a104971fc9c5090d13b8f575d14aeb8c6c4cc1ecbbf03833146,44ff0898f2c199896ee2c8c2c63aba309c48ce450a1fecc6dca49ed1c831de84,DAPO-Math-17k,13545,train,1863,1
1864,0fa644865e45b4262f0606363998fe67180d9d5dcb546cd19515ffe615cf7022,9cfad47b27a12affe35116dd28d941c341616938c3a1a9c6f526e8c318c73630,DAPO-Math-17k,15385,train,1864,1
1865,ba17a4748ec84db91bef0a34fef4a3b2b0b40310ec39ca0244a5041aab0280fe,4091996e5be027c390c7d103790f3f9034201d4c29357c39cd6865bdc68344d9,DAPO-Math-17k,10537,train,1865,1
1866,51a75d5f89fe07705bef99c160c29d2eb4b598b6a6a2ad9702bb44c8ec2253fa,c6bb3920502eaee75729220bd527013a9a53d051d532b4180e9a9e50226d50ee,DAPO-Math-17k,4561,train,1866,1
1867,496ffad359c653e32af94ba93156a236e03da60195686f686a02171258731c34,6fb853bca5f4717091a5a03e7e04fda7ec50511b2845a3bad0a49ddd6120e8a7,DAPO-Math-17k,5493,train,1867,1
1868,532d8dff620e7168dbdd4b73002be562b570e8778a49137cc7f6095a97ebfd70,6d151dcab11d1b296a2e27de048232f42748c53d90b11789396fa6835cc474c4,DAPO-Math-17k,14306,train,1868,1
1869,40c3aae85fb8ae8a052f96caeeb523ae1500195006a2091bb5f15713a3f1e96a,ea7e1f608ee40110e76b6d75d99624f6cfd4c28f14d2ac152e626d40bb079307,DAPO-Math-17k,16510,train,1869,1
1870,fe9fdbbaada45e6730e2ec66e32a936e5b009b60eb86abb710fc671135ea976e,3ca4de01a41bf328decd1a5d577d5f76a8ec98cdf95725602b617aaa16215402,DAPO-Math-17k,15555,train,1870,1
1871,0c4c3f4c41480d5807cbafd2fd47f0821dd7acdd0121363640ab1561c8bf0429,90b326bc302739847b2ff3d84068f6e37de463aad08b5106a0f3d261a80f5bb8,DAPO-Math-17k,16631,train,1871,1
1872,ce54efd51e7579500f30cab23b2e1654c035dfc7935c29d1782fbf0ee30baf18,acd27500864026097aee841e2d31f2a08c011aeccb602cb18a90c66fc213fcaa,DAPO-Math-17k,6274,train,1872,1
1873,d68050fd26ec5a9142a36d4a3ff7bdd1ef1db6fcf5f5ed181469868ff3d516ee,dcc20fe972c217eb3943041453683a13f9ffb43be4f250867558c5859e4ae1c3,DAPO-Math-17k,4421,train,1873,1
1874,bc6120d3904250aada887e8b55c1f37cacf904c1bb4be780aceaf304ceac9d9c,94cd06c0729ad61ecc7e932b72a8c5984cc3387cda4d223313b2a3f6d80c85a9,DAPO-Math-17k,5968,train,1874,1
1875,5f97d7c594ac7d2ee551307c88b6ec90e3f4524d815810b71027b27975169e61,9280bb9d417000fe0160c4baee50a6698d8250d1ff643e6efe5dec9878f8ee2f,DAPO-Math-17k,12140,train,1875,1
1876,35aff01e0c3e2d037343bd401195231f9f69e7771403ae43eff575314db42d66,4da41e3630f891696aa48ce3f0e3d6e4240df6992453272e49839059be6ee4e7,DAPO-Math-17k,1214,train,1876,1
1877,8c95ed371c602d4016c7baf7572f2ead5c015dd3aea93e6b083e1cfbbe6cf9f2,9ce287424e31167c4d4e7ba1b6c257961994b529aef10f07d90dfe7c34d39c67,DAPO-Math-17k,6701,train,1877,1
1878,9c3f150209420ada04495c0b7e13436d2680c374c2f00bd33ef9d49a8d0c1ef4,d77ae634823bdb012794a89d5adb859b2804cb03e23beed29cae9c5e1f617d36,DAPO-Math-17k,3135,train,1878,1
1879,8ad9924181ff238d0e51da8f0fd89429ef8c8ac4673c581237abc3da85d21571,cec44af3ad57abed75b9cc01d1d57fe16afefb52c3c8392dff8cd397fb5ade41,DAPO-Math-17k,6893,train,1879,1
1880,9422e1ccbc2a646e3b69603fc5223fef48c3d3e2638eb400dafcde7ed723206f,494f10c57eaeec29aa170f485bcd11ffebde488c0b01a8c481ac245c8d5e5eed,DAPO-Math-17k,15433,train,1880,1
1881,3ce111363962537948fb5f3bcf1c7e0b88941c29682c2faa690b396b7bdf341c,282d4e7eea8ac5b27d161a748ab6a6671a89f97381da302fa7d2993e3d94fe44,DAPO-Math-17k,749,train,1881,1
1882,e581799aa85abdafe2b74dd89b3518e9c1a73c205ae71d20227f3ca0e31a0cc4,2f1d72482f2ee88234a12bbad2d88471cdeb41987f68fbc076691adc3d132b6c,DAPO-Math-17k,7807,train,1882,1
1883,ff60eef9049f26e91fe80a42185533bdf58e34e53fa2e11dabf63e2a9b82ae1e,86ef449a7a0d634e40ff08d5046a903d765128a3a2f73e949d529ab470725e31,DAPO-Math-17k,14507,train,1883,1
1884,4f737227c8a338d8fba058ac7dacec1cea9fe5539a0dd77524de66247829e856,865590051c236accd5ad8782560c097a252c399945c0784c9b58b82fcb90f745,DAPO-Math-17k,8211,train,1884,1
1885,27f213f2e877bd1ae13f615ded4f2f4acc304320fcb7fb636b3f557de17171ca,af7566a669c8a6f2bcf439a269e16d0a5edc8297b09e0941be633e592b7a31ec,DAPO-Math-17k,10719,train,1885,1
1886,5d8c491689f07b0b768c318eee67225cd548c864f68b0a8564cc8621779d5b10,412fd6b7a23dcbe81fb39fb96d0e9737226eaa26cfb3958e6aaf83c06b659f04,DAPO-Math-17k,4746,train,1886,1
1887,0b300c1969dd7b68e1f8ef0aba9901b0a98ff099693d79a98169c992505a96c2,4dc7a8fbbe2946b86bf0a19f0e1eabae75500233d30c8d26c0c940188da51404,DAPO-Math-17k,11638,train,1887,1
1888,da6c13bec4f680aa0439ea37f989127d35906b4f6abc7c6ab130d8f46c38a1eb,2dd653f95942c59230dd7c472cce00a9a6b85fda7f9f735d3cd5e7ca1497340c,DAPO-Math-17k,8950,train,1888,1
1889,33f5ee34e987c1f7edf6937e1cecbca71b1d8c41cada5f9b01493d6a068cd52d,d182ed03f6f1c8d9d044cc6bfd52b377c7262959e301d139537eb0658a44182c,DAPO-Math-17k,7286,train,1889,1
1890,77d99e7a12c36f2dc681c9f4887dae6b821a00b060fbfe8d16028af919f2c0ec,872235ed3760145fab0e0114224c6289d59b80f5f5014b1ded3ee9a5ddd8474c,DAPO-Math-17k,7153,train,1890,1
1891,b8eceb4d19fa6aca55b0ba9ba74d19bf3bdb779c1f6882016687044575cc6675,1f7c4984451a5558fb38a3cd9e57918b6e9eddb6f3f1e5d17f5172471d6d90e1,DAPO-Math-17k,5660,train,1891,1
1892,94d2b986ac7117719e9a5525cae9ef5ea6e16aa6d6799ff17462e3a6b367699c,f3a70bca785776dd3b26be8b92f14c92bfd58687e3ad65dfb3348a6a572c24ef,DAPO-Math-17k,7047,train,1892,1
1893,08945bb6614a760ec6ef6f6626e4664bc3e69243059bca406d5b4a8fddff0a19,45b00119df6c933b5b74ac6c8864eecda7ab0291bbcb089f617c00ec1c4b626f,DAPO-Math-17k,3678,train,1893,1
1894,7903dff731dcc3f5adcde9b3d86a3695fdf668ac67d3fac0eaede4b0168f1d1b,f31f6c172aa849825937d4f30d2f7cf097e9b2dc4ca9585ed0ec5dc469ea7b0d,DAPO-Math-17k,6503,train,1894,1
1895,4e5a0979fd2d86aa4898a0b9492d60b1fff7b9f0aa7eded3e4a974ac44d4c0b6,f7f18af681c5b96b5c41d6a116b814f5c45950b29cebaaec9fd6cc05e46a025d,DAPO-Math-17k,13297,train,1895,1
1896,f332659d916dff29fa7f90c4da1e35f7552d7b8921da22ae8ec86766c2855144,4a15804b03893c899621cf8c5976b68fe4f790e1fe8ee37026cd846ef3777741,DAPO-Math-17k,2987,train,1896,1
1897,12ba84127e5893f6ad8825b125572603d2bc9bfd14510a302baa181c6028f0c4,e35022f84bfcee6b73eae61f99f993eddf2c0f0a4b08d3415ddf76a680cf9900,DAPO-Math-17k,6675,train,1897,1
1898,47e1b15c158b7797c98f9aa48790f6535a9e39369872aeb4a888e67f86a79672,516adbea23365e41634a913c32d39d42447c6cad6fcedd3d456e10377f33cab2,DAPO-Math-17k,12609,train,1898,1
1899,9987b155955dfd839a2d31980df5aeb3e565f1de2ae87b5e609670c9d5be15ca,49fb608a4e1adac781de6e791b271af25668b8ab518aa2684eaa9734d7d20728,DAPO-Math-17k,1654,train,1899,1
1900,b3b722e78b2c5923aef5a6a3e09bb02959df66bcb7da08542c747bee131876a7,26d30cc43a4dce8a94219db4cb063a77ceab2233e85f4016c2bf49a7237b910c,DAPO-Math-17k,10110,train,1900,1
1901,c5d12b23f4910c38d11f46212566402cd84c9321b451cc0f2718fe9d5898b8dc,ea82c726615f6d842082d6bc4fa2127797a43b8609f68b1986c76e8756d9d720,DAPO-Math-17k,3415,train,1901,1
1902,03cb05eb529f20534f1e9f40071479e7630d1d83aebb5e2e533cfaca548c675f,ceb219103cacccca589b088d1adb9a908e35a4586b6f4b1af07ce363fb3fa51f,DAPO-Math-17k,12696,train,1902,1
1903,2bf6d6a25bd4191a91e7e3aa209f25d39f7b2467ad3b814761c66bbd29059dae,e6909b3c3f9b44b3ab95c46b896e09efa88d5339d25bfca78616ae6182e4847e,DAPO-Math-17k,530,train,1903,1
1904,f97f3d2737cf129a03dd3552254299dc94e2afff53f5ecaec1ffd98903555e47,1e64efd6d850796252276feb313a31aad6957c1037ebe2f8b10291cf3e6c5ae6,DAPO-Math-17k,3528,train,1904,1
1905,0f8f5c8e56e7bf742d4deb57ddd71334d9deb5953ea5665a30c5732aeb6b982b,03589b0196bbff639705f3a2fdc40baaca10250383b2ed2ee1eed3d1e5f3d7fc,DAPO-Math-17k,8486,train,1905,1
1906,8e53525164bb4c1ee763d7cb71bf080f56ad146cfa804ea51bbcb25290febf53,bc6862414f8dd3d916e15953b54b729d06913991bf5b85b6c70d7f99c12361cf,DAPO-Math-17k,13719,train,1906,1
1907,0d9932abadf2f2864c1010c8ab5c59972c1bff04317c33a27f24c1a4eafbae96,485c3a67f7a7fd8397d5e661fea3a90e4001245132a23324d0ed1264a80ffff2,DAPO-Math-17k,13681,train,1907,1
1908,00231dd49ce010433c95b40f29f4eb9f6bc7d0d2e67b1f1277097c9eec941eb6,1b054e901af06c72f3b82ca27c681d1f898924029e5bc4f625dfd86928c0e1ec,DAPO-Math-17k,2329,train,1908,1
1909,d3a2eeae39ae59e8bc5fe4dbeebcc0dc3d8fbbe8e621fe2151862648acfe8969,779987a9df64aec26410ad70a5b2d6a0a2db564b5fc7bf91f9510da03400984d,DAPO-Math-17k,11167,train,1909,1
1910,f65f56e0048ba5cc07f420eca1603c2277c2ad0302305cfcb5fef2f770b1e4c9,70ebb180ba1bd03c1043467dbcbe4287bd3a9617de9d57a54a64b10940ea5279,DAPO-Math-17k,9857,train,1910,1
1911,a9fd325f5bab2f99183060f6c07f07915e504fc708d0ac4b28d121a2eb67fe6f,3622971d207c88645f398fdb23cbc135dbc2e291b61025d9992bd32774a16341,DAPO-Math-17k,14618,train,1911,1
1912,43bad6c4ebae527830851e0d8c5a36371768c61c3db1e93ac6d52ab89819880b,d15e5ff56ffecb5c8d287e49f82f64ffab4e8ac059ef289929df0e17d17d831f,DAPO-Math-17k,13072,train,1912,1
1913,c9d61ea1ee8c8fa32a0034d18eedc4af2b66ddd1849e7c41bcb94e9133993485,3bbc1848eae3e7ac271fb287af3794c1f09c58b41e6604aff32cebc925f89434,DAPO-Math-17k,16629,train,1913,1
1914,b537d94f3299fc7d31e3a6f8c78acb41a58d2f19225e10de42bfda2cf67c60f5,7cc7d23316562aae5fbd53dc119fa1f40595b6ae50073f849f3c095fc01d233c,DAPO-Math-17k,7160,train,1914,1
1915,f213b010e5a1c231eb0b23312ea0c0a7d9683ec039d6e8852a5ac2883395420f,541e676d0f61cb0ea9e5d3849a5d42a3257e6de85c8fe90bd2543fa29c717089,DAPO-Math-17k,8360,train,1915,1
1916,34191243eaa4e4f050971405fdbd2f6ae8860297206a5b42d4ee380250d4edaf,167b404d3750c0a556acba0ed95b105e6f3100d0e27e4e7d26408fdab1dc9ab0,DAPO-Math-17k,11164,train,1916,1
1917,42ef0424aad481de73a68ef46c5713599522f3a01524f28058bd132ac105da4b,038ad8f34fd49ae0e21e9e4a592d224079e85deef96b2bd894853d757510cf93,DAPO-Math-17k,15387,train,1917,1
1918,b6f86e4ec5cb1a18991d8e07a11917f8758dffeaf2827cee5a8f0fc3a4b9ded4,d9cb30fc6d9ecd81188234ee909855ad33c51f75a7a8fd6b5f0f86fcd9a42fd3,DAPO-Math-17k,1994,train,1918,1
1919,b51672e7ae7a891a711d138d3ef4f341457df6d3d62a5c24650d21de810535a1,b9a93f129e9413da16669247ac1b8501add2e57597d9eee6e06765c345eebbe8,DAPO-Math-17k,15971,train,1919,1
1920,bfea7ca4f24dd1d9871f5df23621f81441fb11bf8614146b56fa7eb0d429226f,baf02581a262f2ba4e947bde5b3ae1575addac0e14aaec22ea3abb8df11c44aa,DAPO-Math-17k,4981,train,1920,1
1921,9ef6f01d74fe40ca3493fe8fac7434ddbc94f88526132543e7342357d6e6121a,55969a3602246acab3e6c314e07dc59d0f5cc4530f538227c3f7a336b3e2c5f1,DAPO-Math-17k,14464,train,1921,1
1922,aad64fe69ddf3f2f8e6c68ce0e2b8722ebb978f9edb5994ced2f70c15540c543,90d56e1c28627e8712c645b2058cd13e9acc5646a771c4e560070a2fa0006b60,DAPO-Math-17k,12336,train,1922,1
1923,a78478ec501c5f6902e1faad7c4f7dcf42ae26eab8886e7079431982c4387252,306e4d5f992b5a4b8bdf27460780c740c2138a0f5fb746db195050ddf012abef,DAPO-Math-17k,13769,train,1923,1
1924,bf8f1173242ff8856112b584bbe89166ed312a4a6a2827f27bf9e31834d1c438,c48f1e0ae46fd946771c471a5105f07a9e45c3ad0dae984e2e19a8e3bbbaeb1d,DAPO-Math-17k,10237,train,1924,1
1925,31d09274bc44b35f43eee913e8c14db2b37f260f8ad2e35325ffe98b1308f7b6,7f39fa64f5bb6c6422f38508cb61e9ed8734b991e3002fe7dd604716849d76d3,DAPO-Math-17k,7315,train,1925,1
1926,13f6963dbeefbb76676cc3e2e32aa15bf4c43cb67c9720aa93143ed65994a46f,9d96af5eb3494f1f2c7488f9fbbf7f8595968925fec353383e372a4ef74a9c15,DAPO-Math-17k,15405,train,1926,1
1927,a106918717d5da336581e171937e0b23f8d3f7eaab9951a3702729b12996cb84,c8daa3b7668fc270ac841d6b5860f5f0b75d66c9780348a385c113e861b6e725,DAPO-Math-17k,13102,train,1927,1
1928,9550e2eebc8016629718300b89b6f61c7a8b3693c980be8adfd9943b83b89693,9b87b519320e9ca4b86cb3c7c36b9c67536bbe3aa81a204d8de10db2e61d523d,DAPO-Math-17k,3622,train,1928,1
1929,b1a741cf00a221447ec547af6e0a0f00458feafbb421223dcfe6bb9aaae4d06a,3e3d7b52e163760477b5582023e2e59e4762e68d43cecadc35f892cddda2e78a,DAPO-Math-17k,5893,train,1929,1
1930,8dc1f2ad207a926a6f4539571947bd97496be3757c58f9dafe7c3876d50005d0,6f86913d637eb66d995abca932075c2f9ecc2a533cb27c92db91a29062cc51dc,DAPO-Math-17k,4713,train,1930,1
1931,65bfb67aafa10aa87c5f853651b09d95b2a1d3c701d80041545e2f1882bc8246,1eab77e41155bf536532505a43eedc5c67c282af40e222771d42d24715abf26d,DAPO-Math-17k,13690,train,1931,1
1932,970c64c4ef067dcbac4bbd212051547420422ca6c84f7ad3972932a42715ff7f,f837627d38d54e3ddb1522ddc6330e56e875831cb18a1de726678481b31487b7,DAPO-Math-17k,1857,train,1932,1
1933,a67211682122e0b92917588d5a809f00f6799e9708d308dc32245f3e95b6f493,70c36d668bc48a4bd94d830c34cf04acb19b461260c9cbe1a9d396b485a752d0,DAPO-Math-17k,13843,train,1933,1
1934,2348d92553d42f72b519f866ad66dbeae79603f4818b1400eddf4840a594877d,3ab281db118b49459335886431a045f30fea1dc2240237e0401ddd96310a989a,DAPO-Math-17k,17056,train,1934,1
1935,2128c429fda539be6e94ae3128288ff4e3e34cee16c5d1c6ff63ae8aecc016c2,c77c6758cdde8012793f0aec0f50497e318793e082eaf817c5d38ef226a1f1db,DAPO-Math-17k,16685,train,1935,1
1936,62989b43797520d79f599ef2fcee2ad3a85a8448494b9618c139ff00fc74c524,bc420e9a6cb1ef5f9de55901fc204e89b5bddb4ffd27589c19d8b874fea7fba8,DAPO-Math-17k,10290,train,1936,1
1937,720cc7e569875dc2dc5b3af8b256c8b4ae1769f8fd49f4f25b6132da2e91033c,da8d9a216c57628d2687fd799cb1a16c479b9421e65a825c90534be28f9d96f2,DAPO-Math-17k,6262,train,1937,1
1938,9b3f661cb1320d044dbc4c11bdd14c2f8b3cb1d48089f186b54f8b5ce7e19f07,95bcd51e2574aa0c24f2c258af384fa878129829bb68a5ccec6d98ce8fb83ef0,DAPO-Math-17k,7413,train,1938,1
1939,cb633d6868a5d30fd85691d81d6fdc6dea05025f087829e6cb7126e9b5f10121,1c9df0e021fc97c8d261199298247eedd29803cb32ab6d026a59458465ffba6e,DAPO-Math-17k,15288,train,1939,1
1940,ecfdca3215d33c9af35dceb6f26729818cdda9cfb7c75d6e138b85deec2367b6,140ca4ea31f609dfc727850abd72d6c7f18873b1d87cd33e164ce234801a361a,DAPO-Math-17k,919,train,1940,1
1941,7803358c3dc0d5bb077e3c702454a2a1a38ef7fe38b062de09be789325b8c61a,e940553f13c47cd9148571fa641093c39d2ccba18743dee72b290c70db174272,DAPO-Math-17k,14140,train,1941,1
1942,b523268c76f3f0abdd3b7ddeda41ee413699edb1811af8911086afabdc1a8d02,6ddf24aea22571e71324e3faac526ace291a24d02334ed1136db8b2dc543fe2b,DAPO-Math-17k,9151,train,1942,1
1943,0500bfb9320cb08f04233e5e2c15dd0e645213825448ffba13045fd46e841ba2,2fe4057d78abc4fd9605d18a636afa0853d65be16a37666829c2b9b020e08a69,DAPO-Math-17k,5163,train,1943,1
1944,f55ee217a1bdcdf60f2e39433f5cf5e1b189445a3a4eb5eef554cd38473ebb8c,040ebe403c46d3acde807d9dfb74c0a0743ccc2e9fb2925ff6cbebd1d0d8a958,DAPO-Math-17k,14827,train,1944,1
1945,ea399a0f68428340066fc54faa139692bf3bb2e76c30c39e26855f73a9e446c6,4f193dfa01b934d3f3d7be25757a749fb1d2993f52adeaa8bad3d092a73ec10a,DAPO-Math-17k,15601,train,1945,1
1946,17cb7169781423a40e5d9b265fd9df73c3018af5edcafb2bb89f098a8577effd,03ee751db861df35f0aeda0b9824eeddab0f1cd267b54d063c0f77d06dbb1792,DAPO-Math-17k,9264,train,1946,1
1947,31ddea6aebbe84f9247e64237476924bea6bfde7b4841b06dc36090ae9bc8683,cf1f1800248a0918ad77e64f762475d5f7ffaa0a43f066a6d943e172dd70b30d,DAPO-Math-17k,13237,train,1947,1
1948,e3350ab87b6a43dd19ad4fdf2614f9606be3502112d0597da608a41a6d961076,0e6da8fdb59facef2c29b34c4ed73291b4109c467e01835b30fb76d1a20a7628,DAPO-Math-17k,143,train,1948,1
1949,a11e4e4cac9f4f71257c0dd980bcae60794792f5339309ffbcbfbf4ce887b4ee,186c71bf1335358cdcae4744222a80fc686586a2139c56f10f260af5c4d4f06d,DAPO-Math-17k,6412,train,1949,1
1950,4cce084f6c8d8c98332fadb13b208b26fcfba9d7615ad161f5b46ab3c82050e7,8da9d3f7e89100aacff86303d024ccb1cc6d31bc554ec4c714785b8e9e6d95f7,DAPO-Math-17k,10123,train,1950,1
1951,a73ce0ed8cfef129ce6c14ede079330e1ebd61fc188ceeeff88a17743d92af15,7d05ca616ab02bdac42481d94a6a8ce3dc8ce33c72bdf4985ca9c414be59ed84,DAPO-Math-17k,134,train,1951,1
1952,99de997b1dc848075ed5220d2d8d6ef6866e8a5b5aa8b9be926a6a351695cd49,3b3273af7a02a9c66a49d5530f799fcab642f8224666deeed18a35fe96b7696b,DAPO-Math-17k,7760,train,1952,1
1953,b337b3e08074d0f923a22e49dfddf515cd27f18be9ce474df1e9705597a860b9,b597a39ff328fe392d6d53faa0140d8a1f8037b8c7d3b008fafaf948d9b3b3c3,DAPO-Math-17k,5696,train,1953,1
1954,aba1a8fb65c67376fb83893cd3fc493cdec7608a13db0cea0cad8d10b87bdfdf,6dfe45584d758f803f2ce640abc58354be4c79536c96fb07bb7dd6782cb8ec28,DAPO-Math-17k,2617,train,1954,1
1955,92c3c60d1446a860bfa90d37b23cf07e2922137c821cf5f9c8f17d2dd76629cd,1facc6d255cd48ac9eb3fcfc16d06d459b5a575fb6d402bdf7faab9808015b11,DAPO-Math-17k,7610,train,1955,1
1956,9a3162fa82dc387cdb7ae0b127f3ce1ef36721be6fb65e221306bd7e8a68b9f9,d0c038d1b2a971a4747e116e85a6085bf782b85daaa97ee6623a6c5d384e95dc,DAPO-Math-17k,4613,train,1956,1
1957,3c6c8cd043b82b5050354dde748ca0857c247bd7643c21033d28f62155bda6e1,557689b2d200d15860c084b7e7dc684a57e0d4304a6e55e24024d4bb55188c56,DAPO-Math-17k,11642,train,1957,1
1958,6659ed825496f3cdb607b09f04a229c16d3e97e98052263b7127e875ab0d4c87,a5e382ac1e8452b1e9539606574e6a0f2e7c32c93f0121f7e41c0a282319aaf0,DAPO-Math-17k,8149,train,1958,1
1959,a3619e2b1ef96593884e608b72877efa209fa07f70d09b313dd47c0aa163ab9b,3276f79ea27ee3ad6d07c71f21d8d7855121c18a891c6fc08ec196b161c6eeb4,DAPO-Math-17k,10872,train,1959,1
1960,cf3dfccaf59eb3ec327279d1e599039d1bb00bd5ab52f20befcbdd9f44a36d38,fc3bc091ea33d2b52c79b4080b2b290fa0333c49b00e1595be2253abab78f874,DAPO-Math-17k,5481,train,1960,1
1961,4bc796d75c49955edb2a8e550d9f2e8520760ea32479f1ba6f03db411b5007fa,4a5081a26f314c1456226e4067cdd8f4b6016bc537358c3eadb983325b6273de,DAPO-Math-17k,4749,train,1961,1
1962,2b656cad57ebf08e78c07265c59136622013517f70c24d5d8f522b5778446c01,8b5c1ea4bd48bfb89b65a76d1721a14a0a87dba163c6fed356d7bdf484b854f3,DAPO-Math-17k,16969,train,1962,1
1963,c9ca53db609c45d8c5123eaaf77245cce7ac7ee08cfddf6a0229fcc7357ef41f,fc617b7d9dc70cc901f81b5cfba22a378ff19ece0825ec81d167b00cc3b49c84,DAPO-Math-17k,7448,train,1963,1
1964,eb7d77f84b9af7b6a4742a16d6a6560b5e3cb1fb6f51b41fe035b4a42ba4cf2a,a12c07633ad9f8258221cf4e0f96042d435ffa45f7322e7592520e2494bf26cb,DAPO-Math-17k,2720,train,1964,1
1965,aa662dee43283bd5368ff15c6d514dd459167a4867c398ec356f83da45044a0a,bbf1beabebf2f5571b0e1779cb0ed5ccfe9200dc049af7f1787f725777707dda,DAPO-Math-17k,7587,train,1965,1
1966,a6d6f2e634b9122040bc96fe5ba25fe6d367145ed3417873d4b827f07b7788f9,32fecf207b107211c26b17f2ab1c4e803b612c51e7d75644b73c3731c5ffde47,DAPO-Math-17k,6988,train,1966,1
1967,b5a4ba7694655f178d94b24ad07b53f8993864cebe514c89038d335e3832cb0f,1701dd335aa4aaa9c9e9c096a774d64456590007ac5268628232b82afe7f32df,DAPO-Math-17k,16870,train,1967,1
1968,cd759eebbc9d2a2dc7e886751b50c2a292ccb0454b3db645d8e2a26e294b4c60,e38ce3bc32b16cc03b044623135b0f3c910f5aeb4c3718566b375938dd4c5d9a,DAPO-Math-17k,4016,train,1968,1
1969,34a0e8c1e500b049a168f3d093562578023b36b3843cadb4b28a3ee032f1ecfe,b85653e135d267265dfb6eb04218f4c2d37a9d74f3e0847aaa065e0e339576bd,DAPO-Math-17k,1683,train,1969,1
1970,154f8cec7493b51dca93e24b3edca3c2bd9e6648ff80e4edc99b246937d34100,d283759b519e3f1d7cadc901ab9c665b7e3cc90fcd58ee6940b921a22911409f,DAPO-Math-17k,4937,train,1970,1
1971,e8611f648393d9cd32a83f4705585cd72dc6328adfce7f4448261ca8359c82ed,5b8310cee65f5d4a374be5f57e432fc5d5293f6f882678cfb173ed53b4cf930d,DAPO-Math-17k,17072,train,1971,1
1972,84d8b6a619dfbfd8543e97006b6b86e70f6e3e3df6699cc10c85cce203e67fb3,7dd28e9ea3d36013c71c086e6a81dbb8717e73a1b740ec6ff95a49763129ec05,DAPO-Math-17k,4453,train,1972,1
1973,b1d49150904c57fe535cc06a51486766d9667ee76929a2e0232476dafab33a15,65090a58ea97354080bceaeabbe7ea691b20ec00915b074efd7b535c58f63781,DAPO-Math-17k,16062,train,1973,1
1974,d7fb2d24a634c0ce4032008dea6e6992fe04316a283e7636b88e2ec5f88a1946,fbd0bfea65d47010de0a0b0402efd453c30eaaf000a7ceb97afed61cad137818,DAPO-Math-17k,4912,train,1974,1
1975,8106b69e5b83ba8560098f9ad81f157f54f21c52b3b2e1b1bbb3701f9bc6a7a8,c87a95d8df4df1d9d38d9761942622ac5d1eb076d530359b0f27b7f149e658f0,DAPO-Math-17k,13529,train,1975,1
1976,746cb1bf4269d454561aee3da9cea507b8b99034aea7f4e95a49534d8e2cc697,288fed863f626174147c532bf4e4d899f70f23d6f5204c4339cbb936f07fe820,DAPO-Math-17k,1078,train,1976,1
1977,5eef36ce81be4d2466e8701a353f3fa3132bfae2ba071eb5c0ac44f461c1abba,aae73efe6a36cdc599cb2ea86502261da141a89d16badc62b0783d914e556e4d,DAPO-Math-17k,7583,train,1977,1
1978,c8bd339931b09757ae08f802bebf233c736cb0f7113741ec17b87db3b33c0cd6,ce643a40d039374cda90458a08c639258f2bfa6b8c5c9d5ca4759f6f5ac624a5,DAPO-Math-17k,9594,train,1978,1
1979,fe1a532f63679ceafe1d381746d6faf210c8e9358fbd6320f8830d56f1d32c96,5ec0a4fb207d9859a551cdbc22fbb300055c83baaa8135ae6909c19c3d02ec3c,DAPO-Math-17k,10706,train,1979,1
1980,592cd19864245c39b38e29dcb49c1070b3c91a03966e8c4c787c1280ab3d368c,1bae103ad0ea1145351c2377b0640a2ef810b7cafbbfef1046428c16bdf5ffad,DAPO-Math-17k,10788,train,1980,1
1981,429f35d34e55d88fc3c732c90450d5d5b295f5ae0dfc015b6eb24e50cdd3a246,84677b2d00b293b4a2c346678bda32ad7edfb1ac222b8157e0996a8024c35c64,DAPO-Math-17k,11795,train,1981,1
1982,9239dfe2d827d84aaf82174cf0fd40ffb5af58d887346051b79ffdc931a7ff30,e6fd53b9ee69176f360ba85c28eb8c79f432ad2a64eb5524ee4c8c4b31693d2e,DAPO-Math-17k,3680,train,1982,1
1983,a4016f0f5e4ccc88bded6f40381401494694fcd03f8976f7582558cbabfa4453,b7d84d0c124ff25511daed4a7dc49042a9c905da9b3055c246c0552080e933af,DAPO-Math-17k,12667,train,1983,1
1984,25944af28a2ae0916e9bb2de40edb49b28bdbc88b24fda4761cce897fc05e755,b1c905e03a0b9660823d15ea094cbbb4ae6bdca7c894afa7a5469f3e68e0b33d,DAPO-Math-17k,9416,train,1984,1
1985,366f14039e16abad60dfd8a8191694b373b99d28d58af0707d9fb0052dec8394,d004d81f60b6677baddf25e7b0837cfffe070c277eb08b3fe3452e92edde49ae,DAPO-Math-17k,2853,train,1985,1
1986,16224a8edb12481a8b6fb515b6711f6ab4d5c8f4c04b9f2864a9e24687b2f16f,f6c9440f8e5aba7b0a2ad3a2acd722c226142c9d105fca587f47435f83b07b13,DAPO-Math-17k,8106,train,1986,1
1987,29af00ff999ccbdd70ca2cf9e5400885b3d0a73bc73350b4547682a1432bf890,7e489f5375331e08127cc3b75427d477b6025c38abd0ab76eb9320c2f7a034d4,DAPO-Math-17k,10953,train,1987,1
1988,903ba09d9b2875aba8710bfbd30db739ef2310ddc12fe5104c8062b22abbacf8,70a0edb9686e13686c15a4213433215fe14c88d769bc15b5da74738dbc1ffe2a,DAPO-Math-17k,10401,train,1988,1
1989,d0315f7d0eb4ddcbb4272cad218f9a582357c33c32be0c9adf7010b72c99dbf9,bdf562acf50c195fcf6184b28bff9e539fe1d06658f70c0297af669cc14b7e43,DAPO-Math-17k,15738,train,1989,1
1990,74a26ae63d8fcfaa3927c4e94d79a4d22469c7d8fbca21d00c251fccac73a77f,5262138f83baf21c4aafb27a4e6275f32fc3644be14508287b364ca2c854a5e2,DAPO-Math-17k,2040,train,1990,1
1991,e5ab5ac1d301621dcae85f00b9650bf1883c3c52f5336d0c6d2cbdf1af9eb14a,0385d2c13ec8f4c2704ccee7b562fdcc5690db0c548cea8fc30d3191385539ec,DAPO-Math-17k,16390,train,1991,1
1992,2f11da1923475d50f98637ce90b25fc48e39bd314018fe59e87fdc4dd98773b5,f29ededc8cf9df6915585c2a323e32c5a916858fc65582ac303e010ee2bf804a,DAPO-Math-17k,8928,train,1992,1
1993,fc986e7eefa834ba48e43d265dfe3b898de6721a6e0897c71f98d19312867de0,4b339746db1d7832900f868a1d8a7364fc5f5c78477fd679dee493fe81e77e99,DAPO-Math-17k,10341,train,1993,1
1994,9148c097af98ce8190c770f71c4792b3be22c218c6c522c83d582ac3488a48a1,e7552db02bfbfa7e785a37247e16f9bb0dd1c4a8c122c58885b51757c23a103b,DAPO-Math-17k,16358,train,1994,1
1995,d5b4fe62f283d7f51061adc826b076fb359cc660bb129656831f0ced33df189b,786900fe249eddccda37e073d8f612757ae8aaab421888b5a9bf918e81cbdcba,DAPO-Math-17k,6918,train,1995,1
1996,b2d824d62cf31d70bebc9139829cbf6c55b66275bd4a515e5e2297f10739944a,8b307f457fd2871cc64399acc628caa46964a01f32593945c2f74844ec52f2a5,DAPO-Math-17k,11538,train,1996,1
1997,4eb3dfe35d3e9c3cfc1094524c460e780ddca9eecd57960db7ce27e90f7fbdca,a1acdd654412b8fc4e7e0f44195e093bf96c92aebb2a2b9bca8b7b90184e80c0,DAPO-Math-17k,7878,train,1997,1
1998,065125b98cad1fb1abf68780ffd27dae29891cb95fb3a5d4316536ce4930cc1d,f66bcb5082dfccd8b250ed74148e6e8b744c0b38206edaa909e66ff6f6b9ea44,DAPO-Math-17k,15519,train,1998,1
1999,650e04299f4e13e6eedce34d2062b7a874e1474ac9c64e431a9bb6597306ae1c,f620c5cc3484610885d2308ddb2c933f946a66ea15f05d54c1f6dd01771d6534,DAPO-Math-17k,11877,train,1999,1
2000,5640bca966b7e35e10179ccfb8d34930222b41986cb00e8ebb87ef44fd6b934b,9bb9272ca9f3e5b3c9987fa6eae4795edd5e4e2533f9aca6802822a12c65aced,DAPO-Math-17k,16615,train,2000,1
2001,c9a2bd5b78da26e81fbd414e51310b8c69432465c86579c9e4429bac4e7075b6,fc4fdc85efb2253939bd62c270637dae108dbb622253f4e5605ca3734b40f476,DAPO-Math-17k,1279,train,2001,1
2002,278679535276b65f18d2f447c4ee56809dc9c760ef7c0d279a1cbee5bfe3ab17,f0cd33a4868b3305da8da72879a8827c35e0b7ca8a329674509f2d96827a7e2f,DAPO-Math-17k,1427,train,2002,1
2003,0030303aadd57caadcf84fed5fa810d02c6eb28108f25ebb162fcbbc07d0af4f,8180710567859cb8e2f95c1f3634da6eac63b155ae8f2f2e028dab71bcb6eabd,DAPO-Math-17k,5252,train,2003,1
2004,c7bce284b84dbda5aebdf324aa6c72be32a5aaaf1874a74f0035e98b3971fdf0,d4679e1f2b6d02909eeb4deaf781da3f738ba4b586e3d322db264b02283da876,DAPO-Math-17k,4669,train,2004,1
2005,5a1a5955f5902f00489bfdaaa3d5acdc351856115f689af63b3f62d6c3900d6c,f807d0aa293d1658d046f3fa5c79b1b600bbcf4beccf30e4e9974a7dcc026bdf,DAPO-Math-17k,7542,train,2005,1
2006,ce44126d6568674e692a3d56a85e0a969bcfed599e5e5ce4c51a1160de9f3b4c,c5d9c7dc4c2f49f7ca55c7cf84b589361d30f76cffc2a6d0efd2051448014fc2,DAPO-Math-17k,13123,train,2006,1
2007,f5114a71441984454ab9d28cf9d95d9336015a4dc2682e5b73efbd111b06e6a2,d2e0d4cb14399717c68c336c46d8326cf581331ed235893a593cdcb58549c8a8,DAPO-Math-17k,1696,train,2007,1
2008,cf412367c33401c530ac66028876c3d8f5a720dddcea8a4b7c749c6d7120ad90,6aa4a89a077e78bccf9b33e1e2754bbd2236583e445cb27ccd04171c69d5cf42,DAPO-Math-17k,8768,train,2008,1
2009,6302d6251ba65a167ea1702b32523188631cffc86a23437d66ddcc933f2773e2,f6780df5fc3c9af13d8b160ea0dee5362a8f8525e6d82884396e388a8a0fceab,DAPO-Math-17k,2718,train,2009,1
2010,38a165fbf1385ff54422997c3b1a58f09d134416f2f68a1b9f1828d1965c60aa,3d24ff5236b99482bff73d5edd70f8fc64505a611beef7530b56ea3d6fd72bed,DAPO-Math-17k,8129,train,2010,1
2011,0c903990c5906c594d888b8974aa1197e540a4fc1b22b78e4f6bc1d241a8b248,b3216e4cdad465d24515ed47cfc72834ebdf85984f0f2c0974ce60bda5e665e1,DAPO-Math-17k,3488,train,2011,1
2012,cbdb137dee267bb80a3289ec32b42705184d400381f7c77b171faff6032ea719,b7b2d4319571a4d4a21542710952d233e038b0599d7513e3d04cd292e10c2295,DAPO-Math-17k,2134,train,2012,1
2013,02938194021673d3801122dcd88b5ce9d33642babcd3be181599e2d92bad2b5d,acd5ab585ebfb786c4e5e1945fe18506e7b7130c88a83e883fef794d7402e4ef,DAPO-Math-17k,8103,train,2013,1
2014,89d2d47774181f757684e0b1b7b75ab9d989a7ba319ac43e7ea09b367f3b4673,4a91f94e9eb2e3b3735b41d727ab7af390015455a376e168e90d56e2c977e203,DAPO-Math-17k,14247,train,2014,1
2015,c19c7e5cce151a9ca6d1defb0b6395d248ae8997001b5de53918704791f57567,960cc98cdf1dcb33dca139067a742d05a6d0a170ee23906a48615a9a9495f027,DAPO-Math-17k,6548,train,2015,1
2016,c2e6716048519b4667cd667311cb4d39579a2ca134e00a60fa581003b4c891c6,ab727c12ba71d4181b71bedb1af7cddc263d31ca0a86297f1fea5e1cf0c5e47f,DAPO-Math-17k,14366,train,2016,1
2017,c5c3f968c33162d2b8daff0288b0c2692077f787ec3908dc42ff85650bd32d08,ea25bb1dd8d28cd2559ed4efb378caafd503f6b9229c683d61bf383914c6d144,DAPO-Math-17k,845,train,2017,1
2018,b3a5a83c0851fa7716ca858fc8675bfc2ce073ef02e43ef9989da48d940853ee,617d006f23e8e0fcb959b7609182ea8290eb581fec664e0ae7732d33c41ad87a,DAPO-Math-17k,5057,train,2018,1
2019,8cb6048becc313410ee4b24fd64fd19c0ebef1e924d829380b48f50940cd8b1c,c124bde3354f1537b6bd51de6cbc4b2f3b8fd17016e4215fba03b73b2f00f762,DAPO-Math-17k,10010,train,2019,1
2020,0e48f88bab2763a116a05d94726627be3eea54f65383d78c06fdfc55f2f30b5f,5d72a0c10a70cea6686277ed29b70baec18a24b5c86f0d5e52a783a95d3c7f75,DAPO-Math-17k,15074,train,2020,1
2021,17f8ad92b2224e7cb37ae442f368f3ca344980ebc9ebc0e913b1ac81196678fa,1ee29b9490208add95e08f18f2cf706b609bbcae2456e8e080486a026f11ee87,DAPO-Math-17k,12876,train,2021,1
2022,d51ccc6879962a6324a32e05bfaff1248b0c62adee88b9bb93f15cfc2f06a4cd,4143479e5841e5dc607f173923477baf3759f42e58ff0db2847644df37d8ed89,DAPO-Math-17k,2323,train,2022,1
2023,ae9b28aae348f37e090fe1d88959ea55a49b9133445327505ebb1a38d551757d,b1e67ec50bf8d6aa9a117dcb0bc66cd85a96b47820c61cca8b16608abd03c5d1,DAPO-Math-17k,12174,train,2023,1
2024,d7989d3233b3170d419e035040e85f4e04b474aa515822c2ded7ec9a727ddc6b,a132a37547708b8a64517707877455c2f3cc558076ed9aafa4b614d27de40575,DAPO-Math-17k,8150,train,2024,1
2025,f830b029c835b1c44d62f8158a18f06ba91d2e9e37d41d65ee85e69883e84d83,afd80f6f2b8c98ddb1386ea831a5518e093eba1bf074fd2d9a44c3c0db57920d,DAPO-Math-17k,17099,train,2025,1
2026,1bc52e74e18b6f80c8910fef5beb7a6cbff99c2f7981b0a771e93269e5c3ce8e,15a7f14312fa70bdc5fab37594dde0256ce40fd65e49df7843828341e3c01927,DAPO-Math-17k,14957,train,2026,1
2027,1a2d434df95a581b74f68004953d69a97b3d28652ed574a01dbace8eb603fef1,9ee706d60165b021ba8873b87a373707b0acd9eed27dc148f662ea830674e475,DAPO-Math-17k,16786,train,2027,1
2028,571a4113fa9213d6540771851a24c07f8da90931b8e396ce586f2a4a2bc763f0,3c4b11d3a510a1fc841ad700aa721cfedfe9ad011436a145a7ebd29de9924789,DAPO-Math-17k,10459,train,2028,1
2029,7e43a0f7fff0c0c3a9b0864c1257ff55a69c82a0ba106490c89c460720d958a8,a8f1eed50bcde7e1b82a4815eb1c0dfdf17e0d9d02f6d5b0ecf3cab6319c2d5b,DAPO-Math-17k,1588,train,2029,1
2030,4b6330f1fd3171ac9b3d804abc358d77d368d21ed21ea55311b9f81ff6b1526a,3c22695428238db12345eabeb41a7ff8c3be7d276e54166a63a08db6dab9b1c4,DAPO-Math-17k,3258,train,2030,1
2031,94be77491253a1c0f32298d65c409f738d2d5c1ae66021d6856ed6a8145af043,88a69866013b3f0370100c61a53e5ce8730c54e55b1e752b6ed099bc0087dfc6,DAPO-Math-17k,1330,train,2031,1
2032,be4f3e17dcd1600d9eb3575b42a73e265603d484b735f018d150ea9d9900f03e,f51f8b6a3de72201a18948ff3c2e44235a12770defc8381df7614f51dbcc181b,DAPO-Math-17k,5022,train,2032,1
2033,ee1839823a3eefec37e00acb372fb1614b7862f50123ef258dc8536e3a164e64,334f369ffe755de24cf5b381a37433e8080f2a2755f1f16bfda7e21bea6f9b49,DAPO-Math-17k,10196,train,2033,1
2034,46f241eac946d2c7381711b09b509f9154767045fa00b4178cd753b7a3434655,2f0682d82c68d034257cfeed32988b3d84931caae82f62d5957143db9d5c860f,DAPO-Math-17k,13833,train,2034,1
2035,dc2434622a24a1869cbd3aba9de6710095ac2acd23d136dcd9c3e38bc5ea94ac,72f5216b4c8fac5cb1acb3418fbec36806c53ab43f91846959952d08115099b7,DAPO-Math-17k,6035,train,2035,1
2036,c196f65bcb1df7fe44a08c5e6772d9d68403adabac3018d047dec685f7eaaee8,d83f0c159360853ba3f7b8997b33c5bd61c49712d0c4870057bcdb3d73460318,DAPO-Math-17k,16595,train,2036,1
2037,bda45f9272187aec88690aaece1ff0677480d2b0880a3b578116c04eba7c23ba,37045473bde48e4816a0322d347eb17cf4e674308d0ef68cdc81ea44f9cbfb08,DAPO-Math-17k,10527,train,2037,1
2038,25898dc2b871806e8121cf974ea0e2b8e7076e29594d99b985664afb84f33367,73b0cfc88b21eceb21a9d90f8d7477910c736d7f35633bca9c2cb7fdcd71138f,DAPO-Math-17k,10831,train,2038,1
2039,49a825757940235e324bfeb16999f72365897213b04a97f8471bace438161f9e,d490da9c73c177ccbb55e28d11f247e143ece05e366d6c2d24eaa179c3e21ee0,DAPO-Math-17k,10565,train,2039,1
2040,c162218fc1a935da4cc7093992603829f5a15086abf42e198bb7fd091b9acbda,551400bc8a1f900f5da38776df40a10f91b5fee33939b8750ec76e8481ae1d7b,DAPO-Math-17k,2790,train,2040,1
2041,6105cdc6f4ad16d77c705531dae670864511cb08a94d2dc05e61e3ab35427adb,96740a7483859364ace83ea39accabb4a18f2a7a2e3d741cac400e2cca19aa94,DAPO-Math-17k,1415,train,2041,1
2042,56ba50a1f3825c274290bd7df594ec9015a0ec4cd48bec2dc858bd7588fb0c86,b8a3cca43e540998cd3a6b3e420bd65e41c8427125f23961a628eabeb563277c,DAPO-Math-17k,15393,train,2042,1
2043,2b6dc8ebc89cfbf5aaed4b1fbe1f87d87eb4faef3565faa4c675d81ace092bbb,df21bd282c66aeaa2ce0022e50b83f47fa42e3e1aa8c88559f9348b61184145d,DAPO-Math-17k,5035,train,2043,1
2044,e5534ca7349c20bf48ce8cfb85c9eb948cd540dd55f3cb869cbb2c52865fb03d,bfd9e9cc333acb213cc35f21a84c38a62e6dd2a647b342930d3369e5594fb107,DAPO-Math-17k,4431,train,2044,1
2045,45e260fb7777d06949fb47784da6b083aca88406fcc66efcb1fc0257b64469c3,b23393b74b12cae2b7aa99d378b660b2aea61a0fdb10fa722f575ccaa75575de,DAPO-Math-17k,6575,train,2045,1
2046,3a06cdec8f3091130c6011b36c9c97c1d51c8bb4e31bfb7ac84322404b0452f0,e566a042aef2622a671a54a35cd04ca610f1e16284273d0a253daac227904a9a,DAPO-Math-17k,1111,train,2046,1
2047,5bd3ca8eb1cb34e3d3b2731597a01fd4befbc8db03c344cf8a0d2fb52720db05,de95a865f97f6498eb090b47a5b8185cd2986db45504df97099e93572098d58e,DAPO-Math-17k,12878,train,2047,1
2048,aedf7bf548c93c7244744f1f120e70e621e3a2005b2b7bc97994456071b3cc28,07e908ac9fabb8379d60a1a0566ef53499b4b576ac51a6ab4c86cb180eff287b,DAPO-Math-17k,9071,train,2048,1
2049,d6015848367be64dff5cc3e2eb2fbf7eea1d5b3017670f3ee22c77d885da39c6,133eac686eed306a9a851bb26733dd059ff0bbbbbdfe480a31310a969e1b488b,DAPO-Math-17k,6930,train,2049,1
2050,aa7c0ea14a99eec5d7fa27317ef4423be11a1dbe84d0d9a53fa502f8ed871472,73fd6a26eae3a743b912204f60d36cd3aa9d5c11b10cebf1ab61232247c322fe,DAPO-Math-17k,3761,train,2050,1
2051,330d1091e2df137e2228ee62a2671a6a83494d87b5b7f15202e8f7bc6ace30ae,a69705d96eebb60953c6155740f730f1c1b5d28b0298fe7bc90eb664c324cdda,DAPO-Math-17k,8805,train,2051,1
2052,458524f3cbaa04aa42f7c9333f9c410cba51abba106a28d2c87b2611945e7b6a,780bdbe68fd2202f93021ae8b9de32e8d94cda2cdc713afd33fb7cd81faa167e,DAPO-Math-17k,13573,train,2052,1
2053,aea0a9ddae8be21876f427738552ba5172f1fa831750118eac94c893237c30a5,ab0eb85002f81e929d7f8aa9767e46e8166308bf48990464f7133d723921dc31,DAPO-Math-17k,11846,train,2053,1
2054,ff1905f857672af8dbd3fb926a46e8c9f40caeebc88822597396c6f638acdd86,5942252cee1c7bae85fa2b98a89428e54b482e2bf0ce4964a1545812859190d2,DAPO-Math-17k,8041,train,2054,1
2055,60ec68c35be26c814e91d29b2198736d74a4f7d63a0fb32f5af44471dbf685b7,f21c8f4800dab690a72312467efc9c82f08db0185902a707c8a3b6f6ca25abb0,DAPO-Math-17k,480,train,2055,1
2056,c9a56a5bbbac8d09d94c19f84041a189082639bd452a15fc4abb60b265c712db,bae3f34e6a39e567370a2f21fdbb9f5ff14223774cd6818997087901fa53c546,DAPO-Math-17k,4929,train,2056,1
2057,f0c8fd9d8c035d4a33689c9b4ab42f7d3cfe6d4fbf756431f17ed2fe04ce00c9,a05e023eb74cfacb836f8bbe945a12a6f6ad88fe9b8def0169a161b2f3731c25,DAPO-Math-17k,9853,train,2057,1
2058,aa1c330034232d18d311f4a2f1377fea1fb2bc16c860f49abfbc9393bc1e1e6f,0afe7a9d316b8b03ed82d8ce4d179537555b3bec70bbb7c710209bde82569091,DAPO-Math-17k,3457,train,2058,1
2059,992405d545896deaf36a30b91b4e70e539b62f751aaa7847902dfe82265d71a2,a87d020179d3430b793225ec84316ec45159331ddaf431735535dff8ddc3ee91,DAPO-Math-17k,2327,train,2059,1
2060,041d98dd7f78108a4a795191ff7cc368f77640397d8465441094124f028cfc63,b161e91b5776aedc2030cecd7184300438e0a074be362a93ceafac960671f465,DAPO-Math-17k,13264,train,2060,1
2061,143037fb8129ccbef6d2bf9287d15e18718c329773d86b170aed134885db20cc,cdf87cc9fb559df17759d28819bbadd81a7d228d13fa0f9fd9fc2a6ee3e48696,DAPO-Math-17k,13511,train,2061,1
2062,3f5c7badf24fb88c24c4f85a6645e3c1b7afc9c41c6b348070ead2f9bb8181f4,c1804642bd669a48b137ef4a552692cd5954afbd441b38351fae5799454fb7b1,DAPO-Math-17k,6046,train,2062,1
2063,e203d505f3149c976c7c2d8d572509c8af8bd5b24c9cf39fab3327222b03b668,ba604f234a8bdb86b577baf966d8d933287593b960ebe1b4da80426267d345d3,DAPO-Math-17k,11620,train,2063,1
2064,fce15e3b2d518cff371e3b6a9de36b833272f508728a3b368a0cbdde56cd4e30,60167dbba378ad1cfba6fb3707b1c7aadf49e68e92845071d50b23a9c329e154,DAPO-Math-17k,11920,train,2064,1
2065,0d24959dddb3ac124b558c77a43a54780b72903ae6008a6156e7747784c4d51d,860c2ab4ebeb3d9dce111a2a31c1295f6ef684e9761ed917f0f746c879de8224,DAPO-Math-17k,10780,train,2065,1
2066,6fc74ffd85680ff618048f0c63eea634e551e575ecd8efa39fdd6732d92ca396,e8aa6d97f8038e9f61c6eb361da343157ce1557271fff34dfdc60c3b15a2667d,DAPO-Math-17k,7730,train,2066,1
2067,98eab6d81207fa22d26dd310a5746d429cc1767e5bc1dd23820552a0003d4148,e733d40e0b88d8b2f520f2d10bfeb6010c38da729f3bf7f3c69b0007e648bdba,DAPO-Math-17k,553,train,2067,1
2068,76ff92a3f290e5841aa4b3f88d239562ea43a9d8aa578a4211028ccf3c20312e,ece82ea1f4095270e0129c2fd6a6c6a90b0fbee3cb471b8ebbcd7d5714062a4e,DAPO-Math-17k,15010,train,2068,1
2069,d684aa00539144c8ba62d67618045a4dd2d7706e4c609b9ce4aa5096aba32748,5b3b3e118e6cc9fe73ad72bae2452bc975f14ec81a411eb0d696129a483a325e,DAPO-Math-17k,247,train,2069,1
2070,e52a63e26b4b07df2a0aef14eb2ccd9b712af8d9b4e1e4b1a1edfec52a9ba98a,f1fe9f4a96dd0d2574e812bf68a1076dd50b09a02c4e3911c259226b0c607269,DAPO-Math-17k,10625,train,2070,1
2071,3c44ea986d7bd5248448d1e85273a49139a7285f5757f65dc630ad205f813a80,4bb647231a17eb4395a3f6b81a257edeab790b68b2cda2acd2ee8b851b7c37f2,DAPO-Math-17k,14131,train,2071,1
2072,1559c6f7c9bb731fd5b20caedd31280234d7e2d1cf7e530cf707f3af92d22a16,d8a256a35cbe5c90168be484d8548dc0dabf7415ae34c5beb0b89ffafbe60ba4,DAPO-Math-17k,8186,train,2072,1
2073,7f52e741021e2330bad485139499711c95181920088b3f803dee395f9e911123,31fb07afd23bcbc03ce90e3b1422c21c44973f90d1f576b72ea568ea0030744f,DAPO-Math-17k,1282,train,2073,1
2074,6add19715edef14ff6bcdb254ad92979db5d2e8b1e4fbbb2a55d3b4a49eea919,d97b43702442ebe926db1a1f53264d82bab9baaa854b27898bec6d07a437874d,DAPO-Math-17k,4339,train,2074,1
2075,027a98fc40a4504fc3e6427b314a39792c39b8551927c32fed5bc5c724fa3741,ee9357c588609f3f808af60fdfa7e8caee4fc79534f16fe356412a5c2d13da01,DAPO-Math-17k,5637,train,2075,1
2076,2fa13f173e4998ebb50bde545c617e6cf4699b0ee046a5e76896a678794bd82a,0bb85ac05973b7264423fc26d83a8b19f218d58d772cbce424c0528dc91bfb4e,DAPO-Math-17k,1246,train,2076,1
2077,0da2930828da8208a83a1a0c01835fc1bd7a0dd9565323f684cb0745e774dba8,1e3b3f525fa735eeb995ca3ac29891e599eed69d74189215637dabe8b2a866e9,DAPO-Math-17k,9134,train,2077,1
2078,56040823d553d2dcc754450637d4616409a93d261fd607c4b7a4f3cf1b53c29a,ceec0a937066719cb7bd805480e036ae4686908f2a2186cbf10861dfb5b97014,DAPO-Math-17k,7911,train,2078,1
2079,9c9644bc5d3919f1a718e63856f164dad8f600229066e1bd88f02fca5ba856a1,ae79b5c7a32c3bdeea53713dd44b3319effb0cd2dda6fccabe40eacf5b74ef32,DAPO-Math-17k,9513,train,2079,1
2080,0a69caffec6fde18879a13f1c352bc46849bfbff6a4fa4ad5035c6a3892ea558,f0b30928d6cd379d3db8f6d91a16348d4541f56885728c712cae8561a7032a58,DAPO-Math-17k,6800,train,2080,1
2081,6f4deaebbad286a2406a03a044498329cc8efd7d15bbfd859073838028c06d68,7ca2b94b3df1edc36e54d802a3f657da66cb39c0e0fc171c4798f2a02ccaffdc,DAPO-Math-17k,2867,train,2081,1
2082,3a331a994e3f2e4a000240c05b22b134dce9e769e0ab0d23884ef2ae5b58e6ab,d1a8cac37a4db13c5f879a71c9730b3262dd237a7645b7db3ecac4b89a2c9c15,DAPO-Math-17k,4083,train,2082,1
2083,e9df80e246d3149f097b7b06747bda6359f4934c526d6c796389abd846a1ed7b,cc737f02993ee8d3c03ac9f615ec4fe75f3028ce747b20dce4914a42f61b621d,DAPO-Math-17k,7993,train,2083,1
2084,e60c1348b3231e34339311b9b2a19fc677b92407488b733f170365dda106b431,674205b42e034f2f034b0a29aaa3b25278909ff42516a510e67dc4ec8bd225bf,DAPO-Math-17k,14547,train,2084,1
2085,620d9f95eb535ae585a50a53b226c689c09ecf31bc92f65e90924c1c70042d3f,ef1044a5888debbf60813f8bc667f5c6bd08f06e8601969866431c8531709e9c,DAPO-Math-17k,16086,train,2085,1
2086,d0668d5651816fa9fcf3c077cca9f657b9642ea845be7fb49779122c2a8b7aae,37986f0a7430ba2565b558dd4b1c867b73a49cb8901c92c5ecc997744eec79b5,DAPO-Math-17k,10102,train,2086,1
2087,5dcee552dff3358f3107e6d6eb181b2681a5c930206b2f02801b4ad656d2b471,6c8435aa5950a8f516dab72b77cd5d859557ad38884ec075f55af6e1cd3dd6cb,DAPO-Math-17k,4163,train,2087,1
2088,081ee277d207817be929e0d09087010476fb6e284c4e2d7f088a2aa398d715b8,877831905fc1a63171a15556ea3bd6da0ffceb4bc63b09d0e3b67f50bd324a5e,DAPO-Math-17k,16101,train,2088,1
2089,4c3dd500887bf6566b7719761de9aa27bc7905ee4ad93ae3e1f16eed3ade292a,e52ac691d3029aab27de658e8a152adc73a79d5c8a33ab4dc87b1ed7b830702e,DAPO-Math-17k,4624,train,2089,1
2090,cabd303c4328dbc3146c30fb504a10353454ab5d9339ed16e241eba8d5257184,46c2e0f842cf05fb4a748f0f0b2e137b7fcb0bc1544524ad88fcaca1adf2f634,DAPO-Math-17k,16232,train,2090,1
2091,f38aaba3e9dc8cbe7cd8d1c305ed419477116ce5a449d4a8b50cf5b6c4ef6fef,eb5bf004cffb1f3ba9569ab1fba9ce290ef927419e0061b1da76ef98ce20188a,DAPO-Math-17k,1017,train,2091,1
2092,ce03515849570462951b464df7e231bbac3da9aef46b9626b92a32c05803d9af,d3fc1b90984cd561e096f3ec60bf5ad6d0038eb822a037bc35f8727692527966,DAPO-Math-17k,2242,train,2092,1
2093,b9319e81426f3641b46c1d7d1788da34d936ae7231ae212574fe01583a6dbc39,ee5fce1835dac9bc3a22c2c5fa3e9c17c896ccf3b13a8bf0e1a07d7f4db34d18,DAPO-Math-17k,5137,train,2093,1
2094,cf40e15023c52f9be8fad4942b2dbf2e107fe0fc9a284e46882bbaee8bc98f2b,e657b7856ad3fc5470d22fe0f6de0201995038b2a0d17c48df1c46b4b91864d5,DAPO-Math-17k,10575,train,2094,1
2095,1ab0ec10e4fbc42c5ec5521a167a97752ccdde069eb8f87fc4fc3ca433786e46,b32f40ce3b89bb633ee186faa72a5ceaa38d69d48b312ee678cf11edecf1080e,DAPO-Math-17k,9823,train,2095,1
2096,115a0a89baaad043b49e273958030b22a2df302d73d9cce238db9e6d99f2d5aa,94288bfea833923ba956ee43105258747217fc3f1c5f3847b03ee0d5ee964737,DAPO-Math-17k,13518,train,2096,1
2097,0238d1ede7acc014bd06a6309f9d2c5bb8dfed782f1e3528896df676f1b47b5f,c179379dbc88d2033cd2d152a5379ce0fbed116940de9a378b349120aa60e10c,DAPO-Math-17k,7436,train,2097,1
2098,d3b6796cea8c31b46015d3e372df25c8ee80ff41347a81f5fe21d9c3223d2e55,e5969ef44ca78344ed634420c3fccf4eda338e249a580296e0495b445fbad791,DAPO-Math-17k,7931,train,2098,1
2099,4ab8ed13256458ae08ab9f30c6d67430b1f68157043cb8a15a925c86fff7b6ad,edadb040f59dbb894ba653ed3899f5433cd3917d5430cdb9aa65b54d40c1a6e3,DAPO-Math-17k,11902,train,2099,1
2100,0933c73dfa99ab2a004fccd8a406869305edf719bab568fa926bd3f0f66a7cf1,d09aef47acbd64babfe2adcee2ad2a93f4c18a4ffe144cb4ca5336df1db0ab95,DAPO-Math-17k,14688,train,2100,1
2101,5586cee6db927087d2601f1fee900d6414b0ead3422ab5f984a1ec5c901ee8e7,38ba3dda29049151b5d1692f62874ece6d6156838df51fa67bc55c0355674dcf,DAPO-Math-17k,7687,train,2101,1
2102,4d4d22eb416e0e49dab25c5b0237510b7355bd77621c96708b8dea0ec9c2d029,9e402719f93895bb6f6d6a87b22710020353ab74f1ee87ef6cd9965b54639d76,DAPO-Math-17k,4089,train,2102,1
2103,031203197bf89e56aee4a04abbdeb5a88abe617dba96c61d2e66aaf7cbdc82e4,6255ae9227a6163fdc399789ca8f015676a9b92b39a887bdb2baae260d3e8811,DAPO-Math-17k,17031,train,2103,1
2104,b328bef66d9e02b6cc81f4864695ca6b2eb7d2e81323ed770ce7da1f6feffd6d,2e11a18f92f13f6a6361ea2e4734af289370b60546c4104b584084d480c85995,DAPO-Math-17k,228,train,2104,1
2105,9b4ab915fa99950573964abffee10ed2c9b69337eb09fbc2a27e255f80389bbd,cfbc9d52deced4bf20a1b1af7d622702e04613d4dd9625a5095c810b9958b345,DAPO-Math-17k,14556,train,2105,1
2106,1e025407a627e3f574fe6fbc72c0d714e50fb9371e52f5e50e48bdfac68dbdbd,25f050879e0611fbdb266f03582970782d4288a643c4843e86ff0ea97b918e81,DAPO-Math-17k,11463,train,2106,1
2107,6e7fb5cb438cdcf08d4701d8a83ae7ea9ca11baddf108ed5b5818778570f3863,1a3f67bd633d73b000fd8edcbb38c04ce4221d82e9786217c6546aaf85cf038a,DAPO-Math-17k,5737,train,2107,1
2108,36b3a2e10bc9092c73393520b5c91a7b24ac1b1f61e5c7f95e6dd8cc40fa9ebd,aaa6c141ddf5ef845e90d553f5e48f21f1ea6ce73b262da470d9ec3dd091a289,DAPO-Math-17k,15329,train,2108,1
2109,e4f30ea4c8d4d91ada91c4f820c719f94146a888d16f53840c2e13cb12a36def,bc04c6f6726755453b787259989a5286ba0d95f6e4fa479d4cff05eb49f6d6bf,DAPO-Math-17k,3723,train,2109,1
2110,3c1d273eacc9a05d3fc5f70bbfaa0f46366a42fbfc5fa4a78a16a45f627001ae,c6c64a07123792e4c6062cbf2459d056855bfb15bffb3e7fb908f8ee0dfaed54,DAPO-Math-17k,14915,train,2110,1
2111,3197636b8e30e5318f1d50fcc77486d61322e38016924a7250f4544f54f6d9ba,20a256a65401b737ab3162f0ca154da8a85980a97b143d37a092f8bb2bd5a1ec,DAPO-Math-17k,9709,train,2111,1
2112,c5ec75d4f9083c340a1ca99abbd7c68331d7f2bec14efc1e3264cb864a00ce8d,0833bf1f902a8a0611e2e5cdf9dad2613ac70a74214f3677edc19525af4e9406,DAPO-Math-17k,13856,train,2112,1
2113,e4876de38287c3623650e1864438c8d1385c588a71294e932874cfd5ad137d09,377359e1268a11923cc1e77a695229124ddfd50c14e1cf251409c7a589469ecc,DAPO-Math-17k,13539,train,2113,1
2114,269425c5ae6a0ef68193c5e505cb0c63f93547706891212a64e60e6c78e1375c,a325a8fcbd6ee7f8acc4ab0e46d41984b05f2b5e82e2c247cabcce97f48df7b2,DAPO-Math-17k,4345,train,2114,1
2115,69cae37e5787f0b759e0d14e3d7e7390c6babe3596c39c9e9da620c0f0b24cc6,ee67977d4b3b5a02bf0915d2778f6ae47f415c43e4683b1a2fc3f7063d975097,DAPO-Math-17k,3842,train,2115,1
2116,dac2e2089fa1a5c96906eaf8f2dc7bd767c943fd0b5792acbfeaa072efdc8c54,defab9593a1bd204aae8d9979ff530d1097532a2f195cbc14ef5e2f3a18e08d0,DAPO-Math-17k,15518,train,2116,1
2117,d9e3ca85835e9ed845b0567561a199044747011c20409a7834de2f7b0b81fe12,2b2e9ec13f8a3244868d2c6bf9530e0e9f63fcdf74dd56fb3edb9986054f53f2,DAPO-Math-17k,6462,train,2117,1
2118,e9a8743c9e315d2636d266a830e54ff5ed46d47fcde3ac4b81daa3c241129658,016926511f4e05367d7ba99d8793e2fefdf8953389d7b2378db344fa08ec4ccc,DAPO-Math-17k,2293,train,2118,1
2119,fe5117d870c71a32a0e78fa14ce09db6e96829b6fc1b131f32fd5cab6c173c30,5c05144af3e3d0c3be50df153e56682aea7704adcefda19b6ad051372e852eb1,DAPO-Math-17k,13216,train,2119,1
2120,b1e8fe76b7bc73cb7e0bff34b07954794ddd876a3007c74e60952a7981203792,f903dcccf9855768b816c7791b3edf8b300afea5882f5b16673a8cd3cbe9c6f1,DAPO-Math-17k,7861,train,2120,1
2121,ae836c78b4b2afc6e5ff766fd982420f9fd98863660237a7b1656a0fb0a41aaa,5dc4b0c9bb65744ca787ca63ac2ebb60cc57a60e99473fa42db008e1e06da1fe,DAPO-Math-17k,9458,train,2121,1
2122,00cf11b4de2c193a9404d5a1e5624bbf48fc3ecfe6be586c6636af70f6d2bf25,2b446ad90f571ec3f56c65f0ea933afde950b020c77c6458ce5920b3a48e5644,DAPO-Math-17k,16472,train,2122,1
2123,70f82aebb7cb324dc183f024ff84959ad99bcd91da93e975955de1fc5485bb93,2d941a83d9110e9974b5eb5b7bae4e8d672346221d7ea8ba9da75f7d09319e19,DAPO-Math-17k,11573,train,2123,1
2124,6792d88ba84ffdad2ca59f6b830cf15cc771da3f3f6950e4b37b7a7eaba78612,bee1bd4fbb80d46a69590fde6920db93b475422614a792b496ef9fd7bddee39a,DAPO-Math-17k,15581,train,2124,1
2125,7ff1a819a8929397c9c124f7016a77aee8e57a5ed846f0c1996a2683348cefef,4b69e37a11ed711ec683b18e72c2b53c11ade13005beafa4b65f2a52e47e7302,DAPO-Math-17k,15545,train,2125,1
2126,7c058d40e2328372c2354a8455a4c9191180374b55db9e2f50b9cc650805ebf2,ff165a91fef591cad126b541d491cfb9c118de3d77e940317b56a282083aad3b,DAPO-Math-17k,5492,train,2126,1
2127,f4068352f99b82fe8574985f6824c9854d4f55f9d2a0cffa018cf4c96fdc02dc,b981853029dea9fbbe8ce79bdd0c30d25e00c8621678af8ac82214e5f545af63,DAPO-Math-17k,8051,train,2127,1
2128,102056ea9436d48d5cd74e5e5a56b6ccfb2c24e9c16d67e33346ca20d154e7c8,c344b34d03ae40aed5e60c91ab4f2745961e165f8a7c55ead7f26027f8be935b,DAPO-Math-17k,857,train,2128,1
2129,48d3f97ac6fbcb0cde9836f4eafb66e7e37c8014b0981de54366f9cfdadf47cc,27974afca3cccd3005fd99928006230da0d69a4a940f3b824a4a6e3cb5255cbb,DAPO-Math-17k,9883,train,2129,1
2130,8773ef66e661601e516da8be2aa9f337983ddd67e2a13992d4b7db0273188ceb,4b5dd8978c7091f2549f0a5297f65dc6547cf3bb06cc0bd1e4de0aa8ba9e7052,DAPO-Math-17k,12251,train,2130,1
2131,aed79af2ac49a8d497fbd82e9334d378cb4741e04f54cf159fc08c24a776a29f,4e847cf9b5d4098eae62a233c471abb31e201d87279de62320de323b4d4cf760,DAPO-Math-17k,6480,train,2131,1
2132,fa488367c37243966adf98f65a6663a21fd09e2ccf578a342e083baf2aa07f9c,6376839e05a49084e50d50e542d67cd5bf229a10ef6dbdb7c9afd917439f2e0e,DAPO-Math-17k,4099,train,2132,1
2133,903431f7d377269c30d51e33eeb4ff77f0166a0bdcfd5d775227efb0e4bfd4f9,e4510e358080b8b69eac645f14a480913bfd5bae7ed258c50a0fde9e0e48fe03,DAPO-Math-17k,5693,train,2133,1
2134,8180ece16c4ff27666f0fde0301807589dd39970796ec26619f7d21ea05623b9,aaf901a157426a33a8ebf32b9bb389b33ca8c8ef509ec442d04bd1547259c3a2,DAPO-Math-17k,17057,train,2134,1
2135,1adb9c8c8c695c9565395f4bd44d672afe1863415515dbffff95041bedf9768d,440d52c7ae53418b92e9bfe85448aa9e386d21adbec282876ada628336d532e3,DAPO-Math-17k,6236,train,2135,1
2136,92e89844d0e8ffc8df58fc91872c5aae885322efc34716c16ae7cb2abc646773,5e8f9877b5360379fcb468e58d62d565c0e136d4de64c4019f6dd35c71c73b95,DAPO-Math-17k,3567,train,2136,1
2137,f39e41bb8b02a29f6c194d9cb20a9b0b1b8c52052a0bd0019d15da72d70773cc,bf470a500e5d2ba16b7452ef606ce7f5008209bf1dc2cd58d62f7cf6645c0d24,DAPO-Math-17k,5562,train,2137,1
2138,d81eefb680d70d3ca19cc4d5632c46899ef07b1691c04b6d67e5421b964f799d,de9e6ec58e29e5cd574f0a411d44b87f65fbf089a81142af480c47892d00052b,DAPO-Math-17k,12118,train,2138,1
2139,153765814ea5e7257cd04d88ed3176e2b5bfcb82d0f0c639536cad9909fbb374,8de279b38b2c33c879685d22affe32d451836c96406563d5c158182e17dbb0e6,DAPO-Math-17k,6514,train,2139,1
2140,770f5729159f8a05d1e520279d732eefba246e299c64223fc8d4ea28a046cd2c,b26bb72d75c6f3aaa4d059883c4e5542d91efd1913c6b7815df38d1f049c6594,DAPO-Math-17k,11188,train,2140,1
2141,b14427b1ba92337e6a9ae55c2245876375adc4945d509da3fdd883c95e3fe404,29d90a5e46840067a281b8282f5b515c43050a2c7867ef1d8146fb37610f483c,DAPO-Math-17k,3307,train,2141,1
2142,47812f654901e74017af0b37740b717ab3f9d4b6e5d6889106cb2c3bf06b9465,dd010b96f6fa78dff8ee70ed5ddbac24ac14e82144ce01e43ae809c2eda0251f,DAPO-Math-17k,4512,train,2142,1
2143,bb43e4bff1ca83a2eed2a7e2bae4f1a38b248580a085286a7eb08b7850d4e803,1c56a418c3f9b91cd8876c9d835377367c53cd661fbeb96fd60f2b48a200607e,DAPO-Math-17k,14960,train,2143,1
2144,d74def8d655fec55918e192e39cfcc60eb2c8cae1de9d167a4ba0c0dc3fdcbe5,f84d3ed71d31c624392f5980ea694d292f6ff364135ebfc753460b30709c2628,DAPO-Math-17k,8182,train,2144,1
2145,74e22c096764285272c4f1bb92731c54d6f3424c32e88fd28293f0befbc9d5fa,ada3c8362c60719326625eea7a8bab229bed9db779249e4511c2545c0275d60f,DAPO-Math-17k,13337,train,2145,1
2146,17f42bd39e900f0ea85f7330d300b1be8b5c57de039fc16a6f4f95f2ebc71c71,9b550961870e880b1a9c0e3b10d1bbb352a200aaddb6786d206418530548be62,DAPO-Math-17k,13108,train,2146,1
2147,f6481d1756fe6f9b6ea56551551b4d0c74310326f730b57ef388015495cb5287,d285ebdaa047f04887fa154098b2203d29fd07c936d856e4e1f784f792c8f436,DAPO-Math-17k,7201,train,2147,1
2148,4f387ea3e0de7216c95a5cdb750c3e473685bd0c2546a08791a5207f9fea26b8,84bdd901703c8337b40055b2729e3b995ff8be691f69a6eb9f23f47d686841e0,DAPO-Math-17k,16823,train,2148,1
2149,3bcdff89b0f6c2a502112ce63e09881f6fa53b30b5d31326d3464d29456d1a9d,ffec8697e92494af89314c3f09d88adf34f2e8892a65fed073ad0a68145682de,DAPO-Math-17k,13645,train,2149,1
2150,2aaa4d90b8067dbe93332383f2ebfc6e2f0f2715d74eda6afbd6d6a230cff94a,7d38e973eafc5b10e07adf15bdf90a87b7f4fa17aa6e5b603bc97469f6d79136,DAPO-Math-17k,5651,train,2150,1
2151,57b55559c4c07ef792cd1e5852fe6914bc01ef48377c77ed942dacc8e176ed5d,e84601add8be000c2eaca73853fe86f28278f69c3200473112f95720ee5beee1,DAPO-Math-17k,12668,train,2151,1
2152,b22e8dc66b1e0d87ccee29314707d894adb7cb0919c686f5b9db362bb7f67b0e,08488937a499bfcbc82ecd8066e91689441730e213dc1a04ca1b03e951c1619c,DAPO-Math-17k,13575,train,2152,1
2153,426c73c5f547ed3134229cbb7189d46962b12bf947db37b3a20c31aac1f58032,a57b32df567ce9129ac24a048186f591ffd8b21b082fb6edb348a1d55dcb3a49,DAPO-Math-17k,8148,train,2153,1
2154,bcf82a7c5f5307fd936f77f288c718924f9449a4867db61b2397ca9dc63a0d2f,72d5e64f8de166fe33c6bf4ce72dbd1aa445feda0172a0801fae7e549054c0b6,DAPO-Math-17k,12157,train,2154,1
2155,96225fd3b59ae6e20aeeed183ad7ae63faaaa21a626949b08a7fd8bbea57e6c7,6beed2367701c7e6921e6fae7c102dd0911fabc11d23723e89b011e48e189e09,DAPO-Math-17k,13974,train,2155,1
2156,49b240e71966a87a66278c9e1485e433d0b6d0ede992198af17b5f5cf0499a29,9ae18705f886eddbee399f9590f4d399f9992e0ba61fb646a4a1843f53114c65,DAPO-Math-17k,1598,train,2156,1
2157,41faec4384a5e67d2bb176721ef7389842262c8145ab65fa2338b6eeea9832fa,2e37d1c9ed68ca8e63b0d253d25665535a8d5906b163c4eb99983917f1c6ff98,DAPO-Math-17k,6416,train,2157,1
2158,d32d0dac11b87c369161b33fbb367b3e7e0758ad9d14803c09748cfc2042ac3c,d12f0553a928e82a996097479caf1eea216778f249a4b1748c257a1c8308a50e,DAPO-Math-17k,4478,train,2158,1
2159,bb9d59c05a8e594f87674e1f5662781d5871eb976c726a1771db9c4f48d496a5,f9df5c84ca8004d7b718104c4bcd46259395085443b54a4cf72b2dd7db69ecfc,DAPO-Math-17k,755,train,2159,1
2160,b06ab221f8cb498bae2197c6aeed506d4f10638a72c117bf809bece3d4317d7f,73025767ff2ae5cfb57684b2246e7e619d528985b069711c222c61bd687d09ee,DAPO-Math-17k,6694,train,2160,1
2161,f69281935bda0e120794ab98699732f37a019eedba4b20fd52321f3e19b83e25,2d56f3fb80e4c0674a42504fcf6aca8f53f56abdd3081e1f8a69602bd4ff29f7,DAPO-Math-17k,8759,train,2161,1
2162,ebecb703818c52244b0cc216f8ae13d919129b85298b0c5724ab5d6f9e2e0156,884dc4e93163790368a7f69416251aa92373fd4324ec7d9fd8f6f8486e5bc246,DAPO-Math-17k,5595,train,2162,1
2163,1a7444fd058e722bb1cc4f1029b9f902c715f03c51e9c583b37094374f0337e2,0b009cbd5a09d8bc5029723cb46eebef85a8996a348d9f18b90948cf3bf5eb77,DAPO-Math-17k,1503,train,2163,1
2164,a1aa083b237e7ab062bf26aa3435ca055475b73c56503208d56fc2ff7f59b8d4,9963388cd7b41b81b8e5e87c543477db2c43b32402b6cfdeca00a6a15f11346e,DAPO-Math-17k,15806,train,2164,1
2165,699bace96a83528f475a11a997c55107018e4230151cf4a258845fa50a09c3b7,7de161dff8527cb7de5ffaf8d79e0c7f0c2d4ddc4b51ee5bbc7a076d4d011d17,DAPO-Math-17k,11995,train,2165,1
2166,7603d217deca1649fcc0a0706df8e5238a76253bb872bf7ff4e56fee213356d9,13c76ea2304e24bc855fb9256693282a31ceb0f143668e2a92d3171ef789ab37,DAPO-Math-17k,9279,train,2166,1
2167,58a8a0e113b54c629b10e4bfdc4d7e838c6186a4ee10adc97364d33f00064e78,5b2a455727dc87074f2fccac5f0626d261d0764f4a10660a2345970a7a8e7334,DAPO-Math-17k,15463,train,2167,1
2168,c0ed2e6128a1988a6651708bad41ec4a2a1c350109636da16b6e72e5e0772ae1,d1f4032b5daede7a502e8dc1a062fa7e54c6fc97698558ce85a9c427ff997125,DAPO-Math-17k,14074,train,2168,1
2169,c5b165fae2b48be772e77d244e36b987e16e2600bc41a398a4f4a1bfc49bc60c,7f58cd01f9c75a3cf0774c547bd8852031e7512e5d0c679f15bb3bd134f6ef94,DAPO-Math-17k,9194,train,2169,1
2170,bd12a7eb50da3828d2603e076ffb6c1a69de20d9e9494b4fa36aae4474be8179,60fed25b5be8708a3374296b1325b4c6d7528e10e3b1fee4d4552cd459bb38f4,DAPO-Math-17k,14783,train,2170,1
2171,dcac73f5fe19ceb0a4c66f629b257fe8976f676e9aa0a82679a6c2e69eaeb67a,2857efba01bde1bad7b221244128a95838035a6e9ab482c3fd9e6e50643ed082,DAPO-Math-17k,15985,train,2171,1
2172,89300d1039ff820f94e91571ec9531f9110ed744538f9b1a77b6531dbd6407ca,58f3dcf173ca9e899e40a7e6d445633bbefd3f7b2bf89e1d80288414c0a299d9,DAPO-Math-17k,5460,train,2172,1
2173,f8fa2a1d371966020bde19bd746d7b28ba41db9a8dae4e109548c09dbcb7cce4,3d82790af69daf2d2b6ad60514418f29660eb73ae10c3ad1543d94506fbacbb1,DAPO-Math-17k,13086,train,2173,1
2174,d2ce2a873365cfc7732a9099d297515b65c79be993c2c5f8845403e168849f57,759e4d19bff156b4a4d9b33f612c270d10306d2a08c34f82a22a694ca2d5bfd3,DAPO-Math-17k,3211,train,2174,1
2175,d50bdbd21db38efb1a13013869d8e9d021f05db771eb90d606bb145c0c83ef81,69e97db9b03b1890b41fbce1258b0f4e9945fe7a4685603de706bd6da000c55d,DAPO-Math-17k,6022,train,2175,1
2176,8e467c8db1d5fdcdef5954454760601c71e9892842bc36e687b6bb7cc6eae8e0,5ede0ed31c7892ecbfa953a672ad2e242dbcdc3c39efe83f3ffd697afb940d08,DAPO-Math-17k,14041,train,2176,1
2177,eaaa6bf9be7baab2b3de0b3912a1446db24e10049a3997b1688254302ec4c620,b2502d5209efe72b6eb6aec7a2c97da0eeeeb4f0bb97e4945a09fe1ccba96425,DAPO-Math-17k,6688,train,2177,1
2178,1a0ab97128fa6fa39ec208dea69fe794029f4a0e37a3f01f7d7fe72c7c290843,619860e598bc9aebff4d623468a469be9f471ef4d5b55858ef7e05352cad5696,DAPO-Math-17k,17116,train,2178,1
2179,cfd0b9800ac45b770b82d31a2e538cd05108b353771164626aace16e2ac69a71,9702cea07322a70e38356b6bcd780d2d9ef32741ae3e0e65a3365b9631ae2a1e,DAPO-Math-17k,5411,train,2179,1
2180,9b9892060ba4327a635913dc924f555159a64ba226c32940e9fda119ee86365d,df0b82589f9d96fb45769618f59d55c533c3af2b21c4e90b44d69dbd0a81c958,DAPO-Math-17k,9740,train,2180,1
2181,96133b981739edfda98c8db434379bd43e23331476ece9aebad9ca49626a9da8,1f25a4847322832f91946098d72c2b16c573575b1548d32f8fdcc14ae929d505,DAPO-Math-17k,11484,train,2181,1
2182,adbb896de399204fbc5b53b1bfc6a2d9aa6d9dc202d847d07962322d917e8b93,839acf6ba79eaa9deeb09aa92aa3a06aaed8fc8a72156960c070e93aea98af55,DAPO-Math-17k,2123,train,2182,1
2183,41f201dc2e429768f25a5a36b6145a7d352d48b134c0b019bce880d386cde58d,f08cbbefede90631bd66f012bcf5ccdc376eae2a70e87cbc78acbf80b57215c0,DAPO-Math-17k,11627,train,2183,1
2184,cad6ab138042e77af5c9743c5017f8674ff95b8f6d9f3ead521ad69180bd778d,cf992900c9c63a80ebbd85c8a54949b30fe041d0201f5716f99e5ed61b6e5f0b,DAPO-Math-17k,850,train,2184,1
2185,13817be54337f165ec10b79db4a752473204004c104d06bcafdc2ee0868fdc84,8feec0c7fd2ca18500052581b5899a199acc74d7c1b0ae29ece7ff524343c3e0,DAPO-Math-17k,16015,train,2185,1
2186,82aeda23a656e76ade9a89500317abf1d4e8249b11195340de5659882e54231b,a85f02619ec5a0646cff0403cd9f1816cc5c2f44c55215e75bb724bf3abc8542,DAPO-Math-17k,12219,train,2186,1
2187,3afadafcddbced6eadba2d2ef44fe7603a066fb579aa39a3d642d254a020bbe0,b84d15c113183225533a7785a4ec9ddb09736b5ed05f813eb5b194dde8582a93,DAPO-Math-17k,9356,train,2187,1
2188,43c0185fb9606c065f2a4bf525a31626ebc3395e15fef35ee6585a4a268d617b,3afba2c8a4519fd19ca8e067b6f6351bec4d9b635e8a940b3d20daf6ede6194c,DAPO-Math-17k,16557,train,2188,1
2189,249399eca58294fc6a18c7d6b3286c56f7c002e55ac6b72099c5d9606b767fa4,8176d60347e371e293ce135fb9dda630b04795dea1e07e5f0cb2b30031021ea4,DAPO-Math-17k,5834,train,2189,1
2190,1aded7fd14b981e4437dd226d935dff3c04376091d6894caf4dc89d0409ba0e8,7ddc39b0e0f2d286246d3621b8fdf579d77673104ac132844b736b9aef6ee9f7,DAPO-Math-17k,11037,train,2190,1
2191,85df4e696ab53d632492cdd25d49d717cd59137d67b761ae2bd29f7e74813773,94404ee87f831b9cdc0445e6cb2b01152bcdc07cda5bb3c65ee978818b4ef33f,DAPO-Math-17k,4865,train,2191,1
2192,035b184f103e623b1171a94939cd85733f1bdf2d4b4e3bc3c4afafc5ff736354,0ffe73563fdbbeda3025f6c647a4b694072e5216780f276eb24ba96f0345167a,DAPO-Math-17k,15775,train,2192,1
2193,b8970d9dc2881faa97a431f998ce8f64dc1d757dfe8ee17e28c9723dfc2f8d7e,2f480fd326a48db7f3758952cb2f152b3b8c9b40b8ca24c9d25824087aaa14df,DAPO-Math-17k,10936,train,2193,1
2194,cabefd5fc5241cc18c918ba6984c23bad214b213d45c037352b4a11f5c3a715d,99e8c8651670721e9e2cffc74da2506431c3e0883df011a1428c5aa04fd79813,DAPO-Math-17k,10150,train,2194,1
2195,4c87beed98bec31bbc945a1c9022b8a1bd1f04503a43fc463b5cddb6a73bd05d,f90728ffa8aca65730089da2037350d18c671ef4bdfd016ad25f0d68028f6abc,DAPO-Math-17k,5235,train,2195,1
2196,05f8ac39c0bb5dc7bca63c2913e825e2939f25b336eff1bd8cb0fdc97fa382c0,94a3cbebcefc0782ebe45df3dfc7114213ac4dd506538b34f5d5f017677a26e9,DAPO-Math-17k,9171,train,2196,1
2197,651310bb9e42a8b649485334209aa49218261a96750409eb1d6e6dc71387a2e4,3b80422fec00f59feffe957f1951a05d601e480bfbe92812251f7cd44f74b91a,DAPO-Math-17k,8667,train,2197,1
2198,a9c329e991e49576c6c15aa0858c3e32788d2d526e0863e0e090b6e83207bcd9,b8d72aea524bdaf7190004083b9d4851da31e295ebf0c43b0ffba9f0791a2c96,DAPO-Math-17k,11491,train,2198,1
2199,0ab471764f569233b9e9cae896be9ae902d8aa458cc5b0790d4c24b9f2c77880,5a5bfe27217a695e176090e697072fe604ed2d80833ff4145a4f13adb2c82fdf,DAPO-Math-17k,5526,train,2199,1
2200,c82c9c10848df6580c4bade79e550f542847ff81d01f0b7715e8b8b5708ce61e,3e44bf6135bfaac26a13db79a91bda7014477b073461eb6a62f04ac59047054f,DAPO-Math-17k,15681,train,2200,1
2201,d5e6bde4cce770381cf7a5c9a10457a05f22fede3e15af9a8c4dac882a4a06f8,6287ccd40a022ee667d677ac9c4e8f7328dd0aed21ac5151dc087698e0a3f273,DAPO-Math-17k,5361,train,2201,1
2202,9da3ecaa77e773ce7f88718949b6fef01bd4319c755beeb1ea9bc29f0a7275bc,59f0cc920aebc5041080cb9cb814c4d713c3420b5989641a5a93a89d1a0f7ad8,DAPO-Math-17k,7383,train,2202,1
2203,b3d84f5192663918526f2df8d2fe48e8345e3bee1293dbf5527943ac06443694,bf78c148e855cdb1da94cc63d34b027f4ecad6ab7e0dfe38b612af72b716fdab,DAPO-Math-17k,10509,train,2203,1
2204,5b6714d555d46c684f42f32f5134ef47ece99e52873b1b93d3614dc73542db03,63bceadc314fc6f2d8b8a67f10cc232fb09f805082b7dbed09cd227dcbb0e6cf,DAPO-Math-17k,12732,train,2204,1
2205,d1dd6ed03c46509e0d057e46591162bec2d1d76d5c199b877e412c07cb52caea,37a1393993cbeb544b272852ec22543b8dbc27cdaacac6683160ca3fa9cefc9f,DAPO-Math-17k,12051,train,2205,1
2206,6813e603a4ec2e6997bc2dc12675975489300dc1460f60aa077b02c82587e6c8,f08014462b7d44ffa53798e6e0bee9ed19fc75618150a94af27f41000fe59107,DAPO-Math-17k,4758,train,2206,1
2207,f3d730d7b853b4b7a6e19b4885b37933b217bf820afbd9242fa2c1ad3c4a9462,5776f2f2a016d527478f5d86563adbf538fb838721554ed4a6306b6355b26795,DAPO-Math-17k,4802,train,2207,1
2208,bdbc9474a2e13dc2d304b5ef9486bfcf4cf5b96b461131e5c711a323e04c5e85,9acb2239dabec76c32b884d4d279d0a7c5ea12b4da15223d3e2eb9df0f9ab3ca,DAPO-Math-17k,11856,train,2208,1
2209,6a523a534979f8ddc7191e90844e7f71ce10a5c7280aa2bf623cfed1026aa3ce,0b37466aabdc2d20ddc2f7e01bc4fb810b79272a3e7dadfb4d1da9bc3a8f87be,DAPO-Math-17k,15564,train,2209,1
2210,2e87c6743c391980fb60d31fa33a33f4db725eb93cd3a1400171ab95d535d4ed,c7189de22b663cda4f277cb5d4915cc73add2283bbc11829f3263641461d1655,DAPO-Math-17k,5394,train,2210,1
2211,4bbe8b31a5747c6a6c83ae2375cb1ae89f7114ceb31d0d229f6817bdbb88a788,9ed62abd94af5c6d6614d94b7cb6923bfc479772d52588012bacf34607ae95e0,DAPO-Math-17k,11765,train,2211,1
2212,29ac1b3c8215fe31d232c69313b2a3f40c226db9b0c6bd73fe6764b6b341e436,a1b252bb298b07d1afd28b2ce0f02fb8d56645e01a5c7ac0bfc28d2c2c7c741d,DAPO-Math-17k,4049,train,2212,1
2213,0587a83978d47a95780d602c4e4ec169402e320e1bf8a2f045047871ca915c61,b810b5d291273df7156767c35e5bd596be994f40f80241edc58c0b96482a038e,DAPO-Math-17k,4263,train,2213,1
2214,58aa715ef2300e908c791b5f0477e6cfa0179a588f6bcb745e972b9ecb7f6588,e95cf48bdd22581955d4ce4fd150eda506288d0949c4ed03bc0451a8b19a0b70,DAPO-Math-17k,8256,train,2214,1
2215,27c3d4aacb45e5d7be5ad29b2e277ff1bb8c69aa1717151db8fc712cdbb70606,c3ddfa0420a4f9589a624f938f84142dae746a90f33f54b9f69e8910ed878618,DAPO-Math-17k,3113,train,2215,1
2216,f98690716a4b8e917cef29a00b4bf100a5d838743c222a1931bcf84915d34e84,4f4957a5a07462b67ce3a592f605c36f665ea5fdb20cb51598ef5194f129e7f9,DAPO-Math-17k,15864,train,2216,1
2217,ca689b32aca7a59a07063bd631eca60cb2eb6f8e8a879975ade29a895682710d,cca55dd6eb77d8e913ea172bad9294fc9756adefd8d3b733c849c7acfc15e5e7,DAPO-Math-17k,4392,train,2217,1
2218,c1680b5afea4039bd779b144d0c999f537bfe1b9f642fc2cf3d66e110d45e285,5f39751f25cc26f09de9393f4734fd41dba60c49bf1d04b1e3dab69175988e15,DAPO-Math-17k,108,train,2218,1
2219,2725902d40a5a8d5db4797b934b33f8c95dd9e39104bd665cf45615b07089dd0,5aab44cb5470a87d55ba534ff06fc6e0bdabe76b3d6a89431e7b58e90b446d75,DAPO-Math-17k,15696,train,2219,1
2220,524fd4c859b895e4fded5516d5f074c230387f8717a3619ccf6f2282c7f24978,c514b3fb84fdde943e366391ac6b0a689f164deb0a9520cd6ef700021f7d5835,DAPO-Math-17k,3638,train,2220,1
2221,68963110aa1cdae4282a4ff563254ac206c0c290f530e99c78fdc1037409501a,b772a3d91010e0508b204fabead5491807739305d7d4c1f52244e13a8dfbdb50,DAPO-Math-17k,415,train,2221,1
2222,c447c34fd7ab0d8aa7af1ce9c5d58021054a8f12654ad8e757196f9cbb468875,32461424a4e7d44d0a0b41700252fab047fb8eb27c5a053c21f21d12943de36b,DAPO-Math-17k,2495,train,2222,1
2223,7b573a8aa3c215648aad3f6cd0c8cdf68619ec27079b9dc657151379c8ee0930,188045ee7e128aa3cef91dc90be21d409887a9c98e5bb499558cfa3150a7179d,DAPO-Math-17k,14295,train,2223,1
2224,0439712b8d7fb577415769c78dc0a290743b6e801d0e531d3c4277a880248e98,52239c097edf4dc7dce38159a25ca23d3bd38a6f13cc7364aa07b3d55e4f4ded,DAPO-Math-17k,3932,train,2224,1
2225,c633096f103e115892fbc5207d081efe728b20a4836dc28a213b855c7c85e49f,3aae3213c36acc13d08084ea57ce891a315f7c0372c4aa4af99c0893d964173a,DAPO-Math-17k,8497,train,2225,1
2226,71789a239353386dede87b4b64fba8ad0d3ea594eba1835b4d04af0bf5a8256d,d7ee048268d9a7e7130a4a574670c71b26e7eab19e90a6f6daaad774a2eb3206,DAPO-Math-17k,7673,train,2226,1
2227,3113879e6784c0b92bbd29b3390427119a6c9a3c6d8678bff10dee54c34226ef,7f23467cb0a29fcea6e026f3e3859847809564b2dafa1e0b412cc3cb87277fe2,DAPO-Math-17k,7066,train,2227,1
2228,0a697dece570cfdf861710e30a44b07a0ee5dc053b77e0772c66a4ebce973929,01a9f61ae3cea4013a1f894c326836fc0499f884f5202afc96b768b2b5ff6bc5,DAPO-Math-17k,5607,train,2228,1
2229,eaaa844c8bc0b1741fde5fa6103a4c5452a97fe1b9a6dc086ede9a0fb9f1c773,726ec9b2a79af684cfe262aafd4c85c3a4fea2c81e8425d07d7b5b3696f583c9,DAPO-Math-17k,15079,train,2229,1
2230,ae0a443ba183d19cc95249b7cb99361c8c34b9530577cbf742646cdddc7e38fd,cfcf5ef87e811fad84eff04e890fce9b2ebc3a8f0c8b140f21678983489562db,DAPO-Math-17k,12676,train,2230,1
2231,f4a0860db57815d2a70e7e07b8fb6ec05508cf8e8139aca6160e24e04d6b43f4,2d25260a6fd0d92ea7ba9b22ec953b525b032a35cb19f8a657bbbd6327b60f5f,DAPO-Math-17k,8662,train,2231,1
2232,9c9b339c4353c2f9040a755e811eb6c06ac95f93fdf0718534f82cc1827c231b,c946d4e0d4d22d172c6e560d30e077b2a7d7dd396176b1b0351c8bbf69c13511,DAPO-Math-17k,12236,train,2232,1
2233,436e0f7f6a30ebe020f0d112b51025b11c3157543cd36c889b7c100c34fa9e70,cb5e353365082f133758b2cfe531594e7667697663b01b9f05e2db408823ef5c,DAPO-Math-17k,2869,train,2233,1
2234,ca275707a569d3b2cb23d5ee9bb32eccc619d342aa83055fa7c79299a2b35a69,76de615896406f3237b8d8d6fdad3b5d99536c368a4a35c80e0666e6572df737,DAPO-Math-17k,10823,train,2234,1
2235,4dfb22e21f7904908434d95f64b2c3616d421166678557867cee72db7df31426,99f99d76ea76020f8e938cf36df061cc57a6ae234e5fabd1599da4a1d81659a0,DAPO-Math-17k,13750,train,2235,1
2236,b44541a0d1ec12816e8ce44ec462b2487791ca87a15e768b7f8f131829bef0c2,5fd16b616f70632c419f01a93bc786a41e7b710f3775b34134d75a73be0c7df0,DAPO-Math-17k,265,train,2236,1
2237,66ba0de0c645edadb2b350174e74f00dbd8ce1a913c7cabbee1ce5c944b0ddba,f9aa2e2c94b668cfe9df6d8212ec59b4e693a58c99ad92f687825b74bf7c12a5,DAPO-Math-17k,7721,train,2237,1
2238,d1e1062cf088e9c6d929ad0b58da7967304538ac74e3993757d4ad5e931234e7,9e6a4d9d3cf73b7cf1b14ee29b2f5a8c5594d099faebd8b56dc35ea1449a72c7,DAPO-Math-17k,1275,train,2238,1
2239,85ae73200debecb0eeb1bc6a7312b3700f154aca846fa061300291e7fe7b5a8b,234749cd5f8096040f72d1441cffac0bc1ea605ee30ded9af3bcce160346999b,DAPO-Math-17k,3064,train,2239,1
2240,8761997e1b6bea00c0f03fe36bebb6b629144c9225ded463b9d61a6392846587,e5618c04541f1f1711176386ac92a8bc87ccebfd39c4451e5174a4f560f3b881,DAPO-Math-17k,14615,train,2240,1
2241,296949ce4f5ff2512b6907b083bdfb6b57811e543e2ba347dd56b62a4134c19e,9d639b1d840158e13e4ab0828cb35e2b9d5396f08526fbdaea75abad63abe65b,DAPO-Math-17k,9207,train,2241,1
2242,e13f5a2eb99f980191fa45e1ac709de449c5e0f932ffaa14ecc508b26e81a87e,e17fca93569279d8ce36819aba3e18c92d5eae7215ab4861d2641921d8877a76,DAPO-Math-17k,2081,train,2242,1
2243,ce88b2eb151989c25ba080787ded816ce26f7567ed3b41ee76b413c4ff1c12ff,7e007dd1354017316d59a04cfa71b7eb97c19de87d022eeab0d9a17396d0f432,DAPO-Math-17k,15237,train,2243,1
2244,5e997062b22e48927f7ee221dfbb74891e5f8ad4dbed1df9b13e544f3a219756,256ad9576997ad7f9f529cf3e36f26deb8c8009676749b25e3f0c6d0cac493fc,DAPO-Math-17k,12854,train,2244,1
2245,a95ec0c38e7b034be793fd9b18cb49668f2d488a6628b87dfd767fe56a4acaf8,7339425c35d1fb02fee820db7cceb0f908cb697a33a991f469ba6668cb69a08a,DAPO-Math-17k,15191,train,2245,1
2246,1d3fe7493b9836e79d8a3d3256acfc438559aee478987ea456a43a0739937ce0,54f50597d6d40b7beaff7c96d833b85ed915d818306d9e07d5e120f338bb8b88,DAPO-Math-17k,12962,train,2246,1
2247,041bae25e6bcd20cc9f3949fd781462b73477429b95c7b86927973bbd9e2cd94,a579bb8ab72214861feb1e319c9beaee1fdc45b1e4f7957a15c01ecd0063d0e4,DAPO-Math-17k,6490,train,2247,1
2248,7590961d2f49a32d1f25b877d559606110052a82d7a010d5b2534d614d2e28c0,49a6801a1b17b548d52ed9f455eab4eb7f75266e223645067d3399dc1f50b4a8,DAPO-Math-17k,8430,train,2248,1
2249,b699843a4d321db1806a89e990b1954a907dabaa83fcd0b917551a27b473c714,3f6fee92f81ba0cbbc90b878d8e660e9349b6d26aee16ef623084c478fef1b3d,DAPO-Math-17k,12939,train,2249,1
2250,20ed5bade6a215f434e54245cb01a28d1a382cf666f4711ea03007458ec013a1,4107458fda1ad122a77ed0a5a20f95e4550a7afc28f2c7f3172696a5e9812a58,DAPO-Math-17k,16658,train,2250,1
2251,182fa54ca8b77ca935edf206f11c55d1305b8ff6117c2c0d2263583da02baca7,185af6c422afaec93637ef99eddf8342d596347f3eed3322699f0267a6a28f97,DAPO-Math-17k,9625,train,2251,1
2252,4ee2b772950d602456ab5d1066c42f3019ab84575759b351d553f32e5a6bbebc,0cfee5629372be3bc3d30cca6eea17395716683078a9cd5320ab0d3e13750d7e,DAPO-Math-17k,14577,train,2252,1
2253,044608fb73cc86c8de0501a5ad5b60eada9ec578fb5b75484e1f8c004f2120f1,b7506b3160a7e5ec23960852b95c38e5ee4f91877b25b2e06473126c0ca68b01,DAPO-Math-17k,988,train,2253,1
2254,75c8788484fcce71e7c13c4b61dee697ae89eefe256cec6be748e47923c36018,ce9aa2dc7292845c1abf5affc2e5914a7683fdff04e4a88c3017a046a1c9625b,DAPO-Math-17k,8069,train,2254,1
2255,01ccd3ca7d1b0b712d0a7d29f946765aba939fce2a7ddd2b7f76c04174920b2c,d80aa5a8308559e89d3a577248bf061308ac7509fd7d6bdf691e6ca1f1cfff30,DAPO-Math-17k,10804,train,2255,1
2256,475ea5bebb6de155f521fe43dc96817b0c3250255f8236c4ffdb60c5764f3151,1ad78d8123ef33a992ffe29719e793b326271bc6cdb049e2293b8c060b46e3ef,DAPO-Math-17k,14403,train,2256,1
2257,565a212311ea22207aa3247eb8f5cef2f7b42924acab136c06b070ddb58222dc,a35167d802e94f8eb91350527dec7975d4ea988f2e55bd01629a0abe3b4defd1,DAPO-Math-17k,1252,train,2257,1
2258,bdef5d2c179bfb47bdcf8af516f2990498956706cb9286e78e646d60a9d158a5,d5bca3f08029206d8672cffdb087c2d674dc8177e54d7981c2540353ef77a2b4,DAPO-Math-17k,9383,train,2258,1
2259,c9ee499a3cb987a9da0cfa0046685a5ebd13291b32fc8689f0e8b5895f3562ca,d83dfea594f1e1909f2ca679390fc150209f1e7211d1398df8f199f47169e28d,DAPO-Math-17k,12242,train,2259,1
2260,9532f9f42c72bc05e43ef12d067e3ab9d66dd23a93404a13b3c7df803b257ada,12050e350659a3c5c19ec771d4792b4958d54f4f108ab30d039a20ea85bbffd6,DAPO-Math-17k,163,train,2260,1
2261,7c7c661d36d5471cef1d3e4646860524de195b94632d69db1b92f26b5391144d,41eadd3dc6aac7526193c61710434518103857525545981fb5b5d39ad68716f2,DAPO-Math-17k,10991,train,2261,1
2262,cdfe3ff747a1f6f08ad21b8b1883d1696430a858d6196c9a93154da1bb7f956c,fbf3524ae1ef40bcd2e285db01fb8e76ffba268c29e344dfc1a1b94f63579d86,DAPO-Math-17k,7327,train,2262,1
2263,fc7007dec281ce92b9b66c426c162cab7a5b9dda6cc8eabe37423675ba928366,5b79a09ecbec06bf2e71b6da5d433f405239bda850e25edc4f57fc1f433c5726,DAPO-Math-17k,5789,train,2263,1
2264,37ee63228d468522eea8100e78f3efc73b77e90da1156871f455075de4442074,45266a490dd49d107af9f69424dbfe900bdc4716d6812bb5e763cb0585508313,DAPO-Math-17k,13002,train,2264,1
2265,377d27d90590a595b7cd654f7fa3134d88eaae26b5d1127658726f630a7d7f2c,eeb2aff6b84c7273972fc1b5a12dd9b2a22a4643b9546c935a2b19530aa923d5,DAPO-Math-17k,13845,train,2265,1
2266,6e93378e6dd99734a3d1454fb2b13edf8261e308f8b942f2bc4c64798863332f,fb8b71ab3a793f76521bed9bb803206f00be95c0f5818e0486d9d1c29e9bec12,DAPO-Math-17k,10895,train,2266,1
2267,1a6983d4d7c5584db85e36314cdf8d4055208190280377b01466ea4f13994d84,ee386b71acbeece8404f1728c4e48367e76194049905ce78ab9d56ba8a5d57cb,DAPO-Math-17k,6901,train,2267,1
2268,6c16535517a228c7851903d37a4934fd8847215c03c83ef9b366092d7cb0a53d,912f6d0cc855332c36926694f33eb46c86154447a25f8fae24f1a8075a80c83e,DAPO-Math-17k,15000,train,2268,1
2269,66860e15d0ce298a278933051ba66686cbcdadd26861c0cee816cfa19ca3ee8b,2e64b6039fe7406962025066450326951043c6d33af9187d4296a7a9d143cf52,DAPO-Math-17k,8145,train,2269,1
2270,dc9727ffbf5ec907b26c8a48859b0a9d6b044738f9e5ad84f6d0c837ff052195,28f7712cd102e623b8b21f8e7f143bd0a88c6a99b84dae4bd6fe5cbe3fccfe66,DAPO-Math-17k,14633,train,2270,1
2271,12ff4176a0798826575686236c4bdb72d2296d7cc3a4894d374e397ac2d2dc48,dff5fb54986411e335977ede356e75f10a77f41dd9cb2c32b79ad35bf3ffe282,DAPO-Math-17k,15301,train,2271,1
2272,6291611ffe297a17f1056b72d731b4289cc1e98948b18ce2e55df31bf729734f,d80650dc3459d7210657de11e06c02f990b9b97d93619aa1ab50507d1c3e0b81,DAPO-Math-17k,13173,train,2272,1
2273,68b293d8bd47b7b1916611eaa2b93e9d9c9fac42e8014289eaf4230d4364e6b3,61b7fa872844b5d3c55c6f2bc2c7e5d77c10edfb1128f863525715e87c76fbeb,DAPO-Math-17k,693,train,2273,1
2274,ae5bacd848cd0993181eb7fb7881d78f9052f8cf54d30b57d2ac321fcf19e48f,ce8402e34f8d4394b5aa39908420dc4b94a6b51464f0ced3f5ff3b4fe580466a,DAPO-Math-17k,5267,train,2274,1
2275,58f3cb62e217e71c17a840d7fad41b971b329aa56d7bd1e53c56963a3324c9f7,3e33e04072dc97ffe5b4a4046c3d131252bd9eac5cdaa17712b0f35e97f41701,DAPO-Math-17k,6630,train,2275,1
2276,a788e430a0cf84b6f7f376a1b9e94cceab1ad5d486d52cb32b669ca177d4d4c1,60ce7b8f3cb60173a54ef0ff1302fbbc408da9dd47ed71da044aad46e401f04f,DAPO-Math-17k,4558,train,2276,1
2277,f2a002677aec52d05422a808768a911c2968e6201cb860124fbca3ac29e56043,42d15340dd3336c07603c31482f6da6adac9b075ab34ccc73fab31e225a9b9e0,DAPO-Math-17k,12678,train,2277,1
2278,d30eba4c5816dc0ad0256ca8a3cc0aa5a6522907c93d61cd86fbe6c93c44c136,fb14fcf5a2990065d6d5f1625cb16cd03e6c137c17f310a71c51fbe3dcf323f0,DAPO-Math-17k,4419,train,2278,1
2279,69edb422c06f1711bdc354bb4299af1e963e6cc51453b40e18083bcbc53fc137,a61c590b5318c1ba47fad98f447039f9d26d97177a16089877bc5d6adeeb8406,DAPO-Math-17k,2135,train,2279,1
2280,c8ce62b290aa7b6cfebbce1761f4d29663be1d46b96985a5ce490932ec2e9fbf,ab0dcacb8db7e2f205ffcc5ead488678a68cfd6dbaddfeaa4e59466abf796269,DAPO-Math-17k,4300,train,2280,1
2281,ae2cb33275379cde876d6a315367f4c7239d23d94e047e185153a7ce46eae8ce,cea13dce533c9a4d66551155e0035f291abc3e66e15f6d434fa29badbafb6c63,DAPO-Math-17k,4651,train,2281,1
2282,7bad0e74ba13aa4b63c7bca201e790119c9b06311b812ff225cdb0075536344d,cb1f21117ffdfd78f324d04a4dc84691988e37f4ec0e2096a1e6c80cf31703f0,DAPO-Math-17k,12092,train,2282,1
2283,d43cc251f55150b9e4c69b52614e3fd99084e5af14f0f39f8652272120d46698,f93848e344385fab19e526d34e8ea897859a3697e91e85479b8eb6e6df16a144,DAPO-Math-17k,10225,train,2283,1
2284,81f8e80045769134034be2875bf58bebdbf2505076425e7f3f17bd5bc0edd0d9,7b59a35adcbf64fa41c1f45f5367265315bdeee40bbe3e7f552557851bbc22c4,DAPO-Math-17k,3844,train,2284,1
2285,3cc794fdc66eaf75f3e74a277b319ddaecb0f6fa2a8eacca5a767384cf50372c,abd25614e41f80498644e8f8e13d3a924d8f7bf1ae7b1c3e05a2f272cc650e6b,DAPO-Math-17k,2079,train,2285,1
2286,e6642eda2bf12b742f8fd253ed99097c7c5279acf4bdab1efef65773e79b4f72,1fdb0e0820f47b2c28a2c97fa637b99988e92fd6b95d5a7342233945a1ee4275,DAPO-Math-17k,9464,train,2286,1
2287,8b6d9739d51ba229edee6566c1248d59d9a9d37e8c6c8678ea837af3ab52b00c,ad1d30214fa687060bdcef05726ef7bada79377df4b743ecf360b6c3c199ffd8,DAPO-Math-17k,3803,train,2287,1
2288,764b26f8c994d4688680bcc7192557330cbcc9154cc362cf7ad84f20a81124a7,210e9af5165f95a138b257360105052dfcdcbe608bb04f816178dfd49722b09c,DAPO-Math-17k,8473,train,2288,1
2289,183da1684034a2a3ad2f53e1198c3c5e0cd4d605f486c72e22a1c631ae67eabb,73125bf7e03726c4ab62dec46a2e13a0e0775cae82a67ee5240987f339382faf,DAPO-Math-17k,9562,train,2289,1
2290,b96f81b7b7c3e041ecfda7af79b7fe302862cc03da8288b8e359b318df1b89f9,a3f8c8554a453218660ac50edac6ba1fa46d5950d6d1e22c1bfe03a3caa3282d,DAPO-Math-17k,3030,train,2290,1
2291,ff247fb0ca07f256a8341172b61411756e454a344819e72054372996608458d3,5c07fc697cfd6eff0f4d2332dae7d65b2b7f09cf64c26ca49690a81542536c92,DAPO-Math-17k,12774,train,2291,1
2292,ea12b326918f8d178d0c0fca16a446efe3a02824dbf774fb8cca7569163a1708,b9bc470a374230acf127c2d7b1aa9439520003cd224f62f1d4336001d3093eca,DAPO-Math-17k,15337,train,2292,1
2293,5d27e2389e4631bcac0295c304ced5886792c223a54b6ef4abfbfcbd9501daae,6be455d8f76f21511503b6230eb1ef007d617fc97196525912af381f14412f7e,DAPO-Math-17k,10652,train,2293,1
2294,67033c2aa9776b9fdadefa481bd38977242a9009ef38f470db95f3f78c1ebc68,6283eaa07743d794c8e4cef1477fdddaf51be626e6c3c64c66c497a9b02561b4,DAPO-Math-17k,16106,train,2294,1
2295,458c124cff11e9d2c3f4064946ba9ee56f31c96cf0817f9aee7a08111237a951,66c2908ce1849c4c25a0b35d09e68cb61a268b8282cf5a34549cb6a5d23b2fa9,DAPO-Math-17k,6478,train,2295,1
2296,4f0d42c9b32c38daa658e8439b8993763b5eacf9c51f8cd6628842111599b255,f1229ea5e4df4d6ec2ed76ce18c786eca4a733e4fed36a19a20c7e11f2ae6713,DAPO-Math-17k,1866,train,2296,1
2297,dc83b7f1e9cf7df3a9835bb3a53ad81deb0f0cfb0da21567329090880b48a013,42522a003a7a8f91ee2fed29892f39d7c01ec305a7980b36c2f680248dfd294e,DAPO-Math-17k,3988,train,2297,1
2298,fa2d6237851e0c799aa0959cdbcea7af942cabbd946778d921d18baa8cecf993,1d0f22b58cdb3c45f206d798b4b473e0e2bbdec6a92b18f079897b287d5c2492,DAPO-Math-17k,9251,train,2298,1
2299,5c09697dfd13b72400fbad712858fc7ed4e011113003336f8e0ce11c2aba3910,29b453d8fbfd95a509453f38e4214e32428fdf627e6efddf8237dac64dad3740,DAPO-Math-17k,16758,train,2299,1
2300,72f3b7030798d0fd8e8aaf5ba9884e2139e63dfa4c10def7f28d79ce9a0dbc4b,e656f34b47a9bf99fad6cdd3296dcafea4b1503a2ce6b12b75ed9e0e81aff08d,DAPO-Math-17k,10627,train,2300,1
2301,3c8df0a5e070b3074bd18f46a596ee8678f9ce8c2274d36d985f0fbe0d04f187,d9988a66703f24fc0be0d8cd1e58dfcdc3a34c686254432cdf7123629da24a46,DAPO-Math-17k,3131,train,2301,1
2302,e3a406b1285384487c2709f64d3e1010c5ded6dacd88086e5b545f99fe01d3f1,04b8a9c38fc501cac0fb2c332f8531f60a089f6ade3d744e2f2d6dad67fdfe37,DAPO-Math-17k,12178,train,2302,1
2303,e10e43f6fea961792dae0fe1f7ecf9624f92244ec1d589eb4b699bf4e5f49894,d5a462f83e5444d391715a910e01f5d59776811645ddb2f43a64154c48f173f8,DAPO-Math-17k,7145,train,2303,1
2304,daf30b28f702b5211a087afd29d7748820ad8ea745404d6c9070863c488a994b,ac24b2bdf824334431d55606391975cc8a1e70509e74babb735b3eaf875eb74c,DAPO-Math-17k,15968,train,2304,1
2305,ef0130e0848057a6c6c4ccf2d0103e1a085d499cd48387a7d3888da564e0a7bf,4da4c068bf222ffdb6e98736c4b0be6f1e43bfe919189d9962c0e30f5ed8d1fa,DAPO-Math-17k,16461,train,2305,1
2306,ccbbb416d3ae8ab05aedf3922b7f41ea261cf999598a7bc328b624f0cb1dc55e,76b41d1a6387ee346c7bb31b3832d9d9f56d694d6aa8f44129e5f409127165b4,DAPO-Math-17k,12362,train,2306,1
2307,5367772579e01373de8b082823a338a905fac1dbcfaaadf7a9f038b8feed359d,12778127b9c0cd209b0182717d75464df25a768bae4a8fd870799de07618aae2,DAPO-Math-17k,389,train,2307,1
2308,dde359138facd83ba1fdd546f5bffb34d41c60b60acebef57472bd07e2c5624c,bcfc4f913b3818fed02244f2dbf4abfbc87b0f0465e6109c06d62db378aa7ba0,DAPO-Math-17k,12137,train,2308,1
2309,89940ff5caea0437350fecb449d5c54e740debb1f7148c858d886cea223e5191,22267adb1b05d63422009b506f12d5f2c9acd18272db0fdf9424db46801ea14a,DAPO-Math-17k,5750,train,2309,1
2310,76ab99cd982982f5127bc201d984f6b440c211806dae586e3cfb46084d9d0e3d,31a89e64e120c6dd695c72d98680a3ff7cbf3f0ac9c16005375f35a29e79df4f,DAPO-Math-17k,11518,train,2310,1
2311,c1afe7c38a3f6d4ff5b2d05381bfacb0a7e5ae5d3dd1dfba6ebc8e7fdba94e3b,ecaf44ff1f6536c4df2b2029d02c252da9e50d56d7bb72573f4f5b2cbd07a423,DAPO-Math-17k,6950,train,2311,1
2312,25a44681c57f05032f730fa22d534421cc8e9a2ac57b6cb7aa2ebea44518fe09,7a40bc5c666f2b7c6ded718eca56ae895c64ddf7e2005c232b1e814fcacb1144,DAPO-Math-17k,13096,train,2312,1
2313,76b58138d90b063cc34899e9921eb3f38ac0efcdfd467584cf83ada13e8e9c31,39aa80e339a20bc25e2256160f69960aed368d3b48c6b99321044e5a3f5f936e,DAPO-Math-17k,5402,train,2313,1
2314,f1a7ed965500055b977c2dbbda4fb6ef4d0d12826484015503114a17cf8dd26f,2546e7292e35e5b4e2d05fe380f3aeb31d9a9bfbb14656fb00b579bf9429b5cf,DAPO-Math-17k,9500,train,2314,1
2315,0467a61c8be4cbacb21cab9f4b9ba55f13ef67b76aca89a39e4107ced937e262,78ebafc796fc228004d1e82417045fc87b45f89a631fff1dcbab3d44b3e39b78,DAPO-Math-17k,15568,train,2315,1
2316,3cfd12918e322ed1ddd720113bf4bda4e74d1a738d3d8088a5f907c3e03110ea,32b00efc99d3f77c317d0c7f8f4269e01aaca5bbeef33a409a4b5e5efb2b3ce3,DAPO-Math-17k,9238,train,2316,1
2317,16a2a9a0a0658cb45e55db2a81eeafd5453e3dc034dd578c41847d78d918b1c2,88979f317b0825a8c5aa2dae79b801d0434d219ff56c2a567811fa7a3df3c6ec,DAPO-Math-17k,2636,train,2317,1
2318,e67aae5a5c0a3e68bd8e085f5888fe9b5ebf5f379f044b52662bf3fbd585e17a,9d5da178295ff082054031910e0da0886c631fa49abeb14fa6359925ab94de16,DAPO-Math-17k,3495,train,2318,1
2319,bab7e33d552c764dfe39ffd1f3ed643bc072825e48a993c6a63dd9016ae468f7,d63095f885c73028d26fbe6af59d73ef924c229340d9a575d3180091011ed95d,DAPO-Math-17k,9341,train,2319,1
2320,683a926a30e69f1e0539baaef4ccd545f7b8079306985a690b9db556286a8e33,cd27dc42d7b771776b0e366afb98acc34102d704fc24f533302ea78eabc5f9c1,DAPO-Math-17k,1848,train,2320,1
2321,2c6a66f08ae0dd2a95e9e98b90e5485719d6830c9256f81cca65116ad90434fc,82146753f2db44d951a9f3f5d5564765f33ffc1fa354de0bc3e4bdd6696db769,DAPO-Math-17k,10866,train,2321,1
2322,59f45cbced2f0915cc31ee43b8d9744ec4134eb6d7b0d4b4bed29f29c26a536d,2abf9f7f86300eb65372e23b915ba242f6d93a91694248f845303e32f48c1a66,DAPO-Math-17k,6634,train,2322,1
2323,5d7b55105139fc9bea050f3dba34c94bd58b9586433de37261973c147bad9348,ef7e823d954a183f432811b8f35ec7ba115ef943347099be7fac1472b945d2b6,DAPO-Math-17k,7363,train,2323,1
2324,79917c6094eb479ddd44baec1a116cf0c00533f158c9d196f5a7908d0672d732,a4a7d71fa617d87dc793b84b7d5222aeccf66706f6a2881b2fc3e38c328cfeda,DAPO-Math-17k,7189,train,2324,1
2325,f463662ef2fcd07e8e5dff96fe7f02ddc2645fea035adac1b3f7af13c784d25e,de3a6480c6c00684e27eb93a5db8cd1fdd17691c55f300f3af1267911a24984f,DAPO-Math-17k,2702,train,2325,1
2326,ece2f4be5d71fd5ea0a9ed68830535c50ed82e0dcb2a52d0b3e5cfa75fd7c6be,d7aa0edabe617d2d375dd3680924e9875272db4d55d93c5fbc1478c54f8231c6,DAPO-Math-17k,10141,train,2326,1
2327,8f20ac31bd85282f8fb9c1f169894fb0f0a63cc9206a1628473e877e679247ed,781f6a5e597b22086a1d01032afcc7e6f1c240e60b7c0d115b9c4d99c2edfe13,DAPO-Math-17k,4483,train,2327,1
2328,984662332e134770e7d8930fe3096e3ad93a42854e8b720d0ceb89ec357703a8,553f5702edf50d83ea36f518ee6fb242619e4d0adb8af17a5a66508efa80c690,DAPO-Math-17k,9041,train,2328,1
2329,a8a6d8b41ee8503dc6953c625ee2ce5d0d9bbf208ac6ba1dda2836a5be7fd609,be366506584b722198c824df457c616a6b208e8f261514d0006a390835f3c93a,DAPO-Math-17k,16115,train,2329,1
2330,b082c0ba2d11dca270adb1ec6b3eda9543c25779a11186c316e44585b41bb128,20acee6d92bd1e8512db595c7c9c8db88b6a55cc79051fab915bf6343fd62cd5,DAPO-Math-17k,17021,train,2330,1
2331,18cb5d248e722e6c409eda1ef85fee72b1d96d56b489e7209829ed9c511c9ffc,d1bf97b17605aa17caf71d7fbfb838094708397955beecfc5f3e6a9472caf458,DAPO-Math-17k,7290,train,2331,1
2332,cb6d30ffbc459f95c2d1ac3273311cef0af302c3cdb72cd8c4437facad54472e,a8e98ffbafe063e8b04f09ca887049b99ec168f5656861a3fdbd2baf21443305,DAPO-Math-17k,8246,train,2332,1
2333,a32ce5ca12ee87e3f60b08ff9c51a9cb812106a6342209f595ce9c7f7fab825a,f5c3193008ff8b709727b8bb8a9245295b2c7a344028a627f1f59f0dd941bfe0,DAPO-Math-17k,867,train,2333,1
2334,7bf5e00adedbe3d49934652a692f33dd40b2aefdb07a933ca818c03db77b5f62,6e0ede74fd9c749f872b86392b123733799c40a4433869bb01888ee698cecbdc,DAPO-Math-17k,9479,train,2334,1
2335,82d6126c679a1038e8dc92914d07468c5cb24845536cc1e07bf46cd7d2edc42e,3807113e982a35903ba44b0b335b8539c16663f29467f5b0b3a898b60bf630ea,DAPO-Math-17k,6841,train,2335,1
2336,38e767126d6174aeaa18db2ed9a42996a19b722ec7205f329cd2267ea007eeea,aefa9cee9790d6399879ce4cb5b3abbc5b5447a4568c5305139561d9f7a198ac,DAPO-Math-17k,15871,train,2336,1
2337,072834795644fb8cce6e9d8291ecb296475c58bf027f8c91023a06da4af535e9,894a05fb1615afe72da05d0166df2fe9ce351e494976ec9c20bb00cc6a082517,DAPO-Math-17k,13095,train,2337,1
2338,e8ccbdc38bd8cc23778a1b8602fd918100022e4988aee5a07f483a2f2685625b,13daf64fa73e3aa6dbc824211b8c0eb10a9781cd879d374a927217c3102ac4a8,DAPO-Math-17k,16927,train,2338,1
2339,5737126b3e908d7041d358040880b65d7ddacbd6d3087e96d03c05cf257c8e48,e99b7326c10e82cc0404280dfebb978b77b6b66dda8ef13f68cfd7c6e9ddd33c,DAPO-Math-17k,2800,train,2339,1
2340,931b4463aaab4cd2fd9853757e76312c1b222815a90fd640aeb7b60377e13ca3,f62e3d3bfbf9f4fd1aa38b5a9fc9b71a2889530af89db68b82e8b6fd7ef80278,DAPO-Math-17k,9560,train,2340,1
2341,9c72cbe6df89adf3e829b65a050f611752c7eb0b1bf980d19b310fb4976b3103,87e34d255c3e6493847659d2639f103e8b6ea06e8657c752d8e66e648ec444d4,DAPO-Math-17k,11721,train,2341,1
2342,4ff597d38e8166f3b563ad91074bc33993cd046aa3699ab8aa32bdb9e937251f,b4792551bfb1710c5a857df4e16e1b8f53bab121cd797b51ff32b26462c16bc0,DAPO-Math-17k,1054,train,2342,1
2343,67f91a06b29ef9c4752bf2eaec2e908c4eeafc14139ee716ddbaf138b2fe011f,5ff80908c4cc585dfdb8fde5ea7dc0b498de0408c800f6ca67eb7cfc5aeeb25c,DAPO-Math-17k,2027,train,2343,1
2344,aef6dd0a05cdc970b12e1d16e95ea6f86e0e6b7835d5ec4bf4592236c2a1f471,7c1e5b78b65f1f66351e51cda51962a3cd7954270ccd7d38a7b9a6b2735860d1,DAPO-Math-17k,11343,train,2344,1
2345,feaf97ced60b5e4ef6b49dd2961ea887cf94f876dfbbb0e976ea9d5aeb024b80,52b0710c707c3a4a12560843eb01e223cbce6681aa0a94b9affd6497975a92ad,DAPO-Math-17k,8362,train,2345,1
2346,49218daf87dc4185a668ace1c987db1c5b5f6194574b4e57ec17e61923a3e1c7,62a53ed12eb95d71b077056736c8719469f8cb67e0435bb3336e5ce08e7a6516,DAPO-Math-17k,4347,train,2346,1
2347,85948b2ef2e97c035fabce27764084b4d15241524ee8ee22e6cfaa19d2f7ea7c,e0108800c93d74536765eb2d08247642103c36a12797c4838eaa452edc325da0,DAPO-Math-17k,4355,train,2347,1
2348,97b124bf3dd8b70162b584cecdfcf66a5ccffb72386c66d27a323f744871029a,d99831e79f2490e9579cd81f41c33b88e4467399c8dba2f5b9cc0e7593df754d,DAPO-Math-17k,7409,train,2348,1
2349,0aa534dad3d45abcbb28122522770494786630e86deae08079c681adf5077c3e,16d6cd866b6fe9d772b7b8828261286017c0c39607b9dc43c0c8b7e830b7d20c,DAPO-Math-17k,6584,train,2349,1
2350,341dd7809bfce2fd4090175a0df1a5af38c869f577f606f5ec4e1e4fb5e68eff,79a22f0052d73473d9853a87374a52809d74497b31604c514da82c8b34570675,DAPO-Math-17k,2843,train,2350,1
2351,b21f05b1c64537bb2c12eebd11e98f288f48e692f331a8774ff0f84451c4d3bf,340adf4962387a03e6a01e28e5453d63e43a984eeed4c1c74914f546d429a7e4,DAPO-Math-17k,5083,train,2351,1
2352,71afd9f8bd49c2d06b000a1b46e72285ac2548d79126bce7f2def25907f115b8,b5100b2642dcb0a40d7c08d06dac022fa104d4c896d969796d539b1079fa9531,DAPO-Math-17k,15788,train,2352,1
2353,50ee492b3b48c4dc1cf3c0a33d2d485e2ceb22f09262a8274613421127a6ae66,69dfc5cba3c25983575799e62c597d6b0f09a05dc740698c3825bbbcfc6c521b,DAPO-Math-17k,2127,train,2353,1
2354,637cf692c19e6314f9a98f769350125a3d5946ecf46b91346a284db6bb5d21c3,c2839d3df2595ca7a315e77ead49a66149da3227b3661c0418db7608cd47fd75,DAPO-Math-17k,4988,train,2354,1
2355,450146b7bcd7b05ee3e840fc955ffc1c4a592d833c52d47f6bfea03f58ce21c2,4d7c03464ac0f39bbedc8a1c0a7c3ac0184064f129979aeb406455943decce75,DAPO-Math-17k,9809,train,2355,1
2356,93254544c08a5b7577620670cbe960b58bebb5479d91f0e61ab447c73b7101bd,3db996ff355a9cfb3bdfb51ca3052367ecec3afe1bbb8696f039f243858b1402,DAPO-Math-17k,6331,train,2356,1
2357,18acd62e765c81194ad2ba8dddf58ed3cf0a7e7a1edbefc52e31abc01c5ee3be,6894064c2c17199bfa18ca0e6786f69515cc7df3c1add62230723011b28eabc6,DAPO-Math-17k,3516,train,2357,1
2358,8929fb58880634cf0ea2bb4575553b3e27aa2de9171d2e68655cd0f9e428d0df,33f1d92fad0d0bc44f47a04431d41e905cace552af6b2a5a4bdc882d57a33871,DAPO-Math-17k,8598,train,2358,1
2359,8a50df7578307586e1e93deb305e098263d62714e5c929be8676c13fe997fa14,dd6d9c1e17eeabd7d44a1ac0e9ab4f2cbd57612890fe70dba557d953fce07257,DAPO-Math-17k,14265,train,2359,1
2360,6d5fe4276b8b50d91c58f32e4f5fe5f2d462e221a313e07b97b77fd8f39ef103,718963b16c2ea7c97265e43b37b334f7fbee7400c43f1b930edd63c89c58783e,DAPO-Math-17k,1522,train,2360,1
2361,cf8bb268baf53317752073ff1fe8fdebde853973c71c2c8535cedcc1fe8d4959,84f3197cc6f51fd82b2e37fa2a88d86dbdae411c3a7702ee8157ca0c092962b1,DAPO-Math-17k,280,train,2361,1
2362,da438b368b4978aa22ba34d13cbc199b2285b3d50b170f8f118095808c69ea3b,4a3836cb9e02a837dee10ee36b135fcb4b7f4f80f649d82e83cb269270beadec,DAPO-Math-17k,6628,train,2362,1
2363,bb14d5f5d09dc706bfc204ab4da4dc76173d18ee754f33535d1ec3e7891d27dc,0ca772625684176e951566853983df10d2bfb3855311dd91e5331bed69335fa5,DAPO-Math-17k,9125,train,2363,1
2364,67eded510eb6de1cdca276bfa192d25369c7a1524980cb8cae44d38b1b17c2a6,0a66a05b9b5474289c299aa78145792cc7381d7c22bda3e7bb46935a4f662264,DAPO-Math-17k,1935,train,2364,1
2365,bdbb293895093cdb5c6570f367e1a5a710e0ea6886a9d1ea2c8bf20ee3210a6b,10d88a058c32a8f5a465246fcd14324f1a66e80296b0bb15ce9932a0ca808c82,DAPO-Math-17k,2424,train,2365,1
2366,79f66eb9164f77424af489fb378f8837ea3b6e28832439f2c4b9f87dfa1ea900,a479e9033d1475aca4a27d3746c3dfac051968a7ea06e98b9a87aceecb709ffc,DAPO-Math-17k,5107,train,2366,1
2367,a7cf54f3d41b8ae42db0eacac4f65a2001ef760b6af4b979d01a75fb39579c0b,d0a0a49e17e46171f370aa38c5c01118e65cf9e4ae17caed0a84ebececaed7b7,DAPO-Math-17k,13476,train,2367,1
2368,e0743463658d820c6319bdede8ec265707f504687333daa70407ddbb46e2638b,7a4e9b040daedc97b5d8c5109914fad2929e21c46007afad19cae57aadfc4075,DAPO-Math-17k,1276,train,2368,1
2369,5da081e506f3f131a1803323e013cae56a8e4d3c3ffdaaf24a62661998c000c3,59f1ed512ffd119c060158e37775a75b588ad43e2a54be5f9dbb603c88ca0c9a,DAPO-Math-17k,6860,train,2369,1
2370,ed886e088329ff3a30dcc6b3d947fb7f7b603a4774cab9d4691507caf14b2853,738fc4aaf2e8c8c78435b53bc830688fc0b8a6546e4c708a31a281a549d392a8,DAPO-Math-17k,13707,train,2370,1
2371,617abb63375600359261500267139a3243f7d8f1604709e8b540cac57791e7f3,a596f7a0e6a6b4a9c9d2df98c1051c54483129dddd89b8f76ed29de6a8803894,DAPO-Math-17k,1381,train,2371,1
2372,f96a2e3b71997844bcfa4cc1d0b3cf97eeb295321c0e485d156fc17815327aa8,b2cadcfe46f8b9b1d4b6bd8a779c6d111d3079ebc28f72b848887546a877a655,DAPO-Math-17k,17011,train,2372,1
2373,e0a3b7794d1a6d2854a9377119ce4a98dd2e85ce7efa3597a4e7a6973905a997,edf28c1ed5a5d54b9f7759fe0e5b6c56ccc07e410f2601e2540ebebed7347e36,DAPO-Math-17k,5720,train,2373,1
2374,5a265cca5c330fbce856ca9b278e37d95bbc0d8ef22d697025eaa25660998000,484c3c4274e07084d797a2ad3cc0e8379dd0cf19bf4d2893f2e25854fe26b380,DAPO-Math-17k,288,train,2374,1
2375,f568b3e2d55182b815a891612f5ec26414eabb2761ec70bebd1e8b632849be3c,33b5e6c1175a0bf542449e4e0f5c65bbd1c897a2cb0cc1cfe692781a57f4718d,DAPO-Math-17k,5688,train,2375,1
2376,455236109cc42f25e9d9dcda96731ca1055297258f321b2b2ecae7c395705f72,2ddb3de6f77c9fbea92405eff51b14aea94fad8c4df7eb1dab41d9e91297a3d3,DAPO-Math-17k,4226,train,2376,1
2377,4236de5f38813b54817f08301adf21ae98f04eacdf73a0a3b146135efe1ea903,edfd74d72317473f6c5a74e552fe2bec8cec9376fdc88a4c17581b2fe016c8e9,DAPO-Math-17k,920,train,2377,1
2378,497ff5823d61fe4af8a8980d4011a7b6b0d99ff9a23e44791a140f92eaba8761,056746f170d8d0ed62ec237566d72273591e7d147d6d03d1dce66ea2a667cd15,DAPO-Math-17k,3874,train,2378,1
2379,02c43794c052cdbfa2133c777445ad55bff098eec42aa658a62bdb1dc1559dfd,189edb75f00a0880441f2790ed122a3d5aab959468607d9a14e129c081db6f52,DAPO-Math-17k,4488,train,2379,1
2380,80ae5f05a0abacbf88e4b777d9ab9cafcdf582b4188b289cdd9dd1a266390cb7,761fab0ec9295369b812807de3d72bcf7e5b70ad6beff56acd81303ea4474474,DAPO-Math-17k,5357,train,2380,1
2381,700197f94c524d1b3d58e9555b12765447adb5c9f5197a398e6df7b1fb72fc35,06559c39bf8658f23bc5cb8a1c0d348df45dbaf949bebac65a3dd7ded183536b,DAPO-Math-17k,9215,train,2381,1
2382,e5e87616a7de12d4b94d1b70bde3cf041f818410ea1608ea29bf62cf6e05755c,66c988213d32698a4d9a7cc6268a6d67ccea8de962b07ab6a4d4e8b9c9d375f7,DAPO-Math-17k,4765,train,2382,1
2383,d1c17d69d717f6a6536e448f4ba7b0cbcbab786ee5e4f6edf371932b7bb076a8,dc8a8f97f4d1136b3979f8e3e5ba61904114c8a5aa234e30e3f3765186a85000,DAPO-Math-17k,13943,train,2383,1
2384,00a02618a1098b632d3e7b2cf4bf5feaa3d05eca2bfac87aa5f8d35a077e125d,36ef1ea9283ffcf72d1b2c7bc7b409bfa635662f5e6a5659479bbc6470465035,DAPO-Math-17k,7847,train,2384,1
2385,87fc3400f773e569399df9c25e1913ac7e5a108e51e9f9e623b5c2605abf0732,aa89dfa3aaa97be065702ad5127cda7b86ba0dcc5b526d4bed8cea7b15cc4c37,DAPO-Math-17k,13273,train,2385,1
2386,89eb2550a67b67cd39557926595d78b1e687fc643ae931e8d155ea0ccb37abdf,ae64082496515b03fccee6a4cd10c92bd1ffe68275aa7bacc9a16120d5e0095a,DAPO-Math-17k,3235,train,2386,1
2387,b215bfa27a13b04fbd49bcdcd6d7a7bba69b421a6f79746d357a18d6d714320e,3a23e3d08c5f9604b1090d132c0f628a3ce5b85b63e211a51854cadf822c1ddc,DAPO-Math-17k,7691,train,2387,1
2388,dc09a9363e98d56e5ba1852925abd1d236edc71befa904917d7b9124a430dfb4,e5c601f22d2da5f3caaec2be5f355fa00bf3d3d8cf1e2453d8d700e168503604,DAPO-Math-17k,5785,train,2388,1
2389,bdf7f267ca88b82c9333802dce4a400d9aa8e530305ddd4bd79b0ea8205a3892,ffdf68d660390a0bd070b03d78f1707bdf025909deccd095ae1ec6c46e5395cf,DAPO-Math-17k,876,train,2389,1
2390,122c5f1f81e0434f5c7344bea9554349bae896df5fc1566ff7772716012bdb6e,3424b3acdef5b118dd8c15d2bd4cbca9a79991a3956988225fab740c1f4820c8,DAPO-Math-17k,4845,train,2390,1
2391,abb5666a7bc0d4c7ede3afa13abe04196d1f01f6d7e1d9ffc0a15656f14ee5dc,9a873d9f4e41a39b5b4168291800b1e65fc7f13a1f9f2da14e4f75b97d4a0fdb,DAPO-Math-17k,414,train,2391,1
2392,af838d50d3efe5538c116927858961c414a342e6abee4dc842491d0b47780b25,ae3c7f957f28553282c45d43f80361a6ef483e577975caf2893404be548fe91f,DAPO-Math-17k,7313,train,2392,1
2393,18017fcdcb638687fa88bdd24a09769d92cb8f4a66ddcf8f3a23c44f867f1a20,c75d06c030a749a2de91ac0f4cb55849976aabdc764c2e534aa2dd4c591c185f,DAPO-Math-17k,8573,train,2393,1
2394,947556b8c76ce1ed077a366c9c80b3f8e7b990eeaf2438d12c9c4d7f0213bf02,96adc63c62c833f51410d853ac4250e9b8b9d24299f209304c998c985592ef5f,DAPO-Math-17k,1439,train,2394,1
2395,4c0348f93cc8a8981813c6198f14f14e8e609b9269b5ed77722063225f34c41d,b76773775a9c34a4057b47612f7dc4f1ceee0e3b803c3288771cc65511a6f6d8,DAPO-Math-17k,4429,train,2395,1
2396,4bcb7018bbffa7f2f512edcdba9ed38afc7ac1fdd94dd0d49455128d50935491,460816b9bda12d41655ac8ae2850f09bc7b9d225a8daf0c69b6c176e0458f257,DAPO-Math-17k,1011,train,2396,1
2397,0d33aa22f583da59e2274dd7ab63d99e09b9d60c72ce538e602a52deb03105c1,cb4a3ceb78ee896f6003b3d824c15a0c011a5ffd5b7222c0a4d5f50faf078394,DAPO-Math-17k,3057,train,2397,1
2398,8ce1ff2bda3eb4e8bb13fc55c1f8b0e6156a4141c581a0d15122e9294d955ea7,861629834a561ceb2e1773005173446971129abde10bad1c48afa9a9b9b81307,DAPO-Math-17k,8956,train,2398,1
2399,08c96d85c1bd03bf11c8064a3d5ead18875bd0e496dc6725c3ae7d7073058a85,cc4626caef91264f68e0174661fdd60b28aca36334e3a577be6418eadd97e606,DAPO-Math-17k,15761,train,2399,1
2400,ed69c89caa625038ef45d264f9ec37a86c9c702f42c78af2921b5f4011369c10,f3a3cc6b27310edde7fbb90779d0c2ee17c9e7ac6c70300fbd26626a076998b4,DAPO-Math-17k,2896,train,2400,1
2401,4cba7a7e8bcec03a8db30bbc55b7292aeb508d435d38947d5f76164016dbcc9c,dcb013a2c11b42d057e9c26f1a43292da66b54c2d5dd2835e0d2c1c8fbf2f09a,DAPO-Math-17k,8361,train,2401,1
2402,9f4a907fc91a2fab4f1cdb089e1fccd5813ffd79af510b816c423f981bcfd06a,efd1ce737ee5845f235d01f847a562eddbc8f93f99b11c1cf73b2c92de0496d9,DAPO-Math-17k,1769,train,2402,1
2403,fb93bae66627b3ef60382b7ae351a824ceabfde1883cd2c811f5e7f91c4ec81e,1f4d0e81e9aa67fa86e7defa307ab6d849e664c5a242bce591c187093eb36d72,DAPO-Math-17k,12747,train,2403,1
2404,f3ffef16e3fbc57f01cc7d56f369b39d40b69d9c9be342966f604dee77ff2ac7,47d91b00b6dba3914949ffc7b77732f23f0a3b214b2370b8be219e315cb460ce,DAPO-Math-17k,12358,train,2404,1
2405,24ab94bc18a7d6882f4167593732514a2a0cfd009065155c2e046cfa8da6006c,27d1e5e7c52821897a5f5d1f43586938a63aaac7525759aa660f578c62ed91e7,DAPO-Math-17k,16161,train,2405,1
2406,8d4da948b17db1066a61ccf94db3223c89b078ffebc50c81aacfd58a3f77f55b,06bbdef2f3c51a4d340800830b1d7c695ac3075e38a4f2ee53738f04b4130d53,DAPO-Math-17k,230,train,2406,1
2407,a8d8c10b88f3d9c4d47a27f27251a3db0c98b7c421a6f3e4b8958cdca646d0ad,8bc34944c052d4a82c714518de42da5be5c26914b348c6e6ce80311a9046ceb7,DAPO-Math-17k,10820,train,2407,1
2408,a95396a5b0992e3eb6f201a78cd5dd52efa89cba36ad1e0e6f34fedc1b9c1e53,3630d3cfa207c7c1fc0a71c9992038edf34d6d424a8a26034807b2ca11cba04d,DAPO-Math-17k,16410,train,2408,1
2409,0f69fa1d3cc44177cc57377e6b7bf049a5f8a1690b4c53d1e55aa3f237c0aa4e,2aa4bfe37ee04ccb74dd1c6ab601994f0b5085517b01833fa763f71f61b2083a,DAPO-Math-17k,2932,train,2409,1
2410,82a34a8ad4a8bcffbe24834038c2adbd3879ba3c83b797102dd8240c514e4e0d,7bddeb57cf7f1fa5699ecbb5e288b2cb406efdb8fc55a194473e3d0cc1de16c3,DAPO-Math-17k,7219,train,2410,1
2411,cbc209d4cc12251980081bd96e3c5f792ca62f4c62ea946b57878414d81b2464,5535cf675e4c1040d40149e8569adbf536f3069930f6e84fe60659162473f944,DAPO-Math-17k,6029,train,2411,1
2412,9569ccbe31510eed191caecf80a6e63f4030ccd6621a8cc419296c02e038a86f,d197bb0343dadde3525c97a22511a9fac5a719dd87145861c8a1d3472a9588f4,DAPO-Math-17k,8504,train,2412,1
2413,29b74d35f7b7bf87063f29a20a64bfd94f343c72d30230bdf92e12ce19ce6baf,f1067ec94ddf89a41b273c2b7ece408f35f400a8963d6a232213ae7e1328fe16,DAPO-Math-17k,7230,train,2413,1
2414,6d3b0fdb287e95ed816d40f14e74d7a1f0f7e2d4f8ccd8cc135eb989952f0bbd,6603235b7adb5c89ff18fec570ad46e39f4a87cb0289212e17fa678a96ef57af,DAPO-Math-17k,16374,train,2414,1
2415,c6a0eb3febefd55f4e450d2f8ec88e3e2d205e65d0d39acc783d633e5f42ab3b,092f559987499be65affe7d9bc6f5591dc622478ddc263a75c3e63cbeefefe1d,DAPO-Math-17k,4612,train,2415,1
2416,0bcea477ece697e3594180c6b0c8aee9f6c619547648a211f22397e1f3bf2eb1,e843be17aa0abe8b0df4872704dee824b850c519cd8d75d8bb2836b33b2ed4fe,DAPO-Math-17k,9937,train,2416,1
2417,47ae88d70c0a420aa9b1dedbf4563dae8858a3837dc48d8cb01eebbebe068e48,0a1497435aefe9055b30a0821017f90d64f6a63ca49cc3b0103a12c618afaafa,DAPO-Math-17k,7816,train,2417,1
2418,3fd8f5e155119511a3bb05376f5c0230acc35eb483190037861ac9f8321e15d5,f081b6217af3cc0b61b1f5ebbab0a7367c7e1bab7c01d23b2359236ce9bcb602,DAPO-Math-17k,7937,train,2418,1
2419,110bc0a6491cae91a98b02bb929c15623a203438fc85ec03a32dbfe1dd40c759,80bc0eafb1d78281d852c83f19e465336639a7bf5bde658a19ed44b2d28e15fb,DAPO-Math-17k,12860,train,2419,1
2420,6ff83d37e153e6cac7db83bfd9c6156fac497acbb1e5d04fa97506cc841f57b7,e08b254d802aafdf17ed6527809c2f314738f345b9f22b24fcf5f8e49746b1ce,DAPO-Math-17k,4830,train,2420,1
2421,29044074727c982ba5887be1b638adeba183567aba6439a8d103694a96063861,402b385bdd6483db60c975a89eb0aeae447cd8fe240aa967a9262dffca191f68,DAPO-Math-17k,13617,train,2421,1
2422,5d499a4047644be432d912cefb8776006d72e74e05b5e0eb6783c3efea6593ca,aa55cf914edf4092b119a52edf76bbec2628028ac32a8494f099f8df6ced3273,DAPO-Math-17k,10038,train,2422,1
2423,51cd078fff443f47bb95660dd3d9a1038c6e582bef2f2e55816a9d3cabd3daa2,d2d967802d52d3d3b8e3923b74cb18a34391be6bd78a8649713eeac207ed12d4,DAPO-Math-17k,3551,train,2423,1
2424,7bfafc17f5e700db47651766e00ccd686aab1186ae3d3d4d64f389c3d3c36b38,cf62a87019f6ea0f0f4ff42cf8b8226f33614cbe042cddf62643a55ee4a9374c,DAPO-Math-17k,2022,train,2424,1
2425,e7e2613a5743d162a8c5ebfe7eefc0e6c226f4d78b6498554d701694e1d9e3eb,43e5a268cb24b43cfbbaaaf3d84f64a75fba69cc75408a3fe2030e3803a024c0,DAPO-Math-17k,7750,train,2425,1
2426,ec5af446c9f729778642ac46a008bb5386d972aff9d95cb9b30c8f93db195289,43ea4dcb09c885e7f077f852e10596c72fc629731e1f15c24c35908e9465483e,DAPO-Math-17k,13279,train,2426,1
2427,b8b9ca5b9566221606d0f0554f38aec7bd4016640ec3dbd1f8c624f158880076,2ebc373782e342327c19f1f935449d035f51d04dfe9ffd58dd918d39ddbacec3,DAPO-Math-17k,8719,train,2427,1
2428,7ab0aed6456d9bd82627e26fc9e05f39cf7c7661595fc276747af6f83bed17ed,f1ba4a83e2c2960640142de1e9ba8430e1d637079aa7c8c5d7ffc624e98224d3,DAPO-Math-17k,9634,train,2428,1
2429,1f4c043a5d2e676df69c97f3c9837f74c6eb8c31296083e393607ad396bdc2e7,bc967d5b4af1499196fe14dd611d44ae9649163c0284ddf373e6c395d568b0a2,DAPO-Math-17k,14367,train,2429,1
2430,20806c0c2bc45282307dd2fae550e9d85f8e03e66295825b81f8b1687ad5d4e9,5ca24b5a3977240242c3b66b1cc7330814b9df7f4aa75deb4f110a53d32fd18a,DAPO-Math-17k,14209,train,2430,1
2431,19081e006fc6665a1e6cf3de2170d19080ff71cf7d343a0bf5520cad91b85710,ef1ad0ef2a61aa11f90f7ce34a829bc66337081a95e7c162cbf0e456d0c187da,DAPO-Math-17k,11942,train,2431,1
2432,95a527eb23fff070c5c68c33eca7c9c4c54eb20bea2e143b8b3eb0858a5e0e05,39bd60b9dedb655d2a0bbd171e42959af9e38ad5b6f02a961b402fb0a4f9527e,DAPO-Math-17k,14134,train,2432,1
2433,18d37e91b313fdec5f5d3da37ae3782047b1dd3bb9ae7c7b9bfcece537dcca60,e2b8b2d67aa520e5bd91e192ddfc9f7850c986824927e8b42d060fa7ef29a97f,DAPO-Math-17k,9650,train,2433,1
2434,12284d0e8c016e28bffffa224475ed2de72787876feb48319f3b578ac96533fd,b40ce84528082e371b4f19fc5ece70cb5c975e2794a4b8de774234e24099119c,DAPO-Math-17k,15280,train,2434,1
2435,52bee3f6ce613400df59e980cae36392b371a5cd6634d8c9f91f383a895113f7,3bdc98c4d7e5684ca9ac80bc761c215363d49db7deb3cf6c374b6f838720289c,DAPO-Math-17k,3705,train,2435,1
2436,907d5729327c6ee91b1e4c2af47b92f06c71f8860b841dd7b59393a8b9169081,7d2c6667c721ffd163668c5975a967745be2d8292059cf7287dcf7289f8113c4,DAPO-Math-17k,4911,train,2436,1
2437,1ba009489321113b9d3bef7cc7a9e2252c69d74073da22b4121b8dd7cbb9367c,7349add71dc03b134ea29415dc54e3e459ab1205f93cd60fb48c97e504401c28,DAPO-Math-17k,6915,train,2437,1
2438,34615741472e7c2a03a1dd8387e81fc4a14777890b4ea03ce82755250de759a5,ec3be6e62fac94df215e49fb8ef21f587442982d244d69965d53bd4bc2721e4e,DAPO-Math-17k,4489,train,2438,1
2439,bab099b059ef00ce35ed64baf593a04c78f1c03b4bd30f9da2cd1c81a9b3aca4,74ebb20ee37345337618b3ea1782c4060234d53730daa36857093780d2f06558,DAPO-Math-17k,2294,train,2439,1
2440,0d58f8c5e2f9beb0ab11b11859164e8820a098075f72dd28c73a05ec6d859b32,27cd32cd95f9e098bc3951136c5c65e3cccf81d8b5ea5fccd8f59dda38d33f0b,DAPO-Math-17k,1237,train,2440,1
2441,74ea3d7f33e30b5a7ae140ce91d97563953bdcb0f3ec1f119df91737c7df2d90,8e536c0c2446d2820736bebcd48573bfdbeb19504139bd6d68a6b2b908a26f1a,DAPO-Math-17k,6220,train,2441,1
2442,a6e96d3a6350c8af4e401720c537ccaaf5406674bd2c1555e7fd592ca8b9fc01,bb7a93f9953c6b39a6be8da0ab614770310b3a1c0f5899e67b63cd73293a9143,DAPO-Math-17k,9782,train,2442,1
2443,63aeab544447e7df7157b741d51dbc97ef3beae5eb5acc097ac4e27e40083383,61bfb3dcf58163be1d060976e0baf14e943039ca06526ba95fb767209ce49152,DAPO-Math-17k,16675,train,2443,1
2444,c83fb973da7ac3a137472fa405d5c2347c431cbdcec8aff667f4408d364dc099,069b5b89253c3891eeb3ecaf3be1d356965ad9441187dc4f799998a28ad3ecea,DAPO-Math-17k,2075,train,2444,1
2445,6a4b907b058fda19debde43c4f625cce95982dfbef1bc8bcf97a926fa863accd,130247549d7c1a905226fbe1f1f04339db4e7c685d73d861c87dc81de983c08c,DAPO-Math-17k,17050,train,2445,1
2446,903e98f03898db916da164d31d4dff309b680028c4aff48a17772aa229548364,76264454266a9e561796a14c8caeae74cdd2b35d4f74aa3c524e6d685093d5fd,DAPO-Math-17k,10439,train,2446,1
2447,69aba3f2b55cd8fd8cf58d7dd1c4ebceaf5e26aa21d41dbdc607041aad49474e,e5e924af20f1495600477244efe437a8e2f2ea0ddf8f1a56ba0f059ded035b8e,DAPO-Math-17k,12435,train,2447,1
2448,4c2d131e7012cfacf86c8b1b908fd44ca88baa791739b01c21941909ec0dfa2a,6d047828bc3b1943168e37ad2177b01b33bc6dba6cf656883b5141330c637aac,DAPO-Math-17k,4337,train,2448,1
2449,b7e951d6aaa2207a8aa195e8436eebd807859d470cd5174d9137537a8000b712,0d390470f634f563fa2e6f4e7013396e94159f2287700194fbfa0741acda00bf,DAPO-Math-17k,1068,train,2449,1
2450,8b827187cd4b39a9892e6f82181f323472ddbfeafd035bda5ec149d9746e5489,4f8de450a03cb4e14e113cc5e61f8bbb31b7cafa6c27b0087573db142005470e,DAPO-Math-17k,12021,train,2450,1
2451,23b8b70624ae46d0b08e75d5c5e5c0a2dcad43ef2661e1c2b99ee3b0d5d7c8ff,aadfe5088ca77b9cce844ca9c15a0b3072530548d5299eb2197625b5bca6a169,DAPO-Math-17k,12707,train,2451,1
2452,9a381f9a6132a8c8f669bd2e17effe922fc92349d582ca0499330ce8d040e8f7,147974b8166ad91563e5df0bde8bfdfee40378f1d59ced6649dfac617f2ecfa3,DAPO-Math-17k,2039,train,2452,1
2453,58c306b96b9740b5b121a01a8d8b05cc1a2ee7f34af35f81b8268bfd6c5612c1,7464451bd3cf9c57a8ac09c9054260589e796a3b95f720c2f86a21984bbfdc8e,DAPO-Math-17k,277,train,2453,1
2454,0faa0f8099972c9ae643beea831c7463ef291d5fc2c83c37ef1c44c73bcb4663,62178f0e053ac2bb1f7c5b3c58100f3e417691feb76f1a87d494ee0e732d2bba,DAPO-Math-17k,7677,train,2454,1
2455,df908b04032b0dfab339d8fe83a69a42df25b08a5396bf47d6779f2ba73ad400,63c63d91445db9d81f03d4099a153b816c191763a7418633343c3ae06f36decc,DAPO-Math-17k,3674,train,2455,1
2456,488d6ddc295c573e4cf8f0002a2d8c53c536616472ab1f9b36dcf6d5d13eea56,ab8fd96ee2c8075427e02dfb62f1e1b557f0e50492faa8faeec9d12cf9659811,DAPO-Math-17k,6754,train,2456,1
2457,4e728045c17be6c5156898d47afda3486fe1dc9a1413a03375bde8bb4109e486,3e75e9b4567820cfa40fa5566b4c9ca18011d9d85f86de8dcafc847d6b355b36,DAPO-Math-17k,1512,train,2457,1
2458,442be10675bfb17934369c1a7b0839de9ba217643d64692ebd3da89a07468d01,24b9048efd12e9e47d19ce91fbb4959d11ce2405d3ba2ac7dc14554d39db9599,DAPO-Math-17k,15533,train,2458,1
2459,362a6f857562c694f921496a27915fb8b3b5954a8777c501b8ef672c7676af6f,18aef3f8c63910b08b4b2e492ce7eeab027f4e979279f0ea6768c83a1144bb8c,DAPO-Math-17k,350,train,2459,1
2460,b6e0452eaee40ef2e1d734cb57b393b29ec18d507f41cc650acabc7b9e0a71b0,c89b103d8c95e20d849eabbf31a933523da934ce922137a7fa4c8f34437ee418,DAPO-Math-17k,14586,train,2460,1
2461,95b483b286eb8c2841f10abd57a1110437fd97b2932cf6f46f3b73f46450dcab,fc5c2cbb97e8c57d397862af2daa433eec68cd625dec59c2074d2263e3172b4f,DAPO-Math-17k,9156,train,2461,1
2462,c90eb1042882562eab337c34bd109f57175444d8d0039bb7b236501718522c5c,fc85f73df84a431e241bbd92a018827a870968916139e17205fe54c3f4f86b57,DAPO-Math-17k,10776,train,2462,1
2463,f8f1440671fcd6416f18a5dd052f118f12d699ff87ddabfc9a68978585ef17d5,b3b6da05c58f89ef976c77c8a53d02775f4101f165fb367f36ac0cc1ae98174f,DAPO-Math-17k,532,train,2463,1
2464,92e987ce6995cc28bf2375188f2df62138e2c8edfe774e894417c3e34d89b505,da4f1be38b3039b1ea9f4c45f36e1e28135f4ead5d0b1743453a3ee896c97ff5,DAPO-Math-17k,3073,train,2464,1
2465,b4c22a7cd11e8c6dbdc357e26bda09caaa9d4833312ba7114786dbca7df15099,1cdef22da310ec4faaefa509d04bdad8941e4ca3c950c795c611ea8c200be968,DAPO-Math-17k,5099,train,2465,1
2466,cdea111ee801270661ddf3c888e3e7667eff397ce7b8f93ceef2cdda4fa9ea07,dcd02e24ed2fefec94a0a42272a4e2e63335a0d190da64b53719fea9a6e1e86f,DAPO-Math-17k,14721,train,2466,1
2467,abd1fa9c11d015ccd764ba6fb473cc46137d1030ffeca990d2120dfb4d1a598f,0b7a6fe69687bd22b0ddd30eb9db181f5a8bcae56c90f17bc17cf68b76199754,DAPO-Math-17k,2577,train,2467,1
2468,29494de3b9bd817c51c481f7da74624e1779d645830fd31b91d900db82ea3cce,2e9248042a8f7a5d1389eec9db4453b4f33be6b0ca6fab6fa0712e84519a8702,DAPO-Math-17k,13475,train,2468,1
2469,66c6cab0cf081558eb72f5ecfd4886e1a1b91a047714c8a139e8852c03154cd4,d9010de676a043ca97db4758fb5be9a630932108bbb449ef3d5e42f4f3ffd21b,DAPO-Math-17k,2880,train,2469,1
2470,91d93d70a270cb70141853b956a6ec98d484f7e2ef38aba201da5bf7b22c6c44,e76ed0119acd134090f597c572473df4a64b911b06341276d46cb590091653a4,DAPO-Math-17k,7420,train,2470,1
2471,8aebb73e9c87e21caa5e5e58e0d5e9f3e8d0a11a679fe8ca5c24bf18a362aa5d,b34949318cec9e4eb04c081778aab39f4e1fe172cdfbd3b4800cbfeb0c184f68,DAPO-Math-17k,11161,train,2471,1
2472,f3bfeae94a16c659394ba9cec77b3c529f47b30376309fb3836062f7a09f2cea,5b104c344a08bbbf594fa2e3cda470c202a72249371f6f71c57fbfa1be3615ae,DAPO-Math-17k,1088,train,2472,1
2473,e12557ec927679833d0361121e3649dded35286d4f4f2bede264457944812b52,7d47f90e93ff0adfdfa73697e81d6f808f78cb05d3235701463f5a690762ca4a,DAPO-Math-17k,4334,train,2473,1
2474,1153ec03551d9c9635dc7faaf016c9d5d765a132e314b1e508d2930d692efad8,21c5c33165646ce385d6e199494f4c1a18a977e165a94b4e62b208b796e66151,DAPO-Math-17k,16528,train,2474,1
2475,bd6349d5e123d3a3bb75c8c2cfd43aa048176807823c398d6f1207f7350e7dd3,c491ccce6618d1e560d0ec27c711621dc39b5f5fb39a3106889c5e336a4c1546,DAPO-Math-17k,976,train,2475,1
2476,efe455f6d3b8e6b843e7462d41fd5a45a95062703d2ed77b3a2272f65d38095c,0b7240c3af6b24675cfde8a7805335620d3095e488c7c524c59f705c583fddfe,DAPO-Math-17k,6334,train,2476,1
2477,98942ac2b5cbc83f4214c58cd99f2ebd111d36932a5bef42563bb5c67343f394,42944e11c918cd4afe5b845a68bd71722d1fb01f837085c3633e53563d6e3ad4,DAPO-Math-17k,102,train,2477,1
2478,ed2fffed26971290bbc03115a44dae7c6faabc61a4897aa265f1d796faeba787,28f992797b81f5e94c6b79f995eed8d0bcca0028eaf72561ec992117438ffb99,DAPO-Math-17k,11021,train,2478,1
2479,fa075bd6daea9f9f9b4782011b39ca3a5e44550b1f6893266583615245517607,698ad7e4284a23195a40e6dd9904f3986f99eea002d7034e742c46bf0b6f056b,DAPO-Math-17k,3375,train,2479,1
2480,09aeb78c45b2b3398d49465a8b2999ae7d22852ee6d2ef2b5a5191ba65046fef,2392d5085722a628f02984a6f3de42e5e783f1f5eb83f1943c5103c4d6f51022,DAPO-Math-17k,10555,train,2480,1
2481,f5ae417a2e300391455fc06bcf621026a920f603360e92dbca817fe18c499e31,cc4875a0253956a19765e06ad083a7a61552fc6ec4e8d5cac0280d8ba9871618,DAPO-Math-17k,2894,train,2481,1
2482,b5c7cb31a76136bf7681ccac950df9e8e74e4c6fc721b95493b4606a3ca9a022,816cdf15eca666d5698cc18ad23d61031bd8139fc244fd33d9aa40d95e2fab3f,DAPO-Math-17k,5992,train,2482,1
2483,f72415136cf111c1f7562daff4ffe0ea3eef9e62c98e6b747167a57f0869d96c,e1f3dc1e7ef06fb082298b4537785ca93b44e0b4a363136d98b99bf357cb7b8f,DAPO-Math-17k,8843,train,2483,1
2484,d981480a4eeddfce2154e46d338bc213121ba062dee3e4209ce7c3c52c4c4083,bf186e85b82b4109bd4f010808d6425e4b37ebc3733e85265367c4728d8096ef,DAPO-Math-17k,2459,train,2484,1
2485,d928fdfda638fc89430c48372d842198664e03f6b649e48683f193a828152558,2b07f6e9d30418798923e2c0f33be7b8f36e7f5c7ea4d4fe4963d5418cb464ee,DAPO-Math-17k,9611,train,2485,1
2486,9ffa1f33bbdd22a926a3146d014d35a55bc35c62c036f30bcf054b6c84864735,f1e628406a579e7454ceba563519c757c12fba1e2520aeee2f0c1143949d6274,DAPO-Math-17k,15972,train,2486,1
2487,c5bd53c49fbfa89a48ed51f33f13d317464860b14a5dbac4311f6dbf5fef0e9c,ef2d41191f2d26d3722d1e16b56f143305538a0327d6e4ad2dc17135d646a2ef,DAPO-Math-17k,10795,train,2487,1
2488,2c54a26ca0e5fc9ab0a6d84022515a37e40949e8541dce070c01c799f802e0e2,712b8dcacb809907e5933c3fd99d052caaad2d59e3a5e795b9b0db1340b13f5c,DAPO-Math-17k,3967,train,2488,1
2489,5e6f49754af7d8a383ff21c106ef5ff8d383809decb2092b45858d64142293b4,af4c6a05b26ccd8d5718c4d3a95d4a8e850c4825b344b41da54f6ef93e3a8bce,DAPO-Math-17k,8650,train,2489,1
2490,cb77cf1ad545629e7c36b2b9f0848c6e9658ae6cc0ffc55bf53bed47505555ad,3f71320386297952f9290b362e74207e62fbfc51719fb06cbf43cd79ab4c779b,DAPO-Math-17k,6039,train,2490,1
2491,e516e2c719f02c3c9dd37b9c3f4ab0416664b87e6c3f73dd213c2281db1d4423,fdc05d9f140a7f26bf71aa714a86efb5bbb02d10eded13d1a5e3fcb3bff82855,DAPO-Math-17k,4360,train,2491,1
2492,984ccbc4adf2c5a6de1e021850b28620dec344f449321feed44ceebe9b923521,016b7fc7a7515544c9f14931d27593fa4a84b670ff7291581152504822c4fc49,DAPO-Math-17k,10748,train,2492,1
2493,94bd6341b89e4dec1690129e1d1d95b374cf0fc76c21b73f1513a6f0b47c91db,b8b5e5a63d4ec8ff82aeed03f6416fc2be938342bdf7632abd06290b1ea7a4ef,DAPO-Math-17k,268,train,2493,1
2494,53383b37eb6ea5d32ba22027b99f14f6f55960c72367edefee31b182a5390e38,f737394abb844cbd5ecb6fe90f18ccf6f4b6837797f700726bb01a6ff7a906f5,DAPO-Math-17k,8280,train,2494,1
2495,817308e00de80404fce379114734c93f0907b8a047d7dce9fc83e3fbfa6bbd89,2c8f51cd992138e4aab399815e666a35e6088119cd89e8dd2837eb6ac19a1c81,DAPO-Math-17k,1335,train,2495,1
2496,eae4ae50c0148e0752c885d78387befc86af107acf040f684642b9dbe02a56c8,df7e996429a4da95fc42b494970fb36be415f2c640aa3379a68cad2d47ee0d8e,DAPO-Math-17k,3263,train,2496,1
2497,f677c2a1c0122d41baf74752f6a07a4ddc2480e0aac9be63646207f5b130da9c,8a3a0dd8d74eee08449b50242b5b19c61e0c58cf56ab16ececfd70120157ca03,DAPO-Math-17k,15989,train,2497,1
2498,884a590392ee652c79682f5678529c01d309fae38dc1024b781c8ca12f3065cb,fda6b459de0faec0c1e883008f7f5aa6435c4ffbde1995934c77d86f5e2a9948,DAPO-Math-17k,10445,train,2498,1
2499,a12aafba20ab31117ba42ce984fac7fc09fc77cefb7327fe27e7d2389183e072,a9283b895e2dddc4bbf14896dc2dc52b1217c9a1b4d122a5f74acd420a63d048,DAPO-Math-17k,3849,train,2499,1
2500,ef14fe603f841a63929e5b2df0ab6656f31fd1319c0fc6377329d3826e6eb2e5,e9101f59f2d2d87ba24fec5f5be578ed75f5cbca835d62e6d6dcaa76ae13e03e,DAPO-Math-17k,6866,train,2500,1
2501,1591700e2e6fd08f6eb8204c9a2647c233452e4487f17d0305df4cc9609ad746,22dc9c42af37e98b0c5aac8697b63af0306b3c3ac0fbe03ec538ae7c546eb3e5,DAPO-Math-17k,9501,train,2501,1
2502,c056130ae5bbd2d135d296620b3509c56d325bbd305c8fec85a0179e6eb21100,5003dfcbc99e83e8b7bbab108c991e529b879512144490c3a2a5bdc43111e8ab,DAPO-Math-17k,15303,train,2502,1
2503,22ec79ad6a1c58d4b04278688bacec5717ba1790ce3c86a64d02bd79e02d82f3,be4494b6d936c6f14739d90936c5a2872c348b8219e645fb31a0df7abd529e0d,DAPO-Math-17k,7224,train,2503,1
2504,693ed3400f87fb168584aebebe9b7ebe6e23862b0269b472bb344a741176bd46,3114e31cb2adda75e66dd13405561afa100aeb69b8bc32b6e14ce2886c1486e4,DAPO-Math-17k,5831,train,2504,1
2505,d35bd0ab6554b97af973da5bd77d114a3b864612f0056986ad672979a8e63bff,711641c3d29e5339b1a6b0a6b12430c9ce0fdde93b87f683667ad58b4da4e390,DAPO-Math-17k,6908,train,2505,1
2506,32fe0dadf9fb9fefe9e1969217382a1f0ba11bf59138ab3def72927cbd96ec2b,c8e306a824bc80c0b44bd5b378bca10a48f061f9466b3cb048aa9139b420a364,DAPO-Math-17k,4789,train,2506,1
2507,356467413919d3938051ad7e01a46f63e95f0367d26e440c3cc63d7472e10318,66745238b070014afe6cb1043136c697e02ce1f7e5b5683af46fdf5efc70d075,DAPO-Math-17k,1062,train,2507,1
2508,32a8cf6413cd80d02fbb389287dbd81479e2f49e352789fda31c89ebd0606399,a87cc1a0d773620e04165d2c2da35b810660385748f940f55967970fe6ba6725,DAPO-Math-17k,14644,train,2508,1
2509,56b2578864bcfa619a8c877ea47d111212f1bf766ecdb89e2fef7f99a3fefd02,544746d0dbadd84e3a719bc63f0bc666df6c3ba9b8227cc36da895389aa41609,DAPO-Math-17k,1487,train,2509,1
2510,b26937fd8c19d29f4d8362cf6ca325440b93c6d5eb9b0d7cd5ceaa7f9c4896be,24eb77b9bb3baad46ec2d02b0abd2a1a508b71f95e4db2223e54d1db1f49c8b3,DAPO-Math-17k,2878,train,2510,1
2511,83b7a0b7c4154a9924e78ac1fb7d0385c8f416e92f1afd2e2059489c56f0f27c,27cdeefb72223a4b6c420dcb368cf5d201c926520d502d84f5e5a19e23d818b7,DAPO-Math-17k,970,train,2511,1
2512,75d07f396ba9bcb39c591066806ba5f6b43313fdb1bf462915fd3e21a177bfd1,4491335836971e7aea02b08d98f9397461eecfaa1c364be7723ce3aff4a28372,DAPO-Math-17k,728,train,2512,1
2513,e76480b4b6f88b10d3384be262cbd9d14f27e44939eb1ea0e1d6d474b8432176,7d831e2bffe43448556b3f959d76e7e1ebbd3f62473f73061d20fb2e685bfdd6,DAPO-Math-17k,198,train,2513,1
2514,159fdc34e42a64ebfc1b308bcef2a63826b088b75e05114880a332efc29be232,0d4d9c788f7b90aae513f14ebf23c8929c459ed6f380496894eb9838656fd26e,DAPO-Math-17k,16883,train,2514,1
2515,24bf324bf43e22982cb70f1efa66caff122b71e7142c7a8fcff8ab74442dcff2,cef425cf7c77c75083f6d912bf7c85f3c801bdd97395a329754e5ea7e82f1558,DAPO-Math-17k,11669,train,2515,1
2516,4f14995328d15c232bb39759074f6aed35c078db00b2df8237b2ffc84460804b,267703c506d28259398f33740d0cf7a78eb5b1f8deaefa00766856801028839d,DAPO-Math-17k,6880,train,2516,1
2517,68a5e612bc8e0ad8390b73f828e13387deffe9b78e46b7a65565cab8dd97cb01,d4824f9e25ea693fff490414d7350ca2b2b7c8eecd6a848994c50a332bd26353,DAPO-Math-17k,8068,train,2517,1
2518,dc65af68ac23f77581c27550354d9ad73ba826b03d3805639e665a47d4f7fd64,4fe76d36401ae295a3c3b5edfd39f03e4adce6c10bdf364fea9a1d668ef5f380,DAPO-Math-17k,6566,train,2518,1
2519,f1fdc28cf722e5c3e0e24723b23fc4deca8d38dd4870c40e716dc3ff07828409,c8f7158b487b15a7c44c1de0c2bf80ce0a2e25891cae3881a249b29dc80c6e33,DAPO-Math-17k,9197,train,2519,1
2520,fc10d813cd32c63b1d4f017d8291bc0d27fb0b6c42d82fe5335caf47e51667e9,053474d78995edfd7d662e54db9f67bab728a01f5281ae70fe6457f9fe207c7d,DAPO-Math-17k,1617,train,2520,1
2521,a93cf42d4d2035ac4873f1d8eef068e6428fee3f76a7f3cd23f18c7d2ab49f7e,bbf574495073142460916d3fad5df0926adf7bd8e463f5fbe2fe59271c2ad8a0,DAPO-Math-17k,12152,train,2521,1
2522,2c57bf10074fe7eef3234e8da7614404b0e4683cfe990e6310d8a5f3669a1eca,4c66e022291cb0a2ff0d8b86ed995616d20e45a4a3d79737dcec2a04b92a184b,DAPO-Math-17k,3996,train,2522,1
2523,d71211facdfcb9f3a85a7b048fef48edba36df509fd05b65e60bae9f7e82cb0d,78a2a0c5eb53ebf53b1ce2c07cc5622c927513ca4bf0c75ee96f2d088b76d913,DAPO-Math-17k,12845,train,2523,1
2524,b23afd64a83af26e7fb7ac0b1d12cc3b899c96fe036f7549199fd706f1942fe0,92bb3ef909e5d54a80f5c177056988c1491f5e6e97e18ffc63fccf6d0b883689,DAPO-Math-17k,3925,train,2524,1
2525,b5bcdb3c3fa303c3c4527939b904e118e9585e40329f9cbbe10fd0bbbfaff12f,1c3e125f82b77ccb022d69451379bdc110032e3ccc9adcea81102957aa61a8c9,DAPO-Math-17k,12224,train,2525,1
2526,512530544f0c34f66a450a1ad44d765f88910fdd29d811ee04b6eb1f3806241b,fa8e8b1e55145615ee24c527e964af5c74d5a556a426bfbc83c578157d488143,DAPO-Math-17k,7703,train,2526,1
2527,1569680f81add43f31bffa07390832842a00dc9083b174e36c0907e861e5e259,ce6bdbc079d387fd3629a320a91c6f92981f79370c7536cf47c5e99b628f183b,DAPO-Math-17k,2322,train,2527,1
2528,1d1e8f227fb0966373f7341e07b856bd109683ab792c76a83faf4135eeaaceec,681d4c5711bfdde5c1747945fb52b83c084527254776716d808b9f019c1846de,DAPO-Math-17k,3019,train,2528,1
2529,95d5bb01fbd135fe4429007b6f778253b280349abd6e4429cc930f15c89c57d9,20847790a18d38078d98b79cd87339ea22a06097b4a8718c23516514b71a9085,DAPO-Math-17k,4000,train,2529,1
2530,c6a4e492a75f1c8aa3f331f35378e3b034f75467b06866631621c212fa5d4e44,103512e26c0a4f34053e749f840c024f87a7cbab70080acdbb13ff94a5037836,DAPO-Math-17k,4534,train,2530,1
2531,2d5b233c0b3a82de31053b1c8aac96912712a167e309c4da23b36f41053df68d,94a1d941377bf38bd4dbff113d76e8708bdc63aaa080409981009bb80ed90aa4,DAPO-Math-17k,15319,train,2531,1
2532,1d5331aca1c7a811f9e8f4f86ef3a8e5b9f6a981c61174d8771a2ce971d11b19,94e1c6719fe6445676fb2056872458f882c8cef5dfaa8c6f2da02efe5b46f0d5,DAPO-Math-17k,2383,train,2532,1
2533,6f702082ab4ac042b6a9e932a3326b5be23dfdab95625f4fced5eb8725392169,70e5030b6578bcbda0dc7a1cfad7782cfd08424ebf2f574f9b862a54cb852b52,DAPO-Math-17k,16034,train,2533,1
2534,362af38a4561f4f37930a85528438880b1418cc269b0f9a43bde476f3dc9af96,bcfa5985fded4aa61eadbc6e55b38ede902c43d65a73171cb1d26045f04a10b2,DAPO-Math-17k,7074,train,2534,1
2535,f497c5e00083230b69a9027cd9b1541d1d3ffd8a27b6f4e49768d9f560f65bee,5716c22117d7f528392a738f4107fb50df009cc3c574bd949dc830fa8d1c40dc,DAPO-Math-17k,4640,train,2535,1
2536,6cefe1f85599b7dd4aba5b20f8927d8e85c75878b9ae9a4c4cec5031d9675f59,851895b91958f04a840c10797e3b0f8691e487b13aedfb6ce6ce31fa04bd6b7e,DAPO-Math-17k,12354,train,2536,1
2537,bc37d571eae57007c5a48c2c8917f07a1a70e169c0bd80f1c948eca0e567f08b,0b5d6e2fac76ab5039ff89b36e2762ca963a77283efb082be6b4d49030502ffd,DAPO-Math-17k,11745,train,2537,1
2538,03674a74789a3495ee420f86cd70973b5448d26c4b846142767e0086cfbc614d,2c1ace7c56f84522aa23135e6553d732900b33a9f5c816de497d5ce46ee668a5,DAPO-Math-17k,2035,train,2538,1
2539,8bffd09a024f245b65c4c3df92b8bb2a0061f20d29c349f530d6befff0401027,35b6ce3a3b2eb8fcf0e407094cb993daf008ffb408eff3667a01825fd19f1120,DAPO-Math-17k,10598,train,2539,1
2540,a2e07a5f9fc974ccadac0659c73c9019af83860b3c14acce028650a6bec67595,196e07b61a6ea59284cf2de4ac3e274654da1dd75688ade6dcf75551afa3c12f,DAPO-Math-17k,6359,train,2540,1
2541,a291dd693d5a7d62b5a078b9ff48f904d3cd46faf4da0183efacd614387d32ba,0613141c6d19df66ead672eace17fe0b1d1071e4da8fd27a0c79a08700ea8782,DAPO-Math-17k,4544,train,2541,1
2542,3b7fe427598a11481be850ca405839f81225e6e45e6528a65e1e4400ff806cc0,dfd0f89a4c2719910bf56e602ed6d61b5b47abac430f907a961609b689b838d9,DAPO-Math-17k,11915,train,2542,1
2543,b1b9e6c1749b1fe9fe8250d95596543024b5a5aaec9e2414f267d0099c177613,a1eef07ba0daced45e05df820ba0b5f4c8352be4cd036f2d135e559a9a8370a2,DAPO-Math-17k,4298,train,2543,1
2544,1861428c150ba61f1652c2899b1051447e58e109289147f34ace442a69ab266d,d9a7d5a64845f607e8d5504a6c36800cc6aecb0e892f6effb34d921b9ca1a00e,DAPO-Math-17k,7099,train,2544,1
2545,78826337a02ca54f1b62d84525f1154d1b27d2f6c4082639de17a9160a740e35,536c8bd8a7c143a3931360fcb4ba9ec894fad987220285a7e78e0386c71fef5c,DAPO-Math-17k,12261,train,2545,1
2546,93db147f74781c9e9b3f1e7d571f0bfb821f5cb49207c55917825796f1712e79,50f43baac0ffc35e848f79ac17e24e1a7fe45d55d9bcf3f2c7e85233a3884520,DAPO-Math-17k,4363,train,2546,1
2547,93f7a2ce2b6b36eaad60ed86e27b95ead1739b3b0250c54107d2160d55d92bcc,d35df0e924605905c67279771b6500f772092665fb85eed1d60e91dd43b60fd6,DAPO-Math-17k,14167,train,2547,1
2548,c3aada6497a12aff656aae43260b9294d6d0f4018f1b376291e75cd3e9ae1401,773752361c81e0bc50ae5b984070b7568b5f8f15e87067b592cbc32375c620a4,DAPO-Math-17k,10069,train,2548,1
2549,d2d65e6e6c5cb5aadde451a09ac91377d8834be90a65869f181307107ba239e0,a0c4257b4e286b2d42c8a5831db37b059a7130f61b11f200f7637a0c85a87cb8,DAPO-Math-17k,9642,train,2549,1
2550,ade4f9e5709d5d1ddb9b38defa9cc3d3d58fb54437bacc3de8daa0f3a5798f5e,60f9acebbeaa33181a66debd44f9dc4eb7bc45c2512f99eac363f91adae8d01c,DAPO-Math-17k,8122,train,2550,1
2551,2324666b9f502a0ea7419ef41f31adc7ce681437ad6d70e59c611662a16df6b6,e0a72d4b8715e20eea98a46172e75c9ee44a58a23536fa2c1533f4be9f390176,DAPO-Math-17k,409,train,2551,1
2552,82ae3163261d78c996f62712dbf809abbacc5514f6a8d599ee962f0b5c8d2eba,44fa2555c8d49b0a542c3d651d305538517d2776bd5f66f356800e0525b2429e,DAPO-Math-17k,9467,train,2552,1
2553,11ef71133132b86389400c9636cfe2c1c382a15d886312d37274d5a7b91a83ea,07b3c4ace81316bcebfd89492f4f263684204a7ba3e098709c62951f79c04e9a,DAPO-Math-17k,5733,train,2553,1
2554,d97ea8c8773a4ee1d4a6e29d88b0ab9a0178b157ce95a05d0f6c8777532ca19e,8942aecac5fb6344ee074ee6aa3a2559613fe1df5f170f32e3082ca7d21b172d,DAPO-Math-17k,2199,train,2554,1
2555,82066bb6de7a7e0dc0135641256701262e49962490c8e724fbcc7bc664fb5d18,e22f000e5fa410d9d5e2e040df6ba6a933e4e8b18ea87ce003d625113a356f0b,DAPO-Math-17k,16886,train,2555,1
2556,5a6e7611145fea7a965a08a12c523b73c544671ba623fbbbe6ef6c6afb2cde47,1fd5abd0a7f17b40887b8830c6dd4c9f964f770084bb7d1bf0e47a3c19cf0b98,DAPO-Math-17k,1947,train,2556,1
2557,e661c2afd2f6c22ceb4b5491b85aef2632a79a3c1b1757f1257f94542498a536,ed02c88a80d2ec4ded464105efe9764fc26b37129d6cb6599027f9325735ebb3,DAPO-Math-17k,3915,train,2557,1
2558,be8473e8ce4a61c1a8d6eaa7fa5b8c5c21925a113c442ef8254b05cb64c5a3fb,4ed119064a9ba50cb92ddbef544f458f4ac981e85552b90cfd8ce5801f7f825d,DAPO-Math-17k,525,train,2558,1
2559,476dc77478f108f9a25407b5514605de5eaa058328178a83308ae0d3424741ab,794879ad1d929deb4ccdca29567a78c9e2b9ebfdd1d718f5ac3360b243e82f8a,DAPO-Math-17k,2088,train,2559,1
2560,fdd8f35fd233117bd8fdff562413c0aab98ebf3ef167e1d99cbead1ba7a0db1b,34a5c7db4e96b9b0b04e99230f2f8840c14ff9d892e71d0a14715502719434c7,DAPO-Math-17k,10808,train,2560,1
2561,12c1e3ddcea3043b70eccb9953f080117f95fd150df4ec4d2ad1df6e922fc996,8b38b48751649516e786d0e901a42fe5e76453ba456a15ecd6c9df81df3a444b,DAPO-Math-17k,8866,train,2561,1
2562,83740633667b0a68caaadea28d7b25b4695d3c1d8fd095a9184716defdb8922f,4794efce8ae243eb7559207162f6ed5273e3bb8bcf6e6d46e65fe531429183cd,DAPO-Math-17k,14602,train,2562,1
2563,671bd81c1ab105bbcd795c8b89e2c43030404b0d144bac026ece93c17cb429d6,8f5a9e3359dab22c0bbdf3c51f0bcd910ec7e2149ebf6b0eb38a06373fd3a1a2,DAPO-Math-17k,1271,train,2563,1
2564,3a6c6aaec1f8e3d63a55d4610efa44b7562cf21485c771c4edcbbae4381d395d,8144316a6212dec4941c35191e667eb0a14627d0dd73d3cf9b8960a15072f73c,DAPO-Math-17k,1041,train,2564,1
2565,e8bd0bc016b26621e461d6b41dc0b448f81f8ed733284e6e8155c2f7f4ac725c,4fb7f3acf96c4f84b22df21a0c5afb96ad4714cb9af4aebdc9309a9c29b913b1,DAPO-Math-17k,15211,train,2565,1
2566,ffd2d3e822491414497b25f36ef0532f2df45175dadc334cfe056ac59c98d264,7189aa62fd8d52214d4dc54c74db2143279e2b581a2db52365314b641634fd96,DAPO-Math-17k,9262,train,2566,1
2567,16516d1f8599d9b620f99ed9a0931e70f2ef88d78ab588a3f2da609c22505b66,e6ba003a6593c264af4836d45f79fe1147d2fa7446347131c4604f4e47e45691,DAPO-Math-17k,9731,train,2567,1
2568,7495982d1ba14893c07842f53ba01e6eac03038982012d6e18bb026a4daa0d3e,4cdab6aedca90387dc05d5240fda8ad45862ac8b0b9f13d98be61af86a9fb2f0,DAPO-Math-17k,17101,train,2568,1
2569,ca60bf2b01de5d4efb8d49ee64ce3ca2d7b171bf4ea1b94d9da12e34aa945a88,1c118386b432d9f57bbc1b35768ae1ab8f3aedfcfb2ae452679b01bd1f4446cc,DAPO-Math-17k,6067,train,2569,1
2570,b4a032d61336f2f68f6a404b49e22897a2fdcadba1c4f7f31ec00926f35ac262,4018ebb96aeb472d899ab3dfc48d5ea5e1fe0f9d3e7125f90c5369dfff80aa65,DAPO-Math-17k,938,train,2570,1
2571,36986044839f8a608d9b99ba7f7c9f9f3eaf09f2dd5cd260752691127762ff32,fcf1ed0fd37d6b25fb00a53f82085358a38986b5760b3347d6c6b25349a777f4,DAPO-Math-17k,2016,train,2571,1
2572,a433abb96e759805bea4dc69ea8732432c13a063f3d3a423c39968369c186ddf,0f2b283aea19fca8cb418088c4ce67062588b8d027a680cd6b3d6a956f874f3e,DAPO-Math-17k,14289,train,2572,1
2573,4bb276f3674b3f428e8f8a82b4309af217399bd50a5d1e226cb2fb961e068f64,5a4cdc8c1140f4ed32c2e4a6d8a8483260a3eed917fc670b40d27b344fdeaf97,DAPO-Math-17k,14452,train,2573,1
2574,5540634013717dbe89975621c2a490c37133c5eed41b3a37b1bc6a2dff970234,644ff192b6a4e7794a9f9ed336a484edc4fee72e5a3be46f55f1f54a5489e1aa,DAPO-Math-17k,15201,train,2574,1
2575,a32f1c3696eb5bd4f4e779f607128fa1904ee0774bd10efcec11e10643b102d5,ca51621387410615610c4928f4267e8450568972d28fddd4928e280bf4f77f77,DAPO-Math-17k,9624,train,2575,1
2576,69f6517c8f05b4f78400e727218e4e1e2e1534ec83ecd36d5a246fb8ba99d398,3f611dc466cc5f7533825a162be01e502ceb77b6dc4e2c36bd95a95e2a944324,DAPO-Math-17k,216,train,2576,1
2577,976ae9948718150bd4d1d39ec957698ae72104a34b61677efc3e5f6e8cfbbd50,344b8313c402b4fe7841d0b86d9c5391f2ba83bf398de75b68d1405bf18eff99,DAPO-Math-17k,12312,train,2577,1
2578,f5f1f9bd729eb0f5f1fb0726627370f4285761db30121fad57bcd27a242effa6,84ed6b246bce9347c5d64ce630ca11426e4463ba1251a60fd09fa017340ca836,DAPO-Math-17k,10471,train,2578,1
2579,6ad3c0fa06ae31c0fa98e3dded7430ff453f948074dc752e227bf256c2f64b7e,73d592c2d5f7d6a0f3c357fff2e1de896c36d49f7d75f5106dc82997867cfbe9,DAPO-Math-17k,13887,train,2579,1
2580,185703478b7263d4ecd74d1dbe05921a8561fa62f70cf5d607ca617a67d70bb3,0d697ddd12d0ee9ef7a8706f8eea0b18c0cf88dd52b8c3fb9bfc5806587fb351,DAPO-Math-17k,7767,train,2580,1
2581,dd2b811e4f5fc9670bed66303ce497623d6a7c3c5509b99295453713ee22798e,c7b135aaaf059aab68e0b02da7b2c39f2ba0f7479a6f2341e338eb06e20ea0fd,DAPO-Math-17k,10792,train,2581,1
2582,5278f03135c9ee52e9c9a9adc55a7290793d27791f7b5a271cb62e05f741f2ed,dbf2065a12024b4e507cd95cebe7a49b5366a3b0ab2ad29e0107383a940d8e7e,DAPO-Math-17k,5921,train,2582,1
2583,cf0795a96aa63688ffca504db86f1ccd12b5035d0f9afa3541bd77c4c841621c,353733eb162c33f9c28433b03202e9f464899675a4e5d0bb80d02467c3612984,DAPO-Math-17k,9919,train,2583,1
2584,0be1c8cdb48ad29bf49f0333081d7ceb235a9a63fa569a2e2a364d5332651dd8,00b20bd1076f48d92f5d1d7acc69b36ec7f6422fb1ad7bc4093a6e9f660a433e,DAPO-Math-17k,9967,train,2584,1
2585,8e51731c7b51687004da173d16bc89c374aa43fe64f8510cb841ce87216e4ffa,87eaeafe4d6bdff0a90b908befe620583fe4af5331aa4cb6a4a5f163434de16d,DAPO-Math-17k,5039,train,2585,1
2586,d3fd2c978ce53caa4b9daaa64f394e69bd10b670a8c685b45a3a8463306d4940,77c8c8d6bbabb34f7e9bd6882a2bda3a0d514a9d5b86fe05442ea052a01c31d9,DAPO-Math-17k,1134,train,2586,1
2587,a962d5be4c50375f72f2920bd7c22cd7b99d77ace2e6d931252ff8101907ff52,14a12a08774252f60211725796180e61fd8e58b637ce47fc24b77c289e3f4d58,DAPO-Math-17k,5822,train,2587,1
2588,288e676373b9fa92fd3df25eec554f1e480d45c7ba09ac151c088e0e84cc1f88,d7615430815ee107b292401d036f8396ecc40853adc46a61720596c81e076958,DAPO-Math-17k,15750,train,2588,1
2589,6379b7d50dfeb40a957265de2beeefc9d49a7db6c5c89a1571885e97cd764c78,db66687fc86d27a900a73b371e8500b49bb80c0f28f3a505ef021d0faa2963f0,DAPO-Math-17k,1261,train,2589,1
2590,fa39e636ea21f36068b31ef89b1af2b852eadf8ac8ee3ac3db1556bd9328db3f,0d8f241f7d16be4e9d3c8045a252cd60b78545f8e97335873213f6fffb0b42ea,DAPO-Math-17k,11444,train,2590,1
2591,4566c95bb5e80fe847320c12f06803adbe7e9918e96f91ec299780b4e9c6b12f,52cf1c080d15c5f763602785caf7645d5f3d34a44bb3622105135d76554dbe1a,DAPO-Math-17k,15973,train,2591,1
2592,5af3d7381e0472dc6988b34605a5937fc309816c45ee894c688906043e24285e,8a5c4e24bed299c071f9f02b8072ecdd95ed14ebf4f7d21d9ac99d37f7a3d48c,DAPO-Math-17k,9701,train,2592,1
2593,51088af3e86182f42a2cbf77245e6063a108138fe0d3779ef4497e7a8fc43074,427f877c0c94884950bcc6d208571d102985836692261e861abf373dae8eedff,DAPO-Math-17k,12486,train,2593,1
2594,5a3aafe7694a136d19d295b3e29ed283609da1d7ca4c5e729d3b5417cb6b2019,59148459a9a1c6b1f48ae696885e10266eea3bf1aad0fba964163ccd9a855c99,DAPO-Math-17k,10133,train,2594,1
2595,8de3c91645c66341e03692f18d521e0ca953e1db960155b86c21befc1828512a,9078ad45e6587131f60c548095d6cc05bf01426e52b2f7c51ca353387e2eba09,DAPO-Math-17k,5150,train,2595,1
2596,2aa0e92736110c9514809c7deebf84088c8d370cbefffb14ae3e9a41023e647e,a6b841507a4e62e3b00c8f9360460e2ebcc6893687a10ba7b01eaf22e9ac7f3f,DAPO-Math-17k,10739,train,2596,1
2597,88c5848f4107e2c51d2cb84302881d6082243af67926e7e1af7aa5e9cdaa0d9b,62aa854762233f462df0167cfe0974de8b6a5fde3dfa905a92f82916cebc33c4,DAPO-Math-17k,7928,train,2597,1
2598,8b99000bad0cd95c1f58c64e1c666a29afee4922e3cb802f02c4fdecc2d46411,7a7b4dd8813732d293a2fb0322fe74ce716c7b114d54d81ad20b78d9b0ece667,DAPO-Math-17k,7600,train,2598,1
2599,9fb4de921758b2c372e6be3db395acf11dd6a57d149bb49e6eec881ec7ba569e,d053a7b97d6f6f7258c94800f4cfb72c29df325984e881f44e66a16d14f01f12,DAPO-Math-17k,13247,train,2599,1
2600,0db3bfc166b3ba56213aae8fd71dae0306219d319c66692351a41da9290f5f5f,00477a4720a2d886bf5018e2e543415e39a1e9bcd3681e95df467047a18e442b,DAPO-Math-17k,10088,train,2600,1
2601,f794300f0e70ef0ec86dc3685edb3a70ac3bb1eac84b11a78298fa98401ad569,f183e8d0c6eb888c4850819653b98dd5a6d90bc62d37f0c734efe24c29f01a6b,DAPO-Math-17k,12959,train,2601,1
2602,c2fc190e134ad72734f23854effa6755508c4bcdd8c17481c78202f635fa290b,72043070dd57e023d76396524233954fd44ca4654ac0bd2f4745a603c771edfb,DAPO-Math-17k,3655,train,2602,1
2603,8788e6cbf852c6121fe3f3ba2fce94ddc25ab1d7627ed80f9afbc92359240db6,d01455ee8f04e950907196214f47b39fb2a6970c4a1f8431907abf750969d8c2,DAPO-Math-17k,14199,train,2603,1
2604,351ec9551fd02c5188693d3c6562268b28c12dcca7c5aed02896bc6b00772b45,911740be5f6a54a86260af44dbd8181dd469c709fa10852af09640070db73d5d,DAPO-Math-17k,4808,train,2604,1
2605,a527deaf8bb97877b7282d9b5c8d38017481a6e4fe40c4e82c14a748c48665dd,2bb635a765cd9880dfebb3e9e06d138161d7f466746e9e194fae10591fd0b77a,DAPO-Math-17k,968,train,2605,1
2606,dbcf145b2aefcb0a53752ff9b844a8b6f802d2dac2483ea0165a868a0ea33ed3,2773a027fa3b5ad7b982cd586619c2fc5baaab2e542a6f9e1d8e6280f41fba2e,DAPO-Math-17k,7365,train,2606,1
2607,5fc8d9472fe8b9a162f0e697a99566f2860d7b9f9fae4915f2fe6b61ed169eb4,3b872924bfb3073ceb8cc59c08cb278f0f3254dbe782b36743a760bef953ca12,DAPO-Math-17k,3194,train,2607,1
2608,88d10c2d86e187071eb2d23fa0f2d9324fcb3e7a58d515d0b0a3b86cabada46c,2215a715fd940fdd5885282c5c5d5b61053ea7b250a1936432883d9a1bbdde82,DAPO-Math-17k,5194,train,2608,1
2609,f4e6c3b1dab6a3b5f5581deb4975a3cff90f8c2d602d65ad185d0287389c73cd,d33127b9d5ff7078bb7f0142bc9d4fbeaf366aa2cbd91e58583f6c8dba3a4485,DAPO-Math-17k,15783,train,2609,1
2610,631518c5cf8704d717e2600df411d43f36af9ef2299f383f3f1d3eda99f03bdd,7f3a796a840b04273b63a280b9febeec214369023ce479455da834847c73065f,DAPO-Math-17k,6821,train,2610,1
2611,479daa5da36b47c574353fab05eb5d924a9d75a1ae113110658930190947a621,ab203fe6640368fa8ab55558b814dbc7f2217d5ba1973c0daa763eb759ba3432,DAPO-Math-17k,10371,train,2611,1
2612,52f9df10f4a877e9bad09d2c75193024c1606cbb8e62904aff07f78850405da9,afdb423ddadafdd80f70aff38fb8a9cbe8b0ac25e1969896c030bed03d13dd9d,DAPO-Math-17k,2470,train,2612,1
2613,3d5ab52d3aeae4f78c2ef6255f8192c6d52ff8ff1e812f51523f2f6b7bb7de93,636e44e51dc8a82c789179c7ab0d47f675a5c57400bd9250a1af2ad40e0878f2,DAPO-Math-17k,15001,train,2613,1
2614,cc9789856877fbcc67fcf71d4513c737679e364e363c1146dc3d8e655441595e,c9e2e343d82dd32d4a7a13ba70cf0cc532b2813a2624fe84b589633b495bd316,DAPO-Math-17k,8115,train,2614,1
2615,f922f7e49aecef2423d90dd9860053f45877f973c3394a36574b57789ed8e69c,260fd798d5511e7337c072ac9bc3941334be13e5d698d954f7fad793b33fc6b5,DAPO-Math-17k,3554,train,2615,1
2616,ac4d44ebfd46d3de4a5ce8d15dc4ff3034e485cca694c0bce652cf9d19001c38,ddfd42eb128c9d9cbe0ea03597feaf6f247ae53c6e0f22684da6a14b93dc400f,DAPO-Math-17k,13782,train,2616,1
2617,f4c71569da92bb7aff914cabd104b746e54798bb000c7a266a76751fe22dbcb8,0d9f1fec9fe93e39609ebcb24023d53e9f1b4c7e867c611387fe0633e35e9c95,DAPO-Math-17k,10081,train,2617,1
2618,b9e21cb2f97119c412d8d3ca9d2f0bb0352b723a9392fbdb0f6a22265fef7b17,1a9ed8c150f2c672963659f944d14d802de8181283a9e0bfbddb67c96fef6437,DAPO-Math-17k,11681,train,2618,1
2619,92afe61fd7d487b6abba5c6bf55875b2b9b36a4b4680145e9dff456f58396658,ecceccb339c64813d02724021a90053e7cbcedcb8b8f1c7d4ee21dbce1eca7d7,DAPO-Math-17k,4596,train,2619,1
2620,c49601e4558f9ba4a7bf36625ed495280060d3569746ca3295f029494c4813c4,4c74e1e2c0c62e4b0a4e49e8632077a9c8255727c27270149ad4f6a195093638,DAPO-Math-17k,10441,train,2620,1
2621,bd731d9a4bdcaca962c3fa1fd183f432068822ec38d1e9559bad1d386c800569,b6a0958d1be75ec0466fff02a89c481582738c4609197ca6d9284c1b4dafb858,DAPO-Math-17k,10556,train,2621,1
2622,eb22430e2bf423da99579167f34073766b6880346e6be0ef46623a8f80c3cdd4,c40182b05923feee15b5c60bed8bd6bd476a36de58bcaefa0026566ac3d42aef,DAPO-Math-17k,15914,train,2622,1
2623,943445d1c8ae9236c1db1bc738db1f76a6e85bc043e88a1d9909cb4351c77d19,ba7b7684d3689bd9545680d4d26d742688904cc25fa750a376b830f4dadd377b,DAPO-Math-17k,7399,train,2623,1
2624,fbe7e3c1dd11c4751edf61651860bf76837aa1dbd66203e6232918dbd8406477,3d9eb59189956271757d54781b42f8629f4335637fed581457b3eccaf58865cb,DAPO-Math-17k,15465,train,2624,1
2625,502ff7bdf4f4a8c2546362c2210b33b0b20b665abba7046e6aa2770a65d70cf8,bbc256b71a3d7a1cbf601a0801da0d3947804d571b6170ec7ba9fbd995c9ab7e,DAPO-Math-17k,3339,train,2625,1
2626,4d5db9bfdc96057352257cf6bdfb909e3fd8319e6f942ae650759f6592c79901,fd94e8b9d39bef7af53f90be6bcbfa3cd3113e8dfbe32444c1090c3efd6a10b1,DAPO-Math-17k,13526,train,2626,1
2627,d80e0fa181ee6b55d142ed5f66923bf131053ddec32e20ce5b314f3394a03961,c7c7d9d02d391ce14e05e8cc5f0058fa50f7a42fc216f8a64d02b9e689a91221,DAPO-Math-17k,9115,train,2627,1
2628,3e92a9c149e65bc925c59bb63b92b3186abf4f4dbef0842b3b681c40ecc68c3d,ffa69e66a58d2b7730fc34fb8fe6576834ad5175b21e835f6e557596b2cab8a0,DAPO-Math-17k,4070,train,2628,1
2629,74a94df15036220d7ae8eb9c491b5d5062906649baf600ef3c952897c855ead5,b633bf3bf92a0e9ed0991599b16e827d23d6e9a72555391db77b19037e5610b9,DAPO-Math-17k,15853,train,2629,1
2630,a0fcfad74cdbc969e00b0deab504072eef9c0487c66fd988970062f566ce07c0,5c3cb785b804f691610eb435a4b73f4288e14ba964b26ec7386a8cf48bbaf25b,DAPO-Math-17k,11857,train,2630,1
2631,361f29baf563daa9c331b6dc2d484c8857e665e4df4a2497e333517d89daf33f,15a6b7e2e3f62fee8a0e650ab86c6bede337494a32b7dab6c348de501948557c,DAPO-Math-17k,10554,train,2631,1
2632,241c522ffe6f77bb3d767ccc42b600969b912fd3d13cf6df39eb531a80aa86ea,19b546dbc40ab2a06bafcd72ec4cd1c1b9e56cef8e9a479fa22618b95b21d663,DAPO-Math-17k,15049,train,2632,1
2633,bfa314829d162c45f4157e4d718f3f21652299d5de0f3b11adb81a03204c092a,ae36d486900505b084ee14b572fdb5a0ef7fbcf8fbdc776c3fc37f08c1152900,DAPO-Math-17k,6784,train,2633,1
2634,05aaa44e3a847cecec5c9c381723a38a706e454596b28214f000f33208250476,00b4035111a2a7c6708ce956eb5ba62b5db9afd9fd6085f7161e19547f0a6627,DAPO-Math-17k,8124,train,2634,1
2635,717225a48dafced9a2cc245d9ef54e82ea5bab56b231d132a80a8f7f6e1c98f7,3c57bd7c07b6b4e5dd4688522be8dd4370738a26f534c3edeb0a9e7908ab1b04,DAPO-Math-17k,3898,train,2635,1
2636,48a76f33521f1b838bb56c317a609e34b610c2fb5e8d466128679fbe224fc420,62f3f7279588724f95d14c6175192bb64ab6f5e41b6029b7a085571a180455a1,DAPO-Math-17k,3782,train,2636,1
2637,d70febddf2706c440414b30ad2b3fed627cff2244528835b304eb598ce9dc39a,a924fbc99f3a10f306abeafa8cbfe89c166d539e102978f17e0bae0ff5394115,DAPO-Math-17k,16897,train,2637,1
2638,5c35be1a4e54d5a3ed85f183311d0762da4ad8ccb5b9f4df637cc5c9bf85cce9,83b6700c965a28eed97b360c66993e49f727132f960c0c756a5a1ce878d1bf65,DAPO-Math-17k,12882,train,2638,1
2639,9963443b91d194d06c77e4c7b1e56dc8c2fb2e067ab6025190cb775390abb35c,4e9aa8465d48b9a4e9d40fb11137ee8ae80ef564801665a1cffc5cc7e7b87c2c,DAPO-Math-17k,5118,train,2639,1
2640,421da1c4e2d5c1fb9a0640b3991429985aa2b42761a757cac60a3aec180fe68f,5d22e4e3629025867f8a669a71728579bb4a27272394dd029109352ec16d675b,DAPO-Math-17k,7347,train,2640,1
2641,bfdb89c4b57444eaad3eb10785a57fed85947ec6e25b658d51a9f458c0fa26fb,e3bb19e0aec8d163b13adf7902cb33cc78e0a587c194ce0dc634142472217120,DAPO-Math-17k,4996,train,2641,1
2642,da548b252003c798d08af300bb547a5d1db57d16701d87066f9b7fcc1900f0af,eb230b89e211764c22d530d1e00fc6ed6389130d145a8595849ef3b032001ae3,DAPO-Math-17k,13003,train,2642,1
2643,0c4e7dd7c89665aad69850bfc85ef95bb182cc510fa9b34aa2922f3d69b24f99,428a8830467437066f49a86e021bd83297257ea977c9982aed0eb854fbdcf62c,DAPO-Math-17k,15689,train,2643,1
2644,3b21db0615c4fea8e35a7c01b6a10df0d5a1c47aa39f6e2f6ec1ce8b0f9f9056,2d4d852be52ede6a917175440b0d50ec6747bcdd4f6682c33a49593e601cc1f2,DAPO-Math-17k,16406,train,2644,1
2645,80f1c2323d39e01e2b0450c10b5e9b84a2742503ae9cb3808ef031970d571524,3ff8d7b36b5b7e2e6acff26eca7ea2481f336ca55809ae84226d0820af41119d,DAPO-Math-17k,7032,train,2645,1
2646,cf5a17fabbc800a778a91d2f8fd6d77b4090d91c6dd511ffd403c5f740faa250,735ac36fdeb12c4101a76aae29e33f7e37e655d99006ac21ec0e200a38e6edd6,DAPO-Math-17k,1930,train,2646,1
2647,1cf66c92c64ff72df359b5746e2b209c5e898051719ecabcc8106fb584facc25,81a443607e3fa9d2c56aa4f8e4e110a48c89f19188ec18aff0fd67ccc9253e56,DAPO-Math-17k,11010,train,2647,1
2648,f515f210e702232819a22aa2802030bdc5d29404ed1bf304bef489102ad1cb04,7cc9b378b803509f51b5fc75d55ced2b43addb3d545123c2a5e7071ce5a5308f,DAPO-Math-17k,4927,train,2648,1
2649,c023aacffed2f6306ad99a212dd67d37c300287a0c26cd592b515b18b8c874de,e2c0893582889f112483efe2d3e9749528ddd4e6255c992040b1d09c36abb40e,DAPO-Math-17k,4953,train,2649,1
2650,59d771337fe4ce939922e097327dceeff964cd41f7eac1294a777df9abfa25d2,2a47edc49acbb80fb1bee27382d6271b7b20552dea0f1ec7536fad528021b238,DAPO-Math-17k,9198,train,2650,1
2651,48a7fbf365af8dad3060250d146d93cd3da75efbae6607e867cb1833fc0d1e14,c5458a8ce55da7fc5cf64241ea2f7cd0556d211084a4c1f9de21a8853fd58d0e,DAPO-Math-17k,7664,train,2651,1
2652,18e38ec88a11198c1ef87469c0bfa20071aaadcfed21dcfc84527baac8d96987,6a2d7a135603533e9681673c8334808d71a06d15d9143e7b2a6a9349b6e9bfe6,DAPO-Math-17k,2562,train,2652,1
2653,8cf4cde8d3652d57479f27dc27cf027430367b714c2b30e4ca7d6c2dc01a3b8a,e7ea283ae903bc2fadbeb745f72a5dfea367e8530e70d6212c783a940491d053,DAPO-Math-17k,15532,train,2653,1
2654,f328ea61cdc69a9bedc5e1c391d0938bb86e174e6bec9251cebea28a62af2d0c,4be174e657ba0bb4c14cc8c1b81ac54deabc436165458c580c2ee0780aaaca7b,DAPO-Math-17k,9626,train,2654,1
2655,d6572c5f1500ea8a0df98eaebc9475cc9f029044277cbc06ced053bb4b41cc60,af7eba445c162773d90dbe0f2ec79e494bf98b0594b2f2b38e99223e8dc2d14c,DAPO-Math-17k,7108,train,2655,1
2656,a82e30e12387a809c1f2a53844291d540286a9e5a1a32e3ee38e67e0231d7caf,8951cfb40db80ea3bb6bdd70431c0afcf41ca3fa9c7f067fa16803ef948a3719,DAPO-Math-17k,14838,train,2656,1
2657,cf7251712f7f1b27605d6a00d124bb348155c22c2137e2d1fb8ad45262508881,c1f7a4696943ceec087a6148294d94b85760e5be07ede9741ae58a4d00ea4fcb,DAPO-Math-17k,10332,train,2657,1
2658,60cb0e771f250c5fd78759facba814dddf4c9f750331f743a16c5ed5959c44e6,a48be4c9d32006f77d9c76820a88245ebc3ebfabeb4d40895c6506b740dc3783,DAPO-Math-17k,4810,train,2658,1
2659,dcc4832da7ec6060b377a8eb015bf6dfa4d560e197fb154702f667ffdd453315,432bdca998619660b1f749fe2266294a7782e266550c737aaf3ba73407da1f92,DAPO-Math-17k,9322,train,2659,1
2660,a4287b4a825139e9609a79e2f9f3db532a6422d4a4b2d53777f71533e184a941,45ead9da7cb70bd76cb7eb853eed47700e1144186da8d59ae868e771d5752bff,DAPO-Math-17k,5153,train,2660,1
2661,5b575f5390aac2b6e24ddb52e15aa488bb1622f7459589b0871439854dd8cc31,3ace27ffb806ad5f5974be7a6efc777d1b3bce2c8b2d246a481697c33326e843,DAPO-Math-17k,6223,train,2661,1
2662,84ec313d9aeb27ed25d2b8488748b97dab4726cc67bd3432164226b89aad1db0,34e72c6b7b0c324dad056c7f4116d4aa36b55aca41f0ade1876cf5e384632468,DAPO-Math-17k,4011,train,2662,1
2663,416f5c2e8a603d9f5702487236b770efa0c63fc1f10f5da3125a4ee808319326,3a91e9de0c92780f713e450c4abaf8b023758794f8324f139e9b60134bb8ac2b,DAPO-Math-17k,14632,train,2663,1
2664,477a62832539096193da6c4245a70f02fc00a762fb94b767afa86a765b6797d1,51deaa78d9b2255a3927adeb317c7b16d7460e3ad92870b27a2dc2c319569dd7,DAPO-Math-17k,12473,train,2664,1
2665,b5fdfacb1fd4d38fd7e5381d9511235f917158d4058e1b571acf655003ad7951,ad95bb86c268b1fba9aee2193b69623fb2ea6c30ded282fbcc0bf3663f38ae13,DAPO-Math-17k,7284,train,2665,1
2666,90fcdf66ca2796a225af387e966aee766f96cde8af4e344997bed31e3e4ec333,a7e6be1d8f9a01b6bb5fe91384bbcf895eee349fd04fceabab5a1e53a588cf31,DAPO-Math-17k,3757,train,2666,1
2667,127c7878698a6e1a2c623c9db0113bece763fb5dcf677f5bbbd42609ccff68ad,e063e74684a2ce4479182114b02c8c4d551f436d95302f2c72cfae25f71b52c8,DAPO-Math-17k,1288,train,2667,1
2668,fa940562aaccf0c6f6b3ebce916fe087ac9e36359f10491ba99cd1990d222a8e,48d6d62ed664592ddbaa0a30a4d2e51810b6e5ab3e2ee35eac38409f6858e60c,DAPO-Math-17k,5225,train,2668,1
2669,2bee8340e405e9bf2677f207e642380520e7dae0224cbc4f0ff83d7ca2ea3d4d,2b0c349361c3e62b5c8e5a09622a46a90fde95b804cd65e8fc28ece923149243,DAPO-Math-17k,3531,train,2669,1
2670,42c8ce4530c8d6ce9bee78d25b7cede0207281504d09f2a9e4bb63f18de57426,96a15076d38c19110bacfa9d33e5588245fe89a69dff6ba11f615569270fcf99,DAPO-Math-17k,1674,train,2670,1
2671,95b81774f0047deea7d8739174d90c1b4b91a7a2fe1d1cd18b65f926b76f0889,c468ed36df78a93dcd6399421903b852f71537a569b908135484a90f22e0e828,DAPO-Math-17k,10645,train,2671,1
2672,44b766d12444f5ddb887fc49e0fc4d98a7639ef448bd0bcd658e0358597330c6,4d5b3f2659ab695cee663856be982481cd7fe16096d496bc7f3327866791d2d4,DAPO-Math-17k,12529,train,2672,1
2673,d52c9c02b9d66d94c13ffb00246a8d89d1a1cdf39e02aa24314860c51f3c8392,c416f3b232c3d25044c0ab9c40712442c0d5d2c07eeb1a3a8bcaa55479cdf79e,DAPO-Math-17k,8499,train,2673,1
2674,fbe716d6c9b279fc16f40f4b55998b2aa94c84ba709c625182a37a61cb627d09,ece5c11872845e4670d467c0ca6f0a50f2f071f04a26a31f6c4e4f01ef7ad63f,DAPO-Math-17k,15677,train,2674,1
2675,954f942dcc794d519755b6ab79d786d91f8745f96a7997ac6aa46f2823e2656f,56728b7be0fc1ea23bf356be0651a7f5a00b7fa57bc9536c37497044c3b97083,DAPO-Math-17k,5410,train,2675,1
2676,995afb9fe71a5b48ac5a936bc4e1db7d8e7d12381146967b70a66a9ce71ca011,e29e81bb76f6a33e20539e7ded9a45bdfba8a277e45ef7e5299651a848d4c6c6,DAPO-Math-17k,12938,train,2676,1
2677,41500941df88ae9b9ce2463de1931ae37cc66728df98f814c2d837b4c6c795c3,bc56a870792adfb46785e97cd3113108f23faeca2f2dacb7e5c82d5d5f780be0,DAPO-Math-17k,13090,train,2677,1
2678,9522c290a3dfc1976b80c5fb7efb1623605d62403857091695dc7715b54dacd4,1a5f57afe8a5d57612783bbe18dd5564807c6f558c7fda30b83e53b2777dd73a,DAPO-Math-17k,14781,train,2678,1
2679,e8683474dfc0ad3b90aa3d402d28ce855400cab451ab4acf9446846a603ae769,6717a72675b0a16accc0b84ef93167e63fad5550c669ce852a0517e7c23cba62,DAPO-Math-17k,7693,train,2679,1
2680,838b2dfdec4d09aac54cc4d687b94840abd2ff106ffca39e7c6dbcab5aee8bba,25017db66ee63b56d9477348fcdd2ba51f48c94c81a9137a6bf98bb8e2bd81c0,DAPO-Math-17k,2573,train,2680,1
2681,91cc393ce5bea4601994d97a6b185ad0635e92c1f1df39275ec00ffd5add572c,ba5a9165edf99f0ee91a92154c9122095970060d890d5ecb5c7f1e543f046b2d,DAPO-Math-17k,2186,train,2681,1
2682,23986d5f5de3a675a877006ebfcc12e9e8afd78e0e5cd8f18265f8b2a66ae025,4201ee0673749020d1bcda17494419a68026365001ad2a99e77c7425038d6c00,DAPO-Math-17k,3661,train,2682,1
2683,b84d701a32b8e1b0d0a1b67c364e60dd6dce74c064ad632daff6458523b971a9,afc586a611c21784f6909011e7f4c9b6acc26ad06a9cbde796f43a50f924d674,DAPO-Math-17k,14705,train,2683,1
2684,e456b8e4936b4ad3a8af1597e40711f4d21c0d09ef45d5ddf22a2fc910021dcd,c37affb8db66af5f29cc2bc08cc24c42b8afa644802dedec98230c63679707c3,DAPO-Math-17k,12117,train,2684,1
2685,4463834a07638b191f7493b06a132f7e6491a3a2a8d19a70a8d9ec5a153e3e7e,49b7dfcf271484dc7edd75a41cc61767684d01c1667b2a472285b5bec830198a,DAPO-Math-17k,6259,train,2685,1
2686,cdd1018cef5449b418fa28d374471ec06d33f5a8f02416adfa89c95808881c5e,d83d8040456f56acb28a13d9fae970dc9b4fba7a40950333002532a7b490e21f,DAPO-Math-17k,7478,train,2686,1
2687,c1ecb6ed280ca941afb31a2bfcb3b9c1491d5ef0227c12e023d3fdf3e1e3f2c6,444cc306fc6ca12015ac00ba9a20a9cb074e44cf7826d48497abb03a6cd32f32,DAPO-Math-17k,4623,train,2687,1
2688,cd91dad088ae18b9b8dcdc25ab45c8d146052ef5b2e2247e98bcea5994ce1c10,50896a9750918d63f3ed4cf708b7470a16d4e9b391e8471af657d13400b46d07,DAPO-Math-17k,1010,train,2688,1
2689,80a85d62d6a78f24008c2ecdd040f0e36a06ca579fa35bf73f50ba7613a6a089,0502bcbac1ff0d5f6e8bed4606bc22608a2276df17a97e6ed537ebc1cba70877,DAPO-Math-17k,1350,train,2689,1
2690,e2eb63c87db7b4cfa42f2368b10b0971038a96376b9a0cb0fa1b787a5dd67648,d1df462e31c3765dd88478b8729252ed67102afad26e9ce8592512828fc707c5,DAPO-Math-17k,2775,train,2690,1
2691,93921b00b967731bbf52ef609226ebe8fcd62956691e27f0b867e5f214b7b1a8,ee623a1781d230a060226ba92eacc685ff3e4e6393c29d12ac6f45874da6657f,DAPO-Math-17k,3384,train,2691,1
2692,29ae9d984ea025bfc83851a090546de268cb5fe1e3b3efe8e5c7eb99961936b0,008c99bd72dc1ac028eee5a795a1ba3c27370717c64324ffd5bfacf244833eb4,DAPO-Math-17k,15715,train,2692,1
2693,e128c60f0db29c9d37a87dc05511c334de69b2268991a1e077df4e824901ee7a,a3354c8584d68f61b389ae344d935be9fbec47eae0bc4bf452ba12ca83b50b0b,DAPO-Math-17k,4390,train,2693,1
2694,2d5e5d5d87466bc0fe8b8b60a16049e77f92c2c16a86b953730cd65643237e32,98fccf63f5f54c52ea2d16247d4882eeea55753d7fff157f2f84201d69f97f20,DAPO-Math-17k,5430,train,2694,1
2695,08b11d0d0209b474d806777e0f998c52ea1b8db3a4d3a72a7c839b2db20095d6,aba3b63f7633cea7fe3c938233ab850deea855b87e18dea191b9f96383c47ea1,DAPO-Math-17k,11465,train,2695,1
2696,b27e77571bd728b67ea2e0a8823ad4d82bfa33217cf5f40a8c10867abc5f1d9b,5d94a3cf7d80337df2a5797e0a20cb56be903b424ab591174cf154860d469a12,DAPO-Math-17k,1945,train,2696,1
2697,b8cbada1c160372ca2899eb8e20410222ba58436c12f46bdd6242e41a20657a8,319d4849be79bddf98cabc6346dbdc2ddd3c8d24819b1a6aa4bea838255e32c2,DAPO-Math-17k,5181,train,2697,1
2698,9f4fa749d4782df8d2289168c97aa5345e7224e447a520d8d5a4032a45d1f0f7,fadac5db9ebc298e4aebaa09a6de6fd06fadb1aebbafd59f02bacb117db3b3fd,DAPO-Math-17k,10386,train,2698,1
2699,864302b6e690d7bf0c78f94bd20128d09056f0a37ca8c2f5009ca09d75d60320,5bc1e20313f587101b71b2e3151b24cb2654542d82bc438de6ac78f9990b2e12,DAPO-Math-17k,31,train,2699,1
2700,5c2cab0cdaa229704ef87a347426e1e2b71fd62fc3b7e501c1ae9811b0a31b8c,fdba08fc40a753803d3278afec89d5b033aeada1967828ba6ae83a367862056f,DAPO-Math-17k,4567,train,2700,1
2701,c31dd057a56c9693c111d24be51df9c0fb3ff992508c1e51bff9edd2209f3709,6b5d873a3bd00b581c8f46c64bb652ba540f6d2e2510368bb2a0d12687ee5212,DAPO-Math-17k,10760,train,2701,1
2702,1ff3641d04ca820735fcbde2f4617aaf002e03a4b620a41a65296e227dfe09c9,813285d494913cd72d5aa8ab75479ee5f54b3eb1b8d4c7b2f1232347cf5605ca,DAPO-Math-17k,6550,train,2702,1
2703,cb2530933c11cf67a11535b7b737c1006303c21f3029ec0b2e136e2ec3bc0873,529582070157f7c09062dc21dd1a8f24f09336aa2aafc217034106d233b309c1,DAPO-Math-17k,5857,train,2703,1
2704,56afbba99108b85666bf2cdb5ae02c832b0889dbbb5fd1321554ea2fcf49ba22,8568018c3827ff0e9b79a2ed09c675381734fd94f7aa06e4e14b602528f260ee,DAPO-Math-17k,5923,train,2704,1
2705,1541de146113ab32623a800855e7726542ade86dbfb09930ac70a0e49c740e52,a2cde86279f5aed6f4a583befdb6ecab215638ae1a770137f5b8c198b6ac306d,DAPO-Math-17k,8283,train,2705,1
2706,b40933f5b184c11ec7f588998014507c6cc0b7f3d5d3b563be5fa0838af2821b,43311659504af2f2b763f1b38180e9a0ac58225af3bd770563f28baea7a95ee3,DAPO-Math-17k,5634,train,2706,1
2707,3600dc7f81c4596b9d12e8c997e0f6089af520b5ea738c6ec8cf0ba84403deb7,5a851773adf046deecf8ba0db578737ad85269ae51703419a77aa5516be1353a,DAPO-Math-17k,10338,train,2707,1
2708,77378c991bb2fb688082e5dea657f581bd156b13d63657ac65c073ec0284da32,41c7d18c66b8b493986e32dd4e90f30b66dbffb569f7607b42a981326400bb41,DAPO-Math-17k,1596,train,2708,1
2709,cabdcdd4b6a3cc50c66d4e459f2af03c43d36ebb5fb536fe2883fbff93fb35ed,0b78cab93b276257ffce7a86a9d0ecd5b79748181c279f1fe5cad234c3882a4a,DAPO-Math-17k,6276,train,2709,1
2710,e8d4e79b171bcc5231398397649ef7204cbca5145a66fb0023d651b6cbd22404,0dd4768a8f8aee13be5aa30e1225c0b431169c8c4615462cbfd04fbbbdb440ca,DAPO-Math-17k,3654,train,2710,1
2711,60c546eb518a6c49e3d76a50ba69295eaaa34699aaf00745e8ab46be613fd49d,9b47220d896065344739f68cd362407f717860ab700fe14f9f4d6c596b2e398f,DAPO-Math-17k,5101,train,2711,1
2712,27f18a07574d71319c86a6a2c0a87395b63602e02f08f7538401777a7197bfc4,73bd3d56ca8ac3c2db48809bc5cf83d88009113da2a1bb129326892bdd37c20c,DAPO-Math-17k,13684,train,2712,1
2713,e83343e7250372877c1c382567bcc0fba0afd1767d3d65f88dc1930e5d8348b7,091c1c79c1e19a41d2b52e19f0773b801440f8264419668db45a50e6e5037c41,DAPO-Math-17k,13313,train,2713,1
2714,8ce652158323fac18c7207a82219f3f3ac448e87d72be844f1ff415007c2e3f2,1c600119dda239f511c4d5f042d2930957ce6be3c40f787e4cef6fc98ab90cc8,DAPO-Math-17k,12266,train,2714,1
2715,c75fcf48e42c0aadd307c37779d3dd644ab5b896fda805db0118e4f195cdfa91,dac7de3bfa910908efee8f92965f0d58b3c4011e25e7224e1d9bfbf497ba6bcb,DAPO-Math-17k,5894,train,2715,1
2716,688db6529804b48011fdaa9781612837c0279c0483e7b38ad58ba1421e2ef832,266942a52aa92d00c05a219a9bc72055e0ab7579ed820ebfb0c2d6b351734600,DAPO-Math-17k,12253,train,2716,1
2717,1058ff6a88b04c9b8f898723d98072b6475babb6f7f775637784c037671f9e2d,ef38297eae82a205fd93092eb97559191c5e68213e8d7f483a537b70ca463353,DAPO-Math-17k,433,train,2717,1
2718,bfb16ca2d402c0d46bad4b5543b3e45cd921dc9d5e1eae2218a3bd513812a675,bbd8bd91bd85bfcce7f2a310d713424656b8b2fbc545ed604b9145a91ff5dbbc,DAPO-Math-17k,2947,train,2718,1
2719,005c6883dad8dce345b5ff61352b241a34e210ac8372d8a3aba023c0e757dd22,848400d4d1ea630b5f3b5887fa078d5e62d3e8deb3d14f3b800c244ac01f8358,DAPO-Math-17k,13255,train,2719,1
2720,28ef3b605e5dc745999c6363cbc0012ada5f7f9009e272d6c46cc6d9cd4976ae,3e8f6fd9796416fe6359e712ca844db11768b656bc963b35d195cebe9580f8c9,DAPO-Math-17k,9457,train,2720,1
2721,f38c2d1bafe06f6e0bc50ff4c223091f71be7de506aad4cc6de03f890e5113de,79d7dbd02b46a0cbad2cd271b5ddc0a899f4a0fb5a019575a60aa23b8671cee0,DAPO-Math-17k,13389,train,2721,1
2722,16fe361d4acaa38f97bca0a24cb1aad04bb1824d892af4b2622f687c570a0a00,49afb81512f28cab7cc6b4f9d354ee4d763b0b63f4f54eee77b8b08e82b368e2,DAPO-Math-17k,12276,train,2722,1
2723,a75a531b51428205ea574c166442e447fadd46d7a1db83ec491e8fb6db7adbbc,bff27b780c0a862126b0648835d679427301e46c02a8a74534c33b9f1f5720bc,DAPO-Math-17k,3108,train,2723,1
2724,76926d73779d3e9dbc35990e50b8e2ebdbf55eefa5a881d60d53e4a0ed17d3ff,33ce57fd7931c0a08e4848ab179c53167c045d0a5a94f4f89f3edc3cf1829b09,DAPO-Math-17k,12996,train,2724,1
2725,88828fc9fd3ac497a3e3b054b89710425e0d506a29326969f6e00a169fa26233,38bb612abd4c99cc589534b4bcb610d3a529c3f21330d3d41714d87b585a4243,DAPO-Math-17k,5504,train,2725,1
2726,01b99081026041eb7e8acc2ba111b3369e3135c795ebb76b7842a6f1282e6608,bc4c43bb75db2212ec96232065c2524952aed5513f116019b72e9dd0d20cb7f6,DAPO-Math-17k,16220,train,2726,1
2727,c8e58c3ca4d83a29e41e663b407c6a5e76b351f88fabe92c1ffe2b87c2ad48f0,78d84a0f2ed392ea7837386bb086aff80728c56a5aab9fe6193ff4ea550e2ef7,DAPO-Math-17k,796,train,2727,1
2728,ccf8733b50f61be812e4c58350483071ab55612ae01b916e3e03d87af10953a2,78d9f46e2273ef4dd2522c55ae82bc0318d0af5f76328d1d6f3e3b9e39671155,DAPO-Math-17k,15749,train,2728,1
2729,0d1202135815a5b25b6cd8834f61c965dbf7880e6a2be863e9dbb35a9e3dfebb,93767cfa1254df16a24ac4ce8ef1f2cb684323b4becd69547991e08cfa17716e,DAPO-Math-17k,156,train,2729,1
2730,38cda03fbaa6bf7426f9274fe5f92fedc490c616cf1fc58e0a8b49ac8f3a7f17,fe4b9cc0673ab2ecd4daa04478d9ede65baaeee94616213a4ae10ffdf1fbdca8,DAPO-Math-17k,1193,train,2730,1
2731,b032f80e647d9f8c0a9b00f5cc878d6064b1abaeaaae1e8b20878e08d2c278b0,8703362efb84c401156ee2321708f5172e04074a4e5a1f1c870af5c042bd44b9,DAPO-Math-17k,12009,train,2731,1
2732,4ba99d4c875fba525d6af3190a16b2c0e7504c979005435b465b119986d922d8,a8774ce138d417546825052f3c869e3de533f714d1a255219d525a482ae45ca9,DAPO-Math-17k,16567,train,2732,1
2733,4f612885c78919f2fb2b2b8632e6b06011c48f0e504a7e29e32fc4e3891c66ca,55f1b74aa56fc015b86bd2d190597eeaf3ba270ed247b7a53d045d1fb5f6fca9,DAPO-Math-17k,10761,train,2733,1
2734,2f72a654c7cfc4d52f54e57ad62bb4ab3d1c027891337da8f8f6f64c1549b900,2bbba01a2f4f644a5daa15828996c0f90f713bf3420eafcd96ba3496882a868f,DAPO-Math-17k,15838,train,2734,1
2735,73d04f4906af7ebc9d54bc7d01652bc40877f651995b035f4c8cc39b2cc31e01,bb99c18b36a10488beecacac6d527d50b7d4bdf79da90b17141c131b0900712f,DAPO-Math-17k,1703,train,2735,1
2736,efcf30460848e02c6bb7cd51d0c10e6b8a23a45da0173243fe1336fab70da5d1,78c306e76729e2f3902e0f40b53aec6713d19e7c2925dabcba3dc6c6b6ec6c24,DAPO-Math-17k,12588,train,2736,1
2737,5b52648441e8b905de98da1acb3db1f0252254d38bdf7951f967252b78b13253,38958838cdf19f52bc72b5a15e682a862b53f580ca33c886bb015f780be43438,DAPO-Math-17k,2158,train,2737,1
2738,496b8e2aea1999e58342638e760de3564fb934aed5276da6acba6ce49d79e12d,417767b2d1bafc7c76bae6b4f969f1b0248a2e19d14c14b36f85eb182bf82ea4,DAPO-Math-17k,3144,train,2738,1
2739,b6acfb88419e0f8d3f9d8e0339086c5d4957310cf89d7dc2cc0747c18166172a,d1413ad0fc0584f73b13cfaa6aa34b1c9bfbeaa4922343ea79aeaa955d802742,DAPO-Math-17k,361,train,2739,1
2740,7ec3c219a90422701946296f7bde7e036dffe9c1916621c50daae4d2b24835d1,4a5d608887fceafc4ecaea5d21353f655583589498ec6a531e72ab5755606da6,DAPO-Math-17k,126,train,2740,1
2741,348bfd7e47e83f93b378b423059930d0af0d2c855c9f41fd4b4c1ae1d2a0ac8f,aa79310607410748def0dd7d731f7bda1818780ef6ffff5f6b506249edfc01cf,DAPO-Math-17k,10480,train,2741,1
2742,4e4d837950f6b31a0961f2f6843cb7de108ffffc145f8e02bb246b450acd1209,56f2ffec8b015d9f283a89bc295076cbad4f45f94fca8c190a288fb6e8de72de,DAPO-Math-17k,2695,train,2742,1
2743,4f150ea284b1b6f136c445acc9fc33344fb5bab8892ef59d5b461ac97ecb070c,59ce27525886ff8ff10fa6e886d6feed8b493df6e4ec422e337bba9a99e79bba,DAPO-Math-17k,6705,train,2743,1
2744,d3fb60a69a143711be10ff997bb423c163e171a6f559d9f289283dfcdf9c7e02,14a818e7f22eca5f5b2ddf19a9b77db536c4771166d949c41cc9b64a1af4196f,DAPO-Math-17k,1379,train,2744,1
2745,da701bdcd0071320cb8f8586ab3305b3816a108c324624aac4b6cc3b2235accf,8dac2cb76d2807e5abb46585305fe520c06988a3011132b5636f48da123e155a,DAPO-Math-17k,16882,train,2745,1
2746,23386193452248416c84c101dc8cf18e0f4d54d21ea9da3899af96f680bdef40,87f5a67ddd8f40d484a0da1b891c327db9aecc1b85a4aafac26dfa68c698d8f3,DAPO-Math-17k,4646,train,2746,1
2747,a2ecab4626f0e854284e100c5d806cd2920ee70b5092b971823a9487a71db86c,8cb23cb26c66ebe8b0314e86c573af13e193b7837d59b2e5386431d4332e4965,DAPO-Math-17k,7815,train,2747,1
2748,39d31b5b8b49c5a1a7dd537db236f29f2b6894d42de8a4fb2206d46e534708ce,7b3d561c03a642e8c55d8d65f4ce8dbf040d3bd938a922cd3b905d2dfc607ac5,DAPO-Math-17k,9964,train,2748,1
2749,1b6fe684edb3312979ef62e10f37f0644bf0a92e658ddbdd5ab44b6923e994e1,b91bb9951b46db47d426f905e72c756aa8a3c0043b27b0e11bf5b34b5d59b453,DAPO-Math-17k,11391,train,2749,1
2750,10ca93ad858c10fbe2158345fc61b7e00897621fb57c5632c948c2c812bab037,8c2653ec44f1c7cc86791666483ae60d3e9ede201566504275eb4b8441b8c017,DAPO-Math-17k,779,train,2750,1
2751,f4c029c75408437b77fb01562f42a8e037445e408586138e4645801f6b95e0e2,4ca5e7325d13071865629c26d41f6ba41e5ba7824ed9ce7c812a6acf3a546b9b,DAPO-Math-17k,9842,train,2751,1
2752,28e989b67cfa75c64751ba11905e08fe390de03dd53fdde27a14504d9a59ac66,7641156b0133f767f27c6ecf80d34e3b5ec159ab0343f24caa2f060e9f8bbe03,DAPO-Math-17k,13495,train,2752,1
2753,87ed991730563aed28f6953e690ecec23bb6505a20e624a09bd8b7afcdce6589,6df284381e3afcb5eb7db5bb481acf77d3568832260cb72a5d2e188505827656,DAPO-Math-17k,11131,train,2753,1
2754,2b8278d4e4c03027156d74147e2d48b6ac6e8868ee3ef519c1e9883901198e1f,4133f141d618d4e8e5e2273a358d8409aa9f3959c478169c299c30b37913e24d,DAPO-Math-17k,5505,train,2754,1
2755,a41ab0c2c411aa394335a3395ddc173bf8bc1a1fef4f459e0dcf8f668055bb49,890237ced28b851d26bebc117276acfc072fba874e420bf089dbd24fe2d3796e,DAPO-Math-17k,13015,train,2755,1
2756,5274ea5626939cd54cf4754bed5f22be4d7934e9301c8f9af34df8d3f96e9050,9244a746f19f15aebf94762fb2672a154b2c09079a858e4a5dd15d7e0029ea11,DAPO-Math-17k,965,train,2756,1
2757,a7ea9a5ef12a1deed6961b16b897240bbf3217572c59518b4d9d862c3472a28a,c13990cd3c49cf2a3bc7a4cca650bf46b4bcf53a380014a74944c2a172a3d35c,DAPO-Math-17k,2303,train,2757,1
2758,d83b8d5aad6f1827183ff621421fd417f396accab304acaf29b0deb99d38f10a,df1b798665d04c325f8a3692b69810144e1969e5d404e46e784e100a165b3fff,DAPO-Math-17k,9660,train,2758,1
2759,301c907e6cd7b3064404ba99d31d7ddf9cc53929a77ec4e1ba71586a3f206a1d,c885cadf7968ce53557866725e8135f97ed5421fa142d3e3e3ea06d590831001,DAPO-Math-17k,6978,train,2759,1
2760,78421cbb80a784a505ebf8e8310cb1e949549b80255cd6d83f65e43c401fa1ac,c60beb6db5caf7191ed3c6b98c8e3f899a0d7e59f9fb0c9f6f69c3d9b8c40542,DAPO-Math-17k,16148,train,2760,1
2761,bfecb436a9c6d3245177ce17ade54c130d43463034c65dc5a01e5b533fd2af74,c1951f857463fd839511cacfff1d338393b49f99674d567ba6e9a0dce2e1dcd2,DAPO-Math-17k,14785,train,2761,1
2762,61cc3c14c70e5c1b2fa1515956a6b63b112b35a032f2408dc3bbb1537b8d77c3,6c3e4d77d6347bced7f6277908a440e3dc569c148b2195028e1889330e0edd31,DAPO-Math-17k,8078,train,2762,1
2763,da2388e1037290137287c8cb8ece96d9952fd914103b04e44e882e80d3628485,aef6c1b94484d3a70e55b38447cf918a0b339627c26f133cdf7f35d0725d493e,DAPO-Math-17k,13743,train,2763,1
2764,eb2169b22c4540c5191fc36bf5b2b2a553061f165f1e2e6152d33d10837bc96b,c4c5b7a21cdc983d9290b30505ce2593a6d876f26f0f21ba8dcdac77cac66a52,DAPO-Math-17k,6573,train,2764,1
2765,a7f6b8c9983124f0a526f22f7ef535e9e0307ff40a0f5ec11ad412cda930faac,5fd9a7b3b279eec2480baaeaf9050290d2e70c5669c4ae29fde8a734207831b7,DAPO-Math-17k,3769,train,2765,1
2766,be83b3426a329b1565eb7d3dc9a6b1f2513eb9a94e628e7d8be25d1dcb1f7e46,41e22cfaac2688be1ab13dfee0dddd3596f51d228f0a81d038ae9319f807c85f,DAPO-Math-17k,2964,train,2766,1
2767,20c2e438a445ccd9a88f4fcb5b909af6b6b82c5f084e40f385d6049a6a979499,45493844dd2bbde4aeb0999d86032f468a3c6fb16fa50678ddf16e16e9b66d35,DAPO-Math-17k,16561,train,2767,1
2768,33585b00c12f56bbac42d0caa7d611f56bb83b336f68fffc6160074d605e9a40,c54f42e3e32bbc26affa50141a2f5da5a138cc8fa2f6f524b1767444438724cf,DAPO-Math-17k,16414,train,2768,1
2769,6428666abb8d4cd4ca8e7173709f10473cfe66f0fd53ed63bc8c20c9e9633892,af958d1ccc9321ee75a73f954db0f5361ddba9ba2919d8a378ade9fa8fd82a62,DAPO-Math-17k,14432,train,2769,1
2770,2736685585840993b6ccfc63511702bcb643081411fde86d9fff01b3c8bf76ce,8f35f03966eef6c79df2437ab3a85b9fd3a53bd844858921531555907426fc23,DAPO-Math-17k,11208,train,2770,1
2771,100fa25d248b5e5956ee1c2bc8e8134e00f7059e078e8f4bfeb350eb24a3c5e7,a636e5cdaae185266507430e31f7192dfa60ca818bb2aa85343bf29202f36ae5,DAPO-Math-17k,10409,train,2771,1
2772,1fd06b24fcca686002f650e2f59c7084774661ce3196f2d14a8fb6b0ab97f123,9bcc9286f99ec20f7fe984d356f2a1687ea807d0424211f304885554c3841af2,DAPO-Math-17k,3011,train,2772,1
2773,22d90d5320e348bbbf212c4ec55c689791756676407c1df8f69f752377495be5,737835be80aa7bbb0b3d22bcf1fdfdfe1490312837f080ca4e6c0c68b83f0cf1,DAPO-Math-17k,12797,train,2773,1
2774,b6d16a181c5f37c4c9d2747c072e3897a099bcdc1558130cbad3fba35e5221b9,6acfbbbb381471ca7bf19f775fcccd9111572f049b958e43fc434ad09f0c140f,DAPO-Math-17k,5295,train,2774,1
2775,3c7bc1dd00aaeb9d2872e66a3d8c91926deb3282361f0d663cbcb1792f27e6ee,8ef58155b49d42a0e293270533afebde007a076499d8fee9ae0b2ea3c49f0a6d,DAPO-Math-17k,2941,train,2775,1
2776,975b3e962b0ce52f4d20c1697bc48300c31c1bc5f78385c8f504ecdc9b1c2059,b2e2b732abc549a02452c4ddc46dc914df28692356dc34f182e5ae72becb59ca,DAPO-Math-17k,10172,train,2776,1
2777,547253f97fe65dcc3edfe9f39d3123bc6e12d507336fb3ec5b35bdac488d2c92,6ac9860f17803053f26e9519c6c315134dab0e622da061f4f941d8a9b47b16be,DAPO-Math-17k,11773,train,2777,1
2778,2341af11bd1a15fa2299d599683b8e46d37e5902f1b311a2a9be71942bb8149f,73025dd9039883dd0bb6574c77f1e04e8ce6694d1a07434cb9af87fdb3c633fb,DAPO-Math-17k,12552,train,2778,1
2779,f058e141d1615badf41412ae870e9132a09c1d9aea15140e9bb936625ddb7ade,cdce96e91a01cacf1e33f4cd0d8115b792b3d29486d23d560b2ad2092b56484f,DAPO-Math-17k,7367,train,2779,1
2780,c7e5ed68bfb31cbfdcdcbab208c8082fb416d6c1c0fff9869df8c30188a3f1c4,0e5d1ec365eb17493c8ad3b63b3bdb557870f1741bd9c0277f5298b536d8b93d,DAPO-Math-17k,4472,train,2780,1
2781,d27324f72d336777623e80d9187b1ddb4025de8ee94940a924782ea466b5c5e0,19f31a1cb44b84029e4188041cb6eb4c837f6057d0bac05186e56f3aca2152dc,DAPO-Math-17k,3778,train,2781,1
2782,e7aac6ecb312a7808e1794d597aa4b05a840efde1bef0c9693f33105739fa469,dd72ec67c51dc43150e84a027cec040fd4ad040989592c79d8cf83f9f4de962e,DAPO-Math-17k,7257,train,2782,1
2783,b4ef38eafde42fb6e22404c71d48205beb891e93336506bb33ad039527a0d6ba,de685e6ff63be675235fd8302413d6375878f7c7f6eb02e144ef7ad8295f4d9a,DAPO-Math-17k,2476,train,2783,1
2784,8ff42b452d3bfbc6662d163b5db12396072b352442603d69acafc46567ca0ad2,4077e25dedee456370c0428e13728ed01c5826e5e6a9c669530cedf4778da6d6,DAPO-Math-17k,5113,train,2784,1
2785,7fe2397dd28fff08d535f9d74fbb447d3e33b5114d30873878e75b72f25ebc23,b5daae8d168d4b20a7419d9421da579c5823f982f5f65ddb4898ac552f32d3e6,DAPO-Math-17k,9000,train,2785,1
2786,52995f10d30f42bbf72bd01764821de37079437af8ab0bb0fa25e426baa5170c,8a9f952ba5e9fbc3fa92f99aaf0168c6819ee0ffd78798fdbaef723ac673a241,DAPO-Math-17k,2261,train,2786,1
2787,675971aae1c53bb66d89f2137f3f8f82514476631adbe9d6bf8eec439f96f473,46a8f295f5344fbd32dec0f3bd98ef5f11bd0301bb449809b7fba88fa1fb2abc,DAPO-Math-17k,6852,train,2787,1
2788,712c8f9c6b4c3dcb658392be20b30e2b3b166a1022f3d06ee16fc140453da07d,2d5e3d90bbeb08ca47774ea42a80b3a4d972b2ffc79c3fbd3bb40d6747460b44,DAPO-Math-17k,15133,train,2788,1
2789,2240e4c811388c7bf970e50255ca674ce904c9c2993a351488ad237a02cfa1bf,ddb8ed8588742b2baf350bb4e36eec1fcf5f2c16fa14c40b1a2ea82d74f0f17d,DAPO-Math-17k,7535,train,2789,1
2790,1b896fc9f712a47411cd72275af88e04fc52ae7256054fb87827637f986c3db8,622598c3f80a9b9f277a07a5c18df273485e1beb9b4313c4f1aac8b625438d2a,DAPO-Math-17k,6615,train,2790,1
2791,9016f3ed902312d2be21fca15e82ee70674ab08f360b3b06b6b04c3cbcc0d44d,a5f18718d8671d845f9e55e0f3bbd47ad73006ee23a62805f087d5b143bc0311,DAPO-Math-17k,13800,train,2791,1
2792,becc3e6a8bbb811416b1f966e37390ffde13488c3430b8c7fd9d110479ea95a4,c8ba74b7fe9e5cdc87902a0b2e71f7bcdd624b51229a0a9fdf01a968f215c4db,DAPO-Math-17k,5287,train,2792,1
2793,5f0699132ed098d7b7929bcd025344287daa1d977f06e0707d4522db9cd5e582,18976e187551806e1dc6028ae0496df16c813eaea49a3c796630f446672d7d30,DAPO-Math-17k,12908,train,2793,1
2794,42db51a305ccb6649cd54ef1c57ee436c82bce4c0674d67ac772d005818e45c6,ebcf8df50beef4dc70328d35a4761a617a0b07e76eb33b8f98bd3076b79ae7da,DAPO-Math-17k,7702,train,2794,1
2795,f2f9107b697f238eabbee0c2c2337a32111f33f04ec8fa33962e128a0fc3a145,6856515d3535eac2afc7b870b4cc8414c7c13aec216b14f3d00dafc438d943d7,DAPO-Math-17k,7199,train,2795,1
2796,053ef996a81d04ec02ee0b45945af559aa79e90cfd36ffcd8e8fdedc22cf822d,59ebce4ca30a58c817659d0e96087e36db85d495a653f6e8134f7189a45032d7,DAPO-Math-17k,9729,train,2796,1
2797,7cfe7624ba9bdac14167d5ea51e5292049432b95b0bf40c259461dd693bbf60a,47ff4742c0f5c6ea5ab746655ea95bb49c33d9846a8b4752f1d556e67aad4a31,DAPO-Math-17k,142,train,2797,1
2798,16e44b67700aab1a7be60f4b52fe7f927a5fd6321e040cc49516ce9d2f185fde,8d22d8f8c5d84629e7111afeb12bea030e2fc756ce6e68f2f2655d0ad8e2d124,DAPO-Math-17k,4029,train,2798,1
2799,44c91742d1f4dc4a1be64ac20689d8c32ba8e9cead33fb1abd8755a745d4f671,9de8e079b421b9b8223786159cd99108d2d43cfe8680ef3513b39cc01af5a8e1,DAPO-Math-17k,5896,train,2799,1
2800,278a374493261a5e796513a944be805e0f6a3005e0dad32267a6fa165e0de424,f60982e5ca548eb910dbae2a0704686901b87c88bc446b512702a9125d7f3c46,DAPO-Math-17k,4329,train,2800,1
2801,cddd9e59ec075617d05bc240814ecb05986ff13b3b4d4f80adf22623e8d2386a,df59090ed1cb4b3ca3841adbb11dba89af611255284857e14a122692e08098af,DAPO-Math-17k,5739,train,2801,1
2802,3fd7e1697071feb060e5ce12348f712e136986ea07e3606ef51083d0edd46a51,794391496f83ed51abfd37075cc346a7afb88cf99ed3c4d20933c6865aa8d70c,DAPO-Math-17k,4753,train,2802,1
2803,754c12c985d595a4c8ba73672da206c3716ea08cb8ced773d2ae26bef8acd009,3a6082570a657d6da042e39613a971ad59a023df46ff3fcfeb9ecc71eac6a95d,DAPO-Math-17k,9837,train,2803,1
2804,5b74284f5dd0ce8a4d419d74566a02af73d1fe32a2ab05fdf0fa74c87d2e61da,f0561e377fc84d070e83d0b67b613982ab634d0d014a0a8c9aefb5ca33f4e17b,DAPO-Math-17k,11051,train,2804,1
2805,7bbbf662d3ce0b0bce6a28dc28897217d7f100ca42bfce61bb20dbe427eea85f,f1192fc47ae65b2ed703f0e556a1ca235d848f604d7a07e696441f8e2b62072b,DAPO-Math-17k,12133,train,2805,1
2806,4fe5b1c53d6d351167bb17707e28a43975b218cec0601643a8429bf798ddc195,8aabac03ef6d58878d5c04671b7b37b08069d8677b0542db9f883de555ddb691,DAPO-Math-17k,12259,train,2806,1
2807,83b25955def72ec154aa02da4fcd6ff3ecf227a9724cdde28414b8f6ca535524,22bfbefc27e2c7aa47bb9518ebd0c8d84ee22df69d555a8d6777d7c10bb72782,DAPO-Math-17k,9940,train,2807,1
2808,c3718d403cc7ee175c398a4e645d06a64b5ba20b4cae0e774a3975ea49dad9da,ca0090a04d9e2979f4a03058c4e4808eec9b0b8a9d3eccd75ee9402d72e9364a,DAPO-Math-17k,6294,train,2808,1
2809,26f3494cbde63440c6b6eb772dcbea29d684a7a6c5a2601ee554780070058d2c,d9aa73a36ba054d9767647f6a6b39a3cce5c82d4308eeca3c1e075ce616ddf0b,DAPO-Math-17k,6360,train,2809,1
2810,7ac13411b0483df6fc4095f0496c3beb54ecf5cc8a698801acea3cf287c5d40c,d54be3086e4a6df450e643fbad84b66680e7dd962edb5bded1963ebb36d91c48,DAPO-Math-17k,3767,train,2810,1
2811,9466f4024e2fb21f271eba221de214bd1eb7a2fe6f209ed874ded72531d2f511,4b6f4076cc1259f905486275a23e0dadf714847ecd4f6254024293a5517ae9bf,DAPO-Math-17k,6635,train,2811,1
2812,83fcb8ac197956d48be1c51f244d64e4369c4c5223c841aac37a8072ea6c5288,cf929bef98bcc4076846bff6afc1c8e1736ca2794b21eea649e30cd1e504e7d3,DAPO-Math-17k,13556,train,2812,1
2813,7338221353e6c7e232385809e2946613daedb1939fbeda85d7293ec572d1bc0c,5a30ea6030f7eac5cef2b58ab30511363a222ee99e5775f4b1057b55ae538ba7,DAPO-Math-17k,13383,train,2813,1
2814,b2a0064498035c1e23ca6b162e9e187621ba5afe816a383ff1f2b989af5c358a,15b8734e60bb6fd35bd8de6367d55979e3b9c1347217dd3cd5ee81d490a1d1ea,DAPO-Math-17k,691,train,2814,1
2815,b8b457e77135beb31a2bb8de19ba39231a88fd958f6fa800a2b264669fef2178,2f06fafe347d703a1e7cbe2d99409cdbeed6c5de822c0d9e501bcef3cd822dba,DAPO-Math-17k,3526,train,2815,1
2816,a89ae56bcaefe534a5883a4bedf7cd02fbaa41ec77b1129df7e97f65cb45df46,d598be24470afd9e77073d97bffbe1b01a130749596a53dce47dc39fc7abf531,DAPO-Math-17k,2026,train,2816,1
2817,5ab23201cd77192b3a4d5173ac1ab8e87e65f7fafe469d1c6394b31aadd71fa5,c5ec51801d9b6e1ede990d0537234c9635c9c5e73e2cede636bf0bbadcfde8a4,DAPO-Math-17k,3556,train,2817,1
2818,a4a2fc2f4f97b57a6eb10f7a4fe689049cf69f5b23f9cc9a3a2d2ced6ecbef8f,9f556191a0512c578373f47e1bc1f735cb92d98cb8e26447e8e6692635420f4a,DAPO-Math-17k,15904,train,2818,1
2819,e236390e602549e208391c645ff2caf7951cac35009ac318cedcf33018e73d81,f9af3030d89ed6238a584534b52c72bbb168b4ac3028dc581fd212687b2d47b9,DAPO-Math-17k,14097,train,2819,1
2820,967d61c3b54c5c408314d90863006d2db97fd802b1f65ff6afbca24d1c52ebb4,03434d9283f3675d912610cf8f33112dad528fe7a00cc49b7d65bac935f68fb9,DAPO-Math-17k,14935,train,2820,1
2821,7276d79fa241fbd2dc725a4d409ad115dccee50b1bb108bf87af4673096fc465,a4028e440b4cdc50b40984845e326e0d98a41ee4705db637ec24a6aee6f18af7,DAPO-Math-17k,5525,train,2821,1
2822,4ede253428c440d604ee088b990d93cc4202a8d3e4b757dc6bcb0ae5491bcb2e,14ebde44a63b957f372c3bf46a621a7a29b02b366267eb53bc82e253c5c5badb,DAPO-Math-17k,5718,train,2822,1
2823,db7c7cb288001f7dbb4613c4ea4d80ba6071e5444820a806dbcd8a9844ed5d38,8a13b6190e93935f6ba49060b960bdb195e2635988efb9895b4e3925ea8d1a1e,DAPO-Math-17k,5109,train,2823,1
2824,7c19a98d79de901497f30969577d964ca59de8710eb908fc5ac2fcd4f7b18637,e2685537fe8543e29e44eef942b391bb48fc8cc0839148cb783197ec0573585a,DAPO-Math-17k,15436,train,2824,1
2825,02a5be5891bb74dde50bfad9cbc6949101080b85e73b8076f8240641e34cbc39,f9fa3b6bfcd96e55f37bd3429844a836ddd450ec9f1a96d15c779511c1d478e0,DAPO-Math-17k,15762,train,2825,1
2826,0325159550c1c404d6b84c58b648cdf94e31b1f4b6743acaac2e12155209bac7,f8080b33dec1e2cd89ff0477658afc8b9750637dd02441a65d5a44585a0d768c,DAPO-Math-17k,573,train,2826,1
2827,8a19a87af12771e190418f6c6380be9fde522191ea389a5f03acb8951d375812,80c54a371d416450844a4b2c07f53e6629e5f521d723d15c29f90fb8a730a691,DAPO-Math-17k,13736,train,2827,1
2828,ec95015c7f251e76794458283aaf803ae5ac6e7b52c5ee1c4a8b03f2a89e8904,30a7ddf38ee5783a583c909b0942d71cd4d54075dec8190da73131a3bb68f14b,DAPO-Math-17k,10122,train,2828,1
2829,de6fdcd8cac84b1e2cac4b60d895cea4c701a904002ed0ab50e55bd164f0e944,5cec8001e93b084c71be42cb20992bc3cd86660d9c5eff46a6d8009f96144f43,DAPO-Math-17k,16007,train,2829,1
2830,6986e814ddb0815b2de4f5852a108e10cd5613622fe09727cf45193cf8b8cf97,c7468ccd4d3fbd2a79b05d411063a755c992731695d9cf8e41e08c80cf73746a,DAPO-Math-17k,13430,train,2830,1
2831,6e40474723f8bc672511dcab6cd01f4e8f516c7929d42e0295a8322759f10872,50f12a6e6127eec8cbbafae47e9685129e195b36cf67931214841fc7821cead9,DAPO-Math-17k,7070,train,2831,1
2832,958803c3697c2756a47fae550c40f95ead77c43604855dd45394a189cc30e978,b340463d48ab0363754f6cbf1ac9cb4c05cb2c889b818c4d70c441005507c210,DAPO-Math-17k,3285,train,2832,1
2833,b8de2ccb33b2971bdce7fb8204392ca141cd40e2d01b0be20b1951e4e7ec581e,17562e03e6d0b7a8ab5a61a744480d1054ca55f0b1209eb9e4cb64f1cbca38e5,DAPO-Math-17k,12523,train,2833,1
2834,8ed4d25f8bc4ea30a844729c8158054cac92454c2e495e41e1077185c8824487,afc5c8220445f5da9fca70fef9b55019db601d92c9cafbe3103188c2750a05a1,DAPO-Math-17k,11819,train,2834,1
2835,1b63424584147c030dd5647c35be61a3c25abbedb841ec581621474f4e3db431,a0e83d50d7a9db8b1773400a12a1db83647e51301cc3baf9645093b101d982ac,DAPO-Math-17k,8373,train,2835,1
2836,6a8308ae5f3815d51eab74e5d1f5a14934ab08e63c3af06637bf98f8bb2dc7dd,56ad06a310d2c04ecc30e8705e28129b2990b431b38e3194fec00388c20b5529,DAPO-Math-17k,16509,train,2836,1
2837,39393184544f648af2dcc810fb02cd411d5e3d5847515cf015476abe061bac2a,2fb9aa753fa2b20ddda3d05901d35df097d783208aaf16110dca84878b5d7af8,DAPO-Math-17k,6794,train,2837,1
2838,03f67b1491c2b57a8ceb74715503b6364fbba1fbb881776b9d33b3b2f2650a2f,a4a8a9f480d672dc1ef6e9d46be00657fbf9ea9058e74a90903b821a4ddc44fc,DAPO-Math-17k,736,train,2838,1
2839,182a726156f8e41ebdd9cf2f8d56bc6035603c3b1ada3f2d58649297e8ab54a0,4408ef8b80461009a933c4f0b4676738235887bec72a52333950c3d3692c13eb,DAPO-Math-17k,12105,train,2839,1
2840,9096e7f3bb85024167bcbce31d48b5c7bd3c368b00b00fd1fadb560e9158b3f5,bcd1b8b4907f0e0eaf5a270a58f31c11f9864747c9cc8e03c6827973b80af4d2,DAPO-Math-17k,9450,train,2840,1
2841,df99b538929324e7aafa72cc1e0fdf5d8e188fbac234f9a24e580b2943f5c25a,33cd336e39935decdb9b455ebb52953b66daa723ac4ca20a85bf8b243a0af371,DAPO-Math-17k,3582,train,2841,1
2842,5b847803240557d9e3a1fadfde1f4f4623428c77a8e40fcccefef8a13fe07cfb,a9bcdf1b6dd47c6e3f50eab612c3ca4c2e034c3af283d5bcc153005019b396fc,DAPO-Math-17k,5561,train,2842,1
2843,0063eba06c64987e3b006e82d347d9718a264de17e3624c6c6c37d4599c6a2c5,d4681224877ee16574600c785ea35ae6a51a495551665e0954b98b2811ca9806,DAPO-Math-17k,16729,train,2843,1
2844,9c63f7b3900b9a34d7370b1852a79987ec8907038959d5d67057472f277bd3ab,12792dc7a3bf8d0b619074a3c67504e9d42f75414f596b8c63bd19e9b453adf6,DAPO-Math-17k,14254,train,2844,1
2845,bf5d852ce4dc85d904741f5adc171dd9f15454c36932589eef157e34d96dacbe,bce712ae047a89454423f7ed6be85c9569af7cb640b9f245ce4f75f7abf1b2bd,DAPO-Math-17k,1108,train,2845,1
2846,369b95e2786e085afca365030db703cb5bc90b97b897ae104fdeb0ad4df57072,892568ff3f9cedc4a77d8db3efe0a985ba867f8aae64418edbea0c8802ece0d4,DAPO-Math-17k,759,train,2846,1
2847,a00e6d30f7816a8aa96e94762609438c3122265301211d11711b2c32181d6ddc,565bc555386e3ce10f1d8ae33db981decd88f083063bff19d69aaa113a396cc8,DAPO-Math-17k,2143,train,2847,1
2848,189b205bb77931d1ac36659855249d01cb665505c08547d1f8b999ac2aea9bff,d5db8a4c983363915d1762544598df8e2aa058872b7f273c8892e44e555d439d,DAPO-Math-17k,15107,train,2848,1
2849,fb8e9a7c8c6655c68614736bac6eb5d6f3624481c7ea1b4c37b6488087e4c867,bde4a459f5a79395fddda4268d8a05cd1f31a4f3ad39969a2e4fca0724b73cd0,DAPO-Math-17k,5465,train,2849,1
2850,c0cc951ddc90595f27b5d5d230f5aabd70da0b87a601a99635ce7440a68ef625,f31f763dcb9e0658700d72eee41978a642a48c2dac3994a0b1d35cf8b3b2c962,DAPO-Math-17k,9107,train,2850,1
2851,2f2130b4ca80e11998c137d2e8f58a8727fa1e131d1e4f72ff4efd1f35e79618,d3c04f4e2ca66b76857014858cc5b90d4b4f0be646446de164423d90d6c79641,DAPO-Math-17k,9784,train,2851,1
2852,8c5c0e4a6a35b9e7aee11af44d761bf86a9ca5ad03221b9de002b277844cb235,b6a503b5e22d313fbacf5e71d761a454303e049a7cf2479888fe112db323cf25,DAPO-Math-17k,16029,train,2852,1
2853,680d63eb1e6172e89030aba7661bb11a6754c77f8cae486e1e7e0c7ea40ed97c,d2b41db26c6de4c284936553642f7afedf2ba4e8328ba724b57ea439df63f348,DAPO-Math-17k,4265,train,2853,1
2854,240174528b9a554dfe51e593d71d6897e50f584de41decd6dc8b8620374840d0,bada2b4807a4e7319995ef6f92b339bf41e7aecdfada4fee5c719b7e505cb77b,DAPO-Math-17k,11220,train,2854,1
2855,8370515252283079406402d5177d88e4128499678bc27681939575f02fd2211a,5df468dc32a34e8600149cc404b7e0b20df6bd3c67659c7091e8349d69f7750f,DAPO-Math-17k,310,train,2855,1
2856,8181137698d2ec03c62535981fc81efb94035c2e34d5331c6a5afba45a94a037,94a81a632619e5d4d3a6d86bb1e9e2db98de40a8a1249c7e39b87fdaa26baa12,DAPO-Math-17k,6152,train,2856,1
2857,410faa2fb0a4a5ccbc8fc040c084e76701c0e1119a3615b485032dde2b04420b,0b2fb59014797e1f72da5abe76e93d273a07faa613514903e8f928f27bd4e5d9,DAPO-Math-17k,15305,train,2857,1
2858,a56c3f88974af5880b6e150174d35c81cbf51f7bb91622f19dbe6e28dd1537de,678fe005fcf6c18e22affdd3efdaccc33c3772a8f07621f17fa4ab05933926fd,DAPO-Math-17k,8873,train,2858,1
2859,135206294c3ad0afad9f065027e247060a3563bb7d9ab9db46594826f9198a8e,49419083c8f61f0d6226256d2e9945f63960c18b623aa50d3ded1000d7623177,DAPO-Math-17k,12070,train,2859,1
2860,7e9bfca722275a108413d39078e1c418f62cd5a328efdcc496b76d7f520ab19e,8702961106739353de32445b60f2b4cf2dd45e3674b325392b516b2a6ba02a1e,DAPO-Math-17k,3555,train,2860,1
2861,bbf5ced2d61db0bebeda6aa3a9bb7fa6eb19c24a77a934dfdb74da28762f3dbe,10f0032ddb45f70bd3f25ef869992b1a417bd7902a1f564c2c81b973d7e84fea,DAPO-Math-17k,8567,train,2861,1
2862,e8ef812c7488b923a93cb8012e364711eff898d7d3781772f6619b861ef4c8cd,9f62462f74a73dc905939b567448134d8f8ff3c96ec988ff49daa87484943550,DAPO-Math-17k,13143,train,2862,1
2863,bcb15939cf98fb543569dc7317d45414598f3eea668023210c1592c620ce9af7,04f5d861c3d3520dc3dd43ba09595d8654fadb7f9d7c206d23e1951cb19f3885,DAPO-Math-17k,5466,train,2863,1
2864,943204a505926e098c0572f7986af4dc8ee9414c8810d3f6291691395527fb49,e6345441c50f196a1ebe23dd053745cf61fc14e77626fe3c9e0433690979b318,DAPO-Math-17k,13221,train,2864,1
2865,1663a5ba9e648a674eaa061e78a388493b59f080f97bf1cc291cc3455ef0405b,d428c7e424fb680755119befb1a343cca2e9bdc1b21eb0e09c335746541f1db9,DAPO-Math-17k,16263,train,2865,1
2866,f9fda6e5d94f0ac26b7852f7ae1e2795381383e58e63e5b0f853892e9bdff337,983031bda35c631e11daae77809f9bfec06c525eb06c60f03cb9e6d93937562e,DAPO-Math-17k,8476,train,2866,1
2867,0cc3dc886b2b464f64284d9ec6f56dc417a0acceb819e78d6c04a9105cb9d29e,2be2ca74bedaa58784f36dbfe8c7657b7e1cd994995fc9fd3695b7a89160bacd,DAPO-Math-17k,9381,train,2867,1
2868,24d5acc6f1538ce7e6dcee2fe8a79248d95389c1d51ba230334cecd6be1eda53,bbe5d18f254cb848adb4c78748a46fb4ad99b47c27d85493d76ed7ce7849115f,DAPO-Math-17k,14022,train,2868,1
2869,fa2b6091e431d0d8207aedf1445cfc490859634067dd5b93e9e0577471da74d0,03069969cca75318a43ab7c4769637cd85d1feaad44c1c38b7bf1c4670ffc880,DAPO-Math-17k,14238,train,2869,1
2870,8e902bb0f48198e65e8360df6fcb706a37c897ca2dca5860bd067f12917fa01c,d9c6190b635e0587b89350bab4f0b5b4ec4d9c368932486744ce6e91e0821e3c,DAPO-Math-17k,15544,train,2870,1
2871,9f7d4f25d41655bde9004632430467fe435bac8e340706bffbbeaf43bfcf19e6,b8c5f9787bf38f877f9d3711162306045942a133fd7a155a94f4a26f1e0d1694,DAPO-Math-17k,12059,train,2871,1
2872,64ad896a7855e48c59f08551a4bac1e872a96478c88153515af9131a26582df8,435934f78cb456899b32131b3cc5170a10d74648ed559dcb465a4a7e7c138786,DAPO-Math-17k,1097,train,2872,1
2873,20f28e5069f379e2ff6764357fc12e74a79906eecfce3dc2ae59141008eb805f,d498f966682f0411136183fcb5101582eb2c788662b964201ccfd1af002f91da,DAPO-Math-17k,14316,train,2873,1
2874,0833ba27514cd3e87061f7b503aaa27f1e762cd59a757e30b713cd7b23d33208,21811b11a846d2f1aa84a6c85194b9214d692a50f673969363399f76204e10fa,DAPO-Math-17k,3919,train,2874,1
2875,feebaac9f873f10348c8d52264ba21df47850ec4be10f0d268bdca22712f0e81,c42557c5b1d2b41f3cd3b2eadce7f1753e31474c0572aad4c86942a6ec534cc5,DAPO-Math-17k,13088,train,2875,1
2876,c1a32a68939bebc46dfd7cdbe34084563f959c55f0676e8437778f1653b60d9f,576ca602798fbbdee78b185e96fd5e21df78d0ae06bd529e41891d34fef4ecf8,DAPO-Math-17k,6522,train,2876,1
2877,3f627ccf600b8d3c72f58f3ed2b1122c7c53689453b8986ae7bf71853375906c,ac2acd6f72793bdd0663641b3ff67b88be85170bf5d7050b41a48be3b71346f0,DAPO-Math-17k,6378,train,2877,1
2878,01596a60e69cb0a07f3df4e575a6b5372955fafefcf1f5b9b9e52c70de3baa6e,a8cbfc8e4a2cb04b4f7ee2dc170ae02a829be770a3a3b7f99ac40cc797cc640e,DAPO-Math-17k,9622,train,2878,1
2879,07dae54dea8cd33150af96f350c80203a6e2d7f19b184bfcbf47f5e45b19f7db,bce4a88f0156938a18adaef0b8ed75e9e65cb64510dc642a96b11d668aa5889e,DAPO-Math-17k,5382,train,2879,1
2880,0260022b5071648fa2434dbfd483a94bfd414c6ff4b7688bbe7dd2b1aa155ac2,5c7e5c4de9e56af94717d4a69f12430d7a806213f5ad11c1d6659aa60422fd87,DAPO-Math-17k,10044,train,2880,1
2881,2d371bb520895e13e546ad8c7c3e0da7771e1f6e583ed603d223562d2d8dc616,d76bf7e7b9be633b12640d9b83c0c34bc958557c6c390c5b5d6f3d7173d7a309,DAPO-Math-17k,1829,train,2881,1
2882,fe5bff90bd5ad55fe0b56cd87925e694625a1017f14ff63732a0dee2210c099d,cf2033d858cdec4e4f332aba4f325c18dc7f792feefbcc444ad406c9b046c2f2,DAPO-Math-17k,10853,train,2882,1
2883,b0e7d7a134b96da20aad07aaae8e2613f36fead57a864fb55d9247d95c61f551,976e0c33e2b826632af3604087f832000d1cc2446c485bc4332eb4bbe939d1bd,DAPO-Math-17k,2543,train,2883,1
2884,c97519fabb7b3f2c57c5c31f165ae778ac92d66706500f9966fd2855d221133d,2b6e1a55f212a67c87efb9c083a338e919915f9031d624e756d1adfa26135e83,DAPO-Math-17k,11308,train,2884,1
2885,43ba63f093781aeb946104f5c43b1a77b67d13d6fae4c38bdfcc8eec9d732f50,8f6c9b96c12a0243057d5c14ba8e588da2f4cb1801167d147ff9e082fe47152c,DAPO-Math-17k,11699,train,2885,1
2886,31bdf0f78b68e12638931aed2e50600467ff3c3c498388e7b2a9f6f5c1dca503,dbf46ad7a030d735be794e643791e2b1b56c1b81bfcb543eacc21cb722f843be,DAPO-Math-17k,9009,train,2886,1
2887,e6caee384ea5ab9910614f09244ed5cbf21a52a0c35488ba43c88b68531b4bc3,b755d8f6b047209893f3c3d2307002c2156205a11c54973a9d4b1f3a065c34c2,DAPO-Math-17k,3485,train,2887,1
2888,6fae5a7d28f1d60a39d8bbc0ae6de450e09a6e395ce1cd5abbc38ebb327134ac,d3d0dc1b6e773d50d970e717420640a64eb088c7cdf477428dd42b29facecf89,DAPO-Math-17k,13873,train,2888,1
2889,3dc23c79fbcbae605ceeb5314b49ae07c3c3aa4aec1ab8e10bd694ad32ed7c88,a08b5fd532739f49d96e932a07ddc63db00ed952a724414f7728f14291f98ef1,DAPO-Math-17k,13522,train,2889,1
2890,30e5df98d7b36fa40c9887dabba13128e5f9bc971cba321afe02a09abf7c2a44,42cb5f28dab7f946e53cd66d68120039de1892cc29fb1bdd0216fd7f6524a1ca,DAPO-Math-17k,12139,train,2890,1
2891,e2fbfcd4e08b3774b1a4f4dc41094dc07fb32c569467b04bfc298564061b5bc8,5df505b1e041f1121daca4be1bf54ed1c36c43f9b276912b52682992a1568433,DAPO-Math-17k,14820,train,2891,1
2892,2b8af6b0769ade1244218b985802d4251ab1615824c27c681f3541ada47fa241,f65d3dd8cbe3cf357d2f29dbe7680bb3f4470811abba7c133c6164f25dbadc7c,DAPO-Math-17k,3575,train,2892,1
2893,f57e79e5e616b096761abd72f4263976b9b8642f2b87acbe69d9fc0c038d6499,e944d9c6005e3e5bdd4b81e2aaf2ce23a289f6715ecd27ee18917e8926b86a71,DAPO-Math-17k,1716,train,2893,1
2894,2bc8d92a63d482d975ed236f2b3525fb94c91078c81f246db3ca616a3bd289f9,43e2058b3605d5899133fbdeeb4533edd62e0b4c9d93425e755f50b415a991a9,DAPO-Math-17k,3107,train,2894,1
2895,001c8ad47c5881c1a3f2ff77bd1fa0b6522b13fb793a0277c30242c8b57854b8,ac0dddbd09a342979f39080b9ae22c8e9f6e5b424d926409eea789bc25cf5801,DAPO-Math-17k,8579,train,2895,1
2896,80b55e58863c0906b578283d1105d578aa4d3a5fac418770e59c026bf52efad4,8c5d059be3a2f12d048e14063750efa518b884cbfa2dfa503227626242a33388,DAPO-Math-17k,3939,train,2896,1
2897,0c143860d8e1ea3933ef3d1e0448e7105c9c51c4b14c701d78d734692a4c7acd,35382b46acefd1acea59bcadf102b56458a7aa21b431349963421ba070b77843,DAPO-Math-17k,7570,train,2897,1
2898,e2859a9bef1474c311d733268a8ca00a2a30fdc6e16d5123d8c0768dfa2de020,c9ae7aef36eb6cd5b4536be9a71a3a9456d2f708613430f14ee997d240117281,DAPO-Math-17k,7048,train,2898,1
2899,bae54396363c92ed70fe68ac302cc377724017e7ed9b42969f48cd27d0e399dd,970ca714f564bd8401c5b322fc5890389cee7702c7516e3f783734288d0e2752,DAPO-Math-17k,15870,train,2899,1
2900,a1a69fd2f517d3d77af34f1a0b4f70ae7f1c82812384f09042ebba97bf003b24,c812153367ea28a930e32921149af532077751d5450acc9a81d531feab444154,DAPO-Math-17k,13180,train,2900,1
2901,04c728a79f7e12b07d372189c8220b6a4725810e8580084494f32314edd164c9,99e43828caa6713a59e4b0dd22c55e504038767a46178f9c8dd2cb541c650279,DAPO-Math-17k,3894,train,2901,1
2902,226c6d33c9ce842c5c4f223fa04546499f243b6b2b84714ffb45df354c685956,d089c9e6c67973bce1a877b8e463636e77db987b129ccd94ec865707281a9c8b,DAPO-Math-17k,2604,train,2902,1
2903,40522b9b177057081523e491c9d3e91356b5ef1ea45028a555d1078fbb9e478d,3387bf44dc34417e27a19df469c241e11d790ad8d95a9a30eee98fa441e0ad9a,DAPO-Math-17k,3820,train,2903,1
2904,167aaf436c873e2b93fa6dff8e25ad1cd75cba43293364584db5cc6dce766bae,dba19c32bad74b5a3a38368ee4a047902397566aecde6b9af18c688dc60418c1,DAPO-Math-17k,2491,train,2904,1
2905,392b3ce1fd1c53aa5f50f410ca096a215e4f1026f5645d981c2ca13118405253,0749f10cd7a304cfb8bed64c95380c6670b7bfdcb632caed9deb02b0fb842b45,DAPO-Math-17k,3994,train,2905,1
2906,784013a4f187f14d1c88e91630c4079880b901a63764d1d248bcdad6440cad34,e97a13babac2622c1e883f8c20bcd0ec24f9409912f98c72a078680b6a00cf0f,DAPO-Math-17k,768,train,2906,1
2907,37f51ee6b30d6d883a133211d29ac4a779e03dcd876f01b1c16c609a9c6702e9,3d02fe30af23a39150e6c7b8ae2a1520565e1259b234992337aeeadab1485a13,DAPO-Math-17k,11530,train,2907,1
2908,ae9f37eda64f3f4f67ab1441913f3c6f22abf7f2ec484774b9236eefec2246e2,973ed18224490c545c63db2a3f397aa3eb8cc89a1034fab98e2442f29865563e,DAPO-Math-17k,864,train,2908,1
2909,c3999bb76bb4bb8592f91d7e52df20bf803f4711ddc41d22a2b00976cb93d477,f803b857bd87350d4273d80b954bca331b0b289883d001aa3e9b714aa4886b6f,DAPO-Math-17k,10153,train,2909,1
2910,d7c00583eaeba7e44b4b5b62de6749e286ad98b04a89d1551ea0948109b4b208,204c69d37939a90c5bfca94aba07d14f443c050e9eecbdd19c41d6c5ccf8f52a,DAPO-Math-17k,11019,train,2910,1
2911,bcccea88ccdf8582d0966322065e496f2cb8b390bb95643d943fe6149e092f87,f74165a181d9251312f783b9ea2ffa8a08d29e5069b0a6e4d82d8a67a234af85,DAPO-Math-17k,8147,train,2911,1
2912,ecf4629a50836a260be13cf6b2bea793df5c9467e6791a57216d602aa2db82ee,2d24bb803052e9ca2803aee7ea93260d12d2765d4d4aae5e536a4857de4be7a8,DAPO-Math-17k,765,train,2912,1
2913,28d44eadc1eb2e84b1918b5d576065e285e8df89fb6366646a98cde1c3ef4840,8e5c4a188238c3d3ae523de3f47400b806152a9f30aa1117a80530836e27340e,DAPO-Math-17k,13448,train,2913,1
2914,34061066942668b670daa4632b1a087eff60b882ee02ca0671e2ed12a378a765,131db47fe8ad5fe9c70cca81188fad3bf9c9dba4867162cf9d6750f0ee12b679,DAPO-Math-17k,16782,train,2914,1
2915,11bdc87ea001d94cd6bea21ef093aeb4b2db9b47a5aa4e11cb64847b0ff46743,845727fa96bbb770008061cf2fa06285a52af0a3d1360e02cfb2aee2eb92c2ed,DAPO-Math-17k,1269,train,2915,1
2916,0c8f7078cce33d009d7dfeb7da6652fec7c699188ef9a8f96e4a165ed7ab6236,c4add1b1e9d3c4c67ebedeb26adc7630b2a57d71158e8013487c6f73280693fc,DAPO-Math-17k,9116,train,2916,1
2917,bf40f9479475ff23e03629fbb366f898aadb9d00a1e2395773d65315edbc8832,cf76d12b5f1d43735f6b0859cc1958d63dc410c5bc914e30fc3dd8df77b55ced,DAPO-Math-17k,593,train,2917,1
2918,900d10967aed10109e12c54676608877236da86d2288d67b85450df058efc4e3,f6ecf1b9e1eb23eb04b5051d6c143c1a5bde5b6866452a9a21ad9859f221cebb,DAPO-Math-17k,3699,train,2918,1
2919,ead3cdf97e379a3efbe906264927a15f3efdda86ae9d8265bd7fc11233c16685,7ed65d00f662ba8a742f5812408a079a3bc8338101fc664cdaab94c0394aac18,DAPO-Math-17k,9922,train,2919,1
2920,a9e0059ace92e1f0616a6e5eb34157f9dc6de3f1d053ac534b5c3171c3972499,a42b6637e810124c2c4b82b5bf2126980d6ec5838ac16e8536ed5716d808b7b6,DAPO-Math-17k,642,train,2920,1
2921,f64e135dc11b57f822313d8bfee94021016ff053c770fbb128695f33c88eebe2,4c34fbc59045ad6246f5e11f8dde4a1ce8cdee57ceb442f54ac0f83c5038fb2b,DAPO-Math-17k,1845,train,2921,1
2922,8b6aefd484f727940143d16dc2061a87e1b867162f2e12658a92814daaa5b10e,84daa45e8eb815d6ff4c838f8a7baedfecba3f5208761a26e589ef7f23145058,DAPO-Math-17k,6000,train,2922,1
2923,0f716added87e413d9bd44e71c22b50189a704bce6d3aa4fee5cf24d149dd756,9ba2009a5e255eaa503848296b04b08520d859df49747896cf4afc41663401c5,DAPO-Math-17k,16781,train,2923,1
2924,4a55b409fcd0690b5cbee528ddbd563659c4153953fd14347c7a8041020569c3,631c7ab159158a5226312018bd6809700c6d736d1f1dbb42dcbf24f724de695a,DAPO-Math-17k,13100,train,2924,1
2925,e03e7ffd3fbfa38d961fdbbb2b2fac5ab377250245237ebf799b9e09def3866f,cf3f298938081e2389c2f6bc3d7aa95ef647d3bf16b6610ac4f2068c88235280,DAPO-Math-17k,1295,train,2925,1
2926,e413a7905b72d0f05e1d0e185c413759043f700788da89d86c6b8e889a973dc3,e022c312b591b70f0471175aade7f7b3e83b1d590f982df7d24dc168f252a374,DAPO-Math-17k,9921,train,2926,1
2927,68ec95a5cb4b5b4a04c9ad055e4960dbb4b3efe7ca4b755042eebbf8ae5fb284,06caaa458626f0c25eb1f1e824553eb1a3c699b2ce13b957d7c26608f73c819e,DAPO-Math-17k,14299,train,2927,1
2928,315ad4b4b28a8cf7596bbad0bcb4f945b3b389cc26b8a8c451880d8564ac3d68,bdce3f51c4a4c03e6021cf92c95aa447e08e74a263dac2a3d7e4f6d35f613b81,DAPO-Math-17k,14566,train,2928,1
2929,0084dfa8c03ccbe6065e5e5580d77590810327f4381fb64b8babcdcbc34acbaa,30cc16c5cddd3e2d1f92ee4c7a7146c4a35ab48a35a4bc91d77a9fa9806b5ef5,DAPO-Math-17k,8490,train,2929,1
2930,e24dd3640bf0c03e5b6a7a6800f26d59372d566c20180a44a9f9c30b5fa3899e,131015417a7775c5d1dccb9b8afc86084742e5fd2c4ade02e6cb4e1f6c765da6,DAPO-Math-17k,11788,train,2930,1
2931,f1b6e4759ef53e79d19cb08f3591c5e40c4e9b46e0a8f5a9e0cf85fbc438d291,b3dee7501dc187df87832926b432b0b2b4450bbfc372ff2f64212f56562e3e65,DAPO-Math-17k,5614,train,2931,1
2932,9c53b87d901b066aca65fd983156b43c5d61307b4eac0a4bd5e3bd9ad89a577f,bca7a6b5f84e23286b1e026a625d054ab218b0379a5af3c5ef03aadb2baa860c,DAPO-Math-17k,10941,train,2932,1
2933,d65e2499b5d7cbb3edd70aae205e3b7b5b0926a96e98b22504b3295f5da06e0b,9dd6bcc36251acc7eb4ffc91b8fc3b25f966714b9b8e774b4d8534a708312064,DAPO-Math-17k,8511,train,2933,1
2934,5c3b47fd32ec60d8ea818c30826bd4667013ce39b814bf1f270e5aa1ddecdcda,ea4118a773bf0213c3d902576b5ee4dd98d3d8587bf3da57ee68f8520f67a1ec,DAPO-Math-17k,11060,train,2934,1
2935,10895ef0015cf9bdd514bea53e547105f48224abca4ec114b5e949ecc68a1fe9,ffb9faae28e3b941ec27107e105f6ba8fe23d3c7ceffa904437e6d8abc297ccf,DAPO-Math-17k,8003,train,2935,1
2936,efde16079866eb254d8f11101e8c4edf9f204eb8070d01e147992ad54aa623e3,c797f4b93c47873ec239f37b0b93c9c98eb603d0a384244848c55cb3929573ad,DAPO-Math-17k,6877,train,2936,1
2937,d5b35ec577e7916d58c5714828fa20a115b6af4ab9e555c7c0c6aa4d0c1bec03,7ab18a5af1fc8a4483100495c87c6b253dbe947f122dadcdd1b889cb6b200732,DAPO-Math-17k,1823,train,2937,1
2938,db70817c257381f0210e672c2668be9192ec1ce614a262d10e1949135059fe20,d570d7739f71bfa6967d342b8331113f81fce8d1e64ee58557f36ff32b071609,DAPO-Math-17k,204,train,2938,1
2939,ca9426b9439bcefd7cd31992c066e40795854de0f275693c5639a7a700d6dbc5,7e746a4f0339422bba67c473b1962873526c743ee4b0d750aeb2347673ecc709,DAPO-Math-17k,1367,train,2939,1
2940,63c88477fe0f4f0aa42383a7c8914991a838cff7770945a59497b4d9a42b3c36,dc15fe4cd9b4a3ab8729fa0ec7a9273bbc1c2d33105af66e82a5e9a4b4129ecd,DAPO-Math-17k,5478,train,2940,1
2941,ab20a35f42fa520502ac2aa5ee7485b379807d8406f6991ee375f05501f04bba,61277f8edb3b53ec1afba331d5eecf356144b38e1ba8f2e6c0accc947aa94631,DAPO-Math-17k,13883,train,2941,1
2942,8582730523ac6e94e300e3872dfafc14a109bae9244cde82ba326b6cc4157995,e3ef228649579f110bed9bdea1cbb1f582d1fff61650ce4408ec523c397bd66e,DAPO-Math-17k,10216,train,2942,1
2943,a28613f3dc99bef9b554464d25753a73f678b0512c601bda45c4b9bcaf031da4,ae7240b93bd4c5bced197ad128cf38d64d6d6f141c9fc414176646ddab59f809,DAPO-Math-17k,13149,train,2943,1
2944,e6187aa57dfc01bd0fa82b138a7ce262c3a53e89c12619ca78b6f1c88ec8d683,3a05465d026fb31cee999307e868fb23d5002c49b034b8fc53a02bda508b46d7,DAPO-Math-17k,14011,train,2944,1
2945,2244381532c2667de87c26a1198163fe1ad1cc3976fc1d72c2a3922347fcd591,973f278b7890a86800a39ca16b4802c010cbc2f4954c96218468ca51c279d02d,DAPO-Math-17k,4910,train,2945,1
2946,7440b8cc2b9ae8303ee801242bcd4814212af8300b28efc787eb488894376752,f81d5fab55b4ab37ed2bb9adb27c1cd44127b44274434b9de73fcf5d97c4081f,DAPO-Math-17k,14816,train,2946,1
2947,d3721ba8ea0e8c805cd27917e77f43485a64438b4a59eac684fceb8d2aa44449,b4b509aa94342db50dfdb9fc55c4fbd5882bb55e2fe84dce291dc1d161c217ff,DAPO-Math-17k,7992,train,2947,1
2948,bdfc4f89fbc22c418afc5668f27e50c1198d7d03e6183b04ded8720151217054,3b83c3fe353b409838d9e845561d925dd06237b849fcfa213ce8b5d2bc09bc82,DAPO-Math-17k,6947,train,2948,1
2949,094674890bdec69a9783d87cf163bb53d80d1b6862191c2352365e99290ed285,d583cc70385ab50f675bdc2829cfae97a7ff450b3be0e7212ea26831802f00b3,DAPO-Math-17k,16696,train,2949,1
2950,6ee0506804f9e4fb75e1b601f08fbef9af3da4b9d7f51bd71bf63bbd554528c0,ddac4090e286fe62bab5b79eddc8c1734ea0af58594ebb9a6dd80635a35de8cf,DAPO-Math-17k,17,train,2950,1
2951,d22e698ba8f918e8117cce0fd684a017d0d9c136aa24461a2c03fecaa2e696d5,c31276ac757ec879178af3f3c3a16c6ed5da5742c4f27b28832883e8f0b4432f,DAPO-Math-17k,14013,train,2951,1
2952,bd05d778104c1510bb3114f3fac856b9d06088ff6f44a62724860a089713c9db,bb1d0518cccdd778e2675fce1860f592234ff46bb1298a4cde1ca69481ab060c,DAPO-Math-17k,14108,train,2952,1
2953,a3bc8b691cfa3940b9916e7b667413c700710982a116338914b0c012f6df9c63,947b3f02ae4ddd19c9aac849b92cf33278ac19c635d8a7fd29666e0ff953e84b,DAPO-Math-17k,2679,train,2953,1
2954,3974aa709d627dd19879dbcd6b3c7c68d7070328b700ae6f8ee824e26b24c8a6,b76f2e2a2c87caffc45be3fd8028966d06e135c5632c7122caeee6c53c06ac40,DAPO-Math-17k,5009,train,2954,1
2955,5edc1461a9d11aef460604dd873b5d0541a8c20f54060de0ddebb7addf2ed63f,3a0e00b90af2fb11cdf2e0f5c6c24f091bc6ab47fbf43a9cd3fcf2d6727c8f48,DAPO-Math-17k,7364,train,2955,1
2956,fcb2ecb07e9b61dd12a214444c6464f612265f2e44c09027d8d5d29d50b2b46f,edadf277f2b56e7d56a341a78fe82d7918dbaf2b4ebfc84da9f9d21836f62e4f,DAPO-Math-17k,3436,train,2956,1
2957,f11daf48cd51e5fa253ee33f77d30c93f5c11f1f1b1e347d40f862f3458354f8,63585a07edbfdff4643cc699a5b8c184646bd3d969da1fb8f139d01881f88d01,DAPO-Math-17k,14761,train,2957,1
2958,27ac20143e88b03b0d5af181a91e1c57e11da24abc5a541732f4d4bced269d76,c48f543e8efec9f1caa48b05278c82014c6fad9b6dcf6c2c217d18a93bcb12f3,DAPO-Math-17k,12015,train,2958,1
2959,97b4f224fef15308208fe9d87b9f42694c83f6bace6d57f34e89c72c5e4717c7,406f8cd48f1f1aa0471b30e1f27ee9d9af441989cfcdbec149b5303187c87285,DAPO-Math-17k,8487,train,2959,1
2960,2f6381b476293880df63a493ee7badcdaba015ab2887195b12eb594528dc3610,f5cd9284a3e2319b1265cabce46b24bebf572f3f3f0cb9f0b5a72177a78c73b4,DAPO-Math-17k,13585,train,2960,1
2961,ca4c24d890b5819cc8163781bd44802df6aaec28a9ab2f7d964524daca2be5ed,19240a9aab34152fd0410c715a08c4bf104df06ba239e766f54e588371eed7b3,DAPO-Math-17k,16938,train,2961,1
2962,ca9d750a36380a8bdd5edfd9014d4625dc7950867178e2ed362e960a3ba2ffb1,36031642af497406970ba4a46576e64a030fc649c4bf54223b15e00198202670,DAPO-Math-17k,4881,train,2962,1
2963,4c384f048b7042169966bbf6d885dbc47342569a62a281a655aad743311e7f6a,1e1884646dd2d5f0c3622a40dd735e6c9128fbd52d26b515edc2da97e381e168,DAPO-Math-17k,5461,train,2963,1
2964,989b3f06d7b0d8ccb422e26a073a3f72d194ac0798c52f460a81da71df5db5f5,389ccc0a86be92d9a3b6c1d2bc0a11ff2c5804fb481ccaa59f8049cdb7d83126,DAPO-Math-17k,14102,train,2964,1
2965,983f1312be5c51bf62863001097a9d86373fbf45773eb8b877e22946ec8c35f7,6f4a0b620dc14a9113328453b39b6df82254234c8ae943330744144af73203ec,DAPO-Math-17k,7499,train,2965,1
2966,6e1708340cfd31f951da792f28704e07d234b804151201647bc6cbfcc7af96b5,a28ad90464bfea58ca4b502e193ad69624e148b537392b5a940e96d1ba0c4442,DAPO-Math-17k,13093,train,2966,1
2967,56d82a4c8ef88048bc716f297823358bec3c78fb64f7742cdfac635105af4b97,3b3bb9af3e0b620a4d34e5bb7cc9a132941ea354132bac2067c4534085ee1af0,DAPO-Math-17k,11898,train,2967,1
2968,0d6aa0785591052f661597e1a776002860204f20ba396e9dfb0bc533cbb251ac,fcfa8543e92c399f092ef5ded5137c873fa164f775faabfa2bf4527cb3ed1364,DAPO-Math-17k,5128,train,2968,1
2969,c553dbdce96796bce99b5b27dc12ed25114ae4eaa89881594600ec6caca38c58,0e40e40c5cd4a11a4dfbd208f5afad052803cf0b8d9163b85f7157160116e193,DAPO-Math-17k,15599,train,2969,1
2970,0f7117d2c1d62ee1b9d7c7c142d065bc5792c0cc7a17500bb428bd5b4a25ef4b,9aca9412b81a4f1a84e1b1a6999a508117c77ee63f4a79b7a23bc52d38967590,DAPO-Math-17k,17029,train,2970,1
2971,97ce4aa13ab5205fd4737349946bb0a3c404488c154844d300a73581471d1a21,9fd17df4e1f0dbd5899adbd1829213fef0c494ede71c866fce43340b52ceedd3,DAPO-Math-17k,8668,train,2971,1
2972,887138769e85ead331af9dd6b65f8b1d6eccfe4ec353043a23c3426886a2b1e8,5c2d14787b97530c84eb64d290f0bea5e1d8461cae86a7b8ccdb99f3606d2973,DAPO-Math-17k,3573,train,2972,1
2973,0334354b8e39bc1b2ca191edfea65dfbba83b8c48343d4cc19f1873a3e619053,1137937c678741e0d6b7a572303dde49623bec3b84a8b723285fbec0d26483fd,DAPO-Math-17k,9492,train,2973,1
2974,23062253f413880bd9271725bd1ea691a5b1288a090fedb9d75d25d7e431464e,754d5e54aaa4ac4a14cc3eb7fb14be5064b5c3e04464543a31fc3772b055c65a,DAPO-Math-17k,11946,train,2974,1
2975,87a8477a3589c5d86e4df81f50d8733194dd57977836973c4b5e9d3940e65fba,5477fb8b5f1f46c42e9d6069113cace8b44a188346577be7d1ef674a0a867763,DAPO-Math-17k,1880,train,2975,1
2976,16aab52d7f74f6b7577729f3ba4f19d1f608fbf34da35ab2e08910a0b6c43b5d,98851e2e2b72ad9a8deca50e68855ded20998ec8184db725ec7a4cb8f29f8e2d,DAPO-Math-17k,10577,train,2976,1
2977,a103880a6a44c6db8f07afa52a81b25e95a6e43e80d087a53872be93bd83131f,c1dd3790d979c169a6255f7acde483062254b5cdf2e789891a5e1d7a7551e1f6,DAPO-Math-17k,446,train,2977,1
2978,d51bc13c070e5177728ee8439b9d95c25914be664bf3221b00c104819fd430b5,3049701fc3a800f4a643ecbdb33d13d5decafe189b40e181ce543239596755f3,DAPO-Math-17k,8120,train,2978,1
2979,71660de433f33383db607efabe37e23b322018e3f50b9f72024a88f6eb7acf17,99afbf78a7c7d9e3e74ed5bcc7a43ce20e8c73f8b7f91ed622f122a33f5d2ba8,DAPO-Math-17k,3643,train,2979,1
2980,a426b0b745d82b306604e2a3f940450515b2c8398ec41453171e2442ac798fcd,dd3054a587c050b3cc7c261e210852f6c4afb924e51cd57c86f5cb0a1928b438,DAPO-Math-17k,8858,train,2980,1
2981,4295f6857b5275ab0d8f354ad0fe385e67e7e3587b70559d92896fefc14f37a9,d26b21758e76bcb01dea35f22c6b33fd18f27c4cc66e5325ea171d7eb837601f,DAPO-Math-17k,4509,train,2981,1
2982,45669a9bbbd4343997d78e35a2cc6291966c3ac42c9c253aa76ad9ef3b28b374,50744edcc99eaba2d5a7fb241ee749b6c3e8400ab111a288221d36545741a7ae,DAPO-Math-17k,16094,train,2982,1
2983,f6c64e6590d5c63087e985a3d95db8099495a5c6eeeab005981d133a543567a2,682810a37d835867ceb399978f3c8f3f2c32137415bfe50c7e2d95bd3045ebd4,DAPO-Math-17k,12146,train,2983,1
2984,c9148c4933fd98109a64ded57c823026a46c9146086cef001ddca0c1852acdb4,819f994e9e6441507c2a35fb3a6ec7b33762952b8b7f5f377f12ad6338e33188,DAPO-Math-17k,10045,train,2984,1
2985,ffa1889f69bb688ef2283357d223a68cc9e17e95813a189159e3978423f7a69a,9bc6631e0d2e8358f8371d5c72756becb5128a1beea1bf2e5e8c1600961e996c,DAPO-Math-17k,9762,train,2985,1
2986,8eb5db1e198e67ba149902e8252a3d482f0c7d7f90684c34ed973bdf4e9b0666,24b184d7b24fd77fa81db0a941af12b929e961316fae938e7cef788c9f7d34f2,DAPO-Math-17k,11996,train,2986,1
2987,be3ac0adb21d0cb17628bf56ec7b7735a4a808ec5a72a173587ad436cb583053,2e24564e7183f74facf99870885e77172a8df28f093149bbe69821b5aa9d458b,DAPO-Math-17k,11870,train,2987,1
2988,b1b16f2b589eac4ba268db5eab4a586abbfd59186239669e8548d2817bc6219b,2863cfea95c012a059a3345e8fc7109a5d55dbc10dd1913625e6310e87603278,DAPO-Math-17k,16943,train,2988,1
2989,16795f6c18d4fb53cdd74a2ace20b7b873ebee61e96a3cf4513ca112b9fa119f,019c5ff60bf9014d58f0b5ba3fd1a14ed924a6a7fce7e90be337e82337bfb360,DAPO-Math-17k,1779,train,2989,1
2990,a48f0699aad242c6c49b20d40ac7d158fb4b54dd7b94fd829f1e897691cff004,2c564373b88145cd666dcee44e603751ee69e826ce6580c628e63f001c68db98,DAPO-Math-17k,4755,train,2990,1
2991,0b5deb7799faf5338ad2c675f2c08001f36861000a00b3359c326511979df25e,434b119bc321199291bd15fa11c428152b9b7a6676a7d37609d429bfb049c5ba,DAPO-Math-17k,16517,train,2991,1
2992,f08f0a3674e76385e09a8aff4cc2a850ff643a8f4e3ee6ab6c088bddda4c22ee,38541ef3f9f3600277808f9d9739b0fe98a05ceeac4b054a73f5dd67c940caef,DAPO-Math-17k,3652,train,2992,1
2993,d856d271246fe4a559e1964508eef2e70320f2701052a59755216ec8c97a2a15,aa4d53892d5986e5f492c14223e8308d41e857726a590bf2de13585aa23bb64a,DAPO-Math-17k,15682,train,2993,1
2994,f7b1a7d9517a587cf0833115767abee56b4473fd2f11697d2e30f2f24f8bb0fc,e49840023270c87c3b8a8adddaab23a583ecf1b5f9821ba49ba4b03e6183036b,DAPO-Math-17k,13603,train,2994,1
2995,f1c12937d844a75357e459caa28d55b24b3150d08e96c791dbabd6fae378e07f,e74364d2b5abec42b4f7924f2f3f301bfe4e45692a92c654a057b0004d3ef93b,DAPO-Math-17k,5318,train,2995,1
2996,6f9e2a23d952387f5cec1954dc38385b511d61c4199252e010f808366cc42d6c,4dca47056d84b7e3adcc0d8af10e760ce29b49aac514869c4845956ce082d68d,DAPO-Math-17k,15669,train,2996,1
2997,9718d6b2b27742979fa23f852be9ef6d7aa9ab2dda7026377a8f031e1e007b7c,33474e22a650f42b25225f0658286b97d54df1479e1450a9eb08daa0f34146a3,DAPO-Math-17k,12212,train,2997,1
2998,553416d06bae3366583af4aa61366fdc2dbe7c79153a7db990ea0ca43c05314b,a409a0ed12e6219147b80a493ddccc55d57f9aaeaba881b2da7c8b1a3a1ecf95,DAPO-Math-17k,5066,train,2998,1
2999,d4535ca663092161699215b5c84c91529f42fab66a72ef262e4b3c10c7d06131,fd2ebdac1b06ae047f102b98087f0909c9a7a2d627d3b1e2f0db4eb878040013,DAPO-Math-17k,15261,train,2999,1
3000,6db0875986b655cdf2d9c3a794b83387fa907849450cf176984d7190c07e4f38,783c35da3fdbf552b29cfe5c9ede352c4b7cc6caad8f6634a93e3309763f4603,DAPO-Math-17k,13521,train,3000,1
3001,804da96bc496d7d3f0b07c14abd0743b8069309d2249c9cba3128210674ba510,34887ebb2129106a2bfa19919763cfdcc3c5e8a9716d89d6c284668c60712d1c,DAPO-Math-17k,3572,train,3001,1
3002,5dbb1f785a48a69e22065a7fb11328aa96c817675b3da0684d130b9d2cd216d6,f3024a3f5af5d3694b60fcd4f5f94c3496fd4f7d78dbccd57a65b993028d1ef7,DAPO-Math-17k,7069,train,3002,1
3003,5a8b364d18b36a53c678c690f09dff1fe8cb127e13bde1a9ae4b028e58de258b,43db9f110595b6d472f97c1c1f514c4e4655c49ca2233348acd54e8d76a6511d,DAPO-Math-17k,10472,train,3003,1
3004,a829f5f56644956cc3b060046fa31a6eba18e0e0bb41d6461bee86246ec15bae,533920c8f7a875b3add487fd5e094b12c6bbb48e068ff55ff6b46dfeb676781a,DAPO-Math-17k,2960,train,3004,1
3005,62a997c0c39c4e34b4cdd54371d2e8919700079296daba080d2f4e92540e409f,f745be94306063f9a8c9938e4729080d792d039f191d4fe82c7c2c8f6d20bc86,DAPO-Math-17k,10638,train,3005,1
3006,2c09294e4d8e74c0313c3eb57fc4291c7aab5bb43ba3b60830208c280ce12b46,9f91d9e1f6406fc7ee10c75addec039a3b1d3eaed626d89c4d5c9ac574aebe20,DAPO-Math-17k,10743,train,3006,1
3007,be3cf34bacb01a95b01e47edb72768e62088c98eb1b77bbe36236e1e90e4c51e,da8fcffb159ec0ebb376861130248841dc819eb40ea215edaf1c5429b39f96eb,DAPO-Math-17k,3972,train,3007,1
3008,64879a97a85304f530aa221aa6bc297136f7007a6839a52d40dfc9cbae707eaf,4d4345e9a44570440cf2e705ffd5eebb62c0652cabb8c1d4f967460277b05b49,DAPO-Math-17k,497,train,3008,1
3009,dc02f092b5a8dfd3ec00c1f17e22b42048d62115cc2874476a6b68951b6b62b0,d98c54b9dd5275983c01a5ae96b4a1a98bd86604fdd4e59ecbff51fd682fafd7,DAPO-Math-17k,13117,train,3009,1
3010,fcd5ee75544b2220d9904568793d2b25a7bfbaf5b282ee0198a9bd4ef70e27c9,963a37759f82aa3971265d50736b6eaadd443fe5f1f39432ff7b71c1efac841b,DAPO-Math-17k,11611,train,3010,1
3011,c1c94ab1b8f5e0c8bf75fc0136a45d17cba2de611d438963301c45b55f77cb40,5242f80edbdad696bafd2212e56a4ff9bac60a63e8f1d467260ac17bcf237f2b,DAPO-Math-17k,9677,train,3011,1
3012,dc0c270a5ed03b562169f5c83e47551112290c6814879d1382afd7115b2a7431,b74825cabe3195eb92649e5e891ed89dd98a453fbb636a20a6ebfa084320bf3a,DAPO-Math-17k,6097,train,3012,1
3013,529226eaea78cb2702a039d2ee95c2d365fd2e4210a8d60200ea25aa14bc1b10,7f6dfc30234a79512bb32ba08dc8ad107eff5c04be273399390828caf52a8430,DAPO-Math-17k,4989,train,3013,1
3014,218cd53c5947042c8171ea17c6ac20606961979c643275fefebdfc4b623f9fdc,818ca348cb39906f638cdc734495ac44f4e87bd54198c8cf0fd6ee5f820d53de,DAPO-Math-17k,3400,train,3014,1
3015,2ce4a003f38889a510d4192856a2b1116dcf069d9ffb272b174ecf266801d1c7,e7932148d3cf375e87e8f8aabdc12aa2937cdef4a9c2f528d4825cfc3059b92c,DAPO-Math-17k,8534,train,3015,1
3016,89ddca938418bad3b8160212086d5c0cb0b15d94fdb860fcbe05ae4e54bb0f11,bfb4f60694525cbd650477dd863edd62c220c7edb7a5fbb75e223e70ebbabc20,DAPO-Math-17k,2606,train,3016,1
3017,388609653ae20d297efc28865f10626d3463520c287a26123ff4bc53b8e0c2c4,70d94a2499e7f20ec52b14167fb8464e215fd6c7b80ad26f71cfa68db1406c68,DAPO-Math-17k,10339,train,3017,1
3018,cec899e5816c9f94add42f81697df8e2f4c3842aab539724fea3c136687ddba6,bfbc05fb246b892d36a131b4ca684afa1530ed653fa64c97f113425371cff3ab,DAPO-Math-17k,15482,train,3018,1
3019,e103ee2326a97876b500de741c578cac7d2cf955007db1267130524a8458a2dc,f9e9e7b4cd3f7002cf33a66bb5b42a1e62b6793b3452e85c498957de4906db5b,DAPO-Math-17k,14891,train,3019,1
3020,d610199a4b3e57f64a0bebe6cd16ec545450c8e50afa2a00b85eafbf4e0548f3,1f9125c7d4eecdd8fdc2487dad1adbd6238c9eb926fff0530b6b53cd12659d7e,DAPO-Math-17k,5328,train,3020,1
3021,41c31d9b660fd455f54b5e40c47f9376e97e67b9239444e2917959328127523b,2e7049520e4c467772a690aee8aa275a0ae950c2d82876bbc27357067c3bf047,DAPO-Math-17k,1680,train,3021,1
3022,3f442a855f8b90783f4b0fb772da27d5df6ecd08a3ecd72e29ac0c84869a3bae,6241b6236491b2b574fb95495ec2cfccbbadb1d9f96be93bb65479adfa2c984c,DAPO-Math-17k,15089,train,3022,1
3023,4e989c4fd3bbc39e23ba5a5d70688441cd5b45a4c0b0454976175681883e679f,36b54b2a8ae984537ac43d162884e9b4658d797afb55d0e14667dbbec60e05aa,DAPO-Math-17k,16157,train,3023,1
3024,b48af38061387e564ab4abf45154d118e7af0e04657e84d61c491f6f7ae257df,ad100959dc7209f58c4a52d1ec9655576685c6cb1b6ff4e21cb4338eae3d96de,DAPO-Math-17k,7913,train,3024,1
3025,b09965c776d8aa0dc915fa9854d89dfba1c5c224e5f994f327947d9273fca6a0,bad1635f19327b2afed4bed8684d60324d225b1e8df8d40d28c7060ff17e1caa,DAPO-Math-17k,9058,train,3025,1
3026,b05f765e0f247d1f9ece99eb6c1a9fc185d4b24295f4e72077cfc22d1bfe10f5,9f89778c6281a986bff630866aefcf171e292bbe61c961a09ee29798fbcd9c40,DAPO-Math-17k,9956,train,3026,1
3027,f360b5edc0f171aaae3b87b84ad868a26fdefbb7727655d02bd90cf408e9d4c6,d92ffe612ebb5b0b23bd3b72d718f371d4adc891f9df6515a8c842515bef91a1,DAPO-Math-17k,14429,train,3027,1
3028,80888d7f3b619c6674d553f7457bb116720e5b8b1af729c49f6c08553a7b464e,c93bb735d47299603567a0199a47c292f6cf98c0b2195b1d2aff9c7a13b10159,DAPO-Math-17k,5751,train,3028,1
3029,32574ac8b5c6ccc5621188d0dd4d8a67b0a9016d5e05e622a5c5382e976eeccf,897f8a33a2c80fbe07709cafd6b6d91521eb863e51c6e83b2cb29364a948bbbe,DAPO-Math-17k,14872,train,3029,1
3030,837dc7b90fe44af932aa764448e81b95f7bf43f381579396f69878efbe5893d7,0934b98408c3021647a63f2b2e9dc4d0d5eac928a8a601282d38a84d09bab89c,DAPO-Math-17k,6397,train,3030,1
3031,94b1c350580d16e12f463b349f6ff40cb87caffc21f5067670e43edce275c670,d82f2bf80733878cc910bbeb11c944b9fe8e8e378d33e41a1456e3c341f9e132,DAPO-Math-17k,16326,train,3031,1
3032,e0feb95a8809c5f044a8014206344ddb6c9e52ecd0b050c5c1ef4ccb1cf18b5f,cfa3d082c449638ba2e85227a8430f6a1eeaec9e29d4ec4105b3c483a18b6426,DAPO-Math-17k,2619,train,3032,1
3033,488e5a4d2949cb9f0f3e3bf87e5224e6a1f2d6da8664aeaa0844c523cc697a3d,f0279cc3d5ed0486c399856c1a847de9bdca4b68b21bfe12f7c322c13f3c414c,DAPO-Math-17k,11299,train,3033,1
3034,4a410150d3baa3a0552f33f8811da2960cb8a435d7a248e08d273e162ab344dd,205bc7fc7f97c406287efec858d3c57f4c64c0f86f7bbfbf90b821b697deb8d4,DAPO-Math-17k,11695,train,3034,1
3035,84e535364e1ce0f27dedac8dbbedcb7b6d0f031fe0255f8b8b2a028b357f30c1,935da381e989998a1c11a1b961844eb704dc648809e482bb9429effed1d1a089,DAPO-Math-17k,4007,train,3035,1
3036,dc550bc641e0d8da9778869baa62cfed41e304d2432ad9421e08a505e7a0292c,09f6fc6cc24aa476c8e230335c4b639cbfc0837de17a2d2a07d22380b5851bbc,DAPO-Math-17k,15975,train,3036,1
3037,17c62056988eaa9e1959f36519dadaeb4f6211d5faf1c0cd511fca62c89d256e,7af5776c5671b8fc034c7a9e27d86102e5a2c1b9cfd004ec18a6e890deae8b4e,DAPO-Math-17k,7866,train,3037,1
3038,44620741f6055e0253a2d14a5b45a3740f43f3648b026475ca6aeccf51367792,0fbed51a47430b035cac189c299e5e27d432f8fd886ee44c4313eec9120cb4a8,DAPO-Math-17k,4575,train,3038,1
3039,8a43b115d8111ee5a5dfdb2bf70a3e982925c48dafb056e97865dbb32c968463,333e03aac78f8304737c0b353512c2914ccf09d968404be40c87c99d41a0a607,DAPO-Math-17k,12829,train,3039,1
3040,b96842999fada6ea55b0c7340e0c0f1ca72c62f5ab4e01ee6053223f797df87b,3ea716c707fe6f95620f79a019b3a0e1c0e130ac4e6061a31184a5eca0841cd5,DAPO-Math-17k,15062,train,3040,1
3041,4fdbfaf12f9367529712435d84bd25555f0feb01288a3ebb19805e3bccb5a1e3,4b12dd9e1ed7175ab76f2c33039eb84f08aa5f78a5ceac7e54aa52c20bbda9ef,DAPO-Math-17k,1514,train,3041,1
3042,d838f3251ce6e2a9d8b27e6d4a1c82971f9f5bc1181a19bfe022417803cff468,9c0b3293caf64cd17c5e237d5e8bc98e1fac1d9f8343da7d627911c9f85cfbf1,DAPO-Math-17k,4104,train,3042,1
3043,d4f0e7c9b855fb1e228830b6ee8f24169712c472f65a55aa05b0cda7fe958e6a,7e1f55d0a7786798669d53c4a5d3c5e91c86466ac3576a7208ed4c4e96855973,DAPO-Math-17k,16167,train,3043,1
3044,c60b0828c4957911b0d3fa3e9f2d49c77da92b908311e6c575f83a4f9acb2423,13ac9b43f301082fc83d7272c431fb8abcbb5b7cf61dd54be8435b9c10892492,DAPO-Math-17k,2153,train,3044,1
3045,383cb47eef53b633e3a972994cba5002391634eff22957cae60a341135172e53,aed2fbe42d3b4c9a4fd49190038fd7dd39c8000b0b84c051cda122b4ac5f8bf1,DAPO-Math-17k,16911,train,3045,1
3046,19d2fae502aaace45d33c9addd5cf8c63940ec56d2484b68883c1feeeaeeb47c,c660d1a36c228dfbd56a3440c5cc79b45e050a794e07fe288edee27cec9b785c,DAPO-Math-17k,8191,train,3046,1
3047,4eb88c4843a9f842fc4af65088a93cc371797b77b7bc71427abf1f2fc9f55ae1,343c0e13b9df5cbc3c73b8fd34343ccc77310de18bed37f9e3bfabdb755e6f2d,DAPO-Math-17k,16403,train,3047,1
3048,ef77cdcda618dd8ad5ab7489b057cd5ec7fb1c1fa25dacf5d7f0354448927c6b,db0d8901c3786645d41a251b352b0684e08746417de720c8a2e9374d82470fba,DAPO-Math-17k,6485,train,3048,1
3049,a0cc298668f8ac8f0fdef880bdbf5dc41cb4dfb582228a0c6306e6d684d49e7b,a5d06459ec996e73e0bb221cb826b310777a3fa1657a5fa230ddc9c98046dcbf,DAPO-Math-17k,14909,train,3049,1
3050,c9e66b8d009aa5bc8b8a4024a611c40e7c7b94f4f8a58a6f375384cff3fde18f,afa5558dfc983e7d3970e7e8721bdb21fa82aeaa5e111de754ef905a96ff5b69,DAPO-Math-17k,13671,train,3050,1
3051,4a4059db9c13a3fd6aaee9306aed02b33a504c6d52b8efe3e16e73e7fd8c56fd,efc219e739a6b6c1415afad00b723449a3511191f85c75b6e6d40a841083335a,DAPO-Math-17k,9996,train,3051,1
3052,9d0cbe8177bc12db7c768f26b714438f7232e933d0fd73d7e3dbe99a5ed87738,7d100d360ea239da5c69172fb6f5e54496d0d7c165cd46ddd85f302b3ae0023d,DAPO-Math-17k,7196,train,3052,1
3053,53152b6df003a054e8602f7e576cb7a687800422d2b316d4a4eda67b206a4906,0340fc74ab251ce5a2ab2ca6d16c8a792177e2f72424ca4ec2a0c0caa6f30d01,DAPO-Math-17k,9699,train,3053,1
3054,8c3eef31157f6c05270298269e3a88d1654270248216c568249def5f44a54474,988b27acc8ec772b4e08a70842bad855ee62d47062dabb1709e5155e4625c731,DAPO-Math-17k,14764,train,3054,1
3055,e428450788b47c423e0e1e2fcd9111948546f98c016a8c3832f62cc08dff2d01,afb6d796ee1dacd931e2a12db62773ac0e4c03f39ca175011197c76c503a6b97,DAPO-Math-17k,10077,train,3055,1
3056,d8a8e76b3f95f442ab0d0e9a96f8ccd761d36a8e72dc9bede467863c870263b8,b8225f0951ed35795a727cd73f5b81a2805291f30451f738a5ab89c6018a0d99,DAPO-Math-17k,10677,train,3056,1
3057,873a54bd638508bcc91661562e8c7747772b02603878a6626d8e07430c1adc07,0573f1cc381361190aebeceb6fe67b438d289997166c9fadca017f6f475c9f96,DAPO-Math-17k,459,train,3057,1
3058,f66ca64e2d84e429a0763601ecabb1a4d4e2672a93da3538770e3fdd4d99c49a,7cf71c10ee733bb5e877bf7ad4f91746ff2e326a1036e836c259911cf00e5208,DAPO-Math-17k,4146,train,3058,1
3059,a1cc3720ba86e822de8e792de31034735f46327a0e840b7a2f7a16aec711e354,c4d2fd248a0cdcb623e6a007d02f9250ed0de1fa66c12823ee15f0d5c0e84bf0,DAPO-Math-17k,16818,train,3059,1
3060,1d6347050d57e33e36172a85141834b6ba54dff1c0567f4114d125267bb52f92,e318f3b9698786a1fe14cb94c2bb47c95f94d5620c89232fbc5c623d0721c993,DAPO-Math-17k,7360,train,3060,1
3061,5ff4a48b2a248320f660c2692f74bb8227da59a774f78b3e83106b83f903cfd1,1abd54e9e4e47978a1ffc52cf15944938eb02d6cf70bc62a022c88dd8494f8a2,DAPO-Math-17k,4032,train,3061,1
3062,4b99f53c66935e412db340daab83b98e8b42dd0feb4ebbdc30e15285742db37b,8c721847c7244ebafc656ba8a4f59ff7532d798d0aeb081f393bfa32e5e45eb1,DAPO-Math-17k,6906,train,3062,1
3063,9361875273a6d7fbb8dda13880916bea4711515f625133970b7b3e2210b900ca,87a3a6d4db0387694bf34981c010cda14711934505abdf2e62e86717c3695820,DAPO-Math-17k,16458,train,3063,1
3064,3e052f58e19f492f0276e2cb31f33ef2a19da60d807b86a02f6fc1c7ca2b1172,e6d610c0cc76526c5f6cb3c565e91e8800ef5cf66565c84bab65cd84c874a7c7,DAPO-Math-17k,15634,train,3064,1
3065,1d4121d2a80bed8395d7a706d5d87c352c386009c65485ed0e2edc39a3aed7b3,4b4ce268072b4f7fb8a60d827ec9bcd5741cbe1223669b2c1b437b49c443e2a9,DAPO-Math-17k,3686,train,3065,1
3066,25edc4ad67477486424817bb0fba27ca0c9fec871cb30d805042804d07241088,d99399fdcd3b49edd4afad60cafa6b20aa5703fbba661ee6d2a0cccb14443638,DAPO-Math-17k,14434,train,3066,1
3067,5697b5b6c1222d1f69e68149d32fda5ed235c4cb735cf2f4892c273ee6823e5b,08745209aa0f0fff71c00361902c6339c0c13a2b512796ee1ff6c8f5aae18cce,DAPO-Math-17k,12317,train,3067,1
3068,8898bad1821ab624a18d0a42d020facc569e73509db80e605107abf23ac0d9f2,b2ea0e7f99758f7bb375450f4b280fe1f2a062e4eca231ab0508fa18700c4156,DAPO-Math-17k,14788,train,3068,1
3069,4fefc55f0fd945be8283792485f082cb8ba30faa0f27da55bb5ebca00262e65b,de44d7b38eb56a1194f3eee6ec6febada689a4fd68fd180617d894441c3eb0d1,DAPO-Math-17k,10302,train,3069,1
3070,29a4875ab1e5b8aebf57cbf848dabe8bcfa448286b95e0bf8861db9453bd73d2,2b5fe549a8bd77c62bf40b800b78fb15aa9b0a58ded142a5d0eb7b33c62c70bf,DAPO-Math-17k,8231,train,3070,1
3071,6b65f0bdc35e8632084010a0acdadf0aab9f370e845c89d696fe4b448f6f6e42,23a0d9580328d65242a52b52a2284308ed63728b1a12060c554620f0538095de,DAPO-Math-17k,3871,train,3071,1
3072,41c518fe6be8ed05ca6b663d68db0f647be88812664fbb11079e66849f00c6a4,20b83689a28d0714c79b28ea53df41a96b9db29ce56ab4039761e44ca50316b7,DAPO-Math-17k,3233,train,3072,1
3073,fa8bccfce61679610e6e5c0fb1545660ae91f1513001cac4153e5a445f5ec098,f68eaa05cde5d1eafce26b2a76fa53aa33595b7fb76fa15dcb69a99e3c37144e,DAPO-Math-17k,3025,train,3073,1
3074,101fbac8717a3b751eac347f777b6abe31d90f5db93a3fe84203bde8951b5762,db4d83d034d91964992c8b3854d35dbed6b928519c430e955ddf7007d1867df4,DAPO-Math-17k,8092,train,3074,1
3075,59c49c83f65f3793a8d49e480d8d7fb08f87319c75a64cc477bed876e4479a8f,e3d38080c8fffbd6215caa4b707e34e6b924fe7850f8084fdac356b8ce22e4b3,DAPO-Math-17k,11751,train,3075,1
3076,13f16c16be57b534f8382c68a98b3818a6bab329e1b7c7c5e127de60cd6fd302,ba1c20afd18da5da3704a7fea6ad101cc39c4fd77b3708686306103577aec3f6,DAPO-Math-17k,8525,train,3076,1
3077,806e381bb5c3a8295cfcc55dc182c2eea481ce89b2270063e44602fab667e0af,27797581ecc17105547b9008b7278b36ffba08280f6cb29b5442d905aae46923,DAPO-Math-17k,9213,train,3077,1
3078,83dcb2472760672d72094f99d699ad0392afb4dd85b14b2b7a86388c12cb8f45,61457addce177bf0edc7b04e63754641ee45bbcc1cfd9d16feac88023fa2c04b,DAPO-Math-17k,9804,train,3078,1
3079,208961cabc70cd05bc5bc8cec30500f92b7291e882ad271fabb1f1e8f5cdfdb0,d8de951c583f745183488a2ec08b799cf558115c95650239811f431e53d93bd7,DAPO-Math-17k,5385,train,3079,1
3080,9d1969e7d78aaf189415f183f80b09f98ba9398c03fdfb3f5ca0fbbc171ba209,3a2f992e025233285373b6548ea4a8bc827ef12b998d21fa1beb6624dd4a9aaa,DAPO-Math-17k,10996,train,3080,1
3081,c1fe4eebfed3df2a62893bf0da70a8b8bce8d74b4ad3bf8f13e7e5c04fa2bfd4,a8f17017685becaa1c8a7d9d58f96a7a9d23517420021ad0b3933ce2e530d595,DAPO-Math-17k,4501,train,3081,1
3082,d785e4a8faf0a6a16e156d918b18c55d3204db27381d2ac40ba36756fcd85a52,aa8c53e0c7e3d78b28aa28b2ae64df096fc02ad356738a6047c7f109b07d35b0,DAPO-Math-17k,4210,train,3082,1
3083,d5afa206c38708940400eb7b5d32a576cfd2cde5c8431cc97767b6649465bdec,fa43ecfb0969e2990060be47236b02f5b89e084363716f9aeaa042310aa8bb0b,DAPO-Math-17k,2547,train,3083,1
3084,0635dfd301dee478fd29fdfbbd3618cb819eff99f443177815276dd10082f356,d31d182db0dfcc28b38bdb250805cb8a8a51a2b2f5bdd47aa4c8bf7b84fb8c32,DAPO-Math-17k,76,train,3084,1
3085,72899c96a663074f5998fc0b51ed9a2470240c9b365e3e067b953a5deb19abc5,6dacb1917b94fa8f4ef46d4cffe188011f4e49e361f188e62fe0251dedd6ef14,DAPO-Math-17k,9540,train,3085,1
3086,286fb9a59585d9bdd1e8dd34ed688c4a60df6e3eb330177723c4e4a54501a683,bf015730c4992f41dd5c218b13ce0fefdcd0393097dc011e8e9a07760188e8d6,DAPO-Math-17k,3023,train,3086,1
3087,d622db68fcfdf7da0d7433448793f052be1dfe425d5593e43afd29ab014d0e63,18ca37a260b5158cc5b1e748c6a2a05504d493d42ca8b865bbdb1950ed16d1ca,DAPO-Math-17k,6833,train,3087,1
3088,d94e9eaadc430c9b7cf5b23f84c5101f312a4108a603b121227b96690f4b16d9,fb72adc9f5d9b17d8df578d80144e6c333baa8e47cb36cb264f4293f566e6ae6,DAPO-Math-17k,6905,train,3088,1
3089,c9a82dd1e63184911e5dabcea1f499d5af1b1f4d62d8bad181acb8f756b7a170,3a4e9617bccc21e7698f8b477a24468b4ab5c0d979f3addfd410c36cd2e53539,DAPO-Math-17k,14561,train,3089,1
3090,a9137d205fe93e0b158c31a1223996b1db1b47afdbbcbba093c9b842430e6e81,9d2175ff9f57926edcb583a2efce57d94ca706fe0ccbfbf4042517528d2cbe89,DAPO-Math-17k,6979,train,3090,1
3091,3563e0b9cbf0b8394a81f2b4f9119ae246ed1598ce9d70470cd553526d3b4479,c5f119d57f6c6a1b1ce8d435854cde6f27849d0ad7be46ece14df355d56467c7,DAPO-Math-17k,6400,train,3091,1
3092,f7efa49bd868fa95c13eed327b271dc4ba17070d139d82bc0017ef84d03ed294,8116b942a2e21c406df69205b6912937189bedb0994159bd1653fd99578f8ee0,DAPO-Math-17k,14826,train,3092,1
3093,98818ad8b4207e7276c524aef245af68b2f43591e15d242f344dec8b33b7a97f,a4bf8c78294dd05dff4c53e090064ae3078a0c1c53c1526ff20666f9690e40ff,DAPO-Math-17k,1975,train,3093,1
3094,96ab93b194e03e808f7122a5bc11d4dc7c252a69e90057f1e1c1b3d26c49ad53,0d570fb0f398f08a0ef555f83cff8ae250ee8a4fe3ff588670c50ee846bf857c,DAPO-Math-17k,3327,train,3094,1
3095,aff45cd5a3be2bb8034d5beb001f44369383daa13d626bd6e628894865207465,6ca9c4325fe9d8aa7c1af62e5b5eb2deb5761354492a5b1e1fc0515915088906,DAPO-Math-17k,3099,train,3095,1
3096,229d30435a545f41c56cb308dba6893a9c6d083a5166ccb65648306a698cb78f,09cff92f7ad40cb20ddf5fd63dc0d93ce9e06e33cf7a0d64dda74afb1f69b939,DAPO-Math-17k,5254,train,3096,1
3097,bdbf29b5c3389cfb3201bcee4cc629c1d03ca49938442d33c6bd61cade3441be,73da2eb4c391ca6137e3102e127b0bed78245cce115860a4f86ae6cf1f145665,DAPO-Math-17k,5649,train,3097,1
3098,8ae8777384d0f36a055f454aa3890447dcbb4cc588164deda8774465e147895c,0e0765b84c9e5503048b6cb45946ceb285d51f8111c9c2d8e09cb1c2100c8fb7,DAPO-Math-17k,5904,train,3098,1
3099,94a8b8c9ff15c1b7d191a1ced5490c299493de8ee0ecda3f56bf46c70fe33c22,0f5222449fd8b5cee13c4fe72a5d133b48d4ed21d62a75873142f8706be5c629,DAPO-Math-17k,3650,train,3099,1
3100,30000b1a410b626ad640e3d124c191461048bfd1aa01aee7850e36655c6950cc,dc1c692e02353e58d2abac0597329028eff8e35bfe06bc8996c9fb3e10256c34,DAPO-Math-17k,9702,train,3100,1
3101,aacd2b68ca6a94f8449ed0e4b82c7b7b45229143108d3566500df33a552d4350,dd129ea45d1470495411061a0e611e7723a7d650b11598d4309b464c49e41def,DAPO-Math-17k,6227,train,3101,1
3102,f4a6045ce7af39956612d777c7ef1021a278f84a8c9bf644e5e053459a18e41d,3474f76c51422b693adbe53efaaa036577f498d1c022405e6d9872c6cd1b165a,DAPO-Math-17k,2754,train,3102,1
3103,9542f6915ebaa53e1120ed11f22fb689d224d7e226caee9dba98f3260d00edb3,db2ab516e8a347e82f718bce36a62087fa4fcf3f71fa3c427166b77658ee273f,DAPO-Math-17k,14946,train,3103,1
3104,3333e8cf53e0f4478429b90ff27a47c02b4ab5ff2290ecbbb2a9066b179dcf38,56642516ea7213340ba926953012d735e7f2eebf1020c7521acbd82e1f994377,DAPO-Math-17k,1776,train,3104,1
3105,3abcc16333b6c3b4985e5ef1db75312ded3a6d7f1d865edeeeadf95249c0674f,7a18fdc069bc7dee4a605bb9b480c202bb92128d51b50f028f2c0102abd29bf3,DAPO-Math-17k,14505,train,3105,1
3106,92be2c2c2b61f3d3a9a4508aea44beca29c0973528370cc9ae45c6f696d3cd0d,aa527aeab4f119efb2304deeed03eb8a32efed48d6dbba54221a8d68935c3447,DAPO-Math-17k,1087,train,3106,1
3107,b72ff4949ec62b4724c916385b2a93bcd4906560737fc1bb2c1031a20c716b3a,f1b9943f004e059034364cf01385d25bd29b10c63eccb388cc13021d5dfdf01a,DAPO-Math-17k,15013,train,3107,1
3108,abefa67e8a7fdfe1b222d8ba2ad1d58d4b8e9fc774bd9374b7e38aaed38dd039,33ef025ce881dbc10c1f57de3fa8ff65caa5dffd07fcb13939809337ddf2b01a,DAPO-Math-17k,9112,train,3108,1
3109,2e6f4553a721f9ccf2b1a96b6263fd891b33a793406eb129c0c4f2b745a0b238,28077d2a4b10bccf2b6ef0542707f1a9389ee6bd8fd57da357e86dcdd66aef41,DAPO-Math-17k,7879,train,3109,1
3110,ae70d12b3a5fd0cce23024c99c01939b20b3044c399e2a07d24bfc7382a68317,c3dbb510af8789ce02c00e5ed5458175bfdc9d9ce2cd95b4c126f90faff090b7,DAPO-Math-17k,11613,train,3110,1
3111,3a6a889b84a3f4de736b1c1dad118985fad2f26eb1accd8bdcec3d6ebc9ff7d5,618956073421d471fee02a2503a8436769b7f01160c8b7e7439485e80691085d,DAPO-Math-17k,14583,train,3111,1
3112,30f310ad2e3907b1e6bf8281a93e16a633a63f313a6558005fc3651b9f47c6f4,05d34e974bde1364d833fbcbf59da4f9714571de128abad9f9f5bdffbccb2841,DAPO-Math-17k,273,train,3112,1
3113,9f7f9239016039b41b0cbcba6b0577e8da755b743666bbd7097e253c917f16f8,f2abaef406a63ba488b8592f357bc6c06c413bce8cfd0a462c362068186a3904,DAPO-Math-17k,1050,train,3113,1
3114,f0572be6dfafc6c0939ba1b16c12501918e196e8f989270c95160e7c61e54037,10660cb2f888f329d5f2c0201e2ea106d43fc03a179ff14d63e62255fb71897f,DAPO-Math-17k,1099,train,3114,1
3115,c70c4741b63b8fc21f8cfe7987d3d08e896abdb0533030c45439eda8fda8595c,2b3d1661ca9edbf32b5fea23b9986656421c737bc41d20dad7b84e3f5b0c5d64,DAPO-Math-17k,9791,train,3115,1
3116,2e58206bb243e559925057fdd22bb744abc74971623a0b14af68acf3582dab2a,e6e01a9eabc8c592a5b3043e5276e88243ab5697d17a5ebbb2a946cbe6adc5ab,DAPO-Math-17k,11424,train,3116,1
3117,cd205f724bb8fcc5369df8fde3613104593299d2d87fc0d6f1b49807979fd4bc,f292d58a92a374c89e26cfe094d69958ff7b8615fd78f1904d8c5806d6965302,DAPO-Math-17k,9812,train,3117,1
3118,e3f159a3b330b506ed05c65601ac31fa5d78a90e52b4b0e87968f0c1ca3b6afc,fdb0fe199ac9498b1d3da90335dbfa5a3c83ff0f1dc8a45947fe8b4d06ced3f9,DAPO-Math-17k,1965,train,3118,1
3119,916e4edcb9587ea1d755133cf1e07d59a33998c6afddadd63ae16a8962a51012,a44af3090fdebacfc72c04904b2ab3c50bcf62d517a48ebbbc0483f31e499d5d,DAPO-Math-17k,8466,train,3119,1
3120,57597a958328c3118fbac2055b420c09de701291b7796dc597900970250a79c2,c3195aa03e31d863988def2ba5d6f47553792e9aa288779d6a36ea81bb6d6495,DAPO-Math-17k,2758,train,3120,1
3121,ec7fa75c1436c8a34923b368bb70e6a809372eb2fd7f4c86b70038524992897a,aea3872e11d44981624094654acaa412356adbb0c18bcc909764727471bbae87,DAPO-Math-17k,4516,train,3121,1
3122,5b360282d41f15bd55343994dfe54d4bab13ce9e4c0cab55af29af10158491a7,494f4c32bef68bed5857961efb3ec5669a27ffb3fe5ed0feb369749e00c63136,DAPO-Math-17k,9763,train,3122,1
3123,699c90138fe20f13e65b6a9aff41f8f82cf31a9266568a679676203be236b845,5527b2b40dd242ae9350c16e35483d42af2aa76bd5afb1a881a879f87a9f870b,DAPO-Math-17k,2730,train,3123,1
3124,c3a28853b78c67407f912fb3b1fcaffebcac881707acff96cde296a5d47d9842,26f02053c626e93eede3e3d35863d05c01f3aaab6f0541f2c65f0de1fc9dc766,DAPO-Math-17k,6560,train,3124,1
3125,9de2e07f1166c68596f61f608287112c910db25bb39687c14783e2ebed746dc6,da7f1eac3663f27ec6add61b75a297de82591a8935c6cece1fc6afa87ccfc667,DAPO-Math-17k,8624,train,3125,1
3126,1625b797c2ba152b77a9a4fad403d973782316cedcbc1f4f49d9ff362d25e263,964335f0972d53fdef2617932cd91cf993c3924d730484091071f9fd94928c69,DAPO-Math-17k,16530,train,3126,1
3127,c81ad86af359a4ed411afcfc01e1230d124cc1de57d862a4fb2b794bf3f8b100,e0dabf77d30f0500ed741dd7ecbaf94594782a751cf6a8501f9a64755db249bc,DAPO-Math-17k,13336,train,3127,1
3128,4fb6e76cdfd6f5566994596b15a1a483f8e0d7f2ad139a8306dd49f6b8c1450c,783d84fdeaf1860b1ced666bc1fa5db6f12fb9bb041ca7eb2c65f7713fb1bd0c,DAPO-Math-17k,3810,train,3128,1
3129,77ce74866eed03d955232d977033b5eae05749cadbcb885ebf6168a70cbb8e3e,4318245ce17d3fab64493c5d9e3b7854eeb8dbffefd44c54746ccee63245e047,DAPO-Math-17k,933,train,3129,1
3130,59da3a753caa1e5456abf823ce9e0ec0301a24b96f2d843a68e3a33ff9351623,e5d6d2240280eed1f2a815e563f3fa90e2936803b70f2ebee10f7275c08b4489,DAPO-Math-17k,3980,train,3130,1
3131,0398f6a2ea4d6a1ebdbfdc036f799b0b53a311e3ac025a2c80acde00ea691041,1f0f76742a9ee13bf33f0629c1d42d585edf97e79335c3e1765dcbf8c706b54f,DAPO-Math-17k,4323,train,3131,1
3132,491781a0037e20f5927c4a563e59dd9f6d9e723d75f52fd3a55bf900fb75c84e,b84fbfc0893f33037bb5d335a1de9a697b677d703ffd259b95244d99170ab014,DAPO-Math-17k,10392,train,3132,1
3133,b9a410d138e29a11f786dd2bf71290a7ad2c956690c105fda17b514b7374c720,7f0f3fb5825d251ba4f600c561358d554bf556058394ed33146bd337a0274903,DAPO-Math-17k,4305,train,3133,1
3134,989593c52c1dbbd09743004752ed0bac228ee86664d65ada043b6b075cd481fa,872f94a94097669612edb5d0ee36232336b4e37d4f0e6cd18c0cdc391875a0f6,DAPO-Math-17k,15222,train,3134,1
3135,4d5a2526f825c4af61b953dc3ab0db335f81e7a615204fb82ad5619409b367b8,c3790a1e6a52dbecfaa8e5faa3bba3066a2573df6d5623ffbfe51aca975078b6,DAPO-Math-17k,733,train,3135,1
3136,19c8424a44d6ed7c161ea1565003d1dd0fb9a7af82fce239d449db4933703321,59fe4f59708273f705e99ef20e106da5f28c5b189f5993a0b57d8998c323026a,DAPO-Math-17k,1708,train,3136,1
3137,63365ae66a7a5f6d6169d5bf0aaa70d867db5b4c27c0c74c86df76e0dffa6e6a,9680e118aae78b2fdc53bc07ce047d1a702c6da4e8555e5d824a8aa8589355c0,DAPO-Math-17k,8397,train,3137,1
3138,e8125c634622b18a39459793555af1582d9cbc53251b6137f893626e2875b1c0,a58f91f6fefa56af290c2d331679a536768575b5db224e7b29f3607e2eb2f278,DAPO-Math-17k,2396,train,3138,1
3139,62458711b5c024aabf6801e5c665d8978fa07d6b226a7b9c70bec7d69d49c098,9191620d8d941f801bc150953601cda7b7f51d1351ab1dac00cb4aab4d2dfdc9,DAPO-Math-17k,15825,train,3139,1
3140,f254ad074cdced4224806a6410b83a270e051d789d9449c82546fa4fe025e1c6,021b164344a69e7a73d302eca0f484bc3f57e0c26ed787d782b2d4dfe32c2bc2,DAPO-Math-17k,10663,train,3140,1
3141,de3ac290ea0d3798aa4430d75a4d18013b0bed9cb85b2d886da643c1a769568a,870abd1a0830a87ab226d9d98c2e54f3eb36fde4fe2b79e6881420fc456596bf,DAPO-Math-17k,7846,train,3141,1
3142,1cc4d119a57c0edd69562311714391c05f19363305323c0103493a7486ad3d38,aded1380ca554e091e4f2d123b3afdf56a5aba0d302a9f311eab35eec47bcb5e,DAPO-Math-17k,3035,train,3142,1
3143,0b93e20a90906e92ae9d9ea07f830ca068742b7012c6c6b66b713df6558e8e84,b835476ebbabede522a828653b3efb8d09ef625e65a898b7da33de957594a65c,DAPO-Math-17k,13061,train,3143,1
3144,e9cd197100d8a3dd47b4f9346b8bb1c48570b034fdf4297c91dac54c7e38783c,db934aaa8885dda85e5661c74738af41e236eaeea97995761b0c6c0fa1b30841,DAPO-Math-17k,1814,train,3144,1
3145,3248672dc6cb87c7c3bdcdbb18400b9fe338c23c946deca39a89bad6f7575a23,fdf274434a42433183b186df41477d5b3104af95ff1d815ffd6e695418d8d749,DAPO-Math-17k,10025,train,3145,1
3146,946982c631f19d150cc90095ce7f1dc3172d09f8331aaac0ca201ea24479f482,e37a9cfe820d3b1b9d2903636d62f5be61b48b7692c9e992a07e906d124317e3,DAPO-Math-17k,2363,train,3146,1
3147,0bd6927684199c012b919ae6e5a8e0fa0f73007f75c227a1349be7f7e400b73b,1d9a6974afb20526742ef32f2ec91926302e9b49aadca31f61f53ea80e244558,DAPO-Math-17k,8307,train,3147,1
3148,d70505a6de5c1f94752fd9819522504a1c252a347a60b76e5fe5a70206ca7e67,67532c2a54eec06974542ea3890544c4ae8842db51c722ce402b73f9b953b6d8,DAPO-Math-17k,1957,train,3148,1
3149,b5575b24f03b9dc182bfe334450e3e48884ae58254d67b32a7342f4a3108e5b5,fd9e25acefbf91cc33a9f39a9cb11126d9c2ba88df5a3ed4af2a1f016dd23a75,DAPO-Math-17k,11763,train,3149,1
3150,dda9e89c48aaa500c2c3fde5729a7f430b7624e0e3c1cd85bdbad9edf46f357d,a2cc3ebf96c8b02d7845de22722213000aed5662a36ecb82d99d907bd697d1eb,DAPO-Math-17k,1419,train,3150,1
3151,e3a3e0183c528318d4fdb7a25af7a8619724e36abcecbad20343279b1888e6cd,3828be4380d892cac05ffa83874dd7d14900c0a9607a18c3da644ca33875f951,DAPO-Math-17k,8293,train,3151,1
3152,05a0eafafe842ddd7ff2ea86078124a920e5774e6879aef2514c138b276e3311,7146ea0dde3c56158006f4d0f5167adbfe9ae965a5454c9b8b7c641e6e4a1a4b,DAPO-Math-17k,10291,train,3152,1
3153,4bebffb1a0a04d00def5c2bcdee48330fd34e82148575bf1d7cf2527870140fe,4095a09e87dc50d77d18e15de4ae30a2641952c76b74a28d8fa0a6124d2f4427,DAPO-Math-17k,15674,train,3153,1
3154,ab4e2925f26bb67bc43a4234615255532090f7aa2213906499a50954bc26f8b6,bca3de06519b9177e9d0d34d1979919f3e84a98c2a3e2d48c2fe760ab909ada9,DAPO-Math-17k,12074,train,3154,1
3155,fd2144a6ebd781c762bf882d28b076c1376e17a4e3e4e11c84992efa1e6f48ea,ba6bbbe8466545978e6e00f1be8545dd4461c20886dacf16b309c8598d494510,DAPO-Math-17k,14559,train,3155,1
3156,7b183fcf90a7ab05b4a5a01c50d84727ecf81c035cf75de5d6f2f168876b33c5,b16bd176b8bdf8affe97f6e9c6cb4bcb5bc237189222780d257a79bf64f2e6b1,DAPO-Math-17k,5827,train,3156,1
3157,46d3f12a441dacb0384ccdd2f5ba7881c8acfaca6cb5ab05a3f6ef43e01a9dc9,e3af856aba79b41099bfaf414921021f3a62e8ebb06c567ffa2a282ac7216401,DAPO-Math-17k,1436,train,3157,1
3158,3a4a49898a6d4260802a71241e9dccaf734a6a25d7d4e5e1205b7a1723872507,faf6d37755f80dc2130b6c2a900ef23643ea5f872908a98bc895b03bd3a1c9cd,DAPO-Math-17k,9019,train,3158,1
3159,01f86226789703cf7428ba12be78efbfec7dc1a11744209937460285e6adc0f5,7eaca699ec6486baf48dc3b7cfaffe2eec4e583a4fd54c1bf07a6c7ffb6aa62b,DAPO-Math-17k,9770,train,3159,1
3160,82be73db50cb9f00c99c6411da0084570031d99cd2158cc1b1f1d8d5ae8ec37e,6c1d22e03ff758b5870450d723cd1f23f952c1d58e1f4dfc4126fbc4fa0d7a11,DAPO-Math-17k,670,train,3160,1
3161,09910fc78a80800a9477ad3ddf3b79c8bc3349e4644e39127249b4e4ba06e183,c380487323cb698d3c0d5602e15c71defd1937a770b1b5b63e2a75f8fbdd8eb3,DAPO-Math-17k,9028,train,3161,1
3162,219c09175666e05b50e0f3dcc4e9a171fda13e7977355f8c25fe4edba32239d8,ef210fe4d04daa535319b3f9e3e1382e523f7bc4f2a7708e8d8c087a619acc73,DAPO-Math-17k,11448,train,3162,1
3163,b3df98fda62d27e6b5d26a1746eaecd27f17fee3885466ccace6b2b1f7ecfb6f,8629a94b14f766c740b403b0e9fa4a7c8d3743bc98b535ad2151a1bf9e3175fc,DAPO-Math-17k,16393,train,3163,1
3164,87ba82c9448f218a0e567c0a476e7acc2afcba2db42fe7283505a2a3738522e9,2abb26898fce777df674c619544aac438463bdbf63da8bc29c5b38978b721432,DAPO-Math-17k,7985,train,3164,1
3165,3dcba8fd817ee26b53559adb9a153661c2f57222f30a2761a51f7c2dfa375918,15ff82daf5ac16088caebf31d46225fd703f03035ecccbc6bfae746c14e1bd0d,DAPO-Math-17k,5924,train,3165,1
3166,7efb3942de289097fc50d84d7d983b62e6f422aa677598c277485ca9213d86f3,7d80e9c0e5148a6021e4bf4552494015b0cc42eff92cc16f2df7b67b63d635e4,DAPO-Math-17k,15718,train,3166,1
3167,7085fd444138d70c32d2e03425e8da044600fa4c677a2ea04d538c65f0f488a7,303db03dcee1c2c9c590ca4e819bc689783329fc489a7429d060e45df3baa819,DAPO-Math-17k,4791,train,3167,1
3168,6f78a426d4b45a3c92b0193245c0696547dc2a0e6063cdbc7bcc8233c42374aa,4e4e25ec8a7b7e1e13300305aad05fd41e9b3abdcd8796b754cb1161ea825600,DAPO-Math-17k,8783,train,3168,1
3169,9363e36aa66bbbc3ea9b02ae44922548d239a880522c31948e2e17c083b64c20,0ede805f2ce6cb5c2424d26cb20fbb6fd459cb89576fd13435c5feaacbee96b0,DAPO-Math-17k,13541,train,3169,1
3170,1f915fe63af1858d75a9bb11e7f8baa42a05e156871fc82d7ae32acad74c5f72,59a3a6429402e8e60bd915b6a58d06a76cf5369b986024ee2ab919f9ef0497b2,DAPO-Math-17k,2885,train,3170,1
3171,faba24371feaf858729410e2dfe26d7069396b358caf99602bece0246a3bada7,14a9b6a044fc0d20b3acff212454b8176bf3edb3b3ff7b9049ec469c3b00f159,DAPO-Math-17k,12158,train,3171,1
3172,8e39c4d330e6cfda85670807a720e41598a9b9fc0de5c73cc9f6c2ee0879e7cc,7133ca1c54f529edfd0024ab18c530802eb4ead005ab7c2c6b9255641080bc2a,DAPO-Math-17k,2128,train,3172,1
3173,b7ac00a1f7439b8b7b7dc78596df4fe4f2eaafbc206b1ec1fc28fb1a65bbb76f,4bea33b6831517ebbc182a7fb3124a2ebb5bea120b0f93633e8a5350074100a8,DAPO-Math-17k,804,train,3173,1
3174,3da64cb2f8661deaff5bdb4c1efe782339ecf28d87fbee55a5f53d8c7ff14916,8ea04f93f47338241bab7c0c4690d32d4c1d3b901b2aae44f4adb6dce5d68e70,DAPO-Math-17k,4391,train,3174,1
3175,1860f6b04874dfe53a16e91f2c7556869fbeb937cca7bc8edc2a45779e6445f9,b58e284f453b73f1948158fb70a2bbf1ea37175b246bd3e8e312f66df3947a06,DAPO-Math-17k,8064,train,3175,1
3176,6fb61f667d162d4fac53a9024b9e224236ea30b10fd334c13611603e52d1aeac,1bccac397153dbb62dcb99103cacd4c7ba7ed45a87c090a62f10646a7e73ffaa,DAPO-Math-17k,16871,train,3176,1
3177,78bb823c2b045cb500a490694205be9bd79986d39f96c15e007d9d4cdfbe8c80,51afb18bebdafcac5ff22c1bb3f0a240d88681e7d73745faa7b164e0f08e0ba3,DAPO-Math-17k,12520,train,3177,1
3178,902dd9e34ac3bdd6b47d1fe584d40ebfdf7a004ecf2f074eb47799604cedea7c,ab830fe0f081bb5abfa0c58840decceb1ef93b26c7849570c315d245bf00fdca,DAPO-Math-17k,10665,train,3178,1
3179,5c84696fe1c8fe315f9f47ceb05db03fec3af8d878a80fae106ff3a09316cf5e,7be70aa592b9e5d387bc6e01ddd96b128fbeb60662f0afa7cfd8d75c594297a8,DAPO-Math-17k,10210,train,3179,1
3180,ac9f9e34513f4d18af1cdfb749308d722fa8ca8092c45c7ed31d4956ed6f11d9,15b3c665d377e92f38750794923b9f2a0a9a3312ab8c96e61b92dfeb97a3efbd,DAPO-Math-17k,9675,train,3180,1
3181,35135cb95cf36a35ca6e60ab70acaf109ade3c3a44c3f9af9a52544f2a6cfacc,8186a75eeb2dba656866f34def19fc290cd20803f521825ebe59db099235bb02,DAPO-Math-17k,14099,train,3181,1
3182,a112e1e05cb76ace0e9ec136a42c61edc024fdf5a0dddd40193683645c05d9bf,d55e4edf96918706c1e8dae5c42bd510cb4dc96c7c73302c7de4ffaf02bb663c,DAPO-Math-17k,4545,train,3182,1
3183,9d0b7f604834d44e571c24b15a65f07eb1fba81f635d2f34106018f49c76c32e,24b514e36aceed937dd5dea217c7c82b37dd211c5905362f0cabd5762b1ff9c0,DAPO-Math-17k,9139,train,3183,1
3184,6edfa1a659340c5acb8b0e4c7cb483b1399cf71a60ae6062e0a08e2243d68af0,8d4b8da3b2611a1db1dd6b7a9cf136684cd6beb19f135b883277c463b9cee7f6,DAPO-Math-17k,10294,train,3184,1
3185,ea92a5e2cc4055544811d37e9e35c6d0da3bc8922b008456eb1b2317ea670465,4e9a06942ab6306d4c6449ecb2a921200bd5a6ab39912158e0002549ea70dd9b,DAPO-Math-17k,90,train,3185,1
3186,c78d9a0457f8250b962bfcc11fd66608398a9cb04e63bcbffb50aa61f742f71d,4b3854541ad62d80567a453645fe2695e1bfe548281bd8c020e2a81de39223c6,DAPO-Math-17k,2565,train,3186,1
3187,6b3b03e140cda80386af824840efbfc6834859c55fdb7116cf89aa33d4e57f38,58ee9e3a74aaca563eedfba92faabbe1943ee48aac58aea23441e25c009e6e78,DAPO-Math-17k,11675,train,3187,1
3188,8c25107012792bb6247540839a270100e35fae1758e0c0543639e1c1d3bb98b9,1efddce9223564f624a40d9ebf237d0d8e386f333ab9d2f694fab6a11346b1d2,DAPO-Math-17k,3806,train,3188,1
3189,cfb9b2271b9c80246dee89f59c4262f68fe65bafa1d15b29772d857eba00386e,c76d1338449b47b7b5f8c14b340f796835d7983cd85f04b983226f1c9450728c,DAPO-Math-17k,663,train,3189,1
3190,f27e5c1f893b1a8004984543e64ed99cbb15268709e4a089157128fb97cbfdd9,63cb230bc731534df93f140f5fd432a55d40f222cb8104b6e2067364b4ecd72b,DAPO-Math-17k,7270,train,3190,1
3191,982703bcf8020f4a9b70dbf48c80a9012a6be1aedb6b23400fdc77317d189c2e,807acee6a21a1b0d8345b5727e979c5460c583629512ea46530392f42f2b26f9,DAPO-Math-17k,15736,train,3191,1
3192,a51b434937b5f55704899e255b7489f9ed2ee8bcc7c9158b495504acb2903aa2,5e455245585e0ce9939e4b8bdc952895c054bd4832234ace18e4e1d3f07a7496,DAPO-Math-17k,12503,train,3192,1
3193,5828cdd529793e370fe294791fb15bb7d7cfed05c0d4c143301724e8f5ca83ba,39f3dcf918a4a3a5cee299d4dcdeaaebb79448895b666fdb2a65b2766a129bf5,DAPO-Math-17k,7860,train,3193,1
3194,792e9bae0d0a8ccf554ff96ddd18cc2d8ac4bf0ea642b0d549aeb8d56e0cfa14,0ccc484985ef04fc642c1461378714d335bcc4f2c8d4dc5b5a98cda82d44bf2d,DAPO-Math-17k,9690,train,3194,1
3195,2f3934762aed82c92528421736675ac28a286ae5a4237d3b552c209e33744998,be00effd98ef76e69bc9e60b1214a73adb3f5983f65b8f584bf852a5d1808a79,DAPO-Math-17k,11339,train,3195,1
3196,300882dee4c89ccdda053c3d0c445b6fd19d5b4ca6c1ab7540bca207c444ba50,e60271dd866d161e58566abee9829036a7b400244d2394ccb1a1639da9f74d5e,DAPO-Math-17k,15241,train,3196,1
3197,9a637f8fa49cd341fb383f0f3797217565123082871f120f5978ec7a59c00ca8,59d0add3b9e48fed21d1252a58490180870ea0a3d857bde2ab82a70b236b5742,DAPO-Math-17k,1527,train,3197,1
3198,ec9571a15acdc3037455813e119a380305af5053126709f7789f354f63b04c83,97f520a46fa1dd8f4f0c70d7838869f8e7eb73f154dd486c0fe45892564400a5,DAPO-Math-17k,2184,train,3198,1
3199,3c019862bd86cc18c258e494c0d3a07518dc2b233b0b28c854d2590fab34366c,f12d1e65865909b5d7a9476b28d937d09e5df388a961b98a0c02df70618b6e36,DAPO-Math-17k,6946,train,3199,1
3200,c8c68976548c5cf7c11542f0ac2cedf2ef69f921065f4185f072b82ccf720a43,ac951902ecb53cee06acdc5779f9c23bd45cba75305bd06efa33fed5d21c975f,DAPO-Math-17k,4041,train,3200,1
3201,63c893a787747f1c1f15cb93c3814cbca882786f09c6a34d6297a412bf4ae178,f866425e2f82b7c8686fc98f8a772e9ac43eea972b929194aff3692d298d8ee5,DAPO-Math-17k,3423,train,3201,1
3202,15d57f32089124b83f2ba7b44e77b85addbfe907408aec1b0eb05ad3ba59472d,f8a087e8b8b6169b665c64dd550c692e40c046a32bddaefd7ebf683c4c70fb7a,DAPO-Math-17k,4080,train,3202,1
3203,780482ede0c8774082105397f1e9b6a4fa2e3471f0f73302d161742fe5a04f55,4d895743d3edd38b7fb8247c37d94cbc4d6c5f67e1dab63c46d7255bfb70b17e,DAPO-Math-17k,11625,train,3203,1
3204,8dc12a32ba002ba46ca487fe82d3d4e547b4bc1de7f97afee5e59f5c48bae819,8161c0be80c7454c6ff2782a05cc37e437594f28733915eb13d1a629defeb574,DAPO-Math-17k,15239,train,3204,1
3205,b6fd0cb769b168b95fd51785604ed2dd71f82cea7950b81068099157b5fed469,416085eaa202af43749a8ccbcb5acc3410276c82572cfeada422c7e6a411b52e,DAPO-Math-17k,6938,train,3205,1
3206,5d2d824b0a3e432cb9bcd5f8c776a468baa90f2f3348a01afa3f604224be76c4,655670779148bfdc90cd81f0969435acd569ac0ece73c0fbbdec21a3fe4ab8ed,DAPO-Math-17k,13041,train,3206,1
3207,305215900cf3ce35d222722d891ac3515bd2fbcd6c9c51811d30f74abb21546c,0c5565f1fead74696809c21b03ce63613fada87934675699d06793144670153a,DAPO-Math-17k,1937,train,3207,1
3208,114bc31aefc50a29d01cae07b04d600c97b0fc6cc44d0d604e582537f3110e7d,9cf8cb6fb17d2f3a09d5c1f4c4b83a1b7e5e71aca67afbc66e6b5e028f6fbd9d,DAPO-Math-17k,6439,train,3208,1
3209,380a99e73e58fe9c5d9e25ff3bdf083854a761ce2238ea1291e084eaa0d3536f,6699ddc1f5f416798dd5866b31906ff3d24a22965b507ba7d5ab3964a88745fe,DAPO-Math-17k,5297,train,3209,1
3210,8d1136d9f6b204570d95de03c79147d4f90f29aaf641f0562d0f602288fc8957,24b45066db6577365585479c30ee402a82c032bdf34f2ba303bc7e88ee3f8f1b,DAPO-Math-17k,11000,train,3210,1
3211,8e47094df56c20ce6345ae31ab55ea2582adc81a7a74fffc8974440898e9c323,07ddd2ecf73fe6b54ab0ee40a221813f0d10d46511de9f8c4acb93102a8341ec,DAPO-Math-17k,4997,train,3211,1
3212,4fd56d12058a610d6cc0ecd6af3331283a773b77092d7b193f6a1a968abff386,80fbdfcc68e3f9f9657f474ba157175c63a61fa4680fef0c4ca6601851e86444,DAPO-Math-17k,830,train,3212,1
3213,077d0dd94d8beefb5f9dd51668b0aea1914b11faa0857270144083c8f4d61f20,f0b21c75c7d5d83b283ad0003fae2c05bfb87402543fe44d6c2cdcc40a91f00c,DAPO-Math-17k,13053,train,3213,1
3214,bc9fcd7e035db446e4c0e6584d10de103a53b90108f89af5d0c1dd3366b39793,032987487c9343994b70b1dc027f001c468d73cbd730b0f95e52afcb243579d3,DAPO-Math-17k,14035,train,3214,1
3215,cae5449dd2294732acdcf62233cd0ac1a277e9f9ce96587b1bbb4172b1f31b54,761921ea9658b6349152f0acb9d79ef2f5d1d53d0ad4bde0e6abccb9990f5a61,DAPO-Math-17k,4535,train,3215,1
3216,07cd98855b91e1fe50b079bf111611133ba9c78145f2257efee28e928677fb02,68c63a7dcc27a6fd0be1bbdd5f7c6aa753859b197f23415cb791a5cdf1234939,DAPO-Math-17k,16176,train,3216,1
3217,7c6983e9c5c22d7cddc68dbce770b080fb2e590ff37b3b31395988a2e9b4c3d7,aeaff854e5764fd006b03470ae7ca948aa9cb10f2a33626031ce0d99f5286738,DAPO-Math-17k,4057,train,3217,1
3218,8574b7b368ca7080690045853dfe6de015c9465c73bd3b01eac973fa339abb8a,f926f46cd3c35e8a95ede833ba8efd95fbe39034dcf183266116066c79dea475,DAPO-Math-17k,14093,train,3218,1
3219,54a54be5baef0c264c6ea94b1fa1e25cf3ba65fe85f66073ba787cb190f1ab61,bd0a136e5a7f5823d4feab41277f9246196122d43b4c84b570fe7bb7a56de355,DAPO-Math-17k,4492,train,3219,1
3220,02d07b4632a6afe94f51ff12825f3e6104a21e6b7e5394229adc680a19a3ce27,62d45be77a867b5477c96931e20bb1321ee5101e41d6602d1a41a69bd2299f50,DAPO-Math-17k,15431,train,3220,1
3221,fd901676b958d88ce436daddf125593e3a017d9fbf75d0e7d12498749c6c8a81,595a873b8adcbaf2657b73a8abaa3a891f7bb071d388bb2778fde78311e50da0,DAPO-Math-17k,5990,train,3221,1
3222,97a4e62a193c0fca0d60bc0dd541659e6e66f6b5d1c723a8ed5eb82ae80f2548,f5d32336053e05a015c74656066f923eea549040127bc792148750f84af9ef76,DAPO-Math-17k,4635,train,3222,1
3223,ceeb8c60e0f8fd278642e7455f86b5865151256940235a651eb6ce1828023c55,1b744372a70aa44f9789564d3a4f89ec29ccd87a2578034abb1ce56c2af57f61,DAPO-Math-17k,12553,train,3223,1
3224,a3d9607a9d98a68ac454834fb4e576ee10284cf7da0a8ff10de21e519b269008,52d5e9d42c5b1d504cf6f8d172852341f3a24f79eac3d305d55440826b4a42bc,DAPO-Math-17k,13289,train,3224,1
3225,e3e14c8a332050d895e93d5fb38e6c1c074525c0d2e4b8c210d0c61e9dd69685,0676fe5219645ce986e40acf0891eb699f27847e8436124b46c64e0b74ce66a7,DAPO-Math-17k,2479,train,3225,1
3226,f08e00fc23edfc019ed37cba0ceabd9da4b542ec2c15b8ec42e1b7b231ebb69b,f922ccaefa4ce2344c49ff79409779e29cfee33a553fd142bffb5e84e6addb0b,DAPO-Math-17k,8452,train,3226,1
3227,809b0e21e17e1fb79fc695368d8279967267bfbf068af3750f95d8837fd85a92,329c61982ae98cbea5c5490ffc86d875d9f49372292cddbea2c510364001e612,DAPO-Math-17k,9286,train,3227,1
3228,e63d11869d53b3d86ac90aa10ea7445502f0d878ee824f08d1110f1db9ff477d,171ffb97403ee89816613eb382e397f675229dcce02e5335d884a371445b1186,DAPO-Math-17k,5208,train,3228,1
3229,d73362272c51d9e23a75fead59b34c86aa2466caee104324c385b0674a32cc1a,608790ba090ac6b1e61b0ca124bbba44d629cbc04fbdc9a4982e6d7e408418b6,DAPO-Math-17k,4312,train,3229,1
3230,ecb503396cceadebeb36fcdef4396aad5c722111c5534b76ca6be226d72587f1,b1958991eb95d4c57bcda3bd57d84931ca58a810a67e379d43a35d0bbf173ba6,DAPO-Math-17k,16621,train,3230,1
3231,af8870d2aec8301f0c01f036debb89e903104ef47c601a2e2e6dc98eb180bfec,9aac2bdc5795b8fc49184eb34254b1a3e59ef5a492381c8b50cab96d1afc62ef,DAPO-Math-17k,13930,train,3231,1
3232,4f01a2dd0bad9416e215cbfd574d22e45fdb26daaed4f54cbb13989706b73df9,991e2fa1df42cfb3f8cf23365409c0a51b4f0dc1952b058993a1048a86243b22,DAPO-Math-17k,7699,train,3232,1
3233,5ceffc0f9a4167c8677aa581b435e31e4d23e2c321d0e440ea1772c7a6089dba,3881102b8546c51b13197322d6063ecb1ca6b69f74c0206f70f5a7420ef1e9cf,DAPO-Math-17k,8334,train,3233,1
3234,cecf3e5e99bdc76ae8377d0f1634b6dce0ea92c68e7660f48ef34942843caa61,a44e5a52ca9c06889a906c23cf0666bfbea2b9dfd17c0ae0e2a0c0ab1da40635,DAPO-Math-17k,13961,train,3234,1
3235,bb5775d0f7ac54fadf57916c158796fcda4edfc843fe66053098bbb237055d12,228d689bd8cba36d662567809f584091493cb5a1c056bea9eb12bbaf4e840967,DAPO-Math-17k,2236,train,3235,1
3236,318df8cc693ece100827c810bb3e9b3cff2ecbc939eff96f6cec91fa5d67f3f7,3ce2cde2b61ae468756d79548f0d05ad6b1579910f8ebbffb7a336c12a1cdec8,DAPO-Math-17k,10957,train,3236,1
3237,b50814eacbc3f2afbc3e5fa4f5027242be0a4aaeb4bd845dd2542ec91addaa6a,948d8d875158b2f481e0faca7a8d80b30fea99ff96ca45bec70c20e0c0010511,DAPO-Math-17k,8972,train,3237,1
3238,39c3b3fbc3efcdceb5794923c81dcfebd72d20c1aca2d0cb853a01c1d6d6ff8c,d9b35254333752e4fdc70b0cba53a9a6dd1eb494ea38cfd35b3be522f52ef047,DAPO-Math-17k,9064,train,3238,1
3239,fa4dc9c0124ee571aadb501ab78edc281bb36fe2388737f187797141fa4eaecb,3e227adb5f8d874ac71f551ccad7ccbe9c41d074647b3760b26f347601234674,DAPO-Math-17k,175,train,3239,1
3240,42e8873b4fb63ca8e733cbb42d64f24793382932819b5cad29b0264a902ff8b4,651e4543ffa3f527abea2550e33bce3bcc88a9fbeecf3f1fa1e4419560f1a5d6,DAPO-Math-17k,7011,train,3240,1
3241,34685fdc0654650ec65e03a483a8a1ece9bcd1e749103c0b3aec577ea480908a,842b6594edaf914b38c0c5a0afc242d933c1ff715fb29f83e1c6366c501c456e,DAPO-Math-17k,8215,train,3241,1
3242,9736be71b9cc66c6d0856980c407119fe09f6013fc4ce8a62bbe9b4bc25517b4,bcc1f46464b5716409af04807897275cf4a31c08be92f384586c392926d29118,DAPO-Math-17k,15394,train,3242,1
3243,593ae48ebf23341c14eb2361c3c1ccc7cd4e5cef40a97f99731ff9194aab33bb,faf11e58e9a707d9f7d52746fc78c249c7869a88b861caa3ec9a360c4006261a,DAPO-Math-17k,2659,train,3243,1
3244,f8c0731885ccc52a0d5828e82a5c4308640dd252719c50443d5e2c87ba39f6d8,2078f0bd98c3060cba0317d8da369a4d63baa11717a539282edfd581eb19a727,DAPO-Math-17k,4644,train,3244,1
3245,b838bc93fc70f46ebf6b67874dc1bc190e76d8ab7915cf2dd2f49835e0fa1cde,768880b032d8b7bb30339ea7d276445cfe6d5b13532f47e087bb7f6294d6ada6,DAPO-Math-17k,7806,train,3245,1
3246,801b3261fb29b3a110227fa609f19014a5ff0a7b0ed05cee4681445efb776651,74e66299e5f8c94ecd996c2f7f32d815422f78548f8d0e9efdcef8a0547170aa,DAPO-Math-17k,6934,train,3246,1
3247,8202dd1ff7fc98db14b8c4c0a06fddd53a3067e58479b91072b3198e2c7185c4,3094e00643970719929a18b951626112f4350fe8f2eb5a379e57643a2777c938,DAPO-Math-17k,15821,train,3247,1
3248,aa84f5c78455e11a865881b3ab89958bc2443398afb79f4580bc49edcf0cf4f4,e5ca29876d8d09171aaa940c76673dd3627d0bc85744e7a4885944318810f309,DAPO-Math-17k,12989,train,3248,1
3249,0a559f4efc4266b14b0815e415d81e3526c463d6e088da6123375d7cf6c020bd,e56c83e5bd8c17421433a76516f99423b18494b0fd815ce1a5b5a845b46f5a0a,DAPO-Math-17k,516,train,3249,1
3250,7192176823b0cf40be86f229ba1477e7dcdd86e841954f352bef6a6f1dcd29dd,40bd33b360e32f3dea9f0bc0c2cebc46c3229d34c457b39aa5c828dee6abca4c,DAPO-Math-17k,10640,train,3250,1
3251,e26b648486ae5603d2efc64d6cb2b7be1f36cc473023e3bb1820804f76ea70d6,adfb9981ed4c1cf72526cfa34144f5ef1c1e21b0c1830b10829b7b7f23d65182,DAPO-Math-17k,2171,train,3251,1
3252,28ae4eebb35b02d75464e1a59726bfa209c7f165288c92b5cc6c648abfcc9ddd,d070775b63cb02b2468fc542b7eeca1623262556c79581b0615b537330168c90,DAPO-Math-17k,5221,train,3252,1
3253,92bc3358fb46ae120c245e23252cc15712401b665ebd90ae2c143d49fea7edf7,33cadaf486ee87be304521e89a7fe943d05655c1e1d61780ca0c6e4ce8274556,DAPO-Math-17k,9293,train,3253,1
3254,a6c795287770853550ba869f7f4252069543507dc277a830fd7591376eca2b6f,087dbaff7d96ddfca8e39aa17bfb29eefc0fde0176369f3654ff802cc6e4b121,DAPO-Math-17k,883,train,3254,1
3255,a8a83a3b24a7b3d714b2d5000a4f6631a4d9c219ecdad670392f0bd14b444444,49290420cb469909652f2d6ded2e2c64506e16d193423ea83285ddbbd95f7117,DAPO-Math-17k,5978,train,3255,1
3256,128ada6afffab058bfbb74fedba477bf820d21b6f835d7ced2253c9b1c67e271,27253a7239c68fc719d3c30be5d6e41ca56405f78dce8ad7fac812872ad2de00,DAPO-Math-17k,5293,train,3256,1
3257,9f021d4c627add8124da0398cb5708316500ccabc463c78087c0b8a672b3f6e7,4934a4c91e3c0cbd110adc7cbe00befed9c11ad7075139a9d5ff109a82d17eee,DAPO-Math-17k,14083,train,3257,1
3258,61be2157dfc83f42711b0dc64f5ee1b87f59f6439c5838a933307033676d9475,4b43798c4cde05fe532beb87b4ed195e5713d4da754b80bbdee3a5fc45a84386,DAPO-Math-17k,16875,train,3258,1
3259,03edb643ab1230fecbded46cd125c608a3271f5c6b74c60d195830f1a53cde8d,6a1082aa0ca5f95a02431bfe62b624f815a9c3ff6ac12685bb4c71edd7955d92,DAPO-Math-17k,164,train,3259,1
3260,f0f5ea0800958ff02b735170177bd63c57dd0d5cfc96ffe315a400d920bacff4,eba8f7ad489edf5a3946652f8285361c71813447fe40202d90654315378a36e0,DAPO-Math-17k,2925,train,3260,1
3261,8c116e850c30351c5dc6b7c8aa574f2642c5323cb645ce90b49e66a9ca224fd7,6077b3694c88c6d5e9fd78cc967dd3d1b7a692bca0c480a5b12539ccaa947de3,DAPO-Math-17k,13542,train,3261,1
3262,d8e14f7f350f6f9c7ceae287e21b119a2b3b6bf6ac471430cad52eb513d45676,436746e49a14604eed97a03a46998b2e6cfa83855248dac3d0ce50be4f995b11,DAPO-Math-17k,14923,train,3262,1
3263,b4bc82ff9d9d1b02eb4cdb3f956eeb95b1249464e872249789c5c7d5f9903108,1ec113601318522b61f00f35ae25f22b9b786b055f72695384372de8020c0cc2,DAPO-Math-17k,9130,train,3263,1
3264,83b06a938b2e7b2dcefd2cafec4ba66ee1f1b13f8bb1c97083e52dbbb776503a,b59b57baac4a371d3e8d00307feb784bf7f66c80cfbdceb0039321bc7c8c23a8,DAPO-Math-17k,14669,train,3264,1
3265,9bcdec9c392945a4008991c27e620b646f736049552d43a5701d4a7022bbe042,cb1356a62074dcf1d0b16b0a81dd3d28772f34a0c3539e7b47430ae83ea26dfc,DAPO-Math-17k,14153,train,3265,1
3266,122025a6ff51a8bc6e957a9c1b1c3ead985cd182a41725900660c5a32756665b,25d4f9a07d34e186b960fb16d0e452080b8c054badb0eb7dcfce7e2b31dc917e,DAPO-Math-17k,1923,train,3266,1
3267,cc2b0768fbcb1dc61c93e7835077f3346f4b7faeadd6f9ac86fdd003428e7155,7943859059c14e207f6baeac7f49d8298cbf923292002760774a703f8f5e08f0,DAPO-Math-17k,1618,train,3267,1
3268,6bf9d786918d84488156973fb561617dd29c11cdacbcbf79896c25df2fe2d051,6aa68d00a1158b9a061f695d243e7315552d35f64cbb39d84aa037014cd1ea50,DAPO-Math-17k,12460,train,3268,1
3269,5a61d932e5b0ddf914d23777b4b989c00f701ad44543feee35edc2b2beeb147c,c3b33fb63ee311c4d91afddb802720526dafa6ecc6697d8927edad4dc0ca642a,DAPO-Math-17k,13733,train,3269,1
3270,158d621629d4a6049c79ebb1689ed4ffe29d2deb667dc4a4c6d2cf562c9cfec7,0900c075c1eb8f5261fc86225da781a5dac03499a38fdad469ede73b153942f9,DAPO-Math-17k,14171,train,3270,1
3271,a76ea86fa70390287fae7e67c555331426b7426884090b2bd1a8b1730622d06c,e6264b0cb132e529d9455b830f5c477455f92d23f2e8fb2b268455f7a9990342,DAPO-Math-17k,57,train,3271,1
3272,124cc185430b3792042df093f8b3330992c0f32b85d5b5a5f6e2d580efc4307d,acb2b3a242642e0a029cc88dfdecbfe4e7c2246c9e56856cab5e76baa1766896,DAPO-Math-17k,2600,train,3272,1
3273,8280550ba1a269b7b4a2fead809b3bca4cc757d0e34e372894ad430528f4baed,c04a0fae680f28497ceee61fb7219dd1e3178fa85ae4518795d39646558ed1fd,DAPO-Math-17k,1133,train,3273,1
3274,26ac896140350cd76c6dc4976670f5fab653610d24fa10fcd666725dc1b9617d,5a3ab2dc1e917ce7bc5ae01ffdc67fa4a2b59e817deedd18b8164f05ce94e3cb,DAPO-Math-17k,12982,train,3274,1
3275,fea17b259fd3d7eb74a26f4a149a47415b2f925dd02694343e4fcd016085d0a9,4493fa922732ced7c97e7e75185b615976812ba66b81a4557b3d1ffca7aa669a,DAPO-Math-17k,11493,train,3275,1
3276,30cdb829dae4e7a0de233c6323fea70b04daabc76194fe47444691e07d3ac13d,c69df827c66690c3e6433f5e0d47f3a2aca49af2ea038007756e91d37a090578,DAPO-Math-17k,14311,train,3276,1
3277,aed4240ca6c5ca709b62a33e00d880368c770622e807981caa23f4c1485ac0ce,76369959837f9a26489e9a5d8db3daaabd74b1a8f35aa87c9088292d4441216b,DAPO-Math-17k,7927,train,3277,1
3278,1700b88f0cf7b7007503bc8bb4be92976c9a70911461658e792ccc92edd17d5d,6784409bc3f8e16ddaf5dc9c29c62b4c47ba611b912db52dbcb331977e706319,DAPO-Math-17k,7287,train,3278,1
3279,92a227cc5408d55463d0409aefc3ea0c5c762e7373872a4cdbca68925ba13c5a,53bbc924a11aa1edfc730318a2c27cde5a990fa66e1c4a49053e83e5635bb6cb,DAPO-Math-17k,14869,train,3279,1
3280,b7a70779fd7eb67e68c2a5934fc7e0aa6b859fb6655a6f1962cd296e644c1f1c,172a02e4082e4006a41a40a3bc9dc594b786e08eb577441109bbd0aba74d2e79,DAPO-Math-17k,6949,train,3280,1
3281,c309860823b76a989ca71a696933167cb42685627fcd69ae005ebb00a200783b,1b75434f64811e0de6a6e749a00826790d277ae430299e93e2cf392e4ed53dca,DAPO-Math-17k,1213,train,3281,1
3282,6afcbe7610eae88d1652bf8bd62cd3ced741067ab676bb99fe0d8bb1648ffe7d,c4ccb5d653651aadb500ed1c0f75f74cdeb1d8a6cb488034dd84a7785fa28a19,DAPO-Math-17k,4200,train,3282,1
3283,e690d70526cbefec8e6779ff0b9a9462e8536dc2b6ed2f949ff30f7eab4dd8d7,edb060e6040cdc9851283888d65400bae80a943307338508dc63347ddc8aa216,DAPO-Math-17k,5352,train,3283,1
3284,cd3c94fc2e950dddb918ddc833338b24702a428de6df4ee60da243cda24e8844,2b2078bab4e1ac012eb9daff55003ca9ee8b873417348045b3ad6500b72cd0ae,DAPO-Math-17k,6834,train,3284,1
3285,f8cb8ede08d3ebc818275dcfa6b6c91d8c4556faa734e13e5818f4ddfaee8051,1e58236bcf57e42af733e036955a2b968787aca3d47adaadb624c196d56967be,DAPO-Math-17k,14323,train,3285,1
3286,9b19c43e47a040221bf7de8399a0a234c462a7cc1045f6b436dab2b9367dbaca,90f4c9703996b86598db182bfdfb4ec703aa18bf8b35690e587ada111d22da8d,DAPO-Math-17k,7786,train,3286,1
3287,dba97e14674ac64c169de06b264eb93258b1157e5736ff7b471d708a4dc6e243,3cf9f840d03f713bf49eb0a1f84fc0a38927f3f9f04634b303fdc734c2d540ab,DAPO-Math-17k,8202,train,3287,1
3288,ea26f8c353c7972fdc3da9d0419e9e43cacba3ab117fa3fe4a26455411a92995,d7d20b38bd1f1b8e2dc277f0df48b24122e0b5f17078fb2bbbe1e7f556118165,DAPO-Math-17k,11831,train,3288,1
3289,39af7bea0d5e01cc19d45f36282bd866943d231ba39dfa5802aeaec12b0c17a6,a464ec5a7d8d5d50f934fce3d9222ee2cb46eb740993cae6e37615a83779b9a4,DAPO-Math-17k,12156,train,3289,1
3290,0eb844f303472f8fce84495d2704e21059df15821ea12b0fd19cba617e2a4537,a03e2637a5cae5317190882ff3aa8c5f8b55ee4f4f72e66a2a0bc9e6b96fc5e2,DAPO-Math-17k,13516,train,3290,1
3291,45ef95542b96104ff4c5b707fb7baf24519af90a4cd72597254a43199ee2f116,305bae65a6508cf2e4591449117587fdb04602e2f4729f1b714240abb56d2f67,DAPO-Math-17k,7506,train,3291,1
3292,e9bbd789492442606adec57290be76858d200047acc3c20c49804af5e2998c20,28088cb94c8e79d44ec67dee95ebdac29fffcb29c6d700635636558ca0d88f33,DAPO-Math-17k,11841,train,3292,1
3293,5a4d6179edb9b38c17315ff8204e791edea162ae0b0802da7c35ee6ea89f5df8,f4fffb62f24199b4b78b40fed8ec88c26bd86888bd56b14503616e685e817dd6,DAPO-Math-17k,6900,train,3293,1
3294,15983a0a34c407e4583eca7df48c891f3905cc6a8b89ecc8f26730a6ac74adc5,46e082cd7f6c6c1edf4a5c0124ce0b8e65b6873b34ac85408ea73e14e4e8a976,DAPO-Math-17k,5326,train,3294,1
3295,584be643d0ba0976645dedc3fca59cd3e492988fff923c7fbc9d96b695fb79ac,f78c6e443a4cede9f9c44ccae7938514086658e0207c3853493b980fbf0d2a84,DAPO-Math-17k,7651,train,3295,1
3296,e674098d5349bd9d707200ad4ec89b04fd688503e9ea7fec9eda0de0d73047ea,455d2d7d4641d64577de28c8daffb80c65b67b7b073ab9dbc4b0464a3e9a8716,DAPO-Math-17k,10552,train,3296,1
3297,6ba219fc5c8059dba0195e65cae60fa9852c1857caa0391dfec2a252e27850cd,84b5325efb0cc6aa287d1e6f41a779d88b154a1b756c8170f5bba265751a77cb,DAPO-Math-17k,9576,train,3297,1
3298,eae2560786c430cd1b43c78cfdf7ef3a65e388e81757d786be736de8dede9b1e,6abe8b522036f2bb27f2b7199ac0f458b589df667ccf79b5f7eb048a00bf967e,DAPO-Math-17k,12233,train,3298,1
3299,d60625a98761fe64d39ba4e6cfcde817e80d2cec2698e8b36780c6f5ec3cfff2,81dab72d35a95231f4f61daf6fd91e574df3e16cfb70d0bd7a8c3267485c92b5,DAPO-Math-17k,14417,train,3299,1
3300,406245bb32bdbcd74ccb8617f0918d86e8326993adffe6e1ae30a8b8c33728c1,bcb0251c440ab1f05e95dfcd0d067760e9749dcf34217208c210427267848e74,DAPO-Math-17k,11386,train,3300,1
3301,9bd34710bb9bb6bfa55348de3e014db3aa57c3d3d35974d98fd3a884b8c577df,70b038edbbc71eec170d774fd02d515e9762749921565fab3fc2a629818e068c,DAPO-Math-17k,14639,train,3301,1
3302,5328be83b58d4eaf2e1f2fedf31ea7bdab2a62f618a60af63de882e7b904c0d3,0b1c81e89374dbfc62be9d35904e0242010d20b232a96e4364229609e6722089,DAPO-Math-17k,8834,train,3302,1
3303,b6fa56da4218086ec28ce74b76af6c27c36856b83d54d179c9c5a8bafe6d6702,71dc8001cd27f0da48f1579c8a6d1fd3a82bc014f0a5f820b5d863d28a87ecfb,DAPO-Math-17k,11132,train,3303,1
3304,9d815383a411e887cc1a8766cb4710642ff66a0b7801770e9b6a830433490b56,6ae4a46d38947d19c28b43d29d79ac571ff61b5e2e46cc3f9afc5489847b67ed,DAPO-Math-17k,10404,train,3304,1
3305,98c0aaf0e2a9ea06071953f35f727c9222db7294f4c46c73f0e6869e39ba7cb4,dcd93f57127537e017614f3bdc5921e49df42ac1be7f6b395993330ab0b86865,DAPO-Math-17k,5169,train,3305,1
3306,41631c36e6cef7f923383b05a3c0bf70de289c1607c647931eb51d7fe61063cd,55cb9979a6de11e9f6b984168440103c3afd271755cb1ace80e69f26dba3e9f0,DAPO-Math-17k,8480,train,3306,1
3307,a703adcc7f0194ac01c52ea44cae502d811aff844d63a77cfcd5a3e7c01df44b,084e57ded8178ba49613ce9a70dfc9fd7761c07b75ce88b44e8cb180f3756a9c,DAPO-Math-17k,9463,train,3307,1
3308,9298f35400a2e9901720f13895dd0a632b4f9cfa2ebc7ba9432c2349db811c34,6163b3e8f072d93c64081d1fb93fcb745d3a11f970ebf02c974c34ed2a0071f5,DAPO-Math-17k,12175,train,3308,1
3309,951b4ede425c7732ae9ab0b91fa1ebea9f47590958990d0676727dc01d1f3a61,2d4287b28d4f06be6d570770c5b1ef6c943255a55997e1dbc628ba607787a579,DAPO-Math-17k,11599,train,3309,1
3310,b3702f1616c8173862febe78d2e8b29d1e09b62874b0d84672a7cfccf4232ea8,efc818b77681d3cc7bf47878304253a058ab2e9bdda13c28b53cc02ae63b7743,DAPO-Math-17k,6106,train,3310,1
3311,a97b833a6485cef4273fcbb660babb1cc1d411f82b42a27cad12611fdfb41cb0,905996cf4a34aaf5fe0fd5fd2ba5fb94e9d502469a83df968e4e49553c0b5b0a,DAPO-Math-17k,227,train,3311,1
3312,342ef73d1f78ba6b2b0e9a680ddedecf6406eb430bab6cbbd5a363eed8dd955f,73f10f486cf8b9b66f02e353cc35d02086bae62558a42f902c2180e7ae9581c5,DAPO-Math-17k,15218,train,3312,1
3313,0e1dcf7efc15df3a0e41f6765a68f8a1bab78adea8b0cd16c0052ae6ebf0a7e1,b93b198f598a376747e860ad73f559a554fc9d805a16b876cef817cbdf763ce5,DAPO-Math-17k,2305,train,3313,1
3314,fcb1e361f4dfe56d86f3502e380c307466b80e21481360508bbe9aa80f8d95df,67523ac7225126659943fc67b8655c3cd166d7b00a7dbd2ac82608982e053db7,DAPO-Math-17k,5217,train,3314,1
3315,04dbc97ab154e3d97781719effa68cb9bac42a37b7be22c87fb41ab484904831,469b4dc1f8f48d7e5fbd15495bd054764f202e4fc57a8ad151e9bb5e00af5a8f,DAPO-Math-17k,14572,train,3315,1
3316,d10dcfa830f2e31710477b97cba84a750d4c9b53d2806d962fe5ad35d1ff93fb,13267b1bda1aa77fa64ee806248cc63fabc59998188574326e955d139334122a,DAPO-Math-17k,868,train,3316,1
3317,66596f8135a02e8456404d6d01605f5479a7489d0dbe174d06891657e5029291,fc4da051c02cc617234195b654280a15c8de334b35000d5623c041a396d17ee9,DAPO-Math-17k,3155,train,3317,1
3318,6f737a64ada131d7be3fa4ad3f5165fe88d02fd5015f43c249be0d17e85cc02b,77580517ea3d3b07053001f2fe4ddc2254b35864af296ce2622a1036b872fb83,DAPO-Math-17k,8112,train,3318,1
3319,d5f0806c71807bc7fc0eb74d680d734ecfd2b5cca3ef22bdc22ab310b669ba2e,bb9dda83ddd490126db4ba400d5460e499ed16dd3a07dcacc8cd7415cd6e343b,DAPO-Math-17k,17069,train,3319,1
3320,6f3ad3056ebbbfefe4877f763adf6c0d3b7f86197d7b4047c00ea203d299b8f3,ac7294e4cb20ddaac2e68ef215fed73af607ecee2337bf46d19dd89552f4fca1,DAPO-Math-17k,14951,train,3320,1
3321,ce613ec89d9a8b800f33de153ab8be7de04163aaabbcb8c35e7b577f32587a0e,e72b543bfe811fa647d792b887c7a121464cca299bed4c936b023fd4e1647493,DAPO-Math-17k,11496,train,3321,1
3322,1bf523fbeba1aefe3c9240b93aca3af28b161d22945885560820b9403ccca3e1,2efd32a6efc9315e124e1dd037c0fdf0c3809eb4267eac1f3f0f3d5acb3f1f46,DAPO-Math-17k,17122,train,3322,1
3323,fa52b2804bffaf7de66effd9b59ff00f8f2eae47e3def5f0b9902c6abbbfd1e6,7701d1d28ad2a0c134063fc5e71343b8e944b9704be527e5c3731a126b39056a,DAPO-Math-17k,11957,train,3323,1
3324,fa1ebf6b90c789d6acaa983d065c2dc08e5ab203b12402fe69e8789b756e3516,2effba71e5be9b8577cb7d28c53c05e5b0916c053717247b5a821e071f5601f1,DAPO-Math-17k,6660,train,3324,1
3325,172be137d03bf0e65dd21e7bf244da97bfc126055bb11a6e91eb0bd195b30f47,6fe06c2a1da516674dcdf04dbc3d50a1344e4febf6527c62f1fcebd59b0b1538,DAPO-Math-17k,8235,train,3325,1
3326,0ad03a347fff7960486f8548c4b9567d35b48a4cf687970a027714220294d8bc,497a7156eb346fd7d6d015152a48b85e7646a66349e49fb1109cc76dc96ff48d,DAPO-Math-17k,7268,train,3326,1
3327,a2f2656361810e7994d7f3f184e542aec6314e9da3c10bac419fe818ac49c5f5,79cad8c0aa014f70473545e51252310bfac683666f295aae4aa3c5887a53df0b,DAPO-Math-17k,11815,train,3327,1
3328,918bee400b67cd291500b2310b77e0a37192c2c11c42d5042bbad17d8e36bf18,24d8ddb804670baedb0b25558f77756abe4a5231127627511315ba3828b92118,DAPO-Math-17k,13025,train,3328,1
3329,f135f015c8ff567d6cc72372f75754f0bbd64a45f40e2b41f77c16c3cfa49843,12e7ebec528dec2f0ff5e00886824226d1c4115b511dc21872985eed927869be,DAPO-Math-17k,3325,train,3329,1
3330,bc2282cada855c63d50a868be0b9b4e2bddc11466de90ec939e48991f5c8de1b,705f2f8c631eae883ebdd3810705b026733acc212350e87a71d9bb092fe002ad,DAPO-Math-17k,1612,train,3330,1
3331,2f47fa8341f63ee11188b3afe30f7f76d5b1b06b5eaad9ba1b68827ee0210949,da368915edc520aabdb3b9684056697e4da28cea1993239e7e19bd1ed6823a44,DAPO-Math-17k,2072,train,3331,1
3332,65d82aecd49708198b078cfbf9f8e3d5c90f69102bc07516ca52f01fd262753b,4aa979f4e969b3a9b83b7685556da541c834c32418c6060826a4deedfdcd5c75,DAPO-Math-17k,8899,train,3332,1
3333,519789cdfc4db1d77d80657aaf3df40a2b51460aa6a2153dc34dd481ff032c8a,ecff11e39213efc8c75556f5332f9c357d2460ee600db8c543afa7dbb979ad0c,DAPO-Math-17k,664,train,3333,1
3334,fdceaf472641c0d7e2f9398e5f8fc41527801607036b37266c93756b7d0bf704,c709fbefba245d104ba1f2d0afe8befaf77ff7dd42146f44eb27818c47888557,DAPO-Math-17k,5335,train,3334,1
3335,7aa7d81b90532b0f8ce59779337e8217bafcb78503bb303c2cc8c1384340f354,9e0cb98db638dfd3c1920b16ab2d56eae394ec1c46a5e318d77ff5c68c39ce27,DAPO-Math-17k,4184,train,3335,1
3336,ee3509d19b919918bc395fc0c5f134f74a01d1e617880f876b48d0b303bf429f,236895bd8420778562bea1c13135550127e0f0e57db9d5c4fcf43e8bf2f43eb4,DAPO-Math-17k,16264,train,3336,1
3337,3f26739cba16f8dc442005fd17a4b3d01b853fc85821d947dbaff16ea63dc4f1,3a2bc903deebbfcb7b4a2427cb3489d46d65a79a862f991ac3cb43347805872f,DAPO-Math-17k,5214,train,3337,1
3338,0f2a17f6f9e9761d1548b9fa259815080e946f47e4332245c36afeea557dcabc,adf327f9d27279d02078fc95a1edbff62aa230e12b4d9535449d5ce60e6bf70f,DAPO-Math-17k,15937,train,3338,1
3339,754b5c17a112deb6167567dfe79cbb7c0bb5b84e264f31a68aa4bc8da6c18abb,5c479e6541cfb8571dcf022d1f679420f123064b1fd27e4c4ede0214c9e35286,DAPO-Math-17k,13862,train,3339,1
3340,20fd2bc7ee222a238f56f72d4bb7077f6e4717811c872d96d37e47f28251d9be,623391b03c50aa5e629824a8b0bc6f03dbb7dd4f8eb9fd236f320d08454857c9,DAPO-Math-17k,16844,train,3340,1
3341,c208861c89182993d8e6ed8ce23afcd21fff01d2177f8fff0055261ce683ff89,7886b30e2ad64f5c1bb8919d475b96375e2fe2bd350f3e59bd0270b82ab5d817,DAPO-Math-17k,2422,train,3341,1
3342,30f5e26c2a670ef982a60e5f22bb943b28fe5ce8d1561735a5820ad958977cd5,6d55f3ed564b6c7687b110bac35ea6af74be636a953e21c2e2bce6407839014a,DAPO-Math-17k,10986,train,3342,1
3343,51051258612605f4484aa4ce1a6d6bcf795a0fba3f55eb9c678b27f73d35d79f,20d738d1b4adcc4f0c8e024912ad1f335ed7bd3c3a686a2916dfeafeb6165817,DAPO-Math-17k,14595,train,3343,1
3344,a59d08223b3790eb4221722ebd7d1c812d468c3e379ceb4ef70dddd306454d78,71dabd091bd6d57bb435efea59cb40abbae5c62e2cd95edb7aad83aefa46bdd4,DAPO-Math-17k,2809,train,3344,1
3345,56f74dfb850e11d240e9370f6573077f12c57b73cf177abf33483afd12f660a2,db1a1e36b93f2a78294fb19d0f6a92472cc5e1249850a5bc31bcd4e243a38919,DAPO-Math-17k,1946,train,3345,1
3346,940c033ef58576b507021b4e251bceb81e579a8a849567024b358464c9980e79,c4b46f2a158352326da2db9845baa4ab519a8dab7cd896e033730b11ce4982b7,DAPO-Math-17k,8772,train,3346,1
3347,a7327d41435bca388ec71cb1b9aee22e6d0681c5ff0745d052bf1372736893e9,282f7f64e93bdcc0885e30193b9233c957ed461f4607ef67685eac0b4dbf620e,DAPO-Math-17k,5241,train,3347,1
3348,86dbc4dc2da4b5f97b28cee7f198adc609a4278de6c0299868257155144f49d7,072794ad4ed951251b8b17a0e30fc88239d51f2ba886ecb548ac9df45064616f,DAPO-Math-17k,4261,train,3348,1
3349,0fc2ceb2361b126504d66c309dadf192b3ae9a787ef0a8bb301b9969c86c82d1,6e837314323e0ebc0ee70f7bb84415e2f722412344a2d356a246b53e3a815229,DAPO-Math-17k,15881,train,3349,1
3350,c567be71b3eb364f3ccc412d670eadba07d26e3cb70f954cde8e0e73fa926e2f,aa13e602e0d1d88bf6b3e8fc2badd5c304fbc80a249d4d619d1a816e53573deb,DAPO-Math-17k,8265,train,3350,1
3351,347ff07c987da6217b7659c4c141f77e78141c052403b7e5b26935455dca3596,a3446cdbca5436f70c59fcb9d568e9847ec29f6ab0ffd77782cdf4747c88bdaa,DAPO-Math-17k,9328,train,3351,1
3352,d3175a65c6230e07dfa41ebb9fdd23abbb8f5f91669a7937f492359bfc730778,218d3d6970fcca4b162974c5d2fe17d6cafa31da503246b8386cf52010e4ae43,DAPO-Math-17k,9353,train,3352,1
3353,4c37a7d8aabd7242248ad7112a154e812d63f26a74d2dcde3df43c00ae1a40ea,b29eb8e6027bedebdab33ce459aa73fbf3e0afc2c13afa54be18e46389c152d5,DAPO-Math-17k,944,train,3353,1
3354,1bfcfe49c673fd8cd1555365c2e10754db23d5ae5c2b3b793171f56960815da0,a6b0e9a9611162519e3db5bc3839ba2add3a71094273ff0a1bfc777d7159aa34,DAPO-Math-17k,3138,train,3354,1
3355,1d27f2a3dd316eb8ffeaf12321326385e74c2420d039887c5a362b5a0a44ac5e,f4af27f038168458c3beb5d44d9d97bd17d94d850e29dd021592b12dab4786c9,DAPO-Math-17k,14892,train,3355,1
3356,15a7c8a44b6dffce98182f44f85a8f518d3e4510b4251e34b68faaeb0eb160dc,6cb743d13f4ac30087739cd9ffdd6c59dbca27923c545e260a4168a02e248dc9,DAPO-Math-17k,16905,train,3356,1
3357,2a6f5fc26a6e97391cae6f9cd868e9b07c32c085763c0dd80b6b3802509a3425,c9289f2687fde5e5ff8647cdec5e0a21c3e5c38dcd30be4a40b0c2080a557a12,DAPO-Math-17k,13543,train,3357,1
3358,068d0b0f3f7f17ab4bd06fb5e074b99676fd7ce10c762227ac92797859630cc7,1be94268276dd96ee4c28b002054539f3da55d2546dcdfbeede9a48eb865e1b7,DAPO-Math-17k,4954,train,3358,1
3359,7750b4ba2532855f03d19d0cc941f879fada52f408c4f759c16fd77907f13cff,a8e40547f86ac8992a2b8d16f86206899e9a0ed1e6b53ec3a6a245456240d85c,DAPO-Math-17k,12144,train,3359,1
3360,2c53c8f9169226f0fb1ad1b1ce660c59ef6f40faa3540bf7999fa34048ad837b,76c5e9b9e9369a42fcbd9d11405cf98384d779ca0d497490c0aae10ee007679f,DAPO-Math-17k,12810,train,3360,1
3361,386091f675ff3d8f3ed9765ae1223e41146854ff2b38b851b14dac3e2358c855,d41cd2ecd28a1338ae66dc0a8c07a83c39b70001be7986428616a0625abdff5b,DAPO-Math-17k,6973,train,3361,1
3362,68312d90807a16029ba4b6029db1bf84ceb83b05153126505efd1c2a5a1918df,1013745d8f8b3f07ab9ad70eab29fe0ec0f657956e630d928eb08f775841dfa7,DAPO-Math-17k,3891,train,3362,1
3363,bd813bb98ef2cce8944710942d2bbc60b2b3bce20f2b15e7ccb545e2b42312f9,cb5320b2ddf323438e249b2cea6acd3baa8caa42d631d11a3ca34b90ff146af8,DAPO-Math-17k,10176,train,3363,1
3364,1edd037d7502dbd612fd69c518d3649431fa0b442fee5c494f7a9e41a4108e56,cc390c261b7e9c88e7dddc8dc1cf0d66533701bc247edf654ae68e711cd36ef4,DAPO-Math-17k,5859,train,3364,1
3365,7fba6b3afaeb94b564eaa295552eedc8be7a878fbd75af77074dd72482abc5af,befed202819955593f26fd022b6bb0df1cb95c722ac0f0b781ac88b5a01ecc9e,DAPO-Math-17k,12524,train,3365,1
3366,96adbde4ec25e94b610afd619ecc411ae08e67a4a695421a2f87ca5e5c9c336e,09afa481270e6f23c39ca7b37634b94948a7b40f19993c7f11a180b9f143983a,DAPO-Math-17k,7095,train,3366,1
3367,1f20d70f0e9dad9442dbc047606ef0fa87e5560cff908e63167623c4455cec85,9f8cb2f67d87c3e2ff08d7d73caad13800537ed1c940d92925f1c90bac5954f3,DAPO-Math-17k,13816,train,3367,1
3368,00de84ab93a8fdc3414b43bde31adbcca54a60953631ed7d82cdbd3d1d0f094b,562c2b4ca7c63e6f3ccea6f1ad357354885a3ee940b3d555151fabdd323bda13,DAPO-Math-17k,16475,train,3368,1
3369,a00833768ea72c766acc7fe845b247a368a692d4bf1909d3da71a431b36571dc,cde24169c2d07aead2c09d335ea36c6f7dfd478688fc176b363e1972a4f4b860,DAPO-Math-17k,9330,train,3369,1
3370,256bf631d0553fec7c7b0ac4a46fd70ea8f41d48bb31cde3a405eb2511ecffe2,5298ee392d00b8d021662b813db70154d9f3c51cd746e93a7e2085a425a20e6f,DAPO-Math-17k,16792,train,3370,1
3371,c1eac1d7f6f1714877ae17c75e33c376667b151896fabe1586571928d17e4c59,82152b65c869a22a2bee19e0da2248fa11ef4bf70b2a68ca085d385fffcd578f,DAPO-Math-17k,13678,train,3371,1
3372,29783da01bd05b98e3f7868cfb1ff2456025554ca8d58ad9e08e2fd50876cd18,731b254a1b088f95ce814088561685dfe39740ea526984a8b30ff9ee4467532f,DAPO-Math-17k,13830,train,3372,1
3373,2adf286b21f54eabfdb9ddee3e34a30d2a3e12f211632a0c12ecb2790bd6b08c,25e56305883e0db80ace26b3fdc467134538f2e3b8fc7fa9c2930a66883b9d56,DAPO-Math-17k,1871,train,3373,1
3374,40c9464835f0f11d846c151b554a065716322a644fb90df13cd766a2460137ce,e70ad2accbec2b506dbb0a8a89477eb09104e4f8cbc452292ebd6a44e9b2a0b6,DAPO-Math-17k,16650,train,3374,1
3375,36d1a4bce666b1c87b93b0ce9d87c51788b6f3a67b57832661d8c36885397451,c824c41a75a5c510ff72bc0fa03e489bc2d884724bb20380497c470e449e8a2b,DAPO-Math-17k,16674,train,3375,1
3376,932207a96de1e0aab3ad5fd3ba6dc739f8c11c69f602d89e44556b888501865c,93da17c16fc211b6280620f955b1cd8ec65f2e4bd0545de8aa618ab363fb4d68,DAPO-Math-17k,930,train,3376,1
3377,d2bd40cb39443147aedfa5783d4f31cf631979f7cd9131211505677e067a2015,81805e4f54349ad19940eb9b7f213c388ca27f4ed765cc6023d9d60bb0c150ab,DAPO-Math-17k,8428,train,3377,1
3378,6da122f426367b61b267de0abd9a56821098580ce8c66cf0e18d3863255b9153,f46185ad3cb4d65b40f0efcb2e28f721b5eeb4f5b8769b8f7fd55ad3fb989827,DAPO-Math-17k,10158,train,3378,1
3379,1817a15ff1c1d814b74f3b49ab6f7ad7f16efdabbfe034b67b189dc2f4caab28,2e34dc8be4858e6ede88643e814e047e7ac70d8ba83a4a1c65c2f29d635e62cd,DAPO-Math-17k,10796,train,3379,1
3380,a1039cd787347b307bf0f4a5bfd5976814cd1297a7db53f1464ab60bbe528caa,eb795ab3a442eba2a799ecac8665be32f204c97dee7703b97081f40ca8cfc80a,DAPO-Math-17k,17000,train,3380,1
3381,cc13bf55e1f88ced4320a239896cf870a774babd809b99225dccfdff56a0a8cf,cfcad944f5daa6cd602a6a2d3270d916f47ef9dd0ce2dc184767cff4d15d79ce,DAPO-Math-17k,2523,train,3381,1
3382,6d25ace15ec231af2685cc34a5fa81560439490aa221e84a91fe8afdca0924de,744673aa971e20875c79cb572130a2ea400781d1bbf90e1c9f1783f641108a39,DAPO-Math-17k,6239,train,3382,1
3383,c2b0a738ac6cb91998b454c5190c45ef4ad9339dbc99ff09229bcfb366a8ebcb,65fdfe2e751414e86087c7725ad34794307263ceecdb33da33ce868b760d88f8,DAPO-Math-17k,3292,train,3383,1
3384,c8eb57029858e34fbec91e3133fa3bda85408c754240cd86a0079119cedc1248,e13de78b8e0f6d1a26ca60cb23334e8eb2a65d95e707cfbd2674afc69cac34e7,DAPO-Math-17k,9515,train,3384,1
3385,bdf6e1d2c7162f2f2ee679b807445d325c6cdf23761e388e4eedbf33ba176234,c2025e9253f6618bff16f035b7ac3eda174dfdd10886b9659b5af6841f4d1384,DAPO-Math-17k,9002,train,3385,1
3386,f61ea433b1065901612f21a86c612191cb657dbc7b573d0895349036e9ae2c37,fbc75bea5ab78a154342c583ef628a54a4f1ae774cdb9f83d3e5bd02c3a71c01,DAPO-Math-17k,9604,train,3386,1
3387,bdad18ce2d79c41348d36b7a6182c3bba0367c1eb872f37444b57e346f4084ed,fbbfe68f1f9e92b120704bb469bb75a589910fcaef3ffead54b5184bbc6259e4,DAPO-Math-17k,619,train,3387,1
3388,8d4c7b92baa8431398fae1d98b38f8480d29a7cf43aa07b1dcb9dfff81a84487,c3aeff552873dfa1f119848dee3c3ad95262728dc42c2b1ea4411598f4b43194,DAPO-Math-17k,4982,train,3388,1
3389,8ea563aae098539c4b5f468c429c4c8c64c45d8f248a45b1353acca8382fcdd2,6aefd9366422bf00358854b6fe308aad0e56ce3aa6b63bab20b78daca93943f1,DAPO-Math-17k,6748,train,3389,1
3390,c6c1a73017b85c5a2a58424afe5ae5b94b0ada50b2a699e3d0fb89c84b63a718,81fb11888ef2c6f2fc56dcbb016f2b88c7d2c621c2e6ceab9c62c556ac1daa23,DAPO-Math-17k,12601,train,3390,1
3391,ee74372dabe919d0beaa3dddf99d27688b20082f51fed6f984e681c1671a03bd,96e4d011f90f73803decfc46f290a076dac057a83b2a51fa84ebade38444beec,DAPO-Math-17k,16021,train,3391,1
3392,e87e060d41d04e461c3e9fcc18716db9f619888fd9be0fefc8b4f0011c00d354,0368fe15d881b04211f453a32984de4c81f07fbe555d0796db491f23dcfca5a5,DAPO-Math-17k,10764,train,3392,1
3393,c4cf236c128940e89505a9f8bdd8e87355c22832697d927a89481bb5494f2697,eea8e38bcdd42b9a9bff24c64d96fe03ade52b3f8916db20363cab3c38c12be3,DAPO-Math-17k,1452,train,3393,1
3394,57e7ccf2bc0909324d43d6bc95354c7aba7328fa4115598c83296036836dad13,ec88549e56204168c5fb371bcfeff1a5a4bfdd15f85d72088e481dd604572c32,DAPO-Math-17k,3833,train,3394,1
3395,8ff55b1978493ab4ea2a9aa79b4066df13599dae2a743cd304e39131c899d4e5,bb4f870844123c3a5c743864bafa8d85540e6ccbf4e4039710b42ad1d0fa2a8a,DAPO-Math-17k,16531,train,3395,1
3396,298fe7ed4fbe5cf729fc7789d5890f41e798805296ca5c73baa5620ac0bf86d5,c68529e168294c4f2b1b8214d63d5d19ec0ca49b6f2a27d5d45301e830169251,DAPO-Math-17k,15805,train,3396,1
3397,adf3d49e5ba4487a29b4ec1e8da411cd860e1d63a20954249ca6e2a8fc73dba5,41bb9bee97179e0534ce1f5a11dd3195f735961d1dd2af7ac2da1dcdc7e81a71,DAPO-Math-17k,16356,train,3397,1
3398,4909797154bb238ebf359066dc7cca9d9fe8cb0f8c4bbe9957b3046b8b9bbe80,b117cb56ef138b544f8a165542a9fbf5c6f1425452f792d20f51d5f39191808a,DAPO-Math-17k,11239,train,3398,1
3399,dccd59a6f1fc322f4268cbddeae4971b12292117e6022bae2f93b3ab01604e96,0a71567aaf6ac056f0101c55c41e99130f39940df23d1d7a9f91dc835a1267e3,DAPO-Math-17k,16888,train,3399,1
3400,4b7370a15397a4b00adc0a230d6e8f4f4329ac9f1ba6005e901e86cb939a28d9,1fc8ad596ab37f944e8f9dfcdb84bc4d942b56707c0ae3ebf15acccf8c182ef8,DAPO-Math-17k,7226,train,3400,1
3401,544096b40980a577d75e63e1815a2c8322ce787463c0ce0f98ec3aa41c24d5c3,d78d0fa84e306bc3af656901175fccceb286c8874bea7adc3c8d7fac98e09b42,DAPO-Math-17k,11115,train,3401,1
3402,866770668498ec07fcc5d99a76fa914a390624b007f11a04c0d0b928bff3e070,46be9422dbaae4421bb98eb2d9806185d4ee115b5794e155f3a14c1bf72fba64,DAPO-Math-17k,5604,train,3402,1
3403,27e9a2af406d9e73927b573b2005b7949aa2752608b00dffbe5076e6d6ad3244,5ba31d85d3ed9318df3c96a37f97f0a6eb107361e517a13e8dc22c83bca9c06a,DAPO-Math-17k,8244,train,3403,1
3404,dd0489c9ed38abec5b70e1eef9b12a751b45e55e577f7c3ff0bb56973bd56d95,03ae33f1fd54620fbdbf0874d7df39f3592630e07aa3a159a2da103f90cb9f01,DAPO-Math-17k,1948,train,3404,1
3405,3f49943d69a40c7c419cf669df215b4625ed9abb818c97ecd91b856703a3d41e,b18493b3b60173c62bec02962d077717c13d5cfcfc4ac25631f453ebdfadadb5,DAPO-Math-17k,2295,train,3405,1
3406,44aa2a77efb0ba5c02224035e2917818fb2e64653a43597b24f347d06254f00a,4975d4973b090d27c32a9c2e16215400a0ba0886df828b3acd2360337630a091,DAPO-Math-17k,5851,train,3406,1
3407,70c4421ce418344e476f98fb00732c7916b759306154a4f19193e7d0ca9e16c7,ef1c121ae2023f43c6d6d49861597d068fbb91a15d1a74790dd76f6dd4a9ae80,DAPO-Math-17k,4663,train,3407,1
3408,597f140af6c2c7116a5ad4d3f654cb424bd04af26a4a0c2ab1ef2b87eea90a14,a0a9edc4ecb9c06c11cc2a86645525c6a5dd1bd945e4598b4f5e9839cc2709a1,DAPO-Math-17k,15773,train,3408,1
3409,7d1c45ef7bd075fd2d0ba815d19eabb784c56b8a134329199d6f805398d64bbc,beec67acf4a3d87d3a045223266e5c2e3ecef180435473729ffefaf2d8c04d33,DAPO-Math-17k,10026,train,3409,1
3410,579153dc68e3b29feb15de4c9516e650bbe5a255f8fc96d6e6fc1515124e4a20,5274c4b8f12f2e33206e1a31409a55be0021009ac2b30cfb6aa5aeb7a12b29e2,DAPO-Math-17k,7369,train,3410,1
3411,9b106ccee3bb40b7b2accef111f6f7ce3bb6b68f07f407a7ce68c01b252d9fe4,3919c96bd507bcf685af1d5e9c7c9bedea5aede3baa820f31f8f24ec7d72970d,DAPO-Math-17k,13113,train,3411,1
3412,803af98f5c97f03e64dc077078f9e7020daf8127b73d0dda8bf0871ca3b3ce6b,49d6febb933d6fbe39a67cf1208b8763a4658feb9dfa05cbff105e4907b15773,DAPO-Math-17k,16090,train,3412,1
3413,7480571bf64884a25d9b11af62e6125cefc12cc708e9cc129d02979fb4c98ebd,ae386560920b620fee9104204b960d24bbfe916f39cbe089c5332ad4e5736b25,DAPO-Math-17k,10380,train,3413,1
3414,ecabcb1c3ed9a74d8c63e4a975299ee972af95d44bb64da94278f9fa6446b6f0,1013534b69295847964f026637f4c5a15b5ec24c586fa9335737cb14c6fc8d6a,DAPO-Math-17k,16138,train,3414,1
3415,32812ae0d4dc32fed5e028f08760b83d8a522354665f801487ee6d21c32b43e1,976255e1466bdf89bb337509ff3565cd02c795f87b74b31e96663bf369576921,DAPO-Math-17k,11364,train,3415,1
3416,8f9eae1d54f76abf4a4f903cb99dc2a21e0132ff6bee1add2db50deab573041c,6634863b1c193951f14380f0e222fb218ba8b48d9405e2125accf603a31393f5,DAPO-Math-17k,1494,train,3416,1
3417,0837db37be60910a0f83efc5af08b5b665c48f4171ed2336d7734542dd2dd342,843b4bc12d88095479adff62c9726282ed99f8a53c53a7ee636058e350a1a1c4,DAPO-Math-17k,16233,train,3417,1
3418,5c1fc78093e51a4fc3453b1a58de3e9f5fd83d5d528a324702e1ef881dd49470,12788e9e0139c814d88f84a65c712d7a1efce3904590d3b9299f501174f53934,DAPO-Math-17k,7355,train,3418,1
3419,d990c2cab1f4c4ae3f44c6142cadbdd40d69e31a7dd4b6ae75a3bb655949a81e,7a96b87ecefae0f18ca98933ac06bd43d4dc292365ed50cd2ee8d0e69cb487a6,DAPO-Math-17k,12838,train,3419,1
3420,8e6ba9d0640db4c3bb11935d064fe46678acf97e3045938bd4733321e93fe9fd,5d8780508afa2c7e01cb5fdcdf0e193090b4214257e688e32e66568d4582016c,DAPO-Math-17k,3342,train,3420,1
3421,74db673c83e9880113e9e5bf73219cd2be827eb7d931a47e0a330e4038f0026c,1d2f7a34f01a1361d46331919cffb8a5c7c23ee18711f5ef8cc50597551e562a,DAPO-Math-17k,7802,train,3421,1
3422,26cfbdab107a67b7c8e75aa495148ddcf78750f143113c7f4b0051d179f7ffe6,2aa278204537a4879939d14f1152e93ff28da55d756c9da5371f0660a3bdeb0b,DAPO-Math-17k,5124,train,3422,1
3423,e57afccbc3bd74894c40b110beca5bea5be0a0d0c193b42f1014baf0650770a4,923c2076455a195d184e0b8b992e6773570ccadda0e8c1ab9bdf4c8f97c6f8b0,DAPO-Math-17k,11539,train,3423,1
3424,49f60b51faba1b04e486af954b028a1f7d8014b9a3b2fa7c80a3c8956301defe,9afefe40a678dc206baeeed3e6c74b0c86394ade8ef916ff02fcda44bd7e0b98,DAPO-Math-17k,1005,train,3424,1
3425,b32c7e24a9ed91f43e546553b2b8c692d79a6425fbe5bc0ea6ff98835875a7a4,254c97656d3219710035b9cf44ea9c0404704c9c62b9815a78de5311aa1895da,DAPO-Math-17k,13352,train,3425,1
3426,ed648322787fc9bf905c44c5509ea4a9ff3f5815d6b0cf79abe3b45515afe21c,866df078d57e7ffecf94f93fa9237e85b52447a03a71fb1a0eb8a2d40d58bdb5,DAPO-Math-17k,4548,train,3426,1
3427,5edebddf6dd9dbdbba81ac1b93fd06c2a262d00b2d719de7575da3c4a2b5e62d,6f200a57b35996e7a09d980ac57c039428d6b27a93163a8a260a1de9ad727114,DAPO-Math-17k,1423,train,3427,1
3428,18f12c9b202a316881c61b68abd7e83a084939772ed9afe73525f82dbd8aafa3,a0f71cc2d7364ad133385428eec03fcd77969c0384ae3db6758e2bb2e7364e90,DAPO-Math-17k,13848,train,3428,1
3429,cca47867435adf5bedfbfd96f62f2a04f787db4a7aa37536b773b552f61d8aac,29f6c020c946b91abf748a029fb8ebf1da64322134cb55be151f42a60302b6bf,DAPO-Math-17k,11222,train,3429,1
3430,76e3adfbe645da017d2a09c78b790ea317eae6de62f83fb22b8d6c0aea864c1d,8ceccd4f316106da1a8755ee074988779c055b9e125fa2ec28680c09dafd95e8,DAPO-Math-17k,3413,train,3430,1
3431,d998110cd5b2d02d043c36643f82249622d41341495ad3725caf40cd7d91f8b4,d8c9bd13954c0af1c21444e93dd3bf28ce24b830d69f34010dc885a13335b072,DAPO-Math-17k,3435,train,3431,1
3432,d9879a34a11ddf56979438a98941dd182b9e45699b8794bdaad0141b4ef66e8a,f74efbac1de09977d84d79c768de9cc05114d6a81fbb9084b26705f6914a2e21,DAPO-Math-17k,1982,train,3432,1
3433,fd0d30c2628c9cadf9cbefafd25cdc9110fc66263055c86ec99d2bc8f501c64e,c8a77addc9fab7c1bf0c3f7bdc3af0d97c0067597c6d2f20d9adbc56e453fbbf,DAPO-Math-17k,7170,train,3433,1
3434,802246c041068b5f4ae4ca0cf262d3f1b862d0a880b68f36517ef80c4b727580,576cff8b725321a55380d3076edb7c5a7a6e498f98975457bc200339ebe425b2,DAPO-Math-17k,437,train,3434,1
3435,8e740f7f6b0d2c8c60448b645e21a624184bb1d6fe5ce590ff0ade2c42f61945,052e0906b4ba2e2664e043d14228deae6da8e9bc13f9e0d59275104c88acfcea,DAPO-Math-17k,6762,train,3435,1
3436,65c8cbf53e134f6f25ecb47529c6183b3cb7cb5fc0b44260ebaaee50558b9207,edd28e004a519ce96228ebb44266db94d03772fcb95022ebe090f91c61ffd8d7,DAPO-Math-17k,9363,train,3436,1
3437,166bdae9c655f905cdcf49753f5b68b55d4200bdf663795c9ce52c43b47c26c0,253f1f46f378f009b778d8628a36002d445cdf2f6e4f82854a7b8719cb413ff8,DAPO-Math-17k,8297,train,3437,1
3438,dbf4772d19de9251cc26077daaacda477ec870b2417c236db23ab113575051c6,f8e0fafd4e82d7bc0faaf3cb0a63ad39712cdce29fc8f184090ee96fbe9fe58c,DAPO-Math-17k,7297,train,3438,1
3439,f01cc629a1cd289aaab6d5631bc19840855a493f8549cb366837da5378b41bef,7683b4ab56ef9320b313b6c0eade8e0f353630ee19f72de6cddb49aad2b3d7a8,DAPO-Math-17k,824,train,3439,1
3440,68054d00cf6ea3b302e72aeae31b540f8164aa2be1d68ea2e734f88842d6ec95,674b9a9c68b6c27b77463317947f1fc12e661db72956488951d38ba9ecbdb0ce,DAPO-Math-17k,7648,train,3440,1
3441,ff5616f7faa6fae8151ef0b805ab3d2e2ed2a75ede5a974dd5068228a3bd1ed1,2ec5b62ccdc21e561994660e8495d9cb4f9e3f9a6e23f5d82aa462ef27e62d20,DAPO-Math-17k,14657,train,3441,1
3442,4167ff158d8e5125ca65c51a0907e7798bf493bb743d099aabf69a4856f71fd3,a07253499c231bf27da742544e423c9dcf40beed9e5ec7c91d39d17d7db3c0c9,DAPO-Math-17k,12494,train,3442,1
3443,a59154d41d0224852195bd1c6cff66f35a315b168ebd67dc808b42ec5cdaa2b2,82c1184568c22e3eb3276c3c360f2b7be255d11cc0f382e1d0cf785237ba836f,DAPO-Math-17k,10458,train,3443,1
3444,cdd872c88af6507375f654fd66d5edc0277384c7356a09cfd3ef6ab839ee3f84,02839c50a396e76662c988a6d6c1988742c85d97bc8fe1e259e8313ea0561d0e,DAPO-Math-17k,13288,train,3444,1
3445,8c02d6008298afa1bf647a86e5d5da5fe5cac4dbb48b0f6cbdbecb2fd7b321ab,50ec5d3eb67ad664878702536b1b8fd0a4adec4e40393e209b69d6876732df46,DAPO-Math-17k,14230,train,3445,1
3446,5fac1941bffed092e0d00358b75c400a9bc0151b896dc1022ba40efc15873ccb,1377e84e81188d2699293cac50d47df3a894547c28ad63f63a8e2ad671291c81,DAPO-Math-17k,1463,train,3446,1
3447,ae49c633e694f165c71bfd557be1ee4fb41cea2c2f869525212679a7e8061b9e,05e1ee923a21dc021fb10c6ec8b7d03873bda4346beda52694d4c5fa717b0143,DAPO-Math-17k,5707,train,3447,1
3448,94a5ef8e6be884ad6657b0b194963f5b52fb36d2935df6c16330bf2102960f56,dbcf1229a01c532491e2a6d0487d588b4be013cb9195f998f6454802d4efc4ac,DAPO-Math-17k,15008,train,3448,1
3449,a25b27f027de0d0ddd25ebc21e81771558e9fcfa94c1d194c6a7672384b08417,9366a132577da86aa32c1d3fc4594192a235d224c33d54875a13cf9cf34fa877,DAPO-Math-17k,16694,train,3449,1
3450,02b85f875de0c573bd9230ed78b6e38266ab64b15a6234efa217ae3ced033a12,9df2b287d6de8b2cd997653d5c66891d6975d22c8b76d346f2c28b969e3fe52a,DAPO-Math-17k,15144,train,3450,1
3451,bd7ea247c22e46fbb2737c19bd8f50e6d6a7d36ebecc3fc036fc748e989c42f1,13bad160699f31467b68e1d7992d29b467a0ac379850b785fba32619501effb1,DAPO-Math-17k,1913,train,3451,1
3452,22e73190cdbaeb41e4846b32394a7a860e40c1a848c9bdccf64d3a3cffe51878,ffb96699fc910a1b28ed66154e2d0e0b4bb8f784e238860e1d4a7c7635a1052c,DAPO-Math-17k,14844,train,3452,1
3453,6fe5d3b893deeb28ca98cbcc9e2e8dfd9d8c9961df9a4a37b3044fd82a3ee1ad,b134e7ff421c2b677c7add9ff621657eff60b23981c075dc082e5a4ab99c8faa,DAPO-Math-17k,5600,train,3453,1
3454,2d15084c3e07bacf80fbd291e9dc6294f37b945641c2a63c5ff91f11fa883551,11453f63e4c95550fa0df806e7be42add7cbd982c9628807bbe0863db6055381,DAPO-Math-17k,9899,train,3454,1
3455,9aab98f6ab34b121b69d1dfd9d0340fc9a1f271e43a22f5edac8e848a9e51b1d,c08377f58badf7c0801fa7d0cee14187b28f96268d36f50da54add5edb2bdda4,DAPO-Math-17k,11964,train,3455,1
3456,672341cabce7712121591165bcc3109091c35817de5963d3e81d6d6ca16acfec,6e8f6135e867dfed327f6de545fe906f99e9c062b5a5eb2856b7bc3611726c01,DAPO-Math-17k,14963,train,3456,1
3457,bcf6f3a99a5e212fcfdc6701d5773a9c71fb16abe99c0c59155402e4ab45d6e0,7140b48f45dbfb82a9add6faf667574e91ba6dcbeac159b760f3078af6852d87,DAPO-Math-17k,10135,train,3457,1
3458,7d867ce5dcb08b758644b6f43e8687d20fdfd0bae3d0cf006c9c722afe5ba22f,276aa4e8657243376a5f7c7619a24c16ddc9595025051c1d40ffec1fcaba974a,DAPO-Math-17k,3617,train,3458,1
3459,4416395fc0b43d94f1a1229874e11951e318f0ffe5969028e91fc2824852b4c0,eb055b7b10ed984ee3b8df0a3c918d75e14ae94bae0e77072b3002536ff65ce7,DAPO-Math-17k,16578,train,3459,1
3460,faf7fd54ee5c279aa7193902c1b1e9217bb9d6145829aa2b28c2675e8cbe0315,96da7d17f9196989eeedd485e25fce9a580a82db5479d307703ff40488dbc348,DAPO-Math-17k,11232,train,3460,1
3461,38cf6abbb5ced7620ec68aa6803d6d6f79fed30ea5c38d5cee35de38f8794074,bbcabb91205ccd751088cfe0ec77919ce23b16fd92750410d291b750ee4067d0,DAPO-Math-17k,1196,train,3461,1
3462,1608523b1ed1dff07fb34ad0d8759540fc1f54e6f9e7280f0052c0853d8a7277,59d4aa9756673c7173e3c419181f58e4b2aa0236c67374e6028b954bcee52418,DAPO-Math-17k,15476,train,3462,1
3463,e46b0b42d30149d527b39ac0bc575b88c776c265c770887e5e8ecc8e2fcc5994,595d6394b40713be5edebc05cf455bfcb0ef0a3b7ca5f9dae7e95832e269105c,DAPO-Math-17k,2557,train,3463,1
3464,6304556690426dec853d4d4a8d100689ebe0d8fc0a37d8f26f146594c6a3b462,327adf59ec3fc9c4b9d46627013d134f07426955fc8584d73770c8449155541c,DAPO-Math-17k,7763,train,3464,1
3465,fc7d7d6e4987e589098ea7b8ead13940954327db23e1524bfd0fbba516f532cc,5a754153362445242cc60df304ccd3b31ff190cf831c8f9efa47fe455e1e5e8e,DAPO-Math-17k,5272,train,3465,1
3466,ee068b1fe51e0bfd5e5e380249de71de59d35e9820b9f47b13aaacb009717605,e7d1f78c6770e270bfe38a63ae43c641452e91566763ec78b572ca3a65aeb869,DAPO-Math-17k,7511,train,3466,1
3467,7541cefeaee4e5991e02d12a12de0434eac36624587939ace3cbdc9893a64b86,5f8789058ad20ed129d93f679dbd6fcc0ccfafe379e678843f7435b963c5a564,DAPO-Math-17k,16992,train,3467,1
3468,6bfcc83beac1e7ffc90c679522ebfd1f59e2f3903c107a0321c0c6dc06a14526,ba5c9e26bf8b9898a11d2412a700b4cb7eeda998b284fa15daa32f20b9b83d74,DAPO-Math-17k,8568,train,3468,1
3469,69db331f8c46f1f4e625a583e32e3f5dd65e57bb84cbe2d2a231d3ad9049d88b,255adc40181e70e3261a663f0c58781d1c2deeca3bc356fe41561aff70827d10,DAPO-Math-17k,5377,train,3469,1
3470,904e00f6866db4824efb1bbc2c28602d9c04f3d6fb2003ccb65bd5b1093036fe,68c74be2b108093826b70dc4bc0d07ad67b747c4948403a8eb1df2dac51df7c1,DAPO-Math-17k,8117,train,3470,1
3471,bfe2315a76c5bf02b64678ad339e910d9a6a6c42c3c9f6dc49118461c5758f05,89c49cdfd4fbec924f864fd9dc572b81c9e44ac610139fa4cdaa06d9975d43c1,DAPO-Math-17k,7889,train,3471,1
3472,15643c0b077adc870ebd561de803b0f521f1b10c4faac0472002381b4b84193d,4cea46ecb026e56bfd6eaa8503b9038d7a1ebadff6f11b94868d2c4591f59b40,DAPO-Math-17k,12250,train,3472,1
3473,1e338e95cca41dd7ab83fcc8ca169abb4b62d149eb5b772f22f48025463487c9,393f9bc63f74009d63c97fbaf59f09c8d79ba1b425203097a5119ff7522fe424,DAPO-Math-17k,6995,train,3473,1
3474,7a07881871dab89b54aa688d8cfb7081e01cfdacbdf3787518ebb450161dff1d,dc7e8bbfef4490ddd04ff3475453e710eb5c74e9e2592fffc3a3ba9cbbf40701,DAPO-Math-17k,3911,train,3474,1
3475,d7f71d9e7e941378366d5b006749c292558b5b87bd5bd28622969a5eeb0a6ccf,83b1e49f39d3f7d91d2e31c8794c7ae73c5b9ee4916541de4b51a7953c315584,DAPO-Math-17k,10543,train,3475,1
3476,935c86e47a34c9a286c6022b4d096ab86acbdb4ac12432059367debaecb04545,0fc177e3bacf34d51145efa9649f77b0f895d77fa99ff7e320bd94b6db7b8472,DAPO-Math-17k,15558,train,3476,1
3477,81c620d6f53a5e5ee52ffdb278e6084f99c49063f919385e42465ffd69ba4ff2,2c6a3da5fda03b7ba68e11d68c8791bdede1b7e188b46cc9d5cc3b9559223ca2,DAPO-Math-17k,6099,train,3477,1
3478,9987108efc9586c22506f5bddff13d6c9a3ae9f8c14eaedc17fe9416e37681a1,c5a6d75ac38ec890fa127fdd3cd5b6ee0dd1b59c90c964c1fd09836550a2c04e,DAPO-Math-17k,14312,train,3478,1
3479,f1da0840aed0cc369e4e8edbbdcff3a95411da9d9b5dcb7192102f8fc919f904,4a28a08be234065a78c61600a7c6daee1dbe9bcf114fda73de3393a5490c981b,DAPO-Math-17k,11418,train,3479,1
3480,0b740b926a3bd0d95ae3eab503665a4cf02496e4e238f9faeff631f39c3848cf,80172dda7143cada8c28ea3f206213c4cf2ca988bcb5386ea838a8a233ce0cb6,DAPO-Math-17k,8086,train,3480,1
3481,8370852e81dee5488672fa77ed8209b52524a7789af318dec1d26eef5adadb26,a4167ebacff5bcfc6ac4833dbd5a3f468697707bf45d37ba0ce8a3299e765389,DAPO-Math-17k,11527,train,3481,1
3482,f7375d4cdea11e4ff90a52ea6d6b986f297c0f9ce46d0dbe5f91829b15d10428,e32b37c09f931a80ff60307576d27e76154237eaa4bfd1af2c3eed14147c527a,DAPO-Math-17k,11320,train,3482,1
3483,39751b4044322908d357c0f39cf7207bc0c9d6408d887c9a43e7dd325a990dfb,0a90f9541d60a2e4a60118bce158b31405d7e6c87c9a95752f258ef6302fb0ae,DAPO-Math-17k,1663,train,3483,1
3484,8492378035e42b7469a92daf16d3b9cae72845fd329cab9e642ac119ca81a6e0,84bd8432a70680571e672746aa927c0ff2cdcfbd891d968a3e9c44dce12b248e,DAPO-Math-17k,13278,train,3484,1
3485,934e7ef8a539984093550c81777ec60d7a2be930af692daf37ed0c0a1abec58d,2c48c3d38fbc53887e3d372c494271d022773f173275a39170048b43f631cf6c,DAPO-Math-17k,7200,train,3485,1
3486,b2ec125c62939099e3e1445f7e0cb0799afd2f51fb9211a576ab3bd188a57b8c,a261980ba267c3416039c9937c25ad71567b2e3cae211b6cea57793ca2682067,DAPO-Math-17k,10585,train,3486,1
3487,dd707dd4ac1ad5e942800089d348636767f1b7437d04a22ad7cb610ac4c1d028,72f372560d290361318a67d26faf7b0935ff5f93f168ec6314e04a23a994420d,DAPO-Math-17k,10059,train,3487,1
3488,cb9a27488bcae9e3e997226e0364356494627b93880318f307a54a7d340ce90c,fa578df24fb298b6010ef9b2649290400c3cda0cc71a9dfef167ea06bed9c97b,DAPO-Math-17k,16033,train,3488,1
3489,7818367b0611b523c94b5cd3b3e6ec5ff0c381889fdecd0f9f2d2f592b103dea,12a2eeb93900106861767de31941225536b86b1cae06b0103fc57398d885b020,DAPO-Math-17k,4805,train,3489,1
3490,ebe0a8a9e169cc2651a441ff05b616f8c1d26e03d1db58cedf1bc21ddb76c755,d719c8e97383a91493dd1d9d3df04fdc620ddb947b44b8cee29b937424c59e3c,DAPO-Math-17k,16197,train,3490,1
3491,39d05ae7348a9f7077675494dc57a1614839fb2a0db3d6c4e277d95fe26467b4,0627813c6ca779d04f36c422b0d3356a1bb6d05ece8dafc795d2bad19e87fa95,DAPO-Math-17k,13480,train,3491,1
3492,0baf28cb8c8e5f5db96868d0351897c3869eea8d92dd8821cbb9ee5a601c1743,addacb75b30bb0c0e97336f02de6eb192aa672cac6ecc3a6065c66becd314c2c,DAPO-Math-17k,4968,train,3492,1
3493,d59871bf3ae8cffa7901614ca7ca2b4de5d080478c4d70afbaa2390c2048f3b1,12e17c5b98753fb2bab6fca56408e5d7b60ea18a5e764b613f3203d89b8b346f,DAPO-Math-17k,12986,train,3493,1
3494,cca1747e4e8ba8609f44a8765c460ac54cb2a82f761ff4d1c4892d4563828f9f,7ee298eede5a2022e39166c9ced6aa31ac799b73dfb9aa57c6b5aa6dcaac25d9,DAPO-Math-17k,7832,train,3494,1
3495,a34d0acfdb5f9f3abdcafb750d851a0f28158d938128828a7513eed4b94380cb,2da538a77f0490df653a616d8e767adf65e4ef14367129b909f6d4bf264bd2f8,DAPO-Math-17k,424,train,3495,1
3496,11b4c1c558c3aa84f191c16fd4224df35373e4bfd1067152c50ac59d2bcd89bb,8079e868055f39cd158725032801d3111950217439e371a57d88ab575b8dc0c4,DAPO-Math-17k,4605,train,3496,1
3497,66bffb8c3319246083157a273badef2efb48fb392e98f5a431feafc7ad2e3366,23c7b1cb5dfcc60d287d10d8243d0f6e1d44c1f29ee6c034df5ff16275e98a1d,DAPO-Math-17k,10873,train,3497,1
3498,bb46b3607b06920e8a8349576aab6b38985e7857dc25f4d19b9dcbfda8ddb17a,ab6fa56b4a75b4eec7bfe1567263c17e57b7e71683feafb9f1658052a642ce3f,DAPO-Math-17k,13560,train,3498,1
3499,deab96a3312e271557d59575c152c9eee92fc1a2ed88c635d7b9cbd1d8a0ecfe,7aa665aa4f743575b14a97b16ac1e9d7803d52c4e31fa9a7b1235dd7cc287a9f,DAPO-Math-17k,13921,train,3499,1
3500,a17d9c9efdbfa37a97ea30ba28c2614a9521ca08605635b10c1b574c6eb3dcd4,f61e4226105aa25586a98d6c47af31a98b20e88bbd4d32bae342c943e51daaaa,DAPO-Math-17k,4600,train,3500,1
3501,e8347cbfa9f235a7f1a37c603482a2346c07509d15c2663ba5c14eddec30132a,5c4a310588f375ffbd58ffdb53bf45a2fbe162d4daf19c0e258c69b4fc532d53,DAPO-Math-17k,12698,train,3501,1
3502,9b55f56d48a3151861f45c791aee44c4fb330231342084849ff154dff6f59932,90dd8c6b5e913babe1b9fe2ed02d9b80b559672ad386f3f7fa9844af90c20013,DAPO-Math-17k,14321,train,3502,1
3503,d504bc2f7f1003cb5aa7641a6097d74d92e0d2b309f8698de39abc91aac0f195,8e31921482651c4a28b0f8986380cfabce07c7372e919f8c61d71080d8f3de5e,DAPO-Math-17k,7775,train,3503,1
3504,5acb46c4c4b52f5c8d57162f12bfa6d0d8a68569be6c531e858c092b4afd8daa,69392630b062d4d1c7f746bf8d30eab5bb6c8f74f8374325a2c391c4ba56be11,DAPO-Math-17k,61,train,3504,1
3505,df62166f63b18175c271a1e1e8378ca9a8e284f5062b5818e3b602da4778e236,46c263309748e8e192a79405a4865ce5d233f01cc081591bbad449fcee1d515a,DAPO-Math-17k,6158,train,3505,1
3506,c986e71cb7238135e284cfee5fb77d426691a4616eec443b14f1d3dd595d9c2c,6e15a2f0b852b461fc2bd913b77527b09ed75f1da816f49f3b2c57da20921cf3,DAPO-Math-17k,1551,train,3506,1
3507,7985bcb73ce91b29c9153764ab60839428d579e8325366b9ae01f1e92257fb3b,c895ea3bfb041123c867c9f733fb4bf478fae74dfbdff0268ff7356dfb23bc22,DAPO-Math-17k,2658,train,3507,1
3508,6010cee1f6628446c4356d671461a42f1131aafd9ce5c738ab0bf31a8d27e492,cbdb82681904f17362d71d8035040834e5449eafc44f3ff04164af5fce93399d,DAPO-Math-17k,5996,train,3508,1
3509,912095593129faca210f5aab448d39a1eb3befab89e2a057f7422ec4b7eecc72,370fc52ca661c517dfa56d7603faedf3f64c092bda0374de6ac24a15eec10c5a,DAPO-Math-17k,17054,train,3509,1
3510,959e5912fc101d21176643dfb61222c5bea59c6c851075fb86b23ceffd22189f,84f9ca8630e861811da7b6c261a4fd751b559912a5c6692f3953168b96527241,DAPO-Math-17k,3483,train,3510,1
3511,a49616158423411480875d8a0e29b232226316db1a51ddd075fa4e2c532a64c7,aeae60310ab45699a2444e824bc245420982a85a921b854a9899bf9a0d2a68bb,DAPO-Math-17k,5742,train,3511,1
3512,e6bcbf6a12deb726cd8493e9d7150b9d02b518d40aa3f4a128d030edf70beee8,cb700dc467f0cec474c63a724879d267951e43d12496cc84a298af7a563e541a,DAPO-Math-17k,13832,train,3512,1
3513,afe8813a2e89bdcc523fa0f3bebe6dc45c041c2415dda4eb06a377235ca697ae,1aac3b4d1b10d26d0dc72414d585ec1e30d26cac2ad02241d9ef828e0dbe73a7,DAPO-Math-17k,14397,train,3513,1
3514,294f47d040745b2f62846776c3606899364537a6748f5cb6e078e3e5b273e2e1,d657a94e76839592d8b73b66a0bbe8cb00fd9fc267c11be4cf89b131867c7a9a,DAPO-Math-17k,2436,train,3514,1
3515,d8da59d2711b13056c1c48845d2e04993b08ce19820efb50635b17e8a74f7d32,aefd60c11dac883c98c5a6f98559e3d49df0dc06cf6401d92051f1ca6b128952,DAPO-Math-17k,5100,train,3515,1
3516,61c401d08356cb853a0a739f92812068906ef5ff647d24678d1a88ec54c2d237,5cefc599d14817a18794bd10647bd89b66c7b38256aec06cbadad815054e0d25,DAPO-Math-17k,13259,train,3516,1
3517,ed538e78fd214c3ab7cd8e2226ac92279d21e14c28dc02dee64f59d8d05f19c2,9d0f916e357c2720912f5c781bf3edbd65214970cacd0cc458a7fa0695653044,DAPO-Math-17k,12502,train,3517,1
3518,a4d39026cc5ec601bed2746b41f1d3002e94114c6fe4553060f68743565d3eb2,5b934af8cda940d33d686870af1b833424a385f896d256bda39c10d1b1a14578,DAPO-Math-17k,13136,train,3518,1
3519,3e96036118999d01932832a9f19762587b3e7c3cd671d715eb800af8a76f00d8,6e531ea324c0b29727ac03c250279fef86c77222d7689edd44381afc4c487990,DAPO-Math-17k,3197,train,3519,1
3520,c9dccd29ffd51b59537fa1d4eea593846e701454861ba5b2c1cb19ce19e7b390,ffd9984efd2e21e869fc608b4052fe0dad75be2298f524a412648f658bc9f874,DAPO-Math-17k,2220,train,3520,1
3521,bfb62a3353bb24a000da9c373f0d768b2f6de016a2db7294b0d5667394621af8,9d58f628d554100d418fe180d498cffcacd3ea4cc4e15b52518e41d1adf6aa1d,DAPO-Math-17k,9257,train,3521,1
3522,9fa6d246f7bcf5cdda6f7dd1f9d4a7dd9beba9c893005a1b7d47cc69c03e30a1,f866998d089344a47703fbdf13561372333c8a24c4ce4f7643b9f82516fa7057,DAPO-Math-17k,157,train,3522,1
3523,8a268d221be88a71120cacba4d492bfbf86624cd50e50a9995e71d2daf0265d0,23b7d630bbc8b9f70a957712c9bc65977bc5531c1356699bcdf9a9525db895ce,DAPO-Math-17k,8483,train,3523,1
3524,028c4e446949e790fb8558647541445b7c39f0caa07c98790288deb1f895cb37,2b80c954d1ae35f4b6b9936c4206989c789f41e417f5a207307deb5c53299e59,DAPO-Math-17k,12792,train,3524,1
3525,c7400bac243ff7cf89fd7f805eeb23e8d33fe396a60e4759956d1a4f05cd8d2e,8614fdf25ef488a426d1fc9f01b2f5b2d9faf64d7b1c64f7aa0de4c468e2fcab,DAPO-Math-17k,13298,train,3525,1
3526,06f4a9946065cc779f7df0e3255a1674c7925eeee862aa4dd9a99eb2c17e5024,8a215fe18fae0a162185b09fd81fbccb9a05b2e4760c3a68da8da54b846d638a,DAPO-Math-17k,15652,train,3526,1
3527,7fea13df4e37ed7379341e9aa07379d5f1315b424fc86ac4dda8b8938c75a47f,5d8f7001d0176c229e18198aad7ee82140dbe848374295f9be17878087bc9960,DAPO-Math-17k,15380,train,3527,1
3528,139246d73bd606d308faa9f72b79ee5c62d59f263eb60af977e07c7260d9450a,61e4e89bc0445cacfe83716d313818a12e76012aaf3752edfcf2a07eb196d12e,DAPO-Math-17k,2897,train,3528,1
3529,16d80320df172dfd0639bca5396d333ee767e5f10117603673fa20b6409c4754,ba5172ec8bf8ee88216f9050eac37d7557d1772722bdc5173ba7db76c2f35d5a,DAPO-Math-17k,11204,train,3529,1
3530,34cea83eed5868214a8070124364a647fffff77eff842cc938da30fa865b6f26,d179ed40d9162fdfca1ce93526965a33f8000b47fdcb97a2c4696fe28ed602c4,DAPO-Math-17k,5969,train,3530,1
3531,7a63a853ab58eb457bc85dbaabc6b46e510eeda2dfe824fde49a7f59b88fa85d,3391e55da53eac26e1b9ac4dbc34780a6e5d426f8865d6b543fbb9975c5dd0ab,DAPO-Math-17k,16942,train,3531,1
3532,bbd89e25355b458c2fa46c8d2b2722373219af8479be8de6438d5031a6d7231b,2482b9e42ca4d4b94115abfc99161c734072e93432b1c6096a22693126794291,DAPO-Math-17k,16732,train,3532,1
3533,040ada63d5b9e0ee6ac95b90cd1170bda2dd82c4b8ad8c9459f920347061116b,de782141d765f5b29a149b54a0c864037fc98cb3dfd864ae5a19316411da6561,DAPO-Math-17k,7140,train,3533,1
3534,5fbed36df166948bd403871aa5155d53276fbac5eb960ef619d771c546968f36,714e7a6f841e773ec48a4d5cb6973547cd99e55ab6f135d2564dd76ce2552f71,DAPO-Math-17k,5067,train,3534,1
3535,b2b3c9c2834e8215f86d0b49944e2f70be852f3e0aa52fa28a9c8d0cedd377b8,c6f66d0abb81a305632fc745f62712494211ab8513fb0e3720e70114350806e1,DAPO-Math-17k,9599,train,3535,1
3536,f228c743ce616ea045ca8ade8b4e5482b42ffe9c38ca387d7aa4608c670d8ab9,c2270288af0d9630aef7ce3ee71dcaee98bf0f7595d32ef0941be9d4071aa864,DAPO-Math-17k,14501,train,3536,1
3537,33498ded606a1726a6e0996bb80737635821784a414c44522ff283f637f0ddc2,c2638cba71b5ea6e4a2904c31f6dc86b320032af1bdc8e8af1f869f192d45ec2,DAPO-Math-17k,10366,train,3537,1
3538,d0c62607e868f98ba484c0ef50644ca4af59225f4ad120b647436b54bbca9ff0,4b7ff554d9d981b3d8598bcbef794e83bd82a361eef20dc726e8a3b544a9a21f,DAPO-Math-17k,10615,train,3538,1
3539,cfc82389ef07701bef20fb0c179ef39c236f4ed5c0c53baa187d1881b587979e,5240fd7d065829a9edec4a9c9c7f09d787ebb43edf2025da430df4d5c7fc2572,DAPO-Math-17k,1421,train,3539,1
3540,384700279aaf03c58f781e2f5de67d3ca76ce8ab492931adf1bd64146fbf6475,f9def30ce72c583930d75e16f2f4fcc916ef28ec7887daf9ffbd3034ad01ff35,DAPO-Math-17k,369,train,3540,1
3541,5dab17ab35647c246b46f845635fdc5feed38259b6116706e4ccd4a676642c4f,7a83161149de1ec65ae0e1131ab6f2dc698243e32fe9de30f48751a770dae7b2,DAPO-Math-17k,5102,train,3541,1
3542,b7d317fe618b9f977765bf59a807753beb594a4f28a69af452b8f5d1eb624363,d4cf655f5248a6992131bd776b7f33b2a5001afedc2dd11f9aa4cc8491a40061,DAPO-Math-17k,38,train,3542,1
3543,ad104b81ff0d97aec5bcb6478f39be92eeb059fa389f1414a8376cad70833ca8,78831f95044c3cc61f64cdabaa5c728bd3ff4759211b1079a072d6847cb0204f,DAPO-Math-17k,5151,train,3543,1
3544,d1a8848ca6ac5233b5bc380df05c036981349643f9feb492353e5cc5de2f2bca,0d023b9616bfd5653f240f66b0c243895d38ba400350aa8a75923b5cb3a7f8d4,DAPO-Math-17k,7813,train,3544,1
3545,76207882b8a62b069ea74ec81afef89e3e22935f8e18a09856b46113bfa975ec,82caff1fe4259c6fa4aa4528a10d2161e76e505de0fd1fa4bb31c97f6b9e15b7,DAPO-Math-17k,2767,train,3545,1
3546,b5cea3d1e58d13243997fb22c97b1d6beb533797232513bc9c8ebc41b3381bec,822b499015ed8f72598be96191cca4f2fc1dd34286396d5c8969d59ed7630fc0,DAPO-Math-17k,10670,train,3546,1
3547,a6eb19b76e0937b7ea1242395d56e0f0e55663b2b7c1fe07b2b158850aed93da,de5fd2d06d34069b7fa7e97c2253282b1d98e7941d084d80fe98ae71eaf1784b,DAPO-Math-17k,14792,train,3547,1
3548,dff8ea44ed807575e1dbc5fec0617fb2382898caaf05c8c484b365a64d111aa0,bc3ff2086524ec6fffeb0a73957c94ac3adee89eec1664c25e43ed860a0c9146,DAPO-Math-17k,16812,train,3548,1
3549,1a809c9e4b12f6fa337ee5a4867b09d8a9cbe0012f98db135d62a51e36caadef,69e8837ad9f18cf6076a7e94c2954202fc2c8e0a9b8aa53375efb575d70c4825,DAPO-Math-17k,10452,train,3549,1
3550,cb8bb7329f93e3ec9205f8062b1901ff7e6b6014524cf1aa8481858d5a7cd8f6,f4a025e2347c496a8e604a97690dda8021c38db5e67bff6c5c9894b34568ab27,DAPO-Math-17k,7462,train,3550,1
3551,3c299a47268cfc5374ead70dbb3533e2f2cd8ca477df61f3a51fea3dcdf30b2d,bc89c9451ca687f4d0c93347c9d31963f58cfba6a9815090ef18989ed3405c37,DAPO-Math-17k,14730,train,3551,1
3552,64d2b0997dcface6e5e9e987d5168d8473d61c54c484c033770bef5fd5552bbe,6877db0b913380fa8b6b34644990aa77d20bc6a65028682914724ecbe3577ccd,DAPO-Math-17k,4896,train,3552,1
3553,5359dea1edb8f069287bc17bfa1ab596749d9e34079f36f8815d31d928fb504e,59c75142f045c1a6165f69b9d7f9084ad6409306de17dd02f0a9190960168de4,DAPO-Math-17k,5198,train,3553,1
3554,d4ab9b9c862aeb29f628b3e5654a4cfe5c5e310076826861a1f471e7a6ccf63c,3e3a141802b04d4fe790b67de33620bb1c03ad5350fe4014e61f6d76ad738d7d,DAPO-Math-17k,746,train,3554,1
3555,299579be64fb41a114bc8cda2e771169626166e11ec4913745a7bff40e334cc0,1a35ed4567f6103ff65537862150a8406beb8f6f3f39eb78b66e712de4bc2d95,DAPO-Math-17k,3950,train,3555,1
3556,1152e9fe2504f13d33f77e3f142e6d95372275c1face97f032f5361b975d5d2d,a9b0e76323ee69887ec656ddaebcaa9a5ce6dd7035c4e41c11d598e67ce17416,DAPO-Math-17k,9657,train,3556,1
3557,b8cc3b35d2ef6658e7efe0037702a80c27e7b05c1433663064f09092370ec082,768c224809c45185383b939eda1d57a455f272bd6d643353eba955a789fe6ecd,DAPO-Math-17k,16397,train,3557,1
3558,5d9fc5516040ad7cbf34b53e84ab5241ada850ceddb71ecac33e68e878981e6c,45578af1081679dd3aa0cd1b56567861887ca9ec4803417a43e29bd52884bed4,DAPO-Math-17k,16903,train,3558,1
3559,7dfef99cdae6d8f1297112f790c2ed5cc5e0b36774bab57cd446768539e02a1b,61d3d3c266884551e0a57161f806f41090d1c001f342646d5cebe2eb4d6f1425,DAPO-Math-17k,7264,train,3559,1
3560,cc748901c4b073fc04e82a37819669cc0d0e45a94bf7a5fd1b08ef4feae2ac63,3f72c59d7503fc03b2645e2f293e3cc289c1ff76415aa06907eadc9fc6ebd45d,DAPO-Math-17k,7952,train,3560,1
3561,e5d4c9be0a23886588aaa528872b5dc5ac0da1d4d22587cfccb675c87797871d,97adc9a0e11b91597682ce34efea1a900b88bc94f88aa8d95523063308721ba9,DAPO-Math-17k,14039,train,3561,1
3562,47382124eedea68fd21b10e94250e86c5fbbd772e8b6f7f15afdf8f93b82c51b,23999c2b7fd2d4f00a3def46279410d06b6296d4ddc157f24306d815a4b7d16b,DAPO-Math-17k,8316,train,3562,1
3563,a7fbcf1dfd6cf82f9dcc2dc914c3a56c102fcf29e982fddba5f90ca1affa1b9a,e450f7cb9bd36accdc97d3bf96dfcad41cc941ea4096c33bba1301251c5a3ce1,DAPO-Math-17k,12196,train,3563,1
3564,30320853572135db210152765fa9418c20bb7d2882d11d5db9cb561e6bc16818,8e91645fa231e7511e7f1a8e4d044681c8f9330be8c566f7e3572c569fbad42b,DAPO-Math-17k,9799,train,3564,1
3565,87418ff663ab9ad21706a13ac6522af303101b8af279c6bd791bf58bc1d977c0,27bc78f3111be5f59067ead13898f1a5bf1f952eb354ec0b82c41f01c437eeac,DAPO-Math-17k,8890,train,3565,1
3566,3fc1786249e28e2390e272389ea35808aa193c5f5c9924f271d14fe4186f3db3,163ba4114829cc09bea9efd4ef6c39bcc7b0f74496319d81ef3d72ad721f27a4,DAPO-Math-17k,11943,train,3566,1
3567,9b6bfdcbba877464c19b9c18d1b5796156a955af78cfeb1c977211854a938957,7959fd6135da2d33e3e0fb43e62057d47bf43396bf1e98d76f1ce14a809ca5b9,DAPO-Math-17k,11991,train,3567,1
3568,3b708925f37b38ee689e2681127b20497805110bbf9445d409c8f088d182317e,d6c855c663f7a0af7d12b2c281e428a42908212007a07a7e4ad45a67b394e304,DAPO-Math-17k,13783,train,3568,1
3569,46da8f9f85a8e3dd1c2b4c77c04c95f7498a76b0745aa2aef47c93bed98198d9,8e3450b7c17c3964cd16159a743798782fc8736bd7b9cbd269ddb2787af428d3,DAPO-Math-17k,10220,train,3569,1
3570,26c63af4ce68d62267289e63b17f22d04f8797d165f697846f0dca22e0dab853,c5bfd353ee1328a9e04004aa19e8ba242f4c55b705368eb4825cbc8e2c1fc39f,DAPO-Math-17k,827,train,3570,1
3571,5652f5bd5371006bd1be48f1ace807b9aae32048093d9b29582f540fc1a3dc0c,a6d27db72bbbbb7fd45d7c5fd7457adf508967b24dae9dc239388557c4b89281,DAPO-Math-17k,9325,train,3571,1
3572,957912a686aeb3af3300cb06b6e2705758b26b10d0601784e311442ee99ad28d,bf7903c715fd1b9b29d78507e21edb58c3a09b26a008ea336c5f831d8d3c3b36,DAPO-Math-17k,75,train,3572,1
3573,e950bf364ad27b36368e3ca9532b511a6501b1c62ecbb15a82a31758fcec00b5,645bab01b9ebae28a1dcc4b2361f88f2f1344e3cbf234cd15f1b7189064b1e1a,DAPO-Math-17k,4264,train,3573,1
3574,678ca3be9fe921b6fd64500add73dee3f5d33979103908e4b01f9c5893b92a1d,b67a2fa7f382b9ff583d37755387d7b3d19d9dc71c7e9351d69c5e8873e31070,DAPO-Math-17k,10695,train,3574,1
3575,6ceef6c6f15d70af7fd15a524ff814911fa2be040f791214db4a52c5f180fe75,ac2a7fc64c79ba4f9ac290ad7a9ae7b034412a1250ef3f8dd06d6abf2c77a039,DAPO-Math-17k,6945,train,3575,1
3576,7d0e72bcf042183349a94277f5b8dc8ea10a855eb49229eee0dd4b4a2bf3c37a,085dfe8fcd052e23907e5fb77233876ee2b0d4369ea3f6f7d3177ca1e3a96a4f,DAPO-Math-17k,10227,train,3576,1
3577,ebef00731cab4cd3b8fe0a17044b80248457686863a50608dc60d8ffe8b3e427,88c47e59dba51150c234e31d3b4d5a8aab82e53362cac9addc479dfe249469a2,DAPO-Math-17k,6882,train,3577,1
3578,9aa776cacc92fe6fd141024871fba609b2ea91951ae328a6a54594da2aac1b25,f4a78d3ae2c0cbe9b43ae39072edf8bd6ca577690880a68d027f938ee69dd1df,DAPO-Math-17k,6956,train,3578,1
3579,88bb2bb50c64fa78dd5181f624d5c13a4cf3903cd98ca77f3e5067e7b1e1fa4f,1b6e840191b8547de4624fb761724cc75360d392a185a336aed25f813ce6f80d,DAPO-Math-17k,1653,train,3579,1
3580,f7c78c437e951a5091220e52bf634c8435afed7cf3fb7653f5b97d41bb9e95c1,5c4200f7a85a52cf57ef1c6b32136a9b524944b72cf7b66f8ac55875821b565a,DAPO-Math-17k,5854,train,3580,1
3581,608dcf0f68f779b8b7976df1ab549a35613b23af45fa4ee077cf0c2ce80d683a,5b9b1ca7090b49fcfbcef7cc3bcb0d36e720ebb7271dd5d71482fa535367f775,DAPO-Math-17k,12458,train,3581,1
3582,71319909f71f77ab9a70ed715a11276204229b6c499d9a6f80bea754ff0caea5,75fcdd975c4b47f98f2dcd06a2f36342bf37fcd6310b2ce613b618cc785eee92,DAPO-Math-17k,8531,train,3582,1
3583,31ed84ddbf131573f792716bfd5904c337cf266b32c4710f4b44eee6a4a31ce5,a5bb41af206ff8e8c78a0192b9ea302d46355b13145d8c76cc459d252ec552a6,DAPO-Math-17k,14655,train,3583,1
3584,851b59262b69bd3041a76cccbc8de922fd4d974481c90a0debde15ca87d2ab6e,ec5de6bb3d6f6c13dcee5314c3ef6be45ad0cd574171ee3fc36da40946adae39,DAPO-Math-17k,7110,train,3584,1
3585,1ec0b69a01237aaf14ba943fc14cb996cf18aa7fb9b92c2c89d31436bc35d7b6,d55fc6488c2dc4b6c70c499f871d6bedbea7ff12ce030bf570baa7bdf48c0d82,DAPO-Math-17k,5037,train,3585,1
3586,6a2d864148871c43c7d6b64678fe1bdd1d41039c9b0e7e9e3df9342ac46453d7,ac9e3a54f88ec305144c93be9ea238aab46c3c7a02b12103086c8615396da587,DAPO-Math-17k,9248,train,3586,1
3587,ae4d5ea714cab47a624d9f20246f9eb57619d2e0a8eb21fb9a0a0d2bca9a8bca,14ab5456138bba53c4b7c74268341589f531807a5fb1dc1a38591c9132fb0083,DAPO-Math-17k,8823,train,3587,1
3588,d4ce7be75d80fb9785b1a3c22719717a74205ef8b237c84893b6e26d11710575,fbc51738ab74a2e796e30aa5f72dcd8df3d47146b9b3c003dccaa01ace19b9da,DAPO-Math-17k,1955,train,3588,1
3589,84c7756dc8689f5f9a5f8350c8299f6c13b4b8c0d9c124f128dddc37e62d60cc,0ee9be1dcf7bf8c594ed68e6e8c5aefd0483f1febe0efc77b717b9a1375c163b,DAPO-Math-17k,12573,train,3589,1
3590,3098ef8043f49572cdc6b07c92a6e05b11a635514e91684b59f932398fe94b05,6f9ad34b00cb6a341c6167552a2f530516ac898558d88261bde91889a39c0171,DAPO-Math-17k,10231,train,3590,1
3591,69c674902a20916abf155fea484ced3eae42e0160346de09580a72893b804eea,06fe82f8cd5a757a4af6f73fe19e3f109a4b15b20a772fcfc9ef3569b7ef17d5,DAPO-Math-17k,1273,train,3591,1
3592,b119d178427d104b68fd7dbe5cb995512d263bbbc5cc13f68d563879c647374e,8a3c5727b54ed9637aa3159695c568dd7502298d0e1395a3b325a13e054649b2,DAPO-Math-17k,368,train,3592,1
3593,a01a0c11a7e59b7ef178ed32e63121ae68ecce668079d3f395c3d4892abdc582,864e4211ae55b5d15b9a902d5dc828b88f4477b8cf490d06bc424eaa81ef23b2,DAPO-Math-17k,16947,train,3593,1
3594,11bc5e9fed741f272866e2a5a382cfd60073de96b7e4cce1ca9e6f4f1c861b2d,1052ea4975fb49cf6896c7757e6db5f32cef3cdbf3a917650ebc4c1a34351f85,DAPO-Math-17k,3056,train,3594,1
3595,33f00a744003fe6f3062e0395a6db157baeffd8fd126f1c27324d1bb80829982,59ed2e1aec5cba549645de0f3470194e0dad8c6ae45f1c22c5b5d757be9504dc,DAPO-Math-17k,6840,train,3595,1
3596,40f6aad92f0ac59fb75961e47bd94f9399592f539bcec6b0296cd518684f4ec9,473b7053706aeaf73dabbead5a9aec55532750a4de4c6be7af1d3c28ba75b3ec,DAPO-Math-17k,14105,train,3596,1
3597,c2babf853bca9b77729e257b68a9fdf5d2cbef024130cf4b9bc35a8db96a113b,a013a4a8b493ccd3752e3c153e73413abfe8038aa6e94aadb2c17df7081d5b98,DAPO-Math-17k,9193,train,3597,1
3598,e0782b04032842d17bb5b65817cc87ade1dd1d71824e67bea9d39aa13eb6ca63,cec143431e87b4dec06d1a4a5296c5b2f0053ee30808c4e7807048b298b479ee,DAPO-Math-17k,7629,train,3598,1
3599,3996862d408ac2cd4aef81c9df80e9b3b6fbff8c1a98b8327875881ef22d3f65,ffbce0f0389f533858deaa58e73db08d06486c750be3eb4c48a133474f62e759,DAPO-Math-17k,16293,train,3599,1
3600,6c830f5ef99c36a238d6437a5ab5346a1bda30c66f26683b62a32e59ca26ace8,bd86e2eccc1f65643c3a99e4f959e431d9b3115862c6482035064ef02911df66,DAPO-Math-17k,9982,train,3600,1
3601,3c8726488a3b2fcfbb0bfe9d70760e601de21c51871dce0754fdf7bd81c20e78,3f2f65da4bc2f7c9ad6426fd94914a123669882dd1e79eb0768c605fef508f2f,DAPO-Math-17k,15351,train,3601,1
3602,c521c86b75d43686564825886e2d7ac917500454b45cc3bec61ce944593a791e,0f163759179a162071af1f3128abbeb8dd91e9fcdb073117c5f35d2b14774a54,DAPO-Math-17k,774,train,3602,1
3603,bbf377f9cfbea61ca4ffbb767939f29232c30928974e36c9226edd4dbe7c456f,03284974c3e1c7d3f180e177f7c1f6749366c7723a03869b10e76d16cef3a330,DAPO-Math-17k,15526,train,3603,1
3604,feaf4cb437de3baac97d94433f87cb7ce934b14a51b2f1cb7b191b49792fd601,7a3b13cc272b5039cf5a4ae1068555801179e4631781fcdf8f5ee28ebaa811cb,DAPO-Math-17k,6304,train,3604,1
3605,abe6f8fbdb33c6dc08a1ad9718a9b612cecec8f3a5b4f35d07dad112a80d0617,774f515b541d1efdf27559f70e798ad327fd49e80a752c621c4b3be11ffec571,DAPO-Math-17k,13996,train,3605,1
3606,5e1b753641a3dafbbeecd2615924969187428397e368cfb8359eb303666b2620,6148db504d4ee47477d6422414036b918f21ec88a90746aed94a4bd08fa44cdb,DAPO-Math-17k,9104,train,3606,1
3607,32c1a34a8fcfe2754ee3d654d1b7fa62d09bce91147aafed27d1031ec8944fec,2e844599f4eb5c9071042323c3ed33e3814d3cb5886d2084009b15314d16efa7,DAPO-Math-17k,14553,train,3607,1
3608,0c461342a0a60f3616f8c681d237469192507ab466ca208117e48ef78af54c5e,9b5c7093d9ad48fa670693644a9727315d9c67f4ed8e7f5a7582a7085cb23c53,DAPO-Math-17k,11271,train,3608,1
3609,4807049e57669f96b0dfaaad89c68cec609b0ac324e6d8c91fa9859bb1a4f222,6c1bf35292d8b1970e567c1fbc48c6f186af7a5e9fe8c4176e767bb927fba237,DAPO-Math-17k,10149,train,3609,1
3610,832fb09c488b9fcd4a6735ff4a1ad010324f17359748dbf9cc11a1bf776ffa13,6aeecb8f8a0cf9fc5a6c34a693de175455879d8e0bae728c822d0a2c57c84f2d,DAPO-Math-17k,5160,train,3610,1
3611,ba22f533334fc9f5477d0a9ad8e23f559f66e4c0ca84113b0af475c73e7d0c9d,4ebb29bb000f6b1c1cc2d3eea983917ba88c08f3512b55463014d1a0ee6204cf,DAPO-Math-17k,11580,train,3611,1
3612,355aa16d66e69cfe3e6a1885808373f8ff7894e9ff7763e7a5e09623eeb7a174,7ddf82e64376e162f78686d398299e70f2a90aff9360b5e99e76f299278c842e,DAPO-Math-17k,14947,train,3612,1
3613,1c072de98b1982516305650fb1217f5ea243a06cf85717dabb2e3f2acb54acc4,06665fbe5ad8430e0083c26875def096515ccde54238d20447e46fe176363b2e,DAPO-Math-17k,6897,train,3613,1
3614,15ca3c653384a7fe6bb9cc031eb87a6add88d2380d1aca0e0a4ccff059d9616a,c3647bc05f5805e415edd521fea481960a0092d70eeb83dc4976c1499f6f8e47,DAPO-Math-17k,13085,train,3614,1
3615,11051bfa219d193aa01e190b2a7b7b04659f904dfd2cc3fa7d25c5e49cb48d15,16a3eaf1da295f6c290810a68cde990ec747c98ef33f33aa9be0da6fc160a3aa,DAPO-Math-17k,4215,train,3615,1
3616,ef61edca23f47bc22180ae405c654caa330ff2107d7f39dd82f11706bd3741ad,284825972b17199749d1923321b1e6e7c1046d8ae35a8dc48561e9c036fba1ff,DAPO-Math-17k,15140,train,3616,1
3617,16c7ee22dc89e2b636f7ad2d86821a07b4d835324ba3dcc77ccd2108e4423b77,14b3a8599d96fd0cf6aa7aa8b2b895a4717ebf654c92e74b654607c03777c0d0,DAPO-Math-17k,16795,train,3617,1
3618,6456c3db231d8bbec7dccfef8be08b1a17510803c725ab11c1878b184d7c6a41,9ce1ea30c53740233d161c282cbae58319ddb2a3958300305a81aacb2db9c50e,DAPO-Math-17k,10408,train,3618,1
3619,54fdce915987151f975113b4d3c0c0010808f58f6803c18aec2a2e15e45522b5,48116e3535427c5aec66f4ff13354cad0a26fd0366b1a32425ddfaa634536c82,DAPO-Math-17k,10199,train,3619,1
3620,43f9b01a7edbc24968ad8b9e83a14d47585c2b57082c43ed3447ae532987fd61,ef1b256a02e92439dd84d5b5c7f3b69fcdc1991516ebeb03041bbe0f62851c06,DAPO-Math-17k,14516,train,3620,1
3621,93cf85f83a9e8060ba449de2971792fbb4f9377c218e00f74e44e830c20eeecd,892ffcc49d5bc5e05e61141d060a28c0e1d35107c5ccbe3e723a64033a377ec7,DAPO-Math-17k,16840,train,3621,1
3622,16b130cf309963d9f8b51a96bf4a09ae3e8f7274d7fb2e6188bef5498b87c96c,dc9bd025c51c1b000fe6cb2cac592f2153d9ee110c611be65e477e93c292cf4c,DAPO-Math-17k,7358,train,3622,1
3623,10bd988bbf198d4421dc6dbd53e802c218755c2d1a30decf1cdc990a3882c365,e334a31db543d246c4682ae95a1c24e3b79ea7fa2b3922b91af26e14a0251ba4,DAPO-Math-17k,8318,train,3623,1
3624,080d662e760be767a6aaea152c8c94e1c443eed96611b18c2878a5649dba1916,00809bb000325536256b0e966c7f6e785207d21bf8402b6efa7c10e64fb3996c,DAPO-Math-17k,6743,train,3624,1
3625,e6386065d988efd4b3c09659459ab0777bd01eec330c671505900c80dd8ae559,d86ff3b8cca2dddcafeed69d85259fa5b578bbe3e0731f93dcc53c0ec63ac832,DAPO-Math-17k,12875,train,3625,1
3626,f0f579255df7f2a899530186aaf54a58215b72790558d817547d15b9ad14c95e,78034f831aa4d6eae565091f14c22d62b22c70b4ab2768e30a6f70d58942dcda,DAPO-Math-17k,9241,train,3626,1
3627,43f555c557808b7aa9a1e41d8e7e324346364c1e9e775c43af9cfe41ee7d5041,e72744547d435b7e289dfd1b112cecc99444f03f2dd09937c6d01aa2db973c77,DAPO-Math-17k,7123,train,3627,1
3628,a1b462c984561a0d6e01be583b48e86ebb67b495f584ab633ef16f46eea52f89,7ebefa48f9af546eda1633a7b68442ae80d2b87d70609109bc398007449175fb,DAPO-Math-17k,11269,train,3628,1
3629,7177e4e68619e102d6b79e5fac03b7c87b83790d1d225262d4c45d9304969871,f2c878fce217be332990431bff6097f206571b870ebe947a07a04e903c609e8d,DAPO-Math-17k,15146,train,3629,1
3630,9833046cc93b81f9161f2991d9e7319a051f073d98cccb82cf23d718d8eb7fa3,8f5f2088abe69ca0efee12965529ad4b31886369de5d372eeb6c0fb09a95647e,DAPO-Math-17k,1349,train,3630,1
3631,6c8aa3b539d8cfbc0bb6e8205d532dba0048f63e486a75b3c4b46bb687c8423b,487e1803e9724723ec29fec3cf97ab866085e7bebfe069974736208b2e2ea6e6,DAPO-Math-17k,9605,train,3631,1
3632,a3548f3df65e9cd720d3f58c9b1431db650cec394d5936cb6ff4e4498ffed475,d884c8ad4cfc48f6b8a65e5f446516aa1eb62436cd863a4d4463a5234e82047a,DAPO-Math-17k,9398,train,3632,1
3633,0b1bd4520ebc0ae5daed1f3d3bd280183dfd601cd86659368b5e4be6f48fd502,b8dfc5a75463bc2ec0e15ff36ada2cb450acc3852e6451b420fb15b41121a979,DAPO-Math-17k,4374,train,3633,1
3634,60e8827a8549aa74bbc29124c1dd581de276da9f0cabe7af2116b200472b35cc,341cfc90a88829bd9b92804ed201d6930f717e44130f1f338dda2ba1550e1a0c,DAPO-Math-17k,1030,train,3634,1
3635,0d7806f3a2d85bcc965fe7561a39a24e4bb0f6d6da9dd9c2015c9b9b21261f04,ccbe7ee49748b0ef0b942ddfdcb7f49d9c1a36ca80216e9c7a95eb7233bae01e,DAPO-Math-17k,4066,train,3635,1
3636,c5c29bd85095f5ba1d85336b0ea801d1778ed868b08c7529fb8e1a44decef937,352607e588b347006741237ff8b8430107606d147556897c18b96f8153bf7822,DAPO-Math-17k,1091,train,3636,1
3637,43a128f514c1e5fd32373bf15044d55f2fb1b2be7878431a405cd77c98367781,627591fff1aecf35d6a088c8af42a8bed752601122fd39c991691c0f3b10a0c9,DAPO-Math-17k,16815,train,3637,1
3638,8b03d144e968442ba6f2fd542239fe57cf6a8441662cb0fdf00236e5227cc8ad,b2dc6f3313588cb606cc324c1ddab5aa263bcc442c69d5ed7fffe5ea607fb4c4,DAPO-Math-17k,15136,train,3638,1
3639,4439449466272a960874fe5ef77dff7771e471eed4293a2dc15a339b63cb6887,5bea095ea73137b63d89325aa4cbd1e8f69034c63dace55c4f816ca2d9cb0b44,DAPO-Math-17k,10702,train,3639,1
3640,8de57ab68441ba5fb6ba5089b9cf09c0a25e532754917937f51e2eaa748c7ade,fbf6e0dfce5a440af08dbc22acc82bc50a2031fcc8ff8f05f282e5be878b6622,DAPO-Math-17k,2450,train,3640,1
3641,356553ac0c88b8fc2e333c970d93289c336a4cda61f502bb267824ff30e81a38,264164253c27cbd57ccd5d1ef9ab94b6919ee6f8758a6e7052c960eb16fd0f97,DAPO-Math-17k,7842,train,3641,1
3642,f7b0498a1bb9bb0808b5c73b3ee8efe830f2943f097403fbaca079cce5749203,6de22565dfb29edc8d3f35524effdd3a9f7738ccd8c9e388d9baf617e3b2a8ab,DAPO-Math-17k,15311,train,3642,1
3643,5c40fa33307d5e0246664759d0b7da823ac458c0f59b9fdaadab75b472a7427a,02e5a1aa0247171d9745b0eba40b7ea1470ad5d5b53f13bb5d845cee767ea53a,DAPO-Math-17k,9603,train,3643,1
3644,11831d6cd3be9b74463c2ed502b40673b1d69163518cdb70abb295a91ff93c07,697508780be71fc9e7f7aeb51e342d79df660b584133fe3d41c5fb0ed40dc232,DAPO-Math-17k,8174,train,3644,1
3645,d98dbf40a68a23310144e4be30c26dc3a44bbd3026316031aee325b0641d2a23,93658331dab822ebddc12c00f030e5d80126bc218f0089f6eb97d8296d3b9c88,DAPO-Math-17k,16386,train,3645,1
3646,1307d8547d774b0df6f7c81ed4aa48e06ba0f500b2a326d0efc52f495634e6dc,a4fa784d861dab48747c15a48565a45517cd51f3f4235f695ae53045bc8cc771,DAPO-Math-17k,5127,train,3646,1
3647,3db9e597e23bd769e430983fe56f64809f76c040e91421134e5892208a903f1e,c5565022d92b943d1e1023de0ea1a3d30443bf01b816c35d529bda4be7c60ad4,DAPO-Math-17k,14389,train,3647,1
3648,3374e68dbd73aa648d9b48b9cf383ba9bc784643ddb7deb18f0cb36f506845a8,56136b6cac2f5ca0320cac3235fcd76a092ccc1769fe80af54f40b5e2b565b01,DAPO-Math-17k,9801,train,3648,1
3649,e3e6f67e606587b09f975977ed164de30f0b3d6850297a0d830f498cfeff0614,53e30a09209dae66d5772b437ec54993f5702b9a0403e47f9239a159c75edef8,DAPO-Math-17k,11543,train,3649,1
3650,9e05c8993e6c6baa152c682756fd55608b18bc73614e9a705a53f9af0c1495a4,7f7e5762b7321de377fa32318d71dbf57e68ca51d207b5d49e2f2ebbfc1a00cb,DAPO-Math-17k,9867,train,3650,1
3651,4dd44cccb3149d18aed646b2b60f06967e03a4378a6480a88038ab0999170e3d,4ff703c66bdec775087680bdceb4c866e39f2880a587de73666f8c3da638e541,DAPO-Math-17k,9981,train,3651,1
3652,d124a574c1c26f038d9cd3080d009cea21103456d48e36be8e88dd14c24775da,3b604fd8b99a6cd74804fbabf7889fa2ff8f6d7dd2746967e0d86108dbcf5895,DAPO-Math-17k,807,train,3652,1
3653,6da0105db5830e611b61d97e0512b7cfd56885d5b5ba0153dbc6122a40a80b2a,8cf1a008d44c034c1ef8489654a27aceb0e3b1c7795345bf32adc63dbbf36666,DAPO-Math-17k,1199,train,3653,1
3654,5276a8027c5397642f8076fe8e2d0a98212f9882cdff3453eead99b49d5e8d32,73e4c15a2e01afa3ba91efbc8e7e75134092966941607ea13a53472c7b2dd262,DAPO-Math-17k,9331,train,3654,1
3655,2bf45c99cc31e3628de803b2e614a5535d4b593cd97652e24697d6d60654508b,f03cd14ff31cf338f6437c3b1e6f34ce16d068055ea4a0ae9e9ca78183762211,DAPO-Math-17k,2215,train,3655,1
3656,6e3b8e4c14b5a16e3872bb5eb512b05ed830096feb6aec465a90e2a9359f3b0b,ddc88dd3dfc1f1960b0a0e403c404d42cdca471b88cdb6baaaab8a034c39e396,DAPO-Math-17k,5017,train,3656,1
3657,62ec315ad3305631d10f2e008aeb7e71349869cdb24459821a90e21426150b68,c3cf9ca7e6ffeeb94f2c9ecfc36248dc74060277860cab4280c96818315bad48,DAPO-Math-17k,2599,train,3657,1
3658,6fd63cfe395e255b91ca30054fb371dc058101237ed1c02e849dcab816a5dd10,604c079acd8ec0a648459bfd6fce675b1336ff9ca29dad9d9dbda4aa7546df86,DAPO-Math-17k,8441,train,3658,1
3659,84faadec864910f92a6a6ac4f4879e11353d209dfaebec559b8bad93ede5b4b6,30414f901e94aa04f09c321e002a663f2c8a1ddde1b9901b864c4288d0a4e491,DAPO-Math-17k,11137,train,3659,1
3660,0bf7f0b8f1097acb871cffd64983b5c8089d6e81c97b078527c120dd8555691b,ef195b3fba1c2e49a7c9f8c2070a66993bc5613aa608ddb8a4ce6e5b6cb94071,DAPO-Math-17k,16589,train,3660,1
3661,5d20caaa7ef7fa3fd3a45e08f693fcf5d97fadb14b982c141ad42b8909b2720d,01494c41422bf4636efa81a332f1812cde6d59aafc684a99b0eb0cfaef845374,DAPO-Math-17k,8110,train,3661,1
3662,2febba485a0d3e3f4c54d288a8487e4982bb642c48b83f9b1a2881647cdf70b3,e2c78d37b8b9ef313651846e73cec0ac79ac5f4d0e451517813616c8e76a38b9,DAPO-Math-17k,1532,train,3662,1
3663,7c3a9f7e6a081df257e314a94ed4ff0585c2bfb177e6842ecfda3165ec2c07cb,9071e41b120b821fd110cc0a9bc4db4ecb51697a8b1239f92fc068e52b09c2d0,DAPO-Math-17k,10232,train,3663,1
3664,c233935ab765eeca1e3f53fae9ad0a8e33b0acdf2453a7d12e31c06db52e7828,b02fd7deb8f073b4cf81e5b5e211d61a0c1986a9e565e74996ff7e93382fa936,DAPO-Math-17k,12040,train,3664,1
3665,2afae62ad8ed48ead7ca745c4d358d02c98cc9dd4efef341f77a812206f61c51,6428029d4a55d6e0357528bff43e2d3a78ef809ba3daea98e250f350b70d3b58,DAPO-Math-17k,939,train,3665,1
3666,ffc80684ac5acd7ff52d119ab042dcbfdf3c1ae7710ead06e6ebdb109ab1043d,344696752ae4d79b988ccbe12c6befbf9b2920a16d0c607901702a528046c9fb,DAPO-Math-17k,15822,train,3666,1
3667,45c49fb89281f3ed68d0978f6e937caec29649b1ebacf699846ae63a1a499e5e,63fea4d879059147c8411c4a42a54cd94eacf0868036dff587d59cc9b0cfd065,DAPO-Math-17k,7100,train,3667,1
3668,3a869519afac28241ae2069131991d22197da73f56f9ad8923141518abeaae73,ed61d1b6352aa9436f47158ad51a3c2bdb3b5596ac7bdd18eb5a3782866433a9,DAPO-Math-17k,8435,train,3668,1
3669,d7a4df8faf588fe2438089a6feee34a2cc59580c9225cb5afba4201600e2d451,e6bfb28196848bb3fb0e5d5752961beab76fd80e95229060ce91f60737ab624b,DAPO-Math-17k,7932,train,3669,1
3670,4279c4ac5e0f8664f4258442c63254f97af00955b4db2fd868542c9e47b66448,00768c500eac5548424c420ef1f629b63128f6aa6d22fb3c1ffb086333c75242,DAPO-Math-17k,7103,train,3670,1
3671,d54c69b1faf4ac3e821ba8e49af15e994dc00d055fa6263bc6d5efd000842172,0f03610a19dc9d64efee66004605d169e864e2af6a82537641d870512bce45b4,DAPO-Math-17k,2097,train,3671,1
3672,6b7e89481af6bcf391196f0256888f413a4bd34b99bba45db0bd2241920e84c0,dd374d8d6550d61bbd7bc36d82ee92886f8bbefb472ec6e61ca681afdb2bfa0c,DAPO-Math-17k,15679,train,3672,1
3673,0846738e1a9759e693a5adb6f4627fbba12b97f33cc311c39784c9ef385469e0,4ed60932015d8e10dc34ac4aafeec8f4426a11653253e1753d817659ea4b27fa,DAPO-Math-17k,12893,train,3673,1
3674,fe87590139f913dbe5ffc09c88112d664e49dd50041b52cbd49e5e3ea32f2610,9113e3154f0bb196995f51140762cc393a99d488f2f4ccf39c867205f131c5e7,DAPO-Math-17k,1510,train,3674,1
3675,0fc25d91e2bab951a6568cb2241eb1141fca749a378154cc490ab1c619b02974,b685ec2b4c08e9badcaadb6d7aae6ae13c0752039a03e52b3be0ce67c26e170a,DAPO-Math-17k,14871,train,3675,1
3676,7ffc1226af6995704cf7181558846290fe6681cfdc45c3b489afafbc258632a7,12a045c2cf4cdcf91c6dc88775fce544b6c0ef24f3cd9729dbb96d0337e4d9c0,DAPO-Math-17k,13846,train,3676,1
3677,737989db7c61e3a9b932ba129a5c9620f91cf6d1d856362cd7c81ed8aa1c4819,495aec260a935d96d0455ddccd0c1c53662666bf75bc73f8cbe3b45283a7fac0,DAPO-Math-17k,16327,train,3677,1
3678,4d282a72e669e60d3a3db9d5e0793bcb15e78a488d7be7b8906801bca6e90e0d,0518613dcd75608e05930a2706f89d5bf41ca3d9b9c26bf149d543ad8a45e881,DAPO-Math-17k,2540,train,3678,1
3679,b53552f3c6c37bbb9a0419ba3d6ff25b335a04f27ed2eeddb82d32f5179ba830,9989469ff217b9f7f04f9c6105ae6182ebb6a3ad8d5da3ef7ed2c0ce0377bba2,DAPO-Math-17k,5754,train,3679,1
3680,3891ac6994f85592a185a70c8f42b87ca9f3496e80729b9ab3d68c725f5c7289,b2b2d9d090af44255ec505622223b52cbfe348a33956ecdd6b67493f40be192f,DAPO-Math-17k,14431,train,3680,1
3681,5ef9c0beb4c2d8ad0da76fe34ad3750f1fd7c00fa274d4d9907df819ab40b1b9,7047a6b462ea1b9c79db9a822b87511c5ee265cea9ba62d41a38a77853569a1f,DAPO-Math-17k,3624,train,3681,1
3682,1b60ed8b54cccfe583d96e1a1426d1ed095c29948cc84acb566026813e50b9a0,28da62174acebac338b52b4d09b407c1514db41eeab2d4518a1c944aa3fab9b2,DAPO-Math-17k,294,train,3682,1
3683,5d4741b0a5d8804fbefb4c179ca8bde45241cf557d6e73a5a781ebf699c00108,031c2f682d9bfb126e71b26430ced294e78a4a970622598d3ad38679e1034be1,DAPO-Math-17k,6460,train,3683,1
3684,22951b89afe22771399f6d1b3c7a318a65734be0ee5529cb4e8a9f3c61a7bb71,ed271434c36312724613237038b0e164643c3c07502f03dd9b6c279a0c494983,DAPO-Math-17k,16145,train,3684,1
3685,dc91babf16006be362b79641909953754b3b49069730a38f11e3eb70970a8f2a,9a8a89346e4c32b2bec0afb132403a579940506769cc29d10ffee84aaf95ddf0,DAPO-Math-17k,9907,train,3685,1
3686,d29b6010b12f32ad290f012cb61497f0d42651b3fb548de80a0498af8198ba17,71e87ae72116ddf115b2e842a2e025832c8e9c7157f794c029fccf272dff8770,DAPO-Math-17k,5256,train,3686,1
3687,68ce819d6085227b2972ecd4bb9159140332b821bd230ab14a5e51aff52dd42a,456c372434b7b2b93dccaa8e08a8c55f8344cc81f1076fc9cb0980859a9b4e65,DAPO-Math-17k,3589,train,3687,1
3688,56a615b4956e7562cba00df7c5bc8a9089194fb60d381ba892e99679b0fddcd9,a5636b28f5caf38e5093dba8500aea6c3161418c0ec4883170bf1373467c426b,DAPO-Math-17k,8543,train,3688,1
3689,54e8605ea7e15f8e2ff9134dca086c446c30758ef5419ece59ceadb5fa14bbe4,3082d7d5554d7743899ea90f73e7a3d0f1149b64aade266a961508346600fe47,DAPO-Math-17k,15965,train,3689,1
3690,c3b2f9ee84375d92f53db137cd5a472497b69291ce55898844c26374ff5fc451,5501d130ca5f69c774117acb97d7713f074dc645976f9f761d4f3f366a120e12,DAPO-Math-17k,2012,train,3690,1
3691,f0d574fee33eaae9e2b443254078763926a12821c8f6490349293c4a26459eec,2722a69f05bf0ed453df1ca2b35c94b7de3d7e63c92aaa9df3b3fa4a4263214d,DAPO-Math-17k,11777,train,3691,1
3692,ba25a312f73c7b1a34652fe1b87bc6a8ccd3d21bda1fcfa13abf30b0e288ae8c,79b1864132d62678ba74ab22da80343390572cf8cdc0dea693edd78bc8ac6bcc,DAPO-Math-17k,11228,train,3692,1
3693,97e0f29de4f2c1bc85468f66a23de59b757e552e384f471920383e6818a6080f,d879deaa2dd8c0c9fb3d722bd7b14bd2291faa40e8e345449e030700abd6bb57,DAPO-Math-17k,7255,train,3693,1
3694,b52fcdc5bcf7fbe3c9af9b07e5764dee7d41972574e10a947cbcd95e2e55c0f7,fb2f6f8909297d304a66c61c36d79c0680b09e3c2a3b268b428d87bc6328bb2d,DAPO-Math-17k,173,train,3694,1
3695,74ce00450279d1d5b50a477415a7998ccaa062de8c9b8369ec098011bca01b36,1b5eeabf79b1346a048d47e5e60d4da513b7b6daae7ce6489b0d0c77753fdaea,DAPO-Math-17k,14224,train,3695,1
3696,7501f884b4e5e7bea48e7d08e642e69ee10c0505fc9438dfd16d6782300f0ea7,50675a95c02b87d208d02f14130cf513fd91ead1193c297118bfa33c0f9e4ee0,DAPO-Math-17k,10768,train,3696,1
3697,12fa07f6a682dbe3d209ad0160f1ffaf52f7c58e9ca3d4876df79ca44ea399e1,2cc2b66902c35177ec0f0146be6c4710c32ebb4e02d929031cc72b3e7860c2fc,DAPO-Math-17k,8088,train,3697,1
3698,344c83e875daacb7ef687dd147a56b368209cd89d253d279a05b60a5633f8968,ecc33d2e1f6e377351bad8db834473de3fb4da790503c4c4fa163b1cbd1c877c,DAPO-Math-17k,6933,train,3698,1
3699,4b9c9b522ff6d2e9d436868eeec39374d0201bf4e96f9fb2c0e208044e70d476,0933734ecce7a5fefbcae52eeb5986f675c1a39eab989df8c7a1a03c4f65256f,DAPO-Math-17k,12492,train,3699,1
3700,754435bc28c29cc1ebd8eb3854a2b3eda6513d4f2650f1940ef94ad3ee1dcd2f,c77cd21a7a1c323900defb1ed67ffeb1fe70fa5cba43a357651f229c8d36f91d,DAPO-Math-17k,8195,train,3700,1
3701,4cc8ed298cbf0563dbbaeb8defc577488c6270e900cae3a29035f4818923b221,fb30cb301791d3eab7e604a971421a698d685ad69131e7fc20bf94507c4ad826,DAPO-Math-17k,1693,train,3701,1
3702,75ba7c6dd0600f0a70cccf0135bc8860f5816fa4680dd933bb4fee1667ca9059,97987b6fb089e57b8aabe4de749114ce2db6f907e3a80ed6ba71311ba54ec2e3,DAPO-Math-17k,1344,train,3702,1
3703,5e739939710b87982e49f5b3df4ea3442c50c9f8433074478e88338a6a2eac1c,35c9c2500522efce46b602221ec7fd03c0257c9cbf2b238b751452dd4e5d10e6,DAPO-Math-17k,6595,train,3703,1
3704,0add5782b8908ef33c135197ca4858dc0bce0b6048b26e2eb401f07178b5d526,a6caa8fe5b6651aa013deb029af541433d51b17053ac35bb8c15cd1147204e3f,DAPO-Math-17k,13050,train,3704,1
3705,7e9026c36a9710751bfcf93fb2c880ca9c6b243b6ef61ed39126b687e58247b2,2618501ff64a5c63023868a9e6d258eec122d0d9b31085cd55638987ae5a9954,DAPO-Math-17k,5249,train,3705,1
3706,9422cb2555fbc82e4057f78b0558ef665a039ed7cf3b33efe7187b0b942718f6,659f1ad07fa9a6b62e928a730f3ddec097842acc630b6b980e7a9f0317cc8ce0,DAPO-Math-17k,1632,train,3706,1
3707,b78a8994b1aaa1978f5b0d19befa41df2bad6e6db6305aa4277c8d8a9681df49,9171631cc17772a46e24c07e6b36533cef6b3ddaddcbf03bc169a3a4f0632a9d,DAPO-Math-17k,11134,train,3707,1
3708,91c45737a63f219702b39b4aca3a3395506f2e7f1a445a3d021110c22bfdc64c,bfce55dbd35d3dc66a5935d3a7fb7ff852cfa250a41efe654d6e9b8f476f0836,DAPO-Math-17k,9661,train,3708,1
3709,7370a121c6dd49d3ae0b84c6c82b6c5dd2f9d86a2104b12f4bace6fe31493b97,ae69de3b4798ad1ac8921437deca7efdd476dfd6d36b18b4b4b3453621c77dae,DAPO-Math-17k,1524,train,3709,1
3710,d0a71d9b9fb04e863fc48efe7f93ea160c586ac525416bf9a70ef53a7053b82a,c046154fdf530995e0795c07a6b81ace3be403f2e9d69788ae4520ae989355fc,DAPO-Math-17k,6505,train,3710,1
3711,feb4a5fd1427111aabfb4b13a7b24dacaa391e0f75e2f76e421ff5fff2a69869,fd6e3293999d7a83c1c2dbf0740c447bc3cae79dd10b12e72d220c4d18d46828,DAPO-Math-17k,10884,train,3711,1
3712,2dde6d8360ee5178f26e8d91a4864e89e60fcbcb41b2732353b77a8cfb428f25,7e63b73160eb5ccb3a939bcaf1173fa937d3209e967d04cfdfdbda445e4cf727,DAPO-Math-17k,15802,train,3712,1
3713,d62931e1cb527f0fa424737aabb2f97e11c452798c794574551fab680abbbeb8,38ff9c7c554f5b343d70f71368638123fdcb6dbc4af01db58cb14d8cf9713875,DAPO-Math-17k,11654,train,3713,1
3714,ee3d217338e43944fd518030508bde8bea908a8cc6b875e4a6d2ea4c63eb40d5,3ec48f16747c1bfebcd2e2fa73afa0b72998a4baf9ae074ddc60d763b0b0b3cb,DAPO-Math-17k,11310,train,3714,1
3715,f081cc26eb9ef1c43a097a83cf1160a3ecedbe0977b08b3ccdd07541a1782bea,f0a8cb331807ea53bbac1eafa432fd526ea477a7e65a18ea94306753b3b2a466,DAPO-Math-17k,10083,train,3715,1
3716,895960cb0f49757cf9829bc6f73c86ddd824c375660e445379c9284f2142e276,ca621ceded70b3d82f5af86b36aebd193f8c4f87662539f32be49d0dc80f6db1,DAPO-Math-17k,7536,train,3716,1
3717,372762ee5ea768e0a5fd2e44f5197d93939ae5b90d99752650524511f38ddec4,77a3ab5154011014ee3a7ea2c90e5dc3051952fe94cbc8a3fc1e9e33a6d82aec,DAPO-Math-17k,12101,train,3717,1
3718,acc71e43535897ce3731a99c3570d9ffd02c8b2526d20e3deed8ca3636fe18ca,2d3aaca48bf24b789d10ee2ec653e8540cddc5ecd1350d00a344516ecd83d46c,DAPO-Math-17k,7003,train,3718,1
3719,9de2951cd2170981d7cd790d1337a77ff46e58fb877bdc3b763d52084490f42f,997c83120cc5af2d6008bc7315ac32960d9d5c229d79551f61446d99b240261b,DAPO-Math-17k,11565,train,3719,1
3720,618fa0f1117f5b3ac9c5b79ab5ad3e7ee89eff6729213a046f66676702edb0d5,201db7af897506efb95e152eed00f1a2d5a78a11e729a1750bbb91699cad605b,DAPO-Math-17k,4112,train,3720,1
3721,1a3051d82300eb93a071f97dcd91b7a0028f2e33e7a94ffc53554457fd62261e,bba8f04cde12f88a6453ca90e36140b9812c34c51e35d33da1d5486eee5202cf,DAPO-Math-17k,13299,train,3721,1
3722,ab404343994a625a426700cfd3805817334f0aa1d272bf231714bd3abc4b3720,55a5cb686c301beeb746f46d6dfd25f24029810a6b9bcbfe1587450883013149,DAPO-Math-17k,6151,train,3722,1
3723,aa42de9f3fbc86256108f0c27572005061c7ea2f2337c793f7895337bb8769d9,4b984b5eb4a9ae2247dcd3a66e658159d3ad3cfd3775714544a8cb8cf853c489,DAPO-Math-17k,7779,train,3723,1
3724,dc8a71cb538d6357463b685d493c9e30e675ce4b5fb2755fd38befc071c57070,ed25b949a6b92b569e3b2912240ea5b1181c147ce88c7e8b4416619aee276f08,DAPO-Math-17k,1044,train,3724,1
3725,fff8b31a5c6fa10d16aa9d8704246d888d88f34cdf3e496bd3f44e212cf78dd8,e77954e28fb8f81993332c251dcf93f64bcb6aabae26c4141a7a2d87a421047f,DAPO-Math-17k,16434,train,3725,1
3726,0b5ed33479525b45dbee6526cbfa08263ec19bb83078037167b41aa256ac1bb9,7a323701e270dd570d024e8a75f7081de754d59befc426bb2d0c8a082c41c2cb,DAPO-Math-17k,4475,train,3726,1
3727,a1945035ee4600073fea2c196707c72df1b5fbbe5da360e7c198e2b06c7563ca,1c397845a2068b97c10eec13208780eecf7e1b68671aa6ecd86b28396d8127b3,DAPO-Math-17k,13588,train,3727,1
3728,ea3f39defc1ad31e437805920ecce35b085a0d9177fd2c1c1c4840ab0ace92e0,1b6092333bf2d46e0c02097a187244efb15feef2424922b80a31fbb7c7d37132,DAPO-Math-17k,4933,train,3728,1
3729,dc8af2403f9de524e0eed03e89f30b90b4544dac241c344cbab8e9af1d0f14f8,49cedf13dc8ee957ba00d86d78a3ea9ed891897851c9189c38d0891d51ecbb5d,DAPO-Math-17k,7920,train,3729,1
3730,bd6b3efd11a5f3e21b34d22c2ae7d43f5bad8018faf9e0e7e0915ec3392dfd71,8bdbdbd0f863dd35f09ad2eca41a62bf023d3fe14fde778e28e9e37ad5bdb9b3,DAPO-Math-17k,15015,train,3730,1
3731,51c348cd0b496fdfa0c7b1ac403826c59aed0430796fb80598b3126b518b1cde,554a453625a0692c084fac5b00aa1d675ad8d67bcf8f53ad0a39443dfcf7a204,DAPO-Math-17k,6190,train,3731,1
3732,46e9e6cca63c08fe3a1044d802b15b724ff1d677e7e8b4bb2f5267bc8352f6f6,787cf2c9ee0fbe696a7192f757c2a3f74354b7bd615335a259fb009dd700a1e8,DAPO-Math-17k,12742,train,3732,1
3733,e548c64e89292800174469542a8b6b77bb83078a800c084dd8cf760e61bea1da,153710e16285410e7cbb59b92c1179969e4c34123a1ab88aabd368114fab3d21,DAPO-Math-17k,741,train,3733,1
3734,1a537ad9d35c6f398e37c0721ee8fe170a0823a3f7acf312fa44ff5ca126786b,7c9c4b861c01210264bdc33c6de2ec27f9f0e244de4bff4664027e65c6bda4ab,DAPO-Math-17k,3608,train,3734,1
3735,8cc2a0f973cde22244567cc6a95e9e020b2d67de709cca995c2b4a308323f0d2,8e6e3158ff9b08a2dfde215e90d2aaf424f994481f5b2a6cf565ceadd8de5cfc,DAPO-Math-17k,4618,train,3735,1
3736,a664043f0b928e822646625945efbde1de035f06ad3c1df3d1eddd7a996b551a,4f0275600be58468c632d8fa9a3ad6219a7bc46801b90f6bbd57fea156a46c04,DAPO-Math-17k,6282,train,3736,1
3737,041685bd38cbf444ea12fb65483bfe99b30b06fd2c2d8855a094842dbf748aab,a02624ee4983607402a9cad70cf3339c6ab0e5ebb51cad7507910a10d83478ec,DAPO-Math-17k,8677,train,3737,1
3738,260e1547e1e6715f785fbab72865d77801665bd05a6d5ebed87dad7a8e05f202,f507a972533c16e10a3ab730e7d29e82012469eeece27227251a8e8d1da8b075,DAPO-Math-17k,9063,train,3738,1
3739,a14abfd6b00ea0514587906cf64ca045ca6579ed3b2b515a18a6b0fcc76fac46,2a278e76359ea6271fbb6b2b91aef89d20fe87941d2e2e565f4661e5d81caf61,DAPO-Math-17k,12090,train,3739,1
3740,106b72b39dfdfda67f44fb5a17b049a4820128b682f68ddc86c2f337195b6e48,06112e3e2dc0b8fb03f0b63b6608beaa7bce48d97cff8e65235b5cfa5464194b,DAPO-Math-17k,16778,train,3740,1
3741,bca3274f5133529b708f5b432125403d850f6647c6dbd3c3794c9fdda0177349,7fa2cc387d7ea44d82bce7e52c14adbe31061bcc5cbdc6bd2db646fd3fe1a4ed,DAPO-Math-17k,4691,train,3741,1
3742,95d857cbc34d567239a2b32b57c88dce35b2655694aeac375b924f63b929ed1f,eea504b49e4e3671cd53b69d20f0c5de97cc26ec3cf41eb60978f1cdde019e42,DAPO-Math-17k,13471,train,3742,1
3743,d8592757d2b82a4830b1f27214db4f2b65206a59c5af455aae5bcf05ce78ba25,194dc0b7e7f2e447e3a0869ed65748e820e691f4624bec40045da72155baf69d,DAPO-Math-17k,9274,train,3743,1
3744,4f87a1ade28ec28491b2a8e1e3fcfd2b01fbc0d52cd141ca0752353bc8cf252b,637485d95f047d747681c6d58b416967b58f90d401f0bf2b20c1e9444a921127,DAPO-Math-17k,4524,train,3744,1
3745,20b4bd5374f530a1d1c3b36584f67f9056e30e28bc33f217accf42e221f8e909,b703f1f39af7ccc86a6bb4e8188a25334c3c9b0b5de6436fbfec08dd2f34471b,DAPO-Math-17k,5286,train,3745,1
3746,83a1449f32178b188887670ec865a640d9a313be798b9736d453c46af0e654b5,214f8d16b86847939443f4a6c8b38c41a544f355e50f3ebba69d0e1e8c115ba9,DAPO-Math-17k,9202,train,3746,1
3747,e18f7dd9e12f9c1f5c93518392eb6a528e8bd3ea68af4ca42166a54d26b016f6,a42f1e553dcd3c7c93053f4e63baec60183dd1db0d4ad17d5ce69dbc7f9c1b94,DAPO-Math-17k,17061,train,3747,1
3748,8ce6d98f4e91bf82b7ae3d0563b5035df96cc76ac9bbbaa1a5fa8ca660943654,705b069933416eed12644fba2a14ea16617bf32e79a8694e2222d1fa879a0715,DAPO-Math-17k,2406,train,3748,1
3749,41ad3244213803aa9e9307e7b362c21e4e5328dbc14262b5027e16e05069a7a0,2ab62c2c5812a1d87904f42a357dc6472e19af42e5fec60f9eb9ac429ee1b7f1,DAPO-Math-17k,1229,train,3749,1
3750,be62db226c01ae4e0718dd51bfc3eb6ea8164b78da0e1fa737b5ed9326e40dc7,8ae3594ec1cf8c241877a4f0e127453b097539d45f0b519c4a804c4ad012ec05,DAPO-Math-17k,15129,train,3750,1
3751,95d45a17f2f47c3a9041fb83b0550843cf194984786eb32426dff8bb5b5381cc,e8b7138bd3ffae47a55825886a355bbd7603dda92c557b4b80d3a9f061cb6fa6,DAPO-Math-17k,7646,train,3751,1
3752,f95124ee731aa5f36e7ea438a68b130af40e8089665df0364f29d8714702ce95,b7d8e968cac3ee6e1c3277fc90bef35a45ec0f645ddf2fc87bedd8c7543d083c,DAPO-Math-17k,13569,train,3752,1
3753,e5a989c4d534fe810ef69378e3c020d4844235ac0e0c12ebb629bb3409d7e071,55380a7e165f6abe369e202402d7e25b80feea3033d4c9fdeb61c0d70862de35,DAPO-Math-17k,16550,train,3753,1
3754,e2fc1a330ac60e6394f8bba1679f3d5655824dea05fd425abf182e862e6f45bb,8b31d020b09c7618be263a650419003228b5dda164280b88d4c4175aca6eea25,DAPO-Math-17k,3024,train,3754,1
3755,21ffe3f73013b992d8257414caf2145cbb7a3f4ad3290731a285fc82cb9ad55e,b65abce934eee2428e21a817dcab454e1c42f8f9266926d141d2f8bf5b8ad1d8,DAPO-Math-17k,9829,train,3755,1
3756,66f3d55b99323841bf4043d35c3bab2bb87f171b32b5eafc43834919ccdcc94e,2b0db363ca64c3d25cfbe7762f5d7184dd26445e96852a068ae50341e64ad1af,DAPO-Math-17k,9275,train,3756,1
3757,eec1a3104b6400f45de27f99d9739ed13faede8d2cb7da31aa05470fe1f8ebab,f0c63cf84e6ef28ca469aaaffeeb9b1efa5778f7d3297d4e9c84c791dab144a2,DAPO-Math-17k,15582,train,3757,1
3758,3e9355757f4bc5b4e4f2e1a523a7c5138dcf3c3809a30fcd2bba9b107a9246a0,e48713112db3932bc55ef0472ea493e3ba177280a6d553c93f255abadd17f049,DAPO-Math-17k,4369,train,3758,1
3759,4e3102d875c05c2a026b52b776fffa3e0d05e8696016c5f70b1c178d66606ede,b8c3d12465e09c25ccd51b3413193bd31753d4fc96ba7b7ef619c20b73724e3e,DAPO-Math-17k,9045,train,3759,1
3760,4f2de9faa5bbce3251fa94f117dead9238fbd54c04b254d8e0c522141090ad8c,e80dcd320b321a95e97cbfd7d2eac6358309782f97aa9dbfbfa4866f9ae451c1,DAPO-Math-17k,9749,train,3760,1
3761,df749a636d256c0d7d891e503a60339ea77e9a6925b84d313f7c399e42bd516a,ff9104d4dbe4717442ec1c124a8fa81a4f738851515dce965f180139d590f98c,DAPO-Math-17k,7227,train,3761,1
3762,d098fc4e591878a27529b2969b6a868f69ff819b38cd80294e0d125565a0512d,3bb938f6c6bbf4acf96f50580b628600f0dcc897a58eadd4990e89a017d31f1c,DAPO-Math-17k,12190,train,3762,1
3763,47c3d595156399c3b4328bd261b876ffce4dae4502ec715b16df92ff9e30e86b,cc1c1df9d9f4795f4d8aa731adf58f2ef453261d3f1930793f331c47ea754b15,DAPO-Math-17k,4835,train,3763,1
3764,23ba2b3b6f6e07917b3838d5fc1c03eabea0a91484655a953b1890c16cacfa51,3683d7424ed3c113835610b13a2499f68e400c172ba24a5f0eef044e7ab06daf,DAPO-Math-17k,9993,train,3764,1
3765,fa8f19fd82056501eaeb3dc8e522f56bab82bfd4d25fb2d26919fb400779929c,d0b34c073a378145e0f4d0dfc2b513c3da1d22f3851ca920dc59ea4828433c9a,DAPO-Math-17k,12018,train,3765,1
3766,c0d9355f469403bca7f76c3ebf71c67173755d86d94a70c9048b169e1b54f729,d2f7f0b7158ecbc5fd50a3b671b91c85488b1040c43dc41fb1a2614055e18292,DAPO-Math-17k,14185,train,3766,1
3767,a487df2a3665df9197a3fc5f381ceb94439930e38c6e83d8676d35530c346eea,d36f03c9e9ef7bb787f95ef7cde0210ece5634a8cdba3aab1c312a94e2b4205c,DAPO-Math-17k,9323,train,3767,1
3768,0db682226411e2180368408f8beb1fbd8d01accc449f6aacae220fe508605edd,921da125a4c34dcdd7ca0816a090d64ccbd09bfe7128c15890774bffbc9267d3,DAPO-Math-17k,15490,train,3768,1
3769,6e8373c79614f237bee5f631dedd951b8c94366d999600cb99b0b55fff56e6c0,1cca953577bd0ccf8a6006bd6963e27e414b2bc705758cad0f06a3d219fe90f2,DAPO-Math-17k,16547,train,3769,1
3770,9f679339d3899c8929b4d856fca1e217a8289ff8f0b44e74b69e176ea4bfd437,103f05e1d361663d42cb385b2afe9a5cd7a75ddfcff4d0efd49941df1c0f751b,DAPO-Math-17k,2785,train,3770,1
3771,036f802603c0675d6fe0174f6252ea310287dc1c9fddf1eff58b3a1e81f46568,256ba2e6d07962c83b0bf17eb0d6cac7d44621d8d67464f81fcaff0c16252d2b,DAPO-Math-17k,3504,train,3771,1
3772,cd437684775d8fb245cd1788d3a1cf4cbd3eb4a6b7d1fe614c2005cd31e3248e,b003f191f8974665a53b6fc5462c16381756350a96d55938e2e0e2a62f0750a7,DAPO-Math-17k,15163,train,3772,1
3773,7adf03c391f46f06199ba84c03da21d2add54958ea9ad9e27e4859e2ccc0362f,e49a6194a432563e61d72191212317d8abeca8e0abc3fb7149208e1710ca9297,DAPO-Math-17k,2214,train,3773,1
3774,02107fea35dc31ad0b0fd71085bf6a9ed8b15ee281ea0ced942fcf7a79a4b506,1945df81b95e0f2d8613becfebae1e23f39717660b10da9c94216e5276b1671b,DAPO-Math-17k,11166,train,3774,1
3775,489e9e5a58782e900cc36cd25ad7069705bfa5f4afb85358a25162cde87c53ca,ff55856932a6f0b1da7458afe9626ac494191465670533d5a5f158633e15ae5c,DAPO-Math-17k,5977,train,3775,1
3776,574481d4c5cd084dd9286ec4bd36f4301a9d21b29d99825db6df9e7510177a59,2c722861f6c9e40c574c11aaf29d5db7316993bee0d1388bce6f10f1049addf6,DAPO-Math-17k,15023,train,3776,1
3777,60c9cd5281e967261d427229de13447b4f4ab6545f68b6bfaf954b36fee42b28,3944da410a7072cf30adcb848198730ae3aceabe734e5248bdd675ff70e4e8e2,DAPO-Math-17k,9908,train,3777,1
3778,f610e09ffd65d9eee155e9a63c825c7fb0910682eeadf30350ceac25d0c2fefa,7f84d1f13a4871cd581b71d8a5e8379d0602359c2a63a20ce0a2d4aba5722b36,DAPO-Math-17k,10784,train,3778,1
3779,9c785243e3f94acc0e05db7b848de4e8c6c29be7dfb80e24a5c5f7650e92967d,a9afec76812a3f5a1744923a6d04dc200581ab56f296adc05a936377b0793265,DAPO-Math-17k,13304,train,3779,1
3780,297236d5e4802b79aa118dd84aad43102d5fdf272314cbb32894f471f656ce34,436cd961f363bd3b765704edd944d71556c34df969f546b2b7c1da6132de1d56,DAPO-Math-17k,16511,train,3780,1
3781,1cb73d2009b33ac1b4a32193827eae808f7ba29271e13c5227777d2b1d121dfd,25f4aca1f82387c2a027b70305977fa58ccc50e9436be0b369065625d5e698ef,DAPO-Math-17k,8836,train,3781,1
3782,bffa2aa850f9e83c8fc8281abeb0322260dc4d034d625a410af2ed8cc318bea1,a074b92cfaf740012fea29675b218882f4e9b573ec35cd6ef2cca27d5057f361,DAPO-Math-17k,7891,train,3782,1
3783,b029b610acc6d1e07a854e1444bc57a7a0ac56f5be8ae64e2ba3333a073f8e2f,3765ca26eef4d1b3afeb94b6645709a7d48390bd5c432ce7b3bc6c3b16becd8d,DAPO-Math-17k,1387,train,3783,1
3784,e660793a89dbb70eb1f7f5558ceca99d169d49b6f66186ab609d5c6ff6777f5b,bfaa3a358a8a4c13c76a45b905c2d7d4c0892fb8429049b72809d191fe7784df,DAPO-Math-17k,5593,train,3784,1
3785,e8f2e6f6770b905bfc1a6af0a39f86f1e3295c15485b2d89503a42fb3fa5038d,ff30e6f59f346c92ebb6a12229190cf210463e8e205b464907c4dd6bdb6c901d,DAPO-Math-17k,3847,train,3785,1
3786,6be7c5990fff95b1f332d41ab8dc86d939bcea5d7f34a060deebf9715c5d49a7,4e4d3c3f9f3906411dbcc247a1521fbf2da34fd534b823c89625d10a7ec1bad9,DAPO-Math-17k,10370,train,3786,1
3787,f1a37bb113dd91e8d2dc1d66ab9aeeb30ac2e5c9658ca8cc7b8639bd305bf030,f775eff5ba4f44b45d29cdee9f557a016b01d4d6d378106cb2859b469aa5d33d,DAPO-Math-17k,7528,train,3787,1
3788,1a130b5924c837a39cfe5301c5674054bc64bac2c732b70c9d3f303b2eed82a8,8e55e0e0ed73a9fce0da52f1eff6eebc1be3873d73b89bf98b04a74ecae0769f,DAPO-Math-17k,13177,train,3788,1
3789,b28048127b63d4233740497a0956c2281b865cc0e810ca14f13e66e3e4da029a,2700c55226c82d741890b0ee50127aadadfe90eae018b9ffe6a3cea6a2171661,DAPO-Math-17k,13241,train,3789,1
3790,172a8515eb881f38c5e20a19b51f0ce41dd1893da421c60c53ef45d4c2643d69,ea192c35ca2ffe4578e46591439ba830b16411124f0f95591c6280b24ab36963,DAPO-Math-17k,16805,train,3790,1
3791,dc4a64caddb87ce5e42ea454aed32ddf9608135b4dfb4aed95e184014389e7b5,791f91736870067051ee82ab46ff175aeffe29994ceeb2c87dc25845a2fe4eed,DAPO-Math-17k,959,train,3791,1
3792,435d278a241b0a43a377393aa5eddd746b3eac6c50498d9e8ad37e7380acc1c8,a1e13c168c13c5a4973772ce64a41eed67d32b5f309fc998a3f4d7f8525f5f73,DAPO-Math-17k,10750,train,3792,1
3793,18e02a207dd7229663c4d28a1aa4a5613ee6cf151da6d6139d0fecb1a2a04ca2,31a42e9b8af936b8f27bea7ab42428c618223cfdba65470b39ae256a8c3e7e87,DAPO-Math-17k,10650,train,3793,1
3794,c2c50a32a35efa4b5f69623d24e6a824dd93cf944fb51e947a3915023fca957f,0a8a423cb73a9da49b2e93f5822725d8379b52384b762cc9362e920dbeae6c00,DAPO-Math-17k,6112,train,3794,1
3795,9f250a5c0baee1fb24ab27f2891fdeab09fd2c11471723d1be887643adaef8df,e5438935aa52f87021294a9a0215fe3e34059556f727c5bc9c00c8af1df228f6,DAPO-Math-17k,11440,train,3795,1
3796,0ec98653b5122bb76b3194457092a5adcd56559d4dfb64b7d7370cde8f6f3a1b,46c90592ffcb864c1c1775c93bd55b4aedad35e36c49f37d8488e85ba52d6ee2,DAPO-Math-17k,9785,train,3796,1
3797,0a48b7ddcac4c6868a44112c95e26a42bb18542f4572ed23adb6e99f05d484bb,03359f08c9d6685eb7ec8b54872fc6bab45dbdd530cc89c238ff21a43bea9bb7,DAPO-Math-17k,2108,train,3797,1
3798,816ec072fa6b41071caf4c924539024d3b4bfa83e81cf7a2779bc34ae92f321d,99a22ff6bede2a6fb9a430d06bedb67a41127e2ba2015473c4adf9b1e6ca0831,DAPO-Math-17k,11891,train,3798,1
3799,e720f9e28690bdc25b9ee0f6ec95e73ec847ead4967e594799191256e247c13b,c4b65f6431f0ccb9fe30d269f35769d73fb6e34ccd1d35087e45b430fecf3158,DAPO-Math-17k,16524,train,3799,1
3800,f85c34dd3e2baca87cf1ce31791874edab4b976f4d685294fe586a05f4ef5d93,1850d7abf704da12041c1a6080d327a979136e51607429c4d6ad8e8007e38ce3,DAPO-Math-17k,1918,train,3800,1
3801,3e94cbc576083b858be6c4c651a49d1bde2062e10035aebe454c65f3895a5aa8,5c1dcd27492cacabb5a52982029072c5516a99e09d70bce3d52951c9a655059b,DAPO-Math-17k,3672,train,3801,1
3802,c3bc724bbd41d77a02fe7bd48b828efc0bd7b00dbb24d0c2ea19496a0f73a198,575c8372b5f4d6b82366399b8132a6909a8218c64dffb5d15dd91d48a8fed562,DAPO-Math-17k,12501,train,3802,1
3803,4d5dfb2c9eda6d8d55aeed611ee8fdd26cf518ca3ae2bd197e4cf002e2afe7bb,438868ac94495216ebdbc7f4ceaa2c27a36ef48dad43727ed514f71ac01ae604,DAPO-Math-17k,14161,train,3803,1
3804,b07d2a880add00170dfe821e572b5a8fec36d57b6e2b7c5ae2306318237d562f,b8caa9c07a400c147bcb63553d0a6aa64520c051aeddb7254f0b8c5a7367cac6,DAPO-Math-17k,8413,train,3804,1
3805,114a631b323882ebb1f78b4f7ad239c2acd7fba4075e06da4683d61737e3a8e8,66e43a06cbc2471fe5f6b8f266262a97b78335824381ab981800a6e40f2ea435,DAPO-Math-17k,1420,train,3805,1
3806,46d6d55ec44d0201306a6096ab4b0adf3810bd21bf002256ae7c9b7d2671fcc3,eedc0117f23a0681179cdca2675dcb4fc8de986671b01832b1d4dac24e5f1b0a,DAPO-Math-17k,3409,train,3806,1
3807,159f4a82ebd78c2278534c92ea38de2216024735ec3862b3819efe2ab6d2af44,8b823e3d11f2215fdf6b3319069089f412e0775d183e6f77f264fbc7ce747ca9,DAPO-Math-17k,2326,train,3807,1
3808,f69eed75695741a1b231e0522307bcbe3d966848983ab7be60433d80eb346192,04464a4e91406a15a08c8ebc2ca1bd22c4c356bd5dba2fd1ba872ca5ec08d071,DAPO-Math-17k,10918,train,3808,1
3809,576bb211b011d8cc3d64584114ca165c6d6317ff47636a00ca6f42b627b9d234,71f8f47c82d355a3bd7ed66b549693c94043bfdd40163a864e27d6823e65ab49,DAPO-Math-17k,15878,train,3809,1
3810,159f13d2f2102a1a154327da7122001d89cffa34ce31c1240c4407d62b7f9203,aabc6e58fddcfc41419f8a1d34da5dc112e37cd60a36c75bb6c09512a5c316e8,DAPO-Math-17k,7454,train,3810,1
3811,a4d50905a07433a561453e052fdf1e405754e851c64eeaf695c03b3ec7139a46,26ffb91503832b9699f9d592c5e7e9b302022c3432816fd37c8c065ab50893be,DAPO-Math-17k,6579,train,3811,1
3812,0b7f93b55ee5b5228a4776d1aa075ae45eea8d5882eca911ccc46aa996fe18fc,aadf1e2a8b2850a4b7d28ebc2c0753e2447df5abb7ffdd56d7e945c4db9b7dca,DAPO-Math-17k,2531,train,3812,1
3813,179ef1a2b34c175fbf39abe5528af902af0e97053b91aeae9d2aa3f701b47587,1cd0a2fe80cc6a6c506ce770ad93013acd84721cf5e89b00511feece1a1e290c,DAPO-Math-17k,34,train,3813,1
3814,470b8dbddcf0eff95ee188ef8e79ba06bf830183b126fedb10eb0ddee0802762,a9fe9c262179dd6085df71e64234cdd14d8740331d00d484b87ab1a432d1e409,DAPO-Math-17k,5566,train,3814,1
3815,1b436539b4bd22292aa7f62edd3b54cbdd481e217c34d5591480e23eaa503ce5,45177b9eb349b9c02fdbf18a5abb133cad564257d51f59141ca054dad9e761b6,DAPO-Math-17k,11152,train,3815,1
3816,eda5a6e0577767ce7e00b6a6b02d6b0165c852fabcd18683ab2cb25d5e52e81b,55af88c5de5acec2320846e0d0eef2a84e07b0ccac6c41f3e71c1845d36c1d18,DAPO-Math-17k,373,train,3816,1
3817,16fccf4cd2cb57b1ebc313e64c22f04ee98dd9a8c3f59c285a1c55a682c25873,73926b05dac69d66d247bbf607f01b95d4c50282043c0da09c5d8f2a7e1a7df1,DAPO-Math-17k,13804,train,3817,1
3818,573bd57f0127eaa9996e3e75697284fac2d56269b1bf8faa3121eb6964e6afdd,15a8df3d73777be5c7a8ad294ddb9ebd645d63e4a0bc949ff6247a0ad73d7501,DAPO-Math-17k,13595,train,3818,1
3819,43f3dac40bb578323e10216bdb5b5354090b85c7041db3b76691a6e5415aa13f,d24d3e251b463d59868a3397d8195a3f28afd47215a035b93d7d33946f4a3393,DAPO-Math-17k,9712,train,3819,1
3820,b24536a47f54076ebdf655a56aa193c7888ff62005585834a55629fa4ec64274,0cdb0dad989a749d4822c0b047c89e6880e4a3a0db59c9e5dcc4d2f827644340,DAPO-Math-17k,13614,train,3820,1
3821,27c80d275e1c5c02b6d7017e486ce60f491cb06dd3a74d70075accf584bc22ad,682fbba2ce17acbfaa3b31ec87f2043021f7cb6de4f2547856c54970f4fe7257,DAPO-Math-17k,11911,train,3821,1
3822,26e81232ca9d55ed8eb74790ca037c714c84c420cb1c5672653ac53618c66c4d,9a0bad218ebf0549eb8b97e30ad330aaac377f7787eeb5ed4a442385b49fbc40,DAPO-Math-17k,3660,train,3822,1
3823,7bf31600f76a9cd108e985a85e0cf049f4cd7f670fa45d15fdc9762f9b0a677c,11bf55f683f338566b8551dd8a370570bd3581b47a912f902316c1fd85b67526,DAPO-Math-17k,6064,train,3823,1
3824,c4bf7b5f63046f2793a5255dd9aa1d1a18693cc53137f9b900bd0f25e10c6106,e078ac8a062b697b2b1aeb4a48b94acbbf09cdc196af4c1ce504dea60f44f4c8,DAPO-Math-17k,13967,train,3824,1
3825,21895160de52d3df54ee6427d0ba3021fa50490fbc76a6b10be81347e8c66c00,33ef23eb1e3184d3f9e63d5149f6bab2c59e8c8681547370ef751c3aa2e8f1f1,DAPO-Math-17k,7507,train,3825,1
3826,74233f0956d80cc373d174d6c4c0a7892db593b94e05b94c5fcb2846109bb160,74d4deb6b0a807064259f9667a5aaf2e1a7d422a55270b92c291d1297abc0ede,DAPO-Math-17k,15284,train,3826,1
3827,100d7fbae463eed585b63d296978e221a57d0b31fd1ca2badf1dfc0dcc75f91d,d16f0e2576fdc1c9076c1b1bedea77e64c7f19f703f5737791bfa1ade664389b,DAPO-Math-17k,1375,train,3827,1
3828,4de9e041b8f2619ac01b3823de4f36be179f64d0d2299b92019e85751ad101dc,53bfca586920805bfe9efd6143fc50b375ea7d7ff6c2031ce2b0e677f14b839c,DAPO-Math-17k,12558,train,3828,1
3829,746467b63fe44718680a3e104713a45bd3c2d1b7e5266b2e42cba72c63851b85,a3b0146599607157c6e8de7b32e367322d3b35a05b430bece53f44b01fb36bd2,DAPO-Math-17k,11306,train,3829,1
3830,6e7c554c758b8d8c71ab0599430ddcf730daf59b4707ca5d6400870f4f781c3f,382b52f7b688cdf09db2baa28e557997cbc5788072f2a784a2dd729ce6fe146e,DAPO-Math-17k,11135,train,3830,1
3831,e31be0223106480b55ca7e3e79346dc3117cad09185f5e7b8885dfcfe278fc5e,4ebaa512f50d6ec9f004a0be91262aa2ccfc27e8850761641f918775fbcc7656,DAPO-Math-17k,5158,train,3831,1
3832,1e9450b00e072b60093d7847d9ec3cb26e7f65b4d66c593b156dd2e8bbc9f837,7313e855b787f2b6c6b937c10a9912a44de7f3fdee01a423379f0c2a027e91c2,DAPO-Math-17k,2751,train,3832,1
3833,53df9bc50a70474058d096d43876ec6cbdcf56d21c1ca6023fbc27ec8ffe5ea9,a2655739f335f14947f4e2576a2f62db446d6f721f4dc6fdcca66d2322ac8301,DAPO-Math-17k,10963,train,3833,1
3834,6ed8943ec899cb76b9c6c063f306c5adb5205ac09cff0a7b09fe59becab9b679,a3c6845d232250a4dc8b3ac21f00fe2d4cbec8e19acfe6a62030eee2941dfed8,DAPO-Math-17k,16828,train,3834,1
3835,fd95fddedc6971f59cd085c80a0aa0ed76461b4fba13f75365668b223b5ae9ce,22351d4aa3d16e3fb732cd25e8e80aeec3d6a9267ee7833c03f1eb04f6b1062a,DAPO-Math-17k,5279,train,3835,1
3836,fe841a42f8b85321950f125f590902908f2215a1b3a4fc6c3ab1594e89e7e032,26855a8f0e888e4b51dc6f9f1fa6db1aa3e087a715e05e662ef6a0e871f1dcc6,DAPO-Math-17k,5244,train,3836,1
3837,c3679d8e337e0894fdff68b2b6d6dcba47437657dd937123cd874a16c6828b31,66c10f577c72f39a5bf0e096c9fec59719638303879fcd7beaec4e20ca1efb33,DAPO-Math-17k,16040,train,3837,1
3838,138b883802681c7cafe62b1397d62170089c1b66833b5bc596da677693e77096,d0d26cbd73159cf0f995c7de1a092368042c4cb4d6e773ce3778bbc6397a1a6c,DAPO-Math-17k,4847,train,3838,1
3839,d5b6fbc7cbc5a79ffef4f1f8e3b9b6c2036b5e232909a230e5704e559824113b,4d978665e63a12291e41165da8f71dada6983ea7fa171837dd7525f13cfb31de,DAPO-Math-17k,660,train,3839,1
