rank,item_sha256,prompt_sha256,data_source,source_index,source_split,first_position,count
0,585a954fc3601fb47b6a77ec74dacbe79243163e074b603bbc438295dff71bb9,ab1c856456670c8f39316400515b5beff9870cc16ad61684d765f50cf955260e,DeepMath-103K,29316,train,0,1
1,aa0c7f52637485b7fe0e0a473f384996e645f43bad0267d5b3b317e99cbed362,3daa298c5f7fabbbdb19a12430a901f4da352d4acec1c9dc6d19e59e2007edce,DeepMath-103K,26877,train,1,1
2,abb767b24911437f6845081c430ae575cd205d65b58e991851e000a7de639ae8,108af8e8c1c87a5e27040f557fff396a61d8a540c68aba4f7503659c1fd09a7b,DeepMath-103K,2881,train,2,1
3,db01fecc0220472190fe623401425153fd9ec0e18c8741d5c8ef722d2c2a5ac7,b8cc7f0033a13711a876ae81d3f5e4d836d8bf88b0b365d88f6330434ced0acd,DeepMath-103K,54654,train,3,1
4,82fa04410c5a8235f826e9dc140e37d2b7d8a5fe644e62ffc15b69986aa61d95,8446d536c84209e5319b448cb0bac435228fce6bb0bbd84836ab17e6b4b9c427,DeepMath-103K,40035,train,4,1
5,048533373387a1a5436b1dc76660389d065ee56d1757c03c368366e07047467c,1d3d5bbb220feda9c606555ac0de6effd27bfe19d330b928002d77f096221cec,DeepMath-103K,20589,train,5,1
6,b717d26ca265df8bfc29203406b58e372afff3d4513d5fbff8a641792e74abae,c31af0bcf63e5cb0860b1b01ef7da39391e78f12d6cda69cc0175df551bfbeb0,DeepMath-103K,55604,train,6,1
7,d81af92c85d2634e1c591e92a4a63933250d9ac253095c8dc2f298ab8603d09f,c27ea1aec253af9415ba503f88d2a48aa1df35ca32c708f8e705ecbdcbfe5306,DeepMath-103K,55433,train,7,1
8,5290e94b225022b8ca1c8b75036c056e69ac0127d34effe68a553a2d91006a5f,18a9324de4c475fd8be74904bbd768eb90408355955dc4c4988c22b44123b910,DeepMath-103K,26254,train,8,1
9,18ddf009a293e9447ffd9293f1b1878e02f165aa9d17ea884451251646527892,0c1b8d0dfa200606e273e6a9c92604244571b94dfab8adbc83ed00b2bccd4ad1,DeepMath-103K,53077,train,9,1
10,ab12d640a2b87c618f361f5dbbb1d7deb61679780fed53ad049f332ae4140786,5b1b303a617cac2613159537c93673df770692f7d3b72456c2a35a7b16f41ff0,DeepMath-103K,41655,train,10,1
11,4a0b6272ceed2747563e0bba762011517be2306eb82cd9951e241dead8a12b37,f803c71241d89d7c4ba435acb74ba96bcc14a974667b07facc2eb3a5c82e6845,DeepMath-103K,11317,train,11,1
12,fa3944d0b8b69a6880a1d4457b045577270548e65016fbf5779f39c499996274,1df46ba7577b23db29e706b2217b67b69ac2b3567300505ede6720d79bf71576,DeepMath-103K,51365,train,12,1
13,54a4063d3588bfdd1fe07a896424cfc49b6fcccf7088ad3844f42414c9cb56e8,c492128f262b956c27c62baa0083178c89c2f2874e0a418ec1d0d92f1c9c079f,DeepMath-103K,22736,train,13,1
14,a20aa510ba417e7bf49bba81d0be9886a2986281b875fcba3bb6227cddb2b79c,e01ea2dafb0b45944be39947c13c61ccf1898220e195f2e4587c4e71f9a85cfa,DeepMath-103K,36143,train,14,1
15,041700fc8c8173f9a5d1d3212730465f1dbf30328945acb254742768e4f23dbb,e1096037411f93895e1dd0a88051e18e2f4c31a1bd5372063ab7ed1191ec382c,DeepMath-103K,26654,train,15,1
16,9e056d54929351b4d0978cf03ab14ed16cfba338715ccb189e3428680f174516,826bff43ede8acc770bba7cfccf4b2c578dd8be054af745dd1e21888e505fbaa,DeepMath-103K,28315,train,16,1
17,3a005d949d4059fb1a883a5bdcf5a1621d6a3eb3165af91b10eeab0ec4af9dce,a4fc1eb35f783db9b994718ad18149455d05ffd76cef250615380d781d23a3b9,DeepMath-103K,54136,train,17,1
18,18707602238d4f289cbc784d7e9e4e8ec77d477e223b5489c336d66bfffc6f0c,b6514bac0b3c18c7992846ce97e4d97ac2c8eb9fd5e880ae5d03b8c41c5fa060,DeepMath-103K,316,train,18,1
19,da365d983bc3f5e0e1e27c4ece59d006aaa474635628d88f5a2cf7c3d3fe87eb,fd84eb2190461b8501f94aa3972927853eaca4cc40c4fc5f170c644d28197875,DeepMath-103K,6727,train,19,1
20,fe5656da05ca1e75e922a1fcaa0428a81019000e93f3a6550f13f0eacd48f561,b78dd67a9be5e6803644f4f3bd48d7fb944255c0c36342b19bcf6a92626c2082,DeepMath-103K,42529,train,20,1
21,9a284617384d0921b85f1e7cb607b9d30e8e1a864388e08ad7da480fcb139660,081d4de52c5b1b804f75a24f9805361f0a7f5b909876358d7ac268fdeda17aa6,DeepMath-103K,40056,train,21,1
22,a854931ae01e58b1f0c8705717d32fe4376b35d0f737a05f0df7ac6cf4b21eb9,24e0d2e2f7df2c6d9e097829d32f002e7f85929830f74526d1506ad51e612d98,DeepMath-103K,9101,train,22,1
23,5d3c188d5679a05f4a367d161fc155620bc0a1ec545adc81019e5cb8dddf705c,13ebaf56d43b732ff4b1669466cfca5157f310a8cb0f052ad42390dbb7d0ea7f,DeepMath-103K,25533,train,23,1
24,30541a88d22ada6d6b58c38e163294418db79af6f77cfadbdf29721d466203a4,f9e2bbbf59155a26eda5df9015f5f1e70fcaed9d54580afe38f0e409045656ba,DeepMath-103K,18244,train,24,1
25,7e52a96365d3567cec5527e8956bb92bacdad4981d05ca473f7b3b1eea85a743,4e02b100f0cbee33a996c10c78fc074441ecbe7ec87a89fe8b8c6a97ad224f37,DeepMath-103K,139,train,25,1
26,e966ab0b463b9439e80fbaebd0cfeb71d90c76e160613166aa3e83a6c3a35593,ac44f9649f73408f4cf9e21dd360911699a6fd14e70538478f517e80f196719d,DeepMath-103K,43575,train,26,1
27,8d6f31f64a650d57914138a776a67a2fef5b31b1dd9a4dda09061a750c1d672b,890dfea805a7e2eafa7c80d2571635d262d82c58b201b5f88c01ec14c9861027,DeepMath-103K,36821,train,27,1
28,605cebb85f3cf43654b10b329b6074183b2ff20f06940b1cf2e3d1952f034f22,708daa809430df3ad553255b5a3b9d633307bcc21fcde1baf08d2848146e63ef,DeepMath-103K,56489,train,28,1
29,90d892af19b9a26b844a3fd01183c16fb0f5892383902b2e40d765f0dbad3095,63733c9f11f96f5bec5499ff9ed963dd88005916c90d6896acca544a91ae8890,DeepMath-103K,46001,train,29,1
30,9636b6223e2d2814d22425d60a149bdb43e3aa2358537f4b1a2a20448da005bf,fc90483a02a912ed6f54fe898aa699a430025ef13aceae5f0d624faa5c0cedd9,DeepMath-103K,20963,train,30,1
31,8a322b4244c5ddb2978b8b551a81275e908b109958a365e2447285eb5f4233f9,5a4633dcf6ee2cc088c9fa0ec0b211f1d3c1c171fa2b5d42f76b54c8b0d50e12,DeepMath-103K,44204,train,31,1
32,1010d4beefa8d72c1fbee9801de0b53fcecef6859f7ecc99afa611a098a8ce4d,a8fc80b519256b4300eb958349c35ac70f95e20391a2b22db296f58c3567a692,DeepMath-103K,50363,train,32,1
33,58322fe7025ed73a58284d740c6444c0c0aacf4efad250a1123683d97a8bb249,ad13ed1b83737d4361216a41a0711c5d1f42b2eac8e4240601f4c4740e32a760,DeepMath-103K,10966,train,33,1
34,bd8be612c85a14b187930e1113d4f1240b18e9608de71c30e6113760c2f866c0,60c741bbebcaadf47abe596e1d099292a8ac76372d1d37db78e6af1181bf297a,DeepMath-103K,32487,train,34,1
35,4d2eef1ef50b6467be24a6077e17034d44aa5ff41e04cfff4986cfef52909d0a,9e0182158da679320559d867561d69735881cf4a75488192081bef9eada071f7,DeepMath-103K,10240,train,35,1
36,106dc589b3dd5d0e1d0141d735521c559a79096c0a8c3b538548b4ed86df80b6,d2bed6becd05c442030e138f4cf29533586b6163ab98d6444e421b7fc49f7db0,DeepMath-103K,12193,train,36,1
37,bf1847837a021d586741abb609a5a05b88d33a58d3bcd60a6eac199917e863d1,58337275294c1c6a3a83b4b6fe080d9f9b4fb56e1a9a87f2b2270e9bdcceb8bb,DeepMath-103K,41498,train,37,1
38,49dcd232e64a1d4de699aa5a1978bb27eabda2556ffd413e133e5ee9eab01509,09074d56223228a03d8ba2f5b42765827e88a2c1f6bf1140227df89515fd8ff8,DeepMath-103K,51221,train,38,1
39,61210c3b5c817f5816bdd2dad2d060d250cf07daf216c16ad4e9be55a8ab02df,da4524bfed52d5413735bb6f21e04c04f74c6164f45e24000e36bdb282013914,DeepMath-103K,46117,train,39,1
40,9bb097c96005fbb4eaae2928c4ffe27140a2c8b5297f1a5191bb1a5f37c270a6,babccb405974c8a152ac62b1050debd5f464b0e0bc9b665adb9928723ef37d85,DeepMath-103K,33016,train,40,1
41,e4585e4ba5a73e6b17090276fa2476234e385ef9083d9b34c51c854510460ad6,9f009cd5558bb4f247cde747cb2b89a33e6278ed39ee6582d1a6d5989ab34e0a,DeepMath-103K,11033,train,41,1
42,a35ea8d9407f898246a5b7978c6fc3661917c97bda6adb107acf5e272054a7e7,8b389bd6bfaba50764e1a78d94ae629ae35b43fe3124423c65326c274b57fa9d,DeepMath-103K,25168,train,42,1
43,e40c0de97c2c3f436728ebfa50cafa847133ac94af5c2106c4f6ecfedf123c78,b631ff8e1bb82f992994ece9fbc67caf31907efb509a9782f901c1945d8a4719,DeepMath-103K,41651,train,43,1
44,165e886e5619f7c7ad9cb986435c631629d827118a4aac73be59ba0e6e9dc259,15683066ccde298090f2b6ebfad0bc902955a42238a866867cdbea343e833783,DeepMath-103K,48987,train,44,1
45,3dc842e5d7f3eaa7da85a4a60a9c6e21c6687942278e1b793b5acd863c22dae0,2222d5150c57a19e590fe5f6432e87fde9ed65855d20f8ec0b8442ee06e72813,DeepMath-103K,48508,train,45,1
46,ce49dc8c2f2656264562b1cc9f061b4006a18ab059cb93bc176e99ec0cbf1819,17c64442306cac983c8bc2730017163a6e3e4d22a1121c2bdda4b079bf769f18,DeepMath-103K,56828,train,46,1
47,b8fd878131b0d1c12a626c00740a08640e6046db61398c2fb6d901ccdb4fee08,9fbb1bbcf6dd8d64e194b6a46ec39c3baf22aa89ffc0ae20b1c5fc3379b01e53,DeepMath-103K,30211,train,47,1
48,228f6bcdfb4a7b0f20a66c4fdc8ab05052b8bbb9a3cf3ddabd24384013ebf477,f5eda4de78a1e9bcd56807c3266b508c59cc60f793de96fe9bbdc5a87a6cf8ea,DeepMath-103K,51505,train,48,1
49,058c6d2ba5f654a0de1d2e567df838e367a31b3ba4e04fae9adc8958429d8afe,048f76ad5e7b18acaaceca1510857e47bc429d6223dd0b499e3196405cd67fcf,DeepMath-103K,53966,train,49,1
50,84d60665eccfae8bad0aa557967c64415281f7aacb3ceea8d420bde1b106c511,03f8acaa864500f9acf58093d3228fe2c8df7525914f3340cc1e84b2790dbcde,DeepMath-103K,26739,train,50,1
51,eee6cf28fd6badc7b29bb13f434d3a328dd35329f5a5cdc8fa8783a7ad3b285d,f9ac606b2717716705c527e27b9b59a9c6fbb272782e88bb4a8685b164da5766,DeepMath-103K,11597,train,51,1
52,ec58b3339fda76591e7fba123b5bffb29f6d220554569b6470f15d5300da494e,9456a7c4f70361f3f98f7cbf495878950766de40db0161e14970cb72a8438e0a,DeepMath-103K,1772,train,52,1
53,69f5543dca289a9749c52f0ab93dbe4a0a8a5b6eecc928d6352446a110bea192,b9b3c20c1036b6e521a9f1ce4f436be0941eb0af12e7bbb5584276971e34f78e,DeepMath-103K,12587,train,53,1
54,11b09253978fed07e30a271b26b14b2bdc3b17a1b774d147c396b532c40be639,ae81bd678a8eeee06a2f8673e74718a0514c922dbe56cbce0bcfd2a016c05265,DeepMath-103K,11766,train,54,1
55,648b1c2a3c327009e576e2246f5a25bf2795225277c8dad8ef063b2033514c6c,65e44e5f3bf0c48c8a87bb59c015eef6720a6b19a71624a8adfbda1d2828267b,DeepMath-103K,45622,train,55,1
56,98e0ea487a68efa7e1940ce5091efaf896285ff0cc001cf1dcf987b8315437ba,aa9ae6c9dbdebbd8e6c5f34a5c0bc139fe1cae6b0cfcf956b03dc829d9f4ec2e,DeepMath-103K,22404,train,56,1
57,7c4ff006736371e369005167abf41e3e7b0379e7531a000f9a5a6b0693198007,b6da7a2216b2123ca63194fda0ff5951fa9cd82c5e6ed543108d455060832713,DeepMath-103K,34783,train,57,1
58,958c2a73a8987c7cb2a22f23f33e92c9f68f318ffd047f6e3afcfe32088e6fc5,2ff00c458d8fdf2073f14c757f75667aa081b07f1de6dba57a82923c2e761d60,DeepMath-103K,54704,train,58,1
59,a622ed846d1e08a3e9d7cbec2983c5329a41d41c24127f0a56ae068fb463573e,bd5ccbde563a7ea203dcb085c7339af7ab722fa3b315a4723f8a06ac52224d02,DeepMath-103K,4233,train,59,1
60,d512d967ebab7e4f9834fd233f8d3aeddf6f141b8832588f87f3079141f2f595,8b31f303b8c1160f2edbf104ccdde1560993d05a64e150120fe254ac6373a2c2,DeepMath-103K,44528,train,60,1
61,f15de6766035ff77ce21f595b5db57a56a7f84d9169fd9396fb3e1c43ae75db3,c3edfdcc4c7db9825ddd0b70aba8bbba4f87255f742b148b65ba4c6351ae7b0f,DeepMath-103K,23567,train,61,1
62,268b9ba2ca50da5d5df27d0ce88c69ce6cf3fd2de39a3fc77433ff113528321c,15672e9c5117fe602ec96c38c020a173cf38a21b744dc4128b5d731a25bf2627,DeepMath-103K,49482,train,62,1
63,0d7cedc9c27a94d1217d9457aced1a3cbb784184177611096b3ed9b07f711f1a,e8b7314ddbf7c38706e6e5405e8f796683007efa3d48769a32de57d583a04259,DeepMath-103K,20346,train,63,1
64,1bd18777084d6a2214de90b8ef346f6c48592ca8177200ebb075bcc155169385,65e7dc1752a751b2ad9c333befa0475d5c848d8af750a166153025ce02eedcac,DeepMath-103K,28752,train,64,1
65,5607ed2ce1e88bf71c75aca9462640e9e33fcd7c7da9ffecb4ddc9d121309fee,2450b9d5ed85b3d7fa2e519e3e0289d6fe7c4e4704e169fba652c0a4889957ad,DeepMath-103K,14195,train,65,1
66,acd8e0847c9ee230ba87f1fa9f8dfc8b3bb527f0bbeb97b1221757c9973c8eb9,a9413bf1a2fc973e66d9396132df553fad0420998a56e3265b2f4c78b0a96e46,DeepMath-103K,35851,train,66,1
67,e5e9661bd855fc94c93286c670a69fed77b96488a44abe74dccd38faebe38a78,951aa75031b98651483be10ff0c916c941fbdb0a2369d6662aac5449316b40a0,DeepMath-103K,26928,train,67,1
68,3b9b7f069d34c0ad4b7899f743456a674c41765b63940994e5ca451cd374f9d2,ce33c00cc3d7948908e5706709e13d9c86ca17a1b57b343b275c8cd70fb0fbc2,DeepMath-103K,48963,train,68,1
69,ec0c8368a188b1933f8debc88c3cb9e38185dcf95c7797c0bf9c6e8284abe38e,7f2a05e4ad8fab1f0340ea38c4a503fa9268b003d8d6af0105a987d5e826e297,DeepMath-103K,49604,train,69,1
70,6c746d4f3ccde53a9cc4b285cee6a7ad7e11b8bd33dbfd8ba130042c3fc9c7ae,2e756c047513e7ea56068643791dc5ffbab20753d881804a48faf3af8a598567,DeepMath-103K,8359,train,70,1
71,8608ad975ca6af24122b78ed3485ff026a944f857015f59746e0e6ee87b4860d,a7cf0b654373679e319a2c821339c8bb3e968ac262e9b6a015af53d2990d6fbb,DeepMath-103K,8322,train,71,1
72,92f05c3d9d9ba59ac156d86168a86e3835357f9769d1e80f214320e50d1d0c7e,d7f4c459fa94593a0f71076886054e8e62970d4fae52f26e363c77584eb0bf7e,DeepMath-103K,39883,train,72,1
73,512a9f6fdaa2b4c9c5e31cd80b4e213f2d14daad6a82af3ed16ef5de131bd26a,6c26a8f142875d120842e38de75c40b86939c2e2242912dded39d56e44f24f6d,DeepMath-103K,43901,train,73,1
74,2da9ee3cf5c41299cc44034ab7a61c0e91328adb611e91818060071a92f27905,29d35e45728b85a2236006f85b595ca3dd00675124d36bbe83dfa5402b863906,DeepMath-103K,4838,train,74,1
75,975ac69a7badfb82882e46c52096f449b53036fe77665d20dc7932b6a7411c10,84c1f491d8fe2422299ad6e743f6c762103d8cc90c20cfc3ed979da1d07cc146,DeepMath-103K,47618,train,75,1
76,785faaa3e022d23095ae95d07849dbfaa819da43754e1e62d0dd642b1e7a01b6,5179d63c5768bd9179f24f30a11ecfd98e8a268eb9dd356c391b7f1c3775480e,DeepMath-103K,52986,train,76,1
77,5c77682c1269f77fecee630e62bafb558357ad516a916667ad6461430e6c8121,ebc7709c70f34bb8ca61c4c0e0eb1b2db86a3e793adecfa3adaeb81c29cbc5af,DeepMath-103K,32379,train,77,1
78,e057f2c5644e5b8ae19be9261e586bbcd288836c1cf94c64f5cebcebb8d34c67,4a21dacafe75279cf0832bf04720a0651e39af29545c36a6c2df0c0bb84bf44e,DeepMath-103K,54209,train,78,1
79,7619147217b7695d1ef9be168605f8f5f1a736e0e9f68bbdd1e28b6655df81ca,d61371e5ae39e39db19a6fae03cdf51686a3b97e505a9747ae4f0e335975b52c,DeepMath-103K,3982,train,79,1
80,5f46f838e32288b91e56c728733741dfd2c8f848d99142a1bb0aba4bd80f9a3d,1adfb1d20c7c8791b715ec6833d889aa4928fee0a853b288a48e302f41e6a912,DeepMath-103K,24962,train,80,1
81,e4bbc1743fe88ce2c5514ee6145135604d9a3ec36943e66bbcaca5d4a57c0521,4c3bc31267ec053d36773f840ed0b237f6df113036cbcbaf33a18f8a45a71ae6,DeepMath-103K,48553,train,81,1
82,601b9753e494c2b9cf5579875be1ac6a3dd914f28675849c735a7915cb3199da,b1d31609ba7f119a9f4e814329beaf7c58515e6dd46f4d73fae89ac99f1553de,DeepMath-103K,24976,train,82,1
83,1f801e31a53564d8ddf3a5317a4491030c72beb46f411936252e5ce02db2d09e,57320370d6a26bf5293c2b67d2c01f343ff433465ac9cb8f69e4b632ea7ee370,DeepMath-103K,20061,train,83,1
84,d241aa7462a67d28aa49c11fd2abad1f6b34bd1b26f650d245f97b2cf1219e68,51ddb9950749aef11e2fbbb36f3266e927b2ebe80fc357e75e8a740730338384,DeepMath-103K,36559,train,84,1
85,f3f36e4e171232e38a75d495cbd7bffff755f6445e96200de7a53bf7ed55c5b2,546c824bd5424b19c6e0a35253dc6d167cbdf678662b40bc739c68f0287e4c8d,DeepMath-103K,31028,train,85,1
86,2a7e3ba9c85fceb14d68efd89a389ab094ed9c65ac4157422f35adef5aa9704b,f6035cedfb2ab19ecd32709315ba1688797240ed4f8412776d84c83c645d9f7d,DeepMath-103K,31419,train,86,1
87,a35f8b1ddfb08cc076256fcecc0dad877837390761f9bbf6bb4e02e3c9345a1f,10b2f6052f526689ed09ac0edfec0084aa0c50ca9a961606f5cd9cf722aee6ae,DeepMath-103K,53188,train,87,1
88,6d4d189786199d24e2de612b48b4cd665a53be91e1ed45eaa2f203ab622fa99d,44173d668613a244454cbe73256ec92ad40dfdb5e8b8e9e81dfc147ab0811cdc,DeepMath-103K,31083,train,88,1
89,5c26c3ace62d7a84c27db5cda3ad55343331a6075dfc6d8a4a8803f185d364b0,4e7eb8060840e274a9e213302780c90ee2eec126132acd951a5c6ed6c6026f1c,DeepMath-103K,56160,train,89,1
90,9ed3791d90cdde46fc197259c4acc80ee0565c6769ccf92337900016009cdd71,f270f52d81d6282ee724a94bd62ff01b32bf49a4b247b0f018c7a7fc1d1626ef,DeepMath-103K,8893,train,90,1
91,2cc27f1f28f8379c0e79e487cf7c3414b46c17244ad05c6f72127e42f5e67456,905f84655c2e833b75f9ef106f203e2dbf70f08ddb3cfad125d7e042a95cf2f2,DeepMath-103K,38800,train,91,1
92,a62afe3e3883b6abf8efa04c144f178c092e5b1d91df5f1fb5a385311aa9c3e8,c7ae23ef7e7084eb198654e7b537b5c95903dcc391e8e3469208bb1e0995bbd3,DeepMath-103K,46310,train,92,1
93,8616d7780750bb5fdc4864c48eb931c3055eabce81a62130a574665a42d71aa1,2ccdc2b46e273944a5f1c15dd2e20417c79fb2373c48cb22c1964204cfb13d3e,DeepMath-103K,44542,train,93,1
94,faa5a8d3cbf09069022a44c88756da79c6122e293efe0529b6662dde19a41487,3eeafb16c27948c9528e88160aae5e1021a47cf2eca72bc5530fbe7b1dfb81a7,DeepMath-103K,53813,train,94,1
95,7bd7903a4e2c721972460b0b8140c22a0080080cab505ffd57354b3ee8b0a3e6,ec5ee7bb6b6ac3615bc1c2c87e603b2c341b173695c07776153bb498ac1ebf76,DeepMath-103K,16852,train,95,1
96,b416cdfa9a07a3971d0c58b6c63630dd5305a9851d17f3ba8f44922d2b33d61e,beeb4e586e081aba937fbf7efee689a7a4a5de763c640cb9325b75333d047102,DeepMath-103K,47480,train,96,1
97,ccff27cf3b860e7ad47c4b5459216c19867fcf3e3a2b72c6c954b1cf93fd55c2,90443b176e362b1c0125dbea6e95828fc7f28637f083bee95faf51cafa93a680,DeepMath-103K,48134,train,97,1
98,680cdd13001806abccc73707ad11ddd9b10881280187cb4a38266bb59ef08a50,31649e57df7dcc00a5c2112666e417a8614c3ec5e5962ecca48ac9326f9ab424,DeepMath-103K,42456,train,98,1
99,a94d92034b529e7bdcb41868825293df10e9ca2fedc98f33d3568703a88b4176,5b2c0269f69a7b19785ba9df55d4adf3e2af1d653d3b8180abe610ccfac2ab3b,DeepMath-103K,8113,train,99,1
100,51895cd170dc74aea56095da2270b168ee36225a5fe3dd711e1b9f5dee681562,880199c7a3622cbb1cea29d75befceb6b04fd9797cbf5c6d24ac4ff1f2eac4db,DeepMath-103K,27299,train,100,1
101,86654c45e54e95e6c6334e7eae92e4d58b212399e964904091f278f6e9e40724,8e2a53a8df74bcc85148fe925c235b6f9b8867f82740868b42c5af5950cd1653,DeepMath-103K,27330,train,101,1
102,15e22a9cc1637c3651df4b191af28b83c8f564ba124b21d9783fa01c3d5d136a,fb8378b4cf93c2d1b7dc5fc323854167db5ab543c6130a2a20a562c61ecdc982,DeepMath-103K,56129,train,102,1
103,55cfa9397f9ea5f0e9657262cbb4725d936108af240bea9b1cc2c42018768703,d6c74a63c68633d44919888d67012a77d5360f9d2a906fcbfa6545c9f6ca55fa,DeepMath-103K,12018,train,103,1
104,a0c24c0dda7da98ab98bf053a85b55445015f96254e0c32425ce6af05793fef2,b63eae29699b80dcccfd898a603cf2d8804ee29bdf4e23dcf3b60bd633b12718,DeepMath-103K,6592,train,104,1
105,f36b96963f4b0c49249a8b694c74f0eff05045f444c6223c93c8a328228b1598,3589803853a2f9c6319c77cc9a3c5d403abb68c16a1513ae0c9ccb69401d189f,DeepMath-103K,30239,train,105,1
106,b527d1a8f26499149d9ea028003b3730106edeb93b3542f9782f844ec90c9a99,5cfee69ddd5058fa2fe9f5fc4be9431a336f647214f8485d9944a52f5a53a844,DeepMath-103K,42776,train,106,1
107,262caeda5013a57d44815561b6a4a425fbae5f0816d684b7c6b21238cfb7c444,7835a62bf19cbc1ca225a3f4896c38fb6a109f8db7deaa41043ee3a15977edf7,DeepMath-103K,5252,train,107,1
108,bce96c29372c554695b332e82c29e5f8f057489787721a0dbd4ea415c80be89e,6f6a6509892b643ee5041b9fd42dd28ccc7ecd59b07ed152981fd91ebb1842f1,DeepMath-103K,51865,train,108,1
109,97e1e5ba6cb8eaee5e35b82a0c6cbe490f8974ed86c75badfd4b86634b1df923,29a6cbc77b85cdcab904e63c4b774d568ae7a216666a78a97f58704a829c9f81,DeepMath-103K,46822,train,109,1
110,454c00d11287cf485026f54dd4dca50d3225212fddf17b6ea1232f8f00ecf6b0,60f5ba19c97f46e0a45585bccfeac42134dce2ac30927bf466a221f4a5618f40,DeepMath-103K,7575,train,110,1
111,155c445107078d9728522bc730cee5505b93771be8b79235ebcbe6b1d5d0cc20,773b6000d62d752a02df3b9a5779714c4063f47e22983de7932ea65a65109a90,DeepMath-103K,53517,train,111,1
112,0eead79188530b7d56abd3deaade24a1d25b78b3b606ee6dd571a4606cda8511,3c36525b315a7f7e7f5679f7d5792e39ed01c09d1f4d4457c9ab3dee470ff996,DeepMath-103K,20833,train,112,1
113,56076dc7fc3edbcf8cda1b848db1591636959692d687617419b445ffe77c0ecb,d52530075e86fb68e0489bba7acb0b5dce27c161fd021d5b1cbf861467503cab,DeepMath-103K,17170,train,113,1
114,bb6e4018fd536cb721de4190ee66a7fb2ab9b359d27da5c71713cd88287ab921,6d2cdfe0edb60758948728b966011a2089a1dec83fbf970c11751e768e66fe55,DeepMath-103K,2771,train,114,1
115,0b486b01a0f39547ec676242436ce66d5764db8bcd1b108f8af597f9e8e6fce0,f86770e405ebb5937aa37727a47870237f0289da084eb021095add6e1c3dcd67,DeepMath-103K,26155,train,115,1
116,9ee4d0096acd7ff16c8f845185b08ec3ffc9ec3b4a5ee79a1fa517f0ade0e9ff,97b76258cab9ea0247ce87f0ccede6b3cf17353f8288c881f20c2480e5033068,DeepMath-103K,53797,train,116,1
117,b2b14157c745a4da84686af29739adfb8b0557bd8115332b1a03ab04783fbbc1,1a56bd8849b571880220f4dd037b57155b03bf05ad2e7846440bfa9897b7fc4a,DeepMath-103K,16040,train,117,1
118,c8c2a9607a7f70a8351e18b28239871ab3dc9569e8a749f22eb5a96899ff1be1,c554d531b5837e8d5ed76ee444fa2c27c13454c2f76525927d8474bd2f1b3980,DeepMath-103K,35966,train,118,1
119,ea6da9d4361ec3d357257b959bac889512de2a5b1e35a71f96d9569aaeff1411,4f816d68ad5774a6def15b8b3c6191a45e904ead827f975cf1a4716276be1c3a,DeepMath-103K,49448,train,119,1
120,3a0a15e3b42e0df259dc0fb3504a68b043f4aa07c5943b13a2cea1655e3c15ce,d3dd6c3b263f95266b39b548e695d0fdf0f6ff4374eb69b772132a89bc0daf52,DeepMath-103K,38349,train,120,1
121,5b1d1f2155b5303c7f02fcca45c54cce1a2eec18fae648fbdddeeeabfa7d0fb5,83556ffe67b89eea5f4a90f02878960c606ff49b405540d7ca34662fb17c225a,DeepMath-103K,31661,train,121,1
122,4432b2eeb073db5ddd650b498b75f4e7f12d2118cbdc2edc4e111b8b5ddff70b,7e32af26fc34731303e0a4dea67abd9b164000da6971d9c30fa38e1ad4e2a264,DeepMath-103K,47034,train,122,1
123,a0b990fc9bca47de89f57482b77476f794a9479315639649879781f3ad4be81a,6300b9acc68306695d935c528223accca4c1edaca63e12a00f9ae99bf202610c,DeepMath-103K,17885,train,123,1
124,26200d69ffa6c01b689629d8775894b85382cb840f373cf6282ba27120da879f,94f8229fa746be76de7b56ef4332e6f5db67d824fce3e6a50921430679644850,DeepMath-103K,53183,train,124,1
125,0238b0f7bc141ecf997d39a4d41b4d3dd65fbfc5c7da671637c9ce3d15423f1a,cf870ab84e83998f9aea7575866be0a25ec3578201100a3a9e2d05d94e895fa1,DeepMath-103K,17724,train,125,1
126,452605210847521394e40b084ab816dee8963e9317049d88f9a56c148a96223d,999635ec3abc340797820363103075ef9aa7fcd032557ec5ea56551e6dafb487,DeepMath-103K,29459,train,126,1
127,6f4778c196121fb2637f7f188aae5a71f3094b7b63a345baa1c023b84505709b,16b3e07905fcfa614318be8a7866a2f3d8ac1f07c036c3d2e92614dbe4e78fc0,DeepMath-103K,41314,train,127,1
128,27a3095912029f9668d1cb1ba841917da0a0441c46d48440b47796ce0af5e78d,81dc9a89ddf82630382620a16f89294eadf44035f1dcf6303fedd2173f839573,DeepMath-103K,4441,train,128,1
129,00d404624205b0d437fd997c97362d4eff705078cc7107161b1e4031b387cbe7,4be3b0a93e12948f6de90d882e8e4291192bdfea1cba4d785c588554e181a21f,DeepMath-103K,27285,train,129,1
130,a854b7d8aed635717fa83361e868ea7195e744dfaa86a70c42a65e5756a01880,bceb23176a0a0465be55a8deb1eb66fd9f29da111440dd296883cc8849d807d1,DeepMath-103K,5260,train,130,1
131,13fd4ef0b218c39db6923dde7aee86853808146259a1f8dd296093156ea08ce6,011853c53a2fefd2e12772c9a4be078455bc0956955a9ca44c5c99544bb0adb1,DeepMath-103K,18932,train,131,1
132,0ebed757a51ae7f5580dfa96715d6890850e83713e72b6dcf419d0801a6f0c88,17de448e7249b13d22f58b1df0290881cf85bb1d740d1477d7d86984a17d446b,DeepMath-103K,8065,train,132,1
133,1eea44cf7e4d568c30cb6826722a1e1a372a3ee9ad9739c6238b0aeb0711ca56,33816c379f18f906d5608634b7a94ec5bd439db96f8262fc6638fdc7f5b2946d,DeepMath-103K,55266,train,133,1
134,831c28f795b5d5550fd15f10cc8897fc3a20e73066214617d7ac00f73ed09b8c,b5b87f72595820a2b9e98f5f423d3ee0e35c5db35c19cbcb6a9c643ec3612c97,DeepMath-103K,50189,train,134,1
135,47616461dd993282f0f7f1587e2c47ed6545141e0857d5be920ee42ea03df9c2,52174e4863323cabb95c2e151592c7a0c9a99f74934102d8b83ff35105b74ba6,DeepMath-103K,51499,train,135,1
136,5bd2e4d39686ab2fbef5d3db0ebbcb95c29ece07cd2fcd0f8e82985d9ee99c56,6dd0a1b3863fa34c5cc00930d2c97fdaf0a09bae4ec3ceb5737d21a0112ae85d,DeepMath-103K,50923,train,136,1
137,e13174951aab460ecc5b41d6f80e9c622f4ad397bd4631650c5aae69f54e2781,b42cf120dcd82f9baa2dfae13bbc1a7773c76a324559c09413d3b37a80d2ca63,DeepMath-103K,49610,train,137,1
138,9778d2f8655fad81271d05149287bea0ce180ccfebb2be555ba289fefd2d6fd6,b59b06707d65c54dac53142635441a0ebf10368f83438176e70aaf7852de9dea,DeepMath-103K,31302,train,138,1
139,303b259db274fa1861d4910ead255eb54bf7828e9c63387c222f70fb2c03ad8a,65a5430169057f18a63b52db653240c8f676f1fa6ad13d0f40f624a9934b06a3,DeepMath-103K,52827,train,139,1
140,de4333f875a4b8c034e59d74d0140266c04a45eb8899193dd1adeeead474eb17,7ef6f6be0358df349afdfcb4e8dd75e6e703ee864d21de36841629d13ed2407b,DeepMath-103K,20763,train,140,1
141,92edc665b99889eb2659704bae8cf19943a9fd37502dc5fbabccc5e62ef05748,15852d831ba98faa4e2f6af07212c35a79bac1f51cbdda0dafd8536ccc59a534,DeepMath-103K,21835,train,141,1
142,4791ae2392edc7352025853d92b9a8ca2c0c337d8541506329dbfbd4f554e186,0594267a9ef7623a8b8fe48244eb363ddf88ffe8d67eef6083229ccfa5a61ea5,DeepMath-103K,40571,train,142,1
143,ff17c35df3273a3ff737b1163c41db445e2364cfb1a7284052cd12e889facc97,b8605ead4e02218af96f2231eba0d02ddd1c9b46614e3775dd4236812d99a7fa,DeepMath-103K,27283,train,143,1
144,f63565bde61ca2d44de2851ae5b6996c73305db286049e161f621788167a0155,33b21b730cd42d4bcf3441288e8bfef3d0fb84bc1de2285768bbf0d8794c2008,DeepMath-103K,51135,train,144,1
145,681c3203abe14809f6cde4692402e9ca424e05261c54af0b4d65a3f0908e2cb8,bd04c07ce2387b53deab3da2f6e50276b4f1bdcaad10ebfd6dfa7dfb525ea88f,DeepMath-103K,10384,train,145,1
146,0fdc53edc3f5e16cb507731c27e1a61024394deba9683b9944951ff6d39828c9,43a50f7f8af7e41731f20562ad221b3d5b2568ce1173a06843e5e32413570b3e,DeepMath-103K,1239,train,146,1
147,3c7a17709019aa93b7b568f667ff052dc514f3ef990acccff52c730090b79b07,9d11afb47a0c3411944ed2b7aa222bf6443df4bc1b1be2ad3391fc9427a942a9,DeepMath-103K,13203,train,147,1
148,feeb7160d9ac3f6dd56137a6f07e3aab83c9ba779100cab2a5712b7b8144967d,caec57b1d087819fc335e79a8d7b3357534fefe1b27b25b5a4ac00257fe50328,DeepMath-103K,41347,train,148,1
149,a708198d7f9c89cfe8bd13106ccb25fc35edaca346171d5e894a982226e33aae,074f4a9cf2fdda0f85104683a47804b2be2275806027eaf8f9f3cd95a1be5768,DeepMath-103K,35998,train,149,1
150,c5a81998788e6db4c19d4aa5cb96f4168fedbe0defd2d7f654013a75af836cd4,f2a8d871920bb55545f23663b3f3592cd91250e5a3073a9d99df99fb6545cd55,DeepMath-103K,15072,train,150,1
151,21d112345dbd7d80be4641ac3cd7fdb30d7aae4f5dbde003aab9dda72aba811f,47ea9032b70d784ef39e08a5821bc9030061f537da7fbb7912bcb2ea2c1ef673,DeepMath-103K,10115,train,151,1
152,f2a41819f048877957245e6f26c7eac0b94b0cc44719c08cfff006f94ac2255d,fc8af6213ff05fb381181e434f4eaa10641d276c8f9c5146c0ce95b992f77ae2,DeepMath-103K,39163,train,152,1
153,5ce03ffd39fd6a6f602ad59d4bbbcfbac7d8c20ee17d13e5c3ccba8fef0a37c6,6a131eafc98d2b1f9856531a73c848e3efdbeacb4dfb8211e3a46a97eb4e2024,DeepMath-103K,40817,train,153,1
154,348c4c2c65ffd15a6f7c8b990fc316b12f5098adb2acb1c7bb0928cf69bb4c1d,3c2383bfdc7518103eb574b922d55010ec1de41e227508dd7f7fc2e98fbe6c15,DeepMath-103K,55187,train,154,1
155,faee7bdee2edfad15a3fcd86a9d7d0fbe2b392c41ecd9fb135dca3b43f80ee57,3fb04bb0b768cee3531a2333b6a6737e37cf16631221f95e91ec5ee1ea63cedc,DeepMath-103K,28300,train,155,1
156,460a2f8865589e4a8400890c85ce92859a5c2a0072b1a954f417454f3fc62d62,bb2a66a5116d03af7ced4eb225a5c849d343e4d6d6acf5876818a67827749ff7,DeepMath-103K,41293,train,156,1
157,6197dae8bb2547a1fee786edf701f98fc03613190eed22b167cd738cffdbccdc,64f6de463e2234b12db3dbb9c2e7286a0ce21260d40113703dfc3146a0fc83ab,DeepMath-103K,3451,train,157,1
158,98bb811a627d7ef8d83fa74ed85ab0ff697b0f1d8f1a82598b0c20b7867827fb,b7203cf33d8c8ec0ae537fde1bd9fc74e8e47f143b4a0e2cdd0238276e644d89,DeepMath-103K,49435,train,158,1
159,f69d9492031c1420a776ba7ce51e962e746d202bc56e163d513f6190fb201857,f65e7ce5d953e25dd4ee1bf58be5310010e9168ede5b4a3f6e23dc6f7c213b97,DeepMath-103K,31338,train,159,1
160,5a0e27c0866d6ad3ba9bb61dc81c2b1aea3503cedbc5a6ee52cfaaef360b633f,697c92a92f9b8f8dce5d23a27271b020f5225769732732db69342f577f5b806a,DeepMath-103K,52955,train,160,1
161,1348803d2827cc6993810aa2a620bca6127267b19f132db4d2011ef50e007ae3,fcce17c57946fb41762b65c498f14d518e729185927e96c9cce98cec8a3488da,DeepMath-103K,43706,train,161,1
162,c0a9c0a444d64828007ec33154cd1f4ff6f616974f6f336c42dddfa5a579414d,efca7cf825fe9e15df58955c128cb070d4276185c6a4a165377b0db1ec9aedaf,DeepMath-103K,30088,train,162,1
163,5ccbabafc56fac69c7e7c7e510ea6c856e023a0e73f19b0846f22cf5542be1fa,664c5d4d7d7b7b029da2a08b9dd43e02ec06fafd27286cea7fb9de41b2a5f644,DeepMath-103K,19658,train,163,1
164,cf6f14384df3b04200c86ad77a564dd6499dd693ac1a4927d5a3839ce99e8b3f,1b626dc8c800d0d38838ccc7951acf2f18495d7cac3540fe86fb24a103bf244f,DeepMath-103K,53737,train,164,1
165,b06451dff51f2c8618f7b5c545b75b4ff250f4c59bbc0a6212caf54b8c085f1b,df88ea4248c177af326fd82c91b10e9b2e5525e92faa0397dee7be5c613c7ebe,DeepMath-103K,11615,train,165,1
166,1c21ae170d2e9bdcca15d1be4c1a4481abe468125cd90784afa0b683c112d0ce,acbf4bf9e57fd7ec97acffda160ad3cd7a26b6e423c05283aa76bd0f6ce119b6,DeepMath-103K,26002,train,166,1
167,ceea5cdac7d3d30c83bc07fc73a765ba9d6534d78caa533c95f8aaeecab1462e,b9198265dfc105a47abc16751fa6f34434ae5569949dfac860cb5ffcc552be90,DeepMath-103K,5327,train,167,1
168,a2e77a5e591c10c24850a76023b02e528505695aca52e9fbb7675b950b984b8e,156877bb790479b65ef04fbc1fd4e239800afd38e035c7fd7a60271ca81b6a70,DeepMath-103K,32290,train,168,1
169,c3a3090693b86f86a171fe309f3155f089a2642513c472d4d6a8aa400afeabf2,dd6edd2a2eb314860363fbd3dcfba73b0f0acd8c9b3166eff619d62e6932722a,DeepMath-103K,52017,train,169,1
170,b4ac7a012331457bcaf2bc7b9d217facc08712721d78f636d0418a893100471d,1b2e268bd220e60cb683b535543ddc95e97716d44c77dfee0d0f23c1e0234730,DeepMath-103K,19624,train,170,1
171,783bad9323cd68116562e12f5d44f3eb8d4d31db424fb90a9f4899e12d4c5bbc,446e39ba99de289e1ea6073946bd1ad02b8daef05f2bd606e88eafab3f5157fe,DeepMath-103K,29276,train,171,1
172,6a736faf20af39b2a0567faf7b764454097cc362e083c05958aa43a5aeb245da,133ca89ad24a60422f0756d2aa18daf8aefdef4a34380d35c6a0a0ca65245ed5,DeepMath-103K,54564,train,172,1
173,d7a590225affb43a16c12846d163c9a92c3b2e9ea2f31e05f30ea2d766bf43ac,e207932b8681a1af2abfd95e2f2984cc049acc5d5d7992a27322283ba65a4317,DeepMath-103K,55486,train,173,1
174,44e2d068501dad3af56fea3e43dcdee8ffe7b3ac58bc8411b86cd9a9b78772bb,bbb4864b7a90a8ffd340a90098caaf2f10ed81d73cc32fffcfe26bdae8f232e0,DeepMath-103K,26258,train,174,1
175,899c50fcbbff0e74b0ef797a00d8f4b7fa5c6872e0e496769a1ec623bb533013,9c622c0df6024e6a15ab9797182e4790d0612cc7d58e5048d4882d0b4195e6cd,DeepMath-103K,12389,train,175,1
176,388aeeb8b7edfecbe9ded4aa090a70b8c8925090ca1ac60e60a18420422462fb,ba3471ea316d3ad8981352614e42490ec3802a98ca3d904652ee68d8c2aa2b33,DeepMath-103K,3189,train,176,1
177,8e47a22f8e60ca2539357684eb21dd388ecddcd08ffbdcd59c301fc24232a449,f4b67bbfe52c1381b2d74642cedb32be3790518e35fb8da5f5d559a7206cf630,DeepMath-103K,56019,train,177,1
178,f55dd0958ec7ca602072396219033a0c996f1c195666be68578f6b78fbd759e2,106193b8987104e04d0c15c8e3cb8e88a8106821770858bc6d5a6c522f314735,DeepMath-103K,56983,train,178,1
179,2cf5dc5a4ff0badd567e56887347865b6905a96be73e8502a530ddc6334552e2,be648879bd7055147b3a3339fb4d216d6083cf0629298dfd57f5ac44b0bd73aa,DeepMath-103K,36128,train,179,1
180,f22427108c9ad1c14ef166c46628bb2e41a8859e2dca204738dc6e32d14aafd1,d1936951884bd4a0d07a44124195b833d47c551ec0da0e01a4b8bc2121b88559,DeepMath-103K,34422,train,180,1
181,b2379e7acfaead248a2aa31d6e5f6554c66e41d5ba05bce376b4f70de0c58070,b443c0dde1df10e77e98d834668ecec458aa151c86a47ebc36c34d1941cbbf03,DeepMath-103K,49838,train,181,1
182,7f7aa0c655780ea2d6303ce2f69962ead0e2d054aea69c6bcc0ef5fb7ea4288a,3835fb3ac721c32974d3429492a9cfc182046bdc01985e600f8308d4f308a277,DeepMath-103K,7548,train,182,1
183,c3f6b0e31d96987ee63b54060d359b9d1d662ab33d6a22b17d400d588d8d4c12,49d8ddf54129d8874848032951570b0aaea50e72bc5bc94a3329e328aa97dda3,DeepMath-103K,37676,train,183,1
184,e4de4608b801a7fd4339346e12f58378efd1db9769688f8846321db07b2b4838,61ca4a2b0a314554db70f0014f20829d34d3997a0cda9b5456263bf4f5ac6aef,DeepMath-103K,2425,train,184,1
185,a86f6f88ca1949fc2bbba02984206ea328f24c1a88b404e89247e834dbc358a8,7e7cd7bf0a5aea8ba2b825ab79a0c0dd6c1e064b550cdb5b97c291ceae47c88d,DeepMath-103K,33311,train,185,1
186,42eeb7e675d6ff404a9563f772a9cab97a0be9aa437f1d21dc0b5ca4a4f32f98,3a5b410e8a25847951dfa4ddf711834feec25157b29e29569434068cce501e7e,DeepMath-103K,39922,train,186,1
187,b553d3c8466547a4225a9cf1fe9bdeb09e321371616f254163a5d70b7b031735,7500c8361caf4ceb5ad13f43ca4d1d4d5e1daee120eda9c0d6621c3eb12fc6d6,DeepMath-103K,43026,train,187,1
188,ae4943f16df202b96d1436fde9c1a7e7b3f0f583116f73bd4b968adc89b4cea8,766b904e07fbb3456f5c751e7e631400247686c99249cd65941e327e135e044d,DeepMath-103K,33602,train,188,1
189,99f22e3c3ae1b2e2f8054699db1b4352e98fa8448e2d1aa562602613fb632c24,2aba5febb18ed0e361ee6e42bf55222e1cd459d064bdecd000f36eb00e523794,DeepMath-103K,54800,train,189,1
190,a946d23783e3a091fa01a540d0729cb89901cedf7284e5d6d90932b1da573fbf,03feb4dde16d309aec7bd4cf2fdb21c6a5508a13548e8ee2d5d399d24fcce8f8,DeepMath-103K,31697,train,190,1
191,b5697596e8ce0deb50c435c1c53b8fe2ba14d4ec043c81ce57532b8e0a20e391,65f2599c9120767aa11f7719f102632c53a5abe8982620d3a0a57ea5cae174ab,DeepMath-103K,10,train,191,1
192,443c783dd1b3aa6b2e20c0dad3dc7a94f96e518302169141af8517036dc4bcae,6c88e780c42ae1b489a9a34481dfa3056fe8a3cfa36a5d9d0a4d3ec04d8fb870,DeepMath-103K,25973,train,192,1
193,e82fb4d1b731070cdb4bc71baae5721959f9d6248dfd14fc0b56edeb7022fd48,142cb20e3d5367c3b86f9284748eb3d3707dc08d8758a33d20cce08af9baca20,DeepMath-103K,4749,train,193,1
194,3d13560babe011dbea7b0289ac0e65eba27daccaf28043ee9edfcbea76eb34c7,73a56fd86b6601b2ccdb5e35abfb24fb23bc783b88d45ab46c668e46a14816b4,DeepMath-103K,48606,train,194,1
195,c71edf88957185bf61f01e3d49b669535c07f4a0b8099b6a31c7f54e250de885,ecb2623fc92d207a036a7f3db6576f626281aa06639bb74e32d116be65675fa0,DeepMath-103K,43922,train,195,1
196,5da1ca74c7d5e4568ec154b3462f52d9ba1a374a67d95b1d6e4671c175f3e80e,2983425920c28da0cfda56ef8ec89c3351233c88228b3421f6209972a2f4bdac,DeepMath-103K,48401,train,196,1
197,0342dd94d15dc5e128f54a4b0456932e0bf7b82c83702fad6422f28db03f4444,9a0b1e826abe3932307892f4b121a11102cc24d41fb66adb31ddfdc7dbb5ed3e,DeepMath-103K,24732,train,197,1
198,33d0ebce40a177413657edd48451e7498f98edb7fb538c7e1cfa796182f849c8,1d576255ff6c992fd51a153a643057addb6232cccef97522d9f7ee3840ddc375,DeepMath-103K,35269,train,198,1
199,7826f4fe8c15e6075056f1ca90434887f354ac7b602d2fa3f156ee8c531d8482,51d555133e8e82a43435c78e20d8fd7eeeef4c4a599369804bc9b438799c31c0,DeepMath-103K,39835,train,199,1
200,417253b7ee310439cd82216715a48e7ae05baa8d8d55895746b532c7527cb3c6,51775b51875093ad65dcf58b503c22fc6661921bc8625ef45e2d6068bb069ceb,DeepMath-103K,6640,train,200,1
201,d222966b9686e1de38d43b4867b77183126645c3718f3a0db68b2ece3fad0a92,200ff873aac432b4f9fedccd39f953741614447482278fb279fce758aaf53d95,DeepMath-103K,27120,train,201,1
202,2c59a8aa7ac8c1a1af851f0a863b7ec707284e50af7632c53e0001e7887cd303,435f2afe76c1793fe4f466cce90ace87354383d2b14a984a0a5cc20c368a8fe2,DeepMath-103K,32549,train,202,1
203,245a47e920e12e956ce12d9fffe909dfd48f6da502d18f0fe4a54913a1d83a49,91d64613401fd706d0c2014b05e27cf192bcef3a0aa4cd77969cd619cf8fda65,DeepMath-103K,55258,train,203,1
204,74be0f16f505559ec63ad916b50750e900ff991081262a7ba2ba8a48948c69c9,aa082dc3e6caa179f004198f6714fe288f2ba0c4d71c72ad62392870700e1963,DeepMath-103K,18275,train,204,1
205,7ac58e975301e4a57157c8bf2577a8f406824d24ced8d2c7b79ad9c720e01e40,4ca45b5742036eb62fc6f5026dd617ba6053da2e3ff6dd9c5239ddb84c77055b,DeepMath-103K,38409,train,205,1
206,072b1daa9c16769ad807495d1e23f83415ef8e918387fd5d72e0937ad02aebda,51c121e3d7256291e849c8165402061b71cfb6eda6639798914f18f17843edcd,DeepMath-103K,45773,train,206,1
207,d389bc106c6c27ca8f3a8df43121b6b97735e3c5fcb815339456ad2b8b5c3365,8ec68b3972f726409c7d2215f49583b73ca17006bdf6c8159932631e8a352f38,DeepMath-103K,10358,train,207,1
208,b56f05363fa6dee89b26f255327cfd318e756704a55a0cc3ff046b5777326c6c,c2408b73bf173a212e25046401ac3af7cb0912620c2b4fe7ad34f245a1a03769,DeepMath-103K,36049,train,208,1
209,ea476f6ab11d4f503674e5a9d82ddc21f04808079111e50f5fdbaaf8c42e4868,fac602423bec9d090a15fea26e28f380acad1eccddd827b74033784f03548f6f,DeepMath-103K,13402,train,209,1
210,76926961e5da9461d5fdf1811f6bd08d962280f846b936231146f3cffb1b2336,0161203d25053b186a746f655b9d055aaf0379f5490c575771e6f08a78adc7fe,DeepMath-103K,32165,train,210,1
211,242a96f9a178ad8ccdc380b30ab1d0fd778439cfd4e3eda6e180f26e9a35f14d,6c8cc3762c7ccdea746c8fae6f651494d48cf6276b7a4d70c69c6e1a95246fdd,DeepMath-103K,44831,train,211,1
212,a83ee517ccf3f4fa8c366985a5e5c10f3851c68e4cf233b52066f70d912f4909,09394e0cace22269ed7423cc893608dae90ee9f6728f8a3bb44c54a604377ef6,DeepMath-103K,3032,train,212,1
213,008b40166f51a0e5ad31124cf0b8c640ae46766c03e5039763e4371bc388edda,5528f39c1ab9d30e9de046c14c5d1528f892abf71a4d405eb97d506bc9bf1dcb,DeepMath-103K,21847,train,213,1
214,d64ecdd05f8d4d75c661fce282927af8fc107f699a449a5debbf26c2f1676af1,5dec084cb4927f9e0fd857d5b2e1823ae6e565e78c2e035d91c19d6d74968b75,DeepMath-103K,43256,train,214,1
215,bc10940e4653721bca9c50d38daba5b9585aa836205c62459f983f858f91e66c,a89ebc855cb6fb292900d2dcb102e17a437c1abf150bac0c3f6d39979c8cd918,DeepMath-103K,49545,train,215,1
216,fae6288f04ef5b321077f4db7ad8557e37ebb46e47e4121de681084e547b3653,5fd00d01f2c5ce5a52f20531d624dce1680076feeac669cc3a1989dc1b07a65b,DeepMath-103K,2796,train,216,1
217,d0b62f154723a0c3fcb811dbb9990b78de7f498530aa0b4ce46878ba2e80ebcd,5953365bb51e2c71e7292967d3d80a0c086d6829c9d31977007d46ef614f01f3,DeepMath-103K,25222,train,217,1
218,97c7d5649a6bc8b543ee43877f23640e264c0bee8a5442e2ee974609314df443,ac684dc82fb9d8ff67c01a090435d5b7678dd272189b91a917110e04debd2671,DeepMath-103K,10163,train,218,1
219,7cddaeae97928556b36292b0b2151bcda641d489b08f06b2a0f05c01081d9dcf,b668439c45e0f863b3d10b10447973f751d292756a6538b9685471d31753d786,DeepMath-103K,5432,train,219,1
220,2943beea4827b384f3cb160473c1969440b6c95b016522688923fdbde88f96cf,d7d8c082828771490a341f420119b2476008d21954aab1847226ed756313d3ab,DeepMath-103K,53534,train,220,1
221,c981fd8bdb22c699126222e452afde62953fe820efde08ab08cda8caba5e0be0,6f7284ccd41c781b3ec5bb82c0f91ce69a7ed2e57c3edcb4ec94b45efdfdfb4d,DeepMath-103K,38661,train,221,1
222,a801189b270590bf11b6d8c70c1bf9c534056cf0ca02f04618ec113502348c95,cb8f9151a93a6a4983b9e9f3ecb5a4c9a8e3ac91af70bc8dd2f8d417fa841db9,DeepMath-103K,17487,train,222,1
223,8ce452f444f2d7662c4617ff6f9817f01d9fbab94443d955a79d4b55368dcf02,a3e4e09e76dc9f479c0255c361d6dc24db297172e2e4f048168f53a4c9e036d7,DeepMath-103K,21,train,223,1
224,8e0bf3e50e5f631bf687d5311b0fb3220feebcf322283b8bb662988ae9121d60,4c5d25da3561feb31103111356e9a1eae81620809f65958aac2f47ca2637d99d,DeepMath-103K,17425,train,224,1
225,a5468c9df0f274d31f0d2f12d63f2786872a42022c012d33eca0ce94bbe55747,f77a13a007234af4cae12d8cbef77c579d530d200d693c360afcfdad6c3371c2,DeepMath-103K,9093,train,225,1
226,8f8ed1d508206bb34c0149ed772ff9f36d08606012826c08eb52ca498fb7ac8a,6680a7dd02e5a6ca657a5a575191038a95db38547203403cac998f0b12be9b8b,DeepMath-103K,42104,train,226,1
227,19dd431526dbc392bd0f71d6977ec6ab4b9a8e1ee1ed513713d4f1f50beeae66,ead9b8e7ee8de18fc32581860d6f1189cee86772bba73aab39d52bca81bb8c72,DeepMath-103K,51570,train,227,1
228,e8d6663923df123ba2e7660fcae530a2be9a5707a0c212fcbed98c8388777939,0cac72faad4137c28a48188821cd86f996ae92a3691c444c290ceeb6729202a6,DeepMath-103K,9774,train,228,1
229,2064ecf841381ef3ab4ed0e6077d3d53d8dfad43ea82cba4281bc78b9ad7ece2,94df4322daa7489fa5d3332fe353230844d0eb89b538cc8b53940d807e096d19,DeepMath-103K,4157,train,229,1
230,07db1ffbcd94f95d815340b215cb1f898547b4cba46b01cb6e04e054bc4285c6,2b529d99f7a8e5766eca15b646d7b2ff66b65f600dcd10a090bbee86517905d1,DeepMath-103K,17766,train,230,1
231,dc2d1635b104c4450b245c63d5d4d142551dbf6a9d63ddde76ba66791452a02c,b0c95953426d4ffffe013b5239d140038adfa7e1e453fddd069afd8236cacfb9,DeepMath-103K,30526,train,231,1
232,5dc2245f9c3991c7b5ebcf462a81ad6709013fc3be9b9b9385cde558781be7d5,4fabe92da7a6b8d6421ee2280fa2bc66680fff1f6310721f6dbb77e6191b913b,DeepMath-103K,1001,train,232,1
233,b9969b7df2e7f7c33bb6c7b63f59bc78b2a29c5abd4d5b3d8dc2bf0b377be56d,61c3b31b0a74cd2cc6d3886cde453362202b20b30e3cbb802b777747c3acf989,DeepMath-103K,12143,train,233,1
234,3ab679a85f2057879a9399ee88bc9ac4638f5545cbe66374d6ad79460f524c98,b06ec20e0359d76cc775e8c2bea0a6c4fe5333b241edd425fb2f5f68f62dc6f5,DeepMath-103K,33818,train,234,1
235,563048d660f8e94c010dcb1a3f9aa5f7e26fd39b7906f71771776dc5c86ca944,d91953f131f5fa46093ac84816680ef85f7cb9e35e9a947eb234ecda3c5fe308,DeepMath-103K,50582,train,235,1
236,eba6976d319657660d8f8254f8487459d75bd589ac2124b5217a89f64cfa7c68,4d37f55f56b2a01d8b7488c495251a68d5bdf5c1bae6e160e421c2514ebe35c6,DeepMath-103K,19783,train,236,1
237,692529f21fc82fe8b328e24c8c4a1d0f788eaee4adb7e932d10437e4e94c0892,db00bbd644c572fc172318e6a1e0911483931096a397c0bd89ff9e2d6095a4d2,DeepMath-103K,43904,train,237,1
238,983f6d22327bbf314ce73d2b7f1c86cbeb323990c348ebf9e4f1f507d23c77f9,768ed261652cc86e256d780099ddc5de45e9fdaf03010e4e91a1860cf63eff33,DeepMath-103K,56363,train,238,1
239,cd5e97eb78fb9635559696704e08d4a5c68e6aebed5a8f902323d7592faef375,0ba72cc2958ba213f2370f5d3f94ec5446b81127fb503444b4bbc5ce0f2953e8,DeepMath-103K,43687,train,239,1
240,e8639d351f8119f5df5ac9d72fd89df66ff0f6ec223a4d87684393d9e869d6df,caca83638774a4207603d757b7ee077ef21217f38f733a58fb00d2743855c205,DeepMath-103K,609,train,240,1
241,410360b1dc3158b13122211843b543fbfb8e67ef293bf78bf3a7c18a6e8dd60a,36a5d811d3b7dd33ae1deee49270dd2cdce7abbc0f2e979129dc1bba7f9f391f,DeepMath-103K,11209,train,241,1
242,ea7b42211bbcf6b24ae92da290256af7b3a67d357b282983903473e2b0bb140f,915cc8252f69ae55b80e55ee952e8a98264b998fc9e678b16cbe3232d7d1c73e,DeepMath-103K,55477,train,242,1
243,f53303dcb2ea9d080fb4f817a26ab906fc9a90e1a1b2055e890334bae375e851,95979de1a2a6a67f109bd2b5631e2c105238108c7a223fa2646c712ed46aa75a,DeepMath-103K,40729,train,243,1
244,9ddcf8531f6ad976bde61d2824d836cccefe5da04252a77134c3827d9737878b,46185a630d8d09225aa59999eb2fa6fbd92c06fcc41220ebbe46c49b95590026,DeepMath-103K,8626,train,244,1
245,4dbc4a07668f4117814cee26fe3dc65d29f8ec353d030cfb46591325352f6837,00b36fdba7a5147e8180c3bb2c7bf6698322d73d805f38a139ee8613810335e6,DeepMath-103K,38654,train,245,1
246,f0ed0876cb54dd5cd4c76c0e4e586e29848dbd9c942f908aaf56d800bb35ef96,30ccc1e46ada8fee9aa742088727088e65b4454cafd7fd4f1078b232b7b4ce4d,DeepMath-103K,30377,train,246,1
247,930409dfc015ee8585dc7f9a7d32a8beca7a01d85400439688a85eae1c144527,8799475db14b491032a3fd079ddd31d0e61edc5b19555d51501e9dacb83bfbc2,DeepMath-103K,2951,train,247,1
248,47d634c3a591e5683adf426545135d0d0bf87acacdfaf9845ab19060388ffdbe,e5365e5180e12f135c8cd7924dc589aeeab002d1acdf3cf16c532f72e1489f64,DeepMath-103K,11473,train,248,1
249,705c25be1ed0e838b2bc538b7be46db4350471e277056444b7e3edef9ffe35e4,130017ca648e72ca760e7d2686bb5d5836462a375c3a4d4dadb0888a309e0e68,DeepMath-103K,9045,train,249,1
250,8673ef9a1c2874e4633f1ef44113db4aa4b9828ed981f7eb047928858bed099d,8f10d50f56abf58d7aca0eecb96b4de7ddc8e991c6d5193d0bac9c5b8f34c24b,DeepMath-103K,8340,train,250,1
251,23ce8391038717876bfdd696062d134308f115fbad0fe6769deee01431952226,6c65d972e99bb29012099e496829db261a73f0f0912d9379680262b32a3f37c9,DeepMath-103K,43182,train,251,1
252,0ba49b0529e60bd347ae520b4f2d0727f42cf645c3bbb973bc484d59f068f67d,451b53f353ee2e03517a4e2b984b29497ac640dd81687c7a8d866bbc735c1bd7,DeepMath-103K,18533,train,252,1
253,0b7f6e35fd4a129ba28bc6b8b176a9f64870882724e6c1428166758d21418dc3,6bf4c8b4d996f52d746db24027a645ef64a1dea95b5c67122da305acd4d43fdf,DeepMath-103K,44447,train,253,1
254,1dda21ba1070eab7ad663914bec0a9ddbb0e02757fb2a68775694de718f05d08,a4226e901829ff1cd5618bc477942a69880c39836ecc2ecc81dc8b1fe2e47d92,DeepMath-103K,19950,train,254,1
255,49bc81e411a13c1c940ba8764126412e244c8b966fadaffe98b578e0b417b17c,4e38d01db3648bec9cf8946ecbe1799796d6913f72f5d46f422c46f4f7c702e7,DeepMath-103K,33452,train,255,1
256,0a950ce991de8d40124f1ca4dfb79450e10254cd6bf111db11199e9b8cce336e,b08fef9222491f55521f980530b95c5cdcc7f7133e9570a5ae3370fb22027403,DeepMath-103K,36401,train,256,1
257,1fc672e8099cd272283f3c8e3ff4eaad6f4dd3e9f61d4c4a62eefc6f3a033683,23400bf8a274efe3a19b44f7cebde38463b64da27f50c387e7f5ac39784276ba,DeepMath-103K,36022,train,257,1
258,4b8340265cca41ba83a7d083d54b6a9fe8cc87edaf100dd58bf91202eff8c24a,d650294918c85dc9e1d9ac3443649307c9ffeb96048d87ec9dcbababafaf200a,DeepMath-103K,21352,train,258,1
259,91e793bfe28c083426f3c335b6ffd13db9b866af3105f70241c7c4cc798a3211,20bb8d2975e40cb7ca5e6b00b10834b3f80507c42de3620fd340604d15fe5260,DeepMath-103K,51153,train,259,1
260,0c72ca1f93cfe77a8f2b420095881fcfb3fe6313036a9534d82a1f7a1237493f,42b0bd6fc5f0e4f5018793b54125c290f6e399ac5acb5e29d065f881aab59f18,DeepMath-103K,26672,train,260,1
261,3fc9626668ace0240d87d4526f830746fb5684926f6e15fbacb6af2089d4b401,c0be9e1c14eb71508cfed677b376235e6412497a9bcea3e4f1ca5ea19c9abfec,DeepMath-103K,36612,train,261,1
262,cf5cf7dcfe4d292c45c4ffb795b4242fbc677e2e7716f25a08a93465eb4d21aa,a7360543e1d15d7e24ffc689eb49290e54d5560c70a0925bcfb54008ccb50c86,DeepMath-103K,168,train,262,1
263,229d3ddf5c9fa12ec93b57042c81608ea59837140d22cf82bad2b4364da6cd48,e30e793e1a80dca9f49b8eaf980b15320d622ee5d1269eb6aa8c585dd79443c1,DeepMath-103K,35744,train,263,1
264,b7a93882303eed35f239596eb3086f9f8d94be5b3cd6c9a749efccdee6e78ec3,39beff0aeeba145fd0181bc0c14f2c40e11e311a865e34080a9a579cbea39923,DeepMath-103K,19211,train,264,1
265,7e3e8b6570919693792d2d372e4920f74682a279f384d09880d3f6a4a2c59abb,c81c2f05865501933b618f8926b20a3e3d08fa5657927696e640289b132bbdbd,DeepMath-103K,18734,train,265,1
266,96d26fccb83823ea045a20e82e038f2b72a45bc6f9ad9fe7f8624c67ab76f95a,ab3420b31bfaa6b4bbd68f0b581646f3acd22c6121a8b883219f9964125d026c,DeepMath-103K,26268,train,266,1
267,fe24f51d59648d9d7f8a665d5542654664980032834cd98e492e5d21f98ae505,771d3f6f6894c2b04352456db638290b4ae1a9c77e110ac74d27cd8bb9b8fc74,DeepMath-103K,36262,train,267,1
268,d8ac0086c94a4813746e9d799af9e806753670f98ee3b1594224b6b51600a7f0,3ee72a3a452d5d161a39bed7e10b540c101c42b2f9c9ab7d5a042cac6cad7c9e,DeepMath-103K,54847,train,268,1
269,5594a0362bde093a7d05fc11c9c51b553e5144da100fb59a56257036250c2234,7272c6b8307bbd32684535646b6f85bc40f260b3c87d919d613a5e9d5d5e8559,DeepMath-103K,18883,train,269,1
270,f44c2cd84b182012677ed0e3c3ff822b13a3c2d933cda364edf9fb3bd677521a,f511f3a733be15d3a124a623d5701917c4be15e39e6bbba70579c42b50e30e98,DeepMath-103K,40573,train,270,1
271,5447b8a2ef9d95d080188e29ae4a19fbdd1a5264199d7ac36b794acd782d4df1,b4fb7faa2e0b995cf5432ec26ddae4a18ff91dd898881e6e65cf486514ce7d86,DeepMath-103K,11744,train,271,1
272,b904c3be6ef111d20859d2e074b582617ce52c24fa6e1f3ca1d78e6202c45d28,90817059b9a1f4e9c922a93b08a3cd9f7974d7d07806f343e54c4cbafc1776d3,DeepMath-103K,35357,train,272,1
273,5a82fac1cdbb67d0ce9f703c7679647b6e975641a3208a773e064d5471e18a42,0ab6c2828763f699adc0b00e3604dd3bb5d59ccd31444836534540932f9104ce,DeepMath-103K,21596,train,273,1
274,95b5446c4e93cee1e2b9c5ce4cf4988630a570893364cc23580f3234e08789d3,dd0a27fdba7b908ea3790415e8c3f4c1f38b65fb0d7dafa9f46e0875de0714f3,DeepMath-103K,8315,train,274,1
275,577a65eecdc636a3c45883c7ea6d9b0b7e84bd7e62cec6726e2bcc67e7e0ddab,cae54002412df86189884c1c01475ebdc20363077265983a6e032ca5fde90ab7,DeepMath-103K,12832,train,275,1
276,e141a3ab15dc4b7fbc48921c5c01bde7402b8f9c6758ec9a524b1946894d73be,69f233781e82999687b37ec48376fb15dbdbb58f72ee368bab41cbe109bbfb92,DeepMath-103K,5111,train,276,1
277,90139aecf5404cc6855b7f25c9988cc82de7b5808b7f63fc86aa597f1871ed27,ee62fe3fbdb38d4c572977402c23a0c284815172fcea9c3dace235cfc8e713f2,DeepMath-103K,53562,train,277,1
278,062e847ff92df7a0525aff3db2229369fa01df18c16665469178d24d386d690c,a6086befd69851933627de3597c22b8c010f321185fb09fe0e8576877a928f9e,DeepMath-103K,22436,train,278,1
279,5cca6c20aa448f30075fc3016fc9a68fd0bf67152fc2701425ff4bf2064a3080,1b20205f5cac12e49e295dc1ad9254ae71e7056069a6b3ca7ffe698851216ce5,DeepMath-103K,15274,train,279,1
280,75379698566c8cbed17d972f564a701f2a80121503cf5dce9fdfb921efa3d755,c58bfea1a8eb4f75954a8e2b91c2d7ac9ad006e0bce5eac173a0cfdb399e3370,DeepMath-103K,43456,train,280,1
281,1b1c3f318680665464b6a556bd2ae61248c22d58b486b93494ea284ac18ec3a6,c13007e02d812e60fa8dbb0bed620d1c72d30683c344076405ca490e199c9a16,DeepMath-103K,11302,train,281,1
282,d2671cb8cc4487f78754c1a40f0642241d04add4d4fca894b76f3212a1d3eae3,961ee91c3c1e1af3e5f2cf117c52f29fdcd0fd50156c6c1b4a4d84405567e373,DeepMath-103K,46907,train,282,1
283,f0e770585d3d753ecb35b7790d96045da4322a20d65594d7b55ce22de81a5a5c,6bfa2fbb22b23a802dc2b1acd9ae40f73b45269ffbbfa2689dc70717ab499fd0,DeepMath-103K,26399,train,283,1
284,3a23ced517bbd9bcd2205a82d236b40835bd5f499224cb7af1c855881fe8fa49,1fda7ff6ee8a1fec39eda2b43e99da9548271fee1ec76645d14d683e58eabd15,DeepMath-103K,51779,train,284,1
285,d9b5903ca9e8a21a8fc911090f55a7500c938b02486a6a73adb94f24df301f88,4606ea6baa349b3c739aae0c81aad48730d22fde344e9b285bd92832d18df96d,DeepMath-103K,52219,train,285,1
286,6889465710bd4c27ece410e9eb242b1525455ede3e4d57fc4d212389c4e8b060,3499ea54690bf85852e9e01ee03b080373810245bc78b2ed00f8dbcbc5841fff,DeepMath-103K,1695,train,286,1
287,8a2097f9dc3b8a248d435941cbebdbf8d58907fa8cd75af315ae1a647d5c99e8,d26ca6704fc75ae2d0a0b85bfc6826cb39aa5249cf081081ddcd12c2d2aef702,DeepMath-103K,23607,train,287,1
288,ea55d17366ad1a3c781cf766d03810505fde1d155f8ef0df38fc8e64b1d323be,46c8bf87b4abc9373e290792b6b84600699a89c5399ac51992b53d2900feec68,DeepMath-103K,25839,train,288,1
289,e070b9490dfe8b5de05900ea5648c698d20f8f29abdd4f51ed1f7a35fa62618b,4dc0c0f0be16c64aea98704e6fb1462a6e06a9e2dd53cf4459aa0964395b5e34,DeepMath-103K,34773,train,289,1
290,0a219dfd9d47a365eaa62fe30817649720f9cb1e4951fc2666d4cbaa2def564d,df33030fa7a97cfc99c019ac80d90d30e7c00568c61e415375ffb7e68cf33468,DeepMath-103K,47089,train,290,1
291,bca176d4db517c7d196e709b2a0b3c97fd7a0fbcd56e846e64529c89acfe2a33,0106ac2b2f2c5b37abe43419cd0e78e6f902fde2d3db210a84bd80a67225c530,DeepMath-103K,8381,train,291,1
292,4c9917f763056674c873e9c6ade86e21ec2b8a3272f154e97de699563da8c8d9,e6813e2b11058ecd9f3ddc7ba935988dfabafd0ec8512e7cefbedbe772ee2ce7,DeepMath-103K,48548,train,292,1
293,04134717c09702e5e4dc2f39947184eb3d8b98c9ea14e75ff16c958ee8207b00,f6a9288ede190f6962b1bb7f9e48e1144c565f8976d69a3d89a1a41965535dbf,DeepMath-103K,31057,train,293,1
294,80b4bd95a738e5b415415a6b9739a2b7fdcd2c9c251e0e799dbcf149b1ad71ad,642db1bccde6f558a2b3eacc2e1a91178db78d6d187d6bea97008f094c4a7795,DeepMath-103K,10510,train,294,1
295,c61a5a88f09f2f3c41733d2b077debd36b7b5bc6116b5ff1a69caf114c8e24a3,e7f2190e4cdf7a5f085ddbee1a9dfa884bc1f183f54b43c992cd5371093ac219,DeepMath-103K,47575,train,295,1
296,cdb500c6f5f0c8eb3ecff26c4d3df7cc970f2fb931e6596444fa1eccc57b4534,f52e0633b0c7f1898af1a7384e6c734b29100102b6127eb9e1913676f547eaa7,DeepMath-103K,7502,train,296,1
297,83f564621d671303c820f485a2ca628b0d8784c33761d967b09027cfbb51fea1,a7f1373b53073df73daaa6c7653a83378a6e582ce7762df0892cea6cb67f1ea2,DeepMath-103K,7332,train,297,1
298,b8fad3d9963730df593ee8ed72502891e3b21a43de68d1b319bf899820e2f9f9,c0cd2bcecd7eebf27b9f8f4c7b4759a63ee8455765866754e4e3c848263b60f3,DeepMath-103K,23918,train,298,1
299,1afff31e25f8d8ac6718db749d13247cc02598e5934bfaa31b09ddb492126d99,e903b99c8de267f2678c4fd84bf27fc3914bffc869e22c4e1452c4c15d76b689,DeepMath-103K,29571,train,299,1
300,eef00eff1f761f1ea97c9628e48c2e06db3d4ef1a2721fcdcd17312209724faf,f8a216f3072e31d979571f2081550949d7c98a36592c4dd71fa49c0811b21b4e,DeepMath-103K,33606,train,300,1
301,8708f2753d24ab12d5a11d930838c6aa5ca0e4c96393272ee7d848b5b77de4c4,2f073f17662d88959262e2fcba003abac83b0abaa3e7f5fb877f3d5032780a7e,DeepMath-103K,35108,train,301,1
302,55315167f837d85b7f26d26372f48117bb5b0e7df036c29cf0777af20f03fec6,312dc1aad5698fb024ed1292990ef1ac32cf188aaa576d643ccb549c136d818d,DeepMath-103K,9567,train,302,1
303,18b7a39212a7db1c3395f82ad1ef96b4212d426b53c981b2053d2d280b89e645,dda6fcf8aa4e1299dfa107ed7644b8fa0e9e284b53b238903702eb7420bc193e,DeepMath-103K,56990,train,303,1
304,be53297d8e1e8fa98a0c343c00f6f2f3eba1a09e20e22f84e48e2ed1439c4cd5,2096ef9d16e7d4f612722bfa3ae36f27693b3f561fcc2ff89a3cd0798978b2df,DeepMath-103K,23576,train,304,1
305,3c9a9bed1e903ac7b3c92ea357e818c0167bb2b0d2ffd9ed5af67348ae949e0d,67d97f7c241cbf4184bb16cc875646ba64efca629a51503860164135d4e1fb17,DeepMath-103K,38035,train,305,1
306,9c79afdee836fd040733c0b8d200d2a2c90cd4ad9d9c563187e487b9571114cf,26f0ae104dcfece6c8a812d07735cd150b7984b9c970468a3bbef91cd4660f0d,DeepMath-103K,15344,train,306,1
307,9ad97e32b198d5faeabddaa314cb21356acfddaa6a05290d4419b27b7fea4b13,476bc900eb713a342f3695372e47f82c4b2e160b71f7fce98a5b51cd546ec48f,DeepMath-103K,13105,train,307,1
308,9ef4364198177a31440abd5ea08e08cffabbc8a3e08510e49ad296af3a09ac7b,bc83a704a10fdc9cc8f968aa149589d0a1606b2149f4bd21bed4fe8d4cb12f78,DeepMath-103K,42587,train,308,1
309,5dd7ddeada8b705d016f2276acd4c9bec7dc698fb2c8e47712af49ef878cb076,30109dc36a4173e225e74b6da6848a71ff868414ad0876c43132c32583fa16ec,DeepMath-103K,1903,train,309,1
310,fad34f02599748fbc62891d685507bbc9b527f9e00915f5a17e28e50fff8220b,455d71c0c6cc3a681a8fa698e2049578ed7475554c5030acecd5153202c5b40c,DeepMath-103K,35807,train,310,1
311,a9e9779ddee25e122b66d69b3f6ba53e247235edb50f00a56605c411f5aebb49,0256da0cc965d961eb4f88167bc2f938c086feeb0ced7c506d7b041a5eb8a107,DeepMath-103K,52931,train,311,1
312,723ebfff4b67aa7a13c7c15fade6c6c65f932f477c6c0a5bfa1e8670890a1eab,40e67c3a602454d2bcbf184e7dd02ea4e9a19cd90004369c89a77cbce4a5b67a,DeepMath-103K,11884,train,312,1
313,0efb5728bae6c218721eb2b5225b4a526fd6c480383e5b64aa6cdae41fb2be88,b9624d1592afe87eadf45c8b51c641998720bf7d6203e4e35b88f1fb0461ba7a,DeepMath-103K,44744,train,313,1
314,baaec06c3cae42a5dd97c5f7255926f244e5b988bef45f0bda85bb57851c10b1,6f698e5fec3e941cfa612c26af14a9adebed5d26a86d3ff79ef83da22c2e6fd0,DeepMath-103K,30963,train,314,1
315,da93a8aa58bc46b42e2458fa0fc600e0d270a53d2e8dd656c2d575e0759ac8e8,89dd1633168dff7e30bf8f4fe3141a2846733c06c5ffd2d8be37f7999a1e63db,DeepMath-103K,11125,train,315,1
316,b7d6a2384b7d0fcd035019dbdf707b8de358b64cd6e778b012acbabf36da02f1,165b979b300ae82b9a78931d942ba6fd4ecbc86fa622a3220baac2275483caeb,DeepMath-103K,41138,train,316,1
317,8c55df0bccbc9cb85a4b38df9eeefd2ea55960fefc3262e543a11c1e2b8ac3bb,4b3faf8a17f2d9df8426b46341d48c65625a5c45ea560a291f8e581d8e4453ac,DeepMath-103K,14246,train,317,1
318,f0f6cc6af5af28acdeca67813cf14af70265dc97720b71e94a7fcb5fe7ec6e1a,ce56e2754960b7b843f8f52443c4a89ed43d68a5d563119f0e2f57060e0fa032,DeepMath-103K,54572,train,318,1
319,febf7c8a783d76530a95aecc67442155f95266a67eb08cd50b2563da8ed698f3,c9e09104f79ecdf7edf3a77dd20b09cf76cb923dc4a23522cf0a88cda1c396a6,DeepMath-103K,5880,train,319,1
320,ab6f3a9e9a6dcf14f4ecf5e9946fa6757cb90239c9d67167a04f80c2bf8d890f,c285c8717e16755a6eb82d4ab0912dea06b56a892d2be12bfcadde818a0d363f,DeepMath-103K,8345,train,320,1
321,671976dc90ff909ed91bbad222101ed382902aaabb03c67acd58e0951c12b781,a2c2a6267aa0638d8346a19c30ddcafc8fd04421a694b9ed403312231557bd5b,DeepMath-103K,56770,train,321,1
322,bef60493d868706162b4362ed974eecee26d0dcf5ca496840d8e18b074b4ac0a,5b303a1c548c333924707b14b878aabac22db4aa2587b8974fa39923d0c92286,DeepMath-103K,1980,train,322,1
323,2d25e94d90eceb4effcbc8d52f17905a991ceabf94697d97eeb5d1be69204285,c0701a3d615d105d89d26f386ca9ee0429323942324b39419651a70f275e4899,DeepMath-103K,20850,train,323,1
324,314ae1ca31c042693bcf5913a94dba03bf8c079ebdac528f2f52bd330381d335,4cba4ee77fc86f777e4b713d921c2d65695596a5eb27ab1250dd9a7b21b3814f,DeepMath-103K,31891,train,324,1
325,4badfe7d3414af51958e2aa78e666d8d3dfddb4ab8884602f87672a4a3253f04,30192670ed8733058928b3884a93efce2254f1c0f5c78eb77ef33b4569c3d400,DeepMath-103K,47206,train,325,1
326,d5d8d58155e57cd534c139c5e5197c1320a8b8032dcd8da5eaadb0dbc2f3f21e,b94b376cdfe3a014cac3f56717718d763e9b466cf26cb0b697a6f7f0b45660f2,DeepMath-103K,26087,train,326,1
327,076f8dbee27c68c68688ab326238604536093152d6eb7a04aa8f6d3edc8cf011,2677466c0774a4586b237277b840f2af2885d95849078308383a62c9b0c801c5,DeepMath-103K,43945,train,327,1
328,5e38abfbf5ffeb7ae7547e95352131b7c67a1c04a0e1dc552329bcdea7a878dd,2a6088be1f0ce7b19eb358a18f1f07cb4cfdc21de4a8a28cf6c44fcd18394c41,DeepMath-103K,21296,train,328,1
329,39964c5a70b7eee896d4c32b83fddf95800111e4d6daf7989d32aaaf1275acf8,19a36c145784cc6b8c8be992a6021a3ba04cd747061fb538c1a14b876edb2f81,DeepMath-103K,36465,train,329,1
330,b3a86171d2572faa2062302ad1b25b6d62bb20fc7a4e1f3fde412257e6adf210,adcc1b3009e18ac676a2ff1f51d677c7437a8de3fe8406da13d3eef1a6c08362,DeepMath-103K,43411,train,330,1
331,e093835772d77e0ebe184cba394c135da31de212d15aa4f1d9d8dfb9a8c88ce4,4710d3e0e8e14bd409307e03cbb5536d69f85002d594d9db00e7966dcf3c4afa,DeepMath-103K,48276,train,331,1
332,49056f3dded6af006984e9b9bb5967f9916779359bdbefd45f21aed1ac078511,dc65cddd1887ece7759d350dc0d62b65c1c96df07258818150855b7c95af43e4,DeepMath-103K,33278,train,332,1
333,125b5212ebd12e0549e69d5488c558278a4f8c30b48f2da68decbb70361deece,eae9020e5352764a782dd4a0b427e2acc5378bff92af399020ff9380be95e6f3,DeepMath-103K,42309,train,333,1
334,72b63ba4af6257a283a9f389acac6ef224363326e7b5c5b8913d2443026769bb,4c821ae0333877df4f4fb031ffaa251037080eca9eb36d87a621f110dedf3fa3,DeepMath-103K,19540,train,334,1
335,ee37e2a4d607f71c50bfbc204d9899b801d1e3778fcc93431275d4218c05cb1e,fa8dc0e38f0822b684ae8947caefa4fb1bcd2626bb9840e46100543c6f81702f,DeepMath-103K,18197,train,335,1
336,3788e5f1b8373577d8f9a26d3f3e8c20e9368d15824f8152b3bd561da9b7e769,807e0b0ba36d9193bdbe9b560798ae85b0a67fd37f2e8c51ad35f3d72ec25d9c,DeepMath-103K,36073,train,336,1
337,3a89ff25cd52659a4d41321ebb8b4c52a00b4f836b024170908ed7d8da6ce323,f921fce62391679a1f97ada71352a62b01bd035abbd6887ea96f5272f29de575,DeepMath-103K,8662,train,337,1
338,5616d17fca23464ce75fb3861103ac2d7835ab7842a96e9e8b17b47d7ebab17b,59039edca10d527d6265f86a35250f1d26e55b68bfa9b067fee03120d089487e,DeepMath-103K,18024,train,338,1
339,1137e3f158c6953373c4595e32a290bba3d72be9f4ca9425ee4c271800268546,2d566f60c3da667d1dccaf8173a5ae0a3af682f507eac98cd25a78d1a2e79217,DeepMath-103K,1211,train,339,1
340,17e177c14f0b12f3183c0d35f5963752eea013de46518aca69dd9f7239dc0af3,962b5a823ed55f1d182f05e9f4e87495949895790989b2fcb435f7cbd3da666c,DeepMath-103K,2037,train,340,1
341,a91142508ce1e5e6cae2edbcae57dbf242d1caa9ae9a2405d81bfe82e8664c13,9a31b5c1a5f46e899e48356c56c0f92851ebf8249efc560c467f6e46c3c89d13,DeepMath-103K,5303,train,341,1
342,52110e38abfc5f2da95fdd3a881542243d8882a4c8c9c6044578c6bf74c8d14f,c0091212d1a1f88f43ae599b997a892e529ca3e08697f77dedd75dc9ee8480e7,DeepMath-103K,9083,train,342,1
343,302cc1ed9aef3d54436e0b31f90b56f6ecc39b2a950b2837802b696504ff8150,b1401c7b5f6afd0068d3a8aa62a9928009c897f4952bf79ae8f7df4509eae402,DeepMath-103K,47788,train,343,1
344,92a796e2ec81c467cbc8c03295c759dbdc69a9e5758cc3c681508264304c4d19,7bc63677a2d3d71012a0928f3d9b44a302c61ca922090f11720c642432bca092,DeepMath-103K,6586,train,344,1
345,380ab503d49a2111b09879ca5f2d63c127964a2c4713a56822eb1bd4f32b44c5,fe9b999ebf90fb26d98883258e580a7e281ac04885a6477a25191ee1054480da,DeepMath-103K,67,train,345,1
346,1b7c19361de5d7517ff6a23ee5593063d5f2c7e45304afddb537b106e0bf9b22,6f3b606542a59a26dc7bde6b3bac155f394bc45f89c342dcf4294c858c9effc0,DeepMath-103K,28804,train,346,1
347,ffdf08ba68d0f7ea16a069dba0716c17e2d37c8cbfc62a64a524e4cc4c53236a,6170de842c654ee09a31714be4b47ee0f5f914433192788ed9d3222c354a73ea,DeepMath-103K,3278,train,347,1
348,513c4fc8076eb604d0132b2ef5799342bd573f010a8d5d29cf752c465a55201b,e64342149fc7551be77359ccb4c71ff2e21f5ce3eee8588e51aadc418bcfca8c,DeepMath-103K,15755,train,348,1
349,f109e6535db4fcb01a634b89734523229ff24782e1704de629ec96b93a85d0d0,87958c15764531c5fd1c24ddb6a810442da0baa02e518368994a1747662c9aad,DeepMath-103K,6649,train,349,1
350,9da0e6922d4108d412b711320d83fbc96ddf544176cdc87338c60656b4c62ee0,a3a0f91acef8eefb6ec55c3d317cb311a01fc05edde175228397f8a624db6245,DeepMath-103K,31642,train,350,1
351,8d980add3d5b4558fc95fad9ad6f1cd31da84fa6605f1b03ae166655d2449baf,fd9df14915b468445d37943e455f80ba3a2c9ebb2ecabdac09bed493244d5d24,DeepMath-103K,45935,train,351,1
352,5811afaafcc425f89b2446a1f50d4611b3c8884dcf883b2c82f79d3d92f4892b,5596b62b0f09cca8af13a16f9fa15bb6c242d75679ff74fb1581eb7ca5e68eb4,DeepMath-103K,48852,train,352,1
353,4c9053aec60595e78bf5c05de15f83ec887ea7d927b4c2feabc6659520ebf064,32036c0bc31caef52f406c07a37f375e76c08e3f8c14c1fa92b1bff0e039a42b,DeepMath-103K,16760,train,353,1
354,edf6939cdbcafa964a2a1082070ada57a2eb23483609b134935d50b1c7728f4c,448f59b9c57e9e21bd753ab6a3589f2ac33988a942cc0edfde9cc1a76c9fcc67,DeepMath-103K,33353,train,354,1
355,dfdf19585cc559289be577f1be3746552085f3c5df39c0db332f762084374e74,9938228778f22a873812f63b94926a129e146d954aafbc3ecd27d9e1d2d4bcfb,DeepMath-103K,23169,train,355,1
356,b5c93640b42d0109cc7a4829001113d28461983ca282eafbeb36f9ad8fb99f6c,3f6798acfcfb42d2d811867d16e09c60f8ddd1e2129adbc0135ad4dde680eb12,DeepMath-103K,37723,train,356,1
357,ea3a62d26a66f58dfc66adfdb0ae5427cb63015835760c663ad49996b0e2241b,6d0af2bc3189247ab62d3f32835cdf247b965cc79db8be27c742d5fa30b541e2,DeepMath-103K,31734,train,357,1
358,1082d5c0f8996148f5f87305e21dc1abe41db252375a8e0fe15a22f38460f3b9,26e5d6fee66a4da10222f29ba4abf2a21419a232dc147e52602486e57b67b233,DeepMath-103K,22193,train,358,1
359,67032344da780a2dea55a174e3863429ae681a5c5f650b157f65ede8fd866055,13e00a1ca89bc55887491303b4bd96477d64e7ad729cbfaaf198c3c017075853,DeepMath-103K,38026,train,359,1
360,7891de8381a6ac950078ff6480c470e20562fccf3f93296fdebd33a72d638377,f4c82b7e93192ffd564f922f8c75ff2726062c729df7e7f9c3f8905228a9d95c,DeepMath-103K,34008,train,360,1
361,9a8a847a55cc3a95f1ce6a5458ccd0f8681682e0a072991f0ee6a23540b6dda6,f316b26a01b5bade5d7006518bcab8336da37e4eaca589e973e6df895c95145f,DeepMath-103K,23647,train,361,1
362,57c37ac3c112360392416173540639c89fd6b3ba8a412cbff56f4dc227cdb569,b063a9a8c60a01ac998390cd8b61ab609d84510f7e931b2baa34534c6d9be613,DeepMath-103K,28218,train,362,1
363,430b4b9f3a95df41fce22b18803ceb878e0aba50cab77cd55c5b527bed0f1b5c,22c0a27937d566525ea9ac4839666ebdcf556f3081bea2577a17a140bf145481,DeepMath-103K,14228,train,363,1
364,849129723e0d62ac153938b0818cc85129b67835447ff85ec1f90ae9b7fd470d,50043aaa748f73d48aab90426786459aee9bd2e404079e0e9ff1969ba3340942,DeepMath-103K,47013,train,364,1
365,6c13f73fdccaee8d668c67d41ec0f1d8a7f0c92d2c52729b585e5bb47f2d66ee,2af291f4dd0b3839351fd7d1773fd96c1ef13ecdce65e43afccd4d79a5a541c9,DeepMath-103K,30030,train,365,1
366,212a071b9dbe0006b915a892dd0dbc91461adc0379c7538b4c2f016711570650,078ea4cca55eaf6608bbd9de6e1187e06743a76dd408373a4a23a2c8d98fd4b6,DeepMath-103K,45655,train,366,1
367,da80585cb66eeed48030ccba64a74973a7a5196325c630ea14fa04c420366469,16ea7fd9f9dfa2baa0d621051fa8ea329d6e2cc4fff0181c1eab6c16c042daf1,DeepMath-103K,19920,train,367,1
368,e3d2eb7d9453afed143d480da36e7720d147a3652bb9a20416396af5e2e04824,8d0b87d30176a9220848db2f5aa47b6edd7d5db5af2c8ac94e5087b1ef0ce927,DeepMath-103K,12623,train,368,1
369,62e541e685bed55aa5dfdb1fae83ecd043e5909b1e2b713616cb4b184bd3d22d,467e44827736ffd096b639fd5013faef660c33456c4ee7f1b3e44b31d42b755f,DeepMath-103K,16714,train,369,1
370,4a543e335c0672913e658b963dfd469372256dd5f0410f52a668cc9d80071e2d,4b86481c0902ec87325179237af5ef7b3d77c9eb2c2c400c2a0fb433c4ba4757,DeepMath-103K,15625,train,370,1
371,8ec2d8abb857a9fad1dad3482f70e361d85f32ceb6c08c17e1ab6a076a2bcf18,dec904f51b1470469f6057cdfe5bff964ed76bf51896c6bf35a1ab80f2921119,DeepMath-103K,4572,train,371,1
372,6b1475c1a1cfc3a3ca4094c5c116e5260a3d6adece501a3262cf7898ff4e1a02,971e0e4a25e093d6dfdb4fa9b5806ec718eb99ecf74dd36718195cf7dd7abcef,DeepMath-103K,23310,train,372,1
373,0777046af5d0a7ff487b8b1e6e69c8c928cefce78f7cd980a11d3af8fb79fe45,8ea0001d6b8610f1b11b8ff7ae8eb91da3c6910928ccfd6d675acfddc80902fb,DeepMath-103K,46552,train,373,1
374,7588d6b43b9a283e1003c32f7b1a0bc02e7e908a2c13f0946adf3636e4161353,b349953c384de7b06ccf93936feb50b4a8017a0f5af29ccd868ab1f19ef0643c,DeepMath-103K,51237,train,374,1
375,31db660529affe3acf55033c7c2a91d4e6ea6b241a8ae7ad9fe9c73c2bad1a29,ca77b130883f8c2fafad9a700cf9f8012dd451540ae6023c0658d61350c0373c,DeepMath-103K,52891,train,375,1
376,57ee6b260086cd92a0df5627aa567298d41c893768f385d08e481742a435961f,ef0d839eb8dfc4d54887f87c89a439898740a0f0cb396f84154ab7b4efda157b,DeepMath-103K,16246,train,376,1
377,bde57f3700c5f60bfb3c89d0d75031c0d60d5af32fa454f7905b3822ceb6da4e,baa6268b608abe2c3db8faca398a39cee7f11c46dfe8bf7ae2e13fdeff2ed4fe,DeepMath-103K,630,train,377,1
378,d2dfe8357b2f688d2d613b9f4005c6d168880e60cc417a54d6a847e5201bd076,4f7c96c2ff412dfeca0631c5775d915585cce9fb42db2a81b9a12587f2f7034d,DeepMath-103K,3843,train,378,1
379,6a893d2a131b294577f7b93202b62c2f75359b4e7bfa5d170a3c174db65b2f51,79183fdb419604321eec145b5eaa77fdc511940aace43472b2e45c189c97cf99,DeepMath-103K,9473,train,379,1
380,f2f25ba7d5ac81bedf397afced4abd87d380c5deed3fb326e65bb3f37482934e,7dd7b4f89e96c5fda802fc61ffa8a35d1baef7171330a01d7490afb575794dcc,DeepMath-103K,50375,train,380,1
381,f85ee4504758633f11bddcaab3960a0c33741e717b09954ce231cba7d996308e,bb88f139373ee020200baebd519ba83453ee92e14058c73d28ab7a4fb8612e51,DeepMath-103K,795,train,381,1
382,fbdb216b95b070f412fb34c3b374dd70f02358805063dc03ffc185b8167dc3c7,6b5d11059e6115a3935b966dd07877dbc2a83d4a884369c510073281399fa0c0,DeepMath-103K,19998,train,382,1
383,64a800fad62ca97df0f516e2d65b09ddb5aeaf4abf2faac7e33618a4a1de1cf7,c4233a1489756384c02fe4cd447084a654d37415b06155971a2fe758ba3e973b,DeepMath-103K,12800,train,383,1
384,9deeb3639078feeb110d91b8034bdcc1c875c39852040b1f05ad950641be6de4,934239fd394a18cf47c2ebbe3a997328d58b23a3500cdf87e427ad178b00b70f,DeepMath-103K,17726,train,384,1
385,01ba33bb0957af0e60c17af422a07a61d4d9bc48580e6d58cff796ca6e5f0ee4,561028a2c6f2024fedd0f726b7b429798a14b5112fcf9be7d49a50050093c486,DeepMath-103K,26595,train,385,1
386,bfc0d5bb5c789d1d5150062a0ec8a372c268e01be6451743e5d8fc8fd7df7a95,42e186beed7ee99926da46664dd7342d11beeda9cd4dc3f1f3d7d74d0f1cd73e,DeepMath-103K,32238,train,386,1
387,9544ebafe296c076ebcade03c88c24b2c22d9b668c47ae6289fea15e78826e42,9e29d1b39d9123b8461f69d6fe39fbf8c9b84226b366e2d7c6efee9da9f3a6a3,DeepMath-103K,6169,train,387,1
388,88ee3e460432954b5420516c23961e5a3886e9744f044490a49647e7dfd42a19,deae562dd4e320dabd0f38bbd65443664e3cf6425d4ace85cbd8a673e0e456f9,DeepMath-103K,34302,train,388,1
389,83a071db7091ddac25b3317293eacb01154697b69cb1d60059544a7daa758456,11997a5e99f67409200f34519e0245c218b7e0937803c3deb146d857a4ed2f1e,DeepMath-103K,30405,train,389,1
390,8c05dfa389f930b7d835b6b6fe2446e838e28a9b469b970631f6b0c82e225e55,6c5a217b128b9ad0b8a82414ffb7387ae0cb308bc1b8bb2b66698f224fc21c65,DeepMath-103K,11730,train,390,1
391,9390688adfc22538eae7da87be366a56aaf38ec0eb5dd4ed0e28edc843341e12,d5fc3c1f5ebdb9fbb67fa2b8adb6d946fe2406bedfaa23dc177d07b2a8281e77,DeepMath-103K,680,train,391,1
392,81a38f7ff39541187dc294bda492fa634e2998702f8e1e467ffc7e32c169a447,cbbe3b2793b048dcbac07633b08a0cf4aea40eeeebad411c3cad336ccf77fa86,DeepMath-103K,16366,train,392,1
393,f86d37048371998da924cc061f3ecf3f454a0cccdaf8357862e54d02f21542da,23ca3dbd2215d168556629564f4e646459c8c1ba279e68d452bc24621f61d90d,DeepMath-103K,23031,train,393,1
394,10253136049259ca9f7343003877c139410c0992082c2e78693390a91e2013a1,0a174c1e7151572660da75cfa8bae662bfb12ee34f9593f0230bf4d58b42d838,DeepMath-103K,33468,train,394,1
395,7f1b1fc33ed7c9658069fd0f28ea19e9e27f20d4fa884872ce7bf5147cfabc09,5b2056962fd0bf2551a4449fb971a0ef8e4a7fbf52f08a669e653fb18fb139fd,DeepMath-103K,41641,train,395,1
396,f60a29884f54e67e8416c93cda6d6f9770704b401ca4238feb35f9410f3491ce,fbafc03cae2675db981407ccabad9dae56527b3b5e1b1599fb7baddf89964668,DeepMath-103K,18889,train,396,1
397,f1d5df3e4cb8624e4f87738a59ff9609e949d4e181a9be36249199a3e8846d85,8382870bcd46346cee0c8b3f0668408b2aeedbf908b852a85255f7da17e66365,DeepMath-103K,6919,train,397,1
398,648f64e406422d133a2880f9e5e0481226b1e5d3230795dd45053969f4a5b087,b1cb1278b64d2922c594e1ba1f1844deef72eab5715d2ec0a3dff46c2596f155,DeepMath-103K,37624,train,398,1
399,064a540e234802a538665e9db5c9880bdcdc34927e75e15d4a72b9689213b507,95b92c9edbe593bb58dcdbff844205a9051875d31723f6c369b51ca38b357217,DeepMath-103K,5160,train,399,1
400,37688bbd20ad32c2eeefef1f76853ebf6dd565e9b454ba6ee0d59ed69b79d200,eccc0eee24e5e9cd895937227ffa78b10fe0d4062cb59ae93d51294f38a7476d,DeepMath-103K,27360,train,400,1
401,25f74ee591831c724e9aee58c3553b8c82e54c9a77064547654d7f0c7b4237f8,bb6b7c2cf671b86eccacc29959ae9c96664039830b9a84b46efbac692cf58b24,DeepMath-103K,4147,train,401,1
402,06d973b5cb997acb3324375dfb2e0ec27eb5a5d01c00ae5822862fdc2bccdb4e,8f5b265a70ca9dad88b8a79536ed6c7f844e3e55f6b6d7c0c3c10f5484ea1b26,DeepMath-103K,3201,train,402,1
403,a0e45d9b00b93fbdcf6a94b8716124ad4ab2afafcb39dd7e4d79320793ad175c,15c0ab6041bb748984277661b121df3ac2c9fbf60d5bc80610afc60d3ddfe026,DeepMath-103K,34492,train,403,1
404,7f7574a603cea0e538365b0b8f5ad0352fdc3b509d4df1e2ae3c5072a4dc15a7,215da35e4aa210f0714abc8b01bc8188efccfdb7085b221f20c0ad25fc2d7388,DeepMath-103K,11580,train,404,1
405,c25183ffc377df78b107b148d230f827912383c66090c5d3099de5fef37b6e0c,87d4665014f535d90f7e6c08716ce05e17b33f0928aa0bf1b9cb6f9967b14cd5,DeepMath-103K,4820,train,405,1
406,ff021d603200eee67f04941669ad6f950d15d51c76f16ff8383d15a74dedbd76,d73b0652f07ae15442ee34f97660c14eba24ddf8b6167f66760b1480e363a6cf,DeepMath-103K,40270,train,406,1
407,c4b3a85afc15d89c0edfb0298d61935cf8a3fe8290c06a9ff85ef1b01b908284,e3e6134d2c784c7324088fc96bf1193e2fa4e5ffd7d631fd36deb1b2f378fab3,DeepMath-103K,21813,train,407,1
408,ca8056a8145255fc3d933c0e842f097757f83946536a800c622904bdbc4213db,bf92d695b00f8ef3ff356dff656e27d45958de838f67ac6f18606b6c82732301,DeepMath-103K,36462,train,408,1
409,66b594833d7c2b5237c5d967adcaca38f40459ae4af39aa408f9fae5baddc5cf,ec670770f2d018adfdb28ece3f37fa2ade02e50789268eb8ae098efbe4f98bdf,DeepMath-103K,13877,train,409,1
410,1208237bb19e6479138087b40474f45bf0e5258a6722a1ab13ae8bf7d565a5b9,959adb16fae757499e1cec0adb22013adb8139779d8e7540f8322cc37b10bac4,DeepMath-103K,20691,train,410,1
411,b2fac2b6d181f89f09f2760670a2ffee99c26ee631f8bf70bc24bd512d69b319,b67608f7b8d7f32fac2bccca9ebd88d45102bf2aae77a76751b11dcbae512b03,DeepMath-103K,12529,train,411,1
412,05b90f9aa0e2b4bcba652b13a862f022f2513984a1ce0ecb01ef9112536069d2,4bedb76be95aad88e8afb69fd27bfcf7f34137a270debf663c26964630ae75f5,DeepMath-103K,19057,train,412,1
413,9e5c673946f9175a1f5522d18434d93d527f5688d315995333299ee88c5e4783,479a592722057c083da797afec6093865419f63502be84b92a9197eec3022737,DeepMath-103K,21788,train,413,1
414,9df3e278716c1c54f429fc1f3fed0fc1e3173b36c08a1e1ba6b6e0f7bac599c3,c418f01def222d136068a242329e6e51255f2b79006328a076c85577f5358677,DeepMath-103K,15893,train,414,1
415,aa88163aee126004ffb0701298ff00f0705da0bb4f0c4554dbca87229eaef868,98f8b96d36440e5da0303f3f300db182a55ed4005f1e37c3dd58d42b09f55db0,DeepMath-103K,7973,train,415,1
416,0686a384dff659717868016b2cd298010d310b7f98641439ca68f18d0b4d1d25,99c75bf9dc80fdb6d2daf5a0e19c4cc20ebc3bd3b7aab2c50caad02727af4ac3,DeepMath-103K,54470,train,416,1
417,2403a9eb2edb9dfcac83c6f0c7deb8fdf34188693337f1f97db1a53db8694546,643df19b8d56b39e59cf19e5cc806757801a002881f54df1d319eb2621d6cfe8,DeepMath-103K,46652,train,417,1
418,2f17f2beea76f5cc3be07f07b40dc4811a1f25f735ce6ee0cd00576b768ce2a3,0c06858e8be1d795e19e4c7c27c26c6ea511dbdf0aea77975326b1a260bf64d3,DeepMath-103K,3061,train,418,1
419,960f4d45732ac4a4200919ef46c4fa9f1487001f564da64e903ec7a0a05e8c5b,0bce1bef3e0deab8dd0704ddffc8b6fe0394d64a242827bd2c2f67d91b6558e7,DeepMath-103K,17463,train,419,1
420,723907716f41fc4d7ac1346c5791f8ecc2d11f05d83a3895ff719a791983526f,316f0997c22ee1a5f717c6d11b95cc45de6172816a713e11371a8ee864014b9b,DeepMath-103K,35120,train,420,1
421,67d8b8ca4e2c78aa24edbb22e0f35c8810c5ad263d05a70cecf0453537d74c28,8f72598202d591a797a03ef9b755ffbb84a4d0c973e3becf0c4d890f1c03b74c,DeepMath-103K,34243,train,421,1
422,921a085709deea31e1628ebd22013019335baf6a34613c3822ff85f86dc6db53,b112c41c454eb6e4ac3d01075ed131fc71e74abb4afaaa1ea7a708e34f4b82cf,DeepMath-103K,6073,train,422,1
423,0d24d7503025ffd7fc3042fd5a2bc06838770fb9575eff7c4566948a8fc14bb2,83cc266081ab07232cb8f66dec6fe5bbc2bcc8dc0cdf9978c4a05ff65397ab53,DeepMath-103K,51899,train,423,1
424,0ac25f92be72f194ab882da25c722386eec77af630a0be683076fdbafc33abad,aa27b9a5140d3f0d7a829833a23cdb498e87b459a428a00c31aaedb0caeadd26,DeepMath-103K,42506,train,424,1
425,fdd1f2029f2042fc63e59aaa87505b57f684de090f001e8bdc97f854d654bf33,1b694df89b6e16e90e7fd47d6959104b9d40dc8424f54830c8fb9dac277d1d20,DeepMath-103K,3128,train,425,1
426,7d01341920c3c741132ab5f8d608a2cf5ce8cdfbcc886ee27a7afd53c71089ab,ad9bb2ef7e640d5143d9019130be0f0834cb74d08100dc1ceb583c91f7a052d6,DeepMath-103K,37277,train,426,1
427,271c7a4fe461e777781dd0d6eb5ee91f674febe0695917957566bc31566b093a,5651a600e638c86f8830c2f039ef0330973f6e8e3cd3f4e0ebe0c58d0c368825,DeepMath-103K,30040,train,427,1
428,ff377ace68bdedbab9876a48e048f9a39c1d32d4d478ccfc62775644014095aa,20961539785ef36d9735a5e647d8d7fcc0dc8ebecd7ef1aef2dc739a4f42a73e,DeepMath-103K,15608,train,428,1
429,65a687bcc503531d41fac1b5345e53176b49ea3a4dee9e1510293fdbacd33f1d,5a7245c1d489875b7263886e29014104e5d4295408e55cf669afab63919ae087,DeepMath-103K,7257,train,429,1
430,adca6c6e43f643f3d3918d1921798bbe58cab9cd40ac6c805ec7708980c4ad84,e9d4d37c26cd7fb2cfbb0cb6fea3b8afeb866741bb8c1db124526bd15711a02f,DeepMath-103K,2277,train,430,1
431,235a8a80f0a6f1cd47c4de1567fbf82308e574e9a30bf2cdfdbddb5aae85570f,8616c511f8f539e2457d02b59efbb9b42e05a67100794d84950e3dba99a3363e,DeepMath-103K,30302,train,431,1
432,1f73e9d13e7e70a0b6d9aa8553037eb1cccbbdadbf19133868b825f77a9c5d9e,7e75f266722fa0f2f988629cfcfe7f54180c733edab9d21283ca6d9f6ea30ef3,DeepMath-103K,3310,train,432,1
433,78473b828e4393e3cea3aea76b8c370bac93651246097ce95a656fe29f1d6ce9,37e37c3a637e08fda0c316cb9a3fa85bab10cbf40680168ed5c5586ec7d1c867,DeepMath-103K,25801,train,433,1
434,5bf84f3a8bb64c863cce9dcb2c6bac44e07c52898d63134591f3d98c9a4e4432,ad171c6ab6bfe60fec58debeecd6ed5bc340ea2f3e3eff6c9014b8cd878aabe4,DeepMath-103K,1991,train,434,1
435,b8aa29fdaf6fd2817d03d525dc107381734b706c482d3f4f77a6d385150fa703,50c715e6c24daaf7f8a928880e2a08e93ca620da7c9249b13bdae54742320b81,DeepMath-103K,43574,train,435,1
436,aa1187dfe89532b4d3d3f917a34f6049de8f4fb63fe290aa91bc4fdd9b6af5ff,a8e9e7d464bb16f3f6a287c26752f106193bca4ac0173df63f5c94c1833b3718,DeepMath-103K,17341,train,436,1
437,85fe6d4e10585bf04c32f7130e5564c0a275ee0934825566deda320e96f6b14e,7863c600ee5bdf9aaecfb82d149e8acc2c16442835bcea7a20ad3ba02297be53,DeepMath-103K,40674,train,437,1
438,7826d178dfd1de9c168b98c9c2f1d76c56c38b9adead41f244b245480880e397,837ad5c16b31a1e5878874e2c6b69b0a2bbb12c19e11f232391248c18cc9dfee,DeepMath-103K,3841,train,438,1
439,0598aeb1567e07e1dfc864b4eea5b1145243681e6746697851e012bd25743c36,547f488d167fdb324ac97230d91dede89d93791635448ee0d7466fdc6ddb786a,DeepMath-103K,15027,train,439,1
440,fe79cf2b93fccbc114c68ce222187936245d7a2a4045ab387734a1fe65c063b0,a1f11630b082cf31446c5f559121e3611fa62cbc9fad4f7518a12c6ea6b25949,DeepMath-103K,51357,train,440,1
441,9ba5aef5bbaf39ed42bf85084990e9f45b7080871e5f56e75509a7cdc135e37d,91308ea63070aebcdcad49f09873ad0371955f0c055c0b9cac0ddd11c08b2fdf,DeepMath-103K,39179,train,441,1
442,35696f5df2bad68cd0fcb9b61ded7503f2ed1c547f0eb72df560be8a80320d2d,7657e020d59f98ade755f7edc2623c1612dbe2d835677b77f3f8e56a41c3ffbe,DeepMath-103K,903,train,442,1
443,4623b0416e83f5ed016a71fbc5ec57aa9c0cf05ca6f568031274387e04b39aa5,039b0cb7173d54845d6b9eb3c29395fc0a7efd994de1fcefa3978261ba1c965f,DeepMath-103K,53705,train,443,1
444,c5489cc83de589ff798f26709c5d756b63b52329aaca3aed83e08ee0744decfc,4b121d6ce9e79d9a77fbf516c82cf9e5d9caf6dbc683633be044be6fb7e19f28,DeepMath-103K,4408,train,444,1
445,74de9411d56f4a049797f0a33532a72ddd25223ba3a9ab9d2ec0faa77e4bb165,d7c43269b838220c1b7c60590b71cd5de7366a278e7040c62d55893eca9b1b50,DeepMath-103K,15562,train,445,1
446,36ef1801863791c9bcaedeea8aa374903f511fc2df3f353837a086002dd1b2e5,5ce200bc26edf0910b65b5d41f44db34fb2dc511cec1c91e7d3eceb9b38c8e26,DeepMath-103K,40490,train,446,1
447,41f12142cc149455e9ab04c146c3daa681c9a5b509245782466c2eda96d7f638,102c0b64fc66d752ba974da89da753b60caba211585da0497dfbe8ec9d7d2ff9,DeepMath-103K,19690,train,447,1
448,f60bf238f9d4d94f01acd1cf56e6c152323bdbe4ad3634bb4f7864cc8f441a60,9d08cc39ac5ce1ffb6778991045df73e22b0b4fd6625438d348293d4ad43698f,DeepMath-103K,26549,train,448,1
449,a0181ef7042ac48f2e3dcda9b02fd0b3451dc281862f8a34194763207d730970,e1d5d1b7ab85ba67a25dd8759f66f9a5c369810ef428b1f1a7dd80379810b61a,DeepMath-103K,42922,train,449,1
450,7502de9507ad4266c673bbbdaa87c9748847d6c0787d9cfb766925576e12935c,e99e1de1e80f6f956a5c05dd4787cfa541156cc4e1d7a139ea1300ed0e4189e3,DeepMath-103K,52052,train,450,1
451,02ed3a44fe9e8104414ee065c642f8d1b15d9e3351392b018fb6b9a0fdbb4a04,086e733d20da2e58293812213164e1d683f2428b8a5fd1f1c4d700cb42e0fe47,DeepMath-103K,30927,train,451,1
452,00c3624bc6c5e2486e5fff9e1da6fb6b57bc61a8e8d6c46ca81c24e62b6be966,afbcf7ef725ff6f2ff4c0c5f77f6e8d95fe024bebae1ec126879cd436b540eb9,DeepMath-103K,32952,train,452,1
453,09b3f80891cdbd11fe470192b2b0d255b774a81dc089ae9ff48b1a6d6d1f9229,9d5f6b9abb3a1c3a7bd68847695b02a0239a273a3b62c54aac687d495fd3aee0,DeepMath-103K,7440,train,453,1
454,ca6bd5cc63648cd04126e8db5dbab3304a68d321772adf43b10ccc861c4e9350,5fc020d85d2b40d78f58b09867c634de1035ba67233092ced713f69cebeb2e4c,DeepMath-103K,50934,train,454,1
455,d6e01578421ebb42c93a2843bbe722206ff9704a3584fb19a169b2eb9d3a4ac1,c5197e218a3e99e6a292b54919f36b6171dba4b77fb63e2d457f25e31d231d40,DeepMath-103K,3040,train,455,1
456,2cfbaff52160c51fec9f9830d6dcc496dc5a3f211087e0abc5ef5f313a631624,585f4cfece4b822ee64aba4cec096546d50a5d5afa00cc2d91898ffc31990aae,DeepMath-103K,55268,train,456,1
457,65cb61a8ee3b1076b40514706039e195ffb4c6a057a975ed5529caa245f64c55,27a8408bb641fb06ae16fad311daaccd990b4c740d2e9bbf9089bf51cfc082c1,DeepMath-103K,9502,train,457,1
458,7f6ae13f7e11c293ee675674a0c2cd9d24bfedb67517cfd8062b078c35a7d722,f69636c20c13c74e136b93ff2dfa34a339aeb0b9741c09682521ec6c5d3968be,DeepMath-103K,33784,train,458,1
459,be869fa95b2a047c2730bd3d75072b35d3711fa9f18f493f541a9cf0b471915a,15ee26e1d14c806c7c4a5b5911fc43ff0db3b1a99cbf878d7999ef8f330e1e45,DeepMath-103K,10744,train,459,1
460,fff6f08ca1b94d71fb6d2d56f2ca619f2e2f9664b6842b60080a1690c13cbc5d,7e18c45fc0b63ffabd69ebe33a53e9f03c68e24cd5189d0fadd77acb41dc1256,DeepMath-103K,17554,train,460,1
461,260fed7aa44f3c58595244e20cc450e92e650c0a888c181e2b0f9f2193ebb37e,b0cf37242081241280a6a31b3631abef15beb01b80829ec7e6aee39c565e2f10,DeepMath-103K,54190,train,461,1
462,41d1d6210c2bcf6f4d86959d0f66b24ed355b3d966eb1014337666965feb04e2,ddcbe61761a7e59bed1bf80f5fde5cd42ac59fe3c20b78dbb38f8a6b9fb3a6fa,DeepMath-103K,55079,train,462,1
463,831a140c71fef74de48c77e653da2d7ffd372aec3e137d0d887b6c08732c3ae2,a21fe8bcc50ec50464665df0efb8e721be373d0d250566777cf88ecf681262b3,DeepMath-103K,28679,train,463,1
464,00408795330351fca89b33980815a9acc073a0cf9ad744b0fe7cb42880efebfc,598a802baedb5e816954c0ed4d85addbc16aa35a9d80690197c6cba3f4bb23d3,DeepMath-103K,56237,train,464,1
465,91b12f1a66cc97a48db4dc3b2d6000462e0b16311e4e988af1e54b1331ee32c5,f3fa61de30448be65824bbc9796b3e3f083d38af4506e753ff5392abbcd8188d,DeepMath-103K,26119,train,465,1
466,bc89c27e7c4971cafa2cb6f4628a1709076ae28b0a334183398b8447aa6be152,b6c407b7933b1c35e2643be906267d9a28b7947aba3f0a7983beda3a9788a70e,DeepMath-103K,27464,train,466,1
467,d5e62ae204464818315bce2be4a69bad4f778fa1e25399d52bbc9ca664ba97a6,8e6f29419fd7bceee2c1bf90bc4f4314508c2bc1c5a7825b9b05d4c75f86d8c8,DeepMath-103K,7066,train,467,1
468,42f3de1bf9e9b453f61bef4660a4a1fe464d164d8e08017c522d4f7b9b177b8b,5926d5112d27f139b63ef167e9073f7d2df30d09b629a61d43c6f673bf4930e4,DeepMath-103K,40354,train,468,1
469,ca8e721483060a9324cf04e5ff5eaec2e3c74def982e28ee6d630ac1b97e984c,2a26e14793d14eab4c125ef85fdb66f6b6e4652d5f1236eab3ecd7cff5b70055,DeepMath-103K,52965,train,469,1
470,b41e4425b9c83f581114e5a7b253d39852ec4c65d5201b951c453d3e74c5a9f8,025a9c9681ad09d04615ac2c8628b8cde47654b847a900d60665f4f455c77a9e,DeepMath-103K,20642,train,470,1
471,c630b14c501ca95a23f8d8bc7721da9f2573cd1407716f254ef44ce617c7aa8f,9f8b9772b0205be2ca1b55dc55935f52cb05366aeda0dc5b024e8149bd495376,DeepMath-103K,40460,train,471,1
472,4ac1f88b90610a7f4ec91042663fea4d8efaa43b9fd60bf7ef17280cf6a55b0b,7e7112b44daf5a944a433eb429e58c4ca2f83b30faefa92effbdc1839d79bf21,DeepMath-103K,54442,train,472,1
473,819a74d558b3737a0718d6c3ca16ca477bb206a3b70c47b6d97b702c90e6f3c6,d054677c67a3e2a9b9d22ee94b08a87721c95c325fcd1b1c3ce13183f72c53b1,DeepMath-103K,46149,train,473,1
474,10582f481bafa39cf1e3de7f231e634ea81b558be94e6e81f28138e02319d5ee,352b0aa762f9358e240504493d3c762e9a15383afd6e4b7696942ccfc7c8cbae,DeepMath-103K,25134,train,474,1
475,074da018c2c00a4227434450cb7baf148caad8d33f5d40a057b7fcd7a7dbbb21,09988d8ab1413f8d6e270b37c3b99e5cc46a187622ad5b42e41ac5d2207e3e72,DeepMath-103K,41205,train,475,1
476,4e40d04ce0078af802d11b83ed053fc9e1c58eab126722d637bc2fb24b951f62,ee0a748fe8af969267d19d64aede629fd3fb98d43a027bdb46901fabbecc6067,DeepMath-103K,13394,train,476,1
477,c2ada080a2c42b8192d0ff6699a46489aedcc81dee3d66cc47db8919c7b2bebb,96b682108ee18d3544456f4345ae24e663686395c8b2d7afaecb8ab356256a3c,DeepMath-103K,4271,train,477,1
478,eece0a7a91b1de362d4af46a89f7297e5c993dcd0ce9d481af67d613dbb8dd06,c3059780095d977a8cc6d5bad507b127c51946d6b159c64feaa0dee442860975,DeepMath-103K,47029,train,478,1
479,f599fbd54657c0c1b73d4a18522a2b8cb72725af8dd1655a66a47e6a647be93a,827944c7a0219801ed8fc17e29d7eda923f35cded47103a1c819e2bd30682d9d,DeepMath-103K,41500,train,479,1
480,e25d301a89c32fa51c612fa5abbb8e5970b7e841e789ee98a0108329c64f97c3,0f6295fb0f0e30c2212898da8aae8e816471f2c99b9bdae55e43da9d9ce0356b,DeepMath-103K,41204,train,480,1
481,a7461e5dcc6ab1203077e678111e09475afb550a398d19412b2af02dd9af1285,185e0654d64bef8b0bbbac411e674839869ec0b8eb2f71aea357a04ea3a8733c,DeepMath-103K,46386,train,481,1
482,a77acc53dbdd941f2adf6e15da8b80ef6587aca713cd9c2316bebf2e645c7dab,abdf7ada2861655bd6e4556dd6927ee550920bb1163c7961ff90fd9d199e82d2,DeepMath-103K,21168,train,482,1
483,8f2df49d0583f38f2bed53bb8162a10d44937fbae8e7f676a2b9f688dc462e41,4141f2fbe6d3f063b881422b0c1731fa09f69ecc9e0b7c527f5fa0bf98000498,DeepMath-103K,32745,train,483,1
484,770dbbe83a1e944651c2c31a0a458c0cc5398455f2ab7e59bcf6a99bc70201c7,694be9473a120928cf6e7aa107220a5cacb015fb6c3fcc43abdc1bb9f1da09a3,DeepMath-103K,1481,train,484,1
485,22b668df981594c0454e89471613cf01c65561490bab85eb74c86a8e0002639c,5ea8f1b8ff5944bfa938f820577759e941d5920f7b654b9c18c1b44c56809507,DeepMath-103K,24460,train,485,1
486,4570b497118aba0f27c7e2d6673dd71f2f8c2c66b72ab4c03901f5df5645deb4,8193f2369d1b1d91490dd37a03169f9e1bf29f5fa0b8efabb87d4e04f86a1fb0,DeepMath-103K,27839,train,486,1
487,4a7ba6df5780a6d32903066097c1072fb90fb006e8ae5292204958be21610a3d,6ab6f2f4dfce87dec18a7c77e4192d1de5adc59e024641ae9a90b05733443ec7,DeepMath-103K,56068,train,487,1
488,d1be235b6d3d73c007cd6f20ae6305f25e46f9f63cb0cbb5a85836fd2fae1da1,22c3e0d9b57ba5902c1ead39d8dc0bf2457fbb1065ede9a3afbfc6977b54b0d4,DeepMath-103K,53907,train,488,1
489,e76a5ea2ef48117f3b61be127e4b0c7c1baf846f3688932b9ef6f6ef77a1c6c3,1a18398c42fd92c6dec456466ce8871c9b1bba62c2618dba6a210bb2b478aa87,DeepMath-103K,10597,train,489,1
490,dc551273e717b549663ce2b34d89561cc7036e73e4cd2235ffaaebf97eb85a1b,dc43574271dec612f6ed916f4763b1a38c3d5e590c24b20c68fd15d66a9d44d9,DeepMath-103K,37151,train,490,1
491,5cf8cd8a2ab3697c3a5cf907f448acbb92d9cb5902c6b79899d64c5c6d2661a2,82dd5fa2c83e4e086ded9899fef4bc9a2c68499f04553b869401869c7119a401,DeepMath-103K,55464,train,491,1
492,050ba6c1803a2f575b968631f8ce2af1d9cf2ce10bc00249c7b98ff1a30f22eb,5659dbee74a8e1e8d17502b66074ac2797cb7d6eb119add575d9c23080b05ef7,DeepMath-103K,21851,train,492,1
493,7bac4a11ed8155965273ab2a820dfab78d566d8f85e79a41ab2faef6a2c72e8a,a86e65f91962ec308bccf64f7bc1d9ff57b482bafb3e187978b73bc247ad1eee,DeepMath-103K,30788,train,493,1
494,58b168539d1b9062f3a755ddac0e4312ddac4ef65a6c767a5a8288a1de4daf72,0e681784d80cd7a9c0def4e9a65b6d35892972731994126d37e4a8ba959d61c4,DeepMath-103K,1009,train,494,1
495,14559441506697b90dc2864fc7c44cb6633fd8a3aa0cf8566e54b423da5c5c46,d15261b010c4a50b6506a85893c8797949f06c947f0c772fd516978df6e51a7d,DeepMath-103K,26255,train,495,1
496,c70d353da7cc1cbc6968d873549fd3e5a63976efa9ebaae801fb0cee3d8950fa,b085ba1e0a4bb32c9070c13707e59136c8b1384850aee95b4b52a49a62d012ad,DeepMath-103K,6847,train,496,1
497,fcbdcda6d48f00efbe1ddad6859e8066db4990afb67600803e596c678d23e3ea,2c6954d35eb9cba2b82f5d5b30e1317214433dee82553d2c1a800d77463a2718,DeepMath-103K,46139,train,497,1
498,a31cdea3edd82f193d3be0e5c8f840633f51d8334a6dc594780b5ace1d60c39d,954d109a52acf8c6cb5f399c168c8f902ba7c775449e5c6a0bacc9d465d51463,DeepMath-103K,15060,train,498,1
499,924b78c63fdc51b891c1f2fca387be4d6147cb28ee937de4a1aa5ec568b9ae53,0d5c8a7807789838305380d78ae460b563ae4dc4e317a7b0c4aea1b500fd0c97,DeepMath-103K,19445,train,499,1
500,d852b27b2695fa2ceaf9c880650effbfbda15d84b955aff25a9623132a22a259,0731850d9296621a06a879f20fa38e3a8dbcc93fb9f3f5d61b11ac17c6af8185,DeepMath-103K,35173,train,500,1
501,defe6b16f26ac05d93914ac9f7fb4781167e9b0de4bd50c0f6e10b79107abd49,b5fdaac90a58a029705ec74ddfd126d9163ef7f63b0e22e44b5601410f4df71f,DeepMath-103K,31060,train,501,1
502,477420d4a8089436c3f4dbc4c28cd3e3f2b766d6e4f75f324f4d7b274b9c8b06,e03a26b8e74a21da9ed8ea3a21e813efc03c826b50f5c2d827a3476293cd6de1,DeepMath-103K,3243,train,502,1
503,90ec787dcab258660e035c3e02507ec01fa0f47bf9dd530df262a381400570d9,63ce342b1f125ccc32dadd8e8ff440ed8977b4e5922db56ff6d1e87beb17d567,DeepMath-103K,6391,train,503,1
504,48d27abe388b74d9af0a71a67cc87e05d8ebac06c887c4277c0a93f5a41a8075,93f5eb1b677f803dacb7da966538aea2384196373cec244179cb4482b41833e1,DeepMath-103K,10852,train,504,1
505,0b9e5bebcdf221e9f452b5cbb6ca3304e57ae72a6969e6d45de6d1471c25f0f4,67dcec136da0a533870fabef494d8746230790cefd7020b75aa576e3e7087040,DeepMath-103K,20950,train,505,1
506,fc0a9f6e5b2d4c34975057185a00f45429dbc8277536ef05f09a4ef223cbd09c,87ae2cae1372430fc9ad8774dfdae40b201c585bb0ad3325df42aad304aa25cd,DeepMath-103K,26758,train,506,1
507,1e36d476b087f6922cd0bac28e633dae9e4a2baaad2f90587c19c68424a7fb4e,94342b7fb27cf98dbf4c70ab167fcce67bf99b93d79893e967efa3ca2e9c6ac4,DeepMath-103K,39891,train,507,1
508,646ffdf6963db7db09349d8d90a319ff5eca9ed5261076418db2bda529dd451b,1279f681037a1ad0847faa152915421af907d84f18450d7e6e5a2f96dd02cc05,DeepMath-103K,60,train,508,1
509,8415c8e070b68eea8a862211d9f31d6b2e412b42fbd629e8175db8aa111869af,f772bb6719655fa6fb4ef1c07916d4eacbd53fa0496eb436a954811bcd232f09,DeepMath-103K,33209,train,509,1
510,fdecfa0143e696ab26acd5d070ef5f871ea30e9caa8c1ed450bb9a641458e60c,8a72941150330be1656647291e151583772ed029ede1811a55e820cf13d32a3a,DeepMath-103K,38357,train,510,1
511,609fef7a9023841f2803d0adb7879b77078923ff10f80dd41944f9517462fce2,11076726e77fa46da75f2ae8e637be50d3c485979b7134396ce0917d019feb75,DeepMath-103K,54426,train,511,1
512,fdfb56fd8849722c7abdd2c0efa46ed09d5b6871f4f39f3ca32fa22b4bdd58ef,50efdd07eaa7557c2d9da818a67182c0f0c4018883182900377908c238e86d3e,DeepMath-103K,37830,train,512,1
513,6b6695342607fbf3076c5df385a32ba2e7d3f77e6f4208d2d8a2ca981eb2fccd,a3188a43026fad02287758a1c73d013cd85994a497fd05074f84d7229a5086e6,DeepMath-103K,55452,train,513,1
514,58db46c8006fc6a18d562c0134f702194003a994e005a37280f14133a7f69941,1a146b12d86d4096ccb86b77809436c35a576c322054680c0728e181ececfe8b,DeepMath-103K,52677,train,514,1
515,c7340663b87ede5a4a8c46c905667c0a5dcccd99da8ab56a3b0453d6cfcd9a3f,1a957444135a2caa492342856f6ff341b37026003e6929b50d01a17265d3f17d,DeepMath-103K,14634,train,515,1
516,81792a65e3725d6ffbce1436b8483a6a6f7afc9cfd7b213ccc89347fa34c4a78,21e0c0cdfeae2afa2c21dd144fcb9a905dc1fcf90ae86560b354c2163be1a8c4,DeepMath-103K,44296,train,516,1
517,fa94c29e450c92e5abcfc2b0502d16ee193ed8b3c7293e0a018b420be0d5b0f5,d91138b3fc36218c79964e2295d6e3b43ca6fc050c16cb324768cff7d627ec67,DeepMath-103K,27601,train,517,1
518,c7bd5ae46f9f7ca39947b99bc7e30ec081743c73eeca78f32092fd40e91bab7e,3354bafc65d40779f4255e5aff1b23928c8f53fae46f0a4aa179607ed5b3ae83,DeepMath-103K,31030,train,518,1
519,ff55ea19ea1248aab66d8058b0e0019a0db3d1816bb6fdf53836e6cdd71ee06f,0467ba2b2724a3b888b8fa6fa17df8cc0ffb3e8c2e040fe869a0860f62622486,DeepMath-103K,10060,train,519,1
520,97904485b493d6657d5c70c57a29d028ee040127cfad45901a7522b1ee0fcd33,17e16239a0abda6b3351e999953030ce1aa813e43edc95e002a287101fd4972f,DeepMath-103K,43010,train,520,1
521,46477bcb09b101a26ab4e9d2b137c05eb60a3bce40b16f28de6da86ac194b25d,40014f8cbbb51b15a865c897793e691328bcc03884e4cf0ed69a6dc2fa70fcfe,DeepMath-103K,42489,train,521,1
522,2e62697ef01993dbea89162678650af0ee96813d710de2bc4d1d25886f9fe58f,d3fab7463893d786a2694b8ed1e78b290a03b8f4d6de6d7ae5faa203ef189349,DeepMath-103K,35794,train,522,1
523,9a2a4a89fa6f5bc2a77c95af9bc268d0f3c0ba0557c179863b99cd8538bc55d8,b866349834679cc26e79a5e0df934c1857c1615db74041bcceaeec71057003dc,DeepMath-103K,53569,train,523,1
524,ad1151a0fb447f6e3ed6ed43c0af9b676923250d1e75db28d8d68e506c3d7b61,7f032114a4bd775a0c5d54c50074c0d5aa55824ceb40eff6ee0eb2e6e0e44a99,DeepMath-103K,12681,train,524,1
525,19d4586bb2738fcd052b348398278f0f8b8e847ea60565fee7f50f2457c9fb0a,f5345108b524c21d19ebc0b9345540c85990d0311eded698c793b44f5311f3a1,DeepMath-103K,10080,train,525,1
526,9fc10ac2c4551a607cab394d1580c03b167ea4da86d199dae0df1a337ebe6a13,bf70b68c9dd7ab1383c2f9fb4ce077b45179f3905cfbca1c51f5d00940cd643a,DeepMath-103K,27878,train,526,1
527,c44a725b67280ff888641e97253e00f9c75ff7f251a5e9ead888137663f0409b,7d6e7cec78a4d3030e96e2c452c34e0ff32f6bd8f72147242fc465a61059fc7c,DeepMath-103K,13331,train,527,1
528,8258af3dfff8925b90609136754dee3d5212d5336cda672cf852e2de04ac4c65,5927be76e63d6d820c9094192ca7012e6a29aa82ad5cd1abada4d20796b4ad48,DeepMath-103K,44606,train,528,1
529,7125cacc4aaa4095fb56e00060c856faebca373a47ff242965f7af4ead20f74b,61403e102d634c54189533af43f0103eb9d509bfee2790fb32602b9de2a8ab05,DeepMath-103K,19144,train,529,1
530,09879f5bdefc8c26d839885051ef23e609a488e5f46b628fc6a3efedae773041,0cd6855aa1d121b20a384307e8ef6851b1e5f35bd7068b9678d3c2b44e36246b,DeepMath-103K,3125,train,530,1
531,90d48194bf3107e22200f7304c533a79ccc1a74ab378cfb204b07ea32dd2388c,85311e6e0808500af05fc5f214bc3569d570f0d022924c4c014b25d4ce101c88,DeepMath-103K,49145,train,531,1
532,287461574421afb3e75203ce0d5ddd26036f85e43db7ca4454f07c3e024140d9,ade5fab820a5e6754185152221dce454f2238d75c012723cf5f18c1023f7e2f3,DeepMath-103K,21919,train,532,1
533,f35c895b82a97dd2db374fa36001c0c4682aa1a28b5f2b8b85e33c618603911d,d186cad3973a2be72a6e6400ec424f6ab35d9e2a003c16d1dd40f4e1137386fe,DeepMath-103K,24065,train,533,1
534,1f0e4b8c31e667a16f158709846a7db226f0752bd734cd4dfcae3bfd8b580256,35ad3c335a6feb5fc5d629b85114c85c70aa772c99a2bb068a9ac61d0867213c,DeepMath-103K,26376,train,534,1
535,0d9f34353cfdb3627a228d71ad4e5b5c37ef4fd1c122a25264197d29dc3dc085,723b85255457cee8124d97e6da19f86edff1e81d0a17bac3b1eb30a65bd6b82e,DeepMath-103K,55314,train,535,1
536,faed37750937d3bc6a9a09a18ca85ef3519237401e5bd8efcc084406639b0b96,570a78016a233cab7268557780f2c12458843e3cb776e1e53be6f61443b75bb5,DeepMath-103K,33242,train,536,1
537,b1db4d9e07a87d9de2cdabde46493ad337bcfc5796b24e3454ba79053f14e3f0,14849e48bd701ba7cdd36fd7dc260377f896507450b15360dbfb48c83cd69a83,DeepMath-103K,30238,train,537,1
538,6a39b74126d764162c25eccf3a2e224813567f8bbebf07002e442cd40954fdfe,7100f80fe040dfc560952b2d12d231a35f73ae3fafc070ebb7883347cc60906b,DeepMath-103K,56869,train,538,1
539,d4905f0279be9508465d5e977a499e543baecfa45d991ebc99d64ca6f59637d8,82d615764250b677de10c160d4b797451d79aa8fe610329b67b01cd0d811a619,DeepMath-103K,21694,train,539,1
540,90d0743fe6ce804cc3443cb202adb347e47720a040ecf311ed142e258e49e5bd,739594f013115ac7e1017d79fcd3661f2ed85fa16c85b89bef8450696e9cce36,DeepMath-103K,19743,train,540,1
541,a90f4844da0fe5063912b08153072b2d39aaa7ce3a93008f0e30dd0ca06fb20b,0b0cd046c21a0462b8841c767010535d62f675729f767a84a305aeee17a352d9,DeepMath-103K,49316,train,541,1
542,1620b6706f4d81b11157de9133ee175bb417f98deed1ffc16c09458d170224b2,50c6b68dcbf324e4019c6f730b955b21daba1c132215ae7dd403ac4a2b5b1d1f,DeepMath-103K,54980,train,542,1
543,92edf32c489e81a24035ca7ad56c50a1f9b67d74becd33699e177fc61fd5d449,048801972ad138aaa91f8e7f1d0445d1ed260cb336eff97d1364a601f033ea05,DeepMath-103K,10210,train,543,1
544,381754b45733f562447f17e2cf27478d286bb618d451502058162bee4fe09b5b,6ca7c3ec7c7ece6e00eb2a750646e798cf23cfda3dbf329be8539db4e28dc99b,DeepMath-103K,40819,train,544,1
545,67c01abecb0d1e651c5887cd6e008abf6d790d1d1e03bfebe007e9cf9d28a0b7,ea075b0df7d02125c1a83bbbd94c746a804c797d3f98fca4c7448d0faa51194d,DeepMath-103K,53412,train,545,1
546,f15e91f6a3a55a1fcd003e2867578ff779ac49d5eb78e156fd8773ba1bab14ff,9da5648042b880f749a53b4d182c59a03266f87627b6ce31e1ac227e8e4bd7cc,DeepMath-103K,15053,train,546,1
547,95e7a8c1a391ee356173e89ac09d822ee6ce1932ff7daed926bac8985fc6a1b6,e96cefd52c2019384f3a1bdadc9eba5acd4405904bff46fee719a14a008e5a51,DeepMath-103K,36998,train,547,1
548,5955a14f2e518d295dd0480ef1d322ccf89f1bd264429edb359e7755d13b84c4,c2807d7d158a0eabb3e07f8e01241eceba811c814267a075434eedcfa906f5f6,DeepMath-103K,1564,train,548,1
549,1a10fe9f6880a1372994965d186ef68399c308c39a8180197910a567740c4d3f,52c30e2e12070d86ed15c3058242a45487d4f6804cd50f27810a157ac43591c9,DeepMath-103K,12509,train,549,1
550,d8528d101313806cf0204f243f155feca1e3138e6aa7b9fbf74efe7b74edba11,ef0aaab6c7b0ddc183243c8fb3e501def51cbb969c5993a99b58dba776dc2656,DeepMath-103K,33349,train,550,1
551,ae1bb593bcefd23a11c7d2c900f491e2346dbe8123166b5a8055b5cfaf2debe2,372fedb370d0ec7c3c8aa7a8a8129f1bf8f1bd78a7d1bb7ac5efdb2a70d5036b,DeepMath-103K,51766,train,551,1
552,d252e98409f6e04e106e17a5fbaf9ded31dd86f827de0b96f09b20dec5cd0f82,596104f2c4bb2808914269d4abc00bc75f8d99c03c456f2fa67d254d04c78dd6,DeepMath-103K,41487,train,552,1
553,1ce8f9972534629b174a6d24cdde799417269a2b5820f7b6933b01c496125307,5fd6dbe8eb2fea3e4380f56c996128598b6712f8cb8110cff6471c6b0071029f,DeepMath-103K,38844,train,553,1
554,5bc62e948ee0554058e03b71352ec58e4e3daad96f49abb9a588931e77d64e8c,161fcd1679fc4917dda5336e7ec8b0bb81054f02977e5aa2ba44514237f1f52c,DeepMath-103K,33004,train,554,1
555,c36ca6151535beee8a815261ef692b00706b5800bb57d2f0766e872f5bc2267e,015ab876e831e1be79ec1660c41b265250543277eb8f3e498751a1e7f6babb4b,DeepMath-103K,18274,train,555,1
556,31e9f3d3222ac222162ac896447defad73c1fbbd0fb69a46880da571a1862f31,a7b87f9837f6ad6397b7668bbac6bdb280b9de106b8d25ab2836bf8d33abb690,DeepMath-103K,3592,train,556,1
557,917c34a70699ea66acdc1eae7c532ba9d4a7f673514b23dbbf9d36b551f8e14e,e381774280918f7fd423458d42d27ed93eccddb7ef6e3bac614ee7b9b2e21dac,DeepMath-103K,43436,train,557,1
558,62567a7f754ba94d1a859c15a86d07d1685b6e1dfe277a26561f650bd62aaded,75d2cb9669e9e8ed3f54a7cda1e7289b08fbeff44b9c0b48c47c1c842676fce7,DeepMath-103K,34447,train,558,1
559,c82916343be8cbd768888cc28fd3a930bbdd27e450d0bf8d3f96df15b1a6ebd3,2e12d0a02fc26a5b2191c7e441300742fb3a16b8621feb3589d91191ddd62d75,DeepMath-103K,53416,train,559,1
560,8c168dcf0b8e79ea7390f2b1c7ca96e962bc17b3c5bc30edb5df5ff1cdd7fa51,b832c598b5e48c9077b40832952c9cb6620a6db2b8d27483c75e7af8de147fd2,DeepMath-103K,10128,train,560,1
561,862be3871958597e092401dd171a7c39da62aca1165fb2fedc73a00189b36d82,731c463b16d4ce8340aaa7afb54f2e76f145a7dfe6656d2f412dfc4bb900a496,DeepMath-103K,53248,train,561,1
562,e88bdaa9f431d261f1796f5c4e88fb0af86866439cb87be24aac50fbe5a7141d,4bb9c64be1bbdaf3fd19ffa13c4651a27f1b884081c6050538f0e9153d205aaf,DeepMath-103K,49320,train,562,1
563,1e88e9fcf510cd58c2b0ee3ea3531e206b8b4cbeb959b584f992ddba1c9d9e8f,a518eb341f065821165adf87d368cb9b4278d59b4ab285195dbc778f1a7ce86c,DeepMath-103K,40768,train,563,1
564,86e73a3d80f92d0686085ecadb28eb4cf083b7b06a6963fcd2807d637ea220b1,8c74f321d9f760a64d1598c304dda993fd473f42cdeca96f1a630821e5084464,DeepMath-103K,52385,train,564,1
565,45142edfae050447f239f952cb6fdcca51325fa9a4a6785529505862e7e32c9c,9d698393c66acd13c6e68147af6a116de26945f276452f348bbe3a1b71671efe,DeepMath-103K,9470,train,565,1
566,27f5c9fe1a287170834b050d195cbb8b2527686031e8d5698976d79a1c5000c8,09957e925a2894988298551e22580b30e7b4e374bce71bccc8aca59b6b45f033,DeepMath-103K,38936,train,566,1
567,b5036ad39a8237f3377efc2b8c50b19fd67a5fb4d0491d67cdfdfafe051c829d,0cd46dc305b7a3268dea6285f6c24f912a1b4ed09a79f3dd2a4a8296d61057f8,DeepMath-103K,36332,train,567,1
568,8e5dcadc2cad6462b7a7285d3319551de506b279b4b331289e56f80fbf351215,292fe16da9d2fe9caca71138cb06184787f0fa5fe51ae3b6545269e9cb6390cf,DeepMath-103K,43766,train,568,1
569,88904737cf68828d8eccf0620790873c7656a3c88f56d3b2e0444d4dba6c18f6,523490e2e8f3888f6d9090f5dd621aca82ee31f0928ea05743a3dcb8a8911961,DeepMath-103K,10923,train,569,1
570,188f79ea073e645cab1db60bbed97d9e791f9f78bd9e171dba998a8dc620d76f,cdf1b9c65b5fd1c64bc6bc1d37ed2905bb044b2c7fce393aaeca253c310f3ca8,DeepMath-103K,8248,train,570,1
571,edf67af0511b3d386fc6834a1b232d46e5110cedd369fd3d5768e294f9484e48,9bf09aa31b7338c96fcd434d35d6f8dd7ad199ad33b2e746fb48f920bfa4e75f,DeepMath-103K,35850,train,571,1
572,0bb7af90d6b25a4b3c32f23abdf08176a0b76bfc1e4d187f87d3e895ba69bc64,b0a216706e846fac9a9180ae17324c8e09601a1daa407887d556fab0c74bc3c8,DeepMath-103K,51712,train,572,1
573,a509775d2a0f2d4d56250aca32e1d1810e1b1619032c6839d5da33e97f8d11c4,7874bd15770b2a8dd689661f92e5a94fd7272a7f284643c0fe8e2f3192646dc9,DeepMath-103K,1371,train,573,1
574,1d6bb9b53832ee1d7c5898732c41c05d0b0998393427ff1e9d59251e702a071a,18de418391ff123fe8c1cf579ae1c5acd95db16aa669dc7299c848c852430678,DeepMath-103K,29718,train,574,1
575,847636bf0d3cc93914c5559e67e298052826bb18b407266244794f670ed4987b,8e57d6d239cc5d34ed2ced5f2ddcecb1da86eefe1964033e7cdf9095f9f484c7,DeepMath-103K,40500,train,575,1
576,e22aa2b976efaccbc6424f11a08df64cff639bddb780cd3ce53ef791ba6bc34c,602c8bd1aff7af9875c9951b76aad5fb438de2d0a313f675d5e651d42525ceff,DeepMath-103K,28186,train,576,1
577,78ccc7dc036c50b2f25c23af4cd590de501a977e8bc0c360453b901ff559bb08,bf8b9c490d0105ed5e0eaf2ab6db3431933c3f9285e4ccc35b18891b4215b8b2,DeepMath-103K,50566,train,577,1
578,04bf903f4a7d8d4105144a45b9d6af87dc5980ff58611ddac3630056e5d99ce2,908c3e334285672ea23ae3969ab5ceae834d8bd4e780c4cf8e3a89715866da75,DeepMath-103K,37362,train,578,1
579,65eff2b29a6db55fb925d7097f59da8a83e2527cd729fda7b36587c55af48e58,0c299d9abd3964c51271f1cfbfd59bb4bd78e0cc45ed3d209a492e83c8219a64,DeepMath-103K,51174,train,579,1
580,398c0a4a353aad4e9ff9bb73cfe9369e1748cdaeaf8e5f82c08724b944a80d89,831a77b53303996821d1bd0f458688d92837c03ca7b7ec9254fa103e9d52a632,DeepMath-103K,29858,train,580,1
581,b440a15500f1bda850ed14c5d0add00666f94347b2191e58450aa33cadb9eae4,9477e4c11dfc1642feb2cbaa40ae24703e270e9a92cb07f735295e6f1d2bec1f,DeepMath-103K,3666,train,581,1
582,0cc1182c90577ea611f5ec30ac15663c4a10d2b2028c35a0415e7ecc441a2b34,9b30d78223355c7bdce88f38e3d00a34348ceafcaad72244a369f1d4b223863a,DeepMath-103K,19555,train,582,1
583,3f58188bbf49bf4c3e61870dddc0eabfdc728d7ff26ce98eec8b72aba357cd95,0898c6e917f268238f3134401fc70e4c09990f391ca2c864fc991643fb421aea,DeepMath-103K,30979,train,583,1
584,613c23e530737b3a53386ff6d25f878cbf94d99f1b9dfdd1053e01f31cbfd263,16910a923ecc4991e2f381191c60f7de89e0fb646b1d981e68f69ed5c101a650,DeepMath-103K,40406,train,584,1
585,45935269d1028e934ec895eebfd6da33899f9177bebd525276952cb434348402,a8c2f705f4fe781ceba6c4e752433bcf20a6b21d9353a355cbedcf4df2da2fd1,DeepMath-103K,34138,train,585,1
586,9d3d7be89cb292e08a1253228ccd3fd45e9f366c91624d6bd1e4f4a435cce2dc,01d4f6cdfcfaf3b66128ea2ffa223f3f64eebf529a8278862d074bdd56dd27c7,DeepMath-103K,16931,train,586,1
587,f582ab7734808df7c72ad4e9b538ae5a5ca042969745cc069df4e85a76bfe309,03ac9f4abaff53e4beaaf9c3ddfd4a67246d4e5a87adb7317cc5b5cce8300a33,DeepMath-103K,48705,train,587,1
588,8a7068564919f53af5871c3aaca1d4ed432118999ef3703fe919e895525629cc,5d3d0af227b38385882284e10929d0bb515c66744d5e43265759cab50750d703,DeepMath-103K,40163,train,588,1
589,cf1cb9b0bda795d5e79cfa657843af7f535fea3977090af7c5d3f52b1459b3e7,555563538b9453a453f18e883041d3ae200469638706c1a073a47dfb724fc5aa,DeepMath-103K,30424,train,589,1
590,1c6a94ea112b4b1fa670f7d2b0e0b3092163bf933982ddaae45291d4ba280a3b,9bde6558db4843e7d01312a00ce8c95a85ae79b2898fe8aaffda2891a2cbaf9d,DeepMath-103K,47954,train,590,1
591,3a62f5b621c88def605348f0b604425c87ea12d39c9fc3fb2b6d423d787a22dd,07452717233f1c78e9ae585f24a01b94e09c57bb16142ae7018a6ebaf0ba448d,DeepMath-103K,4896,train,591,1
592,842cbb175475b6fe74561b22c75bffc2d1b0d9c6dcfabc2900498c7d9009fe29,bdd487a243713a877b936982d28e2dda1429a87db87f522e0b65420c78807aa1,DeepMath-103K,46471,train,592,1
593,7ee24fdf0326911af6282223696af272f7e4f643f9fd1d5b6f067c2721497976,49056a4355a8928575f6b2a1de2cb415e77b7f994ae9232bf11da1a73650659f,DeepMath-103K,35900,train,593,1
594,14219ce7aa14c6084bd0bb2c2f90bb6d99fad8d39b7c38ca96bc894635ae6691,7397b9766fda6838063e811179b70eee2d60bcbc14c680050dfa217cccd8c713,DeepMath-103K,8016,train,594,1
595,fe837b0c13c3fb86da831a2bb22493eb4c1a6c29aa78aaf71b74b9865569ff69,d42b044c11b8d0e5cfbd519a6320035d8ff85abdc634b2c6db8b40b01ab3cd3b,DeepMath-103K,23919,train,595,1
596,dfab0a9700e8ad84675ffb60079081111a1d60f043d9d06ced8143ca7eb1be10,7147492812a4c079a199d6758499e48012282034b486e27c1eb8b993a7ae00a0,DeepMath-103K,24431,train,596,1
597,e8f287c6f997a8790246465ed51b917034b42d0f4c1046f150d1f5fe81e22165,b430e10d26ffdc62687c5a643a49b1182072c35aaa33ef619ecd67c41fb33883,DeepMath-103K,25007,train,597,1
598,99a56209f25954c582ba34b72d6d552d7561c41fa24e14150547ee4f94e1c918,330fe16e27332a79ae01ba502bd3c2fb6b72164ec0acaedc50b63bd66bede09d,DeepMath-103K,51631,train,598,1
599,4d7615986a2b28664b93c2a3ee7677c84924d9792d2b2710ad6983ef403946da,9465f1c42e9aa96c903e77b84f7c5c0a4fda68dde6159c2dd6fc023c26501b91,DeepMath-103K,24320,train,599,1
600,94f6593d164427cc98b270a237488c4c305345a1b28a5c968a6cdb3c4bf3b701,09282b4ef9fec6dd54d90864b9843286e2ee02262f8462556a8ce4ed04a9c3ab,DeepMath-103K,20905,train,600,1
601,7b08b4409fe8b7590250983c211426363e9db095e6d02866f4247ea84b63eb1f,e31dc62dee77441588822f35fa12f57538f5567f60eac7f8ac6a941ae0bc5e76,DeepMath-103K,10515,train,601,1
602,2f589b74ac2205effbe06ee30e88a3d5ccd63fdc3439db20426f40d8b79d5081,7041ec7fdb9fe37c0e442dc73f218852c52067c861a634fbe67284cfbb57eb5c,DeepMath-103K,42659,train,602,1
603,50167b9a477165b2fb75a0d624076f9d15d78e3ef9cef09d09e4b2ec5d02a638,5dddfeeede463cfa923ce5cdd1701d084c367bf95d9155f7567bf79e4ea27d5e,DeepMath-103K,30881,train,603,1
604,1c0e454ce685f1fb28c0b74a94da2f20e9ebdbbe65b375a045bf542ab4f624a7,49f1cada19b08d41eec0f6f69a2996846eb38ff63820162e5889e595c3433576,DeepMath-103K,22213,train,604,1
605,72c287cef64e649eb2eb3dd201f8071bf2690c9bbc38a5240ee2f96c4feae5f0,a4cceed378a1703024293c36754c88adc913c21235ed3907f7ca24fbc0f150a9,DeepMath-103K,53307,train,605,1
606,42ff2e0da2c1e4012862e8a03fd2cc779ed30e530f4e5ca4724ffb2069228ef8,10f79cc2a5b0fb17600945cbac485d3805a4deee99ac6c06e15adc5424bcc9b5,DeepMath-103K,668,train,606,1
607,0b27bef15498dfe87ae02d07350034064f67c8ffc0fce8961879be9950a34259,ea250c10286e10fc3d994d879503fb62645103d537ad96fda950498cb71beed5,DeepMath-103K,3183,train,607,1
608,844ef9f19aa27fb2f745eb2c19d10c3b9d4d76dbeecedcb8613ac8be9c49573b,8c5a481f43ffe2c288c39b3804699f022c5f4559174eedb42f0fb1f5debf0f75,DeepMath-103K,23295,train,608,1
609,4387ebe56e36b504350abba5077527b0323e219a4e28a382e9d898d63dee549a,f38b38bf18e077c72ff0c01968ce2d0d3fa9830114629ae1fc12defb11717f92,DeepMath-103K,47554,train,609,1
610,b5fb457075f737fe27623818417fa7634e048125467a5449831f042c459f90af,f8831532993aad031dd62e02f18c4a33c92b4ee95f13e292f6315c07734f7f1e,DeepMath-103K,6175,train,610,1
611,9b3a92171adbef7da1f53ecf9370ac08a0c1cb531eae54b5c89a8f4515cef253,684d38350afa132a24d56779f7ad176e9c2d19d4e9f97a68e1219f3193ba0eb4,DeepMath-103K,51735,train,611,1
612,58efe572403044e02c0e9b49fcf7d7710b20a11613defa218f2e825e8d027011,89920de5b92535a15b5b37ed7e685382db5e94ef0b971c7da7b9cf11bcfeb3b7,DeepMath-103K,29407,train,612,1
613,2daefc0c9382973b79a8717ee9079980b8e3feb683d9e9547cba05c2b711fb68,b5c94741c88b6e7c1db559403666aedc884c60ea441b4da6b2838691517f8ddf,DeepMath-103K,54395,train,613,1
614,592aae72267e2d80a05c9fe4457ff8411d17e2450e6cbb56226e6e1e835a3b90,2c2848210f1de68a9cb8ba0c0165bac96127b1442b8797f12b78bae6fabe9c34,DeepMath-103K,9150,train,614,1
615,7f0aea50275cdffdacc6a18119d2dd5a66db4b45b5b52072c1833a7fd2f68eae,12172b71d4f7a28c605350aced957fc957ac5637069f1fa3ba599461f8fbb959,DeepMath-103K,3095,train,615,1
616,84df7414651f2df141fd361128122df08ecd02dead2b99f46253350f76f1b8ef,81b705666e1346cfdd5fce6583f38a53138f2f049a651ff3bc0a64d49fd38fd6,DeepMath-103K,11159,train,616,1
617,9201dd3de9455dba8d6effede9819814f5025e1879d70b20593dc8aa9459fef1,08244b2e1cedf56a1b470814ff6f5b20a72bb0f0a63dbc66bcb26d0bf972c790,DeepMath-103K,39392,train,617,1
618,4b95aa0ed844e7252f662f53e30b773814cc2b4991874b7eb63368cafa96abbc,7bf12ab41f103b7e1d2060523452950bd622f8cb90a0d2c66f202f2d59019531,DeepMath-103K,37634,train,618,1
619,476d2091db0a52cc7a9805148f220e4d585b664d17de726760364be25da84ddd,ae66069a6de3346b56de3181b858095be50ef8428ef32c39eb83520a15890519,DeepMath-103K,20793,train,619,1
620,4d615eff8bb45f68c4c6e1094c460e91493829ad0d3ff9449d9e823cc33d2ba5,545154a382d8bb1e8a6dc242bbdcd58a3f53364fd0f3206a10de76f3b1172e3b,DeepMath-103K,34437,train,620,1
621,857a87c5f3ddf4d2bb17d8165a379e94ce848d5692267adecc2cdb2d476ea879,a13baee47387813d62e02cabcea59715620e65c655ea781f672d2d507c787316,DeepMath-103K,43610,train,621,1
622,ac57fef6c736260b5fa794af5b7b11a2874249822d700fb55f41c90ddeaa964d,a2a5d6f3efeb0ef71886fd0384afdf452a324a221aefcc27d9f6963108a02e50,DeepMath-103K,27645,train,622,1
623,f86a37a1181ab145d0d7542a132d851c7b4e5f5e6e40bb0445a2b4855901cc97,89746402afc8b8b0225154627d78baefe8ff6e1237810a01f398923b7b93b419,DeepMath-103K,5901,train,623,1
624,a9b735de7c5fe55aefca5ac437d7eb1fcf01fbb3e1e6a3d483e36a412859ba98,9a1534f676dffe6ece91b7a0454ea99928dbaae0806791536e880470fa4ba5cb,DeepMath-103K,55755,train,624,1
625,0eefaeba725b035b79b22f421a79073131150713a710cfd60b0310d5c22ef2e3,25918a68352acada41a08d027b2f9bc6d89fea84bd9852ae8c71cadbdb8ab932,DeepMath-103K,23109,train,625,1
626,b1c119f8f30d54805163c8ce3d1d951831d1017be63cbbb282844b6274209b8b,d3cd6b84c7a20911426453110fad884ee5033a7c5822550cee533512620108af,DeepMath-103K,39283,train,626,1
627,cf41650d7d84d3a4e9c92510a0cfd18eb89c98a792ec8ee04d5b90ba456f5578,5241fa25276aa83d8ba303ff19ef0296550f5d6e9bbb88bdac4181ce8c5666f8,DeepMath-103K,30484,train,627,1
628,22a27742bcec5a4fd613d9e4cb10165de2b671ad2d18f9f908077ebe1245f8f5,91f5d9f18448e89e4ea538411c4f0105fa44513a3ff2f5f5b1a39c91c847ab98,DeepMath-103K,2187,train,628,1
629,9b0b946fb6f9fc1ced8cf6f28d42377b1392df10dee92516fa34400304cb8526,92a258ff2109c3d3fc5bbdf0d2078084ac3b17ab36cc559c6f02592cb5c86a16,DeepMath-103K,38324,train,629,1
630,ab90eabd68ff1e8cfdcc34f4633e2af841ce767ffd4f50fb9a198c40ccd53324,e359b4a69403964957f3d178128a4fd9138663a28143af40f13f9c0ad5bbb26f,DeepMath-103K,34356,train,630,1
631,047abd0442927e24ad6a1fe903bdc78f76c58619e88e6c1fd386c3b1c67728f4,0c296326d87334384c6fa50376dd1241dc0dd5d3db3665f2e160d76f803ef4ed,DeepMath-103K,30364,train,631,1
632,5afa8c849545d1e5a39dcf4659e477871e04abc64863ec07ecc1a8075a61b31d,1642173dd69cffd6b799e70e33943c96b76c2f33093ebf8fc7904e439c91f5f1,DeepMath-103K,54171,train,632,1
633,cbe26bc3e33fed3bf9d4baa2d12a1329017671b481687987b832801267043196,c0cca3432f5dda2068ea3b939e600b260abd750d39f12acf13ecdf789c5e1141,DeepMath-103K,17612,train,633,1
634,21db9f054e9dd40d98c23aa7124e1ddd6b38de8de77936db5232a7ed2afaa2c9,e4dbdbf018c31b7fee9cfbce5c5edbaed32b40cd8a7b81bffb4bb5fd777daded,DeepMath-103K,4385,train,634,1
635,106e62b34070e8713e101ac44de5eeff1b03477184b65fd8d48429873d472664,f0919a0d3a3a9e19d3f20c1ea9c96fc2615d9bc3c3fbe0cb56968e6c4ddd127e,DeepMath-103K,32616,train,635,1
636,94eabfe27450420aeb415b38d168481aada08ff87095239f75a79d2bc90269c9,cd1870e1c359266228ac45085df6dcf29c5a31dddeb2169f256e091b4383c73f,DeepMath-103K,33833,train,636,1
637,8906c5d3244023da7bde774a464836ed792f352f08e823966057e2e7240c6a33,eb3b412fd4aeaf58318a637cb6031a669581ba7844bfe23bb9c4a7c408a098d0,DeepMath-103K,14457,train,637,1
638,87d263b752bd5ffb225905311cedda8b1ed98ae3e0f55d48aab4ea4efee2f0d0,ce32eea6a1a8dec0f8135f0a8c503c45a87c929de6b7ae908e517c326cb65648,DeepMath-103K,32742,train,638,1
639,173e72fccdeff270df45ce7408ca64e60c9d02358dd67c1bdb1033078a434224,9b631dee7d586aa27f471cf15c901958264cc248754291136dfa0f5aad829757,DeepMath-103K,56067,train,639,1
640,f7a9c315121d98ad80c8f0aa130b779e86a3886767b4c8617a61ddb5f01b2675,ecc735300341069e809b64e418bf35f5b6f5190562e16c8264db8e5dc2bfc387,DeepMath-103K,26190,train,640,1
641,a901c5fbdeff4bb74e5ed0935b5a8a2616104313af8407e7e7b0311c23797edc,60c3aca23df5854d37cbf6cb0464638cd7289213ad5c18f97a367203ec3d5038,DeepMath-103K,983,train,641,1
642,db4e3c8ff1190da52330f16e30902ab3056830e116f46706aedbf89f0476c5dd,bc39feb295fd0f560bd17f9d080e74171f5d40b8a235f000d6292526dd0686ed,DeepMath-103K,45158,train,642,1
643,f9dcadde0853937ffafa951f7a8735a071e8f63aa7f9a2ae6ecb9c0592d602af,c0046bd6f145ead7ad509b538f48bcbf96d1274e81d76aa5a036765c0aa7ae9c,DeepMath-103K,874,train,643,1
644,42bf187fc1de07cacee53c2ef2a4e75685a609517e2225a849e3a8d262ded178,660ff68a71470ca1ab9bfc9aa42d8d219e6de473a3b066b931111fd9f9638559,DeepMath-103K,39659,train,644,1
645,f703a2e015ba248546ad3b91aed4bb0751400a52a54d2eec3ef0362b1ac93c27,2f06915f4075783754baac949dca567a2af104e9c4367e80c31dc086ec0ca894,DeepMath-103K,53474,train,645,1
646,c8c713813637e8d2da778a52c26aa935d4e888ea3ab1a751c929b4f954fb8900,cf0c52622583593b1783b9aeb7af25babfa4106cf7f2a7068c8dbca31fec4ebd,DeepMath-103K,14765,train,646,1
647,bc9ad88544b666695e586e9229aea3127c2c0b85e03884775e805f8b620c6a14,86c605c54cd1f819ce5c9241c17301fd1c4fd7da98d8f04affa12748155f2142,DeepMath-103K,42520,train,647,1
648,d6fa9ce158ba3ac3557cfb2eddfa08bdf1c8a23f2037406277f24c77da51f026,2184f3ba4c19c9e5a0eef132c04e895aead82d6d5f418a2f013eaf240a0572c9,DeepMath-103K,24754,train,648,1
649,f8bfdf7f9dbe6e6cc28cacaef6e1b75862e8dd50ee063c4617bdddf9f240de54,4e80cc9f5f51eae899a468c20ea6988b792f24d5dcce4d1f83d3f9324405cf63,DeepMath-103K,46849,train,649,1
650,65377fb883fb1687a92af45c6bf44f550c2e148d2d271d7a1cb5df49ac24606c,a92e8bfe1bf55e7fa7b862703244cb4a0c136ff4bbd169a542e4cf907b276184,DeepMath-103K,51304,train,650,1
651,40799cdbbc2eb4074ab32d5c1bad6240643e15f7b76849c9f8703ef17b92b4aa,6188208bdb950382af4c5782406a5d7a24752d08c36d9d05d584594a3cbc6e1c,DeepMath-103K,9395,train,651,1
652,6e2acc91a9d56a7787eed3b95879191c50f8387f556c6035e3745e2bfc4cbf10,16f0f86035faea41f38113177767cfa411ce675eb01386868f78b909a2a3601f,DeepMath-103K,19723,train,652,1
653,dd35f2f4ce492aa2c4478c2c5b24d4f59322e74637cd95ae817a1cb3b2df7924,e7d9dff211ee4ba4cc053ce16dfafc35382834fd6304ac0daa72793cbef2ebf2,DeepMath-103K,10795,train,653,1
654,39f836ee84a965353d9ad5678ff54c178927e0f521acef1d36b00d52fdcc36be,953799aa6a6e1d0fe29d8f565ecb058356f83a98770b61f3daeb164a4397ce3a,DeepMath-103K,22036,train,654,1
655,51159952caff8e3012d810eaa9f6e01bc298ac90238e5bc11e7e5ab7c8b16b3c,89bb67c4e6e533f24d00d7f9a6188d3ce743547c30c2bc78153a149a64111953,DeepMath-103K,53974,train,655,1
656,672ce344f801504643c0afd467037149f3b7e87de97d825f4ac0388b3daf2013,c154d585c95d19bc86fc150e23f953014d6cc26347fc018c895eb2696ecdf6fd,DeepMath-103K,1503,train,656,1
657,4fc733c7e89a040ec4c750b7bf0388d802c21fc7feb611f579cb46ceeb50fdbe,6bfcef5695fbba06f4acb69ca5cf3fd67aa022867f9669ff7686934a34e63c4a,DeepMath-103K,20519,train,657,1
658,5fcc0737fa781e5ae7a6dedd177abe46add7b59d6f5173b0e0070c5e6fd4c0d6,b08ad58cef27938e383b513aeccb1c52e8e4c1490aa70c5cb65fdcbd1e4a9a23,DeepMath-103K,6890,train,658,1
659,f90e019a1468f4ce3a63e56ba886baee183a56330c101ce712c24b188c145aec,4d970ab10b10c39e7b020491d1dcde712afa7bc94d1a1bc396f8299ffc9105af,DeepMath-103K,26386,train,659,1
660,3952737fcbcca68456c2e1edcbdf4cd26d3f9de8fad8b8e656f8f4a560f39a44,17643442fa5f4a771dd4d57d61cb8fdbd7a94587a21145e0404cd614f7933f75,DeepMath-103K,11495,train,660,1
661,e9619c08c3f95a6695fdfc890194c3d1f2297ae8157bb3ce1ff2629469f8ec54,3945f6969aa00d293ff2216d2f3993c7606d18f3b831c6cf71712ff5f32d81b2,DeepMath-103K,26157,train,661,1
662,b24d8a2a1d6e5185b68b6d51e3fc782c38aa49f5315bb82a63234b1e0eb26ed7,78c2b7b22ef980b47340bb66e09cfcdc85acb84c5a3830940a76b7c0b14ecc9c,DeepMath-103K,1525,train,662,1
663,5504132300cd97905343cc1ca52752a275b97fbacde227946997f4de1f92ba24,f86a3b6c0d0238fc354df81fcaf0a32a702c949c1a2f59bc8196bd9bfab9aaab,DeepMath-103K,12558,train,663,1
664,2d3602c65b4a7d480c069f893b6fc6b99a14e71fbfba571527ef27f6b2154b92,71ecc93f5e1fcc4a5606b0cfb3e01baeff43c601cdd5ea2a364f9d0c425f268a,DeepMath-103K,41375,train,664,1
665,a15e238623807f9f694365430e13c3b0431a15c0ce17056955088e4e126d1c6a,12531467597b8a1ccc8753171d243be1a7f06a91bd122e04cd7362b53897f2ee,DeepMath-103K,31689,train,665,1
666,38bc4be5ef6137ad4a41df36e1ced0f217e790a9cedddd90bee2f117e294af39,f2acc2bc5485328d8e4bd7b108a97294200417a41ba72dfe6338c998fbe9db56,DeepMath-103K,21263,train,666,1
667,f42ad3a6b24f4df87a9eb9847c549b739f0065699b5ae8d559245bb875f26230,aa4198d3bdde6a52e6b9a49fefa59ff6f25546dca240c4960d1ddac2bc5ab118,DeepMath-103K,45686,train,667,1
668,57aecf221bb4bdeb0d8811a895b7c5e0017ce2876d0d0930586ddb6dcfb62f90,eec8650798bbfe5098135504b55ef096389cc96f4bde08943faf2b07d7783477,DeepMath-103K,4812,train,668,1
669,c6e1f2d428ee7205ad9ce8cb42c8d7d3f8733c39b7b7d6ce438b50b80dfd0b4a,38806dfae7780a0a04dae1e1872db460a464052977aeb816706d2728196fc87b,DeepMath-103K,12268,train,669,1
670,a5f45c92fa4737201db8acc5c4435011128ee01f896644ee46cc4fc153d40f3b,dacfcd99ed18a1c5c3519269923f151ed571318dd9a156e261b29c4b09bc7ef9,DeepMath-103K,24778,train,670,1
671,159d9159d2e9ccf473f03a39e85a680c4434ce9c6d4a3826f54741439c9ec685,d540b3384074d4e00487dd2acef580084051620f5c7a3f13f25e606275cdab39,DeepMath-103K,1769,train,671,1
672,a24ffb58aa8a54205353804b4975d8d5f2f6e8d88fd5ec958e9fb1c3f1510a2b,cdde0dd56d36acac8ae762825adbe5f42fb00d527be5f52299a33331980bd622,DeepMath-103K,51080,train,672,1
673,ff93226952dc7948432e1f37668db637013358183783e8e4d53e9fd9973ef2a9,d8143f4919e6384f9d22c1297de5493a0546ae956440ec6674362f59e110697a,DeepMath-103K,38864,train,673,1
674,299c4417ba920d1e2dd8049e993b024e41ecff2783008e2014be22bf5ba12a0d,9c893f9801e60d47e1006c711025e15055b51e2f154ba169ee34737589af4474,DeepMath-103K,8512,train,674,1
675,10520d5128ad81518c9fb11437682fe143f35232dd1b7bb7b9f78c6a05d915ac,c25598b2176422ce9beec6ce4ff0f9707a9e7db4f26dcd223d95173ec24fb081,DeepMath-103K,12404,train,675,1
676,f47a71fc676c0a9cd6b0eedc9abadcada2c4ba31a3433129e0570cf208a31947,6b612a131dff4204411b77fe56c5e2c3f5cd6ebbca1b1a268f3d1b3331502bcc,DeepMath-103K,29231,train,676,1
677,78d6de3e28cca2b16379062d137c211c08e8c121f704df44c10dd61239ac1610,3074c816fac09ebd6905d24afce053e024d509dad647e3ae0a41db459855e25a,DeepMath-103K,33623,train,677,1
678,3c81c3d1aad3694e2c9888a59976830aaa5ee152169bc87fa9f7932a06b96ad6,a4c9d5a33e4c48665b8250e5b65abb8c1f93e1f3d554ef437491d367a7ade044,DeepMath-103K,50990,train,678,1
679,6546764c3227240965ae0dbf71e05fbac8d650dbcf8930c041d0d669094d8bc7,cc1a78eaee31008cbed6622676b3320d9027724fd2a48801437fea30681c489e,DeepMath-103K,37559,train,679,1
680,19ea9931de06a838ff72c37266680f577c37a75ad7cbc671e092d5d7f1f9d95f,6d78bbb59ea314c72847106a2a5c51da0a6ffc60dbd167c52418b10dbca6d353,DeepMath-103K,31786,train,680,1
681,89f17b6a7ac3faa8b8aab0cbf8babc4daef611d04cfbfb96eac3601d3db82162,31edef88c749ec30d07c522d9add15484529c3231e7703fd6d0eafe76bad19d4,DeepMath-103K,24121,train,681,1
682,d62bad2f2428f1cae30f0ba8a2a530dcf60fa76fdc03532d8638f327c5f80e10,3668f958c9197b9ffade1e934ca9a9d22d1fedfc15fb995f6adcac486b0ff2f0,DeepMath-103K,47017,train,682,1
683,3befc5a1ba48a1d4e743fc89ac12c5f1ec031fdd6cc8e6efea2544a9e9ba1bf7,25599b3b4c25c1f0e0aa10c77be4fabdfd035855e0ef0126101a4dec5b349859,DeepMath-103K,2029,train,683,1
684,28a537f3727429377c0a34b6156fd1e94e7d87fcb23900a42fbafdfc981c882f,13698e5d8b46f81925027b64e2077f14b7909b24eeebe16e63b136c15089d85c,DeepMath-103K,38975,train,684,1
685,d3a32978dbeac705644022817d0e90983f23155497b2a970e01378f407f896b4,c7dff79037d3ff6597dc48125528971a352c3dcaee2a0cd74c0bf098ef6da7f9,DeepMath-103K,830,train,685,1
686,932a84ffe380f2c2b73f3c32b50c5c232f81222b5b464cdfc6698e61a6afd0bb,21cff4e32b69be11f2cedaf7895e61b9adad4be214553cd2dc0a3a335c4ed635,DeepMath-103K,31259,train,686,1
687,886acbd2f57d1426b6f00f2f6345ad8e4b11d643f47036c9cee3de36df5b1700,1cd5bde2c55521d7a9854a7f25ead0cdaf43c484774ec246228febfc29b23574,DeepMath-103K,12057,train,687,1
688,f2e87519e3778d90885a363c61de32cae8a0d29de72f88b4c6549e2609f80f78,4b35716e344479f1c96d3a97344628639eb662a6f53846d02fdd45717d87c4f2,DeepMath-103K,45964,train,688,1
689,be35ab614219a0e0d06526aed0a0771c1f59f9d7e51b87b83420ab0d720bd4b6,b1a7c016e2f75c7c15c8a5894f973baefddb1a96fc8af16e8011119869a4d182,DeepMath-103K,47161,train,689,1
690,54055ffab7aa55e4533c2fb0ef9f2b558279a63d47484e283ad97c85106b6aac,868ceaf42db8c579d6d35511bb7895c6954fdfdc16cbb6ca7a1eb117b4d97c97,DeepMath-103K,2729,train,690,1
691,5d0417203b990998d89c2eade4b185a2042eb5cf1563cee46ea5a164373777b7,87a9cc412edda431772363adb762916368be5a7077fe3e44e51d58560cfad740,DeepMath-103K,24341,train,691,1
692,7183fd4398986cebf532352fd6811247e882b6440a44e503ff2e7731e1a9cada,4cd2306db258b1bdf3241f1b3e93bc4aa663a2ba2fea530ec426aaa4378b912e,DeepMath-103K,2632,train,692,1
693,a13a9511e048eaeafe2fdbdb260e656ea0de84b3f9bca13755296cb03a9e632b,840f1a82751c65f7f606a000ff24de7fb0570b50c101e1690f3e06f64a2162cb,DeepMath-103K,36677,train,693,1
694,f5498209b6f6f4558dd4e53618252b0b5ef8794b58923963bb11f68e4d595fa8,94849a55353691688dd9b4ea083940d581be621466591fd2a9be31ba702f128e,DeepMath-103K,49535,train,694,1
695,2830d46390fc073ce8d3ff3bbb064a88d01ac2011b51c0f4e162aa407cf0acbf,0fa6b5373ad7c4b3591accb4d644f22ca0e632b394f024d3fd1c9285b231f29b,DeepMath-103K,30307,train,695,1
696,94f8c75e21bcd049e42bdb3417a2ab2c76715f5fd74c2045bcb4dcb6d4140563,732d3061fb16233e217b1ecfaf0ccc7c7a502d0f9a50d540a0b31fc98c435417,DeepMath-103K,14880,train,696,1
697,c0c272db85d13aa235c2858055270218a9655697b70bd6e95700103b95ddac27,8f8fa23f5bdfcc8fa32bbb5ca5e515916f4abf8edd69c8ebb37c026b2cde182b,DeepMath-103K,26127,train,697,1
698,c7bb79b716496f652e2fdbb4b73165e9eadf85e380125f2a63ffb954d21d20fb,177a43ab0bf1ea01ced7aa371a52ae8ad4150de9d2924e5a93604b17c786be83,DeepMath-103K,28558,train,698,1
699,967b4c18f918000a9a894330158b040da4a499a3be8c281b2fc5d1f0334a690f,cf39b864bba9214ccefd9099ebf2cef99705ec974e1af24e7d31f4bb27f0085c,DeepMath-103K,29434,train,699,1
700,c3a67cbe36a592f45dd164167426fb1bcebc9af5cc822943af226d3a7ced5902,afda01d30ed31ab92b4b18a33fab5fc7b4862163ae65dfd4c5ad95ae34d07c0c,DeepMath-103K,16954,train,700,1
701,0446b63ca617d8e4feb15e894b8804a1eff027510443407ccbf08afe6da124ab,80679bfad8ff4a63b741c3af883085b926433b18062385f22492b001d3caaf8a,DeepMath-103K,35542,train,701,1
702,d00eb1ed8b8c7824934066c88ab983226e166718d25225de7c679a0dc880ec29,1376ae9a71408ce60b1a6895d5b31208d79443382c8d7415d2700395ca48c60b,DeepMath-103K,37353,train,702,1
703,79d6fc8b8f1a3727aab14da5afd035da817caeac74c3f12aa6623d4f09698585,873b412cb4e3cfaed67783a62712f048ec9c74d52d5ac6e0cb023344dfc75812,DeepMath-103K,47750,train,703,1
704,1870416badebbcba9573c91f96d3bb578ef60d097a157a5ba016d5cf64ea0783,41ba2b8d36047c10545d4bb206a98d4fff549e9b4cc471d1529ca03e6fd2f0f8,DeepMath-103K,41137,train,704,1
705,1b4300e50112e51c770b8cb79ed28cac1d25774fe4d1ead5eccd6af1acbfeb9d,b729b39db2f8aa0a8180641e04df70d31e4e5d1c74ab9d5f9b9a38e15f9bcbe3,DeepMath-103K,5230,train,705,1
706,35bfcc119920cc44f402c6856acb987c0cd06179a353ac19b3ae89545e46b83e,11894056b12b05accfd49ba956d8fb92173c0dbc3e559c89915cbda95cd5091f,DeepMath-103K,54951,train,706,1
707,15cc6abbb3b91d588370690e860a4a318b7a90dd272bd58f5c35df0b0cd12c33,341d3704da6a46d85c2a0ab9f417dc1fd1768c4c584883c1a4efa154645855af,DeepMath-103K,2748,train,707,1
708,8c1f8862a851ff2e367a69a57733719928dd2445bbf33c2589d4ade61c8fc449,96ac90b120ef3264dbdc857822e8018bcb0d80cfcfcef5db108704551b0c3c1b,DeepMath-103K,21445,train,708,1
709,046a9f50ae88bf6d814e0b48d4afa48302b0ff583a36091a9b81859b608195ec,7d0f0be3b017510320cae9ff9f6cf9e172eb6a88a0e287f935e32072503044ae,DeepMath-103K,53730,train,709,1
710,307a7c5617a0f6cb5377f0590bfa386b51aa4f028df7e8d4bc3151b8609502f9,26d66de99cf0eae900b50a28b0a781ea2387827c2cd3791f7e951a7321a2b624,DeepMath-103K,16938,train,710,1
711,3225da09936666c1f4043aaef626cce38d79dde6d314904ef1560b837df7c86b,995eae421bb1775a58807da5c85992cec85c1161f7e20de114212826b794b16a,DeepMath-103K,38175,train,711,1
712,d5d88ee08c8c5ed8439979c1856e733821bd038145011dfa613fa010299542d9,c3fb886bac523be9563586bd4c2ad5f6da0fcddbca68ccf3c8b068e765bb5b88,DeepMath-103K,33481,train,712,1
713,43cbe733270fd77548509e678c40203ad5add008d62f20a14e8ca12529c0a226,d696a3f2036eca65b33af969753237dd35191a7b9af5a7a6a7f0f665a6854a58,DeepMath-103K,27131,train,713,1
714,a6931376186c051505226b6c9dfe0c85b6339c9993be6d2c4cc73da2232c8c17,71346fbf30bbac3cf01b9b9879a6ee389a42b92bcdb011141bef49677d702ad9,DeepMath-103K,42511,train,714,1
715,94822cff3931015413d36a4e6929c48c6ba93ec042793cef3e3b73c3c17ab835,c401fdc844ab67541787c95d3af134339c7a771ea873dfcff3cbe2c9df5a655d,DeepMath-103K,41257,train,715,1
716,a13687b105ac2958d707c0f230d5847d264f01d66fd767b3579e0742bf9ad242,aa9ed4140e3a2605fa45f57909947fb4870744e8e2a2d704aa43410e2d531f4b,DeepMath-103K,25588,train,716,1
717,fbe4f27df00f8515a7fa616e1f91c061435893831ba011252635d3c9b9474dc5,166d516eec956fcf4fd7fec8a38ec9fc3713a7ea163da9514ed0f035b0cccc2b,DeepMath-103K,11314,train,717,1
718,0679e23780c8cca67a683d017d44ed98dc855cd028f161783df78d37d5462b5c,4a714c32f84dfb5b7f5c68f38f1ae79d6df851bff614a72711b6db22f2b35f6c,DeepMath-103K,11270,train,718,1
719,582058da8e5ab996cb7bfda109bbafcc9590bef79063666c7cc094188cb507eb,1a3fe66cd8feddf642e95d35e585264bb13060d507f37ee3cfab8a5ebbd87753,DeepMath-103K,346,train,719,1
720,ccd734b6ee0a2875468b6f36d46910ccb79076abfd183bb81da5c5722ad140df,5e4521f040fa5588e00ea696479b8ca0f6488c125dde0c322bdc6a68bced7fd2,DeepMath-103K,1942,train,720,1
721,ba366a04723d3ca99cfba66faa4d8ae21aee00a81009373237b1498cc898c17f,74243a0021566ae0b7cd393f9671a15c17e448569b1db2a8dfc719fb1c4b9527,DeepMath-103K,10143,train,721,1
722,e8a1a2bc671b0fb12fb7024c50a0c002a5202f697de36db0096ec6bd82065293,df7eeabc44b2db1e8a8c66e008c51e7a9431b912a38d3ced3a47267e0af4fcc8,DeepMath-103K,54418,train,722,1
723,16717679b803b68e9a9fcd1b7880a4ac101062a7a51f3eb18145a4334a0da2a1,eb4264babd135c9074e3e59ef87d82cb0e8a67eb1852943a7886a74c7b4734b6,DeepMath-103K,25551,train,723,1
724,3893d55cf43c24d136e10dcb376e7c59cc670d1de7758d941b6e66e1e2d540ed,99f74230e160a96435dcf22c920a5b05e490b1c269dad01cea90c39e5b930115,DeepMath-103K,20647,train,724,1
725,7630e20bb99ddfd0a60a5625f3488a82c9ebb699ee930040386ef49bba734ffa,be30f1798c01c8b2645115e0ae3600a504de5a964de5a6c0bb9578b4ccaa69b8,DeepMath-103K,34835,train,725,1
726,62324d8e73e7545d6bae4f23d910c9efacf27298bff2264fc3088ddea3f0176f,de6c217ecfcf526fec5a366cda7d0e3b7847dafd8a660ce9ef67469fcc3557d3,DeepMath-103K,27169,train,726,1
727,81befed3ad1145a84856fc4cc7532b0741ef45b28576dff8fbab77724e37d1e7,31cb0afe45779194d58302757d85045ee12491d04789c8657f5188121d768f98,DeepMath-103K,43042,train,727,1
728,d4781814bdb56c55c9961a2b5766e128f6974a4462caae23f8b8e8aedfde166f,a133765670e70bf9ca609d9cff18207308c416b6e182ff8081de771fdc115141,DeepMath-103K,4977,train,728,1
729,c8e2f4aec757c1f0378238666d6a875845b4ba5e7aa187fffbf9b1fea0c7c03a,1f593ffd09522c15424b097fa394a250767dc4c8d420d223365e2f738b8aaec5,DeepMath-103K,27217,train,729,1
730,40df2152726089b07aadcbe44ccdfc05203fa5bcba03f53c6ffd1a7ab4181f18,52ff961921173ca1b12658eb5130c6ec6c1a9459fdfb1e7e3fe6c91adb550fe1,DeepMath-103K,8466,train,730,1
731,c948dc092e99025a312e6f0c7ad28ed796d1fa68c66b5c0502ea9f42fa57644d,9f58f5bb79e53181b9f86d10483b1cf4c10ac66532c50a4a9f405471660b285a,DeepMath-103K,21913,train,731,1
732,d73a4a057cfbdb252b06a1d95620eef9268094b5919f8937b41517e7c728495a,18ce3c9092a22a9289ac99dbf07130f16a96f14a245d873cf82fd39f7c86f7b4,DeepMath-103K,44784,train,732,1
733,812885e951da3ac5030fe298ec7e964e908f7ce2c7a8fdec947b11deb8b8d78f,fe52d7af51789ced5c5abe2a7985e9ccf4e4bf7c8f8cb47a84bda38eb86c007c,DeepMath-103K,2600,train,733,1
734,fbfd67ec2bcf0e8793ccb0e5313396b27bb2006fef6209dc4643f8381263ef9c,f0b86d58b0b7a298242c63c5b7cf626820728db47ab3450c6346a9ba58d73312,DeepMath-103K,52806,train,734,1
735,608db1e55be74b529fc806192306eea3f58d91cfc32fa3f813f96ffe862dcad7,bf168bc2e9d2984b732a37cf0de9049f882a64c0b9b2c94ed64bbbb351a60ae1,DeepMath-103K,118,train,735,1
736,5870c2199aaa6c47eff41c88972c6a14d4a5bfdf6366cce6d74dc83e4fa4541e,aff5ba8fc7e5f6684ca65fa1f03049f5d6dc319adee6d1a46424b2ca9f7caceb,DeepMath-103K,45261,train,736,1
737,90bd1941b237c5d71a3e79d9697cbd3af01454b654c3d8ab4312a1757874d85c,fa1eaf95f63b8ce919c4b350911c1b59c60bf7b12f572ccd15138a212d165416,DeepMath-103K,50138,train,737,1
738,de33f805f159e688be591a8ab013bf6127a9e846e0d3b5c0d15a67eea25183d6,58be61cf27c47e9ddcb9f4221b8a5cc0520a3ed2ea9a1bdb6fef4e5cc0098120,DeepMath-103K,32498,train,738,1
739,b5b51375a5d65f593dc14de62f729944b4d39c0cfe9ec4e415e5cb886929591b,a4e3eb9803c552092cb8debe6cee6757bdd90078f15cc63b44b7fe6d71c6f056,DeepMath-103K,41579,train,739,1
740,e394792512f2a82b74f0fd905c7aaa4c42b6eb7b05240e8ace9a5c0cb66559b1,10fbf9b87e17e95b05d67f4c5e4c66ea0601c8e8f72c4c32606353a45f62edf4,DeepMath-103K,14736,train,740,1
741,f2963ef40ec8b70b8dfb62f98d47c94458d2f8ba3910ec65e2d1eee1100e8616,45ba2e924edc676f0a0a21e068aec11608fea4584131fbe5b9c2c69a2fd3af9b,DeepMath-103K,27523,train,741,1
742,b82b1669d347131caca1a5a0bcd6bc84f2efb72c1e7e0ef2f56788e0e1119320,a55ad41f3f77cd033e667f3cc8a3849ac44447f12c98107b94abf3413f34bd33,DeepMath-103K,35603,train,742,1
743,87041c08718f6174c377bd5c2fa4f8783c71e8ffaccfb2a60eaefcbabe9ca36c,b0b052e567eaf62424aff8caeba6d1ec2997ce5c712c1f44ade693be27a27a0b,DeepMath-103K,26870,train,743,1
744,a9d531291b04c19ff2a87abbd210799b9f134db684307a7b882e18c2c94356fb,1a5660b1b5c6da24e661e630a552880f3fd852c0ffd9a3dd79ce761647935eb8,DeepMath-103K,30043,train,744,1
745,7096611954c02229f1468f37b616a906761f4a6ff7cab45c6b3a868dfe3e91da,911155fcdc4601f65bc377c6030e72ba9ceb0211de31bb0b83fc12e505eb721e,DeepMath-103K,40204,train,745,1
746,47a36fc24b7e2840805e51133dedd9f29eb6d057ac42a39cb25b1ae230cc53d6,61c4e9192c1d7486beadd5c0ae9ca89a3b500f999121ed7b2bbbb7fcb63887ac,DeepMath-103K,52912,train,746,1
747,55e6e72e2ca91913425d9981e22f85632b81504de82d2b2a6f47216e566fa748,f9afee1b94b26604bae58dfdec19563f01737ee6cdd05b43a3aee4890f705326,DeepMath-103K,20493,train,747,1
748,41da4c893b2603d9cda08ced4decb981f43a2b0ebb96faa9487d0af299280084,c7435cd09ea7a7a7474243d878e16710aa743021e54fcb3a7b478262a14a645c,DeepMath-103K,982,train,748,1
749,3991a54a875fd078b8a1b6e73a90318b20c1b1809d7b9701bb955b2281128a75,8d0c0c56de5f695d1fba329e46d42ec4129ee2aa19d6c9f0b1dbe30302f677c5,DeepMath-103K,29390,train,749,1
750,bcfe8b0e3cd54ad6e286b85773765f35adba6ff617591e35ae8988b094b3b728,543be5ff17576944f5090351c2b311fb6589654abf5db736617d3c09b85df0b0,DeepMath-103K,5006,train,750,1
751,9ecc1131c9da6e7a716e49190a6ea959325e5d3c21b967aeda2469ae3525118f,003cc7b09a1402c4a694e3764a200857b66fed28c091ddd98806e701b73e06c6,DeepMath-103K,53549,train,751,1
752,430d3244cff74712a67cbd09a39212654f0abcdff952a9a6cf19b1de7bb6b009,dc50d38056069ff85b9dfbb45e3117babaee39f3fd917526c718f698e3280fe5,DeepMath-103K,47438,train,752,1
753,c704c75544f39a3cc563173006ff6b73787dde4c3ad6d65bbaff8bf11dda4184,f568d9a65fba43286d226404dc2702e761a0eca8a1b4a1fc96812861375244a3,DeepMath-103K,38405,train,753,1
754,f8864435d2eb71a5e2a15b35e972480f022c8ebf90ca3389d6e8505aaf23b79b,1e6d923a961e708362bb1292a576727c9f6a9a496033f1aeca31c5cb6daf34e7,DeepMath-103K,49513,train,754,1
755,791b4346d078805ed3616e1b4e70a1f2f44394a77003e36763b7085216485381,415da51659be16a0014a33401c0a034fe28e85ac4aafacc70568d35e69556535,DeepMath-103K,54296,train,755,1
756,7a634197a1c7c01c46e9ee187d37f1dd0d6df2ceb2780bf796933059cceadf0b,1922dd5ddd506d45f90efaf058140b8b40741370175b03d4b10857f158ecdb2e,DeepMath-103K,49906,train,756,1
757,04c4eab525f6563785ff42ff8e2f2778af841b4807b5b36d34a7a0215ebc7d7b,ee9af80271ee3ed19e3dcc6a2b8bf4a479ea66e8d4e5fcd9b20864c0841c818e,DeepMath-103K,29279,train,757,1
758,2d3f57f0a6bd381d32b21ed7e35987c6db0e36da8f2ecd67f0083e8c11419563,bd54a74f4332cde29a8ad9dedf87d6da268f784101d7604977388bbf2733cb46,DeepMath-103K,38168,train,758,1
759,42a16734411d7e1eb24e752ccb967cc115fcbb1e743e53fcb6d7ce32653b008a,2512489f9c08ff15b4c9bb660533373581e852c675af01568c5f5cf25f7dc6e1,DeepMath-103K,21924,train,759,1
760,658773d08d8d561bdc012eea2a23f182ae6bd4b139fa2282ae49004c33718d71,53bda9cd5d557894700d0d9d9c2272087ca8cc79d399d972ce9efe04118e4665,DeepMath-103K,52623,train,760,1
761,be8fe7ee5055c73e3d3e674cd3156bee55ba7fa91e4585af14c00f3a8bff41db,b158fef1d37c1c67615b37bb1e848b992da09fb1d7957d35273fcea099996452,DeepMath-103K,28594,train,761,1
762,826c03443eba7af42986bb770a2493359df1f47be277ae79c7cf28dabe22cfc1,a10a1cb4ced5ede818a1ca901d62b74cb556bfc44e2c9bf206b23e8c6fc8f908,DeepMath-103K,35400,train,762,1
763,5339e1da57bf536342f8737e86f3c1552e4614960cf398938ba3655fda36b192,44e902ddca93a2cbcf30ecf98cfb0ae206b3f3baf65e390279cd99c64451b6f8,DeepMath-103K,10092,train,763,1
764,5566878603f73cb08c749ca158374219cf7babf2acadc60de81467085784a3c1,9f825f8282345ad9e7ace9608c8c27baa4945aa96143bea2d7ae81b4a51d41a0,DeepMath-103K,7984,train,764,1
765,95ddeb80bc92ccd88688be9bc861c226d86b418f1f592987fbb054af658b62f6,0565fda072bb8e497ff98bc518ecadaa41af6edddbd43c4c0682ceff834cf3e5,DeepMath-103K,7964,train,765,1
766,12c6b5131dd8f2aa9c870e9ffd0b5407cc3017cb88c8aa2dc84d3dc364f51fc9,b3c1d012d1742c5f972dbd03d400ccf7d1909b51b915c380cc16f806bbce31d4,DeepMath-103K,30754,train,766,1
767,c1138a80a2149ab43567bdd3ce3bf6cfd9f477e2291094c3e9cce60ba4d98f6c,941f5eaa1ca66c4e207d92d1d943e4484dffc8fec406118e6305afa1bf1790ed,DeepMath-103K,43755,train,767,1
768,d2a81deb568a895a0448954d6f65bb26356ca92d8c9cee4684287ddad906730b,6dbc50ab84f1411875b7408acd9555cb27f7c6423a535b263846aae9e807243b,DeepMath-103K,45817,train,768,1
769,5a53925e2fce3b370486b70e2d259fa7f5449db92d3616d4c0de658bf52f894d,e99574d95207cce604009873f6cbe8f44ff278257bca9daa184d87f219f94475,DeepMath-103K,3572,train,769,1
770,15541d7c91be24478dcc744619fdff3b17cfca09eeb548a21a09590c378ddbad,7c32aa4b30e47ed602400698fa50e99ca51a96de7c1255072c8542b65dc085a6,DeepMath-103K,16649,train,770,1
771,d24ffa8a11089cb723cecf88cb0ba57471861d2e2a47d84f59c5024e2e539db3,82d0053297c7b1a218bb7538bdf2f293108c61203799384c723d3acbb3959360,DeepMath-103K,37655,train,771,1
772,8ce8f457be35bb94c2c92da2a61027dd8d1860f965fc335b3fafe578c5bad956,caab296e83736f3755a9aa0aa4945096671393d0f8debb5682e1b019722f2d67,DeepMath-103K,18558,train,772,1
773,e1d31774b048a772982d94bd8dfbdd4bd01e1167ee1577104c19cdc17203224b,9b37f6aec5c2f8fa7b68d8fbbb557df98e2b06c22ebe2c281677bf67cd43c59c,DeepMath-103K,10094,train,773,1
774,88ec7d9b264dff435b1cf72216e60366b60e1a64891db00068e4a427e23c05eb,b733db1d08095c68100c4184c18eabe44d829c1e92c6ba3d9543cd96c1d4cacc,DeepMath-103K,37445,train,774,1
775,585b5857b15748373ba2cc864f2e8f46779fec3a7ff17a6ecaaa47fa140513eb,4a188ae616a821cfb7b9ba2462a962bb81d909a66af4c5c25f46fa9793385160,DeepMath-103K,51950,train,775,1
776,611b42a0d81b72a7a928eba6666aee375dd89410c50a9c07d495bb2d8d6dd846,7784303ff0773e79f23c97aa077eb8f517bfa7150a956d11466912b8272a7709,DeepMath-103K,46263,train,776,1
777,ae25bf696aa9f74d1c75b26c650910ba3fb692136ad1f4022ed8df5f3642f73e,24c0282c68322bfe7e687d6d19086a2800745f397bc762589809daca4296bab3,DeepMath-103K,41092,train,777,1
778,485d8a8b2cd35bdf7025504ac7a6e9aeb3a0c147f04c67313b84f556f166910f,95d8ccb7df9907e8fb4cca39b2f98adb0c7ce8418dcbdebec12b5763e94280ac,DeepMath-103K,18521,train,778,1
779,c4aac98333b992c74271e007a52ffed0adcce26b4328b8245ed3d9960012e61a,f8c0a8213274b34effb25c83f6c31436abeac8e6fb4622f1eaa6340dace9f341,DeepMath-103K,41239,train,779,1
780,45a4dd191b3641e004d22b9bd7e3713c03b33aaa41f0bb916d225ebb11e773a8,b83a700b677426074e7e1a7a3631f960892dded1e91cd367148200f4557929b1,DeepMath-103K,43541,train,780,1
781,d5671344abd0c035dc0087764bf8b42c3b76dfb975882956771acfb31757e2b4,02acfaeaf83dc91b1bc88fe4cc0ec27ab808e12d8b0c1fc14d668882d88ab4ab,DeepMath-103K,27458,train,781,1
782,4d9a3173febd3a36079623930a15000cf3e7995f7691bd2284b783d4bf588c2e,324302928d1e664b15d107141a1bdac32e3735100b620ad9e6f8e097f99843e5,DeepMath-103K,26413,train,782,1
783,f9cda4cea1c7fe2b9ef668c65eb4be6081be68526388bc207abea4075a524663,1b166bfbb0bdd9f5ada75ae23d8c04c524025b43c89a60d6eda0daf1b4918d6b,DeepMath-103K,20490,train,783,1
784,28aa7a6145387f12a60d9c3fe6696fc65ea923d5ee2f78f56bf0987026f95175,a4abc9f27299e25a8c7fdb52a89bae12907bcda185c08947b87109b4f143f645,DeepMath-103K,32248,train,784,1
785,12c98a8a1b561af224868b1a81330af9ec40a88ac6f588318995052fd6d9b9d2,ff829ecb65f830a62e35e1a2fb55632c2e5b51c06152f677db44feff3180af12,DeepMath-103K,2564,train,785,1
786,52172b18a303f8d4918313ab84eea5d1505753d15e4a495de7c2dffcac5be1bf,5ae5a069ef8d375b98511cc4c9a0aeb1a96ebdf95a830670cc38b8cf733ffbdf,DeepMath-103K,44709,train,786,1
787,40452dadb469767bd5002f266980d9b329dd416aaf53411ba2a5a334f2d3df80,5b3b3738702b745155a99be55f6489541dcb00fb2dc2abc65bf54139fb2e6ca4,DeepMath-103K,40698,train,787,1
788,0502f9b6eceadfc24253e62edd33d30972b8c3177964e3d061507f97f826fce5,4b080499c5102d741cadda3cc3dee40a96dc0efb66a081968b5317c633af9ef9,DeepMath-103K,43498,train,788,1
789,fa693e005eba967c7cc07af559448e39e9083714072f8f019c588af8f8242bf8,a42a5fd010c9e4cf488a445569ecf98e4dcc28f5d7fe16be295c9fad92c9c19c,DeepMath-103K,27113,train,789,1
790,f87923fa65a5a3253099bebb1d6b45fcebefffcba441c188f9d84d2b60cd45fe,02fcf05fd3244cd1261b5f761a7a6d6cbc52f117f212b40e42c69e57e17df634,DeepMath-103K,44946,train,790,1
791,661f9d9656f9a254455f45ea85892e13bf3a6dd2640325a4fd47f267267b6d0e,d730581c79b64b99a4f053d8215ea9a3459a8647feff74aa2bc0d9b82575f8d4,DeepMath-103K,37668,train,791,1
792,a0f86c4a88faf8a2c36c65e7a1d14cb5633b58a53e647bb3547d7a6a176dfaf8,c2e4fa7fe5bc683cb76f8be69c983d40278a4bf3ed7a7786b231b4483f44f29f,DeepMath-103K,39286,train,792,1
793,c13cda3f5c9705a25b892973636ad48130400606197d990cde7afb26adbdcafb,d0a3cc310d81c689a84aea25e5d3e978c0e7244a3a62fd6059aea28096fa92ce,DeepMath-103K,31377,train,793,1
794,3abbf29d8614a80a9c430f4320c33f81e4ad017e15cc6b4e054ccff0f70622bc,7530842fb6d04eea7887a2b8ce7fde522c94d88ede31a5493801e6e990106145,DeepMath-103K,55831,train,794,1
795,6c2660ebfd11ecbc535dee8e42cd57ac251a9594364f18f5b6431fa7c6e546ac,ce8f467983002ed95bd86a428a38f1b31e071faf68c6b6c0ddc382e217c8ecde,DeepMath-103K,10847,train,795,1
796,d7954083d9b53411a4efbaab3a6c67e43279b770e2776e307fddedf1629d5533,b354f83f9398381c0a3c3d61a2a20fcfbf64d98302267b824c13352301b52304,DeepMath-103K,33933,train,796,1
797,7ca22c6641f560a0b22eb809efabfa04ed28b4f9694ca842ca97106656a96d92,239c64b46e19413fb8caff99ce5c38c935333ddc5774cba74f091c55fd975181,DeepMath-103K,30926,train,797,1
798,21ee2fb90e824dc0ce171af0d00e8cbc4e6f79d8a366015b327743e67cd33fe7,fef9d947873069b9204e0b4a581f7dfb77951b4db4b1ca69bc421d807d234063,DeepMath-103K,27242,train,798,1
799,b8b8f612c44615a4ca2d37aa1c0ad77d7f6fba6b9ec367394dd497476764a790,993e524915cff2bdf0b67e77571df6d652e14c6078f34e50c8a06fda638c0c36,DeepMath-103K,32869,train,799,1
800,1b07ea50cdd53a0a0ff373a0776c5e4515a2fe24f07714f7873fa63071b4c871,8aec2ffbed3fb4f2cb201ece0c4244a0d47e43f162ed84677db5993faca1ed25,DeepMath-103K,40396,train,800,1
801,a7618603729c1814b558954c5ef85eed70d716837743f46aa35e60a6b3fd0017,c977824e5c6ed334671f5d7fcedb1b4a8961c2c2fa4e053a8eca771444c9e4e2,DeepMath-103K,7634,train,801,1
802,1dc628daad5256ef2749571680bdc7aaed17df67f09b63705db0108577c1d998,8ca58e3e022bfab526d52cb246bc7850809e2cf040563f2075e7245152bd8c6f,DeepMath-103K,53023,train,802,1
803,192e7bd726be0095b45965c7734712c9dbcb90ff2e2bb839336e41b2366ce534,c0423c253a629952a2e46dfd6def587c61a98230be65ca28322fc8d70eb62ba2,DeepMath-103K,25001,train,803,1
804,b4fc9fab01e84f1f7c6def9c9f368becab74e2cd70d03bd2abceb4fe5359dee7,0bf9dd3e735dc61149e565cca587ffe54a19db6b2220de178def08fe9fc60820,DeepMath-103K,51104,train,804,1
805,b232f4ac209eaf18c667de9f3c6798426f5456ef30e28833491f4cf5747a5b05,ad050d55530353ba34a875cc63c37c7b58fec6fdac3f8886f1844a1f74a2d4e4,DeepMath-103K,40995,train,805,1
806,3c65f67ed0be4ea279b7ad822d78e116611a948cd64cb5ac0bee435ae81662b1,cb857549ca4db3d4e9ed969ccf9fd5730907ba9546e89ad6563681e2c8ae655a,DeepMath-103K,8093,train,806,1
807,383d03ab7e482c1f22485843b2eacf441612b1a098e5b1ab9dd2f0cd0cc5ce98,5698f9bfec6bf6008bf764c1befd81af0b68cddde3c0e8ff6c5626a5bf20cffb,DeepMath-103K,3933,train,807,1
808,5c11a61f5ba6c4c611e260b3cb1b7bae9f047556082d6c458c7d5b5313e07b8d,97c2d3f217bb7df5a6f99731463f2bfd0e6b634ad4bceaa05653e762e72c2b73,DeepMath-103K,29461,train,808,1
809,f685ddc3b934e22e01e94642038e7d30265cf01ee4a5d2fb5ae46828dc77c449,d5f7e5b8983fcef7b481ae012f81ee7c529392241694c1b934cfeceee779016b,DeepMath-103K,20145,train,809,1
810,6e669afe2b22d8ea909376f6bfa982566ef769178420e9f5d1e7c59c2e342f34,a1b9e705df966129c6847ce45fea9aeec332244113d739105a6f64ee64cb5abd,DeepMath-103K,54329,train,810,1
811,371b08ee91aa8021c0fd9cfae6a48a730fd67c732e97da68d2bb28bf4278aa52,6c19aea1f29343e7c068ebda797f20e9eb3b396fa4a00d8ca045f0422ff229a1,DeepMath-103K,39023,train,811,1
812,73da5bcbe1fbab062d587fd4bd77cc6bb18a00f66ecfc969659aefbb95955718,b40cca91ef6eda4edeacf2b97d968c476c4427116e008e62753324df113e0c86,DeepMath-103K,23335,train,812,1
813,3c0d0b28ef3483307b3490db05124dd776e5ee30dce451895519c0a2ae2f7eee,7b4f549f98ec6c686c96255fc1ea89037a82d4e1bb6e941a1c01f60df13dee7a,DeepMath-103K,8232,train,813,1
814,0d08b770de39f0b86f07aa06782ae61c05a1216697e82308c3496c184b28aaf9,66e6fbe43dd837165f4f13c8fcc384c107c1502af35945a09708863023f99b52,DeepMath-103K,27419,train,814,1
815,d83a17a8c683a8e50369d3749ac7ea837efbfb45ab80366b3d7483d9e8872271,f8ea302e91d02dfbeeea3303a53e2af7615686a55525a6e341c281f500cc0267,DeepMath-103K,20933,train,815,1
816,5f4ea85bb17cb698774a558c24f6e7f50ed606ab027d397508a16bd43632a539,f52004504fbc41a98c34cb42aca220ba18d15ce0f2eb3a00038f4882dd0c7101,DeepMath-103K,25576,train,816,1
817,c7b1c10698527d291d69a2553fac0449995228ec50b5995c6ddea93cd75cd506,7c241503d8ead1bca2732e9e2bf0277ee27dc461644ff1a588cb3ae06d6df649,DeepMath-103K,1366,train,817,1
818,151c7914be048a043788f647706d333fceef9271c9167c022fe3aa6cfcce6d50,182d7db6dbad81ea64641be93223fe4d83df417d2af1fb027b44cf9fe34ee8c8,DeepMath-103K,36778,train,818,1
819,336977bb73094e7f3dcf4ec227719fdc79eb579a18d6cb230773fe3aa8edb4f8,580ea87610b4444e2c0d9c1047cd3870da9a94c1c259a5f5362f043510f95a29,DeepMath-103K,38202,train,819,1
820,4c1ab1f2f2c4e5df0922d4e2d075aeac7c138973224399cc7896631e0a958439,201e27e481fdc718041b4bb93f6456d2f8523939ca65ee2fb401bdc40f030d0c,DeepMath-103K,51461,train,820,1
821,1d009d9fff0469e86421a4bd21440308711b61e9e16688756197a72017940ae3,af468287ec9b4e30c908045a619ea6256f38ebaf9a3f4a2d2ecf239e5e12b08d,DeepMath-103K,2031,train,821,1
822,f9799649c6461d27a2bbc1f8aa61434f9c1dfd3b176c8e07dae493ed40b45098,5f13eaf9ea639e452ff28c4f0976fdbb4ca2fb01ae57c321b5c7bfddd7af27da,DeepMath-103K,30471,train,822,1
823,19d887a7e83d82dc8f506a8a9cc886cd1735dad35070837bd4e3eee6c3df3efd,babd7ca2081e1815ae6ea41c94e884ccbcb5bd7bba20d9fd78d2514cb637a548,DeepMath-103K,47911,train,823,1
824,d3fca583e3f5af4d7ba17a23e7a6f26ada5ff0c3e5df48218479fff5fa744926,b4297eb5cd2d8c77c49a5e07213a09e400865114b3fef07c1c15367b87d3c992,DeepMath-103K,49211,train,824,1
825,0322b39db8bc46c65cff45ca09852c92ef251cf216ae8d0381a00eb5900d395f,52336a1621fbaae1ead6521d72a550161f6e3da6ca2a4bb42a2852bc23ec9df7,DeepMath-103K,27014,train,825,1
826,89a6afde9f5de07297638df7afc27d7824009fae15212ebbabf316949001a3da,20dfe396ee7a06f91dc451108b2f34e2ad0f263076f0c8e15e3a49a4f18e2609,DeepMath-103K,28008,train,826,1
827,0ef20e0af1742d0a120e7dd065762dcdb5c8669f95d3e69aa81b2e24b2ba981d,cbb2d4c774a1d71ca54689ede7cd31923d13c6bc2c706c13690a03423befbd2c,DeepMath-103K,26383,train,827,1
828,32110d4c5bae32e01a7aa6a47f2234f0c6947f101a30d89a89f5394dd1e2bdeb,9ec5f0c0d51c0d91044b8ba6b203679557b7fb6491e94e02ca8b04af676fc91c,DeepMath-103K,28541,train,828,1
829,0bf39771d1c9e56f8515b35b09f235f32b8fd6ab3de4042e08b0cc3cf5d4792f,dd49158852c83c3688c78c35ab43f97f1de1910fa288f13a3aacfbe7b57a5739,DeepMath-103K,5946,train,829,1
830,4c8c0c9a2fc972f81055e541edaf448ed3e9479ffa0e5130a5600de9b300ec76,7c6b2f54a903ed4c51debe566e4b377ab9bd7e9b491c169f2cb9549fb91a49a2,DeepMath-103K,4419,train,830,1
831,4e1d69e2789b6b88e3a0dc0fff7693f542b223dd9b8298f2617fc0723fe10815,8e8a060acd98ddf555cfd879834f83cb2463163bddb9d91739b54ec909eab670,DeepMath-103K,9047,train,831,1
832,ac145ecd1d27ff19d1fdd44a4b9e2a9cb2b322ba4828b111595387964c3b3c94,9f172b5caac32da569d311a1a8143d67dc01d1c04c83c7a7da498538c9e67b86,DeepMath-103K,35138,train,832,1
833,4fe50552f8a9e446661335c7be822a5fc61f1922e3df0f00aa8e97f898381a11,50aa7f7bc6b22476420aa9fab5ea5f348e9ce1cba2b446210fba52c8aeb21a9d,DeepMath-103K,18071,train,833,1
834,678e06be7d47e3aa9f1754c9bc0a5c9d01a35d796679dc60f21e3c6dfee80718,c3bd66bc282479c7b5bbdb2cac38ff2f64f7115888230574f0bae073452de7a7,DeepMath-103K,42594,train,834,1
835,1eac2c0685882c53590990ca49ebf5f593f28674034a67b643f2039163b7a070,63358717ff610541bad1ad99e90053b9282c07677fbfa019cfd78e9011d2a360,DeepMath-103K,11155,train,835,1
836,fa459acfd1e4db5b587e1e005028cb96b3b5c327f8ddd2cc0c54da93c5e573bc,1cd2df46aaa1866b6ebb38ae908c80c92f66d137c6361e7fe328c3f675a517f0,DeepMath-103K,30778,train,836,1
837,8f7f0eae9bc3cc24c875074216868d4feb80c88594b52e8d4b5d2d6ebf07326a,5021191841684060f476478e6fe79d1cc0a29eb667ba32d651ce97107b6a483d,DeepMath-103K,23809,train,837,1
838,0df09b2ac2dd8564d3ff2a14807a4e2f8f9479761643e00db51f6bffa826deee,6b75ae7a8f597e7b77466ae1cf1edc3cd312e3274fdeac0bdeeada1dd268bc2d,DeepMath-103K,49239,train,838,1
839,3456036bd13fd22706cef1f7b0e2800347967709e60464f65fb20338e306ff37,a8421bec269b9f3e739b02344a69a23ec2f849a88b9ef438306ab749d882d230,DeepMath-103K,5244,train,839,1
840,835f097871b7e0b6426de2fbad18945e07f217a59e8d79927093f94e6acdb5f5,e7710c3d56087187c7a7e355d7e95f9161d000d216dd5d4c62fd95211c9b70b3,DeepMath-103K,4557,train,840,1
841,5244e5ec2d97972308a0052648719c23a77c4fb9c1c6cab66153fcbdefec5797,e61c97fd9529754c0e1b08602fed447ffc06dc5b63b9aec75dc70d3a2caf0694,DeepMath-103K,2540,train,841,1
842,80bdb3e625e8cf375ce6bd5814f2799c6485b0119c963b424e850cddf5b73924,288c9474871617bfec699d5a4966a339ac04b178ad773de190f9d38a3329ee86,DeepMath-103K,14190,train,842,1
843,c29f7277a2a5457e05acd4f3728bfd2215cac70b252b1103c0edd69c776ac799,c0d0422fe820d35557f8391bbdd5ff6993a79e45343f4b538d4dbf238bb67884,DeepMath-103K,4231,train,843,1
844,8f4a7358b94b616a0519b472fb24340d8dd49ae3cf0b667b50e01c02a3fed009,c4538de1be7f1b149be1dbd3e722e7d67995d43bad44ca4c1fdc06dd5a10e11f,DeepMath-103K,16320,train,844,1
845,0265c434604d1d4ebddaba5118a9be11c6f90d26849c6b68892993ed519537b7,e9297ea975f5886fbe84c11cd8767ffa60700c047f069cf9b7390a3b8d45fefb,DeepMath-103K,21404,train,845,1
846,7f39bbc41597977fe6ceca97712cc6be4fb370fc66d76fd362c54cdd2045bd42,65d859125b3d447ddd57792b34ee458f4d372710296943c6e023e2d07abbe592,DeepMath-103K,41394,train,846,1
847,2c7b17a8e2f346f2ed46f3a2d2cb8ba2fd88dbab6fd3a069095f476c34c9d2fa,bc7060361aa9736617cc50fd9d2889f524563ff420f0646c8f81327845b321fa,DeepMath-103K,20397,train,847,1
848,eb43d11dd6ccbd0d720dd2f68a6f53976c5e6a24bce0a2992187255622b90d33,f0a3cd836370da45e40b3852014e60cc94c11b15a113e3fa871ed7ef78f2db04,DeepMath-103K,33154,train,848,1
849,2ea75da060c87095f3d8497f0d7c69a0681e5fb7229f4a6fe306e2995ca795f0,f06831789f73afdbc827e9369e7a4eb86d2a79ec70bb581db33e713c7f1d6a65,DeepMath-103K,54883,train,849,1
850,b51113332fc681041eb56f0f83db191e053e867e6b8d457235c0b553afa0ed8d,c1e516904d95bb66a1b12dfb2cb8fdebc3616b2848c7e54b17e78ef39f670f1e,DeepMath-103K,27678,train,850,1
851,b40cdd160f9003f722740d8264ca10cb4a58e3f57d2d91444fa084df72acdc67,4416f7e8a434b9e296f60953120b79f4018eb05465875708f8a68c62dd88228e,DeepMath-103K,20411,train,851,1
852,ed4bfbd725236dd28f08f41807145b074acee494462e8125719e12d67d151853,4f02fdfd75789ef7c6e209b7232ab142f3cb0baa3041ff09a8310aa619db8dc4,DeepMath-103K,35250,train,852,1
853,b9a733b50fa9a4bbdb6941bad782a06c571014a97a981e8bc3ab4fad676cfe43,4fd42175b277642650e8e9addf6a3a02bbb285257f7a8ca8e05b5d1b2952701d,DeepMath-103K,33146,train,853,1
854,13d7706655c5c26b8a22a9579bf974eeb4f79efdf4771d04dedad5ee65fa0a30,6d87b7109ae0bb454e7efae6518379071fd4d0016a14437c412dbff590eddd9f,DeepMath-103K,43675,train,854,1
855,4b98f6b153d3f4b1c0d25778a8ae5289f98a30d826daeecfdc71fe98da5ed069,15e33c66f440e0abe3bd952e09dd37c33df89c6a9e76eef2e2b93e2ca6442d19,DeepMath-103K,7360,train,855,1
856,d48756353f581a62340a296aad0edd656fd773683b17c3e4c7b5b06064de9bec,d022e14e023bd5cff2921cea9dcb7c9ee474c8c92e270256b407f84e57d6cbd5,DeepMath-103K,56580,train,856,1
857,c7523d6c74bb6ff6e5f124edc2330723d0b24c3b338748e47c0968c872cb2d7b,c8477e881a02f8974ce0db32c12513e61e470a5ea7d224f10611e8c38592e1c8,DeepMath-103K,9659,train,857,1
858,0975731f9d83f3115e6b117c2cd62928df06f6105fb291195bf17e9226519fe7,13e0c69c5fc89e7419cc69e01f1ff13bf08608daa5925713c90a3c8ae0a23112,DeepMath-103K,6676,train,858,1
859,ee21dc72dd73c3725ab2c2ae57d78755d09419d7fe793c9eea2cd00ca1c00c17,c5ef267f320d4fa8305a7768591ebb0ecb41b2193b58d5f6d7d3d305986fb14d,DeepMath-103K,11646,train,859,1
860,735185cd2239ebceb3c73fd51ff7be6844c93489a175056407bcba30f7338f7b,701438b7a12a3d4242ac6136d01d4d0e2fc0ed33455682f52058fd8ca5a90b56,DeepMath-103K,51408,train,860,1
861,9c3b8b69300c083b203948888d7f2b34ee0638b0d45357624518ddf315bef8ff,7c9db1ed2612b1bd7b5deb6f78478eba97c5e3a91cb98e33e8a97283033d7c1e,DeepMath-103K,23558,train,861,1
862,f89d656acc6fad58ac51394321fbf362e4806ab7441ce54917e51e6bf3ec757a,e353f721b77b9a2fafeab344bad1543f5495a0ffb0716e302de027d85f21ce0e,DeepMath-103K,10736,train,862,1
863,1399c7afa8875a3467f4a54baa24094eab1a48b4eb1c48e3d0b45ca421329ca4,d9032fea3820e5020de29a5d5dcdc88d000e06500c61f8d72e0cf5eca2ce04e0,DeepMath-103K,41229,train,863,1
864,82a172ce2ff44e2ffeb494bae13eb1bb1f531549af465d6d5c865b0906acc1e2,db3fa4eb8e045d9c55dbab0500d4a0e06aba90b72602c318b06cc21e2345d655,DeepMath-103K,25184,train,864,1
865,b6fa7269c6386058d4e97b16305dc20a91c202ce2696ac94ef2c55a12c6c9461,5d17a2ae441d311b4b4daf689f601742639b9f97f5ec504710051406d2160804,DeepMath-103K,27666,train,865,1
866,264e0c0cf7ac7123c695236d786c9ad45d380e9acb7efdf6a3e367f75559041b,5be53753e241810a75d1551b9144b5f710993695810a649e60c67f616f58c584,DeepMath-103K,13326,train,866,1
867,8475a6d0f3e64907a93e7a3fd118010fa15922ce07ed1c7607391095a435cbf4,a9b637c450676c3caca08df66c34f30d53a750dd279ef8dc34c8ec8f5397e0ec,DeepMath-103K,19676,train,867,1
868,0d86e422328cd91cfe72b47f9639d31365ca96e5ad071fbc6dd1476d3e10c5d3,8be51297581076d967a509ee0182d237367d17d667807aabaa051c0e0ec9c0ec,DeepMath-103K,54366,train,868,1
869,199e32a95f21d00641ede64024ce22ea0bbec1573f818b98b463a649255965f4,c6163a2af9c38ac6c8fbd5edb51057b4c5bea56a2521e27347dd4d8443778388,DeepMath-103K,48723,train,869,1
870,cf9454e1cb6839c4713e576a5c7b32c68fb8e1ad1477201f2769e1b5908c3666,9de88b730d515e09ff4acaf8ba3cb61df686767b1cd74a4ff43305e0f80cbd66,DeepMath-103K,44017,train,870,1
871,c5903da9bc11d75415362bd1420f79865020d5830866a3d874e29fc4f67bfd29,9b5619402d9819c246485f0d4c6da98579a419c7c46513537db32221bc9c252b,DeepMath-103K,33345,train,871,1
872,4635a3e606ef13afed585fe127fa7723a34fff555007cc5d50a4a8b352908d16,a5a6a10a05869012ce5e822162c234d698f660e5853522636f7ad9e2e922fb3e,DeepMath-103K,26771,train,872,1
873,7096da0f02e3cbb3873c8c4e11fdcc48af2855eab757f9d2c1bfc2bb986931ae,0f3d7d2609a2c24ccc3cfc9065626a367b3fd547e3527475abe4f3b34b1771b0,DeepMath-103K,13159,train,873,1
874,9d65090a4901384d1b5b7e53241a6142a984c45e031bc663f56ccc8567807018,f8b058169f281aa9171f8e3ca66ed5731e2ccf48c5c6a8fcbcab80d2e46dfdc1,DeepMath-103K,7190,train,874,1
875,4aa940d246a5f2ceffdea56b16e57ae440b3d92f0016329a3c7b2ba4ccb514bb,8f6f5c093d2513c837e4ce30eb5d9c34f66c8abeecc1d08467a76d75d5b4be4c,DeepMath-103K,26060,train,875,1
876,c762fb403df864989202b2879745dc5dd821a27713f214e5dad76ca3f8f47684,5249c712a0c1e4feeacad4b0b52794c691ab891bb839f45d53b30996b1ef357d,DeepMath-103K,2617,train,876,1
877,ad23cdc50f8d165052a3e0c7ac63a3484512fb61a9c098e45068d5c7f81ed509,8f791ea5b79b64fa3796d865891c2c6013abe507b4a40306ab93aefff16875d8,DeepMath-103K,26761,train,877,1
878,e32ab54d5a7d078b88da23ceae8fabf2668a1536a74d61b76743a69959bba03a,145f25f6c28a91925f4495670e3beff2b11dd8328ee7d05499711acec72d2052,DeepMath-103K,27353,train,878,1
879,3c8da2387cda0553c0c02b6e72836dc97eb3d5aded7c9cde51051e8d84f62e8a,ec7c9a557ed1c726672ce5e35214abd24035d81d4da4e909ce5e5e7bf2bb7a46,DeepMath-103K,49612,train,879,1
880,ac253669e752c870284458ac2d483d8c0ae7af38144cb176e055c484c95e3433,eaf3e6648d312e7692366406d9b59d68d3c5643bdea75b77955b74848290edce,DeepMath-103K,16930,train,880,1
881,5026a0aec1b4c41c6dacb59f56aadd1fde4538c12b46157368bc30b8d9ae9705,c432e4b5ab52620b4b19cfc57143f39f31ed2ea53ccf1595bd0ce04258809c26,DeepMath-103K,54943,train,881,1
882,8a4b59833e17e2b9cde56a95dbd0f8390076b4d9bfd283af0ecd3a3e4dfe7603,e206deded0072cb6db96897d92fcca4326fd43fe4b8fe010b5a954f3a784374b,DeepMath-103K,34596,train,882,1
883,00acc91fb7749a737de557d24344e20c6c8463262d5a8099571ef84abfe7cd2d,931c40fb319673b5c5f392341a84596563685f0ddd455cddb58a7aefc56f5215,DeepMath-103K,1952,train,883,1
884,6a9cb3a621c84a00363d589ce5171be1891ed3ffe091766405dc5100bd900a3b,cf6d56e5e84ef4bbf974e4ea574990c426dd78e70fc65b60c34cc601cad9d004,DeepMath-103K,14917,train,884,1
885,fb26b442266d42d7c08c16925ca3c3b8be01dffe313577a567bcdd91b46a8b24,3e5a02ff9137a56a122bd33ebe99964e61747a2e13b55ac0ba6108c0519b5ff2,DeepMath-103K,51750,train,885,1
886,a51ea6f688c20673dd2f83c3a71693a795b952997ff19ecb36d45f170e2364a8,4d341e3ec46adf5ddc0f2d17325ac3b141a3f26b15f3d0cc128ccd5d077c9a73,DeepMath-103K,44865,train,886,1
887,6ced0680909f3e196b0a7d1697bf6f47102181d38c68b8b58c028bd6c11290d8,d570f7ecdb6b75d0e45644bd69264bba7fb4bfe89be9fbfb6e39f7a9be646c41,DeepMath-103K,50033,train,887,1
888,91c4d704825f77d7751a0e01208f9715c782dbf9f1eeb78679f4ac4fd16dee57,06b3c030b9bfb9353e620143c935639705696454ef79e4d378e37689781a8216,DeepMath-103K,17459,train,888,1
889,6dbc615238ad3da2cde588294fa5538318456c859fb544b9633b1539378f2b40,48040b1db79a81699da6b5ed727c1824bc2b4898d416ecf5c7951feb08389cc0,DeepMath-103K,23484,train,889,1
890,de24d40b299ef8a5e2033093a32dc03952400c94cfcba01ec044915ddd433743,bbb95ad5ad5066167972ede7ce4d04eb0a7a1aadfe21933a30752603fd609574,DeepMath-103K,3256,train,890,1
891,e0232b232b05ebd85147d42ae62070faa4ab40c03196d595fb70897f2023ec02,d98f946a0aac06acb4ca5eff866f12e33e0fb9bd54d27c85f40131fcbb25ebf5,DeepMath-103K,40202,train,891,1
892,3af11f1eb61100ee31af26d2abd80fa6a6e20f6c6578e0a3a57c9fcf73975c2a,eac9995c675c77472c72a04db2c74370ecb478bf1c3562f019e57fab3c6c2aa2,DeepMath-103K,12631,train,892,1
893,08eb8ceeb62d6ac5b57d95941e28c1e0ecd7eae47ab6f887d56134bb6cdde86d,25fd64d9a8bfa11c7add0387bfbdd4402c78a938f3040e4caaa2f4c3229161da,DeepMath-103K,21099,train,893,1
894,5b7382c4387dcdaf8747b850faa56ae78a775eed19ab65ad70aa099cd3be84e4,e8c8b0d602eaab46135ebcd8616400a589f610b847da2b16a9d70979d9771222,DeepMath-103K,21399,train,894,1
895,e1343f032fc7310b4908a2796f6615b4421c6da36fdabbc74a0c7ab966824190,fcd122f92e96b2d7460335d887f3c0a97edab8ba7c166a01f801fe2924b3e465,DeepMath-103K,10454,train,895,1
896,6d002acadc182dfaf2bf706513bb4ac17649b012fad6d4794774270231017404,d338b9605c6c99e3b6beec66ba91e0a8a0b460b0979dfdbefdfa7180d05c536f,DeepMath-103K,32612,train,896,1
897,f27c3859659b1746d66c8ef5cb563ec7aac2ecde90f79284bac38a732b98880b,77a3f5907360c6c7ec7fbe3145f9338197fc37a6dd12e41c240d5669e70a2864,DeepMath-103K,33711,train,897,1
898,abfbac04b48b618c539e163b627a42422b8be971e7a7702fd23e2a7e96c2f00e,7c89dcc56dbc2d64dc1898b57bb262b80ff614dd261b77c7a5727a4df1b6e04a,DeepMath-103K,47862,train,898,1
899,b3b555b3ac775368069417fc2bd5ab2801db420deafac578c2160f906088a3db,6dafe7ab524b0bea312954b0f02b3f109288f8e23939ffe83e776b010e6ef35e,DeepMath-103K,4688,train,899,1
900,79403a2a496eb9a91c7cf77d6a63799c8833d9fe8e4fd3843b0060cba286dcdb,ab1c3347088aa42daeae99feb20c8d34bdd6ba02f6df8321440d5660183c8746,DeepMath-103K,44378,train,900,1
901,02252371b1ca6423fd20ed85ef2b35d805dcc0da56144e864e66bbbb28b3d000,6318bb6f3bc7545e693e7c60bac58b8e57df0b1b7c64ec38dab77a861b99f60b,DeepMath-103K,40400,train,901,1
902,24b166e55a407ba9325408a8cbb8dc0a496b375c1ca161577ff9b3b0e3f70720,147fce9fa200a0484e93b4e418c15161e3248bc6bd897a8bee72a6ce3894d3e5,DeepMath-103K,27245,train,902,1
903,d33280ab813be7fa9f111cc08a593b22717c535ca2fd3ed73322ae7b1c560bb7,e401c43e520f5d84ffad3ec49a4f29d9274b940e9d1c07bd0edb6766dc39afe0,DeepMath-103K,2320,train,903,1
904,0654071224eed066e6588a517f45cdc0981dc6a28a713e7fefbff18188cf0be2,65c82d1d34dd323941d7e0fc2dee5e5838bac5449220ca6e55c81047e7c91d6b,DeepMath-103K,41938,train,904,1
905,7832898e8c1d4da08fd90b5a1a974c02bf74f776d5f182288ae9ddc98176e61a,2b8ab1e2abb058fb14df1b1fd4725626e4966a59f18e42ad52e2d2afb7bbbc07,DeepMath-103K,277,train,905,1
906,7f98c08eaa574e21b6f56229226e89e92497e571661eec7ec95251718561ee0f,dcde5030048a8e9db0bea886f514ab84ea5d640a6df1888ca5c01a27a1653f5d,DeepMath-103K,13954,train,906,1
907,ee36bdea38a217382a19e2212632443bf6031fd585015924ae835cc122bbe457,335fe197e1eb345695d2268d58329abcf74377efa69d5577f2438994c38f6c46,DeepMath-103K,7235,train,907,1
908,a68e3fe5263251aaf3cb32813a9da624a5e9ef23710ad72fcbb4f06732d3a390,ecdc4fe443371ededeeffe170aa5e3cb277e7f7ade1f5e884d0d1c6e81e98d46,DeepMath-103K,52973,train,908,1
909,6b9d7d215b205208c5edc1135d8d02c6445c7fa0aba8a88499f3e6be6ebcf6a7,5c7d0a82b3ac77f4da68196f08f038a74803f47002daf9b7657e8b062482b9ec,DeepMath-103K,22714,train,909,1
910,aa65abd3a098062b5bc58b593d6d37cb71fe73dce97f171844d792003f1e0cd3,5a8cdfcbe5334f5958864e03e054348c5b7d80d679f1dfcfeb06cc9b3793d419,DeepMath-103K,32908,train,910,1
911,428ef7e94eebce4ea4f291aa38ffe3d3d7ad355def74d6a0fbd4552fdc1731f8,de7575a56730f479671c780ae96765c4e5759cfcf6025930bede883b9569768f,DeepMath-103K,44365,train,911,1
912,e83d193c80aa76152feb49ab567e13ab6bbd618b95d89600050237ffa48ade0b,d9d7eda799b5db58c906a3503966564843199efc2776c71688961a20695f0dd0,DeepMath-103K,5777,train,912,1
913,c03a42c1205ded2813b6796dd83382dde47a5bf990245a0a3204db0c69704bc2,aee434e3c65903ef2c76c0a797548dce1321579ff0072a63f5fed4a1b02ce03a,DeepMath-103K,834,train,913,1
914,a9395bbe1e5f6c3065fb462ecfe9b925f65ca14a743548a20200228231cc4844,839b02bd1fda111b4df99affb0e227cc0bb5bfe99380191ec0144a16f3ad7bd3,DeepMath-103K,13552,train,914,1
915,05b372ff68bd0ce4b4966f5b0847c1cf38876ba119c349d64a5836baa9e09c92,335043ea413604dd5113e0085350e7cee29bcb8ebf15b90849bcfc06bc663dcf,DeepMath-103K,4246,train,915,1
916,55986c2b56ebbe2745543f176a4d2148e60dcbd9c8be324dfd335d769e7a5f02,529fb31bd53a02aedb6e705dc7a550d8b6d2108909d2361910d9116de5db75e1,DeepMath-103K,28130,train,916,1
917,f328610b09c78d6689d27065c90fefeb00338102a792543921aaba365013f077,d5cc9d172269caecb1b8b9e69df33acf40d6d6b4aeca06f3c3bdc63ad1dcee0f,DeepMath-103K,35975,train,917,1
918,368916be68bacb3ff5d9ec60e674827d4512ffa27f3c549d2364893ff805ba89,8cb42dffe03bbc0217ba6870cca1478112c5e14f2e2be4968d760c87be433a3c,DeepMath-103K,26942,train,918,1
919,29b5f97c6f2720d18a5b200039363101236e98550970c7f8ff30b9c06f9baf97,2fb9bbdfc72356d7b5ed09963390c221f95ee15568a2cdc335d31d3d9d68cda5,DeepMath-103K,2422,train,919,1
920,57f5cba56c98d55392c1c2d5e29c2fff927549ec6655e5699b2d2b781095d672,eafd0fc07330b762d456627b8dca79e4c4ef50e7c4fb9226331592ea1e0fbdb0,DeepMath-103K,5262,train,920,1
921,4700dfc615da199cb24900524f34c6a3cc2f8e11589c7e35a51c5e24e2542bb6,bad57d356d8d0cdf895b219f126e8f2f7103baf7dbf976107ce0446acb60b4a8,DeepMath-103K,25458,train,921,1
922,b84fd96774d97146d634ebe98be121adf0342bcda54952cbea57fa514db1d7d6,fa2b4089f24488d18831e0b4d7dcdd1bc447adae3ec957b6da401d2b322b6660,DeepMath-103K,30845,train,922,1
923,8179fe33e5216f2b0f9bd5e659de77766369b5a7850969aec27a3cb0dafd1b91,4c9f091e11cd3d62aa35d429ceaccbd6ec14092d4c7bc28243076455da12b266,DeepMath-103K,38316,train,923,1
924,54d7c7e25ccea6e1e017c2c8089882ff7c4cdeab8b5fecf18c1a958c132bbbba,9d974e53b7cf6a3ca0716d2f56db3b4ef77008e54fbc30dc2d65a3b74eb75922,DeepMath-103K,49637,train,924,1
925,5b26a5c4c1ae40d9fbfa541cf7eab36b39f03acae9da799d8bcd6539accff6ba,40a3d78e9c1562e692ec4e2ccfe185703f0d4a1db5e32acb80ca529921e7e9b3,DeepMath-103K,48293,train,925,1
926,a5ebfd97ebd2bcc9888afc944c0cd11a6df370a098c7e720a1647f57591a2c9d,608d6a1c9fbab26f4e00f1074d96761c28623af3fa43e6c804428ff05d0a91ed,DeepMath-103K,2125,train,926,1
927,e6d500127260ca963c019d7dbdce91089ae038e9084dcf6be3593a2107d5bcac,5299557564ee70de273f00f3d60cd1073743215e1ce5a9fc86a41630c863d9e7,DeepMath-103K,1407,train,927,1
928,706e3a12edcff7854540eca8ef9ca118a72a64e66a2a4ca545faf9d5c194dac9,975e6a17c02845370ad8e6be4604d98b59cb5716a0c75585990a2b91d50be5da,DeepMath-103K,18485,train,928,1
929,dd2f71ec4d3b00558d276f268dff350a8a83ebf93957283aaea9f557bea08c40,5902f631c6d6d78226e2f43ab78480c9150d27d2194854c1357dadd888940b9b,DeepMath-103K,52562,train,929,1
930,8749fc89ca1eb13f51b494f3199c31c854ef394123d46ef5bd833762f761f9e2,5ca9180e3ee8362cf84af0278df61f114c82da89740f47b31e3f79e566deb55c,DeepMath-103K,51078,train,930,1
931,def02b5f6ec9b32fac716ff054747c4094eb2666d2b97c8354b974545d340bdb,c3c7c7c871681c65c275200abd80600224af09736188b676d72f94e3b7f3dbff,DeepMath-103K,55963,train,931,1
932,5277d1c836d613a27bc9a0251b747a5fc1e46468086ff86e189fdf54c3c7f96a,9eac5f185906aebd25bbd9ff2ed13a0b03d261cfe189035b039a9cd0a1969463,DeepMath-103K,30643,train,932,1
933,8f43ca0f583fe6b39532bd5492d444947f6bdbfa515ffa1a4027b0feb680a0be,e0d28edcd14a1858b317ef377a4ef6f0887a8b33787e36a416bb09698224a2ba,DeepMath-103K,4782,train,933,1
934,c90ca0f37f6335a34f0fc88ca3666472591b36ff9b1d11b38129f0e65ff54b50,3f1b88dd70525a2f9a689f2e2e8c037eb00d442f5c34238782b544ace68bf98b,DeepMath-103K,46498,train,934,1
935,e2f769263d08db77616dfd422f879c5240beec3c3f518905bd76651bb3969280,e9d1dc02b7b217f597cee776708f6ea5574635004936aab3cd7c08059decc469,DeepMath-103K,47668,train,935,1
936,503c8129660b2c7185a3901f4a3b45cb557bd04d4a153d8a69ac5e9a09f969bc,53eddfc4f61add9e19d924ed4fe5b93141515395b068e3ac0df0351c9e89cdda,DeepMath-103K,34964,train,936,1
937,bf8bccdbff6f1e1faee654a203060f1d21c1cba5fa2e43e1d08a1e5a554e6969,54438d6164d4c54a71719e7d2349dbe8a4e8347be4bf1b774ccbf74fe6ce16f3,DeepMath-103K,38185,train,937,1
938,37beca93b24ef317db852f0a2aeccdfc16c6f3fb2b71a2d5430b01844f633da2,beb5303e24f9f7eaea2057c08c8a58292e2fcc54b83c96859592b9841b98bb1a,DeepMath-103K,51548,train,938,1
939,e606c58a56e8d8883cbdef486478511aa91fca024d495e896bb45a585346c801,84ec31e4204ff0028a6331bec573318a70e401ea9c9c11b61dfbc0d832cfd907,DeepMath-103K,52998,train,939,1
940,e30d2b601cbc7b472b49608047d0e843bb4933fdc6cd6668cf9d73217b86d328,8f9610707d8cf74ad8e3d79be434f06dd8b78a8cee55f8bcba50c6b87e9e2746,DeepMath-103K,42759,train,940,1
941,d2cba2a7f634c79b5a4b03dde7675d68eaaae0c3dd332047f95bd33055b2f5cb,4d3f981336a573106effa22d97d27e37f85bbdde4066063080ea87798ca38525,DeepMath-103K,54326,train,941,1
942,bace20df9fb2427ead5fbb2b8b2a5dc3aaaa01bec0e5fc76499cb03262ae1d76,07e1dbbd698402e52c1c6891f143570e886b0e39e6ecb6d0cf4542f690658a8c,DeepMath-103K,18048,train,942,1
943,0b1c4bfa8355d92352a88b882c32cab05bfc3d06ee44425851ba86448243dd27,8c6c5219a5676e38517b0a7c0f4264ab849a500b34b993cc4c8377065293f056,DeepMath-103K,36337,train,943,1
944,53ffb899aaa3590a8a50cc1b0c277b094cd0b48470dfa46d97a96f099ef31768,86bfca430daef9d416d7548166ad95fdf1e69b516fa811d3070fda9c2edbdbde,DeepMath-103K,26480,train,944,1
945,17a19c89345c38e6bacafefcced4df5f29e345c5a304e6f59ed4e64d80912314,6282486b954a2b0196ae358987e6b8da47869c76efb7d102c12065f373d8fed2,DeepMath-103K,11017,train,945,1
946,ae96d00ce458c84b7c23a3d84912997ea50d5e46ff0f7a7e399493dbf485fbf9,2592a9fd8e607ef62c57b369c161cab7b1eb60e09b9da999d255b6ad69573067,DeepMath-103K,8608,train,946,1
947,baaa586730e49a5a8a04494892dafd3a201db60f139724151aed7adaddd94e80,c1dfaa801536a4de21d7a6e2a6c6d673643224c10261d21b529bfb3cb31a55ab,DeepMath-103K,51539,train,947,1
948,266dbcd14d7a063ab6064c0c7121c546f1f42305ea0e2ae223a7fd14e7ef9693,a69d55b67f1fa23fa223ab44ed1e74e58dadec00c2aaeea237d8968f116b8170,DeepMath-103K,2925,train,948,1
949,15d12343f214ac6cdaaee4876598e55cd78fba1f767c299c332d793c003c4352,c304a6cf53e66940a78894bdacb0f0bfc24a5f70310a743ebd697aafea8b2c07,DeepMath-103K,44318,train,949,1
950,1b29341726ac3a19c9efb6c56021b5d7cd444cf022340d27f4904df412242fd9,14f7c5aa20a947ae0501f3f7856c02a091d0127fffa217a4ebee2710f7f9eafc,DeepMath-103K,42457,train,950,1
951,1639870b877853591b0bc276d26a819160c378a0fd89c41af3237303baba4782,5b16c2257de2d328951b3c3341e6618b16208765255f7b73a325987dec783c49,DeepMath-103K,9372,train,951,1
952,7decceefa61e00f2292e4d846d05ed8bbc0f3a2c8392932663d80639f680fea7,40da18328438aef43f433d8dcb68c1bf1b4dd77137b8cec540081be7e9a6b32f,DeepMath-103K,28138,train,952,1
953,fd076c259cad404f625f8d07c36a92d32fbc845f9664a74a65887aca3799e412,cb87b7b1d101ca7db80313519f1fe23c4bcad1f0f50e4c3ee4eb656ac3a9c777,DeepMath-103K,27092,train,953,1
954,b26e260ebaec04d0fc845554c2082a6c2e45d32f18f4f4066d20c1efbba468c5,640363768a075ac6d718788c68f934cf43f433637e01e54663db3d01019b0e72,DeepMath-103K,41113,train,954,1
955,bd9a5bc4fd13e5704024700160745edf7f76913700a68d56d222c4808d2c8aec,0607064e9f92bb9afb1e18ca6b2851d643f342134b0b579bcc166d009410f436,DeepMath-103K,52481,train,955,1
956,b2ceac114b6f2b1bf9f9609f971658ffd0d9b89bb825dff98b1e25d4c0ab354c,4274a2820a9c391e97f94b68707de67fd241749d5d0dc4a8887b10bf384a8ee3,DeepMath-103K,48650,train,956,1
957,57d08bbaac80e07b0acc953a8e72b265babf974e3683b35cca5c9db51bb6a4e2,78a9f1ea3c87b24848777354b1777cb49f789091741f2963e81cc30b22883a86,DeepMath-103K,12296,train,957,1
958,e47595647debf2f67dc6c784a6dbd6f5f0492a1cbae20bc4a4a20df048b90398,2d1610bd394a422ef047ab0b9dea162a4ef557d4135d5f2119c9ace8a7e38b3b,DeepMath-103K,10430,train,958,1
959,ad19d0f97ba068d9a40812ebd1e273defecb1b2c20717e34ab24dcec41fd3904,58ec3ce6227a9c7214b5d75536def067d028f10ba8ecb247a7578fe13c1f3ade,DeepMath-103K,31791,train,959,1
960,73fde2ce91b412a8a5275ea24ad125ddf9cd6e8c45b438534f401603ea93f069,18533d0932271e84a17f2b6faf1361fd50e85bb79aae5a606e9e24c434459f35,DeepMath-103K,31603,train,960,1
961,e4cf08439a072279735fd039b3f597c349b6573038cd3d013c067328c331c5f1,13a5d1daacf6744e6fcafae72daa22c8dfa90f93d30cdba5d979f0ff028ea98c,DeepMath-103K,34383,train,961,1
962,d732518787445660167066b24cbe5a59e64f5ea65a21b470c14ef4f8eab58034,37fa8bfb8a9a44b49f3ccd5facd0f0ee91faa2657b9b018957991f848b235c54,DeepMath-103K,44557,train,962,1
963,c38d9b2a536f203a8b683b0c0bf7efdb5047ece95588d91cbc88c0045b8dbbd2,a30d69f1c074ede28b81a4782d5a0506effd3a1388db1e4fabb52271955e391b,DeepMath-103K,6745,train,963,1
964,a1eefa3b44a151a08207af53fb7a8028a85f873f50ff23794d6b890429437239,c65340b60e18377027c4e36a1f760d0d5353713834d4ecd25ecc39211515bebf,DeepMath-103K,6278,train,964,1
965,707163d4dad9bb5491a43184b484c8325fe81596bb1001920620785f2ca900f4,2234f0a833595cfcb378722c9e3a93202074a245966dd4e22a899754d69d5bc4,DeepMath-103K,29108,train,965,1
966,e1998b13530826568701686187ae3d99c920919c21a6ef3d9dd42755fdc15a7f,eb06117ef7b8ee623d7e115ec675c949d3afc6a623030da568be2fea0357a13f,DeepMath-103K,17723,train,966,1
967,2c1c77cc4829133867a357b40d93f8f1f0589543490a99b4d48286a19e33bef3,b8c585f0febc7daec0178ee3fc4512d5886d79d62b62d42122f299b615baa129,DeepMath-103K,32041,train,967,1
968,565022cb5b6f5072fbb0adc7c49de933aacc6a4a2bb48700e913294ed5b92402,92b017bfc73a4dc7b6c5038c2561314b3d02191aba0f6574d42dbce48b36f075,DeepMath-103K,31109,train,968,1
969,a2be843d119a778228c8b4fb79a68d401c456a677355f20d663dfb9706f4f33a,d30d8f801e02827abd48fd488d05be295409ca66b44939bf1cc552c966db5f3b,DeepMath-103K,27548,train,969,1
970,51af161bacf9aa5c8d521bce6c040835c408dedb028753aa596dae34bf2ca896,1e9d21f448251fb4ce4aafbb45a1dbf30625f68bf04517b35523ad971ef997e3,DeepMath-103K,12201,train,970,1
971,5cc316790fc0493ad52437a53ec9398a023cebff84961378d0d477073f823e38,3478e0afcb042d19da199cc510b773a72e51c07d40b9700208d895a7640f11e2,DeepMath-103K,35471,train,971,1
972,a67316dd6e900014862ea2200b3a411ebb8f06232887ce3db960c1735b6a1102,87790872c04fedff50eb11bfbd08144c39833c1ab021cb93b58d795dacab6933,DeepMath-103K,25121,train,972,1
973,2ff425b029bf4496f49c7cb5bd8a6bf642aff16120af77b515247514717b22fe,35ac6bf8197b40b58e7b7357c7b655404f829d337a65c5af0abbd26cfdb467bb,DeepMath-103K,24423,train,973,1
974,e98c38ed5dcf5009e9bdfd2bc28f7646bc590a6d3c2115fc75e802851c044256,c3b38e0bdcd8e194af1a5269efbefaff604832209939b2d0394bf69754fbb1fe,DeepMath-103K,4680,train,974,1
975,69edcefe1de4ed39e16d0edd1a61f87cc0251f30a1dd352c915e891b4192b27d,4319b2985565dd2aeb2d3d0cb29497d1e6daa7f4f9b129026ad22b932b745dcb,DeepMath-103K,40932,train,975,1
976,b83310d53d4506582312b438aad63c8fa9decf6babf252a98065b67c3b56c00c,6c9faacdc97a7c8af44a0981540deefb3d5671d14eed6a960e892383c00f9073,DeepMath-103K,16533,train,976,1
977,a15ed2a47f0eabbc52380f84d41f42f7f6a7883651449be80584eff5e616b1d8,1bf7cd653bf3304074cfd4fae4805662bf0f42f23b6e83db10ca1c7531dfd2f2,DeepMath-103K,4550,train,977,1
978,2be1a2fb942256edae71d2aecd54bff44da76a4707b8293458beffee62b12f08,b75be590a28e5f79e2cbde3b20a6a6e135f84ee5b73ab52857c24b2795c293df,DeepMath-103K,7222,train,978,1
979,52eea7a79b66d7cf1baae55fa7f157d1548662a74e347c7394edf65692197ff1,081518e97d6af01e258ec368765a35c3fd1c4792c4c2208b30719c572494f3ba,DeepMath-103K,9728,train,979,1
980,ab5cfa128176516a28f08e187a62b888ee3ffc90a62724226dcec47addb525da,52a94e384b69e0d0b76126ce2978ebb20b5f99afac36c153412279f270326b43,DeepMath-103K,4538,train,980,1
981,f97c2aee0775e667f78ed2c7e4f9679300f7e745834aea28df29610aceb24eab,b5fde5fa694d89166c9fe48035f777b870ad0186d52ddda75ccd7ed429527ee3,DeepMath-103K,18300,train,981,1
982,4e297579d0f2db68882371fd5ff6926720d54519e21f2475e6df4f218c275b18,fd78a233f61c13dc0a2004f12730855b5ef3d22ad0d1d888038a9db4469f0694,DeepMath-103K,17258,train,982,1
983,9adf08240350799d8b391b09059245e84683682099dd3a139e38113d569264f2,9a0c92cd2bef1cabc97a314981b2d5a9ed6690fe226dd027c62dfc0667421bfa,DeepMath-103K,12312,train,983,1
984,65953d63b4b43d409d99fa4ebb80bc24dae2fc521eea14550c273239be6240e1,9b79ee793c29a877f46256337082770cd3eb269a04fe38624a3b9b80cbd799ff,DeepMath-103K,46855,train,984,1
985,c18477cdbb5a051ac8ffecc55082246be5f2fb15756b4d4970c20446008e5644,f0bcf31cfeb499eb315a8f25c4ab3b04334737c2641dad685da5d023129748d1,DeepMath-103K,32226,train,985,1
986,f52514b047ad083cc7c972b80aa6b5ddec10b045dfa4215d476d94f34cd88dca,04586ddfe5af3654036bc012b835f7c1742aa1f491f1849dfec8667eb039372e,DeepMath-103K,43576,train,986,1
987,08771ac400ce5d7108baf94e5e3f8fbd49d8e33c769e46cb0d60134425e395aa,5749aed809711854b311dad8e919cc31795c1bbee9332149de140e58a434ab73,DeepMath-103K,14184,train,987,1
988,93e4eac4b2c6d14e9e8234209d7ae5aa5850872e6e3b3201830a4a81924e2edd,c2876d85eac85b017927ef246717bd0721549854a328a58bdf16f40550fa9035,DeepMath-103K,11168,train,988,1
989,dde11bb523cd2bac5c0edcfe24521df80722044c4055a2f6c06e8c7e0e325fd7,23644c44a63a0eb0955a55b3fcdf667ca9f1c137ece1991b5a9bc62c8c0f3ab7,DeepMath-103K,37747,train,989,1
990,35141b6663d6e5aaf29c504b5ccab8a46c7cb63856067f2c7c9377abda7fe69b,2e1170683e40f2f6385947fbb6e0b26d4bb9907d6d6e0bbb164a76a1eb7b6f44,DeepMath-103K,7060,train,990,1
991,ca90e547c1d511e7bdd1593c6dc72bf07fe68d3255c31d4a02ac9603fabcd755,69a37ab00f91c17b78be00d00e07362de770fe88b1dfa848fa2fe21406865658,DeepMath-103K,38762,train,991,1
992,4a557244dd51d71da12561ffac9c2b141abac2998ab11278ecc61ff9cb87f2c4,579d087625f43f47f84d7dde789c90dbb3bd70f6c59a1e6da8d08169b97ba52f,DeepMath-103K,4320,train,992,1
993,8f14a41be0ddf408e604d01097fbc3963d3998032dee8982e28b3d995d884086,56655aa58bafbdf8bdf297a28e8ede589df69599f38f3608f0b9522c6f096a08,DeepMath-103K,49606,train,993,1
994,03da5f38e21c2f47a399b3dd7bb0ccbde67d7421c49c99b3837b2220fd9e671f,d37922b4bf171b538df1a2cb876566ab487520f1fba42d4b9fc9439ecca23464,DeepMath-103K,10279,train,994,1
995,03737d12c3145666390d53d75a483bb02a6dd1d11543e892cddacaa1fdcee8df,11252305e3802f1d2933851d8460dcc7be34233bd5e8fdf1a0e47a04f05e1f57,DeepMath-103K,15990,train,995,1
996,82d017abc63772add1e9b92df3531b1178b6aef2f6d6d3c79c72cb4115391ab6,7a9f485fc9e233214f2eca8ba60877bc53ad9c520ff7bc73ead043c8c412ffd5,DeepMath-103K,40792,train,996,1
997,e40ecd90b4bde65904e5de194284f1d3c86042c1876b0238d0650df4fd72d22d,4ef50add6ffa3689d85dfcb46e168ef364405fe7c5f0b0899a9587543c2a3f1b,DeepMath-103K,2184,train,997,1
998,b0345817a0dafee86de0cc0699e831c52e82099d75b33d176391311dac847b4f,2c86968017c392b827cb3b32d5aeccfef58673c0368160c4fb22f7739d401fb7,DeepMath-103K,2899,train,998,1
999,001a419f4b918850e8eea2bd9400cf052d493365f9a9a2f57e00ae7163d3cae2,078865b88b7ce8aa4fcbe1d83047253ef47a0c9a348ecea8d3d294e645c67deb,DeepMath-103K,21562,train,999,1
1000,cd71f312bae7bf461da141ba7d3377693700a3c0d8dfcafa23264e95d0426920,603ea57cba80758ebde6a09ff26d5d1b1260403e4f5784763681de06a1cbff58,DeepMath-103K,2082,train,1000,1
1001,856fb6362b7e2fb451e8b9529e2f798be91ec90ac5b7fbf244532275de2eee58,ad09569355d1c1a2424155d1854414c706489b67d5d01aca5def93ccf76c831c,DeepMath-103K,48046,train,1001,1
1002,73e8b59d22bd99535fc56c8b7254839f4b8ce05cc9729a8e97ea31aab5dc1a80,b481624613425e6f24a53d77e01d4feb95018f0b71b404032dd880dab71c6dc6,DeepMath-103K,5405,train,1002,1
1003,208497e2e0e567d3a4b4e805066d3c9aaddc5ae13ce0a586fcdfee4a6654b3e2,8df328e5f018d1b2cbc1af1a1aee5be6997553508784fd341bdf33672072e5b2,DeepMath-103K,14878,train,1003,1
1004,7df8923f19cca693b05b69274550161d7be3f10c8586bb7a6a8103811a08bb7b,6aa455c9dd083fc9b1ed9f322e7fa74e000a4d5ef38daa5a093ae2c647f0e417,DeepMath-103K,55311,train,1004,1
1005,993506912d7bda46e9345042a1d7b9fd9b119d0434df4ac9f0c321bccd7b0f67,ca99786060868d09939492f26362bae1e2e8182bf9983e412efa3d2c9b1c79c1,DeepMath-103K,18813,train,1005,1
1006,09c3f2bd5fde6d145a4369fafb3bc55a57fcd685d394ce50efc29f63b654e710,012db0b385aee0a547815d83f4f32a2edffe608ed0f275853cf2b597187c22db,DeepMath-103K,7898,train,1006,1
1007,c15a10102136761f115a755504c0acf9010cc47bf581eddfe93c5685f54af431,2e7bba036706a747a041b31bb22c25493cc13695adbe6d2c5c4e6be558bee044,DeepMath-103K,39115,train,1007,1
1008,929440109889b95417e61c9267315824a8e9df1a2652e5f6cc5339f4938cc853,808d63b9d7da1ad6e468308043d920cb18bee792954bdb32a2affae5d83258b8,DeepMath-103K,53956,train,1008,1
1009,3bf1bb79a84b12a97d675a1ce5242e84278376bbb53db28633c1b81d624d6731,ba8cafac6cdd8411b86bd155705e74bc6941fb57069e69ae339aec604563abbe,DeepMath-103K,4926,train,1009,1
1010,5e195b2be1afd13c647967fdbd6c126a91e36dabe9e49b2ab49b23408fe7902e,a1148711d4838ce093e861ca9ae545336a8f0b3a2b13b237266798d76c003692,DeepMath-103K,29770,train,1010,1
1011,aa91fe9242a3dd19c839a8a5391d2d8c1ff3b8fb531a59240931e2fa615a858c,121d3aebd9636ddd1ad4243c65c2fe5b0cc50ca2d9acd35a127f8974574557e2,DeepMath-103K,49003,train,1011,1
1012,029ab5dfd4c9092d751cd96a3b270c934c8f60b97a48bce96155a2a549b9aabf,5437d0a5866442177cb1e8c0c67f1a03b34a27b2e437a8b07a5c88592d12a4e7,DeepMath-103K,12020,train,1012,1
1013,f7b220a7459f0af8d155cb7768606b95d8fea8c29ef3be9c8dac9ad019a3dcfd,2efe2a5a2349039519c58371c982442452019ae2533a1be927ba114d87f4478f,DeepMath-103K,22612,train,1013,1
1014,b2416665c55202993e6507bf3f2675a0f38aaa3d019155b7ddfdc839c232a411,cded232696c4d363832e4b2ca88c7895643e3ad8d491636c0beb8036ad7b41c5,DeepMath-103K,2012,train,1014,1
1015,657c66c810c65cea111d3e94eb7e442dca1a600a720ad4891745b188dd79d412,b8d67828d40d388b04c2bad6d97f1571ac56fd56aaaac4feb053c7b414401687,DeepMath-103K,46562,train,1015,1
1016,0af72e47105290066f571ceaf3e50a212028a0baa732a744ca21421b35c2e627,29e4d4a54d989cfa1c559da841bae6a33c0781cdaa6d4e5f2e66591d845e8f69,DeepMath-103K,47204,train,1016,1
1017,8172de436d269536e1c8913adcdc7ea0accdcac4c9c8cca9a5bbd48626c4d142,8be33c59faae5c2adbdf94263cb0a9cb06b81c058752146b53a5d54b75cb921a,DeepMath-103K,29256,train,1017,1
1018,e09c068254dba779ea07da06cd0d49f7c5cd14d68c3a6cdfee00e8f88c4b6c7e,67bc723d1e6b922c90dc6d3ca4314bad6eeec3fbda8a527ecd4214f65af0dd3f,DeepMath-103K,4865,train,1018,1
1019,babaf8f4b89bec3e5628e5a9f6c804c22cb13e0f0837c4e3bc10a66272de825a,0ee856179100cd75bef9d03ba8964c3b3ce9b9fab168c68db47c3392d96b2917,DeepMath-103K,36984,train,1019,1
1020,3fad6bbbf5ed0a4faf96a9dc190c4473f888d779d43551e35df9ec42a3dfe781,38208b5fe6123e89f8c911df7bd5f13cfd714ccf1b697a4ed1e1a922b2a6e6dc,DeepMath-103K,14606,train,1020,1
1021,e0b0e5271bd6ffec32cc9196f47f60ef573e8cc7a1a4d05072e084d10c3edb2d,bcde3e36a9f9220b55dab18f5efb0b58f77069672d232a50aa954a741661e16c,DeepMath-103K,30046,train,1021,1
1022,1bfec3dd3973d4b9c94249565231570e66ca189ed2c467b9806c44bd6f74dad9,342d1d979c81a940ae7e23d37af91727a028f9f7e068ee6b701ba6906a375d6d,DeepMath-103K,6049,train,1022,1
1023,ece32ffe6358b2629a92efe7c51e11709475ea6704e790f919b2834a0eda3ec4,a1115e90ad988b6185073e002ac2f2ac847e2d0f4b46634ad824d21f85f8fe95,DeepMath-103K,22070,train,1023,1
1024,cc17982d39b49c15187fbf6406da1030f8db7cb9baf4a22fa29ba7f9b0eab080,cb06653c0061261d95d4666cfc402bb0d69282e4fcc3d9697489edc66b970db4,DeepMath-103K,32970,train,1024,1
1025,004236d5a3b8404b4f98a04654452aacbc9a60b78135cf127ec47d44d23a503e,f708dda0ef625345cd9214c2c845883531b34d471e0386b53478b96f361c3c11,DeepMath-103K,46136,train,1025,1
1026,b38345512d109811ac5b9b5c117d5bc7327ea3b553dc6ee88b54dac5003d1cb4,a13d1c0107395bd5cba09bd555a29b99483efe6a7f0078a9ad86fb15f91304bd,DeepMath-103K,17749,train,1026,1
1027,7337b909cef359299e56dd7761a173c595aa7088d28d58af4e35142695b551da,19f3f89c1ce05d99d3de981e45c622f86fea548870cd011297e9f4368f308301,DeepMath-103K,28343,train,1027,1
1028,1920be42706d490dfb2604e3b093c7624268aec74b47b76824ecede0f6705999,a3ed65474accb29daf4569a03a17c20135853d53b6c37c361e804c0bbe4b2b2c,DeepMath-103K,40361,train,1028,1
1029,e7e5c3669a6255db28a1ca829e1f51b6157f07ee19d17579913f2cfb1a8b8953,c1be96d4249d9f3b22322c577ab714cb8712d1c26ccf711d0bf5258f0f557599,DeepMath-103K,31822,train,1029,1
1030,992ea4e6012c4a41908a6a78da5a789294780843e61d7ebadb73a894f67a3a8e,acd3d4b3de21f765514fb89a95a41ab10dd64975694e193d43eed543bc8c05f0,DeepMath-103K,25525,train,1030,1
1031,512179b9d318c28172aad06fdbf0ecabb897ec7cfc953aaabd5bf884d8e40efd,e54e22b29d6fe0238da1b25e22236ec5f867c9a63baed2df6f43a4da36c0f58a,DeepMath-103K,14493,train,1031,1
1032,6c1b7ca6d97280394be69d260f673be7c99342fef46090c6758ed9dbb61c6c87,e1603476594807a204e9d57558043fe81fca4f9ed35b55d2204a87c5f9d86176,DeepMath-103K,26567,train,1032,1
1033,315e402b69dd237845b60f48def08f972cb6182772b61d0ce984b09ee2b34a51,c291afc9132662cb7783fee45f09a6140a9a5d958d98caf51d32463940264b77,DeepMath-103K,8501,train,1033,1
1034,3ce218b5662dedb759ad13b52877c1d2450787a3f2c652d17e7031336d85abd6,39f62854c680296000a370f38e3a2f33691db6d831fb5f406785bdc0f51af991,DeepMath-103K,15730,train,1034,1
1035,388078e95a3cfea35899660aea500a7b1d30990ed8de995a0beb84963ee6d8c5,f2578071891706a2010ec981b9f76d1ed8830a17c7cb6af3eae8b93328ddf424,DeepMath-103K,34578,train,1035,1
1036,ee0efad9700950fe61bd12a6a949c1dc59c0c5facda784ecc58a187fd46d568b,6aaeeec103aad37eff522722075b208213142ee5e9e92965c57e5b971e924159,DeepMath-103K,7679,train,1036,1
1037,14a9a3f745d62089c5eb9b4b15a9b31840393a63d9982d0260d9ec2a71742e9e,f877c263c8a6ab8195150921db9dfd7de16edd747cce1c46ad8f81e3fe8f36c5,DeepMath-103K,34990,train,1037,1
1038,eca3ccd7c155a503a9a49622c38423520d6d6768fd20ee38dc182460e280b290,17bf251d3fca0f926bfb3b0ef9c18bcd87b50f0621b235d4d2c6c59bde537eed,DeepMath-103K,2270,train,1038,1
1039,b54b4d7b7448a2249f7c1f4b65ac87f9697a8a2dc461c71d881f774c8c0e041d,6505b391a7ab111e7b06f8cdc84460ba85764c1f9ef8302038cf5319a9835997,DeepMath-103K,35906,train,1039,1
1040,25e457b70acfdeec8aed753e3c24bd862369f881b35b399f17e91908d2cfe8b7,eca0f85797b70162bd879069c15787b08eeae4d24f9ef4936f0bbc7b60e37ce3,DeepMath-103K,11900,train,1040,1
1041,98cf7423791cd66fdb76b5c106b6aa165829e7a6e7ffbc6eff7801a5d0fb62ad,f0324065548638d4f24e12caf5cb833452f9429fd085f2dd877cd4f6a46bc1a0,DeepMath-103K,50673,train,1041,1
1042,f037345a17dfbc8814fc3220e694705ce9ee7d80333cbfc9a74f4a77573d0634,377d5e47a553b511cfe2c639733ac85bb030a48de28ad88957ad54adf41b4941,DeepMath-103K,26898,train,1042,1
1043,8800e9e5b04ea0736152f9b3eaccf7a0d71672d72c4ed82a8eea386308c29514,eea3efe43a56df45f25c347c3f0c2361133bec46eaf296c6ad33a0ff5f22e990,DeepMath-103K,7668,train,1043,1
1044,98c26e071f4a97c909a211bdeeb05cb0a1ad6f46f206728e2fea0d79f74b5a30,46a0459299cbf53148ec743c672d2eb8681e5f6b5c830dbaeca9e7247a2e2d4f,DeepMath-103K,13024,train,1044,1
1045,fb0e552e384f742146d9b14cac644a9a184ef3632664b6f9fd81309b59fdb6b6,23d8af206a993890311d2e3dff7857032610a8ae7b84803a5ed497f8a2ffefe4,DeepMath-103K,32105,train,1045,1
1046,d882f14c6365af9e170764de9182eeacdafb109fdfcdd6508402f76c7df20ad6,fe8c9b8feafca38189ef739179cc25b5423f229acec4d78792817baca07523f8,DeepMath-103K,9066,train,1046,1
1047,6ab88a02f06c33064877a905ed5ecc9e6870829730d1ed166c002e1057739b80,31a838c502c6d255adb57eb2319b6c17bf86f80fdc378feb44ed0185747be9df,DeepMath-103K,31578,train,1047,1
1048,516d16388e09b99d5e52017b72e00e5511e63321f35c5f9271b4e720465bdb34,0ab9125c1cfd653016895005a432a4b1f55c2b6a4570719d9b5b2d40c701e42e,DeepMath-103K,23593,train,1048,1
1049,08a9301d52f212d2748de5d6e77e9484c0d8c02ca6da04e8b981f6bf558f4bcf,cc8214f6275fd86b74d9457769e92807bd792a98d8507087c17aef8dbbd55c1c,DeepMath-103K,25805,train,1049,1
1050,3d3ffea763b6f7665e79fdd394fe05310c41b25cfa46fa7dd9d43417ba944028,4d859f1c42621e5e7bd796809962aecd84addf62a369ffc890f4ac97da432c45,DeepMath-103K,12208,train,1050,1
1051,616090892cca01ed4ed27e6803562d2a6f914a6230d677bb5adcad1a6aa983ee,d8c394d691631dedb392aa28036300ff7f8f3f998291261adbec8243165f30ec,DeepMath-103K,32352,train,1051,1
1052,346a40ffecb6a566835d1a0c5bfb42ae48ac2f7830eb3efe06cf26a18bb98e21,97f8f70f459fde53acc55bad8c860950bb55c83d83019bba5a0831e2314df817,DeepMath-103K,28229,train,1052,1
1053,a7e0b5d10b401511ad74bd2fa46be1925fb156c5fdd89a501dbeeac9aaef6e6c,ddf3c4d989dcf7bb265c8f787c170ecd775158a00771462a029c70b94569ffa8,DeepMath-103K,18703,train,1053,1
1054,3b577923a0bcf64a071d8f08c9c1b999c73d4489650111f55e2ebb4b17a70977,46d2c0d677fe30b832a0ae811a4deab9262a7843d36b3e9b67fa431512ec1654,DeepMath-103K,7282,train,1054,1
1055,15a6becc0089e6ec288deaadc2f8f45881de4948d4d0153e14e2f6dbfad59426,521ef47993d015c7cbf331f22fb9b2fad64073a74629a1faa206ec50fef8ed23,DeepMath-103K,21323,train,1055,1
1056,f7fb96e60b363073c185895ac1310c9f6a7d9e23f8371cf47ef715878afcdb19,92f976fed483d790e120ca6ee66ea83b70412a6a20aae030262e6708cc4cf56d,DeepMath-103K,55708,train,1056,1
1057,c2b2e80fa7558443773e75039b0e6635966a56b33f8f85542b510e81de64f9a2,1f6c01a37718da1e0dfd92ae7454f57edf576f2fbb45cfca358b2f8986fc39b9,DeepMath-103K,26768,train,1057,1
1058,d633789bc4ba73bacf043984e3db6dc2cf00d2cfadd420088361249bf9d94196,dff90ba14f64485a45f6edc19cee79d1cbb61caff3594e6219a5605dde19e725,DeepMath-103K,34597,train,1058,1
1059,346008ec3704b2b361620ed58b3ea82f9590bd9a35a76175281e4fd6e5e2a011,40fd2515b6c4be2ae8213f7a3b73f535fb646ab8b49333b3c096f49b41e4672d,DeepMath-103K,18198,train,1059,1
1060,b5f4cfce3e03bece25677cda305f849abc5490da0fb9cf37c408bd4566c2897f,cb3f291d6f625311d0c12980d625bea5329fd5655df1247772b55671f9f8c1a2,DeepMath-103K,50705,train,1060,1
1061,a51f6e724b48554870706b11c6ff88df3288a78d74020696590ce7c42b8a1421,7678ea4911039c19c80ac2eae85453dc27c52b6619779ae4c1b1ca7fb49c36c2,DeepMath-103K,7353,train,1061,1
1062,c24a2618ed23c143a5cfd0a3576fad7f8e8839481537fdb27561344ba1e6cd70,ecde8a806ad84338c9c18fdfefe80b1e5470ff84b69d70dd8a098b721a49a267,DeepMath-103K,47784,train,1062,1
1063,9367887b319b8d030b6214ab258e228d7de0b881dec199f7add11ccb3e214815,f041cfa61b1b17805b25cb9e12b4921b1f6014ae8321605c1a3938442de22a20,DeepMath-103K,11319,train,1063,1
1064,d7ec7e80d86bc3c30432efbf759e61378e5690094d3503f4450075c144019dce,03e686dbd341bc59d7167078d94fe42915d2d42c56cd60554bc807011ec284e5,DeepMath-103K,1413,train,1064,1
1065,4553e7311046389aa95ac7a409158bba38d51980c6e8ee19d3ebc73dbd6db4f8,a801170ab972f0c3defe953202b6c90168a64cedd5ed80acf9251e796e9522ee,DeepMath-103K,30333,train,1065,1
1066,6a0887d585e2e0a1ab124197e0ede94489f6fa2a48dbc1d145ef83107d0ad696,19e88a95ead76dcd43ec56200320034c6182c8617cd9dea3a0ba67c0c998db36,DeepMath-103K,53335,train,1066,1
1067,0d89bcab53cb9960b4c208d42368cdc4cbbd95d0c681f88f23636e724615a618,ac0175830c3059cd9fa13e5dfc5f88e214f3fe6407dd20b82cfcb286a9544e45,DeepMath-103K,50634,train,1067,1
1068,d376b342b12d5f79d2e62f115fa89e0e716d18fae9310662aa250aa55a26ccd2,dc8d120fa4eef70a2e64a1a30eb5c0f3d6cb6d36192b46d7062fb6c85194855f,DeepMath-103K,5351,train,1068,1
1069,097b53a1656c90aee65fd94c7ee02a3e6be896888149f7e3e53b8354326454f4,eba9c0912e09a059591fd4d3cd734ed3916382b851fbd84d97076b29a0d65d4b,DeepMath-103K,56264,train,1069,1
1070,a6f905c89cc980f9dfca7dc75fd8dbaf24f06330886e530da3620465a051a18f,6f00f6519cbae24f85c995b301aefd053418452822c9617a01272e6826e4dc06,DeepMath-103K,32909,train,1070,1
1071,af98dd228e8dbd03c89ec5a56f1616e7111a6ab023dbb79a50ca0b3a59384ad5,c151ad571ff15ccebb2315944ed810ee08b953777ce0d06407ba2a0d0fbbc6e8,DeepMath-103K,33058,train,1071,1
1072,05f846a3248b500dd5c52edd77900d3da79bffb057dd9d33aeaa4f8565a2aa52,fe8c27ca3938cc1a68fd3d2d3d28c560fc9b34578109701775d02c9439d13a14,DeepMath-103K,48993,train,1072,1
1073,4da9f8e4cc5bd24dad848d6f5de9b067ce373e8e5fb7754bb0caee1f06ed01dc,8bab20efaa381251d1d6bcdf169840efe3b4ba2408d4a903ee0fae0e186a959a,DeepMath-103K,21259,train,1073,1
1074,22860218f11f9f14706b119fe59cd8921205d366315858b7821458a048b62b8d,d463b64ad2a0910e3dfa0d47f8da0796f5cd2a8033da4b0b3bf28ad6c785fb5c,DeepMath-103K,41303,train,1074,1
1075,426b773aa7288d956d334fe3a68cb8d4e86280e90012d3cbc5502541a9aa971d,509483b5598bfd14117291155a611ee10da9a04b31a5f978febda5d7620d0523,DeepMath-103K,56026,train,1075,1
1076,ed8129b7dc711105a44e3a16f2bb05119283470207aae05f3382bf0c3a0c4960,a08bbf653b9347052ab2845325d1249a2c7efeff5ceccfdf4924c19f453e4aee,DeepMath-103K,14829,train,1076,1
1077,903ea050b3434803f79407113695ea1c1eeb27cc2c4d5242b5fd7d3f060bc4bb,3127d8a529efde925de23bbf011de45a0c4b75ca9c5f2ad8090e4232e233bea8,DeepMath-103K,20712,train,1077,1
1078,2507139888d640ab5764eb90f4c26092515bd04fedcddfc603b07aeef1dddfb5,4607bdccabb2a432c8647bf33955bff2104db11a2de0219fc3e93ac86830f867,DeepMath-103K,48537,train,1078,1
1079,825a3bab412248c886c334e860ce1a1e3fba67bd7a41175032ccedf3eff34a7c,ab38047a07ee4b4a4fb00cccdcaef4bc926e134f61517857e3cfb7c0e48d070d,DeepMath-103K,8387,train,1079,1
1080,fcfc6ac5e3b22b99aa3ec0978ade444e2316837928819c4d77621c5806b25b67,575cc0f217293ce7ed6eea4a99ff86c6c9dcc2a4d00fe68f2920dce6c1297a34,DeepMath-103K,28871,train,1080,1
1081,25a590e816e8dc7c5fd4a53a3598919bba823f40b3c8f7277d7b09bf785f856d,1f23483ba028461c06b497544d89dd1afe2f6892af3f9eb51e8edb0c60720023,DeepMath-103K,49396,train,1081,1
1082,c619580d262b8db96e9bfc92079e453d725625e539bcb8f29f4185f373e80aa4,a069ff49b2f9f868377438fe22462f7efb48a3f3b75467fcea8046022502a96c,DeepMath-103K,11190,train,1082,1
1083,7910c834920923c3fa25f97fccd999003ca3f30728be01e39f6d18ab4c4811a8,c87ce12da1e29e050b5bf70429e93368dd9ea162cb1147b321ba022948f02063,DeepMath-103K,1018,train,1083,1
1084,16b1e76e3383f1340135e59761a1a48b211d97e2facf909a2839e709759040f6,004d31c8c7d0616624ea570afc6a3e54c9f8f77f071dea912752fccd12e736b2,DeepMath-103K,17858,train,1084,1
1085,881a2fa80435446668ee0a4676345e1fdd8ea6be4d3aa34bb28ab7181e681ed9,fccacc4134b2c92d426dd7cef23b0b984ed1de5add1431e22472a3ec0f7b07fe,DeepMath-103K,51382,train,1085,1
1086,ba4753d0253b70cd4dee779a2431fcd82db5b99e9c4ecf15b12bd1b6f3e187ee,86eb4957f1f759c0323c06416dc2f00dc2751587eb6c4f78a13b93bb03db93e9,DeepMath-103K,8871,train,1086,1
1087,da3044afec32c6f089c29dda306fdd12cfe029436050c434f07adc99fbad5996,fc82f86427d5fa97889d90e1f4d3680d8dd57a7dea77284333b9be46dec59a98,DeepMath-103K,54180,train,1087,1
1088,14641ecceced42b45c2034204db8d06f7ca12f666bfdffd990a10c8c0f4bde91,4b7fbbbe61d542cea50d25db71fb0e19a6133d927a45effa41b3ad940b6b240b,DeepMath-103K,25990,train,1088,1
1089,4559e5e72f691acb8f0e654acccc587721a59f61225d06f2143d3a94f100fff6,65cef84397a9f058f38f57d5075ef9c05c17e8e082be19a5e94efe216a3698b5,DeepMath-103K,14810,train,1089,1
1090,76ca01881d14fe8f91fd443dcf78beaac235a7fa2397e13faa5c30ff5f4429f2,38cb470093f5ea221088fa88c68fd34311491041b7a145479b0944ad79c844fc,DeepMath-103K,9512,train,1090,1
1091,12b29e71e422abbf70907d9e142d4881c3f1a6388be729dd5927d3abf7567fd2,7de760cee43e1486cf82478d81f96c62e404fc0ab6e9acb1e310d9041b8342e4,DeepMath-103K,51334,train,1091,1
1092,de234d245b701a62db7de25e5bef1cfa19e6860f5733c6313928685f34cffb0b,6dc1363d9d2a6edcd10687724530cb38adffc4b67653872ded9d5460555abde6,DeepMath-103K,4791,train,1092,1
1093,83d276c8a5f165857cb7a1fd549abb8cc8e9a09652f1a7001fe188b5c04b99fb,832ba41425cf12fbf2199cdd33433f6bb8d1bd26567a6708e8d7bd519384fbd8,DeepMath-103K,5512,train,1093,1
1094,926c28b87f399e8b139c7c91baf22f38fe32f724863f80540fe59ada8f703e90,5e2d7a4f7b68ae2edc061caf14ad9db08ed648b178ebc5ad27b6dc87703273b1,DeepMath-103K,40342,train,1094,1
1095,0a85bfb5ca786f5fc07ba9e03630466e9dd1bbe221371de9a2ee78f1db8353fb,0fbce58e144722f453972179e98cfc4bfee2310258dda852026dfffdc042adb8,DeepMath-103K,50225,train,1095,1
1096,fac7464ca6f5379bb3cbaea251cc848981d1be4b5f0c617e6364297fedb963e9,8f913c377517b4496dd1383d04afc763b21769abcfea6acf7cf534788e4e63b8,DeepMath-103K,1670,train,1096,1
1097,eb21a47f647f6cca704316aadb694a7b9fefad6a22bdfc7919b729d45108da7c,15ad42624887c47c7319b34e8c4d25bba85f60e2413c6899347645b6932919c9,DeepMath-103K,49985,train,1097,1
1098,21922809eddf69c5a0f158706a1e8a88310a9f3cbadd532e16e267362696131d,0d1064f4f614c73e59d08b0bde1eda4089ac117b47cb3c02c5b9870db16eaae1,DeepMath-103K,4372,train,1098,1
1099,b8d0465f63575ec535e202d3d77efd91c43019eb046e38686d78d898367ad968,d3169bf2af41196b159659c15cb523ad900ab024ae6ae39101cf9b5f050f6214,DeepMath-103K,44459,train,1099,1
1100,02d5049c7a22e349f47277677f24cd6adf17b28d7ebb2b5c06d8426dc504eb34,195f663e6c41dcdbc617f253e64bcfe90e71c3f4fcc96ae9002d3c6bc985ae4f,DeepMath-103K,55006,train,1100,1
1101,cea85e89f10163361a991bd0dd615dfd7636046f3295c0ca203c7e4fb557092e,b6efd139393d26b8dea36e39615eb7611469e54ec8f3085fd9c75fd1fa2f0c4b,DeepMath-103K,45314,train,1101,1
1102,8c02bee13b16b939d5929a6ec2d72dcb3a4a4303d2c80143e68ea952a38fcc9b,38c14825689d8edcd446d8e372a55c1e9f430cd6628c5a1ec5839c0c396c3e6c,DeepMath-103K,39515,train,1102,1
1103,ef7afd6e5e11edf90bcced43f748741ea2652229e959ab6ebbcc310224e1ca2a,8cb2d2ae44caac1a20d1fe8d106b0e20b63c89b312c0fff2e4cd7ff2d058eb35,DeepMath-103K,28527,train,1103,1
1104,bf70c1c7629e2a071740c6a04c6b990812ab7931a1b0913afca9a41b28e0a7fd,1f3fcd8088f25a46bd2daa16e71d14994e4b97437889133342754aee17a34d6a,DeepMath-103K,12596,train,1104,1
1105,9872258229117530b33592eb8eb602b37b2e6b324f3c7f94caa41f186adf7529,0ab1387a72fab60d16af7b6b7ece213ce5d03816f5878a36b5d4bc60bda57646,DeepMath-103K,38107,train,1105,1
1106,85bbab3862b3768c4383ccbccca5a503234f0af65de6a3b13b2a2ea69c4106e7,ac1baf4f56e7b5b6258d069ea9a75d952e64022cc04ac6d42b8a7f92875bc143,DeepMath-103K,39512,train,1106,1
1107,5a5ae6064682dc552dd2e6a95d693018ec3169df110c608e910086bb4c2b67d8,6111c15561c55155d422b67e4b38229d08e7c4a2a627394923e8bd50ac504ff3,DeepMath-103K,34392,train,1107,1
1108,4e34a26444a39a55bb39368ffdceab2284a4e4eb53c2bfcbc47319eb174d65ce,8f46ca287d99e90468f123a27b9f99d6bee089ac2e251aed41e031e6786a1089,DeepMath-103K,27903,train,1108,1
1109,20c95ff11dea440cb3949da965eb7f071b92e106e0748a5367b3e96ad0545239,49514dec76479058423f5731e804c65843ff5f37c67bed6f5e100ec189a33007,DeepMath-103K,32776,train,1109,1
1110,1882d5534f150a72441d414e1eaf16e83d9d7646e4dabf72e155d63bb4506d38,b3b8f1e1691fa301b77e6082ef2df0ccf84afcb3e0f16145e3eed201afc2c1ab,DeepMath-103K,12867,train,1110,1
1111,8a62f14bf2145eb87ace22bc1df847d8ed69c974c51d0f1363eb232ce188e9d2,2dcbb1aba3aaabe3c3e631e3f1b44d1f837f9149bf4770516a21403885fd396d,DeepMath-103K,53739,train,1111,1
1112,a78584f2aee5e68d58a827bc5bdbe80177eb0b44f56bae40b8c6e1f39bca3983,939c08692ca7852a53f7a07dc21c39adedd656bc9d54b62cc6c949aa063564c1,DeepMath-103K,12254,train,1112,1
1113,42043ed1b5180632fbc3a7dda14eaf761745870587a3e6871458692467de6a85,e600a499047dac650459202e07bf47db4a90f74ed24c1693c9d5d50eb5708366,DeepMath-103K,17918,train,1113,1
1114,997c54c7b3c6d8562fd5d7fd53f62e23c9bb1f9591b5b931ac885def2c9e4775,acc3cb677b25bd4ba3f98c43b04def02448eb358a3a7b17f0e59bd3065c0f2e0,DeepMath-103K,15575,train,1114,1
1115,64aa739b565cbc43716bea385ea251a96484a69494eb015fc1421e2db02351ef,e566de442b69cb2b11e43c9e1b21302708de93b96c683382b8c0fb805132dcd6,DeepMath-103K,28235,train,1115,1
1116,1846d88a690a1bdfddd2c185770dd93412247730a765bd96aa2b0080a278469e,46f3e64441eef74bb73d68c2c22a1fba643cfccdb4b303115a69b26958173577,DeepMath-103K,50554,train,1116,1
1117,eb534468db9258b7bda99b16597ecaaa8fbf1a694455514ab6423020bae6b8ad,928d3eb44841ef8aa6793d2f014d37f232b90030001f9b86c5d39c83ae42a278,DeepMath-103K,46210,train,1117,1
1118,02ebf6a6a31d2b3983ff0d04be1c0da4a6b7fa6ab3769d4a3e430f411c342ad5,b9c409e3350ee8c6691d2920a59097f29e132144af41ff0e49366dc5f0a80b37,DeepMath-103K,55813,train,1118,1
1119,0b33a28e787daacb2e3ebf0ebf81286875c9d31bf5f7934f714f9d487905ad00,b777d78f46b00ed5df3fa8bc743d790a38e5197945f85adf582ded50ae65b215,DeepMath-103K,43391,train,1119,1
1120,78ff87f657c5a83c5a562c43ef7aedbba38795d9ccef57f14ed20da4b6b8e59e,1e7112ee8d93d4c9e27637df953476d7a72d035c88542f3fd478cee88ca8ddb2,DeepMath-103K,16522,train,1120,1
1121,8b3a0efc96c0e38ffaf70da44bc76456cba4ffa265074eb6269857757313acdb,818d91e6de965d94f89099daad081e54525189a79fdb921aa67f4153ad0efa1d,DeepMath-103K,56367,train,1121,1
1122,14945d26b06cd55c0f4db85a5ef01fa5f17b221598a6fc1827659d91c1c1e2d2,4accd5bf3077a4cb926c83065e7c417e122cb5a0ff782daa1ea45412e85e798e,DeepMath-103K,34694,train,1122,1
1123,d012816f8a584905aa3ceefaa0c17a8f945ca606eab2084289ed7e2f67ec69b5,5997d3c4b6daa835d074f47a123ad4170cf953c81f8d6c728c6b2a9e4860b7f5,DeepMath-103K,37792,train,1123,1
1124,6506fa1f238dc2f8651b43210e7629a34b1717e75f0814b31fc241008877bcc7,329434c6a09e693727dd58c3cd9b84b5ab8d0a34be4ad6e44e0545dbfceb6d28,DeepMath-103K,13166,train,1124,1
1125,aef4fd74b6609b7afd2cf2f98888547cb9720837b124bfc8df79e8f299aa9a56,1cc7a741f041d64d989e697ca328f6820a6f9c2de68d320e42ccc5cde202208e,DeepMath-103K,2028,train,1125,1
1126,b9ac51f8474ce545c748ce0442d4481515e2fce0d4a119bfe5174fa1022d8818,78051ee502e60817e13a317ce6560198fb2212f6f2900f915930900ba41e89af,DeepMath-103K,24445,train,1126,1
1127,7d3915668c1e307e262265318340f481f7772ee17846d1c6ccb880b743e2d36b,497a6a3e36ca15b00d3ebb4b96cc6a76e6c815420f0188ea3a41d2980537f543,DeepMath-103K,27518,train,1127,1
1128,4d8ab345b02f4de196b8ba3e4e3a3fdbe4aa9e9004447c1b2392d316de3a7bf1,b25a6e510e865d52acb24ad5340ffcb2c188c009781b0e64aa4e40bd3354c395,DeepMath-103K,21104,train,1128,1
1129,97ad638e223db9a9aebce24d32a1545282194f6ea41ba59faa7d21afd1953bb0,a16fc445b15097e7945102731650c8016c16e5c23348377d414ff7deb77d4fbf,DeepMath-103K,44966,train,1129,1
1130,f86321fcf9345d5afa2b26c391f7699f0b22326374efec81fef62cacc93a8227,4c8a6495e324d2cedc7e57e32ae80661eaf5fabff57f1393f96ca85d0d760453,DeepMath-103K,53669,train,1130,1
1131,2ee07d0048aa36e19da30e23e82cab7ca1ea1437a0a20187e26d0a5bbf0f986b,6244bc26bedc036b8945507e45d4c5c2a419674d72c15a5b958a3ae58b52e481,DeepMath-103K,5690,train,1131,1
1132,3564d70333d250d541efa1753397d85eebb26a2b2711e9b87aedeff4f5763a91,f28f3ca7d2dc4cb1cbc17cc691fbd9acb95f531e7d648d28084f201b9124328e,DeepMath-103K,14502,train,1132,1
1133,dbb8eeda6ac349ce6ae8ea348abc4967daa942816f8de0e8a3eae06319383ea2,04b9a4b12212f537574e56fb05fb934823adf199650413532dc8c0e2ba294491,DeepMath-103K,48540,train,1133,1
1134,2ad417e57b267b7159a6a5015ddb12f837418a00f6d1aa98fd531195b53926f8,2bd0e778c5da2a6bcc61251c586c0898fee10ddfafffa8b0ea116f4ab228edef,DeepMath-103K,14456,train,1134,1
1135,31ea9d08d145a037916f72ac64d7800b7d71da0bd53f7f261aba70dd2ce9f4cf,0e387d60c20fc3262164807a6b192960b739ead79ed21d6fabb6887b4112780f,DeepMath-103K,278,train,1135,1
1136,8ea9d5edd467b229d823374e47d48425c17e6f168298b9fbd948c7a356e03855,03cd2e6411f29645907b6191928b7a8f8e113fd79d03eb50a7c4df203505c74a,DeepMath-103K,1541,train,1136,1
1137,6f29fbece55ed2ffee09670d2026cbc10d9850398de8af447952a3a670d46789,e28ec6d969fceed4904ec29b000e7f7490658c94508ab29aeaf65473a263194e,DeepMath-103K,2696,train,1137,1
1138,2f3b9fcf8d966a8b61f65a4d6f9edf5e699216c733cfa1b60863a96f316e3357,2ab1b73a2e2ebba4eeff039d429f9153f345f3993e8e4b63c3b46d168e7365be,DeepMath-103K,51453,train,1138,1
1139,3deaa35920fa3ad246fecadcae77483efb91c32384819d0002503865293b1f1b,045fd313fc17fbc695ec4ae27d9eeeb01de7609a6ee2fd82799cc9ce979a268d,DeepMath-103K,33624,train,1139,1
1140,6ec514fe905a15e66444f02337dab912ddf41323cd50679b41000be752dc81a1,671e5173116380c3b942294081fe821629781b4e1f9e65f7d52de2be08c6fc3d,DeepMath-103K,16381,train,1140,1
1141,c367691c27b9a6c4db47b2a6860152812953ec3e9c6b5224a7af40e85b936c93,80308db9df4c53f16d0a8c745f1a000d9cc15fe180204d246df409505bb7be89,DeepMath-103K,7318,train,1141,1
1142,86ca3fa09ce7feaaa038b5aab666dcb7406dbbd030291145796dbd15031f68a5,ef44784c87f38fadbbf3ef52ebed880a0adc81abd5fe56471513b103dcf36c93,DeepMath-103K,54335,train,1142,1
1143,8434bf6beab2ebb2074bf384a23a53417c0151d9bb1fe018f09697c948b228b7,bdecc5b2b0d81aa0888ffdb84dd266af1f2ca9342cfa9db2dbb2c9b17a0882ac,DeepMath-103K,17739,train,1143,1
1144,2a725cb9e77bac53187837c51166959e84ac043ca303cf092c4ced8c4a9b94ea,d3d62253b45b52404f5de6a02fdbd7d85447062acc981e494549ee005423b018,DeepMath-103K,34223,train,1144,1
1145,4fa1ac4990d5b42f66ede223acfc1bccdc35cf8d70ee842359dbd8ab9d748870,1c5d2a8cccb3ff2611332574026be52ba41aa8e55fe8f7b5efbc24c254b2793f,DeepMath-103K,52573,train,1145,1
1146,ee26066ee5f55058dc5bcc0cb766b767c7ff9819aa73cbfb04ee9f565b14b684,908af1ebd607fd1171dc3b73b6968cbf47eb079dccf417e4c8a93be2c77a18ae,DeepMath-103K,15379,train,1146,1
1147,3326224df9f0e2a1b3c75c2ebaafea3f1ca9dfd2918c91e19f48cd9fc4c16372,31a48e8b4e097073c33e750ee6ec0f09b44ac24f8a3caca9b867f49bc1b697f2,DeepMath-103K,30759,train,1147,1
1148,8fd6c2e3718a407e9f981baa63b20fb16e95664ec9cd40cd75ea63dd4dc65102,49bcb4c53cc841219247562437b5e64cc6e07488ccf4846b9ea270971beaf415,DeepMath-103K,46103,train,1148,1
1149,0c3c8bf55b45e5d8afa068bd19efb43ba05ea2fb16abe1252f25eedb34966cda,b808e278c3e5a9a8e3ab072b1e4351fc175806f2bcc3d8e3a7497c50ea92f0b7,DeepMath-103K,35201,train,1149,1
1150,3d8a19e8b4a5c5c3a61fc447f5f259acd07ea17fd267d21e43ae3f31f65ccbd0,29d51fc11af67ab190e63cf53b575eef7ce7d7347cbcbc6303c8d4281f8ae4c9,DeepMath-103K,29420,train,1150,1
1151,28f820359e0b527b063330b79218a06ab41998ec6613c4783b213da336c3eaa5,14fe3ef6fc9a3ff6fbbae56b249c5f3a9d231e1c95df7f71ea81345aafe2ce70,DeepMath-103K,42678,train,1151,1
1152,3ea1cd5cef64893180283a7da4d135d629a2d2e075c2b65f535ae846ba436ef4,f97994c8125f1b6ae7734efd2eb543e816b2e48d08a9f82d175cb2a7d0105bd8,DeepMath-103K,39311,train,1152,1
1153,184d5245ee85a65bcadd14bddeb2e9e724aa05b8c291e9bbc62359c84f266ea3,5007beebb1901bb303938c8fe39bcc0e643b9d3af48ddd2c7a8e402d99e5a10b,DeepMath-103K,28912,train,1153,1
1154,ede57a7337511f0087f0aeba5b41b60336acdc72929d4285b97f8ac2a5993cd9,1439f6899e4e3c38f30df6879e61d203fd8054dd8c3597fad554c6debf22d2a4,DeepMath-103K,12213,train,1154,1
1155,2a2c8935d7e7c378192ae35b7c9f681405a3451151c07a48f3e7ea5cac625e0e,8b083d6f61f684922b78a4a1c0de82fb7b27cb6a3cbed4c54a63e7ac85a997a0,DeepMath-103K,29671,train,1155,1
1156,39e945765a8c976bf46faa044dc55c53ddb1c345256be7833fec113105bed727,7f852950f2e582ba2c5f7235aedcf478e630e491dcc9a68779ceff4fe6c33931,DeepMath-103K,13941,train,1156,1
1157,641d31432d13c02f844ce53f3b1f7b64a0aaad2c6b7c4dd05e5ae617da0c9537,4cd1e9015afb108134ac5c8c98d7ffa0e4dd8e09e8b75d023c56b182b155c66c,DeepMath-103K,25349,train,1157,1
1158,c9b04a0c67150fa142d6dcb4fafdf820eedce7d3a343b71b65e3e39d217c018e,49b659e443f80532a7c734b8faf8b9dda4f80964f5ba9f7a90177ad677944250,DeepMath-103K,5642,train,1158,1
1159,489b54fddb5971ce62648222b8a412713639e4d7e56a648859e384c40a425b02,a7dc9950bb3e40a84856d9846abb8d2d5fc9fe49180a30ee525dfc3eb4c4b930,DeepMath-103K,9383,train,1159,1
1160,0e5dc7a70e3392172044dce98118a53673f2d2f1691bba03a35f8dac9316a82c,256ca590fd029f235388a626aff05f71edaa77e0eb59d0baa2edff37ec23ef43,DeepMath-103K,33631,train,1160,1
1161,f6cbb8fe45c4088eca140461dcf470342af742efe0b1f3fb11cf5dca7db7e023,40b7bab6b2115ce07e6ae2cd6a4689897e87427b184fa839f2b6e4cb43e7149c,DeepMath-103K,26521,train,1161,1
1162,60ade41d92f1d69e07c6a71466047b83f16b85a7d00b32eb2a083a5da32a660d,886de65090de1e66e004f252e983fc3f4097a8d06b730b86874414ac6255b0c6,DeepMath-103K,10568,train,1162,1
1163,e434f010b1135b50e91e9a5d0b7530936b17fe5e82e689c535260bb24af9ac7d,12a7e589f843c76d290709ca2c8c771d49f4485def4ff3c8efab5e6945bab462,DeepMath-103K,7539,train,1163,1
1164,29cfabf854ebc7a6e26c012ae43ca36afc1b5e6740acad22ffea887bdfbfb28e,4e4ca7f87cd7f83ed6122f0a3ac710caf554af44baa507ec64aa7f1cddfd304b,DeepMath-103K,55815,train,1164,1
1165,33c8cc7f27fc269319eb54812f50057196f2425dfa517b258a873a2ef1f97596,88aa6c786390b7f78ae8a2bca3a1429a0a761e659e7bfdddd26ff7d444e2402f,DeepMath-103K,12870,train,1165,1
1166,c4f7ab6abf9d24b152452cb62041768c0e4d633d826b319771bf58a83f19a6d0,0acfbf867e1dfbbbdb498a2d6a6d3a53138a6eb4febe53a3b3804fe39bc79f55,DeepMath-103K,1854,train,1166,1
1167,e8de9384154e6cbbe8069766858f62b62a119325cb0852ea39c1a7165c445587,f0e487b79a3a06878a420bbb5f55378f4ea7f5b0206f20e284327479cf8c1b27,DeepMath-103K,12978,train,1167,1
1168,5ede259a44a41660afcae12bf45425ea5fe7fa0af96dadce675a0838faf45b4a,59ce41c2bab3924ddfd60108e5068464fde3b411e92019e9dc73f2a1fb3611d3,DeepMath-103K,45582,train,1168,1
1169,87927ab6fe731632655462a923bd7c7c870e0d7a492c85c1f823f110fa01a159,383e2375d8a8509aef61c3e56cd4ae30dba8fc2486539f6d57de96ce48e5d3c8,DeepMath-103K,56197,train,1169,1
1170,460e14715f3ca48630580d31d9ac6c89804a42f66a45c001c781ddc865a23740,df4743559e2eb6150f12e921ed6b391bbc55b5ad8635974fc2788d85694631b7,DeepMath-103K,11863,train,1170,1
1171,0cd62d6091fb551e04068e6a5801308471c60836285de0db3f83694d1514d28d,1a630fe6ef0890fd15c70b702eadf688870992b4a3ae8b2bf6d7c7e56c096edc,DeepMath-103K,7443,train,1171,1
1172,a42c1d105e62fea8592b6dbbdb79ec9facdb787ed0c2ff7e826f60f69afc85eb,3bcb441b40262a755e1c4e7b2270a463e0d659515fdbe4981937934e473e181f,DeepMath-103K,47250,train,1172,1
1173,36b5fdbf16b862277a3160b378fdc0b2204817e5f4a38f62b0ae6cc5ecb2f8e1,9216b4dde90d482ada380676cbbbad013408cae43ba93b10269e2088022c8f86,DeepMath-103K,16978,train,1173,1
1174,5a10fcfaa7e09361c6e21f7a250f40ee2630c595628025624f36fa8f0e6e3f3e,ec779d760d1d5f7eb6e6f7a7fd2072c9c9d78bee492e4a4b406c9438a8fdee42,DeepMath-103K,18211,train,1174,1
1175,e93612f17b4d4fe03b29606d7a53d2f76a110b2a83d8bb4e6f6b755adc0c3a30,67e874a2f01d10d2606f336e26d92372d9b270f102f029f6d4278a9c4022fd2a,DeepMath-103K,32046,train,1175,1
1176,1dff4651a70768bdad31f878eadce22afe4c004c6cb1a6cf57b0aa00b75c3964,0bea04378ade4a6c56c13c08ce93a04b4fc8d4dd6f2803d43c189d1c459009a8,DeepMath-103K,5061,train,1176,1
1177,afc34ab6b85ac2e7b2f8a7eb2e3e60c1fdfe68c56e9189fdf6d6d0db506ff9d2,c3ea376679f7f1b50d846bd8fc0f15ba67afe70b1b9767196903338407e29b3a,DeepMath-103K,42805,train,1177,1
1178,c885f5ebc8e3548d343df542f2e412746f496bfe2b587874328ff7bc9162ac12,ca40d8df8b5cc7a7e9f108f207957ab5fee3155d64f23308aba83be4a9a49fcd,DeepMath-103K,23792,train,1178,1
1179,325eb8b8f38e50a389c14d1378726bacacc1f7f5f7e82d268cd1a9fd658b997a,7ba499d2e50b09e3d48e4db94ed997999d85962da140a96f4101df279c719234,DeepMath-103K,34664,train,1179,1
1180,318a5ba7b8a1cf3c8f5405636f2dffd3c407ccd94b6ba5e0f7a5bdd8d079cad3,ce4530c2c3ad264dfa6b03a79abf2142dad1b008d33684d2d22b2c4efed24275,DeepMath-103K,27581,train,1180,1
1181,6db14afbe74e71501702937dde64b31f606756aab8e1e098a860bb28313d09d0,4d9fbc46d4b5be07b3c5783c1d3d7005ce68d785aaa99e45dcfb045421854ac1,DeepMath-103K,29272,train,1181,1
1182,311a9d5ed3f7cc96c75a20dacd4d6e33edaa1502615e308307fb4bae9929b970,c37ca11300293a9025c8279ed5e7fc627eeec76fdc93903d7c698c79751ea89d,DeepMath-103K,26802,train,1182,1
1183,1b4bb0d1e8e8b1b631f20ef09d3e0efe085347633c395d3fa479f40c4f3bcca0,02aaa13a34df8cb315f81d260ec5b0781da4287c3e52a9a67b61ec60dd9ef5a4,DeepMath-103K,48972,train,1183,1
1184,acd335c07e80cf9742a2876d35c21bb6566ad8d93359b6d0ce5d49a639027dd7,e177b4a0a350297cba8bf734d5127462a28b8abff8fd6512373f2d4f3f7bbdc1,DeepMath-103K,47621,train,1184,1
1185,1df102a72e3671b3abe225da30e60b681caea1a4557f989918b4353b92f0a6dd,de83ce3751f62b368323dff25aa7429b625fd5244aa5d32e1cd8e7366135f0c7,DeepMath-103K,37410,train,1185,1
1186,0527ab2f431f0817cde7e29bbce1efb55c0a760101198aaa23d71f8b587de42a,d18485be14051dc2c886c9822ed2605d4761f8a93b1d9c91741641a6a7d6f80a,DeepMath-103K,46583,train,1186,1
1187,c743f3b23c82e6405c820953d7076b1a2b8279659e3602f380d61031e4e71895,da06cc228506f007c56eeb2c496a843f737635ca486413963234e0146e48b52d,DeepMath-103K,4484,train,1187,1
1188,1d9524c40258c1e79738a6e8a5839086d4bde665152254730eb116c4369ad735,fdfd6c09d452f4bb513303b3688b83c34a5c7808db1b6e7e7adf265f81e8ecea,DeepMath-103K,6663,train,1188,1
1189,6af693a1ef81ca100a34b1d7d5ae087c6d72e3f8b2095ec37275bbaff9dd5e7a,18634779df8e00b7ec48530213d357269fa9e979e5aa1e07409bd260daa68973,DeepMath-103K,24989,train,1189,1
1190,b16e8ac342c040e7ffb01b7b85a6c5d0b9c72bf5686eacc04c97235539b53d85,cb7d22864f3d94d4acde53b9613851598293062dd1d76488c96256424a965a97,DeepMath-103K,8773,train,1190,1
1191,02e1bc661d94155c8d769550dfe60398c458bcab20f5c39a29a26f4ea35d03c3,c942168c949474d492553daf98cc93f72f5d37a6163c29159438119065ebd653,DeepMath-103K,50320,train,1191,1
1192,7ea22fdc880bb26a711fdbdb56686bda4c2995c981f64de1c5273bd2691ffc76,da974e1409d5ee3fcf0fc220a6dbd7f1f3d99b9a2b28fd2ca2a26393271b2543,DeepMath-103K,29060,train,1192,1
1193,aebfd124de2f9bd7ea288f7d618195b17d011b95b0b10364f1b82792a06e3164,a8b29e174d2c6b7f3a034c4a201694dc85b4c889d78831e34568b3dd6b68a354,DeepMath-103K,42166,train,1193,1
1194,abe9d55dcbd534e94d8e804c3ec2433afa85575965ad26b92aaff0123425c667,a439434613e358b471d8c9290eab21773d7b3107dcca789ecdb5485fcf49356d,DeepMath-103K,20458,train,1194,1
1195,6ef65fb70bdd99f0b8fd18f40d62a14ec6e35f3cbd166fe57eebce56ef6c7477,f062d80c239730770ce303f2128277145824e83b623b1ee59032ab177a7288c7,DeepMath-103K,4394,train,1195,1
1196,57a65bab5616da9bae94d76f22ae23039b72db09b17b34060b534e8d820b4738,8acb67e32845a97551140d5ddac9a1392ecefe3c8df8222081d1d1713d4d44dd,DeepMath-103K,36097,train,1196,1
1197,ac6853befedd03906d1df2435541a589662d3528fe5bab4e9a51b352e9eab5d8,c22482579849e7283105f4dcaeb93779d3268a4ffcbc1312064d218097716057,DeepMath-103K,34981,train,1197,1
1198,a0c787a5ecc7cd7bc0e83144adaa12a1899e543849d5b579a885bf40dfba5635,02a2db67391db135408e0e2842abbbb30f67db230183599b0898b344070a1cca,DeepMath-103K,2913,train,1198,1
1199,40ca25794ec6776dfe77bcc4844617ed4f3d13cd918b4d10728b4896ae4a2c99,a877950a0b47f0f589176788f0c5829cdceb54e2dcb68e50f577483327d8edcf,DeepMath-103K,4995,train,1199,1
1200,1ea86fcaa6a12f971450c4b9c6c2d565499bc4dcde4c6eeebdea5a5dc3d96811,810782342aaa5906dc7f5c4c9790ea7ecec400641eab75111f20ea0301de0b04,DeepMath-103K,56969,train,1200,1
1201,f7d32023da5e0058c10ae1738352036c36048042d840e60bb1e37c2bec115054,fb83438fcc9c90f4fc0d4c2cbdd257615fb3e5ffe0251d434e0b4c03c55397e3,DeepMath-103K,49937,train,1201,1
1202,2840011e38f96b16f43622581ca39625adab88aea7d6eeeec0c33f1a667f0d31,8b27b9b6912376f57865d8bbeb0d5f2ca92f5be0994df7e4183f0ea0ac5c23c5,DeepMath-103K,40271,train,1202,1
1203,47f29dcf736a98fdf5c7ed92d156d2c388b156005d1a9a01b37f32625a1f2943,88d7bd3134ac1daa777c5748b87cd6899f8252f7cc506b5d59d736adf53741a9,DeepMath-103K,31869,train,1203,1
1204,2dc9341a35ba77f473d44338893624969ce72052d42fbef87fa7a1549cfba54a,be01b392e715f6bb76425ee57bb4f3109ffec232e1b82245d129cf89d9ca813a,DeepMath-103K,37126,train,1204,1
1205,9d28391b39a7c30322df39e9fcf8b0f88b77bc782506fde0ae3af5a2dd274a71,0369d2a92ef2445cd42c89e08c413df7b24007529f4e1db0de6ded9abbd278e7,DeepMath-103K,18928,train,1205,1
1206,f815f581e586465d9b946aa46f3b61343df376ea115c5711386e852700a4c711,12729287e1f18efe6a437c6ce12dd7260f686c5d5dbf206505396e632ad0cef3,DeepMath-103K,48260,train,1206,1
1207,ddb7d02cfbbe986c63b7f6724088dd3e22dde1da23a2886bf5cc544a36beaaad,004f2a2f68d8d43583426f231471ca066b9abb641faeeaa5c3483f66e80ef10f,DeepMath-103K,16394,train,1207,1
1208,3aab9ba4bf70ec299b3d120587da604f38523abf0be505e3bb313d66dc4473c9,864322f6ff5805679b27e248020be92c83556d8142db2c23afc1f7f123b12d2b,DeepMath-103K,45664,train,1208,1
1209,ade116a896632400e8c85f7895ce76f1aaf821f8cf51016e3f8e77a42d89b829,c6237799bc9571a8290f149dab132e2bbf9ad51279e1082c8fed04062a63c10c,DeepMath-103K,7681,train,1209,1
1210,d2a054fe3c44202310e3060a2da3a284e23442e6688708a26e3a45eb82e72b56,a3721cba8064b2ecf78718584f1ded3d6242645e4250a43b198dd366105fc8f9,DeepMath-103K,10340,train,1210,1
1211,815027c32274f147da73992cc152bd9ab607f3bbeb07bb4851e768f9a37d7f90,2af78edc142bd4528b3a3eb7d2901f2ebf905588565ea0110524560cb42e1bec,DeepMath-103K,1687,train,1211,1
1212,938d27341704f3cb7ad1bfc060c348300dcfe41d98b982732f1c9f39a9f71f9a,946a22461e91dd0fc37cf76b7cb230af48d6ad9adefce88cdaa2bbdc26412fb0,DeepMath-103K,6813,train,1212,1
1213,4771f4876400664349f9fb3ae11c2f15db84c3cf9d9465f337aa48d9a52b52b9,d374d88b1b269bbbbe4d204882c65b11b56612423ce1f5a0b7e41e62d7aeb5e5,DeepMath-103K,13282,train,1213,1
1214,7b17c85e59550583f42c92bff871740fa901ee2a0f997ce0a8edf5d17cb33234,031d9132baa213a04a585d8f438dd2e4b0935ca8ce68efb8e3f0bfe5397251be,DeepMath-103K,46218,train,1214,1
1215,bb64b80068c5e004f310580f7f8967f4e51f353689e2c30978a56c8be2470a8f,5db46ac23fab77aee9f3d2ec8a08b59711f3a30b066a4a1663aa4295e131dcf0,DeepMath-103K,41905,train,1215,1
1216,2a1302a55e2e0170284efeae737a419168c54ebf85cb075dcffa15915def75b8,8af9df50167489aa28874a2467dba2cd09f2ea88c955a5b501dbd3cdbafd78aa,DeepMath-103K,11503,train,1216,1
1217,01e9c0cbb064eb9ca3f688dd00959aa8736d909990662af8c14bfb4940110d4c,e86af7c0c1e9df6e4676d31847ad7317139620ac411b0b77a8075ec6e0ad9eb3,DeepMath-103K,43178,train,1217,1
1218,6996eb2ccd31293ecb369eb4f23cf8e664a771fb4313c20e3bc8afa82136d04f,31ab3aea7aec1239b80c8cb393726bdfa6608e77d885fd3d874ea1d503e55488,DeepMath-103K,14626,train,1218,1
1219,dc5ea5f7ad80ed0065aa0cf8e8f0c14405cbea65803f5ff2f16e1648c8369aa1,9459e62c9e36fc3c3a388f112ef88325063f8a39a4581695a3e04593576e8c84,DeepMath-103K,15324,train,1219,1
1220,87c929107b7dce8337ce78a9d970710bed409d1ba26474a7df7ef4dfc84777a2,96a9f235cb5f26958c4b98523fd06261a182bfeea95c2d60914c256d4a93b5cd,DeepMath-103K,13700,train,1220,1
1221,d905faee45ed4d97c0f4d52ce620b7d8b0c7b75f000a69d22f16417c80d9c5e6,7cc1b419d5dc41e0d50e6e30f777a9709b82698a4008834cc7ef4b35c8a511d2,DeepMath-103K,30420,train,1221,1
1222,c7d026bf127f4ccf4c62ab6a03cdc0df520657ba958c3a98e7a2a7937e604dd6,dbccbeaf56b268a8083482d7505342af60db539bf573a1241718fab26c4a292e,DeepMath-103K,27808,train,1222,1
1223,fcd45407da3988a26b2d104a76f3f1259672e6422ae8b46ded4a412974434d2e,ea3d55bdc621f2c78318f13e4b9af654842fd4505654da11abc70b9ed97361c3,DeepMath-103K,36624,train,1223,1
1224,d3920d077d8a054da58d959c8260412eb72a996514d4e163745834018db85493,4013f4ffc641afe2fbfc57269f7c858de8e8abfc97eb1605efb203cda5a22efc,DeepMath-103K,41743,train,1224,1
1225,c0281186c496d2471daeb0391897f223696ed1fd71f7141698b6190c87f7443e,5aaaf1ad92921959af459c06aa1b8beb8b2c16cf56fa5facb45142157fa4f1d3,DeepMath-103K,14551,train,1225,1
1226,ba1f1ba31a6d87180384c22fba604aa5d80782b4a4ae0fac2b2247d01fafa2ec,41aad5d34ae4040b83d006b549fe483a071a587d0c526f9ad34ed53c82ef2b6c,DeepMath-103K,35596,train,1226,1
1227,910fc1037235690f071e52d1b66dc31a8366a5aa429186ec32db598a959d8bb5,c01cb080c4b8084a2f7a86d3e05beccbc3b94f32a47e51faf8b8fa84056ce4ee,DeepMath-103K,396,train,1227,1
1228,7645f80b97ac60bfac11fa9868800aa70aae2fd3080380d2ed91409519363ea6,7addad05324ba1c1b4046ebb71592e3d3319126c8ad2d1f7ffa13a13f4ff5f32,DeepMath-103K,54780,train,1228,1
1229,e271d6e3cca482bc57109ab2ad569b24d312acb305a278041651a0c36995a171,305ecd24b1c48d564f5e40c5c4df6e27fcbf6f40d559d0ffdbe47667025d5163,DeepMath-103K,19483,train,1229,1
1230,12e93cb3acfda89af370e81f59757365a70042bad7f55b9981ee277819da50b8,cec29176499d90012512110e27bcba0b62dd3d02cba3d550ec63d8d61dfc2f2a,DeepMath-103K,39516,train,1230,1
1231,2743c6c56a394bdc74bb3204b011141b8e227e157dbaee6dddd6a84d50e29ba9,670b6cbe8f83b9fa8ec14e85cf5e7c67b9604fff1ea306894b4632405b615389,DeepMath-103K,59,train,1231,1
1232,5d45a37bbc831ad0172dede0dd60a87d847a683965898c73910e69a6317f1e45,6509c601fa86c311e484bd53ef5c429b6a8d7eb1f7306eecf70d3fb8953072e3,DeepMath-103K,47441,train,1232,1
1233,27cc70ea06e14480f391f6c44b294e0204e47abc63d14e6d3689ec1afe56ea23,37e5bf163b71b19b8c195b8590e897bf58d1b546bf8dcf806e6777d0a5541e56,DeepMath-103K,18556,train,1233,1
1234,bac7af64ed374783d4fb195fa7b0e1ec761b8816d3fd144b9a5aecab60be61dc,50e9108ee63e49a71953a9c32ba9b743bd19c09f9314ae8bb12d72001bc75e6a,DeepMath-103K,3782,train,1234,1
1235,713cc97e1b13dc2a39cec58854c2b9353925aeaa2d5c80162c2266d8de76fcec,1503d8ba53dfb2bf2a5fd50b722167bc07dc6da2c1f80ffd49e8e211b5d1d8da,DeepMath-103K,30928,train,1235,1
1236,3b7f305d36ed41699d5c7f3a76f90d4a1dc55eae800d0a489c2f08343dfcea8a,97492f699dd07fd35b6ef15e59a22cb3c0f2abf871cddfe0e69cbad3a428475b,DeepMath-103K,46965,train,1236,1
1237,c3b0870875069d3c31add3a95b982363d39135fc909d7260c8510cd8b8280d1e,4d82ee736e23410d6982e98b9231358b488d29b07758b7e713dbfee25638c3e1,DeepMath-103K,46574,train,1237,1
1238,37ba9026c3939f8e7aa968647ac4e6f2b9b4bb9b16a6679623a2ab77ff1fafc2,875ea4f88239683b4db8909464c1d80bb8810e2dd144ae1862a34566c10ab39e,DeepMath-103K,38647,train,1238,1
1239,e48bbcddee8f189a2c32b941d74b0c45bdd7d7a81a7fc7907c22e698e467845d,89f38a522b0f6b7286bc19f1d1321b243a53106a27d75583f2903cc3e7220e1b,DeepMath-103K,35443,train,1239,1
1240,addb00f367026c28eb1e658fed06995d44331872546cd528af004f748b3cfcc7,d1b24fa17f46f6439d978a7ebc0cfa312991cb9bb14c61a86ac193d6b86f6c3b,DeepMath-103K,33652,train,1240,1
1241,99977c1400d612bcfa76dd9c3422da04e6240766888e4f46659ee53391908d30,a9fcc70a29b0d0d179a90140461cb7236426857230c3008b0dd261434f7ef1eb,DeepMath-103K,5514,train,1241,1
1242,b594319a03e78a1d898c2e511800a37e7ae7ad4b692ef71f2b56792e8ce449cb,1388108c39f3627d8ebd851928de39b2e3013c630d68d2be19beba590fdf35e4,DeepMath-103K,36438,train,1242,1
1243,0e02a7aec2946cac5478b7f5631ba3e9ee495c4f14484c136f49b083b10681fe,bd87808443a485c92dd3df6674fab83db85d2c20e254091903096a0d2a3b8fa1,DeepMath-103K,47191,train,1243,1
1244,af7456e35426c56413665d67991739dd00f3ecd2fee41324b4563a580bd741be,ef522324b82156caf9848fa6140d556dfa55b84ff0595fdf36cf448bfc99930d,DeepMath-103K,37610,train,1244,1
1245,32e09c57fdbad5177b1a2f19c6d21b145c728810a600317823292035e1104226,4bebaaf3b8019ba31e44f637cb2ad6e40dc26b9dc1da5a3b77d7b5ea30a2b3db,DeepMath-103K,34177,train,1245,1
1246,f04033e6126dba785194f4e91c7b8cb00a6946a092b7c717eb07226923994cb4,6300c537259753df9d8c8aa5aaa60d919bb8640a374e0879fe0c675f271046e7,DeepMath-103K,6710,train,1246,1
1247,08db44494779805b2f8431c324e3e13adc7b400d25cc7eeb9d5416af95339862,0d1679a3cf63fcaf5cce0b4badee698af3e83703e3ac96a5b833bbb6efca8740,DeepMath-103K,11377,train,1247,1
1248,bbcfda65b827c369f83fcb29b39f57bc612a38de4532be108783c396dabe4314,27d71c0327dce5cde90dacbbe4d3c2fa8aa2659c139ac80303de2fed2c3f3e93,DeepMath-103K,36777,train,1248,1
1249,3844cd5782d7d74cc6466fe4902623d4d349486a25ad0b54901296eeb69616fa,59293267604a0613c83ba08478b3fccd33b39317b8345ff1bf5fb8f63a279285,DeepMath-103K,21599,train,1249,1
1250,2235908357b8f714af4ca2caf157c942bd601ab8d915082788c008fd22feb16e,e7f79b0b0d409400c05be517c2d803abaf1c431b6c745cafc11c41e5f76a96c8,DeepMath-103K,31711,train,1250,1
1251,b9d9204e5e4d8efa162339e9404070cce95a027a45ac56a9474ff23bb7009284,5a8167f4711a18e2f43b4c1d97ba3ef58499172ee989590efbd02bd6ec0e1fc3,DeepMath-103K,45826,train,1251,1
1252,10b20f022dabda2b4486c0c623694f130f682886a39d55ea595c7c1bca5f7dbf,fd999a74164c9e3fdd871b4b93cff93564fe946f521e60b6e1cd5d83989817ff,DeepMath-103K,53865,train,1252,1
1253,a57980bf629baa0390e72381ec79dc235590e5a39ac6583a93867a1c65006236,ef7c837fc89a9239cd193705136d445424952cde7ddd5601d0d20e9686713b59,DeepMath-103K,40652,train,1253,1
1254,e625476d51efd6654622d8cc6657e2da2a8a5562582ee821e0ebebde7f85d754,f2989cacb041d3a6abb1a9000ee9249570e206beb5e5c01b3f2882154d534682,DeepMath-103K,38697,train,1254,1
1255,ef47edc066c14104315c4a54a76bfb5adeceafbe86c7ad3f517ae627d14da5dc,86a2a5fd00dde963e12666580cf5f48f2d1f03055f31bf7b36b7e84fee072824,DeepMath-103K,18188,train,1255,1
1256,6baadd847a078196501514dbf3fde315b49601aa234b70d1c7d63071d4ee1006,42b90b04f4d1ecd1cb48501de534115e3d1fee5d93e89eac3390d6cb8b1e07ff,DeepMath-103K,21372,train,1256,1
1257,2f1c5d91ffb47312e747b0fd63cf5ffcd444ee8b9902a66f705d6cfaec7b6ee4,b599dc57e34c46aa5feb31fb132a98f84deb2498ae739c3a8ba2a804849b6ee2,DeepMath-103K,41868,train,1257,1
1258,cc64dbca1c5fff2ccad69528d9e3f611f28e94ce9748cbaf19ab1d5e8142a36e,75db57b167b6d89480e3c7be00d90773e00c17a9c6545d4fbe27807b87271bdd,DeepMath-103K,35993,train,1258,1
1259,aa0a2446282c12a0f794d45b7d555f771839e68cd7fe37c846c2cc47eeeee04e,ca6a1b80d59c546d2eebdbe4ddc24c6c59f08ad96ad2d0e60c0056336350c3c8,DeepMath-103K,43153,train,1259,1
1260,bef31cff148637701631250afbeb060d67fe938005158e7c659143449c1c24f6,1f9b878dd532cbfcd68dcafba59aa26187f5d4af30c7edabee759904c207c05c,DeepMath-103K,8109,train,1260,1
1261,160c2d954ade5a3c30543e7660261af0a63e8f72dcb256a00c7d1a2b21315146,782cd9b5af72ba629aa90010654c1f00884077eec25db94e71350ccea8e1b796,DeepMath-103K,48925,train,1261,1
1262,c542e8f8d950391d0b85580ad2192e4f3e5cdd171f291f45b910443cd57bc13a,bc07cbc0acb85122bf1b107ae9ff3c1c1c8a90dcd98e01c3bd0f59f0c5b2b987,DeepMath-103K,22656,train,1262,1
1263,8347eaab6d70a817e94d3d9f5486b294390994e53331ee4c18c24344faa508fb,2c6663b629f4739fb7a05bd0d74f72564c83e1e6f0287cb05acbf302c91be36d,DeepMath-103K,49169,train,1263,1
1264,cade018dd9509f66aebb82bbd133888fc0d7e4bb1ec3f2ef099ca0b7ae03e1b4,e37deaafa500ccdd9a9f660c162cb69cbbf67a75abd1f47b51ad8bc2ee8e33d0,DeepMath-103K,15491,train,1264,1
1265,2fc4cf824ff6319fb3037dfcd350961067e2864c8c58ef46c95f12e559e0d7e8,0d8d03d43ff1fad18380dc9628caff5241eca65ac8e7a0235685f613200a6058,DeepMath-103K,22303,train,1265,1
1266,ffe078fc7c055fd7c8429b7dd30ed554e40bd09cbfa14de677d3c67d5db5d00e,39eb3bdc2a1fbf6ecd865347c672326a24b4753489fbd079c1ba728ce255c8db,DeepMath-103K,15188,train,1266,1
1267,4a86f3958f8beb35a38e6a6e66945f4ef23f24f323fd1a8eca7d204025054c1b,fd12de2a8f8e40a27ae6f1af3ff6bf220457f3f46b8aeb487faa1c7638048ec3,DeepMath-103K,25200,train,1267,1
1268,b1df2fede89f819c2a04dccdad9c0d80d315b53ef0a2de70fdb673ee38a94062,68ecaeec5533b28c506a8cd8f790762efefcc223fecdca695aea48e234f39b64,DeepMath-103K,20769,train,1268,1
1269,fe1f3c9e9ffe1fc34960fd2b5bf2e6843265e0eb5cbf880a126ac65470a28773,b61c8e01ba29fcece0ef5d3953b746a14be4f66a2908faa3aef05490e72cda7c,DeepMath-103K,35751,train,1269,1
1270,2ac89828ea76fb9ec25a4ad71833f7b22c084e1e88d1f3776952829697a87c9d,177ef446886fbc21ec8861c0cca23851aa6f2f602af1cb70e2ba30f457c4578f,DeepMath-103K,5500,train,1270,1
1271,8d6d32359864237accc9a84fab62a52598f53f4a6c9295ac7bc05af903dcdc81,bfce4dccba865f64d9537cea07aecdd4703ed05850d39dafd6e043e65dbd0072,DeepMath-103K,5229,train,1271,1
1272,69456102831df8190adfef969313df4047dc0c0a08b3811d28d572fe05295cc4,956d9e509a84b0032702adc05bfebce4f7dc6cabe4d2e64384524c2d4620b5a9,DeepMath-103K,42925,train,1272,1
1273,e702e28353a7ee0633f6f0397f638154fd8d7e25f6225d1b1f3cf7cb062874bd,83603832d88c5e9282c563b7e9405c108252c1605e1ad2c67ca1bd147bb708ca,DeepMath-103K,6246,train,1273,1
1274,e5495e47913e3e2b4d6f61704c41a2612a78342d2a3981e41396b21da8048737,05bde77a19f1b1af4ea7cb687cd2873ce64b63e0d45d2c6573c379baef28e683,DeepMath-103K,28266,train,1274,1
1275,fbcc822bff0579900d789548533fe84ea2eded953f3fe9dab045f8dffaa71667,b789fb039a955be7706c1b86797ff85cad0e7c12d073c9b8f295e79a334f37b7,DeepMath-103K,16159,train,1275,1
1276,67078361ee2d43814cef139b9c78f3b5c38d9b5dd6e8cc6cf71311e63e02b58c,732c08005d45bb1e31355f653d24fadc206b38c1da7d684ac007d10b5a0a7060,DeepMath-103K,51023,train,1276,1
1277,2c340f87b808e51e057bb97d4f6881a30bbf9eaac68993ff88160ebce5b60fe1,76ab10c80e12454fe907b81d6819b9b16d05a24c2f62f1320d3c751a3c8ce6a4,DeepMath-103K,2356,train,1277,1
1278,e6ea8fb2e3b3a2435f8b155663cd294577de74158ef07dc700de0e4e479522ca,77cd6ece93b755993ffefe0ce92186cb1aa97dccf85a38c7ae225e5950e9ed80,DeepMath-103K,25729,train,1278,1
1279,07143ec54b9132345dc8ed6cdf2984ca92389afdd82ac679a96c8c6e9ad628a3,09d4714edf65f962c5857988d163dd8d4bff85f00c08badac1c1d725b694eaaa,DeepMath-103K,40600,train,1279,1
1280,b69f7afb6593dbcd1f8c3c5eeea015b7a38a0773790377b05b0b0ec4173ecb51,2b1c2ac5736d53fa4a72f398afb3e396dc2f06dbc08c463da376184e7f24eff4,DeepMath-103K,25984,train,1280,1
1281,c16002faf43985c051ea2f1838d0119eb788e8cc761bb3d6afacc68e324a113c,2bbf934b9ffe8be99036a8d6eb2aeed9787ff4627439918ef3b5b50c037689ea,DeepMath-103K,7864,train,1281,1
1282,26e4c9296543bea0fd4f525ce5ab30a2cfaca61651af3e99b4b1851f98c896c2,76bff2aab839b85a55dc4477be047c1cd3f6c93400ff433ce04e376cd1f271b2,DeepMath-103K,43050,train,1282,1
1283,98571bf2e247d75c118b932f854b14fb93a57854b67d4bf67d18a941e1c43257,546b66a98d5eef175556308d017c37869c18f31e2f8fd8217a0e71b3de5fd632,DeepMath-103K,48790,train,1283,1
1284,36b501442ea91a6482388f780b97a41c5f74eb451cfc326920a46d2ca7cb38f3,67665e72899511aff8fa73a5b6f23bf8b432b2e23013ef7f52b71e580665fbc7,DeepMath-103K,24207,train,1284,1
1285,c8532de1eff3e2b8ff8b53ff2504c215049b337f9ca08ea305bec6c1a443c2c2,cc7296f3a8155440bd534cefddaaeba3f6465fffec1dfe918e795580ae784a64,DeepMath-103K,3174,train,1285,1
1286,aa4967caf9a14d800b1ef37a306b64570b20633cfcacd566f2d0651ab39f3cee,ca8bb2cc2cdac35d5e703cd0b5559a8fe64a8e69fb6b39c089bbc86651ce8b99,DeepMath-103K,12711,train,1286,1
1287,ba5b3069e6dfc6d12ba074dfb88b3b3048c146bb86426b17722c19792a0166a6,3848fdcdd2e0a1a1bd196203ce9707a6861653663d307bfd4e4374fee81cf9c7,DeepMath-103K,31401,train,1287,1
1288,ac3b2553e1d7f53d5f2f9983caff27a86b913ae3691f55d16a2432e9b6ab916f,59e26b607c521da44dc4bd88dfd330e1c4c7c6b37348cb42c2dd99fbb1fb0c0b,DeepMath-103K,18059,train,1288,1
1289,9b688a912702dc969843926582d976f8e9feeaef8de34fef8048f24df39f3a75,b7080ebbc0a8810fe8e1059760ffa0eade01f759273f2fc630abe23924dd8b3e,DeepMath-103K,46724,train,1289,1
1290,2cc3d4adffcb72ad64a3e85e2de49bcbf6fe1433d28a7ebd4d6db4eab16909ed,cf96201b1db58a83dc97a2a2399971e6c3404a80d419dd0d13a9f7bc52811de8,DeepMath-103K,46873,train,1290,1
1291,78c88c2e5749b8e558b8be69f49814bae6079a8697b8ca8dc3efaa0b37c5cdcf,5a4b8f9b0fd14e6eb7e8606b4d4a36ab4b4b0dae0c034a150dc74161bda6afbb,DeepMath-103K,52205,train,1291,1
1292,d869045f283f937abfef4eb928fc3ea5dbfe46287c498b339a17b80a3edafa11,751f5a220267271d83c2b36c359e413d3264f281f9f1c126ffc7f6cb9979ed88,DeepMath-103K,35988,train,1292,1
1293,953771790d24e55eb1dd66965d1a1dded6cc40adfd60929917fce21d0cc80b8d,7edee8a5f72be08ab0d7653681e5d58206d4d1bbdcda828f7a579fe9548d64d3,DeepMath-103K,51032,train,1293,1
1294,2a90b4d17f59bfd0fceafd480f42ff3882e58f4dbb340021e63983c9b85f4171,4c3ce90f3e6f4abdb9cb7839f31ee1ca3b659a84d0ce57a39a9b7760498c67a2,DeepMath-103K,25988,train,1294,1
1295,2546234a993a6bb1488d1256eb746c60888cccf5469133c63882e2f32afec84d,386adda5e77a8ce005a9aaa87dbc2bbf80b44e85025e57f94a0da4e6b4b78125,DeepMath-103K,45325,train,1295,1
1296,7d987b79d4af614bdbdde7b929ff8aa699312ff49156c075ae7721c362eaced1,5bcf33c2f69a143386aef9af063e0f7c9ce70fd983796cc6eca0d81cb12b3151,DeepMath-103K,27534,train,1296,1
1297,2abb5493213947ef454dd90ed706dd6a55dd8bdfb979f6fd2ed9ed8fcc744f82,f85ef1ae1453a1e71da408e7d697bb9f4d4fd0740797fbc242a01389d66d0c92,DeepMath-103K,20708,train,1297,1
1298,d734bee1c55f2dd33ec16a3380074424fc921f28a53053c72bde3ae6e5e4fb31,eef600be3f3a42c7cef97ba83e76260a5c303c973b69b9e18fe9f3990c17cc8d,DeepMath-103K,2110,train,1298,1
1299,eb4ed9b3b02c5e8bb05e262e306d3b1232c00a81fed08132e5f8c8bf64ef9839,e6423b92ee8262eb896fdecb5c8e565cced3194eff81452ce27f5cb7571721d8,DeepMath-103K,12671,train,1299,1
1300,e96a1aa521077325ef8237b03c44bf8c78218163a8e191564c950a622fde7a44,a290a7bb088f0c2701a27d85205c54a60a04cb5d17abf705bbc86b740c944444,DeepMath-103K,28604,train,1300,1
1301,af3aebc3642050d457daa24a396636190620c50ba37d03ade5ce1dde9a1c2cd7,0162b30d359dc351b7b3276fa3c86afa61b9b05a924ddf3de8e034c2da0e50ed,DeepMath-103K,15015,train,1301,1
1302,839b1c11ed56bc3dfc0642c8f99cc4abc32a0e9bd6ad68c6ba717fc40e3ed9ac,ca639dd1876fa2e7b568828708e53cb6c8e7901cdbb2e2e1c055f51a116ec77f,DeepMath-103K,22349,train,1302,1
1303,30f226210b7363dbecc948c086926adca4b5190005713a623fa599662a6e0a53,82c5632a5b29199e4e510ab6c8426e24412484a79cd9926739cb1b61c2004891,DeepMath-103K,13158,train,1303,1
1304,5b8bfd3372784e1eebc4988c8c7322bf6f94809452284f5a650f7296593e2e9e,69aeed0701700fa7dc534b166663a029b72ae9972e1a994376f2264e987ce4f2,DeepMath-103K,29077,train,1304,1
1305,a52a48e32ce32d2049b1463bf45fa03a8aa5e699a5375ac80d4babd5e84dc238,0077a7e6aad3fb36236490c1e892ce96645704774fd62ee0ac47a6ed24fea914,DeepMath-103K,9826,train,1305,1
1306,919007dee8cd38fefec5a63b4eb93444beaaa819695fe2a0bf6e1050749e0095,70422f5383aa01231747fae0e326bb30662a33f8883331041728d29219a218db,DeepMath-103K,27526,train,1306,1
1307,6e98532c177ae220ce10747029b0ab0635ba70508b35cb6b829dd201308c9e13,1682d202fce19af715c064f51f740541dd85b2e19df7c824105b09c2f34df9d9,DeepMath-103K,34491,train,1307,1
1308,78a1eb7168be264656d095cf19cd093352e3df80b44fe581688aa4a0cd03250d,cd31116622a2612fa68d78ebe5e5ed0ae13d5428f82e2a37c354ddf9a2fedfac,DeepMath-103K,51612,train,1308,1
1309,5a9ef5ec387174dbb5e3d4d7e66dc623b177b9bd0068f6a4dfc24b9410a88124,bf878289f629d0a9e86f2258c15a9b20e2d2d0c7f7c4e908cf5de3f43ebbc9ba,DeepMath-103K,9073,train,1309,1
1310,67d7d00e0abbc5a3fc20cdd07b04aed717ac577427aae8b0459106770f370214,530b2d1d68636d967da4da3eab422f77dafdbb84f7fd3d2f5f3f1fd7413836cf,DeepMath-103K,23432,train,1310,1
1311,521bd485f08630fd2ca9a03222c7708238290cf80d2e6a0be6b9c35176bcdb62,6e4d4d525d0eda1e42670a59edf4edff818e71fa8eadffa0bcee39e6afe397f9,DeepMath-103K,48271,train,1311,1
1312,0c6ba79f89a1c0ececf1e3780d63961bbafffecf41fd4b863f3687df314be772,73da791d2b5f62eaf515dd44ade3a6088a61efd82f7f7cebdc90504a7f09eaa1,DeepMath-103K,17076,train,1312,1
1313,a3ba4c4bd8d8bd535262355dd83276cd4e7d905e6d2f4b169144529aa197f7d5,36a12b50597817fa97084514bb527d9ea3482d0d78987bb17486b8f0d234a805,DeepMath-103K,29375,train,1313,1
1314,162f7fb484874fe0def82273242f786b72e62f8d2a4f2d57ba62c3730229b494,e630f75e9ec7e1111e93c215580b78e6c0affe556c65c54e5e9ac4d6806d03d4,DeepMath-103K,48613,train,1314,1
1315,f1a9ba11a382d342748fc40ad9d3f7afaf4639a246b949aea7a9e3e44354c93d,b825fde6ecdec62a4ef5178667edd5e2305350714eb2cd1eb1afe1b569fcd19e,DeepMath-103K,25476,train,1315,1
1316,9c4107556d67a10ae57e30be6b662e80fe01cee1ec584b9e51fc63aa9ed443c1,2b0a7a7cf4447334e65c186abbf92435a92834e3b102f121eb0dd156fc6787f0,DeepMath-103K,31443,train,1316,1
1317,4e3917e575a479fbeab9fe5cd48bbe707b4c1ff5f3c79b793b97f5b185952ccf,b0b0b5206952a974ae029342b3fd6b36e367f90b7374ea7f7b1e80d116fdd29d,DeepMath-103K,8234,train,1317,1
1318,cb46a296364c165bfcbd42b96c8d7c671d77fd162b70cf7157a2e710c542d036,793ebdc5e4a93b51baad25a08edc1304ffa8a1aa96e89417be92020d124443b3,DeepMath-103K,50269,train,1318,1
1319,43a8a5133af3f7302d2aa51d6e6ec6e1602f6a7a4d293683767713ae94c76945,857df7f8726076684f4a4e28d258507d98cdc7ed1501e8c243bcad7185138d34,DeepMath-103K,31821,train,1319,1
1320,48af763d3c5bc17aca391b3e5e4fc5c856e9a050c8a5252dc67f9807b8c8b799,30d77bd2c0b7b9243bbcc7c463fe8709d22beb6be80037fe0576fc1931dad557,DeepMath-103K,14166,train,1320,1
1321,ddeeebd44fec4988b6b18b66c33165266b143e2d1995522a7db03ab50d6f02c9,a6b3000cf924eb5999cf98f5271f85114f9a2a1202eed813735d8a74f346754d,DeepMath-103K,11246,train,1321,1
1322,53a80597c6a550f429a956deeb0c60572a54a546ab8163e53e11d6350fc12b4b,11d30e76f98f0091f8e6c3f19f37a1553eeb6b3bae012902fbf73d1e64f7f52c,DeepMath-103K,34246,train,1322,1
1323,45c39df48ef740f95b67888b70832b390ff92651ca84792f08c27d2832fa6753,4dc3f456e53905c9248e27e7fe4022997a4139f1217454348489d621822eff5d,DeepMath-103K,45008,train,1323,1
1324,cc2c7cd7dc386a8ca13fc1bfd4a6abef7c150beca95b26a16136ee569027608b,1352e453b62ebb7c4f978ee229dd7251083c4234a3edb3b9583a5a0cd685bdd1,DeepMath-103K,26627,train,1324,1
1325,a011ad87dd42afca7ca8e8841821495ee3e5795fffe73fbcec58f350e9d614b1,55aed41c32df20d05c852caebdab80ad7167b9f0dfcfc93b0d987222b37568ca,DeepMath-103K,7023,train,1325,1
1326,76bc151b6230b4dac4743b27445cc0b8f8baacaecd9a0e21397aef7e2934e8ec,c47d0af9ac2b776e9ca1c91da685928b935f4a7467b63d215b623586d861680e,DeepMath-103K,41401,train,1326,1
1327,bd6995326c1aa0d06da0d1790a59c16ed62797be4d2f5c5ffcc821179cc826d9,9ba47748968a30ab0fab33be56a7555a88fc712f004a6425642a7d033cddef4f,DeepMath-103K,54945,train,1327,1
1328,61339d400983da5e765f3617f0d8bfb1ea466e9c08ff76c0b0b7b239994dd64f,1bb13282c0c8e7ebf32ed7cb4432ab04edf8f25884acb6514bfc01e53c19f593,DeepMath-103K,41148,train,1328,1
1329,0b071389819ef498ce24fc50ba42d109ec38dc521a3aa95f6511259f3aac27dc,431cdfa3b8d37591a8449365e3b92ab29fa99c9f78a15fb1e81c4a52e74e4c0a,DeepMath-103K,23532,train,1329,1
1330,2a4fc7d6e0f656e38cc74a7440159162175519d119137cab5fa202e2559c9e43,727ded8075e86de3b12f3b90d010d63e0f3e3f625c6e3c51074f9d5478107311,DeepMath-103K,24424,train,1330,1
1331,a267b3a0a4c07b718b6ab77507fcb3edd10be0bf997adc55ff02561bd573e6ec,41b3f56ca140945c34eecc0156483007dc011d0b2bc2a988704e7f5c0586780a,DeepMath-103K,1636,train,1331,1
1332,bf64d8424932307236f47bf56b8f4a5f9837f400c484cd1d8db79deb856add9f,1f3af2e70c34d449eef5d94afb6aa1644da6f98d56264d24f6b2d489d8bbf500,DeepMath-103K,29320,train,1332,1
1333,050f763caf6db83ef1d5cddbe6b1a6e8e644071bff3e09f3abb1cde1b8fe42cb,90762895317754f33001ad9db55397926d7a362533f502858505a18a43fd4100,DeepMath-103K,6212,train,1333,1
1334,db2266779e2e03ec3287f655947d71ddad7e388f8db699b9b755702d01eae717,2076942eb415582fecbacd5ba6b16663db6a9d003bda9e5644efde01c572896b,DeepMath-103K,54874,train,1334,1
1335,c11bd68f01107acbf608e703a4d906bbc75f1fa8a90b8dd52707c77184d66c93,4bd631945e6812bf18abe60e258f264e6e93f8129e5474fb4232ad5871a853f9,DeepMath-103K,27552,train,1335,1
1336,1cf3c0130763aa7f87d26086de608f25bf54eb575c5718b1664d02fbbce05a66,ffc28115b675e8b0c6a8460572f2effe41661e3bfcbcd0b7075cdaaa2b53de4b,DeepMath-103K,2758,train,1336,1
1337,780bc5267c39ffc7be8143058076fbb86fae0ec6ebf4a99ace48f7f980c8fdb9,84027cff770fe59eb34e7e254e0209e4e593a29aa80d7888c648f393882f9966,DeepMath-103K,29242,train,1337,1
1338,65befe990a8128083590fb5559d3f143dfc5a62d98a925e3ede46622d3d4b796,a3a0bd8563c07cc2181e39652af927c383c9b7eaf42738a452dc11340ecf8fe2,DeepMath-103K,33588,train,1338,1
1339,0683fcc449b562f0948b9b4c12fe2a25954690e95fb9cf9910dc2d28ec1fa30c,9c66974abe590764c2400af1bc3fee5129c3b67ae1bbec3f0bf64996b4464bfb,DeepMath-103K,23700,train,1339,1
1340,de5d7bd89e9e159f2e8dddbf720470e358edcd6ae6d4ba5a07b29b9a056fd7c9,0638d20f03563aa4e95792dee13182e2d00d6b620328327cfe67b55bdb980229,DeepMath-103K,30232,train,1340,1
1341,4095bc57f89045823e4aafabf79589777583ebc17560e05496c45db27101804c,8b528358fdad6af13d5cc73ca21c9d22319306da89d8a8e649c8205d29b852b4,DeepMath-103K,47922,train,1341,1
1342,504cb11849dba164c33631269e48fe475c9716370ac57852fcbf51df37182f73,9fa87a9401526c4f5d9600fc00b368d6f01d2f8098bc8aa4995cd1c775cf1ed3,DeepMath-103K,32034,train,1342,1
1343,202bf74c730898457a892d18f4bf289f7b81e0a01e4fc6613eb6f05676f6d990,53c0b02865806830dfc4b5f43b8f3b97c5fb44b10ac2d164087b04db9e9508b1,DeepMath-103K,35410,train,1343,1
1344,34e8a638e394b28909e1d25a3b8191e389252e48ee380f9d0bfc1d5a354afb81,8a29049e0e7a0dc2a780ad82529989bd6ca8a2d613adf50176cff3b07809f3cb,DeepMath-103K,25026,train,1344,1
1345,a3432552c374636de2fb58d0e971050ee463dac4f05748f5a2f55f13b5536f5b,b98a7bd21184ca4f203f3ce980478ab842a2b19179dc9295fb9447779a45f2e4,DeepMath-103K,5474,train,1345,1
1346,c73a4f0e1b2a44f1071b84d0f530bbba77250d0b3a8e029553745a81b2fc8240,f10f3260ae528ea8494037c4db1499e3cb1b99d266a38a4bb7d3e11e9e811c60,DeepMath-103K,44963,train,1346,1
1347,ff47554ed1e6be1ef2a0f24fa0721acac69ee85675cdfffa66654a672159605a,504cb60353002e7498713578af7c41ef75773e87d1bc57c1311e27b2be1636dd,DeepMath-103K,35961,train,1347,1
1348,636cad02005cd71bf5337bb654bd285964a62c2dee000e37af10093a842545be,cfe1cd17e7dd12db290440ca1111f7044c2a526b09e377187526df9444d8978f,DeepMath-103K,29224,train,1348,1
1349,55bc240345c499d6819628433f9cc2f645c2b380a82c46187c6d29a5298f6a71,ef914c7676954aca9376204b2432280d24ef6e9584e7f221f87b913a5e4fa492,DeepMath-103K,25454,train,1349,1
1350,4d8cdec3cd2ec3b4bf8e36244444df8a38ffd4e47a9c2d93069ae3202b27c0e8,85d47ab1e9e89275ed65d1031f829b659259c29fb0158327212e045fbb6b0547,DeepMath-103K,3505,train,1350,1
1351,7aeaa113c1dc11e70bc4ebd4d27c2d56c678551f1408a2f09c45c12898ab5570,1d1197933963aa9fb97cb0f9315d6ae7f87ba2172470ceb724bb78d6ff827a29,DeepMath-103K,27982,train,1351,1
1352,7f1a26cb5b45ef540f14805f0cdf1f972ddd84bc89300af959e4e1cfdc2b14d5,3fb3514d14766c9b785a5239161b2078913c02b8833338ff6e52ee196b1388e5,DeepMath-103K,39889,train,1352,1
1353,70ccd35a08d16206663e5fb401923d53352e3fe346b0cc6dc25562c73012989c,81c14d21600be57dcd6057e9e636fae349ec2adc7eb75e5b25520a7eff005239,DeepMath-103K,27334,train,1353,1
1354,f6796cb63f75a66e585e9d5df0d4ea47059c4a00087a794e3ae1cbd8e536f158,09ee17d6862e09cc2b8f49dfd2a575e1dec9eb92e72f8d27d65aebfa22a04366,DeepMath-103K,22693,train,1354,1
1355,d65a2bd782d78a713a7dc277ec43fa35fe070e010d1a90983b91a55013d41a5f,099efd454c8e06aca7528a5e5aa13c06a958b576767869d214b0f38888a14718,DeepMath-103K,33678,train,1355,1
1356,3d192e301f4f6cdd231ceb12970383b06691ae0a374c327935037bb498b34284,e49092f4077b42a2bcdaf86b89efb18a3f8d2e037c85e4c9916703243f8e4731,DeepMath-103K,47682,train,1356,1
1357,717eb045660c3c7430b30370c2fc9ae3ad95154865cfa6ea59ff61f5d6831ddf,ed376121d23586c9e8ed8fafb3175416d9e4103564e62c135dc693352da82316,DeepMath-103K,42810,train,1357,1
1358,b9cae90656a66b5699910ec58dadebe7b90f39263d43a68517b0187bae2b87f4,69ea730c9a85c2a3338a85662f17591933032094a0a0ce19a79d5d3432bc2028,DeepMath-103K,24548,train,1358,1
1359,e93414ea9f58fe59224c97a2e44bc1e577efcf0458442ef8630fba262b831b1c,ca1836e128470939d4a7c4022211eb6ded1a4f7ec19f193d4f66fd8e36eb218c,DeepMath-103K,768,train,1359,1
1360,cfb6a612552dd210ea4467a63a1d7eae25d8a97ffd556de39494ca58f10ff748,2e1ebc3f715b4199206a45486ac7e4d4cb9a2b706945ec56667389f9599403c8,DeepMath-103K,27603,train,1360,1
1361,e80dac52147ca21467754bf6336655ebe7da688b69b2c79c1dfabb0460525d22,00fa5ac628a2278e9984b8452946bdfbfdaed329d35cae7b46a525528ff194c1,DeepMath-103K,1834,train,1361,1
1362,dba494496d4f799a17327e001ab3a6e04408615138cf6cfccb8047097160d8b5,b08341138e024efe4f80ba9277be81762739cc19f50599078d04fcfcfebf3065,DeepMath-103K,11540,train,1362,1
1363,e148454e624b991ef60004ab872f283985f33fc8a7b40766de258268a872bfa1,0ff00dd860b0ec0c6227f5f96936cdfa04e3bd6795bf5c06018e9831b1a3c81e,DeepMath-103K,34265,train,1363,1
1364,284468e7da662d88c368132f81b52d678f62d3b3a28db6da3958bc00b9ee5ebc,f0924a6377c6e0359b8334f5411f6157d259b4342552b109d989f6886592f763,DeepMath-103K,56830,train,1364,1
1365,7968be68e05e0b9fa56bf7ccd3908b45719dd725173d3c5bed8c2b5ad2cc0926,9d224b8e04cd004a2300048778bd18dd57a774277d00c53cfe82d2100f79b29d,DeepMath-103K,22864,train,1365,1
1366,c17ad6cb49a07d711d10782e1cf82c62b2c9cfc7ba34bda649cae950e465081d,9287931bcd65af50dedf52924d8c149137b7c6569ef600a0c47e9b473431105e,DeepMath-103K,33270,train,1366,1
1367,3839af7603703fa711dfddaa11406211abfc38c36f4210b5811289402ba18611,d8a79456ffc51714020229b876494b4e687fbe72472b78b2fcf7a3cbce0d7e1b,DeepMath-103K,54364,train,1367,1
1368,130c8c9ea41a60feb8f120b2255d114df81cdc07abb92b614409026f9e8ea470,32868ff5b21e5b4d1843eeb499eda70883940066e85499831e36ab7bf3be59cd,DeepMath-103K,29818,train,1368,1
1369,ef15ff3ed91a6bded57b3cdb237e1077175535b8146b6cd4302161a69a5c972c,edf5186e4ab354646237b5bf52a95554fb6482d58da2f33f13acaf1289fb83fc,DeepMath-103K,22222,train,1369,1
1370,33696c8bae805174c644ab37173545676cddc65aa7f0961dfd38b5f646b15d23,a495a4243604b3189e351b36028b55cc5ca8b53b553e6c66bf758b2da9f4e982,DeepMath-103K,22214,train,1370,1
1371,874b04c0c86814e5e3f344fdf361fd71b2205594979c38fa28484c132a341603,ca3dc6998bab97a4ac2192d9719a5276021bbfdea757996ea08cf46a4d1bc3d5,DeepMath-103K,8295,train,1371,1
1372,e8991bf6071d60606e20b97b90ed6c20fb632b1dc6f114ca461caac8bc55a4b3,52f416c36d587dc5336c3fc88be8cf0ee2bc40e9dce72a81d90e3e190ea525fd,DeepMath-103K,52430,train,1372,1
1373,75b7146eee721f8d7a58897fba589a6fb3b62fded1687b7c1bd56f492ca011f5,81efe14eecabddb8270001b1deabe31b7371568f2a9fd0817487cf29cac8bd33,DeepMath-103K,37698,train,1373,1
1374,56dd45bb9510fdbe1de92b40a2a0a1bf85255c457c278bd94185dbdb61610f66,4bd86156d925ef2177741a1261065a9a79f048e172a33dd4c23316b9c91f7d0a,DeepMath-103K,31191,train,1374,1
1375,855ef39367a386eb4539b4b587e108c9a3b20017a8a5baf05318bb22fe35adc9,44b90e11ed2d8fb49ae6c575b4aa14cfcec19d6150510a9bcc8b8809c73b6523,DeepMath-103K,20847,train,1375,1
1376,c3c2828fbd4c7a517f70b750b72347301d1498f00c17372850e117c5cac31c06,cc166b270b0bcc330c1e30536eca06b757bd59fb14a00fe9557964b9e4dd61f0,DeepMath-103K,3602,train,1376,1
1377,3a963196f96646349608b3ac2642364043d2928472baad442ca884531f37878a,f7be115203acce05f3132adc8044eedeedf8f1bf380c4d6911fd88b4872ce93a,DeepMath-103K,39284,train,1377,1
1378,1069f6ad630c6ee9319c5b92849d290e223730ab30bcaf8f4a6e82dd709b689b,4859609f5c50d4c34241e86282b48f60e75725d3a73e3f8e8cc979d23b32d614,DeepMath-103K,18980,train,1378,1
1379,d52fb94badd2f9ceb9d00a2658bad94c631aedbbfb1549001015f1052420f962,dcdba0ddb773cc7e0b55e0c7fa4a4384021736a590e4b8382dd2d41aa422902d,DeepMath-103K,47403,train,1379,1
1380,33aa21640efb40438251d8613180a42beb8cff0929e4ebc29efdd1f593215240,d2a03614d5d6fb53650ac77154aca50bd04654865b1dabfdd7123a239c2c2089,DeepMath-103K,14133,train,1380,1
1381,184cb0869e345a1af397db0ed9ab9d1ded0771602ab956ac0242a9cc2bb46d98,ad678b77b4f4284d5b7db44ad3c478481ad7781c6d33b94de89dc780cd729975,DeepMath-103K,6460,train,1381,1
1382,76c00eee4224da306db5a95349caca4cf53a15773697bd586ea09a70eb725bcc,864d30cd8ea84e2edabc53a07bb66353667b55ee8494a3a7e310eba3a50d706b,DeepMath-103K,50575,train,1382,1
1383,9a9d30d0c5d3178eef8be942a7d24acae0ac23d24df7154116bf264e16c9c6be,c1b8c4abf096c2422c920ee087c23e4dfc1045398dbb3c28f8c8b5c788332860,DeepMath-103K,42501,train,1383,1
1384,67c73c5703c5e8ae741ec46472bb3eeb3a4f9a6780148f055f5909f303e260ca,42915075367d35ae3736c10f9a9055da35326ef378f5021e87f7a66eaf99ac1e,DeepMath-103K,13746,train,1384,1
1385,c77d8dfdde14a63dd28bcd0b9726b9a048ae6f5b3ebea9cb0a2eac07a46bdd67,37887983fd6aae348f9a77fa0b3671adb40f02ae7199b0fe5cbc670a4ec1bc5b,DeepMath-103K,5366,train,1385,1
1386,5264de25c0eba6cd8356830e208991eef6f7bc96cd498c0c6e0c3c349d27c432,33789e06e550544ea728f8e70fa01133201c3c3f5a6054848437c1f006a864bd,DeepMath-103K,45371,train,1386,1
1387,4dbc25a84dba7117cf941180ac89100542366ffc2035ae2e5649d5a0b1fb6f14,44083b0cbdb05f2019ee9ca1f89e08a3ec50d4bc627f9ddb9ec944fbc78f68cb,DeepMath-103K,27864,train,1387,1
1388,936f24a1f63801d77b10dab50508d9b293e19ab62537839f23f529894ef4ff11,9938d575e20327a1895d6597609ec3062b0bdd5c9f8fee39c92b79bdff4b6f75,DeepMath-103K,20904,train,1388,1
1389,a249fb28f9af020da2a2f520503fabcfded85890bda5ea4edb3283c6fb58240e,133f81e49607c5d9f6059557fbb144dd0ca49cf26246abc7d19acd515d47193c,DeepMath-103K,2186,train,1389,1
1390,576979b6d15e0bde03847cf7a39284322b9be1370c80196d74dc67d23ff0887a,96dace636c06f06c2ba20b9ff8871d91c6e559859a81d99dd1b8b20f6e08adff,DeepMath-103K,31761,train,1390,1
1391,5a47ce0c4a86d4535baaa42736e0d2491776324b248b4e65472ef37b42f6fea6,c2c952d18daacce9325aa4aafd22271d4681593ff3d991c53b87ac44691bcfc9,DeepMath-103K,53829,train,1391,1
1392,4499ec0d445aa0f77be56262436e74ab02d6fd337398b7ec56554a9b5c1a0610,18b01f35d4cfd27549263f20db6a6c9ce907bbf7e7fd9821b3deb210d4b3ba8c,DeepMath-103K,48264,train,1392,1
1393,8be6ba9684947f7b78d3ab4c70be16fa677a974f047559f6c2377aaad8f27880,64ce207d7be687881029b2a9d9a295c849b3309b5c4b0a468fc3dbf286847360,DeepMath-103K,44483,train,1393,1
1394,2be596c06565c5b858e113c029b69308832bf5efb03acf50d9fb5510d21b163c,0a3404efceaca605f94144f8c73c4655644410d0bb84f2e7ac341c5745e48b60,DeepMath-103K,15696,train,1394,1
1395,432b97603e5efa7edac2f35ea1c52807547a0a87a4ee3b7f4899948afc2855a1,3f6d6e973591b4752ca84abeba09d7f16d1ed6c0c82a28e7a8ec2fd9ab44f132,DeepMath-103K,28171,train,1395,1
1396,6fc46db4858af3af62cd0fd622d686b801cb4a12301e12d3559d7bb32194d27e,772dde97fa9a6b3ffef1d7d34117cbc6d3b47a547d6e66e7d528d1512855625c,DeepMath-103K,836,train,1396,1
1397,e30bcf70ed4eb5f9f1a482a67b5b952ea4830c68c923b4d48bdd6c5991362257,319dcb5f1bbeb23fc9bcd02d765fcb5d3da732589d8759e16eac5bf5eb2c8710,DeepMath-103K,29221,train,1397,1
1398,ede1db56429f60eb8bd059735c652a50e7b61474cc50f14373c826dbcef328ad,faeeae5d5371e179807409002fc61bf3b7efd1f52db5c49793efac8701ff77dc,DeepMath-103K,53363,train,1398,1
1399,58e7af0b498c26c680b469624234f0adab2af09b348dcda7dc9cdd96cb87d9e8,79be444aed09949177c1f1aaf6286a3d9f2a6a07d740b3fdad0099d3ffc95b3a,DeepMath-103K,28588,train,1399,1
1400,25a88b462f588641a47fd570523514d5bedcafd461b0a846d40cd856b8984ac0,55996993dfc100a75615de695ad0dfafbe40a5f81fbcca9f67e679704df0800f,DeepMath-103K,25809,train,1400,1
1401,2c31e428b5587d38ace9fb21faf9e6c1e8b08dad24bea77ec99c01052721e6cb,c947c3d9cd457e3b48d1d04d3150bc51096b474a42c83a8eadd9325b54c1aba9,DeepMath-103K,24717,train,1401,1
1402,20b7df107945482cb0242484f2d73b9e94ee1b5fb6f88daedfba1bf18900c36d,81283399c13236e605c342e60d4df6702b73d179a569aa949ac5ba0e9a8af570,DeepMath-103K,38398,train,1402,1
1403,a6d5c2811c6dbb26f97b86dc0c3da3ae3ca9c4261755bf05c5a3160edc7eb004,7f1794615d52e6a3f947fa5afe480a5a9ebfda668c87016af3ec6b4c1195070b,DeepMath-103K,20760,train,1403,1
1404,4b76e8d2804320a428397368c37655bb1ac76e5a7157cb32040f2e9e73ad3acf,ea5c6e65ed439a6571bb89aecbc73c982ccc0929e50f66e0aa68d6f0c9fb4ccd,DeepMath-103K,2551,train,1404,1
1405,0c5b43630a2483389783b121f1b8654eacbef671a0525a83640800709e3fb3ac,908939c0477202d9cda6891f48a6ca1ec452c6eb799665c1da357e97cf9da2fd,DeepMath-103K,11053,train,1405,1
1406,157c7bae72d521a274419b0345180e7374e0fa30e25d0db87db78f56163fdd51,ce792667f5ee2a9943dba39f85d0bf16bced8934e758cf55b8fac7b8c7a95dc9,DeepMath-103K,36127,train,1406,1
1407,f16974cf351696f6b21c87068ef8a457f87a1583569d693cda7a30aed686c16f,98b43c5c55708db9b47f9fc2893b071c34ba952b9dcf9704631b5977228f19b0,DeepMath-103K,36065,train,1407,1
1408,4d9ac3e55bb79c89331b85be3f790500b410f74a47bcb40f01c0979d869f4cff,6704e7461443423c6bbb48093cc21dc3020801bbd84daa534dab70440bb42cc3,DeepMath-103K,23017,train,1408,1
1409,3b25931332308f921433af7172232f6e7e8903b94a14a8272695e354771385ea,a8fedd2eb1c3377ca1a6356f5f67515674a960e6b35009852e6f947440f7916c,DeepMath-103K,41216,train,1409,1
1410,e3db84392f10d32ae1a4426bc3b559f52eb9a5bb4bcfe205a882a9ec04714077,783c844620b489dc2d0a3c0b0fc0dac0752b959ca497ab96dfabaa697928c86d,DeepMath-103K,6913,train,1410,1
1411,b64596c18e66f79b9d2ecdcfb25e902bbc874330f849512a44ccfee55fca6bdb,7591c7d9382e305bf1d3b2550a0fc1fbfaf8ae61443ce3975eb1c46e2b71a48e,DeepMath-103K,40064,train,1411,1
1412,a1c33f44829973d05c7372bb8d9ff437072fa25a605d3fe587ce052ea464d434,2d41d7b54cc76c933ae5f80a13e885ae76a5f9a74b0ad50f96d863e119983d29,DeepMath-103K,18159,train,1412,1
1413,2d1a35782df073097ae347390c9095f0f1dfdc06e767c396684baec95ea1aa71,4309e1471addd1cc56c6445a52a14ec80bbef182e7e223357226f2858e1289e0,DeepMath-103K,24352,train,1413,1
1414,52bbf4bb7cc2c4ac2e996856792ab27be7551c4cf5de88e6d56a2da3a9858e45,5a99bab0d709019910005f67f558d49791fedc9fee3395767a0e342b6a61b537,DeepMath-103K,36657,train,1414,1
1415,a042f24172b6b0b594149ff90c33f036124d07c35d8524c03019d767e5c9873e,35c4fbe5672a53ee1c9f1f5d58fc9a69a087cf5adec1e2d664757961fed1cd92,DeepMath-103K,3026,train,1415,1
1416,d20b471ecc8fcfb014eb5fc03adf6f0003a9f286782f5c675c3e02e148420a18,96cd4169733c2a28818211fdc6f22bab6c9400f9b1a5dd4e49a12fb45bfe801d,DeepMath-103K,38303,train,1416,1
1417,4897c38bc3ac4fd9b740eac109c618b705005b0f86e307bd9ca4662fbb945aff,227918e4a63082a1ee77d0efd6363046eea12aed7d86894a36cc4efa69f60def,DeepMath-103K,19316,train,1417,1
1418,fa07267c740334e74c982ab90bb1b114197c384027a7a3d0bc8263a3d8ccd734,694c39e692d8242f577e5a2bf2ba590d34dc312a6fecfbb66740c7888bf89c99,DeepMath-103K,5298,train,1418,1
1419,6dea5e12e2b7f6c0e61c75cec09f08f5722dd06452115329934ac3aaaee3351a,2b0567f5492fbf28a3ba10f00051b0cd047c96b8504a07e7be5fa9bd4cff6cad,DeepMath-103K,2052,train,1419,1
1420,e404145ad382fde84d85de17b7e1b8610e6e787902808e01735e6c6ac991fed5,4eaae63ca945c178d67cbc66a217ad09f58a2fee45e7a737e4d7299b8b3251a2,DeepMath-103K,37685,train,1420,1
1421,66e18bdd6ca99f5b82a9d4e682d389f3fc7c697d5db0e4b9c8253f186d759330,6fa3d1feeebebe682e64ef26dabd1698e2d4870a6b5b84290ad35c48d61359c0,DeepMath-103K,48819,train,1421,1
1422,38e7286bede9a078329119f6e564589159c51846f4c0f0c880a2916eb5313a34,89565be182201d532653fec21d9f9ac8ea355989b0fe7b995275a71ed7ef1167,DeepMath-103K,42626,train,1422,1
1423,b2d570a800822b8c93712c736e343662f7a6e96cd60a4ba03f38d0132eb1c66e,c975f7d92e979516d40839d143e7e35bd9269a77ca5a67b4b8cb0e61122e3643,DeepMath-103K,50368,train,1423,1
1424,a7ee3d0b9deb5c0c8baaacf3f35193863f75a1ad151b0f0de5093692994aa4e7,1fd605b79a312b5c2e7c765a52e5d2f343f951c3d971f9832fddfe085263b3e3,DeepMath-103K,36830,train,1424,1
1425,2b3267dff7f0b281f9a35cf36d705bcc378c3de34ef26ac6ea7c1ed9e3b358a0,6c93ef5e60a9bd7a6bea423d324280d73b68f7a860b41759db5d6815dea61344,DeepMath-103K,39287,train,1425,1
1426,2eb945930c168d563c9274fcaa8332743e5ce6e191cda27c22925270ab0684e9,a767fc0046dd96651c465821869a8b72bea2268957f186c86e50391a377498cb,DeepMath-103K,35463,train,1426,1
1427,7d0fad671a5978cf56c40cbfe06563497828488049ff74305fc88ddd90f44c96,fa92b4fc1d9bdf5e8c79c0a19079c0a418d58c17dc066105723029a467a17a55,DeepMath-103K,38128,train,1427,1
1428,8b88f0525f3ba61cb249f5dec9e69af806eee574cac9b5fad625d470b5f1737b,68c147205516dd420477e78aec17a566a70ba79946a1678d1c97a05eeb1fd200,DeepMath-103K,9452,train,1428,1
1429,2e37c3ff724949ede0156d949ad7b39157b8bedbb5720b216737d04e66d959a1,a6c320db771e82f54b9857f157363acf6b178833769f80af12257970d3feab23,DeepMath-103K,21443,train,1429,1
1430,8a60aed28ae2dddad78b3161549b6da3930f90f4ff8757ff566d2ab016808480,72721e2b540efab98f7c683e7840aac981f3071aff3e7bc73f6544a2c25c1b7f,DeepMath-103K,9856,train,1430,1
1431,34903fb9b63740a5a135fe49703c98407129402f1c45e7a4d7dfd950dc6aab6f,b56f5c987bc25ad1013d2637f7da0327705fad269a7fa611eef555e7ee156feb,DeepMath-103K,26370,train,1431,1
1432,f431148f7d366b263982b852661c03ea3a5d32011796faebbf97379f42e2056b,6d7c74efcd7652fe800b8f54433ffbca237e30898e360617c7e906faafafcdf1,DeepMath-103K,40305,train,1432,1
1433,fe8d2c6f97231e6c39916a3a8367b92eae247c0d3de8aaff0fe1ea4714c28113,1375d60b432b9c2bcd1f75ad82fc3ab2829195977b6799080dbd1f6fac3b140a,DeepMath-103K,52168,train,1433,1
1434,154605a714f056087026d097461547a0708af083937dca63db7f44813ae4a32e,03ab7e747fd063c3843d412f2e95bfd669ddd99cd02e0ab3a3b460471b91c3d1,DeepMath-103K,31716,train,1434,1
1435,919376ed600c5f7bb4d4d8f2fff5e882bf74d2537593917688c1d2f4caf19d5c,184c702764c6723d0d7152cf5c307892d3024f369a7da2e3791a958b2368a972,DeepMath-103K,52713,train,1435,1
1436,60865e8f7cde6c02bc4db1f33129cfab19d8c1a824b947d814546755a3734ce9,5103681cf61eff93d115287914c48bb93c5eb8967a2a59fc38b523565fcca3aa,DeepMath-103K,51113,train,1436,1
1437,1a571f969e0084eb6df55b6626af4065f621c65764fdabb8bc2badf8c5085f6f,33fa0d271df300bd9f8d916e85246429f6c631eeb730257c2e29b17296c16e24,DeepMath-103K,3678,train,1437,1
1438,e4b79edb470f5493dddb53f12b3079f3a85b65e756dc4b4b0c9e6a4e656b4c4b,097d53e0c47aa0cc9af2bae037841d74312ad4c82b68cd76be564cc9beaa11df,DeepMath-103K,3404,train,1438,1
1439,e1b8fa5b982fa3edaa34f07955d495906d6b2e587916c53d36399f6a64b27ff0,2079bc565a29e31286c9bc73d4a25ee3767390b8232913c772f54c1666c47fee,DeepMath-103K,42066,train,1439,1
1440,2656badc40438c8c60f992f4ae136ad2f8c6ebf8c642f846c4981e84a61b630a,2fd8183867e63a7f18479cca94e5f96e0f29e9d2c6b591d7c48214c34d30cd74,DeepMath-103K,44619,train,1440,1
1441,60e8031c13e00cccc047c7437c782977fc375a15358190b72fb1d097acefb357,0e43c24c0af4d687aa476f444fb6f0fff943517f4cd8d83cf78d8395927ab639,DeepMath-103K,10787,train,1441,1
1442,59f74ee4e2b7fe502b8e13755926293e8651d9e33dcf3bd3f58b19e5d1c1e3ba,04e4888a2f0d6d37976b5b0f778fb357cf0832c07e26da8e6f5d1fbaebecf8ce,DeepMath-103K,54375,train,1442,1
1443,86fc3d0b14d0ccbb4cbacb7fe5fc598ddb6e4df180cba65f63013831cb399552,e132cd1474664bacf9b9de3a7cbbedd65f0549262040ba64b17ec7e7df252aa2,DeepMath-103K,22929,train,1443,1
1444,50183ef17f99db9f17e85a817815bfb73dd1a0e5339c886e916297dde4718fe0,ed0b7fa5ac49ba2dc664c2404e984b4ad91cee9e6d4bf20884a654ec1090a76e,DeepMath-103K,5345,train,1444,1
1445,22fef221cc7b1d71d67301d72da8f5ba8bf7e93bab59f9429d453412ea875f6f,06f588a1c9de6a55f499cbe27307d607d0ff14ac702d39a6fb3d87aca53da720,DeepMath-103K,52064,train,1445,1
1446,3b4b9a97cb7ef277d5ef4c0e59d2b4011cd600c3c3d26f26b964be70713301b7,14e9b42671c7278a6fb96d20cade25eff7cc9048a3e607087aef39a30d6c7e08,DeepMath-103K,52613,train,1446,1
1447,43cc05511b65ed20a69904dbed633dcc7989c2a7398494c3f5d02edc672cafaf,737590dc7a5465a80f2f667d4521812c6bd892d7c769755e106bc685e479a15c,DeepMath-103K,54441,train,1447,1
1448,d89333f366da2416c42534acc52a25e1bf191e7620a78ee719ab3dd454380ad7,70e7d752e8ec07924d1b8d3c160707b4a79fd1deb70a740095a8a6e58040c6f4,DeepMath-103K,37100,train,1448,1
1449,e7909c32ac89cc2e350b6aebb67798435f2d3d9ac869a51bb9580e17181d6475,7c1709c1bc81d5d5a985665d3560753a3ce3be2cc7b5e0c6b89142d225925f10,DeepMath-103K,23019,train,1449,1
1450,7806c650dfbc07e22dd6a5b750952bac8a847cfa4b36be64a16f21ac2cab4a0a,e0d5eb9aa6f2fcc235b018f83444174995a5428c8aef7e233c44afd1dd56a47e,DeepMath-103K,26502,train,1450,1
1451,97aaab383213c87d503a055c351542c83aa24902bbe19d5c8a01dc428adbfc8e,c619d248df449a04225fca1904dd59440ded74d62337256f871b1c66b5e88c42,DeepMath-103K,9779,train,1451,1
1452,92cdfc605a41ac00fab6bf1dda19b5dc53b9fe21efea834a2e4fc24c6d27d8d7,90bf4a595bff804191e65e653972c5366424baadd0ae8508ec9c5c92b278cd98,DeepMath-103K,48002,train,1452,1
1453,75a7d98abe15ccd7efc039aa3f43f9be68930c07c1da6349f7c9f1c0e131afa4,db3328fdb1b26ed466f2cdae4cd42fde09543821c8a25cfc1efdac7b7a2b1008,DeepMath-103K,5696,train,1453,1
1454,6ecbae5aca7baa830df5fa2afacfae68d3bcb0480abacacba76c8bef44391cc9,079de94bd21370c5dcf84ee7e55d0365ce9c0d53cd3fccecbd75d7e2e3f31686,DeepMath-103K,19470,train,1454,1
1455,f7e2f41475a5fb5cbfbe5b1eec58a5abc0210fc31f89bc32649a97765a2aa76a,ae787951132243abed43439df02cece842d4f779ce8ed797ab18731ddc2f0fb2,DeepMath-103K,28052,train,1455,1
1456,1b1c30e869621cd6a6c5435e55c0722706d7535092ed84d4f603947a937e0435,c08723f86ef904d427fe3b83c00d8903ede86f5ffa589fc3d2b349324a26f29e,DeepMath-103K,48758,train,1456,1
1457,c4d810c9725fbc6e6da37f96eed1a486f916140e9acd7f3f690322b3086c7263,7634badbd189120d3b3eef0fbf4fef6bb39230ff97fc7ea32d2227dbc50ba89d,DeepMath-103K,19552,train,1457,1
1458,1afb2c928c844ac7361d84985fd055390d0a4bfd57310d6ca18ed87deedd5392,62eac35c0fb2ed3354f58b75ad895b8700c203fb0635c1f52cff3cb08f97bd6e,DeepMath-103K,56823,train,1458,1
1459,aaf3b32c8305e898bf113964c18960a9cce1a3dd226b9230bed24e4aaca68cf4,9a3b86df7687ded0a11ab95fddc355e4ec7876341a97eed45cb82ca2fa0ecf57,DeepMath-103K,40118,train,1459,1
1460,6d96fb6d9710caa8d2597a872b0f126d8f021e2ff700d15fc64d09c0d822af60,08e44b01558602d3a5d089905478fa45cd189b37ba5f7296922f331f4a79c47b,DeepMath-103K,14825,train,1460,1
1461,f0a443aefcdab7a2b62cf7ceef44d86f333bfe35fdbe67b70357d394b506071a,a64bebb97a8937850053e0d43622f42f8729defce621d5b932454a3d0480f2ca,DeepMath-103K,56727,train,1461,1
1462,c3974924075c2e62cd859b8d42f444a7a5d3b6282cc700c5edb25938bc587390,6e30e9a9e3fcbe99ee32cc3fce2c20a1a768e0e21c594207e765da4a1fd33257,DeepMath-103K,38420,train,1462,1
1463,246fe95e7c3a1239fd08ddad3713d4da6bb6f9054a1b8f85d1eb4248bc3e38bb,1a8913dbf9ec4e7ba595a15ca814257b996c652c30ab847f154cf02c56f07d68,DeepMath-103K,8566,train,1463,1
1464,72a1cd77e17f71727103b739e89bf75bb258cb3cf1e07fcafc135d114b5257a5,45ef739f0ad59adbd1d895b3f353448fbd93cbff1db1d0819db35c63b2f110de,DeepMath-103K,25862,train,1464,1
1465,2fced0f7e866c81e4370cfc2acfd936e937a1093941f755e925e10cda0b8551c,6a4827b4cacc74dbbdbd380261d01b8500ab0c415cc10294d19e76878a5d579d,DeepMath-103K,48331,train,1465,1
1466,1ad9ca56bc6c6d20fe047499cc6867fb2ac6cf08d8d992c587bed7b22e9ee224,3e970a48887051f1006e47983881c80da6dc5766a93efddffd15d676171ea7af,DeepMath-103K,41829,train,1466,1
1467,e03572514b003b80641ea4367b3ff1e07f34b1b9e5a1640ac2c361eb1b917560,9a0c2b4b6ecf55a76a86eee1b8543fee85777b51aaec6674c0bc299fbff0804a,DeepMath-103K,49939,train,1467,1
1468,4cf41d59cec9b69850d303db756ddb81ea6a1d549fcc4a41c208d23de060dd6d,7412602ffb525c1286873d702e482c431fd398580383fc804f9e2b68a485bc6c,DeepMath-103K,14808,train,1468,1
1469,cc13508182b5f36cf464dcf04f0ba9e0ac15d9b851b732c7a89be615f68ddcbc,912b402f33b72e64bcbd9e25c8f32bd22d6b0aa7ac6098b11716a891e2232151,DeepMath-103K,33791,train,1469,1
1470,0cc69d3e20b380c55f8aee623cbc691fde9406ea5b8f2cf5372ae6c0ed748434,6ba6f36d0f74ec5f7e2b8244081ae79b12b4b527747eba163633ea6f5a10180d,DeepMath-103K,34130,train,1470,1
1471,de62395b0b55d013811f00e7026eff1669a4373b810c3fcfd96806ac9177c02c,c45b246c0cc77bb0d4223bf1a059ccaa9dab21105e7c73d603d29cd6e8c15f15,DeepMath-103K,15644,train,1471,1
1472,b5ff60a790da092b96abd588519bf04a1223d46d0365cea6bc6a687483514f63,e33828d999a75d39b453455bee1a1196360e974faf267fd8a21ac1ec69eba965,DeepMath-103K,30347,train,1472,1
1473,45d687d42f9217495eb547457a651df158b0478b4f2cc29cdecca8e5739ca761,6849b746e0085cf7121ba54faf70ba0b675a12075327aded70effed7786f63e3,DeepMath-103K,29230,train,1473,1
1474,8ad1cf5d3dac39bc3a5405f20bad3041845859632db4b4ff2deeebceecb95501,43fbe8f2c21d70c24339eacb8e00b4099ac04669239c2e6554e511cd8909543e,DeepMath-103K,51292,train,1474,1
1475,74471d5a03e14d76a7522f0f601ffa64a0cd1437c8b676387581ca65da02d601,f6e5db56b024873198b02ca0be176ca2735ddd4198ce937c1d91567d63d2773d,DeepMath-103K,31078,train,1475,1
1476,09292083ba9c8285c9e55f9410e67dc5577033a48c08aee036ce094a6d4fab04,a1e94f54dfeab2ce7c04a01c74dc31ef52325b7910b1bd0c8f0e5ba1c6798d3d,DeepMath-103K,13497,train,1476,1
1477,03192dff7a014199c7f1406744c6094163248179cf2e213d535d6c2415fd9be3,8c4ad780ff8c4e2b0291955e53ca651ff70a99d443519ac6272dc956f51664a8,DeepMath-103K,21091,train,1477,1
1478,a12ec497497847785cb50b668db7b9d70026955a9dd0caee6bce04513d5ea620,42fcf3ddf5f94ff9a39837cccaad881e9eb364e1f416d699804bcce67f9fd0f6,DeepMath-103K,45989,train,1478,1
1479,db4e17e88ae57fbf6a93ba702f6793f220420ddc741173c10cc5679022b79b74,783a6cef52f11f94d16204aa6220f15de120cfa25459fce1d53cd01de70faf8e,DeepMath-103K,3609,train,1479,1
1480,2adaa2fe5439221d65c46a1139b91875418e33ae7a85b614e2f74b39409d6c74,f4a1871a58f55909b3f5427dc8c1c86c15a96fc44e2b5165d6f2f9c4a51578e9,DeepMath-103K,13062,train,1480,1
1481,ae3ce3e1eced17945f6d14e4f4a6b6b467dfbd5c860d756adf56e509a64310ab,3fe1d112583e6b81ba34b300521a5c5eb7ed2258cd2eaad3a5323c81e0324db4,DeepMath-103K,3150,train,1481,1
1482,0de07d22f3836922fb657ae3b3015ed421f8bf0edf186573df97ae818d15f6fe,fcb9a91eefcef4c85213648e13807f1fb444dab89272f56490d83581ecc6259e,DeepMath-103K,1017,train,1482,1
1483,3fa9fb9ca58d95f29d67b9d86854057ec8d860bcd886af9614c518d98b0e0361,d356be7745dc08c18fdfc85df533d3d659bb3158e58b3f51b8a199752b89e1fa,DeepMath-103K,30271,train,1483,1
1484,e708c785a323071b49e46821f6ca1727bd6f4fccc78f6c6d325797e43a863b6c,4718a446001445601820a00e82b8ff09bbf2be21649f04701bce3a1c4cda8a93,DeepMath-103K,51506,train,1484,1
1485,0ddb679248b92c0122c8a2b02ae2e3ce94079418f7904363add5502c7614ca03,540bc81adb9532ddc2e351c6da480c646033a0701f917faccc21f95212d7d638,DeepMath-103K,38454,train,1485,1
1486,c01bf3572d3f79fe4493d4461c4a9520d5db46c5581c0eb1e66c4022f055efff,06704fe9acb59e5165694e2bef303ca02d6499bcc08416de7cd58e4370bf2eea,DeepMath-103K,27091,train,1486,1
1487,487313fd5d49e26755d744cfec986889acd061dd2adc4b22054f868a5f7060c4,9f0f399aea294c579957bafd36451eb8e61abcc82898fab9345381fd3ac17d51,DeepMath-103K,1754,train,1487,1
1488,5a0adfbead33a1fabaa4323e7066e9e402b55a7dad06e80de87c9d9000eed82f,6f0d426be95eb8b73d17111fae97390d7f7b057ffec507fbd4f64018301977df,DeepMath-103K,45947,train,1488,1
1489,5cfa61bd5e9d49e6c78b9569da5d36fc986c785cbadad48515f4e398e5fc5e7d,c2bbec076c3224059f3749cff01f82b982bd7d37547a3690c9c11174bfe49ed0,DeepMath-103K,8720,train,1489,1
1490,8b76d28dee3a77cdd4db9adaf7f53168d857c49ab56dff8218e68c1f6cce329e,44a7f7c068b96bca166488e10586e7b0d3c5e0087815b2418820af3e7ffdd1a0,DeepMath-103K,38584,train,1490,1
1491,371c15c52825dd517a825183e7760652bc2eb32b95712b694f68ca6a73f1de20,2a167e30373fb396e5ac5faafdbc833207abdc19c8e21119475d46d8cea9a215,DeepMath-103K,17483,train,1491,1
1492,a6c2652aa6a00092d9d1ad03d687f2572d34c6385e826cb69972cda43ebd102f,737898d5cfd732b0bcb734914294a48e0492e98372ef92b650228f34a80397e3,DeepMath-103K,56915,train,1492,1
1493,10d13a4a555e0edc5370544bd252239dc8ef5d8af8d96559fa9cd6c3e9728668,c64059af0e65a47843b552b7137e34d5077477f430723ede9bc9cf5e6516e4ca,DeepMath-103K,33890,train,1493,1
1494,3a07b5cc103059d8d5cf39d5a738f497aa81f39a93ebadc7093c79f315dda1f8,0b36a0938f61618ce98d97b9e0a38fb017fd045e4f1f13ad9a1fecbed993bc8a,DeepMath-103K,4605,train,1494,1
1495,8b232c7068500fbc325038c71e571ece441fee7e3a80e994b268c7e71430352a,fe3a17f49bbce728b6286302f873d1d5ddfad422cc1c25a86c236ca2eb73d99e,DeepMath-103K,7670,train,1495,1
1496,af17c04546a315e594edb1e46cbb26d8ca91d339c701506ef3f456e61df24d3f,3a21313ae3e008674b18eb4eb5986541bcf16a87388e30120a2179ae953ef1fd,DeepMath-103K,1521,train,1496,1
1497,0df03feb31f55a21e7deefb2fc4c21d8044c7bde24fe5cf5c474b1f8385fe3ec,5b88252adcc7f61123e7ebe7f34647a7cf62123a924a7791ec35effdab9bc323,DeepMath-103K,35416,train,1497,1
1498,beabef019cdfd21e42f00fb1a049538cddec59a2f1da08f8baa651670c220f50,2acfd04004926d0290751797aebf5a6a5c21d73188065a45bc4fb33cae797240,DeepMath-103K,41424,train,1498,1
1499,4f36acd536d247c5c58eaef58a92bbd94001cc18dc49adf5426011036187e8a3,07fd5b8e3e1a7bcf9b756ca9749fce406c1865dacfac904fe244e5ed92009e88,DeepMath-103K,28880,train,1499,1
1500,86c4a5a223a9fc6af29a98bd87daf820f31695fe94f7bf8f11dfa2c6a5a347d3,70e77293e33d490581292501bf7a9909d28c1b4eac6e74701990b350aadd6ba7,DeepMath-103K,37101,train,1500,1
1501,24e7998935005214332e0eb36849338983555ec39e20925b39823b3df348d24d,2de4a45e500149bc727088520c40694b1406109bf77582c02e008d9cd1d068c5,DeepMath-103K,40726,train,1501,1
1502,0138e1a37f4982062467cdf7527ee3fdd40bd82a9e806819f36eff58d485e89b,fff72bc8742ab0366033015419b6c15902e46f8d4b0d7af2f3345dcd3b4761a3,DeepMath-103K,1468,train,1502,1
1503,31770e16d475b2b5ddbc3251d09463a62b014f6e576313247f9da7293c5a8902,c175f5f79389bc26f58d77142025bdcf71aab82431fb0d5f3730731778244aa7,DeepMath-103K,28520,train,1503,1
1504,4ed030c7066806dfaee35dfc4583ff71254e3b29b6183c667fea8927db76f967,00ec1c9cedf4f1d79418facd094c82697ea05f7d297f2af4361fa66267df6d3f,DeepMath-103K,45767,train,1504,1
1505,a35a0d91101cd2b0b16cecd922cc30de329a473b464ed502ddb182c8323c8e26,3aa99642821e86e62fc29e1334488c699c2f6ad774b5887c959f3c9cb923ab95,DeepMath-103K,40856,train,1505,1
1506,9ece965fa42c5f80ef6110d8abc109ae5026d44bfd2e83f8d0be5f8306ae6e05,741349e3e9812df4a099bc9dab49d6394ba23a5f4cffb9a1345ccffa7e42c150,DeepMath-103K,50352,train,1506,1
1507,5e1d04e3078dba62b5cd934d8ff5ebb1d15c0ef81bf20306bd19fb07c8778dba,7a0675344345c88949198b66b03c6c54b6063489c2ae39c4ce2336573e3e7fdf,DeepMath-103K,3619,train,1507,1
1508,717980c92588bbdf30cd4b195c516c8e533a9d955ae63cdad05e455d40cb31d8,f7afec4d4e463cf7df1dba435d4b820ac4b50d4540d619c4833a5e366d0ea804,DeepMath-103K,44545,train,1508,1
1509,8b187cddab2b0e998b70a4568aab5c033fdb17bf6dfea980575c617927c90868,f98c3005827df9b8cd3ae0c31afbb1b0f60ddf5bcf100204acecaf56f4780b95,DeepMath-103K,43773,train,1509,1
1510,4b7d94e98be643103dc6ebcc65b29b58990b999344e226a5b046011d35c289ee,017819c2a4ff98962bbb8a23d6ea984c1acf2026e3c1c67ecafb863e90e58f8d,DeepMath-103K,29702,train,1510,1
1511,6bf83a11f49631c3f89b25767408464ec98c5298252d9d498ce2d74e4c6263fa,fa2bb789ec7b5d93df5d99b4475f43d69d507cb3ec14f3878369d01ad4f00ff1,DeepMath-103K,31306,train,1511,1
1512,90537a7a7acd9142cb5b1075374c32f5b3afeb43ac43be6d9dd58234e44127bb,8d30575212e6bb864ecdd4433dbdbcbb525369f5e98d921a1b7ad74c2085b197,DeepMath-103K,34255,train,1512,1
1513,036712113f6c26c20cb77eac3472b5eded44f22dc4acb55eeca7bf722f5f403f,a3eba5a5cd46a7658ce2c572f974af29b6fbb8efb7906f3996123e938311fe3c,DeepMath-103K,42751,train,1513,1
1514,cfe5d65de4c13bd5009c95da636fafc2b73ce8367183414b4697a306e68ea13e,f6374db019d7ecdef6430dc9985e904fa51c7e75de88c9a5ea0468f0e93b4f56,DeepMath-103K,56270,train,1514,1
1515,a22920c319de9da1cd8190719cb1faf626e9877f9f53ed21c98af80c8360e118,b985a9d7772eb06a9d51402572021cd124175b22048b14aa7a302bcc557d0f32,DeepMath-103K,20200,train,1515,1
1516,24bb7dc78d4f072ef008bb30500965d7151975fd4752402f6221fe00c19e9ac5,6aba9f6fa5001ced3ee5451a853c159c1883a4f5cbc8c179e11335a5c81ea6bf,DeepMath-103K,31860,train,1516,1
1517,69cb657d49fd58a89e8c3000e11a3ebe44cb2ebdfa23ecad963376ab6876e5ec,5f3f9c7f61458e49dbc42801829bc9299db47975f06c8229bc216866e5f4a5e5,DeepMath-103K,48247,train,1517,1
1518,5cea20615eff6e0a3bbf06269e4ab0a6ded45330e8c03b81c65ea7cfb2aa33d6,8a06ffb63aa9d62b3d7f9dd1f0aa5739e4326966969cd5f4a06ca6b151f36f70,DeepMath-103K,43476,train,1518,1
1519,2422a4860c7f601f3b5f7d95e404309d1aa241311cec3188a5f845e2452d4a47,f3cfc17470a3eb6a45abaf94f3e6a7ef9cb604381150671e4a720eebe12fb7dd,DeepMath-103K,53671,train,1519,1
1520,88e8355ed09aae79a0f9bfdf69b4ebdf2598282fd8618fc0d41f45f11b9e5eb7,35186a180cda2dffce66a03f43f03be6ffe2c2b15aec6db5577585947eee2446,DeepMath-103K,40563,train,1520,1
1521,bb172ca22ef507f7d9a923b043662f2a9345220dde4c2db2e08f5dbd0f38a6bb,25bc38f72e987a37ca5af85a2cf9d450f259861997a4a28479b6e5d093d3df63,DeepMath-103K,31504,train,1521,1
1522,e336c19d40421afdc5dcd2600644feb558740348862b0e76348b9ce7b7b40ad8,4471813e093de7ce55e2e99cdbe97fbb88c8fc93b3451ff1635923be5abc75d0,DeepMath-103K,55369,train,1522,1
1523,0db71f906186767e70afdcc116db4cfa6682e259489c69d2e762ad803cc61ee6,233e57b991ed81392df0417fbc57772e2dbac03a8dc1133fd8f3a8ede49e9980,DeepMath-103K,7051,train,1523,1
1524,0c26f6dd3c79ca1542eb32c99b6f43c0dea01cacfa1995a5a0868ec8a5c6c36b,123547f93a27e2a8da065da035d8d7eb1a982443bf1b4e854d0ea6d8b8c0f18b,DeepMath-103K,55522,train,1524,1
1525,767fa225f4c392931c0faf736e533ea400353739751eb9ac7289062bd4f575f2,e6820e95475560e58fc97b6b994c8b9adbb0728cf6af6de900c2aef691b924b2,DeepMath-103K,14122,train,1525,1
1526,dcf6bbc679221d042f226906aab45aeb9272e9a0efde86c7cadfbd756a56bd22,c0cbda6f6c37ecef7c523d63f6df8493d1d60c5182b442720c95de940e6a875c,DeepMath-103K,34874,train,1526,1
1527,8b65a89ef51dd58a73f8ddba07717f95fa0ac76355d28b4f470f73c023b13419,218c56a3db2173125fbf2b105a4764f48ae357ee659b87192d9fb03023bfa502,DeepMath-103K,36028,train,1527,1
1528,d69d96d4992afdb82c7c5df6b238554e198fe95dd26f479e7585142c9f6eb6ad,1e840097e9d81abc7bf979c86e731bc354c50a2bfb08fd79761b8123f40a4445,DeepMath-103K,9088,train,1528,1
1529,928bc9c4240efbf4b3a9293c2e70bb18595fe3947054c0cf18bd00ed20b9aa01,829243a211141a451a9e919fc3059ebcc737e7a621603b3b471b8b772427e7bd,DeepMath-103K,2739,train,1529,1
1530,c09b6ec81fb3d11d1afd3f8c1fa2e5582ffa1d02706f04e02cfa8306bd5c1d94,897836e5d2ef68cfec904daaaad2746b68ec5bcc555f6a827ab2550591b0eddd,DeepMath-103K,12662,train,1530,1
1531,fd5fb253af662acf09429f98e061e691b0e123298cda1b52470bfd9bc44d4761,ca1c30103161c40d52b3fc3ace954d13be3c27740e0bf67235109b7f4335d385,DeepMath-103K,33227,train,1531,1
1532,68361a1352d9eb312a1ff1c125ba64aa41649ac79cb3dcab2caae85eb602c8c4,8973c0eda388105c412962f6d105afa1f466e1dcf86bccc14c292d59e065bc8f,DeepMath-103K,31823,train,1532,1
1533,dad80509c9ce39e4f149e2fbe41143b76e85a1c4d937480789c2471503fc67eb,4f7878f2e4537bb449b8bcb8001a2c4bb0c9a2c711d0554b548b9ae87f914770,DeepMath-103K,54743,train,1533,1
1534,ae6bc9f599599d5f4e771e54722625549d0c00fac1f88c957381cf08fcd24c1a,c2aee0da85bb89d4e03909157d17ba75ce1186baaa6d72e3a35c909e05bcef48,DeepMath-103K,14055,train,1534,1
1535,ff4ad3533ed6fbe67a680247a60cc63a46e6140c51a496465bc7eef8f3d3cbcd,aff010b6e0e32fbf2949a043fd3b07ab2766b1be946c11acd54e405e0767d1b3,DeepMath-103K,30050,train,1535,1
1536,5a35c8fb88c28c21306a52dd9550767e4ff0e5973fec9e853693e56acaf9d0ce,a4b303c1c14ca2c17afcdb23b397cae8e4f2c98f2de5e74f1ee13cd8b5c3faa0,DeepMath-103K,9844,train,1536,1
1537,765307dada583a6aaa36f6e0fc84879aac812a4176bbb211222f7911beaec241,7f72a97d0cda5d1dbdf4f64a12679e88d3cbfaf646ea31685ff39dc4ec4f7e63,DeepMath-103K,36552,train,1537,1
1538,def2d7309e0078f55090b972d7914678e3401a7eb96ff2b36142b6f01314b172,412e38b59797d5b0922cea0d7572bb556e093d64fd832519bdf7d62ddcf8d419,DeepMath-103K,40836,train,1538,1
1539,07f407aeb49267e780f16f37cdf95e547d2d25cd39bc8ccf229f8f6fdbf14e9a,7b0bb1a9e0b9011328e8155af596df97036fd6b5fbecfc6fdecbc69d3aa35c66,DeepMath-103K,49915,train,1539,1
1540,39914e6b665d05330b831251bd2c14fb4c04c5d54b77863743caf253f9715737,e2643f6bd1d8340f5339c085d14842525b8f5b54680b5ccf66a6840c8ce19dc4,DeepMath-103K,347,train,1540,1
1541,4b5945022409767167989a63a2bbd27813c39a270b914b27df0dcbc01211a617,85c1b61f22fd087b679f10573bb6677690a2cac08161fe839e66d402c865cee5,DeepMath-103K,1798,train,1541,1
1542,c6f63b969a8c02983cf724eea4f7d6b89dcfc9aa99758a8c40f25b9e98a4e9b3,6ab19a82e1037aba6aa5b56bdff9fc52a04e12353a9d3f46399561d865c473af,DeepMath-103K,56949,train,1542,1
1543,58876d56768f11fdbfc9b186c2e7e54f374bde154fdfe1a2faf2809615b91576,a44c62c3e9fa7235dda03e8c8474c417596e235056a1d84b960eae096847c60e,DeepMath-103K,15970,train,1543,1
1544,b43aba66c9edf64b934ef51c009088575a42348af542af91d9dbb74f6fb1f506,a7847c4bf430aa85824c0616b5113c91e69a8d4f2110c10b03a392ebe5bb3861,DeepMath-103K,52073,train,1544,1
1545,7207fb038218624d414671de1b237ed6c9b90bb748eaae1315839a5a9fe2564a,e4bfd319dffb924ff551a5509815e5308ce130ec05581dc05f917dc1db173d92,DeepMath-103K,23690,train,1545,1
1546,8127fae81a743ad217d0856cb324882d0695ddaa0e6454e1d5360681939072b3,d4587e63146d51a601a8c65f4e77b92aed5af874a230845fa63abc795a6e3114,DeepMath-103K,24082,train,1546,1
1547,885b5ccab93606d0f6f242cc32048596fd56fc8276019dd4174018af6b116c51,1c4f12c3c59d464b4bedaadd7d7ef185da50ad06dd1caa1e448e72f455aa339b,DeepMath-103K,40750,train,1547,1
1548,371a8c0644edc3291be58b175295a42743bf2df427cc0dfe782e1a15c1595771,4e47a93aa64aa18b1fa3703d1abe67602622e4e3453364a2935eb22c2483b81c,DeepMath-103K,7112,train,1548,1
1549,7d12f5b20889b8a50d047a5739c753e745689378487a7140bd6f649a673721e6,06f8ad5f0d5e65b7eb58ece3bad23ada489aadb27fe8fa371867f071f38d572e,DeepMath-103K,33152,train,1549,1
1550,7a7063f371c4b64cd24a3f7c4fb2d96b863eba99838a8a03c53778ac6d403193,33927d3ed056d81190d005d2c59d18f5702bc43e62988131c67fc2deaa201ac9,DeepMath-103K,20184,train,1550,1
1551,16c6bf863c997a90c0f6202d951ccf26fc2b0d32f9ad0356e8f76ddbc04da469,147d5da78e109c7a89ccbe3a4935f8e8c0974dbb36935826673ca60df5e10ed8,DeepMath-103K,10183,train,1551,1
1552,dd718a3e49988211b9c1b4a4c669e88eb2b8dbe34af65c5fb2bbffe8a9d876bc,c7491fd60742943e00d28ebe13b9a9553f183713651df3a64f0d4d1fc0140b3f,DeepMath-103K,7245,train,1552,1
1553,629391b2a0dac0b261c1b6bff891338f8f29a3b96be15667a59766e197952b07,75f7fcb41744197a8eab0adf6c5dc1b47452f6212e76a4cd41185aa1c67a1c3f,DeepMath-103K,41381,train,1553,1
1554,5fc585487361db7f79f46feb9e4cb76e3307a7beac90e92b8bce18403b4b2b67,db29706430fcee951a4708dd1644513c30521c32805390289b2ceba300c858be,DeepMath-103K,8682,train,1554,1
1555,738b37bcdf580d54cf441c47beaace1c727633ddd8e745c80ea0036bc372e78d,2ccb602b4bee6cf5687aca47c419255b75ef23442cfa56fa8655fedaaf5f41bd,DeepMath-103K,35216,train,1555,1
1556,363624cf970d58f908662d5f3b2dbcfb6a5d9a578777e865418df93f4fcb9f01,1ffb6cba64a9c7c68bbedc79fc45b17a5fc0949b665c334a0f1bd8adbdf718b5,DeepMath-103K,29507,train,1556,1
1557,185ef62c41a09eda30dde6868a661c9686fcb43f531161bf9d17eb3e54cf2872,19d42c6cdaa7f72df8fc9dbd4c3aa7389bf4056713a30ca75a724c15bf4c603d,DeepMath-103K,14564,train,1557,1
1558,a0a6b2c0cb8ce16b820718a9ceb059f32fc069cf616c2b96981a8331438cdf4a,f8199dd6dd377d6dffff6ff2da2d58f37f737b1c3e1b7cdda9d733c5e47bd7d8,DeepMath-103K,50643,train,1558,1
1559,63b078f8629f6b01578dc956e2eaca9e9bfe5962468411b7d6a8d6b8aace18c7,7ca9ef5abc3bc4f7039d21ac027a76a3446bc177ae0476dc3602024d190f46f0,DeepMath-103K,43822,train,1559,1
1560,1559312034a6d7d74acc35395339c7a0676869f93bd27a93baf67975d5599400,550e5983525144582291a3a86487c056546e027c31eb8aef8a8a48f9f18fab7a,DeepMath-103K,26017,train,1560,1
1561,6193627e709a96da37a911debed83a0cb29570ff60450cdcfbfc5624f8325249,abe7b0b80a401683cd42c611b7c6e139ad285e24a5200aebe7927338279075eb,DeepMath-103K,12594,train,1561,1
1562,7e21e8e80918759072647556ffa94707b4ab19fae9d38a6002c0c44c708d68e3,3784137b50cc5fbad2cf18e56f24af38655e0c93469fc96144e0dcc7626135d1,DeepMath-103K,6475,train,1562,1
1563,3a0bc0e15e8f8bd4dd34e485d23da8e2d3836648222f5cac5b08eaaeb99f0213,d63e685ed8bf7664ab4c7b12b1c0fa029316cc5cdab6aeac8a7ab924610752e0,DeepMath-103K,21550,train,1563,1
1564,77491cd1b44b7a45c1168500ef624229b98fd6f40cf2c0f4fec267eef471ad49,46f89b35418dfe59fe0d3e6110c82b6e11c3d06313d52d382c69a7c146672549,DeepMath-103K,42634,train,1564,1
1565,351867026516eb9e15d6cba6f1fcaa4d5d165352ca1bd3b4c6f5a7dd8a45f68f,e6c4fc4c64f97451a4b220e9635a192ea33b38f32ad47f1556393185234480b9,DeepMath-103K,44688,train,1565,1
1566,edd1e25ab90d04d0095b9f756802b85b2cd43baaa0701c46189134a4c4336799,d27c5f12e0c999be395c78178609841056839f7ce38bdcbbbee8093801ca23ee,DeepMath-103K,48805,train,1566,1
1567,9e1c373553bd92e2a325d270099372be2454297ae0937fe50853814511169010,a04a7f8470086d418bdba037816176c304c1d6c5ac5a3d3dd6ce4d717e9fd57b,DeepMath-103K,34691,train,1567,1
1568,7d4be054bcec00850d9303dac8ed76e4f2982de0d9725c06971adb53025827fc,a7b2455b10839f2ce9672d2d6f1f5967c1c93b4167e980667dcd128b24b7aa68,DeepMath-103K,50134,train,1568,1
1569,0bfccd4c4dfb3fe5fc30abf85f938d260676bbf10d53caf8ff6ed7b30e4a4e0a,8f59a33d65240e1bb53a7ecfb0d9296c0e7c0643cad912e203bd7e59ad7b31ff,DeepMath-103K,4973,train,1569,1
1570,c0ed4330fa886a84447d79b65c153e36b6d6fe84bbb55ead70d38e2393c6d1de,812705c584c3787830a74da60abe40f36f60d518c10ea0bfa4c56b81837448f0,DeepMath-103K,40454,train,1570,1
1571,de3978c5953970d118b44c0cd3d69add37b7298d293a9918fec2ef78d01db296,f4d355b8bd9ef27989667f0f4897e426aef6b88f28e8f9b90770ef0960092e2f,DeepMath-103K,18371,train,1571,1
1572,ed86210382a7ee585bc1ce0c33818d1bd6348b29c0974d002e75e56925813703,941e752d016c24b5d3fa124e7cef2d24ccba147d5601defe8b6a6a8349a32829,DeepMath-103K,8851,train,1572,1
1573,ab72d9683c35fb25f85715dd82e439fd74796a43c72860b72c576f4c3821dfe9,3ec2489622e987d57156c06a8c4ee6902bc3d9332a4c064b73959a0a88af8a59,DeepMath-103K,27212,train,1573,1
1574,0ef8ec6f363fbe2ae0aed100ef4a89c8a8fd1f1e9c79871a0c3648d903749d01,394f96d7254e2705bc68bf93d7e32358701b3a051662ec1da0eef8680b0fc070,DeepMath-103K,10038,train,1574,1
1575,dd4ae8ccc746fa2498e4f48100573d878d96ae19fdafa580701f90f6fa11a4f2,b24a67509e54d66a67cb9d123fb5a9467553298a7a01ff2db6c3d35f1830b532,DeepMath-103K,46106,train,1575,1
1576,a9dc2026473f2bf4f24ca3013936a419f5a7b4916b0b6d129979ab5986c17ed9,c9afeca9d8b2f19536b52d6ff734468c22e49963a0b1aa21909b6d50b45c2fe9,DeepMath-103K,11736,train,1576,1
1577,96f7fabae92ec2a6a73eee67b307f939f67b831bf91d5614548b8d38b8336acf,5af7167740cde26c6c63d6ec6f68a92636f37df716b0f28fc1eef0cc664ceca7,DeepMath-103K,35876,train,1577,1
1578,e36231a9999dbec4078bb96c6053aba20f27251b3523a69e0806dd302b43f33b,320705b96837d56b85d1c37edfe64e3f8cacdef60c56e640423d38a70198a3d0,DeepMath-103K,12044,train,1578,1
1579,8406ab795ae34937380eded405eb7c61169ba936df283c86e1f04cdcb89fb8a0,a6b8bed18de928b50e11149df170ef89c07ab70f70c9102c8845aed90598d095,DeepMath-103K,46961,train,1579,1
1580,0b6bf210e4f3c3aae2024fb2f8ddcb7c05c380485668c6a27b934514cd20badc,2f229c8f3abab7492846610cff244da506e189a1261776016f01326d40793dfc,DeepMath-103K,9520,train,1580,1
1581,e10eb69d120f282fbf3e05e8f05ba558d25e73e36bae0643adcc082f796c2a05,6fdaa79d7299375ccaf447c60a8e04287c9e889adc428f23eb4a13dfb3ce2858,DeepMath-103K,13026,train,1581,1
1582,3674352cd3ce230b914e43fad75d99e54b73420bbaa61dee874ae5cdeb52fa94,561327b4478afc82121a356005f3bcca3c5e533b80209f6a3fcc10bb4dac1be6,DeepMath-103K,47526,train,1582,1
1583,711e152d338d9d8ae78c256b6ddfe97909352e5ccce08d140cc7e0897c99ee44,bb06ddcff0c857aa981fd2772ed5c463d6f16f80ff72b5f9ba57f5cc7e33ee25,DeepMath-103K,16923,train,1583,1
1584,4782cee4322418aaac5cfc91def8040f9286467587acd2fc6e8e237b86cab7bb,652d69d3441caa130c11e153e7cc3e821b11a5472381c601f4a3aabd677f4b5c,DeepMath-103K,8362,train,1584,1
1585,5b87dd42d29e2223b048c373fee31f739f6d378b7a8d5d119ccc61c64dacdec1,c1f88559c577d01f6579cc70fb4b97645203bd5558b16cf27763814266ffd425,DeepMath-103K,23824,train,1585,1
1586,49950857e8c36dfe64214a0a41e2dde25f3ff360bbb1288ea49f243fcc54b7d8,fe52b657b987206df895778664abe7c5b391160430c633add71b3474577678f5,DeepMath-103K,23002,train,1586,1
1587,e00c3bb7b297d2d7ad338f9cab8b8ab13b3925dc6976341b5960e6d55cc1a9b3,878732e2786a9e8b1ebaa9537fe42ff8134093fef751a5f6fa070480075b2b14,DeepMath-103K,49877,train,1587,1
1588,9e6b7a08e3610c82ad677b1f69f8adf4cd7214bf4e17aca98bdbe76024f6e770,29e964d7d6a8fd9c4fe3f573b2b8db6ef5b6419a25b008554fa4549ecbce56d8,DeepMath-103K,30968,train,1588,1
1589,0696899ef046e6d82d957cb13aec3fb0c7acc858c7c45285b8484f1e2704acfa,c8b3f9a29e43bd185601628442bd0943cc1bf3f8e1d4cf8febf3bb048b9c4407,DeepMath-103K,526,train,1589,1
1590,1dd83b9aa345b6ce7bae70c2e99f1c506a58f59aec09287c0caa214648170b0e,657120063c298cc72fd5f4d8c77ef0ce8c05faabb9b8528b022c8ef76d086a13,DeepMath-103K,49964,train,1590,1
1591,c53d36ebf8454050ffa0d00ff2f9e545f4c140fd9344e165f1ffec01bdfbba01,931ebe6c2f6ecfc7e9f158dee13d61ec7d5f24dfabdedf28a0ad0ff16886b444,DeepMath-103K,21458,train,1591,1
1592,6234e16b497b9a3c35693fee3530e5f405ea2b5c43b38f639372605ee7d5af9a,5be0c879a06baff78bf616aec6569851cfdd80745bb5e0b4e9365f4f118d1212,DeepMath-103K,47226,train,1592,1
1593,2f1d9b29fac1430605c8272cb498d850f303e0c407932072237940295dc1eb0e,ef85f54362ff4e7625252f89cb60297e36938f52f18b755e637251312032b21c,DeepMath-103K,26807,train,1593,1
1594,3398796422b6ad4b1abe0f22e5fc67277531fe5a79a389807737accf4d051e7c,ce67cbc9922125b3c0c60ad5f06be82157de9d65f437049f6ad84f62495b558f,DeepMath-103K,6158,train,1594,1
1595,73f3327b1b136488cab2c480d39bec55eb512c44d010ab7b8c5d2899163c9e1e,1f5d636c73075ed7615abdb0262da1d1d7ee6a84d0953b87d806f60cfdeaa39c,DeepMath-103K,29896,train,1595,1
1596,af5af0506bdce9a7dd4f64b03a59b6fc1f8efd083af79c02e477f83ec26de104,19bae3769a874642cb78667e64840b3ad0e360290fabce60a63617c8c7b2b660,DeepMath-103K,56896,train,1596,1
1597,3b65a6132ad6b52bf29e8c69fe5cbec7cf38edd1762c7bd6c505a5bec4ac814f,bd56604edfc4c4e6e7a8e6add348e5ef8f69186f5ec8368fb988445f59350ae3,DeepMath-103K,14056,train,1597,1
1598,8b21540cf854a38ef11bc7d4f2cff279fb3e0a52fef8da4d83ebb00bace77eee,bbeb587b57567e650b380cc07ed23d6d59bdfea58f36f8f6cdd7be6040e665f2,DeepMath-103K,19875,train,1598,1
1599,43268bf425110b35409c37cf1be2517c9d4e3c4e4ebde0527b59936293a24e5e,dd54bd1c51457a2abd878cc056504fa698a9eb26b79312081971be15a4c2a57f,DeepMath-103K,5503,train,1599,1
1600,23813a0aa7c59a6f3584978104c57fb4f5c9b0a9d9ef68e1d35f9c0b42dd0824,ddf854a15c2f055c35f96542981c3c6f423de7097265a01693cd1624bbcf865f,DeepMath-103K,4294,train,1600,1
1601,7f6953c1bf4d7aa1535551e25b59cc4a4b7779ef498c28ba344540e17e8ce469,ef81b7be96ed1d52065242a43ae111b88686606421158ed47d5477fa12c76f69,DeepMath-103K,43069,train,1601,1
1602,64ac4c0284e5fd8dd5b5c9fc8eeebbc204d6020e4f5ddae304581e0f5eac0f40,94d74d099808b57005f465378ea751c7961c808380bb6286509b4b3f39528971,DeepMath-103K,19031,train,1602,1
1603,0871519ba7b80224bf6eac1e7cba361ebd59a5599fd98a6fab6594883430f36d,b70fac89d97d4e0a5794808f3c047a49aef282048c985d13241bc82a3c9e9c69,DeepMath-103K,55229,train,1603,1
1604,59c2e9b9613b800b74352edc9b0763ccd890c12f1c9d66dba0d1cd6fc9be559e,ffd8350bd6a00cc6c75ac52da1a28634d021161bba0f74bbc64f83fa47612af6,DeepMath-103K,18683,train,1604,1
1605,b71e0f10caf445cae2618c994a0b7edc9bdd3bfb9e007ee744093bcf21d32723,42c6e5451a6f2bddbe82f189c8535be3e850a4491d202bb7fae7f339e2e7d940,DeepMath-103K,46102,train,1605,1
1606,3e92b924177e4c9cd846342e00bc24dd245c4076c68e0e11c68626565d93fc7b,2d8bf65b5c79d6433211cc4169b2e2e3c6d3981db03dd409379ef527842301c2,DeepMath-103K,5819,train,1606,1
1607,b337b1fe4778be8e6a7518ec65a1e638d5e825c436679a7cc904a967e48fba89,937aedd2b7a522576fd5468f23d6ed8c6e51df4566d3b8f971d11ceeb8941b2f,DeepMath-103K,14978,train,1607,1
1608,65fc0ddf3bf06a5d1d5a278a41a4284a2d6005f6d5b926c3d2dafe333acc158e,e6a8457af5032739d82f33a6a2432f47b8c7345b69cf87d89432e50bc6dc85b5,DeepMath-103K,47358,train,1608,1
1609,85ca31dc178617f60a20a989267d2a0dfb526dadfcd0c3c8e9fb13ac3e7f38e3,008000ba2ab00f2cd85fb9bcd20cc32a6686591b48161cf6cada41aa432335b7,DeepMath-103K,3588,train,1609,1
1610,aad667b2c90ff4031b5d801fd767c40d6302e652ad3a2697c9e68df59774c76f,6acee625b0c435ea043fb6809a34b3c06fc278b9c8269aab5f7598a067e1d553,DeepMath-103K,27874,train,1610,1
1611,5187644dd747dd40d3cb5a8eb0c5ac3f69d1e495aeb1425ca539295691e48a98,8124bfa2b87811bd6e2609517561268d0708bfcfa139e56139cebe8e10788277,DeepMath-103K,23906,train,1611,1
1612,1e11bf32d42ceddf94b21c0e48f4f77a996582b6718feebce2d9f840253a3b61,94133338f418cfb5cd3f78b13b21a6ed97b1d4e4c280148aa848fae37326c7ce,DeepMath-103K,24002,train,1612,1
1613,49968fe0bd879d90d55f16ac907ad23d014d9b90ca55fda2ba53a69723fb364b,9a41b751edf06409e6ef85a93ef248570b6345cd95a292f8849435947dfbca56,DeepMath-103K,32621,train,1613,1
1614,9869c423ceb71e7cc9fc80f4f7f6b914b163e6c2bd7c72b4fb55d3ab7e0c8f4e,3f902701585f3065a14e31b0fc48dbf801c8dc5600ef6088443991beb82801c1,DeepMath-103K,34548,train,1614,1
1615,da26fec7e0320321eaa29c6d4bdd01b17e723f86ab92e399d9759d5b08ce2ef5,bb04ef786f4dc86e37191c11befc209d23d464eb7f3b460da838bdec45735713,DeepMath-103K,5597,train,1615,1
1616,895ae02934bd6439ac8c31daf5b6ece66479a2d9b834dbbba8f64e3dd7bcad86,aa10013b311d6991d771f81a65c8ea9487cc57f00d3e202b1c9bf19f3229f912,DeepMath-103K,32592,train,1616,1
1617,6f12bbc58c4cca531adb7ddd742d79c7a753127e9fb28d6b4983f00995619054,c8e776e25bac248d8dfb41cc22927833cdf31c6919d51f0d87b9c880b4a0c151,DeepMath-103K,29556,train,1617,1
1618,716996fdc63cb13b31e2ead904c921b09ec0c94748d7a2f8307556dcf1b968df,ab3d9d5a27f880547b63f45947f027f62052a84a7c8c6889c4e6faaa1658a10a,DeepMath-103K,53843,train,1618,1
1619,bfc6d52f02e58950a9733786b2008865ede1ddcbecb2005aafbe07027c0b0761,130b0f87393a216a7f6995b60292b50c47ce81fbb1226211195e6745ae1ccaa7,DeepMath-103K,21689,train,1619,1
1620,206f843fe64876f92f47a38aeaebe57fd6d5a41bd9d0dfaa11e01f7e6f18bf77,801c87e6c4de492eb2b8411911fcd854193f0f048220341f43c910409e91c7f4,DeepMath-103K,6136,train,1620,1
1621,f074c2f6bf7f8ee538eb77106f429f36e73120ec8a4f0382f7c3657f4043377f,456f5845a6a1b72034ed7983d2bebaded8e53cadfc210b86165372d93b0ab819,DeepMath-103K,21267,train,1621,1
1622,220e565057a3c0e4ef861a087d2d494d07e54cebdd8a51548849928b2a455cc4,bba3a93d31a9362c2810783d6de602eb5e4e33f5260e9a90d4bee6696a314db8,DeepMath-103K,18634,train,1622,1
1623,00c442de02761546c4e38d59971abf74bc260a6be00983b21008eeebbd505ba8,5a38173cfb9b351029fb341865f1dcb77413ad64b0d0bc7f8fc8bcce21427c96,DeepMath-103K,45745,train,1623,1
1624,18252e8794bbaf891a093c1ee3becf3b687606070c0739e4d1e04963716c07bb,8f2a8ffd6a8798bf98d2fe2d38368306e75a0d51ae633fb6b557552aa72376bd,DeepMath-103K,47616,train,1624,1
1625,260f0a9271350d09341eed2768b7801e8a33a0cfada40ee4df2808903a5332cc,d0df99e245d98537ff9650bae0cea13a990cb28178a65bf1df4761e94bdd447f,DeepMath-103K,6846,train,1625,1
1626,4840b4d42d224167ea5a8190bbd0671ce0e5b2f94a5fca6b81c980881fee27fa,e038cc4eb01ec74b89ff122fa4a7bbf4d40b7831632879bfdb984d936570d768,DeepMath-103K,2662,train,1626,1
1627,78368644f34c134d5aac63a7dfd52dcc5721b3dcf1b3cd97033e49ac512880ba,46d1d2371dfb47adc1c60589bf47225ff5af06b8d57df5f02182720f9dbb6818,DeepMath-103K,22177,train,1627,1
1628,03ecc0b96427f2b05928ca26c227252132d45943bcececf453094bc5ca142db6,507f8c10337d220c9757016e4a0ba313878f8652fd16f965742a5a2c719ec2a8,DeepMath-103K,30337,train,1628,1
1629,0cc6de253acb5f0a33505ff2730209912353fc7c6f53ea0b5781063300604553,d2ac6417a4a44dd47c53e960a0b2cb7401b1cae0098abfabf0be87a1eb49ff86,DeepMath-103K,27071,train,1629,1
1630,9b1d95a1918748b19d83d1abd694c1476ff2d01a9d9c135185eadbc600e1732b,96da83243363b9260d6aba1dd7fb91b5ca9787ba8dcac3a0fd1d6c63c5edd204,DeepMath-103K,8658,train,1630,1
1631,6716ba52404f147daf73f49fced83ba54fd9d57626f83b6c01f8bf78dbd0ec4d,afd168580e68b231114d1061a992c9369ecd11f05533071bee303dac853f6f1d,DeepMath-103K,14713,train,1631,1
1632,8c508842b860830d4892d29ee8aa89a71407291cdc5efe5991927180b1040ecd,9391b5945cc90a1eea5be29501a709411890b113d1e52084c7db8d5a5d8d664e,DeepMath-103K,54753,train,1632,1
1633,fb2b8cfd398b7555b445845be4af8bf81c20fc63f7e8456160af93bd067d2915,67565270c5715bc25204d19466f35dc6a8ff3989a7607cf413b262c1ba93e86e,DeepMath-103K,19438,train,1633,1
1634,647f9f89b1e3e1b0ccd26fabda8e76e87eb662976142917f416d6c1a5599fcdd,d7b187b4b2ce70272bbd1db6f3f04bc2207ed886f9945865daee2dd1c1cf190f,DeepMath-103K,13040,train,1634,1
1635,7f2ef04cbb18f65e9e1f4d7e9115040e01bf5ea08ec621857b98e7ca7a116ca7,9006dab677188cbaee488ae271144555544d421ff86dbb4798d096de9b31df0a,DeepMath-103K,22389,train,1635,1
1636,1fa9d3cb4e288dd191fc73a99e74166fb3693e02bc3422d85c2ed8d3fd256752,74e28de2b33d921c4c8c5e02561932115efb5985dbfd0107414f05c1e30e69d8,DeepMath-103K,4796,train,1636,1
1637,dadfcd908d09b8e37ce55335a1870705933b6d7b9bf58727558b17c11c37b212,1f971c8523f26e839dd245120451536c6cdcba8bed7596c12fdb4cfe890864ff,DeepMath-103K,8106,train,1637,1
1638,35f40c38f136dfb937bdb1368e96269cc2515087e33291c062313055f3cb3378,3a3e9b2afa73374b7c06f22e68cc837830563f354f49f5ad93c40bd1d30283bd,DeepMath-103K,10469,train,1638,1
1639,52d03476e8325e0abf90f97fe21ba78036867538628a25e56ddb69ea61d7ca45,7735e22beb21a3dce6d834deb8f686ee809f94507f30aa1769e26b8b763b04df,DeepMath-103K,4369,train,1639,1
1640,04b8c561e0619b73919823837dc5e8aee3a3c8b2b4e237385d8e555a5911e828,81e864b8cba7997fa0cc157948609e3db58b37180dccd9ed1dd43f90af1a9047,DeepMath-103K,38645,train,1640,1
1641,86e530ff0dfb564b867c0c1f96bfb671a5cd4832b4067ee501be3ce257fe96e3,ff8082f84465ed9ad06174b4e7ed88492e302752a912bfad14bf98a05090db49,DeepMath-103K,49588,train,1641,1
1642,2f2af18cdfbe8a757a19987f2a92eb3b9854b172bfe66a66e11748e4a9dfd8df,061110ab79688b314d23f086ab8df2fc03fc13a11cb2da663a73c9d26b0dadce,DeepMath-103K,9827,train,1642,1
1643,0184d8e56e88ed2af02e29cad8030d552a521e2934ea353039872b4bb603c81d,9f9ac3784a6e51dbeabdd37701392af737b5eb7631e1b2e4e4f7a8d2d96ac70d,DeepMath-103K,49921,train,1643,1
1644,56bf120ebebd26a8f266691bb1768036babe081dd57612c14c72d6d013ab5501,61b6e4e725d6e03a4f37004c4402e039256091605736f1956f84b40d4b6b7ab9,DeepMath-103K,8590,train,1644,1
1645,acca458ae876c88ba461b6a0af224da3f37fbf723533f5064e5f44c5e0205fd8,003e57cd8ae47e6db5d648616ec2dffe488c060a005019477e490b7b22d4bd78,DeepMath-103K,17996,train,1645,1
1646,e5c6d883ab9578438f160f8a0fbf88ab63bed0001a42192cf5057526f7c899e2,bb8791612ecfb69137f0c031a0547bb0c8f7d110f20937c52b253861e5231232,DeepMath-103K,50045,train,1646,1
1647,f9100da96ebe205595b10fa906d0f9db0860bca68e809d19d319b27631313a5f,1ba509242cf77fdf6cc8487a1a23e7348f97d17b137289b7b15787a73f7c0d41,DeepMath-103K,29056,train,1647,1
1648,974cab099d4f0c8852fc9331ddc5154e5752bb99f7c1ca125deb360c4f1fe51b,b0655bb8ed970fa61f1b21e578b978b3ee73e7ac491570db1b3b15cd4a5dd025,DeepMath-103K,36950,train,1648,1
1649,b7a760236baa7553a1f0bbd8924c90858af1f290afd6977fb078f405df807d09,1f1cf15af98cce5ac7eec4d18d878e7cce2ecbf4d0cdba1ce6028986af927a6e,DeepMath-103K,707,train,1649,1
1650,a35d84cd6ddb909bbf30c511593b7fb637b27ce4ee06cf6aaeea0a3712ea22bb,f20c5450d6ff254f59e5cd585b2710257521d80689019e583d2560dd6abde6fb,DeepMath-103K,54565,train,1650,1
1651,d66ee9464bca4683e93ec5a74d670ca38e1fd587aec40e083a089ca03231b5ce,79a7176415353801aedc05b98eb58b493de19d80374fbe93c8d97a5d540722d8,DeepMath-103K,39435,train,1651,1
1652,60c22fb94d93200cff90e181e145d5eaf34cf01324a178356ae57b2f2d037b56,456676ac360b66db35b700032e0170ab8f7b42f53fa34660c364c4bc108b5558,DeepMath-103K,52119,train,1652,1
1653,f0733e9686542145dec82a804779d05f8c0ae7721bc71741fae82b4abfe9bd7b,546d2bad4c71428c74ad9a1a650b9758433f80b6c8d4d35ce0249ac33e890f7d,DeepMath-103K,47715,train,1653,1
1654,c63e12050ee7cc97bec65f2d2ac856202247bae3a48a4d500b6bccc42ab98e60,e6033910961797ebb1c39ef33abd39abf71bc25c6be522f3221ed60ff66e8db4,DeepMath-103K,11509,train,1654,1
1655,cf8d4e1658e66f7e39732a24447d4163b28ce963bc57c517e66f90d0e8459ad9,0a4b5600de7975e73d086f218cecd5fafcd7084e041aa11559b412470e46c071,DeepMath-103K,4869,train,1655,1
1656,e24ce4bf09bd9724d76f70ed3c6fb09b3538e30ed17290ca9d260afe3a4d0470,5e4224f1611165604d225769b23e280d6299eb29646aeda5cfb120f3e167f7c3,DeepMath-103K,1147,train,1656,1
1657,8e9721afe779ba2a3076a7ee2ce6e34c8c7fdb69aeebc49ddab94ae5f9bad102,37058709f83c89c3cee00a657d5037ebb2481d85b08b2a367085b7172555ed9e,DeepMath-103K,20158,train,1657,1
1658,d8cf43ea8a7561f4735f5aaceb817e836815818dc198562d693eee6f7395ae26,92598e43140e3951d3635d69edaca861b45fa06d50fcdce158477e25b225e852,DeepMath-103K,34295,train,1658,1
1659,00e0f6e4b0369c305b849d67d82548f1f00fc6844b9e6ef2628ee23fec7cf6ed,903fc73d55ae848e17ad3fab17ed8100feb9c014d176d1df97298a14fa4d4e05,DeepMath-103K,30557,train,1659,1
1660,bda02b5243dbf68a0ce23057040955b7a0e6cbe9fab3d5cf430482f9e116ee0a,b909d867fec4a92087b9820e9828e4a4d6f97df36ac944185316fa5256ab2ce2,DeepMath-103K,49199,train,1660,1
1661,836b040516f47c4ffd315f8de870209438c2b0e259bf0af2f8633c0777cbb988,565849114ea241f420d191704777d80875b1d01144dc8e1da167fe8382405fc7,DeepMath-103K,47014,train,1661,1
1662,52aa4c7c1f01dfae2c0f946e99edd80f0ba6096046b27701dcb5c26c630d1cea,71866f9ee7262f57ff1f1d87232a1eb3116073ddae319aaa39cc28c287c19c89,DeepMath-103K,23218,train,1662,1
1663,4ddf32ab9bd6bfc16b28407e8f1327c3ca8921554cb3757309c0246c52668ef8,a9235c25eac35c08fae59dd128b9d922b6ddb46ba8eb3dafc4fb42a9c7e39e78,DeepMath-103K,4781,train,1663,1
1664,086fc6c945f895feb81e8708d9523121097a998c41b1ab640f2c9f9831b46fcb,01fd49921a1374be287c83ecfee2ab0c62f308edaaef42a9643cf27a430c36db,DeepMath-103K,28323,train,1664,1
1665,611ce92ed99b49e133bdb30861886f931469e47d13db6757e6c9e7f6d098b95e,98c87c6c9d852b2d1976c5f01f6670505c7456d6d61ec00d4ba232b4bff72851,DeepMath-103K,12567,train,1665,1
1666,b28315622b9057cd68b92d872d73072ffc041e8189376ffd4e548ecfee4fcf4f,2b755c2aac2bb3251008e1fa5baccd9143f1413376de38429499a96e42635e7a,DeepMath-103K,13153,train,1666,1
1667,66f9a9a5979827bec13a1819b8a04354b90f5054364c05f3f1ed1f40828bf2b1,a76142a434ebb47b0149b915c29cac0cc8a4f33dcc5c3cde460fbe77075abc21,DeepMath-103K,40017,train,1667,1
1668,3394dfc95f923d8acc2507e48b3339f6df5d4c6a11fe51056a5d5b5155265a20,a07159b63d75e3615182a23dafa7b403aea58bff1858132e3ed7ad7e11228171,DeepMath-103K,33713,train,1668,1
1669,0f21670004ad61ed82f8f264e5e21363de2cbc0fe4459c47bb3b727b266303c5,e4ee04b9c69ba908f8ca682089823f0583d5ad48de7004d5c5c0b17cdb236bfe,DeepMath-103K,16205,train,1669,1
1670,92d4dbd42b050a3e961e16cb98fca330dc3a4dc942dea7315bd0cda82db471ca,91e03bb404848643578bf8f98376b09a7b702d3a9c51282dfb0930a97730a9e2,DeepMath-103K,14636,train,1670,1
1671,095a800eac2fbffdbde4bfbab32b9c5e83eea5ff5db703d3090837ed15cec905,2bdff8b003a4e1e6a4a3df41b611f8489ffc6ab38f418572c46c30beff18ae33,DeepMath-103K,32762,train,1671,1
1672,63b4c2ff2dbdeabe3241092f103b085a4976985f72489a2d708d76868ad98848,ac89715653b89b4f478c692b985d2db5668275f68bb4d91bc678d9e855d84413,DeepMath-103K,32316,train,1672,1
1673,e3a28aa33ef0270f71ccf2b936cf3ef956ede6309e404e9be4fd908feda73e36,869655b7d61d24e01d127dc321648dd15dc429119c4fdd36124d593a2ce01e8a,DeepMath-103K,46236,train,1673,1
1674,330e34d87e5983c03578caf2d9c664524cc50b27d1122715c61a189eac502446,41305cbae79f939961158a37f2ed7e7733ac7c56a9298b2b40d47e2cbb82b85e,DeepMath-103K,11014,train,1674,1
1675,0cdf63f468f914f92a789768af5f4f791c786197ee6f9d0aaecbe2db51e2e16a,075a9dda8cfc12fe10c1fa5099fc678ccd792284631d141aa19918c328bc9184,DeepMath-103K,40232,train,1675,1
1676,895184dcc04e6d92fc7e63167bef17b3c0ac545a024772418c1105b903ee04c4,0a59804f003cd64c1a99fa777c7e3a7a65d4767d11c23f1e0149ccfed648186f,DeepMath-103K,12865,train,1676,1
1677,95935835b573eda12ce9d4728317acdfd872b6d1278307cd6f3ea37d5080ed13,89db569e26e2105c89eeda2240a76d7384313e2f32c98eb24f2c070686243acc,DeepMath-103K,36668,train,1677,1
1678,798d130e534820717c5852beefe42f7ce7d5f2d92acc3c137fe90129eba29d29,11512e5a55e18bcc81777aa5b6d8d62ad025fc1da7d93b33c3cb687b3398050a,DeepMath-103K,52553,train,1678,1
1679,d6816f9b3c35d8f7c31d6b962fcceda47a94910c805be7e8efc2041be95a6452,1acdbca3d7ac837e22486f3a82ff1a34c6d9a695089527f8c8a98cc4f7669172,DeepMath-103K,27314,train,1679,1
1680,ff3041666b7bc7cf9a5e6268f10571748222a17d476984c4cc9332b9821b34b6,52f02a981dde41bfa4caa17b50018cc678c9a88da1844ebed4f0ea66a6d127f5,DeepMath-103K,21014,train,1680,1
1681,58ae2a087018eaee8ba023aeb37032a052e7b2da43592f519e7f97a48bfd624b,6dae07a641d0dc0e6ac02831f9f06a16034deba3d61ff508e33a7ff0a451cd5f,DeepMath-103K,16450,train,1681,1
1682,e0222d34b54fe881ac1f03cb67d8f627c3c18a17e4b8ff6510421eb89f78cecd,2a558e27f273fb136f98349f44f25f0c34b73f864e93d6b6e0e7c897b02467a0,DeepMath-103K,36468,train,1682,1
1683,69b291ca07d9df07120725f2b50daea5a08cc3f588ea723496b3ac9019ad4dec,981f35bf3bfe828ef0a44cbe26aefeca4c186da4222b164a6092bd693973f6a5,DeepMath-103K,13063,train,1683,1
1684,e34f117c0c6846fd6d092ca3101b17247b92617eb806a7c82e7b3fb34279003a,615997961367ea261888b8d81668b6d81a2609e31b6c16869a5e11194096dcbf,DeepMath-103K,28033,train,1684,1
1685,c316c3310fa9f78d74abee5e5bd654d9c4223988e07ec280de9c4020f4b92894,c350c0bd1aeb8c607c99341b0c3f8826a75796ee91689dbfaacd9e5233ef3ffb,DeepMath-103K,48873,train,1685,1
1686,b197ad6d892a199ecc0225b55554e2e786dd2edb296513a3f15375bb6c667002,6b3e0a9772782cd096823e127116c278912ffd6b940b57a6fde26227ef949c37,DeepMath-103K,9846,train,1686,1
1687,4ca076f1820764f3dba22d63a1eeb1716a67b314a708ac619048ed87aeaa2b07,31bec0089afab431d457aa8127c2ad77e164a2c934a2c81921caa5db72ea4361,DeepMath-103K,23011,train,1687,1
1688,1499f8b7e0aae0b737c940335ae22b2c159f1aa974940e8e503125624604fd55,4134c7b8cf4b02a8a91ba0e27e430a485d352c79ac225682273dacd4a21e7aa9,DeepMath-103K,56584,train,1688,1
1689,c334b88198bc8a689172f391afb531044213a07732651537a42c05aee66e34c0,e91b8ec0a75ef3a43d81348f16faaacce200fe3a3a6436443f397deef12c62db,DeepMath-103K,43524,train,1689,1
1690,ce5babc56320a8d660b4cd5c274afc9311633b58213d2663031b355196819a5b,fa13a48dd94b579dbc94430bfa1ef69d191c1ce1f01289831e4dfe5970cbf785,DeepMath-103K,32334,train,1690,1
1691,7dd84cf7ee50a94b0936f50222bf0d66e8f4511a1472db16c2c5cc4b65a9e844,24e973bb3f9026cdc84929efc8ed3440e67cb69a564005a3df681ff10526e785,DeepMath-103K,48955,train,1691,1
1692,45ab6007dc1a728561955540e88f0df27410c81e06c3be7aa072c3ac013727ab,56d6849e4931b2023db57b9810802809eae18a9bcf71725d46c90494c8117958,DeepMath-103K,23125,train,1692,1
1693,676e5f74d2aa78e82308e65258d4c35c8c55c2d9354e6d4ea26be11b86f69cf1,3508331b2d596f9e0211b512f2a4a5627a9e8cc7e716b2e8b6456feed5667f67,DeepMath-103K,3485,train,1693,1
1694,5c52b5dbcd5b004057b3726e68b54dad4e9b8e5689dc8c6f0a0ceed235447b62,fd70d68e5ee3f8e95c7e615f71a6207bf837da6f425da637cddfa873764ccef3,DeepMath-103K,13165,train,1694,1
1695,6fee1ed58c8656010724894c87fe75ef198db3f024632062f5d9ddbc5f6c9ccc,6ebb1d92a2298a8e5b4e4b0245f800417753b1f29711f56c6c5dd401e491fd83,DeepMath-103K,53592,train,1695,1
1696,3f5ae0bc320ac3dd613da4dffbf38964e6a6e35c6d199aebcf7a2698808692d4,b1f5a1f618cb0862dccfaf56a8b089352da06fb7d8ab5f236c9677f5ce7c4eba,DeepMath-103K,38979,train,1696,1
1697,6f235c6becd83be936d84a731e2398f185da948a71763d010fa3bdce8deb8fc9,ed3e9f3cf8b437bb6c3162cccc365ecb36b19b284632708dae89f766c20b72fd,DeepMath-103K,22245,train,1697,1
1698,e286c4faa3a7cd1a404b0f1de82abea7cb482a985f8c2dd307e9c8e6f7a6c8af,9dfb4c31b2e8161dfff4f8a80e22f851b542f5e8644473edb28165a24d83f363,DeepMath-103K,24770,train,1698,1
1699,b0a086ab9c56181315fc0f0418e0346441d2de99d4996432567640af96fe9343,40b0f7b104216d118de7d7c1ec61a047065ec96e6e0951681682d11dcc08b612,DeepMath-103K,45081,train,1699,1
1700,4b71b2f66dba18f3471cd262a47eb5dfb0b2d5f2170b5027a670bc246f3873a4,1b835aa2d4c69d5d319fd7424e1f627f2ebbfad5462f6fa2d71bad12458a8679,DeepMath-103K,21318,train,1700,1
1701,31897a472ece514604ce43196990621fb939a706b2c648b181607a321a6ed1d3,0ead14e8372b87ccdecdf54071217f2c5bed48423a18713050385e4a1f1db199,DeepMath-103K,27366,train,1701,1
1702,d4b4c40f67e601c43face111196e142f4506def9a3bb10d3595dd2558bb047e7,40a24f209497c052437e509e648e64301b8e7583f0d1f200c993f24b44a48226,DeepMath-103K,29354,train,1702,1
1703,cc56a09d4d16a6badcd0753d9ec110cf63b1612107630e8e5b400d86cae003b0,76e9076898c61bedb91294580443250563c5c9a8e885955d4e8cfe956bfdc12f,DeepMath-103K,52390,train,1703,1
1704,0647b8d4c16b0ace85fceb4ecb8d3800c1cdc7eb6528242ee9eb8d59e17e5971,b6b1191422f763202ad1bbf9c7877b1a126ef183928eccc445ebc8fb2a205987,DeepMath-103K,52926,train,1704,1
1705,656f7469291ffea5e172fa85082e02b450bcb667a9620bfaf531cf818ee67ea1,ed8737251e86aee37c38f70c0dbdf917ed1b3b9cfcf8347de788200b0e305f0c,DeepMath-103K,9821,train,1705,1
1706,4fa56101fcd6bf5589b7d473dc7f0e19350118b04b41e0489ac4091669b849fe,caa1833a069bc4b06e9531ffcb52e56f33027c6c9a7577803c1d2e2a4a88bf79,DeepMath-103K,35278,train,1706,1
1707,34606cf23340e63c9f71fbde19be0644c23f47d3689b3e14503268ba94f04a59,47d3e2ac4dd900cc9f11a25a78972a92a674a96fce0b7cdefc2a7e79db4ac017,DeepMath-103K,21992,train,1707,1
1708,07e89d8772fab98bd1b6f2499106a4958237ddc5a0f877f3aeb5421a54e37171,8712f5cb3464c7a7c135927f11b0ac00786fc45ef5d10cec2dc0922ee70a7f02,DeepMath-103K,53371,train,1708,1
1709,bc0545ef93bbfb80fc54c66718c02db6317fb0c201a0b0d83c80f35d70d315c1,a614883c98be4dd12ff02faff8e3b5653fc38be7d948970153222d2810d6baa0,DeepMath-103K,7403,train,1709,1
1710,566b194b29d83bbca8fd4c91ec3821dd2a911761c4b23d4a6ec92433586a4acb,684fe4aad7cd076c74fed93f0771fcd92847fc925a38ac4fbf6ad9db09fb525d,DeepMath-103K,43446,train,1710,1
1711,f35ac3002c45899a7a9a01cc0bc64335e526ecfb6ea10b0c1e441d416cf15845,fe00c6fc2619835a1d007f75418e05d1ff3bc640b6b000ad776e7d6a5e36363d,DeepMath-103K,2661,train,1711,1
1712,ccd88215649dd84790ec3ff1557a1d6ea87c529cae98f24467797ef6f77d774b,2361731056e2213e2f84b1f353cfe416db4d1c35a96ca281fb8c81f289ce4185,DeepMath-103K,40253,train,1712,1
1713,531a9683ab8f9633360c0cf6155db6b7b1cca187b96c504adcc3627f52a3294a,482b596a1289156da3620115c331734244c224318d6d2f628ecaed8d564b6ddf,DeepMath-103K,35633,train,1713,1
1714,c30f92adf18747b5287e653082cee328c539917e818a485c1ee236c255eb3a68,a4a88d89fcd449c1d939831cace6bbbc55a740bb6b4da4106ab4105e89725271,DeepMath-103K,25409,train,1714,1
1715,8f31c1430e8980945f1e58ddcf0f8e3555ab0aa165bac28e09db9cb18f242629,26c9b68a909ad1fde625a19042f300f0b9438e97e8ea021edfaf18dc9eb9312b,DeepMath-103K,7383,train,1715,1
1716,1205b0cd18324ca74de59a02c4662f1691a8689fdbbbe5f76b712dd6b1eb79d6,8ee354d1a7ca1ee3c39a26c64690ec32138941a4def0e8fd2b138c6902743ee3,DeepMath-103K,42006,train,1716,1
1717,c2018534acd310db555253fe2f27ed9dfff35afc2a96ce2ee1b96c2bdc9377bd,0f332dbc5460e50939dfa7f0f2b6b6e027fcf28692cdeba06bc6bfd9530bdc09,DeepMath-103K,11201,train,1717,1
1718,9207130e69bfd9893d82dc369fa3bef3f266c6f5797234576e108da0d31afd85,14d5b28ef0c995084a63857e5b009e716a8a04acec82e9a00cbb1cc2fd9d79c9,DeepMath-103K,54202,train,1718,1
1719,290d78ef6a0245bf959e8bbec381bbc2412e27dbf97dc310643bb0cfacf3221a,a6efcf27ff7f7f338eb77456bad601170fd9e76bdb88dc503a21d7897ea29282,DeepMath-103K,30614,train,1719,1
1720,7aba6a0922ee370ef6afbf1a05715db01239fa8c255d33d10f672ad28b41c980,2e23c724524ff46108b56888b33c62c2b05bca4b9b2b38c59f990dbde693dd9c,DeepMath-103K,52905,train,1720,1
1721,35079f99766719e59281bb3159d4d27ac7bc5cd5dcc38460a5ccbe3a9471e6d4,db9c0ef4d6ad56408cf7fe604fd66b5e6b51a7d643e54e53b351385688fba431,DeepMath-103K,18068,train,1721,1
1722,7e2e7a43477acf7f6cbce44426f7a7d3eeea96b2fdc2f37a947ab782bbdbd718,663b8a69724776d4cd07d5f67dd3f75b88be3df1d18be639f6e6e5266c2da609,DeepMath-103K,53503,train,1722,1
1723,487142219d9617017c61bf18c4877a0569aeca5a5424d1524671ba881a9dba24,895912353923acecad19a71e194683207f1dc65f6f4d301758ef24e9f9984546,DeepMath-103K,42200,train,1723,1
1724,97f9c83ef42ff9b997b99413c2cc9b9edc723838c7a915c3fb0438ca0f331306,20000d0c088d9fb3e3b331653d1ba57add99549b039b3be6cdeeec7839e1a82b,DeepMath-103K,41660,train,1724,1
1725,63522276cccbfa2f2ca4142526935e6ff78345cb96d7d3d99ad326e90bc7aa20,7d72fefd2ce135877c11b676e201de4c2c6e03c2b5e1a71afca460f8d4d5e015,DeepMath-103K,11935,train,1725,1
1726,e5dcef325015015c4d93d1b22a223b89c0e57d8143fa0d0e860598d3cc77f393,56a06317fea218ce2fbb8441dbb98a93e529f947957394caf915853e7b069c1e,DeepMath-103K,26924,train,1726,1
1727,73a7a202a65e00fe5f65560f14090706c46e5128dabee3580a5a02b03375a643,8d76725ef60a3439539b4b12bade564a1d0111d0bde95cb18772e283725afbf5,DeepMath-103K,31666,train,1727,1
1728,8997258a1b4566fcaf39e3497d86355c5ace714d20fafd59f4feae4f6d1576a0,01d5ef14812c2980e5deb4754094620c697b50e16a76142896cfadc0fc08a159,DeepMath-103K,43591,train,1728,1
1729,fafbbb940abe2ede7d5c795656c610d71b4c3227ad1f5ede27bb4efffaf5402c,0f7741940a05a6b466f58490c82040de8580b736f95799114a182eadcf5c951f,DeepMath-103K,10633,train,1729,1
1730,fa791e2440e8b60c0b30df253819fb60172e5dbe7c8af04d0a36b753ce8ab9b4,2e1964993daca30497553cf655aafb6b73f15fc6e99d6a52211bdb89352111fc,DeepMath-103K,15120,train,1730,1
1731,714f1e9d721ffe7cd889665a27454cdd7b274a2ba5911d85716519babb12a9dd,31cd446426ef3e46ab2021e8a85653db8f8d015f2d6b780167f36cae30526b6e,DeepMath-103K,20807,train,1731,1
1732,64c34527c62c33cc6c6f47a76516e2cce97d7f5933a03ae3c96f66835bf9f781,8301b30a76f054b00ef78e504e52d742c5a220a19908b10d204ee1ecf171c0d2,DeepMath-103K,17050,train,1732,1
1733,2cba571a556afdcdf2940d26d0c05887d6441267239abef589c49337c9554749,ca59c93b6c952fd539eedea2795cfe2e9ced4c5d18478ba046e8fc4150b8f947,DeepMath-103K,3680,train,1733,1
1734,20776f46185ecbd873da8884e5c6b557e20948dde01b2c7bb704f46be22814ff,34a439a63ad7680a9bf575c245ae3ca6876ebe1d7d5d2bb151de0caf07c83b43,DeepMath-103K,45656,train,1734,1
1735,bc221b045c2be6c670982a3193126a99641ae360783f194f43c997094b1fd542,ffbbfb8381b1ab930cdc817076d799206cdf5688aa853f6bed52742d4b330d4d,DeepMath-103K,18700,train,1735,1
1736,fd05910829a1f73dc98f0a211d323d7277c8933845eb356f1163fcbd90597c41,7b1ec0dbf22e284270c3cd9c8c5071363ed5fb49c6e8b445fb583a5bfb289bcc,DeepMath-103K,38311,train,1736,1
1737,ccfb10e28f7b7aaa134d0746805fff332a934576a0364fe04c15d76122106898,ff59c4fecd4bba5ee5bb3d11e35cb7de60c842e812ade684bc94cc77c1200fa2,DeepMath-103K,55199,train,1737,1
1738,6910f6b370c2705990f00381674a8c8a70bca6dc66882f07b472a9ad231845ee,8df0fce31d85792aa04290e6a36c8d70fd00a3582584e702679b85ee1cee8e30,DeepMath-103K,38824,train,1738,1
1739,aa6c4908ddd463de9fdc4087fc4818325d35a7f64f966ced28c1a0701e4f6e7f,ddaf538247d1aed526cbc23c37fce5c4ca5f16b6197496d293507720720c1de1,DeepMath-103K,36255,train,1739,1
1740,cafb3d79a04c0c355a77e9edea2ab3cf6b9565c072543a7b0dc9c80f0a5828b9,937b802bb8538cf635a8b137931b0b527b3d66bdfdf77139a7fbc8f27812756a,DeepMath-103K,631,train,1740,1
1741,1fa4ae607d474a52c002ac1bf8e877c0e6f2d49ef22cf860e9daafe323d7e4c6,744410d6d2c0f92a7595842a6af1dd49ec1d6e37d516550286e031ba749bfe58,DeepMath-103K,6753,train,1741,1
1742,039c3674a0892e8fb172636f0122de72f82e8f9e0cf47b71a47830c6fd81c15e,f1ebf79695a3bbea7e0b2b0f53dff9adbe7434755b0de577d5562a4b4c06d72f,DeepMath-103K,53501,train,1742,1
1743,9f7810736833efe8cc986864fb3b448606f90503b468db8e34e3d718ae529421,5f927eeec3d91565f3189f20c56460743dcbc1de4a6b763b80a988adfb063202,DeepMath-103K,19622,train,1743,1
1744,3b7527903ea27b680cb62e8e1d47470a89e20d2834a2bfa1d8b36e5e6aa623ce,2d1434277eb95f9617b7cb5d2c73fa8a9458ea6f7eea057aa9a2e9a5f8570897,DeepMath-103K,49426,train,1744,1
1745,1d082f6a73c4d731decfa2c09f4ffd8e6f79773e18037da30eb36b5a0f7263b7,00dbf5a439631c7969265c48110555c452e0ea2568ea36ba9f45909e6a40021d,DeepMath-103K,34930,train,1745,1
1746,f27a2f28316cf483c1360f4a4f348d6c3d525c832e076862101e6a246f824148,ec81c9daddd6dfc27489dc8ca4295b8589f3a8973645df99bc3fe0bc084a71cc,DeepMath-103K,26776,train,1746,1
1747,d58d26a93cedbaaa74b1c31b6ff3eb37a4bef4aaef4098652ad25f1b33f2c56c,b1b9417946bc9945eb45183437d99cc9b1ef9a4e44b4fad1776ea311f9772c43,DeepMath-103K,18435,train,1747,1
1748,0dde9354cf9900f6f2c4e74d625b69c4da6299f2955e731adcf0130c9dd429ec,78fedeacde4369de7a07b1ccd2a10d0fe333136e06c728a30304f74b04b6be5c,DeepMath-103K,7280,train,1748,1
1749,0c3e2bda5b135239c4473d410dd2db623d1aaaf45021cfddf9d4ab1b389636c2,f5e65cf2872a3cc1294819ab938c5296429a764cb91698b5f0c9878fb5988acf,DeepMath-103K,37241,train,1749,1
1750,59741fa93fb12e1e1d800795249fc49550267f42fc579dcf4eb067770636e056,5b5defc5f9eb7e42f562176b749c3c6d52c25876394cbc211831f534edf89413,DeepMath-103K,21329,train,1750,1
1751,2debe080d51e4d784491779322532395c6b21c1668b2df25ec8f75354e884613,0770f1e56c74174aded7215f32b6072c5bfc7ad20d4e510883ccad8283c17bac,DeepMath-103K,46706,train,1751,1
1752,ba67615c98f2737064cd3c7035eb54aa6d432c443d06fb813e6e9f1bda6abaa1,a6dea2e62f2cb2ca932d62e1cd3c4b8063b07211e61ce82d9fbd2a4396228d01,DeepMath-103K,56101,train,1752,1
1753,4d379b026706784bbf86a68e6e2c7b9d2ded239793891d9579cadf3dd3a0924b,c3247984c372a5401f9c7ad3e573ad829aa0aa171fc53a278fa35bb0da5cfae5,DeepMath-103K,16002,train,1753,1
1754,578c0b08f20c6a3a955aec8a57b2454ecfa1628ddd9d3f6488418acc6edb4b25,7eb6c6dce11d43dad07e2294ac253c03410fa70bd07581f3d9a500d6e2a50123,DeepMath-103K,29732,train,1754,1
1755,2d4558a8e61bc9b05cec6652de4874ba9e3fea72b12767c4172efb496b20d1f7,d54b466f2e098e5cdb44dc3de78e4b5eb585e66981fb01a3d29f4a077dc3d0ed,DeepMath-103K,42384,train,1755,1
1756,e85c03bf0bba7696895e810b1d5afd0f7e819126ab7e45f3c86f5199aaa0d57d,43ede59a7a0194d3509cfe1d753ea68cb1f3d059868835cd7fec95fff81732b5,DeepMath-103K,49702,train,1756,1
1757,5015411e22acbdde798477c7789cfa8515ebc9f349f2e071f790d18bffa40053,f5d12c112e809625b0277c4c07be3e8aad9826f8ee73cdbf5e51e2bbd0b40c7c,DeepMath-103K,49547,train,1757,1
1758,9adbea872158065d4a8c59d1c6b2fac57d3403af3f2c269ac3b3d7991f4a25e6,f0c2bc9d18654a95c0159263c88a1b4abe743de5ec5182c6e4efc1041146666b,DeepMath-103K,46101,train,1758,1
1759,541ed724d529d14116bc188328dd5df11b602841d68de23db679bebab790e0f5,e980ce69f6819a8686a8ba66439f488da309a706a344372227e13becebac34b7,DeepMath-103K,16682,train,1759,1
1760,f7fab29f707d524fe8aa609a97f6b90b5899dff69b2e58b1fa75a68ac926edc5,d0b537fc3859c0a05790def0cfa7b54513f65378d16a4ca66f502c514819bbb7,DeepMath-103K,37890,train,1760,1
1761,ec83227bef1a578b30dae03d44ad6bc8a805fc896880fe2af566308f18ef9073,6f77c4a1145a48c30966a0924c1502ada83741da243dca81f810ef448b571b1e,DeepMath-103K,7098,train,1761,1
1762,b475dbf1e5cc2b2cdfb3cfd1e0edb2e1f3218c012b94841badafa06a111de317,df1ca3b75693416758a5caaea7d0c4ca0219ea9055221a543381376c75446be6,DeepMath-103K,13262,train,1762,1
1763,8a3941fd6c4925f9dcfee09afda50eb61ffc1c58a449112ac8f3261b868ce460,8e2192f0df4bcb4dc93c0c973d2a7038c2eccdb359b7364d05e5a37fe8676563,DeepMath-103K,13739,train,1763,1
1764,4c483c48b1b019b7edcf31f4b07d23695e18601c8520f4849d0b939c750f5211,59e02048fd39d824421d50e17cddbfa5ab96b49ac602e0fe385bfe7f3bb07f3e,DeepMath-103K,18759,train,1764,1
1765,de5825754d75f2c07fb216dce368496e6607ae7de0d0ed4faec40133578d9ba4,d84fb7a1723c21185d6ff11df908a051188848ff1ffee4a923677b81b28c8f2d,DeepMath-103K,39521,train,1765,1
1766,78cb233679349768ec2bfa93542a6be0fe30ad1bf815e4bbcf4a98bce0c984e3,3f6d0a1678ac74f62b0b3d87a56e5a2cd586ce2720c48a05dac6ee3ac87d8ef8,DeepMath-103K,52220,train,1766,1
1767,25301a2ed1eabcf4a64b18ee5507475b84e9edac6e9798a441a5308e39e13962,127800c43a237cae93cdfb53982b982bf08b0a732c0acaffd64c8c9423124785,DeepMath-103K,38997,train,1767,1
1768,8be6144f1185aa2684f1aa4308ceb692aa69a82c374c9f8348560f0b4da525b8,24edfe4b0fc93b06d3c36c492e74537c31e2088f7857dad98679411b36e376a2,DeepMath-103K,55909,train,1768,1
1769,8054fcfe0913a0704965439217f6a7ed32013975b4d426bac3551b984adedc82,0dc61ffaf5be45263d167c3629cd97649ef0e87190378f5fe1912bd0416f9774,DeepMath-103K,17991,train,1769,1
1770,96a32676d99a885ad330fdad8da3a341285feee3a829e577b89341853fc90f20,9d8b47f66111463349d76d11c993cf6d2a6f54cc01dde0c5c2b801ce4f949062,DeepMath-103K,51893,train,1770,1
1771,f06bbc5b1972f86474437e12deddf178ee50667c024c49926bf47728b14936ca,45ffacfdd71d7cea59f2417af847c17729b1d2b3b1f0a16480751c9fde771fde,DeepMath-103K,17592,train,1771,1
1772,76ffab836031ee7c3d84a769cafa129300f808c7fad0b4787b6f977e488545ab,6d1175d95edf097742ff5de2422d67a2346bcd0310cf9c0f6c52192fce800048,DeepMath-103K,7796,train,1772,1
1773,c72d1584becb22c3568767b764b67fb7bebf914daca4de99f50d92d779a50fcb,9739bc19591878e552c9b35d7d0364ebbbd63087bc01e74e35e022b399b68139,DeepMath-103K,18038,train,1773,1
1774,ca1b5d7c8a1184cd513c6dfa2aa78777b665c5b0b5686228ee1e76203d4670b3,d2324d6024d73bab27f9413d387f340bdf182d8d121217dedf04c3b27a2969b2,DeepMath-103K,2501,train,1774,1
1775,e27e55e04cbcb9770c97a462a1284f9efb951d9f65fafd10c99aab115393ed30,be3e29a495f108972e9d46608b3f3938bd9e97ae5c5479d6e453865f1e9ad55f,DeepMath-103K,28038,train,1775,1
1776,94e85be5867af7e321525f6df6326ef2c53ccb7c50c8852aba814ad46b189139,5e01592ef7921f81274c7023d7253d49270d2a713361d17858747a24938813a6,DeepMath-103K,40905,train,1776,1
1777,58369f1ef3ad2dd15bcd8b47ed7f5f44ab350803b931062802e065533d031403,38e8bb9f45b54ad1b4053ffae5dcf97341e6f575b9aea6a2e310e4be6bff3fe0,DeepMath-103K,39061,train,1777,1
1778,290a92706b763f573de1f03736c4a1e8c5158e6f42fdceaf25f15cd8b1314943,baff27e8f3dd9079321b56bc19cdfd75d98ddb7dd118d53e57bf691e89fc1104,DeepMath-103K,39663,train,1778,1
1779,695f867afa7ccac3f2fda80c5770ba10019c3d99a3d020eecfb2c72a5b1a0069,a551977899bf8348e2b8d214f43dc7842535d35b29573f8c41eccec92333d4cd,DeepMath-103K,49581,train,1779,1
1780,19e4193e17c2db878d894670a6218e70481c1ae71978cbd0076c4d5be5d12200,7c83b09922d936e0f507d4c5ae42d9abc621c936010b79b75a645fa2c68b2cfb,DeepMath-103K,50411,train,1780,1
1781,f8309dfb28a537da8eff41bf85676e47ed8928daba8f8429fa22cdc49fa284a9,6d204cfb4243c84230d42177ef66d52fea23a1d9f8c0cb8ac69e5434c064dd26,DeepMath-103K,3224,train,1781,1
1782,1d583ad1c82b2ce4887fb262879843272b4292d51f4878120fbc9db41ae69e8b,9a3ba6ab1dacce579322f8393a8281efbf14db87fc1eb765b2dea1d5e51bf8fc,DeepMath-103K,25094,train,1782,1
1783,5e357032827ed101e7f2f70d91a9e30115f7b62494dd6ec3cd41631ef5ec22ed,9e850fcbc65a56bdc8127de0d6cd35fed4a1c0da76213f9ae567a14a18422dfc,DeepMath-103K,20550,train,1783,1
1784,6e69ef6bb10c5ff56d25ad84635944d434033ad2d2d6be99a6ede8f8feae3deb,449af9efdf4bc5a16f90ed7d52b29eeb0d494fd81af9718ebbb5e7386c033896,DeepMath-103K,40203,train,1784,1
1785,f36748b53d4ff5407a642ec9b539e31bddde1d502d5057c312fd8f8ca66002aa,285d1cf46a421064165082c2854a35ba54d3eba6bcfdbd7fdd8db1497d6e9f12,DeepMath-103K,18537,train,1785,1
1786,3a8f6c238174bd322fce484bd6e86ee867ed9498c9366e1c37aab7e9674bea6a,2b08c38bf4e6705b4d316960c894f0b3b60a4db08ae678ea0cc33882dd26cf36,DeepMath-103K,21513,train,1786,1
1787,97f3ae9932ed6e41ef5f3070beb354f8ca0f468e3171905549090e60f90b8fde,1cede9e2c491cd8408a740473381197e8a935a1b97b3234ae750337cb3d5570b,DeepMath-103K,2576,train,1787,1
1788,98b0398c9f513a883ec5532b10a74dbdebba6fb33d234f1a4be6e8b0889538e5,30c20dfd56685dea7d2fddc15c2722dd1dfd56d3056ef079fbe61e19e5360dc6,DeepMath-103K,31535,train,1788,1
1789,5362574d5e52b633313d401e8bef3367d0d70586775bd9dce7d9cf4ba6deb3fa,1dfbf428104c72b0aabe81247c7196328095bd3a1b583b5b525a0e2ff1690f47,DeepMath-103K,50050,train,1789,1
1790,cd70fba73876d50715fbbc60053811b22c904254d5e75dab7be738763c3e1482,ab5824e61655549281cdfef49d9726950b839660817c42c8a769569557bf0e2f,DeepMath-103K,25815,train,1790,1
1791,c342c772457c2ec2ec05a6e3a84b5f6e722e3ec2a199d478f02fd0dbcb80ccc8,40f1cf312818cff0cb1e7d47f7cb7dd3936bf35b3a92d2cace7747835b4ae40f,DeepMath-103K,6619,train,1791,1
1792,b71f312c3b6947e160aeb0f8cdd63d94d86a1fe01e03f51b11ef07a666e501fe,8fc391db7706ce916cc9699701cad18eb1ef24ed229c31804663ec4e71e81d5c,DeepMath-103K,56409,train,1792,1
1793,77f146c12fda7e9939b5aacdfb5796a9ae064946df9de6cedfb2b555a108ee43,7885cb8395dd324ef0aa8ec161cedc7cdcb363b9814cd81ffd75a5296481ff5c,DeepMath-103K,5095,train,1793,1
1794,8682d426312db59d017dded352c2898e24a574d23708161f772e70acf5920a3f,17e0a9e1a6afd8fa2b229126614d1d4e8f5252e9acf0af721038b5aae65a8c0c,DeepMath-103K,43750,train,1794,1
1795,6827a8e7225289a67eeca80f376bb5c5f16a40f5851e419a182ade80000632f8,a1aa5cb56befb7662252f84690a4bb73721c5e41d6a9fe8fe710fbb3cffffcec,DeepMath-103K,15357,train,1795,1
1796,dc6fb4cb83243108ab2af615f256b5ca5c868259eea9e9068a9244d6b0f0a3f4,bdf55b4fdc4ba1febdd4290fca4c2587f40867ce2a7a616d8d888a424eb39e0b,DeepMath-103K,20800,train,1796,1
1797,97b8946005d91a33fe77d6ec9f8be64e8b32dbc8702ad9acdf09a3f5267a3b3e,6f71f59f39c2eacb6ed45c6faeaa7e82f075cb6339d165a46e2bce7f1a7e6b6b,DeepMath-103K,40265,train,1797,1
1798,3aab038a8262a9266570f2e69108754995a11cb3e358b947e3cfc72d68f3f64b,0c0be54a2d2b04d1104b4421f1e41ce35064cf47ee594bbd5b48669f502d7c39,DeepMath-103K,18323,train,1798,1
1799,e3c9a6ac585492ec12234c9de91c67bd399c1776b8c6cad4f0dc0a733806fe55,3b729a712e1424e901497a23aa26a5e68cd5c4db9c596be65596ed474838b512,DeepMath-103K,24028,train,1799,1
1800,05fce47816735a36a00084dbadb16638f176af88a46d0ef1f08f48f26295f402,b41f676fdef55450d138215d8559d8f451c8d183a66ef791412d78744818ab34,DeepMath-103K,31116,train,1800,1
1801,0585b8288fc1cb93f5f8b0398a794755d8f05260fd5becb2b87df56303528b6d,237c5923f2199bed1cf4db665e6d6db856425600d5c6e9401240ffeecdd888aa,DeepMath-103K,47345,train,1801,1
1802,9ee765d5564dec4f2d74b5fad2959054e47fe68163e636f7aa5b8acd8a077800,8ef168483f5540762792d60f65d7b8eb96e2fc6968b0f4d3e00e58a99fac97cd,DeepMath-103K,31464,train,1802,1
1803,ebc9d43a716078ce89530fa62aa9863265af6c8304437929381d4320c73a07aa,4e6d97e009f28645fbd2a238ef08f45d9bdc22542626db3cff288567c959f2a8,DeepMath-103K,13621,train,1803,1
1804,27796b60e988ae8932060fafe5f68ad1c56aa06b03bd1ed894bbe6d807fb6cb4,e323d31d21db04eb5995baf73ad34041cff286f8b9657fece39f540386efbc79,DeepMath-103K,54254,train,1804,1
1805,16412973f99f2017d5ef7e1dc90e79d81f0cbe043b5b071068861fd5176eb94e,92d26239830a50e9d29a78bbe19dce198206219f6cbaab55bf3427fa01d0b22f,DeepMath-103K,5637,train,1805,1
1806,a660ecf17985d3e4c7c9e4d57736ccf129c7a9666e417346dbdb87bb7b9c2278,709a729fb8cbf43ac192da5c3080483a6e4bb8bdb465d25d5c6ebb841dbcb469,DeepMath-103K,46470,train,1806,1
1807,3fdeffcd13974de2adcb37cbad582edb8dc9ddfae88d7e0fe0dedb8eac3403df,9e0a8fd83b065edc73b826a4f87a221077a1b9b6435c024480ed8e9f8d3fbbe1,DeepMath-103K,19784,train,1807,1
1808,2e9b73f1f8c1549b8297cbb81a79ba2de9b9a36e26edc9d92aee5a7168bab37a,5fee70ea39f9a1667acd0e988fe7794f30bc7fa1836397156d0090994f4bb179,DeepMath-103K,44268,train,1808,1
1809,712fdf87697e610593b459aedfd9b882a3bd8e9500b257b64e5cca521d1c77ad,b9391b7be2d8713c09c1561d653dcbfbacba69d32ab1f4201b3756384ab3cb37,DeepMath-103K,49839,train,1809,1
1810,3eb455d215e28ad6dc1543421c0ff0fd428804fe85bb32f406c213d5e948745c,45ba8298d77bd6efa0288acd60d42eb3e923dc44bc145c75a7aca06a1cb175ab,DeepMath-103K,33828,train,1810,1
1811,fa66e8ca4a986bc4571395e48a6b2faa7b38c2b8013836249f288d801250ae4f,36a84d94c59603cc869c5b1790e11cb6818a5ebafce6b82a4f25e55ef2694bbb,DeepMath-103K,14414,train,1811,1
1812,8efa81f5db158236d1fa87277a375fe240cee77034442dcb93f0470f102466d2,23ac391de1d3d2ac7302d868214d039bc0ef56a1d124a8bea0617f6c413129b8,DeepMath-103K,50957,train,1812,1
1813,eb4f5ff272af0d364e2382b26caa1fb21cc5b69570cb5dd418765860c86f200e,08775f9e9c71557aa1882880e5aa95386a3d63cc146e7a83de85e2150cf0b901,DeepMath-103K,31440,train,1813,1
1814,f215cfc88d1253c0653cdf125e0c4a50225fa2097f97fc13cc4a2c854d6c2d28,b02e47862cb0dd357941962b777cd5b7d0400ddc9a1f8e32e5aeff2efed9addb,DeepMath-103K,33842,train,1814,1
1815,7fec7ff8c8ff2b721aeeb9b24c2a13078c0cf265fe616a6c5124e3e49fd6fd2f,c8cc1de5e74c9ce9e88b3fefe046d8764ff02484705b155f95b38d1e64705486,DeepMath-103K,41144,train,1815,1
1816,f8a9f610bc2f121c4cd968479c3ef0c049fe8ec2425d22cc92cfdfdfcd3abc93,335f483c5d2653de5b9166df6115062bae38325b262f9a32a4a1798b8bd3fee1,DeepMath-103K,44090,train,1816,1
1817,fb192665ce5439fbca3ce8749149c8f1b80d72120b4cb0bcb1ab2f803b1397c0,1eadc0a7c944b4e0321c897da3599b74423abdb44f2dd34de603a5ebe3be013f,DeepMath-103K,49769,train,1817,1
1818,73364b206e4f4c9fb3d9cd8b48ac038a562473e0b9ad670f8c74db32979848ad,46af904e81c5c91eb2b6d063fa129716c0f8d794f30f1250dac9a02f4c6aa81d,DeepMath-103K,55197,train,1818,1
1819,bf6798a75d2c21aea69fc89f507b239e8e1a287a495865b3079d00c897b31e4b,30b28b15bcfb28870a061423749415fdef02118afd98d3837dd891f4b893c649,DeepMath-103K,13967,train,1819,1
1820,dac65170c539f3ce89f04ce37608e0f9f2c47cba85fc2a1271060c1b507761e4,212803c5e3ac7af172047d176c3962ad17eddea2dfceedd827d28c7b4d3e2222,DeepMath-103K,9801,train,1820,1
1821,6ad7438d42c0214d94300b1d809a9b6ceaaaeb002a9b63d716fa3ed4b6b28b7c,24e1fd5e313beda06654b04ddb23edde972bc839f1bd39fc94a41c51701f6631,DeepMath-103K,53983,train,1821,1
1822,ab45b3b7b5d025a7803f6b1759109a6121337cb591e9575e31b508af04259e9b,eb1887564551923a6f2b63bd2c776611b33f5959fc157a63a980173ed5218515,DeepMath-103K,6403,train,1822,1
1823,d7af04aa80928e900aaf4df630e13c4a156f4bcf03edb1788f4134efd82d9426,35cb546402778cb0515fcc74df82e30bd5dc753e445ba627567aa95bbce96f91,DeepMath-103K,37952,train,1823,1
1824,a530bd812378353fb1a6f2f9fefc3573feb5170ba890188821d08e6240339efd,135a4894594a8794497bb1a67abb914ee92b6a92f8cb658e063fd41403233409,DeepMath-103K,50230,train,1824,1
1825,929e14f66583c6b412527f5c526f362c5d01eaabbd2e14094c1adf9a567bb4e8,a6342862190330d41dd92721a28b3c999f5bc80f2331f09c70e91fca709dc25b,DeepMath-103K,45005,train,1825,1
1826,2402720502c1898f2a16b537f3e9fa4b073f104acf00ea4212c94dcb5fae2b0f,0cda7cb712dfd986e43ef43c9ca058b36808703e62a21a53d25f55dbe5f710eb,DeepMath-103K,6014,train,1826,1
1827,dc1608c25e65ad3e8a55804d4f4c2efb660fd9b889b392c5d531c770ebedaab5,04a38f32a7ad0904ec22c0854ed69d67b47e4661eb75ab7081551611af84e728,DeepMath-103K,5237,train,1827,1
1828,b2f2b72f86d31568e9df137a599171b8570247bd85010c6e968e45aa4a01e583,a2c744d35c10eb530ae9e4a5eceb5dd159661d249d953b246eb24aa8c88942ef,DeepMath-103K,16898,train,1828,1
1829,ec8b53e8d1e6050e7dc4cc77647bd1e2b6357a0605205c9f569dd6a57d7c2f89,eb3135f1d37544e1cc18b8fd2099840c6fc487eaebe7a8c517101f67607fa00c,DeepMath-103K,38297,train,1829,1
1830,4662a1baec4c079e884217f85ff03016de20e9cfff8216518e650a592ac6ae83,e8d7d7c42110a73f7f370c6296fcbc1c7302beb1714bc43c42def5ecbb4bfcaa,DeepMath-103K,54670,train,1830,1
1831,4b409d50463c09beff439a7f173031771221a02fb0339be28a7cf63282517d13,5e991602f959d505916306eee48481cc22755b563cc3446328bd62f3a9fa1c26,DeepMath-103K,39743,train,1831,1
1832,492ead62147d18f4623508153094ec66d82c9417330e90b928620e868d196f0e,cfffbb255452638f3a93d25b5e2ebd412f68db709eb8c7723b3429f39499247f,DeepMath-103K,16408,train,1832,1
1833,d44edb58eec64da43b12794fcf114d76eb4eab7248ee5a391d2cab3ad988ec5a,571e59bd7481d77ef9e42a25db8cae41b9fafdded378bab8c2c5cde4ffe507fb,DeepMath-103K,37799,train,1833,1
1834,e7a06bc0d8046d297d3e629271610df96ed3217bc855f065aefb0d39ccf68546,db3f84c6b294438cf324c361ff02b9cc3d1cca08ca192926fc9de4a132dd2d5d,DeepMath-103K,12218,train,1834,1
1835,4363f18ebfc9b450280d81bbe5601beed11c902b49b8250a97a9a87f596de115,43e6783cb3679d8745457a8929497327ca2132e2841db02fcef4375f52c80b20,DeepMath-103K,3557,train,1835,1
1836,7074942da39996e3dc014a3ffb2afa7f14b1243500ca47177dcc299ad15713b4,8264386ca7b058875dcd0a6e6a0dfd6f59b60b4ced56fc7cf34b2f7b6e0813d6,DeepMath-103K,56432,train,1836,1
1837,2d2e3158f23e6aac6996e7e71e1640404ea4eacb825d8fc117748afec487998c,86d1537a18d11856b323e92789d6d9351d3043f9c0bd4ac69d91a13f8f5e662d,DeepMath-103K,13211,train,1837,1
1838,9b0ed342911820a59ceb11a8ce1b66c95412325a1b9b9cdcb4995b7b6579af70,11442bf62cec73d313c8bee6eeceb390faab3f104b97c98129e999e4897bf966,DeepMath-103K,4512,train,1838,1
1839,1395ea3b361464d19c7f26aa18737776d5dd1b5012f2479ff4ce44e1be69191b,aab64db9b0c27b1b40a4c8e6506f7624a3f7a8f3610fc274db4cb0511fac3a95,DeepMath-103K,41166,train,1839,1
1840,bf8c47b6628ece8d4aa7ffe32660d9323ac04123a4d3c9daa43fa3bf620460a9,947075e83fd40dbc0323d742062efea79c8bf8fc98cbe2745d577ab25ee351b0,DeepMath-103K,22460,train,1840,1
1841,11cbc878222e33e119a49212d3540ad83d8e0f17ed859e1caaf9014c23555647,e2b760d038a4ab02e53245fe898fd5f0c2bf4fd303f0b2f9696feafa6fbd1503,DeepMath-103K,41466,train,1841,1
1842,8300353823eceb33c6c8b03fc10750a09ad515bcc00459bc57b4f83170f1281e,a682bc4915e10dcf1e38803784a685b843661eb208198dfa7ca2a4b3e2d4b809,DeepMath-103K,30681,train,1842,1
1843,5b01be103b6411c990bdbe05445280573d61f6718983c82cdec82656ef694e28,a4a6db872983cfcbcaec3fb71c2550640a27cf4309f6956012533abc0b875e53,DeepMath-103K,15377,train,1843,1
1844,47e3108c7e378af25b0fa8fe31e05fad0ca5b7b8484a30b2756d84b4f31f7c21,6c2c29841c4f3c77a6b6362eb42f8e1f0ec50885f4f4103a61864f3b6f608f6d,DeepMath-103K,22450,train,1844,1
1845,37505aacccc2f974760a43ae97aeaee9ef0e40d8c6ebe18a3ef30857489d5ca7,441567f165bfc81d230f5e52dfab77170f36a5822fcf754fefcedcc7b7d32b66,DeepMath-103K,28303,train,1845,1
1846,22a706f8c336a33c035084b276fcc73015e43f04cbb5f147dc5c03f17e27f85e,a6b9f0440bf005345083ca0c50ba53b593e2f699205aa49d20ad305d1c82ddd7,DeepMath-103K,27214,train,1846,1
1847,2333bf2e27e1e1109380f23e60bbaff20619b7753a9bbda27fb3d90b79a65a8d,cf0df201584611f25ed7b81f415b6c3ecdaf16a8951b3de67f8e78a7bc26cb4e,DeepMath-103K,19298,train,1847,1
1848,b954550dd273f81cbfdb943f488017a31d9851cbb06b8cd23ba44db0a101a2e9,e881050040aff611197ff91d870aa5ad967837756a6c41bcf0df13fa9945cdab,DeepMath-103K,24233,train,1848,1
1849,fa16ca21939926425568bb8ee8603d21d97f5210e836fc8e0f7b6b10d5619bf8,2918510537a3bbb4faff98ff6ac3deb48a98707d67559f3bd3338941b3698720,DeepMath-103K,42782,train,1849,1
1850,f587bc21888f27fad5b80ab44604b6ec48feda0a5e28b14bcfb1a4635ea4f14e,25cd659049aaeb3cac07fccdfe282ca278727fbf059b1b93914723cb153c6e35,DeepMath-103K,2912,train,1850,1
1851,0c6df66c3efb319fb85f596745b53e5229134d6471c0cb9f6b56a1ea6b5d54f7,6d9a83e0fd21c00860f1a2ade6d5ea5c8ba6743cb4bdaf896a38af6cc355d2d9,DeepMath-103K,55588,train,1851,1
1852,43f72ab66085eceb0b6a64122c17e62b323ece701060f5a17ea9b6de482f7a18,48db649280a603a97b3f950f7b7621278d2c7692e06826dbf5e246c8d9421377,DeepMath-103K,38704,train,1852,1
1853,c7fa153173c3b7617a1740577034666f976fc5d1d85f7851ec7ba36255dab064,ac6deff975b9f55c1072af6a96f3684363c24d2915a3375f8c93e55e4517e708,DeepMath-103K,48462,train,1853,1
1854,07a49f62f104bafefb70a1e68fc68454e8d8270dba194a741900a1671728fe19,ed473b2d431415a4e2e83b0190477d06ec5d9467fa3a795c1c9c0f1bfd953a0c,DeepMath-103K,36055,train,1854,1
1855,b7671fd07e05c4033a2b4d26303a9a5c55d0cb6a9105d4520a0c772f1375a4f4,ffe66e38abd9ef9194074a4aed0850996e56ba098e6d959b4a333381157c82cb,DeepMath-103K,39100,train,1855,1
1856,e6d0b9483aad3af9615e6ffaff819132de06eaee297a96bdf060e33e2a7c1825,584e8687310ef58009023a4ff24068f2bd85c500f3680965747ae2cf5790881e,DeepMath-103K,56322,train,1856,1
1857,d390b86c0fc1f38030d7c659b288148b8fa8ecc19430b86e1c5f192a5f92c774,5446defab85661bd3abb4142b083ca94c068cead11f1a0af6241c31152419c24,DeepMath-103K,13092,train,1857,1
1858,8b8e4078d02f1c74151b81d05e4e67965770429b7dabd7a1be3d85d80f2b122a,0789f89cd93c35e2f980d80719404c896194bb32763965ea388a1686dab7dba2,DeepMath-103K,24321,train,1858,1
1859,e377b279683878ab9285e741e7297ca388fb78a69fa4faff185ed67b6ff81d4f,b3a90bf832c39caba47f9cb56f5e4ee6b39de0d293d138e2f8b1cf7f7429db36,DeepMath-103K,15582,train,1859,1
1860,3b234a8275703cb18a8041a13e93aa86854d31bda035070b0bda42f37c988b9a,f5c6e28b403ffb28ed46001a7fb4541ffecacab4a3a7df41a88c770360f88658,DeepMath-103K,25036,train,1860,1
1861,b8e4f62acc30824277cbdd20b23f47f40c8466fc0feccbfbfb2d51440bcd624c,d08eb44c1a8ad00f3122b6e000a240f15cc9911f6bacb03603ebeb8477aa33cb,DeepMath-103K,49795,train,1861,1
1862,f5393d5cda8fc162ab63a205a62efa0a2be7e21d7d6b9fa4d8def78c6e4f9e55,1ebbca5ebc3430ec464a60765cf9d64a223065fb25d8f4b008f7537811a92118,DeepMath-103K,23835,train,1862,1
1863,cc3ed6254355fc59c4d9461bc557a1b87e9aded605e4f20d11dcfb20184f7592,3a3e86cfd920780c119a9b1d3bdb47b553220680b931b6cbd2324b9d84ec3be8,DeepMath-103K,18646,train,1863,1
1864,15c00b64322885edfe890da0c9a7b36e884ddbc68d09dabe863ce6fa7d8b7273,71ad467e33c8884e666e3e92a9b49b207c9f3033728c06ecb97762454bd1e809,DeepMath-103K,42772,train,1864,1
1865,a34a4265e310b8f45fd19684ebe9f5d52e5ab691f349d7f78f7e7048b70d0b61,2792462e120195852a4e31eefa2b712c08a106c8d0b0571ad237b6074b4e3a8d,DeepMath-103K,49179,train,1865,1
1866,53784f74cb815a9fc67ee4d25b6f31321a773d77af31f4bd297a6cdad805101e,f086f405798109509fb7db30ab390692ff400598d41a36ffe98a226b84071b66,DeepMath-103K,2780,train,1866,1
1867,bfa5dca4b085a470cb374315a0b1cb0c7f30a1dae7697717801b537ae940c45d,7d462d5a2d9b6705ca12079f07d7f9d691b27d145917db2318cf6bfe4383c8cd,DeepMath-103K,25549,train,1867,1
1868,bdabfc9f47079d0f18809bc7c1414bf356f7ac5b2c4b0d87b9148211c97b1a95,383a1713bf9df6c2248cbe1c045e9139445822e78573ade8ee96590560a465a4,DeepMath-103K,8461,train,1868,1
1869,4e99af0a8a970232c3bc96ead4ac93724575f87ed2f2f8160724ae798d805bf1,4a7f58875cbe2923c3b1782e83da5b2a5cef8fda3b20b4db2e8fd71a12c1ee23,DeepMath-103K,8922,train,1869,1
1870,17137d8ede1bf7cadbc5d39844539426cf5fc9c20dfde549fa8fab09f61917a5,a2d76d83304b7d0d3e69c8a4070771671a172cf25a0886d30154a4d2a49a97e6,DeepMath-103K,16333,train,1870,1
1871,e9349236380a23c61467a7c6475c1f1c82fc887c631ce4bb981ac8ac23129fe0,1b8b24c7561c26696f38797014cccb184c2a53cfa042d81c7697c3fb430febe2,DeepMath-103K,17174,train,1871,1
1872,d54cd4ae002b0bea9cca7f5a0f33eccd908dc3d39497ece9018a32b38373789f,a8962915882d7b6d122d9945e2de8032ce80a5153bdde3eec1b9aeafaff04cab,DeepMath-103K,8422,train,1872,1
1873,18ce4f807e3e82bf90224796935fac79a85d1eb62ee330c3de13b96b05d6dbf1,eebe0d33c0359717c36cc0109d8066f323c04fe2a7d4ba0bde1729e6082dea2d,DeepMath-103K,43643,train,1873,1
1874,3387c495bd0a4e640f525a3d45f8db3ba0b8860ff87f5597457cd4a464b84de6,6b6f4f2323c29785cc4cbd4547b18bda6536d5a8da90aae94dda02779c7ce120,DeepMath-103K,25652,train,1874,1
1875,41538c607c9f87be280a00d32df1860f8a1b66b8126ec2e70b012014cbec62d8,3ce4e7ecddf1968c8eeda04fce1d03f92b20c59e9243db03f1947720cf9d094e,DeepMath-103K,8460,train,1875,1
1876,b1cbe11ce803749c184225347925bd5f5aa89a7e05f49c994cdb307376392d96,552efcb6383a7f2fffa3fcb613e073a02c071ea01f7606ab038c04af12194efb,DeepMath-103K,9724,train,1876,1
1877,2946e00afb8c492c8434315c62a5bf68c60df741c15366f3bd2f0b238f2197cc,7f4e2b92a93a5dd7483f3e584f819e5f14db0dba402b7162ea0951c5c893ae97,DeepMath-103K,38550,train,1877,1
1878,16e5273bcb0bd2b66413c22e9b13a5bff5057c3aa22861c4e9568b9333279484,e7a96b6d62d06dd19f318d0323e79e2a67390079e560527b3bebe55af32f372d,DeepMath-103K,6114,train,1878,1
1879,3da8a49c6429af064035223e66c2c94d0d673e623aea4f565dee9bc5bf63e026,6bb00fbb1bb470ca072f1f5774101b6d3924e3a74daa0d0dc91fb118c6648fe0,DeepMath-103K,31945,train,1879,1
1880,e42781bf18e54f6a5f1579fad2e444a00655c440c78970575c1ddf15de8d659c,957cfa9004b74f6daf1c51c169bd1575c913a6bb066f387187ec703f0f3a1335,DeepMath-103K,30372,train,1880,1
1881,2dac4f6bfc3d06869487f8defa80f7bd637e83d845284296ff7bbe258f855231,128e972aad2d81fd06698b0dac7f7f1f68c81bc7285a92274577c9ff9d3a2cfc,DeepMath-103K,2816,train,1881,1
1882,b19766782ab25d2af2aedec38a43068b3b849a157c90968d54743d3be9ca8054,aa6da0819a66f2f9d942616205644052c8173096d5257094176056701db0783d,DeepMath-103K,5079,train,1882,1
1883,3bd64190e94ab27ee6d26ab1b9f9d42f5df0ef56642e44b780c1b5d73d622136,3218ce698dbac81e6d95b3f77b3fa06fc2db86f0b5cb3241073aba1b518029e6,DeepMath-103K,54478,train,1883,1
1884,c2e5576008978c8ebff3e0dd3e2e277e2116f988dda2332e6557682b081f9162,657500903a05b29e60abab0fc2c3dc75f9377913ca9c70c0be412c4257618854,DeepMath-103K,19217,train,1884,1
1885,47b555307fa596df89dbf7644d2c35d63a34f483b1783756597ed3190516e70c,dc819042dbf87817b9edf00d2bb5b794e82c41228f07f1e1664cbafc8dca6598,DeepMath-103K,25867,train,1885,1
1886,97f9d21daf18ba98571dc9aba978394a5e28ff3743924beffe27ad6962810f17,2304c31d4e30bba4cdc5c7236af2ff7fd3aa48fa7f6f7ba0516cb706c8e37031,DeepMath-103K,11941,train,1886,1
1887,b9ae7a32b274011b4a9f92aae0eba6d458b9c76903c42952cc642e36ff0445f9,c49d040293ec1ff2e07cb04816999fceae786bc5f58d86296357dbfbb889e42f,DeepMath-103K,6255,train,1887,1
1888,f4a5517fefd61e545f0879ff27291787a81cf9701692c55b1ea5790ce98d20e5,048603cb0f83bb77cfa013ca6f8029b171f69ee46c2bc9468274ce10455a236b,DeepMath-103K,3563,train,1888,1
1889,2a7fca157201005ea39d638c6e3ccd8bd566dacb50ac97d29c940c112da1c49b,37f0bc8ce2c645f25d961523661aca3d3aa80ba5ee2e19b7ebc53c15d99c598d,DeepMath-103K,22483,train,1889,1
1890,81154bbf5afbd1768aeef1bdc0545a31b0887882c665d754fe5dae6c14c1deae,fc47ab6ea8da9edd6a255d954894d1b4a7463ac0a3b49e41110278787e21bf62,DeepMath-103K,41571,train,1890,1
1891,b4dc21321d553585580d1f6443750fa75abc2dd920aa9d326728a9fd04295e54,1dba01ba94886d6e04b7f50f0c08f555d6052c0176b7f52911d478e7c5d39641,DeepMath-103K,47021,train,1891,1
1892,3a3cb50ca2158c5a16b92517663d1e4b48ae5688af9f0164643ad5de9964d04f,5038f6fe0955897a9ea50494925e471aa6ce6fd42c9d69892fa341bbbf9aec15,DeepMath-103K,54205,train,1892,1
1893,9c30f850a228ca4fe4b83d5158496c7423d97f27b734e231892f759cf46fa68b,2106a004ac639b0edd61c9dc7c82630e7281c03be0a17addd05bbe439898c416,DeepMath-103K,14383,train,1893,1
1894,1a73385327f2b49d1251e12419031a005878e60d523468c7e9f2818509802618,06a79e1adf7c0fad01354a9df92cf4746be25ae7cfd4dad1b2712df7804adf85,DeepMath-103K,41852,train,1894,1
1895,21f16fb6e5522e090a87b33829eb2611476ee83c0af2c0f2e5570f6e4fa2ba39,b5a10f5f32ddc1737042253540f138e243bd825dd2f4f56e023bec266bfb8d98,DeepMath-103K,39360,train,1895,1
1896,fc371559a1de34cabf5ce319d051ec35da137507a346445901e37330e89a3210,bc270b54282584c77c6b0c3ca5d67d2ee554d5a19fea8b5028fc3b1a63664f59,DeepMath-103K,40910,train,1896,1
1897,36130c0e1132a60ca3ba931e7fd65cdf06afcb9f2bb5efaf8ff81857de3a8b21,a257a4897a355db42724dfabba265772b579b93bc6cb416e0269ebe9c8f42237,DeepMath-103K,4685,train,1897,1
1898,cdc9bb3d7bb7372808e988dbe0bf3f639e716b8c4fa85f9ab52398617211c8d4,fdc6cf3550ee139415bdf990363c20cbc87e73c2bd8731e637a3ef95ca88b0b0,DeepMath-103K,34961,train,1898,1
1899,f9df6bca28a917347ddbffd646603a280c9b94ecd9ff4ad9e6c71f0a3d0a5b3d,bd2f0f920b0553ab641eab35362216efe41be6468f5a074e6aafdd2906815141,DeepMath-103K,29750,train,1899,1
1900,fb5ea15e8479f5355253dc4c9d6df342e4cef7805735de8443fbdda8c605b3dc,9b625eb1017bc2058d7ed208ddb021549ed07a40164d9f386625d67656534c64,DeepMath-103K,9882,train,1900,1
1901,ae5b8ebd72d782e020c605d2e8f3be33b9e76692a59d65a683e9a32413527acb,356c9ecdc1268ed5b9e071ee519ca77f529d631725f58aeef21a4a1506caf802,DeepMath-103K,6778,train,1901,1
1902,5c8313c4233b48aff2ad329a511fb2b0e942157a1416df78ba7eef7b21224af0,9b2ee32742bbe411ca35a38982a6175f7ffaa7dfb445617bbc2fe7047cd4c5b7,DeepMath-103K,991,train,1902,1
1903,b35e38e33380cbd6c9450ed7c623c4f3305bc627b5a5e70dff821b5eeff7ebb7,9c8c867d5ffe2f23f53d7accf849ed6e9ef03ebce7f8de4bcd609763b418b2f8,DeepMath-103K,20011,train,1903,1
1904,0f1db1ee0949919ecd7808dadd375d93540810abbe54c81c6d5ea149d020fe4b,36a59cdaa88a2a027eee52b306168f7b32f8befb67e216ecd19257170dd7693d,DeepMath-103K,13179,train,1904,1
1905,0f4ad8320cf69c5973316388183482b8d628c1cd501dfdb0bfdc1bcb13caafb7,256d24d5f36409938da7f25bda7a53143cbc60e9d4db0b0bfe28b15ccd5e9626,DeepMath-103K,33601,train,1905,1
1906,6a21e443138b0c41e802a277cedaecbce3d0e9aae579e1d97425fcfab404ae3d,935ef2378a2eb211f06ed87551c5aa4735085186e98ce52a13d467a8b63abbc0,DeepMath-103K,48473,train,1906,1
1907,080e90383d2318c3c61ad2a749a2e192f0dfaa342e4495656303f2c76ab44917,e92a99d53f941f889bad29b0b704b43d1ed40e9d7d41138b21b8a7c73aeb7497,DeepMath-103K,45421,train,1907,1
1908,6704e39bea3d7e8524d066ac8842c0969ff7dda99362fb80f10345bdcf4d01e2,fdef5a5797784d5dafb7a197ccb4a08baf0a27cf1db364f2fd20dbbaf7e2794b,DeepMath-103K,18933,train,1908,1
1909,1aabfa02d63481e3fb24c119bc8fcf1de1c7237d633eee83b987f92914aebefb,e9511e85228165206cf5a07303aabac9ed5fdfb507beb31bfec457f9121f00fe,DeepMath-103K,21403,train,1909,1
1910,b1a0a055c5e4b24fc4464f0acc195d1595b2fc48b4f9cc4d511fc3a80de919fa,a2c65fbc0de63639d62f8f9127d582d8fc211c7e99c607e062bcb9ded7f962f4,DeepMath-103K,22462,train,1910,1
1911,8aaf7b5ba3b2fa021b81c673a1006a86233151c2e61bdd8e865b42a2064beaab,63fc4992f482d4ac348280a3878e20c2f4db8830feeb2fe923c476438a41706f,DeepMath-103K,50251,train,1911,1
1912,4019467abbc8573a13b4fd4aa97f1f22e1bd7f99cb5bb1975b34c653dbca1c20,30aef2e2d0416b95cc4a2c19af327d1e32c4cca2b417889e48dabe889e83c02d,DeepMath-103K,52158,train,1912,1
1913,862ef317a5754f77f3ec97d1756855f30851904ee5140b35545a92ff0df52ea7,6d2e3688a8f4a5f7cc4962dd8eb2190e6ecfc4c33984b454cff9a2aa8184550d,DeepMath-103K,51255,train,1913,1
1914,8b162c4883530ce73add532f5dae41f04decd3e99e5a11ebd711f8a1092ba2ee,b84183a03a81771d15eeeaed63d5b4ef212dd6d2c137cb44220ba565dbf26614,DeepMath-103K,11545,train,1914,1
1915,a5ea85b07c737f9ab67b175bbec0125f13befb9f3d821274e4b47d4bdcaf74b0,838f80563fb70256e6c0fa8c642cf2a3a402782406beefb3239c9c3a30441920,DeepMath-103K,42990,train,1915,1
1916,5ee05581af028de123d588c7b3af55bf66a79026d4e9a8f61192e74c3f382eb1,2f7c16b1389fdab6a75534e5c82dc331ba069ee23bbdc03f4749175efa81a39a,DeepMath-103K,34315,train,1916,1
1917,423165083b3f110997444fc106c49bb12692306dabc7093bec324b5d8df00479,5d609fdb647a5b986f179d51b92e71c7df3597030a2d5036be104e0c1e81fb0d,DeepMath-103K,50500,train,1917,1
1918,103d5825a1da7ad2fc55f333793cb7cd31f4fbab25ee2fbbc77e5c06e5a4d9f4,27889909e4dbd492dda5bd79ab7f3bc23029690062dd02195d0070a81b029e4a,DeepMath-103K,12376,train,1918,1
1919,8b4652eb3663979d4077beb20ac75a23ed4231467cfe41508b51c86962dd5f8d,1901f9542532c14593b9c11549986302042bffb586f112005b4e9868c60ea936,DeepMath-103K,23411,train,1919,1
1920,4e5a8910121513f8651854e64eea7658031524075837d2367834360bffa810ff,837156f69be2015ba71b8a408c74ca3dccf040c1b0db82c0a5caac9a46c71aa0,DeepMath-103K,45061,train,1920,1
1921,a82cd343852036280904ffa76c0621a873e760b7096dddd9b74e8e17ea4e878f,56d202d8f2846d6eb98a6c820d3e871955737233eb2742c44b1ff7c2d50066e0,DeepMath-103K,10844,train,1921,1
1922,4708b33783f0f527c878273fc64b46357e36479878e21b7c506d9fe920d24faa,bcae116b0b7ee590a3d4902b4913e3b68966e15fd6d7be43ef238b405edc2338,DeepMath-103K,47785,train,1922,1
1923,85d81c66da64d2d98c5dc84b3d1a08cd9c6bc20615acbf764322281198cfc7f6,466f3e73a2818b297f97aab0286af7958280c789c706140d63e7fd5c8e3da1ac,DeepMath-103K,52709,train,1923,1
1924,f9364f6d583b1e4c5f6bdcd5dce3ddbd0e38b2e5434ea7ff750547ed14c5cc6f,870d8fd4829bf3fc49cefe9b51792a8f4e403907b5c066b47b0c20dd4ac410a0,DeepMath-103K,15742,train,1924,1
1925,f23f25b66ce1aea86c7a9d31bd1031586ea8c3b7f17ecd37d1ff6ecac0b00a0e,aa4761c7b09b91bd80720ebdde47e86f052dc9610d8a69890969e4e164601e46,DeepMath-103K,20322,train,1925,1
1926,5d9d3fa21673cab083da0d630e0e07457ccd2ab446e357e3eff5ff64b4d961d4,a075c9ae2171835b7f1a9d729769883ccd25fc32cfffd10ef46c751b143fbef3,DeepMath-103K,5876,train,1926,1
1927,036c4f0fed6bd33e4f173bab5949e9cf5e788983cc7d003397f28270810eba92,bee705e304dfa02dc43b5ce15a797a882995debf125ead191e3956b57b106b0b,DeepMath-103K,56231,train,1927,1
1928,8dafc293f1110d186a3e4d3acdc070b140df1ed68caff46f3a506feff4f9c9a1,392d89e2e00e359e8a57292138d0ec9648c578b54318601ce631df8919724340,DeepMath-103K,34194,train,1928,1
1929,e25784c3331b8c92bdc9d9b1d6f2687f57a1405ff5691e0bd21f5ff53d2e5a43,d1a14f39c4fe7f577f65574bde0960c8fafcbe6b8918e007181dddc12b585fa7,DeepMath-103K,28077,train,1929,1
1930,6fa150a2dbe76011172f7f19631515f1c2daae5899b6a3dae88c41db9d200817,7f0a62e1d6f1414e2a2314c55881de4aaa5dba81728b764ac97721f7c7bdc54d,DeepMath-103K,37725,train,1930,1
1931,677ad5635e56e5a58eeb7ee142c48fd48a36d29bed9350eff9aa1c854051c2c4,c82b32d852239f024abd2d32bc1f0e110eaf506c9e97258798d870d5c095db8a,DeepMath-103K,20722,train,1931,1
1932,9f30b5d440d9af55c1db8474746b482c52b9a848fb54c75294f7c7b11ebfc70b,442badffaf7c17d762b86eeaa6e56143c65f9905e25cb0247280428ab175e603,DeepMath-103K,46124,train,1932,1
1933,72518151d4b1fd1bf07ed02f2714e76a18b1ced71952fb89aec4b81eaa25c48d,548731ae3bc8be300e8851cb91990ca4bc637f33a34a5bb3ac0cc0ad262e0a78,DeepMath-103K,16903,train,1933,1
1934,42840bfffe06f079101fd9ab0b77352ada417f2331f2d2ee4e4b0873755df573,2323ad1de42838b792f60bb74f8346efc01cba655b27d70ff0c7e6af3eb085a6,DeepMath-103K,8729,train,1934,1
1935,37a5277f921f6252a40ea55ad6548fe7ac38befad1e41f3a39fcc1d9f26bd881,25b51afb7f1986948fcb0350415b79d799e8047af8111b9975340cc07d65e5e7,DeepMath-103K,54073,train,1935,1
1936,f6d9979ec13db0eef20fe08e922834f74375fe0235edbfdec728a018cdf97792,fdf21972050df0312aeae3f7cdffcb96d9a366c6642f877744de1bcc142fcb06,DeepMath-103K,55214,train,1936,1
1937,673e5eccae1ae74f94b1989bfb3b60e0ad8972662cdddd3b1a6f02d6dcb1a748,dfe4abc30650155db71bc19a50cbae97232e8cd0bdc3ea831b40bbcb3f789433,DeepMath-103K,54215,train,1937,1
1938,a0e07629518752b72e787cbf57f27bf74511c889c0004ec8fdedb6aa4b7e5a65,78585368a910764c29abdf6e5302e190778d88fe934371fb9537c9ebbd34312b,DeepMath-103K,29003,train,1938,1
1939,26f2e462bef0a81d46a252d1a62ef6f93eca4b2d90f7f678d4c39e5f7ccf24a5,525167f0a22b316071e301ec66391459e12afb2de583bdc7632fc320df3b42a6,DeepMath-103K,22760,train,1939,1
1940,57d50d4fa337e0db3f81ebb004ac22d84f6765d7bd2d07796e8a436cf03326e4,e29a0992a11f2eac03fb5d87868f94d2d3cf4ee2dce509ec7cdf17b895022ee2,DeepMath-103K,26419,train,1940,1
1941,d91929c735148bb43381ebe83d4538cd469045e913974d44f812e97e6cb3d00f,cf69b1ab92f2f658194834a09a726a14d8502c23641f45629d16d6e8e7bbb649,DeepMath-103K,32222,train,1941,1
1942,5983e15303ac8215cc5a651abeeac77d01534f2b64e7fffb8005eaf2d336afc1,36249f35ed0965ba7b76bd9cb03dfc3dd879aaf7a5d309ad4c1ef85ca68a7db7,DeepMath-103K,18773,train,1942,1
1943,6cf57072489527835f90da175e0cb81e1c81032fe7739d55a11f794a5cae1a64,1e71cf0234d516c6fcfb7dec1d70fe0edd048892bf62172cb686d0e9533fab81,DeepMath-103K,24112,train,1943,1
1944,78ad71f843035fe88cdef71a5c813d1249ee766ba8bdc62c523089a5b09adaf0,66584432f469cd8200c99c0e341d9371b9e7a6e401fabbcad9342205c3cbd845,DeepMath-103K,35992,train,1944,1
1945,66e80826430418284c0adfa2fedf65707fd151d1309d860c4450808fe32d24d5,20a7cf15a8f009ab80d5501c183920f560281f90aa0d0c2bf712c1913d1b67fc,DeepMath-103K,41735,train,1945,1
1946,9d92c7549b7a391f037174eda015faf5b006a41d3f7ae773c8596c196be6b646,07611fea777e1e954da9945ddde7eb86ac4b4bd74e8d9f64644c49074d560c8b,DeepMath-103K,16056,train,1946,1
1947,755fa5f0d05b8bf88f27727d79fe6892581c9c612105e52152a9b6327aaf0c50,666c755dedf05d0539b41a2074b63bbe57af4eee3a97d193eea97e58b7a365ca,DeepMath-103K,20761,train,1947,1
1948,82d13701007543f656953289aee9098fbd9087935c06b2ee7e3549bf01f5e6bd,790259d224bde4ba8657a1feb8196073f22eccb6636cc11e502538fe19149543,DeepMath-103K,24705,train,1948,1
1949,59bd0eeef1a399d17cd9fe044ced1f37d4fb76cb98d52e7f764232242a0ca94e,1df740b282d9ffa5ad3e4e3c586c911228658d872aecbcd6077b6d3990566e5f,DeepMath-103K,10607,train,1949,1
1950,0b204f09de1805c2b8e9c2111d91928fddb5ca8a27e71db5af7adef21f1dbbf6,1c6698146b7728b3e390c1617a4ddb9b011143640af0d2633f3b9b07dee5fb1f,DeepMath-103K,22516,train,1950,1
1951,04c19dcb106a2e03148ee9271baf5f93da2c539676cba932cab590ccee684bf8,7ad86fc9d3f85c8f208afca05c29d671b3e8d2a3397aa646008c6f6190fee4eb,DeepMath-103K,49862,train,1951,1
1952,2dc418609061d6326b8ef19a5a6be6c2a1a4a3ed4a9e2d1fb6ef2dca2c00309b,6c31c747a0d0ef4c2562702e0b1aced8b19f328719c3386611815107334d361d,DeepMath-103K,51209,train,1952,1
1953,c809b7f2cece5bb68a0edff7b50dcee4dd73b3633b0c0c1bd47b512a132b1069,4563ada213f4d53c0be9a48b00e2376f443177b8b28eb31560e8c9a0c15c3172,DeepMath-103K,13316,train,1953,1
1954,34733160fed4dc01f3d050a087c39f3775a94f3214165ee21a1c98c12e96b13e,f0ab366e7308c92f6cc5c43fe19cc92ea4fb47500b9657390eb9fa7c50555615,DeepMath-103K,44797,train,1954,1
1955,0c7d3f7fef325d88956e9bd6f10f3f855b425f10df14028b4753340032960111,fca00a6a25249caed546b6ff718e5a0c90fd2a65b00d29851ac2bf01fb453af5,DeepMath-103K,38025,train,1955,1
1956,921f768f290c73cb719be2ecc709a26d35f0701b38c0bd292fd764ae4981cd19,82f602616dce68989a888ca8f39e3c2fe95cf2a0ae68fee1fb6bdae0b15b51f2,DeepMath-103K,9893,train,1956,1
1957,de9617516c77e57a1b1250dcedbb028eec4cf50df095ce7c9befd4e8deb39678,cd491ef0e14621aa8db898c7c28306a03727cb48b77e0e57e4b4970f5c85fd2a,DeepMath-103K,54101,train,1957,1
1958,376076dad69aba90188a4bfdaa48688942f90b4400c2703e6a6d6b2892bbe989,7b7143da0f382b6af3da0f73f763ab66a0dda60ab1860d831143007f38b05824,DeepMath-103K,758,train,1958,1
1959,55e06d93190f6729992379340df01ddea7e11a46e1da80c894992f1e58f77eb3,8d7ff38b2eb13e686e361e8de689aca90b44c92f7d1edf07d36f36ddcba8a0f7,DeepMath-103K,13267,train,1959,1
1960,d6863883d7336f43575a9d42f7d99cc2fe6712094c84a09c8fe096fe84b6dd9f,39f98b03567c4bcd347d4c23fd6886d0e1e7a98255d1eaa636ee05938b5bbab6,DeepMath-103K,27304,train,1960,1
1961,f82b3a6b0b63c9c686fac7465b6f3c745468df5477fcf7738cfd7499f55703ae,0e70e8a340d919ac3d55cbabc09471f7fab44583c43b23bf18d7afca2fd5c4a3,DeepMath-103K,31993,train,1961,1
1962,1af0520b60ca0917ed242cf544405dce25acc8101a23e014fd52c07c1ec68dc3,ad78d8583ccef9f81e937cdfdfe257cbe707d2208f0030efb0b67df9eb965a00,DeepMath-103K,54910,train,1962,1
1963,2fb60f9b5092f010e664c9fc8128a34662c12306457c43e0854560bfd0077d67,584e3c35b3e0f2874e3d8f9e9bc5af47d2e9b655f4e4d619ec821298116e30d6,DeepMath-103K,36928,train,1963,1
1964,44b403bcead9572a4c323e6665d5f0481efeaf74a4009184147b8f9ddd11bb3d,efd23af05e66b8252c099a6b786dab84e9331a4e05c3caa57efbd91e928d4cbe,DeepMath-103K,51090,train,1964,1
1965,1db943b5fc085df04f89e7137615257d6ec65d8a306c953e5123b6242b77ef0a,8e509af78b78a9736acdbb76accc5b251c2da2600f7263b3962e8e84aeb61901,DeepMath-103K,54228,train,1965,1
1966,7a1d01135408ab9c54c9b8d140dd1a513a68128b892f6e0bdec1cbb6e85ff125,ba3e809c84242d646a4847b9510b1a180d5795dccfa6303fa43d6f64304beccc,DeepMath-103K,45346,train,1966,1
1967,99004d200f237ada1089b59d9733000963ad2c745537925429a564886fcbb12c,cf76e12ebb5727849d46f8232001f0a3017af3eaa3e897c3095e76e2fd51114b,DeepMath-103K,7005,train,1967,1
1968,084057494170507c7fbb56b837bde90dce6ab167ba9808d67f2d6633fff66fac,b3b81a2e69ce89de6fe01b53ef734af588d97d52c8ecd91c9fc3451eb18d0b05,DeepMath-103K,11019,train,1968,1
1969,f6541c3ea922ebe23df3119d75fb72febb897c0d1cfc192616a0a83cd5b0ca6a,a91a8c12f99212ba3120d59a8e86d0df7edd31798c310de926f7ad311ab8349c,DeepMath-103K,32035,train,1969,1
1970,e2bb0617fbb0bc8e3d2e83f056bfd5b3e00861949c76bd8640cce8fc01eb1603,ab3b85b9862fcf1daf814528f0159d47a1baeb915f559b0ecf255a362174951d,DeepMath-103K,15086,train,1970,1
1971,bc78abfbd94852d608f6ff55fb2cfeb701870937ab86c99a54e31e0f24686010,20abd91b3432681ea5e3a9eebc1e9cf133ad56d26af1cab833295a849d65c811,DeepMath-103K,26552,train,1971,1
1972,37e7785496c58a9a0b2b81fc7ffe1629950ffa73cdf3d989fd5fc4768ce330c8,047a349e6e303ce68dbf5beca7dae0865e3f68c275ee20d26fad6a24c8e06e7b,DeepMath-103K,5929,train,1972,1
1973,d5b60464417cd6c7ca94cb53ad741b1b26d5d684ef6b541704dc07b53545c864,da04b07d6e81efb8ce98fe8515a30915ba65c17fb5f927dd7a4d59eb6c03c594,DeepMath-103K,36109,train,1973,1
1974,d0c643c573398eec00b1498cd0242b8ec2f63dac2223c5023e3e8e6ceb389425,457a86aa77217227fd21d1e9b4601d3afd18838713a53a284b730249d0307e8c,DeepMath-103K,41906,train,1974,1
1975,2432f8c31e0c886cd84d1b98a24f51436d5fdd734fa622313c7287f7ccb44638,53e6df09c7c3a1e5e1d35dc9f0a2f9aca5dcbeedb5a6ce766c0a8e6190e7fa92,DeepMath-103K,18342,train,1975,1
1976,7de15cc7e2898606913649400534bd538a1948293c4e829df15a9f181a92a16e,6b4abe6695aea4b639b5f3816ebefbcb2addf4871187836e03558613a63046af,DeepMath-103K,1908,train,1976,1
1977,faec980c153a9f1d9fa932d536ad8dc9a33b81e5a420b8e6bc447b6a6cfda119,3086be7de1edbb9d0a9af36b33dee0f159845147228e2e6dff9a4274de7e4c1e,DeepMath-103K,32412,train,1977,1
1978,aa1aa368700fc423d908a67c32b55acdff6d64fb18bfb7cb497330432d4b6256,67602e56e087b7e465445e62a8eb5227770a9493c1b83d28af2a8d649417eebe,DeepMath-103K,35561,train,1978,1
1979,f533b2cf846bcb5610cba1a9b719a0cddec6e17cee88cf2745466fd8454dc95b,7128a2dc8fed15a3b141d49c48d0e16f344b6cbc2a478d5708f8bfb5069a2a44,DeepMath-103K,54619,train,1979,1
1980,bd3658d1ce56c9c70df75a615232c5e4ad89816090c2cfeabcc21cbc1c6c9648,620f964e947d0833d2c7191829fc6b7d396faec17a717702a65817976711d966,DeepMath-103K,47535,train,1980,1
1981,725cccc86ca89b1d90a162506e9d5e4dade9ce228c334058ae2d2943cc6a4ae1,14ce621e2d764c0bbf71b367698d815d86ef2903b038cb455cbe092dd583e45e,DeepMath-103K,33095,train,1981,1
1982,d314b28fae73eaf9fa1eee173bad031927f473cd29e8517c5bf7f408c8ecc47e,74ec0e452434c0fffb3eb896ee1773e49c6993edd849caa3f1c0ac29f62d8624,DeepMath-103K,12054,train,1982,1
1983,4de051284921943496bb8b711997dd28d0f71bb172e7e0e1264edcbf3292b515,f2eaef0059f542cf3612aee9a98493442c74edb41284ee0130caff619d0d068d,DeepMath-103K,21408,train,1983,1
1984,56e8d4ddbef094ae5b23a5101994ce71481b1ba0b4693557384f6e4dc5a95599,b1b2adb5242b66877dd4119aac3659657c7bd1c79ccc1582ef69ad776acb5c24,DeepMath-103K,3038,train,1984,1
1985,d97da93da9e9d45c4b2104ce46b8d7073a554bcfba9d35818f2ee9afa1ab953d,7b688acff7d21008d15e84c30be9ee99566f50ff84dd088fe1728200b4e4ab54,DeepMath-103K,26957,train,1985,1
1986,1b04c321236d0db708aaea52000ad1be479aec15b3f21ebed132c13203cf94f1,45c1f70efd18f443edad4f2ecd9597d5ca683ca1373fec09448c8203a4ba2146,DeepMath-103K,21351,train,1986,1
1987,2df40f9aaf23a95ac18e10f27b5651874c9bae4a95e82fd980c5d5d1deb92d1d,8785e8f5c063b332fa1977659a0bf164cb9cee2ffa7aa525d39a2a3799a9bb7b,DeepMath-103K,36591,train,1987,1
1988,0e55299a71315a5d824424a0129f537d8652deb5afb4a0be89c3bec704183400,62dffd078fd6c4897174c9b9b4e32ca6d03228bd814f068f61415b8e4467d022,DeepMath-103K,6647,train,1988,1
1989,669ed7f331e36571acd8f2ba6034b8494c87d1a491d813af59bb89795c0f5047,66f94a7f20971515a381606b6a85ab54e1c3ac2c96fbde8d6ce3eb7d3edffc60,DeepMath-103K,14159,train,1989,1
1990,aa7f373d455a3c79645e9c96ec8f0af48cda3749b6da7749b89087e721b6a391,6cedb6bd7e112dcea163e86ea17ede71dbf837c7ab9ed9befad50d95c75a5d7c,DeepMath-103K,28105,train,1990,1
1991,b6e0295d63ad2cd972167cc22e7b863eaf12cad07da26842b67845e08c3fdaf6,e2f8734b61025e4233c0cc6c2e60451bdeeb3ce5a6a4bb47ab5c1488442d3d27,DeepMath-103K,37454,train,1991,1
1992,a15b99a5b6355c86597faedbf0a4a9711254f55b2d2fbf33ecbaaf4db1fff1a4,f594dd3b9d527692884d73576da3e7a7b8f1184a89ce1495ffeb8e90e367bd39,DeepMath-103K,50636,train,1992,1
1993,d3f4925847d805986f6129ee148ad5f386b39e7cef77d40857aa532c9e8bc9c1,faed14501db8095f57788d063678eb17096c4f72dc80c4c3a38813d1c05ceb71,DeepMath-103K,2002,train,1993,1
1994,bc5958b2121b07d2ba4f19bd6fb9fb1fb8a3af72b99bf6f275d4ba5484577c64,4bfaf2e281f31b68bc041b380b71419c8b2dbe9222686a1d30eefd138e44144f,DeepMath-103K,36063,train,1994,1
1995,7c0b3aa711e6354b13cdcd3d18141dcbf3444119883e2a88195d37bc48214a82,e6e6f3ed1c38a0ea55eb3d34432c0fd4b73f5c053a7d168ab3941f06df8201a8,DeepMath-103K,18475,train,1995,1
1996,3b3e26cfd1a5b0ef6e8241b7fa781fe785711099dbbe6b8cdb3dbbc8d58ad4ad,99bc37c88e39ab4210c949fe669b2f087ba2bf709c594934e43ddd0e61ec8717,DeepMath-103K,10395,train,1996,1
1997,fa42a729837fa3a800d9639a001212d36759794db0540412ad762d4dd676a46c,6884ebb5b9f146e4776313cff30a24a17fe4aaadde8dfbbfea80c258e81c182a,DeepMath-103K,34215,train,1997,1
1998,c8b695465dfe6ce66b6aa1a44838d5c7943dc6a0ff3039cbbc414b2462bb8c93,9e60a11d637efbfcaf368778faf331a22d14870cece1e08e5df32aaaa702fb4e,DeepMath-103K,38916,train,1998,1
1999,91e179d3e54c9d6ce53a85b1bd5c1a693de06db3303b722d656ea9e33a6378d2,9a0f3f6e9f2e276122df52ca21b5e91a16e9a2d76109eb3728a18458c80efcab,DeepMath-103K,46786,train,1999,1
2000,6a0b421610a2f5735ea5d497ed381add677a33aa08e7a8349baed28345d89c12,1fd472dc7b6d3e22dd90bf29c8abad7e725c83269000d523631a0d2c63a6a3e0,DeepMath-103K,45357,train,2000,1
2001,678fbb41643d631c9e4e055d6904e82568f02707a08c1b56618786581d8c8226,958993b3214a8188e11f20a8386d499c4f4e6ac0cfcdb67a438a2a598fe982b6,DeepMath-103K,29251,train,2001,1
2002,ceaec71763d2ff2939c309a99d889779376a58683ceffc9ac0d45b42cdb9f8f9,af60e428b5875661f83be1300c4c6de40400ecfbdaa2d1980e4e913f4d563965,DeepMath-103K,37041,train,2002,1
2003,dac9534a58611078b6adc3e0804bd616facc9a77421a8c13d47ee8a93b1d3ba8,28e56a3b8d4fb12b9e514bbc46bf7eb7f2102e41b1da54904e0ad0754671ac35,DeepMath-103K,47399,train,2003,1
2004,1f6758a6bfb79d184202d9b9bb77743c35a81f82424bd8eb684e6156427e084d,050ac3340359636df880acd888fdd2672dcfc7c496bb243c88017adf79fb6b66,DeepMath-103K,52857,train,2004,1
2005,ca1d4894c5f644522b44f17cfc12dd9c624cbbcc5dbaae88329b4b80c342cbbe,65a8bc3cc2adaaacdc3e9372e2b1b9b82f2a5ae3a4aa5bddc2d3f0c69329c110,DeepMath-103K,35344,train,2005,1
2006,e9406e477d39f614b5684df91a1d3bf6bd76b1778a3a9f14b9b9f530fde6283c,4399c6583679063985f3c78535ef71671ff23182d19a88e345ff560949ba7bd3,DeepMath-103K,11755,train,2006,1
2007,90bee26d99feac178dee39c5f8ee501035cf6d56e9756d81ee4a286ab0226364,061f7257434f11b7f4cdfae18c05e8eb85db7b97a9f1781fefc5320b98fff0ef,DeepMath-103K,8767,train,2007,1
2008,cbaa1dd9916b87065f634773696e2c59eb0c4c4ac786cb7a2d5344f141a2c7c5,4f59e68db41d9c576c7523ff667a4afa6c6fa0bc3f3b50a1ea111be5f6457a63,DeepMath-103K,35499,train,2008,1
2009,6a7228210bdb2fb1860090d55799a78ee731c91d7de89da7e99a47c19fc93abc,c967069079c4d75dcaba0c30ce87e2420679ddaca4a912c57748c45a4b62e18d,DeepMath-103K,51393,train,2009,1
2010,9002dd4e1db9591cdfa9156ec7aa1b2707f52757db0ee18ec92fa14749ea821d,c5374543916a4ef80506dbcb391903fce9c3ad8ff3511616640dfa5a266c5347,DeepMath-103K,48549,train,2010,1
2011,a13f13d07d25db2508a9b481cc7ab88efe2c9a4a72bfba941d61d1885bebb6d0,d10867ffed65e7cbfcb3682317ec4f751f6d66b513382cdb24110a9983b1894f,DeepMath-103K,7334,train,2011,1
2012,7a98f1616c365ae3f8fd411b20dddff9063fb50c7327f4aef4a69663ee1e0bcd,33d04ea8cc850da099d41fb15eeed847ed22512af00ca2278505402a8fd099b3,DeepMath-103K,47475,train,2012,1
2013,220f8be87cf39ee3e076829de0c155eea98ff2cd3d408ed75d742486d722fe91,b8a58c9a11193228476f139ee20dcee148c8d9093b2ed4ef72ee51f77fc1fae1,DeepMath-103K,2581,train,2013,1
2014,f91064f2a9d4fe72a81bd9e5f66c4322a9f27452aba3b0355eae4f4eae90a887,33eee54d2b374f822a3c217f2d929e0a869db8c7843f71db62329f9d47e3432e,DeepMath-103K,48953,train,2014,1
2015,8b8bda6fe7be48f55fb9936e923bd43e01aeecc45799a0609197b9c490f13aaf,d7deccaa368206fc3562d1fc94c0efdee73c342cac5a7fda7e133b68173190d2,DeepMath-103K,27795,train,2015,1
2016,69781bbf14772b56beb075d12b45d9d43cfb93a6cdb70d7a443234526efa401f,cd07071e9639dc0cc03368fa04521cbda27e47814cdd4dfa9c99763710798044,DeepMath-103K,32261,train,2016,1
2017,9d176596e28c2aef020c2e376660aef775cfb97a61bc84d83066240dde78b8fc,b61d6c1ae09be05d50ebfec07841a41bc60377af1eb90173a3d73bb7cae7a42e,DeepMath-103K,23207,train,2017,1
2018,5560687bef07a28b11a7530e5164e48a7fd5c2276eff59147ecaa87f70589609,81142bb062568cf6b6c33bcc52720e71378d38132305f0c2ad6886bea256f18d,DeepMath-103K,37045,train,2018,1
2019,d8714a6bbb5f603df4a658d0210138ff5392529ab966bf150ee020638d2cfb12,7641385cd24ed1415dc29099e05dd80c77c0d40db3e838398dc97dfdb4b1a92e,DeepMath-103K,22520,train,2019,1
2020,80a9382fbfea8ed1d066c5c4f87ded9fdeeaf46944104cf0df5e781dbc7dfd3e,539844c6b7138acf2e282ff008fe894c7bec43764cfaa43053624ff62330d824,DeepMath-103K,33719,train,2020,1
2021,dffc5975ad3b59436765e58e28b6ba4035e196b612ebd6fcef621213ad9b13c4,3d708bb75351a0e13fa8412fd1d680bf68a342a7c4ee4fc1c91895ee8b2f864a,DeepMath-103K,44937,train,2021,1
2022,8b9769bfcf89c3f3bfbc4604b42a8d5ddd3976a4a72a7a7ddb58ff2d408a1c9a,7288dd78e56212c07530fe9b4c735ae6637af60159b024f67bfe9d21f2328813,DeepMath-103K,39387,train,2022,1
2023,a0e86a2002e565870849498afc422520a3411d03936ccebce08a8d8c1402588d,22874ff60daf786d13b6f5f9b36638aa09cf117e2213a0d016aa888671ec152e,DeepMath-103K,33847,train,2023,1
2024,557e4bc48631ca95385984698f2e3b3208b11ed703e00bcd69debc79d8e3aac4,db3a198a1e07cd1362dd6977ce676450849d817556bbd2544a16088556e23736,DeepMath-103K,55680,train,2024,1
2025,35ae091d335fbeacce38d1b65490d09b5b01b27f6d67cc2e94c11f122b23d584,f3f261a7a34b9af7d97fd9d1028befe9e0589224378154cbeb0100b21abd91fc,DeepMath-103K,24881,train,2025,1
2026,27697ae625bbed08559605e9ed05fc8314ce120fc526d27ccfe13a7070186119,42ab293efabfb242c2ced46600ae1c1e6db1b64c3eb16a05119004ef797abfbb,DeepMath-103K,36221,train,2026,1
2027,815b90a4b768ec30ce7c868e39e12216e09e3af3e2f7fc56dbcd5f19f5534782,dc09d4a5ed25890e8a612cf6e4259acd103d7f6414a21dc9d341b669770f388d,DeepMath-103K,38333,train,2027,1
2028,1c2351b8c6a04011e67417b27155e8871ab3e4aae09ce5aa04db302630334a43,3c3fc91be8c6a342122336cc1eba428b011503c4b00b99b0572c6ff08d90c712,DeepMath-103K,44732,train,2028,1
2029,171d29b79b9340b5d3c32386cbcbbfd9a2bd863e366bc87dae883c182d0650fd,c5165113c9a132e6af94f5a0945ea74e8e19f7fdcd806c125039a913b7c20183,DeepMath-103K,28414,train,2029,1
2030,eb95b6c02b7ba944bab530fcf5ec961468a785f623a20064770030480f814aaf,bec2b41a8cc6ac1e81402299553145ec969071d62e63502c7542289be5ba8b9b,DeepMath-103K,17750,train,2030,1
2031,58060423cabc4e9d19dfc39d6155ef592c764cb69a9fb1a2347bb6de52dcd13c,8d3104692b71c6126d900ce4f0a23df8441be414fccc1d95625f78f6a28cc8fd,DeepMath-103K,49193,train,2031,1
2032,f811c0552d59aa441f6a1217503d4683a5769addc1201c8f8323f4e5523608fe,4fed5a2686a09c8e398f1e86f3b7c8857c408b15fc8e17006a0c964b21100a61,DeepMath-103K,23782,train,2032,1
2033,dd28f29a72d8f79b86e021ed240dc8af92490b14f6702fd411194f1681cc76bd,847977c7f43dda884c63eb5f993dcf9f2fccc59f744e7511ff3f68100a97b097,DeepMath-103K,49477,train,2033,1
2034,e295128d4b3dca04be34ee2d91847668d3e162831d43ec31ec643de6f5cc54a3,eeb297877ecb44977a12459cea27dae9568c056fbe3ca4fea3000c7b810ce55a,DeepMath-103K,36198,train,2034,1
2035,bf44e584787246c0dd24c6adfaf2a000e4eda77df337966cf143e45e3ea49460,7febf35004f45b5c49763fc32657aebc87c7bd651cb11b744b2fb45f88bbc8a4,DeepMath-103K,38040,train,2035,1
2036,bf44369126cc496cc35eebce52cb23796b771757fa7a88078ebd89c1c7738e0c,4d456302b805db137afc6a4cee2a5e455e1751293f6bc3ee8ac417b1c2e59df6,DeepMath-103K,8900,train,2036,1
2037,dc73d6811670f80df1eebff87ca9b7151d4352066acfb885a9c1c0eba9b963f3,331cd9c0431c150c0bc7f5370a2cd5b78776da38322b98e182db84d679431bb8,DeepMath-103K,45723,train,2037,1
2038,ba08df561da38c1657d9eedc702d2242cf29812d2d1bd641d15bb91757ae8a19,427c0019942ed9b87c13e8685be69a5fcdd2b71e12172b8e60e0826fd219c4fc,DeepMath-103K,55499,train,2038,1
2039,ce09880151b1a4ffbcbe296c086ced407a50c10022f9ff3de54ef4c82f2bb276,96e2b5ee75c74c98c2f05f32586227b39ba744d1a5660926020eb9d50bbdafb7,DeepMath-103K,47792,train,2039,1
2040,409315ea9250dcf6543512b0f164c1adedc90e1731ebd0b43b50f7272209cbb4,82d2fd180ddc61b5b2536b5bd29866bcb1d3920a42ef5ae4365c53fb98de3353,DeepMath-103K,11050,train,2040,1
2041,3d6f477aed27b81fdff06336b6ab1857a596a043c24b0d76a57a6c757f6f026c,d80eedb7015bc5439b9894cf62aa934750af51b73246c19641fba71fed84dc85,DeepMath-103K,8078,train,2041,1
2042,1f44658535a6dcc15316ec503c7c4c92c8ac9da2073c25a3bc1b84afb1a014b4,38f11c14386a1f4d7454430eabfe535c25a2819119911b39a45d4096bd8a5587,DeepMath-103K,48040,train,2042,1
2043,62764db8f9d8bef1813be1e83699c85f0301175e8e7ca9ff2d0e7b073618dc1d,f42aa7dae815107844d4fe83b9e80c941ad29c66b373cfd6d53f1ff49a9ea46f,DeepMath-103K,34251,train,2043,1
2044,46cbaccf6b51589a6bcd60840f5eee8a368730b1ec41267d614f299d71a3ec73,ad71061b8ea9c6bf4858324a93d8a1b164c7dcaaeb11c4f33f7b9bf5aee8e2aa,DeepMath-103K,52080,train,2044,1
2045,f0c004461fee4e0420d50ad1d48519fadec16264ba12f1c135d7deaad9cc22b9,38862442456300ebcd94275807cc5c3b26175aba83a1fa3509e2c99427da068a,DeepMath-103K,4525,train,2045,1
2046,77bdea2d8b7a98f19824f3e4cebb40826a88a63c3ed178d355c225dbcae836d7,8a0b3624e301ee02e1b73dcb19b0c71259e8a0adfa86265d4243265978fef1cd,DeepMath-103K,21134,train,2046,1
2047,01efbedaabef4db3c557973066d7baf2347c3ba4244acef226c2e4405c390c50,f70913bbea928b8353b312a32c84012900613e96231d78507624292184b54c27,DeepMath-103K,48736,train,2047,1
2048,788fad3d77227f27b2323ae31556b9d48ef9de1961fd249a903ee1c5dd1442df,85024589908dfda3dbbcfaba97318beccfeb9a668dbce021c7a6c0a3871f215c,DeepMath-103K,6344,train,2048,1
2049,f6e860b18df52145a77f157fef74588deb34b93481eb027331673fe812a46810,d63da5cc8dec49fb897fc155168e3df5d99fd1adf727514a6f89cdef31d4f670,DeepMath-103K,53256,train,2049,1
2050,d3e83ab5bc547c7d70d7a2c6b979491b966f9f2618f30ee2a96fa8095e211d75,2498da2a59353580d87692b6df108a5e2de31f9f31855cb0302e2442cb4e379e,DeepMath-103K,37059,train,2050,1
2051,a2e0672a120b86e76615b6ae460150d2e06c227defe95dadeae214d99f9c56dc,eb1a4e425a754589d4e175f43ec813d665bf9188b3d5baadb3bb29bda3bd4bcd,DeepMath-103K,26198,train,2051,1
2052,d7733cd3237162bf97555a7baa952c190c46771bae244f90dd7da0dc0e3520ef,14da422cfbbe3c5f7490490f822ce5d8b2db751757d77d3ef8fefbd412b36a24,DeepMath-103K,24506,train,2052,1
2053,f7b622bd17bd4d952a4b365e6af7f0a0876739c2ccd738fd18cdab60b4632f65,f4eca634a0fbdf13046d0f3f706f9167e313f22fb9a4958f451d742598d5c410,DeepMath-103K,28503,train,2053,1
2054,b16a2486a06cddb3be2da6f7b778188678794e2c2f1dddd20feeb144b32cad5e,1eb490795fb71946f03c95f53643bc1569a00950c65fed03e13535704039ca0e,DeepMath-103K,2901,train,2054,1
2055,e5df1b3e33a0c793a2c86872efb9987b77ec35e115275548f9a3cefd20b27bdd,11e611b328e2f371e34c23759b28d2ac75d96b085e135f29b0ab5d56bb7c9c7d,DeepMath-103K,8694,train,2055,1
2056,13702fc0602202acee43c829bb529343b2bfebcbf2f15b9e52bb3f784eccdfee,d55519c232b9529227c8bee0529dbcf0dc9076cacce2dc97d5d897957efc488d,DeepMath-103K,31765,train,2056,1
2057,88553ef8605a37f3179b3ff5c6e4189e8ab22e97ef440c86d58199b31e31d870,4fa4534652e6b6328b8ee511559131dd8a1d4d56e9ca4edaef7a46eaa0d86d15,DeepMath-103K,13800,train,2057,1
2058,2457c919819f21d06e7ba44a7f2214cdaa85bcaca374e2b8d1d397ae89738ac2,9388ffc63be39e7285a7c8edb8d161fd1e30d7e93c56dfae184600226193971c,DeepMath-103K,18892,train,2058,1
2059,10acbbba0dc0068799b9b0c4121c748f0c69787fac5b4f55a28c518abe338acf,3292f994fa95212b0f2e596843a9ff31dbb6660d34b75b13faf3add959d409b2,DeepMath-103K,39996,train,2059,1
2060,586020043c0cc37db57ad251a262a375c8abd38d1b21ef9290c556eab45bdaa2,b08cc8bd7285766b5a861aa491273ab15ecc41582629d3438f94c1c6b066e84a,DeepMath-103K,21693,train,2060,1
2061,e95c451ed50344966e838158cfb117a31a59424c3ab2610562670afe63c4c54d,fcd0f6f1dfcc05fbd55119678f775ff8933c2fd88d0022f42ff83f2a8bbff504,DeepMath-103K,32138,train,2061,1
2062,8e28b80bdc8e1a4c50e5bcc5d2cffeb14e811311e353b437eff3e3929499d82c,88fe09f5fe99910f3aaf2e426b0ac0d4705d380c2b94a16ecf6c98a04822a7a6,DeepMath-103K,17285,train,2062,1
2063,ff49e217afbb032f87a6060ced74c0559a663048a7b02e6bc586942f568feee6,042292a6b918cbdd597a7b18e0dfb2bda066c4f3c011f3fac4d5d358ce88ad96,DeepMath-103K,36357,train,2063,1
2064,2f8aa53692b331d332c9401524a39bb4250a31a90d0477a407f8239b1150a470,4754e372e70b0f086686536ec28a085a6618e40cd3f2c1a45730d196f6db3c1b,DeepMath-103K,47369,train,2064,1
2065,83e138d07c892d8f4c463dfc019c01b6bf66f8714896f18a6d8884c874949862,2ccbd2d171aa3d50546112af6db7faa849a26104e3db7fce9112aaf1a9ae6a8c,DeepMath-103K,10699,train,2065,1
2066,88e5e183d8c9f58bf55aaae6140d6c47cf3902e6d282c827506b633fccab1107,ca3ec12794029c2b7762e4b77a01c69486871e5b29e377be7dcb5c5dc7dfe22d,DeepMath-103K,51067,train,2066,1
2067,37670c7907aa69ea0bd99b804330913be566af4f88ecfec420bf98e3d7f10ddd,95e71b1d5ec080cfc9a96fed83fcb64708f699b76fd474da84916265834b8fbd,DeepMath-103K,26792,train,2067,1
2068,fde68a570b4dff0122e6c59ff5bc839c7285591fb98e092d2918090921ac017f,2b454224d0db510a4a7cc4264167905290e294c5a5427d2a3c0caab0ecf7c757,DeepMath-103K,26188,train,2068,1
2069,09fefb6edd7f14228f5ecaae9878e804c46d7f35146a4903357f31e170b437c0,714d62c208b1f36108b756b0b22337084e49e113874cfd6becaf2c1bceb4d5d1,DeepMath-103K,3000,train,2069,1
2070,0fc7f4ae6a541532414a915bb9dd7a587337436aabb2a782be7680f321c82e76,1da231fef341d6906dee693db58f4f68fac3f95589251e8f4af0a5d3be8b1b92,DeepMath-103K,46239,train,2070,1
2071,843b4862688603ee5ddc92f15aa7aee66e4e7f21924dd7470679842a7d1077af,2d329da39f4a3c060ba55a7707698f20e550bb9c6afd16af531b53e8c0f521e0,DeepMath-103K,47781,train,2071,1
2072,208483360deddbdbe7e0547c58ce071208676b059917771f2853f679ff2fa834,5a9efbce9df47c7f8b2dff1fd672b679501228bbb1a2e4befff78540f91e515c,DeepMath-103K,12737,train,2072,1
2073,080fdd55e535b01c3cec887b941b7372a359aa7b436249a5289d004708cc450b,4cef0fa95d06270d9464769094e84a177bab526df6f4fdd5dcc7f56fc0300172,DeepMath-103K,2198,train,2073,1
2074,7bb4100c94343b280e22233bfadf2efd637ccab6dc3164280f038c793e8f82c3,26444a757bbec64aedcc4d016da3cd25c1cf12a62fcc02d8fdd4a0fda3bb586a,DeepMath-103K,39628,train,2074,1
2075,2442fe8ddb8a167ef2bd59a99b6d0cc416431539d3fda30f0e631862519cb8b7,7d45a5e08278b6388c0e06d1481fbadbf28615ddabd277af2f3e2a811b15fbb0,DeepMath-103K,49949,train,2075,1
2076,04338c35ee600c5c935a132a8281f56042f01c14ef559b40cc1c762aa4df81ec,defa87316899980cb01c43a1e4bcc31868e22dd4b2c65cab75ed327fb29390bf,DeepMath-103K,21387,train,2076,1
2077,d115eab4340ae4ae7a5f36f650a3ddf8c85255e93380f7c17fa8296c31920526,78c03cf1dae7d94186f833fd9ad5f4053fe38a9cdd49c8de2b02ee17ba8480e3,DeepMath-103K,35089,train,2077,1
2078,fca105152fb05794e48e09a996c0c43425325cc293120336f64de17c3c086de5,270eb1cecda8be07648000d336830b351e47090d6b391b144ccde5bca0c5607d,DeepMath-103K,14248,train,2078,1
2079,bfc36dbdba23c629396d18b7097bd90f56259f5e33bd7e28365baa3a8c8e1227,c48f82a37e37181a1079fa28faacd3411eeab34ec863567920b0eccc3996a400,DeepMath-103K,52565,train,2079,1
2080,bc456bdda58a3ac34eb59c61f253a164fd038dfed9fa16d21027df7478253bd7,fee0fba411faa28995612908e9782cfcec0c28b746e704fa5af95ca5bcaa86d2,DeepMath-103K,31766,train,2080,1
2081,36be005dc39e261dffa6cd0f37728873b2820a0aaf48942e7ece484d849bc198,9f74e7089e19a1359f9bcb88602a463cdbc24968b2b282f805eff7ac8b8b3555,DeepMath-103K,16403,train,2081,1
2082,9f11b70fb83b559dbdf148f3adb085d7403c97d835329c3eb0324709cb0f8a80,ad952221c8449a4df5072ca007ae5c5be4290af82c0ae28f418a915c3ec11d03,DeepMath-103K,17423,train,2082,1
2083,c4664bd2775bf21c0e0d3e3618331ce010ae9526f2e3c1138db302adcea74a2b,a737fa0aedcafbf0730035757964de1009c20771196ed5d334cf078d250c49f7,DeepMath-103K,7986,train,2083,1
2084,b701acbd20ced8c6a71a5c501363c34a538473145d3ba516b6076150eedb2e7b,644788337fe7d493133901c490a4e86d1b1b7f03e1b3582ede0e174c6c1ca8d0,DeepMath-103K,8820,train,2084,1
2085,b0fae8d17847d2b59d59c161cc6e1e2f369bd5ceccd5b7f92381b5c61d8184a9,0f89aa54d4b4797b2cc4eb3572062b5f72cd5788fb06717c4733acb450f970a0,DeepMath-103K,16344,train,2085,1
2086,e8e8af26507cbaa2e711f088ba88744940665642677cc02c15f6af40a3280d56,b9b1b198a70079ae9321a1bfcdb6318b48723da467d14923add9da22eb2ade74,DeepMath-103K,24237,train,2086,1
2087,1f24a115c273de8065c652b2c111e7e0ff0c83f69563e87a0121ee0af49fa2b5,5f7c264aaf4fabe4aee4669e002e30f4126cdc13d739a5b26355dda5441cb804,DeepMath-103K,20687,train,2087,1
2088,42cc51912d1a3581ea817509359191c44aae8522ab01039eb61d42aa79041a46,5bd2ec2e0eb11a81128219c7b1d3933922779ac66c208bfcb619202032846a33,DeepMath-103K,16385,train,2088,1
2089,7c978c09539d1ea940f0c734d65550d765c05c60eecca6a9bc88ef277132c151,b2137f20f5d37463f9183bd5347228376e676408b154b61fab61ba41fa84754c,DeepMath-103K,43019,train,2089,1
2090,ff5d20e57d3ca31a0bf5332f4fc589a184716bdc20b6321ba831809e3922a1a9,77b9cdf4b6d482262948adc9153515d93f2056f30a14df15034013036a74ec7c,DeepMath-103K,56796,train,2090,1
2091,372b9ef737d29ee0cf40a1568b4b74b44d8133d1b5fc487820d60a8b00b63f23,c59c16e7dbab4085b0e2988a2bb22eab8aaf5aad0c524434949a33cc8890d855,DeepMath-103K,18379,train,2091,1
2092,57c2f829e3ccc52e5c6fc57210cec6c60aa1092650f4d901d17d027505c79bd3,01fb7f30361d0f802967f38ee3534ea33388f73335c4b1094815bb68695cb026,DeepMath-103K,10181,train,2092,1
2093,4e50ffbfcaf247446368da543dad692f45bc513f3f4cd621cdad2f938d665844,39cae9795e31f1f123f8cd41a08639a346d880b8975511d803041adf2d66e377,DeepMath-103K,23223,train,2093,1
2094,5a89a4048d6de41fba9ba3d40bdcead3864776e71c5dcf76a0d07af4351ae87d,db37c73989a62ee3db69740c5c37eabfb2d07b0e7574a368c3ea2dbd056fff5a,DeepMath-103K,47343,train,2094,1
2095,7fdfabb578cba4d8245c574d58076398c8e0d52c4b72f8d587b19b03860a5694,1ca1cd880f96bfb80a3c409960a97f397bd113874ae50e59d2f2ad59f226667f,DeepMath-103K,32901,train,2095,1
2096,75213b7361c4506c18be061f897b48f0dd7d4f4dbc62994dd3cbc3bbee4a3321,ca3a36374973bcdd5c89b9f0a0a8366671a2f23246d96a8406371e6625f6d6df,DeepMath-103K,42332,train,2096,1
2097,4c274407e3308e83fffcae33ce874197b02175f382cbb472bad9fbcd8c449640,424112e23ee87b3dd281fbd4d0a42f5c305800ce21035d612293d7d22068894b,DeepMath-103K,36004,train,2097,1
2098,fb937912b6065b8ed5115b1ee2bd72d3fc363b238a805f8f5985362a21b413a8,61ab66c06bfa1ccce3da4cc68d21980a74bc16a113370543ff762eda4737f887,DeepMath-103K,24537,train,2098,1
2099,3e5056780e12f2a17d7381a888125c2a0a6505c070cb0af3ded26083590d4c7f,53a240fa8f8d3c943f8efae982f0d9a6977c2559c52fd5f84d0c2229d197416b,DeepMath-103K,41580,train,2099,1
2100,1b1ee5b513665d5919fccb29ee75f3fa1cf71f750a1ce7756418f91587f23eb2,b499e7a523e609e395000711354136642856153cf277ffa489f626583f4a1eb5,DeepMath-103K,2273,train,2100,1
2101,027b327929d9194af03ae96a6e74d6737538330200b71dff5d024ac483ec8204,2a6c5bd7308602e40a3a16669f7765d32f712147877fd5720535673af6af1aa5,DeepMath-103K,2717,train,2101,1
2102,fa2614d45b51fa4cdd60258b8f663e7e657c6595ee3b7595dfce497cdf5ea95c,e6777aa4dbda0eddde24df824094f0f6fdb53aa1f0853d429d8ad2936113475e,DeepMath-103K,33829,train,2102,1
2103,8680dc8a14c42e24db18a31c86770ae615c6eb65af1af45211c9fe9191a599a2,e4e4b3c9bfc309fa0247e4fad89b49987c44607d17985dd2f2cbfdeb8c3155d7,DeepMath-103K,24432,train,2103,1
2104,8a1ddb9a38c1d335c149ea0167f22399bc3fb4cbe45289946ddd6d897bdfa727,018306d096602d31d4d0154ccc637e3c8013b42db472d87da068278ca336a7b6,DeepMath-103K,553,train,2104,1
2105,6fb30ae1dc82cbd901d059b08189e27b589b430a1fd2e8f1056a8815ced4312c,74037f5ae6d367abf5f37b5115578be61607fadc2415ba7a9c34f6df8c28d85f,DeepMath-103K,53357,train,2105,1
2106,1d44c69a92f4df8829ad43baf31827c83dcb9e4eac5ef66d6302c843f77a59a9,f8258d05cc2caf98b7e7b0c29185634200d4d61a35a4e5a81eb360d9a19c6e20,DeepMath-103K,23800,train,2106,1
2107,43b5801e84c10198664fbe950bcc72f428514f28864c2d3e036b3d00d2fd33b8,5ae7e28fa3f3aa367653d7b4061d9785fd15b4ce6d9ab4bd2525e17526c51cf7,DeepMath-103K,42315,train,2107,1
2108,0d52ae886bd8322058a317f193c79e2128820111cec6672ff40528a434f339df,a0a363643e50a0ec8ca8272e1094f1f65a5c56270091b7186a0225e766814ea0,DeepMath-103K,45173,train,2108,1
2109,627cde69e45e58efebb4f1e140490fc800ed9cb23a9840ff632c7f07bd9accd5,6dac0b6f8da0fb7eb0eec409fb41ab132fc504f8cadf118f6b1f7b4213e67ac2,DeepMath-103K,54439,train,2109,1
2110,606ab396f46e89572c76fd7bb5d751c18d0777acaa278fe1ab9eeb63234dc84f,076700eaa074ecfe27994efd485c57f6f075954549fac3e7123e9d79baa90974,DeepMath-103K,6259,train,2110,1
2111,dc08e6a2541865330afebe93638911e338e30c2883dffc33c19b82991b063586,5f240721446416dd136e099c5653222704c78a9a07941ce36fab59053df9cc80,DeepMath-103K,18089,train,2111,1
2112,7254390b22e3f4a0927e56b98a02a7b41ff8a46bd4046f21b793110b16aed8df,a19f0dad34cf78ca04975e990612f3012d7c4dfb0d32d5b178b05be7fa9d760c,DeepMath-103K,3122,train,2112,1
2113,50224724983056d7e0fbcfd03fe423f6eed002896934245441f28472699ecc97,78624a894b3ed80015a47e271ac7902090c463e1c6bb492075c53d2177033a90,DeepMath-103K,38163,train,2113,1
2114,96b435ff779d4a5f75bf1cf859284781c85528aecff1f171eb1d6816af58ed1d,b59fb6ca8759cfec60c1034cfa12df06ddce26be8a7c0a3a9644504faf416521,DeepMath-103K,54858,train,2114,1
2115,ebc53b0980a6adae118ecd976d09f9a0de1d3a91e18f27afc9a2882a6ca42df7,e85afed83092afb829fdfe2ecb3e8a2b4462ecdf7c3b42e62b8b0426050bd361,DeepMath-103K,27909,train,2115,1
2116,bc334b16766df0dad074bb1443e9b7adfe98255044a1c7fb6dc105a41fc32d71,edc41129d1921b1490f0dc76461b45c7848fc336c1611aae5e4d26f2f23c4d6d,DeepMath-103K,6398,train,2116,1
2117,df7e53f93b244a8e704e66335433ffc21bad53e70deba92ef08e768ee66897bd,110f2792f46ad916aa9f338c708afbec1d352eb23da09ed65070e6ce6a96697a,DeepMath-103K,51202,train,2117,1
2118,502c8c47c0a1ad6adb7632c4b1ec4bf50b2dcef19a6e1e1f5d89de3bf4eb0c78,266aed9d87e53bcd66d48cf3d6f44e6948c9c50f0f3a76ba4a6d53da78bad566,DeepMath-103K,56244,train,2118,1
2119,67cba82c0d9060f4552d53fa34e857ae30d3eff384a910a1c4e3900b8339dc7f,750386e65efbba895ef3327bffbfa75bb3ac237e0d89fdfb2f87359c6a23e50b,DeepMath-103K,33707,train,2119,1
2120,518b8a37a810d34e48de6ddc7e6dd578edd02cdc87bc6e7e182e0fcc422376a2,f42b176d7d631ed2a7e2eb6d6edc942a95f8da24bfa7436692d31d32d6c6c0a2,DeepMath-103K,46077,train,2120,1
2121,46328ae0e6f25113951be54837fe6d373f83a4d69393d34ef8a0e57e92087c9c,78e42d268385d07e0e80282dcfdfb4aab585a21786a622c5727ec1ac10ea6782,DeepMath-103K,45711,train,2121,1
2122,4894e43bebd6eddab4f68bd047b0219c5b2a249269955ddd404fe5df81c981ba,f4bdba0f7bfb42d6863d5f67a70d944c33bfe5229f62ebaace0c907d37ce824f,DeepMath-103K,49908,train,2122,1
2123,deab6d2f4914a53d1c426c8c65a47953434fb3e1ff8a3039e7dacb5d3e27784e,4f8f9c10207f2d4d5bdd7068967464946709c4ddf266d5f58b099fd1d3724044,DeepMath-103K,23861,train,2123,1
2124,01c6a80f1ae41c4dedfd4b8bed3c967c88337dc849fc699edae937a8fc3abcd4,32b3998319e998f22b7a111d0afd81880025f06da9ac600ce3d17d03a008b4e6,DeepMath-103K,9284,train,2124,1
2125,b7f342af36fba5d9b06927bbfe79bca4c1e8b5a6e21d1c819024ea174b020e0b,d8ade476c9470ba61451d2ae9b53e47465fc8b01f45a443f28235a5f22c1a0cf,DeepMath-103K,34701,train,2125,1
2126,d310d4dfd31194b4f5e6fcf3e4999a6ac221bb6a2f531b7e3e2a4f4baa536eb2,2d0128dcac60f74303a00150f64a864dfcd41437737a8bd65390657ce9b5cdac,DeepMath-103K,15965,train,2126,1
2127,a387629e76d95dbfa7c7bda7800ad935931477ac5f4f695ef8faa8032b69a781,ceb7efb87500f84c5e43ed0f1d7e0cce4bfcd25a3aaf725ae504db6d02d85ec7,DeepMath-103K,7085,train,2127,1
2128,73906907728a9c62b5970e52afc3c8e32437e62a322098d34b321393ecb9989d,2af6d17287279d11a40144750812e251d15b31af3583448de4108dae7bc0ec3b,DeepMath-103K,51436,train,2128,1
2129,83da412004eceb35c917c9aef87ecc8a83b0da730e3a7e8171f25ba14945c23a,38a5d6cf91529b30507fecad21bdd4cf22b790e79023d1fa5d18265c92d96959,DeepMath-103K,50543,train,2129,1
2130,cf042cc6baa5275b2414dfcd864a9cdf5c8a243ad7bc627ddac8e668d26ae2b6,ab91ce73176cc97b8ee4ea5ef8de5632f5c647bfbe34800494d805a50f73503f,DeepMath-103K,48733,train,2130,1
2131,07602cc399dc851e02ca451e271787d66d71adf9fe783ee8a0e74d94c98d3dea,5c92ce4d8cb304ea6334d56beb3b4627c4949f1b208946481843bf7492283902,DeepMath-103K,50879,train,2131,1
2132,c96fcab52c7701959d9d8f658b655038e263aa03b6505b903f6dfdb2ac3fe46b,f29588802faf2d1911aa03779a5965853d62fe23fa328775ad87930e62f57292,DeepMath-103K,26396,train,2132,1
2133,b1d0943ebba7fdddb585250676f10646a9103f02d7ff7c9226f3fe8e8ffb29c1,f17ddb48a37d31338a55e0063a99e5464a3b77a2e8447566a03a20bff1156121,DeepMath-103K,40989,train,2133,1
2134,0f7aef7268de54b41d601a170a82c4cc9ccf7e608a4f2065895b1fab0dc8cf58,eeea3cd0f713385578e573d2e40355b2e93b99d3be7c0afe76e831ace46ca3a4,DeepMath-103K,26366,train,2134,1
2135,0cd7ab0cb12f015c266d3f24a1566ffa67fb8d6bd23a1067f880ae3f99c1ab56,bedc14df6a25372cc0b4e92dd24152b3adde8a6739851fff9c5799e29d0f4065,DeepMath-103K,49549,train,2135,1
2136,809c01b109558401b186ec184712b2063316387a67bb7cc0bafc88c27924acf0,bfa8166d9b334ead7ab912daebd30da45a63d883c2e7c36ef65edc4f1a0ceb58,DeepMath-103K,22274,train,2136,1
2137,f66f362cc4f40895d97113ac1418a00da1c54487dc0d1e8ebbb2b27b0637505e,83937a8d890c3b33ee3ec1c5c89ca014fa3de4e063bfddc747b48103be4b6e45,DeepMath-103K,22086,train,2137,1
2138,596d4631069378088507f2be53dbe203bf1e2cf82d4e06353961c4833bc22f0d,f2c2c69f1384543071cb60bd07b6c8fc05ac216c37780498270ae2f2abd17a95,DeepMath-103K,7131,train,2138,1
2139,2810270f5215121f28244f993919f6f4061b84c8bf740936c2649db0532455d5,df5cdc91e13fc0168c2e5ae2e19bf5f88678ffdd094b65678db1d545b551df37,DeepMath-103K,2069,train,2139,1
2140,9d1fc4c7247c0c97ad412358105f4f4d97299cfb1764d35074f7cce16122ea9e,961be0b93bc5ea06785da102b5515850fe82a2d060f7e305d68f03b0e26a1c4b,DeepMath-103K,47219,train,2140,1
2141,c16784c1e28409b836d4175d6a76b9bf61b6ee181e0ea5cf7ef43298f52a9133,355e990f1a051533b5d5b91d88026b69551d229d32208465d25b210902668c0e,DeepMath-103K,11490,train,2141,1
2142,192b2f58b56219f4af5e282e337af9a8468cc3b66a801e34b8ef56f262ca60a7,a9215e5ce277fadc36b1fb972e1bb201e474cbeec4b5fd7655434d000820773b,DeepMath-103K,27931,train,2142,1
2143,abe0bbfb60078e4174979ff7d74da9fcfac95eac9767a12f26d440919a4815c7,68495e76dca8573e46ec8bcbcdc6ac275532fb8bd30405ee0d1c374cf989a1f9,DeepMath-103K,27165,train,2143,1
2144,9f28f7bcf1704c14da58e64d928f4739747c8d110c995c52874e3961023db3a8,6a180a0d9683644ed5502305ff3b4fa16f6dfcf00c0a663800edb3731eb28517,DeepMath-103K,46612,train,2144,1
2145,f9079a3eb11ae970eb447f8c0d41487550eb766075d57c19d0a742729502bce8,aafae88ab27c83bca5c02f996c3c0e280c89fbd14090f61efdac910cd1ee83f8,DeepMath-103K,19867,train,2145,1
2146,df326e5619714103d33b832b7c1991149ecb655320ebf3a5048b39d78d91e7f7,5a86f794ac70d3077020ddb02e4355e74a909889ba8c3314cd725a5a82c20bee,DeepMath-103K,46453,train,2146,1
2147,4296bdaf6627ac489714d1a3875ae4a952a559262988ab0b0ad73cbecd4a2bfc,2568de76e5c775052081f1247397651564c3da711be00dc2fbf023a390a35cdd,DeepMath-103K,42018,train,2147,1
2148,a24b4d4c65aa4057d02ef33ca30832670b34bb056d0ff21fd78014561d8fdb63,581649179fd52a85cb0f1ee98c6973598bc804ef9ecf7e23a3eac7d13d1cba9c,DeepMath-103K,7993,train,2148,1
2149,446747858723bb0c9480e2af54385a29f15dea56d893ae7cae368eb0abf80ece,cd671a91bc0938a6b570096dc92547c0c0510a3fa08e504e503ed238fd9a7ad4,DeepMath-103K,43126,train,2149,1
2150,0b7f8441b3a6a7d0efcee716d619c33cf2ffac4edc67c7b8c672a382c2c93352,f1f80a14d0c334e64a60a19cf1b8a3a9fd96eb34687c9df330a7807e85661adc,DeepMath-103K,42936,train,2150,1
2151,50573ddb24e4559a0ce559d17c8078923d466cb04145e0886bc537fc4e37dc47,662551063990d3c008a8a3cd5734a4d3489c7de55343b25826c5ca2b26139e64,DeepMath-103K,7995,train,2151,1
2152,4654d504417aac55be3374efd870913d3d3d01026cb7e17de6169953be7a2668,272bf8ffc53cebf83e6003f330926be791b029ca17716c02edc3324ee05ec054,DeepMath-103K,56633,train,2152,1
2153,40e64012dfebb5c84eaad6831f3608618327bbfda6cb90e6f97557e74106ec43,8ebc6c2af602b9721ad3ab86c54475a492346e4849282a2474bb4e3ffc8388d6,DeepMath-103K,13949,train,2153,1
2154,d4c5ac71c6d532ebc317449f7f21e9b4c304ebe71d256494bec2d4c1476fd0a0,47c0fb130d04414ce3235c9563db167a137ed3b3d56985820eb0b0e9c884a495,DeepMath-103K,31428,train,2154,1
2155,9654faeeb0883d0c15c10481519290c118f17fd05283ad5894ab931346445307,1bf03316ac010e7bde4d6e4d4204a3130b17c05c837a051425d900b3196baf76,DeepMath-103K,36959,train,2155,1
2156,350857c24fa2a976d9e402dc31e92f98a86f991a20def8c08a3446c9cbd1f185,0c9654f65610f17d8577569dee6a7a2dddd230314383e2857d18efa420044ad6,DeepMath-103K,3976,train,2156,1
2157,fa5cc53b051f0e51a02211ef8d5a5cc4cbe9e809389f6eca1a903fdfa75063a1,ce982237565679b3b9a9646acca332845557828f4e0136c69e600e148168eca3,DeepMath-103K,24148,train,2157,1
2158,aced9cf14593d178ba873abd0303cd2f06abb9d7ede09309afcc57ce7bfe8b34,edc140e6344cf2d975cee985ff9260d15676c7d799282cb11b91efc1e4059577,DeepMath-103K,48951,train,2158,1
2159,03102d228fc027e5c051459f06949ad45a987c38ab3b0b86932c957b5c03134b,09b59b42047458c39e039c3621ed765217d2fb938309506847d500e3bb93f41d,DeepMath-103K,22658,train,2159,1
2160,3ad48d3efeca682bc8630292705bed9bf8f02323c8cee9dd41ae40aed927c1f9,b79b311c18d808cb55a2e59095d152ec544e95d232a39f750e3dbb96ed7b5160,DeepMath-103K,40048,train,2160,1
2161,7ca59847859de70b1f8bdf7d69ef52542af8f3a01d6edf0fd5fc46fa516521e1,f074da7c9c31179d0c3edb8c753eda01308d9186449ebc765ef9f16a54686079,DeepMath-103K,29402,train,2161,1
2162,a360898f73c22af61b748322b2311060d9b3d11ae9b1486c804994f9f88b816f,f0dc125a552c9b1c5ef3921382fedfdedda6a67ffa4ad5d5da8a4fb88fd3305f,DeepMath-103K,28347,train,2162,1
2163,1eb36ec370809deab8c50c396203526d6a0d8f06a3d4621664659b8db6f88aab,acfde5c19a30075e3f86db1ce333d2bc06c1c9964349210fc381ddc366b4f063,DeepMath-103K,37042,train,2163,1
2164,de70b7c7954dc7caa9628cdc28b652df6fa82e437b3106890393c2e42e96c3bb,929b079f5813c311cd78c9c8f784c38d0aa9bd0106aa5ea528b47943df080819,DeepMath-103K,38944,train,2164,1
2165,e084dfd1a4ad02b809496c81544198c798d3a16b627b592dccc158ae3113515d,bd668263599e4df61fe2e89de69dcbf4f7a08dce80cedfce4b33542b0855ae52,DeepMath-103K,33717,train,2165,1
2166,aa77f819fb9d01238f21eae0429899fe2d8af7b99e9d1a1ad04e566ca960f194,2e8d2b55508693a836e07c528792e4cca84445feb22fafedaec5d15c5e5aeaf6,DeepMath-103K,32693,train,2166,1
2167,71aeb4d40a93e1ceb595d634fb0ec625da978c1636aa0f15651d72f02bb9be6e,c45490555e8f8406d6c1745424d5959635746584b374882a7e8a2a6551aa81a8,DeepMath-103K,54097,train,2167,1
2168,176ca683e2a1781a06542509379a7acaebae4d31940ceeb78ce7f84a9597a6a9,cb423eb0db55a13dc07abc9d9b64e56c1109c2b704c4b0d62a883027fadbf1df,DeepMath-103K,34515,train,2168,1
2169,5572cf40e4b3b728c9872b555ecbafb4ee56f3da26c15313a2ae5715ab622869,9cbfe0857266d0b33eb1512dfd2eb2009aac2d8d70fe340c66c040bb933e7084,DeepMath-103K,17005,train,2169,1
2170,b86e816e90cf613036042df4b0d802c209a463e963b009c007511e32909e178d,ab8924a5a01c42e94ec2624f03f3da1bcda173fdfb0f69254e6291d67a617272,DeepMath-103K,29580,train,2170,1
2171,ef565234eba78085f386b593d6ba51159676b1642b632f87c6b59f69e409d18c,41a612be5d6ac705a6249e1a750baa6bae60e36ade3f702074e47eb97143ff51,DeepMath-103K,29555,train,2171,1
2172,e5c06725c5f4c3032d4c08b788e1f1c49a8dffb3388c610ff2806e40d07bae4b,cdb493bb8d4e1407bf0e65d7a2116fe3ac86646733c4266e9dfdc088059ee266,DeepMath-103K,19511,train,2172,1
2173,5bf1235d45dc84b602778278be8a14592a9a6edfe836c700a7ccbc32d117bb15,2cb1cbf4217f37929c7343a83b973e7ff477d34876bbb4e59240f95676c2ad70,DeepMath-103K,10790,train,2173,1
2174,039dfddd0f6e60d11db030e9cee0d5cde4b7a70955748779df8b80fabacf8f54,ad43909186aa096204975635aa750c31d8697147e595515c0aa7e69879659ce0,DeepMath-103K,16026,train,2174,1
2175,7865a76e242b28e25f3abe58d3c44768464e9a28d8e41b7d64f4f7c86f645741,295cd0fde4cfef437f04fd25be9ca6f8d34b785546fdd0b1a17c848669cba10c,DeepMath-103K,297,train,2175,1
2176,c0079f3fb5b26ed91e0e352d1d417bc2457ef3bbbe6812c4f10e2cd7f36652d4,57fb0b163b3f69c1ca6e594ba32ef6b28a936687c54aa188f71f42612ba78f64,DeepMath-103K,7228,train,2176,1
2177,7b6aebd1b8644e60ae122b08175e1591511b7d2efb3b9775aed19c7afa72dfb3,0fa021ef5ba7a96e4c39030c582a92e5c6e7822a798e8a99d4abed6ce914399b,DeepMath-103K,5108,train,2177,1
2178,7154a34ceee81ee1a749c3faa9ec004b08032db72196aaa2c162592164e1c8d9,140cffb64fb134036eef40ec1b1442c8935eb88481c103bdef37b634a004c941,DeepMath-103K,8397,train,2178,1
2179,27a19350ba27e0ea9c281d694a033cf8fa02ccc82ec8a60f91fee7b42e0bd805,97b1d58c4278a4eda9093bb3c49505264965ae09bf54dadac72135f52ecd0fee,DeepMath-103K,43429,train,2179,1
2180,c73986426bb1f1e1e4e225cd8f612f925122c7f20940400689318002912bd37e,50189e18b8c30e5987697909dc4a5b7710322062d31ca0828cd3232ec4b75ea3,DeepMath-103K,12995,train,2180,1
2181,cfb163ec39bb6a2a4ecd4192e96a47fcbdb695e8ebc2e4ca417d86991b81e030,f8347463e59336393eb585f117f56ae23f784032837f8515e2acd2396c3ade82,DeepMath-103K,28830,train,2181,1
2182,892c1033cdd0a45a2d94b64b6986102e422a5f7e22cde8686ffbc3216f2fc61a,f99355a02be52e32fd24295892fed04bacb1353d25ea6ab044e881d211037270,DeepMath-103K,39353,train,2182,1
2183,bf5f2616f1a925b0e343b414c692b9b6cbcf70e526f04de29d746a5246b6b444,3d93b38897264593f11b9fd2e1dd22528235c32109b0fc208535d2feb337d056,DeepMath-103K,51097,train,2183,1
2184,32ee018ce7ae0434ec38e48d08ecba9c4cd810f30b38fc49bb3d88d1b806b4e5,d25b9d7bb8f11bced66df7c6995cecd48447d70358ad3cd3a046dfc37ff92898,DeepMath-103K,38822,train,2184,1
2185,11300480fa8ab2002d7b710ecaff29b01e32337c89efd3fbd0c732e9131659f8,43b753ed83977685ee3a68cd2bbc530567d876b1763d57d0195ea9c395b646b6,DeepMath-103K,21486,train,2185,1
2186,38d37c317bdbc07818b7e7d12636a312bed8948f89a2d4e841bc946e512416d0,e9b2f65b915c4ae27a7aefea72d61e97bb78afaf803cbb27b6dd684498ed6028,DeepMath-103K,23471,train,2186,1
2187,d42ac9a23df6d6c11c0795debf3b75000f578e64b51942a8dcd7b875a2909f3d,08f20d26675ccb5f782c19cdb2cd463a86832d844afcc76fbeea954cf90cb4c5,DeepMath-103K,22706,train,2187,1
2188,ab07dbfee9ffdc6df70b4e2a0a49e472354598b1b55a38d9a25a66d91b23e76a,c014201395d06139212359c33b628801c3d476fa18e0cf8eb9c9a1ad938b9084,DeepMath-103K,18399,train,2188,1
2189,b0b4707214548b82da3106d4a42a31f511f17b1fae490ef66e91b17f33019ab9,43b0239e0ca4f9bf576e3f9e94cf3fbb56beb7a6d6cf7a973608bd80c49e9f9d,DeepMath-103K,9207,train,2189,1
2190,ba25baece3d770b9520636bb2e10005b0e4f14b3a340c8258e2ef0f0eb5ef476,7c1ff93a24b2366578b6eb9ac1ffde48886c474234fb9220d85f6c584a5bf28f,DeepMath-103K,33248,train,2190,1
2191,a5111c5a8684a00f4a0ddd8fdeff98809d953895252c3241db081fb035a24113,96a898cbe416078dc13fa2e6231a35744cf1332a1ea69bf89a4690cb563df326,DeepMath-103K,39197,train,2191,1
2192,6ab3d88ac5cc4eb67736683af310b88e4be45cb10d90e624f5b3eb41ed0e6d56,01342fcdce32cff56ec64e79b6b4c01e43baf717477a32993d9ddf7e4d33d24e,DeepMath-103K,11829,train,2192,1
2193,04827aeeb8845967f7b3fa4b99437df0c07f808cb01176ffc65bcaa583c0a13d,29514e56abc5eb3b4fc953e4e7b51c571cd6520f19bcb5d3373671d7f964ee54,DeepMath-103K,13112,train,2193,1
2194,37e44439a42c1bfd2ee715c3afd159fd7a5ecceea5d6b04c2746f7bc9738f8d3,71bc2cec489c5e9b45f5a667776a6602b821b7d2eef8c8aa40b387d49f84d5bd,DeepMath-103K,18175,train,2194,1
2195,87fb59bc33782aac41b4f7146fbae0992ed4a36a2330565bc547f0b8446f01e0,32b2ac9c9de8d3e71fd432f013a01b4525e44db3fd62394c179a94c086278e20,DeepMath-103K,43722,train,2195,1
2196,cd334da0a45673c3572b545f4589f1afe48304d9ef98fc2c19376e3c03cbc28c,5d9ec8d31c723c5fd7d7824ddac6bad4eaf69575fec5b5fd61da3602e3138c21,DeepMath-103K,16497,train,2196,1
2197,74326431c9bc8fe6414090f9ca466adadd370f2aae7c11eeb3ba5f180079f512,97bed9f0ee266d28d331f0a0bfb104230eab42bfa34cf804636775d732b55433,DeepMath-103K,29247,train,2197,1
2198,3273b6f79989ee0c8627174e1949272e2286585db1f056de5be6b26512df5ca2,f28c241ba46515aad04965e08c7ae67c18959bf8af8fa1d38d00c851dc7a122f,DeepMath-103K,54000,train,2198,1
2199,f6180dde9d6b8138ead1f7ab3334689e7d4cf3dfa189c5a20345b41b7ad74a8f,f32e776f3533eeb1f4b71688dee3abb5a69bfa9c359ef90931e32e91807ad589,DeepMath-103K,42462,train,2199,1
2200,50bc2031ba80bf835392a9a63afef6a911d7286f23334ba160a6b7fce9cdf555,76e16ac2a43a25b57e2af317c9a2ee84e296775a74e7775078b03f17c789d73b,DeepMath-103K,20325,train,2200,1
2201,8ee571c56a4751e570c45ccec760f8fb1f002d8d3a8924e1645164ff80587c32,75984456132f911a0174bd6d81ba485fbea3f30b681fdaafa8d6a24a47cf4da1,DeepMath-103K,18973,train,2201,1
2202,c0338bd1fdc505618809e7c4048178478453a9af9722e78abd888747aa5c8eaf,40cd668c67052b3c53067e9ad70d080875ce03e8f566ea0a8a8e0e0bd25623b5,DeepMath-103K,49845,train,2202,1
2203,3cd7dd9168b73b1c7820e7af83b5776bd91160a0f7f3de18ea18a26db4ef20d2,a7e7bec8fb3a8c1ca90defa0fd29b6c8817877676f60bb1fccc6d792972ebdb4,DeepMath-103K,38135,train,2203,1
2204,49b3b34f342feb5ebbba95450072939633bbee2ba8bc3ba185d8de5e48f5ede4,583e09e758d70c996c57597e5570162dfe185349c93db7de23aa496832af8055,DeepMath-103K,38106,train,2204,1
2205,66e01b9f43c140e517b661ed5699d0be7ffb59306b0dc63405ed03b5c7644273,f71115f7d977f06363f86266d4ec8267be8d89577d786e14d75196b7051cee65,DeepMath-103K,53697,train,2205,1
2206,0c711776578bbc18baddc5d7dabd8cf6ddf5434f7bddd842e2be42e1185f662f,deaf7caaaf664dd8bc2ac5f65ed5d02c2478ebb2abb35e060c240196ad029e01,DeepMath-103K,550,train,2206,1
2207,5afbd52028bd72901819964d5bc6176cd8765c7046d6db6780a167a3b5ebb303,f4a9d2d9e734d43fa0f0afc8a0070ea4826ba19bf7b5f90dcd2596ec949296b9,DeepMath-103K,16435,train,2207,1
2208,79b14a8df3770e5acdf7aa6b3a5df668979e48baaa721961fc797c502be7657b,1a80519f7067900075879ab3f0242063726645da5e547e9654705997fa7ee071,DeepMath-103K,25671,train,2208,1
2209,0568981ff222765d1b7826f298c92032298c13b6d52b6c00342d5ee2d585e7a5,4fc997ffb7e03bb105ab05fb8029ac945d76eb7b500c199620ad7832b910bca4,DeepMath-103K,45247,train,2209,1
2210,4d0bd36cbdd9c47412926d8bb45d611beb3152685f8197717456ca344797aea4,4166120d4d97d81deabda49fef6a1015380ece837513e7d27c2b00f079951393,DeepMath-103K,53170,train,2210,1
2211,da865faab5e5e949ab101eb67b867abbaa271c3e81026a357a75d632476cae3f,9ccd064a737047497a9a3a68a707303b86be529916a4492d76f0db8badee93b4,DeepMath-103K,44705,train,2211,1
2212,5ec9dbaf3499ce0ed1909cf04fbbb6732832a62ead33192bcf1724213431be4a,d93b1cd265debe987874621ca3fd6eed35a8bd986dad5b49c060813fc5ad2634,DeepMath-103K,25253,train,2212,1
2213,cda424da8b70b0f57e00098fa11446cc900a25407924dbef6fce6a1a1b784aea,1f78deb84352a55e72d6ccda6f3de388e4259bf02383eb59b406c7cbce68ca6d,DeepMath-103K,19794,train,2213,1
2214,ed41b8261cd560afcf3f0263a95564705d1546f3bd03566e9062b437c0886b2b,a0907dc72a1176b91f282ed087ba79cc4116b5a85e7e2c9b0d604be80ebf78f8,DeepMath-103K,21013,train,2214,1
2215,8739e2c81e6f2e09b3669270a174f543c20b77307013773893837689a29ce4ea,9f58287216268093b3fe77c2cd8fbaececd0521c72a2a967362d4ac091a78954,DeepMath-103K,24244,train,2215,1
2216,580999e654c7b1be213fe86799b5fa1b633c06b403834ae7e29f82c27ebe20fc,d4acf219fd936c4930ed79906cfe2d1ef2d616aaa7497cb9387f256cd6759c1f,DeepMath-103K,6996,train,2216,1
2217,733d9de1797ba0215e11bfc00ff560a973018b4af427119b59b1d448697d92c4,d55a5a0e9ecc92aa1c589731f269f517f0a92ea548db158b533b68d6963069fd,DeepMath-103K,9411,train,2217,1
2218,1474d29d76766ada4a5031d74ba97e2ec40909822e3b4361a45f8df8317346f8,1a8ca836acf0802012f92aa0c5f1ddd34d3407a300b440d4e8baebce86365d6e,DeepMath-103K,37203,train,2218,1
2219,0e12b24c7f9a9781bb8da4dd387ea0628d30f0a6fb4ef5d1423b2361ffdeb0a6,d8ac4b64b2a5f9699d595374db5895dc696ea264ca3519630218b48b765b2191,DeepMath-103K,14792,train,2219,1
2220,aa6dc62f2457b3c1a6904657205f98a19a3c6ee494d03bc1a0d76f1c0e6feab6,a496a226fcd6649b9c3484fc3e640495578b224ba72fa88612dd859112e6cd27,DeepMath-103K,4002,train,2220,1
2221,c3411312b40496d4708bce23e231ea9d133e4041132321554abfa1e3ac514fe0,997671f268971b418cf33e86f51d0bb165dfead265e611970aa13994865f0bfa,DeepMath-103K,37570,train,2221,1
2222,2357af4af80761bbed37439bcc582a34e148ec9ca433a34ba3a6344af98bd02c,655c649a14598c0984fd49c692ae79aec80b0fb2e2dc3674e07483c41800cc29,DeepMath-103K,40368,train,2222,1
2223,5341634aca56bc465be5a4b36415fc43ae4288d36fbfae427d44bd32c61f6ea7,3867b7f8684e5427a8fd56a68b6d745dcd987721bff7388c3b79740e619da1ad,DeepMath-103K,14351,train,2223,1
2224,17a04dc72a8efe07ef186eddeb5c590038541900e9738993c07bfbc3ac69dfe1,330785d828fb0f2ab6c1a181c016489f168edca7abf7bafa13d161d6a50d9395,DeepMath-103K,4883,train,2224,1
2225,2ad27e0d3357f5a1f89f03432943608bf363795b6e3873f55345b16316a101fc,2206c79cb8f1e89b03997413b3181a0aef73f7a497aaf4ddbfc14178003b4881,DeepMath-103K,56908,train,2225,1
2226,c9709a2af8d91391e5207eb5162b66ba64ace67cc9a00ed4b2cd523d2fccfb83,09ebff4cb3b6fd9321290862fcf91dabc8f57985a61af50b7b9e1cacd88b51fb,DeepMath-103K,55471,train,2226,1
2227,a31f881d4c0eb34b58326d216a0db2002d4a9dc31dd9c6acf5a33d193fc01555,4f09d8b7dc22fde03f92fd74ad510315d966df419123599fbc7cc1623d814a7d,DeepMath-103K,29891,train,2227,1
2228,6d9bfb4d0e06210642f21f38125b7c8e8754c56f03f61335b92e98dc9dff022e,d2884ad320eff2319631c0e00755c2d3998e45bcba68ad96d83de00049aabd01,DeepMath-103K,16565,train,2228,1
2229,a0c78d05598daa5b8deb1ab211dc3ef37869d772a3a24c247a94b7a8d7df8cf3,5c33d236792907b107dcf02cdcd9b111eeef137a4f004e849ca9b228cf4cc505,DeepMath-103K,39368,train,2229,1
2230,48566a0fc4c4fab720fbe0b8fea1f42243b571ec54fe3f12f9e2cd9764766d30,0d80b204904570dc1227512847a454aee941e7d1c26c81fdca32d225fe74a000,DeepMath-103K,39508,train,2230,1
2231,3bf8d3bc5839e186113bbaf9f12dc5b9f9ea694a81f56316975d31798021ba4c,2009b75470d4d7741fb1a92a83afa49f0716bc7f566d778510da9dae976d7464,DeepMath-103K,21557,train,2231,1
2232,6d2c4d950d6c180abca1af2efc206a65ebb1772ac1b0a8a4adb43d227999a27f,89ea42e915e3129fa1792476acf483ba2818797247e37b576c0290097c738c8a,DeepMath-103K,56550,train,2232,1
2233,9265238f5e3a842529015dcb909253c9ab940e124ba207880e85327992633b79,25d9f51d67366246585b0450c9b8018b406e27c0de8a065d48b66bbd681c992b,DeepMath-103K,15938,train,2233,1
2234,9ba7ce87987e9f6fc93f45c9f35546f0391ee5c5d52346e87db85a69b4ee2f96,e4365e6ef924b3b8968acbb352706d3fe4a015aac62742a805de10536733ac75,DeepMath-103K,3301,train,2234,1
2235,768865adc89a205979875c1551d21702dd1ff0a77e3cedfa8351e3a25a4e254a,1622cc78a35a0b8da957aaa6f3b1984d86e6064726ee0094ab4d28248ebbb0c8,DeepMath-103K,23707,train,2235,1
2236,f085f3907f048aa051f4ef0a38d5636a9f285919d2349458562944d8f953b2d5,d0a40150d307136dedfd70690c696e68ec4a9bc9bd85f0e3b14d64ea5da8a9cb,DeepMath-103K,24245,train,2236,1
2237,669d043c6145a339d0230fb85e352b65d8d35939bccd68c40c8b9fc282aad38d,8b63870dc56a2cf8f7962f8515db1e3ee87def129b11c426c243136ac9556ecb,DeepMath-103K,36903,train,2237,1
2238,76dc7187776f8de0568e5d815bce670fe8deac2c61853c5523d2721c2d9f7746,52c54271e771710e0ee37ae4789fa58e05b32fef8eec4368311d9beeef6d6b17,DeepMath-103K,1534,train,2238,1
2239,139e33628488c60042bf7752a57ff4ec569252f430d9627750d255c26b188d69,5f97ed6a58924fcd6721c09b6b5aef9381d773109d2773e578808ec1db92326c,DeepMath-103K,6184,train,2239,1
2240,5121b2752325727ac885a8c091471b2a96110385f56d5565839c2e55f6b4f1be,fa02cd3fdff5f3a4b201d3170ea959fc49bf9710c9ce3c5542601c71884623c9,DeepMath-103K,38008,train,2240,1
2241,0014f489b3ab0025a7bb77a077ef83e2ed6afc0e0c053d6aca2b8b58cd8c9225,6936933aa81deafc90f58492cac361b2275f2245234ddc8cd2d5d823671b6829,DeepMath-103K,18988,train,2241,1
2242,64c4bdc82cbd9424ca5ec2cd9725fd2e84ab4f4bdb36f18a419040cc84b83a1c,43a7fb1f49efc902df863c62b99c64171c587c66b7b34c313ecd21c3059f81ae,DeepMath-103K,37220,train,2242,1
2243,ab16623f6d1155dee7a6e6ff4b1927832e0f5f3f01db1ddc063ad60d8fed3ee0,703d34f714e8d6c397241e06bb17faaea314b755d49c13c4f72e4dcdbcee7889,DeepMath-103K,53253,train,2243,1
2244,f8fc1d462f4cb277af783afcc563d0cb33410b65b4e9132daa0ad5e3f1dbe242,a2624a6a74b2e8f0606b2f603684f7c828653bba7f7890517957fe978cd2e3f5,DeepMath-103K,26927,train,2244,1
2245,6b0dc687dc7d63eb5c3f02900e4e317b6485221cabde980a723017c31564e067,c87e7f9d4346dd054f04e493a418f73b5a407b352cba5cee2a9afd898a662d79,DeepMath-103K,6734,train,2245,1
2246,9a8b0e7a20e302711a70c15ad8915cb7c9f2219910d844115525d370b1685515,0457d5dbd50cf874fb711a631f0b92f21f9fe53289bad03865f6ccc70a5a3bb2,DeepMath-103K,12537,train,2246,1
2247,c7e074f27fe691d11ced652d722bfaa30199ea74965965ff31c55dc3d2c5a472,a653b66fc9bc4513b5cc0d5cda8546621f02668885d259b8d0d3e5caad5ec58f,DeepMath-103K,55328,train,2247,1
2248,e1a30842d330377b742bd5326264374db2fa0b9e3ca707e764cb195ab60aba26,f778e62bf7811a6376f6350c036216e1010f365580e2d8d1914ab38951405083,DeepMath-103K,11806,train,2248,1
2249,f7758f60daeaea5c767a32f0c950342cce865f77ed075863e9100bc3e92729d3,5dc21f79b2296c8991b0754c80c88f433f219d3a7654b7926ea696c4055b9fb5,DeepMath-103K,35742,train,2249,1
2250,a769784f4aa1b2705045ca52daa85cd1bc0bbc0dfadee646829908d85ea769eb,9cff80cd4df150b55e95965e7808d04677f2cab37157d4c3303cbf9f9ea6c245,DeepMath-103K,43133,train,2250,1
2251,300d19aad935f1952d0691034cf84501827a73d9e9d47b0efb0284dc8f860a19,aaafc69a68acf1403138432f91449514649cf0c142e37d8d862fa9142fd66a03,DeepMath-103K,20,train,2251,1
2252,6837a513d978985e5074c627d9c285b3d1f87628a44742cfd7dd7b56ae46c2e2,f064155590346f1611c87c60c754c816719d17bd50eba0e4d1cfddcf666fedac,DeepMath-103K,6313,train,2252,1
2253,4661d7a51ae562b28a3940cb6b999a61b5ead8316eedfbf3edc727a315b925d7,0c8df3c128f186067e7064ad23eb4ec9d807de3caed5a9e2f2939472e5e72f58,DeepMath-103K,37694,train,2253,1
2254,b54fd2554b60ff107fdc373bd6a587f5066d17cd6c1a8d9e222a9d80375866d2,4fb42f7da235f338840043b88f7682795063d4b5bb715af56541ad9a5c58a7a6,DeepMath-103K,21438,train,2254,1
2255,2de0a5e4e38e70f9533f5b0f95cb98630a2032d8f7c87b1bd9643d03cecaa0df,f7638fe733108945561c385ef4ddf99b95e151a3f3e0811a2a5fe76d4d234be2,DeepMath-103K,16138,train,2255,1
2256,87e4ca66d297f09fee9415a306b75ce583a9f0d981ced6f2268190cb5653356a,0c3d74b3e32be8d23126c8456cc28cccbfa9c9ab5c37469a8de56b76fb951fae,DeepMath-103K,5141,train,2256,1
2257,cb13fd61e9b945eaabe8715334c5e8c33f6c255448d70c8df7bd37f717976ab9,d3d41ae430dfc4890c7f768b8a33265ff765d28574c1f038524c7b5771bdd777,DeepMath-103K,24072,train,2257,1
2258,e4a9d001fe241d0585ce03f9728863b2f9061ba3cdba8b64de01d1847b4845fe,c9cbaf401170f6efeebe253a787f8d2be437b31e4242faf34fd96015319bd1dc,DeepMath-103K,27565,train,2258,1
2259,32f147690d651f26973f034ad3164d4e09ee7a16c90ac352b162fdd81f5fffc5,fa6c683b039446cbf8e1c05806979139310b24ca42658c1cab2955e2495e562a,DeepMath-103K,27057,train,2259,1
2260,f5716eef402ca1ae8eee58d4fe29e89eb5ae281a341ba1846828e68617de4af0,4ae741921c45a5a43cd450f808ae6b6fd217e58a8352195a7e332904c27824c2,DeepMath-103K,17504,train,2260,1
2261,06492902ffd5bac6848bd6e0e7086682625d813de5d33e1b6c62608139969ff3,2ef79095351fbe4d782670c7c7b923b1045040bc36921f1bb646d942ed44c956,DeepMath-103K,7913,train,2261,1
2262,94d06fae73cd6f1236b035d3766052f2f96a5172a643cdb731be2b04a52d8f80,448537c88bda624371ac830adc583558b73560166888e69715a895d8b242db93,DeepMath-103K,3766,train,2262,1
2263,f1b59ec9e7ae5fc831ba877442583a75c6818086e41823e5e6e8d4d7113f6e6e,afc8206522a36878f42b40b1e32336e0d9c26d49f5904a90ec4aefec49c4b19d,DeepMath-103K,2043,train,2263,1
2264,5a2b024802201e34d49d468a35b5c47a679bebe379a7fdf08d3be7594a5ac566,539ce658d5657c4c3fe8cada55de8bb02040e01ef6d56ea99ca16bd42f3a87b9,DeepMath-103K,627,train,2264,1
2265,c8dee83b2947c3070b2c4ce44f64731ea8a7c527a0f999cf99def41b4154a6e1,a8e73c8fe185332f333f0c12233c3e8ddb60aa962f1e52a3f969bef61472712a,DeepMath-103K,27183,train,2265,1
2266,1b20f0cd37f35702f9b4ea5ebdec51ac541fe1554f3f99749fccf9194e57fb31,994167f6fbee0c69fe839fa3287ad17d3df5cf7f5f97a2e26c4f63fb360a52bf,DeepMath-103K,55045,train,2266,1
2267,690cba0303666807cd1f89916447b3fab70d78a2830ea39c3ba15696b9ca4ab9,9ec8c846a866c03725e366e597363c0ebc6c9f013346f62413ebb95fb061713a,DeepMath-103K,2585,train,2267,1
2268,ffa6d9eb1f1ec45f4c9ca3ff5861dd009e95b0b58e1fd88542f1f4b9ef51d4fa,1bcfa916a792876e38cd5a29988928cc22f60b837d7851622b3eb7b51f05ed2d,DeepMath-103K,6526,train,2268,1
2269,57829574440e7a9bc2ac8d3e4efc0b494bf4520c20f624f04db1241adbd24ea1,a976280f37765ab8a6dffc982a24b0a3effbb364ab0a9fce5e8dc0e3474624ea,DeepMath-103K,490,train,2269,1
2270,f9ecdc8517e0987f0e929a91d2ee9e3e5b3924bc268bf144c83324f51402f745,697cc7fa9847f0adbddfa30fe0b20f753d9415c214e12fec61556cd15d2553c3,DeepMath-103K,21447,train,2270,1
2271,15115b675f17910be053bbb4249f26e06f8e14b56d4fcc571d0fabc48dd41314,7bc0d413c306eae841d99b51a7925a2b045bd483d9361ebfbf2b5fe9e1062476,DeepMath-103K,36555,train,2271,1
2272,ec52047886761ddb783abff955f1753e0e547133bafc53144456d3a5cd13b30e,873bf452fdcf77fa2dcf8b89fe3354fc11e5822d677751ac89466d6e7eb93ac8,DeepMath-103K,48674,train,2272,1
2273,0aa2c99c8ab24e7ed58b0aa3f551537101de47469216247b632a9e080185037a,9f0f311006e4517a49c798396b7c99e8a18554fbe10131c7e0260d8c63b62a14,DeepMath-103K,42829,train,2273,1
2274,dbb21adcd1b0e563e55937202fa06bf0ca80d56926c87679d34dde41bf292bf4,61f65a15471156e969b1c4d9b3c7b92aef9cad83ccdde3ba627240974db192d7,DeepMath-103K,10467,train,2274,1
2275,e06a81d41c07acd681cf95eca4446fb1cdf70af6572bd654c311407461b326a7,ddea6e063430b3d9b4af88f80706223233241581fc3dcba2692e84e81e24dc47,DeepMath-103K,37429,train,2275,1
2276,063b9027f0fa1123dbac66c27d8b59d53a1532ccb77bb83eb3f34bfd7f9503e4,a8c574558bf36054ca0c06616211fa49e61eac3b33dee7a7a4033ae60bc17cd5,DeepMath-103K,43925,train,2276,1
2277,a0e084d1acb4a5aea4e1f2e814a7a4cf0b3d298c3b2908b31748f903387ead4f,fe18b79403a7d37c0730ceeb783d9240a70f8516c5e625eec2fcc5f1cb851488,DeepMath-103K,18016,train,2277,1
2278,e8d8f1dd23b69bb1631824f058ed13a2df2bf49ebc139a03d92b3139115442c5,532f0ba9b29cbed6f9286c1a8bff6120d17a07e878c9e284b11f2a77ee2e9b0a,DeepMath-103K,51516,train,2278,1
2279,1209f530ddf0da92c005075348b200a27f9224935183579c75b9680108611b79,97b378c3edb6a7771443f9c77d0a551f804b7ac01c1c1b97f74296577f536d0c,DeepMath-103K,30309,train,2279,1
2280,0753f68ceddde65f000d57049cbd77b45efe11f4195a179e2cdcd8b329686243,717fcf2268f91a71ad528fadc7d42dd3793ac7292ec21627202bd93d117c081b,DeepMath-103K,54026,train,2280,1
2281,7d48c41b19bedc8c752e7183100e228c7d932a8da1330f24080b3a7feb6b1a21,426df9967e82acd38e55497b43be5f63d7121419afedf65e651487cbada922fc,DeepMath-103K,1251,train,2281,1
2282,767a3958d5e42bbc77f30831e53da2f491bc73e305493b1331fcdda112556b4a,c6487b3dd0ee3d023ccaac908e976a787be84e208f78fc057dc7b907f8718e32,DeepMath-103K,10767,train,2282,1
2283,31afe93b6acb1c0a4f06040b05f2e5b98e143c7baad340ffc5532939f855a742,a78a606c766d842979c23ccba4040df5ccaac871433471d147545f39e75467e6,DeepMath-103K,22962,train,2283,1
2284,a68cc0b9fb1a200bbecb53c8ec7b4cfd0d9f44e3195e3f4b3e01396287794a4e,cf0a5124b4c0c54e90a1b23c88dff0a690fc1b7d7cb6eccdcd4eed6fa4627139,DeepMath-103K,23225,train,2284,1
2285,32c998d45eed70e8d260294d15f575ee99e8656146949e0cebb47428fda13f5f,f8e6c4837a570273f147437fb5c491c06386e40f327e5b027bb56d29ef71ba52,DeepMath-103K,792,train,2285,1
2286,8f793ee44db882a8550f3146efde74ff8edddc35afce9fdf4b12591e8d404fde,da0d6fecfed70f1bbe5546d67cd102b8a0079a5905f614938ec190bea77cfe6d,DeepMath-103K,32905,train,2286,1
2287,1753e3e966a8d4c503b9f6cdfad6ead7db5317363c381edb278d24f15f0caeea,a09597a4beb8dbb99e1e37fd8ff157d3ad58c90796af4ecc8678ccb21e927c86,DeepMath-103K,29923,train,2287,1
2288,32262bc0ddb65bdc154491d739de5b610914ef5e6669c91e402293a4d6dd1d13,df92b2d215568bb6afec04a7aa0ed0a733b40b50a791bf017c006fe574d63c1b,DeepMath-103K,54154,train,2288,1
2289,506d1536eb34edf8d0f7c2c5a54342c43194ce579e649bba84f3992317fb6b29,1f4eb6a58bb756f587a6678c8b29108f9d39764dea09748aad8f062ccd647dea,DeepMath-103K,35484,train,2289,1
2290,2038df242827d588c509aad345b27c69a55c7128bc15737f87cfec116442cf91,7ba3214f4bebf67f1e12a619bcc23e3a746c02f0a7c785ce9f59baf8fbc19c9e,DeepMath-103K,21391,train,2290,1
2291,3016c6ae6818421795867a4be74f89c69c7b7302acabfc2dc3de49e81aca1165,d26432cc7f3c709c540deb59582c9d054c4dd3a02bc53d838d5afb0bfa13603c,DeepMath-103K,17403,train,2291,1
2292,a0270051f845b00be4054d6ff61cbc83e98fb0ec6db0ac44f90273ef06bbd3f6,f1fadabfa401c9c39564d1665d1de60903fa1c3b08d52b5da533e2c3cfcf6034,DeepMath-103K,45009,train,2292,1
2293,4e17aab3d64d10ca0fa42ab948a5b6a57a5a2a902b67bcb6afe3b1110a7b5674,915e001e899bc97e0f3e3994ecf41cb1adeecff666ba5aae97bdb203c85d8a98,DeepMath-103K,3055,train,2293,1
2294,2c87c2fc8935bbf7e1e49af2ddb4d919b7c21da8284118afdada79a996164f6d,ae7153f61a95e4f9fc3f677b7d43dd9abd7cea39909ba6ae7b43730a5db22138,DeepMath-103K,2018,train,2294,1
2295,a65b6e8521581c512f6b4f6276d5ecc100b59336be8ba1c4c2c30a54bbe70da6,3ea0bb839407d92fb7d2bdd7446e0e3b3d233e4ee082a909b98e635eb457cb70,DeepMath-103K,49766,train,2295,1
2296,928c973534331279daca9fbc6422a9861762df82ad2f9226fc131f4d856f257c,f4399bc069340a50c23e9d78eb81d1c39d932989a8bee2b1145523e33eec060d,DeepMath-103K,21653,train,2296,1
2297,93c7f48a32d8288b713b0e9d2427c1e489a74c085c691c7971257a14744291e3,5e7c22e2f6377a1db106a464b0c327482c4258d8b7de93ac76edff87acee53dd,DeepMath-103K,17740,train,2297,1
2298,2c73e0b705209f4c3228a4b2f08d474dae01cb42824199ea5f64e49f2676b267,4f0cc364f72cb280eb88550471ca0518486c79a9724236bf6f8befd31af0d6aa,DeepMath-103K,43311,train,2298,1
2299,e8a7906c101c28ccf22999db487b81c8ebd5c66efa9aed229257d7f2511a251a,c87c7d09e86c095bb949481fe40709d6a0521e6888044b83b921bdb217900bd2,DeepMath-103K,13837,train,2299,1
2300,c7dede3bf3e17b5c858a09eceb0917d5ab7419532d5cf37e64cefc3101ca7930,1ffca96fa428fa232eb267508bd130f879370f06e0ee148ececc859916b6dc81,DeepMath-103K,28870,train,2300,1
2301,ed97adf9c52108f3d0fe8589ab00fcd8f5181a4a5bc3013aea7172b90aa5db3e,c6e5770410d4b123412361b2d7bfafffe5166de648c7af93902aee74728056fc,DeepMath-103K,13751,train,2301,1
2302,0e2717242bdd3cb3049531bfa23b482c2d23f5fabcb4e42a882728f8d7ab50d9,d117f6a80c67cb16beed616e4f9c15a130c8e8dee453857f386c7d24d71ddf81,DeepMath-103K,29131,train,2302,1
2303,4e03aa4b950568726f62d0a344df0cf137e8852238a9c252ae92d3f6b0a24728,6442e4b01aac96d9a0c9c0fb71f48da1934b95b3833aa071c69990a023132cdd,DeepMath-103K,26709,train,2303,1
