rank,item_sha256,prompt_sha256,data_source,source_index,source_split,first_position,count
0,409e9ac9e5f2d99254e7030541eea8a8fc4af6d57bddebb7cb9c470f354dff32,872ec63e93ae1b5717390a8744432e773589e0ae2596b68249ed673cf34f6341,codecontests,14262,train,0,6
1,55be7cb039ca41fa08bb7ec643aeceb1e104af1ca5a05017bdf37d98502ece4f,14285cea7860230c0e337636fecd10c836c46dc1dc866d725953bdc97fa67a0a,codecontests,12602,train,1,7
2,8d4967a1c78e08b1fd5cd838dd06c66f2caad1eb06a26f3d90b30e28240956be,33603ffb6ede7d198ad74e056d47c3a2a33a724b3c95d10fdfd3fc9c8a032a77,codecontests,16290,train,2,6
3,17c3715084d8746e74235619fe6b92bb9c3d378bb3b1d4c451d9c42b75ee1cbe,39be1facbee3fab8878a74c9ba7a4d82461d7850c8860e2cc5875849c1d166de,codeforces,14391,train,3,6
4,f7203624894ab27958dd925a3d7eca70706d5250ab587b52ca0318c15982bb3e,5e8a76c553725ea72c50482977cda74eb78fec7a4cc04af42a0da44c284fb760,codecontests,3335,train,4,7
5,06998f30508fd1a5892c48be31de622cb626e6f443ea9bc61576cad867ef2556,b6963faa69fcc932615d113f54a9437c566533d8f1aaabdd758f911ea764a21d,codeforces,21871,train,5,7
6,38a6fbe684fed3ee6bfe5766ac48ffb75e32c57f4cb93a7f82e9389358cbf9b6,3f6b9f2d4e2ef6d79ffdd7744b190a5f360ecf7770197011af5c8dff746b665b,taco,6736,train,6,6
7,b5312a837013762d8fa3f32e74750a10d268038fb7bf2eedd9ee7225f25165b5,65c0903619577789c621d145bdf3a0af38247f2e4f0fc98374eb419f8086c0c5,taco,596,train,7,7
8,44fd875c3d6721431a5fdecd171693c296ec96ea1bbe71ba9b9af117235ea30e,8d0c65fcc7924d1a985d0af673f8078cbc953a93b924611f970c2dfa2937a033,taco,5500,train,8,7
9,591762fce3263e551ccce116bdbfd90732bd3ccdd0b449b89efc831469828b23,f56a6c739b69e0efd0b24ed9d965bd5d1ecef2559703d81a9402905f38881610,codecontests,7684,train,9,7
10,1cc724be454e0817ad1916146f0e691cd965ff58325d3b2862be8e5fd3352862,994aeac453ede0b2d550ad47758ef8d110dc3436efdbcf5de2b90ad908ef4d37,taco,1577,train,10,7
11,003ba5c5dafc18abfebfe2f82bcd98f744a834f33a8cc8ee33531c4f30bce582,077282c314b4bcc207035d6216009c13acd887a25f1be8ad6cca3277bb53189b,taco,2938,train,11,7
12,bd2e3605dea6e19470735f19a48306eca2ac607455d1be34f0c64758b71b305c,e521063aa78d4bb00282c072115b905b057a1a51903e2560d3a364538fc18949,apps,2859,train,12,7
13,3f9a955ffece6286e45425c783d53b4cd1bca300a6dc1c0d99653da73ec8ffd5,0fb8ddba7e1d6dfa7c173bd210c299adfa3d7aa7c6a51eb686ec3de0cd4d4974,apps,10206,train,13,7
14,743f7b0328117acfe2de9ddce01cd08634e050cc3306dccc5abc0e03fc4073e0,902c90769755a463a00758bc654cda02a81a6aabb59917214c7143a2a0424d51,taco,11245,train,14,6
15,abc8101e2b0573ea59b18b77c0acd368eb9e0ef1217661a2540f4b4782a7fca0,2d31b076717037752ca7123e03cf180575efe2552400c2462e5fb58111e8cb15,codecontests,12551,train,15,6
16,e3861202785bc85030157faae6b7afdd8adf7c38f3ef8878272e324e046cdfa6,d171e75fc3eb9cdcb99d4654d6368d37956c8d9ef0a09ec297a28c4d7f8729b5,codeforces,8168,train,16,6
17,eccb3f619bb94128af2bbaea998f834bae5f151fb45f44a74ef757b0b047977e,a3c6e6a855b62ece6e3eb25124e817c054cae21c48cffbee5db5e08e7506b91a,codecontests,9818,train,17,6
18,d2659671b84938d29677e18d14dfcb185f9d591c55cb3e48b491d242459017c6,4a6a621b98d21ff1fc10077c40e1c3ce16a79d5802e44a987f7660b1ee74a68a,codecontests,4504,train,18,7
19,036d9ea8ffadcce590e820dfe5aa704611901117cde59000f5b854febd1871d8,2a719254d04b002211117511ea4723d1d522a46d0ccb52a6afcbdb6db857b32b,codecontests,16737,train,19,7
20,fbc5bf9b5af0ebe891b4622067d2079404760717ee8a06fded9006bf5938f397,e8c49533aeb172e510f142f6928a45defb559a530f0e2939afbdde66aefc4945,apps,7402,train,20,7
21,8133de06efd1df7d863f53370f178728848a6cd261b2e9c0a4dbdb1ec0e7aeb0,0fc3c10e1105f1ae38eef41f04028e061c59310969dd589a31be33120d55b8eb,codecontests,657,train,21,7
22,dfa866bd25eae66c4dce9554f6c6b9e836426e81202941384d22502fd1ed72c5,5fa0455e8a4ca47265d9fa1cb9fb29fe3ac120d9c35938ea35a250b83ca2fc64,codecontests,8332,train,22,6
23,0d2fc64add933c2feaefb6e112bc7c5125823ba439fb63ce27f372566557b522,1775b1a61a55469b5b0922b43de0af9bc6eede3d209cbe5ad6eda4aa3337041a,codecontests,17159,train,23,7
24,69fed17f369d5f69e1b712fc930c793f9089da954d5bb5ef9a2a37cf9817f754,3e77afbf6b254c2d52e65ed4817aefe01b272c33f8d6182c88922c41c5683b10,taco,22226,train,24,7
25,35ea8a05dd92da3019d32c6651250d06d687a31e06e320e523b9db9c3ff79721,ba5f345b555e1c54841b5ef9d6f86719e133a66d892b8281955ebdb87aa3c330,apps,398,train,25,7
26,4e4bd71d0b53a04773e59a7a46315ad27bc3b62de6009fec86da317f9b51125b,77424ba4414bb6a05461472fd67d8ea4fcf4f588a31f3e9b86655e16db23f3fa,apps,22214,train,26,7
27,ba1d8b17034e9f83ccae89c474049411355b4125aae8c617cb11f445f383c1aa,e5c7915dbd24b23dfffb1ff4ce0eaa21a1e3644bbff5ea2672423c0032bb8735,codecontests,21005,train,27,7
28,5536e2d0d13dc185b31b53cd603fd8bc14eec1df6dc93ced4479765504f8dfdb,bee7930d8d446313c3a34d0f298f0cef417a2cfdae5f82cf59a3435d0ef57262,apps,5706,train,28,6
29,ac982b1453c84726919800da19279c86e7433639d27c9dbb89afac5e4f6e0f0a,12c6d6bbeb90e3168a2d57ece0c2c4022dba4990b32e6e0bfb122b3c237eca75,codecontests,9488,train,29,7
30,fe3f6e4c796c60b06e499dff82dc1a7cc8f5ebb1633802a8a75cc9b85b597581,88ea60d525d5a5d8a6896470daab9162766fd34d23c7acc95f64b5cb44198266,apps,16234,train,30,6
31,d42d6918ba52bfd51b7f32c8c00708b27e91408783ecf3b9132bb20af6143330,df94420d6572dc6316b904bed231d0a0dbab8468845921f5d2b0749c91146129,codecontests,18292,train,31,6
32,6abe7edeaf38915ad4ef89f569b25d46c529d295fd9f2f9e20733caaa74a5dda,0127795f842e25c009b8c42f7ca349b41f60f28665a54699c13cc72f02e8660f,codeforces,15730,train,32,7
33,9288aa3705edd505b5f09550facf83f247eebaeabfa83b3d15cdd7389d2fc249,3004a178cc3f4eaa74dbacc4c71896f0f69b28539d405e5494d6725547e7be9b,codecontests,17450,train,33,7
34,10641bd1ceddc4d633d8c45acd326bef2d39ed78d392ff3f48d9d57faf9f536d,9419c463dd7c5ec1d8b6120eb92913f03359d4e7b2b58532151d329686c9664d,codecontests,6664,train,34,7
35,3f93cd926b1cd864b88af0e9fcaf5bcd2b1d5e10cf577382e2e85b2c232536ce,d8c1ec65de18f04908e5796c268b6c4be667b850c99efebfc15f7624e4f4de03,codecontests,1893,train,35,7
36,b1a58c92150fa0b4f425d84fdb0972062b47dfb7c256270fe363c5b47b720850,28a810b42c18b064b84b9068c09208870c8c6aa8fc6b028d5ef3eb3ef609f9ab,codeforces,13847,train,36,7
37,fbe965b626fbfcdd6320ade50ed3d0f4b7a792f9e66deaa86811eabe7553a4be,3900d1e29569dc4123fcc1d0051cdbe11e567e2010f0ffe9325cccc6dbc90150,taco,681,train,37,7
38,245282b52dc1719162f3fefe09992344e1964a5a31941aa2ec20af659c7e68ce,e93c121f386144abb9e83329285d924949bfe3a0b980c77562fe5d7d8076a4d1,codecontests,15437,train,38,6
39,4588a443c496ae8b9318ef199aa296a053a47d18041494b5e72b8b03ac6faada,d79746a7e3fc5f673b21322d363a2d9820c1f157326f1e19aacce60b09f4266c,codecontests,5182,train,39,7
40,55283cebcd585dcd62fd711b88bef8a2df0c2f63c8ad3eee3835df0758580ab9,06a1a4be0b34701a2f3dc439de3ad599bed25ac97418ba7409e6f7c2b77a8978,codecontests,1455,train,40,6
41,6dd07abf056c6b2b858b0332f13002bc9c6a77aaba6656615dc4474e17e35716,4e3c3621bf624a4b319594b51f180df9f913b1480965811663f24c62360dfde8,apps,17115,train,41,7
42,d84e964604bc18da74ea1aa2f69d7944f1e484d1a5f67b7f42ee801185f6f138,f7614fde1551b6e8f131f899de5fb15d1044bcb423ad3f23ea7bb1946427262e,taco,8008,train,42,7
43,c892a0780e42ae40760622ba71f29e47e94c7339f6e195b3f28cc115a1f28ae0,2f7d98aef0b2e6ee9ace0048d580d85e7c8398d285ad1e5f5292b17977acd26d,taco,1159,train,43,6
44,8835e355c58fd5f0e68332b1834067d3e403e3feadac0e2df20c25cf08790857,4cc978e911c57f5bbe5559c581615bfab958754e7acb5db8f2924710f288ec49,taco,5791,train,44,7
45,78578ea3996bf292f67fe0217933787c5e9d61733b209e6de9516236b1c99b08,1d144df84269ed54120bf73e8d1438f9a5d6522cddcedd0f8006352d621c5d4f,taco,12980,train,45,6
46,ff33859a7cbfe0f8173a9d8eb80aabde1b9b4652f6037efd3f83128ec8a54d4d,8a4eeba6b92b88cb05bc27e454247c6d593d35cafb0243995ccd67e97d29f50d,codecontests,625,train,46,7
47,6fc616b968aa4b4ff29ac657d8f6b2a14a2fc0926a1b27b182f457bb726bd1f9,2f712f44e6c77b3b1a37c32955163a133a9430a726a1c9c50b50f2c394cfac46,codecontests,21568,train,47,6
48,2b4f7194ec6e5294af68a16f1296435106d440eac0ad56cb917152508be2c0b3,200459be91987b107e3de1025428dbee516afd831d5b8eeb2b620ff767a5d9ec,codecontests,12249,train,48,7
49,b5210bc5539b732c5c2a088e2b27fc389634d8939b209bb95a16ab545d00e44b,90a36d01c78255570ae89db22bb547a330473474cfd9ebcdc9aec70ee13604dc,codecontests,9460,train,49,7
50,11f07c9188e3886f04916277864927f5c6cce9aa22edd570c0b89bab98bdcea4,0e091abc1ddc1c754f15334b3fcab02031102369738c7aeb47284c8e3fac872a,apps,4734,train,50,7
51,05016a18b9350ded7c80c6708155934adde7fa3159cc0a5a1d43a8dbf586245a,9199fca10b83397305fcadcf218c0fa21dc90413919d6398eb993f94d38b708b,taco,168,train,51,7
52,a273841a1ce927ffdc620fd166f6ee3e1c76398cfd1aa7bdd66ed3951c03f561,4c76dd48f97b9d2e90c12208037c729ccbca9b715155f04ab6260dc8d4dc837e,codeforces,16073,train,52,7
53,e792994394af27de735df5fb978a8e83b2b1e9d375789681f06f6e2a36a0bf0a,fb46fd716f41773a9ff5dea9db31fdbe4bb306b5aef3e6d11bf7a390f7dd247d,codecontests,2332,train,53,7
54,35d543313c4ecd06ef2360e6a8dbf2b1f4b8ab46eb676d918e1800dd38784e9c,381fad82d481631c8d17b51fb1b38af68b0c09066e4b9a577e9dc346b379201c,codecontests,13513,train,54,6
55,ffff15a5480930b44346d639f355004288191dcc2124d278b0587b7820ef1ed9,c1894369f75bc3444759489476fcf203978d5b87e67c93f2952ec14d69ef5602,codeforces,15185,train,55,7
56,4a4adcce33ad98bf09e55fddb54e0d1e432b5de8f7c59bfd922b8b95c330a9ba,2d03fd5c512567944e6629ce7d7dda61110f18e043ad9def53147ff195441ce3,codecontests,9788,train,56,7
57,7655168c484f9a079d42584fa628a0c7d154d980b80964ecb7e01e1bc2d86884,31f30ac2492fb52e8a85f64bd33d4fa677131056b1717fe2782e82fbb68e0f97,taco,3558,train,57,7
58,2f8866ac47c999a6b997e15e973c5971574708495ba309b634a2601e2abc75b1,c8b554c5309b2388d4de8c54ad5cfbf697008cdb6624a52c54db16c96958a240,apps,7254,train,58,6
59,3ae44de59e58ada9171117fbbf0a2eaca99e11140d506f730d0b2e87216c4077,4c3b42b00293b6f32df14d096143c04125660d09daafe23a32507e5b048817fc,codeforces,2477,train,59,6
60,d8660f993e3b11b3203d9c4d7f8f23c5a0f6c164f4d267f9e439ea0c3cb38254,a45fda2749049cde31f6a8ef3ad61cae9e2247d01a23842865410343040cdad2,codecontests,14948,train,60,7
61,74323036758bf4303633d8fa9abbb19235bb454500b32e5be0ad86855c94fba8,c88642bd0ee58e54255ce53d86ffacdf86ee96bb616ffd4f0b2183d779cbdca5,taco,9387,train,61,6
62,b90fb19f676404970ec9fe68c59fa4f94f59a73f70cd999b87e94f6ddfa103f2,447e78431221926d9954f83e9d6ee282dc0578ac32c29c55f4681b327fd0e2a3,apps,7512,train,62,7
63,83b96de647bc8e04174270083eefca957caefb61ae053508377203375081945d,d27fad42d7234c643faf405880fb434b8b7325d06b0e9ce92cd93e9ebee847e9,codecontests,9916,train,63,6
64,cb0a87af062d594aa8300a18f9eac2c6ef2f85e15e32778f7e4df1b6ed7a5d21,1ef6763525b27190ddeb02d03e737331d6f52884ffbbe4819ad62a95326aa35a,codecontests,2583,train,64,6
65,becb88b1e4d562acd1f7f2548a7d2f3d412cb3cd319f008afe4ac3cc9c889520,bf213ae8b5f7d1ae7340b99cce559625b5964c89b2addbf42b85bcc070543fb9,codeforces,22384,train,65,7
66,c4bae2adba660cbeedbb037fa5d62487f1cac20c0396627d9dab2739c4d9cbbc,ce972b8fcdbe0e2fba749289b6e835d8d20601b80f307b5c08319e3ba00fe7e4,codeforces,8159,train,66,6
67,32b2dc1f31639b5d1c1ecf8155a3d759fab368528a1e401dd4b2c23a0601a6e2,53abe03994f6d519ecc18d25b53074ff49bd7b455869b7c867ae8f793533641f,apps,19740,train,67,7
68,1941043e72db136b8f9282d0bf58324d964f7db2b66bd56761e70adeb86b8904,5c7e48d7759cb9435108bcc5b04a561ae2b7b94c4bcd2f3f73db9866333b0bf4,apps,16939,train,68,7
69,0fda7512e591d403362858ad488f48165aa72b95ff1be2991db77d48f9469dc3,51ee5ceeb590d263ac2000777c53d042fc5303d60359baab1ea64b79fbb916ec,taco,10848,train,69,6
70,049c38701645cb5a1339be191e3fbd9dee24bf93798825479e478dda6fa4cc12,dafa7e87d50358bb32c50dd918a68e9dc897caf5c1704514006c208587aff412,taco,10738,train,70,7
71,300aa986ba57e8e7f5a08aeaa732e2703a55cb028a7deaeeba9cf71d80912a70,629b380746a4ae72264652763f963d8e25623b9a68a3590608933cc1b8651e1b,codecontests,7801,train,71,6
72,4f6c1a7fab3e4869ddb3a9ad1a5c4e9ffef99d9932f2f2ac9f58e9f6d01a9eb6,21a85c266f3a8f2652c6bf10ce2e9e5a5cda20fe8a840a97337cd87a1bed8390,codecontests,6894,train,72,7
73,20b5bd3d80cf7dc31975cbb7d62736be3cce5c525f3406ea3c6daf31156830d0,7996dcca04d1383a21ca7f0a525cffb3d2d07e797f0a1211d73c04889faedd5f,apps,14416,train,73,6
74,9cc6270f8c3c7711f513b4a8843eee1c48c18d22e41fba4e708de125321d9be4,1eef2c1338de51a1a1c8bd95498ef0e988f71519d867d418995f8f7caea86395,taco,17277,train,74,7
75,9701d6445d483efa3cb570e888ac4b7a1deb7e1c6b5b32b6dbeb7ac590eb5436,21e9fbc2b9a15b3e585093a65a46589fd870ab2865b943e6cc2947596edf12d8,taco,1142,train,75,7
76,85a461193a23b15b80d9889f8c748848721a85bd7a889d5588d7bf01a377ef8b,fd623dd574dcdf98bdb2cfdb2857ae15fd178883d929a7b5e04ca3f504df4682,codecontests,13884,train,76,6
77,c79c7349f84e6e1f39b945c5b8816221c60a874353f77c0f3782b7ce3866b659,4daeaeaf44be5b402a7f5e686fa97b07b3d5c9e68373bfc06bee6f4652c8335e,codecontests,10899,train,77,7
78,ea5ab2f5857da5887f0539fdd25ae4b497638aa4e13658c464bb74308d6028e5,1562250ef1930c6ee79e4e6e4313a85af26a1a260294fb6eee6f1a693c6edb47,codecontests,14139,train,78,7
79,8489f436c748810228428bfed27246e2416a20a51888287a9d9aa501945385ac,a4a9ad5004519d8fca9cc0102c3cd3d9a468007436cbe41ee7d4abef704f64ce,codeforces,22434,train,79,6
80,4791aff0bb16bcbe139879d44e3d5453e071e5049deb8fab13c6882fccb3bc05,751b91bb43148f3df171abab2cd442e4473787945c710e226979b8bd140ef407,apps,1207,train,80,7
81,4d7d2a006263d95660e71c035de749283e7d65f48bc925f8ca848556390d251c,a39bd3f2959b92cbc2894929085ce0c2a786cac690fb3790ee1bc9c9e1f8c419,taco,2341,train,81,7
82,a7bc161d8c6df0dc7640f1932f26661e2ac4aa7e297d47dd64fda9500983fdcd,169dad8446a9b1228a9c1998d60659530395ca20fddcfefa73a9ba0a6e6ed62e,taco,6323,train,82,7
83,496ab706fc8c8c250931817eb479e8bb994e33ff20ad90a1455b2c5c831d3b7f,0bb2e9489a2f568f4ac2aa9567624563a5a5600f2174d11be0f14e502a120df4,taco,9503,train,83,7
84,c5bc7e5742623fb6fef54a31f62180a22e526b5808352a9f35ef22c216263062,6d223cdd07844d8e80384e46c9f3af96fd066fb018aede88ef2df59177dc3a26,apps,10940,train,84,7
85,b32df1ca55ce5309e5cc8cbea27820ad11fbfd1e4e412d75001bb67c53a12177,97596fe358b6b46f8347e861e1b0fe4791b30c96ae7f3a7025f63a107b443122,codecontests,5984,train,85,6
86,ca81b658a83da4464116628869bd5208c8de2c60fd114509bc6093b2413ceb60,5c7d77e5e564e047bb35d1eded4104feb00cd5b74f7e0fe28b0fdfd0d759eac1,codeforces,3118,train,86,6
87,27d5e79a322fc67a70d18339dc0219aa74631acea09509fbbd6f10289fc55ef8,83a39dd480be4921b4708cd4807849187e521d403466a5c351770d683f832ccb,codecontests,5038,train,87,6
88,c725cc61679f2ce41459b3a3ab686189a1d9a75b44aa9e5fc5801d20bf5db009,6ae401d9f71e70b875d1600782edfa352529d9674d32a10c7621e74393cc2558,codecontests,11469,train,88,6
89,2ae8c587b61af4319c7902bd8e54d7fca854bae5f928dbf952fa5bd3259a2023,eebcaf0968502af61dfd90c285ed2e8706d9c9cc91b006c0900727e552c7b61b,taco,2888,train,89,7
90,b9faf72bb344e56f9c64df0c3c7885f3cb190d7e75cf22e9d0bcc300696ea877,d08bfe2e1d50bde472b05e125828d2ef03092530a33990a12f03bff89f10bd99,codecontests,17333,train,90,7
91,28c2e25dc6b7315747bb512c8505942346598397b002fbf7bc311aebdae3896e,ec1b6a495f9337280317bc5e535f11665bc6c648b66329f2515ac731e55c6a9e,codecontests,17137,train,91,7
92,49ebfee64d5453b622b9078b5ae5be347cb1b212e31d8b8672e37c816cc05c8d,7fadad3155bcb08c69aa0bc32ab6fdb5d4b472d5faa27c3045dda1efa97e2cf0,taco,2510,train,92,6
93,d635ef2a87361ac0016179d9768622acc2a232eed816eb0b9dbebcef0b762c67,09dca62e8d32f72b4712bc835528bc5caf5f5b696cd891e46213bfb24e8f48a6,codecontests,10707,train,93,7
94,b989c459d632c34a40a59ff63a6621750c209d741952891abb90aabd7200920b,e39b2e9d338462dbdc496b0263bd87f3e44b83902ab5854f393ec6ecb4ec87ef,codecontests,6528,train,94,7
95,5920ef585ec993ee899c332ef16c17ce60b04e026b77ab4415b80fe849754b2d,499846f78408e33cdb3e042673fe38ea9b89f88b9d2371e90075d23c31e29150,codecontests,14412,train,95,7
96,6ed33d534077cced65ce1710e107f7ffe5a3ee6af076fa6bd52c6065729c167b,4e865a9593ebefb14004b0979ee170bf790e9118260afa1f172aec11389f16d5,apps,20755,train,96,7
97,0c60d4d6931f373c2f213e2134ec18f674328bad19d7ae9b9a5623358915e303,a4e69847d4af34107aced4b13304a8679244d25164b3fdf460721f6a38c23831,taco,3346,train,97,6
98,8a653436d46da29e79fb408cb93b7e993a5dac590cdec11cd5a844a14f8b6ae3,43acd81398ae0e6705b959e24f395999a6f55c746875e70c745bd68b7d2f3825,apps,9637,train,98,7
99,97fc53d16cc7a49da3ee6f296a908e5fe3af278eb00aeebf5f127af4ca2c20b9,cb9fba08f0284225e85aa0b0fc43e5014c0089c987d088944ed512204d6e379b,apps,4359,train,99,7
100,b9edd954a1aaa15830c0515b7588a2550a925a4f87365f5dc788fee65cf8e88d,44b4df68858cc0b2609f4f5b85966100d16adb78ed13a3d9ecefc73e1928c69b,codecontests,19943,train,100,7
101,a69e0d25eb12f54229792496868b094b70da1e9e42c9d6264b25f500bbafe353,82e0c51a4421f9c461f5ab052915b35cc727f1f67e0b03f7963199e919ed19f3,taco,186,train,101,7
102,1e75ac4ecfa2d9221bbdd1cea67e5caba910baa4b3be69b7bbb89ec243ac9335,b4206497ab6a1c43067c65c0d44edfe849b5a518f991ffe3743f7a530e82edd9,codecontests,3969,train,102,6
103,2d66be286d008895d7d1b6cf8b068727f9f8fa93ae232e299819cb017017d568,d55a9be30018066156ae87bf6b4d9343234db171edd59b046200aee17c5d7297,codecontests,6072,train,103,7
104,2ec8a7e8d6aa403f8393035c3989a612f2e0b51a89662ff6f4415b3ec1c74db7,153405b9f5652ec8308429cb6f2a0fd09720a723097922cc2a06cf12305d57fe,taco,975,train,104,7
105,0e05c8a4d26a213a09040c4f9a879bf133a4bd39bcab9ec2136e0260cdc655be,50981054fc9eef2bee65e637c093a983aee22ccd6db8bb18aebe883009d404d4,codecontests,3596,train,105,6
106,2b5c503823fc71a7d806b574bce7f7541be161187afd9cf67e11aac1cb743351,a601a652c0346833da30178d2c7de9669588b6dfafa38a1c998f9e4254fb9907,codecontests,15176,train,106,6
107,5095e836b2be3fc8ee10a6cd71644ce7b5028ddd2505ebc9e885f2006b38fb0e,576f7749a6cf69bc48768c9c7cd00f25137fa17d51637bb48fa3769fd244e1ed,codecontests,3944,train,107,6
108,5529de245aeb20887fd51227f2e2748dacee7111bdfca35ee12de6eaa9ae4946,10a800f3c9fea938bd5336cad216c158627c82907c96d283a968601e3d86549b,taco,3449,train,108,7
109,a365140c425e6a70480d2d06d2d205bdcd58fd51c41323b642024a54f01976e9,b82169476854245ed0b4ca21e8a11ef997752a3887484542138e7c754c5f0b01,codecontests,8488,train,109,6
110,bd8eaf0a3992118fa3f6c7066f43d1676c69db400b624d6262b74cd0dd05b3a0,0cf1d2fb10bc8366a55edcc6691db709ef4eeb8f13896f90bccd5aa9cb0cd089,apps,14073,train,110,6
111,a1f6bcd3f7d6c08f0224ee4c9efcdc3c700f6dd2d90a604ba53584a9d9b4c057,409930e6a4d954abecb8fc804c15a9f53e3a6752b554c65462cb391e62e31e8f,taco,20864,train,111,7
112,cdcc7050983ca1583dab612a51d60da24a12d0dda45d5370dd95e7ff4eaa90ff,2a7adb1a3daa7c70db48c6ba18256b2f59dad031daee9d80cd131a03f5a33703,apps,20648,train,112,6
113,03945fc5e7798102319792a9b9c3c6e8500b7172ae45641783376feb66bfba99,6858de072b3db6d36fd5ca950b3c903c56b30f1c3a06e721ebd8103fbe881ed4,taco,2032,train,113,6
114,76d7d21e58481428e4ac028103ff39dd0a7cbc0525fd1fac862d9303f17179fc,97bcff95fe515920d5b64330577647b5b5b6006c51f9a7eba9c5a7c1e47799a2,codecontests,16199,train,114,7
115,f12ea6af8a2e6c2339c982cbe9c6f0fba191573176500e0463ab518ecda89a58,41de03ffb437e46461ae4c89d0996d768f1746f4a677f206e6198b4071032d86,codecontests,21701,train,115,7
116,7ef18461ee8cde4604c47c60162e22d456ded39c325d80aa6c9eab1390636781,7c18a55c933971e81de87e9c0191195440c35934527415725f1a529291cde3e3,taco,3984,train,116,6
117,d0ba54bbfaacd7fa71e776d4392580a399eb80b7706332787e2945cbfa90c885,894f8c50cd5cb4eb11bfb9444b7d740174907e6c77c2a42721747ffe1888c92d,codeforces,8816,train,117,7
118,021cae10dca291905cc44be3a4d2a9a7648da5f2abf8b48dee2fd73c5c849a01,e60839b07aba5217faf4204a5c34bcdb0f841681fbd83a1d9b029486dfdfd5ff,codeforces,16046,train,118,7
119,1fe26ecd0df4326d36f3770e0ba2670db2abf3e7c4abc0f444c9296aa491cea3,ba4fd30acb4c0363905b40ce7dec33d52b3250c6508c6d708eaeead845654cb6,codecontests,9753,train,119,7
120,0642ac2e0519f2197a6aa3609490c25650896efd4bfc8790dd7224a9f106888e,65eea61ec44d06af0e14930e64eeba3010d6ef77d9f1f356011c9ea09f6d8055,codeforces,11948,train,120,6
121,80a51393d1c0f0daf08ed617b5a31e530555c2b53cd36f27f0e66849566d0cfe,ae599bb91bfd7fcc23b26af009ed2c15b49024e8a90fd35f526bc764c73a6fab,codecontests,5054,train,121,7
122,47adc0f41d6a99f7bc0c6c4f029789d77bcebcac67475604b91a6ad0b9c38ad5,60306508d2b16f4f016f6fb24cdebbb461f7196ffe3bc418bbf56fcfcc478a5a,taco,18352,train,122,7
123,7e2d2a028dac7cb630ac7570368425753a91eed3f14077c5c876898b38ae56fc,8f6075dc591c998521bdf913b1e65c7fb8116deee61140fc5a7e0b7064024393,taco,14218,train,123,7
124,3ebadcf372526a4e86a28bab0024777dc6d6bbc772f00d2e1a7ca38b102d5a95,151756e1527c8332b3504e3e6cfe66df029afb0ee8cd43a20317fea70b4b74fe,taco,5071,train,124,6
125,5e750a6e6b9cb029f459e53c4fda9de8b298d2000851a78b00a182eaf4c60b59,94bf87d9f9dbededf55b20606dfd3d3ca0082e6e908a3c2bb101370c80fa2dad,codeforces,11061,train,125,6
126,338360807ea5b601a4d23820075b036a28a814605655c3ecd48c8c03c64d05f5,2348f6b347b2607a1e76bdec21a673e3726af2196f7b39c3d430067021dfc1af,taco,8351,train,126,7
127,8f634ef36e260204a3d474c0b4542a10068ad4a59f6b0e86f173fff3eba4c987,831a5d64ce2522ee3e3855394b678f3ad231a5e49969d2a11f9856e6cc4a936a,taco,18184,train,127,7
128,105d55bc02421faa991ac6cb359067ec3705a2cf2d52cdad2b055ea25116912d,c3d99823772b77f4cee0eb8938c114353cf27e50768d1e6a6274752388fe7655,taco,11741,train,128,7
129,c1e3d8fd831571959b9ee73f7dfd074199e9d7d8e2a078d33a6823d5b290e2a3,151d0978809bf32b15631d8b868af0f0f7efeff3fcb8e832be4bb9d309b15370,codecontests,8366,train,129,6
130,246c4e097f1841b555276e3288fdbe84a7c06dc1f192ed3b8dc2cbb27fadc5bd,b3c77f18249c09f6c34190e53b5fafd665b24d3db01119af18471708ccd4c8d7,codecontests,11334,train,130,7
131,fe5ab909299987da1b59772b381f39fb4435171a59cf9e6399e0d58ce2e7eba4,35667a2d752bec1e1e34950a213dee42403ae73e5800d4cab821f64edc103d1c,taco,10777,train,131,7
132,f6c577c5618f37d3f24ea13dc61493e2c167f763438475cfeabcba09427ec585,73c18e7fdf6ed98ca712aed290985461635f757f7ff1ef2084e02c6c56a324da,codecontests,22601,train,132,7
133,3391391d1fc1af5cc48b145839a39765cb4739c7cdbdb220e6bcf501eb42ce70,5fc8a15b5abf140ab82d1e471b3eefe833640bc8ead6fe556cbbd8451cbaad52,apps,18859,train,133,6
134,9c9fe51e3554116a863238601bba66d9beb745fad0344c8f3112d220435b6f63,6d878da5d5e30cddb9837b9ccbcf32f532593c5f72bec6021b7d3b076df00249,apps,1954,train,134,6
135,9569ee3dca3c99878bf6d1a18e8108a0126ac9420391152333b85d61eb2112b7,a63b11edf2a949b81b8774301408559fe5310b1e677e6de94b9f87ddba5c724b,apps,19896,train,135,7
136,67b79bdf630b7273bd3af5f47b48939e253265971b799568c3fe3305bbe819fa,110be9630f3c86e6baaf6f4cd9d62b16ddb0637131a90316d9284ff860b4f8de,apps,9182,train,136,7
137,882104246764d0d886cb9af96a2a3eda46d9e0be8106f8bc476b49b545f717c5,71a3eccdb911806ac0768e9cdba9e28a55f22391b529e52520ec39f7af6f2f4f,codecontests,13942,train,137,6
138,3a372eeac21aeb914cb1df8f1d6c159d42f10ac9c44b4aabe9f66f4bd57106fc,908c6a014c7995c53fb07d7f4fcc907d5a6953bd4c17cf96e09884c032b6a8bd,codeforces,1734,train,138,6
139,fcf24d70d23c10df8a90f93b8cda5967d7f206cd8db4567f5428eca4e67c89ee,96fd41e0892ce7f5e571d820c45205e7f18842cbf820cf2ce4ef6614c3665bf2,codecontests,4205,train,139,7
140,8567066030003a18991470f5ee08b06506e8b54d56a9d2c0a3e7aed19f26d1d1,8ebae567ba6176f70a2f085088a425906ef44296ee6140c2e8c6a2c6cbb67dde,codecontests,22303,train,140,7
141,2e4db27f9a913f9f829428c59712653ff3efb69dde4f3a21f62ad9820209bd2e,e2f18057907f0a8ce2d6057d3f44f464391db3e479a8c3c7d5f6176424a603c6,taco,15896,train,141,7
142,9af19f676795df3e33a8f6dcd8229d6b3d2b7480265b8edf92f560adca20b2f8,9b794ee3d2a75e8dc9323e9ffa5dd418c435c3e31953d3a214f0b203d6644546,taco,2348,train,142,7
143,7d8821ed1048dbe38ec60647bb35f59210a81e37e5a0eed2a9382a8a89964f87,1141366dd0593b6decf6a209d8947fac92a4ffb89696358ef49d32f79517eb5b,taco,20871,train,143,7
144,6940e6f4491101a84105f0bacb6d7902258b302615744d94d4d6e96c469f8e61,31b06ab08be72de94b9e1c72e627095c93a3f36c1c9fe48b92676b4922c34404,codecontests,5084,train,144,7
145,ce02e3ec4570070b757f3d5322719612fd4c3371c1552f0049ab49aee2aba4c0,d1b24a4311d36ac3c0faa073af146eea30f283da621f5e998fa6350a43ca10f5,taco,22036,train,145,6
146,763b27185e7111167e937236e044e2f1b463de7dc861db8e12d137c435db3e1b,5622da50466b8e46fa6ef0ad9f8053d5a901d60c29af301e0b4771f107d54545,apps,16618,train,146,7
147,89e28f7e078c39707ae41f13b90fe319f53ecb93c5ca5c230f1690a06070c04a,d19abea65d6ca60fdbb25b63dc81bcdc3dccfb9833bbfa8ea14b6e0818ce0da9,taco,16304,train,147,7
148,ecbf562588ac014e82f00c91b3b606b7167f1147b8a7ebb87fb86063868f490c,1bef726351ad22d8950c0956ba444791812bf09649955e4c347654c6a91e1962,apps,3205,train,148,7
149,5e6b75c1b1dde906c975c846df474d440fbd728eb7f80b6002e7f316e04eb95e,5c6f82ee11ac00f4288a9cb2561e8cddb1dd82b38c4c3790143cd9c2938cb07b,codecontests,21525,train,149,7
150,fe4b968a1718e583cef24c7cc7662aac74b7edf0bdc39e9fbd3b64592486eeba,c6ffa6afc9ee99a270cbd42336ddf95a64f358b4b7c7cf8330ca861dbf55e013,codecontests,5939,train,150,6
151,eb76e5de80f0d3a3c602086d54370dc9230dc0e55182160c1213f6db18e1f719,dd4f40ab4dbd56223b3bc35d1c4b03dbbe473d8a78bad84ea07e3bb43d8d55fe,codecontests,18150,train,151,6
152,9649623c41da402d9166c190e51866a8671964551d7f4637f6aa6dd3d74a46b2,652fad55a47371366ff2811420a0d1ae299ec0f0d7feab248be6a73fd445d9fc,codeforces,6026,train,152,7
153,fcd5b160e28653fe76d73109aa7e53ac54e2296f67375faba43def6905990846,3dd62310fc3c2d2bcda13e92bd01119ae800098b0a7b33e79edc09395276fab6,taco,7281,train,153,6
154,e0d11423ebc6a62e121e3455b1d27366abfd7e91d4448abbd77393ae0aa52e67,4f006c9bd04128dda81764d7054c69d8070529914de13b30e1c3639f1d8fe381,taco,10925,train,154,7
155,fec1ca5395683071f990112f670dda3d28322127efd39fd0e34fc32c0c527381,a22ec0c593045e80f7843962c6cd4110381dfb600ca5115fa26dd5d5900d76a9,taco,1001,train,155,7
156,6e453b012d6c7d9fec46975b09f68fa23bcf521c7b141f89e75e5a6e0620d2ad,7f51c2a3e192b1708d87dba68fe3fcb38e5111c61e35711a1755817a8a5fae89,taco,11262,train,156,7
157,9d3e8171f59ebc32108d5871cec70902b3956375e331653d5dd68fd1cff2f95c,08fd1aca2920603906061950a7e52fe0c168aab0d351863609eeac7434fb6f81,codeforces,13553,train,157,6
158,1c304fe3dc3e0c108204aa2775ed7a24526ed08433cd2dd1518aaaeece649934,fb90e6ef94f4171a5d7d47ead8c0d40d7e9d5211d27a90c632d98f54d2ada766,taco,3180,train,158,7
159,6e538dd992ec6df90dc707cf3cff663cf4020040a1ad065056e41607dcf7cb5b,d9bc04b5b9a5ec700c950d55f35c33b3b587f06e7c025c5d20051fd2132ec726,codecontests,7081,train,159,7
160,ed4f0027b67943f398cb84558b470fc4d165ba620b8b5085ea2f991fea443763,d95335d53cd939af57a0ae2598e089d1dff8f1cf9ea93f16d67a714d4bde37cb,codecontests,9357,train,160,7
161,bb8ac1059693ef759ad27f20ef8c65eb0b813b8ad5e4942d33a465f8e55c5733,aeb4c89d948c46583bbbe7c465d94b433b2bde19cb82b4a89d470a4848ea8473,codecontests,4666,train,161,7
162,6610cb09a14d0e31c66848b34600b42694694ff310c97f710b8198296ff6156c,fe14d3c9f02dd299af7ec9dc9fd5f0d884ff93960cecf213506a4440b2b289a3,codecontests,18295,train,162,6
163,cfc957501200e9da15661f5caaa946c95fd94f7566223629e4d8e217e8c4c8a1,c8f247fe267b85f6e4e340b684cabd08ff0190fd5fddb4b806f0680aa75861f4,codecontests,10721,train,163,7
164,8c05be05d014dd84bc16ada3570f4877132f6d5f59fa2adc8bc8b5f304f18685,4c29e0494e48604ac2a3c1bc8f7e6095437afb863f8d98bd7d239b8c2e9632d1,codecontests,20529,train,164,7
165,0163bbdb626f50b2e422989738becb6459f067c40c4b6daa598696119b89d84b,772452ed090d60140ac555f65e7095b649cac25345e33e76aeb0abb5d285ac6b,codecontests,9514,train,165,6
166,4fa58d7211a37685f0f3ca1542a48cbcd2ced30fc976dd6b54b71d55259fdd8f,74fc5101ac1daf720738ccc8bd227ef7d28ea460c5c3253c92dc762923368f67,taco,4987,train,166,7
167,7af4749b1971f49276fafece817b7584986631660135c29cced8e3547bab09e7,66b6d3c4098818257961ede5307cb1a85548f0bfc77fae4777af464b31831786,codecontests,17991,train,167,7
168,b261f4ba5e37e0743119bf96a8a6f652e76bda4f22d554ba60c2c346fcff1d00,28248ff1dfff5c98c755d7a08e43d90213fd9a81402b63fb8af8668da0e0caf0,taco,12453,train,168,6
169,fd1ee7decdaf30e1385d541e31b3e97ecb357e2df7589f73771a6856508bf03c,afe138b6d050050c16646f859d19fdc0b2641a24fde297a9fd12914b001c8946,codeforces,7955,train,169,6
170,ad7b2e77ac4ea73090519458027c863c169153d45e9c20993d0b6554e8f9489d,4284233e72aaca69982449e3c7d27dfddbf58096b00e03ecc7b78739f974dcbd,codecontests,4724,train,170,7
171,21116ad101b3626df7019c351bf13ae4e6f0d5124c6adc3905a229c94cef679e,fe09d29ec5d5567a84ce1e662514790453f5cbeb7dbe9249e0fb92fc0eb382be,codecontests,7026,train,171,6
172,392a136a6571eed7b1347896460591b36055cb25817f8347e96d50c8cda962c5,43f5eb0523f7c986440b05545dfd47999e662b6f06c2c5c745ad1d384c04ad63,taco,19634,train,172,6
173,36c47ac53f0d2e79ef2a1cf7f4fad5f607b38d10b7e4dd73050621a7dfe78b07,ed0c59aa915732351bbdce9638392c3d47afd3fc4c04ac6201e5beb988bca1e7,taco,13493,train,173,7
174,9dcf5bc74474537cfdb08ea3527731fae0f366e47893d3581113e652d7b2adc7,10c090af7ae32c80f8d845208708f32ea04027bf5ae42588e7b801462c6e2c68,codecontests,5926,train,174,7
175,5e137a3a6d7ca4dea803564437a24bc8b9cc6eec8b55ccc23626ffafaf774563,dd6eedd4418d99d3e7ac87ad8fd93c266819e505b31a6ca06e16b7e72bb11cab,codecontests,22494,train,175,7
176,fac9f65b66131abb78cf0378d34ff59c8066481909a078b26a777507459dbf5b,765ab90bafb25dfe88e0b29c3a5e19c300ec49295b1ef89632655ee6fd6975f7,taco,326,train,176,7
177,4a4c0d5312bad82982e2570c7e8d37aa1acc146870382f6d48c2f45dc6fa611e,1aa04d88a518b88a9de49e7e34730104a81088705ea129082c1cf24d66c3b3ff,taco,11464,train,177,7
178,430845e2d176ecc28665937eeaaeef479420c19a803e8a9478784f452dff06be,69376b8a828f3ce35e08b0217eb3581454db68b8bc8d19529fe7bff34a8c7ea8,codecontests,2559,train,178,6
179,bd1530a97828649827dd5b2dfad698adf66a748a4ce9add7126e2a12cfee0eb8,09750a672b90fde4573922b952a3b8c26fd450750b9f9989689c77217c820408,codecontests,14050,train,179,7
180,291827870ff1ac7e9a46162aa4ae3fa3159c2935cb668846e6e0862531a81ee9,4209c6338a1edfcbaa891bd1fc3813618cf027c5a12515c27a218e06c122dccf,taco,13610,train,180,6
181,bd36b36279765712af18fab09d04a26be772b461806ce3c7742f1fc44ef68a83,7f18404e78bee515c9bda5441f9a8c2303a7e867b8daaf805d48d1a4730ea0c7,codeforces,762,train,181,7
182,e5767126713cbd465a7c2771806f0beff59822a07b8302c51c4641d471be722f,7f1b0b2792c067175bd7bc612efd8169dce3433aec03574808f4317f7268b3bf,taco,15263,train,182,7
183,45a1646757d12b77b4118459e9299ed8f2f09c1f4feb5e975f628e59622cbc8d,a33d3cb2d0a5401cd35413227561f795f2b5a2a21c66c3d157f6bb073002a956,taco,5557,train,183,6
184,9b113db71bcd80d6867ee096967f4b6836df1e86e673c80a2193c3498b09ee5a,0f5ec354d800c6906544260f9afcc71d2a09ae05fe48e8d3dd35671aabc16955,codecontests,21729,train,184,7
185,3337ad5e318f42e42dc64f947220252c0638e44db5a71028dd5e5424214170b3,c3476a4df409a21b59f390201538aa490b51c0601b71ad631097d6d331ddd955,apps,2792,train,185,6
186,1aac494fbec4234670daa5fb3170a3477c083bba36ddf6c029dbefeec0598c45,e4dfc8bda763ea9a9faa11fb17303d6087718a19576b9d04fed8a30c3fab0173,codecontests,1767,train,186,7
187,cc2f7b211ac7ac437b53ccfb7f4f29c99ec6cff005b76e524410bf81be6de5c1,3522e318c4db6cfd484474bf68c42f2ecd7d0b7b55bd5cc977ca6f5bcb17dde8,codecontests,2147,train,187,6
188,a83f85279c6d9cd22cb39ae17f77609fb9d429fa56aa2187e49c0fda60d9b2e3,743a890bcd7383c2a53b3b6a87e82f0a62884deb7e656607f1e2f42196475903,codecontests,19827,train,188,7
189,cb9da27553462885b43c7e02876477f250be3189e9fbf3f9982b7872e25bdf65,5f1903ca66e7f8c382a0778ffcbd3d1f78ca8eadd1b3006a2101b522e7cea52b,codecontests,13434,train,189,7
190,1faddc74fd435d57bdcd6778a55f1d0598d995abfe071765e5246606b3912b69,705d84a91ef833ba2b66b605d56008c44f3ce2357a1a53176f6cda2e67d53df9,apps,16473,train,190,7
191,30f71a9547bcb568548be46b97c9b6bd5f60a179dfe7ca4b5bb7cd52a2415d73,1abdb692ad953456b36989cc1dd1d18d588fbf92118347abfab098114fb7d297,taco,6169,train,191,7
192,c5b678b01243e4f67f9ecd2daf3faa2260cb61f2f51ce6d3238d613eefab178a,6583251d080c756b7331a9e7a631cdce6e9569ea6ede37c903707e81f91eda75,codecontests,20559,train,192,6
193,020ef1d945dd482453dd411da6df334ebd8b86e413218417b3c2350bdc281653,a874d970561439a9641cdb34f8853c53eddac3c64a7e4e22d4370410c3c8b8cd,taco,9173,train,193,7
194,85f8a83b11aba463a341b9c148608debfa29cda6737e5d4fb303640176ccd889,211becd72bc3b3500c2c0171aeb204e89a9d5e04666bca3605022eb0701962fc,codecontests,5967,train,194,7
195,eab8a32d1aebab906f9d720d47cecec91454d7c8c12748d9620d87f55c200bd4,208ed45371e0102f3544e1369e55e3f7d513d838b993f89a3f0296b41d664510,taco,12873,train,195,6
196,5525801f4d22696bd44c9553cd22057d94ba2297306524527480ee7fe5824fc0,7328317582a163753f9454902bb41bcf4ca3438fbb42cbd90c4bdfa781b891d3,taco,13779,train,196,7
197,63c06fa470c2792b953a593d349535d9bed569b05e7301085ec7f231fd75c1c7,5ec9c60aabf766c0f0e535ff505853909118c22ef50437861e6cae8ae55b5d51,taco,14422,train,197,7
198,d1ba9d1efe40efc8b2016ad4f266f7754dea97290cf014d3c19dacd3f163afc8,b8e68fc3034cef96947405a07346efc3c86b2e3788733c95ac8d710e9350b361,taco,6811,train,198,6
199,4e01a95c74e48ead7c5c82254e435f5069ca5803d42e13daca5a1cd5627f7461,b58cdd2afe34395f70222d04af1c79e4bf225f002791306353ac8c7bc0a50580,apps,2716,train,199,6
200,2b099e7e4348b062280a5a4ff974a0dcd2471949612c06a0673b1f2f948c6f15,3dd33a01a5e9b473c691cac7d2a3f422a070627a17243a63457af3a4bedc8ccf,codecontests,19870,train,200,6
201,857308c499197e5af8d1248e1e6393e9cbca4a0b1448b51a27f733a198f0c146,1af05886a9b360cd083bbae20db6f8b7ae97132e25883580f2100a093f79eed5,codecontests,12166,train,201,7
202,0cf9b8de39dccb060e0b1a86eb92fc38c396d9762c3ccd51e9cb69066f280672,ab40b354e643e7e741832e886804efba66227249d3fe819ccb0601470accd373,codecontests,4536,train,202,7
203,a753159bf6bb9077a4433102ccc5e5aaeaeb34d00463619a7bdafdcc7b80d83d,59ffa3465d1cf7b15c4ef9a1ff8281b59ca2813c6da7b6af331c32aa8f111c77,taco,12605,train,203,7
204,ed7cb4e9a669b9fc4307afe655f321b747e121d3b0d888348d53a08074fcb715,fe9b34409088eb59ac25fc5954395613276a3e99433c0922e6e62f903515cf31,codeforces,2370,train,204,7
205,89db81d1db53fa1ba8c867434f28fed59674bda233c3f5904126289190c77f7a,d180ed752908ff190782b4b802faf3915e868e207a53fd207ebaf79b02704e46,taco,18750,train,205,7
206,59554e95bb8a1d941b8d32070885567c153a2897cfca5fdee8dcbb1a5ea8775d,a366e2bc70bff034075578342dbe3b69b869f4aee42e9e4c48ab04c00b76bed9,codecontests,12136,train,206,7
207,ac582b88f9a3f6424afa26f74f5e2c8ec2d6edce9f1ee303dfe3d16a1486ee9c,14fd923cc4f9c5852b2829fcd5ebdee3c445e6acec45c6e86d25b6c90b58ef8a,codecontests,21199,train,207,7
208,c642e0ec85f80940779508a7e3b900c7284858b0b6a6e0cf75e581a401c24ddc,4a76078ddd2591616d15f788585df9f85a48c003c4ea3394e6ec47def87c6509,taco,6583,train,208,6
209,59f57565f5bb5de847efa0e00f227eb4838a23d5e02ca6da6b6ed35832c01aa9,526f235de3a7035899db20dca286b2394d824b40f75574b7fc1030f9bd50f95e,codecontests,13960,train,209,7
210,bb551fae8e0940dd9b3567e646e7c85f48535649a5d6776932cc75ab7dbe1ddf,74ea9a2ba8f7ad646e6a5b43f8662dfae54035d739dfaf1edfd9dba14e3dcb04,taco,15221,train,210,7
211,8c5f8e056cc6ba468ffc0e89bbcabb31951224a3c2e44fbea3991226100e1ba9,530176df0de282747037694c1525e9828266783252b95d286835ef410c4d3a38,taco,6633,train,211,6
212,01208fd0c02c2ef3952bab2cfa4f41caa2f46c0836d6e696ead74597d490fe1d,bff3f8468fe761f9b4c77e3a594a4316c3911c3f1088283e6c9b4bb4bc350b62,taco,8537,train,212,7
213,309573ab3df5065190db4143109b8fe1f2d37c818d7edf6531eef4e27edad0ae,9e34e85acb6984a4975e55c5e66fceecce4cb56d6614c64a062436b64aec765d,taco,18229,train,213,7
214,8dae52fd5a54760a68b60f24226e61f7d38fd425778d05a2fc642cb35984c1ad,47d8301f74b0043b4ef3ff53cb8be48051348963582342db1654d8308c9ddd60,apps,7758,train,214,7
215,f394398b65a936447f9295fb47d959e21f7347498dc577e211ce03afe496a21a,23bed3db3b716cb2642c2beeef073d936ee2a0b24caa3d77bab049acb9f4582e,apps,6674,train,215,6
216,660ad1fe9c60d97e1e42970a6c834bbc67b26dc741cdcc17ae024cdd82d1756b,a7e27317f8ac3846dc768d3765cee8e3bdc1dc5c5e341a5bc0cdc8fdc4968264,taco,19463,train,216,6
217,e1d3f99bee722cfebe3c231ff31e708ab1d12161e10a81a99794ffe6d69df593,aee363947fec007525b9a23c97e8afaea3319b4147878e4f2981fff3cc4155a2,taco,9175,train,217,6
218,104c87a47368f497b02f70ede6cb822f2c67470bd8267d52ba8ab76188c51ea1,bd8a45e41da5f5534435b89d0a90e096bf6bad1fc6557cb16047d89d8ec91b31,codeforces,11593,train,218,6
219,e53e72010159af8a89cc787fb1a7de9baa6e99e6da85ea22cce9dabc8bb50968,85887b133a5e78edab84c90ca3e0ce8afacd2923bb871aa31e83e18d93475da4,taco,17856,train,219,7
220,ad891959d0dca8a439ee8e9d8468e8e15348af6f93e54b7da6b99cd9c8a2890d,bcd584607fda9aad4559e0de61117d9c8404fd7f037555433ac64fde50b25f7d,apps,8328,train,220,6
221,33e0bbd33fe668fdf6338463ffe17823a4b6607605e292889ded177e9ef97fd2,a4d78d5faa425751a47eb34968bb01081cfe5cdb7906365e95de8979c017b21b,taco,4583,train,221,7
222,5e304b96b44473ca2bc2fb0956a5973e4e3749b79dbde702655aa658b0061910,6563999e743a3a372833506f9271d99eea57f6d47fdaa57a294cf2b68978fcd6,taco,5551,train,222,6
223,f400d96d474c1d38be843b28e906d8ad7525d8577d06a3a0e29f828a44835e57,568066634bb05b3b0827c8821a45cb3ad3fd8f8311fe5bf5ec76115da31b74de,taco,19624,train,223,6
224,85224a9e1011e75f6fd2a9704b1f7c3067f871f9feb9b89541822fcb3067b34c,4559a2fb10a1f41243b52a281fd8035c6f8699e1b08182701672e91b9236fd93,taco,17256,train,224,7
225,06d86b3c7db745f65d86cbd92443911aaeeb25b4224e51568326282a01a72201,bc2d2b6983e314594c40545c1b5ff33163d0184de6d83ed56c1fbdba67a7a260,taco,13951,train,225,6
226,15f49da59b2572bdeeb27c9d9881dea67948e5fafce80c611cb8aa01168778ee,c518b2c99f4fab581c47bb2f9d4cab8149d35aa1a615e46cbfffc7c2c04e0570,codecontests,5675,train,226,7
227,b2d12c36138e9cf923daa6748566e5577f54ae630144289efd16830e3973f1f1,e8938a719a114d47d73771482f9a7fe13649a0539726df9af663ab7a3c70a647,codecontests,16110,train,227,6
228,8f58d26a91532b7996127487d779b363b30c793cd7a2a30218884129d48b1222,9a1531059209854dc5ed1a8a52baf0e7d0a858c484d9a0b25b3e8cf3453db30c,taco,13138,train,228,7
229,5cc00b3fd2449d351795e0ace3d6a4aa2010f9040aa6be4618d12173675e3b38,8eb69832543ea3a1268e727e9f507a49edb092a16cd407024a632517e613da7d,apps,4914,train,229,6
230,0ade1a7ed2af25c2972499e029951e876ab628b7209ef78f65ef895576d777bd,d203f0f60e3868dc7d7056e0e1d122144fbf38fff9bbff847bd34373255cbd0d,taco,10384,train,230,7
231,df3e83a20279f860a7771e12e10533d380d5886bda129d3f77bd258bc3389edf,fe0d8b37c9bd2a43cc39e0e490cd2c2dcb23a9de2966d12e4e8f67c8bfaa74bf,codecontests,16972,train,231,7
232,b503ff7f354fadf6719cadcf18633092bf25b6021f4434f0c6ae8156e579808e,842054d995f2ace7b1bb8c28ac932448b975586737c3bf0239eeab7fcbae0e42,codecontests,14160,train,232,6
233,0544c4d4c89edd23978e404826dcb7c7d25830771101af452e7675157c28ea28,3d7eb20eb03c26ec274bb589adbea16d3636c35015efea3d7095cd5a1c5a55b1,taco,8219,train,233,7
234,1b3274a2237e66e492145fa2a55bbdfd714175d2a369bc1625cc4745de0e8cb0,1a9b85e519e59ab272d7a9e759c58c4ef488c8e90c522b370baafdb9811a58c1,taco,5229,train,234,7
235,610ebc7987232e34801b10b0f8242f7aa33722692cf9e198b8ed99071aff84b9,148810a636c075687436c6374e1547c20d3274229af6dd24f3033bb32c280b1e,taco,964,train,235,7
236,d5d68c7d5bac4fd84347d50eb990cc889f19fecc5ca5ab8d3a4e0634855fdf5f,76d30ae9c28fd9780178ae4811e339343bb98fb4f7b21cbc360762de4e0b2465,taco,8279,train,236,7
237,a2849e6746d47818183595542177c8b2071d565af83cbb1ca56e7e30d3c33e3e,f4dc9ed8611d2d187f0fcccfab917ec9ab50269acaed2b4a68824d4e7a948781,taco,21910,train,237,7
238,f4d861e6d7695949a875701fa967607d626b639fdf6215dc3193265b9158fcda,65a4f16a80334c93465ebdeb88c5a37765010729c0ec6284063dd73d47ea9a1e,codecontests,8193,train,238,7
239,ea1bd6d5f7b837d1d457a107b2a48fb04ac2c8aced6f35b310babe29912fb4b4,19237fc33e7003b7269d17e662c77efc99ed07732579b883981969cd84fa501f,apps,20730,train,239,7
240,3ed0645abf1e37c6697e1776da55c57d52a8cab0c70d4a1ccbad30b72f957f7b,b32b1b5bf893a7b922ec38901e31ef2d6000c7951aaead1e26bbaf74aad3c07e,codecontests,8837,train,240,6
241,ca0f6a4d4f94fe5fa7b0b96ded30fae7fcd43035ae466655843c2e7ec29823c6,c27bef6f440ce1c57befe9297f4ff1a0cb7995b18351669c7bcddde7ab17c16a,codecontests,21775,train,241,6
242,6f5156ac35dfa0f0b42057fa9d64659ccd754fb2bcbbe5037ada80ac9fc3eb8c,da3969d24d89bf6b1c568b537de442fd17fa060887e946872e23c931cca7b662,codecontests,8708,train,242,7
243,586dfc2f86a9661fbf8b4a0999897128b9f2c31464fa141f06760ed112ce77bf,99267e80c3cd242f3d5d72180dbc54f279469575a59cc0c6e19771b3c43dd985,codeforces,12925,train,243,7
244,1e8afeeaef517b5302bcc7a3d30d28bd538d9916840d44118e25f80dba2063e3,aedb67f631a5d2780ce088293da64dbbb0de517770c345bd278bb2372836aa67,codecontests,8379,train,244,6
245,29d1c73b996ff1be184e5b8f75516dab8d892fa052b1a0b3df15998377aef866,218c5a4ac3f537152dc9dc88ddf2e7696411742a47162c34dc87a9489020eced,taco,13111,train,245,7
246,24dc5816c08b28e5fbf234fd46a70e1324ab0900e2aefa619fc874f635f75448,185cf411b910dd33f618a7dfea12a6a5b576794575ccb6e227886334b8d47498,codecontests,12840,train,246,7
247,f168ad930ec843f2210bba56fb02b1a15f91f6ea564eb0f08b4fde77be426ee5,4b9233d33c28d226ae24b77e26e3bc01cbda470786aec1df7f8937c09f1067c0,apps,2913,train,247,7
248,73f8e2795980296416053c5b87bff203242548507207b82e66252025949ffe32,4cfd61d7cf2a260a6779db8e776c328f6a2c3fc11345b971b9283b1d289ed1db,codecontests,11848,train,248,7
249,8b98b36f7e7a379c45a5a5595889f80866f012edf6722dd991126dfb81c51d65,c69e5a1bdfc1cfb36ee1fb0454ebdd9fb8ae143ae08d9eb686040cd66e23e8d6,codeforces,7995,train,249,7
250,16a36bf1cbeb9ef4e730822488650bb750b343f5707101b61c8cf372244493f5,fa9785606790548dfffe435e22d8f7639d71115d77cb1c30e8440a9d96c9af10,codecontests,9889,train,250,7
251,517155d39b76f242573a883f3ad0880989a1f572d954c821ec4aa9d428be9743,36529b293dd5a023b0ae2471e791b62af622ea322b41246cee565abb9d3fc6b7,codecontests,19445,train,251,7
252,adcdfcebf419e4f274354e9ac11fad00a28bcd4fcdd1f0548be42fcaa20daa5c,63762f23a8b791585dd222abe7f61d64ed9314f38f3056c6f61c9499d14208a6,taco,8645,train,252,7
253,b24c2f67b167337bfbdd4b5190f78dd445333c3818c244ca453d9a7d1afa2e61,97c27f07d4e06ad6cc0f57a350cf5912ccfaf527b0e3b596f2d7fd31cf20d141,codecontests,3641,train,253,7
254,24f118e3fa18759c6d0aefa49700d79457374f5591f4aa656bf843e2d04cf030,b9147e5c9d89d9aa8ab2d8dcca28b9e8b031afd6f173e26a9f71419b78777293,codecontests,12585,train,254,7
255,d9d0ae7d93123cb6120649575b87199197610848d58eaf172fdbeed8bbba9dcc,4081109ea9b6c587f746e171148970296d74eb6b214d3b66c1c2f129d6753195,apps,3599,train,255,6
256,85f205a6ec85f2026f1f127508fffa2af2658d7e3510d4d036c3857e21241284,7f290414a1b801f3c00c085cbf5b0cc611d64497b8edf7288e122d781d162eb8,codeforces,9051,train,256,7
257,aa9fe7f6478ada5b65b64e2b7833515b281f187a2563f7a024989b84fdfc613f,0be32601e87cfb523b3ef6cae328b957bee2b821450802cebf4444d65ac5e075,taco,14626,train,257,6
258,584789e12c03008aa780bebe3e4e93a7b9ddfbc66e9a8a2dcac8bb7a65019ad1,2039070bbe19b282e3a4c02e84e71dd461e4484ff878f96a5f584c60f4e3f4c1,codeforces,6778,train,258,7
259,5977e97c13bfa748a826fd43661636014433f07cedade4b5002be5a30608bcfb,f17569439dda98979eb42f25d2a5609adcd75db5cab9c77788793c5d86b72214,codeforces,7356,train,259,7
260,f9264171f69d2141290ac2704a8bc27339cc5f8f060c0eacf4def0a60f6d60d9,dbb92950a80e275fee5544041c3308f11098672f808df12f0eb98df522930cb2,codecontests,14064,train,260,7
261,0f2222c2cfc82de4d729a6164e81373946448fe285a4f28efe83e81067d4ee51,d17e68ab1dff2586c6d67c411b61daa95f32113b1b35a8b2a6eac0417d0a4c81,codeforces,7001,train,261,7
262,57ef9b853f6ee9a9f1600b9c5a7efd164c317ed3ddea2a4dc276ad950bd42681,ba680112f0f28622165711f0ab6564ab69c63225886c4f714a73f71bb4905e13,codecontests,18642,train,262,7
263,2b1d4041a874dc2987bc52ae2f47d73e47c782e697c1d31c0249671cb26b1e62,8ca84ccccc0b857caebb8ceb45ca00a2f7b6df0cb3840644767aaeaa65db8f7c,apps,9571,train,263,6
264,f4fdaf640b43d3e693d6d67bb3997f70ff0fae29e1f1eb78a64f84043202c7ca,6220de06f39c7c95507a2f903092783fbccf59bd26ad29782e5362a90745f751,apps,19661,train,264,7
265,af2102cd9d9636d8ba6cbe56c7d982e86d6e35368ec8fc1b1b86f0d95dbf5a44,1b6bae59a745169a825b80c815e93ac7e85f48015bc290ccb8b2964db7f79ce4,taco,18671,train,265,6
266,904bc5a5024503033949a17f1e5a656ecc7daa6cdffe9d8081271c3450201a2f,2f77e562fc10a058c388fa4feb21e58efc912fbd53064b97d173422a261b6c48,apps,20682,train,266,6
267,bf3475f4f289952dc20849f0f9cf38c96be68a9f3bf06a017ccb175f5c4fe8e8,8894192c11ba7b83ff290baee5de2946ccf0409b030828b0c3605d1882a546fe,codecontests,18876,train,267,7
268,2c5087c64650a60684e93255b869444333a817ff2c538552b40fd375b5f9210d,7aa3ed65ef363bcc6c3e99a5a1235d67d1f73be0cf9920e7e91bcfe5187a9be2,codeforces,22286,train,268,7
269,0ca1e5556fcb5a37bb7662891722f3106ae5db987127c43d0c5157435ece7694,31e0d10c9f29f58d3affe41a6fa18b4ee78c340ba6359cfbe9cefcd45230f3ae,taco,11287,train,269,6
270,edc8fcd9bf41d6de4524cc19f41fc50f150f40922e3d15c1248f79817b9364f9,5c4c4ffa4b62fa495ee6bff9461e97fc2317630a785c984d511fe585af648aa4,taco,12372,train,270,7
271,8e958d3d4e7cc51810c107ee3fcbadad1469d784104083d7d3218ec532035df8,5a1d5b6cda90f2b95ddf61d677840f12215aba9d43e03dffe61e8d820c7c88e0,codeforces,11739,train,271,6
272,19e204fda67eab5efb34e054d1389dbd74d0c9da506d60ddf0fb6cd48998c1be,73eaecdad0af66a10a569f75951634d2682b7a6b1afcc0b169c82748f43d8181,codeforces,2100,train,272,7
273,d0fc940a82391eb64ab711abfbc681017dd986f3fd526aacbdbacde1153ab28b,babd8d21da0224f42489a702a465b9ff96c59e470ad0559acf17b0c64055a898,taco,15489,train,273,7
274,ba58315527aeb17d91e680674a5221f3e16386d8f6eb51b247eb13b93bb8b9ef,97d1911ade27095b00ed7cd71c630f0157d0410bec2500ff3b10dd24316c450b,taco,961,train,274,7
275,1b5ecb290ef680cbc235d8d8cb618fe4eaf66977a306766529a12d160e90e63f,742277eb30c03f72f172aef225195a9a834db134f9cf7acc75d9d09172b20400,codecontests,236,train,275,7
276,497efaf45bf9b28325ec345b97c39353931322f216691b5d823c5b352942bd4b,3882d645bb15fa80abf134c53da63ba1f63d87581b15dc3862e163c10d247ac0,apps,8869,train,276,7
277,add7a910686998fd589e166f10ae0036923b4879ca1e1c14f6848611f99650b2,e7f814fbd2f5f22e8fdc8d2cdba24cde060a854194f8727f869b1daa283e6f5b,codeforces,185,train,277,7
278,346ce2b14d191c8a91de1cf33d2b48d1504cf7c83c28114d596c775e467dd9bd,cd20a1526838a73ab7a8756e63bcb0e5b2ecb1b5766d8325f82cd5404fe82953,taco,11908,train,278,7
279,d2b9ce2b77d72427c86dbf82d878e76c4bd4dd68b30be0c7ef5ea922b14fa8ae,78269d919e5c993e0e082384fcd86502400f8a3a1d6f89d95819631e658b7c4d,codeforces,5398,train,279,7
280,5b7f8f702f692cc101916fd2cdbc74207f5a94a52f1c2c703008c7269eb3a56c,2b178f3edae1f915be87322088a358025002cea82f303c4be6308760030339b4,codecontests,8164,train,280,6
281,fa914e134b98561128983aec352a24e30aad31af73bc1185c75c71cb852f88e9,366c100b8999c01f7950ec660091dc5ab4910da59ffbb5771614c3fb748a0447,codecontests,2417,train,281,7
282,bf28f8fde2e14d04ea485da3746741a05544e51ed797dab814472ba233ef9122,d79ebca4f0163f9852ba2ee846d421020783c12bee3fa723b448bc44c1226fba,taco,11972,train,282,6
283,347572d4dbf2655a53a796013072143a04ef2fad8389064a8674ae6d60f66c9a,5d51ddce5b95997f2e5788c7c4f3151152b3bccec9da28f68fcce265d0491528,codeforces,3148,train,283,7
284,02ef773078808d46477a164c4d4c17f8b39466397e81cfb827d08640d596ba58,81588f45bcb0285e567dc329de2231f29a7256e2cf7a483531808ea415503979,taco,5266,train,284,7
285,461fb35926b4b9862e8e678099c1a90d9678f796faef04876f4589ea1272c5d1,c25c3d87573366a6acd245955f21c4d167a29153007f131b3dfcc11757f48b9d,codecontests,7024,train,285,6
286,25b7a1973a4b85ef192e863662b53c7e3a55432d637b7fd945cb3eba4ab88f92,ef2247dabbac1512a652d27f436ea31f291da2f95c00e0a573d49e2eb815a063,taco,6322,train,286,6
287,d16360afefed68dbea6e374ae295a3c655c1574b2562730f8774901cd5f68336,3bbc912b9e83e2d74573d278a6784de97e347e2dd0cdea2d7513f255cc6c7fc6,taco,15703,train,287,6
288,61b9e08736f1abd15e09b4191e5c6db165da288ca10551d055bd4450bf40e87f,bca6f133dff06f5bb3715ec00189098c578b8749bc899438177179d2f4922f8f,taco,10285,train,288,6
289,e3fc807d6935294b865f0f3ee12de374022361f4a69e3c48477ad2a3b73034b4,15e8226ee3a64d07a66783afd8c77d922708b999e28d87ab7876f18be150e8e1,taco,18531,train,289,7
290,b9678cafff30b8e375ce2eb2820e281a17dcc6a4daa5b7bce41c7f6327ac6c36,8189a83fae3ab6df1010ccbaa8ab90f9d8e78f8a787deb43c480160ec555933e,codecontests,9291,train,290,7
291,875c6f26693b13c58d33ec3d796d69bded78a6fccaac7155fa9e9f3dc9798d74,ea5a8ff35238b112014d02db30289364e5fdb0545185d4e151d0545f1e59cf37,codecontests,20623,train,291,7
292,7a6945e3d56c73a59c32897bee954d34a4a84718da29d5fabcefc6e7d848f89a,2450ae21e968fb1a8d796750f4cff85b0645a145d7e0a0466d3a14e85e3f7319,codeforces,8128,train,292,6
293,f31b852b92e16301925163b4f52d517452ef09721bee1159c990d8dc6db5deda,b83e5913ea27a1f57a87bd80ddf32cf9850949c7877b3ac16e2f86f57d0bf23f,taco,4254,train,293,6
294,0c7bc476e46085e1877d9faab6b25e22c8923560ca57a92ac2499aac84375e14,59c9086fadb76e940cbc4f63da3f236b953da352a54e45fcdc265ca6f8010703,codecontests,7323,train,294,7
295,d9e57c1464b49fc7a819943df57f5ca95f1536a910730db1171ebe28964a6949,4c372d25a3dea503ab15ad99d340c688a565171830248357300273ff9210164d,codecontests,16885,train,295,6
296,be98ebe88821e33443670433d15a66a6d8ffae2c63a57ca2aa6c1d00ed0b3aec,e43b59884e1807bca9be97558568d5e99f27fcde09e1ca3f9d219cd8ac874ddc,taco,14969,train,296,7
297,dec46a792673d66b2a72f7e30a4c0cc784d9cfeb28ecfcf9488ae76f41be459d,ce476f934875793858ba5624efd5071c0a5afa95e13850f3aef0e32f999f0f50,codecontests,14804,train,297,7
298,9f2021bc50bd42dacb6653e0ec7989031098db4b53f39b3f5bc84eb6deadfefe,81382640c588042b07b3b475662dc4852817c9c32f0d5b3eb0ea5f80875421a0,codeforces,12060,train,298,6
299,83f363f1d7a02e17c1c4939e9a6aa5b12af7473b6c8c39289add2860ef6557f9,dd5d495f6e2a730ec0c0e33de2928068055fff14e4bab9b0dd05605cb79c3cca,apps,720,train,299,7
300,4b8b6a34e8158affb08e35087ce79004bdec85dbb73ddb1212003adf9e48326b,d727bf01094aa1f7768985f39a1fa7601c941c89c8eb357997a53c1f9fcf1bc5,codecontests,15488,train,300,6
301,f27872817d2c019d9564ba37d547e6d874e513f3a3cb641546820f63ecc92f3d,9fb025e04287786702d11aadeac1b3869efd1b0a733d8646eea29cf21ccb630a,taco,842,train,301,6
302,c61d1013286e7400b0e2fe922ceba6b99362c0756cd6e6608de200bc5b445654,a484d836ecdab30826354040f0e51f9a9ad82d846587bd205f286df89dc53984,taco,11125,train,302,7
303,c5467360b5997045078b1293d3a909ddf54408345c387393bb5369d36b479ae7,2a75cbcb4e9051d9d82e9dba3f9b0045d984eb87487e2ae4382fdc2df1da42d7,codecontests,19702,train,303,7
304,63723b7dc86583de8b0de9b9cd23e2bfeda228cd30cd0bf09acd290e97b54ace,8dcd94564692bf70f00253a250305ad7b6dfeeda66b10b64f6cef2d837c3e2c4,taco,6488,train,304,7
305,1f468fb6e679fe6e3a161cf061c297f10d02b14a2d9d43ab72998d199234bc83,bb5deb9c9d83e256c8436e7aa4e7394c92da62842298721715fcb86547fd22e1,codecontests,5953,train,305,7
306,017aba7ea4a931639bb310a1cedc2ebed41008f602c3e45221b4df9449aea631,f17514773c35d765ac25e52d352606919bc9673e1fa9e19c669c33429bedbd2d,codecontests,17044,train,306,7
307,c66fdcf784e759cfd8c7f36358148e233a009a036bf0b6c908169af4ada1a5dc,ee2fb9d0dab732ae78bb589533efa16c2ec712e559e84b4704ede065f3e2b3cf,codecontests,14836,train,307,6
308,c3198278edeceff9f31730696678a58bfce1dc05d4ec3dad4eca70434002c6ac,26884b4efa9dfe82d8bf4108847aebdf8bf45875cad4224b3399d7232b8eeb3d,codeforces,9892,train,308,7
309,f56dcab3a611296c9b467f873fe01e7c85a22fc98d3b7df25f59efa6a8ff9c95,a0c5136cfbdb1d43f1916c72894acbc237877f8eb105f513ac717d0b12ee0ab7,codecontests,17292,train,309,7
310,ddc9ccb48ed47dc9dd9cff514c311b858505600d8b5c80c3e573f4cd94ff776d,c3d6c665672f2fa6f01c2282fb25b1aa41aaf16f25bdfd77ee613825112b5d09,codecontests,19447,train,310,7
311,c05c0bedd4785a503d9837de55705566ceccdef6efc96db72105f065c72c16e9,508d575ab5aace677d20c062b8f28cde587ec97ed3576c8dd5baf405c9e2056f,codecontests,14918,train,311,7
312,2da1f1940d5005ae06fb2bb08fa9c9076e94225cf978728c58e804750bd82992,9ee646ca16ea73e8e8cb8149106c4d4a2f088b3e7267bcdfd3f08335045df32a,taco,4759,train,312,6
313,3f6c4240bd6b2762c407385cba076b4e9dfac6c15e88e54ca04b3799a9b92582,d8d705f4709567951f4e79cafeba219e901ca00bbe039ff578a0500c137e3acf,codeforces,14473,train,313,6
314,efaa38f2f57bb02b78f1c6014b3766de5c88ec264ecb4f0144bd4f2d367a7e77,4ddbdf5d0373b34aa2ccdeff9ed6e46375fa2eaee90314df5e02bc1fae24a5de,codeforces,6889,train,314,7
315,ec8a3287bdd151cdf9d66ccbbb99ef9792648ee65e58b80ab35e25006ed15985,d36ccf3ba882825c80cdf78d4351fda45bf6f9b4cca64e92e86ac77fb0af8c62,apps,11994,train,315,6
316,0a69ae3a2bbbee0b94710b7072fcb84c07dbd5c4354822726901f388b56cd35f,b6c220b4b55a985319ce1f133531c9b5a5c5fdfc2efcc5aa1cb97d873bbf5c61,codecontests,8165,train,316,6
317,8a8d43d02ff05e18a126c4a173a67936e51f8493be1ff3267efc817d87606499,b40701ae0ec5c28be851333c392ae5eb7f122fedfd6566f5e3e11884b8868ca1,taco,13013,train,317,6
318,8113d7d148ea4b641f4d02582efea2ea62d7a029d4b94cc9ef244e7769005cac,809a25660cbf70f1bef7fa657cb8f507698cb650eca8e682403aad0dedb053ba,apps,12290,train,318,6
319,75931e5f80ca8c0e3e0bff5e5c536b76847fd76e87f7b49db16d9d28b4b98699,4ffccf633a705baa2fe7a91b7049a068e96cddfce591733ab38a3bb7d3005c8a,taco,21808,train,319,6
320,2cc1442e079abe79366c4841030931c8dc6ca0426512934c702950486b9f1921,6df8a06722b5edb9bbee9b1ab1cd2a000a46a972a8010e06df5a3e2620dd7d77,apps,20903,train,320,7
321,9cdd651ee54b36e1c3c2d737c48a76cabf75b89de4420cde125f99dcb17fd66f,e438acce05525ecc0ba1b438e63ce8f3cf84c396342e01bd2eeec160f3775bc1,codeforces,7873,train,321,6
322,f26de5abea284b202e283a820863635376b7794b90691bd1c1107186a9a8eb4e,735195934b013a7a35e345c6861d531730eb4e8a64f78ed49a64cb6f1c128162,taco,3122,train,322,7
323,8ffdeebcef10c37e14187d4ff419ff6d49d8406257755f13b933231fb6109ffc,5be8e8fd4cd27a68fb0c778d88b5838aca9a7d0ff71a78903cc528529b6e930b,codeforces,20558,train,323,7
324,507e54f0128345480cf7bd0c39f5cb68e124e8ced7e75c7bfab587fd5095939a,efa08129d5bd96408ccd2311e6e68c051a8043f6cdd99e441fd0d21e4721684c,codeforces,8220,train,324,6
325,e4a94fdaef0142415c98c79b033d93e2f56fc34c8612862c29c47de25df4d394,9216ecba01233a60d83e6b71593adb508c7fe7f8743910e73f6536b69d7de79b,codeforces,10959,train,325,7
326,d0d12f8de811f3ff08f8195d4a25d42d29a187800e168c8f912052e499a97ccf,47fcf1da3714abedd1e877f03f157a7bb01a451e34712221edae9f71f0d6e232,taco,2092,train,326,7
327,b84f1b8dd062fb8ebb508bf826944fa1fadd0ad2c3c68ac04c6de8e9d0507091,6775562ddb31d221491eabd8d8780f9d118efacb718e58e8f327421e299531ee,apps,2239,train,327,7
328,a659171ea568b02d8d97b771edab677af8e623d7539e3196400f163683d2e787,2b25030ef1289528c321ead679b2dcda430ab878447b04d4ed578785099daebf,codeforces,10564,train,328,6
329,bbcf1bd4554f62a21806faecd902d9afc9c5b9bfdea12f8a2cfc381fce0033f3,92d743d5d2c204072c7a5372d4e6da0e0b31d741ab9bac037cb976d0a198b57d,codecontests,2820,train,329,7
330,b6230dcf50306f96c8e960e61aaa94facd114ac67a6f6ef94b7f38dd5cf1e264,15f15891d97fe3e1c9a03573aa29ba292331349143ee15c1e2703432c0ab3648,codecontests,14558,train,330,7
331,224b38c17e0b0866f7ac611955350421443f77f225a62fc1e536ac0355c825ea,bc555bcbd9ebc6f00a3422abea7421b447f9e15825fc6e7112b0b76e2274142d,codecontests,16973,train,331,7
332,01ac4dea50d7a86b3cbb09838f5d0f357b1465bc2818446c6df9236f564e57a4,39ef251e77f3dbf91f925ca02db17cf5ebca6a076c9038b083bff158f0805e23,taco,19345,train,332,7
333,30f4fd7f73d161596546551f3d56bf3b1747de5bf7c8934f94213820318a3506,a2bb21fa08d0e73bcf2b67f16b3fe17f9bf5f4ddd6eb9c94b1978946b6cf2bc7,taco,7973,train,333,6
334,955185e947a1be1ecdfbb9ddb49c703b78f1aad2510c9c6afa06d94175b0b7e5,07ea56c9f7d868bcc32748191513b58f1d6fb4532b29d0985ba49e2f0e12303a,codecontests,14203,train,334,7
335,51511827945f15a024bf02ad686172acc38733d4276e18f1f4c056b1c257eb4f,a1ec310fc4ce65fa8dce05fc93d3ca340f14c448d042244f7619283dec024da9,taco,3765,train,335,6
336,7b82f24a081e92709bcdc990aa26478b3e4d10649621342b8ddce0545643520a,05231162359bf1356584eb4372a5b530a2c94c7dd77dbeeb45911a3e97a82e75,apps,2963,train,336,7
337,c7e5af5eb0b93c77187046d2cf7660ede0fdb6b50efc9a1ce567ddd43112bb3b,2182a7a09ba92f483cd3d5c4366d6ad18612442c9e2dcf19268bbfde66f098aa,codecontests,8026,train,337,7
338,fc92a2e4d43b5904730efa8598b9c2f3259f99669e70c022cf2a89795a0dfc77,a5cce6c751c403a2d6755021d0cd708e8aff684a0c182447bda65e6ea94e0ef8,codecontests,2302,train,338,7
339,dbff51f55d0a0d874f0951375458f2cca2d043d0501802b83c131d300ff5520c,29b500a1c80f2698faed8f1af4b5dbdfdfaf677039f3082dc73c777660ee133f,codecontests,21355,train,339,6
340,13f300dd445104ad1ee4a6e485a3beecbf2537e54b3ce8024f6bb98fea289dfd,dc8be322c1c94e4d9c2573b14cb8d5d534ff932838588a0bfe1c7e34f88978ec,codecontests,7177,train,340,6
341,4caf7e726485b3e96e3974fa8b2a3c20ac25822b41464c68183be10887df50a2,f78094054b44633278ed40cdf1fb101fa1ec7899a1cf7becf4228930aee3d392,codecontests,13625,train,341,6
342,12fb1c17d0c289432dfc4e78e87617b6c598ebc1a84be4500b7d540b4f46dfd9,c3a608e8777983a171028890de99327571c7b21e06af29d26c55580e643b85a9,codecontests,7731,train,342,7
343,e9ec18a79c8939239b784c831cfe943e3a57d4f45dc97d0b55e8f03e80de4e77,85adb8d0cbec45dba2f3d37f1eca5b4b72bbfed0b0928b383cedfbf59685583a,taco,15614,train,343,7
344,0e9fd31afd68fe080c64530191087a7d60ab1ffeb20f9679eeff25840c7be8aa,ad5babbfa918b5997d8ad7e69f7282dd5d048698d74379c81d64e2e3321d96af,codeforces,10184,train,344,7
345,e87b9d94f7554d99db33bc0630a976d81eb00fffb899dba1d9372c091ad27fd7,074e04a9085a7ee9b86edce2c44c11a1dfb03496a7feebce69e6e8534db84550,codecontests,10635,train,345,7
346,e85115aeffcd34fa9723dbbc58cb221c689657b634185e4f8405423300393746,aac6288f98dfabe5960b785b21f4872eeaed5e060a5cba4222a62130aa3c64d8,taco,21448,train,346,6
347,76bda7309cd0f7729713332aacfc3ef267dced414baddbd55b5cb5bbec2670c9,d17c97778d7f6b3d4fde539df097a83353e90e69a1e72fb2ed4c184a04859eb6,codecontests,3149,train,347,7
348,7138cb1d5307ea6018edc4545a251a68071a93647983e15eb6762b92f70d1f8e,8aeb32773e54cef5f9ce5d28ad8a9f7554c00f6f0eba377d01b860b5769850d9,codecontests,19982,train,348,7
349,6dcf2ef998bffd95605ca556d4cd04b566fadac5d4afd6ce215168c25820e2de,9e8329a3de63bc2643b1c44dd47a68ad399211ec85a34b338abee318d321805d,codeforces,16707,train,349,7
350,9c297099b4619c77f0ae3ffdc671dd51cde68ae4b436234bc106031d86dba26f,2ace9cf32b1a0a695fab8c1337fb5ba2f135d6d14fb88ec09be7a31e8bb4f5bb,taco,6724,train,350,7
351,67ae6f021c2bafe62ccda5945ab1cee90d7af5dd1cf405abfb9140a5d4f69b71,89b9d43d8661ccf82c9d0b7f7e18f4705a0ee42a20f2109088057dd7e0130146,taco,11982,train,351,7
352,bacbe09ec0158987fc6d2f3e29afc36c922485ee99bc3702e093f5ce0443bf1e,9c2d95186aff45abe89f31b9a84e941fdacfee29d5cc845f817c9af64a3e397b,taco,4688,train,352,7
353,7117252f498be0a7de1d2521190c9f10bd37f0262124dc212119f4b9f1bd0966,03cf06781986902bdecc3585432ecc661cce85bd2b4210a970637ef36c74bbd3,codecontests,20842,train,353,7
354,b80cb8d7132de3412b122a6b0ed90264a81d3a657ea0a8817ba88248c63d505d,da7bf4610bbe43cabc4faa329db7972497718cba0b8234069c3c90aeff527162,codecontests,18706,train,354,7
355,cc951fdf07bc5e9cf75037097c3a1acde03970c5e527ceebd524aec966e32712,4a96d7dc6684080170a6beb72c4ad6194cfe91101e19f3437df24c8d4d1c8099,codecontests,9917,train,355,7
356,50e0485075437f51ea86e461c0faef76da5e76aaa8862e09fbe3c2977cec2544,68c06c98f5beb6c77b8acd254c01102c8b1f195b24c0f98e56cb00beeffda2b7,codecontests,7496,train,356,7
357,f4db2b6a57ebaef67794e5551d11bf28d183d497c5099ef9c4c6e4dc93797893,7a1ece1542a56fecbb20684af44d7b6afe67fe9eb28ca6fcd12062ad1af47289,codecontests,5558,train,357,7
358,a5de6d9159c0f0ba3adbdfcef17857d8de2061221252c5c7e6dbc449e4410521,c2d0a9e3a4eff4ef5201640d9c960d74448262d2406489987889cc1bd7ccadf1,codecontests,8067,train,358,6
359,cd90f4c7ec3d993185eb534847468e2a9ebceb93e072d831ced56b4617db945e,3ae7cd80363319f3bce2367007cc80b45bfe678f9ef16e76822ea3207c121610,taco,15824,train,359,7
360,fa8185a520f3353201cfe0961e19a69db87a2a47d332a00557d06f5712b45ca6,f559832d9ef14ac94b258a7d60e6a37e603ca20f8a97e9413646660df449548e,codecontests,19470,train,360,7
361,a44b95ce5713b5582bb036b156b2a610b6c55492f4fa000e3ed0e15f7bec791d,b994a69dbe546e201c792e1020e82124048d6fe31df6dc291f43e291defe77d8,taco,14718,train,361,7
362,ca6d495ece6d22a0c395b0c1c3cd6a1684670cf8c283bf8cabdb59b1e2c3206a,ff38f04f11671da404d41b115e40f228bffdf504cca0c4cc46bdb8b7907d49f5,apps,8446,train,362,6
363,e7878dd546d8623f9239de2a87b75be7782a175f5db3088d129e204418f9c4f9,c9da814d8bef5b14230e0b8e90b59638f1013dfc61c7f44a33fe90d74154c542,taco,735,train,363,7
364,8bc5a89fa768e1a547df26558487f4838b6174fc005fa48803d9bcc688b35916,878e117f082fce549710137df7f08ae121e1e490f3a470cfde623448ff2b2025,apps,11622,train,364,6
365,291e7db8e2e89639f510d90e49f90b1e68fdc44e460bf14b7a919518355fd41f,721d161741e3d94e6be976726fe1651ca0fc9ed99b5d5780768a2bbe6d40c035,codecontests,9777,train,365,7
366,885826dcf1d04457fb270600dfe37d0129b7c7e25c99522bbd2fc14dad8f4ef6,d8ec1be4c53325f1be4fe55fe064172245b12ad34d2bc9ac824d4da05d60a1fd,codecontests,6519,train,366,6
367,d2ee9328711e307c04f5d8d0cc8af1adcc6d04e3bb1c0740f918bd56f0b4fd35,70ddc9084aaed42541ca8364db6e5d5ab9f8c8c11acb5824085de19252229d79,taco,6172,train,367,7
368,6b45a6aeb3b715cdecc90448c7be0459cb703895c5c7abb5e556b2d7adaca140,191f01b7c91a9151f47ae75b2886a09941d5cf8a75f68d6270e075a8db13518d,codeforces,777,train,368,6
369,db9a82dd51bf760722e18aa1508e4b28519280d39c34dddd71fcb52311c4aec2,b6e9a1c209affc9e6ef1b825426543745c986bb5237d6d04752d6b8026e731be,taco,16753,train,369,7
370,323993a68d500bd5f296fdf10e5ebea4097d42b7ff28aecae7818c4558833ed5,d094147c055d17d7c487d0685b26fe8b78f599cd3d3da3e8a3923a345261cb7f,codeforces,2674,train,370,7
371,b917e520612f2ee889193372159030504e587ba112370533c5a2b0c7af523dd9,04ade9b0c1ee95066aa87db65203fe39b228bf598fcbfef073aab3dde85ace0f,codecontests,10538,train,371,6
372,3907e5adde7931902b1b3b43d1bf3d8de2487d0366d15d71c2d46a34d1a3c5c7,0dbbbd0e8fda4a94c77d80fed0a0e9317d8c036cff94fe0228f7e351708bf4d8,taco,21662,train,372,7
373,85c96501fcdd12d656031a0d549ce92a43ac4860baec90226d5bc89c43d875c0,c0e46b26c5175123a676fcd81ea0a8608ba722a88613a13e3eeac481c6f23869,apps,11295,train,373,6
374,e430ee721ca90cb5184e13e58878c585e51cec7de672fe2df26e91034b9f7fd0,bd428d3e4f763aa29aaabb67ac6c7ccb31df3a936d8d44fbeeab99b72d9560cc,codecontests,822,train,374,7
375,525b67af44183d359a25d9bdc5ef3bad600a048ad9a59e05316c1de413b02bf2,19a16ab0b61b2616956aac728536edef463f919813ab2b77f1683502a2a42e06,codeforces,18930,train,375,7
376,37cc83ef9e62539106c20c3f20ab8db25d21817ebcd134dddf500f2deeb9b370,136727256937267c85272befd8bc30afc8e38977573d7cd4e8e04a2b17601692,codecontests,10498,train,376,7
377,8c8ad851a4c9ec73d8554e88e78e7174af9b8bf28fea4be949e89bda29a8996f,4a5c52f606a23dc5aa36ab93e4a12b14cd87182ba144cd79c6a2985bb22a5357,taco,242,train,377,6
378,603dfe93ead69f9c3bd773ac82c3716cc4265b8a39ccb66805b87269c1bed089,68534563ca85b75760a37725651e1187a497f0a6c578f2d6ec566fa054abb070,taco,5553,train,378,7
379,e32d7931e255c347d230d8e26c5a1f10c691f7000c50c98954c0a9023b3a1ad6,3b19dbca2f19277ba3df9c53bbc1e76e177e8476f11fd2fd2ec634dcbdbc9a39,apps,10511,train,379,6
380,38ef23e05fc247d2519cb378536695e706a9fad46ade6254d0ea57abb1845ec9,1c3451a8a6086810f12fdef089de265f1defd2a23efd8c75aed5ab3ddbeb7ac6,codecontests,18316,train,380,7
381,c9f9ef6472ccd706ac3d7e3940267a89961347578da867dd700ac22f16f5ca52,2bbbef27aaf71da589bc9d554d369e35d2e23f7b8f5e347825ea342d763909e0,taco,3970,train,381,6
382,3caab089bb5e1f0059bbd0fdb10290bd773f991e9f798e63f21888c2922f27a7,5d7f3ba90f2923cc328de3acc822f508f64cd27272e4b59b13b2a91f2f0dd7f2,codecontests,20574,train,382,7
383,29dade3dbd3167a69f4381caa7c87e3ef4b809e3d2af028d8116705f74f9ee79,568a00d6bcaaba366434c712764a95ef8bd9494f38ce4b0b5c927fe68d0de9fc,codecontests,21912,train,383,7
384,82fcd48cc066162f8e4e6263ffb084ab5679febbb64da220b5afc53ae0783c27,6f31a4a65ba6de4ef9d78cd29911ca13f22dba107da3416a93e86aa10b48a7c1,codecontests,13631,train,384,6
385,72946e58a7baf74429db000835146a3a6b898d91f842f0bdf446a8c1704f1fa9,9ee996ca057d9e30280c39a7097d995042ca21017ade260e1ae09c30df807575,codecontests,11175,train,385,6
386,208a2fb56629474e33dff68acf4d16a5aab686b87cf68b8a00eb4f647b302b5a,74792e3bc7fcd7a6cbdfd60e1385c50fbb681397018e01c29d263315aa3b26ee,taco,22189,train,386,7
387,a2077e43024caf920c4d08b8e230d713c35c12df0e165f562c7f85544056025b,b5dd4bb0b2d8059abae039e9f86dfab5acfc0f1f398bed7ef432ba5f0668fa63,taco,16422,train,387,7
388,5d2804c2a19afe8ca080c7d89779bec1d60a87aa48835d7fc4d3ec02f5f65a08,99ff3983a1d6d1ce946fcf221bef95d19906435f04823864340123aedea40f68,apps,4555,train,388,6
389,cd167d5eee50e6eedab924fa7aef58354ccd537c6923b1c93fa4525f3ad9be9e,9d4ff9bd762b6c7a0770255080b94c74aacf3df32346001034acbf53e74a81c6,codecontests,20233,train,389,7
390,bbdb15f83ae204c1a7f8fb22ebfc3744a5e48844928fdb5095ee1bb594ca2c0a,34ee7f8692dbf4af4a94e5e33bd937aca78f7da64feacad989b01e9378673d8b,apps,17728,train,390,6
391,88d3225002c8427d6e5824f9daaf7f87b1fa143e2fc7e054e095d23e6429b06d,cddad15f99bc264808a186a2b2df373febafa5c323afb530f057af713d3fc90a,codecontests,15924,train,391,7
392,0684cc71a2d4495af8f5dcdbf1ba3525afbf7ad022a536b297b4798b438436d1,cd6630780845989497aecd1d6939659d8bfae7c2872eab131b7015a2e5632483,codecontests,18289,train,392,7
393,d502c80857b7a818f2f8943a24e6f31ac3bca3114a1c3214221859dc4a0c498b,2f12ca02bbbe2944267ba0d9969da01b1166cf9e3ac20e3cf6fe47338e5c361d,taco,15155,train,393,7
394,bbcbeb9ed3b9cd72f50867f6506d67406e4f6f508fc2cde46451a34e742fd1a0,0a49717e5325ab0c742c314bcb402532e496dbb93703d56bac5b946e8f5ed55f,codeforces,21416,train,394,7
395,54f2950f710a1cace43db6666fccfd3eb4fd04ee5cfb233bde7f65d2c8a39cf7,dfd0dd82363f6c55a7e7cdbadcc444f9699a68d6db6e5057b3ec3e93fcffc1d1,codecontests,17608,train,395,7
396,696e31f172c603a93323c45855623ca9ff01e5e8b76ade4f71738b4d1c346ec9,c68f3cd12c45bd107fd473d211d8e257d1f1f7619500069930cac1673b1caa93,codecontests,7828,train,396,7
397,50263b0d4891867e24a7df622aec48b2053ba67174af20a7ff1ed4079cf496b3,1317dcd34b6371f742cd273636654eef03f0bab31885bed21282a1d46095c277,codeforces,16504,train,397,6
398,8af01968c0e76aac4e9f98e3af73ee873d5d030c645702337b6a0a88ea471011,5c8d86f458067c806b6714d12919c5a876fe4d5b8ccc37f595fe14a2f0521ea9,taco,18304,train,398,6
399,ca76f1e17880a6d12cc947c0c1007e690ed3a8b14d5bdd8972a104768cf2c29e,ba08b45a437e869806e91dccb0a4b25f6ff9dbcea7bf9ad813cb60c25b2bfc39,apps,21282,train,399,6
400,7b9fb307bc7294df48cc3fbecce1f24cd67df64adced01ecc95fced11f2605f3,154b4dc9746ca5c84142ffff50088d922b09dad741db4f9398e67de6db2ea143,codeforces,6710,train,400,7
401,0f4e956610389d0de00002e040198a8c9648097a5e8b5d29abaea89251fb1bb1,a5faacae53f3ef0d48953e99e14301e9bcef551ed7d49b78150e80af771d5a99,codeforces,17563,train,401,7
402,2c0fb6b7403161b815aea93540c9509c956608686f08ebbd8df426906e6a9c62,e8801ba4cf57d96a6fd5934db71e5e709441deb89af0d49e9aafd0ea8219edbb,codecontests,15070,train,402,6
403,13e3ce253a904aaf9cae91e3b0b869ccd2d11c4504f91635b1d930c5c9056c24,c9c144a4fe5604c799de79445e20138e02b405db83f784081e9d99b5042b5f33,taco,7864,train,403,7
404,1172fc51a2edae07793c7bbb618a1cd440012a79ffd7f3134640cab14bb128b6,77bd22a439465ed416c3712f3d1ea757108ec2e23e6f800b863d966f33c4794f,taco,13748,train,404,7
405,7ff3265233ab82d7ac828ff34eb928c3c974d4a5cd6eb63cef1ac139ab7312cc,04df4841cddbaf9f9ffb4dcb4bde0215304987992951eca913521f5ca927bfae,codecontests,12332,train,405,7
406,36826ff3218774592553415c33da404edced223eece15172632475031b8a6090,9cbe4790d7d01aba029b9966229f527503d8939caa5f3379bd9d2b44353624b3,taco,851,train,406,7
407,7c07ceaf3c1e2d27e47a7a00f1515aa4f6a8b35ea04b3720501001295ebb9a9d,56f7df03b0ac84d46a49fb1fce9813f534fd3114ce67aa9e139e5c952bf5f72e,codecontests,20399,train,407,7
408,9902d6a2bce01a09ffbaa93602c4f104aac5afa64132820301c08128fe3d0168,418eeaca732a39fe548adca02e9bf80343167e0a57e00847fb8f7850901505b8,codecontests,12990,train,408,7
409,0fecce1eefe108a8da34175a071ef636eb9a2fc50d91e2b43a7b15c53d031d9c,316039400364dde4de1df0bddd21b8738874a7e35ebdee31b0492465e5cbcc25,codeforces,7853,train,409,7
410,11039c8e03efefe5fc0b399fd93c81b28c21df040c4a03b85b80628ef0fce1c1,815b100574e981db178f15577d7e57d2298a4fd0004bca2d879197eaca47c22f,codecontests,5393,train,410,7
411,15f3ae188f9408a5d52ffc08bf28430825e210fda25864082e3710c1370e3fc3,a038ef5b86b9d89e671267dfbe4eb6ac07ff64019329cedde4f1800c5fd8e01e,taco,15849,train,411,7
412,88afc9f1f32410bc17b3b2d9a98e9ea66682cbf80592a16a98ddd420535ff3f7,06c5a5312bb97b4794e000be56a2df84e161a7bf348bf7889b8be76ffde21a80,taco,20153,train,412,7
413,d15a78ed98320ead3ebc394933d2ea535bd5c2ad99ee3ad3f90f102092d3880c,3ee55981ceaafa99f607c0070d766a74d2592f3fe6af32a98069108efcb09b96,apps,8096,train,413,7
414,556fe32b7aa08e0a4f9770e0af14ddebea12614ef4b09e25a7056aa3dbf30feb,cf8892967808c143e951becc6e0b9d93a2dedd62418e53d9607722dda8fd7cc7,apps,18843,train,414,6
415,03a23a0d0a1a2abd08d73fc87f0605e697a9bb145c5d68f847f8fc12e9f5ae25,c0e9ed606105cc008481e8a63f3137c72ca45e894dc735fed415ef2559119512,apps,22266,train,415,7
416,0283f6316db6e94fffeb6d0cca32179414c6004bb3d4f768d92128534f8face5,6e7ce2d95cad02b08be4a0e6ca96b445cfc784655d1ecc89141cb1f1d42f5088,taco,9886,train,416,7
417,41c8426a69f5a55836ebe538eae21fefd6ed2334920fd3f7c1d360e9fe3f2d85,5decdca25251d126986e7d56ab2962b0573c39d76e7dbc7106695ae578dc37ee,codecontests,7148,train,417,6
418,55fa3c50250125522f037b312b9efd5985f87c27b79cc1ab0ca6eccb8ece467d,f9394d6ef2db74e42bec9a41b9e3290fa966a3b744953ba86c0df837171bfbaa,codecontests,4177,train,418,6
419,5580183d85f655da56d2862b7847c119c5ad65bfb254821b59357af12a2f2188,d5419e5354254bcb057c68fd8ab317ac6166b2d5a7c8908b9ccf2cd2a5ba99e3,codeforces,18086,train,419,7
420,30585ebc29a9f6b6abb1aeea7b50d7e83afb95a4c7e5de3f4b82734f620f7af8,4bbf2b97cbcc970218950ddcece31d54c5aba9a0970823e980f45c15de7c8c53,taco,11896,train,420,7
421,cd5bcea1bb4b60385c85bd2a9ee582817b5046c0b7f8412edf36ab6298032cac,7cbe80c3f1b14157943601574b151c0df7007b292b228f0aa3659a1afa7455f2,codecontests,6163,train,421,7
422,e5e9b917c8b921e8a50e8c95b6d571e5c183713d0c41c7030224c03929232504,71eb182282c63ff5b1ac79bcef2c5dc20c8ef481823d5922aeb2c020780e6d06,codeforces,7006,train,422,6
423,5b3f9495019ac89c75d98b43b97d0840bb959e959967baeaaf44ed6b3ddbb790,14606d9b293151e3a6f45358cc72aa6b5f1c34300863cfd922a5c54615f26164,apps,8620,train,423,6
424,5a1f99621ac37fed785ff1d57c17471af0761a9ef34d5b8de0676f3379a873d4,1d337efb3aaabc85c385431999ed5a7afe56bbd3d0192932c20506fa15731d65,codecontests,9417,train,424,7
425,25a0b8898cc2995b44eeb67222b472c8915c56702a8e0d543ff13e5cbe09879d,394bffd2dada53dc618bbfa5e304acdb124ce91d5ba7390a4105dc9f257606ec,codecontests,10337,train,425,7
426,40e720ba5416b48b8ccd3208d435ef57998c98f467e377d85938e81f1c8c4d1d,078d8e6a248a81ce0c2a01fecae9c1e5836ad27265d9c8d84e6e5b59744167d6,codecontests,12663,train,426,7
427,4f0e8f51abb1bcca99dd1947a9f4c431d1cdcb9d47f0d945853a053b5fc7880a,d86006138b9e36d613ef56755def6c30140b001b05aff06bc72949cfdf334d1f,codecontests,2598,train,427,7
428,8b96933932acada87e3683762c5c4c2e218b5663664b0e76368902af1fca0a3c,9101300b86b99832fbf86523aab62af367e36dc641c8c7d271e38cafafd52d38,taco,3039,train,428,7
429,6f6835dd7e3da3a1aaef5ce210d93ac116bf702dae36c112482f9f9065a70bd3,0bdcf78ee1fe463f4fb11dab57e20d6afa64d1684ee77da4336373474f56035e,codecontests,1220,train,429,7
430,76a48b1eba3e0ae1c1237803913b7270480d59f150ac8fc75d15bb09c553fa58,999ca70a38fcc711e6ca6d7f7899ca6d843aed5da1832cd0d46e6bbe3e10bda8,codecontests,20305,train,430,7
431,3a4f3d569e72285f9ea39b992c22f11b4162f0bfddbe165f77de993e13c0e110,6cc65b99df8b8b02a10c2f8e7969507ced34e8cd22d574144e4d91760eb4c8bb,codecontests,17552,train,431,7
432,cda1dee797e5b66ec2ed4f5de35144d7aaf8347d221f29ae66673d1e7d097cb0,0bb0a74236d57addf79a1d5fdfd2a984c0581fe1e1c05b34209e9f01dae66519,taco,19658,train,432,6
433,d3796058927151d104d4242b08392cd30553fbc4c75301ba225d87d946330110,f25fcf34fad7f11d629d627e82c2217a015ed68921bf8328d3310b18aaff6df8,taco,20404,train,433,7
434,cf33040d3dee7413f24323ee04bbbef3965f5033c9e2932cf57c5e9715fe1fc4,7d4c3c289d0ab6c312f3b853ce383e08fe2e55358de9c80dd6f0e73a8bee9d2b,codecontests,2858,train,434,7
435,2c6571bca007923cd8a5b7d23a47191d483f0ae313753371132610e624c674a8,b93e7e08145dd89b66700af56017428917e68ff432a01dbac99656477a6891dd,codecontests,559,train,435,7
436,13cbb13af2d28ecbec7cecac7a57d22e400fdcdcab0063a85b4932a91e020b1e,f7cb696a528eff791e18f96e4487b7b4fd8e2c8b24c0233e9e79399df9027ec7,codecontests,4284,train,436,6
437,cc8b3cf657dd8aab5512645b49931db97005b8386bdcda0ac5968626c9fe3f2c,fa3e44d0a346985ebec821f151d8254c656576f61d217ab49f62e07f606716b1,codecontests,4926,train,437,6
438,3969072149ccb0188318197a191c1c24dcf64fcdee1890ccf0f7f7db335957ac,ccddd58c0ad7e3ad7a7a0b1d69982c54cff0f011516e23c2448a1b2506f2a8b5,codecontests,10447,train,438,6
439,d389d0028b20c2147edb287551ad59ab29981dda89b7e38f07c49cdbc7fec4e8,cb32f6ccc557a178637bc486fc4cf9578c49be29c6ea41bed06eb558e73d18e5,apps,2778,train,439,7
440,31fd1e95f64b1631e7fdbbafa93cfce7adea0f33954f37d6b9d343ecd5e2efca,ad8607b1d5adecf3eb81a984478c21ad89950103a4299d6d37210693e1246e09,codecontests,19826,train,440,7
441,44ef1182b8283efc55636dae22a958454482e76211fa30aabf623b31d1229bc9,a2f8c4d53ce097bd8c7312f6597a128c4eca4f3171f329fdc84bd0d280d6c468,codecontests,21157,train,441,6
442,57ba250b624a3644e659559dca7443a8f7fee06d899f8740310b8d10d0e340fe,78cd9b550cd9b30eb1f92e902f8899fe8529bf7602ed02b44c247834d12ba2cd,codeforces,17401,train,442,6
443,fb3ae7819859faca2cefc6736691411e3b02603319470abfd71873c5b0df91fe,dbac081a5e1e9a214328e61536113c89ea6c45879395b24e47015bbf93452314,codecontests,5961,train,443,6
444,80f1eb8461a6fb53b502b7ac87b86ea66f72f77fe1c3b4f1b6377c0797863c55,5cd94b5444a9ae0bcd4dbdec925e2fac82af8f8bed797ecf6df05f281043dae2,codeforces,14747,train,444,7
445,fdf95e0bf6f1d0d281c4fdf8dec05e606051eba755009c2f93725fcb0d9fa46e,95f28b5316f60078ceb19e76ebf346d0f106ed80b8ab663806bc9a7c59cc693a,codeforces,18683,train,445,7
446,94709c99239c88fcc722dd9e6537f9f97bd95ae2561c5f067c2f7f1c2037cbc1,01b380ff2760c67b88945c034f52c6cd5a25c2dabc57cb41f367f94e3678c9de,codecontests,22521,train,446,7
447,f5d242b44f83278452e56b66ea286df1c72bcef27e9808992ba6c503f3eab761,4cd540c2dc4b97d4a7eb765bbd9c0adb9ef90a4e2f8a5486b0fb759d9f49568f,codeforces,20613,train,447,6
448,81985709b8e5b82ea80ae7bf4ac7dc8de0edbce713fed991bd418ada03a60941,c1fffcd3df0a524ddd91e3641b9da2c14145b9bcaa057263f5a929755782f7c0,codeforces,19359,train,448,6
449,7875e19dea0c5d823500371a88b593313756430147a350eb9f7f8d7825db3d7d,dc5f4213921768ea4404130590c32fb3e3fbafa36fee61bcfd909529f383cadb,taco,9977,train,449,6
450,c56cd0cfef712a984d9bb96a9f6dddfce1f1f9ef0cb5d2ffb4c8be5e880c7b61,91005c14df8e3ee2f6d6e1cc67b0cacf63139136b3d7f91874f700afab6bfdcd,codecontests,3825,train,450,7
451,fabba894016f10f9d58c19eec1d762d4a8b7a3b1510b43a20167b95a463dfbd7,c750f0a2c5eea3429bcc138966bdce9c660ca283700a2aa55a84f88297111a6c,taco,21779,train,451,6
452,1258b44ef3d9d6546f7d181bc3e3b685c8665e2a507d547611d955defa7673ac,978b1ebc9f37b772672200c35687bcb9b811a88adf1430e142527bfb0fded14b,taco,3361,train,452,7
453,ddc6f36a06b80dec369ed46f1513cc5fa5dfde743dc9fae278138b186e529f35,ce312a7049ea06ed28d2f2926eba455b81c524da0dd35a94570adf7bf35dc651,codecontests,20710,train,453,6
454,b4a531bd0066f04d461c03fd20959985e7f7ead86cf160e692875f2bf89c08bf,e2dcb3ab545cb6a51edf05d8186277dee5a3f2964a6eff371f3a0d42e3f26e68,codecontests,20978,train,454,6
455,9152513e803a415052bfbd5835d759ba4861e780a796bb93b5da1bbfdaac4114,8f1f92af0b08c6db2757e4679ccde551f887966c04da847506c0b2edfcb2e887,codeforces,9957,train,455,6
456,330c81c03765d2620b1b461b48cb49593642343fbf520fcba233b4e57dbeb140,9336ca89c4be12649c2f00521333be4650ab51cf9939909ee08a88cc41757604,codecontests,19137,train,456,7
457,3d04a2e508b9a65181a6668b4d036ab25ff8ae570d88b3db8ea5131d7bab716f,9b744116476d39c49070b90a6be6af5db3cc9517100cd0e9f9dc4456b20b465f,codeforces,20182,train,457,7
458,f7a59f6abe8b001baa7419f9d474583ce6ecb38b7cc327a07babd9c889b5ee7c,e22d677d3dd54b16fda05bf9c4a6ba0a5b5582e0148ce9a43fdf941b8f7c83aa,codecontests,8593,train,458,6
459,6e5df71c59aa9a548df0e9e4a3edf4aff918451df7aee149ce2f765c277bef39,af3d337c9067a845ed7b0f2c8a21abd6a558f129ad6ce0a2a9fff0f2367a8112,codeforces,13384,train,459,7
460,160272e37a8a3aa7f58222a77efcc843f4486199f942d47817ec61146013e540,0da61b80f3db77fe06cde272f03ee8d786624f12d21b719b77cfb6e668f2960f,taco,19518,train,460,7
461,237a3cc34f9c2287e326de9a6c42e3c9959b32e42478e1d0f6adc6d19e4c0b0c,54374e8121f5b7fd1ddb9adf33c9ac03c2d0c56dbecb0dc78fbc37a454a4278c,codecontests,5631,train,461,7
462,ae1aa8ad05d1eb0ff98a24361ef547a79a2e3512625ded9447175524b13b2520,decb13674d796f47dd60618ba438bfc08f2917d74399e2d271f27e55165c019f,codeforces,10881,train,462,7
463,895cb0844864fb33f12ab3928ba9734677ce48b9041a414d5c8e0d703a4d1cb3,dafdc4d442cf8c5f2ffc80f92a6de67dbb30384e3648a4981300b7b4db2348f3,taco,14794,train,463,7
464,13989a5c1eed51d869d62ee89d1c16f757b24f9c9e140d62519e80d9fdb40977,7cdb84b2908fecf3589e41a4565d863d7f35b785d0141d4c4470572780d66540,codecontests,8431,train,464,7
465,2647471d287fb39414ce3643e452fa1c0d79d35e46a09fe53da1dd3586ad7d7c,427f880c4f4f7b23de04712fd9b2dd3a8e603e0cb53ebc2d702ef216204d57f5,taco,20206,train,465,7
466,476d28472a29ae7aac1783487f4345aec2359bf4ed67ec15ee2d1710017f02f6,cd0b4f1bcbf250e9a5a3551705bbef7b87662ff4e5e352d6e8ef17dc489352b6,codeforces,17018,train,466,7
467,7ada74a822f7528fa8e460261943d88bbca0da2d28ef6adf7cd6406816fa9b0a,708c44b78531590d7a47add4dffb1a9513c83c51b3455b0fcdc16f7b63e2a4d4,codecontests,13268,train,467,7
468,04dd43a5a22e4510291208931869b561121c982909fe4263e23d77bc73a58654,53db32f712c42b7eb8a06b8b97785c2a8e367885038e48a87323cef0f5b2e8df,codecontests,4365,train,468,6
469,5346d79e2860a396b70735d131065f05c65326807a199a8403701f37dac2d673,e247bb71700860657a6902a6b929e8bfdfbb9ea8e544a3f490fc890af7ede287,codecontests,20046,train,469,7
470,32170a18099295385ff46e1aa2d3f64ac10676a059de5e6115fe01ba3ba642c4,2ba8b5e3a892c4adc4a0e5433daab4ff652389bfb8696b16331f4152caf9d69a,codecontests,3600,train,470,6
471,600cce7ab6b8b057e0aeffbccd3af5a2d4b3b0d82dd24b495acaa24861d2abdb,e32d9609b334a795253aeaaaea21af1618d02dc91d3d833d32b99c190cae638f,codeforces,14532,train,471,7
472,2d681e11e6fc2bf17c4f4b7943455fc0b8b1351e3863de31d8732004b0026417,357d17699361677ba5856455a8f11b1dffb8891b3dd44d5cd104baf0c6165b2e,taco,13075,train,472,7
473,674f0775c20847116c31cbd36af06e442539d875933c1aa351cb363ad50579be,fe022b7006e2470f4681e273fdd2f059fb99ea1342f3f36736ff2223ee1a2a81,apps,20042,train,473,7
474,f8f470039d810b41696e1ad1746d6b198149ca83f92962c393882a7349ffd7da,45a7e44fb8b28397e82c1ba2b808e2300f9f73dfe997a9e4efafded57f68109a,codecontests,5428,train,474,7
475,35fc822b70bcbd28edac36dcb57fc5b8d667f93b5b040b2ed3b7ff0c17b2d414,e8d46c6929a301138518a25c18d36af9f7f8713aaa22c082c1c654d7c653b306,codeforces,2342,train,475,7
476,a0d5f799cdaa31914242e01457f876a1eb14aa1bc880506a69cc4eb17a82ac46,b141957744ff3c8b159eaa15219cf9edb11aef172ce912ad709125b8a9d52c26,codecontests,20443,train,476,7
477,429b1eb06a1f2d586ea673d0daddd24475cd06929c54efff6e26ac64ee0812e3,3ec91feb1a7df8fb1873029a4d93a3fe84de3a2838559d623e7da365ea3c7f70,codecontests,12448,train,477,6
478,f5014920556f9e1e2fc31e4f9531eae9cd6d4c9da09a15a252757e3df066fc6a,6622c7575e6a6fbee171fcbf6e56800048491bfa62232ae7b46a233f69e0c504,codeforces,6,train,478,7
479,17b8caffef43d1e5ade8a0e477e52887283f9fc91542cbadf3150eb3f6c7dcb7,a4b033cd1753b55334994f0a203d991d705a4557f60aa575fb20af6605e4350f,codecontests,1081,train,479,7
480,279908a20aad602268dc12077045a4554413dc11cd675bbaddcb7488151c6593,5305d7d4c9e0b7f7991b6abbab0af43d33e9f8c9e12ef5108708ef224cacd5a3,codecontests,21890,train,480,6
481,6be970ef97c1d8d687faf9ba291bca261009bd3de96a5e1cacf06c17c1732594,d49110edc577038aee09ad7176bb5243b16bf0436975c53ee648d7feb050f02e,codecontests,18871,train,481,6
482,0bdf1c540fddddd0e0a818d2f760de1c2b3609032a66b7e3ec2fa1e8d1012815,fb9e288255ce34cbae94fe684b8cc0934441b56f3ed5b50622107c147dbd89cf,codecontests,12046,train,482,6
483,9c6c6601033b980a38b52ce22fe43591c0c669192ac598a05cb1c6f2439c5629,5c94ec3f925d1a91820e7041588ed612ab5eda3d6f7cca63187fe4d6b15f61fc,codecontests,3930,train,483,7
484,7e0b84c3f7b234fd32cbc249d7a69aca354b6669c94690be6a17d25b9126f13a,b41bf485cba2c6b9f14cff3d14db172439fd60f0f042c12390b66759ae7d3794,codecontests,8166,train,484,7
485,f1bc8ce675092c0706d3a3de877a75b751743b03d58be65011a26143a84b6824,fc00fc286adaabc9266390d45d5909dea68c6c9d53af5354284c44bc8b54ea70,apps,13301,train,485,7
486,ded4ba16b393aca72b80d494743f94ad0a6e266ae5911e1806ad16e9d5961aed,4a46e324c650e622e7ef01dfebec7461fcfb278669218b2395c869d8f7c74cba,codecontests,8921,train,486,7
487,79ba845294d67d19cfa3a61452e4863d45f85d1f53acb0deb9dc099152349151,035b8cf85420059983309ade053af30bc6d46069492b8654748a026632e786b8,codecontests,19010,train,487,7
488,2dca4ae0c2fbd457a32d3b3670daf9d4388844740b5ea46c14e128c9bd6ca30c,bf3ccc4389414a8693b795afe0d428c0d41ed0931e7d553a92a6e2988ac884c6,codecontests,19381,train,488,6
489,a8a1fb497f3b26093497d3dee88ae3db01e6e9daa4fb86294910cc51830ef83b,dc3390ace9801593ae38f31cb09c663c8799b9e4607aaf5e143cbdca42230ff6,codecontests,6218,train,489,7
490,3647702a9b04a7c4f6df5293985b62dd0f0bfa92d786a665f961db7de15c850d,8cf924036e92ad21d50f4763e8f2d704257f5011c7e8662b723e459cbd72ccdb,codeforces,1869,train,490,7
491,8c99f378b2210033dcce9bde17876fd2b5715b72cd64e129919c58bd96a78afd,78745a570c366d6206efe1f7727a2adad3d71ca02ec03dd29dcbb1a3092858c2,codecontests,15587,train,491,6
492,fbc81dedbc3a841b722eb5c18edda5ffeb44df828fddf81f82bd72f6533b8622,000e1b8b63ba006eb3abfc47750cda5878cca9d4f63ab960eced6a90869ca5c1,codeforces,17812,train,492,7
493,b10484e6b1c3bb05786e959191bd419b0bffe310813781623a7399f7a32c5a2a,0d0b38270549009e5f4a3551f591209f29548d5e0931026dd0f4fcfe0ccc8c33,taco,14982,train,493,7
494,d6edefba86c35fd0dd97dce52dcf50795a40c3efbc24f4eb2767c56aaceccbd9,3fa63da9aaae350f573116ab298411a20922d97d2373d1e025208995dc2e59ca,taco,3481,train,494,7
495,43a1e0e2b21908874a95917922883bb5d53c569eabde276078bee76866c560c8,5b4d9c0f284da2914a90981c4724eaec18f63e247e103558362b329cacd0de4e,codecontests,11947,train,495,7
496,459a6ef16f07f87894642c55979190c546581f741a353fa04c4f98281d98d6cd,efa44ae657110035192b392f90e8566c771e391f510dc881107f7e71143378f5,taco,21331,train,496,6
497,df34f9e9943fcc646d73ca5d89238525d859ea766166a53f65b9a1ad2893381a,45b081576facbb83e676dbda08da53bbd0c6628011dee98f6a6aca0821833163,codeforces,13369,train,497,6
498,ccbf3ed39f69a87050b0acffcb65f0cc48fd09b6c1bd5c8dd6f546c834baf94b,69098d9939c253d12ee7df88cd690cd6f648fc5b5d3d0ee27ebb510390042360,taco,19125,train,498,7
499,e4d44b21291449c15e7a3db793342a29530d23b12a7df22293cf3a563bfa43b6,183e39cc43ccf7e024ac504f729439d5b0e93560fdba6063890c7e790adf5139,apps,4942,train,499,7
500,667e3bcf7138e4605c25e1a7d192f07bff5141d28ed212aaef8202068a09eacf,43decb494f8a6be87442b4e0458fa4ed32d9030b7df6c0b3f6303367dac473a3,taco,8445,train,500,7
501,de3e44cb8ecb2e3a082b17f588e6a5bd24eff8a9738971e036037a43672b2977,74cb7400e6154d7a0bc4b5783dde170c2400d233eba68b75081430972f683ddd,codeforces,17319,train,501,7
502,583bd3e9cce4afc0916f638fde80e1a11c00a0c0bd9c84a6cd581feb3478ea41,6fa01b5f8044349bb745436d7dc25e5fb7110814e014c288d0168662543685ae,taco,7997,train,502,7
503,2c4e4d54d927f4df54e16b44bde8e66b992c307290751add9feca404992f520f,a6b3a1d8f3dd30e6339a37364341fc3d9d43ccc2fb4ba4ce61f2e5784fec257f,taco,3708,train,503,7
504,9222bcbcfae649169db72a78c09d4ff2d941b4c9409696ca3c8feb6bb57191fd,cd7d1687a6b8b3e179b1cf0f132ec6ea7e0543c3424a4474db63033c8283066a,codecontests,22164,train,504,7
505,ea79dc33bac8a401eb8cafe9cc99c4c1318562a02e2406c17a16e0747fb898d8,36a74af53c45ef1be843e3ce72bfed2f8dde703f3574edd2fc4de446b24b3c9f,apps,5902,train,505,6
506,b9589b6eb9b603a28e8feb6394ce9060ebc8665829dbb71f99d24e65d645f352,8ea99bd842d404c018a61863d8dff3ebf4dd68c388af0222147bd8595cca263f,codecontests,1926,train,506,7
507,a8980d6706ce29417bfd50e0059f2a02f32d9e924e1ff54833e5c66aa9b3c79f,28046ff3a4d52c3577159201b22e1bdab8a3ba40082e004059c828c93c3065c7,codecontests,5418,train,507,6
508,58c77df159aa394afec8613fcceb1624cb213b43108b06e052bff7096541f177,5744436c578959ae672d659401600592f2b0965330eb18bdeb61995040f65e09,codecontests,20347,train,508,7
509,503f500c3fb359180dd0bcb653d2aafd8f33b929b551380f35f941529fe749d8,eb3136d4757b83673131249b57131564386e9631119dc6b8bc6db9c2238c66fa,apps,2245,train,509,7
510,d231a2cf75f9a2ee4e45ba47f439aaa195a1a12831c9f5cae92a2cb9f67108e6,7c5dc9e2f01f127119d1d69c88284669013ca689e4e16106c00cc504c38f7873,codecontests,5560,train,510,7
511,8b99427f1742433153852e4d4ac5b8f03f24cac69fa92b84753b752522cd9127,a0db79d80787f108bf3176d980dc056016deb50ce97983278e25579ae6ca1833,codecontests,4059,train,511,6
512,a6352a29820e9b127316f1081b93a40af579f43ef18d3be9ae4135b3e59c2f6b,dcd31e04eeab8c6a26803fa312e5d91b8a0cce43429b1f9059f72391cdef5418,codecontests,1633,train,512,6
513,6d282ae85f2384257d5497aca1cae07948f0867596c1e40084db664f4ae768c0,c8a7c8dc8c6995903f1ec52605647ebeab009c92eeeff823e009b7ba6201791e,codecontests,10512,train,513,6
514,3c253bf8811a5acd9b9a126280fc6cdb1d37af6b956cc90b0ef49e1549385f5b,62f5fcf57c519a2a9013b08879364e6b53d3d1fd2f82ab24ed478896ef13aafc,codecontests,7729,train,514,7
515,9273bbf0cdb109ff21fc64420b26f9f5d060b57cd1ae8ca49f6f33ff7f360609,b8743b6f5077137466145970fb4aefe2bb90bc9eaf685316427f70567e12a86f,taco,4790,train,515,6
516,c75f210b07582e6cfa3029ccb84cb3b7bb318351da1a02be7ed72a6fe59762c9,01c8afa9596725ff1e93ecf4ec2ef45231bdb435b9fdafa7e6e265eb8ab8a198,apps,13339,train,516,7
517,c535cba17b33cf144b5009537640a9ad3937bf8d8357ef722e999a2a3f0e58a7,f5d5db22af7351d867bf8b92ee682894e29553cc5f206b754c9c85b9c5a02a6d,apps,13694,train,517,7
518,968240e1596f0399ce58eac7bec2741941fc41f00914e4e44dbe0fb90be5fcb9,51bbde4e170119dd10c4c4b11a7ac8bfd52d15ab207bb1d1bf3d0f72360d085c,codeforces,18680,train,518,6
519,7d87e8d871e7ab5bb23655218d167737db64a9807f28fdaa9b22ce7a38b7c9f0,c6a2a7ff197c2d12c72735fc4fb7577f8c900cdb3afd1d19b58374029980d684,taco,2461,train,519,7
520,d4ef3e372786d35733ea215a6e5b36968b589607dfeff47f22fe7d031675fe1b,0a199e3fe5b44592aec4a877af75b304124a4cb8acba64b6a274ca60d4bd5a4c,taco,22104,train,520,7
521,4564560c2e0e3fc202bc4000e3d826fb8e4077b3499d44cc6b1e0bb55c7c13de,a877f2de38c24bcdfbdcb92976aa833706ab9feec3534563f7569f88f0e735de,codecontests,17894,train,521,6
522,669b424d955d0c179a6eb52a22c18ca36207f0f16f090cfb9431f984b2f80770,8106b1a4aea7f90b9fb978ecb31f58e75ad8a66926f86b3274fccad20ea0f2c5,taco,12440,train,522,7
523,28107f0586a7f828badd2db229d91aa9d1e8271517688c0807102f6b154bb00d,8366227eccd3c9976efca33aec73da1a37b83151b076172e537956f7ca6e9ef2,codeforces,16588,train,523,6
524,3332a1ee846d1e29a563ef5f9d23a27600c645879150fe914a6e51b88d7ec9d3,680c483bfbaf974122d68e2fa903b12892980c6e213465584b2f4827b8db995c,codecontests,22419,train,524,7
525,833ddc1f248d57a6b06a1f78de3819b3c45641af7687554767bd015f6a4a6f46,5d7d25116411600a7b2bfe5e8605fc3443a50f48393334a1289b971814f3caf1,taco,4269,train,525,7
526,cec6098c6db41dfab75302fc79577c349b70b28dfb5d0153d9214a3fb6a9ab83,0943aa2e36ffd91bbb0ac1b88b60fca47a91e33c6ce2c541f20e615d7fd8f1f4,taco,10293,train,526,6
527,98c34e2bad9262582529a95457a7cb5780a0fe2b68d973717063e0078d0da330,0f6ce37e1fb4cb14d7f925ed39b5e186fa18f720c34560eff1494f855ed284d1,apps,1430,train,527,7
528,9509e4abdc01aa9191eabd06260e7a2aecf469c392468cfe5176ccecf09ae783,a40d4bfe7d36b7af55dbd857328a687fffeceee97279f5f028dde6c44560bb1e,codecontests,11674,train,528,7
529,72a32cbd5f45c5e9aef2633d14016df796ef3411cdf34710c1d93406f06196d3,8a3cd55b0ddb71c956c2c20fb9a165a6adb2d9e99e8f7ef48fd229d5c4702ac9,apps,5358,train,529,7
530,48caa64651d55a3d7cbec15d26ace971be5fd899ef06a3119fb9d29eeeb6e627,77bf3335c71a24d0cde362f8852f98510c6507ef1c3b451811d5da033656bbb5,codeforces,20797,train,530,7
531,b6082a650abe15c3780a2b614ab6a1adebe63fb370c41e8a4a8118a86613d7bf,82eefe17fbab19e6c192f7acf84c2774221fa85b4ddbf46ab2050004bb4542e7,apps,10927,train,531,7
532,bb83a9ac3199a8d38992b65019bd6343d535f413125b303e7ea25b17457d3089,cc0ddd247f6d33082e5a2b535e69bc1c19a8f2128471082f9a5bdc65d6865f6c,taco,15748,train,532,7
533,1ef8927523b1d58734a2d0f73ef641fe91b7ad889e2f93a3a7ffed1bc437230f,bc8c516c7e78e8348854e87ab7e7dbd7ab0ea905600f3c9bf95c9f8302aa456c,codecontests,18144,train,533,7
534,7b96b3e68d098f71c97f952b09f089e2261e9b5622399e424d4b9fc658a6186d,b965b7b825b3b07bd5fc2f3a0bae024c8efc03f459475373f59637ff5332219f,codecontests,20711,train,534,7
535,7bbd90f0fbfc1e8313e745c70b2889251d0421f711b840a0211ac8c6217c5abe,55da2b1b11c8311ca044795251165c2465e110eac7cb02ee1eb6cf27b31a8568,codecontests,6651,train,535,6
536,3bdc22819c9c5b6e55475d3decacd57854ef6cebc62d6006ae23e8374e791594,a956710aee41597d9294666dae097cfc3c07b29ac2471e39730cfede4ee3a86d,codecontests,11413,train,536,6
537,85de418b6d33cd37653770a7af0b1412a7c7c5a179efa15901810037c7b138b5,2e2ee922a6778d8d21f8805272f9801b690b45a063950f03b5aa5aa675c255db,apps,1644,train,537,7
538,cec99cae9a6b29deffa58742af64b19aa1bf3aac9faf3d4ed8f575e06370a2d6,b16aa7e7d908ca2ef3a8807d029f8af01bd1935e618a1e7696729a431f69fcc2,codecontests,7338,train,538,6
539,a70a552c0d56894844220c4451a2deb9daabf304c49f9367d89c39461acee728,cbd117f695e62a75d25ee2ebad118f41adc6b97f2a52a474a43d68489e1c2efb,codecontests,21659,train,539,6
540,cff8592eb8a25a73195e9fdbd0da9475437672012526af10688d52516ff80d95,8478d0a7cffa259add61e8c2a94d5adf606bd1ba7e53c644020eb2fccd8c6338,codecontests,10825,train,540,6
541,d0c6d7e3de6b63c7ee20cf0f112904450848cc78a4aaab347fb34007c7d3b2e5,99ce82cbcd84addef98270b9568cadd1038b7e76e8029e74e4b143e54a999c8e,codecontests,11088,train,541,7
542,52ecc2d2c4b44bbd03eb5d717b71111aebff3c08005a6a0383d03d183b24e93e,39b5f15d530d95abea2cfc233f3d50834a740de4140dce4fc727c2ce55590fc8,codeforces,15554,train,542,6
543,cc467b4df052fd8503469a6dbcc954592cd85b5500a94aa246ebae60395a375e,e9c996c8f5d327bcde36f38a8c28f5f4576701fa54d34e7b74d18cc66ea9875d,codeforces,17650,train,543,7
544,d52f1fea7ddc825c70055cff50c853b93165e0e4b6810b873de49792dc6ebed3,99a825f6bd188dc791d06138ad6467bc792a2edcc512bb0ea1511ebb529e582e,taco,8515,train,544,7
545,7dc8605c9899bb705bbaed35c43e05ec5571a9ca0ece350e231987d635637c9a,45c3460f32a17050921460bcfa66457dde4ae599e54404b11452ef3ead38f71b,codecontests,12584,train,545,7
546,887ea3fe3e37968a7f0434ed698e7b7df9865326d143d2df09e26640627266ef,29542be2c359315a9b42f07490606689c4e26b8722f2bb190864cbda86865d3d,codecontests,13224,train,546,7
547,9eee6d72c45f4282137936a4c77b24cb099860686ba9a6998ea83460844cc97a,4be2adeafe3e2ac5f0dba5172d50600e397e0138c10aa3528649f5977ed842d6,taco,5813,train,547,6
548,fc5b30863c7f80ef32e6fd5541e3d1bc1d3dd7af30352275a4497fb7cec6fe60,d1273d0204bd38de8aba5b54faa7201523c37a7d5ef42f1592dc0dcc1f498677,taco,14735,train,548,6
549,359b87184d27fe0fa87a301ef2c1564ad5cb3b27b115ac7edc27c0286fdcba48,a23a8258c1108c926fa740df910af675c4310a84f8a50cf30526a6c42602fefe,codecontests,13576,train,549,7
550,525fd72dc21374a963b042a4b292d834dbe98884ff9b5329846929ce22035793,96baa281964ae68a394be7fd066d4b6b5189baae0c650adc2621a1f28b80f906,codecontests,19122,train,550,7
551,878ae14b41c6f861eaf11049a8ba3542f81d822658f5c25050328f92a67c5bb9,d4bbed429947494b7abe6c7028a02fb98c16aa2d3432328d0c9d4267bb467175,taco,13829,train,551,7
552,e52ea036516e66bf93c99cb6bcfd35af33f7d5d558a961c7198018bc021efef2,77a23fc078f5e0a246eb5fea7b8ce539685ee4a0d7369fc97a0045e058217633,codeforces,18374,train,552,7
553,a50403d378d4a0a7f1f960cf707a265f0728c6f97c0d4ea4d50173ac1721d20f,9981a376efda0197fdf932a968d71d7380dfcc2f3ab6f55ec6afa35752ff1212,codeforces,11330,train,553,7
554,45364363eed4d0b3b00bca2362e2394cb8a8fd72eadc285a34dcc54aa9216971,3a52474b4c72a8b0d50706b7775a46e329a499e63b0fd96df9d80f03302b16f1,taco,11205,train,554,7
555,69b97061aafba07713b37aa63367a942a6a57e353c2288260f4d5190681a4151,66bf03a9e972f9e8a0dbd9cd431779514967ff56ebe77f25debfa972adb59c9c,taco,4052,train,555,7
556,5a5dff6f93a6b6e434200e2a23bd894ff276d9dbf137b51e7680ffe073e7a8e5,c1465bced83e97d8c40f922c34c1ee0dc77c205ac1a96e7d04261771a9d0c53f,taco,14515,train,556,7
557,3cb034da74e9b08df21ebbb895b92421c903f1b2c9a32c11b238d9a485139490,714545be66d637b39d6ec4d0f62286d5c710440c65f08854535f538f68fe9eb7,codeforces,1002,train,557,7
558,e86a17e4a69dc04f4e5e74de9f2cc3e4f67edfbea5077fd7b9fa9971ce1dc1e7,40d94c01a0e10779ed9952dba556216f8b6761a0259db1b6944ef49ad515c5f7,codecontests,3659,train,558,7
559,0ec93f507c74f447921c43b8c0c8cefed3fcce7e36af58d230a164c84859e6c0,390b33d242be0a6e89fdf3419de4935fad028ead2f61277c1e1d52a5b583c7c4,taco,17245,train,559,7
560,17e7400d9bfa5e9b4044acba7d6d57c621b8f8f701f6dcd624ed167c30500419,cd0f29e0ad4879d3f0d104b92d22716efa926c5588be44021c092964cda43f94,codecontests,3560,train,560,6
561,9464b0ecac82466e2be97553e23e7b835dba1399dd7796e42ea55cc782198042,c0c324e228a4c4d27cae7af0a751baf9db904c2bddbf461b3eed8eb042626b3f,apps,22528,train,561,7
562,5e7b9587041e463c86548c3a08de9ee1db8fe4b7c5cced7640409284511ff694,cdeb7b143ef2cf610f12dad908895292319cad58ed03f5f7846e774d1419772c,taco,17636,train,562,7
563,dcbc4bb109ed71dd87b24cd9d108e7848e464af11ae57618496a1a042dae16b1,8e6306b29789fc32317b8807728b20f7255af6130809ec63cd8db184b36d7fcd,taco,6904,train,563,7
564,a435466f622e1408553f02190c0c8336bffa47532e8caea92374e239d1c73934,3fdb55ba083293aa8eddcfd763a57bf293a3c686d7ae7bf8d35c25a4e0cc980c,codecontests,18237,train,564,6
565,670a1c263f6a45509633e896b9941b7ba8d888e7e09a388910ce35aae96ce3a5,50f7806d81426a60d9b907c43cd26ed5f714d82baf48e614fe9f737b84e0027a,taco,14994,train,565,7
566,8767f89e96a11e26ce2256297b2fb9c9c517fd1bb47e38cce1b3824be4e82c8c,a5f4d6e33ad8c24edb35c9113b6f514652a468829241c110453e90563a0e156e,taco,7502,train,566,7
567,41cf218514b3f57f4be7e8025b3299b66b78d1d4296bb7f6eae22149deb74067,9e0e28b7e23981ecb4e82147c51458e765423eb4b11cf88b0b151cb2c02da3af,codecontests,562,train,567,7
568,463fbcff0b2445d7991bbe37f7e5677d050343f080a7de0d5b7a21d8e87223ec,c899c4a155f65583ef0a30b3fa421ca27b5649eafd3abc9ef33955c928272ba9,taco,15259,train,568,7
569,53260f8b55f2e220a6a167c80b9c89c5269c6ca8bd79b90036988fc4cfa932c4,05687908baf498fec3586664f0b23cd00d8ef175a9adb8b473068603b7f1c955,codecontests,9379,train,569,7
570,44838aaa7e591da4cef602eae43cb3891d27e91e7dd45b21b95a9919d3a81d99,80d33f5a21c9fc55d403473df837f9d5b61c00c162aee16b9cdf186449a81871,codecontests,9954,train,570,6
571,43e00839dcd600887ed4205da3649466597e1b15c4b5a3d3835239dc16beb88f,2b535076617910e14ef5487f014c20af983810751a6ab0729796ab20202ed5d0,codecontests,4425,train,571,7
572,9b6b5c19b8ac8901bc0c896d95a08a52059d9608c7511106715ca9c25d9329ee,c91f55ad6c6e41bcda3015096b731d4a824ced8bfe3a2124f0077befe9443215,taco,11488,train,572,7
573,3074a56a705821d993f345a1fd5e1c4c594f23fab6a613eba096da293d578ceb,b50da998a9106da92d6f9e7699eea82447945225972fe50dee5818d757bb69cb,taco,3982,train,573,7
574,f4f5b55c95854322edc8ddfbe79f0e1dcaed7c6d841e0699a614ae0d15d94047,28320352ef7ec8c887834bd23b11dd06ef63f393b5dfb897d788c3229cd6ec18,codecontests,12819,train,574,7
575,25320f49d50fe2c0550342b7c15caa2b7d30c87aee5c90420d0d2e0f378519e3,1bc45451f312998be59a5529361a5edffb29d143533ca746b582f86540df61f9,taco,12634,train,575,7
576,1d3c72f36c4e2b05498c71c3132172e7214eeadd1a0693225e03a79900a92fc9,afb84df7d39d9cca065f5a79717ea0a9e5e38379b9f7bc14a5dfab7bc4f6427d,taco,17825,train,576,6
577,3df906afe62041b7afbe1f971830118cfc2447a7f2dcea4d91819dde56569c47,52e40ab83d223aa9dbcfc0467961d79f4804cefcf227ec55cfe0ff943085a493,apps,9490,train,577,7
578,8b5cc989dfe064a09e1b7e9527c75c317cca3e7efc224c2a58fb69fa42f130a9,7ef88baea41fa3426f56a37128fc45dc522c4395e3573d5a489a5b60a327585e,codeforces,14101,train,578,7
579,30d653bb9849e313ab5c97cc2182e222a3d1f55fa054c62cf19101c55b2a25fe,904416fc879abb47589a9c2616695cda339315f35f850aaba90b68395f06483f,apps,13195,train,579,6
580,a122bf491ffdb9deb208edf02c902fb998eb164fc43c2cfa7de788bac6649b97,5e46d96e784165f15e8dd8cdb9caafbee5cf9f18f00c7cefcc4c54be0de27ccf,codeforces,17849,train,580,7
581,b1a0f4e7060d4af9a1d175dd33259bc2051c8eaa314eabae630f8e4f9aa3054b,7824b4647ab2d6d9d04d51dcc1bc27232a030d8257e146278235962dde89a23b,codecontests,218,train,581,7
582,a13ee81838cd584e8078b945bf6be67260adbaa6f7e420d88b5a24e940b58cbf,81d5118f1e5dd985989b94abbab3bb4a0af363b43e2b1d43b045b9c975fa5140,taco,8089,train,582,6
583,b7b52cc1826c57b6dd90f8bb743f50429723ff0f9a80ff532dd3de210fea3a33,dc1d85f0edb67c4ef83ae091fbd3ac62ea984c3f197dcc370aeda525463d9569,apps,19737,train,583,6
584,d745174428486da149f85877360651381060011563304e9ffaaa96870fae6f9b,51155c9c665bddb9effba0e61b0b619800046d21dac36e70cfe642a8439bb587,codecontests,13761,train,584,6
585,675f2089a8ed23dc551dd499f679cb49cecf7de1c47b6c9532ebc2b056f2b1a4,258529cabf244dec3b8a6620d7a3a6f3c62f174f62007954d81d1629fdfe2689,codecontests,15307,train,585,6
586,83199e9eecbd39d3ce75b80caf7b913323966ddba35736c259f8baf0bfd2b5a8,b36296a1691e48b0692ae8a45f7ebbc3df1211422355f887b2988402e0f30ed1,codecontests,18209,train,586,7
587,a69d2cbb13006df510fef8fecda1718862b21f139ea6c96fee4475d8f89748cc,152194ccf78abc4fbaa92b8453f2cb5caf792dbd4c611ffdb5c3ad32c8f7f68b,taco,7093,train,587,6
588,a8d71fc932945aeafe673b01f4be004d3606bf6773672522bcfbad3418624277,8cb1579e4867954bb3cf27b3238cd6401aba113c04eab8068f595de2d748c658,codeforces,7343,train,588,7
589,e12bd36f0d5d4de608aa9ea31a4998131590ed02aa72cb2fa6a99bef82835e2b,41d715ed9593d87bde7980e4bd3d7d453eaf9c344ca677889014ac9f0e4e2e7e,codecontests,3120,train,589,6
590,be506d1b66b14c5061e9925c7fea593966b24ff151bbdf3f112f12af73058361,ffab9277e201fdda75cb0e12cca514f8a4b7ba214a7e43e06c07be6459a2d925,taco,1670,train,590,6
591,d909648ad4a57ac2aa8308ec031d5e4566e600b949a25cb67117eba5bbd15696,a86b37b96b2bbce61b83a222270d82194b53977e23bb6cd27b755aa114917646,apps,8152,train,591,7
592,9c4393d1311e33ad96b00058e2a9170afef5a924c92bb67000c3db87d9779cfc,264d1c4dcf97987668da498583f2845742d5474a8606d6dc1768256da03090df,apps,18490,train,592,6
593,47a96b99b66933171a6d3af3b277a00cb08bfc5874ffbaf64b2d0968385895d8,3edc0cc3aa7ffbb8003809e83df442edc7cd71bd4ae5998f8c32b99a5ae52fa5,codecontests,10333,train,593,7
594,dd833c6923fe3d677fc9be8343cc75ece79e15132c3e811fcf4525e5dcaf1945,f1ad120da07bd99268f147daf65106af9a02e7e911913d9b6b557a64af9a2328,codeforces,7800,train,594,7
595,8ea577e16a75bfaf5064e248aa77c9b91696e061ef23da4c4f066fafa4698f45,5addfd8a89bc66dabcbcc5cc944115dc09f2a5e121bc831693b024449f38a4c7,codecontests,18016,train,595,7
596,77d765a72e68ad9ad62dbacb141664c9d7f3dfb1c8f8bc3513798c624a6e3349,5687a0ca2f30683b7eb0cd7e8196fc01e4677ab4e42d21a3ead0d75534792bbe,codecontests,14294,train,596,7
597,b305edda071ae9895522a31448a9a45d56971a4c24f6dc35e36b38502b7ff1b9,6b1e79785f3248d01a0474f9d61e061511791bd37dfb345fead0991bbee1e565,codecontests,3920,train,597,7
598,1794edc611ad04440ab236e7c0bcdd220e1b16d8a1764faf710bd94ed1bbfe26,89bbdd269728a3c745ad3d4195a8da062dfe60cfc41827b44e8de87c2d08d462,taco,22334,train,598,7
599,513c66082bdd3895d67faed66b18883d075c74f71c8edb066096064228d4627f,d75282847a0883eacdc27d352850d5a653c2afd74639c07404b5f9ba01b846cd,apps,21228,train,599,7
600,40fc3b87755f74fb6f00a1e1c2f2b887d0c0668eee345cb97f90edd25dd66ae0,1da270e00e9ea2b9c77571ed5b1c8c906eac12b93a57fadd4a303eb15dff4833,codecontests,3598,train,600,7
601,e2acc1db33583026f6873da9c125d57e35d99e59e024d29cbef1ff914703c8af,3ba5c666e45d006e598a756ba912036faa4dcea9f43008383d895f4aa12c1539,codecontests,21237,train,601,7
602,788a7db9d4413329a5336f2fc0d4a990bc15220325c365aaf5be6a0cf3644a16,14acc611c085184db2ea395a32af24b4d1e42af0421e278282481aa5b6d67bc1,taco,16325,train,602,7
603,e68c544c4c085866a5be007a8a8cccd468d9e8583d63e4abb5630bb916c0617f,c556eaa24e92a1d04615251538042f4fc527a0b0cd6934daf06e5492b99e1031,codecontests,22506,train,603,7
604,dbd9bc01ba3ba26039b6e8a3442cadd255735cb70b38a76c0cc27e5ac8efe30c,d9e5b0c3ae3fa2e7ee29ef2ef00890aa2c60392c147def017db463ddc33538ba,codeforces,210,train,604,6
605,6c0fa59d362bc3a78c540c049d7544ff5169b5bf729289a28e9aff8f502ae64b,f4c22fa962d469151120683b6b6f81081bdcc4b4c11ab37ee8e09f650d40451b,taco,1941,train,605,7
606,156c44d6538d690b95cf63057c66ce33adfd58f26d3fcf9eee7944655408bc88,8211ca2fa04a7ea2935d7f7205b79b5866804977560d366a56c901bb86e028fe,codecontests,5746,train,606,7
607,848332e738a97d35fa90eb080b877ae8ed5e98714bf498c01644a131d17a6d63,b903f2cc9220eaea57e6da17e78b7711bf525773c7cd6668611b0e5e2b561e20,codecontests,3929,train,607,7
608,1ac7df6949281df3ad196976f92da9388e67e16984c91a92d406f89b8e03ecf6,b2656c21ec7b161abe3b8059eb751745953572fd615b187b87c3db28dc3120b1,apps,20517,train,608,6
609,0a7a53e19994517c3811725856de0e03b59f269f2feb5204b027c065c4c4c99d,3761e3c977443c55faa6dfe42a3cf57cba074a213218cef3a803faf7375cf984,codecontests,17325,train,609,7
610,9cc50b824c0d10db9a8452a37ce22b89c9c155b45f51b7d480e39caba0156196,a8c24f7fbecb7b9c1a238be414ee16ddc50e4b8bc58f4f4e209f79a8b84ba585,apps,20283,train,610,6
611,584a6ca6adec91c9e2af8d7766e9c9e55a14bc457f67ebe0671e6c0db07eadbd,4aeab560f56eb70f00a8f3543b03bcf3f84401081dfcfe832b17ecbb8633c98d,codecontests,9596,train,611,7
612,e30a6341ab45d080d429f8cf1151f563dec90d7ec9d60dd5ab55104e7658ff52,d81550b2f32385520194ce24f15d9b726cf9c4926aeebba75939a53707ab84c2,codecontests,9691,train,612,6
613,67a9be335bc33f0ab778c1a690a56e1edd34894a65a7a65384d65de9fb4c41a2,099cbf9536c5cef63fad0737cff7e26a05058bbb61401d86e12a430bfcf03bbf,codecontests,20629,train,613,6
614,c37de546acc1b85d9487770d24a8acc64366f630f6c1a5780e4f78d9df63f75b,5aff1c4846b0cbff0a82076442ecf80041416bc6d59c639e0102327ad76b2850,codecontests,2093,train,614,7
615,4b16f684e3666a3aa32048e4cb34d2585fff4da7598d154c2868f7165753696e,7044ba5417520d937e1b7ab7ecd593c2af1f1a77fde8237915394de418aa942b,codecontests,5360,train,615,7
616,4760d0c5772eb598e522ca5b56f4083c00748abc99c36e7c6d1dd224ab95ea84,2e3333050d3fa2b4e4a374f6593b36f01c47c75190d5c01fb3f3d3d277721162,codecontests,8776,train,616,6
617,26fbfbd00dbcac3c615dd0ee59ba317fec020b1c7ae18b2c8ca56afdc6fe3abc,645a1d8c6773c8e78578063d68c18c2ae5d12182f5f6db29d0fc45cd0b8b589b,codecontests,13045,train,617,7
618,df82fa7cbe9d884e32a56e1a2ffee6924679e87a84e1f3650dc11a5705ca5dfe,c8e550652cbf11a2cbb1bbe35cc3596ad456e675206f2495ee101635e9e24893,taco,9909,train,618,6
619,06769b6430265d6829a83d91334276d663d00693362bd5b0e0d9973ea33b3e24,94e45c4025b7137d57df7e75a9bd674a0dbc44807c30057c862d8ee202891abc,taco,37,train,619,7
620,2c47741e2dafc18b555c3630faf8596045e918f574d8ef6ae1e2728ae98b7038,3befa922fa03c8c9c0877ee7f0557beba5e2c2cd480cdd438365dd115a064d55,codecontests,17082,train,620,6
621,9b0b84db344e1e9aaee84378d468e617d073e58c77285d9ae0ecc95e0d0f48d9,7dbb3b1f9057e17231d2af19dafe29bb7c7f3e343102bbf3b447fe7a7847ce65,codecontests,8730,train,621,7
622,54136fab9069a7464d942a4c056c880f8a2ecdf9011b11c44c0bfaa1e12491c0,2b67c320b73e8fa0cf7aeaf9c99be6fcdacb981e7fa161417f327be941f0f46c,codecontests,21044,train,622,6
623,c59a150ba7335195b7bf7933f01f6218d9f24f6718bf732a8978557f4493438d,51376654e2068a68b92dd607ae4dc59e46e668cf4c121ea1798f2056740f7084,apps,12113,train,623,7
624,715689ace297d1ff431d67d59aa9ed0b422b67668b8e71edace185838e46d00d,1cea61831a8798dfa88c92fa95be07cbfa164ca9ea35484353e382ff06c4f739,codecontests,16644,train,624,7
625,398419d0430d68cc3a3caff83fe200664bb673cce510fcccd7fde4be539339bb,94e0cd93bc516b2019ed886e11145a017d8c30c1cbef7e839e060abe173a5ab0,codecontests,3732,train,625,7
626,1afb56088e2627a1c0073ed412d06a101dc9bc0ff1f0dd447536686339367f08,024dc3e9a46246c6416d27fb8a47095912d2e7cbd062bd48fb0a9d3f79cb8481,taco,22017,train,626,7
627,47bfa9ba291d994991ed19334adf9365b5df80b67f658f8b1756009f02f9751a,4a2e911efb4433a4c260d3f0e66721533030a7a6b108b8933e02db9e14e36db7,codeforces,5972,train,627,7
628,9b2ad14b9277154d2ea94640acdaa74665afdf534934d5275c03bd130892d60a,07d7b3660ec91b66a1c3560bf9cbc6f6c3ff9ed1b086c3bbc122ebae485879f8,taco,19743,train,628,7
629,2a9eae61d91d1ceea16f0f43003a2ef7ab9f8d5a69ffa28f4270f76e4a785560,f90260f18094e214762a1e19630ccd1ff0ab117a8d6686b6b85cb89a05a34a7e,taco,14051,train,629,7
630,a46bb0ff80feb1216eda826b9e0cfd2631cf20ec87e641d6d42c480988fe6dcf,a4fd34c4c93e01ef9f2d15dcb153a8f10e84de5fc979123c540513a83a8c6947,apps,4110,train,630,7
631,c56c3924033f4bee53cd27ef0b28d9ac4da1bf59927c929f78c4f59536efdd0d,0b47a618d3691e34bda1c5a8c7ef83e8f15afb0e1c3c31656e32fa864dcaa9a0,codecontests,220,train,631,6
632,6a09bd815f17ada7a076aa0eb5d0fcb0a93fc59c0770d998e00535eea5c4baa9,02f8ad7146ced46cb9d75f3cea94381c9dec26c39057a9b55cce9d905b315ef6,codecontests,8084,train,632,6
633,6934dccc164daac13b583317e4ec0760fff1105f931c31d9a9e274c49fa35266,6e82d468b46308fd4ac4950245346374d4c009279b9911d2765b64f37951e25d,codecontests,2663,train,633,7
634,4e5044d4cb6d1e8eb1de36814cac294d94d75fe91b49746d4ab3b42f114a1823,c51a99b274d833c1d9c9d7bf5887da447ac30ac43e6711f6f456fd11a9317bcf,apps,20610,train,634,7
635,39caae258f3c46a2d23bd000b5b3429f82d607e7ab1c9c7ebaa4cbfa50a63f29,febcf179b1fecce237f106cf1526edb0bd27f5184f58614d0e89da922de83ccc,taco,16906,train,635,7
636,2b8f335114a0e08ac34f38da1f3239178903df349172f15f530bfef0e5c81203,0432df4886787c160aee18049823fc69da84ecd30b44a54c14f1bcfb8518e9c8,taco,20376,train,636,6
637,ef72739d958f2eaae22506ae75228ca47e4efc7925307b12239dab6b61f0e25a,d5beaee702f2def4c5efd134b5341ffa8bae7047e78057600943aa6515d3e8f3,codeforces,7755,train,637,6
638,cb1f5cf30744e5d107be038a0f9b7b57b28fd4e033509284e0cc0f120de069e2,bc66bb640e132bc9ba744768d91532e85209cb4cafbc1ff6255d3fbcb3843ab4,codecontests,20877,train,638,7
639,109f0124b4ec42f73dcb22806a28dbdf585e0b48a84052599b077b3630fe3a0b,25c735535deea5afd4caef36e7f1ea4a4b4c5e17297371b35d7d4c3fd12c3aed,codecontests,17810,train,639,7
640,4c973ceb09256363a27e0f1eaa465c150ab0f23794267449849bcb7d45a99f23,38bbb1755505c8f2f2f2e4555895847dc2242ea5e370ba8546cdf26857b72adc,apps,1496,train,640,7
641,b67719f425eaadef4ab4a27ba221d1e9220d2e094fedfa7d8a69d2cf87c45caf,b102bd69660d51d7d4d05c876493e3dacf5626e56fcaf84bda94e53e5e705464,taco,20786,train,641,7
642,9fcb4e2b47fb989a355f8490ade89383491d9e277d7b315a89e81b065d706a46,84ac3d7ad947e56cdd7c988d43bb385f81886bda6f03c655bd39ff251d0a2d39,codecontests,19088,train,642,6
643,ab8f878d6c4c59889286cd32c0797d5637d085de55c563938340f015d9c1fbcd,2d1607ba0acbeef90f1142aed918e1d2be9d34aea6fc13c0ebe06ac1d80d3cff,codecontests,14933,train,643,7
644,609a2ddafd899905e2ce9266533f485ff64d02fac6c8f6fbd073a4d8d6bb72f8,16afece4e19849e4434a2dc8871432289ba79d511f3d4a5c799c9074a09ef125,codecontests,11129,train,644,6
645,76dabf99c2e8deb89782504cc77ca9cade121085cddbed79395c57afc3c004f5,2d4b2f28ea0e7811f2c4135c043b82b52193f5f545bcef06b653085c2ef388a2,codecontests,15167,train,645,6
646,b46f1039023f1b3de796a1d8fa22fa18f52575bd3e78b1722b6a4dd89e71f796,1a0565d4afd823f776f8881daa82bf5a70f2d2d280b6e7d5ba58ef75a3ddb111,codecontests,19623,train,646,7
647,03eea7f505f89ecf684a961fe839920bd4bffaaea903a69a90d9646760f8bddf,a4aa8d765d7f4ffe7180d2beb26b05ec0dcde066507a92e2ae81bdabcf9dcb37,taco,4014,train,647,7
648,3f5129efe2fc1f60c3f6cd1fc08ae50e6b1bf867e22322bd1e9c3f35effd8df7,e1dfa44babe64098d670ddf3699d5789196f8f5157d928a162587b4acebc7d77,codecontests,15265,train,648,7
649,658ecf63f396204c4f25588abcca7151b616d3692e953619d619254a383fcd9c,4e98f7787adc9a6791aed175e535360e4469b89f6d7cfa1febfc55c3b5c4bf88,apps,12490,train,649,7
650,622df0b28eaa45441ebf1bff2850772fc64cecd5530e4215e0e2b8117292f5f7,53958441bd7b4fe82894c27137714354287c716baf44e1c559251d96b3c810ec,codecontests,10289,train,650,7
651,9132ec046830dc22a2715acc0d4d2a6d9825aef8f612db217276fec6e6631872,716593f8a603296c368a99792d62f60c784928a1725b6d3dd2a0948dee325e2d,apps,9687,train,651,7
652,2350ce2f232a2546ae1c7489f64ac33432950ebcc680885e71453c684c56a014,70f91f0b9c47068c69fb8bf649f1cf7fe5a7955205738f1dda13ad25ed383301,apps,13628,train,652,7
653,c40eac83645cb30b70bd07e7cf6593884da90f61b2650eebd698070de24d0c52,70960216eb51b9ed1e512524725a0347dfd4babdbb93f93b9a3ace002f61e3e5,taco,6817,train,653,7
654,87dc6bd65ec9f3459c4618ee7fd3ffb93ca3d840c93908cd6de83746bf722b2a,2ab59b0639f237a84aa9aaa5f0f3b5f7638d4c8e94bd5dd6d5e506dd9c461a2a,taco,21283,train,654,7
655,5954a235ab088158f752bc8437f097c5e6aff76d916ab5aacb3899c8746f2881,7785a39eb074f676bf15cedd73073182a10dc88bd0f6a3fa8455712f1a6d12f8,apps,14006,train,655,7
656,9418754744c7e582cb43cf0a2a33a54a06f049538678c22da3d3085ee3d74070,8991b94ad31326aad68effd98fd517026436e786bc8e831a48fabe8a9e09b417,codecontests,9252,train,656,7
657,0aea826dc2f0d337cac256c2091c04123e0890e7ba495d7a01643611f6c79688,3a67af710147017657a076e44d2cf481e18b24d945309b77b44c40dff91aff7a,taco,8849,train,657,7
658,fc8cf8debe954f062003478c42e1d06b8c73b29631b706e208ccc5ad1dbf5580,1f594382c787c1ad17045687d74a40e99c2b6c2c4461ec705280145bfaba0b70,taco,6513,train,658,6
659,c18f882c4304369661ad02383d0d1b2f5ade4a48aa2ef7c06db583cb906b121e,79301df543fa890649c2d042b3ff874c0ae9ecee6b8d172685a1e42ae3af9d1f,apps,19403,train,659,6
660,890ee65ac18157e1c2e7cd4b5a328785ed2832914e17560df28a385d2188eff9,fd58b61ecd24708aa577441e87db048da4f309ef3cab7019c60932c92c4cf154,taco,10775,train,660,7
661,bc3ba1ce69fcdc5eef53430f12776a8c4c71b1a3a98ecfb792d5c190b400b795,706577bede57aeb4750ab75a7facf240fb4d5425675c2e2a392b2f26e978febc,taco,2881,train,661,7
662,9356ee88bbc88404f6f3eda8e37022125a14169f94e89ed26620aeb7505ca015,48446a21e7befbf03427266521db9d0ec5611e03f6a8c78d83b31f98c5bdea7e,taco,10832,train,662,7
663,3af5ac83c3059d0a1391ea7af17ec37d5c824984c260f8ab7fb44a7d4fc4e1d7,59bc92350556538d16696d83f1ea54f0f4c2b221fc9110acf1508d0e145dbeca,codecontests,7537,train,663,6
664,accae57676776bfbea6d6cf1cb706a8c1f1e7cc8249773bc819e3114bb6b7828,5582d0181a479fab0c7e5ae84a3aeacd2f4046613a6a7ebd7279d6892db89ba7,taco,15254,train,664,7
665,e4c0825ce9bc31b3e09bb20322a94e9545090ce0a15f726bad36bc826ccc62b9,efc1475a80ee8cb992fdc6f17d6aceef1ced326e99f281b43c2872e1e34fa09b,codecontests,16598,train,665,6
666,eba891ff73a9fc7f6fbce0a35c7790da64e22f15d402b61541de2bfedb260ff2,42d59be1251df89db05db154bb290c84287690ccdda2291076b72942e2ace37e,apps,14526,train,666,7
667,50bfc929d98612a80cf82c5301b23e6742e64de9eb10d54e15a7127f4fd002e8,0bbbc84ffede426a5a99096d4091cc643401506150781a69c8e59ffbab167de7,taco,12709,train,667,7
668,0ef7c57f5697060d53149e1073eaff783b52d949ae32489675feda1a416f9368,4a8e220a797faa9a097fec61b7b07fb72aa5118fa99b4e0b856f5bb2cb200137,codecontests,10429,train,668,7
669,ecd823c1b5fb9d634e16179fc32710cf65354409cd92c2194343eb7cfdbab052,308b860793191584c3a425187c376b2d181cf4b1a8e4df631c288415c3bfeb87,taco,21292,train,669,6
670,7b88c6810fde612972b68034d2399f5da699c04fb5c32dbd58b11d023bc8eb3c,26fb683e37ccdc9d94c588f7deb62c4583e832f0d741498b7820d16315b01a21,codeforces,1996,train,670,7
671,bd3566c8c56c01227bdcf7e0b4757ef0dac1622369b085b6f25df95419c67f43,636940a045515a98b79ed8fccb90683b4441d8c58d2586412a2be1cb9e54bd6d,taco,16808,train,671,7
672,aa679ae1113cecc970173a411b429130cb48122ddd3a30e2691cfa028b82fbef,7113a94406cd02b8adb5a7704ba150ef0cbffbb14038d33ac68a5a5cc442bf0a,taco,14286,train,672,6
673,c733b6e869b4063f152bb34ee30b3f4695970c359790a82bc095b98d1e9f6745,f6f4ed7b154c687a57d34322d2361a54c4b3b1b523178b4a4af74e696e5e3bbe,apps,22589,train,673,7
674,e679f460d31153de4901839d87afb92890217eda5ccde44ae506c83f2252e57e,f6c506663c26d74f529d52c5f023174b44d12c79c5cdcbb4443844e216f55501,codecontests,16440,train,674,7
675,4834dd57a787210030cd1ce59123164bb7def27df495b2bbe4cbdfb975bfa1df,03c5aff9573c655ae073eb30f5988e08f43dbcb2f6d6dfc1528934e26431a16b,codecontests,16166,train,675,6
676,9552caabd2e639efa154e17aeac2052c0733468fefbe2eb99383c026ada3beed,a741688a31bcb30219e820e624593270280ed35e2e5477aef45cda6af45743b0,codecontests,11992,train,676,6
677,e4907b1c4280e8014804fe158e8d25cca92f1082c85ebabe162de6916f105e6b,8d62bf4f3da637802f48ec2fb6c56f1e9478386d82540ab65b6836de06aae1cc,codecontests,482,train,677,7
678,bdce3e63984784067f4c2b3e34a0b40efbe57ebd3b867c16aeb5f02634b33e7f,bb2dc75d9c37c522008c5cbe7c96d2c71f24dc7e53b9dab8bcd9d370bdb670ff,taco,22593,train,678,6
679,8e0bc18764b3fca65f2ca40aebab7682dca8bf75e535b7ef991c07a5896be22a,2bf9c4405cf7a37d2cda8a9e1e15628878ec7ec6b8cb59c2569222a03f57442b,taco,10085,train,679,7
680,616269cf0912efd90817a7eb0f1f9eb1a8a30b1fb74eedcff9c27c53f1ae8a62,0d56d9cf496365c4f8f981faa1cc76288cc332f95fd84199aeb67668a6da14d9,taco,9854,train,680,7
681,62e09837f8db3468700f3669e5331677c196a956c59b9ea7a0a79b9c5fb91ba0,2c38b3156fdcd0f58db3e593f51a239f182510883c6879a7757f861a4e272e50,codecontests,9668,train,681,7
682,d1698360c703eb92464a83ace8052e9f0f7f39cf7933f9d6ded3d125b87730a9,baef34444dd448ccffe303964d13291d0d16b3f26ceab65f6d457cc62a9a4375,codeforces,6343,train,682,6
683,b8f0211f9c1c3d0fc7dd5aa295a7a519e221e87347756602f97f5d0806d7b4e1,34b9ca70f0d9145143071db632b1e62525276756114fe2c087f72b708d1ae52b,apps,3110,train,683,7
684,976a404c9c4d23e26e4cf5eba2a811a4be95e5d724059594e6ea46e110b6aa02,ba29e98b030679ed1d436c0b8f79095371f27542da684b744bc6b46c78502664,codecontests,13658,train,684,7
685,bb5aa1731e4773aea617e6a9416c75f1f8cfa5c75b771dd91aaa832856fe181d,f097aa3e7d7c66c2c36549abb0f57a3af946ead1b3078eddaa7a7ee924f285c2,codeforces,14977,train,685,7
686,e57477d4a7e8279993af60782347980946c43f57395151d2afb2a448a4b69edb,9f08f7cae847f8c16c76fe21628b8607c4c5bdc9194d2a567b5ba98dda2e7c54,apps,3544,train,686,7
687,f21f14b344ef40b196f087db578825bef5f85d8724e31fc3f0ed3772b10145d4,ceb70f3d210294289d202637106c51c1e948affdbc462691be547de9900cde57,taco,21984,train,687,7
688,24c95d83469b75cd4906f98c6197bf794273eb5d6fc8177c3ce0ccb2355c3fbe,d963f4a80d9fa062ab61c7bd1a82815b6b14a90c05fab019e77c329a2e7e69a3,codeforces,17766,train,688,7
689,ec3467cd9254b79e060925c8c83f2aad9bc2070d845fb4f217a7d6529b530171,03b15803e459efc4b54360ccaa35b14523da81eb22d166a598de16e36ba9b0ce,codecontests,4620,train,689,7
690,92768069ffed85fd8ee99d13b359dd717a921fd56841ef6e98cc9777bb667f25,749cd9e69dcc472ed2ce1eb8fb4026cb2a4b2f824d06f6a932822c36796d33c1,codeforces,4689,train,690,7
691,7fd23fb18923ad8639827a16fc94e39d853f208734b99ae93f85f73f070a0c6d,4a0dd4416a57c71196ec5acdd22e5a8233cafe079f7b6f57c3f9122786c3e892,codecontests,18659,train,691,6
692,d64cf854e6d88d257b098ac2422f634a2b7c663cb602929704cd24325ec4a00a,e9fffd307d80993b11bb6778636670f5434a51f1767272457cd2c0eb3cd2f2af,apps,16285,train,692,7
693,28e50268d2e16bcf0d9be9ddfb1cd7d2e13cdd38acc2e2834874dce551df37aa,6319ba738916f75b67ac70fa5f4b3d953b56090ae51e06b61d1a94dea6326f4f,codecontests,13935,train,693,7
694,8b011722d9b3c74c05a24f14f2d4126454c3221ee6e5af575562a4e42fd5f008,fb5d142b4fc0a1e7f58a2f8778567badff861fd74eb156b9d7d56171c8d85c17,codecontests,8784,train,694,7
695,026165aa26ae0fb2fe31e32363d899b9a33fc621530f5891841a8c4e15b47074,4cbcde5fb9bcf2c58c328a72ef22e18f045bc3ecc172f0c74b10d050f175d00a,codecontests,18370,train,695,7
696,57693f013d02bfae95a82c1a7771ccd5130ae00e142b31a6f1f625548576b1f2,8b8f7327b212f15c332a93b7cc24ef42f9cdf2c5035eb07b7f98521a897b8de7,codecontests,14062,train,696,7
697,d1691e1edbe64b39376ebf574c2504aeca5a1222feae83171284b64898f8ddea,dc315fd565ce333321b6402513dca5a7471c3d480c348fdd3b4f3557fd17984a,taco,5207,train,697,6
698,c4089024dfd97bdf54f6a70a07e1791b11e53c89850b6b87671786ffe43c5fbe,54ff9d4547905bb5f7ab15071b75850c455b8b87d0659c6af8175de4d52941c7,apps,12442,train,698,7
699,35b973e71095f2707b0483242f09fda43268dd4def8e73cd9e88d65495573b43,73a286858a11a167329ac1c28847406bbe819dd802d60a0bd14e4481b4ebaf9a,apps,10330,train,699,7
700,a105cced1734ed45c24a0e559974777d40b2e7687a0e9f09cfeba7da55c2f0de,3f7e886a2ce7a3e658126d9a1c9a2dfb145b19f63ae40691c0fce7fea262c3f3,taco,1624,train,700,7
701,642ba4826ea683774afde8dd6f22add46810f62451fb5251981cc2a1e5b0b559,f96181f325f1b7b10ecf10b6b626aaff05b79d839ede0748ff23cfc3e7e6dadc,codecontests,11910,train,701,6
702,6817a3215916148b74a3d126df67455f236459468335d4cfcc92ee11860b214b,d343449468febd375ff44e1064db9cdcdcaac34a2345e576c0092cefd85d12fd,codecontests,18366,train,702,7
703,78da6f773b3b95064e5e8bc6b42201c7d9e97d913505bfe8de43178ee90dcd68,cd9b1887e304cb2d627f7212a21220536469abdce101f1a79f2da23f1a771c03,taco,8189,train,703,7
704,62a934520d1bc122688d779613ad4deaaf9fac4807b708b790afacb3dd60035e,50fe8ea01654c24ce35f3a4fa0719d34a00ccc49d99a6a4cafa0b19f010a0973,codecontests,10195,train,704,7
705,2bd9260685f8462dd1bb5fb3089333d7d20f5f22f1958dad4580ff63d1d80ab0,6ad50e05d269ad5ed66a091ac7520faaa7690ab98f7a36c64ba67114acd0c059,apps,17168,train,705,7
706,37a2fcde57b0da15ac11067b56a54816030a1939971937f32bb688c31e5073aa,245f90f60a0971122c3a45e63ba579b194ba64b0607f2363895b9c5089f5b968,taco,17068,train,706,7
707,6ff5d23f02778478f897b54e75fe5f45b1dc64b9ef29e930e6fbeb8688f48c4c,4018cc8024f1e7930096da71ddda0d40676bf9c0d7cb8522eb4ef55ebade4185,codecontests,6089,train,707,7
708,abcc3d47620ae70452e156f1e3f6fc8a8a85f9a0497ec43df796104899c8185b,b3cffe9979e8cbabfd64f5c8250cd72b7775184b4f2106ebb1f7c60c779153bd,codeforces,5122,train,708,6
709,f50d398b3a9f439ef55875339678595b1246ea9d6fa15667bbf5d159ac278b9d,1bde1a377532578b94ae5d955ad23c956a2c46758344d641ccd4d3106c9706d7,taco,20337,train,709,6
710,7ebd83979bf0bf354aed17ed5cc3868c1aeeb70299a84627a492f8d45562cc82,e5e14320d5229929afa03ff61c238be4d0e3de482c17b247e92de8562939d314,codeforces,10646,train,710,7
711,5e5afce3d0705ad574db27b8817ef55909a669633d81ad8a10b44a4623fca628,7b087c46a3eaccdb126d5ab3a0d713025480be04dbd5ce5bf83abf25f218d3da,taco,794,train,711,7
712,95b2a6c818f1dd997513131883d38681a12b837501754bfa31c3d994ef6870af,ce9a2c030d2cf3005d582aeffa8993f52463653f7dc07185add51c11ca554d38,codeforces,20736,train,712,7
713,7378f23abff894134bfd4e1dc903c0063b641509cdbe401552527ac8312666ec,e5db8fa1c4f792c8a644cf7e6f52bc5ebe6cb456a2d10cf52139eb20b99c3b65,codecontests,16217,train,713,7
714,03122883f1bfc4fb3474b6c459c0860a0d6eef21fc46e3251a40a5b9d7a122d0,6e632cf61a1d0b1400528f5f847183e8fd47e91820bf687fcca8aa2a89d83314,codeforces,8918,train,714,7
715,684ebd889dd119cee0cd84d5d05768b1afb23d14126d8f91682b84279c23b502,4a4c055ee243805f181848455a31c8f970c27fd4a953814e4b56a935b7728ac8,codecontests,21183,train,715,7
716,1c2a5fab27ebe71c9a465207e014e618eb7e910673d5aa28867fa84f8f0d4ab8,fd680e6af32a0be30e5fc9f39e73395a44d4d0c94900df79384deb675ebc1671,codecontests,20364,train,716,6
717,c233c37719ac23f8832aa87793537bc2647b75b8877dde088fb68539135a0877,89d47e09f04651ae0f6d6a2580133e14a8a6b3fddff9071603f9eeff78e0f299,codecontests,9537,train,717,7
718,15f1253be2b8f70fa7db5ecb20ecf9fc8843f7ba975ebda188621d123fc3ef81,bb76f590ff7afc9ca776528ef18e1499a6421e8a8e5471975f37340b232b438f,taco,11608,train,718,7
719,3a8ed0eb2012edad8f76978159a72eae7761f56a9373add61e6919fe45dfd856,b8bd34af7783c9d90e4fb2ff6252434ffc179c06163cd6e229bc214e7f3ba6e4,codecontests,1347,train,719,7
720,b8bb5903b3d03ffb54a033e5b23c858487a55373c168ccd4f30353eeaac5291a,c5215f751a048144acfae84892b9dca098da88ecf30df8e5952d95bbe3a291ea,codecontests,1256,train,720,7
721,5ccf00df681734b7a96d41722b8079df560322ea3912b4ecdf7207e541a63b62,d00d07803169658dafb72af2c337dc44acbb84515a4c666bf740926739c396c0,taco,17564,train,721,6
722,ce2c38e1c1710880e99fab5e02546529db0f7f0f8c5c12a16e9f0deb4617b707,72513010d2af79f51e380a5e2689f332d3b176c18cf1a986f5b2145a0f401e78,codecontests,20520,train,722,7
723,0b200ff96dabe6146348801b57a4edb52f4b343b27230b940be942067cc375ba,c3f11e45230e9c046bac8b9a21976cb808d6a0a9c61656012a1ce2bc7a1dc148,codeforces,18781,train,723,7
724,d3ab64da5379bfcc0f5df89a18c0082a1847f946c1d9336057983c8d46021048,06e769d0c7e2fbb5081460a0f4235d5929f844ae3f0d5d9ff77b7c663806928c,codecontests,15969,train,724,7
725,d76a97c6a2a03e07f9fa617ca7813b11ae60e358707e67803d908888471a5b11,255203a8eadf3e95fa8c64c160edbc5a35988776a81c2ebddddcfa567799e798,taco,5311,train,725,7
726,4b305117ccf264fdccb112c7b59dcba6cb23cc3e826952a587b6d51f3ad5f02d,a246295d371d0bbebc7325617bfdbc2bc0cc0654d6a94b8641bcf2ba53384ae4,codeforces,17076,train,726,7
727,a0cc4929b7cf1b0ab28d2c741ac6dc95a99bb469119cf72e05a60f2424c66126,b11b5ea6fcc36f9977a4978641253b1920dd8650bace983227b1dfaddf447a85,apps,19500,train,727,7
728,b3e548987402c79090b4945f75dd524209aa5fe22bcceba9c9d409ddd3fd7fe6,2bc1ac320c60875fe1003c8f799beb544cd44f8b29585a7b2022f6c4c57a1169,taco,10233,train,728,7
729,14cfb3b50a9d982db3cd16727e1d5d5d8570a4cba2d892477c16911bca533904,db8094dbdbd6fdcd6a4419145755e850bf1484060cfed591ee5877da14ae1841,codecontests,17792,train,729,7
730,10a54758bf03eb1c3dfe5bc659e293537938c7af9a104e248ec9424b080fba4b,b6b8afa05d6c22d1796c5fd734f6470387af7bbbf7fd87d8e0c5c668bea37b62,apps,12839,train,730,7
731,e8e3dfbece2dc05e66fce8b27d9fa49038396cd37a76d654e80308128f5c9cb6,862b28669138a742159e04ae9164657f5cdd22aa668bc2f56f701da7b3371e44,apps,15232,train,731,7
732,25aef82e663ff54b985ec7f9aa173a8f4bd81b406be914015b66df52ee8adfc5,f6ff5ef3487d184ca24329dbdf703cc14e717770b93c11c0316ca18ff8fb2094,codecontests,14346,train,732,6
733,e2d64b5b31ac3d14ab9ecba5fcd6e68e49c6b243598ecc064c502869511cf7ab,a5993425443e2c1f5557432ec3e9aceb3a748852905e5c8b8e50be7ebd12ae12,codecontests,5576,train,733,6
734,d5f8dca7c498494fb2a9c29b5d17b3cb75dd87290079682923cc784101642a92,684cb3e84b5e17e0aab561116552e3f5a869a4df5aaef418d01c2a89b32b0676,apps,6944,train,734,7
735,52252faca5739a1bfb8f974cdaf3e91c452b2475f3dbd6a119fb014de6fe1d7f,cd6309dd3340ff28f8d30bd98392558ef5b99e57383147f05bbc79d271464599,apps,19327,train,735,7
736,085bb24f0cb355149ef501fa657858e0674b6026f40daa5da740e1c3d6e6bd75,1d1939861fe34c04a89102d91ce436a9c05b918ac47928a6fe576ffd43a449dc,apps,785,train,736,7
737,b4a37ee685abaa3b46703f6d223711d2bae8d96dd9d4017a3deca407a0a34053,c701141369d65f60523f7fbd0ed22d45121d0728e1e9e37ed0dc4e237125cb02,taco,7943,train,737,7
738,6e92489abda4097eb421947b91284231447768e0a59ffacde12452c4d6c9c4f3,f5e941987e33e90ed3e2224b8aa0474b87b0c8aefc08e2954626beb69418b80c,apps,7071,train,738,7
739,195608ad5c26e3dc12e473b8ec27f6fa342c8c51d1ba8f1d7fc1f350763bc927,eda0f58eaaa8598868711f79d0debc11a56ae1dfedbae6c85e2fb7668fce4fd4,taco,21119,train,739,7
740,62251383b45ed4faff28156c4ee8b1339ddbfb5369d57cbcec0ac76c2e6a82cb,8e2cfbc8501f909903b2f16146ebe07cc0b2dec19fa253fc46ee72d51dcaeb5c,taco,16967,train,740,7
741,d0b2beb69d6a14b4423970be54ab7a9f2c35c08a92151678721772f438c3370c,e62eaf44af01f37b5677fc6a417727f0587e51b07c95ead682d2f13e0ce90c81,codecontests,15552,train,741,7
742,3330dafe31c9b25e9a4700577b2d87ee55f942bd5c716fcbdb7ef9bab2c2898f,379324d3c4940b49d9fe2fca0e5b565e69525182906ea06f759592f7fab792e8,codecontests,19461,train,742,7
743,c98027f42a4677b38196e543874ea2a43cb1c1cdaed01d6de8eda3e97b617040,0ff30f6e3153c3ba3bcc5ddcf89ef1536cad4028b12714313b5761aaec79b3f5,codecontests,1750,train,743,7
744,a08319f1da2b4eb3e8fcadbd87fb3dd648931e8448ae6168048f20679d402fab,abe777a21fe83df4d7b99a77c89f64e7c785da734d0d82e31bc7ab14056a86cf,codecontests,5468,train,744,7
745,4fa210d329ac3bcc89442bd0eaac29085826a115ddc2cc6812e68950e9c9cfb6,83421227963b8fd4aff3be4efa25ab186ea6304859e850958dc981dcee2e7e7b,codecontests,22196,train,745,6
746,81fde6a8c6af633b7c232eba921ede4be34806c952e9760e156ff8b9a28fba2c,ce7cefd382360008e31403ef2c54cace96923093fcc9b1df37ffe3ac678c9d8d,taco,11927,train,746,7
747,f96375307cd30e8cd13b7d89db2e4294d7149ab1a98341e48cb63447f588fcc2,7c4dca187821cd9f2ad06e450b3a12d6a0f5dcc98974a3e1fd7f0766d2804c42,codecontests,2729,train,747,7
748,1caa63b01c5975c3ead47e864544c1165668a3aa4b9096dd7ee6ba9da608cf19,f24915e7f65090228ea3f023481137d6ea7c58d51ef3f15eaa2c990caf302028,codecontests,9623,train,748,7
749,924ea60b5084435aab9b542dfa6fa074fef15f0dae3adcb4e7617ca18014afb4,a5c371b63d80cbcc4d4db7cc89f632bebec7ac1ad8007378145b0b16641a6e5c,codecontests,21509,train,749,7
750,c43434d769962594e9c7e166250860b99eb62035d450f84b242d41b1df40ef70,3d5916437c88038da2ba5b3794399b2b1afdf87463cca71b84dac6b51b4a341b,codecontests,4230,train,750,7
751,043fdcc9d7b4d74b759d17d25c4139596389e04f711a6e52c62a35992694292f,2c097b4001acdfdce1b933b6eccda8e6376ad190bf6a90f270afa003d8301b4d,codecontests,13766,train,751,6
752,f9169febec58f1d52ecdf9165ba85e77568e44abdd86df21b19d53c75b81a927,d1206675957658be3e9cc90d229cc39fe9ffbe1c87f6fe384ce4cc0562831f81,taco,4287,train,752,7
753,213101523aa2e99ff54204527605a3b6da7a52abab58f0d34d86a86841518a06,d9b5d4e6bfa20673c53247cb91b7314507ce969a06e6c95bf24d366f8697915c,codecontests,4924,train,753,7
754,738357e2a97fbd3e8d53a96c5074bf6712c8722440eb12c8376de6db9bb95ec3,2f3f37b487d04828f2cb8d01d3ceb0418b173a3f056048f27ff6cd03f95a71f9,codeforces,6476,train,754,7
755,7c6bb4693521ac4c20c9a68ac305f5fa056eddf755dc39e40bc5e91369641c4e,c44d5a05ebe7293dadf5d822200ed489e120fb6b75dce53681ab8e3db6da4540,codecontests,20794,train,755,7
756,1f658bc77db37b630245ad9285dc5881106c646a02f56d8f71a1b75b48593a17,c4215232d58159495a7fae945ca557d9a45f6f8410233e7985084b20bbd36cd5,taco,1976,train,756,6
757,c9d83e2ffa220aa21bc6564b1f81a6dd5ca58b125602e3e3911f5ad6ec23ad93,dc85905d8fcbbd13c3acaf249e15986ea25a6cd0d4468ef7585fc3eea6fc4343,codecontests,12241,train,757,7
758,300bdf651d0f64ad83fbf81624255fa9fee781fa705fc3092ecdd669caf6746e,26fc046e26fc48806019be1a5594952de96a63fb7c35cda5066a8d56a251cd32,codecontests,11914,train,758,7
759,6c4ad4a6d94420f2e1a8dcee476279b761e28343b07f47ae52bb1d46f089f635,dbd8b54d4d2aa16bad5c42da34fadcb3d425825e1cde0fb0088078eba6b4f8c4,taco,21919,train,759,6
760,2cc988aff2f1aaed4c59f4f1ae415b8deb0aa670e5e4ead2b7445b6a36e89f81,7ed86cfb8e3d453eeea1672d5fa24e1599e58ae6495d64c5006dc6aaf98cef34,apps,3856,train,760,7
761,97a9e8759c51a5863cbfceac3e7c23e4bb15c04559345b1a7e38e2f98b8ed71e,beb1d258eac01e82c2973d9bc2be16f19db75f96662cd4230de0eb2447f8ef0f,codecontests,6924,train,761,7
762,5edb54bbda11f724365ea8250a461386381acd1eee3919d50c21122516bfcfdd,18ea5ea58e5c95c9c2f3464e1d4411a0d2debcf20cf51357c171481c32311fc0,taco,6377,train,762,7
763,cc993587e60b4a5fab3f7c5dc094267b4f14050b49e5aa4261340c7753861208,764da549ed94a66bf65018fcb547edaa4179174b313abf49406fd0d5d0638437,taco,7776,train,763,6
764,bf082dc8f4507c5be7b1bdc323978cf5a173eabe12e6ac8af53cd59cd1cbddbc,f500d6fcc8a3f98494a643463e57f5a0d50777eecfd50187cbddd3e590723e76,apps,6450,train,764,6
765,1e16c878efe41c02f1d401c7d81543ef2dd2b7c1d0068ab0437dbcd8bdb88cb2,4ccdac1b8c4093d7e805de3833573d840fa43d95a95a9b2958f6c13627a3fe89,codeforces,10430,train,765,7
766,aafe695879cbe8fb06df1f16e363fddc31ba1c2e46b3c1eb56d047fd48bdc5eb,0a7a6175c8b320b1609459ba439a2b425b608591d47e7408c3100bd17f31081a,codecontests,20907,train,766,6
767,08b05b56475d4807456234726410ee3b851b2b2b4c9c4237939428fbfe266392,ed3171d694392e83179f84994bd79d549e6f85a450f52ffedea2dca88468a593,taco,21049,train,767,6
768,b2b519eb01d10006cf915d947649bdd13e9b8c0ceceb3060fb850485ddb91f21,b39d780f95a302679e8251bd59e23f0803c39240a4057e4c642021d012edb5ef,taco,1592,train,768,7
769,2bf046466b820fe2a036bdf48b13b0a5b6959dd8022451e2be871cd1ed98439c,2bddfcfc7a0c3f37fb0a6d2538e8b938f8ddad6a994be1895e357f7335c418d1,codecontests,11629,train,769,7
770,1e5aa3675a035a9ce8cf302d63d357cf8dcf240dbea1a0ca81b7396e16dd61fd,6dba216abc9b6275969480b3d1899748887118b0a94e8f6ce00876a69f6c4873,taco,6986,train,770,7
771,7a907bbe5e41a09c16ddc995bface0e669fdee1ae323ff515a25aa63ff3153c1,f0ecd9431b1e741c0f260bbf9fa99796558d3ed0e1542babafae9d8bcf40cbea,apps,13801,train,771,7
772,025633cca2b996d4ae7e648ac0819c8a1c37166aa40b299e233eedf8c27f5dd9,91ac3366d9fc0d7b3224343b71852e6ad0121cff86457aea986972432aeb2d10,codecontests,523,train,772,6
773,22090e9e27f69ccf0110c7b3d076860eb8ad4529407661f78235c600ca410aee,2417ca913347034221c5f69c023759a09b00332c627e20bc54d0fa2a713251e8,codecontests,11791,train,773,7
774,f13b3ef85de104dfa428a33d68bff02a46fd812a4e586a7ca12bdd5fa615c622,c4e7ad0570831188e9cb76815c3b8d536fc5159947f8ac70ebec16c72b506c85,codecontests,11130,train,774,7
775,a9b18c73a868fc82ed18ae18be29951cfef86ad39ab68aa1459be5d120abed0a,cdddababb2aff2f9cbd16af07eacc7dbefd133f46d00cbb38a9ef9a028adae95,apps,6576,train,775,6
776,5508c44efcbfc65c9f9a8178b788223dfdcae5299581a489841eba6dcb1c3e30,ecacafae9bbc1173b484e8fde95882d144bd72c779909e1ff7cead816aca965c,taco,1170,train,776,6
777,32e634392ccfba03b95918f38ef552a4b350aab826b8f5815d2134a708591cfd,71587520e49aabade16f32505f48d970a2ac8e8fbfc1df686c6315eb265cff3c,taco,19223,train,777,7
778,6426381e9a298b5e5849247bafc124c41893522962a9c8b17791bd05ad850130,4d2ff5c20daea80509507295ea685ab7fc5c4ec2648c65698e133d4412205b63,taco,13620,train,778,6
779,9ccbdf58b6db6263239f66d64f6f568b2536c90007828b6c5f22e591f3cec554,6775be0e1609192f61d1e29e92fe23ce90287187c2482276b2cb948c26048992,taco,2014,train,779,7
780,86dbe0efa34d85bba274f944284b08df5129ae0ba622cd17e65209452829fa48,9f0e9f6bf7a8621ec7b71db8290fd678c43551ce7080ef335d1c13b6db6a0b3b,codeforces,12462,train,780,7
781,3ddca8dab85a5735b908ff9bd23a5d117896500c3aa3e90030d032f98c590339,4c913f88fd22e651fc6e39973649d0e4009cab0de4554d6f84c6989b518b9ab6,taco,3377,train,781,7
782,8524d689288dc3a136a4df2f7a9d646a4fde9b8ebb4eac4bef2f420c24a47fbe,f6f62e9f5d0fd8448bd0af22eca349fef515fedf2fd34070e006867cbbe14173,codecontests,18249,train,782,6
783,2666496a63a4cff561fa6e8cabd44eb9abf59a5a4a9995a392751e896733d17e,764e7ee9d8b6442b508462a5acb1062bacb1cc1daf49cfc6de4b49788794fc99,apps,9898,train,783,7
784,63b1b00f7427b635b81b760de44cad8aed888a1af16d92cd1b013fa49877bb6c,8da62e71b8d40c217d04e9f8273f86c14a296365336d2d64645459f81329b9a0,codecontests,12927,train,784,7
785,f68b03c82404f2b18ce3dbf8661749fd9b4f814132326310548043849462bb01,d879eceaafbad5181525e8452ea60e05e675e4e0a2bead12057e42ec9c18b134,taco,11212,train,785,7
786,e79cd632f6f1601d93bc5a8f595b22dd256237138beded6e3f7a7f0bf56387c8,05205525fb17f51fbc35788968d8b121d9744d2488e5a470aca5ff8edf512d34,codecontests,22599,train,786,7
787,5af48472148c3b69df2260430d656601a0fd3bd2436748255971c1b3db6331ff,5727bcc83cfac1d02dfe032df8340c26b9bfef68eaa5727694d2dde2196d6ac3,codeforces,241,train,787,6
788,ff9887f865517e25ee676293c7bd1b1f129260f6a1359eff4b2226f8fd0a9a02,b25a2e45ec8603bf1cf05877ea770f2a64b7ce6626008baa977c07743d4957a3,codecontests,7916,train,788,7
789,6c15b9885b0ed7d0c7df384035c51561ec6ce5ee575e499c7dbf32301e74a3ac,38132a3b572108021270193b5b9c7d1c1b2862f790fc232f92230cb911af583e,codecontests,20070,train,789,6
790,b297e7a89ba35cf6c3222b5379905879fbf6eda1eb21d597f43d4cf61a3e84ad,dbb1f90228de18138afcd1b4ee166264009602a23b180d75179550f457030f8b,taco,1042,train,790,6
791,f2ecef46475c02196842d191c2daf3df8489c80263105edd8c175bf5f714b13e,30c2ca24909c69208624c2a6c2f990ea12f594e825db601e9e2520fff30aa6e1,taco,22314,train,791,7
792,dc408340c69631b72c0b965aa8a0fbfcc25cba4aa7dc531160d6d4610d0332b5,ca681f0041bb6fd0f01d1359d2b66b6cd8844e79f60bd99e4ad283eb35de323a,codecontests,14301,train,792,7
793,353f9bde9d097cfe98c550afb73f56d1b14bf8615eccf629fac7d4b8b421ae2a,e79badc5f573a107d690089f06081524c25b627d050e2942def555a4f0e13ea6,codecontests,11430,train,793,7
794,d57568105e0ce27fb08f3995521f3d254e54b05e1973306bed18f717cf6d38d2,0b3bf03cd238ef7989b6727dbf4f47f2f4cca5c44a022f0afccc3a20ce68dd8d,codecontests,8769,train,794,7
795,9f3936013ef60f89219eb27a1d522b7b718b19aa37d11c9afbead4e45e94b00b,cac8078ca8abd1d3f4156531b42f82e1559fc7d863fd94db277d078f6258bfdf,taco,2628,train,795,7
796,4f50e00aebd94047106b5cdf0beae2f92c096623fbe4efcf83e6bd61c6aad40a,5ac38ac67214a1b9d75d31ffae93ee71b7c7cc8455111d8b514106b587af677d,codecontests,13201,train,796,6
797,e515e0e6c05c75dd6947514b1563f0b8b216216e69b320e13504f4c735dd5ef0,2b51c97c31ea26f88865770f71797fbc2833265f7e1d714a6074fa21a4b4b70a,taco,14279,train,797,7
798,0dbfdf70c7846fc60273344f30a847869ab839e71572629a5516a388c923acc0,e15d6ff608d472575a3e08e471e64d632909fb49b142c86ad5d695cf9fb30a17,apps,22053,train,798,7
799,b03abf64394b11a26c0c07b7563316f4c97aefae1c33de180f89f73ad932c96d,eb215456c927fb88782a0b769f3379ba8df6c9b44605a68f15134bb3f3b4ca38,taco,10340,train,799,7
800,fd73743eb544c9e582dfa7beb6c56701032c0c3359e7ec814e235391b0006321,2bb83b35f4ff077e04d0f3333343b82ba772d83654ec37d4e2eafb9c7756fc86,taco,4079,train,800,7
801,cac98823cd20e03d38bc79faa4d716b1d05ff5a7acf808ec5a38e376f676df59,f1124af6903f9fa0c5b82cecf26c619557f24276e60204b24cc742cd25a3fa68,codecontests,15628,train,801,7
802,e9bb26dc0af92e10f4473ab6092092d28909b3cb1aa55b26809b9748f82ba277,4a39cc028224be8d0f75e464b2d0933f7faeb0a123f3b7b2c4ebe9537fdd6d7d,codecontests,22256,train,802,7
803,1998f93e02aca7523dbc7f3f21375bd60fcd698bbb67557159ac930fda5ce6bb,ddc0cbc793cd29f0037c718814d305803fea5c4c8380292ee3cf2627eea84dc9,codecontests,21613,train,803,7
804,044bd7d26b62444a04f667c2b14b186bc3d5df744090292de2386e36b0e67e16,44e447bfbedaa1317bdd3d62c23b86f3b46fb83647778b7e20c5d089c6aa5e6f,apps,16908,train,804,7
805,63f962351b329257320aa067b848205d8f1974740077cc6cc58b592e0bd6f6f8,b01f2512a2b7ee735ec34e6a0d534973a0c69a618ba556845d64b35cdf1662ea,codeforces,14814,train,805,6
806,a2ea960af7159f934631d32af8801c72fd1b812d23908fd7ac71cc597fbcfcf4,1209ec167b1a0ceb6f95fbd214437e284abc467dfb51fdb55693c093adc342f0,codeforces,15882,train,806,6
807,bcc4ff04cb707eb9cd6d17dcce6db97e9e09184dc2be02b4e9298e3f5ea4b193,85d803e3a1747b849a100cd4238d933141550bf2696eefe2d265ec9f87218ef3,codecontests,729,train,807,7
808,6dcd445199109ab6e044072126354f3aaf75631c117d5fa8bd929396b8b13089,83c8acc888b746f002a69d55308517c81039c00f6ca1a31ffe50aad5e78fbdc9,codecontests,16214,train,808,7
809,17901c1849f33107fcf1e383e65485cf34573e2b7046664ff932229b90c191c8,5f3bf60b978325f612e7b68b2d2b32db34083f1be4ceea37a3a21a04ff0faec1,codecontests,12983,train,809,7
810,4621928a56aeb4ecfbd9c5ff667e3a5177117abb5db8ef113823939913c8ef0a,7ca35f72e95c2923afdc7153a0821ef55aa4b3b63f63476ebf9b82887076bcee,taco,2563,train,810,7
811,e14a484053b93ec4229bd85772cfecd839747c567f306cfa0f9dbde77c75b8ce,046dc7604d22ec2e9a8b0b838af75188055ddd0800b6d6b68f9f7adfdf05d3fa,codecontests,7142,train,811,7
812,84e07e3259c9f73bea8aad9b32739ff0f4a9ecb95c142fc5daedbc709613ff44,874a42c58624bb491fd8734f46ede6fb63175b8286e0268afc429a3b91cec4b7,apps,17188,train,812,7
813,89642c8be93915c1e3a068f2cc6c60eb9440b837b2a0fa34eaaa8c31424c6c45,5c0c828ef87888e720043980f7c04b4d4cb8c94a228ed0056474dbabf506d3a9,apps,11979,train,813,7
814,b7465b9a21f188b898b407236cf582c22c965d46fca5fdf4d710249dfaaf51e5,7607e48f122c1d022f7dbaf7caa5f5b86b190b93485bb2e6d2fef3eceeca412a,codecontests,3166,train,814,7
815,3bb74716923eaad4f6ae788f7c0105d30afa33722973e534cc100a36ff2fb34a,d6a232cf599c3a6710a995e23f34a43f13b8cfa087ff1f0b847499d4935eda56,apps,20885,train,815,7
816,010cb42c0639e627a7ac564cb17fb5b825b773b3c3ab29e43c885e22bd78d3a8,2dc1b15db68e7ce7b95a9385dc97ff659f8814e606970e61f30f9ff312aa37d7,apps,18109,train,816,7
817,d91f96162ecbe53194c7e2277d4d10ff670d5aa694348bd5b8fcfe35bcfac42a,410650b86c9012ae3523afa77484273bbf0b3c755829fd6683aa72201c985aa5,codecontests,14676,train,817,6
818,b32a16a3576044af497b6a3beef3a07c357ea3f90386e959ed746f38bd7b684f,4ea6fde19ed22ec1038aba4fd1f697761275fa16dff9aae051cc56885a846e75,taco,15081,train,818,6
819,0753948815c9e8e7b599fab634184d3387ac6f5f1a2a5b83549d440b9ae43c29,4cf03e9f1413452198f6c2650fb4e39e17566c535cfd7162099d3681637a9007,apps,11754,train,819,6
820,67cf8d357a5a0858c025d5402ae7491f42d54d8cb33250f1ea780a266e8a18e1,1d72a4de251b56a21ea70479fc74fd5444bc7b072d521fbb63b08403827b4bbb,apps,7674,train,820,7
821,90e65a7630e3c4f498caa5b9781259d879ac2540d7f17c1dcc487926f5046a73,34954cbdf3237d77a060c82ee3d608775127849b20c3734f881e837fdf93ae3f,codecontests,1986,train,821,7
822,f65759bef92d647f9e288cb047060a5b72d1a73feede139056f8f6b07236ea72,e28a52b289279b7de94f407e176a39156ae245095486a839ead0f95c0b728aed,taco,7625,train,822,7
823,7d551ce59aa6d3d8eaabca141173d0c9c1d6d589ac1128e82be6ca8c5b35e5a3,63fe72f666d62828eaa929248f641d379379001f51e48bfa745d5c5a0de91d93,apps,18031,train,823,7
824,eff67d8707cbadbec5a484dcc936790f9e63241c1c80ccbf24b7ee936ff62137,d24320b4ac4c338cf5ef1862724e305b24c330836f1a584ff0ffb520d148aa1b,taco,12326,train,824,7
825,b889afc39de9cde05df4445a9d6af534c766ce516bf0aca7f1998c4ce0c1a98f,9e133c51303e8b70efd3116bd3e392fde2afb33af71dafacc1fdef2082373dca,taco,16246,train,825,7
826,841d028ebe4121bcedc7a8b8dd9335721b189227ab2a8a98ae7268012765039d,e7a2c511b90c563ab482b2d889ead3660792ebaca81f110136e74ae61a82efb0,codecontests,15279,train,826,6
827,47434153eb224098a6f116422e86f75636ae539d2767b39ba55f18c459a55608,f7a06a1b468cd1146a8be9d8e75398a9548227a07089c0355d6986fd37ca1768,apps,5399,train,827,6
828,865b478a41cc4019da973820a0e677476677a816814a0283fb325c5bd794f322,13d34eaf119d1d18951df7aa26b28828b57cca4c3afb60b4f7e3c179449007be,codecontests,1600,train,828,7
829,2db0d08855ca6d6b00e3ebc7372e268c35d228a2f8767d55bdeb13d57dbe6150,f94f6d035ce0fa82d61cf43a64ca8d8c206dd661d2bf70ac9645d33078be5c17,taco,3079,train,829,7
830,0307be66a0497a7eb4093e8c3d1636c0a0e85f136dade6519cde29a51c98fcc6,6db1976f13530c58037f43b9f8ea67294b215a34eaf5b891bca8d466cd8af6d2,codecontests,17562,train,830,7
831,93e18d020e8bbb707ddf4696a104115ce7e7359dd49fc6c74d3c2917f73ed2b2,38223e9dddbc9e98d1b13ea16cc8e30590a9426babb1a4338cbeb3ef73d37873,codeforces,17382,train,831,7
832,683ab69bd00abe4b4b7bb2570af1a39ac7ef338b5f3a05c4b9b10e7875173778,6183c8174a276734e3e0efcff75db11787a5ed0250c3310e4db57be847048cd2,codeforces,11160,train,832,6
833,8ef4e8eba9e21254e739869de796c277fab4d31ad44e7017c6a867e66cdc33a2,075326e4d07e0a7c72e2ae091a9563b8cee3726b2f3fbdf8c9a1ced7d70f752d,apps,18271,train,833,7
834,d5920b4465fbf55ca139e0fa024f2a8c8d6deccf8e1c8fe7dffc7be417ab0a58,170bec1451b72156b8229a157914421362ac233252f46a69ae545de6209fcd8a,codeforces,16151,train,834,6
835,1064fe0680bce7fee262766e0489a8bd2f2b50ec6e72a585b497de86885064a5,3c065a65dcd228ba3ca5e95716591b85384674b804e8e353d37b7d0be8273d04,taco,20714,train,835,6
836,8a82d9f549f061b0a6ced2b1bcdf7d91e9fa78ce24dd70ce796774e2971bd6e1,05f18ac4b535ad72cdd51268dca99c2f3f637a850cda434084bf6d7b9bbeeb6b,codecontests,21329,train,836,7
837,bd1dd72ea06e286e8a7f31cf20577326d3fd617b3cc57f9ace6d16ce809485b3,523b2f91cc1f84fca522b7d0d07cff1bd1cb50310abcf00571859aebec93114e,codecontests,16318,train,837,7
838,151ad4d803817621791f91da76ede54167e1ebf511ac744190af3d34cc331dee,b89595ecd6ef45d3513549ed3f6ea10aa442f18e49cdb7d3b77db55b38f93d22,codeforces,594,train,838,7
839,5fe5a293291dfc602e4a6add7b56efb0978b2ff7daf2cabfd50c39d5bcb21a77,2f331347109634413ea436ddc243d31269adfea4b2c6428104228d66fdc97e5a,taco,8652,train,839,7
840,7d1e73fd1d2d9df88c4f0fa4cc11025711f9dd0fdeadc53cd09de3b035da63de,6d047a7efaef719ef1d5e4f745e957c06fe10a0713f84dcfc2623c9c46a85bb7,apps,17089,train,840,7
841,cc59004ab0d2c42a945dd868df8bf7800fc403921b1d48b3021335e253777bdd,e12bb607ac3a86bc52b0e3e6664468da882f94e4e89b990232aa6fc701cce512,codeforces,12903,train,841,6
842,488458d0128c585f6b660506423a81bd974c865184abdeea3fbb6f576919aca0,0b098e4d95d008208183e7c08396c14324ebe9fda89ba96dcc30bdc4b557bf17,codecontests,8135,train,842,7
843,8b61054075909b9dc3e1290a2991eace1673759985d50b55b1fdd2086704c090,87fc33868cf4665590f5a00d89313bdca46bdd0bb45cd5a0e5a574bc23e51fdb,codecontests,1979,train,843,7
844,24c7f01020c55f0e8d1f1e7d6893e5fecdb652056b15be76728ad97dac8ce10d,346cac00fda9f9bf25b12f3704c094aa449dbaeedb88bf51b4af202cee977a95,codecontests,7231,train,844,7
845,5acd98859656c5b8c840ee89439047f44c14ae35830c8b8926e7ddff7ad5f748,cf798213023d8757fa5b9a9cca0fa9df7359550dea7d8f673a0a7fc9b7618dd6,codecontests,6041,train,845,7
846,57e87d02967d9b21ea2eec9062f1d4b3c6ff1015f5a974ba2aa97fccf8e7d9f2,0e9e77e6f0fbb0351b909af7cf5c7f018dfa250f7c097d23d61b4cd9361ef14f,taco,9050,train,846,7
847,aae942f6de38cd8dddb9a91561cfd1b3aeced2e904ed81a73ed49a2f7a5d39ce,f43ecf5e65679cd520bd2641911e8a9123482dc59c4339d1912c402ccd08436f,codecontests,1036,train,847,7
848,3485c2c7f023bf560ec7594eb78dcc46116ee58317a343417abfdeae1dd0c853,e536c21c630c7b18faf1132dc3a7c875b9d70b2c1f3baca6ae1fe020baef77f6,codecontests,17755,train,848,7
849,c18f3466fb62968ec191804fd19be0bea5ddfb33a3b651fa9bdc88b89a925df9,f877166ab16329644776fe37dbb99ead377b7abc178fc3f423f3dcf1343f85eb,codecontests,9732,train,849,7
850,f7060cb784da0460c11deb26c5565fc990710e0a9c004a3657a3c748e6f405c0,078c699487e40f581ccf62d6f6f583e1a7a5f91b46536ba90d7a1d79486df026,codecontests,20027,train,850,7
851,f3d6711d79efe0c0c5f2f57fcac1c47984766c622fcd7911803c13f025c92eb5,9d4fec5bb26548855a3489f7a57d7a07b1f1bce8e2fcf1a49f938d55b0692ef3,taco,17873,train,851,6
852,c87f1404477b2123028d3da101000e9097e62016c0e09a450a34b4b7f47d92df,a041561467f5f887e048048663994a6df4391cd97b58ad16e83d9f76e02cc2dc,apps,18402,train,852,7
853,06615eac1d150661273ba3b5b99827d283876a2bbed8c90fb84d52541c2e1136,77a5869806d7f1eab08905dc65bd99dedb3dc83e20d3e91be99f9ecce60463de,codecontests,11383,train,853,6
854,93c238111a08e456ff19ee9042f9249f380d7b03bb82e906c7f10577af7c6ae1,17fa6c4af48be0b43d4c1de35702e58931674d388992b6473a04d32d8af6145a,codecontests,4788,train,854,7
855,d0d32c98ba72e67b2b27f164d2509d7efc0bd341a48ab7b7a425b7cd385ad441,b8e830c85cd57f83513e88587a5788e88a026c74a754d7367fc52807110bd8e6,codecontests,8400,train,855,7
856,6437efd911df479028e652cc38ab3a4f34c9ede2799e904bec92958b4a23744c,000b7368020461dd2f8899dea5e7e30c96910a9cdf1e85bf5dae3b2e3339fb7e,codecontests,9439,train,856,7
857,86d99361862c66ce025e724ff6130fdc73516d8d8fda233769e17cb20a621e6f,a1979ffb47352017749761e1355cfd74f1302cc2a7756c60341f5352d8974038,codeforces,12985,train,857,7
858,e2463c68970ec94908f49e2748d57d8df5592cc73d86bfacacbd113e8b6f176b,2de4b7fb7ecb6cf460dba56bf36cdf0c906fbfaa15bd22f2969b668d75ad675e,apps,13762,train,858,7
859,0016b1d1e8c70a0aca5507aa1e21dbea64ff4a3ce83e24a4aa5169d5e002c112,53ec0f51a9c895140cc664bb0283bdc73ec9b20e24cf81f94779a345a2fd3257,codecontests,19589,train,859,7
860,608fd3f4e574d3c53000b8c9dbf2090ea1ff0122a7a668511df9defaa666e747,8bc37f305d0ef5e0627512215b480b8149dfc0d7f517fa45f42067bc140239fb,codecontests,1806,train,860,6
861,1d57466a0ff55ced3e22675e5463b19343957d4b730583d4195ae1c065a57551,e63d51bc5025d9a49e69679115f3f944b4c6ba381a1d290d549c6932381e5cd6,apps,7982,train,861,7
862,d528f626b2d17c1932e45aca1853376f31d0a20a23af8e1d0ef8abc73e91a19f,3160ad3caff13dca0cb8236cb009ddb4a5191ba015a99a34871f6fda2baeb8af,codecontests,13238,train,862,7
863,ec2d655dc9610b01c552129919aba507b2194a900525522edaf9b70a25f6b969,3bfc2f9e31eecae0c19452d40e4eb38d72edd18c88f0cf92485e1d257bb62008,codeforces,18833,train,863,7
864,a6d5a026188198e9b098e254e16273106cd1b96403fe22d611b3b171a5436c53,82ba02211d3077608f3a4146e05e352e92594b13d50cfc7335b3e2f832a9f74e,codecontests,20217,train,864,6
865,90b38eb7770757927ecda8a0d9f0963d907ef3e74fc9851166933c2d1cb70b0d,dd78cd0cb3247544368dfab4ed2470c68049082a74fbe9f25696d15a8d75b565,codecontests,5111,train,865,6
866,e88ff26386e1d14df7c54976a5566d4866db5d4e7d45269579639a01b21f3657,79f3843037a850ae31c73d49e36dc3ece3df1615216eb294f79ef638cce6bd9e,codecontests,14789,train,866,6
867,ed0aae8acc51679ddf650c25ea4a2669986276415ecb9287677f8f89d938832a,e3dfa66a58006ca6c81512ffa48e0dfd8824371c83a34d5bf8122af30cf6e417,codecontests,6708,train,867,7
868,f05ef44ced7bf5a391bceadc3020f0dd3cb4d5dfdc0afc6b17d535954fd7ae48,b54019c7718d1f378a959d546c3560460fe8ac3569b2ccb0ac1f6d978812d780,taco,17155,train,868,7
869,0e6e6a5b6beefd3866c437bd48bfc9e9ba2cb3d4f9c2df479d8705526f419046,cfd53ad101f462634c22e9232362ddc40659aa74d53688c2c78c5f7a9450da1f,codecontests,2933,train,869,7
870,d7d9acf87770b88757ba6b14166597a508a85b36e5849dafa3f0ad84056069fc,315c44a6d9aa3f52472bf33c89dcaf3f7eb653463de865c100b4317cb04ae047,apps,253,train,870,7
871,7c0371bf5033bdac1b0cc8f3a7504448b2f047793f791abf8da0ccc3d3b784af,335cfc5141eef32d8b52b97d8a30b3bfa5b16b152325d6a493ada0c3a7fbac21,taco,22567,train,871,6
872,104c247f6d536c285af9ac48b9733ea4e407bbd36f25389c17e885e4f6f452b2,0d94634c326912352a1a8e7136afa92830061ff2967e905313c6010bb340cfa9,codecontests,9670,train,872,7
873,09834074aed4741d79436a318190e98ae6bd827373cefa4c2b26a00d8ee17a45,e8b6239736099991f5011864c78a28a8af48b559771c3bb0d0650f400298cfb7,taco,13290,train,873,6
874,196de1a32374849edc2774e9bc6c12139c67dc9f557b06ef2213806b312d5d90,e61665a49581d65eb0a0075e49999a1beece6c93e96780654e81755476084abb,apps,13857,train,874,6
875,01703ecf5dc7d8cc31a308caea03cce59db0c83c9099e4d0736f6a4df221906e,bb5231907f4e19c7636c3dd622a1d9689ed85dbd0211c36a8bf63961042b7368,apps,18409,train,875,7
876,c5ce94cea3d671cb4632fb768de09ebb72d25f76fdedd01a425717e76d9803b0,83f98ec22950b175cc14f1ba870664bd6d83b0f1964058d4994ebc583a90c4cb,apps,3078,train,876,7
877,bfe22c729207ac8da320cefbfc8e9b448ae71e72321cbf09d483e76e793294b4,59fa51ceb5a9d9359732d70fe4bb8e3c2bd25c56204ebadf3b83e20b2feae7d9,codecontests,9831,train,877,7
878,2cbf75c20c006824d3892d5c71622257150d43ea6373ac73dc1003daf09be69d,373eae19308a761445d906b23cd462117d1b7f5b96670c5462484946e7757b35,taco,13581,train,878,6
879,5d087a8f1366f67a2de0c7b00834e6d97673b255f35f32a7664fc69f98da10cd,a6781157347bb9e073dfd5d4b7bbc870e1fe6b972ce71deb80ba359adc2bcbbc,taco,20545,train,879,6
880,3a32d23cd70e0e80b93285da734982c1d4228ef0c4976094396bae31594a792a,e9747475507d96b7d010b41c1092e2887db0c627876b1c9089248e72cce0e99f,codecontests,20083,train,880,7
881,13eb517f526574ca27e05963ee846305c6ec13fc1ad2caa3939156a64fdea353,20064fe21c840f104192a5013c93c9f01152ec18fc5c7b3ded3af7833ac240ed,codecontests,14890,train,881,6
882,e496b63c2130c7c27f10c41a6abd3aed54a8fe7bb287200ad37ab64028c5044d,d03f503b9719c17103d7dd076e00c519d89c6bf112d4b9382aedbb23259a1541,codecontests,726,train,882,6
883,c525ca96bc182c58d643cabe0f147fa3a2c134bc67f9084b16c08a3bcc8be1a3,180d767caddc10b15ef382cdace53d087bdcc22dd812c0a3a75513eb6c8b6a55,codeforces,7520,train,883,6
884,fbc9362039227a6179edd2f2c37f1e4702f94fac9a4dc8a9419d4c718c199420,79b8145214f846565aae8fa18016afa63172ccae6099bd031f272a62bbbbb01b,taco,2052,train,884,6
885,7adde689dcac23f13b8557f7a3fabb415eb76edc10252245fb9dbcac926ac452,0e447e20c14bcd2cf73d8c449177dfba047812ea28afb6c8ba576aefd49abbb6,codecontests,14530,train,885,7
886,47c1a983a77aba1f73c4bf0b8afd8d7cbdfa88038fa263d735ee2cf503ef8b77,0dea748e48cf5d7cb5ec9020ae9471a9890d32a4f56e5d361e779c3c43602b5c,apps,11342,train,886,7
887,f6fb7667cc331526dec278ad83ff843f01596542d8916798b5f6705bae66ddc9,b5816f537b43dd24295ef09d972b264dada5449ef8b2cae4e9e7660b44718a0e,codecontests,648,train,887,7
888,34a83061ea192ce8c055312d2564737d38798a752395ba1131aec6be0a9ac5d1,dfe46906afa6d49e4cb1b7c52760ea188e2d7b96988e7bab00926a4509d81a0e,codeforces,6643,train,888,7
889,f670a8b6e9808d247289dd8d88c181aab5ea9a21d6eb35c28255ff5be31c084a,fb6b9dc50dde434a052ad3a5afe2fc44c351e29e3bca3733bde10b3eef298d43,codecontests,11814,train,889,6
890,83e8bf38003207e3fb636c172dcf0b58e34e0634bd40f2aa27d8cf006830a6c1,9d889032e60b9184390fb1b717e086bd65950c57aac29775947c4a1148059826,codecontests,22217,train,890,7
891,281c342114a9b92ec3e7781a59977b58cef7e2f120f650f27e16e45aa3551826,050846608c30c70498a54a1799b59f3cae26a59e6b338c833ca746efef4064b5,codeforces,22093,train,891,7
892,e34f31341a77188b6fb35e273205007c73e6fe21fa3ca2547c1e42c42c5d34d5,fb3ed301a4b6025eb0aa137977d0e82cff2469bed3840553962203719f570492,taco,4656,train,892,7
893,d71a5391169510133cc8546f308ba5323536cc10172e9b616cc0c88f50545c3d,f773e15f05095a3d06b5005fe8fcc52698146481244bc24c04f1e53704c8ce16,taco,4171,train,893,6
894,becd0fc0a19c9b07e6c514eefb58131b75d65133a1c6801c603040204752b8d8,f5615ff500fbb537547a1e62511e151d802a7e74a425d6b24b8e6a1842067a38,codecontests,22401,train,894,7
895,d27c473a690b7faec9ccbb1a31085bb3dd8e201e9e1d06b1489a70444078841e,9d79915fbba9416015bf5d4b26a9ab02f05afe7c429fd945c10f4e62a7799b40,taco,14317,train,895,7
896,7b7832a586bd41c5ab765019799b61255fe94f372dc813d44ae4b6e2c79ee85b,791d7421f5f581e30c2b5c94f40063a7707fe6f9f4364cbbacc9d9ed16683061,codecontests,2358,train,896,7
897,5ddfa2851222186a866b9ba39d1fdd34040d852e45aa239ab04f9a82ce407d61,e8d1097ed867806414bc91a0d4cf5de59764e332e31ea1b5927333daa923eab8,codecontests,18535,train,897,7
898,ea2162070c1f2726ed0d7a756e25de731ee5ee860cf15ac74e689524d21dab7a,adbd278e29c8d753cacdf0ec7ac28a255118a9965ab57d41f06eb05c65b78c76,codecontests,18698,train,898,7
899,d4aaaff3f95fefcffd6db1be4dc4862635d9b2f6deac8e4bfab145c814992e21,929f4931085cef64482ca22df8ac040c83f3f408a1edca509a4c9812ad257c0a,codeforces,2387,train,899,7
900,c6ea8df2055597d1d8c39675b7bce2feae2236682b4f522296c817a96e07d33a,0b03fbc796364799a2e2fffc2904d45bfd91f56b00058186178d9a485493bcc7,codecontests,5199,train,900,7
901,c0b3322f4665d6ad4c5fde2dea99677129858a2fb54f1f33d98a909c84c6be37,a6754d84291b39ef79d9e103d0565287afa090739c464c201a9d6ea612537ace,codecontests,16437,train,901,6
902,c6d3eabf381c3e9d5a140e0d9cf81f508c91d06bfba20a8e3b1f26f9bc6ee7d1,f7dd9c61b7432499ad8113b1e06e48b869f18101dd48f4db1f969aa5d8fdf41a,taco,2018,train,902,6
903,ea3c7bb8c7778d3d23cd063875f3f010bd7eb0666b34fd9ab7e36daa0f19628b,7d112a3fad98b3c9cc443e2f19067b12e0d5f9fd863b53021533ef067783d70b,taco,14210,train,903,7
904,160328a86f4d9ec757a33baa07454fa8bf1b43991f45a0b58c5bd3704b6aea46,bdcd68021927abded299230fbd6ace41fdf5b927860ec82df71c24593ab14101,apps,15048,train,904,7
905,28e251521af5433e1b0eb5533ab7f0071441b62dcab632761ba567f1608c965a,435316e18dd908c11e0c9618cfa23dfdf5d365f2c1de67d693123ebe475c50fe,codecontests,21214,train,905,7
906,f8c32ab657af452fbfc89abaa69c7f2603e7095e5665fc66aee2c9c19d9cfad4,e8490d5ead19877b35a79f3e4b4e62b6439180fcc98a614cc27a811049ce2f5a,codecontests,14214,train,906,7
907,091273dc648e0cc2a9ac4dbeb6ab3f261156fbe74ffcf32fe3062101858b8eb4,aaaf75c7d5b2bafcc6d5e108502b9e95f76695d2b0ce768f867906676371328e,taco,8108,train,907,7
908,470d27fadc44b083c9d4cee4f00b9e3b1b7a7ab18df6b0ec571dc7adf195925c,a029d4036f6836928057710cf12b95648f4292f184f81b5621dba5b317c7c9e9,codeforces,16711,train,908,7
909,6b13dffeae8cea201be7129d6d0770ebbad8bb7c6847b93af5c7efec0ea2ec69,2a9b51f606857e2115b1c4231c5950325c732f89b5c547cbcf21f89d14ca06ae,codecontests,16527,train,909,6
910,f2d5fd919dcfbffc8a2a3605a5e0d678282c5b2f3375ca20cad5edd85ee543b8,d973c56fa597de582a81087d425e16f4960fbd05d81a10d140ed27e7fac98cf1,taco,20969,train,910,7
911,3d3508a275ea0a8b80b218be1d1c3d72bae9f833f0a6c8bf84f388d873ef1bf8,7cdd10310459e82af8f846a759cde5994c02fa0d6d0eecbff43b6d797bf2b8e0,apps,12432,train,911,7
912,8e775db3e4319d47ffb43896cdb86769ae2517b55fdd738067dd4844318d4d8e,e82b3d73234a6edb32d440e7741debb063b8718b0fde9a7d819f2a287f16d3e1,codecontests,11733,train,912,6
913,9539bebc548b94b948d89b77c57e2e76f61a6790477754f37c37686f8e461ab4,6bd26da223eddef8bdff257913a7880d79a0dcf8b636ae29b78d47886a4b74cc,codecontests,956,train,913,7
914,2f9481dd927d599508b8da2737120f0432507609ccfb8b891e15b9969a89b404,c402a956fe01227b860764ad9d1003d88fb0cd0093f6685256bdf5d297608c66,codecontests,17907,train,914,6
915,de9c03340474a702bb7b952fb5c5a4777bdf85e4061150bd76152ff926b9f5f8,bf09bdb0ffc05fef5ab4543f0efa97f2e3ddf643a1b6b4c7997477712901f3de,codecontests,6185,train,915,7
916,e484394ea22bb2f3bc6c149a9cc84180386397fc40110a9ed5820f1902019db8,fb41cc0c62fe8d761c341d7d933e739c4eac37d85b1ee84a3d425546b56b897a,codecontests,11909,train,916,6
917,39e5bb8b477c2d2731ab225860771d41e117521a7125e1286a058a9c0d282336,f861c1bf05c251c4224c78ef9ba183123048d39cbc24a5f8c919e1bf6292fdfb,apps,14865,train,917,7
918,7d85419168731882a57de7932ce587fb2d4b8ab847f25997302d61d8f6f05459,6c9ed222a4d09ddda439cee1d10f52f57da9cde918a35c51abfba5a407574fe8,codeforces,17776,train,918,7
919,f68184eeed58e573e8783accab84dc019d585e7e9e347042b696660b9ca2796e,294fbb7e753797f96acd7b55fc1817928bf11d58dfee4e8cff820ee3ff03f222,taco,8255,train,919,6
920,1c424b8e6fc63f6bd4edf3ddcaeb8b9b4fed62651cf38d4882996a360648738b,5b85ec8c0989a225eaa74f24c7eb486abc52a8183b7be78716db26a3babb4005,codecontests,13120,train,920,6
921,618a95496942bb417180e6dccc56a9c4a873ecd72d6d9bdd444a77b15b1bae20,0279c99e7c3fae261e336c6ed2f3b95020c3d2b4b538ed240bef5fc407f6ed52,codecontests,5108,train,921,7
922,c04ad9304685adbbcd7f93f67e12d4d8a10434adb900139a7c43ae3f7b1de578,b397f6969c895ba2a88f8ae05727721161e1fc406ce314f12af4e2c19bbca760,codecontests,789,train,922,7
923,9f7c442f9978d2267f989e6453ebd5603dd6cf916dacb0c57d5f95839279735a,2528aab2be47c58fb4c9443661f801fc7ba12e06625e904367c438e68eefaa89,taco,13580,train,923,6
924,c2808104f0f4f63c6f17f7aaba46b90dc3f2b14dd88bd11bf661dc28643b3436,e448775c2af85db990837ebeaf0a7d69663c3c54c023c3908d5c21df864fd7d6,taco,3821,train,924,7
925,15353f6bdb49844a8e2e76754cd3e10388cf59b20376ba973c9f400d260a2b8d,047145d7c7ed862c152870be552f7d677501d09879005a6568fb155e6f89d020,taco,16247,train,925,7
926,de65f707f31ceef5afaaa24006808010cad3b581bedec6a5985f18f600b0114d,3527642ae9ada8ce8b3b9ab51bce475a64136f8f50e450285bd9313465e6e9f2,codecontests,18966,train,926,6
927,411b5b6171cecb28356583fd0493fd9ce8e7a1a1c2a89e929f395c6d8469e724,4552b2dd95cf7a3790e0dce5967e21be459f1259022cc9daec4424c623c384bf,codecontests,18496,train,927,7
928,de574c9d8e83b16ba5f7004d16e02da5da9050e6c768f9db80c34801033bf7e1,2067feaedd24378f693a327bd748700a1b8b470bcfa166a93dab194da01b9b4a,taco,14363,train,928,7
929,dc614b50a6e689335f9803ecdb3d6e015c8cc2323d0d346af9467dff9b9d0421,696e16e0c618a3ec66ce3d40f003464a62b6248a2561b2c08c3d62f237525e03,codeforces,15619,train,929,6
930,43188be1068b5b69bd2fa9ad74129663bb8ca82c0ad560568e03857338f0cd40,50c52c6e85177ee1a2828578b32b519e74ff8480b9a48dca952ce99b8aa24389,taco,838,train,930,7
931,5a653e0dc399e3e59c740fc93587f7e05adb84cfb9ea3b98ebcd17c0eb02f99d,92c926697437ea2602750b07594906fbf4d9664b7c7de716449f5fd607562cf9,apps,4398,train,931,6
932,dc55f044c73f5938d1bd0ac5d653ce0e778eeba8909ef6c060885a2a61a59c3a,2beadde5a3a1b9dc69cfd7dcfa927e2858e4b67006ed6eb8af71e770f33b53b1,codeforces,3367,train,932,7
933,5bc23383edf9ac70b51fc7d11fb0e9c4210399ea1a83cd96091d7a2333a9b7ef,6d931acd2496677c9c0fcc0da62373504f3c50444d6491a98674799eec78e459,apps,8155,train,933,6
934,cca02f8d63dd1f4a5dbb62a63e439f04a7b1e7531eef28ea3a85b675077836c0,5674dd372fd1be89f3245368e9b2e3876000bac9afcc3bf5cb6770bb4544ef67,codecontests,10029,train,934,6
935,7cc74e9616106cb0c3f3a657c23f57da1d57fb1b4303f8e6eb94ba65f9ff1625,ab34dfefa4408729efbef4f9b1eb62ad1594e0290fafa4286fc5650fff2be6b3,codecontests,2455,train,935,6
936,459223ac1bc2915814a20f5cd346e52001d05a253e75cae1bb04409b4e4f92c4,043a66b96d295deb8f008516de504e471978f5ee5bd1de0a9c85156cc68d9b60,taco,7841,train,936,7
937,b8d99d02bffb0201d32d56015e7d034cb0cf23085a149c8a815b9c9a09997d91,16d18e7a10aa8d73bbba1c4185fadb72fb92d72049a4cde0d55c043578d271e1,codecontests,6392,train,937,6
938,41f91713584bdf4037e18f918f6a4916329f3b620cd1867a8a14e9ebaf67acc3,806b4e8414204ce89df4042416cd9c0a460749ecf3bbeaa0269b3b3e68841607,codecontests,7643,train,938,6
939,d53b48a5ddb5924aa2006bdb155279ff1bd68d72e8b28b3a83daea08ff35a889,f3c16d32bcede46a225b4eb0ff73465e0ba887c0e8cc059e295c29744516cdf6,codecontests,13992,train,939,7
940,db31a54ad7973ea4b69c17f97c4cd74cefe459b8c4ed5828766b236f1353cc18,ea102ce9e82ccde2689c884e7ce9ad1bef81a11cd14703d85512f02b33e260dc,codecontests,19419,train,940,7
941,7dc8d892e201a7b82e91341bd5dcb117c8795185e64de4454359e684641a77d9,bc6c8280628de0cc8b1df05cb31220b5748f2aa17475905e18ceea5e0d27d4d7,codecontests,21986,train,941,7
942,92fc74ef3fd0bf4b20dfa12d47b2452fb4278f308cb9ab1aa76eaedea0f78ff3,d78dd82270eb24d9fefeb677ca3ac399a248a37d18894cbffc9c739e1e8dad5b,taco,14308,train,942,6
943,286f025a2fd5fc9b34ecfd9a4e69511c27175c7d255400d448662c436c0e681e,9e5b21527f7e817343abf0eb6ad7c058293515a91d640e5e209159ed7c125c16,apps,11279,train,943,6
944,1c94629b21acc8024a352e40fd56b2b6cca73b04d7d1fcb69e49656535f75e5c,805054c26f9b2ed54704eafec2eb7d0d7d354522133cbf903a82f2c0690e9c7a,apps,13488,train,944,7
945,650ecc445929ed3e0f70aa81a3509f97d3ca15f75d4253084b675901dc6273a0,13824ddaadf60460812cc44816f04b4fa1ef8c3ce54a3893a704ebf4a0f62dbe,codecontests,19241,train,945,6
946,8e1dc1fab4e19ae8dde217e8c934eb7016b6314c54c5c2bff660cfe611b7932d,b986d15f639540ae524fe82b43f1a0b1a8e3e19687f297d8f81ca359ed428774,taco,21763,train,946,7
947,4d2663add43509fa89b4face5fa14a764130ba14b73b9da0468591c323851dbd,601410f950dc8def5f01a427a7c0e763cf3eedf1fbf9e34f332597a3e4a57aac,codecontests,2851,train,947,7
948,063d430597918a6a67f1531fe448e635868a4054fa91e95efe6329208a8d4c3c,e7b2aaf671c7d8ae800f7fa77de57cbd0f3384702aa68fbbda4b908864c69c27,codecontests,12405,train,948,6
949,5fd5ffa210bbb5a90377cbd72ef0a865c373993198198d3cf9c392cba9a8d2a7,d37dfb837336bba73542a889753d33e7ac4c140dd368c0662c7e5ed7e35361dc,codeforces,3520,train,949,6
950,059a025359cc4a8f2e4cb0f1c27312520b9b563ae41fa010a33869ea8a5b5aa3,b3974832e90f9de0ebc9d0abf0c78dbbfa687a654d10ef1f3a68231a353fe5c4,codecontests,20150,train,950,7
951,86ca1c9399ba74d3ec678ccc5ff36f90fadf3dbf2401d8f9ebd757356cc57b87,258597bffb06325acf6b9879abbc3ec842bf7d0ec80375711da9f8472db725ec,apps,16617,train,951,7
952,924e011cc82c744f59ab9793e7141b1c345b8bf99163dbfae78df01de7c6fc58,f4fb99fc8a32cef177254ab1d7abe0a189184014dffb4eacb0de4e3d628a24ef,codecontests,14259,train,952,6
953,0756ad4c6c64dfec1c9810936c9016807ea0455495ad48c473f130fef08d8987,c811a0a900e9a26e13708cd53caa916145572cdc2012ba76f6b983baeeb532f2,taco,21562,train,953,7
954,39ca8feb7c5b74153d8dc881bd1697653d49bf924b0da75ee958a308b6d71289,6b950fb510ed8631f56c05deeef006eb9e34de60c5b85864a4564340da7a5dbd,taco,19671,train,954,7
955,d8b49fc9fc036f978c9596c7aba418b86b695788177140a31c856791b05be38f,ec966b126e3bdce0d20201f57e4179829b2bbc74b4b047ac7bbf8348c254b72b,codecontests,533,train,955,7
956,2700db22cc1783d1ba72abb74e27aa162c852728cd49318e201d666ad4b6ca5e,cb410e07cb154d3ac7cd691742793fe2e6988decd56077999cd283ebf156a24d,codecontests,738,train,956,6
957,b48de28e11a7ddec7254ff0746b0d5d262b73d0ec51a9c74726deb9cde0e417e,e75d2360086910fae5746385ee661155f6d67ce7f956b5bec3c5f2fcb5b3c018,taco,14281,train,957,7
958,232795eb5754ba9c7f7d3b41e8ad7b56cd212fe8babb5a4229b7b4dff11378e1,1408b8ffeb8897c1cdb8fac3622816a870298833252d5794400b0a313c39eca0,codeforces,9361,train,958,7
959,ffdee75aa93b6fa271aec26a60417d436cc1a7eecb3ba2facb2b3d3269fb55cb,5628ff22a6f2af4906efb4cb9e6f050722936dc402515a678bfb5e27f1ec7a44,apps,16019,train,959,7
960,e37e0b72730ec0ef9d7d491ce2bd706b3a72312fc4d9d905028f58f97f1fcc6c,40e83451b44b2e08b653d2a20568785aae0739a2696d561ad9abc122838b0070,taco,9289,train,960,7
961,b89f1d8272cafc5062326c0bfc9e23059c146cb7f20c5eb4f25c7197b622e22a,227ddcd53c78a01cc0295382b2c5bc50943ab1033c4c0c93cd075fffdcaec156,codecontests,11474,train,961,6
962,cf26d8e199bd2922de2688d60685dcc74d26d3b48fc3f3258e7e1ee1092c82b9,48a7d539a65c0812ab70398dc6d3ef3913862081e95ca4120025de583d971580,taco,16750,train,962,7
963,9545e3b985519291400336e37adabfd8d91421195872f4221f7e0b20d74b8551,03a8b12b2528a52fd732509fdcb1a7b8d8d9b56dc4db36bd62d672ecd02b0961,codecontests,15585,train,963,7
964,28f19e89ff4a134cd864c6ff3e51b399188db87490806d37ff7f80941aa484f7,dcf0c4daee87ba1b13e0d8adc91434976a290b536e8a380c092c6a9359886a6f,apps,1027,train,964,6
965,ae5757dea73c1ff3c578d724f034f2b96d2cf4696d4e53b59a7a17c63bbb1325,39f5fda15bc3422fa1d13d86a5b75a20c33fe6bed2e8026f9f5e56b74880aa1e,taco,14002,train,965,7
966,b4ce3d268ef00b38485dcaf5185fbe5155a0daf9fb6eb1190837ee7323de3d7b,77d94c0319e33412a893df456bf8010d52313caac64e5794cde916df228b5bd6,codecontests,15497,train,966,7
967,772bfc8a310858696e9e40cb034aea207d53048bd8a1ebfd8b701037b81bf9a0,39c4ff0620068164a020c1b5184075b9f988f20a62a98ab45b1f9dc1e1d441b3,codecontests,14493,train,967,7
968,77f2ccee7d43bf8387f9ddc40c9bdfe52c658035701766bc161174470e795bc2,252259a2b98cf03b99ebdd8077b31f37cae5ebd99026f9789eb032a2a2e8a7ce,codecontests,10907,train,968,6
969,0b11c5a8494765bbde2b9633328a9260dd2d12bbc9bf2dc02f60940ee2ee286d,1505148c66552c9516761a00e733fcca0fd17d3ba9b7975d7460765120e8d991,codecontests,12056,train,969,7
970,3dde539d618043462151b510c588ab0e8e2adbb4ffa789fc5b3693ae62a145c0,5133b8df533516aae4f74704f970acbce585777f59fce1ca891efd03ef8a50c7,apps,14867,train,970,6
971,3ef4acdd1b84ef0d8bfd46837274f750963dc63859474244cc7cef0fa1e71271,0fac697f7ca0fea79cc6b228e5dad0a1f68ec76aed37e565d299c56fc07e0178,taco,14124,train,971,6
972,11829badfefa041d0c096f4c44b3cca10ceffd7c2ce304b577de8d533e9eacba,5a2c4461e8e17f8f9717019a00cd471ae2f5bfdb85a7c3c69fe199f4dc09bf84,taco,12507,train,972,7
973,c16cc2531f6d93f6802656d9528c02534a8c6397ec7f007e660a7df3cf81f590,690de8192c07bbdcd5e69129951359cf6d3e41255d1bef1ace8b5cc611be1a81,taco,2954,train,973,6
974,6dd5eaac8d7e768013cef89150d879b5ed8c45a2ce148f9c903bdd2640c15623,6f959b07f9a60527c1b8e4e8fe96419e6e23fca651f0c7f74d41f8f29c0c823c,apps,20412,train,974,7
975,da4925737e6635b4d63fbe8b3d6ca1d6b0edf8238700d20c7a1e6badd429576c,114cf4e43ef09064deddf05d076f24db5415e4dac39592d0ea0812513d2603a1,taco,22038,train,975,7
976,cd490580f36e505de2292062e3edcc4e01c3602c621cc758e7e11a43ca6bbc3e,5b0455e73a623ccb93888de2137eb488f9d8f5d593c7c9ec0ef1e68e62af07ca,taco,1065,train,976,7
977,a27f755b4f533059b47ccc04b50be041b5002dae8b4fc4924eff0818e08f7a91,052bed338f21942cd8e94616d453ae42b059325e8964d2e886c4e75a6ab8eedc,codecontests,22301,train,977,7
978,12c5faf9636f767ab5a0b06ce88be89a96919ee9690d600ca497b1712b2b628c,14d0daf240ad47b79fb3810a73f9a9ca96e212c7a5920db8affb041790741bf2,taco,6297,train,978,7
979,f91eff80e702af0625513c3857afcbae8233595b90aa98ade19ebec493278c83,80b48d7b4079ee976801097a520a1111abcc2a644fb90c00d26a295a0b7a2f09,taco,9395,train,979,7
980,14c910a3f0fc7aa51a0d22ee47afde1677c4f788a15b3ac73cb936dbd7200a8f,58978c9bdd6a409b9b896d855995389dfc18870ca2b9d169d90f814eda46edfc,taco,8840,train,980,7
981,959eeceb76651952ebca58a1d68f1f3cd034aedb171de1fd271211cd23fe6938,658a2c456e7c107901ccfa38036f7c6e0799166666420df77e7a36d67ec7b484,codecontests,19412,train,981,6
982,19c0a7444bb69ee7fa2d7369d9f76679fb0cc898dcc0f60ceca6b4a429aab10a,bc9fd6ecfafe9d81800dc720f84d260fa5057df4a3e99f1b0b51d696dc0b1413,apps,12353,train,982,7
983,e775980eb4578f7665e9cd8f1d98190e11ee415887a4f17b096920d1727f15cc,d803f975bda42f6138a5ca93a399d5eb3d180ffdcbce12cced45cfadf499e326,codecontests,19889,train,983,7
984,c4ecb6963b09a0bf7d964abdaad55845514cf37ac7da93dcc72948dde306473c,666709648581e2401a00a305e58f1f7b79a8b5826cb0705c4252ff4d3f49900f,codeforces,610,train,984,7
985,82bb9c6b3fc648be7f5547121a1bb0a55fc98a3af7ef997fad47eb9d4a9b73ea,6166efc5917c74474be27a68dbb4b5b57f00da8165abd153614e62a20da3de90,taco,332,train,985,7
986,933f01eddeb1cfebae4eefb0ec905118cc27bf226676c981f9a133a04faec43d,e2040c8432b8698d7f06b18735fc5d6a40c9b9d5c9b0fa98fa3abc4610d44d56,codecontests,7175,train,986,7
987,95877380f46eba046eb5b8316097a60cfc27343bd50d0609e00a0487212532bc,4d6f3a8cd1a2b347a20dd738e1db7a4983023b9424b506eedf3d7712ce96a17a,taco,2486,train,987,7
988,a9fea6cc0c2dd9adee16d81fefa140a6f4343c48b419572fec641b24dd378177,6fad0a26a83edceea14255ee554f797b62ead32cd002f25ba3f9722de3252274,apps,8245,train,988,7
989,9ade8ab572ec3771c8efa495161bce0428ce0c78c296d4a8155a900cd8188aea,5425344d12f0a9acd97eb990329ca183ca66e942d9a3a893ce854f09b7d4745f,codecontests,1720,train,989,6
990,03e5f99718f4bfa4ced26682ac9010c673ef41f3c2be3b987425dcd97bf0f811,4581ea7a3060a859b8515e8dc8aef1e2842da2e9b9553c358c5d925569b133bd,codecontests,22030,train,990,7
991,dd50823488232ae9ce7b91d59b3e1602cba9ebf6ee4dc0c364482900b8af6314,23d245006147cc343b3fb566acedb3960c35efb3d7afc3999f9ca3dc02f94b61,codeforces,15855,train,991,6
992,ede1dee60ae9d848ab7195f40f777b39c412f2d9abdc161c3aa556c6833e98ef,1673ddc3350a856c14898d35b07d5316f8bfb25c689d8a2de8657c90c473b762,taco,12436,train,992,6
993,e7f445ccedd193509df1ba08c017205903d6db4eef2c5105e4b2ce3bbedbab1b,21b4200190feb1e05411af26fe51da2d273709eead02c367b884f3961d46c75e,apps,13763,train,993,7
994,18e8d236094b2ecc8fe8113373395767b14ceb19239987da34b4e7f609c529e6,63abb91f94b19021320ca5adfb39c523c875cbf5313b78bc6864d90404bd9d73,apps,11278,train,994,7
995,fa6e1451fdab4048174aaa7d2da5701dc36b0bda6b533c4b9f77d79bacdf1e6e,394cfac79c158b5db85d80c6979b262fef065609816384acad9c987e61047e9b,codecontests,6739,train,995,7
996,1dc849722dfa28a62f3e77200525b4253b9f15c91232f2a942e00318c2553a35,e96e1f5f02f5750aeffe9990a9e39a7113ab414b7039c95aa16b86e976578ff6,apps,21150,train,996,7
997,5b9d4b2d3ce01a5b6e858302707f2ebf70cf5fc1ef7d31bd5eed69b049173e21,c98e2f4628e5202f0d828b6531bd8cb7a6ed61b0a341861cc281c73c360aba10,codecontests,9235,train,997,7
998,c8ba1830bb5b9751589d9aee297d372739ee060018a2628a03eec0cbc96e137d,36235bc9a6bcb05d24e416d04fd1335d49b4e44c2e5eb68e2c2d6819a5a8e416,apps,21859,train,998,7
999,690289f6bcc787273d20ac225617e83307c329649d70a520c31a7de6a0d7a95c,eb99d388586b1227d1eb1a0f0b8c7c3cb5a9626678ed89daa7d050143f2c2f99,codecontests,3484,train,999,7
1000,834d9df32724b17de7f7daea093816e5ea3196258fd6871e0405a9a9252f646e,d6057ecbc8f5882e1b1b806263d25ae112649f10559f21eb2ebd517ac6e903e3,codecontests,18599,train,1000,7
1001,2028e432bc3bdf2bc35943f064b824e8272b960e13e8e4aef9947f48264804c1,1b9819eaa44c878c0296d9333aa1cf397cd92c2367921a804b93219bbe154fc8,codecontests,11786,train,1001,6
1002,85d124f52ac7282919e83bfc5335e011487ad9512df24e390ce86f4b3fa1cbfd,4fffd1d230c5f6aa47dc347bd9b61cd912b2e7498cef7c29bf6afb33c6fc6afd,codecontests,17692,train,1002,7
1003,c1438dabde0196506c7e87b1bd02004008da522a30da2aa65df38c27e4dd370a,f8d91113964c8f625759a91cdc6c646e497dbab41bcf4bd96ad209edda5f3888,apps,3086,train,1003,7
1004,abd606d111283ad8837dc66410d2b2ff7a4bcdb808e633065e16e77cf34de060,4db4f61657f98a6e6f4de6d3ce8128f2bf70f7092741c7235b42f4f8f43ceb91,taco,13129,train,1004,7
1005,b1faecdb2755b4a46ee793d3b17fe19d0a134807df223616b9fb844b0f0c689a,a2fbf9b338cc3754cb3b79a80f498a46061de4175ce80c854ea42400a4f83af8,taco,18050,train,1005,7
1006,8ec03c00b24525446ceb89e6f38b5cb6a18931d5eb0d3583c0de62d4e804c799,78b5a52704486a8dbc65c2b57939e37dc7e14de5875dbf2d55c2fe8aa1abb86e,taco,3284,train,1006,7
1007,ad5a9463cd40cc977e396a103b36cad7830631e2a92f7a74ced4f5b44562850e,454096693dcdd6718dc5e0dfdde8660cafb05299246bafe5bba78fd125867bde,taco,7329,train,1007,7
1008,d650a4eac6407173de08b9679bd6230db3acea78bd2872b7b9a995bfc101fbac,a15cc8b38168d7978599df92b808d1c127e18119b31db3e6cb25ba7f11bb0786,codecontests,315,train,1008,6
1009,e201e5134d545c13b336a0c952291a32d3da322a7c8ec10f4dffd2bba1e2d791,ca7f0c1b22736439d972e48bd90910492a094236ffd47331185140bdc2a7a072,taco,18616,train,1009,6
1010,5a7cb7ffead2d6b3dd67a099da80e87f062aa20ec24c197c1d22b9f25f513de4,3243af54909b1e9e02b2d55052fab33b15fc081a785becefb1e1b04a52ea8484,apps,2413,train,1010,7
1011,e701e7d6035579fa6b776eb8d5fe92dc854df7c419c7faba1a9ad8764aa571a9,1e7f4a240daad8d945211b3944166d53ba74a3450c435d8e8dc497c3e83f8507,codecontests,11373,train,1011,6
1012,55044790496b7b848f6d3a480aa0956fcca1baa9d9303723f5971f7fc5db3cb0,136ba1a9cfac4d321ec8119cfaef9a511082557a71f8a58b6da7340e9c873e9d,taco,17262,train,1012,6
1013,d5464c711bc2d3d638da6136deb66e5fd1d0a249d44e1c6d18a28e38a81ccb23,f9c269897c76cacfdda206faba1c2cd9036246eb54c43005e7c45db5afdea3c0,apps,8658,train,1013,6
1014,750ae6caa93eaca0d21a407acdba377875e3c57b03a87afb3b2699bb219411b8,d97ac468aadd8b31aa50d4502e423a351c011f8be38e75c3a2e5d86996f1e677,codeforces,13,train,1014,7
1015,c28bc25bcd69bf5529156fb5c92ed77a8937e037ea7866d8df9c0e788aaded49,8ceca8568d5dd8e6641f25e1b1dceefd4b4be49a75e428590526abad2cf86bd6,taco,12665,train,1015,6
1016,9a6f2800af082e4b33e1639f8d8f631f6fea9216ec102b06656c8ec54ad81d1c,4bf43fc70e2e3538c4afab0d7973a12a77fb26dcb1e3b7d4618e957f822b566e,codeforces,9681,train,1016,6
1017,a6184dae1b4dffd1d2157d80b6bbf8430645e31ad5e00caa563f4d090b48fd62,20d8db3777521f550d056fc69cfa35418b8f080e94a0a1396cc4b0b72791ef98,codeforces,16639,train,1017,7
1018,08738228039cff8dbfb2622ae2d1066a2356f6380dcf65855f35c2479e8ea0bf,a291e69e6a031e77af253306bbe4aead994943bdec2eb934f6e42ae088cbceee,apps,945,train,1018,6
1019,1f9476fe306bbe549c70e9c1e2624c660c67aa17339a246ec4c31f19a53f1f28,c6ff9258008d4dfa8ff58687ee8047a2c955a7edd4f3d8de361b06d84a8a0d0a,codeforces,10306,train,1019,6
1020,a03ca3b27e0c11f7314a5be38e394a4f545f3c7b25fc84d45a57e364a5d09e0c,7ddc43d286252612d3d128c29933ac29fecc663ba06945c1f1e32938971e6c7a,codecontests,7519,train,1020,7
1021,d4bc4802a3de5ccfbf820b88ac9eb91bad6884412c2497b09afbbdd8dbfc9f02,e4da3d2ea39d6eecee92fe346d226c5721c5986ee9b827e8a223b3da3c86235b,codecontests,9974,train,1021,7
1022,b717e173de2ddff9d4a1b72273b0156fb85b0be3436742bb383a4e20e19e5766,b0fa89a4fc2a7e6e432f45d0d66b9550ea88abd582438442b16b1c5e19f71f31,taco,17074,train,1022,7
1023,c173df604f7d8b763b8291efe5daf43dd599a61383c85da0b5ea00c07e75c25c,3a4c36ff2250053607c82769a4a4474336032af18e9cbe2c933881c7c3a0e04e,codeforces,15909,train,1023,7
1024,33e6622e0b557649242a7ded9a76565fdf7cb181e5c79e64ceed1c3894dd2d42,c0d97b0bc0e2f5be5b710bf3fc53187912a7eea2a4265f5ab0ec5add9be6aabe,codecontests,21172,train,1024,7
1025,b5a812ace0935715b8e2ea189c3d76cf85938b67177e1d22e3ffaacfe73a1449,d72147f7ab27bbdb0fe1e50bd58e967133088c2e24cb7213e1e06fe1324fb890,codeforces,4869,train,1025,7
1026,d4e98f23b39380e226edfec4a8aed2320020888fb4db13ee4da9950808b37ab8,8306488da60964ef736bb4cd865ef1e85a957d6d7149da26ce282772768b4f76,codeforces,844,train,1026,6
1027,913018952ab781cb1d633e63fb2beca81f8d7d45cd34da9e42b71474cc4a5ad7,9fb3fbbc9c66182a657b27755938b6a3b6ae86ea5f77297e9896a94fd339a72d,codecontests,8292,train,1027,7
1028,9c349ff676c6dabb1816bf702b7c854fb51b671c9b69c781092f692cee0440e0,f9590671d259f81ee3eec00c5b4858cc8a493be8aebfb4dd78eeb7293324ca06,apps,11645,train,1028,7
1029,e0be6fefffc52bfefedd3ad69ba2599a1efba38f35da8389c3e7c62760aa89e3,b123df47b4ae692f86e26222a5cce181a06f50876eb7a8105ef533c509e78246,taco,13208,train,1029,7
1030,e203db02ec032e57efc099caedfe92073253a150cefb40e510302c31929830a7,df17d484cef3de21ffaddab57ef2bfde85634d6a46f2d575498fa632bc36d814,taco,0,train,1030,7
1031,54a755abe97cb6aa12fb3466137b4940d73092053f00f8f64443196ce1c52cd5,ea3f02243983b1879225e4f6bff55a60a7268a0616d55fe2b41ef981798b8f61,taco,22595,train,1031,7
1032,4da50bff3dbf44048df5dd81007b26532345aa5ec2d7ba4882fb53ae61f6df81,0564f44e092b72edfd2ae2f70acf1679c56d409bbdab212dbda2e2a4ae7984ca,apps,11187,train,1032,7
1033,43b2c57fb7e9a15d99d7b792cb54dad1b263a15b4675e02916e579def820664d,02a4f6d3796706837c67f8fa1039fb9702a1eebb8129091ff66bbc823a8065f1,codeforces,14880,train,1033,7
1034,a5ab7d1de37e00d0298b763a18bb61b3924eb21a638586d756cd90b67b5322b6,47842f6cf712638f37dc1ea082cf1ceb71c592dbe0bae88291445748cf209303,codecontests,22368,train,1034,7
1035,ff2f6dd7a6a88938cf380e63f30730673df726e134c24b26569c58a362576dac,802ad492ba322006504c8b4e78bdc18886bb49a96bca57787f7278013d39adf6,codecontests,4176,train,1035,6
1036,e058393b21c1588f638a94365ac838eff104b407c6d83b420b3dde76fd61f2d5,9b7865b0c323df50869d49a5db9c7f633172b847b3892fa72566249369678f75,codecontests,14905,train,1036,7
1037,48e98295614102967b2365be69b1f7f2eaefacacf058033e38a1348207e5786c,120915aeb2e4615568a91e136a7e1f62a7af0bc5d45444bb987bb7561c23febd,apps,12360,train,1037,7
1038,b9aa126b6d685de4ca810b3a6c66a4f3e1c9cb220745591b8caecca3def52f82,3ef9e6de14e6dc69dd637370ffc71d05ae84f3af9798611367b3e92ba8aacb37,taco,2061,train,1038,7
1039,186331d2e0f0e7f9fb95045bb9f95b68ec62ea9892e841acfab3bf1a4690fdda,adf8b98c8693e01bbc8c21f4b02b47716b0a681d3e7941ea416993b3a9f30116,codecontests,3445,train,1039,7
1040,5e9e4e41999c447bfa85295ef12b6a58981080b777a4bfaeec552db578dc18ba,a9c59f1447eb589f467e67050b693e585c7445ef708f140c58e0ecc34e5ac3f8,codecontests,4194,train,1040,6
1041,5fe769fd25e16a9b22db781d7122eb2531825aa9ebfa334d171a80eb6236d358,5df3a23728fa947796e3f75a67db7670faf515feb21ed243e57bbf6576e86946,codecontests,10375,train,1041,7
1042,ce7693b131e7e13b5cd12bf92756f0fb1ab950721fa4d8be1ebc8bfc5147870c,c16661b1034693cc94415bd27473d0d5d357a1b0f8475ba3d699d8b55507a056,codecontests,2255,train,1042,6
1043,3158462a04ab8b52e546746fb7dea7b318c4ecd5b5a09646b324cecbc955ac29,4dff5465215fb162fe5ec855ea4c21ba596ab48d8f1ee43f6cdae5e65d38bf4f,codeforces,873,train,1043,6
1044,19da96c16eccaf4b10c4e22e248a148d81f3d64720d18c1390c3ebeaef4e38d1,db67640491711931d1608ef545cee90856f8790030f202c1991534ec567ed34e,codecontests,2437,train,1044,7
1045,2325ab03999a77069caf4b5a998b91286e283b78b468191c226d74b58978fb30,c672151ebf22f0bfa572ccec15fafdf1d1ea6679f0c7ce9efea9a845c3ac01a9,taco,8976,train,1045,6
1046,b62b29cf901d3576f026075b92e00adc8552dc4ab7a8e5006ccec7608616e78a,8d2d0c0fe7a6b303e8a19d57876615a536d813b216cec9376dea447cf8796fdb,taco,15958,train,1046,6
1047,5b1cf6d1a5abad10ee02d8d968f731a1a9353481c0898f86dcc9526f4287847a,849ff43ba43cee817650959ab841fa32789a3e0a36abf628248ede6b04430e02,codecontests,2051,train,1047,6
1048,aaa8317d74b64d17e11ec739668a5534b7326d428dec206fb5a5de06ef776269,d9e727382b073c0a4d0ff7e81baf2c005a8222aa0859a7b5c3d57a373d539ccb,apps,3776,train,1048,7
1049,5ffe64ef01d2d4b475384ea45628a03da2f90dedd1b4c10a037f32aaa24d30b9,71f77c1c5dafadb883f13a23088adac816ab48f92df8f24d4f8d42761122469e,codecontests,11809,train,1049,7
1050,9adadde26ed4c7a82362fea97d275e75701256056de8a8c29396cb482a3fe7a1,5b7cda4f3202ca3c77d9309ec94d753fb2daff66a3b507a30dca37a63ed07290,codeforces,3713,train,1050,7
1051,897f70f1714269ea8eb32d298d1e9ff7eb313b4a5dddecf9ae8b904460854b18,5f16eb83559efab36df7e8fa51abc12caa5727453875f3a2544b9a3f0df6701a,codecontests,11452,train,1051,7
1052,0b6d2b3f604ac98410b8aee5451601260a9c996d29037856dca782fd1dc2342b,2104c4406592c201188f3f3863930880d272074ba2de824987bc066cd98add68,codecontests,11029,train,1052,6
1053,a78c7e77998dac5dd237f620d4a8666314da646bf2763dd044f05db26782f88e,26af53d39417db50a63c311b687007121bd3292236f1d23e4fcf2c99fa073e4d,codecontests,11154,train,1053,6
1054,d38f6416a373104af35cff4bfa844a235a248a78012a7b4d1da86dccdbe92172,7c33f9a4e39c465fb63016937054f09c5111f92f31b7dee3ad435dddf0516c08,codecontests,4828,train,1054,7
1055,c0a453ba63b1be022b9b4528a80ef53aadd2a1a78d17f1181448cdc995a2db92,ab4854b9328d1e262305625987079420c9d6de44f163a62f8fc974421bb8eb2d,codecontests,1719,train,1055,6
1056,f5897cef53c7afc3f23ec4ac7fcf4c275eb7fed033c65af73bb063ab00e9686c,aca77f6327cefa4ac3659cc12ab9be34a89d6a7a96052dc1b3ef4136484429d4,codecontests,14900,train,1056,7
1057,9819bf0d01baa39933840b38f9156474e500d2e5e3a0a4afee905fee91870504,c083d2172c5eefeae193f2841dd779e9cecc53c8bcd7f8bb4f61df54d9748a9d,codeforces,797,train,1057,7
1058,7ea2eaa96bb329285b1986c0f959fa9098422b03abca6c39dfe612107ef576ad,06947351246bbd1462e65bc7ca3336a9e0915217d0fd41f8faa9550f6aea9899,codecontests,813,train,1058,6
1059,c90abf14174b70d972698797bdd49a66aec6ff73aabe3cbc48d7636b70cb6a48,9ab4a1396325c83f7dadb67d7c4f4289c4c4f1088798f0f9341f816405ef6e0f,codecontests,10529,train,1059,7
1060,4b0253b61749460bd7b56b96c06b068fc9fcdac7e69e5bd6ae5413c651db9973,3f78611bfac3620f513bdd7c4144312f7d34c71ee9f7ffacce3accb6eae50779,taco,21588,train,1060,6
1061,cc09535c218bdbe094bf4ba314aa14a3dec78c2e944d270b76af443ed6fdfd8b,fe251b01074aff1a05c7451714e5c34a180058d85099ece47e031b08d0cf6f57,taco,10143,train,1061,7
1062,7e3b77b8af3612baad0830ca925ecc3a9350aec7a7e82cab6a45010be3bd903f,5150b2fcbfecadd7cc306bd33018101520e277bf33b01c18a5c76d4e630313c4,codeforces,11759,train,1062,7
1063,54b341d8080f8127e0a8c7003a807c8562bf66609d00876d2dd884c29a125d6d,9e1e678fdcf14d5a420e43be09230efcd2e5d5820dd2fce76ec163a47da4021e,apps,22481,train,1063,7
1064,18424ed1213f974a88b0513cd1730a71af3598abfc9672c75e3502ddbc600957,df60f30b10698cd8f5bb9af376ba8bcf4e062d81ba56144b0137025a2d31be41,codecontests,3077,train,1064,6
1065,11c6b087eddbec376025ce06a7ec5343572703c51854e80e673ec4043aed321b,36114cec068fbfcd4033d053a3130763b145315f2835437a844845eca2622a27,taco,51,train,1065,7
1066,bb14881b80064c595dea9a6d20972cd9ad15a67fa5278c1b030cf1b167b28d0f,89bf171af768e3acb222945ed9a797e8040c13edef2ca2877eff5a9398dc2314,taco,14232,train,1066,7
1067,413ac2bc25976e62288e421412c880c56c919803fb474edabe56cb815fdc8219,4a911f2468fb499228866d62f800eb461d998e8fc7a5a01a7d50f35555e8cba7,taco,16950,train,1067,7
1068,0bbb17e7e5edf9d99f6113e0f593f944c29197b5ea159c06f9bde51c0d3f2d6d,ced2133f436b7ec6aa6e152e07614a8bd33d537f3d526b7a610a57f5bd7c083a,codecontests,9722,train,1068,7
1069,a16b6c43051f87bf9e65f4f0f906a8bb0d1de89477b6aa451276771f92abbbbf,3354da3cd51555031bc6d673adfdedfe8bfaff2988c5ad5a6fa6d53e01d1780c,codecontests,12788,train,1069,6
1070,0db9713a7cc7a173e2b446edeb595b07d4804ecd802d20ef3ad602dc9cfb16a0,46a0123865d439daa7c4a3c2992ada554717d83df658d6c4e2f0a37aa00e85e3,taco,1552,train,1070,7
1071,180e340c39dae618a27f761883632fba89cda54d10bc90f73a7773e464412847,07c0e0c3d7cc16e66802865960785938008624f3ed4b0d1d10a0488517022e9d,codecontests,3663,train,1071,6
1072,b7c33f30cb87f0a066ce18dc1f2df9c017a50c4af07f4fa606a9c0a1cfa1ba3f,7b963492036f36392c776396dbb3c954b275cb651e26f04f19af5202cc072efc,codecontests,5202,train,1072,7
1073,ba5d0a73211a581d32e32698b85127bb1ed0e0b0b0ddca056042ac078885247e,6f0b799b5eb3b6930fd7263c21ee62a858f8a1a4dfcc5c698458b6a0d58b6c3d,codeforces,13478,train,1073,7
1074,b5ce79fe5b8d9bc738d0a8b88316258508b01caf800e5429cd8e51a03bf7d2b8,49b08ade4b940ac565301d54d3f7abdd0c1cf9fb88e91d529d8b2ed5da36e294,apps,20256,train,1074,7
1075,a9f749c241d59c69449a0d24f1f509badc45c23647218fbfdb251914cbade695,8a0f38f3b854dc728f3e71ef4709eb7cf47e58f242855f8282a920528b9867d6,codecontests,3954,train,1075,7
1076,42d507178ba0507ba10f4557bb16ddd45456cfa56d36ae8dbd98e1851850cd68,f42c938db81c2fcc6e0a0d143ef4a0b9676a82c050b600208acb9cde11519e2c,taco,11738,train,1076,7
1077,90a62e6042e30e115121e5dc9d9df328f21c875070851a39c718c4d988c653f1,360cce3767011d6c9989b8863b4f754946c453fb5c0a244ae0678786c85a2524,taco,418,train,1077,7
1078,93e005fc4e8945d6ac0cfe4638648a46699bf472d18a493a3693afac77e2ff38,8bafe5663ac9f941002ab6ad9f70719d83d896053f0cb5bea2ed9e2fef89b4ea,codecontests,10976,train,1078,7
1079,3c122fec1a93939f72e889a48e16a9e24c23ef19cce0e49fc2e871b461e5526c,9d4de06da83b0ca49be62aa679ddccc099b04feb0deff16fb696964a8719c202,codecontests,22241,train,1079,7
1080,ea7ecf9cca4000626bb7addff505cb530e091a3e6d1b4a8b8cfaf1ced1ecae31,761a1b3cfd66deb6d8b598ec4f66776b6ee3da9b8a7626e85b5da943505e6aa9,codeforces,6781,train,1080,6
1081,4c1225929a32e799e563dbd75985dff0cd02a4e014baa15ec2116562ed605d85,eeacc5d867e1bb7117bfd982726856db342a1e6c69f72c810682f3f63bcae047,codecontests,6188,train,1081,7
1082,31695c185db632fe64bfe2bcca9732175b93c80f33952887f1ebee1db08bba16,106e0d61cd9488f8051b8f026540dafe528766558a946fa8d0e838cfa5773e33,taco,8592,train,1082,6
1083,39c508b0e4b9eb14324a89e4c86138e697347949654c67f5ca810cb98ebc1e5e,75b82df209f73f914e3bde88cad2579c490ead6f6e49ea0c26d7a852ce25eeeb,apps,8602,train,1083,7
1084,b405e6a4490d793a64514da0b08c5f6ea35c71be624bee19891ba9f4989a4d7d,df212adccf7e8b4a5a8a0bc488c24579b5bc589d2fc0b11a0be9458d91a1abe0,taco,10883,train,1084,7
1085,132af481396aada1eae6abd276c22a0f47f8050bd0d20a2fbaefe1139a088354,dbb266d8b0319ff2592bc01d8b9841877e3d2cd3707a9dfff11904b42104087b,codecontests,4764,train,1085,7
1086,e324a2d23876fc54efa3ad83a7d6b3d114794840ce819d1cbeab11377f74518e,b6986b3b14e77a88b49596de6f85840276fa8096f29e331aeda809f8b4031395,apps,18714,train,1086,6
1087,fcbceef2dcb2a6e3ee496464342ded2cea59e9ad24013be7a8531de7b0571b76,ceb021c6644a4e92ddc4315f9219f8044d2ac2b07e11f9906eacea691dd52121,codecontests,14241,train,1087,6
1088,24d5ecbfee52fde3fe0f0d076c097511c86df150f8b512fc695582efc9618501,af7822f06a6776086ea1e1cd043214641733f9e3cb73f7bea9ece15f7cbe9e11,codeforces,22078,train,1088,7
1089,a028aa2c016a7cd5d7c82102e345a7330f713563dd19599c63880fd4dbcad096,4769cdd9a08b66beda7c10889a27d7bcc0c6885e3f5a1ace53e3132a8e8aa4e9,codecontests,16862,train,1089,7
1090,a617a5448a90bd9e28323025591cecf77a1a39e658452c847a63dcda295f3953,1cf0ab3f91d349908438a24b5f64e62d68002aa2b7e46f8fe68b54c3e7bb61f3,apps,2622,train,1090,7
1091,c10242b42bc3d54565c4d937c8f8cb35c5fd463914438370bfd456fb2ccdff75,17f057ead03b54ae6e3d9f791ba39421a9199809adc6b13b1178fb6c8af41615,codecontests,11780,train,1091,6
1092,75a287aa5275449996049ca06a6df7ee93ba610a2bd09f9776d4c146fd22ad28,d5cb7d014186e26c4d778ca001df0d9e9675e914da6e102bc122f0192d3e9620,codecontests,3995,train,1092,7
1093,18b4bf6fad66bd6be344f1cc79f2e9fe95fa15450023403060489c01515b785a,9b62d0b4edea05d98f862fbf84ca6f196b04a89bbdbb59f4203e03ca58ad5c68,codecontests,18508,train,1093,7
1094,8e732f94d197f587dbcccae18142f8c8ec96df7b13cbe0ba4eddfd5e2aeaba07,a6a2f9547c7f01ba11dd4c39be1090251b42274389c05290ed474ab4b073c269,codecontests,16590,train,1094,7
1095,1c75fdb879c80536de54a91749af5c3f108a48beb23558e50b9f48a00e670093,38bc904b4490258a7e2c954b5a8a9718630871b14bebad179de7eb1796d3d7b2,apps,21218,train,1095,7
1096,2e0b2f6886e54a7714d5630974a8bc8a1b1ca6fa88293f6b1009e99b033107b4,557491b069ca1235336a1f015279c4f1b1c893a8b6ed07e95ea5f1f775d91628,codecontests,3899,train,1096,7
1097,c52689099307fd13f7f990329d6d893b77d5d9a8ea7c3d0c91554b05516271d6,a4c6c37e1f90ead2e28d0c0e674ee1ea0476db0c1e15f899dc50612c27d9301c,taco,353,train,1097,6
1098,b9498fb4afb02d97309f9df6dc614b9f3b4f534b1e1b29a300e6eb90c4cdb5ed,67bb85e6fff2a9ec62aeb6596d7f88bcfdf2db30445869ecaf73ee1ac1a5d317,codecontests,18555,train,1098,6
1099,bd7425e56ce062505a9e431b611063a1f965496b7736cdf53f53aeeb69b3a60a,05845c93e2b27c2167470221f5421c935a359d806fef56c3443310913a6e30e2,apps,22202,train,1099,7
1100,9b69056a07d099a1d717dd65f6bdc48422ba02aae5a7e92f08f163a8180c4430,19cfb59b27eb3d701a0d4f11c3e134e8a8db39837d8d5a61bb4d08f4ecb26857,apps,17686,train,1100,6
1101,9b059af573ad9d4f6f6bc62a68c9a0c58ba0116c1c63600eaaf59a39bd8ae5de,2e3342d37a330ea23520592a54c185e06af550f05526129b086d3ba24db2fe03,codeforces,9470,train,1101,7
1102,8ef4d4dcc6d8d7a03e4fee479b70861f058ff0249316f866108ea72dc300579c,e5351cb055475f8f6b3b2ee8cfeda4f38fc7a8416b455ea3ea9c7a64c702c7d4,taco,14146,train,1102,7
1103,0a116d0d0aadac9a11c553f845693450beeed40b50ebf4ab08285a34f2d0c9d8,15e0b95a346563dc0a40dbd050fdd3c21918333ea1472b4ffb35588a6b8dba51,taco,21029,train,1103,7
1104,9a7f6c66b43c9ce1b0d3b122f8f7b2d1ca7919c33443899b1c73d917a27cb47c,53ac5aebb4853fb7b1ef5f4eb2bb0e6bc4451875d4de7d8025d13314965151ad,taco,20296,train,1104,7
1105,77613600baf1b0f7a9e71085b17daeaf998127f0b94d469e98e82d3968ad441b,dee74c71610ed61630b57a294acc62d62e9429e3754e73624b1118136f3fd27d,codecontests,538,train,1105,7
1106,2f1ae784846e320ec35ee36181bc233c32d29f1dc47d48a7bff6969305ea0bea,4998c8cb06344b4dd2f382d3e512edfb4bae16266f48ea6ddeeebfc9c8750352,codecontests,16525,train,1106,7
1107,b9f425a5a815ed44eab0cad3318846adfc8c11f772b62522bdaed6f629cef3c3,1f6499a182c827be608d1e0635d5f39fd2a2775ef98a676727998dc51c342da1,taco,1758,train,1107,7
1108,ec547054f77e391a606d567854d33ae39cefac0ff31a32373a380c080179ff42,2011044ce29cbf5ff0caf0b268c9d73885efea7cbf1dc83380adf68ca907a6f9,codeforces,9204,train,1108,6
1109,4daa9e514ef5e27240c3230a1e06c42e126eeb66e7afdb7ef054e88caccfb121,dc118592582d1dd35799f9a6ab3e57f3d442cf2a157a3d595a7bfcf40b29d914,codecontests,22234,train,1109,7
1110,fdf241b62f5b5d84c45d8e44640958dd60a4ee0e1eeec9a983b3731e122f6fa6,15b40ddf2374f31fd2c67cd79954c595104796a47d6cb5710809b3f6dc24a4f3,codeforces,8198,train,1110,7
1111,f59762778dcf3999649ce0ccbc1266350f1391f2b37dd5a43b2befd6e1cec4b8,b0696729e6def01d732c3ae13fbff31ef8fb4c1b2b2ef7b4e2cac56a897c5296,codecontests,7637,train,1111,7
1112,478e8d7fd9cb6c172cae2db4257a97624e38745e008579dce40971da3d433f92,54d50cc6c2b344c83c69055ac1ca5449959264d1aae41415c873c6e2002b569f,taco,13181,train,1112,7
1113,a82f8bc3d4704af04a71d0ca2db7e548f209845f72cbd4db8ef7512daf14de6e,ef3be3e0837f216b91212ac70ebd8ab16aa9391a6b60a843e426a8bc5132ee52,codecontests,10520,train,1113,7
1114,6d7de168ab095a28d26aa1115ba8f8e274d6e0806b1291ac942bcb88ad3dfcf3,9aa98919966a861548136105825960d1efd9659a3725c2823a58bf9d6734c07d,taco,5313,train,1114,7
1115,57c647729e38eda6b3f0ddc877e36ac1bc3e9551cecec8ae8902301d057e58c2,3421f111cde64526e910c88a96ea0a1ce6f8a70f108ad4aa715da24229508cb1,apps,21978,train,1115,7
1116,42a65565632c45f9a14611379efadf4127e007eaf981578405c9ac67bd3ce9ac,3502f8ac06bddd23a99f619469283497dbb5e971dc4e3c1cbff3766cb57e6fd3,codecontests,1545,train,1116,6
1117,b795823120ef3e8556ff15ad0c5a5a9ab6f3a714013ddc3baa09c960c20acbe3,4c6a681b9fd2aabdf8a636139015cd0445c54f1ae0ba210151ce203e23d3189a,apps,3800,train,1117,7
1118,176bb677e9bf7d6bc9398bc8850d9cef827623e7cf018321b37d4b6f1ba04fad,642d7f642ae0c02c5679893c962b94db6b6d3d0c7b26451c8b05b25937f589c0,taco,15187,train,1118,7
1119,3440dd0de350998df8033e55d960f1698cc5ac7d8c0f5b24957adb9132dca025,ed6175d9f2e29ef4fa9d36d20b417eb13e6f2ed8de7643cb0fb85640744dc127,apps,11612,train,1119,6
1120,2edddeed540eee126f2b46231a9347a6393315664b56060c85a768d63b4398dc,e2e6079758f90cdce051090c16416e29034e580d5d02178a4a4e17240babe4ca,taco,16651,train,1120,7
1121,ae77fda982240f45bbd083060bb06aadb6cf355f099dac17926a8d0736a76b10,3ac5dca6230f711b42b59822fc6ec38185c7943378e144b521912175b2d0aeed,codecontests,15848,train,1121,6
1122,2c5b6e9347794d1089ee29a55534c047f295b961a95382c7f8e1000e48a6719e,768c727afe6d57a54dc400a7ddf2b8cae26deb75ed812372ec8d388cbff129db,codecontests,20811,train,1122,7
1123,b09cc17f63c42cc3c98e07126a3c622814ff8f7cea80b641ac918872254027ae,62f84d3bcf142e61e91fcc35015f9c7461f1b6118c274390e8fd7a93a46f9dc4,codecontests,21457,train,1123,7
1124,20c0c7e9f4807116146a7cacb6f847b2f0054dad790f9de0ebab200c4d71ba34,18d6d7400be17fa7dfd4eac9789c49be346c45bb5f26d7c50d1ddae1171afd35,codecontests,17506,train,1124,6
1125,c77b32dbb6387e2610a171bbc552a6985798813532876d88aaf8f4897782b5bb,39a37c0c1a245cb07c548f516782816654dac1b75666a81be681d37858a62d25,apps,4179,train,1125,7
1126,bded72b596dc0b98e0c50947f4fd7a0b647d5b78fc7fe16e895a76f10d43b6f5,57ebfe6efe3f69de805d686cd8bf95dc13c90e6cc14174682cc3242120cf3151,codeforces,3545,train,1126,6
1127,fc975a3b967b838c67d481b02f65e9898b8bf312614acfa01377f5edf90de596,3c72461b2f6e266e85ebce2146dbebefd33320b49aa902e2b002baa9f9881fe9,codeforces,33,train,1127,6
1128,d11468bf5ff97ba2de329e011e9091b22140e1b4e370f2f8ec630ccb0aa97e7e,51544f92eed56981184352177bd10b3930cec33064b6bca0e807cefad6483fb1,taco,6693,train,1128,6
1129,b7e85e1820c1ca9e1c275dabb56d83523072412d372c7f8ce08e7d051947844c,9a09ea8343051347c8ad0bce4a7587657f9703cbec5205f9fa786237ad6413b1,taco,15815,train,1129,6
1130,ef2ecdc6b6e1b3e08c7b8cbff679e702c0349210d5275b5fe0971cf354c60422,d8ffe96cf335a7b696186c5c21c78c14b01e8beb14c8b40dda485fb666f2681c,codecontests,5459,train,1130,7
1131,6462a93b8f0975a590788355955feb3759a08fc46a9f4278867ade141c664e4b,1ad1e701496da8c18b7e2760ef5a9266d4af82d6c234e4217f67f7a9ca250cba,codecontests,16832,train,1131,6
1132,2fe4daa12de325362cfb8109ecae79a74594d8fb25106da7743b255543b43c48,713971a2bdacb1cddecee7b53bfb08328e3dfdda8a0283d3cdb3a1f41783f6f1,apps,5702,train,1132,6
1133,b072710f55f5780bf89fa6c40d512da7e14ce81d2603b8344e124e7c488625d2,925c212bd037c94436d735be0a11a2194ff7f1f3c3d453e2ee58aefd4c2eb9f6,codecontests,17855,train,1133,6
1134,e027f26a02da9cc2529891aae7a822cab3dc08d157a6547aa051082d07f256b3,952cd61fb02dadc24c72229b15bf62c933d683824f1be7096e33a3149c45f36f,taco,5496,train,1134,6
1135,f5e9c7b8efd6a4264b0f2c8f182c74cccbd8c41314add59707ff58a94cf09af2,d0cc121a28200e516032c3ac7f0590078b7da61c4413e44d79e4d19c136591e0,apps,4108,train,1135,7
1136,81db77c93c540d4f9909059f03d638614855caad17a7c7b95eb2ea9ad93fb235,d09a0b7d891681151c560dea2b40dec6e92a551176a2f1b55ec73c62856b9ae8,codecontests,18649,train,1136,7
1137,660dc953f0d3d410a7fe34f8d2c2cb58c5f38f824d6af1af7f14ed13461abd5d,769ad6fd61487f0eeb7563d8d6603947a4a78e1463e560fe9e7597b790cfb000,codecontests,1780,train,1137,7
1138,e9f49e794f2a28494253c2babf56b91adce21792d294e488f7a038aa36f56bd9,0ebaccc7274f37f61f9d29f9c6165b1ba3ac4639d33f811f711abf7e67ab4366,codeforces,4048,train,1138,6
1139,6d7071c1cc7b2fdbd8399695740c26453a83454327cba819a6dc9c90f5f83491,3d187c4db2253d0631e18e4c1f128ec9cc38513f3d0daa6d25a7cb633626e497,codeforces,20569,train,1139,7
1140,cc56f51e8fe26762bc54370ca5af2862e1aebe54631e403e6699656c22be6d4e,07a66b9b211da83d130f230b3ec00369e172d82c3e5ac5c7c91deb2f157c6be8,codecontests,16149,train,1140,6
1141,0ba6c9857021843484530b33a0d5f6b9b85cb251a13f9ba64ff42a4cf17392e7,eb1e6cf27504d4aae7c4bbe17ec95b7e34bec9ff136814ecd8b2d26ef4da8e03,codeforces,4037,train,1141,7
1142,457c50134f6996230ebf05f71fafba8de3b402cdbb214cbf3b5241c298593bb2,dc7b10457671177191a401db39886be06eac2e0b35cf02fa3c565faad8b109b7,apps,19269,train,1142,6
1143,14710a0fb15abb655dd8b4f52a47bf8d45864eea062ac8f8a32f7f5270d254de,f55a6e2eb54d5eacbae563c9d9b0b11ea4f2250ea1f2f1934e308b6b91976e3b,codecontests,13859,train,1143,7
1144,4323a9691e2c98793b112aa594f6b0b674a9d6c6bbe85cff2c895a5455d83ccd,0f4eee6309ef566ae7f1cc8bf304d04ea5011e59664b72f8fc7ed01c85ae8db0,taco,3081,train,1144,7
1145,70e45fe5bf88a4d20ad47b33ee20584e0e371d20c28277a0883f288394d68ab2,5ffa044c7815de944c629ca25d83198f5d181fbf315497be2409080c7a8d9d7e,codecontests,15158,train,1145,7
1146,ac2c3cb4a4b052d60a15e80fd007a98056a1bfd105b25de59968a3edc31b88bf,36d47378d93da1a61f7d4dcecb1c73ea08c6057a2cda8074bd703de32312bb6b,codecontests,4466,train,1146,6
1147,cf592be9b6af26d3828e7d0c5ef4a48a0f036e644185db4feed76c31f627d033,2038e687381c0b7d62d9ade27e0e5f5ebed94b7d101b4bf777bf63ec7da623c8,codecontests,12443,train,1147,7
1148,5d2b6cc5a9e982ccb66d0a347ed570448017a577d1c6a230826fb8941c8e4385,c56ecd4199a7420ddc547aaf4c08640dad70b0d2637eadaa8bfc1546bd85159c,apps,8860,train,1148,7
1149,1367c475283f327657c9309ef0b9ed4ff11563470fe5cc8a03f687f68265ced7,1db9677b9f0fbd3cbeab5a10d8b7d6fe90967ba366e6cc8a8f5c77fe9fb94804,apps,22421,train,1149,6
1150,61a92491c9d3bf011d19982e8440ab55135bbdbbb865d0ab7300eff1e8d5497b,34ec6f595cba2e55c0f5cf9470312f9425ae0c468e76f32278c0598417af3a47,taco,412,train,1150,7
1151,1282171a6065a3c1b476bab935c48791cf907dbaaf3a5ee77d874123c10fbfc0,790ae11a07dd7d65f4f74f732fbd65ca483dcfa0c62aa1d86fcc0cd7942aa58a,codecontests,3360,train,1151,7
1152,ec78ab79abd8fbcd7a157b7a3b196a9d2bd687f97b73f5a56ceb45078f651922,d93e0b6d961352241d4b18402ceeb4503a63eac6fade7294595114f13a36be91,apps,2148,train,1152,6
1153,adeadcb1673282e4ea3ece16692e7eb9f7080b197dc5f40e1b3e8579d6e7a97b,31df97ef71cb8f37e6f7fad3f281cf4a605bee74027aacfa1fd914b47f535e83,codeforces,8817,train,1153,7
1154,99e5f85a3467f04bde719f2cca293f3a2454990c760f6557e5758a6067fd3157,41e84d5230a5dd5b25d45e06868b6821a30b972d4de7c0019ab047cd5d5d4c97,codecontests,17749,train,1154,7
1155,066e40a71ab57c5cef342b7213d2493cec0136c5577a385f6364fcd31e76037c,a5db9e1b8df55b66802b34985c075ffe3b29d7759184d2646d9414d6f24b28bd,codecontests,690,train,1155,7
1156,ce6cbf4bab96c38eef8cfb889a576a48240913b0c0c40d511fca8b5cc5ce5785,b1306167e6347bcf84f9e6fed129ad4e5d08a6fc28530f35ca9c7f243d26afcb,codeforces,13498,train,1156,7
1157,a64e14f2d0190f2d39a10c4a22340a0b8cdfdd16c72e053045fbae659a13b4d7,34c5f610d818da16ac1be9dba849356a16439c903b5d0b33931e6bcefe721505,codeforces,2438,train,1157,6
1158,df5f16865fb1dc06b7a4261f9188f6ec66462d01099d4e9d71515b9bdfb43982,66033e670adee3b94a9e01aebd75afee6434f9fe214180cd60a061d4d9d61ba8,codecontests,9955,train,1158,6
1159,1294acc5e290de7bc0d2f700e4bc3983066bf43b06c89927caa9b7ca3906b672,d96defa3908e8f5508eca0c8792d5956687529b0ee05b136f82f6cb509912ace,codecontests,19516,train,1159,7
1160,2a87c4054a854832bb616e77ae2d1b3a7f3809e9289c903fe957b979f2c70f9f,47a8cba418a6bd21201917a29942f30bce29a0577e255c526a9ddfbac9a7d869,taco,1615,train,1160,7
1161,4851d6c1aba7135b8e33d7d72365073f1ae23c296a5830b061b70434b3509035,b4f7070cd17506d3dfbe4d267ef857c8b7eb498f870844ade383cf353f48de85,codecontests,15782,train,1161,7
1162,d40d743cd200d0b44df3a9c90552d0c762e1c28acf41ab1ad72383fb9097bec9,6299371fc24a45b3e3a0592668c135d1ff3fa3ede7988746d40db5cf6560bf6e,taco,20317,train,1162,7
1163,d31111d9247c8ac7565362d5d6c7fdf55616972f646bfed9fe16f40b196fefd1,45876072f06a1ed77211e701eca2e396872d573ad056d5d1f28fd468dabc8958,taco,6121,train,1163,7
1164,5dc376ff73eb33a4758a1d64e5177f78e4dadaed88f3dadf22a4c993b14b0015,838b5b536bc6d4d4364a02432d5402b6fbf7daf31965093e4f16201d3b4bfbf0,taco,11725,train,1164,6
1165,0f61d6882e9b5313bcbf639747b0d80eb9f58b941883d23c9f47dca5efdcdf16,b3f25720a8a9d6c64e9112df8ee46eea501ae6de3c28e153031a902515af284e,codeforces,15680,train,1165,7
1166,8bd374e1087e2849c7966ac86d40dae0a97a65024c46f3122c2c0f7dbab2d827,1d6aca11192ed69774649facf7b9ba54d33600a1a80981f9c779ec0e509c2702,codecontests,8396,train,1166,7
1167,9359b6ff52b132b87d3cfe43ed3680420a649f2587e9a7a9f3a11b08ab9e850a,a695908c1ca01ecab57e3661ab25bcfa8472cb59ebf62a6cdeaf09cf7232f738,taco,22579,train,1167,6
1168,40185cfc867e5737e56cdfc6e7897aabbcc00c1b9c2784b771965338a05857ef,37995d452b03b4e9168fa87bcdeaafb89843e7846a754132dae29362b5371837,codeforces,8839,train,1168,7
1169,6fadcc08af879f50cc689c9e5c7672fa1f510ff42a956bf9e0c76d4fc2507c51,5ff208fa2b0fc3ddc361f39291ca5ceeae4862980f8013f25593001444f855e7,codecontests,432,train,1169,7
1170,5c91a714617ad4aa4f40a27c622c8e832487e5576980a6c4f3df2a188ec37a09,27fb035a1891711db04f5fd8653ac3e4c2979630f4ed290dd3f49dfe872f269d,codecontests,15424,train,1170,6
1171,8a337a871960246e7edc7872b88af1798984d2de5fb9e3bda081fbb551c375a2,c7fccf0df41d75b36cbe7e3f30e4f2631ebdcf109538c003d984395ce7b411e1,taco,14352,train,1171,6
1172,9e7b83c72a668fa3ee47246f0159f0ee21f1a551ed480123d3d165ad2eedbefc,9f5ecf4a68f02a9bebf2865469a61659ea7f12a35a358b64f53c0384f8de2454,codecontests,10192,train,1172,7
1173,cf2ffdb376b3bee7db0956257f24cad508748c6fb3d7f34284ef236e613076c2,8594687822fcb1b693f4b8d0b9aabf16ab464267cec27f6da67b1c371ff81e42,codecontests,17479,train,1173,6
1174,3e85d9a70bddf37a771bdddc36bf798c566977ed33637532c2c2ccbbc3066727,b0a02a0601c88d95d5f62366024381dc098b3e632ec5911ca78af9020c0d0c5e,taco,9144,train,1174,7
1175,f92738f38dcb98516022106134f664b9290cfd661cf3b4956b39046681a308cf,ba056fbfcf88c14a56e7a959473d1327827345db3f74e43369d579f9b9496cf9,codecontests,16253,train,1175,7
1176,e26a4fc9a4e8338c3a4bf25597c3797a407a44dc49a14b2a223c6c3c8d1a8c41,ee8a52c164f30eac503dc684ae4039c300e3e32a7af6b7084c9563894e3bb361,codecontests,10931,train,1176,7
1177,45bf07e45c9cf9374782ad63570ec9151d437b60ef96af320e318819682baf36,bce4582f933b59ba63e8e92b5e567b88af45e1c5793df9d1ed7fc9b52626cdb5,apps,6887,train,1177,7
1178,09822b53b4c036ea2f6dec78e545e0361eccf33d91f3ca20764c565caf21cf0d,f116925ecb79395f3174ff3fa663f39cebbdcf5449b5a39c0d07b615fa67d3aa,apps,19848,train,1178,7
1179,2161ff6631b77a81ee37fc07e3050e970a2b42c69fdc9348e4e9f250c65ad18a,8b1af1f5ad98853d5c9f1fa338ec3a849bfc3028a874b241036901d06c3fb4d4,codecontests,11355,train,1179,7
1180,24d9c277960b78ff1d14603491b28780391fcc481778ae1463d717c090875cbb,3adbfac354bdbf3a7689d2f8ff656814b2ea5b5a0343fb3a67da28142481625c,codecontests,4131,train,1180,7
1181,af70cc482a57ac8aa6b4fa951ed701b29cde70aba113db6769ea7b65defa43c8,25a1ac2a9fb4f1119df8e55f2ed6d611f6c500c86b2f7718d8734c33722d1ce3,apps,7453,train,1181,7
1182,4faf4bc245b66afb6f81cb2fc89ae4471bce3bd203e64c9c6a355282d3ed2f71,841007eb8ad420f6f17a8ccc2b2ad0c7471db9f69b58ea1816058aa4e9f17169,taco,19711,train,1182,6
1183,6f370389baa2e430ae1af9c6cb8176b74c759588e32b7aa81d734aae131820c7,8a49bab656f34ef8c13b3ebbea1781652b71a75c6d87633119572bf20570b372,taco,8825,train,1183,6
1184,169e6ec5a70b367f0829a1e1f2498c52d1677c9b59e4beb44c37f76f31834864,11d2befe61d1e8e0c16f93290469dcb8ed67999d89187117a8a996c7a7bddd92,taco,246,train,1184,6
1185,561f19c74a7bd800242b076080fa7067313a527bb6bdfb0ee8db8adbd1b05240,16c40d1b2ec020905b9ea4d4fd99246a26fd77c6fb6d8a0331a33ef1d84c2cb1,taco,20228,train,1185,7
1186,8b4ef4ab89d619aec26ef963f56f7f325193fb60152bb3cfac23350dd993e50b,59f031d2f3deba0aa3f3adc399655becd1f20d241743275df2650d9a93ad647f,taco,5306,train,1186,7
1187,5c143c62c1074884e06221cadd7a0d290eef69a78ae2088792a2a9e73f889f1a,c19a920adee559b6ba0c2f96d7b0c405a62790c7b6f50c6739af2fac67ee1e8f,taco,14144,train,1187,6
1188,87dd8c8e2d8a2316421b2bdb56aab904bf57a5331e65fa51a3ef6157189f3118,4fb90d05f731cb5a7ff26f4b5210cd9a01d8ab492f4889ccfae9c64eed5a97eb,codecontests,104,train,1188,7
1189,267f1cdb088db2ca712bf1d120136c7dcebdebf02550d929661ec95a19b2870f,1f4d5d26f00e57110d585ceca6d56d2f93c385304281c75bfd9cfe3e75123086,codecontests,17149,train,1189,7
1190,c7a4518f581cd20b06e7f7b28ae1f3d86db3ea34e0a9cfbaaf1f18db54691657,47a2ac24e49e4db7331b85f0d9678bae314a0a56647e616c7bc39550e3539d3f,codeforces,2893,train,1190,6
1191,1aa3c2971ab9dcf6e4702025604891a74309771660c14c6ccce005644326f2af,31cd640c963210c036fb2d57513d173366872679718bcff91492ce9d612f46e6,taco,4962,train,1191,7
1192,70073181e032966b4b0bb9da47b84c33f5bcce0ab40d5acf91b02bf4d6d1ed55,6e94082a9bda55542f82b5683c58ec743729178c9f42473fc3138060d408041d,taco,4627,train,1192,7
1193,241f55159d04714251dc539f019867bba190ac897ed764c0e9fc4961ccdda742,ccad282ad213964ecd4e5802bf8837312bad6bbb0ad29a10d419c2e4639dcc0d,codecontests,15590,train,1193,7
1194,7303bf1295366554618bdd73e7590dbbcd36004da9d867116e99f17df25b2a7b,8b489d885af50c7e23024c17c5c50b3d31e5ade8a427c4f34db73ce19e7022b3,taco,18393,train,1194,6
1195,1eb1ddcead146272ccc9b16e3a2e24b06c067fc0abc91a2f5a6cd86b35522786,b0b23a32b4f7c5135e4292de6bd1f7eaf505df28fc7f66ba491ea103af70b15f,apps,20252,train,1195,6
1196,9cf886847b86faf2fc8501fb8b0993d8c620e966ae252b3f5f375e5ee28d4805,e7960a5cb02519cb2c7179be3e9ceef09953fd9a969acee72f6c827b09709beb,taco,19814,train,1196,7
1197,f14281d98b7e62ce429d8a72985fe49941d782c56b7003649e8c857f91fba15c,21c05fa86b02d7f9eb4eccb8a6b2705aabcf80f56c9addb72857092b95b9667b,apps,20308,train,1197,6
1198,4a33d4193d82dd530f8e35d2259b9673d80f3ec9642d6d00512ef25225c28d81,dbbecdb497c61145fb8959c5946e2c8f117722e35b9491d0b9f3b17bbb2c0809,codeforces,2976,train,1198,7
1199,d421f0b029cfbf4ba0186f6b21349cefa3fdb242ed2133bb4976dac756cd1cbd,d39d2b588af64f245c96ad65e818d4232d91b50738d754c122b8313af9c2d366,taco,18159,train,1199,7
1200,9a2a5874ae5a9538943b5c9c4790d36449c2f266b83f006158be7deda170e475,f59f9f2dd8d47ccd165255f650759bda826f4d4ab3e7dadcbd730b5466fe9245,codecontests,18346,train,1200,7
1201,acbbd8894e9ed6b5966b3db43d60570ec5fadecd1f813f1c401f8f5986b4bba0,cd9acdcbd262e7b7561440c3cb5438cb76d49ac7bb44b15ecedf1ffbc4036575,codecontests,11876,train,1201,7
1202,361c0167c783e80aeb64a6df6be4980f53ca4062b1694ac739fdd2377caf1f12,1b8f4cb7ff0bb1c2912946e92de6a2f58bf23f51cfe4378ca0632dc0443f8c24,codecontests,8254,train,1202,7
1203,e46e0e3f90f9ac89bbec3a02fb77be131e2ab8a19f2c401b91d01d233367b54b,9cb2d06329dd704f5a4459f50936e4d1cc0bbf2f3a2eca1c00e3477d4e5df553,codecontests,8881,train,1203,7
1204,5b75af20b5142e4b060aab4058188fa580919f87ff82e146a8cb786db4257026,1a9f340c35f7ae0b7d3451fab7660e5eb6fa6eb431407f5025af2d66d93cbd7a,codecontests,16670,train,1204,7
1205,f2499fa557bc71a4df32834032866bc8af6ca68b5adcd06d416012d615d6772a,b063ad4d39d55692dcddb9d6f801c9f5383e2e35dbed9679bb5893bacde7177c,codecontests,1484,train,1205,7
1206,4ca639d661a61ad648a901b462628390324ba2ef2f7645f3c9526a0a08cd2af6,62a3dddc48c8246a07715a64c2bf3cf99e0cccfbf117dcdb5dbc5fc6fcd1ae6e,apps,17867,train,1206,6
1207,96cd5b0a497591a9c21baa20eb844444aa8d09abf7b040230140780f4f3438ea,8a9a8a2d87d71d310da26f7524130c3e86c2959035a5cf9cded7f2285268f478,codecontests,17055,train,1207,6
1208,2fc65abcdc7c074502ce4457a9059c46338f81078f8902dcad99d4c43142b99f,53cf289bfa5ff4b7fd93326145f1175f67e65d097e633bd248910b85cab29365,codecontests,15571,train,1208,7
1209,17767773f42fdf210c88e07a5d35f43d2541c1778017c27fd7468aeb478287d8,97337b7261f122f10e91f956aa012ea7efdcdc2d1cc86c6a9810d0b61792f9f0,codeforces,7010,train,1209,7
1210,8c5f994ebe3d2e1f892a8559f52c9355d5adb594f2bc95beee31a3dd00094746,a25abea524988ae3d00961975cfff75c1c33441a6917b8d7f19f41079a21154a,codecontests,19595,train,1210,6
1211,49442ecc61f13da0b91cacc1a61709afbfc3a7c3a6457f2a74a48d7aed9da654,3a541fdbcd18d47e613380be102bce5670f8641940974c2418a03903bd0dffd2,apps,7126,train,1211,6
1212,a1288b963defaf34b22d3c84f10611c396d1b3dcc92950d23b9e6f3fe88c684b,c89ffe7865bc7526592cc270acd7e023b117558eb4603690d2bc866564e43324,codecontests,14517,train,1212,6
1213,67598764e87412473523a492b1f25a2cae21ebf0fea3d79eb9251b947590fd39,e7458526e4b20c346eacb599f14647d97739fcd621adb47378669d1438e33b4e,apps,6697,train,1213,7
1214,d514477b91f58b7082b2c7254312596bb4cc9938ffa6e1bfd8d261d2d02aaf65,a0ff6ce3155efecb9a973d6a191f3b9d6b5dd4b0b062401ba04bdb32ed2cbbf2,taco,10664,train,1214,7
1215,c9985b59e245f19336168ccff587c51da90d13f0c858e2aa285638b5b1883137,546fc92e9b4164810c52d42f1d7b52919d75f73d7ffe734b776a9e1554bd1d28,apps,7217,train,1215,7
1216,549e63b39d47099c322a879191b2f951956b096ced93db3bce6be57f247d4c58,eae4dc86155c8cd88a2dcf08179f8b28d3147272bdc7c1954e4d9ae1d23f8b5f,taco,5302,train,1216,7
1217,7405b6d6af67b527bc4885ba33a55981f64507d1732d5228af5784ea4c12cbee,cae8213e15974e283d35cf56d9d5598e99c2a9fb73a4fd1827315d290af4d906,codecontests,16681,train,1217,6
1218,ccd66a4e4f473d72bc6aa38900795df3db2fd04b05f402a6c11f958610728dc5,12b48724679214e04184cab050a10b298de71cf13940c30a9fdc26b7aaf49f53,taco,244,train,1218,7
1219,483a253976093626da0aab163c9245f46bf7639e1b5630b87dc2974d5d1c0dd0,f8bc0d6032b1f8362271fb03e089a766c19a9e7a11758838e45f7637a15e366c,apps,9830,train,1219,7
1220,8e0271100998e8fd2a45c24b3560afdca6a29946b24298bd214cdd7d3cc5c8e7,1c578378317893aedacccd5fb4e238453a9f007f5c0ee47323160d87a6054bf1,codecontests,12042,train,1220,7
1221,17e6fe92242c9eb8a9ab87d7080c3b540dd874018f289fcd7a24c09b75cb9944,bfd3e7af1929db47ab243fa101724c80fba4aecde923d690f75aad8cc47d6b42,taco,7624,train,1221,7
1222,f93733ca7da1652023cf019741fb551c65073ec3c67c6cacd7dcbabe36fc7674,1e41cbab881ab585ad82fd9c3731a5d67313bfdebc42b8f86e29e5e5d93f4e04,taco,15505,train,1222,7
1223,6753b0f20f732cb3e0a6bc96963466f1173dd772e82cae4669b7b05b38db125e,d807345bb83691e0ed49bbf64dda96e85e677aea849a00e1ff54f6f88c577427,codecontests,263,train,1223,6
1224,03360d34ce998fbc403378b0c57c54f575bb7e1678d4d4bf2bb7f4f68c534e55,b5cd735026240d0093bd331279ad67e92e39ff6623cc038c2614b7143f2084f1,apps,12869,train,1224,7
1225,4353c97fb5176a5c452d340e148ef45c2f0610bed7f3f00e4170983337541583,dbcf9a79b2ea5ba949c4c4b8e2baa8f06e7ae93be224282a084c3cca5ab358b9,codecontests,14742,train,1225,7
1226,162047fd65d710a7bb146bc933d126fa3ff56e3f84d41ed06ca57adc4f77afa1,ab3e69471da333e13ddaef589d39d3c2d827ec92ed24960f6bd4576ec16f643b,codecontests,18850,train,1226,6
1227,0a072021b08896235994148b633b491151e79c95ee0a8a67b9401b5ae0d2ad5b,448aaaf519bc1eabb268b27ba31c07de43611699b2830baeb693db9d0fd865c2,apps,13054,train,1227,7
1228,1e48228a8cf77fed353609bf781956bc91a1501e941c781944b3bca25615cc93,c6ab218594dadbd73d27b21b09c03c7c0f9f9ab7a844c57d8f2224c63838ce52,taco,10871,train,1228,6
1229,199524ec70fb51ca7fdc3d947a30a93e3936d6c02cf54339733c5ddf0f3c6d94,0dd06340fb5c8800752fefd2d49524215c28bf427498c260a4adceafa00e701a,codecontests,7988,train,1229,7
1230,8b8898aed5c4c787545e3bc425b3b2af052a7a275ea71465a8c3db7b8c42d037,7d14c2152b14bf42d25c5a699b69264644e23f14f3eb6c930795073827991fb1,codecontests,11903,train,1230,7
1231,f06f13f54d03a5e942021857ae945203ca135ab3a01b46f44ffcda7ed0bf92b6,794eafad2f0714df0a56e913dfea8304ae62dccdf28c436a423e6378989f7535,codecontests,21471,train,1231,7
1232,6bc5a6b103903c59eb9f208bec548638d07e5c48a3472187d13c63874d088bb4,86353b77f7ab545159bbb9ca065f09b43f9dbf5b60ffd2b49b9385fbbe5688a6,codecontests,7497,train,1232,6
1233,f8124012fea35c3d50946b0270fd2affed28b85f725b04067c983d99f416a3c5,e81d2a883dd1452c314eb23205cc8b58d41098ad4d54ac8c69d1bb30b657c948,taco,5344,train,1233,7
1234,f9260beb17290451d76425b88e31a5cdba0f5b5d4e46dad6930dcfa025af4eb4,50e3f6b381d5f65c4033a6d124cbb6e1077900c9466ff154d2ca9e055a907f9d,codecontests,18247,train,1234,6
1235,2e95fcdee10efa9057e85c35be88b196cccd6a5f2b1d711e9af6bd4c55ced869,d791f715201939921be29766c722f2c9107044db2257ebda0ceb2d953bc453e3,apps,6676,train,1235,7
1236,02ee8f4982d2c95b4aecf1c9bdece6a9c1ee6c7ee2d28704ce9b8903df5ac2cb,8c4893e258d9aaaf6d7f898818080fb332caf426b62f6debb641cb16bf054339,taco,12182,train,1236,7
1237,e2a6294205964f1c94515208eb1274fb73d2ec14c55a6d3171bb941e27501788,7ed068b0fa24a5856052279b9db54f41f85c3d93475fb224d62f330bdd2f87ca,taco,8803,train,1237,7
1238,8cfe65902d2272fb9bb0f0c7e7af9685f206c551880dddd5a8cd80e4c8c91f9e,0ba1218b6f59fcd9131d9ff053bb92471a8364febce0479d9f3318c37620e434,taco,21236,train,1238,7
1239,f482642bea15c3f29db49ee62ed269bcf48bfa53bfc75296b1a11420486ce39a,09668cbd4ae845c9c99e221dd1157788ced539a52e502e722648b0ca015169e3,codecontests,15639,train,1239,7
1240,f85e4624a616d93d8cd8ee5426ecb7aa8259ff47b0a08eb6aa9386fe8a14b4fb,e2e1a6d6bb3f472438db3de8a661a8dc9227933199abb933a10610ace2e2ff24,codecontests,9397,train,1240,7
1241,ac9d53a323e2f2cbee16a09cfa3ca922743eac87945915693818ff6d340f1b84,804e9d34af77c5e87bbab33a567bd51cf0d98605ceb6bc8de54c9f5af040583d,codecontests,7490,train,1241,7
1242,9f855e5d138215e69c1cb679a1cae49bc308a1dcf46a4755d4d445f28ae7d5cc,c89440a401fd9eb09c05e318ca5051abd1dc75a7414958cca008ec33e7635da9,apps,12238,train,1242,6
1243,99940e59179b670a830908c16d2067794f88af5e98abbd9772bd76d4980cf74b,9fdd32482e58b285ca2648e5668c3151b143fdf7bd6b1fb9c79d02fed4fb4be7,apps,8672,train,1243,7
1244,e0a9df673dc8e7eb067b5cd1b396c06d53b17baa686c9d717901b4c1db246bf8,f6e65481137051e8daf183ab9ce8b308a5bf0eb112d0d7e04eb97917c2199030,taco,21921,train,1244,7
1245,d3ced7daaeb1a972aed2fb5914b70208ec8c934f535dc8ea0c4b8d31c3e6ab29,817cd72b908d33bbaae3378e4db3440bbd17095cdaf10533b09d7f420d218d6e,codeforces,9114,train,1245,7
1246,119485cedab7a0d6f2c787dfaba2bbcc072bcccfbc80a962ec54a1a3fe48b312,e88f29df07daea3a69d425c53df4e7b855f9b0e1c9c9bd803d0ab0f6debafe07,codecontests,21124,train,1246,7
1247,02249bca360689129ffd6ba02f35d285489085d79be4e82ccf21744c80ce9a4d,2d78569483a7726d14bfa82499bfec0a93978e0318213d6e47a69a4b1c0aea97,apps,1458,train,1247,6
1248,c57f28c899717c8f90674940a45beeec5b9897c0666f64e7faed5f2fbdde75ce,9b3aff8e5cd330d678f340920c5d67afe3cccf3de8b9d3ffa4cbfe3e16f1ea75,codeforces,3147,train,1248,7
1249,5711704bb7127eeffa0e4929a715db145e74f9703473d93de305b601ba396bf6,58f71076a30abb3763bd2a2ce79370370d3b91ce23ea40ad0f27c4d9c54a80e2,codecontests,13426,train,1249,7
1250,10703ae2f6efa533d975eb34531996dfb0d9cba3e8cb6113afbff18c8d980f47,ecad0443df9b5fb68f0092437609371c930b2cff44a0f2e40206b45ca217ff46,taco,18742,train,1250,6
1251,158502f9e0ec7721848224fac475b04c57383a54faff2a511620fa12e3ba30d4,4689365d6d42ac1ebbade0f50728deed7f4a1018b5a53d93c39e77234c209904,taco,15726,train,1251,7
1252,b553a06d87b7c45bd36f17087cfdd3b11bfd6c020dc1f28b0039852a036eb19c,4e77c4f83456ad37326c688e7ec4f84881cd3fdd109ccb44225baff6c45c36a9,codecontests,16958,train,1252,6
1253,0962aeb4b0c890c297084232ca6e4b89f2eb7a8db8b37cb45d31e2eed5ca5b5f,ed233bf62dc8aa4a53c0a9ab6793667da2f8eaa2ecccd412a239ec4e65a796f0,taco,4961,train,1253,7
1254,14c59a35d5f391c7acfda615cc4ddd39cd903382d0684aadf75af4376ec89895,90eb85f74436cb978aa01edeb271f07baabc5414d4ca2edaf4e525ada78579ae,codecontests,20194,train,1254,7
1255,5a74cf0fa12d535d0659e68b2b0c8e0f1eee667a56a8eaf26146b183a588131a,b7e433236491bd9d93e45f662654ff622aa6e68d68d66dbb4df854c7d83b5609,taco,19154,train,1255,7
1256,0db81005b912850e4492ed007df8dd2c461399846368fe793887f7e5805aee43,d1cf0c11e7394e2b924bfe259f13e4d596711291f18667fdf458c827ae1e6c27,apps,21452,train,1256,6
1257,19899b7a7754b3638ca407d5617ab4a62222e7c5d155c3127eb630a189faff06,ed25f2a6982f25b2208f0f677158bc01c1a3dbf35aae4ed203eee6fdf3154301,taco,22161,train,1257,7
1258,b0f5e0e3b7a74041be0f3547cd4b318f057a32c63c2436b340df1c0f4f94259e,40037570732ac482323a35c63fa97dde5fccb72e19e7e8779a66681d5569b161,apps,17788,train,1258,6
1259,717168b8d701571bdbb4ee6f03cabc1e51b3706ac2130c96e7654e110f3b86d7,62acafdddad1a2dc9ba77365bf39c13d48e6ccd5dff64f84e36cfa8e34898802,taco,10052,train,1259,7
1260,986092a131eccdf4ba961df1f56f9d57c1b6fe4996868f399650c27d49a7d2d5,68321427e1a7d608a3392b7845c86e008b395097c1d13e8ce648183401bc61dd,codecontests,19499,train,1260,7
1261,2629541d61b0c1658117b5fbbe98763db829002f6f2ff97cafe38fdcd1ea6bf7,8ee8aa6f20e7327510e47a7c39f5083bf0d699584cb45596e7ff227abe862669,codecontests,17525,train,1261,7
1262,ed99210b972930cfbf48ebf3a513058182d4ed9ab5c6191283b4ae71820ff7ac,4c66111bec7901099f180ac84aabd5789f8a5302e96cf322c005df71c62d6c4b,codeforces,21393,train,1262,6
1263,15f2c2d729846d5ecc26f34204dce1eb8ae999d6d370d17dd6fed1a5a14e5507,3ddd1985b32b61e41d72400f0e95259ec36277e91c32082df4f80b16a1fb27b2,taco,14864,train,1263,7
1264,082214f75da011ed563067f11a97341f4366c9f614564c956fdafb5c263e54bd,f813957263379a92fff473132194b0a46e446ea7a1de0a33070bf35d207a0d39,apps,22032,train,1264,7
1265,bd1bf79df1197e98b30bb809db3e09f5ddf18d47c66d040782bd3a2e9bc99e1b,e48a80bb4496e8132b446595a510afb439ea27a7e00cb12c3f058aceb29feb11,codecontests,15106,train,1265,6
1266,f7d7f94da8222c6a86e9b2be564306fcb27e2cbf751259e7684ec5af1cd4a952,d5066ee6be32dc2549d7929941a2f0d5fa4bdc7dbeca78599630affcd6598a3a,apps,21274,train,1266,6
1267,b82e7b33e7dcc3596743dd3e082ee75059bd78c32cf0e409f24f0df2477baf40,f2ddeb6bc41ce9b19f7e82d97b5e6a6a7201ba3b89416ce1b115e616678245ba,codecontests,2118,train,1267,7
1268,5f483d5367a464f6d1560658e77042da24efa952914aeb58e7c3bb54740270a4,2e7a53448c8c8c26840f9b610558e1835d934aa44b4bc1948449e8e878f091a7,taco,17139,train,1268,7
1269,fc1eaed9e64badeb4f979463c5f82b6ad06d0cc5f8540541899de9a3484c4d5e,1e06c4bbc5ef271eade81ef943ae3fe3132eb5559d77223bd98e07386f73f778,codecontests,13842,train,1269,7
1270,cde4a16f5525a83410e467a2be54f146c67698c15a0234a1a5f3d2a2b48580b0,04083b57992b7820fe211468d45f3ad56f553d13cc75a839554a30059076a053,taco,11069,train,1270,7
1271,1ca6b5bcbc13d1bb0be5401ae827d1999b6d4469893839937450fc77ad657663,3787dd8a97b202925d16464afb60e0b0acad88e11b306d4c6b2a2ac57a113fb3,apps,12269,train,1271,7
1272,6884ef94560a54f6e9883bb98fa390320254322d9b7e972f5c85a45e875fb7a7,5a5ecaa548b625da6fe408a8719ea87fd91dff5e53b98f2f942f04e06f345d5e,apps,7084,train,1272,6
1273,491d37057801fce96f77499dcd402603a619f9a91a0eea38f3096f0582c7e719,f331bdde83c377f68deb10d0bd8c17d57ee5b6aec763c165cb755f58aaaf6035,codecontests,6408,train,1273,7
1274,d3393cabfbf7fbad0518a7253e314575f8a55e163e3bd32900460fc186ff27fa,f96d9bcbc8c3d05cc06b52ed29b441f983bfcd0c3ec13a3adb8060983623dd2e,taco,19044,train,1274,7
1275,3ee5da7f2be2ac0b22daceccc675828a4fe59a004140c39b9227f2ba66d4fc3b,08712067e30c8714ec40fbbf21a4e38ebcbad248feb3403242af187af779619d,codecontests,1943,train,1275,6
1276,e708de52d7ec05fc0d04a7e5c7409cf81fead1170dd6635d496861c7d75c6096,bea8212014b8f1b31380bc5efb91a19871f35d33e51d5b31bf37e842c884df31,taco,18479,train,1276,7
1277,0324fe637f7932ffa328db68c7fe383801d40b174772ccae66f5af3799cf19bf,6f2a9294145c24de5a7cb9f0390bc6996a25ad9d83c887856147172c5469c7ed,codecontests,15323,train,1277,6
1278,bb025ee73bad0cea96c3590448a528ad854bd893124f12ff98c465d2bc4a4a8a,ae848659cfeccee549bc8f18c274072e12c3e0add597d1d8c6f07b2a02303d88,codecontests,5203,train,1278,7
1279,7cc6fe0e13d360d219e3fd9a66d8f9d07fe25445d6c259948f99fa31c4c496f2,ff7c7687cdfbf2576ca1a1beef8c7b965821c4338f30a27012bc868cf3d7cffb,taco,859,train,1279,7
1280,f20096c3fd4fb395560f1ff8c6c49b390769f25985f8e59abbff1bbc5c90a0c1,fd79cf1b8c6fd50f86b536518891d393ff2c8b80bef71839322a8f77d2c199e5,codecontests,8387,train,1280,7
1281,245e74dae3d1a0f942180fb927bd861efdfa23baa8880068769d58e0ba001d06,e8c481500f96d444c1ce266b192ab5e625227c42b09beaa8e4a0d39e7916062c,codecontests,12879,train,1281,7
1282,86a086f64f8fdaf04d06e0c5e62229541b4349f97998268b1560d01c8d8e9891,b5aef4d80db3612be7aade56a2696c736c4b3602007f8a902498474b8682525f,codeforces,12795,train,1282,6
1283,492b9707e0da2d6bb7fda7786ccfc327e98413963728aaba3e640c9496acda21,d4c71c14c56ecd576979c7c93949c23e41a2f1bfd5ff05ec592663bdc3059ff0,codecontests,13275,train,1283,7
1284,9d4926519d3444150f70eb162471d10e272f3c87754ade8be73b5764f90a1682,eba2342e00776ff8703591a1f4b75f5bf42a059e32a5cfb8c9f2970d4ea1b2fc,codecontests,21906,train,1284,7
1285,2473ad61c24aec79abaf19793cd74c49b13f7e8113a6642110387886f26258c9,c8e9c560aa75919538298366d00d40fce0f062c469b6d4c40b7ceac48349e45e,codecontests,6650,train,1285,7
1286,4854236744b70f739a0c7b80442cae7a99aefb3dc093d3be928079e3760c47eb,74e8fc3fa5bf07f1e53fe10b5c01fb5982ff1387b7c5a045e54f253155222f92,taco,6611,train,1286,7
1287,ac6550a7b283848cb4cb908af940e8ac9864a7c4b830084b7836cad4c7c15326,e8a4e0da48020fd7a970dd0a35d02236d5ffab8d38945a14bc4d8d8fd2ec3ccc,taco,5501,train,1287,6
1288,10c0f9b5ba63fc01fbb844d57d20451f6197d8a7d22fc73e366d4c9af1d07205,b603a32a67468e71871a3e7da20be3173040678a5c9c30b60588c5209645b95d,codecontests,16503,train,1288,6
1289,faf9312c35188a8183c64381e72091a44c55a8cfc573a4caed18f262a36b9a8b,81d1e23b3769b35fc3aa7329e4afcc57ade24f93bd80fc00e1278d1b3a05e064,taco,1570,train,1289,7
1290,83fb863c4c6801416ba964892dc5ecf447d866c62b192d2de30b14317cad02e7,812bbb40d20dd3d0b69cbac24a0061d2c923988add1c9f82691fc9139b5591cf,codeforces,9027,train,1290,7
1291,d403739f3f3ba75fec149744cd75a516a4876a234da76f6059a5faa0eaad5878,a9a1ef7a0ee909febe82613b4f05c8a723ee57b8dc6b9e95c36cb7028a475571,codecontests,9692,train,1291,7
1292,8b5327eca0f697f553667cc9273835e4266d7430152e85d462ad2247c8e062f3,f1e043902a373ac777b261deda9168b984bf263c716349ba0368bb4517a7e315,codecontests,9022,train,1292,6
1293,679fcfc22018a85d7154558113ff341a68501d98edcde89cc950a936a06142b8,3de6dedb2a27dde56a3963c3a19f77b72b026a6cc10a186c93b0c76f1dfae563,taco,2657,train,1293,7
1294,9e28cfc44dae18aa7677101b933aa2814bd52914713acfac40c6b615f11c7d46,998872dedf146df78cab5a2ff247e664eba7402973c2fe55106e2148c161ffff,taco,15086,train,1294,6
1295,e618cf7fc356ecb24dcbc74c0d1990a5e4029a515a5d44ebe3f47737afbbbcc3,9ec0c4941c37f0ae3108291857b3a517d84981850c3824b79feb16a6dd9251cb,taco,3783,train,1295,7
1296,31c684a852a25283824a4c33832c9ab26f79fd970f1636c3a32201c188bdcb3c,d71182d354b128702e036117d6d4b685f92d65a0f7f565bfefc564f77c0aa299,codecontests,18565,train,1296,7
1297,7529f871e2ed709dee755d04048de3e39fc6a7f55071e7e220f6427229b48baa,49396d0c14ac3c46eb163d47eb15ef43b784084853d8cbd55c5594554ef25fd9,codeforces,14874,train,1297,7
1298,0c09e9a440dc49bc3fc9e8b757509df9b7bf16828b11a7b19f9c80daac19a654,d48526db19d39cd6156d95ee489667da2fb413a98e98a061cbe6f0b5d17dacdb,codecontests,19227,train,1298,7
1299,1f48b4b437b12aa6457c6ad065910cd75d4d1b20343fb80232f1979cb30ec334,18af94d8f1acfa068b12b13ee43f14f89b35e261b1d827d7fc022ab8c4a2413e,codecontests,12205,train,1299,7
1300,e853b5c78a7983cbde447236047378cddfa4999d80e66eef871fc919f66588d8,87b5e84c7942d2bdc3a399d80bc47852120d35c632208db98ba2a69db9f811b3,codecontests,45,train,1300,7
1301,28388e2457563a8cc960790179830d406622d2689e8e9ea287b26a66ef5cb8a8,d7c172aa9e509fcb8f280686681f30935145466c1e29c5eff722862847cd9db4,taco,17978,train,1301,6
1302,37ac899c565f875ca44754e966e3d66eb982707865c012a94314cc0d17d42c74,05480af2075d314e7ccb0349dcea5846e00f8884e5d7a68f961b6f8ac8595c0e,codecontests,5395,train,1302,7
1303,db9616f34b8fab4b073ffece52865a5531548c0de6d0daf1e682edf33830478f,f1d3068df1a090099353d761c4c95442527f22d7c8a3d116a0e015e98d60d025,taco,9972,train,1303,7
1304,d6190985c6906339c3e195d903e81615689ddf60a66321b3c2234ff179b9940b,f719874f4ec62002802532124583c631c026b0ff62f60cf70f1f6a437a1bc96b,taco,20188,train,1304,7
1305,aa77f72cf3d903dcd306e7cc29f2ab10fab18a8639d818241cf0f2f158b6bb9e,b502bdf1ce1d7a6ee1a00098acadb4d6394098bd1396a00ffc2e30f060457e99,codecontests,5334,train,1305,7
1306,47b9e6f5f678418fb66e8b1fc0cf45d5c47f84a923b46b8a8e942ce7d801a128,2133ca64801007969e13409e9d3f9bb7872143ce234c0fb2f903e9bfbf6514e8,taco,13971,train,1306,6
1307,919464554db9c3ce92b7ae03b691a79e2f4c35af76eb36e17f538e7f1511c9ee,ba6bb7dffcf3118e2046a29c260a379f843b6ce60975abf6a5f24ee77dfb21e8,apps,4039,train,1307,6
1308,960ca9d9b6285ffeb38c950b6a335074b4d70fa491a1319fe3b84df64e4966a8,3e5ebc5ac62639605f9c6b59602cca2ae41d690e8fcbc9b1826fb85d1fb1b1bc,taco,19407,train,1308,7
1309,6760e1295ed17c6cd1e6308f0a1504f66ca3f828bdc0bc2ad13756553bb1b9b3,0c3234fb788c83dc56d91d66cb6b7d2af45d87093aac4a64aed739b130a1753a,apps,8013,train,1309,6
1310,8b49c65703b33bb53527e878ea4209cfce878f9d90a598d21449e334da0de29d,129bf949a5f9dd874cfcdc95c5be50d32471f6c8a469f4210eda7b25e1f1f4ac,codeforces,19817,train,1310,7
1311,46fa1a33d21633e7bab1e71432f1bb5b6261446ffc2a97e4a9ac53a8bb5a6ade,013377be536fd1ac976429b43698a7ddd85ed7aec15eef8eff7f39e8920d6f53,codecontests,15180,train,1311,7
1312,b375c22af9d30d83c6a67be36956f32fcf07aa027f5b2d87237e79857aa32bb3,a8fc11dc3d5571280688d20fe3cf7bfaab94f6c2032d0f0e9924f5cd6e891c21,codeforces,22460,train,1312,6
1313,a86613781c627aedfb7e32b123f7959911d525a2353155c50efa5a40dec1d0c5,8183454505769e8358bcb75add2f0bd729ad8b49ea263a8975a7a19cf3e908d0,apps,14898,train,1313,7
1314,ff99ccf4796efd332107dea37ccbcb44670ea2bd8e5e47cc1c8185bff64d0db1,a8e037c5fd012b4be56d2bcba2a7d0c7c698cddc8bf0cc99f8df6b4399dffb89,codecontests,1969,train,1314,7
1315,dfec2472ca8442f2327077576902eb8c02c99c699d292cdcc089bc51daf9d9a6,625c6ad1c6ad859752c4481e7b9575ecd987631ebfde2effe8e9c283dad05fcb,taco,9617,train,1315,6
1316,ab809ad5cf12fc6865afbb73fc769042509d0abe6ada235ceec83459a48c2120,b2e6806f75e390116be0df56379a3107722df528438b6d72c57cc0f7adb02284,codecontests,15721,train,1316,7
1317,4d46d4b9f0f470534e249ac69a7f84b8a48a14c959ac3892e5f2f10d9fc5a401,d99ddc925cd1203c084f623eae7363e5b4e2dd1e5a8ef56052eac879a5a6da88,codecontests,17503,train,1317,7
1318,9ce59f9f3a9454b08d03f91bdb4fd94766dae2d218d68eb4c1bd282a368caa29,a4e80deeebac2427c21e7310167d78d6662a7f6f93f01465ce545a2fdc8777bd,codecontests,6913,train,1318,7
1319,557d4832ff0abb93b933a0310d4bcd6682eb997ab6724d402fd7ff1f1ca7f1b3,6017d50c51943783314906a1899cf9d44ad7e44d2a2e301195509936213f7b6e,taco,16491,train,1319,7
1320,c635ab1273d459ab27f0666e13b1b5778f01ba7143928622a444f58c4319a644,695f6d4d5cc062652c54db27551fce05d8b28e19fb717078a3b50758241be169,codecontests,21748,train,1320,6
1321,34394930e77a295fe51af444f3151b9f87b6d3e3d1eeccd194f860a77928d44f,38f834e40d49f82a512055ac3f07d065e34a3a1d2434e7f05e7f1c2ef64cbacd,codecontests,18200,train,1321,7
1322,45891d6001d4b6839f5de9e441cba440578f61b629da6a575ca9156fade682eb,0ffb54bd10cc6a68406ac8d0980283819890dc171c6f72ae77567034ed31afde,codecontests,12456,train,1322,6
1323,5e13a6fabb079849efce500a87986e2965872aac59f260db49f4472bc2ad9f2f,24b215672551aaf5ec084c30ff233a8579e6095c81aee021b00df2153f046ebd,apps,6228,train,1323,7
1324,dbf5998aa626b881a9c76c1e1a0c6b36f7985c1115d303f800252adc0fb2eb29,e7f209b405121324919588db805f8e8723a46b8fbda63765702aa7318da22876,codecontests,21406,train,1324,6
1325,76ad205601dbd9c6c99ca234a6db75219eb8f6162abf5c87ebb0a03ab7761296,edf4ff11345e52cca30e842a40cf2a14eefa93230d34ea4f2c82e3863f5f023e,codecontests,11184,train,1325,6
1326,3ab141063f4916fd5e980314360210881121c5293c25c17f5258a31d9558e0e1,9b02025598addbf139cd512028d7c92431b279bb6fc00b07f42d4a77edc6c2bc,taco,517,train,1326,7
1327,db6e0e172de95f33e0106b699902cc26567b4816932b7a0fefd68d8550be712d,babd1750b49d2b09ce1816d38ef46f42c79fc330c987ff835ddfb22bb18de34a,apps,83,train,1327,6
1328,b1fe1354b185fecb0859612ea619121422edcd25c71f234cbe77c11f7f85d9c8,f086a929227e794f171a7aa16979af1f650b2dcb51732c095f604854df7f354b,codecontests,8023,train,1328,7
1329,ccee16e0c2438dacf27af20dd221f6490194d6b25b6cd6d5203b11933566ca9e,b196c2d89bab1a3c92d245b39d11c7107f88ef744ddab5c670969a9f9f74562c,codecontests,19022,train,1329,7
1330,7ad27d02a453690a076679e4b147d3769f10c097d7f6d84c28db053340a9bb0f,142dd005779785a536c5290b2590ab01d65bb8fbb7273d8eb95a394df7d3871f,codecontests,14879,train,1330,7
1331,2c846da349e5bdac3cdd57add7dc9b1d47a5db580fb3e84d298a30a8d3a5d11c,31d69ca160eeb2f3eb11765df755c37e36660467c9c54672aa7fa42d73199db9,codeforces,6622,train,1331,6
1332,891e21483b805b4a530ada4303363ac3c5bf6efb6410b7f84e277e1b0bb76b3d,454555dec427235e74f07017b8874969a49f614f721d574fb941eb98bdba157a,apps,537,train,1332,7
1333,866bef310eab9217577f4000e16da868815efa2f6435741835deeff29f078064,c09fdebe616e9dda3951c7bb4225d1d9291882b700635a2f84993876f21841a5,taco,8234,train,1333,6
1334,c04b0a02c0d54bf9c847d6e2c98397da56574a41b4e32d887e751436700b5dae,a562b31590d6acdc8f6f164dbb41b7732f5657a949514806ab1ac2460e478c56,apps,17625,train,1334,6
1335,d3779cadb0763b9f0d2bbea80b391dfbeaad70e06dc034a4f037f2d279d2be72,81465d7bd8b6691ddb7eab6b3e576b057ad3d6698082b7c9dc8887dee73818ed,taco,7904,train,1335,7
1336,8a9316bc8095e924c865dded51797056bfcfd25c53ee106f7cfa4c49a92d0073,e9316ab8c07e577f4b61fa2975aed311cd5452cdd2f7e471021cf2d8f134ffc5,apps,831,train,1336,7
1337,572474dacfaa7eb3f7445467de595f98a013967e545ce6cc938f39a7a89ad91f,0c5e663876a9a16c93d09224c5db9547a71bf2cbb9a8f5e7e079cabbf7185e81,codecontests,9577,train,1337,7
1338,05a07e6fae65a6ce4078f9999927ea4730586ea41eb34d3895b0a2b9562c21be,d92083d836a05fbc8bb14da5893f9a5b6592b1b3e6f8dbc2d91f4febfa83f60e,codecontests,8631,train,1338,6
1339,372f6361f0ba53ab42b5389bf2b464c55e221ae2823db46577f4dc8b63620c76,637abe1bdde8e1b6a33875f85fc6d5dafbf770f31f1ff578bb77d996e752cef2,taco,9281,train,1339,6
1340,d8fe5beb16528f5df8d1682ede205aa14d108d3cae4aff03d121a8bf1afbc553,b72b2de0f2fca0e6d20cb8a83d98a8b40ab84cfb412e256c1d8e550c92ed7e7d,taco,4250,train,1340,7
1341,4c95da63708734470503e99f08267bd181f2d042a7d55ab63408a2a8453ab4fa,cf961054df9304aa834c1243a1e32b1f1c678b625d46d3a6c22de8f76b64884b,taco,5096,train,1341,7
1342,be5100b34f45562905776b62c3be79f42b6ab76c1648c09726033bdc42978288,b3e625775402cdb3288d72a29ad14f869db706118a355c089cd83547a6893ac3,codeforces,7222,train,1342,7
1343,2b1c86d25afd316d3c595340e1fe05028b4e7ea4b48f05086887736c45314f17,fac16abe11c9d6c2213db35f9882c9857ce91bbe9824e9cdfad44d20677b0a77,codecontests,12075,train,1343,6
1344,d378959ecbd8124ac750eb1571fedb89d7e09c6c49401d4f1237e971f0193ef3,e572c5e6ac416a9113e258113e39f17ded8cd919517f585b0beb9703dba53ca8,taco,9517,train,1344,7
1345,f0291d0f1fc94b136103cf43945ea341198b039cc1a3fcddfc28773e1b9bb7e3,fa5de49d3e3e7298aff446565ffe72320d32945a6f0363a43a6b34e936511d72,taco,19734,train,1345,7
1346,e01dddc5dd1f4fe6c525bb6e60f6ca254d12d2d5b4bbae024aa4d600206e41c7,5e1852fd04331486fb23cda480962ff147646ee2ff370508b2f7d74147134726,codecontests,4703,train,1346,7
1347,2896c3a35733d4ba24ae2afdde4a34928b86c4ac94556021789d1ee3b5005b20,711731733b625a9c2f3ad93cba6f7aa94069fbcc4b70d8f4f2851c774b2b1049,codecontests,19371,train,1347,6
1348,2677a362f98211275bcf109fbad8a4151c94c7a5be83b8eb001f4578cab2d530,0a3410dac2e9de9f3e5c1fee50949ac3a92f1a1fa4bd3c1f6dc7b4d4e79c6331,taco,8875,train,1348,6
1349,a80cbec5825ddad7161f74dd95ab064207b911d492508dd4e2db3ae615e0feb6,c5df1358a34a51f9d149558b1832dd02ea67d7ed297032b233d3c35439f51623,taco,20707,train,1349,7
1350,676167ca4cc579c15db5119eb2399618348d69d1b7b4bcd1778a3aeeac06935f,26939d1c201819d88f0e64ba65102bf985da56da4f41bb51da3887137d66cedd,taco,19065,train,1350,7
1351,293465df42008ad077acb11cd867cb649c91277169d3c158885cd61d74ec3d4d,672776899e1a1b5c8736d524f29ffabc68f6c8e75a7a91f203b65ca970ee7c50,apps,13725,train,1351,7
1352,a90e47212a742b3b9cc94453eb17423d7de6e00cccdb2fd23f215e316466dd6e,05efbcdd04a03c0648335f5f70018584a0aa5f244b7d8a46968e27cc479f65ce,codeforces,14336,train,1352,7
1353,da9bf19b67aef2feee9ca6bb3293fb7bac71ef4225a05ded98f796ed07e29804,037774eaa0bc2aaa990cb87bde7e9bf421073fff0975ee1299d7d54096cd247f,codecontests,7967,train,1353,6
1354,a402bdae4150979d850f79c8db495eb3a916fe56c375a6ff2d3f9e1c4d40d411,5cb9bee72b5cb4b7e66eb3005d4b5b426799cabb9b86aaec3890ce01fd3ef475,taco,4579,train,1354,6
1355,2565cec591d447336d5e3e46250cb69455a7aa2867437f2557d11d87a7b9266d,c74b64a2b6be778de4d1f78dabbc3c25a7732f84ae314eee3b868d712daca7d0,codecontests,2678,train,1355,7
1356,753d715f58b5230941b047ab756c0e43b1f40d8215149dc22043476f3c21914b,494e22801053017aa32e83ea628faadd56e1fa2e9f933238aecd65883197278b,taco,11114,train,1356,6
1357,74478f0761f544720b4f8c406a40ebf204c66c31c87558c561df210f49951f6c,365ba2ed69aa9a3b2119335a7bc99c6b275b2548bd76c00d3dd61c64f09cc158,codecontests,20212,train,1357,7
1358,0cd1ab4c5d7913495a214b8d723e7d5f14f40ffc3e4fc9c3e8e556bbfdd79256,a6464eef9d1516cb924a93f8ca412f187745697234bfc42de8eb718427552a31,taco,20018,train,1358,7
1359,ab469ba8356275f67515951c8bf882f2b8da83939b8142f5725d9f5b20edcac6,954652985c9eb274b8a9328a3143974060a77138dcaebf727f5f9ae0c743b223,codecontests,3717,train,1359,7
1360,45f29a8a67f10fd4becfeef68dce75ab1bd8499c3b9144e9b04101c56e562365,ea951d06c1dfc1926141cbde418b9bd941d006b22c9f8a9ba90df61b72a16ccd,apps,19277,train,1360,7
1361,8ba2d2ba62a75c4e07cb788b2be4ccda5a0609625c8b10018862a4a0a2f0efd2,03588f814c25113e35fb9c61e2d47207f5dedeed01d2da532a754cd156f99296,taco,7063,train,1361,7
1362,ae829be96efb377e880f388458c736395141ed3e6016d7ba06a5b8813b5b5b94,4f578168a091fb4b87ca2b2b75d13c79bea6a4c31853db7159fa7b3c2d027243,codecontests,5959,train,1362,7
1363,bf7ed0a7dabe57ae00ec70532710ee5599236cc058fde9ec67c63b7dd7a8d5c7,89a1f303b2ed0c4efad82ead605aacdb9e08467182c78cbaa6437b73579b2d2f,apps,13315,train,1363,7
1364,3d0958dd3c0160b397fa0dc45c1fa2ce7dfe7e69f4205943dc3cad488f5d01dd,16ae467f66eeed5428b97b88a56fe8b419d19fcae98a762bf00e0f29fceabf80,codecontests,14425,train,1364,6
1365,14e6263e807a7582615a28de09729e633ff8a631af9d9d27cbe0a809263df047,1c83e32ecc431e5c8269a3dfdba31d7b5540e5e6e7e7c269a1b0848eca823311,codecontests,3051,train,1365,6
1366,20f5aaa9d2ce5c0a110c9da53c70d76bdc844acc2ba033613296b5a0bafb4fa2,db6ce1e3834f1f61b861e9e37a310713a0361e1d3822703711e7a49ab09e8458,codeforces,15047,train,1366,7
1367,ebd2d875a7871bc9d9c06c682a9bd4a2e1ffe6444223f925f3a73e180a4c217d,dffa7e9da9b4fabffb2d435f17eaa69736d70f242c3e6b458f0ea224378ff297,taco,2149,train,1367,7
1368,a3766429cf5f8f6f8144ef165329a2f4aad2b6e1a8eec2c6674d2c5cc0b83ba3,0a2aeda6468be65b41a9c4561d1ef36c036485e8970ebfa5305baca47c29a024,codecontests,7883,train,1368,7
1369,ed7fc563d4e3ae6e7b2d9cf0a2aa7138624a8ea45db5108f48118b202319a104,410cb48baf4b8794e95b59cce921ef241854c09b93f582c06f135703a90d193f,codecontests,5061,train,1369,7
1370,6db3902c35c79a69240d0a4351d0ca7b84db65c03c36b90c2c15ef028a47de21,329adc3d3ec34c174fe9aee4428f3fb5bb6922b6afc3fe78eabdb8aedbe305ba,taco,18988,train,1370,7
1371,27eda57c213e77583a2b508789ff87e942baff9b19dac9be5c14cea251824f4c,13fbbfde147fe1d9209cf0d7bf4bcd150072c5207919925fcce2191d5e65525e,codecontests,12743,train,1371,7
1372,6736403aee91ed5f21eec8a631098384e3584484c2c592fabf6a587eb61a89f0,f4d2d8341e366e18d6356ef7544ad4f48977ad70dfdb4d6c59c47f1b9151fc14,taco,19562,train,1372,7
1373,1f68835795dc5307e4fef873946cd8d5837e92430af047538bfaa5c85ba540f6,b75670d123d697827d7f27ecc7924670a663b22f9c9f3031bb05d8d806bec731,codecontests,15376,train,1373,7
1374,7f03bf06388470284fdb609bc485915b9b510b7f3285a4df7b9c2917ef7b1fdc,9ab58ee4bb131bc5f01e330e1405f6f7c133486d4aca5f79a5b09285535c8192,taco,6393,train,1374,6
1375,d8548f8ea3e8a6d924dfb4cf645a006a5e4d13dce33cb420494b97270b80f001,e3838a44e1dd573eddc840b89fde56861e2befac6bdcbf750452ee2dcceca03a,codecontests,12770,train,1375,7
1376,1943bd929500c022c721b56de48a05d63a3fe9dd0315793a4b1725f718157a4e,fc3e8c6939964b6a17e7e8b37b304e2f5c7dda92a1a8053fd9c282f0e54e3c25,codecontests,19260,train,1376,7
1377,60c17875feb49c831e608ac16cb671ed8d45e3b0742acaa3d35e0c18a014694c,0c0c93d83d12158c2d7872a335480a55b0aaf12415ab52884951931d8738ae97,taco,715,train,1377,7
1378,45876e989b883d7983ec8671bbb7feab6b4f61ff4482f8b9444008379b568ccf,2d5c68e80f48eaa84311ab9e68af203101e57d6ba3e7a7382aa89de42e648cee,codecontests,18940,train,1378,6
1379,c2362965901a6df3a3db57e417d69b29e34a521efff230b1adf5c211d14ace6f,8c3f585d788a24f469f7f5c4967719db029cb044b0aa125a1296415642e50525,apps,18220,train,1379,7
1380,f467019ce082d0624d662bbf670d6159eff6aced0b0827a7a9b51d2225687374,47d058a8e2b2b1aa47ff72a36544e65d1505285fb4d7cbecda5ba5c504721b07,codecontests,21488,train,1380,7
1381,44f3b1292a5fe50b224e701add3dde20bd7d68c26db736b6a897da73531679e7,a3d0dc3473c76861bff23414e2b4b8415ec8af768e96202cbf1c36ef982db0ed,codecontests,7918,train,1381,7
1382,694624b71e82665a930d2e1d1b71fe2616499c97d7f19b4d213f378881e53ed2,5ebb4424dd2454f94af9a7df43d5a74867e5e09342a10f758893e8ba4e1b674f,taco,18648,train,1382,7
1383,398dd3dead9d5f7d61ba09f6f6ec5a5c27311fc18dc4f7c51c2b5064ccaf54bc,8f41eeaf5454240c5efd438206309122dd43202ec00cf7f03df06f1bb9335628,apps,2572,train,1383,7
1384,8bde4f5ce9b50aa2a3c3ffaf6e00f14164962bb5b189ac8a8b8fde9554cc2ad4,e02884a2b04e324006875242fa897bb0b345ba0f7feb8caab133a0532162bf6f,codecontests,14611,train,1384,6
1385,a360a6b6b4bcd8cb8db5e7b5fcbdcc6aba72258b22f1a83fe36b38a9f46e2d92,fdbf89de2c54f4ee6ce4acf318490fabb2580a99e4dc9e7b32fca5087a354740,codeforces,6556,train,1385,6
1386,d4efdc5e33c68dc31f7d4f3dc5f88632a5cb0533ef943f60586ab9304b8b3f0d,00f24a1b91fe71fbde5bc009cded6e8b8d3f913c614109b386d09ff6957ee830,codecontests,6068,train,1386,6
1387,ac881a02be65af4a7a55275681ae761dc89cc76684cad94952ce40a6f988acf8,fd8553ceace0a8e147ef2af08a5a90b40f0a3d91c8091b8f718169c1da84e28a,taco,8536,train,1387,7
1388,6316622e82762be7f29812b4b42033090c7243ec7a26a4c3ab1aea77abf5a7b8,9143e95c30695dcba31d52bf5f520609957f5dd7c0e1f08646c953e504cd3e5c,codecontests,8270,train,1388,6
1389,aad8c309dc5cd52504c35ec2436e07ca3fcb19792b58860e5acea70b620aa34c,ac67bf093ba19d7993b9723900ad7cb3ceabe829b1441b2037757dca2fe63b3f,codecontests,20873,train,1389,7
1390,ab9aa6e2158ff076ea092c156fc8cc0fb81e54c485ceda864bd87806cd15cd8a,155bc7fe466c00c9c5335b356e993f2ef589c6497d23d3cf783f820b8f5686ab,codecontests,7261,train,1390,7
1391,2a3e13d35c48e76e78159f76eac8125ef3f2d8e5c7fef10ed0ff0f5dc1cc1492,736c4b2ba9838bbdb31f8003fbb03d99869e7448dfa4a8b3dd7c87f94ee59343,codeforces,4025,train,1391,6
1392,531f8c8d8bb973c458ef888581e3b528f9839e6b8f85fb51f2bdcb7835f6047b,e47996485c90aa26dcade1b65cd36c4188d6a04194aafcebc74136c5c4557bbe,codeforces,3212,train,1392,7
1393,0ec243cfaf28f6b7be4ed9e155b2df8c51e89a0c1503563c99ea7830046d71b9,d71d433cf402d059e04ed49c63914ff417d2d610aad2bbb56d7ac0d1ca99e2e2,taco,4783,train,1393,7
1394,1d9a33c5bf37dde0126b14720edf016d0c7f4756783172f82e5b05c99c267861,e88a9147061f538856c24ac2d5c0161b3e10389045d618f04670f92caa799e83,codecontests,22143,train,1394,7
1395,07b14ccc9eb5323eb1f0a985436085f71de3b2d414d8d9b9654a1e0cbc578b48,c6a1c06958bd3964af2c1011e792b1fa765d3e0b9af5b333821b8314f871efb7,apps,12128,train,1395,7
1396,f3a77cc6d8e6205cc2714c48293ea335bc2bbf466ac6b52b9b7f88a98db31779,cc501c65fbd483bda8332fc198d9c3a2e9de33f04044c7e8bf561f0ba3b427fc,apps,22004,train,1396,7
1397,757b020ddaf055ac1308dce0bc076d8bc34f36b2c82ce8b0e5eafad6b9db6219,7b3329568983337e48df26eaea7df40009dca71e1769792405017ef126ef87a6,taco,5583,train,1397,6
1398,c12a78390d7c1ffeead875721d7cb398030b885f948eb2f22c7dd8ffdcbb1def,a3bc0bcb7e74b5581af0f7f06a5b4d521710b2f8e12745ebffbf1e0c982b38a6,taco,8250,train,1398,6
1399,6fc1af1bc21929d2dd25f8a7fb8dcb1a00cf4350b11aefe38a791d3e82ddbc02,15eab40ed20aa850573968dc21c4975fba3b8e0e944b50d48ee6bd04a7c8bf9e,codecontests,18413,train,1399,7
1400,9f70406689c9f7e883e8a4e0cf1fb9faf3e99d56570f1650d1ff08fcae21426b,81185b7e208babe76cf0239580141e3db69ea1a0ed7f546875f4c5d5a3ee93d8,taco,17265,train,1400,7
1401,a2abaac7fab46843e07d027d299db0570226f1f6408985f561205761680f8bdd,220e151cfa7a76c578de76d5ec51c3fd39ee8f936167aeeef63117ad51e39dc5,codecontests,10947,train,1401,7
1402,32087993b623f5a500bb7f050e58acff021a13e9ff3920538e994ad7c51e797c,29905b97bb348c6b4615b15615640e74b15d1cd9c7081f2e4d39523bb8c5ca92,taco,17389,train,1402,7
1403,a23efb533a3d9c85d3db777009f9cfcf52519545b08452ef1f6b3cae5fc04c44,0505238f3debdf0c9596ec0a8d641a13fcea1695be3742d2bc1254933c3e22c5,taco,13865,train,1403,6
1404,b8f344d67cbc56333e8852c559103772e7881a4848d19bd3d5239a942f0d4c87,d4dccd74ee3bdce43e7e74a1a63a34601038f1e118b94c0f0d50480f7489e040,taco,16196,train,1404,7
1405,e95ecf81dd52f8144a8df5c53996f67c6fb02dcd4c0cf3634b3156d3b588883b,4d2aba58817dcf01216f1f840d48ca04b24b41b217a7862bf6d5c894101869da,apps,16202,train,1405,7
1406,4dcf99f13bc042d0abff33123a74eae34c7103bf28a5c4322cc3a420fba3449e,b31a8fcf32a1f30256352602074bcf21c010b2ac8eb55e02596baad435f1fa3d,codecontests,14811,train,1406,7
1407,163786a166143aa8b9152822f4a226fd53cd3e521a459c98f86b017b44baae63,f6275d8be1b4d8b156b0bff8f632f6434b370429b4e6d56e824f502277f64efc,codecontests,18001,train,1407,7
1408,1ab71e02757dea347b50f87c76a038d13645854e82b030c741e2ed04343861e8,3ad5656b80b0fccdf955b12b30d41e40fb0be0c4fe3102b3beebf567947d7b14,codecontests,11511,train,1408,7
1409,80ed6af5d061d06df556606b0c9d57738b5b51c376474c23cdd3a998f284fed3,efbe7060a47f7871bcd6a35fec953a27ba1841144fd877aaa8ff954e19ae1c8d,apps,7900,train,1409,7
1410,9717a0a8f3e345c087546c8d674a1844349c014ccd668e61b24e4cdb59df896a,26d95deb3bb6316c87c13f9904a32c125c445030ca80ea40ce4dfb4fb2502310,codecontests,15772,train,1410,7
1411,4721355eb227cb483afa887490a5e4136bffa28bfaa292af994d498459e2355b,ecc266d0564a492fa8c04bebe3830e7d9aa44bd5314a63dd102fb9fa9f5b04fd,taco,20686,train,1411,6
1412,af1ad7fed8914e09efe121a6b033218d2cb28279fda4ed27ba295c329b207f8f,72f840f08f9c3f9d90e7ac072f1e0ad6af5daf077aa4cdb2b4332751bb9bb2fd,taco,5645,train,1412,6
1413,54f9c8295d3f9b73a890383068879194b8a456df1fce40b1162ce841c0fafad3,1e13ab88bfb8f065d9c3ec7d96780f0fc9feb1d35f43c3d4a97ed4175511125c,taco,7220,train,1413,7
1414,7d3df6075e894c9134049476ae56ddcded98a0875f50f1a0aaaee135502d82ba,9f9196b87580a3b27c3e58657b087df3f5884acef98fe8cca3f25e9714822ffb,taco,1813,train,1414,6
1415,72284fc6e344605e885c486c4d9e31f7d140bc8bdade18b777066244f5af83a0,62db40188621559ab425e2fa0970f110a3a0b618023166653cdce1913ad4861b,apps,5749,train,1415,6
1416,53a9e08028dacd5442b11e0fb6c5856b902ed3fca56a70cb63534bc882809c0c,02ebf6c2aa7995134bf20753aa94979f3daf3ab537eea4646ede7c73fe2ae185,taco,4632,train,1416,6
1417,12c6c8e8c0a9ccd6bbef06c23e51b2a3150d34bf2c48a349e73f162f5b7a45fb,04f5623e7fe2f350085198c76c36d2cf155406a9e39f99bcb31fe9f8254c7811,codecontests,21361,train,1417,6
1418,0e545e420775b596eff7a29e23b2f19f4f064711efda0f5916d967f133d5c628,e83f63c3312ba65d291cb34386438bc8abc26179523e3aa21db356b5ba48fa05,codecontests,11812,train,1418,7
1419,95a2dadedc8d7b10d190bf5dff556f811764bb7b6ccc1c2cf332a9c5bbbfee8e,051ef95650fd4e7ddc2802d5caad834118a6225529fca32bc295399d27c23fe0,apps,11938,train,1419,7
1420,f3b1738b29f583db2fcbf63efc09c896c58af65fcef82b786ca722b1eb31b3a5,a0d6e66ae391263c0f21481cb11da69bc8e1514002136f1394524ba08ff0fdba,apps,22294,train,1420,7
1421,f61d2405a61d0a91e3842cd183bea53c50111828c3aeddf47d2f9d47dc347465,071f62cd9d4d502e12ab336a390b08c023bd99ed99758edb9a1e2967ba155ba5,codecontests,14825,train,1421,6
1422,2468b431d66c66327b209ed5ca755b7fa4e60780ec618c89d3a72191ef7ba79f,876034f292f7d8eb280479d7f6164544ae594f91aebc788e635a8a4c8c38c7ce,codecontests,21530,train,1422,7
1423,1fa7642dfeecbc3cdea1f4f8a9d5a65b8d1bd08e3ef3da119a28d9bde23e2681,016d05e26241a3f04196e7fad97755a6a71c5bb2c4d275d65d3dd61e8b60acd3,taco,10411,train,1423,6
1424,d7164bfd47e2e7738d7ea867b07ce575daef114f8c8c67cea45212780ca107a5,becd6de8da49cf00cd10a89a5082c122f2c1bd69aac9de9fa3d9aad47fac2204,codecontests,20815,train,1424,7
1425,a3cb5ce7f5034a6a47e52b28bb3ee3315b26298d7dae4aab3452e6d16b7cee29,82a2d3d46cd692d81c2b92ba478390ad3410083f99cb5c147b298ef1539bc9ea,apps,13342,train,1425,7
1426,131e06e937ae0c5ed931d71028b47434cc03ab89edda84a9d747606685f4b91b,6db4dc8482fe616e57e43f6c5b728f034f5b54b721607804a1185cb83aac1748,taco,18872,train,1426,6
1427,7b3765f341d7b7f8e5eb4bea7fd1a73da6f61006a6075cb9e5c05bfaf682cf62,99385690ea3a331eb0d43bd34c895fe94df17a9afd3c35aacbda65fef06ceb2e,codeforces,6221,train,1427,6
1428,81e0aa95476ae7fe412a8e053e94b8000a44466962893dace991849c03adeefd,766b90ec16609b21c0d12b4c1ac09d75cf498a8395712d99091e5c4b037ddbd0,taco,20913,train,1428,6
1429,986ad24b8792d64e2de5d87a26469eac16a43ba2eeb6c6c2dd98e0e615bd7b7c,a1d92a09d57286275cec617055852d0abc345a3b7c32e19015e81836d5f5de76,taco,5802,train,1429,7
1430,4cf48fabbc56c8a0154d6d0caf54a9e6c6fdac53e3979f5736ce21ad325a8d07,04bef9e387e14eca8001a328a2b514aff28a34ee0e3c873128957d384db5b7e1,apps,10933,train,1430,7
1431,14b55056a02edf9a0d22d38a788103866f478f8d7941d11366f08c5569240427,5073294a4c016b826bc6b35f428c0ec0985720431d21b261a9a51186a2dde322,taco,19478,train,1431,6
1432,6c3d1ee6d1c90daf0e5bed48045bac28ee5e179b79c357668dd338173f262621,6a27e22eec3d015580c542ce42f378c37d820ca2f6d3b3f6bcba96e0a7b97734,taco,17906,train,1432,7
1433,599ddfd1cf41b3e2bc98a9321435af0e7a3f76c518f1045540bd4fb871208243,0a1b3b01e8b1b6628f6be5478e25ff9c9d122a90e6001b1520213426f9879fae,codeforces,18038,train,1433,7
1434,56357c3e9d968acb3e79b20d17cebfb5fdcc3456f0b63b7b0a9dc82252fcd6bd,f902c41671ce9bb70225ede93c33d01691beb3b744fabc54931fe93b8580a980,taco,5615,train,1434,7
1435,535586080e837744470a9710f7fec68261f7e4d5b9728198077421497e4e2932,0b0d316b9e98082b28397e93e3c54c9041e546c94e446b32048e6132185a1194,codecontests,20107,train,1435,7
1436,1376833b6de909b092029f9361aee77e414cdc80e78e1d332ad6b5cd522e8dcd,0c91fbe86ef3f557d73a87fea3982ee44f9cc319be00bcf6f176786c42fd82a3,taco,5656,train,1436,6
1437,17ca7e95c232ace2c478a72faeacdb0b66d46a86f467dabf9b40b197b804cc97,aedf5d0fcb7fc12daa228433aaf2c9df325f808511407653d91a1c63b0cc424f,apps,6558,train,1437,7
1438,e569a0d23955d584bccaf9a1cc9958a61aa908e9c9831e4260eb67c105503296,d0f41d68935821382741b1aee411de6d8452964a48264496701f4453e6d99ce8,apps,4470,train,1438,7
1439,8304f7d2a27b63f538894fc2c5bc35a7421780d22fb71b642a2263ed7f0fe4cb,63afac653c3f6a3b566fd564ce2997749a83598b085e6a1e1f30c65314a534ef,taco,10877,train,1439,6
1440,43b2715eedbf8ba085e96591eb3e28f6843e2fd34b0bd63ed3ce9e88f1462dc8,c727e1c1f86a1e38884a9e92d60ce02335eab10322fe8e40d82c666be0ba012b,taco,4469,train,1440,7
1441,8fdaf41916bca1ff4f64446119c7d2b093e67e57c1e5158c1ec48f40cfb4202f,5282c95dd8584bc7083d583b41b05fb6524f97b86fd1b4980ad9ff64964c9caa,codecontests,3525,train,1441,7
1442,e55062e44feaabb5316053589b5fa466136c201323f73b07b6791cb2419cea78,2f7823f014c4df33e8970c2d7d1f9929f99a962639d1fc6b6a1507ba3814399e,apps,15609,train,1442,7
1443,30adba14092c590fa33205b4688b11d4948d39cd4e2eeb9ca65f13424e4dcf2f,a50f705e7fb2211641c5a9bdbc69605f443f52aac919837f74ee047b280aee65,taco,16292,train,1443,7
1444,ec2477ff4113cd04ed6015dc74ef5fe284a1f8f8c15d44dc0ac2860af1fcfb15,975fdd926e402df9917e4d0d10843d8ccae10b33ba92d43c2b2a9fa57803a6a3,taco,15093,train,1444,6
1445,598ff10ede0585bc54a4ab07855c0b7c2b0bbb4ddd1fb01a8497f63c694690fe,a3add0e2e8a1ac8c4fb40b48bd8d286e20574c3ad70ede8be3ed8e01721e8192,codeforces,16334,train,1445,7
1446,483d673c60e01447aab3fcb2616913498d65dc4b0c5b6c26be09723c1c26eb72,38741c418ab2ea4452f647c4b9b1d469e4bed961857dbe19130f7031fd084dd5,taco,6350,train,1446,7
1447,d4e2c22404cbf945b3565e762a662ab18910745455033a43aff8e51d64006d49,6530497580a7b18650e43ee65e523cb27b772d9b2a5e83d3d21e0fa0618b440d,taco,3872,train,1447,7
1448,0c911c654626cfe7fa374b976171170f77c73e6be10957fef2bf31c1d43d8fbf,32aee42b409a4faa6b3ac2df187c05cbb5e68c3914196807d123c77e6d85b241,codecontests,4690,train,1448,6
1449,b67c8174ca2ccd6cd80891c2dc8ebbf3f98a6d8a11a75aa1c3fb9bda47e0bdaa,2a01e31e1fab1e0dcb9edd45b824725e5ca115036d98184ecf7c2786c7d0f670,codecontests,13909,train,1449,7
1450,eb19f732015c529ddd8ce26b11a05fbef4195c6c662658495e1df6195789a7b7,9b3a7c3c04a7a9b860fd171f0c72bb501432a2818e450f4fa01142cd1e44c700,codecontests,980,train,1450,7
1451,bb52cad2a1edb3dc9ba1902b7599dca757fa2d75c49a1c1309b5323e3c18445d,9acbd0c29b644c198f4f74af7a756d665888db1e4b22344a8f614881e3ae8598,taco,4736,train,1451,7
1452,08af75f388b844875b6d2964a0a13a6a8527fb284cd4c99c89c83ff36fa2f776,d21785a3804ce7a49a12632e8605816efc83a20c364206d2a3a2d13c82fd97fe,taco,7804,train,1452,7
1453,1b90b9eb1d4cd891bfa91cf0a8bc80104113f6c07d4b18e16efc6e4d122a0c40,5f3c6afdd26318f1b932d45e35a4fa6faeb4af10d3a7a893412c3347cdce7e60,codecontests,11192,train,1453,7
1454,68fffc6c9c1b40d3c5b8a8000e4c403036dbcf4e1072f25321293902b3e1f11e,c543af37da6170768f53c93663b0f7c9c09beb742d5f5f9a673c2ab3f5a6fd0a,taco,5397,train,1454,7
1455,5d9ea6c37e511b1d65ecdde9ebacf4f6d75ced5b5c526ff621ca8d1a4c51c331,d25409407b15f4049c4b937199f251a9bbd68407b5060c485d84c3578799b29e,codecontests,13073,train,1455,7
1456,049410d6e5dd46cf56a06804ee11491d3b992af990198f1d8556aa083da4a46c,9bf303e711a329d55503cff1db08ecb974d03bdfddb5293412a7cd498f633755,apps,21195,train,1456,7
1457,d3b246b58653b26a6acca4f69dbe0ee1b6223ba1ec850888d19a951e442f7090,265e202edc4815830dc89e0bf90501974ac54deec2b7ceb455fc9acfa942fb62,codeforces,7204,train,1457,7
1458,975e5226ee4b712b2c79404b1c29b06244b4749730e4bc5ddef029b2d26b28c9,c2da81073725782fc30cd73fead53c37ca91af67c849e0d33385ee8344f6fe7d,codecontests,2208,train,1458,7
1459,5d2a0e8454311bbd1077d7874fed5d0f6d59a83deedf5422900b39b9ea2fb386,95111d7f62c7263767cdceff28e04e87cefcb3abf46c292dd928e36a306f77d4,taco,14071,train,1459,6
1460,7d3039f60e5733736cdb98229e45b9a13c35d864d3371aa5f8d290cfa7d70971,570ccb7b01f30674b0741e81ac922d90a089b1a71a34c96c40cb66183edc814c,taco,14538,train,1460,7
1461,d0ae3232b40f79f0170af28228888b9b51184264e49ccbd1fc980459b44a7526,56eb76daa7fa81681257caa8f76e08211de2bad09018ad6d10418f396668a303,apps,18416,train,1461,7
1462,8f787eeb49ad8a89c064095322f7db370136ddcea76ba34da1e04584de373586,632235a739f70f603ef112b1bab97696fba9e0c71c0c121e033187a02e8b49c6,apps,12662,train,1462,7
1463,0e7545d38e0dc756c0ebece67e7c05b7736ce73ace086829199f6b3942248376,c3d8dc06ea493570538db3bc1b8b079cd2146c934c3bf02ede679fb65dd3a82a,codeforces,17326,train,1463,6
1464,329c295bd888002915df46351ef0febeb11ed4257ef8d546119f59a52916673c,97ca82a178b090259a4caa8e8fd27eb390457c309584e3efdf44a3a624b1a7b6,taco,21105,train,1464,7
1465,7ec4bba36f75488770bbe5c0f5eb90a677b7b75e22503491c85d7f26a8f4ac31,db6a8836d61fa878e7f0dae89d500b4f30cec6e14276167512350e58e9047974,taco,2024,train,1465,7
1466,cadf98de9c4d818757cd9f5c280393efa35a00d9387e6a1e4067490204750103,19784a984c980ce2be2a3eb31600fc799cf68f3e4f4a24eb95e6048a57ee7b9a,taco,2094,train,1466,6
1467,db4de7da851e11b5663d87d0f01dae9cd9cd54a03a84abb6586943c4f37becfd,3e8007d926e23cc3a9cfdf27da2d492e111c6e1f8a6a7c27fbaec3303d29caa6,codecontests,9822,train,1467,7
1468,e1132e21893dcc6e83c6d071ebb51401106332088bf64686d4915a09d738571e,c26051453dafd3dd734ad85b3b392aab75a9ea78af0cc76f9545ea9f6980ecf2,codecontests,15294,train,1468,7
1469,1525208d1641f9b9ec5ee291a40a859cb8504ae6e16b17a1d2d9543db7235740,7be03d7ad34a582b8e74088b5798c6584ab785463d5ac46cdf3b5f3581182dac,codeforces,20366,train,1469,7
1470,891cda056387a39b17fc5095470357be1d0527824ad86db03795d16294f0045d,b3eb0ce90d32e0fe6e10eb979540d89c4dc128cb1638a6f4fe490a39ce295025,taco,499,train,1470,7
1471,f450e7ae1de374b7b2544dddf2544868fc3c1066d9ab8656c0c464a89e14fb47,beac81b0e8207d2af0f34d546208e2b6302eb135f47adcff15ba5ab1831484d5,codeforces,1389,train,1471,7
1472,92464efb14003d4639c78e17523aba5389476eb759eecbec77548899ddde2ae5,457fec3de605a85a0d5ac920b0467fed2a1c500624fb3096eca3552a9e1baf36,codecontests,13765,train,1472,7
1473,cf3eb4a8cbb80436bdf5f1b6fcb33f28a14e8293ce2f1315246f6f15d1c1a4ae,6f8e908658d04d352f986de34bf52795871779fc125d1936fec7f3ca8fb27692,codecontests,22513,train,1473,7
1474,07cb5a7457de9cc23973cc42e86acc82a4430fb245c83da9cd64802e826fba91,40d4e4c67a813fcc4b3e05f5094898e7a6a1598907b6b3746457b8e13a412453,codeforces,16709,train,1474,7
1475,cf6b0eae0ee19c6c5c1d65897db72505d718cfe73856f0812c6a75e75b93e4f8,6b7843cc7ad0908e2b94fd4eec794c104fec424f248379bfb97d8bafeedf4824,apps,15603,train,1475,7
1476,1b939795709c91e7da7c9866143eaf5db01e76ffc5cf72fdf50aa2ea75fc5b3d,c167dc79c32ef462e39d8e7419f580836cf19faae3c8451ff3abd4d78548fb6e,taco,11162,train,1476,7
1477,bf6d0f58ebe08798e601ea9891cade650dfa28c920b9569960d074801a0ee66a,d457184d9aa83a16e91c5219e3536a75209ccacb9eaad4766ad4e8d4d0955a76,codecontests,3417,train,1477,7
1478,a8b912c6701925175be2d3dae6c962dbfa68a7cc5b0c66fd6df6bb742a9656cc,e7124c4428496b26184f7b1b042b07dc19d45686519c9e3682a79f7cfc6a3752,codecontests,5446,train,1478,7
1479,b6e32199f394068e8136f267eda89596343e94289c4ee06e217d47786c83d515,360eec79da9a58f7cdc793abe4e91327c7ca5b69c257ed0441fdd343587fbdc8,taco,16829,train,1479,7
1480,9de8866df825f366dbf22f42507c79a7ce3dfc467727e518d3e49c41c03b3d5b,d315d33ec22a6084aea0dcbf6ea384fae21b9ce5eabd9edc8834fe4fa2406192,codecontests,18913,train,1480,7
1481,3ebcf8c61f7bd68c6053e82b8d170f3ce6c9132315d16227b6787b3a5d2022fb,68698b77e47727f6c53ee70db9326f806014d5f0db7d6b5b5123e21f2fc3f8c0,codecontests,19373,train,1481,6
1482,19d4dee1083f71ea75fd95fab9536fb12671995a2faff3dd10099ef6190666df,99bd76c7b57e50368daeceff14851905633a70a8f27f47232da8fdf82a3e60fa,codecontests,19401,train,1482,7
1483,e36db7bc1c8fb63eb3a9230addde6287dc2566c9b7b02dc793452565e33392aa,0c7d84d68e5014890a04bfed654664c62e60d480acc6e1c35e8a2f3d2b9af1c9,taco,21564,train,1483,7
1484,c6726e26d12d4d5acb047a34c3b7c826bf42402eb264a57a6fd1aeaddfdca1f7,3309785baf51a8e03b4a12d11def02a176aba831cb9e2fbbe8eee21ec133bafb,codecontests,20365,train,1484,6
1485,9967e426aefd8ec0191c337dd58c33c3177e8e03696a9519bc97c8699144c219,a6c15173589a03efc7b356170ff4c8d0594f68fa712de88bfece2186204eec6d,taco,12165,train,1485,6
1486,96ec8573697b3d71086b98c2a21de2218f683b2a72d69fbe35e63d8af9a19c47,238bc11f041a32abfe5366194c5c35aac4e995a39d415f0d15f93602dcace6f6,codecontests,9021,train,1486,6
1487,c719e32e88b0aff1b4eaf8057b46f9b25a0016ca6547618a88f493d35fea966a,64a6900359fae1b61948a4c08feb7acc2ba76281018aa8664f2f466b00ae00b6,codecontests,10614,train,1487,6
1488,c5c32302cff514e4201112aa056d99653136e19f7666b7cfb98f9ed2cf79c5fc,745b36df5f3b9249c99fafc6966566c6aebc08e2d2e03e7acbbafb936ddcc82b,codecontests,4589,train,1488,7
1489,d9e58b00f1385a0f2ffff4ca55c9b5dd4905c08f873160d2edc8bb86adeaec0d,61ce04878613060f53adc45d8b890030015daad94a85900ab5848433a9cf1aca,codecontests,18700,train,1489,7
1490,c3c1666026dd18f75a10c11288943bbda23049076c09982319851c07a980b7b8,a3b5ec7f143bc6b7850a95afbc0e200e3e53cd2cee0e16a47c4d8775e04f2543,codeforces,17993,train,1490,7
1491,77e0112d463f033041ac8eac28e59de56086d799a3dceb63f0c46e4a782d2158,ad357426fce12fb0ae79292f7bfd6a1f7aa6728e023a305a0889aaaf5ce420a0,apps,18153,train,1491,7
1492,406d2aff9d1aa08b48716afbbb4f6359cae55be47f469f0fc872c77589a0145b,333e7492ff883035d612d07ba63737ce342aeff9c3b6ba9e060651ee06f83864,codecontests,4005,train,1492,6
1493,234b4da2acb5faa8418b1bf6c217fe0e07276e80d259517640c63515bed78599,60b742309b9b26ffd9aff4949e125f5af79069a816bc671fd7c035ac849523b1,codecontests,10166,train,1493,6
1494,1fb3bebb08c9535db2201a6168bc9d2974a5100baa14ab65f2a477fdfb1fc865,b60c625f213a91974eeaef636a9673889fc333f2584dfc2f9cc5a6d54bf77f35,taco,9435,train,1494,6
1495,31954f531d4f94376212f953192ae8d4b95baa4883502bfd7bb4414f1b946c1e,b7241942ea23de4d5e5540002ea027571d527414be5163d6939ba3c7d449969f,codecontests,12222,train,1495,6
1496,64fe3a73d8dd1f802918860374d0f806763e29ae0c08e20a920407662aaa1bcf,aeb9bcf60e2a217decc811ecb8b6c4080842be16c141837fd0f358fd90707711,codecontests,5925,train,1496,6
1497,d2860f9737346b381a03cc547c263619b4d5220f54f05f3857cb9c90edb8b410,1ed1764938c2f67dd036276226417a352d7d7b356f8527c25556c8a04039415d,codecontests,2660,train,1497,7
1498,163cff4dd49650de730da71428328e75accc6459b6c3019b08e6b4f27bdd1fa7,51abbdb118d522c53626d5fbd0c7acfe3a47c04653fabea571fe4850bd921d5a,codecontests,14272,train,1498,7
1499,d2cbc8f0ac9f91c50fc00e8f4c86f62031b8bbd208591c56bb816b522513118f,aa5b16fbfebca07975397c76a0b2cc61baf0a93d8bfd5e4207116afcbc888659,codecontests,10063,train,1499,6
1500,1fcff4e386f46df19971d49c2b4c9cff8495d7fb161f767066f3a7b03cb3ebf9,beb2c527165c3504bb00c51ffffd0358d9d885abce94f6ac1cd039edcda25398,apps,11750,train,1500,7
1501,3238c7e6f403b4e847aa4ab9de0970d03d8f3016f56ec6b7f8eeedfd481b8493,f1dd0c9f83b7c7e83762bb29748e404730b9b1f4d010a544f138e055481e2104,taco,15098,train,1501,7
1502,589fd80d7395fdae00efff2593538f37b5e81c387df40cbbc53866959c17a3bf,5bd0761f2f1dc1a10275e577781b2df1627f81c0815f7816b63bd2631b1c0a97,taco,8724,train,1502,7
1503,a84486a9feb43b48a48ba19f94ceba010490062987e3a4514b24da761bc01f14,7b8a713a85257e8b4271b03c30694d2c6938355fecf54e82d1c9f416af6d07e4,codecontests,16762,train,1503,7
1504,b643c09574f52968ff8416c1127a62bb6263d719561a520f0800d041ca49a805,de4875d3a15c0dfaffa4ed3cb1d4a8fdc7dd63437ca57649adf03d09f558242e,codeforces,13642,train,1504,7
1505,6ac8fedea249be38e29cfb0dd36baf8e8c05af91af66c3a5300129379e4ef1de,e4691208ddbc51b3066e1292065c248a282a6022caa04df0b91ea9fe4fe88cf3,apps,13923,train,1505,6
1506,5106230c183d3ec9df15586784f9ec9b3a6629c82128bb186eab17f6b4f7b60c,f8749020676c21034c63cc69c0f20b4c0ec8d854c92b819bccb6254726259ffd,taco,14715,train,1506,6
1507,7cade0b6d4085d95fd3062575314a00f8e2cdf1c674870860b7b26ac6594f8ef,0bdcc064686c7ee9360790a5cd85f9e2d63512702355adeb6c9af170874d0d18,taco,17980,train,1507,7
1508,fe46f44748a4c2890ad8286f0683398a09be66b3dbeff4b14931076e7bc20d7e,675d3e963d19bfbb8137345825967a9cb35ec82fa8c095ecfaf8f5be6e194076,apps,4834,train,1508,7
1509,dd51044fa1296b13abcc46d71be14430677a51046256557ab3da2207482d79e3,76ff91e96c680bc8e3931530069ccf912b676586e38c6708cd0c4712b694b509,codecontests,266,train,1509,7
1510,36c9f9c50ba4c6462b032ebdb50720d42394a1af2af769c27f6e10f04ea21392,5475d6a53def37d917eebbc294c2e84c4c6b39949fac4829e0d72964584be4d9,codecontests,15979,train,1510,7
1511,f0306204d6d7a0d0b63a163d0c605ba193d9767af3b4ce37c38af4a194b99f6f,b959629c2e8f84b544d27252065def5ed1de92e014abf6a9379bfa46132d2d3c,taco,12356,train,1511,7
1512,ebd4f87126ddd3023f97969525ac99ba6ebb86e26463e1819ca79ea6747032bb,1b678eee810093edb8d6b65561f7952c38b96f31096381c892bb8e92dfd40649,codecontests,1844,train,1512,7
1513,41270dca95e21f3ae76dd373f99acc42eabd49619dbe0de210a467536498640a,7ba2e06ee04d84fa6161039c1fa8a6fe613643fdca4b4f3091ab792f866a705e,codecontests,10769,train,1513,7
1514,9db4fe664802d5b1340cb15bed7e1e8c26067d4fa374ea3c4a8597cde830a9f1,ef1a926d7121d1b9092e0a08fbbb15d70a6ff9864ba68be6a177a7552834a4f7,taco,9924,train,1514,7
1515,d71814fa33ecf7c79359282c006906a7b685e32332bfe25af7504d57ee708675,6a9bdffcb29c047e58d7c957c012648f01b21e423aafd4c0d93b2be45d62d618,codeforces,8742,train,1515,7
1516,c6d36683ac7fecc513e850ba1a4284a657fbfbb14f38c2f1704df7d4ce3d3e65,4871ac35d5b18be72b3c0a3b6aa7d0b7af0373bcc21ea35e4cfdb8153157b6bf,taco,21167,train,1516,7
1517,452e3d1c6b8c6d538d5bd3cb40fe7af552a389226806e5922a56ce67d690ee34,4b4d5a49860bbad39630d5b064f616b3e10c5638b9d1b0753f1c52d334a67ae9,codecontests,20601,train,1517,6
1518,f87769fd67f5d026b5d6318be12f2389946b19fb1fbe23c4cf26b86fdb544c17,a60898b7c4d47bc1d459f4fe0ff7b6a6aa45a75e3afbc8e119229936b064a334,codecontests,2467,train,1518,7
1519,e0b7dea7cf8c5e52d4f0654305cbde5add861078f4883502f2d445f787eeeddf,52c286370137bf2cdc14c1a33e4a2c2de02b26e6b547154d6e05eb3821dac26e,taco,3329,train,1519,7
1520,5fd19ddc23b5a1c025df53c4409a183e672d814fc625e53c7a5ebf24dd896eda,7d5ad82fdf0828db2314cfa37546a00efc84ef4442b9f611561d90785ba06c45,codeforces,21300,train,1520,7
1521,f1eed460fdf08ef3acd1da536698baa6c33bbdc49293e9afd6549e92ec4e5c1a,077a9005de0016dbd8bdd0aa97d403040f86bb54cba1ca5f781aa9c7a758806e,codecontests,1495,train,1521,7
1522,546fee8a537ffc03fbf77535f1128432a705ac3e753b59731521f308230e7f97,218ff19c207dc0a3aff6046fbe6aa8a6e3aabb8ed624fa1cd32961a44d99f3f4,taco,18351,train,1522,7
1523,14422c9c12f6d26c34c9de9fba5bf793541b8e1fbebe5090849d35bd198f46b8,514036b7459cc594115f76f8e83e1dab51410edfb990e3e89a223a4c05f01d6f,apps,21096,train,1523,7
1524,b6849dac390e1b7a2e49d59c6cf9eda2d91cd71822983400f32a2e05bb7f7736,9a36a41a60d648d13e89078290caf7be7a8274f9b5bbdbcd1a545d4ffcdfd512,taco,21575,train,1524,7
1525,adddb2fd7d26c1c91822873de61b3046cf73ddb7ead7024e1b269e102ee53ed0,737144130da03750cfa85b0a86ffed25ac3bc337ccb658ef4230952cb79024f5,codecontests,16448,train,1525,7
1526,1692cbc547fcde74fcdd818d4eb2bab01d98f1c113235dabfc6568b9f81ce856,dab534862870e1cab1ee6259f7f31e02ccb528812495a4650c0b4d3ee1699cc5,codecontests,6287,train,1526,7
1527,87f421c362f8211e9609474be8c5fcc654a5b97f1a5c46e5434342f6fe7429ee,953e392e7ccdbbb5f0d7a622d8ea19eadfbcce71068556bf4d21d564a3e724af,codecontests,20120,train,1527,7
1528,9ec2536b107112f0b22b498fa93b6d9ddccbf4a2236073260c6c0978972154dd,05532183ee04525f98b2b9319ac3f9ccc62577455fb098e1aece833b1b84da55,codeforces,16799,train,1528,7
1529,13790437f3dc01b4d6410ecd89ea7afb745cef895dce2f58ee41e5f925cc76c4,b93a757a1f6e99e6a2505ee1926fe6039518ab6b2f64daec30ea0ed10bba8b68,codecontests,7043,train,1529,7
1530,718cbe0fd6d4a704e6652d1374d8bc43adb2d8845ede0a4593e1c0dfaab3ff1b,9a2cd91ada196911167e21f853e79e571c26b661ae61afb652ae7779669ac7b7,apps,22069,train,1530,6
1531,6e50f6471d02e7f06b35cfdd3e38389da17af59704f15133997f3cac156101fc,7248a4b03f14ce11ce5d9f99ab928421a7f0f356460a4ebf9fe9732129a8209b,apps,16549,train,1531,6
1532,0d43eabf1a9da0b706f8ef4bda3e9b9c7b9295682f27768cfdcb7f3b3c9fe87f,dd7bdafedae4371b451f246e2d18b283ae93dd267dc4977f78bccedce06f11f7,taco,21728,train,1532,7
1533,1fb6057a40274141d1d9df48bf3c1dc4beee7c2318ab6f5dd665bc5375a3c05c,e8699048c3fb81505c06a933ca6835c7a97687f215f208f336b35f7cf125972a,taco,19851,train,1533,7
1534,a4ff900a246c49bb14ffeb196d64cfec23720a6efe718a693d55b4bdd8c35359,602ffe632c3b44542dbd3d11d71ec0396d26c5d0bc91931433462263c0bfe96a,apps,6563,train,1534,6
1535,66f03e94bd4312b8c245d73366aabbe686661848f60c7dffa9b2afbb71ed2890,9228778d63713a37ca842a5e61015a0687018c064bb4b8a43332847f5ea09a1f,codeforces,3365,train,1535,7
1536,30a06aeca828e248513d5d3bfbef5cc487b1465827332183ab11ae9bc76881d6,ac3c60c377f5dffdd49bb1b8cc4f6e393dd066963630f1b3e35fc886eae42902,codecontests,20578,train,1536,6
1537,fc7eec39ade20ca33651b7468839e7e73dc91569d6bb0268151dcf9d6ef6adbf,ee69c1d8b4c935122dfe08e7333e6f0f830732bd681562d8cf88f55a19f8c096,apps,17206,train,1537,7
1538,0ee347b98c17eb559e9f0a59f6c392a92405eb8f44dabcc749a63ca549125987,4cbfd42e7c737fd995c33b11cd4c7c8140acae6dcc6fd015b9ec24c4cc081f39,codecontests,21385,train,1538,7
1539,707f4d8710b28659a8e0c305483afbcc2456b95f7f9709b98a0c74e6421b144d,b8ae9dce5051bb1a39cbc4dc00007f92d19add68f932b152b901fa17f39314e8,apps,8049,train,1539,7
1540,dff8f5c3914d631b1313158b9af4fc873cc3415394cc31750beea08cdf6e5e75,3a0abc0a03d66e439ef8782f57aa642de3b139000dc23ccc95815a45bfee082d,taco,21642,train,1540,7
1541,2272ca6dad4090ff9353b6b0e5f05bf86b5030ecfe5d5f47fd4f758a943bb5e6,8bd500e26b556c837a4e19e12fc09f5ad00c34a509f226b9c51d4d119ff3f15d,taco,3273,train,1541,7
1542,1228d262145412fb4b79d25fb1d82154dd59ec0337324823e342ecd51127525d,acc2661bd7db10df7ce1d932a3154f54ff12cc34220b52035f6fabe8e7a39dd0,apps,20157,train,1542,7
1543,19bf5c03ece399bdf492ba94cb89e4f44a35745770d97344fa8dc372b9f34bf5,a55e5e25664dcc423f8453ef8e435f6807b29d38e50866c1019f3544a71637b0,apps,2737,train,1543,7
1544,737f2dbe567768bbd2420b77d7d6be9210f12e0da7321a89f7331be349f2847e,ed238f8b8567651dce7a5a619308bec33b24dc48321c046d8db2a262d6340732,apps,589,train,1544,7
1545,2ef6a8bf7443b891d198850f35fffffdb8b2fa61968a0601dd515fa963ea9ec2,762d753b6de7767431c47972ad1a332456efcbc975f8f6b148b029c1044430ed,codeforces,2336,train,1545,7
1546,3c42d1f84b2e8ecb9d8bd3b341c9650b8c1a4515f160e36e0f9d7ce5d64b51bd,6a4f95e5c55e84cf2bcbc74eb2013f0b4ce9f16492e5eb4aa9aa69f43d8a5de3,apps,13586,train,1546,6
1547,714b4dfc28b2e7772a5ca3c4031b7bff66e4aad98920ae1f64c8739aed5ba04f,597590e33c0335abe7aa502fada8764c6efb3e8010966566ab3865b78f717117,codecontests,17017,train,1547,7
1548,34c4cbffb2b29e8de0486df33b228d54acbc67d2065b680e34be7604cc5353d0,e422885bf4303fc5365ce0e9be07ffa7625271fab1166237419a295ce7f9462d,codecontests,18910,train,1548,6
1549,e09636c35ab758dc8c4c3e185482328b1e35655b88ad846fd293688771ea0311,f6015bc3d66c5f3a42ae088d38b36687bea54b4ba6965db60672897f42cc54a1,taco,4042,train,1549,6
1550,49bc739bd689ce87384848ae789b9ee2b40510fc0e94949acebc06c6e32716aa,00544ae2fd58cab82cc820ba6505a80ee9b7142075b07131e0154296383f5b05,apps,15932,train,1550,6
1551,528c2c94c73c8897505350b20a81a16451f82497915f2f67470c6c5ee5ff0382,c224031618876d532db06ff58116d4c791f5b08b52f2c90bc0f361c96ee72730,codecontests,8048,train,1551,7
1552,91b97ab934a210c03322d2538286c186f75db9af577f9fad64e05f7a230a66da,2fc606a779182a03d45e79721078954eae639305ca074dc6b2326c6ccf281e46,codecontests,9316,train,1552,7
1553,42d49f4da3f645ca1d3c3f6391bf9222c0d1561c21c302b9e9c4ba09f3c18094,ef1ad712f41c5f5b8efbff9909e8e74fd9e5e6ee162d058b513abfff77b50027,codecontests,12856,train,1553,6
1554,9580f0969a2113a3d56c00bdfd30ab20381d5c41bb16a826ac654536303d76d5,0be30117943b8c677e2f21e07c954938480b7a0e3c10c901888f35e2d86d2ffe,codecontests,4393,train,1554,7
1555,1ec229a312e41c0c1d4253d53bc0863910974e0bd35a60a9c221b2268d7a1b6f,212aa3f4321e4bab2ba353abd6fc32b66306a4cc6a80d7f38fef8cd08aa55059,taco,22182,train,1555,6
1556,3fdd93c82bfd48e087440f7f685a64b263b689ea260aa7f3ccd3c2ce51d5b298,9493203d08275a0e3d22b21fb3f3887e9c4e72dafa347811b21e311c85123018,codecontests,10813,train,1556,6
1557,4bcfe88003c1737d7697e793da98c3da9513ac4e060e110a614c9c7991423843,0812f1c39dba2d35f872c8e67c44852e5791838250bae8b15cfd8acdbdada255,taco,3049,train,1557,7
1558,713ec69163e7674c4e2a9b09816e0e1f8c8a63a9ead8389e13539d5db4ac21c4,69adbcbe4736fb8f1a06148a2bdf8dbb17432ca77917961a2a8ee17dd6c4b0c3,apps,1692,train,1558,7
1559,21ac805262287f54a6257b0fa41989636cd9a55273772144c99ae8e51c147a43,9d0b9f5ac868fa70ab219d5d8f941eb87171752d5a0897c19bb3d439be4ab5f6,codecontests,14449,train,1559,6
1560,07dd392066d949b6d7acc9803e37f4d9d32f398a6d810483c0d85a7a995e90f3,11617907d39e1029f1b299217eca38bd204bcc63c7191c0a5d44b37be9e575b4,taco,2504,train,1560,6
1561,a44923c80a102813d5f58f3add7ec82b15f3c10ad8cdfe591096fd7469dc960a,ce88e3aee18c30cdb14280b0d0eca1e9716779b29423801e1bc940f151b2a5f7,codecontests,17982,train,1561,6
1562,1a6adf00797b5a53baf2baa5fbd5a44c2521f1858c80a7338eed22e2f0fe6c52,eb775029c7dfa8e3d834031a1b09039f406a70cc80f051b910035f2b566dbe77,codecontests,14542,train,1562,6
1563,c1bac48da7018cc9f07d8ef3600d709127882d2d4782b0f77fecc0e41b8e5888,5066f77d7607059b198dbc73fd0e871e30c80593f386986cebd9c1936e129722,apps,18625,train,1563,7
1564,f45dd3a05647980b5bb6f778a972f39b07ddf293b1d22f8b76548e5eef84e0f6,fec13a3463891a498766e695a23fd3fabda1874bd3c97113a42655afbede4b67,codecontests,21771,train,1564,6
1565,5d9077492a05188b0382ee5f4e052d17e6366c4423b810fe73592892f34fd621,d109cc20e21d51fd7e1181848b0f14d49e4a2fc58ed82b8f8bb248df740faffd,apps,18008,train,1565,7
1566,fd2188c7a21133a758368b17295e850587419edb8ff776f0253adde717bdd46a,c2df86a118b26b822641b1f861402e590c7a5626ac71105acdde568524b15fd7,codecontests,16570,train,1566,7
1567,c499cdd2c346b65b7465fee3e9798d7681c70df43b72e19d7f59bb78f412fc84,b4eee0975aa98fc1605abc80224433cc4341258e08c6aaca104ccdc185158953,codecontests,20923,train,1567,7
1568,652c15b3b7bbe15d6a64182f795fe51aeb969bc55cc42dd40d537a2667931e44,90a64a63a12a3f8c6f56274f773d24cd70a552dd0556f9cf81f08690689444b3,apps,17601,train,1568,6
1569,28ca46f6b3fdedfe7c50b81927a546e368c8a0090fa6320d08b22a8e4839093e,663bb865c973f5971186de3dd6513f889faec9e0735a7ca4ad9ccc17bc72fa0b,apps,2511,train,1569,7
1570,188f0d905648ff8af3bc97f622ac04e81ff98d042f5d9d56653739dcb9093478,49de9234dd1a2f42b7d0347691dce1164a6540dd69c92fa4f75a990ca4e8c480,codecontests,21781,train,1570,7
1571,c2c301a3fb658793452c9c147865d3711a700634e127fc84ef90db88fc15f740,a329bc76a29a2ec88214caa8f22aea55bf6249f72e21e4d372bc950e3b32d7c1,codecontests,8028,train,1571,7
1572,db3514b1dfdc30ea3f4b8fe69d6656ac63780034d26c76bcab314528afa6ba4b,f0560ddd393fa8168923cee10de409b22def651c59f096477bd6bc239a577bdf,apps,5531,train,1572,7
1573,e98d8b2b928a3ec98666bc27e552bb2e0eb6637c3e106c6215f46e3ff1c4aecb,d43b0d1574a6f41503cee85a0dcf62efa0e1dbf77b52d4c47e8ebf9d6181510b,apps,5155,train,1573,7
1574,88672faf3453ff24db7ae00f14d408be1e1b727b6adbfd7bc8498538e186e303,10457d377c22e26fe59dc234abda120d53e15d287fe2415ac30334c9903dc147,taco,6629,train,1574,7
1575,2faf9c112b09aacf5b469d89a9867920a3f55870f00b37f70741e538ad398a3f,8f64ef7fade7f1a2a093f6033a8ec49ac906b358fb758799ff99c0bd7be0acb1,apps,13140,train,1575,6
1576,6a62ced1c1cd988ab75a77c77f5c71966077892ceb7bfc2ac203a3a6cdf38d0d,d0c5fcb8019f9dec560c3b6ce98251d87ba3f0974897a9ccc2778afc3dcfa198,apps,10607,train,1576,7
1577,50f3de19334e0dcf790c79fc91cd67f503a5c31f24c4586a5b703c8dfd86c303,38f32248239de0e7cf4cde10f5c3661d278fa587e688554a0418a277fa64a2de,codecontests,11366,train,1577,7
1578,f0751d344c6325db1e4e81e672d15fded26e4f8cd9a7715ed600ff28f38ead49,a36846777d94c6422bddfb64efcac61ea0a678315e7f1ad4cfa6b56a7617aa41,taco,13807,train,1578,6
1579,19c0703d116875f7e243dfca6cf372472cb19bbcd30f1d8fb9e2047d6291e44d,08c3834096b17c6cc452b31fcc558394c7f4538a5fdb9252934688260e918433,apps,5462,train,1579,7
1580,4fb65e6341c9665c81c88842e63008e1d291cd2d662e15777a5f216b025aeacc,9f4f1e44e0e1ca8ce5a7a6942a69fdcd55fa5ec829f52f61a795d9819f492cb5,codeforces,9644,train,1580,7
1581,5c0df775b8ebb285598752d9bbc36a95da8bbd50b0d3bb3ec5de05cee63c7a5f,2c369b709228d93e18f302b273b54c96bf1131c6def33ba78454d86415ad5fe1,taco,22560,train,1581,6
1582,2d96a39b8bdfa5b21c60d76bb8154abb6d1609ef57fd2a731af268d82908fbcd,fdd054e08a1beef6ddb1e020be74acdedb9d64cc731fe31322a8424eae6cc3dc,codecontests,3492,train,1582,6
1583,bf36fb3d4fb6c3d20b87930804de739584db7e0b3723d36ef87651d9fbc27361,f2b924fa07b9c8c1443f38dd9d12830e28ce3d6ff06ad803df0243589dd2fd97,codecontests,9532,train,1583,7
1584,075b14a10da6fc5073157e113197d676ca352678d6c39c62119edb9dffc7c015,467bddacb56362e8e517ab47a515066173d354cc309099780d8265e1b3adfef7,codecontests,8324,train,1584,7
1585,335f8bb5c47f5ff83cba5fe42ec5cc326093b7931e359069a1653a475e2f0af0,cc79ec5f57cc192b238fa4d4e5a61ef087ccddc631398164b4ceee69bf22e747,apps,772,train,1585,7
1586,3c8ecde6107cc42c48a40cbc478ce72f979ed13d55f17e93af14c81a1d5d208e,f774a7b78a9e81dd946fe19f54f45e1cbe0498896627da467531d3d41f59a1d2,codeforces,13109,train,1586,7
1587,dd7676315da2107bff57e6d3cedb016efe052da727d216a8b14e8763e7fbfede,c6cec82b9b69be0472e8b66860308e1499a2a2f047b74f64a21f2c1926482f1f,codecontests,12032,train,1587,7
1588,c48ed816683b58460f230323f44196524bc685b3aaafc4d7f934f28a161485eb,28db3365477e960fa062ed1b92b033993a7d19477e8b80edf694f6b46a721dba,codeforces,1446,train,1588,7
1589,4a34956868776d06cea361170edc07f8d5cc3085056515d9252012bd376b6286,c8103b766b5c652d3ffcd57c21db35cdc581fcfb1ee5b34e236dee98f33b99c7,apps,7386,train,1589,7
1590,e737372ec5c52787dec012902ac0f02294f6f19b9b2edb5e45d4d704dcc2ce77,3d04b92c88b64eddbba0e0b4e3a552f5530c1bbd6d318ecb7b22eb632983e009,codeforces,8821,train,1590,7
1591,ddbabddf6acc7788e435d8ba6af5bcce18872d99e03e85a2d91cdd142a057d9f,5200926e33e13a1b304be56b5dd6a4c86d978773fe57552b88f148a340228534,codecontests,17110,train,1591,6
1592,b4eee1584c19744eb8d0279a90860278e74a406693bcdf2a140aaaf7de61f3b5,34d0c4948eca0a9e31ad09cd86e5e50dc69b76c0f1c1eee0d6678b27ea5e2f90,taco,18382,train,1592,7
1593,66dcefdc3c7de096172b74828b833d8efba8fb79c2f712a18168bfdfed51aabe,fbf460d213a5a7e300664c77feb0c829ac65a1b3f5efefdd111be0f483bc16df,taco,15813,train,1593,6
1594,4a168cc7331c78c40a15b599eacc645325907eef2708e83419f6dd0d4f16e998,2d4ec7facbf488dcc31fc6da96ca920af9523a627aeed1beb382059d047a1c29,codeforces,5973,train,1594,7
1595,bd4ee27f4fba62daeaaba986ba5a459c9464f50802259a7eea8cd7f0a66401c7,b5123a8cfee596bbf3a97226c319ca3e3c8e4f1feb5c7b1b90622df2a21b91bc,apps,7753,train,1595,7
1596,6f0f436768c7255fb1fa94e68147fcd5aeaabb2023636bd1fcc87b21763eb6d9,de28152ed85bbd034f7290287e94020738b53457d3b14ded02e68b6d4fd36119,taco,13482,train,1596,7
1597,4edf58567199687134611a1b085b7ca89360f186467e5a17fe52bc1548993108,416f9ef0fef2ecb66a04d591985eff736ede7df17b346090cd92d1a7d00f137e,codeforces,18777,train,1597,6
1598,b70b12f8a58a8e6be2beca0ea31950d81d302bc0b87ae8d8ae60fe96f4cb0f2a,8615d7da98e700fd21a1cb0e8ea074d707a199d0897173160311368e3435bf13,taco,1605,train,1598,6
1599,c494fe31b911a0b6b0d36a3c0ef54003d38f0dbfdfb63eddea29cf8911a3bdeb,56e797fdc27b4b53dd190e82c02c1ade27fc190ea7b4baa0ad6ea824cc17a10f,codecontests,22121,train,1599,6
1600,d7d453de1fd277c6e211223c2901e36cb540bec4578ca5b4059fa8d24e1521f0,ede7f9d418c473a2a39bd2f2c2be54cba777fc74089454f9a914ff2b25fdcf25,codecontests,6043,train,1600,7
1601,d7421bc71bc48a9b838835abe68cdc051a6389667ba1f1d44bddd7b9fec731b8,0e247bda60caccc1d9d7c47a34aca352bcbdc5f3c06a3d134a2f44f09570ae62,taco,767,train,1601,6
1602,48cdb1ac412a638c32f0c541ec55e42d87d2423958a52e7c037189f67c85e4f2,0f35475569d77b43d45c36382d5c4672265329c13e2a0c043f1a01d77bfad885,apps,5073,train,1602,7
1603,95905bc563df8c507dfd5cd15e26d9b57ce160f6dfb34ef8c43b4582603ae1d6,ba131f11023444f0e3a0a5271e6b3157086181b85e74b5b16b2ee5fefacc44a3,taco,5391,train,1603,7
1604,3c6bd161fdb038b2800285b0b22add554c847f1c34651b96d981b1dccb556bd5,e5e0167e8a3f552d0272de16c795606e6d26bee306415d92e1c20b75a977b8f9,taco,3004,train,1604,7
1605,b9d83fcbc1fee35afeba1a5fb7e6bd5ffac22e3f6af1ff3a14f9f64737f24f60,f48c8fcf1e1e2da09da38bfb71dc39391b7120fa9e60ef0333270c4a45865e56,codecontests,12350,train,1605,7
1606,703b8542105b839347ce96da2f51e9a12ed1d045520ff93d10d9990b85d58001,363807f4c624457730395b1d6bea336035ec46e6e5eb4d37b963a06ddc617854,codecontests,11677,train,1606,6
1607,2a037ee71c7e2626f8a7ee622c64e041677b6226881ec23f29f95f3108761333,1db5ce557db5b173c687645f58948ba51b2d9bfd73a3d00dd4f5c2ef0af87a0b,codecontests,11104,train,1607,7
1608,60fde5596d43d0f42d74838bcb6f2a8d7b0f51ce363f6edc741a694231365ec8,2b99248d3d34c31454a4326363eb5ea37f3b4cd5c5871d098b3c543666181fac,codecontests,19307,train,1608,6
1609,f7948f0ca34301814ada3e01faf81b7514e878378d15a968160d44555a4770a7,6a1be34e9d266b3352fe03d827ebd677c96d19f6275430ef35786d8106b302ce,codecontests,6591,train,1609,7
1610,c164608c2845c132741139832c950fa42d19790091da40fd56c4ffdd2487f772,d3105b68675e2b0159ec7c022e83f4646a722690567c207dadb3095d9fe63ce4,taco,2502,train,1610,7
1611,43e473972dfa9ba126bef2d2220337d27b7a348c95b6e1c3c044961bb0f2d5f9,5c6704255dafd9ff53915bafa128e6f492b7e354f5e7097c19f9fc7fde7ee197,apps,7552,train,1611,6
1612,51595cb40c47941b46162345f740c1e85c9f17cd4778477231f02c38cf19674f,e491bde1daf93229e1a70cf701463c9fe42e74d3b2a5e73df30a117a85412ffa,codeforces,22174,train,1612,7
1613,a06ac2cf8efd76d9b1248e809331c6cf573a9f57762e7e9bcd128a59dc59bc46,4ba32f88e9883888dbfd8537616f19964624c92d64d56259fa6949aedbbcded9,apps,14953,train,1613,7
1614,5bb60c24eae7af4c90da8c48f8018d29e95abc6438d11d78f41873e4063e6ef1,1b3a570df3e039cb3c41666e1dbc139db0b8810fe29c82c1603419a6a9c66180,apps,4045,train,1614,6
1615,2cab600133180a2665ee4ad0cf3e7a568641c997edd572713e90621d8314e67b,73a119c79d4abeec577c13678ff068b2ff01556029c21c76ce517ff2358e0230,apps,7656,train,1615,6
1616,b58e4cb7cdbfb5ce0c24d3630eba1b22da7e0e3ed6db8eaa1362b384a0c940ae,a4c3bb432eb4d0a029563cbdc8bf7974503c3f40c4c97ce60fec3d9d82e09b90,codecontests,15475,train,1616,7
1617,9ed60db76ae260aa01f01988be72701fc2ee9d656f3df245b881fc0c4d777aad,744e862a4b2c8ada1c51d468ece70fc8d4c0665e7af40932395b0e3a205b6fd2,codecontests,1456,train,1617,7
1618,27e7f1359fbecb3bc984099784265c87b208bb5c5e3bd3f62ac01ad8989f43b8,026b7bb68c17be2991171c9a0711ae3ee45bcdab06dc061f17e1996b0e10f99f,codecontests,19492,train,1618,7
1619,8acd9144e70eca0df064a5aaecfdbda6cd89aea5ee6c20f3b7a34684ef3f44ea,ffe3dd88e8a1b334a3cc7cdffe31de25941c0b6be278ca3725a4169cd51ae88b,apps,682,train,1619,7
1620,8d5080a92540206bddd10f06cd50dd241b4411f9aacb0f271e15d48b9a53fc2f,ba6ba9086b0274dce7ca97a76a5cb8a3711d299f6f35fb22e9c0285f59ffd0bd,codecontests,2560,train,1620,6
1621,de23dac09092e70ddcf25ed4f7720dd387495a4364863087471ff77776895026,ce329c93a56aec400c088e7e5d9fa9e643f38c1969d3940ba769821f251cae2f,codecontests,13171,train,1621,6
1622,5fb1efa50b021169f23806e6ec1f17bba43c958e2b2b127765b4ae689ec08d1c,fa7b756af8af1b7809eff17225e87395e3cebf53cc37386b81a682799aecb23d,codeforces,16175,train,1622,7
1623,9d7d5871bd8db20bb845777357d21ea24b4c1e6409d9e42a0f8a8a4912349c06,fb79bb943fc6bf80e9795c4feb5f3df90d9fda80392d0b58dd87521e1cbe4e3b,codeforces,5605,train,1623,7
1624,6461d77b6dc65e7b8959fbe58d67a4ab4c7c4540ef57b0512fcaaa9a02f24b74,5f4750ac155e14c448c34dc249bb5f0f5d93a6b3680724f8931f25d65f3e997a,codecontests,22484,train,1624,7
1625,ca59f57f751f0d1065be8a0a6461915eec500a8da23633d32f3a60507cf00535,8e17fc92b35ff2eaf3b97178af4f05b6962f803a2bef512428454f30626a685f,apps,6367,train,1625,6
1626,11526e230cdfce2632a7c2c6369c4d4cbe026cb0c0f3afa50884b940c7796222,d9cea4fe6c579a677bf4cdf0b5547b07bec801a8f4d0c3ec6ea3860df2692bf0,codecontests,12648,train,1626,7
1627,ba4925eb0ca12724752b005674a22454a4366d148ced78cbb520bd9dc39da2d3,1c3dbb7e489c5a9f40db78be0b1fceec3dbabc579ee2ce0a99f411c2d1944249,codecontests,8287,train,1627,7
1628,9c0387b19d3344607a7e16806aabbca51126ba5422933717091ff998b61a6236,836f140d99d42893a9dfe4eae6ddfc3bdb7893808289f60cbd37326820fc5c56,codecontests,15513,train,1628,7
1629,eb86523c6a37b0e9bf51674347c25b9455c1e04b422eb2a63d7f05c3b3df54fd,566c1dfe07f64fe17a558af32e393d3718ead8c6e64f77d1cfa3943a37f4b888,codecontests,12367,train,1629,6
1630,6519038869856c4bcdc6bfa829da118340a3154c6ee2182e22ec46494550395b,4d763c7ca24660cbcababb17836b24f864dda0b9f452d31e4549aba3f9f57643,codecontests,12465,train,1630,7
1631,fe033f08994f7fd67aec16fe7abf69847ba3bf9d8fc4a016c9fdaa00cdb17142,9911c9c80551cb1ab2326a29c5238c75dbbb59d23b11560cbb24e1fd0a347ff9,taco,923,train,1631,7
1632,2e33e0e0307fb0ccfa263d4fcfa9548d643dbdec367c8ecb4d5594cf23a5be3b,dc2ff2ad2c35f124285917446c96dc805d86baf204333255d7d1a9a360c0b9e7,taco,3015,train,1632,6
1633,d78027218c63c41c7c5d6d3a75d9878849eb8e9d85918a379b485cc55217a38e,8aa769a6552001e1a96c9ebd7948929fcd42be1cecddb6d909a813511765e8c4,taco,335,train,1633,7
1634,dfd72ce50ca8f37c4dd0cb1b91069949ebdc887deb8047cdd0b1018dd0b2a095,c3a8f5b8e7b6413872c4787c512dc78e6e333960bf5d56700840c95ff774e88b,codecontests,10704,train,1634,7
1635,34c1f04939698f6d63dc75e6de3580d54a6df36085a602ff40e0f2d97cf990f3,0f5f68e3ad124dcf12e739b438805f8e951e53abb77a1278053b52d00a69ae51,taco,21979,train,1635,6
1636,72d1eeaf01448605d103c6df95b1417c08f7f5e418a1a4341ab6f4587e2ffe2e,661d76aa9f76c1c3c84a14b46a5c08652411ac89c4f3870fa9d1442b509c0a66,taco,949,train,1636,6
1637,f1aa788d40883895d8c1fc374e177f46eed6723b51507505b6e71fca1f208794,e8f496956d98591b72541672c7247b2052886d6ebbe2b3e07fd08ddca4ea8a0f,apps,15407,train,1637,7
1638,801e17fa5421b3e8d52ebe5d383867b334128fefd6bfc627f51f7f519b1386f3,c68681e0312b5f54353a51f20dc85a6b56129ebe70d268e27c3466c7a3224a28,codecontests,17398,train,1638,7
1639,5433fa269382cce1e1ab6edcdc947b0fb46e4b5436e977a3aa02c8d90d694aca,83714d997ce7b4b0648b4a2ce9eedcbf9e2d84d594edf79ff89291b5acb21344,taco,14832,train,1639,6
1640,f9bcda137f7a115bdf4cc7841364c1bc45f9928cf549f68d7ff497c29dc4c838,c8daeea74fd4bf09d85f1ff0a6a7ee0d38eb5f420ff0259271148df0f2345cb3,apps,21073,train,1640,6
1641,05a76a26f245001dab85fd73f0730cb7225d7b033f02146e1872671ab50290e6,f03994cbb1a01529b9fad262971ef5063ce43a185dd4b378a4921b5a6e42ac96,codecontests,19472,train,1641,7
1642,9003e79e46c710ca9527e3dbec5d9d1e134161e79a4269fa25c647901db7dc98,0660d42842a6f5d6f715c1e517d3f533ec4484955839970531a56de359db6c2b,taco,16662,train,1642,6
1643,a85a5ad3af895d0e074b117dc9f17085d530a5ef712665152ab421e6f0fd023f,32d82ecd942e6353e2e05203181625cf9bb7f4aa2cd0eb418527f9ce0f3d5918,taco,11542,train,1643,6
1644,75ee88afe17f025ce709964403f1488496dbebb48b52c3ff4c9c8df06645a838,a9994fd2359dd33eb158ca38731e13c99b1b83509bfc4a1935610b8524246005,apps,12858,train,1644,7
1645,5b2e4e2f7324c377518e7546a409de0c0ae7f5b25e18b2928e4981a9f6b08e38,fcd81067db8eb07521d8a93975f2525f110209bc773d5ee1b9e004597d87b919,taco,7742,train,1645,6
1646,7df8686ad57829bbbc0942fa6f779c964f0ddefb92b955b08c879f838c8e86b1,351e1d90e8bc87eec73f84c5175c83cc56ac4e93a4f454a3eb01ce8ae19aea6d,apps,18725,train,1646,7
1647,1b3afa3103c326ddc1d52c7472b49c7cc0e3b766d4998e381abdb0a0204bdcb6,d3235c6c831f685975327c41771d6851394a1dc37f19bd1e851ccb75784ff567,codecontests,6553,train,1647,6
1648,71649ae6994cbf6ed294143033578a126c34602e7bdae383df7cd2c4c614d4cf,4ac25048bf862ac7409e9811b26c3592ad3f96d2854bdf3b5bb0ac57bacbc47a,codecontests,2219,train,1648,6
1649,9eee519d0e008c64f96c9de19bd889164e907f8fb315e36e24b8141ed64fe2e6,4fd35a8809cbaca7fc1ae15ffe47ad5cb044bfecb8872aa270cf0aaf256439bc,codecontests,21560,train,1649,6
1650,2ce6b273d94c1f40f7c370b3d48b190c2c00d98f4691320c31da8882a8aae33a,6864125e1eb278b2ee189d3d7056ddf49b75ecebfb94a2b6290b0e1f7dbce397,apps,4680,train,1650,6
1651,6f2e4d3691bc853ee027414333c65e5e7a4914a7ad4417c8d65e4863176c745e,e5cdbd426b2a934fdc30f4cadf4d114a537ee6bced4af652352ecdb3c4bd88c7,taco,5864,train,1651,7
1652,42b2e28e29583aa94b10ce20d92b436d9c9d4b2e03699e36b1a6d1432c3eabd5,513bf89ffe55201ba1ae52df694d627c9854d441053d6f26bfc2c66d6220296e,codecontests,1176,train,1652,7
1653,e12661de8b08b499f9fa05631ea038facddc4a8a1c518ca1e916958d76b17b11,17b0bdf2aea6e66a21a26237d553df27d1cdea4ba7b01cd01618775dafa8c068,codecontests,20512,train,1653,6
1654,938c6de1329e5467491be7fe963968d7ad76ad9276844cbf336d13a2fb0ab3ca,f6c554745e81978240a433ecd84ed31bed354cc1e868c32559fa2061d80e1db8,taco,10636,train,1654,7
1655,3b68456ee9da70c90c7d432f4e1e1cad1b22058001f1a7738c859ac82979f3d6,fbbc1066d8168fd03c3ae3e193fa2b80b5d21ef641b7adb4f26a2348f4fc9d28,taco,14326,train,1655,7
1656,796dc8edfa97ea4cee0f310dd012bc3b372fa25e57ba797a7f468ddeba096a4a,c1a5fb4e481069434fdd066ee93d5066bd4aa003258d5d2c2c7565470b0d4f80,codecontests,12337,train,1656,7
1657,78e1f71c83fa4c60ef39688f91c5ce7c2f74a03867a49d2682a02a62d587a8ba,235c0dbf92fc2b68be12f769cd3daec0cc26cb384d7842a6a27bedb5f23e8672,apps,13524,train,1657,7
1658,8af8c9c324d778b7d0cf4470e3b008759c204e755c79a07f7247ca2dae64aad8,72c3171ea8bc503bfaf7f95935e766d3f0d65b30616868a6f892b5fe0c1317cf,codeforces,7794,train,1658,6
1659,2235248a16f7c2fbb99ca3a60eee1fb099583d8f81ca2b8942896b629730e148,53d8178f703990b90f9dacf50b45028b33217959070d3b851da66c1e7282c258,codecontests,18821,train,1659,7
1660,7a701254f4a6a66c895d51eaf00129de380f95a45118e58b88d6969b593998ee,57bb7238e50d76b0a0f1bc25c14a7e60248a5a8ed7a66956b996c1bad42eb2f7,codecontests,8295,train,1660,7
1661,6bc9ac17920f014e8bc4704ea3649fb24f57be676c752f2cd7d93ff264aa9f1b,8aa443c0f1ade682828979e23e949584feeddaad8d8353d2cc5d553c09d69ba8,taco,5401,train,1661,7
1662,c669d931ea397c17ccfe589e227a9a92f904f7f1e338a775fc81a656ddc3dd14,dd330a1e114e48d9cb400b9e0223ab27ecc68d7b23cad75e588137be6378b672,apps,13242,train,1662,7
1663,eb55fe0834e68a0c3270ab5c18fdf8dbbd7c41f36c1fe9c288b251affe21043c,88ec5d22714f7c9ddec178df315357aa51f94aa0342fdc086d3a4fa08a89b21c,taco,1863,train,1663,7
1664,c36f66fb7d652a2bd347856cff28dc01af82de3687a8a792a9101a03255117ae,59ec20d26a036e50934f13b77511467775910c7d13070046458c857fc65c859e,taco,6431,train,1664,7
1665,8b780dbd807a1c0de0896a674eed96eb243ce9a6c9300073439eb057fcc312de,9e142bc2f032edd74c67a910cf653838e1a90ed59eb4446bdfe274fda168ac78,codeforces,21295,train,1665,7
1666,ddf3a728dea9c139e06d2db325ee62261c29293ef04e475c629438d050796f53,cc7e0810bb30732d231281925574804906f19c684872966a8380a6d862919cd6,apps,17337,train,1666,7
1667,be77dadd69277891ed8007952c8d0a4c1a5b8bb3d674a21705768230b3ef9c86,980727561be33c044d2ae748ab08dcab8827502c49667b69f6fe8a25aa269fb8,taco,13635,train,1667,6
1668,1255b119ae5e7802dc835949716c281641fb2cb59c7df9260bdf23bf660a34cd,0e816c24cd864a66200face5b1f0f18eada6a7cedfdcd5a5518401cf4546cd9e,apps,5383,train,1668,7
1669,f981fde62e0c5977d52294d7646e90263e346831d4eefc121ce9e8f25030979f,4fbd3fb3514c99c9e697256a80881b3659d36d61ecd9c309e90c124b68e73ce3,codecontests,4479,train,1669,7
1670,8ea23757e55c10eabaf1420d4c70fd4a56ba25886ccb90fb511e2d71805d9c13,c4de416eb5f3f6abebba909accd9700c66042e29594ccf2f6f0c0fd9b0b624e4,apps,7593,train,1670,6
1671,6f06ae43785d6df2b0e524cabc63051080fba981d7e3480e1f5cc73fc5c0e8ba,2befb1192b6abf52ddaeca29b6e63fdbe3b3c54328b87c2b10142fd9c6d86f82,taco,19076,train,1671,7
1672,5cac640c2e7563032548901d8975759b9552079410f22e7816f372651c3d0d1d,74ff8b61a08cbfc0a5b3a7a4882e63a90097ca6f98def5820729906887714cab,codecontests,1740,train,1672,7
1673,08b1abe6096c7dbbbd2a0d6308669c4fa6744f99807c11f664b3489fe2a72663,d2333a560028bb5a3300dbf535a0d7fa5f138519173ff72c2650d6c8bc2092d3,codecontests,22185,train,1673,7
1674,a642c18c27ad773db8dc85588be2bce638dce88290e47f55205dea2d3d52dffe,dfa99dd9dbe7182b592c4bb69b7c19beb8b3f27de2e7eb7fdd0b96ecc4a9874f,codecontests,22199,train,1674,7
1675,da974f68bd38c6ce98711537955914ad50790872739e1d35567b91bd45e20edb,19a521cbee47b88378067e74c564044252977bcc97bf141a223d11af933ecd2c,apps,3928,train,1675,7
1676,834bedc63f0737b6bef5212aa16288670c9649c0b878f3620b4d8358c39acad2,bfc6870fec02b1b532469221d75287c1615215329a7d5ec80188fcb52ee33d5f,codecontests,16155,train,1676,6
1677,cc2e82e9d13a838a53c1614c6cccdfd6b1af8013ab3d8a78ec1385e14541cdcd,fc70b1621226c7331067f7401edf1078915bcedccae71e4b77083a770c0598ee,codeforces,4873,train,1677,7
1678,e06bd9d0ab223b60745b9198046ce4579b039160de35a20d4c3896d5085d4903,ef63db58e52792559b3ff6ad5771d2c8aab0ac9590ad13741146d211d01c88fa,taco,6437,train,1678,7
1679,17e56d6233ae12fa140b673ac37670cd5250437737ff65021c407f8472bf66c3,129e485b6a2cadb4d14fe28e18567a43d285c9df4e8e9bc8ff6e0d32612b92ff,codecontests,6267,train,1679,7
1680,fea180252e15873cf301b9264d681a412ebbfa6c9ea68a7ceefc9b0b1d82639d,f0cb76f8db7d4ce1a53ff1b58ca9700fee752a3a1c33ff3895957425f3ed5ea2,codeforces,13502,train,1680,7
1681,38b407cf7b9dd6b1ca17a548f2ea569b74b4766f7e1c2fdc4b76d14294e4529a,21e16bdbaaa8123f2a2ff7adfd8b587637d369a3b1e40cb61c311b80f190d2b2,codecontests,14884,train,1681,7
1682,2c9317689f88b54be8003012683610a8892af30257c0fc492fd5390a47211823,44308cf99e8d339a3ac1f70b6ee06a9454fc1a3dfe9a4d9ad74ec760de357da9,taco,12799,train,1682,7
1683,b75c60118372d6446494cb800e96d285376c499400f1987260d3a9211111e716,87965bc699a053a1f65e891c416dcf9367bff17ba696279b57bf0bf4fb823d46,codecontests,15733,train,1683,6
1684,ac8d628f74ce644fb270c608bca044e216680ee7b77d4a961c9cd44d3e908298,789e27bf15e9704fe1a136695b23b5343b1c2ea6364e184725b9a75e41ca0d4c,codecontests,187,train,1684,6
1685,645eb7b3527ceb0ee7232905340e677e4ba514074c7f6edd83474bc94e0fab28,d196f386e68d6ec43cec3d5db392d64e6a40524b31be7eb5fb99d88bacb899d5,taco,9100,train,1685,6
1686,8d63bdbfd8f4aec0114aa4647bb566e87f9f3e3b0c658e99058b294ddca865fe,15d20b229e2a6072a78468a97798fb7bf84cf609e841ea56b82bfc085ee2f61a,codecontests,6351,train,1686,6
1687,6cd6d952ea6b2cf43fb945de96dddb7131b2c680b7303f90c599d71495fd26ea,1a1965895bb3c5c3e0b085bf3e96a3bf72e1a38ea8c5a9b29c7b2f5a6f7a49f4,taco,1073,train,1687,6
1688,0070d4bc4b9db99a3ee428d661af282265cc59c9c6072526d6eabd812c86a880,760e863ba204131f0d7108e8df785c02ffdd0518b85b5b395d8e89cabd5478bb,codecontests,818,train,1688,7
1689,8ef55d8ce63c9a80fd21560d313f6890e8611b5412b12575e0a47a5a57bec29e,4e4df27afe577cf720f77eef360041d5d25abfb95f56ab2b1c3f801cbcf4b9f1,taco,3119,train,1689,6
1690,a2ffb146bde78b632c91deaa29c3bb3e383834900439ebb7becad4af071692c5,aa56c26ae620d0901dd537103166691c8cc8d3ece842c34b4d2b06c65ae21b99,taco,21045,train,1690,6
1691,3a725bc841e3929a98b186f17f65776d275223905d7cdb265a87f0539a28d2b4,6cbce0a9b14fd9a134718b8af746b77916bc34f37cbf9aa00e8b35c6ea735ca4,codecontests,9703,train,1691,7
1692,3e933220bd2bf50996e751300233e751efd768d02fb62b0a02ab19f2839134dd,539c6fb28171dbff4da9ee1c7abb1eacc12c6727c7263b966ae8fe32badfe3d2,codecontests,8680,train,1692,7
1693,d648329214529d0d23782a1647249f1af43752d821f8d0d7038f4fefd826161c,e34cd27f111183fc08e6172cbc5a0696f784e42ee528ca91428edc4a14489758,codecontests,4965,train,1693,7
1694,e12ba79ce487057714b55495add1609093455007750e95217c49d342a2c83672,08cd91166a0a579cb2a2b781344d6d90e03abcb94fa6ad2d71a23e7bb29ab17e,codecontests,10566,train,1694,6
1695,4754ed3bf4a12ae4b19c267c7424ed822c165ea4293b87d369c0046d0cb06d01,ff3063e517c2c8d69918741748bf0b2fc1307c61257d1a120d7337a32fb3bddc,codeforces,3948,train,1695,7
1696,14ddf0cbf9cf6a2d37fe7077b45f2336f8a6ed24da86d149edec241144e69d1e,2a5be523d135b2f6660350bd99c11eab77f60f9c7976f412251a2eddcdb74c3d,taco,17296,train,1696,7
1697,fcc9862b799b7ebce7cfe77d6de5c717028df57d93775ae7dbdd83b2ab2d9e20,1d5168584954fc142ca2ae44446ccafa17de522bd7f2110b0a0861070c2653e2,codecontests,6531,train,1697,6
1698,1c72c0afb58465142caba5d27ddf8018b17f7a13a200c99889b63f497d42d7f3,066d2eed5e8bfab5b1a3a880cb939bc2f5e87e44c51ce1600814ec74b33f2b86,codecontests,12145,train,1698,6
1699,02c1aa1d43b85c3844325f0e8b872b255d028a5523af8dd79bc58a7be9664b4d,e777796aac2dc70c8f5555fd556a0aecc7dec89b5b1f61b1558ab309612e8f29,apps,5855,train,1699,7
1700,1eef5c95b8de1a9593a10e59a2eb1b1f789f47c08e1fa625f0b060b712ed34f6,0e62a3d178ad9bfc98c177500371b52806b8ee53c65e9bb2d89d3dd4dbf75c03,taco,9181,train,1700,7
1701,cb1400d0b2e5a4954b5a8f155fb3f03652d45e3b686dd476b3add2e90166ea0e,0699fcf93744284b501dbafac1430997bad24f5298a770cc34c363ef2b1559c4,codecontests,17693,train,1701,7
1702,9150f4e1020be2c74a10babb090a955744039b606439309e46ef1bdec3e669ee,3b5effa9751976c3fbd5f0005616e78aadb0f508801ffbfb997d4928d43d46de,codecontests,15993,train,1702,7
1703,5e1f1b48bc380e0db5cc725269edef024b883f8d0ee44da18da411625ea0113b,c53b665a0a886ab79966e4e130bf841f665ab442b58e06ea7df686d76cc01e91,taco,18677,train,1703,7
1704,b280537484760fd46b29ab1728eb0586a9d89354f2af823306cc8b2205d77ff9,aa6b290acc199c990d056d53cb3b7a99c98565368b3d7809f09bb403f9ff5a5d,codeforces,8977,train,1704,7
1705,5cc204b3d0631195aad924f09915826bfd93d0d916a7d16bb352edf8954593a0,bcad4a2a3b07b5aab9dd9e44b653561b4f7c8644500a2ee7ade248a845ba701b,taco,14332,train,1705,7
1706,4dc7055ade4ce6ebbb3c44c895da05d90edf8a1acfda81bef19c1d25abc9cb78,fb0715df538942c20eb5868882c31c7a79820a27da17e7140006347777fede8c,codecontests,18189,train,1706,7
1707,7d5717c5ca7aca6a0f4adef566a9948703ed095e493f7c82619e8b64e89669f7,f328b3c434474525f5992cc4ef1b4a68e5002a060f334a78252e6cfc1df42102,codecontests,879,train,1707,7
1708,e6bacb60d2d4e229d6266927fb5df18d5cbfcdf76ded2516f9ef88db905c4911,8c3c99f9ee96f752c6307c7eba674fe0797d88333b23d53db6d898344659c8e5,codecontests,6113,train,1708,7
1709,a9e5bfee3e5ae07bd2b819cc029aed6ad8415a2e094c9a5fb099b988652fa964,f225b09744331dd3850a9bc07d05fe78cc1e425f9fd313bf2c46ee25ae6e708c,codecontests,19410,train,1709,7
1710,3f5a91312ffd60545da035fd6df81cf642651b26a15164b60c217e3c098e42aa,e80ccf82842131ee91f1b797c9f5e87583b5017c97e371330db43cb4349df67e,codecontests,22151,train,1710,7
1711,e6c7ca7c0c880f858a3fb96f3d2f296cc07a7b473bc6170ff5e59d6d7732fe4a,76e5a448f1947d56d2dfe6bffeccdca466c73c61019e5d275b0dcdd54dad86a4,codeforces,19040,train,1711,6
1712,18eef1d197bcb67cbd85a59fd97f17051b5930d51e1954744561d9b28ef17688,2c6debd1d6202e901ac59cbbf01deaae2146403d20068d72d63fdda654915603,taco,1,train,1712,7
1713,c9e19192c33b5545ede1cae2922eb82ffc45d40190e4278fbd1bf8a2765ec28e,2f20d0df99a4715ac6e2c093248a682d3bbc6baa5c4896d7f898e5222bbe28aa,apps,10398,train,1713,6
1714,5ecfbbb477cf8311efc0f5c38ad036b6ea756eb8805cd5ecd7664861e4bc7422,9439d5585d13ed3af47a37649fe90b838b6911e4921a4cf0a264c27919110444,codecontests,4767,train,1714,7
1715,892fb428f87b42212aa60f881b622cf25699902f39c9a0ffc45cea91e6f6ae50,a97f37515884bb1c508088685a84e589fa5c52d6b9a93500b9f980c16ab932d5,taco,13548,train,1715,7
1716,bdec57ca7c6460033e2e2b951fec14df5b53d83f3686c8d04c25c1be96df89f3,a3cb752fdf68c31c3f127211243514671593bc8b47f551f77a4f53c94d55ebe7,taco,19731,train,1716,7
1717,9de128f208bf37899f81336b784ab47cba20d7f4aabaf135dd10df5ef697e7ca,beba085fe507a3a9e843e229609ac85b34fb9e47f295727f1146832a1c2dba38,codeforces,11702,train,1717,7
1718,33ac7d31524e3118e6580a1309abe1fd2d7261badb63af7a1187f5ef2454997a,d00358c7aae15e8e7e6fa2a4d1b61c7189677732197c513a90b3123a79afdb68,codecontests,16529,train,1718,6
1719,8647d25e29cd21a10d142506bb89231bd48356ca74d4d0b30deae349b7973bbb,d90181943651ca2194fb362eb61b40ce653c930d2b8feabad14de569e848bddd,taco,11437,train,1719,7
1720,f2347911ad4f8498b6d6353233efda2ae2636c3f1b69f2b72dae98acdc8e2717,42c4b46232b510d8c767ea528987261d2505a18854341a5be2582cfe4497af3b,taco,14428,train,1720,6
1721,29ab7e2448b5d08c3922bde85348c98e938938aed5721a7143b8d24f3b0f64de,c90af06713a27eec228b794f5165ae24230a00d35613df0ffac0a6fb5c7d7367,taco,2202,train,1721,6
1722,2d2dc3bd5431ac62d5962fc77746c60f1500b9a565016f8c0f459f6b6cc3555a,cec93552292b71aec229e82a0288417ae8be4a07091cebf8ac8f0b94f781fe51,taco,6942,train,1722,7
1723,a46da0c2899a684ffb6763bea5acab495bedf7cf755872684a86ba9908f6bd83,0f834a44b987cfa848354db9bdb7f1a8933071016cedbbe5fae660b524ba7d70,codeforces,12199,train,1723,7
1724,87c12550f19320aaa25373362fcea4095354177e96dcb1882ea824683802b678,144c60fc332792865f7e639a8d72c56187fe68016cd0204a62173d67d7d4ecf4,taco,13169,train,1724,6
1725,7a0646a8a2248b3b2887178da4e622b5c949d7307e0a4eb3a3625252ee885167,9b8e76a71b19f6fb60b5ce207923ef1dd752b313e4b6bddf8d27bb78edaa9c06,codecontests,613,train,1725,7
1726,b7856b66c4ec012587a2a747d60ac4942c37022888bcb19b071c2b1f789939e4,6e9f9e8662f6b7f8e923c3a4aa59d837034f83bac4ccfb264e80f8d1d4910cea,apps,7445,train,1726,6
1727,aecca334a7fc7b312907d208863e3b53b3d1341a606976b2ff21aa7b912c70c4,b7e1080f0f136e0248ae64eda17f3e25e371a4244b7014418d23ee8e015afa0d,taco,7434,train,1727,7
1728,5e973e2ee36ddc7eec8097d385128a0840f53aa8056873090f1b52c7c9837187,145c792fb7c8027fd4548f343a878c83fdef2893de7ac849b4111c0b77d13bc6,apps,5135,train,1728,7
1729,31b7349e876396b814ac7fdd03e7f202c78091f6eb0f3425677d1ab25577eb33,2a7bff54365780be6873cdfa019fad63adb71b96b127f7d4b8e695f2c3db1bef,apps,9754,train,1729,7
1730,27bd7c23b302a70946d039acc40455ee5320f48582c977b0557b70587ef253cc,98c6440f270c7ce56568164ab4e932911d484da5398556515bc5d47342ac9b85,apps,3054,train,1730,6
1731,d0f1073d174aa1191989d29375d583b79295541e40a8aef28b5d074457c74558,fc800c8eecc786455f6956d616e053d4deb0c4ac9a610462051a719557ece75f,codecontests,11649,train,1731,7
1732,cd188fa6b921616263d601135faab2a652422a6a14e85a37e737ea718cf962bc,a000a7b3d9d13bf08b47e35488adc9705e6d7743358a21d06197596eb5e4b7fb,codecontests,12853,train,1732,7
1733,5ebe75b6dcb836cc5fb212d05dcb09a9d4b3317e1d12ab41993caa3dff9a559e,eeb79bb0d309fc5958ff9dcfc6cfc9d6e2eca74d8b9bdb6d5adfaf674c867c58,codecontests,12466,train,1733,7
1734,1052571ccbbc73db372282e0f2a9ff44f05b1cd3fee88f5928c2d2ed781dfa3d,db5a77e16e3b18c378ce86df6fd5ba6aff2035c55d0ac667a41df177ba7b1494,apps,17174,train,1734,7
1735,1d4cc7ec5f3d3d707acdef27a43626cb51e1f23b0a004be7e51e38a703e4d237,4938f9aeb1a945bf2b84e0d1093f939b5d53656efa1f4700a2fbba3a9bcf104d,codecontests,6788,train,1735,6
1736,db1ea0ae82fb76ef3f5a3960833bac63b15a71f7a9125e947dc3a366447d66cb,d125acd3105d96ce089227d2f624685dee17e1ca97aa4ffebd827a7b457d589a,codecontests,18429,train,1736,7
1737,89911e34526e4ec9a7598091bdaf4ffbb541ed5d9419f5e6550b5400adb59af0,62118ecaddf4926070c88ad863f4909db60861da602090709e59ff04df61cce8,codecontests,11046,train,1737,6
1738,e7829a2a79c7c7eaa23ee4c28938073072b22c223660553a27ddf557b47367a1,aa5bcaa3059e99b5f69c7411fd61bb22c676033a15a2214f6318680779c756d2,taco,19165,train,1738,6
1739,2840860978b5a4d2d2f10d5ff6f7c05ac29883cc25673681a0bcdd661cd3c635,35381be6d5f3e3867eda8ec88b593fac1239a9f223c4a8a9e0bb33ea59c727d7,codecontests,20493,train,1739,7
1740,ecd37e97d02e044f5ac3ad4464cbec70ef018bbec91308c54a556a8744257f56,cd681ca8c0701dca133f416042d47197b2761db7e8933b7e68c1fa0c2bd3f88a,codecontests,14774,train,1740,7
1741,eb3105d4868ab7239eac86454020bac0104e8bf76d7ff1b24808422816487223,65df99863dba1012d74f0f12bf67a7cb596e91bf2182df1f8ee79813e20ae816,taco,20824,train,1741,6
1742,3da8833514d63e1902ca9707a23f0118c44731f23a862c9c18f47cba69491ce0,ec4e26a29023976c72f5c23d76e6143ee8fac5bd8f1efd5edcf51339bc303881,codecontests,16661,train,1742,7
1743,e50aa4b599c85ec51298c20553f09a8a2c8c7ca378b667de1b733b890bbe2bc4,dc00a024a8d36b58a16d183a6c9e5b499db38a9eb0893a280e81aa090e49b9dd,codecontests,12550,train,1743,7
1744,3d74cd88c03896d5c9b39efb12de1d0a0634ced98a4223935dd4e307ce2ab360,f086375c05894f0afff458a8c26ae55266d41d6b4cb8ecce5b9f72d44e9bcf27,codecontests,20103,train,1744,7
1745,0c9745253467ae19269acbc4a3bf8a3f22b43cee562e0ab5b5394d02b6d8889e,a8ce60059e39c2f11c71fad595ca900ca27025bb4ef81e219089071975c9c5e9,taco,410,train,1745,6
1746,2b511628e8d10e0306ab5dc62a81c6236197cf0762e3e52f36da4b897b217c18,3a22ed6fa1978e3e30d6c493167692c54c1d0dc2d0f81ee8e534083ff754ab49,codeforces,9386,train,1746,7
1747,d1ea18def0cf63ac4f33259e2d1ac3c2a965edede7987a7d34f8d43004c7ec12,511de5d261fc32a8796a57c2498493787722f4c94e5dedc233d02a1bfbaeb428,codecontests,16279,train,1747,6
1748,161fd9b809132b1ddb41aa753c4f7cee548cca394d5278fd36edee014276e069,f7987310490360b991cbeb0fdcd024b9b47bb2fbb0cc70f23609e4ee01ec3c34,taco,21066,train,1748,7
1749,c4df05accd4d21dd94e743a8ff4efdd3d1af1250072f53dc37fc391d292f0418,bda320b764c5cd2b725bb121689203235b073f1b0cd7da67f317ff218535c442,codecontests,4681,train,1749,7
1750,c94d8c9a44eb99ca250643b169f4e7c4a5b711081044d72c3bde73520d7f2df8,3425f545cc4aea9a36c42b2c49439222ec947847f8e585598ccaa51396e0415d,apps,14216,train,1750,7
1751,0cbc7913062da7476916084414dabbf1dc842f202c30a1b3debd27271f96110c,4c169fe479d230bbc3edc25860b9df12e267f98f4b41a13f392cef68d73153c2,codecontests,9783,train,1751,7
1752,4bb1e549d85600566bf8dbbb33e8cb14cc8179623465a886ff3609ec07570fdf,887a96d97e421f1e676c5cbeb5df92201152886bc6b0f1a419cd26df5e9e64e8,taco,4319,train,1752,7
1753,f6f5f5142a69dcced27e063e03854e7f76ce128c76cdf03f22d15207499801c2,8dfad91b0601c12fd7f001d198d605dfbc87ea40ff8c1ec72593735f0f049211,taco,19966,train,1753,7
1754,59b2e96fdcda236659beb6221f45190cb1cb156067566de75c82666749dbe813,c795597ccf2ea51c53d3530f6c853c5a09c3a37da1ab460ba77955a838b449cf,taco,5705,train,1754,7
1755,239f887e2e465c41c4762207448633e47d0498e2b9e31ba3cfe111f732f28cff,c3d7c7c2eb040510b3fcd7fe0b801d41b4061da6b870a11ae1ea16da8952718e,taco,15032,train,1755,7
1756,57efc94864acc008ade08fa0a796f3904bd319e60db5a9c940c51f45cb16e574,2ae6785aaecb7fcfe981d0fc35b3b61527cb61324015d61eec8f4e294c672f43,codecontests,13028,train,1756,6
1757,efc8ce52c672bd0f2036ed23f87ae7b95ad297820f2f7ab99659b52148fb1fd0,82e5dd9b63327ed1c258d057447416e325d9c96b939d421c5d02f7872793c8ce,taco,10865,train,1757,7
1758,d3e31e5522c26c5009bef50dc4ec237994904d898635cb9a1e5a821d694fa12e,ad6aeaba7fb89864e2f59c99bdc41a2509f0ea689c2d790e03dc3f0035d4175b,codecontests,15179,train,1758,7
1759,c78c3854f23b4f97d7db4d57ed41151b46997d35d5e82f91c17556ede0b7425c,f3d6bbd0ae479d308e5b5788598fc9b3ccd48ca60ce19a25a1c62ff44cbe4e9e,apps,13421,train,1759,7
1760,73d51b5925afc8cc70c817a5ca771be33769d9c7f9ebb8fbd94078e3dda6a022,ba44467dc1e4304bec3c84d6fe833865a9bd2f87a40c121fe8e42b094bcfdf72,taco,5922,train,1760,7
1761,6c970b7ee17dc92e98d321a9d082fa222a7939abfee2971438b5ac8813fa3003,de0c9ad24bb7be400a0fea2b5003cd7eaac95c08915fd916f033e08f21185c68,codeforces,8065,train,1761,6
1762,637e44471709e4f45754ffc79a2dcaedb43598cb0b99e09c73e872cdde3d3be7,a01fc799f887279643969d58a9335c56ec3ce2b856789afacdad17199c1e8e8c,codeforces,21350,train,1762,7
1763,eb7e5b3b058f6552869000959569f4a1e48adf1b07e1cfff2b68e1e6aa960696,28be7f40b9ea6d89d6ae9f505681be5ec0a4df8562a4189fa2431c8244abdf26,codeforces,5723,train,1763,7
1764,24e0b0b4d38f39a59c9220aa6ace69172197f3bf0815de81d4805351fe23aa26,94b5068beb70c2b38e8e93b89f885a92af2765452e2ad1f699b0a2f6c2e5b4af,taco,19942,train,1764,7
1765,40275803062aab9785588ab09a2cac2045fa14fe71759b72ab8da0bb30d1b327,c7f8fe889eb778c527a5ec9e9c7badaff3bc2146f9c548ebf4c92675eff61c0b,apps,19796,train,1765,7
1766,f79ca43710fd493ded824139e95755588fb8293f481ad2bf20e1a9bcd95367ca,56e080ee35a4754ebe07f2e35ac53be76c426c612eef9e4b1ba9c9efceffd0c8,apps,1803,train,1766,7
1767,60d382b3ec1cbd39a21b57b9bb4b27a6f9b5e2d8056cbea7f9d4a10282bb330c,108a86db49e2501b238a109c9f868a98e2c62249cb1fb291814e4d5926ad3854,apps,21056,train,1767,7
1768,3d339086287f2fb3f8c9a108324d18dc501aa1e475088793a0b71ddcdab90b3d,f29b14d4a16e1900d2b96265c53591224402aad610065888b5614a587b6c9359,codecontests,12940,train,1768,7
1769,e82e17d9fd735e0774ca08afc5d2c96db8409dbddd5efc40191cdc881836af0a,7a31fe493956cba53af6a0a70b4b56b5cb7acfc12b45f17dc9a93d8d39facbd6,taco,11466,train,1769,6
1770,0ce3359fe6b2a8dff9c1243bfd2b3fdb6235e3cea705f39f5e4fa3af3fd78e4a,731c47325bdb9349973bd70a3f274aedf0a31ad1ec94d4aeaad0c4d8f6c03b40,taco,12349,train,1770,7
1771,9b8ed84157118e2a7776007f3dbf09349005d89755d528b5f3443098c9e3528e,10e49b2250f4b6b6d55dd18d5ac5a4100cfcbfda4cb06664aeb49bfbda1a92dd,codecontests,122,train,1771,6
1772,0db18256ac96c2e6f0e19e6f475756f7f7f67139df6f783344a25aea55d81c2f,78ace0bc9b7e1864d368804bbe482e2e809be423de9b68fa208c158a5afa5e72,codecontests,2410,train,1772,6
1773,95e60e187eb9d98e6a51a1bbc39886f50b5b25ea4646e26dbb56aa4d6726fd44,4e5bd4e4d6d10043dd3edd6abaad2b3cf3eb374cc4ce039bf2427b33210b2e4d,taco,11808,train,1773,6
1774,c7dd8e91d1676b3f1702cf0c100485b6ad39e20c329091dad5c7eb4843ebf25a,d72f3aec983930457e2f7f60fa6cd9da7b999d05233cae69b819ad084b3a1801,taco,21804,train,1774,6
1775,29fb8ef74d9c21911556882c967313e816570610e562221c2d06310b6b95ded3,d0d52ec3ada8ccc8aad7db0d9a6bedd4f251227dde098f2e4ac7fa660c257199,taco,13351,train,1775,7
1776,2da216e93fc76f766bb8fc440e80b939187c0ecb3029c3fcc95c69035548f0a2,c551c69f747a6ac5c04e238b944199639953637e8bd51011e793d9ef02fc2031,codecontests,14468,train,1776,7
1777,fbc903f686a0fa83cfefc48eb474eaf51b9bf779237108458150fb6671e2e9b4,8dc723ecaeedcc1ed4350d7e1a00e4ace57df9e48940cb38ca1ff26f3c5658ba,codecontests,9550,train,1777,6
1778,86b00d2f3f320b202c3556692e089d08c6031b5b153b920bc7cd141a503367c2,8a72c14a9c774e9e0dc08c0e3a1fb5370472da66167d89e0e862fd3fc3a3b444,codecontests,21806,train,1778,6
1779,2b9b9d1cc6228ccfc09d0669a41f2af3d700833f2690c65ec1eee199d87f54d0,c790019a65f4d4dea0350aa16067d037f87b4af0ebf7b1ba6a7e33049285f1f4,taco,20035,train,1779,7
1780,789ebd6b8db7aadfd191a1201c8961c3f304ce48fac7d12ca96dffb45fca5b8d,aa1ee32af935454502dfe3b455184610148bab3894bf251e64aed5b9f8110d94,codecontests,22425,train,1780,7
1781,586c271dcbe0e36cd74ec571206b3cc2dda6829a2031eb8a5acb2e835b908690,d795e01e0c535312a78b65ae3bd5bf9108375d9f521b25ea3af1ea36fbf27433,codecontests,17799,train,1781,7
1782,7a9ea6851c216885e9f11056f76e80a7168937fe7a8c4022388c396169434a79,2dad8b1b1104f3fbcb8e81aa9d5338f8989920dcfde8eeb355e9f5661d318a7d,codecontests,19507,train,1782,7
1783,17bb15bf1c5708e361afe65dcf8e7dfdc2748b64cb4a2f597436aa2fbcb62aec,eea82b67d11380f0eb21cec0f47c93d1d8605cfa521e52e744de73deb5753068,codeforces,15379,train,1783,7
1784,0cf156f870006e6018cf8b8a81c761f3f94e9068d5bc71b792c3c7ea433e7eda,48156ad64b5582c87f486f6fc0a9550193c214ad8499c33f3d263ae070f96cde,codecontests,15897,train,1784,7
1785,219554cde734049dcbd86489f566038f71d3ead8555d906dbb6cd4bca9832fbc,e3026e664cd8c48e9e576e72060ac3b67273ce02cc9703e5c4c33039c902d440,codecontests,6353,train,1785,7
1786,f8cdc436eab9ccce806a636dc2de49dbe4cd2c37db8fd8d862fcb65d4f96f494,49b6873866e0d46c9588aad7f4e6501eca5f1c8613a17a89c10e6167a159fb15,taco,10722,train,1786,7
1787,6fadb9db369d231a4ff0996543f4a0a05ba156aaaf959500340333c248002532,03f25aae90f02808fc5d2b684513d6dfd219c6c0514cce8a5d324449aac361e6,codecontests,1205,train,1787,6
1788,3f265f320028e072b15170be33e4a815e234a9efceee247806ae8a1ea2b2ccd8,d77fc6511a2b0dbb74f66e8bbdba68be0de5dfe7e20e1a4ae38fe6287d33ca7b,codecontests,5849,train,1788,7
1789,8ef69ed3cf260dc6fe22c7bae377e3eba7c636aa0759b10325d042a9c87a7733,64fd2a64790530cd957a79a09fca4415ef4842b4cdc6d1ccc36854c7472dbd69,codecontests,21151,train,1789,7
1790,bc533fd817933625fa098c6bdbc11f483700b2b1f6ae00ac52818de92669d17f,60f0337380e536a5c15c460a406c55bde1b8f501ab6be09c122fd600c9cc05f6,codecontests,2533,train,1790,7
1791,6e1ae4b04b90f654154781992929735dfad1cc4255446ab6ba058f1481de22da,05fd77abe6ae6e2281f488fca6841287340a64864145ed03130c8387e9a3bcf4,apps,20274,train,1791,6
1792,0f84934d9937aa64c6ebb44984764b654c11cf6929e0bafd2c7996217977d8b7,36a2a8b6d6f248aa3aaf99d31d4f54c43a2fddb64776fad7b162258d82e0c41f,taco,15053,train,1792,7
1793,4936ca11d96fb9226836dbef228ba83b8fe1ea11db1473dcc630a3d5fcd6e655,4c9364f002a0ac8d0c4018ccf0fe093e2d8f3edab42c2fcfc099bcbe116626a1,codecontests,12437,train,1793,6
1794,d0a3046763c0578ddc2088403f8ecc4b816e1606b27d84a376bdc6a957b8a619,449601eaf375433126f53be6e593cb3aed533b00728d60b5378520e544f2077d,codecontests,6081,train,1794,7
1795,c92aec6d715214da1e4a1e918d98c626b45b0a4a16ad1e0af21faa373daa9b7d,b35255e796e143084185ea091ffa1adbeedf47c79cf617922f1a072555cf3f51,taco,22251,train,1795,7
1796,c19834c2694b8e9737f7662962b00ea37c9c2b56628add864ee40b3928afe611,8e3c3be2d8b35c06bbedb5f6b54ea8adeb5ead215324eb194f4817192129fdd6,taco,4266,train,1796,7
1797,7dd01032d3ec97491c9e9bb4dc9c5ab0f25ad7fd96870a514fbbc1fa8d38eb0a,f137581118e8d28f99daa1a46d4e367e967c717cd576764569d9db2555bbe082,codeforces,18143,train,1797,6
1798,0e8e0cf6377f1749713ff76497e91e97ddd2c430bf2090f6aeac802981a26f50,af2a1bdf77f5893b11992c7366393baa9cfac6e13adfdbc8c07bb065f06ac846,codeforces,2195,train,1798,6
1799,3bb3ab5ca36ff62ee333e1180c03bf48c6c3419d83b0df46e67516decf25b0dc,ed8c5e59cfc31eec6cfdfd34dd83e9d1fff7ecdbcd0a40ea8ff5e76c4ec63a89,codecontests,9053,train,1799,7
1800,2fbefda543078ba020ba51c840991195e7a5467529c5be925ff1a5388a1aec33,04c551cdfdf9b64c085f4a20509dc7f819a15a245052f71dee8eca66d717ff89,codecontests,17887,train,1800,6
1801,4a6f5b1a236e57c3b43baaa1ce8309bd579c424c0daf34c985dc275c53e28db1,387fb8c4767fa0c7a4eef93b66d203751c125ba991ae58109bd251dc3ec693cf,codecontests,2298,train,1801,6
1802,130607884e9399bf3e856a70547a7798d27252f981ddc06b4f4ed55a3d5d8486,9e0305a631247fb6a1d8bd63e351e876d8766255c82b6e944365024231d902f8,codecontests,543,train,1802,6
1803,88cd14316ac11bd1290e42f880e99ebe1abd149ffe3a938baf2ee4b36fbdca02,8152fc8942493aded695871b18d0d046af71e6032bcab6683fe507402c026203,codecontests,6074,train,1803,7
1804,4876b0b45e04474be86585b51cf484ff7af3a328941921d7c8d3a772af56b68a,9149bc9c0e4b1450d780eb79da1c6b71df71d113aee69a11f963535b0843f210,codecontests,1136,train,1804,6
1805,d6f7ca3e3f3bceba26d05efafd524f92cc67e1970879555eb78feed10e12d444,da392ec9890a76583afbf40e957ec670584fbc0fe73ec6409b0d4ae5a387131b,codecontests,20759,train,1805,7
1806,79ae09bd2f817b430a31c304e766eca8d96e2f8e77602f75006c39a964f89406,e99d86d7d234e63a3d7c0f3a38d755cbb8e998a0c063545d2e150f7696b889e1,codeforces,12383,train,1806,6
1807,fa7e943505c53c75536c62094803ee2ea9bd385e2e59dfef8bfffb1953f6c354,f96b2582eccea26b4f03e1c22ab064e77f310fae09c667b50aace9518b2dab92,taco,20461,train,1807,6
1808,86e5badf1aaf13787ee0bfc8ad2e0ad9188ae4db2b3ba0db6ccac36688ddbd51,1faefe5e005d6d3ed54c01261902938b94283ebded86a08b216b8b103b01859a,codecontests,18991,train,1808,6
1809,097e9e23fad01a369f67d1cfbe649b35fef184aef4f66112074de939effcae61,df5dcf11842e5d43106bbe50d4686efcc282a045b96d5bcae6f5c91e98646fb6,codecontests,22140,train,1809,7
1810,bd67219316bab4f91a4a10f8165be31b60e9087f3a2795143ae0609e6e18778d,f23d803aac78e17b4bae5771da4a02e4fc80b2fa094187891f00a3cd955c675d,taco,17797,train,1810,6
1811,8ce8c65959f16986770295988c6897182a874c136579b3aaff9c485b3f553a21,39fc5fb474f3164955f68b70c4acd0f8069173ef8bbc7520ade6512f24bcb661,taco,3924,train,1811,7
1812,3d4a32e62affe9cca53ceb7db08fd7e748dbe9e7ab2f755fac4852a37b96de08,4b42bd90f46813215575e0a7b1ca3e25854e83eac88ae6e5c9f9e4e32e214fc5,taco,19319,train,1812,7
1813,f2cf7473e28709c959d1ccf44624f22eefa273a77f45b533157d95b07eadf4e7,fdad9c4bee2983ba2d6a75441b611f15fd8f9d37f9363cfb9f46ee0696377811,codecontests,17075,train,1813,7
1814,e6c4aea9b53ed6a8385109e06a8b139c9c14923a32e6598762a8919576c7a1c8,352aba2903630aea9153cb16ca2af110c1ca4a2b7bffa5544a8d7e1d5581227a,codeforces,20938,train,1814,6
1815,9086ed2c7a6a1c43934c7807549369e1be0c2f2d797f2f7b83f4ba8e41d24633,2c3cb9650b405bc45ea451982f9b93bc7f3ff6a251dea4d45f616cee10bc4f70,taco,10427,train,1815,7
1816,e4d756cb82d4dc2cdbf02dc16c91ef10ceed4dfe8c6fd093013adccba678187f,d1d011cc0681dc6a99d3fa65614d28590ab65d418d1cfd34032373bceed8c353,codecontests,14510,train,1816,7
1817,631361dd9668f50bd5ad9f9660259a8407272667703728925fd937959e4937eb,8f71f0f5ea3f7b42599e31fa180734296058b8fe31f01b77af6bcbda63814021,codeforces,12471,train,1817,7
1818,548a55486e3f197fd43b268672314a81fce91d8935f31186f5691bf74e978dd5,10e9d4ab0a351d127631f99ec57626720ff0115c127ef40296b15a1f9f75c102,codeforces,7869,train,1818,7
1819,5fcd12cee58813ab1e4b1152fed6e3132bff5c7c60ea03b26a51e852d90f2dd6,a8a23a0dbcf60eba3ee447b5330dea9523b9ad2a1dd7cd9925f4a670ebc11795,apps,15004,train,1819,7
1820,1505d08e98d4876988b3d9d93dc478247e0ebd462f1227750b201837355eec95,d887d770f2df600ca486bdf1efac21312f88a6a96dea8d6292633c9ebc350d09,taco,447,train,1820,6
1821,ef4a03edcb190e2f27ab1f1db2bedb504766ad064eb70dde6bac95833face691,78862f550dcc2a89d523bdb99d3ce4b041c3345dbf05ffd4d4a452305c6c1a62,taco,6552,train,1821,6
1822,d1a4b22ad43f76dc3a58fe5fedbcad6a05bda2ebeab995a4b5cc640e22cb69ca,1a17b38aa7e29a1a54a5f55420872b5bf8fe38fc7b0fa011c056ae99ab564500,taco,18414,train,1822,6
1823,64070f5500465b4f588273b3ae06a9c132b7d49cd9a5294921b7a6af3659d4ca,a26768babedd99f2f39587b75071cb86013e438bb26724413c458cebe8c5c9ea,codecontests,10405,train,1823,6
1824,6c3b2e9de42f5c5fef641ee064bb865628a7deaf29b64bd2edfa6228d18fd5a3,57f24b47ab3b0458da3707e2ddb894fdc3e8f4d247451ed1406df983636f1a04,codeforces,190,train,1824,6
1825,413230f58d0e1b50b639cdf0c1b5ac019b889de450908ab8da5921c50829e6f1,38536b256255013d1dcfe17383bebde0a810d4a538569b11228f0ed279c992a1,codeforces,11058,train,1825,6
1826,cc4be615bb27bf8077519f9db1634c45a69e9311823acd114f6c55559d428f72,74fafd4206c0f2672494617c44bde07f0bbab80bcccab27fd86ff82ce95e5c1a,apps,19984,train,1826,6
1827,d1a265beff60791d95d1e0002795dd7fbbcb65f43a76d39fbb98b84197288f8c,876fead1eaec3e780abe89ec3c93f270bc4ea84aef15ebc852152b2ea7ee83df,apps,1310,train,1827,7
1828,9ca4ca1867591edf1a203da8504e03afa95ed81156028c2c7c5b40482cfdd2de,f5efebb4e25ccf7bf98f5bea6d35d41d421b84b886d25103a8a58b70c62cf7c2,taco,20976,train,1828,7
1829,51dc067c172632de8375c7402709064514e4e5e430f024a9bff4f6266f6cf3ab,55dae5132fb1fb3b13293d3f01ed23bb98534d144e34580b3bf086833e538bfa,codeforces,15356,train,1829,7
1830,17ab91f5aa3c65367117cf6165133948141b460f79eed0c00c745baf8d5301bd,cc63c038b3c58a36579ce5dbf493e384471ac5700b2d245f4fac83e28ff8f427,codecontests,17822,train,1830,7
1831,bbf61f8101b56887f60237b34cfde28789264754945a1ab4e156c4345ceec548,c394b04708e47618de635e1b3d103021b40f42de24cfcf489238443c73ac1ab5,codeforces,6474,train,1831,7
1832,66602c63ff2b9805780d03de61f85a4f24a7fe6579e78becd6594bcbff7f0916,5c41d1580d5ba6f67ef74774894014a8bf933af147bfafe6034300b34b2a5afc,taco,15113,train,1832,7
1833,78f39a8556ccc0696c633239c8e02df4a371270d371ed9349c2490c015a20a60,0e95144b24d5b7ad6ed74a7e6ba55d09aef511fc0ee71fdfb13410cb543e4a40,codecontests,3868,train,1833,7
1834,09a5e6bd3ec0bdd216badc3113897ae22beda997df18b79d7cf2c4f08339b5f8,732243bf9d83938af609191b88d93d45bed59520d96ad41ca250c4e2484b6e94,taco,17514,train,1834,7
1835,58c9ee0dcc822b7351c180a5413579e44a3dab292044bd0609918f05201b19eb,637f20136d03345f015830d3c5ac32274ba2aa7b61ae332c50c1c9f5bd132064,taco,3303,train,1835,7
1836,ae4638e8b45e356664a22053687c9f75b02a93de528e74bfcd0922c0f2b57fcb,79cd37f2a7d17af30ca915afb631906d553c8c243eaf03d0986f7acd6bb99bba,codecontests,21776,train,1836,7
1837,e3a59fcf31397ef42d1965f13f6a715ba0c6dff737260e2e0a27aaae5b81b45a,fcdd6dfdffc46b6467d8de7c0b4dceb4e066278134142b5cac01eb272525255c,codecontests,15834,train,1837,7
1838,947faba9c2608343fe3b97fdfc885168363b4bf35e9d7ae00a078bdf9308a44d,29d73996f8d27cf96bb3cf9e3121fe947d39c34514290ca652246a60da259b48,taco,14641,train,1838,6
1839,321eee5ab757186cf2f67554e9cd7783bb7aa33f680957b32f9c754a720dc99d,888be2f01febc37523deed9755f7f3564c65dba7b153d47a03fcb722424da5d5,codecontests,5968,train,1839,6
1840,40159b41d2289576e2c3c5f80e5d241a1add03ad64711f68a5b93f3fce6fa1d2,8c18ee87d342766dccf9813f3db705b618c7748bbea241f3eadd5d78a9bd1481,codeforces,9764,train,1840,7
1841,4acb2b0062d3b2a8479bf1e2ccb64b2ae4713818fc359a5b1ca6e6f94f50de93,ab1e71a1cd4d903f39e88f8ccd65f4ea1117d4d81b81a1a25c0bb8e031d4243e,codecontests,6338,train,1841,7
1842,ba5689b6462bb7dd67da9c94aea6ebed7cd100d4408b030668739763a2dafd34,ef78edc63bbfb6738a1054a122a49e186ce68a7b51a54b73ed419889dee1e1bf,codecontests,7905,train,1842,6
1843,ff42b4be534998c3cd21daa763453d4d2fa80d38149bad747cf760f30b589308,d239834aa5e26f85ab68a5c79a123b563944a99aff3b5d07ca50ca4c101c8596,apps,6701,train,1843,7
1844,e7a729f1e624bdeb70cc48b1bafa93edb344e1f8f4103ef3bdbf60fe3f8276e6,5c509c13e5f5db2b0379ba5383283968c01987f3ca2e5dee5bbc7389340e05ff,codecontests,20541,train,1844,7
1845,82961040738504e27b33535b4335fb8395cf6f228f41749d20fedad2df710e52,262c8521225591e7500389f44f946f5ab4acc5a8a32cece0c4c4837f06593ebc,codecontests,14950,train,1845,6
1846,b0a97bbbe9845ba6ec0973e3edc736055a411473b091da3b0f42640dc38cf7da,8a6bf0c435dcc9fa399445196d81c74619b3e6e1355395919ecfd309a71aca18,taco,21261,train,1846,7
1847,5a65029750eec51e2eff8ad1ac90c032fba813c70fcd604104a93db7b542d16b,b341501c0b0fdabeff73684f9147976a41dee3127b245d1a3a6061e039e2b994,taco,14507,train,1847,7
1848,2b9451dabe75512d14e64d296fb364ffaa0b3f6ae85135f0bce580423012bdd9,45c649c520471a9abcabcf8f4c930bf3272b5e3fd7ad3c4fdcc8dafbc27227f6,codecontests,5283,train,1848,6
1849,cf9d0c47c7b9ef50ccd2854ab913843800332ebcd44c1b2c3660cc9f066e74ef,b372dd81e95e434d9926da24c0e36bc9b5af57f6941380b11521be3df1a2b680,taco,14482,train,1849,7
1850,0b54eafc7aae18b25a081ddcfd4999a1fffcf72a6b7d08235f10ef36e20e371f,129ae3d49a00011da79b31af78508853b6c7c726980fd2f1c9ef19b587bff575,taco,4746,train,1850,7
1851,32264af894f4af01b4194aeb304fa19b08e9663f4a581aef085774b2cc3a8f93,33eb8e06215d4445950dd4d5707be9cb0ed750bf0c1d5ad0b267234c391e0221,taco,21661,train,1851,6
1852,5ed86860a504ca87af39ab117f3daedef52537cae89f16d0df785e128c5458e8,1a12fbd2314b082e6470574ecddc87e5a15f424c698a7c9f68776355b5e89872,codeforces,4289,train,1852,7
1853,a3bb7ce04d1d489b555fc6406f07bdac3305a44c4a2afc81d614c71686db2346,53059909c76f6533b473dd309808da131e249652e40030f7eed516295567b83c,codecontests,11462,train,1853,7
1854,f8e34d7e8bef5bfe8b097025c9426855d1b9c98d00d1c8a5a8c91e2452c5663b,9ff136de8da04b2bc946d773273f32a999680c5f7b0d9490a242282e34b44f89,apps,13297,train,1854,7
1855,d622fbe5c4bad42cb40800e9e6bc98f4f21dbc359de315a78220ab365b3a9d93,c9478c41f86af448aa38119a4295dd8000378306c746db8daf95909ec4dbf240,taco,17150,train,1855,7
1856,76f4cc741b4d50801b60f1826f43978768b5f002c75e68e8aa83995cfe74e46a,756b88e9f4abce6513e87643a2a8548312a660ec7ad916348c085b987998e1ff,taco,19157,train,1856,7
1857,8a4fc705598f6cdc1a1947af13a9a3020a25d140d99e4d69e501153fea9e6a9a,2ab77b45b8a7be07f16ef6e2513ebbbe3fd6bb2ca2de8691e81c25cfdbe56d93,taco,17651,train,1857,6
1858,8680b3da47ee83ab1728bbfd81b3ae796d4049082ff3bcd168b72f4c8e949b46,547b82e5f59457d12cecc6dbd57decbdc72cd37a2c9fcab8bf390829e3dac1f0,codecontests,12071,train,1858,6
1859,a83458cca2c46bcb283bc62219678ddc92a05f89a79474c42f565e861ec5cbf7,2e989902f7e148ed72a70effbbac603c694392a3b585cf6546f6f6835e05e795,taco,6675,train,1859,7
1860,2c06ef213042cd1b91e94f2cd5ab2bacd5463844e413cfff4f6048096fba4427,862d1b812cd95f5953af3cbe7da0d2caa194b7ec0457d4bd2808fa9c72d32880,codecontests,1654,train,1860,7
1861,099a1f8645e3734cb3444d75ed8fdb14e9bd7c2c5b27f12e0fc669c35a48af7f,bae61cacc2028e578c448b19cc5a0801e3f30f3fa058683b6ca8b0ee6643a42f,taco,531,train,1861,7
1862,92ce9fa83b518ff14fe24237962bc2f10d3ec4c7620ae82a41d270ac26c9390f,2fce728f1f7f84c330aeefefdf698d47168405b64dfee8593fa7f03af7d03176,codecontests,10110,train,1862,7
1863,589cc9ff42732cc8a55c9a314fb6918279003dee34139fcf4b8ca66f30c83aaa,33ebaa1148e93fa750c269a7010b154ccd9aff1b832783a30ad2221ab25dfb60,codecontests,5230,train,1863,6
1864,b4a721ec2d7c7381a66b49b92d1ebab662efb33b08c6c525dad368b864561812,fa4ead7e5bedec94ce4870e929f59b1fa554d4c40a3ad90b7f10439e1625f4f8,codeforces,16682,train,1864,7
1865,e1b05f79f81442edd6fcdace724c41c7981262d33528dbea2ade623bca2ee0b1,6740fc0774ad1a5343c5984d8414d0d3e8b6004417e4b6c8c64d68a17f7435a7,taco,20948,train,1865,7
1866,7b9db21ff4b2c3fcc108f7ad02f620e1a9a4e246c195683e07f20a29c835dd7f,ba3c509ff5ad1f3623ba3ef576b49c3bdfcd9ee8af414463dcde2b1132213662,apps,11089,train,1866,6
1867,a3960063867e3292ca63a2555e279896f2d60bb564bc9070fcb920e3d36dc42e,d5ece4c495dcc83cf2a6adab2587124f95b1848283c656b997e889bd17867fd4,codecontests,530,train,1867,7
1868,b5902cd1ffb8bcecc71d583ba459277ebdd3b301f2475633ccf4ed737283922a,05da189e257390672af2ce28e756dd40d434f3c9f83a05282d7c12f8666bfa1b,taco,11887,train,1868,6
1869,35faef28e9a719ec537249ac0c5d764c29d7cede75d7e12029e1ed8ccf3602de,a9d1fd33e8715ff5656709f67b9a8d24838dc6e9d31c15e1f1496d09a89fc25b,taco,21596,train,1869,6
1870,0893ec5c232750c79b41cb5319ebe07bc5b61cf306f328814cc656c6681f47b0,400efae52d51112aa020233ad94143bd11053b5b9f07b532d36361a0226d792a,codecontests,22192,train,1870,7
1871,6a9861aab5e9355b923b51ecdcf83b2f1a2f23fb52da7c7d71b22d359fc1373a,425465fa1eec85ee9ac37b5c0f1b7d2e3b61cf93babb0e8e331d2789be589a4a,apps,6472,train,1871,7
1872,cc7c1671c5a5f09c1e56d5845303a272c6b6baa9f1ad36b04eaa89dbf18c9fa4,4eba32da4365299c281cc13bf32b7edd992f654e70c78c0dc147b80b089917b7,codecontests,2152,train,1872,6
1873,17ae200dd4cc299ecb3f43e1c175ece952456e5b2aba87498526d238a9f59a93,29f4bdbcd61ac69ccf61d3a72c98f3038dff4bdc0ce4dc3d0f5fdc764dcac855,taco,18594,train,1873,7
1874,5381b861d3f323018305c9f82da4ff9e2628f123d23be06b303059fa876adcb1,598d64f4039dcd7711b8c4b1864bfa65b157f82904960ead671a1c19d29bc9d9,codecontests,17524,train,1874,7
1875,c1da354dd26e0647d9c69130320ac84ab52137d1f424e6e9ec55f3ae92427297,83221e2bab0cb5ddc9473e52e0a07b5f70ee23d0857e23463692e24d4b48c513,apps,6381,train,1875,7
1876,d6fce45b4ece83b6a022590281c10660160539ee9340d9d25164e37e802ba272,dbbd203dac9d4e547b377aefe421ab91b803ff202df513063111f620743fbf19,taco,3242,train,1876,6
1877,a1d3ec7ccf09ec0b826dc86b18b39d6f55539f4bdcfba5a8ce22dbaac8544531,1d31e0e13eb2048436794c99227f0255ce9fac4c019ad636261f90c97ccc8f26,codecontests,13072,train,1877,7
1878,26adf67d94ecc1d4a65a55307ecb10f346c94483f8f655ad8cff09a5d85ebe0b,39e1bb3d38ef63395f99ac3987b708aa69053792a098d2ffe6eab2f05114f72c,codeforces,16629,train,1878,7
1879,7b4378e8d6f850e98f9f48244cdfa2c69776578a8551da87da7ebc2075c51402,5c22fe09a61c476da98f2332b356b5ef34c1d2c631efaace49c6361f4ce9fe31,codecontests,7160,train,1879,7
1880,8fb9052a7fa333c570d29d77b105526b91f74540b732a46b85725f18f9c0c9f6,7867a25545b2eb4c1a76575c238e1308629a66f5469231aa55995adabd499c57,apps,21421,train,1880,7
1881,579b407782233a0b04ed571a821fcf40f2fcd9c93c3e6906c20cd04238af4019,7c16c4581a6dc93eb9007ea1b21ba4553ea496dc54b1a0e7f19bc441488ffb01,codecontests,16556,train,1881,7
1882,ab2c23262479ca65d086414e48ba5baed3c31a2bd9109636f27c4f531664ce2f,dc9c581c616a71babdd2308001152fa4edc7487b09972c9b9b2a60b481aae7f7,codecontests,748,train,1882,6
1883,edf14f8735efcb5a72e1d0f86cffc50b3530775fc30abe1402847dc1f8b87d9f,2aee20c4c83b6ca6ae6b8d6514d19dd428c455e7a7ed72263d416902fc9ea085,taco,4981,train,1883,6
1884,bd6a59319a92c3c979b7ad69085c094b1e6722e36c485814ec1bc1a8a4fcd35f,de02103596664dcb33665db1e4fbb06e96118567fbdc96216de2ab5cfee86cd0,codecontests,19513,train,1884,7
1885,b7cea1b26234f0afadd9e1ea1bb49631f52b177cd582b639812ab37c76e1f765,e2172fb893ba40fde2aeb0ea30a938818a4630f0415417bd0bb3019fbb0a5025,codecontests,13769,train,1885,7
1886,83eaf537c5239d1a8d4f1694cf4957bf431868753c513f1f1b6968d7662dbf39,a5d313c82337ba979f408d4494ef42077adc1bc55904ea0919113582c5093880,codecontests,11317,train,1886,7
1887,c226070cdcdf5d7c63dca5217bbdd927c0e16f2379f787cf89cdf2baedb8bb12,a4f32510f06b07afeda269563d751ef1dfa5bf5b6d7121ea10236feeff700866,taco,10237,train,1887,6
1888,8d2f7c9282196af6af1dcfb08df80914630cdae209c6fc324f7546ddafef5426,ec1fd3b23520a318b3c282405eb6de4eb44926f2a96c2844bcf99c7fc4998f9a,codecontests,3178,train,1888,7
1889,0d840193dce7171d4b90d66d01898e0866dc3966199d561e775792d1804de78a,df653baf148df61d98153ca61b045c201839a38d50868ce6e49227cb87d6a328,codecontests,1961,train,1889,7
1890,7d253e0d9a7b4efac350317bc5d30e174c560d989883c2e4e10287cb4fb0a70e,9843c4ddc77fc8e7cf356346c45e43d72268098266390886e829e21011ad87c2,taco,5154,train,1890,7
1891,e4ee36270e8714f792f1fdfdc239bf719b6394530b7047c75b46d9bf4a0fc35e,46c1f83eb89915e25777c3aedc967ea8944741fef519e382f804ebf0bf665b14,codecontests,14370,train,1891,7
1892,4b137e337088a2662c5f13190ed2b6e956ce2786f4479f8752a0bc1b3c7edb2a,2c189d4c2be9ddfea67239d350a054cd13ea5e9c0f99c8a8fb9e14cc8dfe3807,taco,18736,train,1892,6
1893,0c8a19598a521c9c31191202c2265f46d256255b1cea5d69dda5df7d70cd017e,1e3f31276cb322812bdcdd823dd3bf4bc7c32668e6333dc41c1827a1410e6c69,codecontests,4713,train,1893,7
1894,926db75936bfe44610ff85b8af844fb6fb67fca847e5984cf85fdc6ac533f46e,d8f05289f076e407e1e84a30b2817c47b5863f2d49d88e2ee42ca7135626a3e9,codecontests,15449,train,1894,7
1895,c816ef94cb8f5b4df91e955b22d1a5d8769f28f5c1cc8b45307b08f1cef932e4,207edcb1e13bd546ad47908237c4989f8f2d6f14e0064bcb0610cbec6815f327,taco,17733,train,1895,7
1896,96ba7fe7ba0ae8060860c06e9f2db60e2f8d6c9d81ae1c758a87f2c7e1cb5fcd,292bae6b479b2af83d18da3285de93a54287adfa7b2a7f1d56052459b5eca85a,codecontests,11338,train,1896,7
1897,715c094de7c5d436c3b4c8195c992c4e6d3659b5cbe33b2848a51799a16a67ce,dc19c0e38f5a1b40cee95e452bb017ff1f0a969067ff832f7c81c650d797aeff,taco,13843,train,1897,6
1898,6acf2990a0ffc07c3d7dda808e0144f70bb3684d376284e59a1c5577d92dd285,e39cd595adbf9853d7452a508e332dc16b9c3423b2dfcd1828ee7b8e4edddffc,codecontests,3537,train,1898,7
1899,d691100700ee0063a4441e955dc3e99e028c44b617f388403be9c883d06f3f8e,c32e99fb8349a63fa0fb7edc9ec38c4184dffef1cd5ae91b023f450724cdce10,codecontests,14571,train,1899,7
1900,560a1cf6188f5805cf94ef7c14aa24b09dc207ba8100f5a467f9e5382e4512ff,cd27af02b8b4c6d8d6797d806726b3e935a7437ac0df24f557042025aa932948,codecontests,12915,train,1900,7
1901,d09d8b02520752190bd05715597ac78a5cc37a130fac02e9139caf9cb1075c0c,ffa336155b3a1265b292f4cd19e7d58516d2bf64b98b186eb9af9c872291a83a,codecontests,21694,train,1901,7
1902,e31cbf51b9112f68db923090f5485caf1c49750cacf8e6f29a417ccea99dc925,e5c9ab86368ee2d3050320b31da910967ace98c1e94691deca17071e50960940,codecontests,21477,train,1902,7
1903,201f70e921229c62c402055deeb701a3d83d0f1b9e63c4a2e8b65589a8ed78a4,9d3f5b8c887c5fff0445282c7524e25371652e7d3df83dbef104e62a63f755db,taco,4004,train,1903,7
1904,6ef41f70f390f3f4afb22a800861ac4ed8e923895ce65209d5c1e8af7e38d3b2,ae60b100e8cba2ec659d335b10aeb9f95498146744466770e51ae588c16d6592,taco,2419,train,1904,7
1905,a371dd11a02dbf873f1c48de5d9ccf0c4b80b945aafd4502d5e0e397c71f7d93,a9384df0c407bf5af82c06eabaefbf5001baf6f77de50a900e528ab82b85ba2c,taco,9152,train,1905,7
1906,b61822fe3f3e01f57d966b4e4f63a72a9e49b99534e747ed301783b87aec4d50,fd98c8bbacad919c3a5feefff73f15b594e75e76b88c2cbc412baa2b8f29f680,codecontests,1426,train,1906,7
1907,c1b246ad4ff1bb3a8651767034a26e8dc3543f03fc9307be10688b9765ca65e6,33fa9d7edc1dd86f8ae987a0e5940d5b790df01f23858a336dc7fd3457269033,codeforces,8558,train,1907,7
1908,902583ac4e1136551251e1acd3fe9c1cf84d581ff41bf459e1cbec7f740f435f,f52100af552c8b219dc5534ace97c33778c20963cd73d394fdc5845dfd8ad27c,apps,11912,train,1908,7
1909,677e78fa0d8b4e3094a565c8f507208ea14915a78858ba33780dd7def04065e1,215b0d9319e7ca449cc816807ab55c11da11ba8f3cbf4dec93c5b44bfbad4ad6,codecontests,2465,train,1909,7
1910,5a5a154e2c923184f2e46903be3746f0686c21994a6e424ee6e4ec361826ce47,e7c2880eb07c16bdee1c44d86e8819fd7fde948d4f93f53ec2e04272a784fa02,taco,15135,train,1910,7
1911,535fe8cf49253426138786bc2f02119ce68262196ad1764e2960e6a7ef3cb393,f39e7354b698f79894ec016cc6738b3b4abcd55b957e65750210133a25042990,codecontests,19163,train,1911,6
1912,b57f62027a4957a2a48276400b76cb2d3f78af891407f4232e168fcf0934ca2d,5fd069bf72a4bd3e28a5a7282fec76335c907c000d952b050b408615cbf90b86,taco,1116,train,1912,6
1913,5ccd73c372d5ecfa80deb15e274bb007ab0a52e7beea23c8a833ad58a743eb88,6849ccc7b110adb3b43824972f87186b0cf09e2ed3deb44af8ce6118bd8d2151,codecontests,5448,train,1913,7
1914,465805b6300c9393f4dd851f68c3a4c762155e803441f802f63ea559ec8c0af5,7e61dd7a4736b0dae53bbada422a665c2f125f41ac654c4e294c1023285873c0,taco,2639,train,1914,6
1915,d30c368d39101ffec2716a1749e414eb6511ce369de38cc93b5d7a5b3f4ec23f,53196d4aaee5b5dc8d162fc26d314484df2a814b03297071303cdea5a6871131,taco,18250,train,1915,7
1916,9e1be6afe5de6b32344fef1783082834cdbdd9d865efcf913ed6e88500e79569,e5efc77ecddd276d922191454e8a39583494ef4557d7bf20e306615e53e0766e,apps,13664,train,1916,7
1917,bb03df24787038121d7cb3b058ce831af6ee5f76aeebe4a5748cb492f4e3c8ab,d2d0cc2c4e2a4a96d2250d9b11043a0b6b0790769f3fb71986e2d6fe33993b4f,apps,347,train,1917,6
1918,cbb8c4831199d23b56f154a5ca624cb2ab8c36b373b3af2701ef72d7fad74bd0,0cdb6ac8b563e6a6d2f7bfe559fbf9969e547878006e2294ed6aff0c23a728a1,codeforces,7760,train,1918,7
1919,21dd76eddd72c3d8319b586adbe18a05551298f079d31d229737ab679d1d0406,d4a57209ddff0a59d02b58c122a58bb9718da0fe4e5fb3e8f25cdd0bbb23db71,codecontests,8031,train,1919,6
1920,ae72b61611180c8c59c968ebac358df9bbf7d508a84e9e59f9a4a91207159018,4f4c02c233f5f71332bd1415f816b18ad9b59d232b3d28ee0b82d6d5a1b927e4,apps,4613,train,1920,6
1921,78aa0c9ce9a711bdaa95a04e659b0ccdec10d480617891b40223bc27f44790ca,652195c95c8b31a19feedfa919fd3fc5f3d62fe2fc61a4a7cdc60633f20550bf,taco,18195,train,1921,6
1922,9c951a87c74de4559fe258e8193c5c23be6cc4e5363af3360ff85e092df232b5,4ae77d2292f46831839f0540fe5c43968c707b22551efa0d76203c0daf604b89,taco,15367,train,1922,6
1923,330001343b7f69481a13aaf8851331ee55c31aab79c6527c2c71498675396883,cd3c2c3563d376fee3b0ce057eab65764f800751675654d81a83a73276c227e4,codecontests,19024,train,1923,7
1924,ad98b7e80092b24fdd6f6a95d9546c374fe85c15b73665d2a645fb5b743ef93a,53794207f2c5297a4293355665148a2d372d17e30a593fd565fd0e2202e6ba4b,codecontests,5481,train,1924,7
1925,33a332d59ff12c4c29805137c04ae6f5b691c079f067f748f2d9c0662cec541a,16d4c6b6b62e2bf1293d8911db79b9580bfd6e80044cdea9508e9731e4ca4af7,codeforces,20362,train,1925,7
1926,eac6a674a49beafccd2473e099692923088cb9819adfde7e6115d08723ca0218,8b6bf227e9346e4cbe2e2074f6e0aa53d4a90c7d7a69cb3bf8a7e0f0cc80de32,taco,12243,train,1926,7
1927,fcb05a3c2bb30c689c7122389bc797bfe0f3d906b4ba9e7b106a1ac4de3db11e,e67ebcc1926a1f32bd30f67fc2f06f6543ba5d6c18ca6f4fe70e6c40701f64cc,taco,18788,train,1927,7
1928,2dfe259b1446db95876caf60bd4ceb1b4d9f6cf0ac12b9b71a8ee35fc7ee0f02,27437e4692e76288af088380f37975eef23227111236e171ae9d60371cb089ab,codeforces,14481,train,1928,7
1929,f10725da86cb029ad465354c70f2abd096c8f3d2da40608a991b30a5347d79a7,f11d99b32ae1f22ef21dd6e29baeecbb94c5a21ba6721326fb3deb048cb36bb4,codecontests,6988,train,1929,7
1930,dc473b6fe3fa377ef9ce6eb5fcbd8a1f59203aaf4690ab6867751b02d5c10db3,4e3eb3a3e8726db4cd23d58835604482fb720fc872c7caf0336dced4abca222e,codecontests,1064,train,1930,6
1931,c10ec8aec21bb4d1c16457f6dc25410521aef3dc1893695ffd43a66778c64285,82ed6d70e48661f713d2b23338d42fc92e8d2c0445c600eb8d09856371981835,codeforces,4016,train,1931,7
1932,098d7f385e33231e72cac37fe3d6e240c311710501948c3c6459f530e812847b,a60f4563d7590bb84d1b623fe155f7d250e4b4e7975615b74b8c4f4481015883,codecontests,11747,train,1932,6
1933,e78513e77b14e1f28fc30ade087d13a00e07d37d672141f0d86bb1bdabb09824,c343093f9360324dd21bb1f3ddd43d609f5cf4c274a13137ae3ab8b943da76bf,taco,1683,train,1933,7
1934,86a2f892a25f7f98dbfc18c97dfdc6dd69ae89ae8370f42b6f6c07c82198fd8d,b17b756d8aa77297549fac1b97db33341a7f36a7f105483d987466c85c294b1f,codecontests,1586,train,1934,7
1935,983b3915e35e0736f8846267adcb75180a350cc61e54fee5f41d9d84c77df0db,f97b12cc6641ceca931897ff154132c92b2ab990299478a56aaa2bbfd69a216b,codecontests,10060,train,1935,6
1936,ed695e1c7d7727b01a104b31b2c31df6e03cc81e4eaf3c9ac5ecddf64e1d8341,f809f7b41264af78a7f6e79d402386e59fe6e7d5bb8b1f0886e174f95242a551,codecontests,4453,train,1936,6
1937,45877a35362d26b91d93727103af84b3c452c03440e9b64d2bd21f39526e9f4c,cdc92c7212023294d7c246c528d0f51dce354502a935945c0ec667e87defe782,codecontests,16062,train,1937,7
1938,6a9efddf97e017f442e6faaa4fcaeb62f6f5fa46c607e8719f75131a544f32b5,3053f87a8585deac354f3c1d24a1f450043b201194703a5129259e366122a85b,apps,14694,train,1938,7
1939,aa4430ae139bc5cc2fed5859cae1e1203062a0ec6a47d5e35c62bb66f086e9ba,5c3f910265888ad8b5fa34e63c197378995e732889ae43c3eeef30586e16e523,taco,14360,train,1939,7
1940,6f0add223f6d688d4faa1595ba0a2b4f734630298aeea844a50efdf3cba18e26,bd722e9023f043296351afa31349ba02f5ce9b1df80c486be554bb4cf1d13fbc,taco,14179,train,1940,7
1941,fc006abff83a840949bd5c602840cc5cadaa5ebad56489cb43559c83b9d35eb5,3ce81d7256a1e968d4cdde378330646ceffda4592bf4490f63e7a449a606c5da,apps,13998,train,1941,6
1942,bbbf9b48493cfbd69d1e258d61fffffe8784cf356bda2014bac9a8f758833fe6,fedabd11fb619459e56afa573dc06fa96b9d023b197d7ea0066088e55a969668,apps,22352,train,1942,7
1943,58528bf9998a3eb6d9be4de734e1c814eb8f30250a6bd75ec7cac9b36c96020c,27527d9b72ef68a8d881743906a3af3d6a19640a83ff44b8456a2309a4eecd6e,apps,17275,train,1943,7
1944,69faefdbce4395ab0ae5d9f3a483c1db6c65bb33c51cdca9f8c6b5cf8359c9fc,23cb2bb513ab299a8cd58d8f016648283ebb1c45fbdd74229a959ebef818f1b6,apps,13640,train,1944,7
1945,84dc1d37dfccca9899dda5c1858877dfbbe25aa6fc637fc69197196039fb2425,0f0bbdbabd443c015f0c4ff833d8550fb6a73b5c249acf13b4da7b6645a6f5c8,taco,4456,train,1945,7
1946,3f6d7d881781305808e9ec4bc572d5529de5e5db780d3692c7dd68a8cffbdccf,df74224b1a078c4d089c4e2800f5752bbee3d166de69b36749542db2caa5bc68,taco,4905,train,1946,7
1947,14b37f670e596366c158d071773add0f7ed9cc49dda421e453d2e72bd0519a1f,5420e27e62232cbd32bd716bcde98dca25635d86f2e021d80a1003479bc25c8c,taco,14381,train,1947,6
1948,17bec4baab134d809894fdb5b9ff64d7e5ec9e3a86881fbdd1f9910933adbbe6,542a9d626a86d71761974540b446f76b2e1d7bdb346dd700ba055bbc43f94021,codecontests,8627,train,1948,6
1949,887fd05f3d8e1e4655cd68dfa9543ff4e0a9df7e3010e0ef8d89974ae00c686c,f7f5780aa62126c67dc68f50966bb13abbade3f343f1fdbaaa29eed170ed7f91,codeforces,1917,train,1949,7
1950,501d115f9fa8d03bf41a3541c60b5c64905c93e37f9d4c2f34d73f7799e27704,2241e306d3502086ce6dbf65ef5f926738ba90913100fa050ddc48643606d57e,codecontests,8424,train,1950,7
1951,cc368a232674626e3fcae97c449f1d8f83ead5536d2253c7b038d94470f4e5b3,6805d48cca98d631d08693955764d0f0c3b67dcedfb262a59f6e0fbec702bcff,taco,3038,train,1951,7
1952,d498e8073e51899f2e7a182fc338118c8304e7b267007972e751e161c640abb7,0c484ae032f3f9b5866f3598ba8728ca4dc5feb67198d7c53cac8852fd07d98d,codecontests,21196,train,1952,7
1953,833c5b000aa063416f1bccc293b264f674e4c78cc9160112f4895217a605df33,51445320b39d3ad5e24a2eeadaa24d3e98d6eb0fd3a3f4fc209617a66caf03b9,codecontests,7700,train,1953,7
1954,e43437d828b77d259a645276650300cbdde317f5b24145c1a1912a8306b99373,493f094078e84ba66263d36ff19c8efd52194a1811aef0066754a0b4dd1a84e5,taco,1000,train,1954,7
1955,d7994c46a8c2098a1be1f71c73664002291fd8668fcc2b8292b4f7212b20ba42,af56d92db06ecf2f5ea63880b4acf7da01f623fef8d1f7dbf99e571f615b57bf,apps,22020,train,1955,6
1956,84dbf3a76a73f86d26e9aa0eb46db7fd2b0aba517c0dd9ff96c45899bae1ff4a,61fc9261c0c0c444b35c65db940b9b5055615f60107a9eb7c45e109045a7e388,apps,9872,train,1956,6
1957,c39ba83667f6c838d93853ac4d6c91b1f17ef76929bdcac098cadd40fcb3788b,0de4aa3f7786717463b8d727b411358288bd99da2c2aa6008b38c00f1818295b,codecontests,6878,train,1957,7
1958,4de98340a95dc8ce6de0eedfbef684027b40887a9ad4418e8d92064db1720cc4,d356ec7b8e88e98217ead43f16d67cdd1e6fc7903bcb2239961a4b765adf5dbc,codeforces,2391,train,1958,7
1959,e8e19783a166b3e71a47238e82826ecbabc9519390b793f5bf0ac5209df9d510,743bb40ec2542a3307192a5241dc87ef4d65573ffa4b65c2a5ccb46142e97de5,codeforces,9416,train,1959,7
1960,24931a75d75c3e3c3e800b20f5ff2f5aede88c88885b8b3fa445c8577f60c063,b8d5e07e7c0fb8f8cb45f8e09d6dcd7c5de87a0d59199c87480670f95fa36cfb,codecontests,16385,train,1960,7
1961,c7b54957ba8b98671c083b937511eb79ef1a002fd194a9c56f09717885d705a7,45642066bf7371a8c1cc3967063a313fafbf6a0665a2f4f66e7a3dada12c91a5,codecontests,14467,train,1961,7
1962,975ef1a95fbd0bb9cc09e94de9ef21f2ff80cce70385cd20d6f598d3cb3b7b12,beefe9d5e734935213640ffa711d9fa3a590be6ce2944c0e30101fd1c1b5a49e,taco,1471,train,1962,7
1963,93aa5af4bc92d9678b0c4272829084906715faa5424f0cf4c408a91d4e6e4a1d,a9fff45458015a9cb7cfb0c1d8fc7c4d50484b997a86bf77aa2a34b6da005040,apps,19289,train,1963,6
1964,7ff18288e1d6f799935cc746483f329e9f148c7c9d74306ac7dad0bbfd1df898,f6d0f3a516302dbf8b29b15b75c3c2f8e099c8b9f47580b9c6a280ce20543907,taco,12397,train,1964,6
1965,0264bff513b0f0f672daaa3f487c24b451f6550deede7ef6a6caef0616956d55,0d0c018e57190652586c2f29338ddcf502ee5b12d0ed4914d2b1b8a7bb67830e,codecontests,5416,train,1965,7
1966,b6982294bef410be7a4a8f1514f85893b67a53912037f7d8fe6dcd7baba6aeff,fff7121fe6897fda10dc2ddeaafb5f93c971d68bf721d5220db4b8ab08981483,taco,21872,train,1966,6
1967,7214c5e231e91da5c307d043acdc107e40a26c0e69a71a239b312e400e8aa9b9,e24c16afa412ac611352c214465f17822bf46eaf515ea47069aff1cb1f03cd1b,taco,15899,train,1967,6
1968,af0db711784e3b02c45f3c3f5a0b4d6e0c76dd9a0df08ec9f9e773ebf0e7ff4a,d3efd8ca7d258832ab01360118fc23d60178583cee87017c9224280cb9aabd02,codeforces,10341,train,1968,7
1969,4758322e82d811de47d4304b31efe56ea653b3ccab7593f73f951e4ab84dde88,1dd4edba9531e549d69cab33e163fbec687f93f7b669d16c2c24792896981bab,codeforces,9278,train,1969,7
1970,3150e95fc838a2cd21cd8a0f6cd9276e3713cf8aa69a87e8798ad4f75affeceb,045d0ad6df10d91d728313ea23b677826be386172d7cb30e29fdeb005ab32ca9,taco,3185,train,1970,7
1971,6df25bc51a52f5e3fd41ee93952e316d66809c5af2a88733465847c8f1a6e711,8516122015471b0254a9350af7dbc3767ba697478dbf444544b4e66f3dd9c080,taco,11877,train,1971,7
1972,1ba0fb82cbf30cbb34fc648b911550faf7990f6c492c8a1e1c76ab3ddca3b22b,1bd8222d7f610c1654268c8143cc52ff279bce58e72d47dab7f7aac77b815d75,codecontests,18717,train,1972,7
1973,5e9ab4346d4ad55075025bb85365f343d3af414ac04c0663f2d07a753a1ad7cb,5bbb101fe1e182c21e1aa07dbd4f6f7f8ac2c7b074022ca6a3705b982f5056d7,taco,17974,train,1973,6
1974,1801b46f664694eeada155fbfa6ba49ab289ea4254032fdd429e5a8ea52d5d2c,3e237e227e283f07c9dfe8871e06cb658675d4a55004f25334e768fd61984db2,codeforces,16615,train,1974,7
1975,f099e68c9fcacdbac5586932fb7942ce66e4659be36816b0de47af96421a9027,842222ba4b743643a81ee5cb61c3337c34f06610696aba26791a08d0af68ed28,codecontests,19052,train,1975,7
1976,f8aced5450217d85b6ed471b5b78a4f25eda9e98e53a784fbfb502416dd38bd8,65982b2d3ba737e1ed42f7204878d22fe3764aebc06e4bf39b90b9c5c1924a85,codecontests,12150,train,1976,7
1977,2195738f764f544620e839c382cf692184665ad04114cc66c4a81bc0a95dd2e6,bf00e520746b450c77380f86379d6911a89405e6021799bb1364b3de551f4080,taco,5252,train,1977,7
1978,4ed23bef0438ee25d977e843ccd679552d9e7ecc08d3a52329a8bfdd19d3e55f,e4c97b46a593e1d5d8ae809e10e2d088f75a055cc6e49b3eb1f8f55c998d136d,taco,14711,train,1978,7
1979,be677630e3ee8b3b3025877b62c14524dd11ab1f4ad51ba4e046f81ca65fbf29,10fed85b0e5dfd60cb85cb5288144470d334e4e6a86eb61518687f12a8ad3a65,apps,1696,train,1979,6
1980,bc8bac79b502f97ee91d8a5e8301a4462164b1bd725d487f5cddb4238519e70a,bf1567f43ede63c27dd639c0149d275df8eedcff7d3579ef98ffb5d47200148b,codecontests,7912,train,1980,6
1981,fbaf5b4c8b6ad2b019afa7d77f3aaba9c66f25ff538f0fc3143a250781cf3596,55e965f1e2044204ea4726a6c5da79b4394d34ed83b9bb9114db2da09d97b29f,codecontests,19083,train,1981,7
1982,e55634cc4e96aaada25336dd88aa447c9eeb90b539767487b9baa7b2003e3053,36b9947b6c777b0a5b0636fd378f85b2bbbaf6dbef6b5df25e57dc32a1a9d1df,taco,20128,train,1982,7
1983,ddf8d8ca90c7789d6edf731cb3aebc6e9b99e208b267b9bc266a9bbde6a8a5ab,5b0d6f1dbed56c0522d907d8a14b60b1d6ca3e4acf3d88fb1ab6df533ee97f57,taco,18288,train,1983,7
1984,c92222b985f9c27a96343fc682f6cec3f4afbf545dc2e03252a3bb58fcca105b,304faa8a2ce8c4103ecd8a0c25e6a0af4bb5b57c194246301f11f38f757caa64,codecontests,12771,train,1984,7
1985,d03b51ba52da5cb6e39e8802255ec28a4bb3aa2695f47c2e7f24dded515c41ed,fd69a2c7103ff2b127c7ad52686b9b019e237ab0dadcaf8a878e6ef73875a964,codecontests,18840,train,1985,7
1986,848ab3e93670e80b7aa8dea60f00785790b8ef89db4ec68d4358a70b5b15f4ed,def51a7c58298bee7aef71bcbe96c2bd4597ec738789822f0449f28e15778373,codecontests,3861,train,1986,6
1987,f7bd5b14e3acce30edf0a2eeb91f2ac8be03028579255e1b3306b2d463759003,ce4a171b8f3272565d8ffd1bdd7708d85fc8966afbfec3b5dab217c7ecac3287,taco,20611,train,1987,6
1988,8f9c56971389c70761d42ab427078e52ee7bb54f8ef45f5626b982546fd2a236,81d97fab8b09be4ecd47ad1f31cd94062a3941455e470250cd528d71dd8e80fb,taco,12469,train,1988,7
1989,8ddaf14b6ce242e64e5c8a3556ef067af8d6eb3538c1a444e0f7ffd6caa95cff,5c5fb683370e0d7a63ceaab67ddc049bcee92aa3b1b008c7c1f8d744b04428a2,taco,1023,train,1989,7
1990,1f73e9d7f97d1bfe8b69a9f74b8f6a2d4c09818c02541e0fef9fd865937b09b5,13ed5afa52a2fd99ef3b5b83a799d48bc9209eade6dbbbd64aa8841a9076ba80,taco,13198,train,1990,7
1991,8fff19e79c2b75a61c3c100af44ddc5c2f44edb6ca51a6a176e7771bcaa8c64e,53854993b110843762b64b7ff8b2d547df069a20b095894d4a2545351939f56f,codecontests,10544,train,1991,7
1992,d29a74b0c84004bc8eadcb0018ffdc038cfb73fbecf1bb8a7850a816f4da93c4,17701ab713d68a6a00756a6e069633ecf3fb94cfd222756c13c91f1477265a35,codecontests,12876,train,1992,7
1993,9ef00aa12a62094052ec8fa405e35073010295972fc6f28208e6998769f1a26f,66901e3aebac81cacb76a0ba8c24e573261f6780a43ea76cef6c4407c615f839,codecontests,19075,train,1993,6
1994,750f7975f94f152bfc608e7d71b4e02872e42d3d167dc52fd98b22519cef8975,827d02fb2551bd53e09eb9a5db3e26d932ea82b2ed091e288a01c997116ca8a2,codecontests,6570,train,1994,7
1995,743baf266b460dbec096d699907d6d0b64eea7748356a62197493e74a02aef85,d950d190573d2a99b30c2d55eef397df1f9c8156eda93aefd33a6d68c01a259d,apps,16659,train,1995,6
1996,f250fa326f86a1dcfaef1face00bb0eb861159589b15816510a2b123d877778b,968fcf356a21f372f38c1c56105ac7bbedd9c53d07f4e783fdd50173938ae1bd,codecontests,20189,train,1996,6
1997,24c8719f6ac6f858dc7c0bf082acba2d03eb5ac130a80637477c6bfafffd320f,2e07a2c15eb8d254aa29579afa59cbde8dba474e500ee48265b60004a002c1e4,apps,3893,train,1997,6
1998,a85c535422ae44afbee1466022f5d0b95103ca79bb132364c400455e4fcc7bce,4e6d74662998cee3aa64fc88ddd655666d1f1c32e2b21d695093409b1a836378,codecontests,318,train,1998,7
1999,5438ea4e6f951d5c8e5c8e616024426cf1d68c0f090f1d287ed56aa40274746e,41e16b242e220e74bc33a8e9e92312b07d4c761c024b7eff65a280df597ba47c,codecontests,17304,train,1999,7
2000,3f5530c83539c244c7654b5f995473edb011b543f15f700e401a157628e207be,fa803a05f1e3e61ee8891641b934abcd8428f046b6840221192ea88f014cf2fd,apps,17169,train,2000,7
2001,59a3d0ff287f37be4f796a5276163647dcac63155f2c560d50499a58c14d5df3,42c552a3054621ef0d2b1d1b04a55dfd92358cd38e47019a73ff9bcc22fbcfb7,codecontests,2706,train,2001,6
2002,461496e62334773dd89aa9424634fbee88a5ba1f66badddbd8f74f560aff05ae,1d83b6ae0aa4c31ab28520faeba2252f5c5e28a9043a8b40b214bbf1fef7e16b,taco,9499,train,2002,6
2003,cef3eead878ad6004fb2682c6d7384bdd94994ba8d49fe16d10ced7c9dc2428a,ada720c60d929a6ac603a30bd77921eb98439054315cccf4f9a12988d256c2a3,codecontests,20630,train,2003,7
2004,84ca1e0da0c0a227ca22107e28ab67e91f7ef93dad4f39a56fdcdf5469591ba5,a54044223f9bbf6f2266b9d63297c102072f437fd37637c0a97db9ffc2ffac15,codecontests,14698,train,2004,7
2005,162cf73875f88f1fd585c5b2e838579b691ef7706bef8edd3fbb104ec0455938,085c2f085daf4f4f404feaea4672a8e8e73345e876b32174aab32eab2350245f,apps,20534,train,2005,7
2006,507db96de33a84632785ba894a2480de9daa53e74e5ef6b74492aa136a70e2f3,d78a45dacbe1993c5446aca079f5a61bf76c56fa779b8e2bc1e8117013140fd0,apps,10565,train,2006,7
2007,705c060b3bdef9d3e66a9dcf0fc5bf99c52a441c807e6db9eb61126c08e6fe76,a2a9c8b0cadcba3eb6c69681236e8df9c2491f98eb922ff6b95acf0fbeb6eeb2,codecontests,12091,train,2007,7
2008,3cbda99a79f162e07ed0ddf7249aed231bee726d0a45da8bd5216be7b5090c93,1dcc52a1fd6410e783449e7479cc468603cd92b3002db73d4b83b1e72146e548,taco,20226,train,2008,6
2009,fedb408918477ae4b04eb21fb4dcce3bc01db08a2cbefd5d06eacf42e1c63fde,541e3cab8789ed4ee6723046a81d767205ea81949f65418e906e0c1e35e51891,codeforces,9598,train,2009,6
2010,75b010ad682d9d221a6a899ca2f06ad72df7febaebc90cbf4e30756d7bc3c3e8,9f2516e663b933cf2b0e9e358b072b2125940e8859364e81d65791aa7818babb,codecontests,10964,train,2010,7
2011,f6fa9f1274249097051ef2852f491152e8620e830ed32361c317ac4fd6433d1e,54986da7ce9dc913081dddc7836bcbebf70cbffabeb1f696480d5e2bd1ac7e02,codecontests,21087,train,2011,7
2012,cd02e2a5f88663f47033af45b46f2a99bb9dc73bd8e7e80b276663d44e8225b4,a91d72a98f4b850a07f53794d15bad25048d322517538535d648f2d4fc8a41fc,taco,14777,train,2012,6
2013,e23bf5d930dc89759603e5f62ada9ddd809ed1f7cb59f0625a7a68e3f8d92cf9,3f3c18c198b04c227c4773fc8724d791a9beabe2932b5108e2f32dc8740b37e3,codecontests,21461,train,2013,7
2014,ddb4a9f1cff3c46f9a0ffcd5b4a92bf4ad6cbb8572b359ec1dd55b2aeace3ae3,dc8d403ea3cc732627818b34148e7d8f9e36981e6f68668afdee1226ba7c7ac8,codecontests,1111,train,2014,7
2015,dffd311757fa769028b57d7694ae4c185398e4e5a5098ce4c47b3fa52b458b58,2321dab8f82c70c6c60b0649505986d6ef9116ba9abb67e0b7e2c14b8eb583df,taco,13573,train,2015,7
2016,2b4b97b644bea79a3e55fbd223251fbc9a4653ce05cc52f43c157361f2d5a0dd,b846cce01ebde659f4f5d91061bd3c0d5b0587261246732a3883c4b1d44db2cb,codecontests,8041,train,2016,6
2017,8095cbaeefd4652d60c89e691471d5773444e51a37f2be60f58d618800d56d86,2e262d50121dc448df47ea0e27a4d70fc15f91bd8a023d84da421d70248b5196,apps,480,train,2017,6
2018,f86b28ce96dabf5f80dddec394d7b74ff2a76aeac1864360a3b0c7bd939dff0e,9db18c72a7c21414eb1b4d8b214ebff793e4b0cec95e8dbd3dc962a69c19625e,apps,17841,train,2018,7
2019,e9e1e6c2ac1e5c6d5e0514be52fb447d3586fc72cf60b268f5450b47c440f049,b7e2455d7cb015a12b831af4b98097b86fb988820c08147180dd42f2b2b41574,apps,20458,train,2019,6
2020,678cabbbe6397feee4ed21dfe921e9a55cacefb47bf0e241d3885648c09ae4d4,9d4a546093ddd00282b2296e3dc141e5220475e1d690a216102a288df62a74c9,taco,6654,train,2020,7
2021,42ce7af1f5c99337e074b45f8d3e5b0964c7921b11cde14361e953995e49603f,1a39404651bf1fdf882adf7262f3622cc227b37b674b9d7968cc96c23c9bc076,codecontests,6046,train,2021,6
2022,4a26b1016da7004b69f8e7b767e3db5cc3d948983157b9781c4100db9e19f395,76b31f08a5bac7f138d37ff9d70d6041b69e4b1cef1af306d2bf77899aa3b115,apps,11620,train,2022,6
2023,c490a50c6aeb815c91eaca9a9772cde651ec21852d412049b20ecad9eb3e038b,082a68c59211a83c10400c11e592729c02005d17ae97b1c37e8b06a78270bc72,codecontests,19605,train,2023,6
2024,0a4408197bb8405e96a7d8fc98e6aa5e765f82fd2495bf2ae41a4fba3d3ac732,91876a1cbe0a892aeb1731820b82d82dc8f96190bb591ec2c5c79dc2a9102c95,codecontests,14113,train,2024,7
2025,8d2165d5f7db4be9c9be1c1747658a3d5cc9886c18ce8dce3a1be555a7e78275,1154102906b89c994f34601828e79aa2bb00615c67bda8bd4a4acabd37ebec73,taco,702,train,2025,7
2026,41f94eab5ccba074896b0b59426515fd5e33757bd0bbfc66c614318f38a69c19,c1002e3d4eabe16aa5727c80bbcefc1e129b5c4cd070977e76e49c54d7f12dec,taco,16669,train,2026,7
2027,b2ccf15d83d18f4b7ce490697b0a71b59e25c76b758a1f4559c078d0bc520902,9e02b49f04fbb9b9994b07ee4835c6dbcbd8240962db94a90cc2852ce292356e,taco,21235,train,2027,6
2028,6ba0dd10d979d2180d1900eb2a60d9251c618595b3c8761b7fc2dd9c8f73b4f2,5eab9fff3ebd017360d39fcbcdb1ed061c3ea09c5bbb50ced1784b3336f9c555,taco,7065,train,2028,7
2029,9941ee453f98710b717f8412a951c87b800c42464af1a0f4c78085355b062e8c,34324c3c47b7222867c9891873289eaffc1dcefc34e24562aa7aac4fddf8d7c0,taco,19104,train,2029,7
2030,5add011d62652118c4e0239d0f1b2af878ffb5df6a19f3f7d9d944c26e9d1c9d,106de36864867cfbc29fdd93f1519ba1b7b89d0e01a1ec8a6dbc6db5e80c9e18,apps,17036,train,2030,7
2031,3ab6294644d9852aafeb5e76a0f146998d2d9686d01fe29c83a5fa7cce618aec,96894394988ac61b708cd89af442d0a83761f3eea272d1bc499cd527136e9561,taco,21858,train,2031,6
2032,4669beebe135e3344ac799e85750ea553544b5ce948fd1fae86e90114a2f1b4e,696a346fbc6ef949173d133b4c8ca3c9e05c3da48719bc150fa5d4c2941c297c,taco,17456,train,2032,7
2033,b146b1eae6a60ea1a71b96d5e377d887c0886d16b30f9e0ce2bf45d690d5c448,84f3f2c01e24f5fca128adf5437cccb8ecf2b16d79e04083cdca2c9a044126ad,apps,8186,train,2033,7
2034,717719542ecfec93e33537433db91ee88d795814c985c057d1ebfad8c0106ee4,5ff150cfe3f2c8e0d7ce6ecfa055013c9f991a06774888c76b4372b35467ffbd,codeforces,19006,train,2034,6
2035,bd6ba82ceb43e14cab70cba4be3d9e3e5e8669d6f39144ad38d6393e09fb3385,d4be47f2232855e597d5f456f2cf8125431b08eceb99182c53d6bb3b6f6ae363,taco,17624,train,2035,7
2036,ae09a99da28defe508d156c921dc2c9359e0bf93f7d38251fdc7ea6e8eaf8698,301ceec0d1ad6fd7adfd75c245086260d830b16fca6e27fef4e1bdf4bc790fe7,taco,1025,train,2036,6
2037,66019a14fb8058186c61f0b5e2c2d39e98b162204b8014d9aec6184694e8b6ac,c3236bc7c44b00c5f9f4403f131ffc51f120ec26820d5d458f12936ad41361af,taco,16425,train,2037,7
2038,a280fe4e6ad99dbe5a8cb3fc298a387f547bc73ebfc8f213ce39c512f91c8c56,53fff727fb37f5a5152bb10dd73fe5f58bde604b791efb0a3d002b221ac65187,codecontests,1550,train,2038,6
2039,aca8c4b71851863336ae25f6b7e3a305da1ff2ff12cf6f1e3d515882846ec3e6,9e1d65bb902c48fba88c27eda4ba6013d84ff45171566b4a25a6efc234ab5d13,codecontests,4577,train,2039,7
2040,4bb09b84d1019cb0836a496857c46f1d4f23818c4ec5787f84b8e259a8868892,f39e9bd4639d83a03958f3fbaaf31e81d6227c292dcaeaa5b66b004d33a4ee46,taco,14523,train,2040,6
2041,d38e7d791ff2aabc9d8ed70760eff36d66f1cd299ab4bb3b272518b3768cdd9c,c445c28f87ee549d557829706b71797a8769e4a2db295c281264bf6d0680237f,codeforces,1684,train,2041,7
2042,f0439d746b573e96a373a1717dcf649b324448b030429b84f879837062c51717,a9682077ea2eb9cb038da7d6947454a3aac494b4c5ced9cfdf4dfd90dd0b3f30,codecontests,16564,train,2042,7
2043,1cfa2a00604918f2720e9509e2c3b536421e022fafc59864c28495210380df0d,5bf2851d0ad8e0a3103bf90dc63971531ee9b7b325a0a44921f88127df2a762c,apps,14127,train,2043,7
2044,71bafd8f5fd1d0473cce3f460b72420d21a0f329693d2018a8a5f4cc9b6ebf68,3b0078c0b98e7807a23a100c2739bc230112a9eb29d09eddc051a805d9e4411c,codeforces,2884,train,2044,6
2045,f0349ab6f1f84c16bc3e3c2badb7a26aa69f2bb9987b4b4c340099b19015d9d6,62a940cd5b92b21c95628c012bd350a693d3af2a98c984313d758bc8584d2773,taco,21913,train,2045,7
2046,d8be93982f980fa0bfdf96ae65ba0e1e3027dd3bce0081147363c26fcf72e7f7,46378bc7886645dcbf3921a279e3ba7ef9d21d731d1c1fc343edbbff5971f647,codecontests,4183,train,2046,7
2047,5b2b7be961706bdfbf81b66f2a8a2781e5abc05a525fc4aa7da30c2c839bb05c,0e12fe8c346d71db9830f6afa55d0cb560d1b82ecad23eb878e92c374da868af,taco,13530,train,2047,7
2048,3c8ed289a71d6604c681224931665cea06d7b2c7bdf9a16b50b59b6bb0ae3890,ad176747c06884d708af6be46676683c1354799f03f10809cac1c938cf853ec7,codecontests,2484,train,2048,6
2049,557cb8ce1ea9942938d57c5056653242feaa8a3d9d8ae26e03a8b1d8e46c02d2,b13f82d2ea7b5e8715d160a3d6d367776607454991b8fc0cded4d84dcc69f097,apps,2867,train,2049,7
2050,854e8a677df84e3202f397abd2da360bd90b880dff0b702d052a094d4862cf69,88a46ae288baffd2a79d9b32171f10e0a6d8de40b36eecb72b38e80f5a9f2e31,codecontests,14876,train,2050,6
2051,9c38316779c64e7feb29da8bdc846a21904814e035d60866dfdb6d8b9449a48a,6804df71429249cac57c2668b375038a25292cf579e9c7cdd1082f1e8f59fc31,apps,616,train,2051,6
2052,fc9fcbdb70065b398a91bd352b7aba2fd65aa6d2b6ebc1fcbcc044da647b1a44,48e69a5a494288718037a6c77b025de76ee927f91e1ea472d9eafc4bb7581707,taco,4552,train,2052,7
2053,c8896e2d9b5183bee1e9bd78e74c2eac607821201b9a1c8b612d981614b65d04,27d0f69eb55fb2d2d75ece9c4b0d0caba81ee5c573ebabc7353af67b5fadbf66,codecontests,9906,train,2053,7
2054,184cce432073745d6a486b6c0cba6141c8f4014f44da367f2aec90b1f253986a,a238bb52068d99de45c6d07967347fd4660dc289e594663861374531a9d0dd94,codecontests,9185,train,2054,6
2055,448eb94ed78286cb00b9b61382bdabeb269c72b6da03104246301ee9587058a7,e7af8cd2a6b89300bbeafd7009d3aec56b21a2d258d145b9d7e82db4986e8786,codeforces,9952,train,2055,7
2056,4ae830fbbc29823330c6a58e5b571346603c4b8311fc0f3f419ac79ad83a5446,00f25a471256cd06119a99e848ca88a0ad75ebd9fffce1c6f86863f2acd697ed,taco,19365,train,2056,6
2057,fc49cfd656e8c31382154da4eb9f9658102d048e2df63235f7040e6c30e86b41,0c6b4f5bee442587e6f59eff79d78bb08c02dd03b6db46558decc265a98f0016,taco,5612,train,2057,6
2058,27ab62505a8ad1d48e9aecc2a66ae3ef30c80cacf00a094e3074c01314d954c3,a94cc0a03a0859f5ba27d391e58df24eaebbb7405d40564afeaa4afe4afb895b,apps,14771,train,2058,7
2059,6459464432ce3d051786dfcb269230e81e3e06fc86d672cea760807942d96dee,0c65b8617cf33641aa494ac49109e23a77243ab205977330ba728b73fa62ffb3,apps,1748,train,2059,7
2060,44fb26cb22130b1bbb6e06f22ea0ca6c695cbba37c20364ba7d10f8a32a715f7,013e411a952925efc927deb8300b7eced6a48f7b2c0f0c6b3054d48b4afecf18,codecontests,4624,train,2060,7
2061,b9568969740546c863e142963facea2a85eca0ba2e0289e26b998f2e69fb943f,6a03fe6627adaaa4e1efa6b87206244ac1c28670ffbdddef7e84202f80ebde80,taco,16232,train,2061,7
2062,b4c237f0f4a8f4dcc48e26377a01580776dd17e851c40f74a9cddac86034ced9,c486f31a30fdc9ac012617e5537171bfa2c192846984c57a357deecaa87b5ac9,codecontests,5880,train,2062,7
2063,b1f46169b8446f63b087ffff7433c6379ef641e1e09fef6043af4e6f9e7d10ac,23e9a7569b1e3e9cf627407e55caa4be492ebb6cd44689a864a602a804816f71,codecontests,1840,train,2063,6
2064,d079ef3cfddf7a8c6a53d3df6ce232b25111c74ec608cb1dc77789b601bc0642,44a33ab19322025f17901d5a9aa078fb53d7b78dcf504f74a3b14380566f735b,codecontests,5137,train,2064,7
2065,05b0e9b17d017857e026396d4601e59ae2ac428a23225f4558c0efcefab2b191,aad8dd6d824054ecec9d2fa8a2976d0e5d5575cb3754bdd545ea0a6dc2f3cd12,codecontests,9823,train,2065,7
2066,31ae956b4ccb33ba4d8e2365058ee8f15fffeda649eb722ed9dbe5ffcc4d110b,ae7761ef884c4868cdeaa9a899f4f96f36954632ea0624f321ce4445ac07243b,taco,14688,train,2066,7
2067,3bceed7b8597e0743a69ab491c254951b9a2cb73c65659813dbb15497828db2e,4282c397a59c8a4112d0560d84238139956581a9072ee669f21f1170ab1b29ee,taco,8878,train,2067,7
2068,dc3aeee05fd01aa905300ac6650790b2f81de0ca31e2ce123a620b4d69525bf2,b51762fc2ac763ba4fc36456768cce6df7a68052402b7c30636f0f4fd29162ad,taco,8230,train,2068,6
2069,d8b9a9f2143d5941d719af2113f841bb684ef90e229995505f78cd7b2e5e432b,16e7c37e73e8c866696457605bdc5c256d5d49129863dfef59d193288936c604,taco,3261,train,2069,7
2070,99cfbe13df61700ee86de6b921d341b9c1ad5adbaaca465966865be116e029c2,20035c137fa080a3154eb4e980c083ebba43662b439b8314cb69edb6f7ce8015,taco,18463,train,2070,7
2071,e4f7269d5c8e0ad641681093b5b961d8fb42bd8f3bcf1c795a2bc0b4d59c5458,a15fcb5ad22b1cfb015ac46014333e8894cc7a4191017f2c22d77ac9332eeeb8,apps,228,train,2071,7
2072,4731be74c0a2ab22826e43de7aa2c6783691cd0f4b135fbd6b2868ab31a924cf,38777c6d94dfe38e051e21a0c9653d80391760a7c25a12b641849ce628e720e7,taco,15329,train,2072,7
2073,d659016532e217abf5e1d6d2e0ab30e3008b5f3e67f3466c6e0273d1b2098c75,91792575150921fc570105c2d6a93c77b94c9f05f73af7dea014e136a25e0685,codeforces,3070,train,2073,6
2074,ef08f39079d2a5b701f4f9d5ddbb6a55966d3498e93bb52de958d69a4a92ce00,01e5b1728181df5b26d96e8359a6a229ba0ed1b3c9c5f2c1033aef024ea85754,taco,7449,train,2074,6
2075,1199017c1ddb6f7cbddea8010124a512364a3cb817695f832be20f16ceae6ec3,9f19994735d4c4dd76aa9cd58c29bbb1469d10a51d62cc8fe82ab2363d051d96,codecontests,6111,train,2075,7
2076,51477040a97de04019c7d59493372f11f78069f4f73ff566043fb729e78b3826,d84b9142c0c24e36d1104fd8ec8830c271ee172e6d4890b091ffca7bd714ec06,codecontests,7655,train,2076,7
2077,09657e32376bbd82b5cb7b37f6e344438d6c3e79e81a23e1b60a9d21537cc9f6,79bf92c32fd8a5c2f2bb37fe804c1fb1367b2be917d19b56adbffe393eed1774,taco,16333,train,2077,6
2078,f32788fe9e52d72aaa6133eaee214bbac30818e4ed8723bf18b8847097ee451c,1fe6b7f991d7f20b77c17b90531227cb46917d6a8fc7ce2c875b26590571cae5,apps,6013,train,2078,7
2079,61a015236b0b89e4ba1f3831252602da75ac3e1057459e54bb03f2f301dc2162,ee515fde0e07e1ebb58761afa7a97732b9ed8f099762affc9cb8d6e7e2458d5f,codecontests,3842,train,2079,6
2080,dd91b2416e1a047f6fd57cde409792852cbf812ba6f92e39b0914e0a9c34e630,b8025a8425579d8c90bb1a8d6bfbb897b43dd0639a99b27e9114cb402c38e111,taco,15768,train,2080,6
2081,3f0c7569d9e67e6fb29ef14ebc852aa5cd50ee80c54baf1f6ef9aacb4a7cde33,b7ecb7023e705caf7e7da19970cfa38bff100d62d9a14765eafa201b8edf5bd3,taco,13216,train,2081,6
2082,7e5754d034f9bf6db47501b221487c85f9e1d3aaec258896da27c427e7d8b43f,ba2213dc3bd4b70ac759c44a80efbe51d9dda117aef74dec780ea2e91a7078e1,codeforces,4550,train,2082,7
2083,40a0084d84a93a31a743bd68c3da75cdf7ce320541107a536e8d308c694dcf4b,7f5c34acbb59eb3ba9297241b76dc462768528081a5dc96760de421646df4685,taco,13803,train,2083,7
2084,7899042dfd257a034d941b21a3fb95d3e5e89ab00c511e474b1ec804146c665f,a0a73aecff90661fdf82bf1359c9ab358d67594ecdfde85380984079a3434570,apps,16031,train,2084,6
2085,8c8c5cf3056e0c48b67f637199a6e3cec4e9354e40b86f2609f03943a44ce156,f522ecf8182f8a8339f9162fa3fb2d877efa6ad8f02428374c45b3586edee380,taco,3595,train,2085,7
2086,929eb8c5dee53b68e6c265d0fa7db90bdc8e120958a1408a759177dc35bbb26e,b6f7865a9d25e57daa1f600d333c267dd3bbead4883cabda603f171492c91f26,taco,5492,train,2086,6
2087,bfb3fc66b600dc0bdcddf84fc2cc81042272c0b23d9f2d63de7d728af69c0a0e,46a56ce1741696c644e06e170f6a16550418028dd4e44236734632f0b306aa30,taco,18562,train,2087,7
2088,04a7e6e9f945fdf37cee8611dde065d24792c239711ebe16f60ba8468558d3a0,cac33d9fd0fe902203563c2403323624710aca87d3181deb9a1ed07ed04f09c4,codecontests,8051,train,2088,6
2089,41bd9cc967a5cc3c279dfdc2699009a3fd0d16aa6eb07c5c9975ff75256433df,3f116395025662d8a28c50cd74a296db6faf30aeb265c177f9859910d383738c,codecontests,14439,train,2089,6
2090,5d60959e874ece060fe1928de5af5f0445f075b2d667262d29c4e2c1a843b533,d953286b098135844a1d45eafcb3863ab428e8d060c70eadde39309ab524dc30,codecontests,18314,train,2090,6
2091,f0049ad670b0b8181a6d55f4f6edba85b5ec7486eab5bd79a35a9382722e9892,69940281130eb0aba2a23daf91e4cea61b5ed49cefcd783de6f0bd08cdacea08,codecontests,11002,train,2091,7
2092,071fbd14547dfe72d1c7218fcd9e39ea22486a011692fc25f144599d67c331db,2849ac4720fd1622c3235433fb88ca56e01e00a8143c8785ec5dcda37f800447,codecontests,13119,train,2092,7
2093,27f84c4d2b17a5a461ec4d0a634f2f36845f348b8f0f7c3579ae560cd043a542,0a09a2b74f52dc0130704e2c9e5e94e0eafb542915ba5201094820c215203ae9,codecontests,12251,train,2093,7
2094,abeda60652be4f0b94628ba61d042479db58f0c5b432bcaaf0dba5d4916dbc0b,d0db4d8ad75ca7c3f1d00a092848a926172796738b81e0c11562a47446021617,apps,21093,train,2094,7
2095,d35832f020a63f869631ff798b0a6f8363dbb7b564f23911ee3e8153a97675e3,6cf7f2e068be68a6f0010e52242520d2a0e4892422752a578cc8b75531a4741e,apps,9597,train,2095,7
2096,5e35e519cc6ba208f32f2a72ceb615aee16b2b340b4b79505b153a6fe7f0eb96,900fe8d1f527e65358e40046cc0a3dcf3173db6d34af087afc35a357db8cda57,taco,5693,train,2096,6
2097,4124f4b5dca05ad613bef47250acc3af49ab970499402e06fc55c54c5aeb484c,0f6c69cc13a654708aaf8002f87dd65ea5de39cdc4428d08ae3654fc0069ff0a,codecontests,6236,train,2097,7
2098,1b87976451281e6dbe75e6c93453e037e638177337910803bf408a1869746e65,0af226965a772e382929057609ac26e5f33802864421a52da7be9090d00464db,codecontests,1049,train,2098,7
2099,92bc06b96302e7f2bc12c1fe1c8a8e7b1aa2a8cbbcd256064ff96678163c332b,fb5bd0a96e64f91ff62a8b2a4f6d615796bf3875b4ea965da768644e249eb350,codecontests,15698,train,2099,6
2100,d771cc8cb52fc6cd645b6ebd8a9548b4080b5a1e9e2145a8efa30d7bac1d283c,b6a0f13fa0e1603864b54632371c6ca29e167507c786f6cc2b2ed6954f11fc9f,codecontests,6799,train,2100,7
2101,0bca045bd3bf4d4b79f89165c98deacbdca6f17531e98d59d0eff6ee3de253b8,a35235a9d2915d9d2818157d92c52b0714c06a932c6cec0e41b1f5eb905778fd,codecontests,9149,train,2101,7
2102,021284db1f2f85338a69ad1086db60dc2da0d3e6e661529c17e47ad6ec0b164f,231324663628e63be19f99f5a0f032f20785f03cb1f3341bb6fdec0446e025cd,codecontests,12118,train,2102,7
2103,663816055354ddac1372643299829b93f73c9393aec0a34c048adb51a878704d,d99f65a375609213cbc54ee46b623c54dd036b180c4d6fd430ad92dfce067086,codecontests,6658,train,2103,7
2104,22180d73950f88421e2cf772298bf7e9e1c2c10783a3c32199fbfdde4c5536b0,e442798289a8c0d2e4599ba49998c7ab9889657d063bb78740a86db8e69d43fb,codecontests,11712,train,2104,6
2105,0312b9e7f34fe2bcf0dfbaaf492c73c323eee42c1c1acea71b6424f2c3c0d8be,95be9a603e733eda3b51d729834c8d00c478383ed5f842ab91cd52f86841ca35,codecontests,1997,train,2105,6
2106,ba58912f224370c1497d9ae4216e692629cdf45584769b61b492a23b3fcbe7ca,c3fecb34339f9207414cdf6595ce044e37ca754ffd4d7289ad93fc891eba63a7,codecontests,12995,train,2106,7
2107,250a3c7ae06a8b694ac12327180fb29b1eb93c09df081555f48d8acacd46445c,9036570c11701f2f22044a47dbb152c64921982cca8ecda07188df025f98bdcf,codecontests,5755,train,2107,7
2108,931a546b68cadd566de666f78b6556d8a4b6012202f29774f33f34ee0ee78045,e3c694bcdf4c99c94d3a8d34a96ebe4e855c5fab9dd42fe2c8e6863a8f69f361,codecontests,14478,train,2108,7
2109,b705ed830efadc737cdc002ab50709a8a0701b790225ab95f818a0c4dda88bdf,2b1f0bdc5c35e9bace08e99a3f408db3c90d115a9b1997f449dc8edeb6b6b22d,taco,17526,train,2109,7
2110,f3098178c47ac3d3d12128fda304e0aee0a8b52165ca008d741d6b0adca0d7c0,4bdc04518bcec615763b36669b4eb04f4350fa72a462a654350148a52e59d3ac,codecontests,22300,train,2110,6
2111,e0c93fce1cac665d91da0be7ebe04559f649425178716f64a1f1c3198c7473fd,aa3b97caf838ab36fede7ea912e5b776cb6cec292f274726e07b0ec11a487ad6,codecontests,342,train,2111,7
2112,103a1623548f37aef245a9eaab6da7e9874b3d95f7921bbb37fab96a3316ab0b,2877add6a1f4b91cfb92cab836bcff05786d0433ca981633ffb34f1961c87acb,apps,1783,train,2112,7
2113,7c27b54643cfe9dbbc79003f4740b3b9d69f4c71daa5de224ab0335df307934e,e16037eadb6b3701e3cda3db7a78bff88074687e6f26cc4227b4317ef3027b2a,taco,1102,train,2113,6
2114,bd654f2f6ff09eb4917a4dc09d7a35831579f954825b203217776e3b6b7b1e4b,185d0c197b5b07034796f6b9f2eb64c000ec5c6be91a8fdd8a077753c1042279,codeforces,15530,train,2114,6
2115,e5f622e6182df4ec2345985549c921f3f0645112233f3971efed5ab1832dce32,09b803709dd23d2532f9e0b2f55b7a0f31ec58a79dd07a4ad19c71fc7f88ff4a,taco,14026,train,2115,6
2116,c9769ac4caeca5ea5989d50fc51f799a47ecb2103030f2b33e19de0abd61fb3e,8d1da9d95d2f5a7765683d7881d4dec3d07b28417c4d23875ee078840761ab6b,codeforces,3913,train,2116,7
2117,e624da702a63cd2fcf24764277459cbc2b7433d6d0e294fa5b41f7822698c735,dd13e09b4f504c8fd376a06a369a7a0da7661a903b025bb2110a344c47565264,codeforces,5716,train,2117,6
2118,43eb47f4aeccd03f5fcc0665d2d5dc9316942878ccd4ac8562ef823fdbb454de,458026e17e627aca3c39f143ac00c3831e9b4450a0779d98774399579a94ded5,codecontests,8806,train,2118,7
2119,b12391f5114f03273c10b583ea946bea1bedb043b92482e7d7b3d50cf7fbb45a,667e1c03e7609747ea80c40d28970880a3d5bbbd689c514c5cca72d2240305c7,codeforces,12127,train,2119,7
2120,93bbe070ca119b394399b53db623c32330b9d95a854c7201636c329b0580c0f6,c6b418b23a3f2b3f5efce93044a52377cdec49c74f6e6a91bc5df5b3e40200e0,taco,4084,train,2120,7
2121,ebbed24b3ec5f20ff0449cd1507ff26b414e5ee8daf46002c2a731059d711ad6,ae8fd211efaef9acd4d72f2385a5d152e91147073bcbb7fe399f891d62b0a259,codecontests,10282,train,2121,7
2122,4b16c1fb9489be9881defbdc3d9437fe5bb391d66ae29aff9b144b074c0817f8,8f6d69d8e271f78fca78d3d1244e74e494e115f393dc25b809bbb9a7566555cb,codecontests,17396,train,2122,7
2123,dba193e17e9edaa807dee475f8ac6d95db2cce0dcba16a0e380f198ece8ac2b1,b64c6baabd7c2f60048b5aa4e41e27261d857b68fe5b6d8ea3484b4bd8a295ec,codecontests,5234,train,2123,7
2124,ecc1015cd0daf4057f9be546c1437cf65906c3dc07332ad766c7352fec772c98,1a2fcae3f53aadc9be5a8bbc8e97a9976b1cfb8451cc684ead664a9fcda4a0e6,taco,3128,train,2124,6
2125,465e59b58d6047614c0c432e075c52cb73bc6d67de5277f62b537e557baafb3c,f3dddd4f42507e0a3a8974d43cce9ae881b4b98709335862cdaa17ee12fa7bb0,codecontests,13391,train,2125,7
2126,dc2494e462e578d14a4824327f773ebc321d28e460635d1e830854514a90d55e,532b5b8a42d82ad8d80057570f9cafd8e909c99e0c0e573b2bcb88b5f26e3d4f,apps,5056,train,2126,7
2127,5cfa2962f683138593ae42cdd9268514096ca0cb7fae85dc739e5753a6b109bf,829e7771d3c8602de9e4d527a8dc45028cde555f2d84ab389632579c60c7b580,codecontests,1219,train,2127,7
2128,327e02d6474cda0874fdc84fbd670be4065ef27c16c667573c4a7911d9c423a5,fed53fded1d904b0b1ee5e0428c27dc3c6ae54df160d1bca6954348dd819d5c7,codecontests,755,train,2128,7
2129,91e597de25ada63de8e2a004daadfcf4c3064919a30b37291a56e6922db0d7e8,87bea63f86dbedcb4e4854f727ffd3480c0dedc194c5c15d992780e29d4249d6,apps,13192,train,2129,6
2130,0c9a9d78445cc5ecd69706350df049271d84ce11666060ce6e88203c5bdeea24,e682444403b536675a19d423abce7e4123129713e81737635f9e74ec33742117,codeforces,1503,train,2130,7
2131,084ad66920946ea0247025b1adf13abf07c74e6e68929a601ef8c6887ece374e,3f1b661535e4cd8bbaf9a03752ccf1268c5c1a8f0d3dd5c814137e404ef9f95c,codecontests,12220,train,2131,7
2132,67f83293746c38dfb1cc21f0f087d40aeee3649bb6591d0dc23d3400caea1288,a75c98760c13f7185fe54602907aaa5ef0f359c1e977441afd0dbffc6ac867cd,apps,9279,train,2132,6
2133,3caa1f39d103704a36a74494c830b04f13315d48b5641bd70682ef6041fa32a2,c359cef788fb78973872b6380ee937915b790d8df9c491ed85eda768d531834d,taco,4251,train,2133,7
2134,de6301ff4c5c7d6e60e9f7772e7cbf6e98da2e891d5d5df0e682be776530d45d,18fa6df351a097b79eee969d6cb0bca0bae5ca52389695325fa8724a3127fb78,taco,9194,train,2134,6
2135,da7b2586eff7532d102a1314ebbe2060852e71ec31eed90a6273668a69830c06,861f62a5a3c392da6e6e6eb9518ad5aaee1db97660b6fe779fffa4bbd9ace529,codecontests,17200,train,2135,7
2136,080b930f95b4591ff5669e2c8918fbaca2bed50d68d05ed66de75333d90f9c99,b8e4bf5a470fe1aeb6b2869a9ec54e761ad026cccf097f912e455cd146643450,taco,10208,train,2136,7
2137,ee68eda8632e6b1ab896e1ca338926c273f65daed89839192ed501677c2c3121,09b296a241c931264dd2846f2a0cfd0f0e2477748fea43cb109bfaeeb86315af,codecontests,2084,train,2137,7
2138,21da1e19dfb049d9e4654be0a0d8c51266c73e304a46d82c66c62df365864fd3,921069744b7149af0b231f0fdf94afb11e9bd7b98b789c8901e69d8005f39e54,codecontests,8407,train,2138,6
2139,59ef374467eb980b7873fd77ab974c733e774832a363e6c7d79fd866d4b6e33b,29c2ec246f06a2ae24dcfaa7f4b86500a83d7634c1558998f3e4607bd02f8282,codeforces,21545,train,2139,7
2140,df4c7dac5df154f442ccc6f68a2d4ac0fe61e55100375dcd02d4527dff757e49,ed3098da46dcd13e34a525648f60e689499ceaf5760579ba48ce5c0bc8efb6aa,taco,21769,train,2140,7
2141,8a3c83e6264e65612fc0ff5696096b9964cced43e08e43885538ae6eac3557b2,038d2611cbb368978ce3c5c7590132d9b153cd20473eda45d6d60d9bab9b153a,codecontests,9292,train,2141,7
2142,dc17d709fde16547e88ac93370393f03cfdb792fb2603c8c21db31d96c22e8b4,f89fdda56b53a91ba14c560e3a5fe8108741dab1c441c0667df711ccac6d4f19,apps,6688,train,2142,7
2143,323c5c6e894acda9e7591dbe25dc299f2b21ed9210dc229aa18db016ec6f9b65,23b4d1873b606d7eec1c9ac720c695045c804003d7945d8e5ecd2344e2287bd3,codecontests,6199,train,2143,7
2144,1704b1f972ce0ca610b4b2e4c79aca1bd0205473d2d906363d99c30c7f17ed37,84bf6fe99c53bf53927cc7271e3c2a07f4fe40187d160b73c6ae9e0f6a939dfd,taco,11748,train,2144,6
2145,6a2bd2d4f6ad1259dbf577e2d237d87524b970fd7758df5c73a7c2ef4004c719,f118db6aedaa5fc94cd45ae0db6b0460352879c469bc8b07d036ef1fc8f8ebe1,codecontests,21733,train,2145,6
2146,4e599b9024d9575ede812aeba2d30c3a9c0b7b97b251640d2ac4f0591695fc6d,2369bf8158dade7cdf41aeb37c00318f15bdd20fb2215fe90447629217e8c886,codecontests,8507,train,2146,7
2147,584664ff83bdc7247b645d8c71368cab505d31872a846857ae9871afdb97a665,31183fb6f812e4815298cb48ca82e1907817e05975f02a74e5fd7be636bf3651,taco,4685,train,2147,7
2148,d6d1f47e97ba712cc853de7a76168cd293247f28d1a494ccf7df7f333552a881,368f472d09dde30a5972e489b1ed68c96b91568306ea1e4fab604b8dc080a05b,codecontests,1867,train,2148,7
2149,a0537624530d83d85eefeba2e40d832a5baf92dcd407d859611d110ad3e902bb,1358b57bc8075a713d891da3b0b0c5e569c0d9c8927d56431a228a1bb7e8dae4,apps,3050,train,2149,6
2150,e2389f2d6cd6425f5a11fc551de8001b743badd946910fcbd92554d088b61b68,c433baaac76c7262c2af421763461265b6161bbc2e437fa2eb524cfdcc4cc752,apps,19442,train,2150,7
2151,309bd7d1a69dba58f8bd3c9082467ca6e258438ab00fcc971072c7c01ff4d8df,6fddb77a5278da49a6ffdbabd78e3aacb1e11c101077a0646c56dca855027830,codeforces,9356,train,2151,6
2152,ff4b1937aea9d132deaf3f82e7bc2e39d59e4b3e4b0f1812add006ab5b2685b5,acb8a8614604979d147af58aeef424680f4bddea86c318069cd40b70a5dc82ff,taco,20764,train,2152,7
2153,a96bbf2bd1e7e31b62f87d38d48bb2c29cb743ba601efeaed9a0cfec5d6079bf,e2c7840c1d6df75cbc24d2d9d0d3db8ca825b2633bee13cca2235a2e593ed2dc,taco,5867,train,2153,7
2154,5da63ba323a4ecaba303023395d367c2acccf487eab937627f990be9e1de8d17,fdcee079d94b9a87041a537c8fc14cde18388ccaad40fd5247b8aa3c97b0f7e7,apps,11663,train,2154,7
2155,04e36ed5ef012882d1bc87abcf12b3095f3feea432cfa493510a7da5050c84e7,5e76174f18c5eeb661bb2001653cf793ad1a50438a37bc07d97b8a6e5adb1f3b,codecontests,16557,train,2155,7
2156,62238ccf5870daab0e9c65b0955abd160360cfdee51dd1bc2b8e5695e3585572,873957d17d755bbd90e458c3edc86598864b6a261567fee9a0c8f87921b251e7,codecontests,18708,train,2156,7
2157,ec0abb33d3819764ea2676c90f4413b6099345774490d71533322f0d4cef8341,e4c0b785d6afb8c45e1809ccefdeceac9be8bb9601861e171787d282f58f9ee3,taco,19667,train,2157,7
2158,67a8be1bf1b8d4cd2117de9ffbaede16825077a20effdb5b989adc7efbc97111,a340d897270c206fe8fdb5f400964f919daa8738ac5ccab6d95e4eb21bab28d2,taco,1241,train,2158,7
2159,c514fdc42ec54a369c0fa14fec08f0c75c3fd60fee0b2e00cb5a35f8a0bcbf3d,f366a8610b0f925253b24d47de2a80dbe137923747e9b5c6c84a64f1f7140255,codecontests,1916,train,2159,7
2160,f06a7b0a4795022eb8048f8a3157dc106f36fd6e5adcd117087f0169546e80b3,5075ca934724001c6706802fea24d671629c84ce06294340979023455b941ba3,taco,11828,train,2160,6
2161,e16381cb6dc0ab6881370755695c58d82377a189be9b282d4b63f38d203c88f4,dcfceb7f3354eaf76fa2643877014dfa95de2502f199bf61c52b6912ce7e79ab,taco,15285,train,2161,6
2162,ff95564d0d3a14bee045254bad65edc3006a659ed19f3060ca6370b528f79304,d00a90c1931074c78f9a02bce6e36748f90db071f49ca21bf283c4bf244ed934,taco,16399,train,2162,7
2163,c5c5fd23ae73a947ea0db536458d9ca5b7af2a2721d8aaa0bff046f85c7a92ba,fe870498280abd3cfc4a539cc52149f64409552f7ed8e176cbb7b9e9036c506f,codecontests,10150,train,2163,6
2164,cfdc16f187de947cebadf5fe43cefe455cddfb429672a68b5d6f0170acb8b4d7,d49ad6e8354a8aa23c4b483b156240d779ab519688aa6980e852d71616b097ed,codecontests,21772,train,2164,7
2165,ce1b85c5d65012fc218d47a071ae785ab7cc3d30333c8bb14daa2e38914bca99,87f23aa1a89e0e81ea320cf8259ac180ff04ab3e670939ac890c40bbdd6a5596,taco,11491,train,2165,7
2166,bcf9c879f6507abbfeab5cc75a15458e4f3cfb89dfa634cd9e5eef1a5dd8bc64,18e3101e9b3de0aa5bbac39142852282d6651414b7ecf3baa9f454578e097db2,taco,14722,train,2166,6
2167,15128dcb5cc322ffbc7f76f6c94be2331027cd4d56bedd882539c9cac45d9883,d08190db0de45d17b188eee7ecc822d48f6ae5ee7f6d289924af1e9b57f8dba4,taco,16606,train,2167,7
2168,d851f525fb1304ff951560d70c64c5600fc566005e4587552792302a4c2a099f,5a8b7519ae0d4bc6468d97d76d05af41f26d748c7613ed0aa5741c601855d331,taco,20782,train,2168,7
2169,a1501918c7bca7b805b25db754ea99c2afeb0ae3d59dee09b298b6a1131a480a,e701b3226b8ea2861294463e31803c8304373f3d611db64a226d73c0a2315794,taco,3163,train,2169,6
2170,a037938d7ed5c5dbde676bbcdf0b9dbe2e242d0821893e6c87f8ad97a2fc4d92,728334d9420f95e762d9f6c5ea1be7af3f45f35d0665be2d215c1ad7ac295b5f,apps,14659,train,2170,6
2171,c70b30e0ae73d2981b9c3f743d541d1dd1ff6ef07e6b59850a74ddc6a3a0006b,68309329f586e592b4730c8d7fa950a0de3f079470111390ef370fa973ba431b,taco,3826,train,2171,6
2172,aa39242d1f3fcec630cee1c57419fd39496ac9860030b8e1aac3e547a4494875,98a1209fb8de7e22f43e5878d014011ba0cbb451272afa7944235e2160883883,taco,22564,train,2172,7
2173,915c3abeae83925e1717f6ef75cab15259f976856627e06e4d6df944bccfc3cd,950b3361b7574329ab981a7ca1e35e12e4fbbd029d6e7730b0d50db426369b42,apps,17747,train,2173,7
2174,b2fc6583564f7b5c37eaa6a1d14e4acd0d03ceff8bb461b3cd3b5575d286ca40,8f4134351a56fd49aee2e6cd6726ca273355330c72d82599b13186c4b1d31bdb,codecontests,4667,train,2174,7
2175,8fbacfc188da7864716e9711d506bd6541f6ea2a1c2314bff0fa362fc6c336d8,b5ff79824b8f7eb40b93f48db4db7cb9dc6ccaeba816801ca1aeefb2c1e4ebeb,codeforces,10896,train,2175,7
2176,71845db99957d2cef13492d96a4341c80f75178f0bb3b27012d529303a142875,a639f46af8832379005984133884877ffcd2593492c9407b798fa6fcdb56395d,taco,9305,train,2176,6
2177,687963db3511de2f2bc18d45962b06096e4a5930b951cded01507d906027962f,1bf269d61a8a651308283d138bd821769666539ab34216114b114ac3f597f0e6,codecontests,4593,train,2177,7
2178,2d3029b8c4d0c4d7a1fbde7297a13207659ff4c9f37cbd050309603873ce1a47,0d6d1c8e18c575cbe8fbfa410d2c60011814837e83fabdd13ccab4af52a9e198,codecontests,5692,train,2178,7
2179,f010a14e27ec632b145197a4a2a55e8099ee6404a7426d9172dfb1c518f3ba62,0afc0e9a3798f1b0cd45fbf9dba3572f37e766acba70cbd4d4090dc813a3f45e,taco,3493,train,2179,7
2180,1c165f797146351bb5b59aee56195177376af1979e2e8d538ab7882c5722c028,48788889b226535f5bac85ada5d3322eed134c8fb7c797bd633ed1bb52dd4885,codecontests,11765,train,2180,7
2181,f4ac183a67c021294719c48683b856d9fd04bd956db1b4115280b7e32d12bd83,deb242f3d79af9173b0f44537d9ff155da7d79d8f8f8fcbca6a7091a61f6b4a2,codecontests,20892,train,2181,7
2182,ab5db78c62c4416cbd1fb42a5c829837e7c135acd68535f282d858fbddec007a,977a1b52287228b2d5400b5bc56cb1024da8b534d3c6d9cd6602d134023a1998,codecontests,18207,train,2182,7
2183,6c2948bf7554e7958faa510c554ab3b57eee256b30c2bc504122bb5a56356d96,d5762abb5b8f5db4d3ae20ded6c79b8b0b389f15983a776c79b1dc196b7b58f7,codecontests,22400,train,2183,6
2184,2b213d27a09b560e3a453a18b3cf9d3e8e904c1ed31b4a3284e40341142d4b26,f5951dadc090bd827dc715d5b209e6971e90f194a2bd95f8ec36c447a2fec6a9,codeforces,8814,train,2184,7
2185,c7ebc3ddc0b97b9ee698156989fb2dec5a3e38a74dcc80705960af0bc040276f,6202abc371aad2cc7517ae2e9e042a0cb6516a447bfef8d2e9ab650194f0017c,taco,4816,train,2185,7
2186,82c0c3aedd1bce938048ceccea6986f6204c95e247b291932aadbeb8f306c5e1,eb26e49ed98e6847993b01097142c9ec2bcd16483c0b47ae05383e4d8a3e718c,codecontests,16932,train,2186,7
2187,7deaaee9cd5e5bfb7ee1ce808d408401f543951349248f5dd49b01ba3bf5d4b6,dad44d1c068179371acf2a5a5b3cef8d146b229f062f35c7fad507abadf8af80,apps,6415,train,2187,7
2188,66dc42366472819e251f3f9d7b0014954b78e9c192282ba1c9df04d30eb7a3c7,b672bed6df87d3b7988ade84b77adaeae64bdf0ecf4c08f17e6749ad19ddbc74,taco,20626,train,2188,7
2189,d439b87de0d36eb00c8126875ef3243ba2eef5238848e4b35ff686c00a497b10,cf579f997948d9ade01774bea373918de59c3583e3b59456b342e62780c2068d,codecontests,20839,train,2189,7
2190,1bd9208cb73da13a94cb5ccbcddb7e132909e8fa0199a9e9c207a2574b27611b,aedef4df382024814949eeda2878dead920905b9f089161d2c1ac01707e19ee5,taco,9930,train,2190,7
2191,254618160022de5b8b0e533b4cb805698cfb43953e3230adad3baad6026f65e1,6738a553629761b1c1a69b670eb9990657411acbec37c2fdcef58115d2a80cf4,taco,415,train,2191,7
2192,faa18250e240e7d32ab30fc22511028b3e1c786a2df84943ce282cb4f4df0905,a0d69f18b0d01dca690bf280b5ce11339149e3473a0a29e28d69f4efd97f58b0,taco,790,train,2192,6
2193,bd9b13b8b8689d359b17e0e2255c93260a3d44ef5cc635dc76b5972db1d0f062,7db4750d368b84c9cb93c9abb593fc991e53e39f269594fda8ab0c69dd6204ae,codecontests,7066,train,2193,6
2194,8d2410af4cb992260521b50a10041b33965fb59c50f8bf8749123fc761fbe686,653bd0de8c098d1abc9c0be1c5be8427b19331113ab4b8696d388ce9c4699fc8,codecontests,4318,train,2194,6
2195,15aecfc08e1dfe14cdfb97b17b840f790467392871a7ff103ac564ca29c63cb9,a04f9d58cc6bcd254f9fb9ccf0ac3c71fd42a0f5beddd158052ececfe40a8866,taco,16396,train,2195,7
2196,e078a6a0fe0f9f5be9c312e58917d713b5aa4caa097dd86d8688fb1591fd0ef8,3f34ee75ef873f3672bb34c2456c1e280bd3a1f3db7560f4d7d55fa095589915,apps,22555,train,2196,7
2197,7e7802a30cc1ec340068056fb0a418bb4da228120f5d57aa7dbb8f10dcbd1f80,0e463cdf46d5f41400031ef72ee55756c1eee34fb9f0edc10955b09a46dd92be,codecontests,21519,train,2197,7
2198,c9ee5c8fb093ec8d8cbaa6aba9f770644cbb65bcff5ce8dad061030b72eb27ed,49916a96b22be96f5a15b9e0fc180dabf5c93b47bf884a8b9a8b0f029379013e,codecontests,15162,train,2198,7
2199,13f51e95be6a71d0a57dbd81e9e67557331e91ed3ee7290f578dcb3812eb10b5,fa895bebbcf84f357c012e4d861f750740d462e25ffeee2fc7d90cf794936ef8,codecontests,16265,train,2199,7
2200,4408a7de6ee6576571055693375021dd261a97dc7ae391313957f45c756f4582,562046ba968ae9ccc25dcd0f986b8f17e6726696b0139a53210b240cc3b260b3,taco,15079,train,2200,7
2201,6c4a2237e9bab47ff03714ff7e7e078dfd4135ed1690102962a49d4b9099db41,59ed680329febdad80564875b005db3951f774a800cf70b8c8c9026294934a42,taco,11553,train,2201,6
2202,672729788d389f3fac628aad738b61c894679303fde1f3d8ad88d81901a8b0ad,a9984b9456b652faf9d33ccbab1ebd3978e5975bd0b4d71f86f18f5e28feb6d9,taco,8091,train,2202,6
2203,bac19c53bccefb60a54fdd7f10e03ddfd8ffcc63cc28d4e57b1713eb14eb997c,81ba9cdbb6248336712dc4432150c890b3bdc6534506719ad9e4dd7286033330,codecontests,19315,train,2203,7
2204,992184886f436d38d769b7f659c32de8bedafe770a98464aa402c8a5df3ef27c,194aaf36c01e979da4ebe3f475a25ff43c0712fa63c21af439320dac846ad7ce,codecontests,8061,train,2204,7
2205,57a5c61bac895e69da1d68aa1e6f8929b2699c81234aac1b99a90320693eb9f4,1888deeee2380e416713d69c84d0b7101df4ec5add037c17e8e25a19ea5536c7,taco,7721,train,2205,7
2206,b3c1e5fdfb838b796c680d4e1d693650f7ec1968dc675c2ce7daa410341f250b,319f7af25c536ee7bd70b81d475c80128db08cb64f9ab89ae9530d5f03800e8b,codecontests,10679,train,2206,7
2207,5ae6f8a4fd0249c9b82a131dc73a479d9d5dcbf9a253c1128f05ad21e90406f9,8de8acadcf7c1db51fa7f68bb1ee49b86b8bf76af3dfe3fc1e92d92e02afa626,codeforces,17351,train,2207,7
2208,bfbff584d26f3e0c259de39d4946f425b581df87a17a4f25e84acf2f21f54f1a,8c19be0746a4ee4ee59aa7208b1a283649f02920d53834e8ae4661e4b48d009d,codecontests,3805,train,2208,6
2209,5c0c280801d8c9dbf87971d27640195beee897f1c16df10f33d5fd6cd16bb77b,6febd8eaf34c84ac1a50a917cf5f93c823bd054369e9e977df89fad921d96bcb,codecontests,18747,train,2209,7
2210,5d77b4a59d8388b21c25e468c464f2249eabf41607d8539ecd3a0ef9916b204d,9cd00f3ac284f4ffbb0ad1205e17df625d6aed12e866fcd95905de11169cfcad,codecontests,15237,train,2210,7
2211,710ba4b650e06da4a2d9487d985a764c4c6936bafc6b699b622700c843bd962e,ad0815948da3e624a22f245f5182e1e1def1ee8777cd6fb9adf70dd46759e20f,codecontests,22130,train,2211,7
2212,e162f636fc8dbfc79dfeebdeb009c63a8f210242f24aee815bde7833502f04c8,bff69adeb330bc2f959cbc6a26c403048d7be66bca5cf9121066dc031146c48b,apps,22372,train,2212,7
2213,5eb17274673fe6794210bc3af7a952c52ab00108f0f10f3e793c1510628fc531,d1c88d33f7f9644ea6273f5e1e4127ae26824df3ac8cea4c9e333ad0549f655a,taco,11988,train,2213,6
2214,34cf4e450d8f71a9bc67b1904a76691ded3b334df9d8648fa7b81f0ab99f156a,5a5948a07570c5f6e33914b115a56a763a9c2e8e61a63afed06b256d300a3013,taco,22131,train,2214,7
2215,9801e17d4790bf6379dbe57efc061ce9d6c7bdf6ec32fff97f0ad7066b5aafce,3496923216c1b52c0f1e8b1db049858df7412a30e1963b674c6a0fe80fec3594,apps,6115,train,2215,6
2216,e862e72d62d3a88a70e9625dbf6a17720e43571054ab58d67d9e8a6aeb0e9740,75fab175baa3258c1c142fbd680c55aa76f130baab489ae64650aa8b26aa1f6b,taco,6031,train,2216,6
2217,5b45f4093dd9ab7b1eba75fff9982a4b0c1be43294545098e380f3ad7dd42100,8ba03f3e8b86165869758aa4451b1d3e308c2f5f1c22cd5736d4256c3bbcdaca,taco,13989,train,2217,6
2218,5130635e452ab270210c0ab8285804702fbb9982e6e06aaa253f107fd9eee7aa,1e8e9004ead2ee33ced75062e480bf5cec67e026558bcc91c1cdc228fcbf22f0,codecontests,15191,train,2218,7
2219,63a82c51c376881f9becf35436a47685984a6d7f665163ba45106000eb04c716,e2224cf970d78c84f8803e3d80d3ad9fdd92701e9aff3225eacd72e38d3c3b63,codecontests,18984,train,2219,7
2220,9fe7a2fa16b6e6b91c213ef670b7df76fc7b0004d732d1b7034b7386aae51c59,16cced988061fd4ecf2fe8acebe52b178a0dbd821fdbe6704a7657974fa7baa7,taco,15902,train,2220,7
2221,0d2a65a3df408e5178cdf9c34614a17113b8266934e4ee7f2822d2b6b3380ada,83a6e902e42b564291538d33b4d57c4118fee5054e08d9082ec826aead00f9da,codecontests,16937,train,2221,6
2222,0f7ae7c11e52941ff48bd474dd500e0b9e8be1a08fd38925ec1d687f7df74339,f274ef20ceae04d94fd998c18190d52addb13e03591fa20686e68960a2c5249b,codecontests,7538,train,2222,7
2223,be772cab72a64cc08ea13d30eccf676cf0c3742dfea96539fc6b75a7937cc262,8b32119d7dd0a812b94fd8ac007657a3d6c9b52d6e3cb70f5e640b217c8684f1,codecontests,3379,train,2223,7
2224,0b4ec0ce8b9289242222b8c1f57bf7c407b16d055b064f3fff281abcb78c9173,ffe912f141e23dcd835f85d26e885069d32635889c9fa136fc514c9ec120c7e2,apps,19953,train,2224,7
2225,a5142bb5f738cb6e8df9978f9bd39fc7c6f092aa8928ec6a73a48fdc463598be,1543918ccdcd37097037e1842882e818f303f7d441fb20c3fddc82dc94449088,taco,16658,train,2225,7
2226,831e7b52188f3affa106971e41fa149f3e3df1a3a62f9ae2c9d5959f41dd3b4b,49fd9a39b85db25667ba2cc39b7fcad6b94a111e3f36c8fa7afe95f765a373a5,codeforces,4170,train,2226,7
2227,67b77df211d2858569064df0b4e39d0181d0035bad6ee1d849320dcd5db3733b,7ca3a1e2e7ada8e468d1aa3dd9c4c88c972aed233fecf0595a682e137391543e,codecontests,14577,train,2227,6
2228,0d442e143e12b22564bab2a885cee5b4bbf0085c170dd73f9e9781f116c7f0ff,3e7d11cc8caff91f569f0e50ec6993d4961e2a4a3df3ca54d5b96a9b4f842439,codecontests,10851,train,2228,6
2229,73346cf56d634337b1c5bcd2a18c1e2de0943dad0e8ea8ae5089f9bc07bfab61,a2a64a2f733d2f7cbb48ccaf06ec392c21ee668a6635c434a28d84e0aea57575,codecontests,16476,train,2229,6
2230,5d9301cd0944b9416fab0a1a7142551eede35466edb7284796a56977518e425f,ea8fffa25fd5c47e2bdb690c3f34a444a3b02fff2e556d55d760386c9693b5e5,codecontests,2050,train,2230,7
2231,d8070b003447093b1bb59d6b3ffff6585f2f6ec8b31fd62759b0b2665b27f052,eb9996ba2ac982fc2b1e4ec53e3e714f9783c900920f6b335fe39b99f5774642,codecontests,12814,train,2231,6
2232,6e7526395ed261cc3d9077f78f9e69a62dc74a505d7854980215775a0e9f0229,496939e1f82478da7aab201433b8c923bb8acfe9c5258b1c0e458c2e49255788,taco,6051,train,2232,7
2233,c3bdb5f58c493355edf65a5061452846c13f9ca7b7d530f6f5e0edb54dce19e8,c247f8295eeb3c9a2cc543a7a8a5ca6e490b12985d8c53e06ffe539190529264,taco,3140,train,2233,7
2234,759684afe7e76b08a935c9fba60cd6fc8ee66e50aa389651a21b94ccf0c80073,f4ee7dc1f0f8f6a7e05803526e033975bc043c31515df50a38f96e81c2abcc69,taco,2071,train,2234,6
2235,9aa9dc0a63dc051c4f5d1396f844507b4a012c808971b05ff367221f08019de6,58f0399a71544aa149e69743b076d1f367c56e87ab587d2ea475721e6a32bfeb,apps,12242,train,2235,7
2236,b74099ea8f2fd30e08bf98ff40ef54e7332853c854d202581be72a1eff488794,1576bb9212f776eddf6b46815e1c789452dc58029da12b538593a72aab75e885,apps,5823,train,2236,6
2237,7860d2a15328c7184a0898f2f8647a0a89f6ab8a7f3f0f8264dd6d80e944e019,48066d15e6c9fdfb41eec65d50e48328dd01475125ae2e360b999046b8ed3895,codecontests,20826,train,2237,7
2238,a391ee202eab96f25572df49d22361da21f1eacdeb8eb96da2686f37bf0b3546,44cf216b1bea6d959ea26f9bd4cbb5e1248e94b328935d16f81afccdd665acaf,apps,12892,train,2238,7
2239,d223f029d80d97571178267e3a0599eb82c18aa82d8064fb905f9448d130f38e,d8ea4e08b79273afc8248165f8c7ababa60dbaadae28e33d6dd2f3cd33f74845,codecontests,11614,train,2239,7
2240,b27f98aec52c42767d39a089b0778a57a4e470a3788d50f16daef9ce73add03f,35b32cfdc8e54cb8334241991cf096d6f73b2962fb20a28795e374b339456c87,codecontests,10895,train,2240,6
2241,15b81eb148457ef155027a5f7cf6e6f444fab85028c1344cb84634653eaf97ba,50dcbde40ee69ee81fee39b7d806a08e77fc443008f4ab2b68ce3252dc1da7e5,apps,15516,train,2241,7
2242,d4d0e17814b3d0745a8e25a3d956e26d82d6ef890bb1577fbfed29e2056f0360,025395bb48f98a2049f7dd46a5b1ad58b54fe2c399c61c016ddb7f47794f29a2,codecontests,15000,train,2242,6
2243,c762055bb56413bc0fcdfafb50ff70ad338c59a3bd2e47a08c3eca5d8abb4929,600300392bb788180ad01407326a5d2c02cc682eb3710c260641539c52cef70e,taco,3447,train,2243,6
2244,cd4b7a062741f20d7bb7a8962541583f57bb1633f0220dc4cbef5842460ebd97,4ff3fc72557d4b46927d0695123359aaf54d839f371922b2175d5cb9d6b3667e,taco,9160,train,2244,7
2245,9ff505af4fe03976715221b2844535f30c94d7f87a63cabf1556d8b1597343ee,83a14bee832836d220a5ae2abf421a67d2e72bafc6d6262db765285b3eeae3e1,codeforces,11336,train,2245,7
2246,f619c64f4f1c7e3156d45d970c82b9121757ae48366ae2531e868f553aef24da,dc73eb56f9e274beb8f232aea53d86adb217438a4f42b43436e799178763fc21,codeforces,21940,train,2246,7
2247,3a5b4f33d171bd8283ee0fba7b9a65c96b4534bca36699e23e390d35d97d5900,c232aae59d9f01ce84d4626914ae25c70a97bd7e5102fd40fa05a043f12a954c,codecontests,4995,train,2247,7
2248,f22bb85b501a6a9d358a85d45a4e135da59d36cfd9dd86b20772d552aa878be9,d12635c5a256ed238612480a64cb1c2be3b5afbad0cc7765726cae3997b29262,taco,15464,train,2248,6
2249,600045124286b341c38124151ad839092b897745607d1b44a81f5f8905977f9e,8d395909310306e9882aba9e3c1b5c5522d7bb4186bffeab7255de3c55027b38,taco,7379,train,2249,7
2250,334d0afb438d40c2f0c33132a56a1d8ee110171dd9baf48a10dec1c3eb2bd487,53f68dbe92a69efd5fe41caa1e264db3fb22307458249bc45f13600e037d8dd2,taco,8464,train,2250,7
2251,fa846b1c9c6aabf16d683356941fe631dcfa5b8c485d5bca849da96cdc9d61c2,6134c636349e32663a79bbdef2b2a0ae1929c4acada39efb43267c86696b3e85,apps,17723,train,2251,7
2252,846c2c7f7fd61ef6a997039bb940af27d1be1b9df9c758adcb3a737811978477,7a1dcd434be8ec4b1ecc70f858a7ef49ab73329c8ad1ac208eb78b98814c4af8,codeforces,20297,train,2252,6
2253,4cd893a3bad5cbbbe645b8a2eb20cf5d0184e6ae3c06451f5ea33f488171fe34,dd5d9950b53743049260f910b0201f21519212ee5a3dc2e823b5f12e81d6f949,taco,20619,train,2253,6
2254,d350b53a6b5345ddd58d6de7212f3a5547145a4b5c04e5cdc6c6b1e141683a5f,f1fde7e811c03d4a7f27d01ab18969ac420474ba6c27abf2610b019882f75f3e,codeforces,7654,train,2254,6
2255,4fccc12e8886fd06c905de8e25442406af5d8c590cb4bde0dd637374f601e032,a5d5e6f092c61c385b9e019c212299b9c37b1f3172c9da95e0b6203061878e63,codecontests,14690,train,2255,6
2256,4dd2cd16806094d7292d30da6817350fa1b7399f164f1e6c7c3691b61bacaeb3,5aa9959f517badbeae733c5e22bd7b422050cf93fd0001ac1acb29ab9120da0c,codecontests,13200,train,2256,6
2257,e1245ba33d1fb2515ae9c09674f47a4205fef0de3ac1148e4afca9bc75671b52,b8e3cb36efefb3123c977cb306f81cd0281b1f2069a2624b5913bf945f4e18ae,codecontests,8947,train,2257,6
2258,3e6590ef97d1fa695587c2dfe25ab2e51e31fb2cad955fb426ce867c19ae4058,4d07bb72e7f5ec33272648cc4c8a1c185252ff788589484d35f7a50f015429af,codecontests,19591,train,2258,7
2259,4b0ef2bce8c73c34415887e3e56e48a84ff528a2ebcd90829aec2dcba70b675c,f8642558ac6422026f78d786364b6e740e2db73b86da77fd71a85275a9cc27a6,taco,820,train,2259,6
2260,87482863ebd48fa9ef031b980d14e6014e1b0fe48d465703c2d59d640cb94ddc,90325d0bb452dc9b2ac3677a39bf55d792bfeaadfefdc88f5d01cbf8700b25ea,apps,4073,train,2260,7
2261,50ccb0ecbdad5a9b70d52ff60acadc9fb267a807060dfbd42618333d9093bae4,96a76c606e6fc959fb5a864f55b16e47958e719b8d6de517d07fc050e656adec,codeforces,2221,train,2261,7
2262,ead4fa20766c87a6d6e76f650c780f83952359ecd4dfbeea17a16a840c4097c5,f806710bc28c27d19a488a7d8e2f865f955d8901ec07ba99017046d0a602b9d1,taco,12364,train,2262,7
2263,aad9107b6410366c194900619afff5e42438203a490ae92d65dec98df52e5777,6e117744ed388ec0e7fc16c91ac3f167c8bc686f138c118d47ac404e826faba1,taco,351,train,2263,7
2264,b829f10d3d6a729f91cd5c9eff5245d11e8ad97289887f24522b7bc946f15c64,438a0beba0fcbd3beb085f1d932ce9eedbed1b41af5201f7e9a2460154843f15,apps,10225,train,2264,7
2265,e6b7e039fbb01dc5be8d78f5cc3f97fdd55124a2c40380cfc7bd30e96d4dea0c,208b358caab870bcb7c5419c12c4815e1e21efe17e9df2d13734f9b18b106a73,codecontests,14945,train,2265,7
2266,3f8b5a1464e6153e1085b0379bc0550803a402ab20dd76eb3955dc400e08b818,384044e09993f0b593da0c46eb83bf2ee48cf8bf0e59340591db19cf152bcf80,codecontests,9885,train,2266,7
2267,dec77cbfbcbbed3f17df986640ed3fcc0b16dcefc064a6cc276c0bb47f791c54,7639285b110242d4dbcec424276f3c0dac5754b1a1511b8ab0bb5975c8c26d41,taco,9464,train,2267,6
2268,802aabee147d5c49770fe03e00d3370ed5b42d1c53191d03d9f49b0332a40816,ef55dcc74b67b4033f45e9b4feff3b1752f83120cb9a612a6c3d91b0df5d1452,taco,3803,train,2268,7
2269,1c995097b0aae53b817ec7cdf7f6c86db773ce2f920066d1564b742a88524b55,b0bae47e517c2f5c82a5c5550deb5f545552ea42ac023a195f8f7d3caad61bb1,codecontests,14141,train,2269,7
2270,75369b4aa0b6bd67170ea617bcac388cfb19b245584363b5cd6b7bc89f006a6c,2ae4cae0a74dfc8b53816b96786860ab017d7954fd4f79edab8628dbedcbbe7e,apps,13565,train,2270,7
2271,8a32101c2c913530ba690c3b44cead092719cfc848d3a2e0afb39bbc78f9df82,e1941f1d95fc46ef3f8bb46e9892203f533954b49393ecc0b5c052fa1fee866d,codecontests,3651,train,2271,7
2272,8abd54475c6ac7a7870c0e75d010badb29a21368e88476556d631ecbcb6f4ec4,644cf4ae3806bd077390f55003f97e8e131bd8c5b1baa0b87348b97b2fd16ed6,taco,20341,train,2272,6
2273,777e02306fc94026ff6f746ffb6c7c606e2a3f6163fe8d277827efe251dc26b2,9356a70b5198b5d1bfa98b96220999876035b0a90d79949e51841b0bc1d04346,codecontests,2008,train,2273,7
2274,cfd88a65de659aec2e08ce7e834bfe3d32a109f96957118373c8f0338cbd86cc,5c3204f1a154be991e4eea2e59ab874a493a046b495a21da6b8fc504026a5904,taco,17896,train,2274,6
2275,ef75a2b72e28fc8ef84ce79f18a20f800337db15a26a5ef4373db00a76b8ee5d,f776d6aad0ef4f17de02f8be3c23556513ef9100c89ac325e7bf2293f1c73737,taco,7463,train,2275,7
2276,1897a17ae72dbb4d37c5f9e36e2eeebdf899c086e76e41b01f7c373ac715eea9,7b8ee056652e8adcb2e0553b268cdb4d65a952df730dde2d0868cdc14258dbea,codecontests,8887,train,2276,6
2277,1a7979a279444f50baaa1c776d00c160528fdcef8f3c3e827548cec631502641,ca15325d84b8e00213be2c194fb879bd35cd7b8f29d7a8d1865b561fe2ba86a5,codeforces,20475,train,2277,6
2278,cca929b62df35bb12f66edfb718ebef3f37f30a720c36b0f48f8e57d2689a307,ecaa14455b0aa867faf18c4f56c48a88bb2c59f032f9fe7ccb0126d608e052d9,taco,16758,train,2278,7
2279,f8279c0ce85dd107ac9333737784ddbd3e600d54fdda95fd0a08e4d15977a6e4,ba2ba8bfaf0a92ccf9bd296fc4d46ec7c6198342aa1d4ec05c6a2e1d1bc96c5e,codecontests,17961,train,2279,6
2280,011d641df0dbaf3f3d5bce43557efb048966e613a61eb6b1d450b87ca4395041,28a5c29cd651d28306fe9e0e721287848705763231c5f9f8ccb1e4737dfb5bc1,codecontests,8062,train,2280,7
2281,7b30c74ebfb50e875dd72a75ae6c6378f2978e125a9f5f7b916c0ea28087bbfd,3ce0f5b6fdad10cfbfc5a976aee510918b2ede6269e9d9b1e9235dfa8f37fa85,codeforces,6532,train,2281,7
2282,edb204d0bb2e14d6a1deed01ba8f585a824d8cc807c4d25b972a5b672cc35bbb,c8973abe7f2e033c9dce167af0318ca0b2f37110e361cf41f0a191cdae4fdd7d,taco,19045,train,2282,7
2283,6d1c1c6164a20469321ef8733dcb93600d376068969eafcc08e6592beb2b6580,cf2660d44e0131034ca4a03e570f8d154e668dc25c295ed3232436cca709264d,codecontests,20379,train,2283,7
2284,21de9edeae392845961699062972cf3e010998c43024ff22835f06eb5381d689,8f8ec4d673e4433ade770a339c06f5d57ab757562bbfa5e2404646d0430a3ce1,taco,7109,train,2284,6
2285,cb73b701d45007195e30f9e534bb3ee4ca5db44d0136b20bda8400e08fbd761e,4a342e39bb121e29731af46da15bb11bf7514865f4c34a999e93d2b75a424e37,taco,4831,train,2285,7
2286,7a4e8abf755918512027582b9c3904f8c5f629df8720903c1702c88a06793b3f,16408d298589be0422b7ace5145932d73cc14bdaeae3e58a763f6110e8a5345b,taco,14663,train,2286,7
2287,ebef9f3297588c068eaa8ba810d0f30242e3f2a83a737a500318b2f84587d24e,2aa0dbec4221637d1d6429a8502ca5fed8701ac16b388206c38af60707f1482c,codecontests,19264,train,2287,7
2288,197540636c2d6b5f5ccacd82045c4938c56725b1f3b46cc17be26f15e4359eb0,71f23315b94301407dec04dc5dd0c60a4efc2e2d4126f3d7b1c6b6e35d4e0637,codecontests,8910,train,2288,6
2289,646262f9d73f99611e2323d3b7e3a158938783ecba614e0429974648c8a34a40,db4099f5659411a01d48e0e3e56b083d134a3c74f5aa52d34c9d9359b9e57cdc,taco,212,train,2289,6
2290,2f985d0695c70125662800402142ec8557ae38514c4a6839d297c4022ee926ff,5440db6673fc81c1221d0bbff49ff68431a65169609d65a1456809b9c6821a78,codecontests,758,train,2290,6
2291,5bb173b4fe3268e19a4f22f739d0741978b1851691919c3718b52a01a7dfc06b,d16b2d581f71e0f1b58f48ae4a9c1a82662f403d1e8d685ee6b9383b311c8c0b,apps,11518,train,2291,7
2292,ae32656ae1db6c9e9d97c6ed1a2b49ce4e05bd0a1870bf30d4bccc16773b60c8,4f3e0c6bffbf1c3f37920472fb4a8ab957e26066d7a0c58bc6f125180bfde06c,apps,6950,train,2292,7
2293,4dffd8d31ff32ea3c2591e53842c36098279bd4d740fc8b787daec1b2a72d86e,242d87457253b78bfad8f86511a73748d3fec3cb7f52195f8035e95ed78bd3ac,codecontests,8762,train,2293,7
2294,a23a317105aa909959437d9e2ee54a9851f31a7a9a4b39917f6aa0d6265f7bc9,3b963a253b90c1d04e466a2a6d382087c9fc38daa1d9e37c8b1c4b720ce548f7,apps,17575,train,2294,6
2295,c6bcd91a653620ab8a7ce78e7a35304e684db05250c7a3f2baa1fc5c1805055e,af2a1fca60f5a6a050861a773fab3104e74c1875256b8eabc08161f6de1a13c2,codecontests,17522,train,2295,7
2296,ea8be2105cb1fe255b5ae766a4ab2f46837f24c50f104ba41107ea6e9a15ea2b,91ddd5576f1a51d4b407bd208eaf2801be06e4b4889f5e7879aa798b92dc81bb,taco,9500,train,2296,7
2297,8ff85445f9c6a416f1c834630b17394e2277d8f36c50c5443fd865e10406ef44,7cc5b9c2cb45d7249e61471d9806118ca257e37ad8ce09b446591a66aa4182aa,codecontests,5098,train,2297,6
2298,e854839794dead003ab0913663d9fe3da13564564ccb563f34bd575d59d8299c,aaa4b8825d28309679c1d7117bcf58ba8a2b565f44e8e51204a02332e23e91ff,codeforces,9238,train,2298,7
2299,a2177c254f7f6c219c1ae2737be9eb92ae6e4379fc28ace7d067f27a25dd330c,6940142f4469b10ff5575ce3467b9b72fd8930a8c42d0f360cc5cbeeed79417b,taco,2636,train,2299,7
2300,991c5aad175fe2ca8ef3e62b65c3bd0cf1a3537060d65e1300b90936f56cdd4d,22c11c724f93a38d76b8834c1ba631a8f3951db83ad92e5c30b96f6c53ebf467,codecontests,19715,train,2300,7
2301,93e481f7c67d363ce7cd450afb052df70b424e2fd1f06139ee5f459ed7a163c1,15a4afcf1aad9bab4fe1f39a805e2dbc476a0e070ce5d00152bc39dd633296d8,codecontests,3495,train,2301,7
2302,20e1a9d7e36df58d74a054ef75c00b063709927cf67b5dd61f0d588496b74330,c602adee68c1ceefdd180fb56679b87fbc3a1a465a7a35518d71a91591c38264,codeforces,20867,train,2302,7
2303,73b17014877b0f15bf45212e8612e418c0fb07b4fc4e372fdde65c105ff2f59b,904c271239e38c58245231bea391c0309c6d873022ee221600dd5bfb833e688d,codecontests,7372,train,2303,6
2304,83b70e58d227ea4ce2ded55617e220da79f27636dee21585a304d97ebe32a092,07bce6d6eb143bfbe27f48eecbd11fa34f2e15e5ead154105e0a42cdf278652f,codecontests,11033,train,2304,6
2305,dc0d2518ea220d261b0f964bfa854c2cea94d6a5dad0d71fd7834c549eebac91,369986d731927ef33a65a7b0975138714cbc51e8273286d15d65fb2c14c7f33a,codecontests,11122,train,2305,7
2306,cdb5e69dc4ed8f6a3b47e922d2b5f07b8ad4798a2833eea2556dd5a0437d4352,41e4989c5345ad58df268f27962c08eac1a8e95da37a7c08833e3d44ddb39482,codecontests,18564,train,2306,6
2307,92731a15bc4cd08546ac9b0de46cae84e11602f229e6305c3cb4c5fcaa1e4728,713603706097111b050ed5460ab1df38d39961adb8085b0a4121ba9a13ecf562,apps,16212,train,2307,6
2308,15193496b9a32887a7835c2e4bbb0f8e79d5f5344946077291d8cd558b46942e,cf8d3a0f96fe3448a8417c87780185a22d139fe5929cb2540228ac2b311918b3,codecontests,11554,train,2308,6
2309,750f54dcf958555eea573075b4faf3ce6f520169cc0d0a57a042019acdc582ad,d189b3073dd82ae1555af6e41c7172c34413dc5b3e4dd91965a26e2b78147367,apps,10031,train,2309,7
2310,3f442cedf40c1d220edb7a25ae5abe5f7f7d1649648976426f7f09b32840046e,09f6c9ec685ab49fb47946fb0297797fc732499f162ad676e8be96eab6aa397a,taco,21414,train,2310,7
2311,a2a56e76dae17e268ba79a36561ba69cb6ab686741ab1c851c242902b80471dd,97d2d43d6b33c1819a4bbcc7139f4c523cc68e13bfce3b5bac0f205231590ae4,codecontests,7000,train,2311,7
2312,d297b3ee8341ba3a6e08e72b0d0653858366fb8066f6c8eccc829d6f1c2e30ee,28930f276e978eeee0de2603bb9f76e357b468e46a6d504b02f1884375111a5f,taco,14787,train,2312,7
2313,5365e3724a74da50fbc3469028b408a1503cd3e924ec6dff6a209c1fcb619563,3a00929847818e4d8da46fd7742594e846f3822f216ae72bf632a78ce4b0e365,codecontests,10182,train,2313,6
2314,6fd57314e2157fa029c39c39045ac1c0eda84665c34927a50141d3e31800912f,8a8abe5cabb61e4fe28cb745e6aa8f06b75e172fce0e887bae04951a75958998,apps,1035,train,2314,7
2315,70e557c67d4fbaaa6fc3e62177d41379598c8336d925deb8357541132052260b,5cc5a4662e20c84c4533da26023c816dcab66c8b55552849cbe754b40d0f3bc5,taco,5596,train,2315,6
2316,03bed9be78a9a1257e8b7460a21a89f5d857952fdc07d4a5028107087a474196,0905f4e2199dd431c87f617c03056f4155441f619e214142195eecac29ac57ff,codecontests,20108,train,2316,6
2317,8a9b9bb6b2afddc11ff217e320880bcf644bc721964eb962f4fc3e20520ca495,1458cb7a41a9e2ffa6b3aceb61c6596daaec8d7fb9cb2e79a5d3f0ca628ef557,codecontests,21609,train,2317,6
2318,045a47e534af2e1703ff24ca19f91b75709dab0d4a18e157289e6170ef511b56,ced63f56b9ee76f5ff6d3ff55b0c30dd2da6319560bbd37a5f42f65e0d2db40c,codeforces,7393,train,2318,7
2319,3b849eb412d55926e7351953dcd18cec303d52502ae6755864aab3f4cb2a2def,cb92395301f669dd46d130c84a74891a00c5d310a5d35d550185fccb4e1e5826,codecontests,6841,train,2319,7
2320,558245761484a078d0fa9fa6d823e4f3c47f15c13352addaa426ae57ffeb33f0,8de58ec485cd8c639d65b804d70a4fdd2ce56a47328688fd73dcd4f970cb0e1e,codecontests,6940,train,2320,7
2321,4fb798996460eb1a812bb57c6a5de6965abee8236cd83598a7185e55a038ee3c,20e5c918f111a7a280091142ea9fb6be5318fa19807b91c9913625d3a751f5c5,taco,2800,train,2321,6
2322,d89346d9a20ed3ff2608a74d9dd95e9e300c8ad26f73b2da5da2df621dea32aa,301965c1923641def4c6052536a30490cb1b20ebbdee4b9646733e742e5aa8f6,codecontests,2027,train,2322,7
2323,99126ea3b4392699d0cb544735fed971ff997b89fd77121d389804f98800e05f,805d6b6bc715f05fed7bb7725b43840fa97996ae2b40f3853e070db29d29ef4a,taco,20690,train,2323,7
2324,617cc15967df3bce5477444b4212936b2be73b547dca843bc94a665cb6a119a1,9252868d082a8ae82be55f126b5a031a8d5008ccc6a380ca54cb012f4b0b1c1f,taco,20345,train,2324,7
2325,998a2cbedc28a36bdfa9f80877e17464585d2432cd6f2a5a41909fa8c9341977,134c7b0a15025e685038ec4c3271af9a652a6e0db63f1a2ea40a3cbaee81b349,codecontests,8131,train,2325,7
2326,a489ca1725fb64a13f23000b8a4a51131051eee00c15b7f8a52197d60b5eb282,49778608f511c530d9810f89d0723120cb84cc3027ff872aaf79054a964fb334,taco,17035,train,2326,7
2327,b452393073b335a72a18caf42c6b92c467f07e6444cd19488b351b5ab2bb1d96,054131e605da4e903eb832536e6639f646efc69279ac9bc5324600e80a79eb45,taco,13508,train,2327,6
2328,f8e2c7ebcbf36c68f34bd4a9fb79806d3eb149a96b871a1a155e7f285c3ecd7d,2a09ddfd5944fa834c95e52e55b7767a6dcbc29bc26bc924cfad9df5fc6d75ba,apps,2400,train,2328,7
2329,7e938c101e1620c152bee1803272c9fdffa3a36183ce78b47f6557e4ff8f65ba,4213d1000e9da5371756b603cfbf72affaa2e7670597c789b1007de51f8c48ac,codeforces,22520,train,2329,6
2330,ac525caf1702daf9fc5935f4a8dcb78c4bb6ae6b2e5f1dc2d76381a4ab59a30b,a5383c97feb8044742fb11abea31f555107ba219ce27d6e7e62dbc55329e643e,codeforces,2576,train,2330,7
2331,83d3e2cd02b13ab1719ee1f78a0b369f615a48318ec94112e23892ed99a3ec91,64dcf30e381331334a3fd102d752c2b4d55685f0a27ff112361c399231477735,codeforces,12861,train,2331,7
2332,92ca98d1e48608c06eed391cf09f6b6b65f6d0fc2b3f38fd07980d147cbec944,de23c36f2e7adadb26c849119ea93ae51d442efd80dd3c936a8c62c592d87dea,codeforces,14407,train,2332,6
2333,27716087a009fe6d7b1470cf978584c88caffe549976677d4457682bfc29762a,07a458d363685a3679e78d2b70873bdc381a734daa4c43d0994ae253a29112e8,apps,4187,train,2333,7
2334,ffe23f6b9eea2e10cbac0e1427d3ad630c86b10115b699fb40b0051c026e52b3,fd7ae11f16817d417954e325e621894cf3fec25a6fc594457b36870d24a976ca,codecontests,15212,train,2334,7
2335,91b5944ac5976afbd3f824725d4a4cd93f14b2e2196af6c42d01a4c158e64ee0,0a7c1e4332259fc74ac5a0989c5ee24c993ef649d65ab75cf3efdbbe6a61ee18,codeforces,7352,train,2335,7
2336,bfe9096ce702f87aed5aea0e29b4b7e07602e68af71d4066ae7e2f9eb71944d8,c685034d7155b43cd7809898155843ca2a9ba733a7d98585c8c887127c9da893,taco,21223,train,2336,7
2337,81a738853d0f764713a1c21936050f6168e6d9d9f407086289e370df0b407748,059139df8e3090681091a4ca479ebbfc0bc0998e4a22e5decff5c16fc7ad9a18,taco,10244,train,2337,7
2338,6b5a3702d5b2fb278833105af203270490224e7db6fc9169d5fc07f28497f417,300d5a1411587641326f0a7f88adeb47438209f71cc9c54372add32472abaa2c,taco,6600,train,2338,6
2339,026078c6e7df1ed546d50d7ba1f50bd2009a817134b602a2b6e4d777fb2eb640,6ceb9ba501f06a18e2dbb13251a0c45abcd2b5bd7bed928f2789987dc98c31c2,apps,9522,train,2339,7
2340,f4acce469d58032b870318525ce754f9fd4411c90799129c393f377b188f6f39,002b0b0e82af20cf5651b827287cc024648c7d402ac942533e55095ec76c0863,codecontests,6860,train,2340,6
2341,4bfb8b46485df1c3d79704bdff420cf7dba7ab532abaad8a4c6348a00e37b0f0,28f87ff163650608a77ed151758f32670c421faf6e7a2a683dd13d5df3d51ff8,taco,4687,train,2341,6
2342,e72773346b325b00557be94b74ee602ba49581aad5849211c4e093f5f0f700a0,78ccef646ac9dba1aa5fa5351b2438ce92b857c68ffa185c81ad4c6eb52b336d,taco,19080,train,2342,6
2343,7f33cba64b2b86a1f293d3df7f1350c0abf49279278f9388a25dc582336decda,07a5f4cc50b4d41451a8e926228d229bad8d0048f74e6f68fc235e48f3646388,codecontests,10257,train,2343,7
2344,b0c80df7c5ee418f252434e3630ed7b3b1d15c1191ad13a2a31cd4a19de89ad7,2620323645843d112a0d5420aa8798513a398eeaf63ba098924f201be5b3b3ff,taco,1381,train,2344,7
2345,e3d69a3713ff3e8623e30bc49ad42ca95c4753521329c56e3884999a3d4523a4,765bd529e6f4f0bbddee3a85936439b3cedee55a32524ef7edcfa5a15ce4b4be,codecontests,11241,train,2345,7
2346,ebaf97eb08ed6659e26b071a906a5cd024749658e98f773942bd78ab0d06104d,2769fea0accaa52be593583bed294896fc761a42ef7e0841a81ee9dfd3666cd7,codeforces,6271,train,2346,7
2347,ec1cb133213ea5a14baf0ae298e03513a0a28f94bdfbef99f5512d2d69667754,800957ceb4c9910c25d810a3bfe0907d8093301be8fa346ea1b0670e90cfc225,taco,8355,train,2347,7
2348,b099c456e2fb241ba90aea8ce8ed0d44a76cca0136fbb990b6387d7b038ccc76,c3ebf83974ae2ee5bcafae1e8b4ed02e96957fed254b087930019cf753d51640,taco,3874,train,2348,6
2349,06807240cebdaf4afc2f26bda36e7c72b66db0f7ff49aa7b2e806fe9c69fb061,373f72d2ed1fe9152155876b4af8f2d6fc98ff5807686b25aa55389b1f3af5b5,codeforces,16195,train,2349,7
2350,5d92746cd8cc0ad5f7d396109cf21f3cfea29fccdb0cb45d28cade61e07912bf,8b106e3522dbe4918d6a23b68df2c669cda6ed29d043fd16ebd45c72cc808774,codecontests,4488,train,2350,7
2351,6d156258763dca161d1e5b66250454ff4bfe732e2286bd95b9e9ddca29e49ef0,e62395fb4c19a15253d8075861c8a0e5f6d5d6ec1d2a2b1ccb08fd61f7ef5652,taco,16174,train,2351,7
2352,47a4f0d3597ca186ca1b9bbab50e3eb3ec2dc616e3e94b93d9129b88dcb0b2ba,9c0b500cdeaae2dbad3714a2f529bd0517f942f5aab3780f9295795ffb4bf76b,apps,9215,train,2352,7
2353,cdc540cf768b8ae2d961ef5325ebf91ea0868fe6b3b8781d224ce084132045fa,73a8436f8c213131b6e7cb76d394ec84da5403b1f7986b482be232200470b133,codecontests,15147,train,2353,7
2354,bc9a33ba17518f988ffd6b92e77cc895f19ad00fc4908c28348bafc204c920d7,2aa99c16eb71fa2c5b029df90178a7f039d9002816f578ddfa8a769dcd0c386b,codecontests,17759,train,2354,7
2355,c7cf14a9b054f27fb181cb6aec9129b00cb69e96c3e3fe5aea17439acb90c3cb,fb4d0d466fa0c6980ba052ff80c6fc6f3ddacdd92157ad219f291bcf8d3e84bd,codecontests,2462,train,2355,7
2356,be2ec48eb208eb1e24bff5dba5f4c1ebbbca22ed8a8bdc9aded94eab147c4e0b,3fc924d123267cb93ca2d59d131f1f1390b35d1d0c40765df6349f3a8a16d571,codecontests,22378,train,2356,6
2357,5e2843c6030a83404a15f4b607be1beed2a856750c177c50654275a91ab0df71,8ac265dbb873bc80080350edbbe22b54a16d9309805faf48b9b89e865912ffd3,taco,1520,train,2357,7
2358,82090b656d511ee014d58ea2cef4200a59146c9c045beb6876c18ba1b83e4187,d734ecab129bb4893ebf56bb2e9d0468a7120813f09f7d2b7c444734368c0644,codecontests,6178,train,2358,7
2359,581cde16bbeb6ace32263429456cb7772e248d96f90fef0bdb50fc8ca42eb47a,253d71e7843e7a3da5930951dfb75a10ab52957ce46548ab354774dd1fe93573,codecontests,4444,train,2359,7
2360,edaf57f61febd00d4ab244fd5723b3e042ea005d5a315be573ab442cd6835a20,47ae80f4869b384b3ae16746b81e5edf9e02c11610325eb021e56c06619367c8,apps,14813,train,2360,7
2361,c0467398bdfa138e37219c463e9776f957e05696eecee220047e6d6131b16d74,e716bb53fb501e2ef0191ee128cb8434fab2ba1c32a21e8d81c7d618df4cde52,codecontests,5209,train,2361,7
2362,4486d7c1d96d9bf79ea0b7a4ab73883663ed830851f308c7d9dfd88cfaaa2017,378d6b1b6a5ab213d89fc9079c2894d643dd7926d147978c44b5954aa952699c,codecontests,10048,train,2362,6
2363,40f4cecbad9da12228a34497c09d3094f80e122acb3329d239aadc13c4c4ce1a,8eeb21af2710cce084df6305cfd236a899ebfb55f722939ffc8aed8bf0885ed7,apps,20299,train,2363,6
2364,d751b7094045f46ade34338c0e72393c746ad01e1300910d24aae43bc8558fcf,ad3e5ddde472e827336608efc472310bd43394906d0fb75b626788e1a51719a9,apps,7313,train,2364,7
2365,423689f03fa279f85a612557739d3d87deedf690ce5d13e49aaff2ea09bc6c02,ef8c806041c9e702be61112903dca5d3e25ee963e60787dfb4894f272940bd3d,taco,10696,train,2365,7
2366,e592dc33981608c4e681dfbb06965b2fd7a65a243a4d0e5c0bda73fd7cee6690,3730ba94517d650044ccf1ac3197a3588b4ddc515ac1833079294f1de26f6c73,codecontests,11177,train,2366,7
2367,0a3ef923f7943800ffe1d02c8897a2b4458812b0dab601022daca220e9ddfadd,414f9d7a736de98a5995ef809b5807ba141cc69f028940aebbc282e95cccee05,codecontests,1011,train,2367,7
2368,85765d5a20b6353dfdfab27f444da793a4a07f8ed7a8a3e4371f9523362d3e9a,664848e9300405a0620d0b758e49355851f75512ab0d27ffe7b78ed582cbe534,codecontests,17746,train,2368,7
2369,6c9a4b52fe957d71dab1ba5d9ba8432d57e851e7b88934f14b73574725df0b3b,c3832300e2f9d89b0831be62d80f014a8570b7716fc32e8250045b080a708de6,taco,18231,train,2369,7
2370,864065769c57e49a2d76cc2ce5233aef4668f477d73fa911f7f5706f48bad6ae,66129824c2017365bbd00b8dee7bfe7ac9e7f2c225f8029ce061e0e0ac3920da,taco,17249,train,2370,6
2371,d4bf81e6ded6f5aa436e0972e90154945e12d0876a6414349eede348bacefa35,aee8e0b84842b2a310bda71737d77d20ae3c3fdd7377a54f7a691925b1fe6878,codecontests,12731,train,2371,6
2372,ec817c3f2224f9e3dd0747f060c6a86902768668ada8d6b4e39e25cac0913a3e,8bacd6dff028c87ba42f5ffd52a7dff13cba366d111a002bd971ab03e0bfe36f,taco,7854,train,2372,7
2373,21e9d4f8f2ac80b1a8cb173330b9f75ac2838013db355aae93f591e42cf7d57c,a79e335212d6f76284497624124448dd5fbcb5e07cdc8b13880ae41b078793c1,apps,12358,train,2373,7
2374,b70e4628759069ff937aaa37e80b6938c40ee4328380dcf9b00a201f47eafe5c,edd79a00534a72348afe11523aa5ad9fbf7bfd7d1fcd1e1b6fc30d7576fd337f,codeforces,5375,train,2374,7
2375,cdc9ded811d9e158683ec52223bb65d72c449bf6ed91bbd9db4b35cc684c61d6,3d83c1d45d4b00505fa6b744706a00f2e7305dcbacd738a7e1f522fe1b4b1c40,codecontests,3865,train,2375,7
2376,2b85af0303a85cae64edabbe4eab8122267e43a7582657061b8ef8f2faf2d663,9ac7afb07837392f319317f8337cbeefc686acc74436b6fed357ef70b903c852,codeforces,7388,train,2376,6
2377,c50ee63508a15158c62e947dfd4a0bd6865f7208cd93ea9ca1ee681aeceb47db,bdda996d98605e6a284246c31e48fd1c3e20c0babfafd3c8048eccff2c272bb7,taco,16864,train,2377,7
2378,742c770f5ee7dee55ac466dc186045450d7e151e71ddb4b1e53307093966494a,8c2e3bad04e70d6994ca436651682141bae0fc6583bc81db4d7b3959e94d3962,taco,22311,train,2378,7
2379,289f2c5394e014be4f6bae606894003f564e8ba007f55569fb6b112d25db6eb1,da29ba5b377de99f106f1e43fffab0ea3427856234db5c11a7929cd29494b54b,codecontests,1188,train,2379,6
2380,39e76ce47603b2e1b9503513384b2cdea0fb317d4d668a2585607411ae4592ac,4d98c8a433e0d7c369494cc84ee8ea77f766a6e4c3295eb25d0099e86271b632,codecontests,478,train,2380,6
2381,4fb66956c7c005cb76d69cebd975e66f5a3acdadca14a1381627049bd785fabb,9593288b244150523e4999d139349335e5d91bd4baf60f6a196a9fb281c65d26,apps,2932,train,2381,7
2382,2082493b1ed6f0c242293a0c91cdf7a4f7ade9a2c8518417b8dcd42fe431ae42,53621df2a2885e9b5615e09e81823799f78324cff708676ccf6f1c46ce7f60ca,codeforces,13583,train,2382,7
2383,270b90031ff4f915b2b1d18bbc976116e5e479b5a073497c275052c89999fac3,2357a11a0c2768910188040799cbbd0ffc565c2a0b1cb7cb8044040b99384d06,codecontests,21644,train,2383,7
2384,3d32a770a79491aefa3c5ea30f5d3c8bacdf00d672e99b0f3173ff8f00719beb,031bc8e9a6e1a8f0f1cb7c571a7577c7dfc596103fbcfb5a08b51bd46a3f8c93,codeforces,1130,train,2384,6
2385,204afd056971621c9dd653eb6a95fcf969ca101891d8a0599b08ff5ff75f8507,844dc5d48370a4ae8e3c6f199d3dd1e69116e54a76949fba88eb519720493105,codecontests,7774,train,2385,7
2386,6154ec6615a963fdc53be6bf309fed53966829d32f8190076e599dd9b1e95971,1e2c27bd839cb8bdfa13314e4c9ca75f3f68ab72c0f86f7777432913a353ece9,codeforces,9937,train,2386,7
2387,84f4c8fbae3b252e97bc52d026c9545a7cd4f94ce5ac5b29fd34b931cceda843,016447b4d7239d175a9edf5b1a8976129a7f3d28de3817b13296537d446bc5f6,codecontests,5797,train,2387,7
2388,d52aea41ba55dd5535866980026250f1e81ea11592ea99e491561cbeda7b9480,4023a95bc41417dfdabfcd1dc76522927ec0a44fe005ffa9ae2ec657513f4802,codecontests,11318,train,2388,6
2389,efc5b23fbe8118365f3b2cc6f03d43398910c6d1528d7c7fab66cb4e6507a1a9,e21b4c5afd95918588f1a67a0d65cd39fa2db27766312d2de5b7b949aa0aa516,codecontests,4830,train,2389,6
2390,7f62f5c0b58d252ec555c82b416da698f38beb74dbac0a32fb7a52c07b525ad6,3ca0665abe82341dcc00b97feae748ffcbc0412a41efd8c91d94c08ed3b810cc,apps,17215,train,2390,7
2391,7b6f318a6912b221714370616da6ddf7539a676c4fa79cdce7a16a58044f34d0,a03485b417289b8bf8ad586e556d4e53ad2076827b0455e619113b4bf31f5f8b,codecontests,10038,train,2391,7
2392,f641e7dcd82ce4f93c887ec1daf41899a4ec01f666d8c199c68a42ccf1924530,3dd895eee81406e2dac613fbeb4f2573977c9a968219044be73c6d013e7c4f59,taco,21953,train,2392,7
2393,3cdc0047762d85a3dca946c5555e4c96af2132016a95560598fd37fb2688c802,5278b470ac2240d2ffe7a5e8df237d2292fae9e5d6b73538d89ce7210b992887,taco,5668,train,2393,7
2394,00bd8757f2daf726720190d533a178269801d671a9f74137dc8ad52b60c6605c,a657741b3d633479f6f35e007d07cf5ed8102825b6427db6ef2ce195a2643c54,codecontests,1647,train,2394,7
2395,155c8e7604f884992c2d0f17627cd2bef3c0a579f344985723312072e6e703f6,41875472a8e9583b21041eeadd60e5e82731fd767dbbb0f644932d522d47d5e4,codecontests,2253,train,2395,7
2396,f1113702ca7a67c75e88ed9d0e4aec7ff2f4b3fecd6cfc9bf7e5018431c4a1c8,8ca21f34f9312eed7cbb49064671aa6f4718a7f1630ecb5742b043d2a849e671,codecontests,14178,train,2396,6
2397,999afb45f313fee5cf70b63359add7544402bcaacb34d99fe4366c24f7a6953e,dc7660850ad2c9229d456709cfbbd77a3e1df4ea8e3b3ab2ef0b11fa3e7136e8,apps,5993,train,2397,6
2398,2ef3fccfe99066db70e1683ce338d69c93c0f640ed39063d19ae08d2ed57a730,1a9cb76c800a883c9c494026d99169837eecc4a3be152ce0a3225c26c46bca47,codecontests,9052,train,2398,6
2399,502a5c9a57dd21a9f24fdb91ae9f5c22739852523554401e630e25309f0768f5,13fa4213bcdde76c559d95d9e97f69b9fc3648a7d881c4b05553fa808a760c45,codecontests,14367,train,2399,6
2400,b082e01ad14fba9ec1df64260b26ddbd4e3815d503efe1d0e3288821f1298681,01e44d4212bbca58d38afa1542f2bf0bb69e14d0464427273981e0a0e8c60ded,taco,18693,train,2400,6
2401,0c426c86714faf4784e6ad03f8d218f0b80d539b953fb7a38d2bbd582c63c30b,59da980b8a3d995f671857e84f940deef9fd9f21296b142df4acb49aeb12de54,taco,22409,train,2401,7
2402,68e29531f048aae894a954fcabf23d209869319a424fa34b11fb40ec9d9ab1f8,c4d170a7bab653fddaa6777f47eb512fa651f7f39edab48f237b35956f39160f,taco,2119,train,2402,7
2403,b1a48b7f81023c3d8d195be991bd6c9ddf22876334979e76e9b1548b4e6ca386,76f5e45774bdc04af83625e0f58620fa6b7471ebb7aa4a13d86fda366ffd7ea5,apps,15280,train,2403,7
2404,6cae6b7313ac6b9b990f348a07ff642570f208cd20ec4649864e40fed241aa98,1d873cc16ac53c17e5ff39e5ebd30c3ac804dec277e9840270af07d3c0b660f8,codecontests,3705,train,2404,7
2405,614c599483802b1b35f49863ae03b128adc053e97f863d4de42e668afe67ea57,e1c1eba0475ef9b638e7b0c70cde44608d7923bcadf86616f4f05497ecd39698,codecontests,3418,train,2405,6
2406,8d91f0d9d5f09ea674e96644e592a504210250b7cde78cc8675ceddc6ef19b6b,b5916e7efef09503692b5fa91383a6f1ae8f403232eec35141374b0030f7ab20,codecontests,10494,train,2406,6
2407,318cda9824b25967d17c6cfa85fc9184422d890498984f2f6340115797741ed8,54c9add1dcc5c2a002a49bd93e7b98628a642a8112230df557351720d1829ee0,codecontests,10533,train,2407,6
2408,ac7f8bde43ff68d1bcd406d1aa652eabb163801efa1d3f14d634b58202b61138,7e3f06ad6646bb8b8fa4a71b483ddf6a6d59e56e42f350a49bc30603ab6001a3,taco,4069,train,2408,7
2409,1c7ea01b409d9a20f63835b0e94a6cbe18d2c198b007c63be7d3d651fd5ba19d,58e0fe789fac77ba364bdfd790686e3cac59d46bcf06b8b08f01d5960bf81b09,taco,18070,train,2409,7
2410,73c4682f57fab8829ff3cb21f8b6eeb863076bc15570ead37a951c8ab77126ab,d1e93ccccdfc74b109129301345a6f09616e97a42e8f203d901a7db0432fe1ed,codecontests,14,train,2410,6
2411,d0665229d9d0985e694ce2fbe6fa0e1c5fdedae2111b292b8f97964728f5afd4,cd35bd52f996fcf130e1c91b651e8612889dc26e1219c6d9c189c70989856161,apps,166,train,2411,7
2412,e9c0719c74e8fa8f444e2c958f5a9928d46fc72e15536d584b263b9dd0732ca4,3e3a31704e44a5c8fc763e27bb7c3990097e3ca2d1db04be7b5bf868c1b0efd8,apps,19486,train,2412,6
2413,275d75c2c0ecf87a1c544925fe341275a289dc7dd27f2ecd4fee94b86d67829b,57db7b7ad9ebd51ab139d5cbb08b48dc7823b714db822a669960fa9caf84cb72,apps,12282,train,2413,7
2414,5814d1ee5d88698bf463926f4747c021ddfaeff0c71ef6512bd4da8f41400949,095e4b4b7be5d21fe29bda5b9a328d9740d819a5b1743248bd41bdace4179858,apps,6241,train,2414,7
2415,64c6ab493a877065393b533e2b062d0ca1feb7cb774fcf90f170fa1911588d0b,78383c9df2b0233a7f56a9212d886c8e8985b0f7625550248fa18aa902df6c58,codecontests,12621,train,2415,7
2416,4dc15f32e8067df754b1ac5949acd0b6d53d53e45a7e6d1a0a1f1afa18241960,1301c9d3b49b7bc84c8d0ef8a85b172463b0977d5d1aa167259a9b81f1770afa,taco,13747,train,2416,6
2417,58524eb8a2c7ea447bacfff8542ad53b34a4057b8caac4eab9faa84015d1c669,d3f2ef219b211f45079bd437fe31f647f6836eb54335df29cdc7c09f937b3098,codecontests,18418,train,2417,7
2418,bc09d98a46723cadca31f268c8662b9dde7490036a5f36c1016a5a82037c39b2,7da5ae695dc395e5d54fddca75d08de07cc24fb5a532570ae56b2633c4f250f1,taco,9446,train,2418,6
2419,a3272dd360041c7b714c413e67df19d25e2f88d720495ea512d236fa55ea9afe,9620f79de01d162628282c03f65f9af4206ef51fce848253f93ade375f9677f0,codeforces,13997,train,2419,6
2420,fec8ce1a4b6eb45374e2e4130813405c8c122c97e72bc9b2f36a071f187d3724,11fbd2cecfd4f3725f821a099e12e747abe252f36cd4f77a4a92db3960cb0895,taco,5647,train,2420,7
2421,3dd7f42d0f607731ceca56fe79355410c1f6d29be2984bc2a696c4fdbd6a8422,a740014087e9551f72dc5681fe9eaae589b6be0fa4ffee4e7e9bc2a31f597506,taco,4893,train,2421,6
2422,18746c878a44e59d173dc901c55a59f294438e484bdba4fa92424bc5f704e817,ef29f5b52937585041a80f880d0de9232178dff78afe9fa5b46e3916caa92787,apps,12707,train,2422,7
2423,ba9d8e1f25b9c303551ad630c72dedcbeae3437d0a397da5701323bb06d9427f,26befc14d1482c766e1e15db3a55af8426b46c4d401a352e3f3e3b6bf2c5fa9b,taco,10443,train,2423,7
2424,cc044806dfddd7e91938456646ecbe6de8b74d6845e6f6ac0d5bafc27d920093,98c740f335c45166f998d59c57ade5fbf578200f094284788edc26816c7666e3,apps,15940,train,2424,7
2425,42ead62a82cabbc1c80fcaa50caa0a30d111f23e7b7610dce760aac38d3dc984,fbb28347c2508bef9b04d5e3b6cb8999f888ef915962d5a1ec12ef95687997a9,codecontests,21131,train,2425,6
2426,837c25a7aaa2aa9bc042665ff5f24a88157c085a32cb65ef42e62aa9461fa0d8,b2f38d9ef9701602fbca526723e2964b060f7a24a91c1d3385c62625aca288ec,apps,4428,train,2426,7
2427,9728d879600e78b785f30203f30dcf631d73e53bf8960db79711bd51cdddb855,5478a975d635c79e83880ee58a6cab6ac79d33550a3a434f28fe2c072011a806,codeforces,3257,train,2427,6
2428,ad74fe5247252a7978b90b432204a172618445e1bc7cbbb76ad0a5f844b1beb3,60ba42212c8eff3a72941094180d49cf504fffce286252e158323e05f53c365d,taco,5818,train,2428,7
2429,1944ec58182b55bb200b46c161687b6d167335bb2ead404e86f13c99adba689b,d66d100c028beaff9ee6393d1d9906e7c5ea0c68e08cbe2f9ba413cdfcebb854,apps,197,train,2429,7
2430,070e79806291b0ab665b846bc1e164d2b9104d5ff12288a9de36f2b2f2da67a5,ce55033c6dbbacba1698cc60184d7fee0cf1527dfe91fa4d6c8be087e5930b64,codecontests,10532,train,2430,7
2431,05945f4406fe99a49f8876a7ed1f4d736b8f7b2ed0410b12a4f4cecd5db5218f,7f5c912e57c96595337e7b99352d88c00891a3c3b2febab7ff64b5ab7705a515,taco,15533,train,2431,7
2432,46d7d5a6a7ea4b11d7aef9c2952268c54f38522ef45f769d0791b3d35d54ae99,7c00feb870985bbdfa8c8f5aa65f8941f6b0d3a65a9d91d785ceb212c0e0dd2c,taco,350,train,2432,6
2433,6e4b594ca186ae65a436dc2875ff1987128e9caa13ed9083b29cf7e388d62cd4,bf8b94d3b5c362dbcc6ff2ef2dd4934bd97968efe68faff47ae49ffa7b9c98a5,apps,6495,train,2433,7
2434,a4625493fd07e96c76cef9a67467c71d34707ba52e6c831b47028725c032a0a9,469af2f67d88f1a8421a2a7264346350fd0a0866f062a710500dc2ae5faab869,taco,7971,train,2434,7
2435,f50a612cf29e1db2fa424365e188f6fe690cb8432a29387d7946772757be9e06,50a59dfb45ba78399d0c462c65f50f3f7b00f47e94433ab4585a926a89d07433,codeforces,9156,train,2435,7
2436,a9a0c191f75e5af4742c4fdd39793e35aeb435304a5a2dc99f8835b8be537f1e,20e61deef5138c73aa4150f9bcaa845e197cad7f991f3949d5ddf5cf12c15fb6,apps,17946,train,2436,7
2437,675317dc073169413a243249c9d7f757ae267d720c82e7b183b712eca062b391,1a414251700c15de9bba943186b64261cc6ab06424fdba160785da65523117e5,apps,12004,train,2437,7
2438,5c22d113a9e1abd4e2c2191e5d6c130665bc3670bfffcae1ac91f1e87106de55,02add2627911e4c6f059d5f4c47239a42a7246447bbffc84c02b7e0d5a541327,codecontests,19502,train,2438,7
2439,903f02aa1d3a21622bfc8692e03bcc4ac2e36c15d65ade6e99262cb9e917b12f,60db90adbc0c895193dd42c2676dfb8facb33f49a58507a74eeea1e9c4b0fa99,codecontests,19506,train,2439,6
2440,fc1f17a0ed8502410e1c7bc7e0a37cfbd467ac0048b81f3e683b42a2a26abb98,f964739749fd7f51e73eb3a3f966481a6926392d2637ba2da9b064581a6d66b6,taco,3073,train,2440,7
2441,de83fba1c5116e36f98d599b15d019efab08257ab6431b7f7af7cbe4da57e85d,40b9030a542c1ff74cf99318751a238bd8a12087e282df2e2acf87450f9ba244,codecontests,19318,train,2441,6
2442,61229c15d8155820ad7bd0a5d5ee8dc083eb51ffbd2ecfebbd2419b1bd488547,1a435465ca1e4ac66b05d5ba6ac2edf6e64b0041aa91c230f4e486a2044bd8bc,codeforces,14721,train,2442,7
2443,6def1eed25ab3e9514d63c63b07e30cd03dd86bbddf34728d9965b9b115e1095,190aa3a951036989834359983f32daec6075c154fd6d295dd20335eb151ad567,apps,17530,train,2443,6
2444,b640d7eb3a648322ab010f72ffc5ccc0ea336a1e92daca49796c6d7bfda5e08e,5a01c954f30b373550a9804094e20fb9e4728b2549806b835cfbfda08781d28b,codecontests,12992,train,2444,7
2445,4d604eee921a53ed06a46cd18bc2f037f4ef4844a35c6819040ecf94e2bb3cee,f3fc5848b99e2d486e86a09e76dd2c4f0a9da9526e31c2a787c611b129dc1bc2,codecontests,17254,train,2445,7
2446,4f9db78280e117997c55286877a077ae871e8b5c076099447a151525f725e551,88262880c77737ee8eb1e5e2dc7c87c8f3afe89b647adedfe8a7a6db9b53d473,codecontests,13475,train,2446,6
2447,86417ca6376ca8a384e9c6dcb304bc5b4e086621607891138cb98dab2f9673be,98c6387ffe456845bfeced228b46f80b06d04aae2874b0ca27f9aec734a0689a,apps,13970,train,2447,7
2448,6d65ccea798df6257d2e7397d1d1104b7901e8bb04b4cfb43b6c811892724598,b76bf3652c6c061b23d919ab830eac3e32aff26c3905297413343b3e0d8ef05b,apps,12889,train,2448,7
2449,eb2a394961d9035bce38439d529120d5bae156d0cca30d85511c0112dd5d7b1d,7ec6b81a7b5d93a54927f46c41413a5fb2eb52befabfa1b754cab4cbeff47e94,taco,14329,train,2449,6
2450,a2cddae76b51d4de1b69d5c111c371cce15d188461e1637ca2f00a16da94f146,efacc7628113173f893da3c5e7a80757fc58ce2e6bbad62ff883ee5f9034ecb3,codecontests,8608,train,2450,6
2451,e6265a3008f3b901c8426e47ccf1b31d34627c22673409bc7621bc474452520b,cda1b4e5eb9015e8ea9567933859a9f3e1924bd0e0d63b22ef75ecbe4ab15c2e,codecontests,6334,train,2451,7
2452,6bbfc0e6af6716cf4d76a3bbfe57933625d2d80a1fe5e6f3678313864386cf77,c84f2630d2b7c038ca60cec4886af184970c4218a9e471127120adcf31f1a239,apps,4871,train,2452,6
2453,3cf260c5be6218e87c76db615227a2b14acbf9d5549ddecb2fe7b80e9c8ec0fe,6c37799e6704a8df0380a486e60914b47dbfc96e040220088bf372e5c8f81ec7,codecontests,21359,train,2453,7
2454,e3e632c09fcad44a1dfaffcb4c27b03bb66249f83b81cf3be0971b39e64a1feb,7576f65381724da611c9a4cb31a35bd4bc01b8edb51e8f43d20138a0eaad4d12,taco,18826,train,2454,6
2455,a918724c08bdd54907ad745e92e663412b7411cfd323a73f0974aded2c8240ab,8df6bc62d39f750fff03fe81cca26b294964340cde1128a28a49575061ee04ab,codecontests,5992,train,2455,7
2456,165f16b32c3ac134bfe3901a942aa8ec9e44fab497b245782b1c92c493a9fd0b,299572458a7ea8c90e26190717c5bf13af9ca62b49adaaf1ce6f7067bc7219d9,codeforces,9143,train,2456,7
2457,8dc6a72ce7c151d789d7fc4c77fa769f421d27d3ea9f5f0210de312c37db505c,ea0f319ac2d764785bfb7fcf4f227a0603b4e208f1244b4f43d8ba3687494a0d,taco,3434,train,2457,7
2458,f95e0ecba63f1677e3ebc40554eec077246146a93ccc17be87e79deb36e14a45,5ff6d609939d66947dfd4373bbe2665346720f924f698e4430f95648bb6d5499,taco,14601,train,2458,6
2459,cea6edd2200cb535a8737017078347f38d09013209d9c3fcbd84d270ea6e1dc7,06e53b911006b7db840aff199f2a2c6e5d8f76643754dc99dad50f157e475a04,taco,7437,train,2459,7
2460,d904b7f752bf45794786d7b7dcf450f5c6fafe5719978be75ce18940c54a7621,f80630e0f7cd625f89b300be552df91198840d06c34dd443b725508e5d0f3797,apps,14430,train,2460,7
2461,0a0de82dcc22993b4aedda4b879edae1c74fa8f80d21b55890b4cb5c5b6196b1,3b646149f79993cf9b0eaece11cbd34279a0f66fc35216fca1c4812e66d0cb31,taco,16930,train,2461,6
2462,6596c4a950d17e4a9370a0a26bc3c9196dc75713775c294284d6f4d0a8abd728,957a9247647eb677630b3ac54dd417687d3fc92aebb3880fab520e89f30738be,taco,15712,train,2462,7
2463,fc518fdbd692f6f720d38df7f781b5ff6dcea9ce4b74d2c288e97a6af3f7f101,a0d330e37e24296605edb9552611361a4613384cf1fd41082123a14b10ab530a,codecontests,21450,train,2463,6
2464,b5548da904396d4905f982cdcf91dc053e34370fc89a698694e1a734d0aa7e66,01df0c829d2b383164afb7303bc932912bca530b1879405d002946d0a9241f48,codeforces,10795,train,2464,7
2465,1cc887cca413028db01666c4e87712ddbce4a08741f9fb9910280fb45f098511,7df0b9389e6790014e179791634f013866f2c87b5ce268e90b7ec385764e1e0a,codeforces,22274,train,2465,6
2466,d34f2095ac3b422ffef6e9fd564b653e5d9259ff24bfc319c0a928b4ece92c7e,c09dd4be97d1f0ab76a56d686f50f0039f7a7eac9846caedd2e92345c862db82,codecontests,9443,train,2466,6
2467,07e59aca0b95841a201fb28e10d0bb1725638a01aac41c6d8b9efad8df0315d8,35ddda0ba000d8af04cf8098c8ccd696b90c7a92ce6464bb9d1917c9bcec50f2,codeforces,6176,train,2467,6
2468,0d904f1a3b5fe9663543b1fd27f4f2db5a7ceaad9cc9a3e096e81f37c7a3fed2,ff19de4afc00968d3494cb4b53e595d2b5a829a3b90da261d3587485ff4894df,codecontests,11845,train,2468,6
2469,e221aa406165bdd4fa6079e1d4ce334d9a20bc855c20e6661bfba4e4cc8433d8,18bd5deeefd5b9e170b9c90f7ec9fb250e7ee158178470a588c174b36437dc3b,apps,4660,train,2469,6
2470,e206648f2f2cb05f7159acd1c68e5b5b50d0a979c1863dd994c57bad6ed24f69,7171f51a103c1e0c5c13ee0b9678f43ef78e74907f76da41e292d33e3813ebaf,taco,19877,train,2470,6
2471,f69ae7a05be52588eb16988314ed7240f336c020ee378638abd974a67a990a48,f761099acc6ef2384213255eaf0d9d9819517156b0e168551444efa72fdd6329,codecontests,11726,train,2471,7
2472,7462d5e94521a4fff578b863e6cac6572248941cbad5e9428d3bf15956a42fbb,3f871c0e4bd6e159579151d474becabd3d4faee7fe56a8d3546fb22783e38326,codeforces,3849,train,2472,6
2473,59e221436a96c9e49e8fd4af9fbb792363c456dfa368df5575ab483b49f1a198,9d1d3aacf5d0ff9fd76e5c9aef57e6004933a2256375853b7c2e4739299af467,apps,2460,train,2473,6
2474,83e52749ba4d22707884c57c51158f929b30fe5ea9e8ad2230aca69e82871c83,c5d5b6c3caf20660027be943b867a4f1bd9dce04eb2b4771229c91232df6d913,codeforces,1393,train,2474,7
2475,51e6832c043637fb3aab28f17b42491993a59588db37c69aca41a7e39339bd20,8d70643232db42cba1c01078a47e000854c284c8eef5b7982cf7fc904613ffcb,codecontests,15963,train,2475,7
2476,4ceed7c296908b6c60b89d11f0437897df224b79e1d23a7cfab6f595df562791,7d03125bc48891852dcd9e5e4c31934047cf91b9d02326e4370eb69907b2c6f1,codecontests,6954,train,2476,7
2477,a564da56803b49027ffbd4da2a6e4681a8a6b094de1a4b2329671c72238d17dc,b6d5356e06b6dccd32727f8819c72d70517c8bf91a9b59f97fbf2a73bf7fc473,codecontests,9343,train,2477,7
2478,d83169a6c2b6965cf15fce8353cf3472d402bbbc6f1abcc571765239709214ce,6d4c296fa69ad2af872fef3b72282447084ca309be78a49b17ef26097eb779b6,taco,14296,train,2478,7
2479,39c2335177cd98cec512495c0cfa1861deecf4c11c26c1e951836e5c566ac4da,ba0eb4cf5869a0f422dd96376707bb7b4430a85a836b590937ece1da04280d26,codecontests,7224,train,2479,7
2480,02339140db74a34d3a06459d5f75868058ce532ce89480dbf98797b4189667a3,04c5cb8a4a280a087f13bfcdea9b676a103674d42970ca2a928e62d53a74e224,taco,20581,train,2480,7
2481,fecf0c5995e760c18c613a32aad4e0763499a880c6f58bc4163fbd5716d428d8,59cf9fed95dc9b011baf4854b1302dab0d0dbb525d6920ea63be8e112fce9cd8,taco,20139,train,2481,7
2482,c1736e3f56a9fb94a6614eb34e6b7fc377143f300d475638d94be8ae5b6fb2ee,18ddff79f7b3f0a2d9d561b8bed06420a5453b2f2136b774c519e406942fba19,codecontests,6347,train,2482,7
2483,aa75b5885a774b540fef48d78d050e5cf5ec984630ecc9691f6fab95bf82f3f8,cccbb3223503eb9edbf76ac56982e9963f3e00fb4662702b832c81ad5c163f1b,taco,1243,train,2483,7
2484,e695ec5012c8c3a210122def29b402ffdd97314756ce565d32a956cee5739a1c,09e351f0887fd3b0ebd3bb0cc118ff267802b69f223d55e6cea6543fd812b492,codecontests,11728,train,2484,7
2485,3c74e95ca6029c99ab7b071522e6900ccee2479193fbf68762fea81607258dfc,7d9a0942f915c0c5e8c4b15752be2e5616b6ed7fc671482d3eb552732f407a65,taco,7733,train,2485,7
2486,1e330267b4f0174e8733b8b5c267cec0e072f46ac2253b02f2596d231b499bab,1366aebf44604d66cd5247caa33b7cd4aadd988567e656600cdcd47a14fa259e,codecontests,20557,train,2486,7
2487,2a6e2cbe93d03d8935e7f6517a62bad8d5b7fa31f3762de6c01e81ccdf154edb,1012aefd7c26a05e19d64d778bcaee52273f2cadab90ca1edc74c68dad45313f,codeforces,22001,train,2487,6
2488,43f7244b2dd3d056087288e0bf0c85abdf8a9d591154a465d46a41d935dbef09,4464161bd7cad4f9bee036aa9cab9bb1fb8c74f8bec2e37934b6a48fc3c21d6d,codecontests,7291,train,2488,7
2489,15c9c942f9894d7680c4ff911e9290c070e6214b3603e5dd5792ca86a8ee5cb0,2d242cadf35327cdab8a06e1426ef7721be8e334887e6e4ea61d7428e100deec,taco,4875,train,2489,7
2490,d39bb25a6214bad1ec7d3564fcff3cfa1c55fa7747a4a8a8c28686e84d4ccaae,3d182c838b60b993c13e66abb6109b4271fc0e951546d398ce149d7e3cf95ec8,codecontests,12727,train,2490,7
2491,8c9f90e9391dfbefca0145d8fa7c0da635481ba53a80fc736b626c3851f381fb,57e321f66b901e7457c362a77cfa476f811d9725b7d1ed31e0ca96a67fa367e1,codecontests,922,train,2491,6
2492,d3914dd9d8218e993df3919ce5a1adea84fefa1308eb9ecdb01368ded65f87fd,ec6ac57eb2bda074f3483ac7583af6e9b7a265fc09585605455c38e9c4d16950,codecontests,6880,train,2492,7
2493,f66086024671cfc9f88ed174f21bc3a5a84db26e3ccf174e30642aa0fbbae97c,acee8626f95dddce09a3d1ca23035818bd277bb98c5f18b6d8174dc5b8f17b61,taco,13657,train,2493,6
2494,2002358014fa2173bcca06b13c3ba76e309261b820801bc7b9b3480127fbbf6c,2350ecd7ecb95f1ec19aba73ac84a32e18585833b50d6636c0ba0b3b539a6a16,apps,6192,train,2494,6
2495,d85649bb051b0dc41abf433aa8e2fe5ab2e934de8702a69e1d19024ba6fb0cbe,f7726a94b9156775be592c77d6984d03a9161edb1605af8eaf45d0d046fd4752,codecontests,12738,train,2495,7
2496,c5ac7a266e7d0047b1d25931b07d7f1b38ceaca53e2a17d0a68b4a9daac9507a,f00ff9d9e15ab09dea0e6fc7ed571770e1d32c478839587928666007d4cf8877,codecontests,7301,train,2496,7
2497,aec0f82e1bac52b2377c3e69c8c8c5585a30c4da27bace92fc44dc9a27576509,087d3c3e647f9df6015302506e8842f580bde8f3bd8fc9362f34cddbd00e4d6a,codecontests,21154,train,2497,6
2498,52c191224133be1cff8d6cfb7cb0efc17d126a5964fe4329b0d756a3ab32d03b,10b56a387d717ff7084e017ad3f1fbf5e25f791cae4d4fd7d2e5ae0ea6bea7da,taco,13954,train,2498,7
2499,b7b72319851886d3f136343bf66f75797eb2cb19bdf8befe3c89af6e1d7b5c0f,5a260866c7a97b1d30aca27e069b50693cf07384ee95655ff1b15c90615cb51b,codecontests,22183,train,2499,6
2500,a27bb1d05efca95baf1ef1451a8f8cccf48f54c5a82fee3c6d4c531060f63868,1a316d70462287d230bf9a14549ea7ae859fc30d785880c5c45526d6038de998,codeforces,12224,train,2500,7
2501,3423d7637ffa185bf05b954a93be20094572bc6d876e450204a9587cbd5e8d7e,5d2d3f02ac54add2360fc838af2e9d73e02858854163be8ab9603f2f10c8096b,taco,3353,train,2501,6
2502,d29d019362efeef68c9ad75d093e7be5417c986c9f2e58d6c12b8400d5969362,2d1681cf19243508eb10add470d0425f02105e545a291035a452679102543ced,apps,7703,train,2502,7
2503,c8a6ef5075112a6dc0d9aa8cd53776a9da20934d4719ef2584fff245276a22f6,1573c735235197b2d78dcc4e7ed3c3718d9331acb6d6b2b47875bd1fa676ad1f,codecontests,3139,train,2503,7
2504,254599ce3f91b9800827f692a450935c7f995e520add45c73222b3275199593e,a235695ca0f30471e434f29ddc57303742a6b89601a746c90f7cd0323f98610b,taco,14398,train,2504,7
2505,181892bd1c833c3bbf190bef8e5cf8421ed3d89e5ac791a9669575dd355adfeb,438ab50e41d56280ad015bcb090fd0721ec3ac2ddb09b1b042720d032129f75b,taco,20789,train,2505,7
2506,544dbadd862f1a35a5345a2924dff2bd48d810f00c95ce6ca834b1cfa8466495,d79afc569773dcde38c9ee36c12a948f462c8d666e9eaef0868647821245e0de,taco,4371,train,2506,7
2507,e26655fcfe5e7d12b6f8b1021455620799ec950f74046de32b011c87e8c1ef6e,cf33873fa532120e101bd47ece26084b4c81c7282a9edbabcab41baaf617dcdc,taco,15319,train,2507,6
2508,779a3a2a6d84c262881b86205683e23a206f1ed27af2638992ebbf0d336d974b,5f51d9e36871b0630f6c600e93584d15eb1e842f9dbe0c9a66be2211f7057aef,codecontests,13033,train,2508,6
2509,8f237cdca9ca91e88b93c6175e053a3884d75235d58542c8cb8d0eb664e4409a,43e178334acf4538a1dfbf24c34f59c3394c030e1d49cca1ca4cebf3273b8458,codecontests,16034,train,2509,7
2510,41b1f17ff4e06146286eaac906736832817b66140ceab0f8c6cd8a9bcb616432,1065f9c0e1734a58a5eaa5b0da7157d4d28b2375f56d8013250b13607227fe6e,codecontests,10598,train,2510,7
2511,e612679a81c3008f639c37e798d8ed295d18780ccd114716e2262595da375cc0,9686d2781127db08134831df837a78d21baed559524b36e9289d5bd6889f3da1,codeforces,4544,train,2511,7
2512,fe93270ccef398fbf256580f0c697afa10f04fa6a3150869d84b92756fca79d9,3b8e6ac30bcb3bf9585a537b95cad9d12bda27f20ab43ca64c2ce04ee7b0357d,codecontests,855,train,2512,7
2513,97b31c7b3c3321d60c3ca4b7258f7489cdc28c0c80e60ef6668dff8b9a71a3e4,0c36efeb72d803ccf10b1041a8c235d8667963e8aa84fa1979e6c7c3238d03c5,apps,17404,train,2513,7
2514,f44ba1a02fdd770d4d3e818a46547bc9dc7fc51542935cfbb95c91d970c3ba9f,55b62747500547143fb8f022e4c4a372d0a303ab681cc0d4bfc42596f7edf8f1,apps,8935,train,2514,7
2515,aecdefbd84ce8139763d51d95837f8a63f80640417bccdb9465103fcbc9da0bf,a0e4e75f5563cbda419cc031ea2d27a7fbc3836663227c7de8de49551f0eb2e3,taco,15591,train,2515,7
2516,23af47672b068dd4e51696330a8aea3cc9a46adf64a45d6f6493c038ea8af5de,7ca7fa0f43673701e8cf70fd3758f9984db54ef413352e5c840d92cd52fc8b28,codecontests,4842,train,2516,7
2517,480ba46111d3e27db8a0e034147ac0c484a8b6e96032794f9b84ef22265a902a,ccb4d5dbc54ca05db39f959220ab2fad9bf901ed01121380db09e250a36dc46e,codecontests,4136,train,2517,6
2518,19ffa539b0341f685647b5ad2ac93ed1777f0708216da30ad3c34555bfb6f7ca,f9851743ce617e8544d140f11a2084a5d1864e638fbc51333d47d7d36caba515,codecontests,3146,train,2518,7
2519,e0ffa489f9d51cbec32fc19b05894b6edcce34281e8acaf7eba70b558c60dc01,ce7d835c5553f2f2a13c364c58e6706ffe438e9b6b6f4e618026a8d5c4de4e22,taco,14652,train,2519,6
2520,bc29f07edd73dfde19f80ec16c58735deaa65e9c15e8daf20b171ec76bd4271c,f692327d0430719eef7d1e69eb76edb32910135940faa0853bd33ade7c35a3f8,codecontests,15371,train,2520,7
2521,5ec49f3b3633c4f175db314b14bcef3b6c2020adfa55777ac7d6794d668c481e,402b95c690f102ff3f4018ff8b637cf8267784ef0cd80ee63c6c328a39e2c5cb,codecontests,3130,train,2521,6
2522,c1b5afbab6d221933de6a349f78e2e65c82c53f36400a36c82e2d97a188c8887,5d1a266c96c29eb2407e0ec5e9ddc42823b43db49fa92a140cf46efba07d7f35,codecontests,6402,train,2522,6
2523,d70a744c15ee25a1aaed4a421e3f78b4a0082ed468e68b2b33e036e94b0714e3,04ad820bc3aa944e2521cce9a20cebf3a63032f9d5c12e9a45a2d332d121dcae,taco,19770,train,2523,6
2524,d5258d869ea2fc644c78c383ecb8ebd646176a18c7273ad4c67a126c5a83bd4c,d429bc718e0563caf201418e45ac7d32dd440527a21798970c555fb60b3f929f,taco,22075,train,2524,7
2525,62170d3cde16778374ded00cdbe10d6fc64b25b470dd0100498f78a3c84d6a6a,fbb34dc000533fcb10c7da1a2b3c7ed9540e83cec3efb11166ec4b6cc2773aa3,codecontests,4547,train,2525,6
2526,9c14fa9c3a8595c62c7d202f4c928f3a0ea60500076e57db80ee8e198d452160,7637bd30e591262dd15bc149492ca4af383f06abfd1e5cce70b132d8bfc41c51,codecontests,304,train,2526,7
2527,adcfd53ad48c0e92104bf157396b528afbba3afe5139fe202cabee8b2c796b78,96e28607f88d7265dc79967ba3e53c857c419c9a7059b4f0c91a1fb3419df895,taco,3915,train,2527,6
2528,ba1948b55932d1f2b228e2205ea038c09914ef53d57e3d22edf3001f2afbe209,b9c0c22a2da0eb7e66024ca77175f61eb64f6b3c01a404d4e31bf592d7d90265,taco,525,train,2528,7
2529,c77059262cbf182f3290cad2e281d4432cfe38f5f8c4f2bd83223909a9fcbbee,e5e30429b89cfbedb2d34825fe57013affd0602e01c8d65858d5f6162c255961,apps,8741,train,2529,6
2530,96f2fbac5b0aef87ffa9cb7354570ee98051dd3366de80fda981cd8af35609cf,7adfbbf409636796b85e1519c0ec0d0bde1b541d58d62c70401e75224d576051,codecontests,18646,train,2530,6
2531,a1ffd24c129583ed47435ddc8635551eb935741871ff0fc84f5a6863ed31dbd8,816bda1e2ce779b98d8e75054f3828fa3d5c6c3685130aa02aad5c6568e7d2b2,taco,2088,train,2531,7
2532,a8b24a5a1e4649e6e7b0c921b0b99a58401a51ea13ad1b115b788b3e8dde57af,4c5969241018797ea19f85aba13174edc3e45ad73d11f1bb6ee329411a355bc7,taco,13786,train,2532,6
2533,9645ce63707e1f637f8edd0cedc6a707795355f6bffef6e329605f6f381bd772,6242e229c84b11ebcae028eb50fd8a05986e678e6f8820f8b60ef8ee2879fe32,taco,17323,train,2533,6
2534,cecbd5b09595f623e04f5c74e27eb33b47ce7b23c7e6ed8b4370736939aa9b2e,6b263d9f38c620331923cb2da2763db326b2581e3eaf14edc96c6e8f7689e969,taco,7617,train,2534,7
2535,8465accac5c5a22c766b2801666ec3533c8d50539042bdaa9ae1991885a2c9ea,fcdaccfb201d0a988a2e78d0d831480e2b4d1c0b5e1ac5cdb97fe1be7b04c3da,codeforces,6433,train,2535,7
2536,4e15decda2d024baff0c8fe2538238043802cf1b3428601d872f7e9f09ac2329,6515699ee3a6e73c2dff903edb4d48dacd8cc2eab4c341b2251dde4643bbd88e,codecontests,19840,train,2536,6
2537,8d168194e55340ec580498fa2e9b732555ad7a738e74ce53b9f1808b412b165f,4c2bc2ddf1a86ef52c19486b31d2a7f877034e1d039895ad2b3fb2944fb32878,codeforces,17214,train,2537,7
2538,bf0a88580c9230865fb98a753f6a07b7a8b6d10032a02c221e602239126768e5,a0caa8c90f7d1162d8e3b3b9052367278f8cabdc9043aa20cbc5cb5a47773f56,taco,18166,train,2538,6
2539,67d8e9a5963438de3af1ecd6be7413334ee4d6777b77541db1e3f6646b6831d7,7c658ec60aa0ae76427d708c75f73baefd3e159faa072797022bf582bbd284c1,apps,7242,train,2539,7
2540,8ff93f784408c4a813b5ff0cde9be0d551e7d4797b035081ed90e05336f75aee,0a72bc339845b3f28c387d7379b5ff8deab68214db297aab71c771eca883f29d,codecontests,16673,train,2540,7
2541,6325e4f0b2ff5cde42a479ac8c4a238849a2d7e670903ddf7bdc062e91bcb365,7b81a7a93dc26fa441188c4309ea41aa5efd72b586ec4240838599ceedba61b6,apps,6494,train,2541,6
2542,75d08186298c1eb9a08a635a3ddf7fcf376ee3b346d7323f20cafa0ce4b2fcea,50b530668d8e30791229bc1400419be7f1ec5cfa6e55b915e57c067535ac6c93,apps,2984,train,2542,6
2543,c2e4e18d2930157a78c8b2acc0e17aa41d3e53d6ca3b01cfd992bdf282e3b3ec,d213a22a9835dad369a40eebbd5150eef40513786472067ac65ac85688162515,codeforces,2981,train,2543,6
2544,b7e2d500c157564f63c49fc23604dbbee3fbc10221ade6ef1de31e2a71f77b11,ca5995bb126376a78a736ccc2160d31fbeef92490348ed9a0dc42c78792bdf07,codecontests,436,train,2544,6
2545,86f7f23b79f54ba03e97fd667a02c6d91d5495a9ad2d9d54f9e7b1699056cc58,7b5bf999e5d3769d8f43a384ed2b1986e26bd729505a9bf201fdab1043e46cef,codecontests,21608,train,2545,7
2546,0a4e7f98f401bd2c69529b2417988fb1d4496b93a01f873da6107e16ade6be7d,fe1e526eae1e30e100c98d2176fa6f34ef7bad7588bdad393ffc4423635ddf88,codecontests,13283,train,2546,7
2547,54c1cb5f8524d5bf1a752adc04dccb69354e903500d5a593e6b93e5dc63f9742,bda0e34ba96f5f12d7a9c8d30546c6247f508f469e711ac1fd98051fedc9dccb,apps,15240,train,2547,6
2548,4eb6d54d1b50e622db6d40a9ae45650d3f0f5911890b8368d9f4d71de7e60f53,5764a02634f3f36db1f2c18c5e2e151155409af55b8f81c716e3937e7b3090a1,taco,292,train,2548,7
2549,5c5d3b4b89bf3c98d8adabbe38b96179d99c9dce13e99f2577b3026cacd94f02,c81255f0513b8e9436efe840b45848f1d61f7c159230cb408e93046199f48937,codeforces,12796,train,2549,7
2550,81343f12816cea014b37a386572613107793cf9df82e3888c59a59b9b5bd4242,25bd87ddd510e5add2d3865d4a4f0431438ef098fde97e1fd45eb0855f0684a2,codecontests,14545,train,2550,6
2551,0d95af6c80d4e3ed966ab9bbdd7be9b779592eff031a4ea26f0a9ccbf2eaba15,befe062e02a31768206b3feed5a658a8bb6834de42a55ff5eb5fc7d4776f43c4,apps,3604,train,2551,6
2552,0d6d819416ecade4d22c30be41f3f119b93c27e188f6978292dd2e7be07f2a81,032008fe46ce2c062278a911c0ae4afe8c5d7ee34a14ed53c6e51da108134b9f,codecontests,21982,train,2552,7
2553,63b6e68aa5e6d07fb1eb796536d59ca0ffa1db5af7abb0b428e816f38c22e293,c9567fb2389b901d3677140a7bcd17cefd14c95187b1cef523767a429944d1e2,taco,13579,train,2553,7
2554,276540d468bcf76ae98ccbc072d3e8f63685e5c54a4ba49cc10b348192831acb,fdbce8005fa7876497df019cc06c49699e7f0109cc9d8520e2183fac90b2f00e,taco,10229,train,2554,6
2555,66a499c68da1d49ed203e993d9eb4ac6e0e93c1f32f27715486fa295d3ef4b35,01db7fef5709adf9328c606f22f6f2dc4d8c0b95456584c2e050a5282ad71fef,codecontests,19296,train,2555,6
2556,782ec11d6f557460efb21097f1ffa440d28e6070da0a56427c3d44d23a396032,4a42e5489ce51e97177f3487796f1e1dabe8360ca67bebdb047b72f95cb97c92,taco,10659,train,2556,6
2557,16a2154b030351857f3057270ffd057c156fffddf0384adde3477ee28dae7e69,820e11d8c4aafbc7b182036fd4dbbe9b6659e7c64d3174c2c9d2ccc4d125a53a,taco,14452,train,2557,6
2558,e9c502e374e4a17beab548a8306d833bc86298ad3954e825c888a8abbdadbacf,feec37a68e39a692ada1a21e50933402e76b3cade8729688a0e180f6bd52a2c8,codecontests,115,train,2558,7
2559,b28ad81b70716f244fa525c92e29cd66244f8f2d692e59632ec88687204c6b3b,654ab7aae46e9a2bee60e442c2d809a75d3c698ed1bd68c080db9ae6485403a0,codecontests,382,train,2559,7
2560,b5ebc3d35dc37def2f7fcf73f221253e38d75850b842d33bc6af510b2d654e03,0fda27328f8dcae2ce82759be26aa9f731e91e3c2e55447e4407b4305baa2483,taco,19588,train,2560,6
2561,57d8cde6aec3da319d17685fe90b80a851c6ee5b2ac38f5871c87a1d13222bf3,0c5bffdd7b348ef46a885507675dd7f534c8b1baffa3e567e8c03e93d42f1c67,taco,13887,train,2561,7
2562,9d1bf5924f795d773d5c09b12d574d63cb56695d6346e258bce9f16d25e56e55,8cf99ae5daecea7379510b581b937a11d5e28da62fc70414d530152e09124a8b,codecontests,18342,train,2562,7
2563,f7119618f65a5c5abbf40507b8fda8f53cd7ef57b8fdc2f8de6201f9a4d8c681,d82ecdd048f55b481eda26633ba76c5f1ad274247dfbcdc5bc41f6f218f2082e,taco,19086,train,2563,7
2564,b66f1e102d6085c9d17052df56cf7557f65b8d2c438025e9057a5a50d58e35b5,a9782ecb5807c1dbcd43b7cbffa6eab037328f463b19054a682ce311985945ef,codeforces,14138,train,2564,7
2565,b191d33c53b62db8d85cd2ac261c0328910368dc3796d6cd4548da5e7effe65c,1ddd67ba4581cf39bf6f2d11fa9cd45c9fa99cca6f4215b065ffae89e98d5797,apps,4815,train,2565,7
2566,31dbd8f4fd9fb73cc55095c6675c7397c9cffdf52a2d39572a19a5c60b3e0f8a,a0ee41e083b0b2840aacfe90ab616366eb72d65adf894c77335d6746b1cc8f5e,taco,13058,train,2566,7
2567,e837198216b37741e1ff451ae43bdc5cd951ce81208718c22cc8d0ecc797c380,a19bf920fa0390f712d6b4ad1168b9056368f00023b72d4b3bff4801e9ec4f3a,codeforces,19494,train,2567,7
2568,721cb7c7f364295497ab5e39268748bb778eb1589f53db5986eae4705b66c809,0058cd2aa473eb5ec19a7ff141a7674206f97bdd661e53c1dd208feed2cce362,taco,19473,train,2568,6
2569,63e2c719084e1e5ecffe13add0b060507b24076a484e08aebe519f62f5ef497d,974f9b33f1ddb373663503320108853e6a96dfabd8ccffafd91228e5d13208b5,codecontests,15411,train,2569,6
2570,0eb127366bf000f79a2163a678c50ff404d1bf799a18931500cdfd3520ad566d,a7f20cef789c10e5b5d5aabe5b3ee6e9806f1f35947f2b30e12862a28be4eccb,codeforces,1261,train,2570,7
2571,93a5069c19aac0097d076bb22aae933c6ab7b0a66fa4ef578aebc0e6112c9e3c,9089773f77c84591630621b31d1934b4b70130f88d51694ab4a087a92da44ab3,codecontests,18338,train,2571,7
2572,acb19d9c51cef36d22d48897b5056423ddb72a552f76c4f9d5686c4c77682df1,aa04ed9c893d6066c1bd1009e848e21cb3e12bfb32d0d353339264c5fe908868,codecontests,13260,train,2572,7
2573,17b55e8ea9655fb616d8221f9b6f429a65455ee31dd3e970e543c2abddb480ba,3d28974f8fd81b41b0ee008d39c438587330c932bbb7fcc837e25662808e9b9e,codecontests,8736,train,2573,7
2574,b044292e3e1e5f396462a9f3ca9d5d6403fcfb00fed6c7451543cdbe936ce51b,8aad9cd911ffd0d6304a346e2c81e8643a642c3b3e1d88066dbb21951b086f07,codecontests,10739,train,2574,7
2575,af9877636a956f0cfd1b863dc3b333198c5f17ae2c414de580625774665ed957,822a78211013995f97c825eb5d9f66d6e0893825ba33865b7d055ac664df5acc,codecontests,7928,train,2575,6
2576,4a8531b4c48d06e438752a5e34607c3ac7deae97a4ccc66e632bd47013b28f22,c794c3b1b8e8eabedadb32f4aff2904a46e5ec66a73192805971ed436b26ce54,codecontests,11678,train,2576,7
2577,44c9aaa6d9dd3a4c6f58a9e13fc0ea8202059010ad05b628eb37b97311d15568,ad98b891f0089f032987b3707268fce0bb55dddfd18027f6fc0602b5ca47d915,taco,12654,train,2577,7
2578,10e8a455cb9ee1258ab9f77cea2df4327b99217819d8c343afe1a02f02ddc530,0a193cb85596eec4d42ac58f925f72fae1f270b048421103b0a7a26846e2f710,codecontests,20792,train,2578,6
2579,06cc9f329609737f782edbbca9f1385dc9bca47bae663ab19dcef9478645eef3,651b00f32472c7579c6b61b140b9ad16924e8f979c3e879d17d9cf712506dd0f,codeforces,12493,train,2579,6
2580,650e6ac5281ee0d9d2e809fe3546ebeaa5414342f19be5bcbb3acf3a829ea732,973af2c01b71ca018a9425026a96c9846f38bc50397090ff19f737d6b02d2b0f,codecontests,6335,train,2580,6
2581,250261d7fa20f1147f1f96956d18fb5e70a9c6273ceddfa88ff14fe5fb08a5ce,a8e275c1af97ac68ba857c3a2217cef02505d75dcf4b90b208db662cafca95da,apps,6867,train,2581,6
2582,b58af6b200fe87da4cefec73e688fd0d57e6dd4cc82762f6d61ca3b10a08b1a4,584c84dd0b065ee48ced00fb6b6d444cad7d8efafb19610a5b2f0b488caf780b,taco,7365,train,2582,7
2583,31fbea22094ecb647da158bafba3c7c1768568a338964281c3ea5b25578ed4a2,7205f2923020b1eb096bd94b77e886b87245662ab357f6f97f44ac1d9c209faf,codecontests,2759,train,2583,7
2584,a1ebe1c57db9e89896c862b88eef9b7ec05ef63b3e54e8dd556523564283c6a3,57325ec47695659fffeb4f6538a259496bd5570b377a0589760f5637c1038380,codecontests,16258,train,2584,6
2585,4daa7a1c65026a5ed2314b63dbb0a8fbf264ebada3298733a4301d3b26a83ec9,8c953739e563f4b2b0e0edfbfc4857644d046f340ca74a530b40bceef391a5fa,taco,3510,train,2585,7
2586,96787a2b0b9007881299c72f4e0ebe96090d663ca612541b451a816b5a77b62f,576ce5b9d13a67012869042df93be984d69e3fc4bcf8a754070d6f3642909de4,codecontests,6555,train,2586,6
2587,97f03f03af6bfaf87682665978890382beb480b85d43c8430714de8ba05e69cc,b4696ac4ac08f265cad4852d0ca8d302f152792d85bdcd479c63541a9c4ab7f1,taco,4372,train,2587,7
2588,a336465bc6c5ab090e3fdc392d9050e9557a08545c782efabb587f0cfb254754,effa4cc736b43c8d421bf8f67b7e5df5e4d02d0e8dc4442e55d87a8537c71611,codecontests,19865,train,2588,7
2589,f6628038d1e6f29d52b54e1f43aceb468877bde7ada6fb778bfaa85f8a994650,ad4a34508c14e5fbcf39bd24d6ac7d1034566ffcff470e12e159524d035a7af7,taco,10081,train,2589,6
2590,835f7cbcf638d8d4cc2e4ba6aa1fd5b9624c82456a77ce3465bf107f4641d508,d13692640a040ad102cd8c0444972f6991d1163e2eb29ecac6180f8f1252d5b8,apps,20292,train,2590,6
2591,4ff2f96d87803f1e209600cdd4166634a26be6b6cb50c9a3d28c29d039b91050,995d715095109e7cfe3cbb6ec9ce5b7fbc7376210546e61e2e131dc88ca786eb,codecontests,17284,train,2591,6
2592,7bcdcbd043b0fb66d2608b2beff6817dd3ae65777d434df7f6f5983894f9aee9,ff8c020b0c2db703522f4808283057c1bf0d90d6432bd0c05b87efde4ddc8e47,codecontests,21660,train,2592,6
2593,ca834d9d886fd54012473d63d22bd60e5aa63bd29d22332e0c517fa59264451a,a0d907679685ba492b5dd86c695eda02b1eaba9c2aeffde61acc9b3c4ec77d0f,codeforces,13370,train,2593,7
2594,af4b5c3bb9414fa64fab30f33334dcac3beba0f88a35aaca4ca059993bbb3eab,e4ed85ea2ac2d8c33cb665a40f6022c5b2588cc9dc3c3c5a93d09ac749382677,taco,612,train,2594,7
2595,3d17669f04d6c532f968d8ad4105f96d405161f58c8305fb0389ed98ea780b98,bf38fbdcd48fe7fd57170addd3708692504f230e9ca110ab718b9b9b1817585c,codecontests,7203,train,2595,7
2596,1eb81cc2d58f1a1d34aaae93ec8d813b63565f9baee94a5d3fb9f4af3199a606,221b5939c5b445d1f0859431057a382792eadb280854779ab20736de8b01b9cc,taco,18775,train,2596,6
2597,066f7e1cc41264e97e31e3f7a9ac0ccfd0d5cc6ec4a5ba0930a794a06a523238,22cb22a960232e3a7f666f2787e250efad7ad90a05b835bcc4fd3547d26a16a7,apps,14942,train,2597,6
2598,b214a2296dbdb3dfa73e2a7348f32e1be716e746d1ea4592b24d42202e3cbc7a,5f09fb4380dd88022493affc4d42a5e804fc0832b0fe191a786dc64e08f080dc,codeforces,13263,train,2598,6
2599,768f84aef794b2db8bfa60d34762b4ff2c8f72db7f2668340253c0a867904a19,0a2ad1b5e0b27ebbd5c0a1c73da4408e903a734568b0afd1bac5c616aa3ff3d7,taco,734,train,2599,7
2600,52e5ce7c3181a983f6f20c05cc71af3a5d5c02e8ddcb1eaaa19de24a7b250d10,163d008df2af35353c3ea8ba185ce9017bf0eda69ae3ae8704813e1612d299ea,taco,169,train,2600,7
2601,1c07f79a0a9671eaf7f8109cfe56fc54df86e8742101212ac2031b395c033901,e749a3fbfee9fc97634947d6f2a0513e2db7d87fb8dd5143a1d58e3ee8534266,codeforces,5008,train,2601,7
2602,944833dbbb30cbcd8f17619481ca58a85d6ade792b8fae9e5432310c9b4e0f7d,1b74e486e043e4af0eda6bcf58bb77130c291471418869dd077a84a72767c869,apps,5741,train,2602,7
2603,f19d47d216ccc517a74faea053770f5c5434a81e49b325f97a589c09f97e75f5,da8da97dba48df5ecc20e0a30e7bb6d7f24894f97b13d8b326d13d83cf76d8e6,taco,2403,train,2603,7
2604,f52caa5e18b5a795e2aa4517c0692e7582a4f1266c62f7d03a4a8cf9a2941bca,58ec85034edfe11046b2b34a86eae1b5ac5eee3b5ae971f24afdb55eed9d9224,apps,8124,train,2604,7
2605,b2d68978197487272ce4583f2bb350ae760037d89b098368951114c3d173dc69,3be4467873849dacac816793b0dbd52bc38cf766ee7304dfbf62129d25737d72,apps,19459,train,2605,7
2606,90e9af90710cba05ed858b0e7b9e8dd62d4edf9de22820620644d4b50dc8ebbb,7f4a4f3958f2e5590a6c83b47808c850c256ddf3a9e048564378e0d642883b10,taco,7660,train,2606,6
2607,c70852be49017e42fe32e0ace3eb66316c220c1599fbdfe26ebc552daf6be6b8,5a9b4940d4a2bb593ba64f84268324dec295dad05920279b43edbe9621b85c9b,taco,6355,train,2607,6
2608,3e8ee334b73dac6a08ce7d4bea89064bb3a52051ef895561bc2551fead6bccc1,573657dd71b94b97f1728f9c59b47108f8c45c2f3049a20a5dd2d9ad72bcee1a,codecontests,10732,train,2608,6
2609,5e2ac34ddc26ae72219d5cb2b9008fd06327fb93ff628ba897d12c2d2b98ad05,66c241a2dbd7945aa7b6200fd5e8ac0dcb6347eaaa0c528cc744338177344b44,codecontests,3782,train,2609,6
2610,189bbd827a86c7113e45b452476e5a04eb337bf2b054afb9d77262b63b51fd39,69d09b07ed49c7d61de18674e97f7f129c9c36dc0a9e8f90e6c0b8662f3f4782,codecontests,12882,train,2610,7
2611,729c6a8602ab39b0f1cbb806896442708e57110737a4964561e6019274895ccc,3f545a49bd51232689d1ea186b55dbc269c7201feb83b1e8dec64104e6b96085,taco,7598,train,2611,7
2612,ef72c409ccce5adcd787bb1b82fab06851cbc3bde42b183c1d48e4e8902b219b,1f721f457ea38d270d9f1801864997482e074e6eb5586b3f6d93592aa549f6c1,apps,3425,train,2612,7
2613,b87aa3f954994b970b82172348b285dc3d654746518e10520cc593ffb81ac816,55a64f54e92a332e73e104cf1e3cee722e3b6b2a930c9339e1bd0ad4e0289e0e,taco,6898,train,2613,7
2614,518975acb92c054a18eb8093a0433ac0204c03fddd1f70da2b199b88a7fe3f54,8d5b26dfda30b0f7de6586b31aa5ff0fb4f824e72debcb7e4477e8ebc9a18617,taco,1453,train,2614,7
2615,f07d6d06499fc25d97a391aef79cc71a7942ae25aeed6146b477c3644614d3e8,a91c0c091293dfa35389667ab0fe491903e6f3114129ad0d0bacf8feaf1a882a,taco,9483,train,2615,6
2616,a9a1029731d06a1f7267c7228f025627580b11040e3311e9269267cd9b7375a0,07e8a8d67e005e55a87557d8bc3d39cac7d99e16cd592327b819144b0b8506d9,codecontests,11832,train,2616,7
2617,b5d7df56a6189bdd9ec4b4a810c9b3b39f5173c9c631012b640778a3cde5f034,50d617f04a95f1b98a82b685ef0445e87e790bcdd1b15f08b1bca8a149268919,apps,8622,train,2617,7
2618,60dd28b0ee1b676fd056571efc60642a42f9fa1fac93832e5188a787bfc19c30,a1b586c8ddbb21843cfb86db03afdf5287a953108a0457623d8f6da48e466511,codecontests,16802,train,2618,7
2619,d9541ed6a99913a4be118cd59accb5c0cde34c6749bbd8c00f41529a38d94ce7,a3e487e12b3a2ed9b599534fdf79ccabb5057f86e40ad59de413c1677b277fa3,codecontests,7288,train,2619,7
2620,d9e25462ce57b94401fb96d01bfc028dbe63baea66ebfb6479598e2f4b7b361e,8043b2e621ed134b5c59de63119730bf01d1710b44cafa4d16d30bbb5b4c998a,codecontests,5527,train,2620,6
2621,da2428386afc8c84d3b0787c3ae30aaedc9f9b874dfcc0d47b00f777fe9b7c1c,8eebb359589a02995dcf21c721658f55fbfade19a7cb7c0162dafd4d7c608b88,codeforces,17495,train,2621,6
2622,d14f5277fbabf58e30ce5fc4b3468d39a96c09d4cdbe0c9b3f05d18f2ad66bb6,e5d6f2a828f201f36fedf98e8e0bd8e4e8a350cf8df6ce5ae90fb179f6117e03,codecontests,7796,train,2622,6
2623,83cdc0d27519e325177bcfeed8d68aa7f4c756622826b5dd195e1eb5e45f7ab6,8ce284d2cdc27b45bb6b5ea9f5a531e53ff5fca3028e8d03256081d8644f3bd3,codecontests,87,train,2623,7
2624,4d9d2f75899754c906a56112b15adbb89ce3372d03fa4124e403b391270fe5ac,297b1aba1abf566249c59668f1e1f27ce2b4bb3d5dcebdde1539ea266a26552b,codecontests,6965,train,2624,7
2625,97da83500ed49669415085df25b8db6f2b3137cc935514137467d77ebc413498,9f7cfe9de6f58c00b9b1ecfde294b42a79cba10cd1ca4426346daa9dd5c473f2,apps,22375,train,2625,7
2626,a1e240e5b9ce900532eb17c7489e840d02c506c43667e053aac20b6843948606,0e401b6362386c1bc0b07aa4c47bff7dc2d848d0a4770292327dd4a7566b5edd,codecontests,9198,train,2626,7
2627,a79e8e5d59e08c49f1acfbc970870f315dd9d2ca00a7b295089cca730e8934ab,f240eecc0dde05230bbc4a64a651ac0aee5afa22e3d80c41da43607207b0b81e,apps,20990,train,2627,7
2628,56df52c6a4a219bfd1bbf0a9a72d75119e249ef464c3100d23decaa64f48a4fc,144763a8de27963ad98b5a2d93aafd63d6ebfa0b60fb99b14a82183879c536e5,codecontests,21021,train,2628,6
2629,2427834178c30c14b1ecfe7fa186c2106f6ee9524079237c8e55028852c299ba,c995267f6f6f11e99696c6f5e60e31fcc6fe38d8fb91c91f943bfb94be782e8a,codecontests,7119,train,2629,7
2630,2808d820934d4f7ec3958511efbeeff4ff11bceaafb7df98d180c00b9db57655,33ea91c6d9578db8ff80c332ea6a2a35b2b140173dd736ea6448ff5fa6fbb416,taco,15532,train,2630,7
2631,97221f2c5e6ed21b0d7e705ef0039b7c506426a9af11d43e729516223b366830,d1b4b81783430edb1893a929850e84a1d5e37e5d50eb6f1fa2a505b8d17521cd,codeforces,12848,train,2631,6
2632,a975925c5d5f05884a9deeeab20b6e4ebc84a470586f2a19cf69bf21361f8b0e,14b65cff9052caffab76b76d7c8473c2d47d987d9c470412ae30492303d94428,taco,5758,train,2632,7
2633,3fd367673248266d6938c1ef579da110e95eda5749bd6f2c678b8d9dffd6b622,10728e6ffd8ee28b1d4efb778ec4792112f73480e3b31b2d7441ab4d4835daa3,codecontests,15862,train,2633,7
2634,2ca5c25e76cde606634ca1c9ff7640d6b1b54adc401fb5a8c6e9e8167a0a44a2,f32999cd7f58048680f19457e9e9ac3e47bf96b01501f68580b3065ecbd03b81,codecontests,7108,train,2634,7
2635,73287b432a586ce78f95560a40fb70ecb4d75af96826add610c370471ba490b4,4ca016cde0a352c80b8a32fa2a8d2368e712030c44bfedbed8248e7c32d47192,taco,15828,train,2635,6
2636,e6b619d117b9a323b0b36c456d43ed88b133e7a32131f1eafe460987fa2e2c4d,b57acdda11515b62185578a93d11b395cc042b588cc6c6b320193afd4103d442,codeforces,17185,train,2636,6
2637,d4792c32f2c6eb0a13b167466d2fe9f186dca4321d09de3d0f475c9c3aa35888,bf58feffd8935e2c767302bc0f07c8848af556240a8d80fa875c7b7c55a346ff,apps,18544,train,2637,7
2638,5a03ef35b344daa7a216dd17123ce2d5eb91d1987c1e73acb357f64212a13a58,ce6165e7d3272fdb21b9e0de68231bc6d9b991b32a55361708ef337a3fe9ec2d,taco,18051,train,2638,6
2639,3bbf32e46fa43a89e80f7e235ce747ee196faf1618d6e1bbb26ca71d631a7c4a,3226b4d785c64490b65060f4707a295a899227586735262db000dbc7ea7d6df7,codecontests,12807,train,2639,7
2640,945d710ff543bab93b10162aa3d23419904d45a63bf2c76a9961073d19593fe9,6e07eca5338fe3d47e073403e8716a086aeee52178370c4665b6887befdc740a,taco,6238,train,2640,7
2641,6568f0fde8903b424316dc68b155bd5f2dc1e9327a445ac60992c24757c9ef41,c9ff616fe774e6940cd7798c5d5340bbb1d73f3e0e37105543b6242af699e3aa,apps,4810,train,2641,6
2642,ba9065bc24c89d5514136fec81fb3385529dc1f11e36fde19b17119a76814b4e,1367ad10a9ef711eb3254674b01a56aca5e9edbc8885225e7f4d6eb0faf8e72b,taco,6119,train,2642,7
2643,c08af3fbf8ab7a338dd7d40d428901d1847b2e3e7fc2ccb277bf0835a8aae6aa,cdcaee734ea8dc112871125523a923130fbafc91cd018559d9340d35542df0d7,taco,11981,train,2643,7
2644,47b5670c13ff57188decfa9064f733f336d28ad98954402091a90cfce32f9cc3,47583627c9364ebb4ffc29b4d1b9d883f34258bf79a7b2751ae6f209a4c0507c,taco,18389,train,2644,6
2645,58084ec434dab8db56e7d7f40e3db8e01efb923f60620ee2486a9ce49d29c6e0,e3c53440df82e5ec587c6110a91055698067a9cc99d8301afd52dd220ed1819a,apps,20609,train,2645,6
2646,05a9593c4996b395f2aa7243aa6b0e566bea374339b98a09919d76f3b1b7cb93,1de0cc63fb0ba57a411c99b09451240275c2b9a00f5db494a0438b7d9014bf84,codecontests,19665,train,2646,7
2647,33a3782203ef69613f0cf5abd3811f9981954297dd53ff35ca08f26a43367b26,1d3b9689bc1e49f088e5c8dc32a88e54ba17feef7f579b5090e1573470be45d7,taco,18475,train,2647,7
2648,f791e4d9d9433c4b1f23f9a7ad3eb87f302d56366c9ae16f1b1cbbe4cbec9c1c,afde365881d25d67115f6e0435172ed13f7679c8cabcf207a93c87875cdf90e7,codecontests,13481,train,2648,6
2649,52f3198320583b08c7ece8fc0f9b86605ac7f111955e9b8dc4a96d1011cdc0d8,6b445cc808b73d2eda487baa84d25f90abb8ef2e698c1fd8a7a1509f0c6814c0,apps,19727,train,2649,6
2650,31ebbd838a53a23c664df9e53fe0b2f2d18fa81f674210a37aa862b5a1969cb3,91a9169bca8eacef5eed39708d6d255fd5146342b4fcbe009d2acbd583402096,codecontests,3531,train,2650,7
2651,006e3c2c0db6dd81678fcbdec1f7d80abea08af0e626d2231217e409e73ebdc9,4a4ff9988a244e7492d10d4e7109542fc6b491a928af63993f8e3932a64c8bfc,codecontests,14855,train,2651,6
2652,657d4643dfe6fcda4ae2e761425eee1c3a7a4af2d23bb348aedbb58463cc725e,870d98f4b42aa037d38b3911a3114a2fd5ea3cc97ee743de77760fcd42fb0d90,codeforces,1581,train,2652,7
2653,a3df96b6c01b9322e8bab8faf2c6b66f9e535cd0983af7e0b3edc1f991b26959,a82b8949ab79280120842d4b597a691c271ead53401ca733cb5ffa52faf30987,apps,10645,train,2653,6
2654,4bbe64983f918269b433d59ef64f1461ed37d923d8577162cce30b31135c8e60,3090ce6e9f744ce42169d03515e34ee392e7ae476a94ff22aebb971591902f03,codecontests,19059,train,2654,7
2655,4192ceb3712df461e30fb36109c5512403368e5f94ea9074972b54354345f12f,388871dd94d7fe508911d88b06ff04ff160f2f6c16fd6f8ee748430b1a311998,taco,7350,train,2655,6
2656,f9ebdff6fc16ce1f332d6cf7c42653ca12d04f05faa92fd792c8343627e33336,3fa688570e268f6008d1e558222e9bfbaf6bb43d563ce9dda8c8bca19e99acfa,codecontests,1516,train,2656,7
2657,f0ca05d97978e2cb1fe80feb9912769a118d9d2eff14a130b5b218e05ca4566e,07fd3e432ed4e560520c7950f75a76a75294bd148af6a0478a2ff752db242ef6,codecontests,21147,train,2657,7
2658,f87d7347dce8a897208a120db5c31c1867048023cb4d1cfe366f4c5523b347e6,cf998974f0116ebf45c49f2028d59f4f92fc12f9deb11b7dc2b64886dced23bc,taco,7693,train,2658,7
2659,b3815cb23feb5b4d0cf61046a9a0f9ba7cdf8b51d55c440bf7c12d719222e19e,e8a4faa7c7bae3be57a3812d89c24f935f02aa61f6218cb3e47e7e2908d9a1f1,taco,3031,train,2659,7
2660,bb73756d9207255f51ff88eabdc672b93b83f9292ef85f515323b4d560b2a073,450658bae041a000d86b4ef91ca1863003718b8975a1d405e3fd425fcd810da0,apps,10725,train,2660,6
2661,e75a259de870156b772e29ca4a7fd6efe19a6d267ebc853dfd7f8e73702f2dc2,1740d5aa7d81dc7867cc8c599acc4236a8a70af009b2209ebb893525cb4a3a5b,codecontests,2047,train,2661,7
2662,b5baaa1b6331a63a5258c2b3fce7e3889392c2cb87c0eff0022492cdf4dd4be1,d289a4e3761e438a64325499a6c0a7ffc363a83ef7ae6589b8161d7ab91ec0d0,codecontests,18773,train,2662,7
2663,c867bd6c85d37428723ec59c9f4251f9c301e073dcd96e591d8e55a49af6dde7,62aa52614b850f5fb34b378cf8d731f335f3393cfe4d6a1c362cfa0556813c3d,codecontests,16211,train,2663,7
2664,89268cc5386536ef90eba33a298d5573cd9ec72d0b6ca8aaa4bc5b3c49adee09,be77c3486bf322b74f9f559644cb4d4e479a1c82f2a873c53f558e42bca8a994,codecontests,19604,train,2664,6
2665,7d5a303e00acd62a5ae7a3e8b57d26280816450cec8acaa33e5bd5b00b408898,b55dbdce14e3cb2213f08a6ecce5c0599067b755441890bbdaf369c507a7777d,codecontests,4178,train,2665,7
2666,665c091b8666a77e0005f4c086fd3046a0cd1207b772541c74358527f61a3150,7c9c84ff60218774b2ab39d7e1cb47b4b9e5b683f3c13ee8e7868f3c5b566b8e,apps,20200,train,2666,6
2667,4f31425b3620a6336aec1d06aa5d7e1f4dd25b4ba2f9df8afc147d571a61ebe5,315754313a440b15285c9f8a2bd41bc3611a47e3680da04884cd31b7be55a923,codecontests,1010,train,2667,6
2668,39c52f26039d578947bc4640cd21d84fe5f8e7f5be2ae7c12bcd9fcfed37f067,9d86940fed93c943b5689338fa5536e556d45522bad8436176aefb7f7791db27,codeforces,4518,train,2668,6
2669,7d5e0394eb78ace0aa7fe6bfa0b567b5a55293d0eb26172fa937bf818842f4d6,1176057717cde39c356ea46bc5b7e46593544e72c44f7c27b84b03457632fe60,codecontests,11056,train,2669,6
2670,dcbeb14a55917ee94a507c5f36a602be8ec388641ea066d73dc735143dec6153,29f4f8ef5d86430db42a988f1914d5484cb39194d8354bf03666fce648f864e3,apps,1350,train,2670,6
2671,493f35a3322b496b14d448f5fd40a5240e197aec68dd8e187a06c43b4099c652,81871b09362e3eb2195343caa2e366ec5ebfa847d38152cb73d8cf3a2cefeaa2,taco,18675,train,2671,7
2672,e53bad31a8cd008472f24bdc8c56e0a71c2e395bcbd294b4b44f058256fe29f1,39415ad28d3e121dd4b50fc29634f12e7e9f6cfb1fbb00a5ada8960aacda0fb4,codecontests,14421,train,2672,6
2673,ed268af3f3e332c5bcd5bae96e2f82b4a341b652cd068c39ef6b80e2b643d196,61441abd15fd54de2fb97ed66bc632c808711fba02ad2b97354d42cea39feac2,apps,6738,train,2673,7
2674,6c235b536d9b249159f726c3439cca11086761c8ce6c8e51782b34143968ac25,ecdf2a0d566fe7c9a9e6a141095a4f416971f40699317835e2ef66e3c9634d44,apps,15930,train,2674,7
2675,4c55d04c0abdc5ae4574dde9cf928ba6df889f230b0a7274275024569fbd7f17,011c51ea9c2ab0b3e3503d8458bcbc5cadad9a70d5e80e681c810827a3054397,apps,19434,train,2675,7
2676,91b68d365e7a99b12468a8259845d7d07276f276ef9a07ccdace26abf59cd49b,564ed13a0e8d53c3939c4874929f4a0873b62ef0859f994acdc51b5e73d30b0c,apps,7571,train,2676,7
2677,afb0e7d2f511e21e496b6c57a14b42317f7500406a96f59e4cc0dbe1c210604c,1968934c426db8a0292fe0a45569e4ae83d8a874403a705cc419b16eabe8a947,apps,4390,train,2677,7
2678,0b1725ef04cc3dd8f24596fc557a07299b2babacf1582c9e3cc1ad370fefd89b,c2fd1e6e64baad07a0ef3b4b0c221d3acbedd005f8adc950f65181c471ccd845,codecontests,2488,train,2678,7
2679,68dc933be416ba17b8029f9a613f5a4c5f7a52b19b9517c6b11803aedc86ea9c,f0e35dd35458da0e428a936a3af538df5bb3408964663ccbe847471d39707cbb,taco,14364,train,2679,6
2680,23b33af50bbe28aabd55d83bc35919e1d0dcf2c0cfaaa91366ac56a147f2100d,8131adca49b9623598268d894d94a67988af1d06337a2b350ed9d3e9e21aa817,taco,21491,train,2680,7
2681,69d16550c87e00cbf2c0a663f0f3393940ead27c54d56d1b53e16387d18bec9b,5145ddb558dddbe4ce07052816810eb434df526af2abb08ee45a5e4bdfb60154,apps,8296,train,2681,6
2682,f498979964d52cf515543ed243c457235d75416d945c315b249a4b0a9c9d34ae,672e4da74e898a852f8e0eb80543684491c82b9807ccabc7691e79e1db475f77,apps,10386,train,2682,6
2683,545e913bcdc8441f56a2d514f99c66cf1c812c348252586f98faf971bd8e032d,ea954b8e2d7d8030cd440b5d1eb847382b19edf9620d76cc3dfeb92815034678,codecontests,21527,train,2683,6
2684,fd5a44fdec265969e64055cff3f92713204471a29d62675bf4193816ae2ff5e0,338bbf5a82965c31ee893daecf94ac7d34dbf85f9ccf0b882b34ff098d920028,codecontests,20785,train,2684,7
2685,608e244b80fe6918fc453f87ff442605dcdc236cf09d49325d6f9a1dbd154170,95ced00c130e4ae651d4a75aed7275777be71b70a6bdb0d5e76bdacf0c4a34b4,codecontests,1636,train,2685,7
2686,56ace57aef11b4b96c00395974d32f680302cc8841eafc0fe333f71abcd42c94,074909cbd51a71d95877c595da91c1fb066623105349ed50306265ce07e6708e,taco,6516,train,2686,7
2687,38b0fa83a3929058a3db2f95fc98493df8ed6a159116c7c3db8a4082b6c5e4cc,4a17a31b5ece13374c5dad0dfcdfa6ffabdb68b8173887197bf0440a72dbd234,codecontests,5795,train,2687,7
2688,1607f1cc89c0968589df6d16d49bf390df68e5174b449d014feead914b05cfbc,62616f5ecc5685903ad861986aeff3acdf3eb32375fc0c6e115f27751129eb91,codeforces,5105,train,2688,6
2689,98dc52208f3718667cb8c5c4e807e344e6aa438802121ce8dc9107ab73b731a6,c98fe840c0f1c446bf1e06ef19f598442835a470ab529db694993e1acc18c816,apps,3654,train,2689,6
2690,17187997ff678343e0e66f92cfdfe1cb0a3e475a59a351963707cb60a8538237,96efb785ce9d9772124a212b73da828800c3ba7362dcfa467b8c1397e6029e24,taco,13499,train,2690,7
2691,caa2e10fa29e75e1677694e7a8d5d39379011e5caffa727dace32705aa33bed3,ffcaf000695270ca9ff46858c47d07a8423323953f7f670e6c8c6691eec859b6,taco,18601,train,2691,7
2692,646efefae7a49a1cfb2b9dbb5c2b8cdf76544f162fbaebb8011e49975614e7a2,eef90fc0f276d023b07fecc7a3651af626d8105cb37154a5eb6688b9f5c50b4d,codeforces,16981,train,2692,7
2693,abd4b1b0c81076cb9d22fa40a3fef1c77d6871d1a218810f6a7c8c711e722bff,526ce56a3247c9783a9de79eaeb2a858d6d11d87fc15a653d774f1a6d59272be,codecontests,12852,train,2693,6
2694,0842a3d07027e01d7dfc13cd36e454237ee5f26903d68d9ed574f01f5e55ffcc,e9ff409e6f8e5d138b5583aa0fcc58721072fade6189a0697a62622f88018660,taco,18423,train,2694,6
2695,fae00a1c519fa68d652260a4452b63c1fd416961ebf54d16ab22a79aa32cb44f,6f404c2cb097a763ebd7036c245fafe923d9b14c536843d0a96340d9572324d2,codeforces,580,train,2695,6
2696,172487f134f884dee1b47d5083a4fb6c931367fe7a89ae380075638727614f77,2bed5a6262be74887853441e0c9ff8819a4a193e64632bf5a732d23b80a32bb1,codecontests,11237,train,2696,7
2697,e9e3a4f8c4e69139c7499461910bc4dc35ae065d344431926a63486026ed8526,a5c615aa8508e56d87dba667c1d62c314a1702f0b2d9a888de727e46cf45bf69,taco,9457,train,2697,6
2698,19d0e771ad2e25837a6f194067135643bebe16610f04522080e9d8c370707241,45cbabc89772649ecc6ace1a8e1363b4f6e429a7a583bd0bc897933b691f14fe,taco,11215,train,2698,6
2699,3f1aecccdba933205cee634370dd37bdc33da0b502433b2fd47f81d04dab1222,8b99e5e3f328c8b24ad46f2e89533d8532d4e890c8c1c46e5bda30ed3ab97b14,taco,14902,train,2699,7
2700,16e2c28cb4ee678a930cbac0bb9a6b4cd407e004a6d110821f8b9818b437dfee,e6edde7e6bc3412ca11447b824e3fb48880d69f80a262906736bd490383eb7f2,taco,17704,train,2700,7
2701,714b7564a9eef47c7d3bd926dc6d9886db7cda9df4049fcd2b7b6edacee9935d,ab3b6be8f59b0ad15cc54d05d9a1cb85f79994f05537577536325ef8bb866459,codeforces,13389,train,2701,6
2702,ce99f4399e19dd33a76dcaef708997ff24e0550a9595d404ccdafe0ca354af6a,ce6b705d48035fe50e835f0be7a791acc416a74569895904af107297cc6ccadd,apps,32,train,2702,7
2703,8c745ccd47b61534d996f9a0a083a4032cc1a83ab5252a013d5d7a86e94d01ed,aa887af29a0f7b6584072576b44ef9487f6d6134816314f3017e1bc421a72157,taco,2782,train,2703,7
2704,fafa5aaa867c0385c7082bbd3237513bbfd58e73aed8647616ff78a28195acf9,c0e0e48e2dc663b0726b728f000f2f67014f25f72b03aaa37085dfddab83785c,apps,20003,train,2704,7
2705,18a4bf9a7e6df7b895cce783e5b5d9c7fb14c54dca9c6530c699dc3add80662e,c707fa63f3dbc2a615c423a7d3f06ab314fa0b025ffced6212725cf64c34b161,codeforces,1193,train,2705,6
2706,7edf14312d64c279f156440efe013101ed5a8cbd1c68b8a783cfb8fcba30d54c,a3bda36131d8f6c9e7c4bb418efbaa0552d385910756629ec875d208e6e400ca,taco,7728,train,2706,7
2707,a786c97c939adab8c1be00fc4ad3ad85d486d01e809c397cd1ef6964023b16cf,2f33d6dc8ecc9e3a24dd0d080d53640f05d09bcee0b7440ec0664ea996d77730,codecontests,3645,train,2707,7
2708,57819febab08d5ee9b3d7a110c610225a51ce11f6b4837834e1b9065ddce7613,54d2a999955d4e5705e643ac513fe5a814a2a92c36d502d89a01832fe7c62ad0,codeforces,16381,train,2708,6
2709,35de7d8b9cec0c16e3cf679fe6141625037f7b98d4fdd5205b87109b785f7b33,f54cbe5334c0c39b51aea7bad6eb0298f9ae122a015f79aa5dc574cffbb9bd6a,codecontests,3020,train,2709,6
2710,de9f3c5499ed8fd212179170e2bae171e5322763f4c35e049beed4d624ee1dba,6627aabce6357463f95ab5fa002725b117cbaf8fa7a7defd26f8413a78d35f81,taco,20666,train,2710,6
2711,959142a56d1a84542cf17c86ad9b051f8666cecd5bbfcedb3cc7e45af8cf8719,33eb1c100349295a52c3ad895aec19cc815197959a157601ebc21c0f7bc64c53,codecontests,12588,train,2711,6
2712,85096f0e0508d53e7e8232335b1914cc69fa1df894f66845cde07c70d7cdb786,849fac5424821d0da069cc6d5a2a2cc81d0ba6d923f3295764505afb27176c67,taco,3953,train,2712,7
2713,337d4c356f7c9de0e90da6282698cde1450c1d0820e0acf8dad615e1594634f3,234af249b0e7a90a4e71dd8323a9d46f1eee509603f8e4dbbb1ee84f1d517eb6,taco,2158,train,2713,7
2714,689c6906f8f4b6f59f70441fc17b356d1dbaf09d1b681b39b1fa569980b5fd83,cfbcc4c6cbcacb3a09e661661320237cf420a5b5289c459f6a6159284eeb8a54,codecontests,11529,train,2714,6
2715,cb6416e1565eda253cfc9ff48407a0de87788d283c6ac4e7bdb1c3e3492e0320,25823b02b0bbc912fdff9ef461876876c3a4b2b632720737a9526d7e0ff9bc8d,taco,16945,train,2715,7
2716,c5abb83395c0736beeb8992757f2bf8b53b6af5a97892adbdaa9f7cb8fad0374,27e4e3e264b13de1435432bc7bf2da5be67fc03d03bdb93b31b0419aca8123b7,codecontests,3293,train,2716,6
2717,c82a06017c7afbbbe563e38a18b64215e073f378bda8d76cd5ab37cf9c7e2ec7,211b52a3665e78b20ce82b4ea0bdd70bbe65e896698a211216835148b3c6aec8,codeforces,19429,train,2717,6
2718,c62cfc7f2915aad5b1a234a09002c768275d8758f0f9e1915be41c1f8996a735,17ab3604ef0b0cd18ceafe5e83319c9bbf1358e3287ef9e41f94d54728820c0b,codecontests,43,train,2718,7
2719,b317a5f81d67abcff8c51660351d843d0525f21d835c59b317b412f5dce20e8f,184e687b3fd0e70f55b02d778d49625c9105910916f514beea614bd1fd63fa3d,codecontests,22538,train,2719,7
2720,884be8a6721d4923eddee61152aa906e3c9c28d7bd86ebf337b490c562b22060,be273a6e98fe68fdfc8d51408a2f484a5cb36fa41057a9f9b20ae4ee6a8f7f19,taco,18965,train,2720,7
2721,12a9a9e8e6825c118638a1fddbfdc11bbe7614e9eb35c2bfc0889b42f1dea349,7a83e4886039302447b4db13039e7930808f493a6e75e3c4f4501e6643610405,codecontests,15764,train,2721,7
2722,e464ca3209b86f99f3ca1ad45cb3ddb8b8b91bd549da16c6f8055fd579d443a4,5f7f80d60485f849b36e81fd1c22bfe7b9b0ce6ecc379a1deb6e940c4ff39546,taco,2517,train,2722,7
2723,4567281a1bb28b81b1cd4df7ac05c95f92d8b0d39a58fde7b6cf7ef6530c61bc,cb3eff49e07bc27bf3ecdbe0cc1ac1035901be8edf62d92df3185416adc8e73a,codecontests,4166,train,2723,7
2724,80d4bdde7568cad72e9e16b818fc48576e548d3890ce0e0bbeb734ed23cd3461,68d83a27d7eb36ec01dbbfbcdae917d290e27b4bf42d8a5f14f3d53a3f3d7160,codecontests,12489,train,2724,7
2725,d6f86d8ffe170d6bde7ea048c7a3e74a7083a3f76444a7e522bbdf3dd46bc509,d68fc5cca68003f5a6c1ee8859a772320a35c451b1131b00f4f814c8b3b28d5f,codecontests,1775,train,2725,7
2726,9a9ecabbbc318fb1e3f0ddeaaf4b9bac56a6ec68402944444a1db07a785082c9,934e7350e734acce982b4d07076bcc2f02e7f9d54eaf35a1e90589a5dde0e6b8,apps,6705,train,2726,7
2727,0a50c112a3f28ad66765f67d7e27687a852fc1b47fcbd1911b7a147f55998b22,f1a9f16dec582aed481cbddad3bc3ec7af1d2f963f465338650c3730ce4f8ed5,codecontests,4646,train,2727,7
2728,fac3fe4570b82524ced44c9a7c97ac8128100ebf68405b3c93981ff089f8460d,9dc0a37af28b268abfbea4a2b35dc6392a13e61d07f10cd75969d727428d44fa,apps,7316,train,2728,7
2729,9f3018c04f1359fb7fb759c7bfa7833504c8028ad4e1b01c845244a934f0bd65,f0ead638fac4db0ddaf50a628034cf10715114fbb462be7fb961a224d68dffec,taco,1123,train,2729,7
2730,b1572c88229a25d705700ab2717759972ee494423082fb04eca654ad5a45eedd,4ca762b6eeeb34312e7674dfdfa52519c00e1b77dedfca5818c44a1e46285d2c,codecontests,2857,train,2730,7
2731,c5dd86c155be9fe51da2ad064b59222469cc97f8d5d371165dfc622df41d88de,cc2d9c795bd9cc6ce4a04fc46a89a84d290ffd2d8da931dafa2ef5a629bc5de4,codecontests,779,train,2731,6
2732,dc411b8253995bf3752df6d9e7455ef03c9833d4f786005d574c8451bc318288,5bbed4a26d617c70f304043675892f940f64fdc1ae679c2ebaa73ad0b7b45bca,codecontests,9842,train,2732,7
2733,11362ecf18a750381b1d582414e764733b61615c38ec637eaf8371d47c06d678,7ad1b1229e3d3f667e27ac531e86affbd7f83d63096997402309ce92a1f06d16,codecontests,20191,train,2733,7
2734,1f333d9f3713e054f76f1c1d9127a385d39368960990224aacc9f3c0ec8b41ae,a21c3aa46b58f09e7ef5347d46e3b47f65a38e42aa1bcd3f60c1894bce20acf2,codecontests,18487,train,2734,7
2735,35a57860049eea1bdb5b3b71cd9f10ca879647c9757d697567a92c009dab5e2c,0b076c36807b89b9979c162824073a3c82633bee5af10a2ee6f6727dac9242ad,codeforces,12952,train,2735,7
2736,787144d08008187252a8ac26b6429ecdffb23d06885070d1fed4493120b718c9,da02f6278cf340eeb555de0745d5bcd394b4365544b8b4aeb211cbecac92390d,apps,5505,train,2736,7
2737,faac82104c5a2794c9ba0a5d30c77abc8945736ea666cf1603567093aa10fc4e,d3db54ff619873eeb35031a3bf885abd5d7a2a3f60cc84f1b2fc8586812debe2,taco,6342,train,2737,7
2738,d49db8516be8bebdce69637172a56489413a0d3442cf2976b4ffdfd2a244ee8d,1b2dc6344315ec5c2aa6b61677b0a9d97d3aa1e181d3e5037f36c90d07a24afc,codeforces,2303,train,2738,7
2739,e87e03cee0b48401fcdaa85ba7606da9707799f9be86daa0176098ac595586bc,74f48feec53d2d34c7c82808c4c1aaee5607fdd0b168232e58ca6a76e593e422,codecontests,18145,train,2739,7
2740,69fd4e0549816f52ccdc33659af7462611fb5adf56dd7a5ed458e4e995a5f540,a0e480c4b0566ad0da7ae83b4954cc50377a75ee8cbb22d1f18eedb8775e9d9d,taco,17501,train,2740,7
2741,9b1e6bf2d728087e1784826224c8a0111e162531d1ef5ec6b73d94ba51e0399a,5a52cce3e7f203b6edcf36fe5f661400cdaf05fa223aa24f5c565d461f020191,codecontests,20832,train,2741,7
2742,c5a4a1d9a667f99fee6bcaf235dd13aea63465d37f7e697ebcf05a5d212425cc,376e403c53019a4e99242633785cbfd099bbf1d81874d95babac2329a563a1a7,taco,3785,train,2742,6
2743,6e4aa5d5668e92abdaf4ef8dfe03f872cd1e28ebfecff76d6a392989155491a3,e4b422f5604963d87a424c5bc3997dacc8ad0fb038f0b3a72b9d44670554117a,taco,12380,train,2743,7
2744,4056bd48c41247a9c37567cfda0274e697df7ac017ad1c6a8ab30769a6a1a077,e6d22b3d3e0c55fa2d2ea4287db85d2ceecc84e4f06ac84a5ecf0761bc1e86cb,codecontests,11208,train,2744,7
2745,5ec0ec6b37024eec87da43dbae229273d96a182a6b5657ea6f2a3bd771d4f149,cb4b5ce9253ca49d4aa4b1be897a78249da4e98ea73da74bea6c8f8d3d52ef11,taco,10409,train,2745,7
2746,6629f8a6463397e4d1ac4e6f328a1875954d8e1cac434def35e3107522fc55c1,db9830ea23364a9f815dd245c18a747aa5b303b85fc3efbd4c9de9ce3787e94a,codecontests,19399,train,2746,7
2747,19e23803aa463cbb2e1288cc07b240cdb63121b9f6ed31a6d1c092620e1d1e4a,d9bcd04a9ab5508378524cff56fcefb340a1d4423f0dcf21164f827a6dfabc2f,taco,14361,train,2747,6
2748,5c0ff9de134fa08de2d69144b336a1ebc484575e3f852f668f594dd3cf930701,dba1100aa34b62c30d7848e96f934c37e51058104b8ba2745d03a62112c7547c,apps,12797,train,2748,7
2749,a070bb6071586fe64a5a6c28b0808060dfcb5b29284eab839e2094f19f7988e2,37b5d0dca3c8c0d51d45e50e7731d5f07a02eedc3fbc4b183925539c5d3dab56,codecontests,20250,train,2749,6
2750,abaadac109eed611fc914ed5141d143ce5ae95b5d9c22c99abfdd78d25b58d76,765f5af09f1dc7ffb5e90739c6bb0ae33126213b51cb9d2057a17988528f2bea,taco,19483,train,2750,7
2751,26c988764a9d632d1b918e6b271329311fbafdf30cc4acbe1dc1db24ad13bf69,9cc46d12d6a984a93879f05cfb24ab6c6ca61bcff2d8efafe7f14424de124ef5,codecontests,272,train,2751,6
2752,a99119632fdad7f29290e82c34cb04a76e4258ce2dc0c58c265c5b5c15e27471,443bfe59d48d6d99ed360ccf3f143c07774455966e26255dcfb9ed7aef812d7e,taco,9201,train,2752,6
2753,ab9414bab90cb3e87aa47ecdd8714b3209fd8f2a4d7b0278f5c6150492d23b16,13a6a94f61a0f5d2c23526d0ce03b206f59e047c3151ff07c2a078dc5ba3b57b,taco,12393,train,2753,7
2754,d794097c8168ec2cc2bbef847d884fa557e2851fe2ac422a47f2632777d07be1,4a4412452c0235f716ee6276a8097646b03f08f3e35f6aac993e04ebb1e01b6b,taco,19688,train,2754,6
2755,8a49bc46082f48ea08cf6e4680da7460e0650fb6adf0ea03c219dfcc3b66bba0,475ee007b90925167d4f88e8d9371c5d7c471fe27a5876eea593fbaa87fe3fb3,taco,4777,train,2755,7
2756,1573a498a7690129d9c71bbd1a51bbe9a8f5f9be31a1657d549d9989a27a5c7c,90e9350d32d61dfdbfcb7302d5feb241a455038d24539e82825fe0a2b0e80799,codecontests,17064,train,2756,7
2757,ab1f2aec15bd8e2c911d393e28bde9f113bf35d774962ea9d01bea56af66efac,fdeedd3fd9dff4860ccf6577d31be7cf4c0b24796783cfd0683b10f780f5c0c3,taco,14069,train,2757,6
2758,15665bae2c4002e8e7432d71a6e39d87732a9b7dd9695d24fe7ea5efec0b5530,f8f93ddc74ede396fbf58f945b390c69ee54070c56c5e478f44b59914bd89667,codecontests,10528,train,2758,7
2759,45e8c18f2228c56e2b3953578de7017dac3185d0b0639fd40d38cc18c0faec6c,082eb3dd2455ae2b11b81fe85455f92ec21b7c3c047d50577a4416c70cc84aab,codecontests,15447,train,2759,6
2760,c30652e553238faccdddac8e3d19808ec5b1789ffdfdcd49711ab17c83a0ac89,35ebf180baea2c11dc51ff54fc31a806bf57b375fe6dc87eda8e84509262c11b,taco,2402,train,2760,6
2761,e30a8a275df06950a54529b4159452d714fc9be23b7b9a793351c574f2c781cd,ccea5b2551ae7e6191127865139e10e6bc35e3233feae26a34fc13982bd5d639,codecontests,17561,train,2761,7
2762,ad50ff974cd32ea5532767476fdf9a290ede2d24f3dfc15bd4d3977f64dce977,064cec8f6974e2f9f0ef6f8a159cfea84ac8c5527f0035e8f790a2751d01e2bc,codecontests,19537,train,2762,6
2763,5ba86a54e12b7228068223ba5f5d953ce35b789cab0bc777583cf74772832fff,fe21b59db52074db6380e364f5ce79cc5168ac6183c07f44a292ff98a889fd60,taco,2476,train,2763,7
2764,3526825fdc1f90e1520924ef14e9bf82c80441086685f0305849208e61ddd491,6f96a5a8705cca0b7a2fd722248a684535ffe8aa7caa921a85edf51a628a2d85,codeforces,18356,train,2764,6
2765,6c6617a820a256cfb7ef0ba73d5a0306caf1d9a99969cff7c2a05b6fa53ed082,d637a6bee6d8cbd5c5d8a5a17775c57e59f649f57875ca22a6ffb8d0ed819aa6,apps,21849,train,2765,7
2766,8e0bf5895ebffbf5e47cdcbff65eb69ab7eba07590c9455802470b61cff15b27,ac38a8306a0d42a70bc33efaef3255ae3fa50461b2a08c18b7222835df47d4c4,taco,17276,train,2766,7
2767,fe0daf6efbbf71510e18a6c0efddcd0026745abcd0014ee93e7017cf7057dfe4,e53986c86d3fa60207622c881af66d9771e1145e4f1efc18eb6893aaf4c9a99f,codecontests,6617,train,2767,6
2768,201d01a7b440fa9a45ccd97894b5070d18bb32dc904d2e4d1b0b82426a39b623,a0e4e007fc655c4e95ca0dfe640f4b02059aa56d227ea206ed0dc6bb30afa780,taco,15811,train,2768,7
2769,5421e4c6e885e5f301fcbfa1fe30a4395066e6b62bd6992df1f089aee64bde9e,6f8802dac00d1804c10d219f63a15728eff712dad439528b15d0f39d606b52c4,codecontests,9760,train,2769,7
2770,08bc27db4b7dd30e623c8222e264c2d5108cb6b7126634b9d77608178fe8d4f1,a4e6b05d217fa780ae79bafac043061d4b03cbc23767fedc38e7a45345e34f50,codecontests,20323,train,2770,6
2771,5fa5231e722665959b4c42d4b6ccbe05dc3062c41e76dedbc6f2b11b23a37d39,833da1fa6711133d43d9eab23f6070064704f4db7aa57285aa5ca989bcad43b6,codecontests,21451,train,2771,6
2772,f086ff58a6b7edaa1d13cf9d77d509304771944d2169474029c49ed771d3c7d5,913e06b99925b60bdbc9c662adebaf0a3cda8b73078df1bda2293ecc839bc5cd,codecontests,6852,train,2772,6
2773,f877848bad932fc9346023985f1100b5c838d94dc50aec95f11249fc93322713,16cccb09099fde0025bab50caeba096b38c134a7ac044b4523a814e96ce0812c,codecontests,11501,train,2773,7
2774,8a7e4de831ff4a803b2d13c0e80bb892c86340e50428a3087e44a74ac5af2493,29c1c9de956e783a5326c9659f5ff2fd811ec2783cbad0c26258c16779d120d4,taco,9884,train,2774,6
2775,b36d98a44ddb3a0bfd54408d243d95be7e782b99e7c99fee90b76fe92f1c46c5,9e95b67f601990cc2f25e9eae1131645c79e5db23bfc000490877d239313d91f,taco,21569,train,2775,7
2776,6393aa2052b554a1aa3ff828553dcb912d2b8ce547e4d3211da632c3bbddcf5e,a30d3b46661c18884e5b534a3089540ac288f97f0e36c38038749e0ad4260213,codecontests,12675,train,2776,7
2777,da084e9cf8de5f8a3dbf89f558f073833f96e3030c5f4207fd132bd4dccdab43,cb26800fefe3ebb4c0348e06382efeba8052fcc2d8a81664192731d3ca299213,codecontests,9729,train,2777,6
2778,232799750bff525fc932bbc22606ea8afcd8229ec225372c94de20e92e65334d,fef639a93755837550beb0f51ab8252ccd1f6e061ec0321619cc151c1a5c932b,codecontests,8022,train,2778,7
2779,902729ea5dab4bc6d67ef304920339ad5aa0035b0eff7c49f5d0829f20c159f0,8ffe2e7f7e043241d46d81ae907313fb24f7f055a22c5660e1c35259e0f8f1c2,codecontests,8699,train,2779,7
2780,49b3a39b4ad9a12ff06e5927ce3c4b273a80634544a1619fcdfd40b00c5e14ed,e14428cfb75600692d18c29e72c5e9a2a0cfbc7f3484a5aafecd7e2976d62ef4,taco,10364,train,2780,6
2781,8bc87872f6709f8ca25cffe5e1afe3447eea1d6b0bf25c0ebda55bdb0181588e,948650ac4a785a3b7ef5b6720bab894ca6b4c9dc8985f189c3d521d3bca2d1ef,taco,20394,train,2781,7
2782,f927c87124dc802b905657bafd00c3b4ac6482fc833be7273be85bd4881ce3b4,b856446eb90b6f77fe68a66226d236911362be96fa918fb01b194216683f3e70,codecontests,20281,train,2782,7
2783,7d46eaba8b8fc59d48a081ded19c3bcf9cbe173135b2c75c6d2ce7ecb55b4e37,7bba1cd6643933273d226beab236408a1cd1eb64f635011eeaa7985b9f04a40b,taco,11345,train,2783,7
2784,8b58b2fe1359b06aabb3ea3c3a2175f2282329812e0f5cb7c8f7d97c6eb590e0,44135d0e796e4f823e17dbdd8e2267fd69e7e475284a72326ea0dab7ec88e189,taco,21740,train,2784,7
2785,cc0566eccaa358345ddd5b8abc9975eda6e25e8dc67c22304ba8671aab7b2798,85212e16e52b8e60d687a53e6b46970ae9c4e983a8489ee25bc9b4c929699986,apps,11031,train,2785,7
2786,c81acabbe1b4dd1bd6e196fd736fd529caa397fd6574ee217f043c29e8648da0,4466adda4fe16cfb21a1577f60d0294ea256c4f56090100bd62da262d30b950b,codecontests,22052,train,2786,7
2787,b378d6f0b90921ad390e77009292d289ec161b4e000d6ad3786f7b55ecbdd577,3f69f16514700b8a9a4855269e19df987021dd1cda31c776ce6c95ac21d175e4,taco,10092,train,2787,7
2788,60a73fc0afcd49284eeafd2851c59a29b6630d8e0feeafa40d21c86f39089068,74b30954167e8963637eed3a66000ed33ffdc2bd73e09685ed44798b9ffc6238,codeforces,12133,train,2788,7
2789,e81e7dc57dae06e74453c5101d2e4b0c51e4ebd13762afc985007366cb6312d9,60db0beea1afea1d6908f73bf9985b76882e315d7e74a233ecaa2b5b5877e41a,taco,17383,train,2789,7
2790,7e10e1e23d26460c9329875dc2bc80bb16673af7db6a4d30390b3be616d30292,9873c04710e4067f6cb2cf885b0c0793fa665a5b0c21ecbcdd380327504083ae,taco,1441,train,2790,7
2791,018b08d0f40ca1ab4d38cb3de90aa4be078dff8861fbe6adf60b9fc1ca07c42f,5fbc6bcef992e7ecb9fc570f283fcba96e1f578fd4b6d485e2d57edb63668155,codecontests,3767,train,2791,7
2792,08039ee5c6147e5509915ccfd78a2d496b2ba8f987a8d412dc90d3ff4bc8d208,1a06c6f5311fcc87e2004f86b6d0a0288fd59ecab7addb02d8c18eed1fc60868,codecontests,8800,train,2792,6
2793,e113e7c43e3cf600735db4adb6c12126f9fdb2f5a73af8e398769cbd5c797be2,49944cc698751575aa6787e3f08717f21c42479adf14614faaf59d2eb3c7a462,taco,5756,train,2793,6
2794,6d9888c8cd2adec94fb0d3b549709af649e1fdc01fd304e22e0dd31ebe47677c,a27d4c65200af2e9db7a949cb68ba68e30d1abe3ef488231eb791ca7c48321c8,codecontests,624,train,2794,6
2795,aa6fc1254f98dbd3374bbbf85a0d3297fa97aa21a7ee6dfa39ad551d5962c099,5f5c77d204775ffbf6740b41b61930cd1f7ffd388167f94c12c5a6ecf33002e5,codecontests,9308,train,2795,6
2796,b2264b3c611d4801e576c874625ef186551cf7e54f43b0a9b30e748780041c7b,9f04c87c600855a02edf8d0738a1a1cb05b227760954a641c80c7ca22451793a,codecontests,17497,train,2796,7
2797,698472053229d81c0de2bf2a3f70fa3540fff41eabc42a4c58e95a7e21117727,b8ec2d89d8d7810b4c3b25c3cef6a502b0ddaaca1dee7d9b21a4526d79fb9dfa,codecontests,9504,train,2797,7
2798,84e190c31becdcb8780d62ec0d17f64f3ac622144e6893b95957143ff5c045de,2a157d59ffebdb3e873880eda4defddee20bbf92ed96fcd206d13d215ff4ee66,codecontests,4782,train,2798,7
2799,cf0ed207c6e8e57ad2db645dec08a5f6f9db3f1d83e719b136a394143e3d3e3f,e9bd7b869f9c6bceb31a0c4b5ca41d647402a65497d2a0a03439ed3b262e3128,apps,22215,train,2799,7
2800,6406f63b354c91def19ac99d7ef713511ff49e37215de0f56092e4af3e24629b,0ab1cfaa9729de600c0e0c6437bba4872d45f7a940f21a0da6e9f085f0b1869a,taco,5109,train,2800,6
2801,05e51326214be4883e8414cc4d32375b40b734ceab67032951dca31a6b7faf2f,d9d5d9e19a34eb75f8e84b751c1909d383ee4704a60ac0b6fc07abe60de7ba4f,codecontests,573,train,2801,7
2802,472e5aaf827c3ae4af2edce49ea6911a35d7b367e534f714531463b9fe98e5fc,0e0b37a88c23d5bf25c902acfca203ca7d38e0a53678f8f6b49313a93f9b2310,codecontests,13231,train,2802,7
2803,26a130680a452d23473ed6929857f28d69734b45f8788cc29e0cefc87f710675,2589c2f3e66ffac73121bea342a54203fa6bd8fe06476a71d79016defe527ddb,codecontests,16007,train,2803,7
2804,0c63ec6727055846ee0c15594a0b5e453990e85a19a8837681c74a6d0b58b9c0,8123bfc677af1d1815fe7af72e5478e1522fac99cbf1c097334f385bcb405255,codecontests,22441,train,2804,6
2805,53afb4b642fd00c021a516f570eaa3db22ee3310256896b86b7aeed957b048f2,2f67ceae902d53d6cf28e25a4bbccb50f0c63b0f4df9827531b03400dd2c880a,codecontests,12623,train,2805,7
2806,287c82c18ff3067c5267b311c7364a089631ee3d3396e2e40cce3c4e3717844d,0083dfc7fcebc680fee4aa937dadd53bd2d77a0f7be6af51328cd619cb9e96a5,taco,10847,train,2806,7
2807,efd1bc6f3298ab6ea6306656053e2fcf1f61f2afcd8a36482df3d83c2c4c92d5,1a1fb04f594c6c58ec6613d639dc90c536527e0494a5207064a940ebe0fef417,taco,996,train,2807,7
2808,4fb8ca98dc48d685a52a861dc128bef8dfd63f018c2789e2c126526bb6308149,dc6ec7ccafaaae110d6b5b99b683e7a9a647673194dd5e9c6c6c33bda313df20,codecontests,3285,train,2808,6
2809,3ec5a7a51ae2717471332cd79cfe02a81b6f080e64b529d22daf01abba3766f1,12e7c571acaa8910775b162b4334bd40bbf5406328c93516596e0992e9a86ff5,codecontests,21265,train,2809,7
2810,38a632f5e0381775d2a53304e0ef435c928f42edf8fe33be0de63dcbec4f5ec8,174f5aaf04a1a12653d8d3013b674390c89aadaf382cb1fbb602016b403a2060,taco,16768,train,2810,7
2811,32b93230baacc5f03005a7ea5241f1f172ffa61093bf20317ff1a715dc0a1837,8fbdbac0a0ec18923f6e62e7dbe60a94581d1c35e5e99547f694b474f611ae6a,taco,13142,train,2811,7
2812,d08d1131e3e847b39230ee6a66b354e5a5368212413276eaf883b213eb54da4e,3a6a70f418e45228c7ce77f99c18aae12978b97a9003165fc61272c3e2388cf6,codecontests,1401,train,2812,7
2813,267712e55b929f8827c3f54b2fb90b61cf11cb48c6680fecde3b2b51a8b9a80c,4d8fd77916676e057f8a07f7cf20d2aac81b78c9dee277a143abe828a6d44890,codecontests,2087,train,2813,7
2814,433bf9a94eb8f699759afc2bb3b15e43679bcc98d58ef097caf68f46bdced22d,a3880a693e3ac042253fceaeb7282a61be9760e6b50b449a597a23bd4332a460,taco,12523,train,2814,7
2815,7cdbb6d6c122187919fe1125b82821060e35a232371eec5fd26c6bfd436d7c05,ecfc9cb40a76c3dc0eb7814e31843950828698da4c3e7e3c62a80df29e167eb1,codecontests,22437,train,2815,7
2816,81f727ceafd55ad5891c1e0be63cd12d8e905c09052f0375d57cda89d6c0f5ee,32d7bd9fb95ca7a4a6c9dcdf9c08305c105a8fbecd011d4a897710b7afafd05e,taco,19501,train,2816,7
2817,4f98fdb0bfcf0f25293de1e6c97314a3dd764213dcf9293a425836b2bc1ebd8d,6c7fba0a70123a51382199def153a2558741d9a35e4907d8eb3fa411a106bc66,apps,19374,train,2817,7
2818,1eb89cb894c706d78ace14a6c286b3e0e2ba598a29d2de8629eebe500cd774c3,01e1aecd9d4bff2777c82ebf3483cb4941b1eab62a29002cbfbcedcf07c84a15,taco,20269,train,2818,7
2819,a2710cc7c88cf99cd7bbaca9a61265f83a3d0f266d7361e1000bbd956b4332ae,8375f61a1ba271e64f265620f9e06f1aae22e3a7c9e6c285b53dbe7ebd8298e7,taco,7101,train,2819,6
2820,55adf41e5d288818cf70c979f158b26f3caedcb2ad136e338908f907df5fa6f5,89ba739a6a09eb82c29b87e919f74330786baaaea0f0496b746c5474566fc8a4,taco,14438,train,2820,6
2821,66657c42ac22f97faccd267c07896fb4c46c8b2f8bf0f51b15c77d2e29c72030,186d52fa7db4002492f28bbaef8556e638cfd2ecf48e1483b12000f01e181c80,taco,18236,train,2821,7
2822,b4c36aa98740c601ebe502436343557a5f9a1d7383761dd6ad8819dc2d5c3afe,52a557dbf30ff75e906db7b87f83caa7199c227a0c6c85199696a91a97b26bc7,taco,19226,train,2822,7
2823,5260bf36f297a3f32314ccf1d1ddb8ca0cbb6a7e9bcc7a6cb7994c7457ce924d,332eb5195dfcf3a1131cf8885f7c416b4eca40089bb653e7798cabb4a64c4280,codecontests,1807,train,2823,6
2824,734e8c5aba2f9e1b872f4b17e7774720fdf4fd9eb9aa68b1a46329bcdc62d915,99804df8075522c48160c87e32c806ad7fdab45a9c4bd37e1ca4e2cf2d4b4a82,codeforces,10310,train,2824,7
2825,e69c591e2f8c97b829be477415ddcade2c0a92a81b48cde54bd51aa7a3e24675,b2a2a85fb59c159b4aea59e38d86ff2fec77a97601e23ab26790acb7f99545ab,apps,20316,train,2825,7
2826,1ae45885617a4c3f85baad148a9bcf5d12fea80ac4a604956609dd67996f9597,8cc978fe22bb63f99d1f18e98c01e4ab59001f79e20b3b2f26064ef6b07e2971,taco,16543,train,2826,7
2827,0ab740b5bfa266525611270632dd10a639ccf2843155ee3cd927ae26d4520263,590be50a6297b9630aadecbd93a07082e34a31ee8d55b88cb9e57eed10d1e264,taco,18167,train,2827,6
2828,273f34ac84e53f65d999a2d9f0fa1347da633d2d176f7fa804f59dc643c7f4b5,cadd6d17e6debd9ad4b7e6def0c9ea540afb73715cc08e67254732a9a1f08893,taco,22578,train,2828,7
2829,88a164c32f18cc1391e6d84364e2a71efc5f2d9859173be8e6e6c96786c168f3,5ace76533b0ac6360f26cf8c70c6d11bb77c49b5ea0b1b9fa385843b17fc87d8,apps,17833,train,2829,6
2830,2261c9522c2722aa0d991f657fc2e4be966a7f01f6f6422bf173eb0624951a06,6d6acef781bd565b9f477dc157b538abe37e731cdd4ec111f46623c81dc58b7f,codecontests,17348,train,2830,7
2831,d49bc442ef3e9c0fbca095e58e1eaaa3d635835c6a3681d4c377d8b89f6e4ce9,f6646e6b59e1cdd79b6b87518fd0ddfe59fff0830c6a2b2a543027c518d1ac54,codeforces,5465,train,2831,6
2832,ba17f2713674d65af23c308a53ca533014b47e9f1ac36159cb17b638888be8d5,88d19ab6dffd376e13b1e583755a26b5177ab0684228736fd9f09bba2a0175f9,codeforces,22091,train,2832,6
2833,d950d7a02a7a203e25b928228280de533456ff973c92a6d801a456d23849c6a4,fff7dd9d2803a18621f2b8ec21186c6c148ada5fbec245a53e70861ffc3297ff,apps,13605,train,2833,6
2834,c3f7acbc40381cb0b2382806763e4abe5282f9f806f0b6cec7eaf13041a670fb,e6087300c28f3623085edfeab25b26451323dc1f039554d711ff65f0fddb439c,apps,506,train,2834,7
2835,aa9b3855892d0e08666435a80c50d35a0046d5cc8273343109cd38b5582b7a5f,8079d112332a9c601d9fc388d8bb4f75d428213ed81d2803f352deb568c5b46a,taco,10183,train,2835,6
2836,3aa5875fdc7ae49e63f6e04d438b159fa591374e433082673f2c069d80f20c87,d48b57bb0b7478f3096ab97b58efdd53f256e6bb8c20cf5b07206fc21b2d6c23,codecontests,17999,train,2836,7
2837,b8d8557a4fd72431f110655f6a2367f927835a9dc53f78702ff758e58220870a,88124d97d1a3849dec038946a0ac18d60f93603be602ee92b657b57cdb74c0d1,codeforces,3709,train,2837,7
2838,91c7a897d74731f79ace3beff8f426c938237ab62326e6e20818f3af4573d6fe,053dffef2cf5e52e973cce32ee061c5935c928c994cea1570d23a0d27ff70abe,apps,10465,train,2838,7
2839,da81a1356c16a3081e97149ee656b2c7ffc5a7202cef5d4aefaa745f6053ebfd,6052d7c6d4d5f22a8272a7c6c81f716bbe7d7bbb00622ffda2c9933fa93f7ef5,codecontests,8567,train,2839,7
2840,92f8e9128bd305fa7262130a6eadb13c81075655946cd4748b319b6c7415c572,053bb59122be7e63a879feab60bb591055e58ff33d6bfd4ebed5be7aeef26051,codecontests,8277,train,2840,6
2841,fb32dbc7daa4976f14d599a44718b8aaab981ee58c049dc50c167d05a82ca372,d92d7f16b710615ef2e7612295aa8742b24845db0799f20cb4e2c21253da0796,codeforces,12084,train,2841,6
2842,e364bcd3251eecb0a9139785ac6bde2f93b6db253e5350f8840363e16193c4d7,481b6f325fcc6b4f9154bd2abfd7575211f2a926d9e85463ad66b19a61b33cec,codecontests,18373,train,2842,7
2843,45f838394e988e54b4ccab5bf1afc6433641451264a600853217f1ae0e1d3de7,ca3cf8cc16f972d8d5a1e2de40aa5953d049c77bca5694fab1f60ec789c23ef0,taco,13437,train,2843,7
2844,7736ac970fa494ae232cf604d4b9b91f6ee4bb523698421b4a6e03d8cd67e7f6,1ae3fed9a332c6bb45f4b0650a552dcec800bb5b2dff084eccc09215d6a889f9,codecontests,10655,train,2844,6
2845,0fb0d1b1877a7e346946585c8fe0e00607a870d310e0662826711ccb9919962b,db50bd54f4aa0a57cdc93ca164d6007a86eaba568b76579fb616ea5a062e3dbd,apps,5466,train,2845,7
2846,0c586e79d4bef3b5f454f8143203c7c824a9748499551627c62a3f97b78b4fb3,fe1fc6340232f3fe00d92b4c6a32c1fae11def5f98cde9c5b75f8aa907e86766,codecontests,1247,train,2846,7
2847,9af63d714852af2dfbd2a519c9e8de029ea9c759558c1db12c8a7756dcae4e3b,9a3c21ac8539f81cfe45bd9b1246548ab241dbefd43a3182e92fd47d8a9f5f09,codecontests,287,train,2847,6
2848,0006293a2a2d6959bab3cf515097589d2126d670dda0be3be1935e2054ed302e,0946bed53a3513d952fcc170607f74f3fde890c59513ff537888391bbf616660,taco,14107,train,2848,6
2849,4ff985c49eb07dbe7a235f110814d2c113f073a6b2b2b052a7e65789f02228c5,0b28c032ad488ad0409d89a72839bbdda67c88db65b5ab0529c7a48dd0228ba0,codecontests,17948,train,2849,7
2850,7e261fb4cfd07314a4779df1abe3bd0b08cc981db5feb3044937c39c22df7b35,f89e83e7f748dc9100cdb899462bde0b78c40e7f657b4fa1f91d34a4c19c496b,taco,14238,train,2850,6
2851,f9b4a883b44c6366e798c7ba52355e2a646ed747794440d4dd0ee62f7d52ab54,3f91cf1408e1447f59290476cfd7390fcf1dfd5466bc693e79572eae2aa04ef1,codecontests,20129,train,2851,6
2852,c9c4e10ed0dd9e05579717d8ef91662dc0110be33c0ff44c7b560c625a6426ac,58d75f0eba21b62df52b31a68390df7dadbb705ef146f96bae3c011c74b6c673,codecontests,703,train,2852,7
2853,ba9004c6830d09bccf9a59cc6f21ce57c96964198270416295ec05199b5058af,4604eafa2eb1d601bcc0d5505ca4aa60be6dd99be9dfc32296dfd66b26e1dd27,codecontests,15544,train,2853,7
2854,976941e8b3c20fdee6acbf01c8434b4247e7a7f787b1764dd94b53c4a8ad6b99,b54ce05883e8ebe625ec94dce29de4cb9ffcbafa4bc592e8f9e39cbddbd40097,apps,1834,train,2854,6
2855,f821d91d4684b064be4cce3962300064361ce15758616ae485d93b93fe95b069,1b37e68942a70c8b115993f121a41ae77510cf0071ed901eb6eeba4683e13dca,codecontests,19754,train,2855,7
2856,721ea3ef2302b1ada9a2303d32ee12492ccc0b36277984d8428dbfd270bdeacd,5ada116aea389acb8c9c987eb5826aa826ab3f45695596fe1395f2656e672523,codecontests,9478,train,2856,7
2857,df25b2f3afe648f62883c7e003f67fb29eea28c207dd7aa7820d6377bda0d454,ed887bf8235aacb832ed79ef6929839da928ddd87f0ee805e569b66b5d9ed61b,codecontests,6452,train,2857,7
2858,91399cb2776b8a43aafec558cdbe545b43f9d041cc8318b299729f3529892f7b,01dba4cb767b7a6b4e2c7bfc40eefa8223819d25118220e08f8a834f8ba9f877,codecontests,3248,train,2858,7
2859,c234a73ac68ff0161f8e91bb015e2224ac7c1cc15d5b2e4aeff71179e138e976,88e943ec505cbd96b03c2de350cbf9ef379165fb656a48c052d4a8931276b819,taco,6776,train,2859,7
2860,c7bc93e4f402012ef6a91c0fe4093a719e068ab2a567ed62e54902f59c9532b0,a5c9024b5f5ded177615b26bd99a148ac0b72b079a59f8fe85c8cd6781d098bb,codecontests,10845,train,2860,6
2861,29f0ab186492cb481e0960de3e95c9ff13c1990a1f041dabbefef2304e403bf9,935c2bf657de37b82ab21acbceb6755c5c72bf8e10063341333c68dab0536961,taco,6378,train,2861,7
2862,2c0a2cea0de1af3cd3f8ff3ff3ca5ef49fe97c8423b5df520ef4bee2a885a75e,8d9755862021c3e28611ccfb2f3df0021fe19f99909b6ad1205d620c8f36bb46,codecontests,2412,train,2862,6
2863,2009baac8e053a5948b4d4c1e62503e9323865a817bee94294695a467a67a543,625620bc78fefaff5850edee41598012384d90e1b68c50015005fc55a152b757,taco,20992,train,2863,7
2864,65100c1dd60b21198c8e2965b14ab6d59f7c952416bab5e8cfea22f24f4ddc5f,4ddbece6254fe825d47702b7a955457dd7cbf7e31818544d56bb0b14cd4783e4,taco,9622,train,2864,7
2865,e520d921df78e5d14358574a73b8e2d194979f822cb06e571e0b429f272a736d,d3138d211425e6525f896acdeaf94919753484096dc97c714819b9248f3b17e9,apps,18312,train,2865,7
2866,be80e245af076c42448205d88d7685d512f078ceb5095426b02d2229d5180219,944c025e3c6a5b0c64051912c73ec7cc37da513d259f2e472bdc73bbe9fc0d38,apps,6251,train,2866,7
2867,b032f41df6c04c910c7aed1f65299d588cf892a83315554a8b2b3aec45ee901c,ce81c09ac68268fc705829454e5d452fc1f9fadd4e335d348bb68b8f47516ffa,apps,7739,train,2867,7
2868,1f5c02939ebbdbfd5a987b41d94867104c4f063baffcc9214013b0f26f160a97,c4a441b447276e5d4225d6e4b883a9d43cf4c6872f6259ed3b7f18a2b13758ea,codeforces,966,train,2868,7
2869,7f97af096ad1a477dba7b2a10e079175fe018ab54a41a0dc7df98b7efecf15e0,a97f5576f385ab46d040f96d180db1c25a12bf7e04e969ab9e8f7872cbca4450,apps,5524,train,2869,7
2870,bcabaadccaf77fd7251cad83944186e6effd76b0b78df6357753ff9b2d187804,8ae9318e5d90adaf4636f14e342f2142b557b026e148179c6b54a3f226e1ada6,taco,2203,train,2870,7
2871,974cf93edb04744044a7ef32b1f57bdb976e1f24f7ff9635b03758bfa79f8125,0f6993b25f261ec71124d8ea73bd3b9372bcba995228b34297de09ee7652019f,taco,11308,train,2871,7
2872,a82ff405cff669699de8fb69ea33b3ae4663b7763b6ce9d80aa4a05d12765454,f60b2c9dd2b6ef7bac33fbe93567e5b45af23f21c9d4c69c67e5c4dbd3ca8865,codecontests,4984,train,2872,7
2873,e5f517a7d2d524385348538c6953cded91e053ed785cd06a3d8919561914b7f0,ca65f253b9400c5887bbd6811e3545207195703c2ac6e892d0cd285509b105aa,codeforces,3845,train,2873,7
2874,d7f16fce9968a10681c08ba661ddfe71473f9323b90aad0621a9cb3860119982,6df4ed09e0c8dd56fdbfc8d19fd21ad49749750cbd148590867c68e5a7e7eb48,codecontests,21841,train,2874,6
2875,acda6e4d46dad1cabe001048e1136f685b9f55d3635918429c8aea374ce1924a,023b3afd7ae2f694e5c7fa399ff9ce0921eec501cf127963c9b36351aa00233f,codeforces,13785,train,2875,7
2876,c7268573baa1be16d8a411cea46fe1c866d93967282b9c71860a58bcb0e6e157,832b5f45711b9a1a3aff9a496ea5c94dcdc69907735cc17f73fdf1cfa8f5231f,taco,12139,train,2876,6
2877,660e795ce9dfd5a2ae145dcf1627d6dbba1c566a8ddeb239f218b01b7c93177f,cb0b3fd8b3ba9b87da189c5786c10d4322957bcf89b4cc54c012a70aa16bb4ae,codecontests,14820,train,2877,7
2878,6327925ec989c544ece3b2705ecab1435b806c0e19231b3c18c8450dc20554f8,eb6fcc89f950ff985e86038e2d3e02fa63ee168be8b29ccc34a31d6d91084528,codecontests,18808,train,2878,7
2879,dde6bd19533dda44152396911a33a5ab31048839daf540fc7f56a249d21e717a,d332657a81c40af80aa9f9e778a5ba8275453a9f24564343b14aca028c010b40,codecontests,8579,train,2879,7
2880,3ae3f265696e880705897c442bc688deaace3a76624694e9bdf7dafa631662d4,920c58e1f735d38c6f6fbaeb80aa6b83f1e0a4800b8ded2833c55cee07b66552,taco,3939,train,2880,7
2881,2bcfae9a81fa583d205fbe1c15426d0807b609bb9539a8e2e1ee2b669335a3c6,2ab82953b9ca4e4ccb01a088a6989f7e607f0466ab01b3ef8eed2059f54995f3,codecontests,2491,train,2881,6
2882,5eafd7dc240d1546d58ce1825c0b4fde4eb2b5be904e21f440492aeb2958dea1,3daf461e207d9afe39550721acf5305c5b305181cd9cc4160eb155465f33b8c5,codecontests,14938,train,2882,6
2883,5c22a34037b36e5cca5363e9230c0527271aa0e66547b04c1c1d1da1b5347f75,19428711c9ce6e5c26aa17513ec2da2df481a71e97e8a17db5f0dfa355af6f1a,apps,16616,train,2883,7
2884,9c01145e49c35648440e0325ec37a9199d0ef29b893dd4d7c250c875f650030d,eddc46d2655decc9740bb3395507fc55ad465dce70b06c8b6cb5304a4327af7c,codeforces,11335,train,2884,6
2885,68064287037305829880a6b63aa3ec427f7bf450d8694a1ba0df680618242365,fbd20d7ed3fab785ada5077fa0a3260dcc597f055e21e9150fd4148de50eea94,codecontests,1106,train,2885,6
2886,222db1bf4f0ff5d41896010e8f9293037031e7751dbb7a4f2dbdb54a88836084,121a91696184493f9ae2ab566e02df0c42ffad90212ba656dcb2053c29e0f2d1,codecontests,4841,train,2886,6
2887,2378628d7b2796bf089e7590cf29e90a4d64c5185148bf2a297f40b7355758ba,b6368b81f1363bac285f0153df308663ee3bb8937716c27f3e1ba9ae594e6f30,codeforces,16221,train,2887,7
2888,a104873166a01bb0c8446ec42535dd6bb009ccead9f4da77048b73a792d7aafc,24468d9d3abef512a7fe7ec8296c6552c0559a934e0535e8201b6a7c7ccf684e,taco,7375,train,2888,7
2889,327e612b840a9c9ec89e1674e8ef08bfa8b7635f3a8dc4c05b6734279ce0d4fb,992ea04fe16237ae38be67418894b68c885afc0df03dcf01f7ed1873f14885bb,taco,864,train,2889,7
2890,aba6224cfe36da2643544907c399d90fec7d8545d94a6a80e1341ae0d3cd66dd,98e8a7e0fbb518e2e3438c5c9d57c4b71b639244ef700017c17bd396afeb1bc7,apps,4292,train,2890,7
2891,243855cd8d45c5fd45068c8910ffa0bb91a76765dc32db6cec0f46eb9fe84e37,02bc6322223ced7b1b742e747b357d3bba552bc5b8e1deb56c39e3153f031fb7,taco,13448,train,2891,7
2892,ff4e108abba2a1460dfcdd980141dc13dd4b69c95503a29176209dfef8f7374d,27b2cd8e8da968f022539d526bcab009a3b418314dae00e29b3ed299b7992de9,codecontests,4256,train,2892,7
2893,d409532a907b06956ec119d417e42cc3f47daccf98a7a76efeedace747288970,8eb52ee51b460e788bd84a31d6c03258f0dd85e171dc396893496f0485bf01ab,codecontests,2106,train,2893,7
2894,ae374020a6b4eb56196f30c68420c4d07e55003c08be52a73e6baf5c52273bd6,a18e610236dec3fbd715b9578f6d754a01ecdd33c20aea91be633c15b5a77630,codecontests,21863,train,2894,7
2895,22cfe492eb84239a6398669c83f3636d9641d0129e05281a0384dd0187b919b7,1abf1460d41eeb089b56c04991e6126d9cf77915e3b8c0a3d8fdf30f9b79d5b2,codeforces,15936,train,2895,6
2896,5d837ca59bcf104e32d943b917fe5ddac65ac930c77c957cbe3ab07040698689,0299baee1a02d6ba85db21fb36ab1829d18a30bdb8ac60dabb8a9a5fee1266a9,codecontests,15875,train,2896,7
2897,9949a6a328a38d93a59d7a3bcdfe718a7cab5842cb947820331aa7f74fdae1fb,6e110aeb255b8ac7ca0368c5a6827f289eb729bfd553dd9caa4297d41742c68c,taco,1575,train,2897,7
2898,180634a9dc01d2bb7a3571493ccdc83327506b1dfbad09157c2bf7a6f14c9294,81fdccc01d3a73e189dfccde71965515d41b2a0466687f627a5ccdd647a46546,apps,17535,train,2898,7
2899,297952ef7abcb8e4bfbba218ad844cd6d6ed243d79d50b03afbc03d8781fa4f6,872a677570ddd226d1a63e774f9f00d86cdc5b149d3df86761920f98740d66f3,taco,1755,train,2899,7
2900,ea6181c989103e83c13d9438afcd1f480ba4a7ee927d613753fcb7c0e5143f99,b569420f3c2399002dac3e8339c8085043b256cdeaf2cd69fc65947594f78af8,taco,7752,train,2900,7
2901,70e11c61dc6f22a6f90fc2a9987bc59d258f35f3035827ce1aa4e2df9072dab7,2480104d0b003a6ec1adba43ea6137744ed5434496e0f41c80bbf3349777d59e,codecontests,4477,train,2901,6
2902,6416faf3e37220cd526b6c24ce31c975191b06b3a94dd062df4c4bd69435dbcd,ea85b0179b856f42d119468fcde7ffa2e1bce675ef7dbdd978dd1c49c58dc717,taco,8973,train,2902,6
2903,000764dddd5816c67358d12f8480fc98d07d4e4190b48be091c447810369b89b,637415250472cb900481e8677bd4fce12c7dede58c92cd76d664ec2cb7fd634c,codecontests,5710,train,2903,7
2904,2a4c0ad9d0fd0d57499da67c41158bf0edde839b1ac719ee2d3781f352bd4a25,12dcc34641d116df9c2dcac27cd55e87a3b9f1ac038892445ed26ea5963f7ff0,taco,13023,train,2904,6
2905,982eb8c316ed52126f918a13af2838f179aff2ad12dc68bdffe9cd1689d50710,d1fb9180af54f58fb30cc4a8d5cc8f214269f7d90998a73088e1c990cfdd1e8b,codecontests,1845,train,2905,7
2906,12706fc80fbbb302da513f7d90f941cce6a70f3e0d7aab54909a9c4d4799505a,3d9df850abf85a201aec66762270b5d1a2160b9de7cab71fbfed2f1285d14917,codecontests,12421,train,2906,7
2907,e83c9e32bf5fcb063d2c29cb7e649f5ee77dbdf86e1ff4371b1455d7054f8d3c,4a1b0d46e4bea183a3286ef62c341c321bd59fadc0ee1fc1ac55e76565b2ea6d,codeforces,16781,train,2907,7
2908,4a83cb0db0f78b364e3d1e6fcc70681c5432b153e587f3da63d2775471a194d1,fe111a006626f4cfd350da4b7237e6cc3538d158591a528a2f5a49922a91d42a,taco,17897,train,2908,7
2909,1463c6692e01fd75595f576def6f8e0260680c5c9becf06cc984aad74f7f689f,3c58914dda21f8cf983e4752bb10b86de297b46207ab54d3b525f0894da1fc75,apps,191,train,2909,6
2910,45d4a7f8533b18d81c467755a9229191ade1168502fb85f205172d5149d567f1,4ab1aae1f5e02c8bb334513e765c14c9a0d7ace1d067a54b983a2bd1f773e2f5,codecontests,9814,train,2910,7
2911,d5a3543f0cc29898c77bd9f24c8409be3076a905905c49cfc86d7688609deb61,449a95ca793c00f49b3f1596aea66d1c841772491e17ec707b59f65f0db2b186,apps,8192,train,2911,7
2912,eea0dc5baa2a97cff0940c4aacce89c73d25d6f93f9ee8637753256dcafa3587,dd8157ba201eb515780777c7674031e1a3644a91ff0ad59effd06651f7d55d54,codecontests,16558,train,2912,6
2913,05f91baa0c4e2c4d3ee13e1070a77e9aaed36722ef30021aeeafbe083131e7f4,5f934a87e13f5ae8672db063d9f286cb0a9c754530307753a58e54a784d19aba,codecontests,2010,train,2913,7
2914,0724f7a589cd310f83a8e860bb130931878e1edc40fa173ef38d07509116a52c,f8dd7b815e467bb425b4dac1deec1e60c59548ce15d39625e7b154fc008328ee,codecontests,15931,train,2914,7
2915,a5ebb3cf58dd82bc9186663f47ca05dcb91d8fd653a8c4bc96506ee25ccef274,463ea4145aec304e9dd7b80b7870f22bf1535de232cb06f73a283534bcf97253,apps,348,train,2915,7
2916,172ba1dee6978b632d4d0845468440bf79784aa0b90f6b1db64020bedf9eb9c7,24971a3f857803f338d23195a9b66176a784b9ee927661cd8830f04d9c5ff021,taco,20077,train,2916,7
2917,a343706c16a863a0b476764f064469496223175af91b35b1bf07d34193e97a7b,0e6bfd5500403217cd1e52f445baed184bc96d494a0bcbc4b66d4bfd83615ddb,codecontests,9667,train,2917,6
2918,b35397aefa24472e0ebf8a62353e0fa070eb0de7c22ad18243b6e02df906f834,a5e7abb15373d8e71a6b8615b8b58c4252d1186fd545debb1667f514485e96b3,codecontests,18779,train,2918,7
2919,9589b7fad65cdf04485023d5df3fdcb6a995489698925be975119900b1ebeaa3,7b8cdfa2949bbf3c6427298c631b8e5dc30c1cef7ded58bc79caf2e0c6200327,codecontests,13330,train,2919,7
2920,44dbe05f277a31f02aa0da13a84fde8afec52c4eea9220f63a1df37d4988f192,ed3f9eb182b58049f8ae34207684b63d7300e6cf7b152bf54b01995ea8cfccf4,taco,7195,train,2920,6
2921,c62ef0eb0f1e45554e0293e7374fbb1a14002805796a988968223df9999ba2ea,8e4adb97e64a53724416d61e4f26689bf5457e4320748f8efe0696371f154068,codecontests,9253,train,2921,7
2922,32a4a4881010085def0c8dce1beb88f240018e85154d8a54616d4b5d986fdce8,402b5cd06ad45c700471f678a81d6c8e9a747bb19a43cc2c6a62b71d1ecdbfd6,codecontests,9469,train,2922,6
2923,de3d32ed1d5e4191f6daedc35eec308e3ca0924bf3e458d397df19ac8253876d,c7f54c9da5205e5705661c4f681fb179d9bfa70fc33527b0bbeba1a594db432f,codecontests,21221,train,2923,7
2924,5d795d4d21d8cc02a3a580f1330968da2653d88bca941fed3f6c4fe3971019a9,df836eaa39c36c076bb6202812d78c490fddcb9c8ec0d9231bbfe42c5470576d,codecontests,8648,train,2924,6
2925,6c436344659e02edfea79565d5bcb30cc0ef283010a85b5b9dd86bcfee440241,85f2ff8bb51d9cfd6b067be21fd65bde8f389bf57ada91546286ce74d524b2ea,codeforces,9995,train,2925,7
2926,9c4e65d75c8212c9727bfba9178ecf993ad18103f97f24aece58dfbe22f53694,854995c09e75037674435c4c9ca561ea0fb3b363bc195ef72438b6f10cada97f,codeforces,13883,train,2926,7
2927,e73ef2fc730570a5d416c45e1fc89e63154e378e30137e7cb47d72207998748d,daa2fb85af729989abbedd951c4857e3de519f17ed3b0b44ff274690c0a357f9,taco,3247,train,2927,6
2928,f624c36eb1c6c39db8c8e6ab0b6f28aa7ebdfa5f2bb63cfbc078e39bf1af7aa5,180f718737176d8439008835bd71e41bbbc458082b4dbc0c4b31cf315d42b129,taco,14477,train,2928,6
2929,84bf5fa736644330c9612b3fd828be60dafa017b2075fe586fe4babe20b599ea,6c40dd73d642b527ec4c4f1bcb670b4fabf99f0309c6dadc54ceea1dd99fc5d2,taco,19035,train,2929,6
2930,72efe9bc1726b0702377759b0756e966e8340826ee7bacedef8126f058583435,aa537c55e162c503f5cb47ab6e6b09acd8b55a4fcca726263c03f0f99fe47609,taco,10295,train,2930,7
2931,7e909da85e787cf28a1b8a2604b0955afab47987ddaf03e72397eb33bb6e201a,76ff974a5949fca64aba05a56c5a4fdb8c7d497ce110099c193a1a8919f23817,taco,7658,train,2931,7
2932,8ca3a716a1f1e4c5f7672b08b3cb7f186aad87503d321d706fdf77e99c0c40db,1e815d114ddcdec29e0ce49cfe47da3342647b6e68f1b42abbc5440ebf3eccdc,codeforces,11203,train,2932,6
2933,e03e2b81961dcc2b7080adfac67efe6f0bc2bd302df526a05651844fe450067f,5af67493255748e3caeff34efb4c183116f96ef13aac5615d971d173a54cb1b5,taco,12200,train,2933,7
2934,89c7c15fdf64775a765648d91f4f0036a37150a6f0a53046f8fc12927eb8a19e,f076a5f1463298e407d986421cf8111ddba1a214ba08b79fde113114660a185f,taco,5825,train,2934,6
2935,4619c205bbbc95d2d6f904f5f4c26bac7fee76e15076f48a2c3a6b521cb7d53b,fd238ee74d91e2c2e34cdd9b44c2418c678873476dd01ce5489dfb9cda66a7f3,codecontests,12813,train,2935,7
2936,3e575ebccbdbb7f5306560157f64f338c5760317696d2f5a32d17af7968cca37,9a2e96382d5a71458c241cfd84c24cc3460eed4e2602d8170615aa424abe4935,codecontests,3494,train,2936,7
2937,22f9ed8c40c847b435b66e6259edb74e7c656edf49f7ad87719babe62c097e33,c51c6b9a0e55d066db07b1446c859dac551b8290809b88a81babcf7f2141f626,codeforces,12744,train,2937,7
2938,b94c8cc133783302d58ad34bd954963ea086a0ab896061c88637dff574bffc62,6f2e3529482b00ed79b87b76b01680b5c42256c26d08dc84df579be3808c4750,codecontests,17232,train,2938,7
2939,0b74787f1d9306357d812710618204a66ca7efa0579ac183be501caacfdcbfd9,4b6b6ad8eddc834cde0a03caf0ec181a5fb811fe2d44ecdc1ee1d4d6354ce0dc,taco,2679,train,2939,7
2940,b8ef2a9f4d3cf0d3a4ed14592e3e270cb69d26297bbc5d0b3dee251026b777c0,8979fd217ad8aefd34b74e00cf05d202c18793346ff81e63c3d2653ee4ffa109,codecontests,9285,train,2940,6
2941,c2a02c3c8e300326d6668ec0ff143d6b4d786a18fb540a571636ba006eae3663,037d2fa12d6d9fcd77137ae71a938fe194279e3c141564365d3c53d3a7e8e70f,codeforces,3436,train,2941,6
2942,c47a1cdc215d1cf81ea35e971c6bdcffd25464abd7ded9b7e91eb5087df94cc1,e1fba80cc47fdc1b9f6467585253983c3300abd25f6795b62e4d7722e3e84835,apps,12015,train,2942,7
2943,ab997a2535e40abc9ef18671fc0d289176c37b2826f24cdea8bb0a4ede7c9a58,1bbb5dce7b38f85448b128e667f1a66901cd6e18f283d6183ed2c4abd84be24f,taco,290,train,2943,7
2944,bc93209eb79d505d1e7d30c5ba2e05778f7a4e1f96b217b22cae04c90aa4827a,12373d2a160621526c9a5f98dabc6bef3d2e9591129b59e482d609682c17647c,codecontests,13585,train,2944,7
2945,7ace14cf110fbe3198080d997d132d59e32aef2a8e0ea0b84a0b565265324f95,e97cfd68ca44ee06bd59926009343e5e4803210e078dfe9e1655e18283c15d3b,taco,2483,train,2945,7
2946,247332ac95349c53df1357ac27443e03e80b651842d182f71611c8db70b700bb,442a4a6d663a97c039d81baa528a65cd62021ba8d8d14d24b324500614f335b2,codecontests,20618,train,2946,6
2947,5b298330f8250c20e6d07e5ff79310a60c8fee692802df16b4a1ea0e31247759,a4a3c4acb80fff6e57962d3510c92b9e696b900bab3c3aa3ae9aa650b5a29588,apps,6102,train,2947,7
2948,03db0800961295fea243e05e348c9e20e4c83feb2ba521f2b1b254997260fdb6,59768f875e673de9c56252ff3f480b00f0babf774d3ba8efec95a8f82931b66b,codeforces,4881,train,2948,7
2949,cc13169293e5df630985bce2bec23ef8f3530933744f2e6cb625d570c440580a,6b227c8375ae0c3646e4ded8fe8afed60154d8e72b7d1fc3105ff8a216a168b9,codecontests,22261,train,2949,7
2950,582570257b029ad9cb244b652aa2f4323581c4600a84c2ecf81810309271e84d,cc3e7dac65ed754410725d6eda8082eae417385c17d2ee3b490e06ede3a71786,codecontests,17796,train,2950,7
2951,cc3d004c7ccb534c2b1dacad6eac1711a6871405bcb7dba3bc7594375a63e1e3,e8b76cefefbc69841250a8879fe01e371af4ef8b916f389d70d1f4b57848c9e4,codeforces,7116,train,2951,7
2952,83df55fa98b26701b6b0c98eabc5704be53d47739de8e89565f0d7bb70140438,5c991efd63723b3f1556a715cf8dea88510379870a41143b9bab0d06bc3900c8,codeforces,13206,train,2952,7
2953,88c1e616847610e9acfc213e8ba0800e24406462df3811db7ddb766164f3632c,c5438088442ccd579b570a238ef4304c7e4b9747edd6ee5ebd48bc6137e7bda3,codecontests,8690,train,2953,7
2954,57fc0e1be4cd4e0dde9be39125d7e270d4e8c721d608b816cb841e2bfd55e864,72293860e8d2c30badf10dce04d5b1aff620eeedfd5dff398cd1c9e45e29752b,apps,10305,train,2954,7
2955,cf80e4b827b27d4b89ad027f5c4bcc1222c8ded9695a009794f90b716445ef57,1932bb5da9330a33f5e738c8b50d52af8c037b70b694d13e5e0d77f2b40d7fc5,codecontests,4673,train,2955,7
2956,b14b453922ba7305c947e46917dcceeb026b677935a9df36668e1945879e9d80,66819df4654b940fb6fd7aeea4d3015ccfc657c4e5cf2cc117283475ffcd89ed,codecontests,4480,train,2956,7
2957,3cfa52ef5f21a62185f55b5f698ae9c0227cbb20c8c342c95e891570c4a35554,5be19e5c10d2e554ff5b1231715950501f7c2fcc0ef4a4cd6987bc0d632a7ef7,taco,20996,train,2957,7
2958,c8570c9a389d11b3b7db7b601d02c4672fb1ad9f65f552ad6ce60f8f3c7a7066,0b5470689cf9fe1cb9df134cd617abe90517d3c690c1ee4133713d245ee91620,taco,2247,train,2958,6
2959,d043a5e9a031eff912d7bbb4364130e72b990de5882d163ce735d3f3afb2e842,bcb3ff0946fcc266b9c0990f06380eb5d7bc32f423059cb8200046062b5088a9,codecontests,5128,train,2959,6
2960,3d67e88445bc2fdc9a4bb2f0efa176f5b064407777fffe3f61b97032772be620,f91915c3eb8e673d26fc361f9c25d3a3e1e9d87cde8c4347415d5375a0475e42,codeforces,7589,train,2960,7
2961,7e0723b0bb405251e000fcdbb4a9b8dab65f58424475dfdd62b61bc44d93a404,b8899743d082b3bd8229e0a9ee5f5540a30f7a7b4fdb2f3bae2399a8f6b3160e,apps,3870,train,2961,7
2962,e93bdefa6bc544770a06bd705cb8fe2a3b82feb2f16107f5b81738ba1d7e3899,9bd673ce5b5a9e8eca414e44a391f61b14673eb2043901d0b0ecc82e35a7bf1d,codeforces,17102,train,2962,6
2963,fc98670716a08f3faefee96159e618382646900fb211f711807a5d192831c900,30bbcd18aea3a7fd47521a69c5e2409a47a96100c496bba3672789f8e0f5f504,codecontests,17029,train,2963,6
2964,1b578e752880e7690e75609a3f6aa7444d82480bcb692b5dc96309640a9cb580,d12fd309bfe504127645bcfb8ca4336be41464c1ae012e816af439e06380c193,codecontests,1500,train,2964,7
2965,641f71061da6ad1d1952771a292b0c0ac44236c9c1b1ff33f4c98a281f9a394b,83080de020783f6b063eb2260f2b9c9bd3631b2d042fc5770a938d3f44cd4ff9,codecontests,19650,train,2965,7
2966,a2cbfacba2b7f6480652bca356cd9c5fe1cc63df142c9f2ad26340a18e7b7650,d88f781304622a8c4081ec9d70ec1e490efa3516817e6be4f86d33414d20eaa9,apps,4892,train,2966,7
2967,4ace51db85e98b3487068159e2e7f97b0d12b4b85dcee37f264767a385d983a1,39f11bc2fc27516a099d0378093e5af81c63a3eb1fb5796935bb65a05f7c0cde,codecontests,6390,train,2967,7
2968,62c454f6aa0a02a694750fbb2cd31ef9147694157c85c8142ef381b3018dda88,87344e4252c8da1c242887d2e82b2454fd8970839ce7966eeb238bd4b32a4361,codecontests,11946,train,2968,7
2969,de506b496bf194e0697ed0fd48b49623deab4e2edd75d1e1467b6ba6dcee67c0,6708c8e24dff40f560d1d3cb3cdeca2bea012236292ef0e557d72e711095c5c5,apps,6404,train,2969,7
2970,c25617d0337fe381444c3bba30fd6e9712efc7a7cd1844b7f2cee26de4597c96,9f458d1f912564c1af75e124bcd8ca430737186bf400bbe1e1ed3068f9427807,taco,1880,train,2970,7
2971,3856604bd4a1f7aca1c413df18b14bcc6539577d6314cba96fb7d6133976489a,855df9f5debb9e1f6ddc785c596c69ba8ff4889b2a5e32a49c775e55c71a92c0,taco,2505,train,2971,7
2972,4d7c5a9313f694848dd1a5b1eca8dfee8e99efb99d59700952bb1f481d2d258b,07ffd90e8c2902a68e91b7f0e5abc9c5c6bca4a8f39c0583e1257df1e4627ca7,taco,4364,train,2972,7
2973,0366ac95c61483a1a142e7672aaca862154e4b50ff95b306042de06ec1f6095f,6460de9c8d1eedf382ef44bf78efcd0412b4c3d44f81020311b86f8e44f85675,taco,14904,train,2973,6
2974,1851b07dae9d81d40dcdb915e62e946e0a72d6be17b11c6c8126b05520dbb3b9,99aa95b56945047e12d04b215d4fbdfa500a02c35ca4c80c6e8e1a9418975598,codecontests,446,train,2974,7
2975,ab8c6797a9e333cf7985b92a0c020f86ac760bdb627d5054a06973d27496ea8c,1d432cb240f3639acd60fc4791dd56e41bba70f1212fbf2db6b855c7d56da1b9,taco,8563,train,2975,6
2976,d906dd7f3c4799a5dc478001dc3dcc91765a4c85cac05dd4335a53958245b88b,b234c90bbeafe5fab82e3e84f880748aef0a7b062c278426f918088b7516a5d4,taco,1045,train,2976,7
2977,19702a1f58e3d83da40bb7be013aade4bde1e4044feabcca5df8be8eab3d9f63,7f853e4dd96a49cd3c55c86dc1ad20fdacaee2adf879b17297374a09efe286e4,taco,4280,train,2977,7
2978,3ce8fa6f8ba007519d2fbfd8d4fda5e343a9aaf5d34d89680341761ce2678bb3,52550ef3e461636a0c5a37003cb68f6f04f207dc2134e315ac3037ce8ee9ac39,codeforces,18059,train,2978,6
2979,c5b26638b5284b9a4a6cf2b3e6abdc47c9a6d264deed0a8d2d2bd4f5d589340d,33d1606b99c95e03430568304a0581b52fdbb09f83374ff4843d7948ac0d98a0,taco,9054,train,2979,6
2980,5a5ea438a5346d72c921261c9f27d423965f77ab1dbb9aae4db979dcdabaa9be,37a2d436defa4070ab3c8449ca1961f4e45e182ab183b72937888d16b76580ce,codecontests,12192,train,2980,7
2981,fb35de8d248b7c8644dba34c56ec2989db24ab46ed0e3fddfad4f90ecb65d913,f43174f09bb8b008a0f39827013a97e168d7b92ef21b217c4014615abe039f12,codecontests,16271,train,2981,7
2982,67463f1e735d3bcc7df37d890221bab580268c0245bf28c4e6da7dfa8896454e,fb11f1dfa93406ca1dfc406a0bd16faf11718e39abcbbd782b53f88dd91a6eb1,taco,21851,train,2982,7
2983,96438b98a7cc7cdfca0298c352feb98044400dd69357611ecedcd1514febbff9,3fad10e0b6cd40491ff706763e43ff599035cb37b7025f2b649d0ce3367ab60c,codecontests,20126,train,2983,6
2984,1e5dee60bc3ee802c60164f11082643aa9944e4e6829a3f9a9febe69264fc148,6cdd36a97867b341aa8068f3232fa944eb3d341d3aa84d84ac5deadc35cd14f2,codecontests,12146,train,2984,7
2985,41c4fdf0c5e8b61abf3a0242b00b013d24477d988859e9b6f6a0496151118578,433d5a96304c8fc2ccdbc1036ddc2a326bc96bb08e20393c08355f826804f252,codeforces,20740,train,2985,6
2986,541204e8d3352aba73dbb355b8bf82175fac2e8915cdedc8cfab02d635783c96,0a46b51ecab6d1ad98518de536e1567453cb3e9b78ea2f8eb42c779d2f5364e1,codecontests,15816,train,2986,7
2987,7ed232ee33a8844b5b8ad3eb4c5cd469bef13215f6d4cd7521c62287bb2d8a2d,ba5e5987db67c79b0f753013a75ccd2dd305a579cb3cd802f8774f864ae6c540,taco,1779,train,2987,6
2988,5f38bcb2f164cddabd8f6d6e48b5112c3ca328158d69be4e08244492132250de,2cf26bdc9952f7af815dc7689f1302e7d4eaf771122ff64432aaf55f2c9241bf,codeforces,21517,train,2988,6
2989,1680caa6be145f54b0e05b2da0bd0d3180ee38b1caa653e6b15683b1bd06a590,a8967716822b12e54a64e85013375d4d4c8caeeb28e3546c2d14bfeb555cb58e,taco,9891,train,2989,7
2990,416a27c4ae0e591cabd4e3bd9f36162bdcc56df2633d93730f9086f9d4077f82,d3f77b595f02ed5677bd11eeadbff46601a06f6d9356475744114c35f2918074,codecontests,15630,train,2990,7
2991,2b04d0b371a459c032b03097899ce3338ad305f5a85c2223ded0c88e2252f965,f8faaa7a0ae464ee06c6daa66e54f84fab95a0c58bda214872d2b305b16a0cbf,codecontests,3652,train,2991,7
2992,75dc41b29ff63ee5ac48d852c1c99df8a557b0c8a7a42712861b1b93aeeadad5,4b976657439f1f37a5297d8ebba37d5b74c0e51a143f73d4317408f2f20a07e0,codeforces,15195,train,2992,7
2993,c0f4e72f9b1c102fecb4f6dd1194dffd7a2d0a53d8081784dee5c47f61d1cfd5,4bac3295e433eb1a245cfb5bf8bc8bbd9b85619c8d96f7ceb27c07785f3c4136,codecontests,3703,train,2993,7
2994,d3fd0974e4ffb0617275692442ba279ade7242349d1da824320cf8652349c1ef,2f9addd923781502a9e753db6e2ce90a3cc332ee88efaa36ee6f7566aa25ca59,taco,11281,train,2994,7
2995,4fcc725232efa1923c710451ce32192d94e323b1f42bf75a7a1059839e2cd7ba,47c2e01e747d642f0c59cf8a2492be2cdeca6aa295d53e8a95c020559a58201e,apps,22356,train,2995,7
2996,226594a3d9e09cc134def3ad6a5696de135bc1de938973816d7065561e433fd1,c706155ac919d23d480da64fe75e6039cbe7d12e30b1384a5a7f7d16717d1164,taco,15261,train,2996,7
2997,c4de2866cf99e74a930af6ab5c896d57b1e63476ac94acc8270789ec0e7b3145,7fcf4740ca6f5290669c1524511437b615ab0430622155872eaf9cdbd83b001c,codecontests,18227,train,2997,7
2998,cfb7e5130077f3914d7ec97e85240d888170624275cf68aea4a3ddde00d9c3f8,ee54ac976df208c3eb4caaa4e3b3f948992a612d49f0b76cf7dfaa96ff9adf17,apps,4972,train,2998,7
2999,70cdfcfcd77906a02ffaafe291540d4a9565e70edd2731a9e74218c45703f0d6,fad206c80d021530fa92937a1e2e47801012981c38f877e1f4d16820222560e6,taco,8343,train,2999,6
3000,1f075cb69228af92088c312e68c550d7e1a0b81e56dc4452612f15444e6dc548,48074efd54eba28f39e623aa138f5af73a21db8db09a529455c13ec5d7e72ff2,codecontests,2725,train,3000,6
3001,6ace9d93e39f6ff1a0a68bc59696abc267e13b1eb3a7fd5d57d38d0be388f48f,9084ce6c0a6d8a856a403069681dba359dc7c75353a4d205d61dee8a8e3e2e4a,codecontests,21022,train,3001,6
3002,5a7f8e3027f76d597635fcf47894819cf4ce3ce3f8af18fd867b03528825fd03,9a1e275ddc2756c3cd42e6dfb1f221acd77efbc869408ddec708467ff308c4ac,taco,8606,train,3002,7
3003,fe66f105c06067311edc550588ba3afd164cd5ac93049c1ff529ea78a2e67ddf,dc1176155748aef12ad8313a4ae9ad7a028d5f841facf3ea2f5570adf9697e36,codecontests,3971,train,3003,7
3004,c643455b0ea70f6ed597bbdf302f4527817f17ca604225f53ab6591a32e44569,0166eaf466d6e67632a7c94fcc7e8d5b5ee8f7e584a44a0f76ad798199ea77a7,codecontests,5964,train,3004,6
3005,6385ac07185216251a40e16be97349b7dd30bd32c26543e748188c49989c70a2,9a34349f00fec8da92935f301ac551614f4928e25f9a32daf3ee8f0852fd2950,codeforces,13117,train,3005,7
3006,47d25b6e280b9578f6f3b26c9384154cd843760b3363bd0a1411fad4b0f9ce74,384217d41af7bde53316d6115eca369485ed62f2a001bb27040edfacd727078a,taco,10188,train,3006,7
3007,65c332e87da0156f9bfa6c43485af5de816943b0b6b64a9adb68d27666fc67d7,155c182139191ee6aff2fb15afdec3be64473cda1cd727e775d413ec47df4727,taco,226,train,3007,6
3008,b84d48189bee1b1ff7cfe5a9b568d89000786443048601732248a39978af6a79,c7417906468ffe4763e695eb1b9cc01cbe15e909a8dd4b220fd60cc9dd77ac23,codecontests,2985,train,3008,7
3009,c5547044d19c70fc0c9c0b1478bc053bd7e528b2dc0cc0103e5736d4c80c891a,03e216fff0b31cb9f0284390c0238692bfdb1130831069ebb49332e533d36fba,codeforces,16478,train,3009,6
3010,cebef7bff96eeb878aa18dfa22fdc617ebaea972965adf0385add46627dacb55,36a48c4f42b024c4257cadb3cd5ccf252400e9782ba4b74f759201ae77e0311b,codeforces,11611,train,3010,6
3011,707b78981436ee5c0817faafe2bd8f92daccb3f05093caaaa45595995b054753,cd8eb08851f40a6e61599e0467bc16b6143541d088db8aa2d64f7bd3ca9d2bd2,codecontests,2928,train,3011,7
3012,ede7d708339f2d1a4a66702140dcdde641991679dbabe89f00764f01464dd14a,0ea30e1c895aed736d2b303992698f8548155a117881d4dc5c28407a459ca601,codeforces,8153,train,3012,7
3013,f93bd0a8f40b3a384afba583946ae60d8d2e85ec85a520544b49f81fd4c1757d,d7e73829e360d81dcc1b746ae84d839a4d4ece0837ea0ee871941dbe94b60de5,codecontests,9973,train,3013,7
3014,b2c5061e13ea2800e934f30f8e868e5bf03e6ec89857042f872d127c004b3137,95ef3dcf0ccc7f46eb3099f8b67ae13e0b09520eae798606122ca631ccc85241,codecontests,4603,train,3014,6
3015,906dd4d379c14746b6005c3666c473105706e553af49ab4f8c24865949c7af1a,c31b2fcd13733cd6bc6cd767391e964a02255abbaea6f03af08158619fc5292c,codecontests,10339,train,3015,7
3016,62a8efd48d2c600179a00c2bff9a4bf70a2f43d7fb17f95c99693be159cd1484,43852cc8afd74f84772d04ae65736e1eac48d61b824faaa899c467f0e4b5b15b,taco,6768,train,3016,6
3017,1e31e6cbb4077d436def2656c74aaa19a5cc6d493b328a6fa7fd984415f2e668,4c7c6436e5e1fdec292315f6eb3f887cf145ede491e5d5ae26d2d352411fd98b,taco,17932,train,3017,6
3018,648a067e92623d97f371aa3bd9140b4f632c66c194cc2856d2c474e3b5fe9353,95b0c370b4b1103d4e1d53b706ebf5015b22a0a3eacf0691a596b83fdd9531ba,taco,7913,train,3018,7
3019,3d25027935fefa1f62ef475f00d1312764f20bc6d4259ced8e4cf3dcfae23f44,b0c3c99bfca23a7d8c0ed5e138066b470e7f1b95b4513f24699bcd6ae8294f24,apps,9058,train,3019,7
3020,b19ce1e1666431f8463160785273ee98cdac43fde52511ceb7828413e32fac79,62429a3d8a1319a669d808fd175ca2d532d40d0413ecf6a10cc4edb562960943,taco,9956,train,3020,6
3021,45519767695f08d591b00cbc464bfc45d21a47739cf69c0b2ad7e522d7186f1d,f33420f1b5be5926d9db1c4d44e3a3e132e0fee5f698727693f0e7d1d106ad0f,codecontests,387,train,3021,6
3022,f1838275b385caa7b5afe4074c7dbf6ee0c72b5b1de6141a4967787f272eb344,36fa9e1e6ea27309aa86d5b28f86f37feeec9a49f45149de082e5cf470439705,codecontests,10008,train,3022,7
3023,cbfd8c91de3799addbec9f08205a8095f3685e57ee1019db09de3284193d5bbc,b6a5732e5fe64bbce470f035bc415ed6b8287ef4e0d57b3a0ece3c3092d47c1d,taco,14429,train,3023,7
3024,34564e7c9c8e522d9c2ce3aa13cc52d8968ad370225cc6aff95ba7c31672cb1b,09c68802c8fb1603233e29824b85419b6f27ed4c17ba508e0f77e87ab0363f59,codeforces,14872,train,3024,6
3025,dc0edcfb5505c0d963b0190f86b19c31ed223affee5421e35df670ed220a5cfd,b955dc5a4c9307c55c357308cc183e0a23965c502439ef30fccbf27b3203c410,codecontests,14019,train,3025,7
3026,28dcdab8a51eb0c8199beb891e84da8575329a2230c715b923d58bbdf192b8f5,8decd265dadd71753509f4201d06ae8bfaf28a9989144a17b66ffda6685c6231,codecontests,2619,train,3026,6
3027,446708214ede94f528ad6c636214e002f5991d149dcb1fe4f18177d1afd7587d,96e5f7e61a2df23ec5070258fef633a9bd250a4d5061f5bf4f4b0e3d56ab119a,codecontests,3759,train,3027,7
3028,c2927cb80ecac1df2267188dfa4579ee90c827b6eeabf02198bbfdca70edd4c0,c03a35b2f5f58a8d0b0234162047e1a68a081db5d66f9512912b9f4acfeb4307,apps,19352,train,3028,6
3029,f8382b90c246fa9cf47bafdb9cea8f374c6e3f5e951c1f7510c89d67262349c8,1fc72460520af5b1b02ae6523b24c64997a5e5c6ad2170a871ae191536ab89b0,codeforces,10889,train,3029,6
3030,97fadd8d52783710e722015b5da6220797a2d6e4204f977a0a210ed12346e567,869199c3d7ee93adc3cd1a80c7043ce556a941c4a40470f6e2f4999a3a29f2c8,taco,12449,train,3030,6
3031,203267a7455b89c4968691b7b319ff606d211fc8eb20124a42daac4d9fb02b07,8a322d2c776a002fd59da889818267e2a0e690af7013bcda7076f99d67b59c99,codeforces,14748,train,3031,7
3032,d546def2206e57a62c8919c1f7a7e7ab7c1588038709e541264668d0d7bb6323,1148ed9338833ccfd1e8080702fcb3821d505c465541f6dfe57d45d6efa21e5d,apps,5435,train,3032,7
3033,2bbd618b7a29a208846b49b73e3e7a989a5909cae5a5339926c1d7b434147de8,1d8c7de21c46e0b03e58c35201dfdfeec272d8692023fa5ace766060abe52e35,codecontests,2974,train,3033,7
3034,9a6e8e39a61a306c2acecdb0648a7e206a5ce7ecc2cd3ea6cb81b577cd94d654,b212c2ae3e42f95ae5cf90adc72c564a4c2d1606faa86f3a115921ea310b8967,codeforces,17876,train,3034,6
3035,3b116f2101431803a41c2a1fde42a0df7e8106a8ef1cc3404d7e53aa18c08552,a8e100222119e5205574e778f95b491cfc6da2a478c53e1cb7f47b09a6c72a8c,codeforces,21764,train,3035,7
3036,6b67668d062ba2033f324654c2f1812a29ade3a804929e3f0acc5f840b47a47e,5ed0badeb115de9531f4bed17b7d6f5b0ae22448701c5c770534f7eff82cdbe0,codecontests,7870,train,3036,7
3037,a59a65d229d632eac71a8ac78ac9b81f2eee396edf8877e1baf1a61b693bdda6,ab18c53f8e517bd3fe37bff62cd3ef5eea569b042ee61885a4cfe05e8cccdff9,codecontests,8832,train,3037,6
3038,056ed77f48cc6bbf59daa43b990e4b603046035e609b8ce02eb23bc317336c13,60cf79c07b1ff89a4c4e4b37b6efdcc9e585f0a7e7640b8315527fc0c098bd25,codecontests,19239,train,3038,7
3039,36ca0de4dc1cab00a352c8d1e92395e57d54429d580358c378600fa7ab25293c,d4302a8ea308dc0ce27fee92d52d20ab94781a9007ad78e2b870b2969db09bcb,taco,11568,train,3039,7
3040,d8cf6a4b613e7db721b1e753998ba53bed018b3d0a6f656e49fa7c0c67a352c4,b58d0994387b0b10b9cf741330c3582547d9192b3c691c4ae061ddbd78e49afb,taco,15707,train,3040,7
3041,d1de5d51205da55a8d97099792b4d023dc534eb3e7f710d5b8cfc9b00afb6e2f,37fb83bd96e78616eea81b837ede804d94d9fcadd34ed9f3e9baa2b6dd720a89,taco,12279,train,3041,7
3042,52bded55efe760cfa71cc39fd52c252ed553a309de7ab332bb27d0b6593ebc8f,c405c8eac97546a9fe17f47233a69dbcab66567ebf26122020829d4803dba567,codecontests,16167,train,3042,7
3043,5f701a8fca0c80cb3455b8e51d904c0eecaae9e704af1e3cbb95942bbc356739,f3cd728830e450aa43c2939985af0d0091b2c63d09c47728d658b5efdac6c754,apps,16911,train,3043,6
3044,f43e508060720cb0d789196986bcae3d1273cee59731ab885e57164a15876355,de68b95858f3e0b8219fbcdbfe76937cb342d0e6fe22e9c70e1dda6f2e11dd79,codeforces,6232,train,3044,7
3045,e676eb4ca777298fa8690fca3b6bf4482bbbb2e51741b61dfdd1ed5f43b08897,238e56dd979e64425c14c8a4b66175fbeb6489dbdd845fc7ec62e44a74c3978d,codecontests,20030,train,3045,6
3046,17a73bf25a1dc4a4226955fb07a3c0036af40c2bb6dde0d624d6bb607607e11f,a01fae0b42a0d4b07c43c806c87d05a6012e980db8c3813ae5ba421bb63e7b33,apps,13431,train,3046,6
3047,05cbdfe725f21f8241c90e81cde0ce61240859bf46337bc96859dafed2ed736b,a73dff59fb0e553a9b1c2f09fd1d279966bd8481c169d810798879252fe141b1,codecontests,7272,train,3047,7
3048,b67f9c4a630f7a2287f73b55ba4816fb1ea8eb7e37d197042064a29a6614e985,38155cb3ad70c3e5bf1011c791a855e6ed2cb9cce01e326a7e3b3200c7e4c689,codecontests,20845,train,3048,7
3049,716d386bf7c4bb28849a9490e3a62bd587263e7a3e3ade7487c63428e6059d0f,96df7a2b4412b738fea8564cbd110a19c6e49073a3b433bb0770ffda6a3de953,taco,18415,train,3049,6
3050,d2d48a42a035784568ce7d08aa50ae5c000a83c8e173ec5c8860fee03509b7c8,6261c8b5af93d43154f987bf7ff5391ea0a61f1043ebe25816940e4b30deec63,taco,15766,train,3050,7
3051,ebf13713ae3908b6c25eacc309b92cd964df47f24392e163b19398b2e6329036,3d1827cc907319bfe2b0a878e2f69ddb9f836d47619db685d035abc84c6039d4,taco,6981,train,3051,7
3052,9d14ec4deb1470064367ff5c0fa08e23301019a763fbb09606cf0038fa3816ba,70eaf73ba8cc8ec730a8a4199eef8f2a1d39b50beb695c9cfad93e28d491d1be,codeforces,1757,train,3052,7
3053,64c5d6c075461cb43cdc3771d79842d5b85339bbffff260f85440818cd0bb919,9419dc918125c34cfc62260e3a6f1151c96b83a72e573991e99cd81e5b78e50e,taco,160,train,3053,7
3054,0f945c667a9db0fbb6e0937a1c73d9a98390b2543ff9c3b78144c32e1490ff67,1850807d28e64b35957f01eea626e985361d73d0ca189a275d3428549e63d30f,codecontests,13356,train,3054,6
3055,1eafe2bd4f05a61312bf8c55a08f81b2d6cdc74088cefc553961b3ae6e9015d9,005bb73aef90c4f05c24200109159fbddeb64209961432913ed1ea7f82cbaf64,taco,9154,train,3055,6
3056,e6ec143cad2ceeec040b80daef96de3d38cd1e9b756f4bb85685c87edd37ccdf,6adb51d957affbd71e4ee163980daa72b4fa80d4e28707ba9a1e96458f26b2f5,codecontests,18149,train,3056,6
3057,d882d5fbee41dd47816367a8d6a712336fc52c901807983299e36f02ee3cdfae,02e6aa7df653ebbcc7dc808de9913966bcae3c49af1de5023c0df2cd4b8d09b5,codeforces,780,train,3057,6
3058,fabcdb223e0202a3f0bccaa3ada0f00695af5bd3ff9507afe8530c41e9467c52,66d3ca3aa342fc9b3105468c4092ee0c8c59bbd9f55e7e0f3398724f93717d09,codecontests,11425,train,3058,7
3059,9b8108cc911b036a8db3691659f21a71d5097715ac076af6bbeebf3a57f3ad8c,b57cde694d299430f5656f76c487763cb6ad6e37069e3858dc0637c9e062257d,codeforces,10077,train,3059,6
3060,3206a561e87bc7f55bcb3a6815055d8001c46e80eac6830539bdd4e360e85c1f,ff5066681062d4844119dfa6ec9644e61402a67e529b90c1507949c68ab3e8b5,taco,16977,train,3060,6
3061,dafa4c78f22d1a1c10ea5ec107e7d1ec0a12a6707cd082e5cfb57be2478e6881,fe455e36b5a45f9a6444cf0fb8102cfff59111eaf23da59751f7c755560e7260,taco,7308,train,3061,6
3062,ec21e78a733653b2b20c5632abd8cf1caa656d42b35a4690edb427bc31a98bd7,a212ef580e4076698b4c4e47e018fd6af57da2e205f820628a71be0b16ea9538,codecontests,1984,train,3062,6
3063,644b5f56e6e5681cf31ef60629d9bccd3c8435d25bf392493c864ab2cdfb5c7a,d62e1b0f9d575e454bb54487cc2d72dcc9f475309c4e643f435f14d18c637374,taco,21746,train,3063,7
3064,6ca4650ceefeda10d80fbdcad01c1b3598bdee723acdb222f5d67527778d549c,632d0ae9790493ef1b7e1ddd3bae4f2de11d551231a97fe152b15fbe4681759e,codecontests,16818,train,3064,7
3065,37a0aed586ee00315e1e8894ad7c536b58825ba52ddff8fdb7777b18c11fbd87,523254f0928a4f408a12449162c3095c4a571498845ecf016790920bf75a5aea,codecontests,14564,train,3065,7
3066,9c51661e77f0ba844ba6078f62e2d330164520d234837e30248616a432d4a51a,bdc55951645b0e4a07f954fcc91e183d499ff1c160dc85bebd33dd7bf96875e5,codeforces,6012,train,3066,6
3067,f38a43d9b28730c469e4d8927618308fdfb911477b0fa35710f318345584f203,09999328c6caf8dba0a9d41c84f74113800dce8aae7a8f3725b18a8c36f7e36f,codeforces,6136,train,3067,6
3068,1853e0614be84002b4c2227ae738ce41b028deaab66c0539843bbe2d2240554a,caf41d824d4eb494947a1c9d0faf9630c0e0f5996dea0854a288808899e33bc0,taco,4854,train,3068,6
3069,953eaab39895531ceb857e279ab99a4e8fc0f9ec891b26f3ae29fbfe08ec7c0c,e9cff9be254633aaa532a11914bbf4bfcfc5db8dc1b0e3b5c37e6ac3791d80a0,codeforces,21884,train,3069,7
3070,18673633365381622865d409f453a644a0883545bf149a415c986f4bb68772f5,ad4116a5ab2fd2cbec4f7c2f51fb33993e7251d38658576a1ede41c9bdc67e6b,codecontests,17895,train,3070,7
3071,06a7124c4e586ad8a5ae36d54bc03b0a0780c8a48b0a8729476066e85774b82a,1fe4f96a6bbff9b305b148434b4be1f62ca5a6582c7d82a2ca6cc4526ecdd371,apps,15145,train,3071,6
3072,918cff0b1d03df7d15af95279b019986a5de54790c47ff8d2516e983d726e475,38c6cb4056c60ccb635242a5967edef17c1d544d140c71c82bed7bcb45567126,codecontests,2178,train,3072,7
3073,c759a24770e4b1067ef1e9c331759f89d442ad57a87dbc8a0b65b4520b3c126f,a6b3c324016c91e135838bee54c2286ba3df1696a19401a44004234bf2e99b44,apps,14434,train,3073,7
3074,aeae5c4b78b95797a7b74b2bbfa3566857f14b6cba1f0030cc6b929b918ef775,16c4d613eaaee69684dbafd30b7d3f1e62a67033424f78404b4f55486874bfb7,apps,18433,train,3074,6
3075,d4a06ac0859807288f484b0ddf89391546a6d48afbea1d186d4a13781d472a96,d5f2ddc6a0cfa08a7eab2df4c2766a71b204fe9d03ab1df8454d5ca2294ab35a,codecontests,13203,train,3075,6
3076,bb156311431e70d27ab008221297382d081033e59608d535bce30ca5d71748e1,0eee523cfae94f5503e1628bac292a8afb1fd0be799947fbc19c1c60ce92b8cd,codecontests,10302,train,3076,6
3077,9ebb72647c9069f49157f9b1e68fe53688aa3953f7a3df7f2eebef65d9dca3b3,46a0c57e25f18ea41b920568daab7dd9f49ff4a7f57ad9b1c73898fc8bedc865,codecontests,22442,train,3077,7
3078,9b824978ead3ad9013b7fadb401398eff481a0ad8c9ebccd8be40b93bf412775,9f8bf58bf01783a364fa4dd4148d036e4c0604b0b66ee524dcf76ca58b3af6ed,apps,11758,train,3078,7
3079,550d4e57a043a7f1688d8ba95b03c15d9dfa1dcb764bdf5c0c4e736777d32136,9957896ac5933b698525f0dcf44df12a248435b63173d50b1e4016c9dc0e2009,codecontests,2700,train,3079,7
3080,a31c0fac49c017db745178c71a365214f22c7e04d9a7dd90f73f8cd70752b84c,6dc567232c9d5a1f25df98482cc63b9220f13d371e7d890e37b02bb2fdb42727,codecontests,6773,train,3080,7
3081,c12756be19859ecd70d258c21843a959a2b8ac7e3a16e5928cfd24378b059862,7ba2e0205e3c242d564acf6fa720d6f4346ce7b4d5a7a4da741ada48e7672b82,codecontests,8525,train,3081,7
3082,2c16ce46f56994327c601f129d907650e51dcc5688bf65771e70afc7a8044079,631692b9df35913bafa353ba480d69e481803e9dd0d5b9257c649bee102b828f,codecontests,13928,train,3082,6
3083,8a84e0492095c0632e3598dc545fcf84c1fce79c662ae98bf7ba236550715ef0,5391443fe30feda589e0ecd5dfa940f90dfaff53cc9ead1541475f3dd3cb2e57,apps,8753,train,3083,7
3084,ebfe71fafccdf621728b836fb2a1d9c7bf5abacc5a651b17502be83c9702d1c2,2ff851ebfd2c9fbe0e51e281dd6d0a2087b9fba59b8e4a26115ca1d4dfaf36b7,codecontests,15242,train,3084,6
3085,e3a6db04c9b154e64d06ce247ce8bc02a7e3186593ed752fa289069895b48005,04294d66484c15f31ef46005beb65f3680ba6d939f37f0305e0d6fbbe3e66bc2,taco,18695,train,3085,7
3086,4bf48b475855d8c5a7b4ef0b5a11514d82378ee54aa47a3c62d19d6236748c6b,cbd38cb34d2ab0cb102fb475c0a0417117c54fe535c7f8583525fc87ab085120,codecontests,1858,train,3086,7
3087,3af66c0ce82386d1fe3bf5f47b7ec9fa276706c0bda498becc63fac24283407c,5102f214369d06e14c9fc4cb83e0ed4a183dd18fa6e10f90815e6560968f8f82,taco,7787,train,3087,7
3088,a55a917ad53645fb2b7f2c6f355e942e46d26cb09972af6dfe83e8e7ca7be627,9c7bae73b45a2b44a19d6053878c31acde1197339ee1f45d40e22b9cb20a7742,taco,18595,train,3088,7
3089,eb670d34d531d0ed72ec27ed446f38d87d9c87f9cdde1a0ee7d0591e950d2bd2,ae0a84da8fcc14878d43270e2d8667b7e98525e97b16db001ed8be00b28e2596,taco,16369,train,3089,7
3090,b5250f6042c5e1c6996595442b6f93a073318978901205994ebec61a1b2572fd,05be047d7019d0be16f6eecae770bcc7b6e16c9dc6ed35586bcbf8f7d71d5b45,taco,16813,train,3090,7
3091,02b9dcd384ec8a7b168a26d1d5af4d9c2ba79b073d524278bd58b35b61daa615,d6b7d27806483bb629165470aa06193719a6effca2a8e9c470f026fa61ccb596,codecontests,5625,train,3091,7
3092,b43765afab340b3066bc91eea3d682ae127b4a88689e442e036cc80ab52e8d6c,004d043750f348c29a853165de3aab0656402161062680ad46b03950a43dea6a,codecontests,2096,train,3092,7
3093,03ebf91c83caa09bc1909d28a3fee4bbde8c99412c8fd531b1a49f616fe3a838,d283e9b25c26016f5a52e0064d14111f6050298fb541f8678a2f19b66cfb81df,apps,2799,train,3093,6
3094,095b79536c620cb48cd7679844301ce9d0932f16065e0be763a7d576e0be2be8,2205b11b6f59519220d713452358834378dd5f476e9f8e6024ca7997cba179d0,codecontests,3853,train,3094,7
3095,5c02c2c90cd5331b5cbffe3ddf5dde47f7add8862772e1d6d26bf736eca6fe18,99fb5f8407e33fe84702e36a1ca170a45433251173a7be06e000c587b76cadde,taco,6833,train,3095,6
3096,e023716d481a3d9ddba4b8c78d69f468436ba85b6fe3d16cb07ef6e10c529eee,db6abfea725fabfd2acb104c7ab87d6ca4c8e35091b649b0fbef036179221aa6,codecontests,14561,train,3096,7
3097,073822cf4463b69857739ebc72faaeb4b7587200f7e4f2cc29431d50474f7ae4,bff61195ca5e50eba413b84c98c1be3c50b89acdef2e302190a0042a8e91add7,codeforces,6979,train,3097,7
3098,dac782065332b70f90a6f0a7ff17d8d14d0d4eba3f45bef11990242925a2fafe,a880e2e9d8a7fbfa3f11e67e36bf22685a755f382f7fe79ad575323e2ca1f268,taco,12729,train,3098,7
3099,fb5f4fbd6073934a7465d3fd6f6c513f1d91a06f7b2c3753c97349deefa31e98,2263d5355be851ac9504386e8ebf9a13fc81aa54033ca5ca54b9537eee0327db,taco,6698,train,3099,6
3100,f42b74c6cdecc62f29ba98b2d81108e58130155c53ccad925678360cf038493f,fff204070d9f463162eb516569b2845cc7a51f077972c6c7993bea3788ccbf37,codecontests,20236,train,3100,7
3101,5a3130d3e3efc522709cca115917f97ef616460df9bc70d5dc833cf031cf6d9b,7f607b3dbcd48d752fcdc819e9c54933e270286ef58b04e54184e8f5fc529f01,codecontests,16303,train,3101,7
3102,96f8f69371e42e187f2fabefb4921ad130b28527f6ce8d8aa370f1ffc46f56cb,efbb520eb0d486776aba6347451290d3635bba30effea6df2604495dc5b3bbdc,taco,22346,train,3102,7
3103,d05ee582a2c913553a991c4afde4dd99baf184521dbf85e0650285360b3c6b61,6a3d696006f9e03ef2953870ef525dc5e8cb8ae40fb5c189ececc4da5982900c,codeforces,12891,train,3103,7
3104,4497914891b3ee440ad18d8269e9e413a1843698a3f83ec4e4747fc7eafdfd57,f18d6bcfb03b8050b2da25b2649ce5852e333f663537a736a962755953516e79,apps,18197,train,3104,7
3105,9c76d85161340525b6c4a2ac25c1f44fbb0c96877f1599e4224aece0d9d5d949,308bd28fc8b2b861733a1c72bfc306c4140726aed6471af70bfc6ab0a2badfce,codecontests,4388,train,3105,7
3106,c7590069bebbbfcead8657f39a0b659ef17eed0a57097818ab3ea3acdc5c439b,d022f51675d4a8e17e188502efdb60cd66836d7e03cf4e4db274b9943debf41f,codecontests,10407,train,3106,6
3107,d16efbd62c0fa310968b953187b33283180ec327f0e9e6fab99fcb38b4e44220,e31ed98d37dddfd238b22a31a29b4ef53f07c1c59f480914b6ec94ea7388d6e3,codecontests,6157,train,3107,6
3108,0927f773a515f9d65667afde8e460915d96f5634d5dbe6b9b0535e5ce4d5e19e,9ad3e71d039bb988ff566bbcdd7f617d4022194865957cc0b9f2e8b28358b050,codecontests,13163,train,3108,6
3109,b46d0dfc4c4f6df956ef9e1edfa90a0f19fea11a195d2b9cf6eeae09873ff879,6b8144b986885ed27d47d0b5cc0a1b33e866c7b8c716d2a6e03c22201ef15b9c,codecontests,237,train,3109,7
3110,7345ea47612c57437b0262e9032d42d25a4a7deb1c8448589820d432b67f08ec,2dd54429799ae3e5a1eecc78e986dbea1e56542d5df8a712433a2548a667b1ff,codecontests,17205,train,3110,7
3111,029579bbb01ada79da1be60333cdc66bedae6d19674ac261ebb4bb4871f4242c,9c82fd6832fcb79c1b7457b75b228c93203ef531cbe84f1bd00caa80012a3b0f,taco,9112,train,3111,7
3112,005f96533210edb2565ce3df3f1bb8672aba7d862d824653e663fb4f23e75de5,15d0417dca6f3ffbf7be80fb6ff5a237beab2716d6117d098e8bf486087e992f,apps,2312,train,3112,7
3113,45a8ff10d233e75149be0a57b911021eeca75c86cb90f957c9a9519f3e9d8cd7,65460cf0ddebbed09200e56e23dd676817c4e7971ec7709d2cb10447330021dd,codecontests,11613,train,3113,7
3114,202d550994b3cf1bffb052965420ef4dbbdc6f39141568b4f3617e472c89664a,ccd8db4242d7a7c57778331cd7d2861d23d63a07c5358e3c642f85b1492c076c,taco,14583,train,3114,7
3115,0db1cba99d02508ea7c19f462c9ee75b0a3dee5ffd216aab0a3acf7526da1835,d2e268a98bc3ea0ba94cc35110ed72e58d673a5b3fd83722efde11ce80411a50,codecontests,273,train,3115,6
3116,7905784229ca009ff1707fcae25ae9d557a0082278d9f5743bc52e0be2c43536,431347823b69ffeecda6318e67fed3b3714da76c7d6e07acb1593ad2a7e5cfcf,codecontests,4087,train,3116,6
3117,420cf995221f63ad7a5b2b8b4c240122f9d4e19f5db403e6808c213985bf1321,0b84315e20d4b37e96e50f274ee8f0904b2e4ec5732b52ebe23f6c6fd920e5e7,codecontests,9791,train,3117,7
3118,76c1bc47c7e8ee490915e4a8d608a6130a6d58936d4f212ec56b6e1992881e91,2d87d886c47db8a54dc3b64e24b07fcf001d75ea05c582a2cb196b5e5b785436,taco,9812,train,3118,7
3119,3a71f90f204d218423654e5cfbc6cdc3153993fdc00aa2d372bc779eb325e656,c08caf7d0d7c98a63f1b540234c7e99c65ecfb86e8b1f5d577354ebfcef0db99,apps,7780,train,3119,7
3120,8aaedcac02047a1c051e036786ad2d9e34d129103a9feb011ed7cb4024c4830a,6756100c862ca17a8bb04ec989135968f3f3dae3ee749377ce86502e8ab5d47d,codecontests,19610,train,3120,7
3121,714ced472b859f3bc23d3db2c3cfe673e3d668801f638ed61be19f8d01bc83fc,a245748a2c94abe48f47369da9294dc245e103035acfa0d0dcaaa2d4272d32c3,taco,7162,train,3121,7
3122,6a074737d91dedbcf5d2424f816cb0bf80e8cfb044cebd470605c7a8caf23a28,71c75559879263573e3ca42ba92f3d844afe6a1b443656586b7763de95e7495f,codecontests,2719,train,3122,7
3123,3ccce9137e73d2f7904057e0b177a2f3b13e60e4d17de3626dc0c15e52861cae,b8d3e6d822c01b9b5d4b7e468761ecfc3979ede9b4ade84488d48142fbe8426d,codecontests,18974,train,3123,6
3124,171f5e2f5fb9da44d71a8e2ea9ff7f5bae7799affc47076e3111f101f74c1125,9dc78ecb0409dbfd7949b130e47e65ceb5dbf20e88b46e69ba2dd00d6d96c8ea,taco,17241,train,3124,6
3125,b95e98fffa61f174fe2607870a2825e6aab967cd8aca6aa3c527b1426c0175cc,d090d376cd5e4843409a4e263b2b9d41f70f74ac58d4f626360b4bd0555dc618,codecontests,8624,train,3125,7
3126,f39ef6721d1be8c1af01712b731ad0d161391522abfc700faba5822722ce00d6,a0ae103cc067012aabdc08d4c31cc5ae58ca07e7c674bf27ff28f58c0dc34ff1,apps,15926,train,3126,7
3127,448c9d981cda01c194ee7b60588f9db1cb00e6ac583d5b3f554f6497b97bab0d,e0a24c4bd557ca692d81efd36e390ffd843db7d0a438d37eb6f5d1de7239cc28,codecontests,5432,train,3127,6
3128,aab0801348eaae35fb2f26472b3b30f734d0ddb66f0112e8baedb568b1e7c09d,a411d180c56a38e2791b5b1bcbcf93164d623f005c82aaa6c389ae25377956df,codecontests,19856,train,3128,7
3129,4cbcc87f8600089fe16aea261868db5bf2a3ea74556c5b6bb5e717938d7e4da0,4d76902c1b668e90d9513f6a15fdc0934aa9616e7aed3071cf13947e4d3b5b33,codeforces,18743,train,3129,7
3130,8964a48678f101fa6269371d3c2b716a7adda0efe0085b61e4318174993c9a79,353a9250647d9c8c30586a6a432d7c7d05b4de46f4644f645c0b5658c7bd5e97,taco,8432,train,3130,6
3131,e49bb5901216b48d9f2385d7798c5d94045ad29ea20bad1bc3a06184ac732849,cf48d07da0b081c19b08f1d262bfd45b397b64d59db9e0fd7bca02d4bf775b4a,taco,13523,train,3131,6
3132,e1155774ba59022f0c38ab1814cdd95eef06d2b07eca7d0739d9e278b41b6c07,227ef579c23aaf4352e09750bc7672d4e03bf28d415d0d0c7cb4050251ee1ca8,codeforces,3053,train,3132,7
3133,e752a885cf4f9e7556893b7f8a56283cc99364fc7b44d24bdac51c699758d87f,f9983639eda831edd6aa8f568b3e1819f930cd00e05bfadb9521d05ce331d715,codecontests,19552,train,3133,7
3134,34bf015daf7f3ad6ad24ec0d849b5779696869a1b545bdc41a5b9ea598cf9df8,43ac4827b130c46dfe1a45bd718d19086c421a39ddfe12b1d63a38da0d635ccd,taco,10923,train,3134,7
3135,903a3d0a159544ed44610feab609ec9ce62ab9c21231b2d791ee578b8e5ef90c,28949f4e5d40c65d1552f42ffe5d82d392ee0842109bb6baf27f5aaf477d0554,taco,22223,train,3135,7
3136,97ad07ce1bbc9b87dc3810cddc241d18f4071cb51e2b96c9705abce9c6f19898,844d73623b82eb6b45973efc045776451f56d0cb8482873f154dba188c6ae604,codeforces,20535,train,3136,7
3137,c23dc1be0d3075069e189870fc5f7f08d5f3d249c87f3201514c09605ce6a521,4970f4f718923ccbc4da3bc830f62f100aea9120f12f5b0e7e5095d89868277d,codeforces,733,train,3137,7
3138,1723ae5301140a20e97484bed9f9b804eecc8dfcacfc99d234ed65f9c49dbc01,d4983da2e376e4790ae1e23a666816467654be03df0c53ec1196730c240b9095,codecontests,1708,train,3138,7
3139,42b8fcc955c234730faa40d78985a3a5612c3ec3ed9884d54e0a284c9a14452a,5625ad3280b731c2ec5e3e73f56571d4d15752067d55cb5cec7e01a05ce04e51,codeforces,11011,train,3139,7
3140,534fd95438f2fba34607d6987dd79d8a3aac4fb23266c7f37213d26433f5de3a,51f68f7e3907fdc328cefdfdbf431a0b7278817c7c9efdd37df24940d4ff634c,taco,15961,train,3140,6
3141,a5f9b601e9705d6a09f1193a544d4566e340d8536eb44f7fe3e735a97e652232,b9092f89ebe570eb180047f39410dd764bf05a911b26665fbc78ac9b8c0df94f,apps,4781,train,3141,7
3142,2ffc2dafc7a3d4fb0741fb8d2ca5b4abd99517397725d12e7e1acb5a7dad430b,5d12e9a04234bdbdb58b7dfa4a9f070886f0b6f3b5fcb9886c60f94daf36382b,apps,21185,train,3142,7
3143,333ff8ad574780e3f9bc6ecd46958476c0f548bad4584e1f4d1060f1868edad2,ea90d0ad1f6cc41b6a16d8c1e7f4f9f52b7a1b089b636f0c1e1a552f682ed9b5,taco,13074,train,3143,7
3144,6b268610c6248e52ef9d0c9692f82e97b467a739dbbc740ef381f0c44b6b5a23,0d95ec0512ad46353cf64f7d005f1234f6835fcdf860d155cac7245fe2f7ff69,taco,7846,train,3144,7
3145,5ca8cba721738645979c05b3cfb37240cbdb325de8a3c31c071c63fd5403f62b,2ce7b9ec43eff780ecdd6a0c94c45cc8758018e6c4e4b0c367532fbed5372a10,apps,15606,train,3145,7
3146,2ac2c51ce4148bdf49b199d655b72378bd670c36b1631fccb6ba7554f0da4a58,22d7e618c8ef50e7009f04ca5a4e0d33f41af3888128d914e52e96d04424fcd6,apps,13760,train,3146,6
3147,ab2dabc8df1ae73403d01e5c906bd28625152b5bac3708a213a9f63952759abe,ca13a4db66dad10a22ed3ebc782bea86b3e09b9644952eaea4b1f1e6297a13ba,codecontests,2338,train,3147,7
3148,268fbfffe857995577dd3f343b56c4bfc9b8b6e1caba0cacf02c978d9e41b924,3dc5e1ef6deb652940d787f961bd9385e2f6149a4b563dcdd77dca58313befa9,codecontests,9648,train,3148,6
3149,ccbd3cfba082da1d33353dca1ad7393d9a55246aa5f77265803cdfa88b8c99ed,92cf6c5d06f738e0191d426b1c72d333ef15afdac132e96ac3aa319bfce8f605,codecontests,9430,train,3149,6
3150,b244cd4d243eb04799c162d3f1dbf88bba9c6728cdcb9540879cf86e537efba4,5f3b0f669acdb0c99b3e814b186bac5047cb9094ca11e83a28ef87d469fb30a1,taco,22040,train,3150,7
3151,6f212f79e5f7d1abf64fd38c7cecef13a8bf7aba23c1f59bfddf6e1c04b1d42c,5ca86eb38ce847aaeb0755d20990cb0cfdf45f0ce16385b603cf5deb81888833,codecontests,18009,train,3151,6
3152,150561020524cf9a6235d3f0f557295f1e06d20b67e7c2e36ccaf5d6e4c48f9b,5a2d2bd27c4d7e692bb6348001d8fcccd48738753331f40c6afea793e6562382,codecontests,10009,train,3152,7
3153,36c379cf9d51fec17ac229df823efba03cf989c87ab8700b5ea24fba05f72fcb,5967bebdc809432621530569a09672395181d35a2eedca1fe23572a214ef6097,codecontests,10291,train,3153,6
3154,c104713cfad3443cd286c7dff17601cb1b86ce3945e048b1a69b29bf688b1771,5be251a5317b65a11a8e7c5116d06c302c11eb1297b6e6678e3d921c8bc14da0,taco,11577,train,3154,7
3155,d740e1c30ebc2eac0512baaed14ca67a2b778fdafbb16c3afab6fa4befdcf487,797cdd5905bbf0433cd74ab2b1d2524b84acbde3abf4c83d9e4be24c30ea80a4,codecontests,14559,train,3155,6
3156,40a4d0f99a6043ada471a01c9971e41f39100d86590bf32a2785373c071eea2e,fbc1facdaf48dcb033e39fd9ea729aca82dc5fd4672a659374993bb99eb33ecc,taco,1838,train,3156,7
3157,3e1014d788454e6834ddab5190133e2aa7fa614227ae65078a62f2debff27dca,cb17500b91bf4ad7d6132c8683379d6bea34f0e7c8a323aad4e2663ca2206d07,apps,7963,train,3157,7
3158,17a585f6eac96c14814050e15e8126f8689a4c3cc7ce8d9c23d54e9c6e2d0dee,16b80c5fbed3590064c3ae0b62ef2c39092ab23145b71a7ab909f526717c7acb,taco,18325,train,3158,6
3159,040020e3bb43a8d4325270770ee45d3b17f9846158c28988a077e93e8fb95cc3,a8143f38fa5a50145f892d7d05122f64cc288a2524f108f3b6d9f7677c2c77e6,codeforces,1366,train,3159,7
3160,faa6240bf2eccb9340f46908bf248e00d1582ea716686a2f277a45d0aeb86b7d,681ad1437cc235ce7f2499b9d28611699452cde4a96f98cbca24cd760cfdc423,taco,5827,train,3160,7
3161,66f259ecd95e7f944b846d0aafffec337ef6a8c9df69d249a511f7d78d59fe0c,be02531698acb3ca0ce5bef5226004b674503bc4f7bcf7261bc2c4f52b0f171d,apps,4160,train,3161,7
3162,2d7ed1f26e6b528296a3e349a439b66c5b351c79bf9c52ef62db0aa52fe01252,6fd7974f27760d1fcf89edcd36390781f09c5103ebd005007a45bfa2ae8d056d,taco,21006,train,3162,6
3163,6c69285f0e80f4804b76434dfb3f8c1350ee3e5fc404bc62854181815e6d0168,6c220e10ee8010d93e5739ea42b25a6f2c32264602769d6d6e8068e9dfd8c57b,taco,16656,train,3163,6
3164,9c4d597e90f5f47dcb991a7f3e6be59b7a5eed60de64b44730c051a684c468c9,aa0b3db8f9f2bb1936e7a342f68a720e6d3759a17fd0987f87e5fbd9a6a17ca8,codecontests,4206,train,3164,7
3165,525cd259c46efa47928b948c5cfc38745c4ea504a06453728004dc140fe09c82,bfd749a4542a31dd53d8104858792f82b26c98289c50c8b2a476e38aa59257bf,codecontests,8352,train,3165,6
3166,504e5ea76dd65c192bbb1384d37301e79582ba58d8e83cb0ba4df32e40c500a1,79aab9917c2998feb9bb300c399a2e2d65f232f24f0824557236978c470ead07,codecontests,19973,train,3166,7
3167,3a9cfc0f71da6bd7eb4d7cb1c177995904bfd6b2daf45ed0834b1c3027e65793,2a5ecb15b0393fe49e29a4c6052858ca6e20af98945d4759b1a844aba87d1470,taco,13920,train,3167,6
3168,1faf51249c2f94275115e0d5757f31aa4acc5892a980c3e2fe9103c8d1b7e714,fa86dd4f28b5782ae3db3ea79420825cb7b2c096541cba579d9123225c10f134,taco,17184,train,3168,6
3169,c653c64b35068c03066b213065eee10712876ba3294660dc28c0c88f815f2321,188092712351b728d7f0ff80c7d0618bda36eacd5ea99fb50d210b126bedb0f0,taco,20547,train,3169,6
3170,62ae8c9511328357abd123d353dcfdf1bc0f6b04a4a19cdc63404457a08fc039,70462894440bef6b33dfd5998fd9567b8cd816a63a7569165b9b14192262cd73,codeforces,9028,train,3170,7
3171,2c1c594c4aabf8fe53ec021b11f0a0c79d48c9c9089e90afd2c8bdb9e07b82bc,a3eeb6e904241668cb5d58e2878bfe4a1aff016869cad54c0138c91ba16677cd,codecontests,17681,train,3171,7
3172,48fa026c03815ef0ca6b65701c4d30289565c51c856ae3f273107ca2263c36cc,00a4a25569843749c293d8caa794bbaf7e14b38983fa8385b1692a06867d1e2d,codecontests,229,train,3172,7
3173,149c00fd65060b7b75ceb19e8f787e824f70e8a4b964647e49f56e74425811fe,70b2e2e450041990b2e309d530ecdb322cf46525bd0f278eaa10ad3aeb38e724,codecontests,22200,train,3173,7
3174,e92f499cb34ef4873cf0d133a003e4ec3d1a89abaef084133467b6a997d24ab2,f118b186f9ddacfebaf6b4e2e1c84fd55c3be08e754de3e4b2ce54af42cd5d44,apps,12805,train,3174,6
3175,af179968c70e7878831f6b14d50bf01ca576b4da1f6d4484b652830fe6f7191e,d3d33ede302263a342c338005198959783909917419c17be013e8846480ae673,codecontests,15662,train,3175,7
3176,6ec14729090efcbc7d37207b95f0039cd1de2a4945c6f8d4ae72c09f1b733cb3,e2a804d4f21482be76252c9447f14064fcaaaf27cab2e45dbaed5f8410b7ad51,codecontests,2866,train,3176,7
3177,f44d0cadf2279388ac21490a1ad3112ebbe66c0c3947a77ee4c70ff21ac8c710,abe265523dfdef85fc0d2d38bc4a72abbc8a2f91f466e5d03a28c75684269d38,codecontests,804,train,3177,7
3178,58275ea7a5b8c28c40c581e9c7bcd77b71f660ba3e564d309a3f9f742bc44618,5195eedbf6ba11b4103111e2d928724b810e948c7120c4e9596104674aa97da2,codecontests,17160,train,3178,6
3179,085de540184e2623c8c261c66efbe293fc1bfa8324b35169b25887f716093bef,c301856ebf0d7c21a0f11c5f60fdca3a141fc8db5844d8daa9bf6c962eeced90,taco,2681,train,3179,6
3180,9f7748873eff43071633bfb004d81631243901dd8323ec36248ffbadc014436d,969af6bcd93c3f807126b3899b39c84f64f6d553fda6ee3729a4300fc5ef5c75,codecontests,17665,train,3180,7
3181,59b4368a057928f5f3eb8c62eba88e676efd10beb16fca4ed8583c3ffaa67c0f,5d513ef10bd35859b9c11a42c90dffd63e8914e19b310805777fc47ba0d9fa99,apps,8738,train,3181,6
3182,8c3dd0864ef614891688f9bfe713c95319cc266ebf3e6d68a46c9073b6e4bbd4,28348d011867de00b06786f5e8978449cab838e4172498b326e244d97c70acc3,codecontests,5140,train,3182,6
3183,388897f19105a2623ad4340b849392aa5cd5cf495d45f5c734398723f414a1e0,f7e4e3f7f0d1dda6137df5091c94805c4d7ec79a09708854db47bc9745fe08b8,codecontests,9694,train,3183,6
3184,d9d0126e652e85c0b7ea705dccbc1bf7e260128bf1de405af0562bc7906da129,de663f77ab750064ada25874a37020b5facdd1d4a2b0476a0aa2e3db4356ddc4,codecontests,4545,train,3184,7
3185,49d435591c56a17a44f22874e0c77eacc4be901d9765a7ef4fafc5598e3c39fc,2a18a47815b415a1b82a0cc3b7665a905febb8bd96438bda93ae7690d84158dc,taco,17871,train,3185,7
3186,01c4e70cca383a64beb2b7cbe045ace6d434109434f0565aad6233f30de5fb3c,52c899239af450d57aefed16b0c6a20934b699202aab9669c1eccc404e4d3853,taco,16519,train,3186,7
3187,8a10899588874d159ec01c321b2dd733147fa6899aa1b3d6a968644004c05260,c430f82768d28cf096239203984a351b82ee9441fad72f57d47e5ab1aebfb80a,codeforces,1910,train,3187,7
3188,f1e8e9f6460bac388b602e0e763a4c0844f768055025776601539d8931bcf405,97a1647cb20dea49303ad7125b632b68ca024d88464bf57f5e6962bc59fef7b2,taco,21322,train,3188,7
3189,3be618977d86cd247606f3ff40abd773b02ac8747910c945448d7017aa1e808b,0f2baab71d8d5b47d1c2d96b1eb57308fc0b87c8ea584f22ec849912c957b6fa,codecontests,12680,train,3189,7
3190,c73b82af66904256a50df70829380dae902062540f2fc850ed5507252dcfbdc6,d0899e02be7b0a1476efd4b22ed3329e9ae06567e0ee0d6d0d79e822e1fa5777,codecontests,20277,train,3190,6
3191,238689de0ada8514373597728b2f492f0d4d1b35c6db599a9efa15bea7fa2e3c,7a1feb566bdb7a397b4606346fe1b28328af9daa5ed20a5992c72d474afb154c,codecontests,2565,train,3191,7
3192,940ac90eeaae6bde03d2a793903f1b254c51b554551b34325d00090f7902a749,e008ab996e0ef1304d2aaa2d87d831b77067183661891794421d9abefb8173fb,apps,22019,train,3192,6
3193,b03537413e3c10906dae9bf5bd1e3341b5deccc7e90920f8e265b73c0db8c1f8,2281807e938d70e725cc0bc16cde5ddb9ea2dfc96ade3051ddd5c2dabcdf5026,taco,20926,train,3193,6
3194,2c22801642e899141f1918a8a16fe8a91c78a6d2f661184e2b8bd2d58f3f2609,89f1ec909f09c3ee78844c19acf2e97a49d93f54ab4ab376f5660c6a9223f1ff,codecontests,5157,train,3194,6
3195,53c4b5956e1fe288b829b1ed3d9264973d4c6e0a1f09c8d4b9699bcc85964ade,b1995c47f1a68a519c40425e5b0465799da528ac27aa69c6e77ed087e1a1db9f,apps,20155,train,3195,7
3196,716b90d56f24a5724781d0714ecf220634ecc3528ffc3ddcb5d35d4d52484b16,ea7792537bd88376694c7a6144900fa103bfe9ca0263e886b6ae884a72f7df45,taco,12341,train,3196,6
3197,2fb174dce62b9849d253a1daf21c3b7989b90067be0baa6622d89c38a8cb5f49,ef444d8ea708b855bf18bee776c1cdec5e275451490f16f470ee3d316c12b63b,codecontests,44,train,3197,7
3198,5a0a2ba7ff4823eb9a181b289d57704a164ebba805fab98c6ffbd25b4f33b67f,0798a9e63676ba38bac5c174de481fc045f54e31556ee89c2648ca8d55603e4e,codeforces,2480,train,3198,6
3199,eedde33965c991984a828b202a33542fe77049cbbaf6778baa1505f02c8aa7cc,c3dfbd5a30634b10a990f35228902953bc6837a55c184a119c35d86ac1d90c35,codecontests,19211,train,3199,7
3200,949062c29ddb6311ef3fc6d5540323a2b405c11c4ff7dc1474191e190acfa897,1767f01f32621cceb92672de97da8343247286899e5f69fc8cb7c1dc9e29d0f7,codeforces,19638,train,3200,6
3201,b9c11a0263db9c115bb2aa16dd7bce3be74df804a68da50040f5010b7f13707b,673ea184b44a30e375e3fc916988d2362743ddd21816b4abfff507257510406e,apps,20838,train,3201,7
3202,11e35b3c5a134bbf70b7578d911a79204af6191635537bd42ea0534b4343f714,3600c804e281618459d797248fcc02fb632963834cf8033cf001b586f72dda23,apps,20962,train,3202,7
3203,f36dc8f381ab5d65772af9621ab12d563c37638137bff97af1e520a54abc16f7,ca399787fdd77baa4bd54e80f0489559f6be66eb3fdf324c4c375369a21c5e71,codecontests,9570,train,3203,7
3204,5567cc486e9931a5617bc13f53ed7842e06eb4a537f0ac62597e2f5fee098522,24773329fe80d3cee29fc19fceeb9dedae24601e0d7d3241761da1381c56968c,codecontests,18849,train,3204,7
3205,76f1f875680ee0daadb33326b00bd228e3296b31fdf36e33efccf7f9f504c5da,371622c15278d5002bd55c7ef5122646a5c06174f58305adcfa8392eee5e9c29,taco,18123,train,3205,7
3206,0cf86f46bd6881821cadc15e06c01b68bc9f6eb74176d396af62e650c413a01e,dfa8a28b479b00b9250e042eb3b50d7068a5688b6f9995b31f932d0120c08a74,codecontests,18647,train,3206,6
3207,7db96566a2e01a6ced2134cfe290c1112d7e4cc6f75780fc775dab914ca2c5ca,75c7f5ca517e5c623c0baaafbad8460309629f5d64f5325f7aa20ff3f95fbab4,codecontests,1777,train,3207,7
3208,a65f15ef2619790d090806503d9fdb01322755e4b92e4ccac5cd537187309ff1,1bb763e2d84d5f6685d379ce644f50792004f6671997ed39b9563dc54678236e,apps,13429,train,3208,6
3209,747779dc25c75ee7779444126206285fc92fef45aad2373aa42e17551cb16251,8ad8b5d3a32dce92bde5594f367e9331b14af8838542cd3446a018be29ea404d,taco,4041,train,3209,7
3210,b11405c01f47616a3067696427a8d67c4a548d4298f13158ee39e83ce766ab1c,573b95a1aeadb0cb4b1d4812d04ccb1851c311ae96a3c23e62853c6f469bbad4,taco,2806,train,3210,7
3211,1ae9e4e97c49a46c29a857fb87d64f854c29ccd5bb1bae071bb5d4e975093ac8,42505d5c69aa3849d3d39041eb6833a4da29c3ade4661141b632e771fab3b6bd,codeforces,11625,train,3211,7
3212,0620245c23749a39c2eb69b5e9ee0acc383d98494d3fb4d2dc49be1662427e0c,25fab621908c8c1db927efd4532df54d3112a47491ab1dea2c7957d8ff67b193,codeforces,1195,train,3212,7
3213,d46d1e32f6cd0024a9cbec00516023d05199baa846a44457be02239e4fd47201,a3528a185db78a6be667fd24420681e9ebe1b46046800e383f1f6ecb59b41a73,apps,14394,train,3213,7
3214,2de0e8c7bea64a113bf8e217200de1c899e76782c8750a8d5dfc30837845b71d,00bd2edd5763a4bcac1c6099a9cac57a35abdc858fff3c21f52366c684ee944d,taco,9155,train,3214,6
3215,422d766dd574632457ac702ba4053dae26c5785d97869c5b3bf9c8f7a5b6a7ac,bbdd17f4a3fe39f60263165fee98865419f931af27d7e0508bd032b1ac329cef,codeforces,16372,train,3215,7
3216,fda290ab968f4aa0e3946b45f168f43941442ce532b73beacd7ef066617f6732,247e5822724fd0ecd8ef12cfec16dd61aa4015a0ed0fbbf66c635af6cb7cb541,codecontests,10203,train,3216,6
3217,8a8c283927a55629d8acc12fa36f9df37802d5e40685e70dd0a33c40ff11ade6,c765d2e55d84a967882ed276cabb55480f9a47ebcc407ca31e1a717de68fc105,taco,11303,train,3217,7
3218,6eae6144e446f9a0d1c57d7ccd2b9e0967de75fae754ee9ffd06afad33f62c13,8b40e161c165c7d5d2e561336c77a069e227ad3ce706ec0a4ba8f5395481a7a3,apps,10019,train,3218,6
3219,75d8f258348ec35d83fdb30128447b7d28306f19766de2d143e3adf46d9d6642,d28d77e223c8027599e5d2fdc72aafcb7ef780b7007f30f1bd5a34dfcceab7fb,codecontests,4471,train,3219,7
3220,1ac23d42898417792f3a7a78c5ba053711a55e3dce9d5c8b1ffc73f905bf9a0b,707a0cf24a04ef3da3203b9728f0b403d951557f098b6cce5afa0e23684c2711,codecontests,4997,train,3220,7
3221,1545d7ba08fd0504b0e2844d13e417ab22681db27a1b7be837b40160e5b37873,f03a8da87e1df1e2eb1c4b54e594b9723c9911d89f59c2ddb43d4e0776d9031c,taco,830,train,3221,7
3222,e2d03d65af033090e14926600400e9e18629ac010c3fd1f9b9d7b3500ed3c601,60c3ae078c80064c3fee512704550b72a89f3bf499a947137696f26da70b8c1d,codecontests,21030,train,3222,6
3223,45b9170808419b10041a7b436f1d1831a567dab04b5dbbd900e90f0a901487c6,97af7ff120eb57e05c55298331aeff0b38fa3585e7df2b22471d31d10420bf6c,apps,21490,train,3223,7
3224,81c8c62a5c72e0a529b2c2ae2c387c15104c8fe2f05e3acf19d3a57af17c4083,1e8ee2fb4cd2de1ad3022197791e9d1e48603aee05892c8028d06907db712a08,taco,11890,train,3224,6
3225,9c98baab5f9b1c5aa14315b312c02f311b4f6b410a27b2b0833c01d111de8cb5,2fe3b83010035265c1e0468648075c3ed44c5d22ce2c02ff25890c6ad33e7384,taco,3170,train,3225,7
3226,9504a4f6f54fe81620f198df1ac807f0a5d53f84352e5f8f73963864e82cbffe,f9d13bbbd89763823136369ed038bdab1c5d140453cede7b0da7ab71113686fc,codecontests,2308,train,3226,7
3227,18cdf65a843ff6941545158764f272cb625c28e6f5ce35cbc650fcbb9a88b9d7,34de59a83baee3f3ecf3a78acd1dfaf3e3575b2aedca34678da7d7c8b518ffe6,codecontests,6413,train,3227,7
3228,c595c00c53872e3f5893aeebed31720986cbe8c6fa56af8b1d5c6af38a2bc124,acb2a53a5f54efafb4376e0e5da082d79c73b93efbc2abc720c8d876c6f046b3,apps,18015,train,3228,7
3229,e4de26a8e4659d9523e387f839ba574391789322bc9b15b1938ada268ccaac32,7ea7ab7b8681d041c758f5714ed721f116f619993085778ed58ac7dbc0938512,taco,3491,train,3229,6
3230,be139c1365eff203d29543971a1c1fcf619c17f35cb2c7d9f471d8d08fd5dd80,aef52cfc70cbd45c68516598b1187619d669341e3752ba7bfd8e49bf3596a9d4,taco,12216,train,3230,7
3231,eba4f1ed1ae7a5b0192ea31a743d24025e3581e266206d9c82bc18aee4b58610,af3a777908b8b6d3125b2edc24104b7618c07be7d3c224797de17652b7dfcd9f,codeforces,1635,train,3231,7
3232,ac14fe2b9fc9e2281f4a021fc177916025079e435591833324cf0dd2670a09cc,dd2ddab44cc11960361d98ca1adf96bbb627c931e8c75a09b9a88caee77c0341,codecontests,2733,train,3232,7
3233,8fba37350ab986049d521fcee0e0b6ab0f7b49142ad810bcd0016ec8601985be,bd4c8f638abad731428991e267194478bb9dc134472ed1f9a8928214e722cf1d,apps,16130,train,3233,7
3234,8cf59cd77c4f319bae0cb330eff36c6e8442bdcc0732951293ac1ca8e233a40e,312402403e3908ddb9efa4d3d10908b9cd809457d21537f438bc1bbc16018c01,codecontests,19179,train,3234,6
3235,99eb6186e96663713fab839daf404e73b54579302e357dbf87e84ce5611ab6b7,c80e69873f6f23daeaabad67c0bf26343d8c4e2d5a3d005db270ce9566e9fcc9,codecontests,5990,train,3235,6
3236,d98c2de9ffdc7b6e76364ffe0acd43522e7a52be48321346a37b3fbdf825f12a,621b0317a531d9bf69f43fae2c6f5e1d21cb1558b31da38a87afc516199d17e7,taco,8358,train,3236,7
3237,9eafa3858926b9170630c582440803cff89e092c58fc14eba6899b13717ad561,3d2ffe38396c229651973ca81e52ddb8812d2d9e7c8514edabbadb817817f835,codecontests,17422,train,3237,7
3238,20dd41488f590869978633a63f79240a87f4a8b3a83a86e90cfeb58cf5dded74,0f6eb009b7bd1072079e234b8cb9504dcdafe23ed16fac9ffbed88a9d6f756cb,taco,12553,train,3238,7
3239,c9109011db0eca15c6825ae188c4d86f08bb9c12ccfff017f7162cb7750d7c97,7af6c1094b3eacc139245b38731c13ba628751b67365fb3c33b39138cfba2b4e,apps,3316,train,3239,7
3240,5db355802146985cc804fe159562379059ade00d778509da63793d99386318fa,0a8d2eb57aa76ac9e88a5d5cc6760b44bff5340a37076daea58ffc5ad274361b,codecontests,19882,train,3240,7
3241,b2e1f1fa9af4dd8f4670ed788a641718539f423189990944a66ef658e1fede08,cf90031832e2512a4f3b9d9c86fd7c18151b925b3169681a28f5c75fe35f9983,codecontests,9759,train,3241,7
3242,05b2ae9cad8df48375b2c7f97b76b13d24ece689e6ee217de19c69b657ec8b72,70f81a2cd131e37040a8e009c7179b8d0ece7e324cf0b15aac8739c5908c4d4b,codecontests,22546,train,3242,6
3243,34979e4566011247802c96ca1bc2cb70119a7cccc4dfc10a1901d4a3af1b9114,acc1bc982ad3d11b7ff9b8c3af9c182824203468416bef1b72fda0cceda03ccc,taco,7044,train,3243,7
3244,4589b65b601ec2d591bb257456c2e50257422d6ca1bc52f911757909fade1c40,0e48c5300e06c757664078f891adf855c84e1097cedb5fde6b9cdb9e9f789ef0,taco,12545,train,3244,7
3245,f27d213ffa6507076a81af70019279824455eb7f58b8eb81f0b40c64cacb8ddc,f61b388099b7527ff7ae3e2b750f23500b8f929a99cf8459616853b804efbfc0,codecontests,19626,train,3245,7
3246,15c7c4c80de5484a2af25c6e807cee72a4998f57fa5b3103d8a294414bd802d8,8e3a38950001d64a398d235e9aa394519acf11ae4e7018343a4d74244d38dce9,taco,3190,train,3246,7
3247,2e306fd2baf26d6fcaec8735f4f2b88c6d207408336fc1860d11203dfa3c5fef,37666baa04edbe64afedf5a44e338ec6d18202a505316bd8e863ad8977e9bf10,codecontests,1564,train,3247,7
3248,2f5f3d9db9f7184d59c006f8b0d5534ccb15c8fec65b942a9b091125e566722c,c763a9ee37fab31a8e23912ea31559e4fd22af8a07011eff8cfcfb4675a553d9,codecontests,7013,train,3248,6
3249,803e407e4540ee5e3a5cfdb7b59feed9ca7e68961333aaf10cd4c3248e973af0,d3919caeb01bfb1580b5f7009c4ef1bbe33a16dfc6d8688db1211edab0391b2f,apps,3059,train,3249,6
3250,220ef5e2246988b529cfa6c6e7db21d391f962c2b5b54861f29ee4a0168cc866,8fd37eb749b2267faab2ba2e0592d79f90c3895d4d139e643d7685dbfc19db4b,apps,17865,train,3250,7
3251,ab66dc301b333ea27ee5aa3824e401b10c8ff502ace2f6ada8eeb171e667152e,699fa1292e0b640f28c59a52bb2e8b462c45e24cbb76b78198ba92f5b26847bf,taco,7252,train,3251,7
3252,9de2cdea84f9c2e17c2852535656e127a197f991079e54ac841f4f6e22684d49,53d02deb7d0eac6a9832ee27597dce84ed12c1dbe2e67ebdb09f307dcbe09d01,codecontests,19100,train,3252,6
3253,b572e1dee6ef138e1fd468944fb86a1af19b204cea2e13973d2b5af85e8956f2,1851690adc4208ab342d5c773ba3aeca8b5e546757f50955662b4a40aa254609,taco,9745,train,3253,7
3254,9d2803aed245934a622d9917a29f87bd61747780eb79eba476665a50120890ff,53654a264126003f4a02410110824cf7e53bf5daf547444c888dc5da93eb27e8,codecontests,21515,train,3254,7
3255,c9fbdb94775dc8edb28f8776e9bdb06c3cdd0ccc2030eff725f8f782a4608472,7c924394d7566727455db05fd373f0a4e4c1fce7446b0b0eb0c47ba7e5f44732,codecontests,2236,train,3255,7
3256,92a9398a919fe0befa2167445a671d058dd78f3f0a7c0480ee1a4682764fd612,1ab86aba85626da0297b11e3731d1671f12082b93208900e988e4efd1aef5e7f,codecontests,3482,train,3256,7
3257,623634a764bbc7fb89e6b7e416920ffe8b9041e2bfeb48755683bba4aa7b7001,edb1ab8644994f6d1e03eeb621ba440ec03ccd63822ca0a56aef4212e7a7e860,codecontests,7011,train,3257,7
3258,22b746fd1e5755e7c4c52a3e9318b4d407f2c81ea207f672e34843ea3c4b310d,ee5225675a91ecc75696b0edf6979a777c4d5ab95c78d435fe30c895b0890a7d,apps,19571,train,3258,7
3259,5b71a33ab62974772035874127e3caf58537a31e8f779d3a56621511ac69523a,610d26c72282aa7b11db7f0a01b7c03f71a41f1c154ca931d9273d7a74e6e989,taco,1226,train,3259,7
3260,34c6593566ebca8cffaf0271d3be452498d243430aae359dc6c9a2da04c83312,31d62f6a41485a958abb4edf56cad3fffc46a7c64addae8b0aa9245dd3484116,codecontests,2659,train,3260,7
3261,eaf04c5ce50c7f976868f3b705bd5b40711c8df8875afa96a9b4099ba51a68db,f81207441af8b83b5a8b45d42fb85ee28c79ab0e4c3536dca3338f304599831d,taco,13016,train,3261,7
3262,3c91d5ea7ddc7f3122a44c27ac8c616eaa24dd88f99eac5684cdcd6e9270fb6e,8a3e9367b3a379c254a9b0f70be3af9d7814a1633800ec7f49111f7f14fcac7a,apps,7806,train,3262,7
3263,b96cd51bc879e4a184f95bc8e89ba974e0a098bd5b2f0c8f4df28fdbbf623e35,79d02122705d378ba806578b483f8b7b65ea174ef4456000dbdd5b94cafc1b1e,codecontests,6934,train,3263,7
3264,d1ff293a7c6237513fafd7b643f12f1703638c2e6fab02ae6e719f13dffe7aeb,a59d924d857ab45be9a7d168c3fca7c00aaeb9826a5c1d75799381fbe2cac879,taco,13118,train,3264,7
3265,1ffb1b49efb9bd3581a28d596f493b6d82cd8483d90351daeb1020c51cf29799,8d5c0e6a562ca19845e6fe641a92858edea1bc61b193e73d2742130f1de1bc21,codecontests,10160,train,3265,7
3266,10c29a34d045150150e4d6cd6fae6d74da2fcbf190caef70a0927cdb701ff312,0ebbf055022fcdd2a32489d5933e6c43f4e40cecfd012a5b1e70aef8bc4c0ad8,codecontests,19479,train,3266,7
3267,1a280c9a9ef9a76640465b92723e3908df1c7330379b1b3de8741f6daaceba2a,65a06825054d2fdb2526806b66f6218a6b0dcc1653f8137dd334dcba7b0b46f1,codecontests,20231,train,3267,7
3268,fd2bd6562233379493817b78d8012647f2a4c8e1f0b6d88adbc9b4b7f2b35eed,6592bd83df2c3d70640c9d54c7f5b64526b5d9a88bff1e34feded671edc3433f,taco,18380,train,3268,7
3269,3970acd79c40143ddf8675ad90235ba08b5d6b3bdaf6d13a3d675897a3857462,4d3e9ab3a5302e6fd034b5edf0c23bb11b0d18dfa6fc6251ec21684a41eafb94,codecontests,19259,train,3269,7
3270,cdd19dabbfa7ee24b7095ba33df3ca89f304ea94a5c37d9c895bf5408b04b21d,7a7848463382167e9aa23ab5d7268f4b52bf5281b7d7b9be92f427cde2aad635,apps,884,train,3270,6
3271,8172c52cb71539e4f1386b37590e5ff8d680957322d55d806c5ac7edd2d68a10,24052679b75c30949d50041d26a27c8ad659b38f00329cecb7c614a691f3b363,taco,8903,train,3271,6
3272,fbce27096c154768fd55d86e97339e5d99a7136b3634d8ab8df59a1f64fe40b9,05f79d27f3141656231061778787feedef59ef9a29dd462d3c4d035a47f21ff3,taco,328,train,3272,7
3273,aa05cec709b061ad3a1409e68041aa7f1e213c99108298295d2a3d1662091e24,1569176fa4116ff7d6930d0b5251497194f15dfa7eac1ce7a34700dce0e99de6,taco,11562,train,3273,7
3274,463b00519d9eaa47cb0405dd4d42c9029bb03510820a4e2a97d2702e4dbaf8fb,e11f410a0ef25ac828c6fd3b3d6342cda83b99cc0e1c6776bc8f15eeabcf91d2,codeforces,164,train,3274,7
3275,ab8a389165de9c72945cd0016ccbc016601c8d34b6048530d74bdf026a924624,40d2f7a863b2532877f976654be0c9d64edba0e12ffee4bfb6b59d25beb36a3e,taco,19512,train,3275,7
3276,64f40e0f6d42c54499130d291c4960e48727f5eeffa68aa2f71a6262a19fa208,a305458180c094d92088c55bdf6ab333d7c2203e2c329ba0ea71b4d71d7aee56,codecontests,14923,train,3276,6
3277,9792effe357c4c0e0efc864220439c2964f8f43c1b4cc7aca81a08552b35fefa,2aa2e15fc587ce33c872d83681f0951fa2c92c1f1e42bd30986f79d0231aa4e2,codeforces,16881,train,3277,7
3278,61853639ac76c4e36138a04baee155aaa32a11e2576ea89919ec0b2e4fcbf846,aaaee446f68ab2f5aa5e54b84585e6e044c7ea85b38f732985e164be0c155bdf,taco,15479,train,3278,6
3279,fe0373d8fc11bfb0dd0ce869aff0cd5ff8e6006e217890eb913d570c125a7f48,deec477660029b0bd2c80f99aa374a9d140edc1556f34b92fa9c8dc8b82a12b1,codecontests,9780,train,3279,7
3280,b2e25e4e3fd57ad4147b0728fe2acda19b35e9d8e0dbf69fb4abbdd5866cc4b1,c23e2a369f2f535dd2b925f79058c6ef4dc3046a9683eb12c5cecf5fdf4221bc,codecontests,11545,train,3280,7
3281,7006c6f01b34c788428b3bf3a2c6708aee8e18946c96c84a6defb769374969ed,34a56e0b3520196ab0add19b4e90c9d7a84e70c801141c5f25eaaca185a38657,codecontests,14669,train,3281,7
3282,6b16e853ede3b37acad2c4b7657565fc7d9faabf088021c1d170e3d5580030ac,754f592562ee906dd0ed1a794df8bfcb8e94e6239821bbf1e4bc969803eb9d89,codeforces,2085,train,3282,7
3283,2bb63b17ba2882184670d86a807bf36d49b1a1080495b90c4d938d12f43ed8e1,4e4f5d7bf72992c6a96f0e27ea037a41b7d14b0c92a1d254e31c880fe5ddec1c,codeforces,6869,train,3283,6
3284,5ae1706df50d815508a8994e49fdc3093bf5be2a193ce7ad3eba483e62b92431,ee1e70083ff24037cb0cc7f91a74b180839d867d007933974cb87bf61ecefbfd,codeforces,19340,train,3284,7
3285,bf595a7d2cce36b06fdc712c432add2649c86138ef355dc59c1bd9d057f432ec,7c3baf0bc2a6f0afb4bfe26bf32c4b6359af5a025f10239f54bbff05f5a84524,taco,14171,train,3285,7
3286,8b58b117bf5330371a09c4344960d3c9e173c9c3b85ec028916bf5127c2cc135,3ff63111b0dca105c1e18e0d3f9583a2b67b091d0d53091520142921c5196df2,codeforces,19062,train,3286,6
3287,5e03779fe5cfe8e9dfd7a965c60467054326165beeb839ce84b07689779f240b,ae1fa89c0367ce38f484735b4b4d034a4471d4e0a9a9a5690216e8eea575aa9c,codeforces,16261,train,3287,7
3288,0bf8f2d105cb93c393ccc2e831ee6f51be2bffdfbabe129b30637813f1aa8b38,e1172b9523b72ed6e175af663d583fe7523ef279936ad4bc181b94c68673b2b8,codecontests,14277,train,3288,6
3289,a9076c1b1c7b31562cb002efbd5f782414511f1f9583ce0623708e2f1c892a18,6d9cdcd0f4a2758675b6f34d22611b2636f524da52af7efecc430ace4ca0d1e7,taco,10762,train,3289,6
3290,cfe00ba431c0af672048a468de4f87a0bd7960bb118c52e5d81532c3d9860c28,681106a6550e6366424bf22d7753bc4024c9490595b138c3191a8c9144a94c20,apps,19878,train,3290,6
3291,306e2721297c319857c3cd2b55f918d7a17fa8b5b01565a82df33cdeceaaf99e,0e094ba105b7af3641c16cf6ec46b911832c57f28e225f8e29a848a4a731f03d,apps,19329,train,3291,7
3292,ad0ed7daa99b5777c1c32881bd54c988f80b83b21ee1dcd9f1f1315373c63c9b,b4cc9353cb8edd684df64380844da95fed655f000f612db8c010abc97ca38f63,taco,12982,train,3292,7
3293,e8849ae188c6e20b976f4e610f274821e0ec1d50e3fd96afdbf4e3f735e00e68,34f5d287193ea98a25f0f035e0287ff6ec216e2f984058ca8d0e0e63afb0d355,codecontests,19235,train,3293,7
3294,dd507e13638dccf9c1bf952f62ae973e55a6f823dfd79864f3fe4d1e08f17a2f,a7c826d9e48f46dd7de6b628c3e64bd543111f45da55e8e8462cebca11ed0cbb,codecontests,16391,train,3294,7
3295,fd559caea4df28d28fde99575123d10b597acd9b3f34adf6d1cebaa3e05eaedd,e97ae9918716d0c29b9e5a3e1d91072f4f120ceaba35155280e298a2d7c82b0a,codeforces,14660,train,3295,7
3296,3be19aa3ec1508eb04ddae26db0db3c956f37d7f764bc1233dd95f0dada8a0db,825eeb13722215844bcceff2992bd391d1e2fdb957004608cda4daed5af2bbbb,apps,182,train,3296,6
3297,926ff864e189035a3c4f7a285d2ba7428ddfe7c5403d0e17bbef6f88caf92d41,bf4566346ce83bd97fbd78939418f96d5c9e4c916a8c6d711fa1769373f7ffdc,taco,7927,train,3297,7
3298,b81fc83875c28da391a2e4f4b48fa1d9a666d18f60c4eac4c65c1c20e40bd697,f503763489a13239e745ad395f791e71fa6b556b369387963832ac65c428343a,codecontests,18528,train,3298,7
3299,abd35b8ae37fdc8931b586b80cc88f20bfa420e72de2de130fb6904215cdfa5e,3efa79c781462d340d82a66c095d7b94f93aff180f55c63a089eb1aa8fb58ff5,codecontests,7311,train,3299,6
3300,7795f7839dc1c2b101986d0336afac412b4319792d9f63115d4902f79f36191d,327acd3c412c1f3c98a4eeebdd325aebb7c6fa905f56212fa76a79f63e40d415,taco,5523,train,3300,6
3301,554a1b6c4cf4a3239821c86e1293a360369bcce08c6e98c6a49976a7afc6fff9,378ef2b83b8622f752c386fa55cf74c9bea2cc222a4d4dff1be9e9c7e368d5a0,codecontests,21745,train,3301,7
3302,26ac4b6164d3c2aaa22f0aa76610e85a15b322a52d56714259ade1b3c8e6918a,ba3c812203bdddea1270cc52ddf7ee71e33a57512e28471aa1a29acd00d904df,codecontests,3938,train,3302,6
3303,c9a5e6f9c3d34b0d91c194c932252d394b025d872bed659ae924f783b5058b5f,785a9bf78e2849e7f44ef8177ae188e4656c199e11140696e1a8204815c22664,codecontests,12534,train,3303,7
3304,f59107d2450d900b061a56a5a52c6d113974d7df690d849b8aeff9a3bd58ec66,eb136b58000ecf4b36c9dd5dd2a34559b8432d7ac3c3a871c855260f9fab8f47,codecontests,7191,train,3304,7
3305,6a319cdaafb7ef4914fedc9445f752622fc088a0a81d628d3136b52e4386d814,2dfa3ec5032763720e110325bee55933a450d1e32e76e2cd2445221df64de85e,apps,21550,train,3305,6
3306,8029fbcd6a44494febf8fe1e01f897a5c7bc15478bbbb97d068b322a7ce9b03f,f721deaab2d1253bcf924f85473df2e512b19f72d746adee07214808e0677a77,codecontests,22284,train,3306,6
3307,755343fc20b4db7005b03f9269f3b8cee5de8f13e9b6bf58208a07f8f02fc947,15f6f16b719a491a044d6434f2c6ba832d2dec9b8ff13c758a246d50ad4c6c81,taco,7786,train,3307,7
3308,00c4a07ba53ac00eef687f0212d5ddb4ac05c0c57c8777d1fcb66860ab1d0c0c,f3baef5173b563df818f5a4f2e62c9a6132de10ab606ef183e336f1dda439e66,codecontests,7960,train,3308,7
3309,c500f7b7f5932b62d4eb194406a79d3c03584acacfb324a7c6981996a3a1cc72,16f74887cf66e7e9c1862f714b83b12033159206eab4fb840214008ae7ae503d,codecontests,17600,train,3309,7
3310,25ee251de60e4405ed8b4a196f8290192a55ed17c5cddd396a46db9c0984eaa7,f2d5d15519486d331dbadb1d21f2477e70f88210d60fc81d608219b12943bc7a,codecontests,8529,train,3310,7
3311,aa8c1bff392a537236f1bf5de67bf503df38fa4e352133ea00af178f9070c8c5,992586f2246ed559383a8edae0eeb14cf7c8852f49bc9da95741ad905f6543d4,codecontests,18444,train,3311,6
3312,1347192fe0af239345ccdf7f895b0b4b8127e41c9e526a8466f973bc51f1b47f,1d3857d0ad5ba86c0380bb17701174f3df66ffe483a109d41ce027ca541d1c61,apps,14541,train,3312,7
3313,eca8f705f27b33b97764257c42243199350aeeb85b7f90093fcaf74afb944446,118cb4557c1a5a6624d856b747ee7583e5ba13ec82438e5cc9e67b5f394a9d7c,codecontests,5326,train,3313,6
3314,73a03e5123c6542da8a548ca6fbf41a3f84aa75aea4bd09600739e24386091dd,16629b856b744aa3bfdf56eb5be25e522e0f179d2e8acd33082316741837756d,codecontests,16538,train,3314,6
3315,89ea8c6a62dd246e9710ccedb68d087cba309a59ed949f4db6dac9445f56ef6f,9023303934e44b133f6cca26294f44024bb46bcbe59e5b3128a380cc89f38244,codecontests,15804,train,3315,6
3316,86077a9a89b821d8e135e4e57a2b077639bdab571c5724817a407c156069c3a5,313c35151464e435f3e0a624301be5336f76ddd3e9ef070f8401d008a001699c,taco,8436,train,3316,7
3317,fcf8f643c99f81127e272d284ce27d76748373c3a2f35426e2b838d4a31bdfc3,692a80a39022dd737f949c548242ccc411678a2ef694b903c8be0df55ce50034,apps,18045,train,3317,7
3318,a85f089ffc37d1efc7fc858c6737681754e33d839d43585bfc857134a133e5e2,52d2ab6ece201968dde4763765cb6ead5add1d44b3d9d0ab34503ba8a92f71a6,codecontests,8797,train,3318,7
3319,66cfebdc70908e83678c6c2118d5cb0fe7218fb53f5a29cec9582d40ef10c21c,d62ad74b214698b3df1739075260963236485b6369dbe1395de5cb2d34f57e61,codecontests,2883,train,3319,7
3320,ddf2910eb2127e2bdf881bf0b599f7123eeb9ef6649d5635d62fe7568d8f8915,3acb42aeccaaa7b314f1fcd4af508f345207fe5816e217323db32d7bd00c2b12,taco,3103,train,3320,7
3321,848cd33ba109ba1964485233de194a34e5ab3ce4d1e250206f1d8a265fbeb203,3f1a06b782de7bef7ccec3a840e62040af1bb0a9171ff20c5c805d0e2a96cce6,codecontests,5442,train,3321,7
3322,72ac356984c53549307f122130a67d48d48f99507edb829e8e1f83b288e59deb,5b787d40ecabeba89b1a7708af566aa0d61ba1c85e61735fa92347d2d7bf0c32,codecontests,22534,train,3322,6
3323,1803317577a21242a4601dcee80bad2cb7be4abb64946cd50135944b70c1bf38,8d4a6d875ed07588f31ca729742b0d9aff03b589673d83e3e331d0ab066269c5,apps,20132,train,3323,7
3324,8d94b52e28b6e4ee08e66b3339ab7f881bd50c1a36dd257fb1c316661982e062,fcccc2df32cc90ac77e90bca4989fe1de20006aa7313133db50fe7960027b847,codecontests,20687,train,3324,7
3325,57734fcf8c19ead988345d68bff8c29c3e33de6807705a66342c0389e5af642b,c66211abc4fc336a21db63384d0dabcb1831bcfa87d3860c8b719e7467304ebb,codeforces,8139,train,3325,7
3326,fb3231f5ff6c5e81fe74b3a15596abfa647d5d8274d1b488fd728dc9dbea754d,67b953e52211515d47ed515d7df108e390f66e66fc2d6db90f10c83f5d08bf7f,taco,21989,train,3326,7
3327,2358b972f4642d89b13c7e62838ba183eb18f25b9be53772a3fae3baa47e526b,83e94b06ab95c6352f86be73827a86dcfa3375357a829b745dcc771febff79e3,taco,12322,train,3327,6
3328,4244c87d4ae8271a1352ebce10a3841cea8b674e8556e2376315837c9e2a7a0f,637114635f55504f1cf6d0e6f775331792058c06bcac5868e73def1b6d5dc6e4,codecontests,22318,train,3328,7
3329,ff35fab3a97efa8d93a255f523c24c4b18723b2739ad6e2e1331475f468a602c,b3afc1e901743646d982bd73be106bb9b6678122519b9337047ab9b79951c4bb,taco,7798,train,3329,6
3330,b4c81ac889223fe05a467ce441b29d284e20771ffca2714610022b01ad5114d8,cad89d6803855ae4890789f71582b7cb4c95d87dac3548e907c0a9564da03027,apps,16824,train,3330,7
3331,fac60dd617570a662beff1388af2f3c52b5f69c326317ad25981c74cf735442d,4402ecbd9b0b5107d6883ff2d44dc8f259b667460c929bc1011ce707270e5763,codeforces,11740,train,3331,6
3332,b7be4a1dd809d5b130e126027a56ff3c5dca5815fac1fc1290db305bc0f0c268,b0344308e30f1f586a13ad44a2b377f10ef374aa7273a83dc8489d4f22760895,codecontests,12825,train,3332,6
3333,f89363e1faf36404bb91037702a42350ff9ee41299bf87812fd1c2f1e0c2922b,d2bc45d49fec0e14347cfc6d24b9ea3874275aa8324f6b55938e26f7e78e0707,taco,12834,train,3333,6
3334,c87a5ad5cf111f34e3f57ed4771cb8fd5eac256f10595ee3b8c2ae38fbf1e189,d5381c5170e5af1b25958c875db72e3b43948c5ad152a2cf464c17bdcff33de8,codecontests,19517,train,3334,6
3335,ac5228fd86905f5425d23b844777904bf66c3f36af2e8a2a9f4f34289c6b4281,284ce554d8d178f1ba8496d84c2d6993c84bbf78eba12e24f29bb362dcc0ee4f,codecontests,11901,train,3335,7
3336,bd8a722897c4021599cfc7d895bab7fa787d8ccf82528e47ae80d9f4ee38ba2e,e45e0d0257ed6ac9cce2a2e6d5e6a37c3dc4e0066b9f9aa1e81b422006ac6180,taco,4445,train,3336,7
3337,71e6f8b73dfcd1aa10db22d22b6c345992f576fc19a75ae7d8e652cc608a4484,235d10abf7ac6ac3bfab6681ec900571948259cb132609a6fd66662eb383ac74,codecontests,5513,train,3337,7
3338,b5108ed436b91278f9ab6d151fe1b449331421f2f8f6f23194a30eb06d16df26,649346725247b1f2744c7649452923f82f79e9440052f1de11583d5ea42dde92,apps,13414,train,3338,7
3339,9ef7c7badf1b4de2af809cfb56d703aca0c32019c71bc54ecd3f73988ca579d5,8cdf748464095b4ccee5dc087986bd97eb01b4d7fadfa5e8048876f20b44a7c8,codeforces,1890,train,3339,7
3340,562db70b4ca5c4ca7f5200888683df929b9a037bf45e9af7f48f38cebb5a63de,9d340b9a4f4b083f5a96e19b07e8fe40bcb81da2962b5434b78f09c74d384056,codeforces,21208,train,3340,6
3341,e9059335a1681c724c8677bee1c13d7ae3c6e12b032f61a7e3512a29c657172c,0b21bb1a8da21739ddf4642d431e9572523641496c6537530a6a244e063d1e8a,codeforces,19214,train,3341,7
3342,6b32c10dc645cd33aef7b155abbe0f70aaf8584492071231892d901cf0a22d80,b93a728979b701a9df5298bac2f3d8aaad726d7a4f5bc786c2d4239da26cea14,taco,2160,train,3342,7
3343,e895448a1727651179da6ba6245169d8ddb81c7e55aa86609999f409582fd6bc,76cff289a69a1b8d844d43ecb950aec49c219a3bb2bdefdfc88ba9406315f29b,codecontests,18823,train,3343,7
3344,028f82a2cc283922b04a4dab02bd79ea3f3e44355949f76ff988832709457d89,e2e0ec7211b9dd6132a78862f1ff71b3ddd3e95d4a3d8962ee43c70388997709,codecontests,10100,train,3344,7
3345,660997cab6504c808eed05dfe31ae1c580a77019ee79b77e6596d1c155d8542c,bcc9547c6d835fd5b1e987f8d3918c9e8b0c4758e61ac784103c535bed096a07,taco,3325,train,3345,7
3346,774887343b1223ea5d7acfed4eac5c6eb1050c94ae6b744d2f0c0a0728de2b0e,a4af100170d3e747b74f8d501aebae0c4d41ba929c8e2639e1686cc06818d6ce,codecontests,7211,train,3346,7
3347,8afbf10889144af00cc17eff3dd91122f64df8b0c3c86597fc5c0467f73e49c7,65c6a027996634156b2bcdcb4d5725be40b71aa899e9a4a1c1b3452f73a3207a,codecontests,1612,train,3347,6
3348,634a46c471e18876f2b98f979bef8a2ebdb492a10d5fb875f143ae09f021e05b,d50dd70dd47323c38bb8e6b4ed8432d3847df0bce118399d3e3768f325bc45ae,codeforces,8916,train,3348,6
3349,16e07e75f91b3642014fb25a2319121b78cf44dbe4acce50d2a27cc4930c0ed0,8ba21c4981ca7f1e6ecca763f49542e37573c53638fe2270f74d22ac974c43d4,taco,9138,train,3349,6
3350,2f6b167420b74682972f227fba09ac18a280f957f3dee15850a333192e62942f,a863e26473713ea923ba288b39f5095d5a0a2bec7d6e2cb41494abab92431361,codecontests,20165,train,3350,7
3351,33da8f94b44bc136fdad28b4943249074596d1f6381875b377b68810e4c8d872,38d08815707fc814149f45acee49bfa867a7f43e02bcbe1133cd6c728edb86e3,codecontests,8264,train,3351,7
3352,714212287d78112122d0c4d4a98003b54a1b5ec25d1a57fd8f600c906fdcb856,42031402c114915fad6207956a9014a12aac0d3bb4754bf8db31dc4c14c8f92b,codecontests,16264,train,3352,7
3353,0f1be4c260d2aa6ebfc8930918b8630d622c25bb6334914c31c6042332ede99f,482bfd61dabb6302ec0266c7d7fde9ca23d37360809f3cb437488127812b2746,codecontests,3270,train,3353,6
3354,3bec270277d2555b484d66225c9e724e16581379d3e197b9d59192f543559220,9635ca6e32e929b93bc1739b335c6d0aecdfa4cdfbd5b211c56826d8e2bccf11,taco,2809,train,3354,7
3355,54d591177a99b986aba64380989f3fcf1d20336686429071be9fca60c14c380d,dbc5ab23346d40837b8469708b8b82d9ea2a3c5fba9d4dab0c8134c0b734a02f,taco,22124,train,3355,7
3356,2908d0bde39b4665a2b5e655930217c48f5490d30ebcd094df6153bad7f9c8a4,b7634455d4fa3827b034046f1f1bb0774258910a76bd5f22a81ae08bac58a7e5,codeforces,11803,train,3356,6
3357,cf9d7d69140ed79174d9d672140bd13c47e8f53aeed3f2271f82ad69c8e155f5,c5d008eec4acb17246a46030c14e0d57f76312d6342703e5130a7a5e0cd22db6,codecontests,19126,train,3357,7
3358,277cd270a93c8e7be18d259bf5ebae45e6ab210aa112aee9ac4b66c5b682dc26,263e627e7ac2a37c87caef4b5a72596d659751e7932249f639b1bb4db34b266f,codecontests,18554,train,3358,7
3359,649b6138e409cba5ab2555b55963a494dc0ebf7ee12c76556527b212b084012a,21a48a53b6e9dc0c710aeb6aafc8e3362fbef3d64213e871b7e905a8dfb52650,codecontests,16482,train,3359,7
3360,3bcb48a0787e9affacf924b44d5aec3ff67f3d0f2beff48375c6399464e2cb8f,2f6989225fa15b6a0a2e3f468ecaf56da1cc0ee17400581d593696feb46ab21c,codecontests,22055,train,3360,6
3361,351635a90c2d1db8850ce61bf504c5f3f95bb31f4a63f925cd9286a577e66423,ea639ce114dde4ca52f88e56c57579680d7f624908537974364db56eae042e2d,codecontests,14878,train,3361,6
3362,f2ca06a329e9c3c16b97878e876baeb1d7bfaef6dc0535caabc1805aefe6bfa3,2f7121c509fb6fc340d2338abb3428948862b2d828a3425df78d2c70f3513b4c,taco,16905,train,3362,7
3363,b4daac749983795e4d8f6a031e37da6a870dc52e7b833311152aac99bd2d15ec,2894fa5c78209ddb0fdd33c923c67f4068664adb31605b47892a324eb4d5f35a,apps,941,train,3363,6
3364,088180b63ceee9d4a48d533446df2538dd79bf3a66bcf1902a63d344c3597f7d,ceb0b90976a0c6fcb0f076f0b6223ca919544cd984b14f3feaaa909671d9417b,taco,3891,train,3364,7
3365,9aa6ac53a8e016ba6028cbaf644bbcb025e120c82464c4c28ebbe9d137e2aeca,142728572a7bcc59fd3409be2362abf802e3bf11cfd688f7aeebf11aff203591,codecontests,10596,train,3365,7
3366,e3b9e8a96a6ee0b98444191fe5bfe02517f58fffc426d37fc6c170d1e9b7575e,a42c48df06c50fd2f01780eaafb74abb4f4bc05180ff82d2d10d7e461bf4db33,apps,12775,train,3366,6
3367,737ece727cfb9f25632a643e976bf9639c97bcb4953eb426bd417c5ce2d896b9,7391ef650ef63de7e830cd80aafac9e2bf2b726536a09a7517e500873cea3769,codecontests,20994,train,3367,7
3368,cc0018b1a6fab7181682c918c320113fc8a11912b4ced9bf7c00abcb62ea633b,74d0dd9223bba242554a0060351208b5db6a9be857e32775b48d6c179bbed209,apps,1727,train,3368,7
3369,c0db8af4efa61aa3a9cffa402161e5e91e1927d0a63563865bd1375e3a96fd2c,a4861cdcf52bc617d3ac2c6ca4faafbede98153f1daadcf2a5824027146f8838,taco,6884,train,3369,6
3370,8fb5c64357577db90a9e1dfd85c48610bd386e13ce3fbbd183cd541ddb7647fe,8da6c3d30eb51968b159841e2fb49d9a4cc5cc7cf61f7545329399699abc4759,taco,9959,train,3370,6
3371,dedd19e4942d6f9f96d38bde9f9f06d8f012df4b85d74989ad9a44551cf17453,6731ad8396f6f4a01c1c679bf490518b160e9ccedd2bc3f0806f30f137d8c4ec,taco,13639,train,3371,7
3372,6467a38110a9382a0b65f624298215346f2f882658d550881d415655f67f5789,4a64571b263aef53e09e281c53f5ba200c69a69fe80210ef25d0f43d7f419209,taco,21602,train,3372,6
3373,7974d2c26ecfeda78660b63daf61314591c0963f6611c6e468c0082b5f330b8e,5e12b777ee4098a356b5fa0dba0084e50ba689c0369f4f99c8c10d0a952106c2,taco,9390,train,3373,7
3374,7e135b1596bde9385420b0a1ba2c6d0e451a3b089d3e844348bd2ad1ec16bf7b,cd4c8271806f2ab8685549adf756bda0579106f880206e66af687678bd76fa83,codecontests,19542,train,3374,6
3375,d69169075abc70b709c93b1adcda6b17e1aacfe4739abc146b7a602421f3d7ce,2073437d35fa5b2abb46b063c800e100453edb42a43698bc413ae6c5d25d3bfd,codecontests,18835,train,3375,7
3376,842160ec60de1975824e9212c0f0a72bbaf74f5fb828e0f5f0785c1427a89264,bf9a66157439efd55af5f2606f135ed53381e406c075ced800a30b3755fff9e7,codeforces,16674,train,3376,7
3377,3352f19e99a24b92d48106728b8ee66589187451f33e9cc0b02e7e859e1fd21f,ca7ee1a18e1435c1ffeda0e259c41274da5ef820747a2aa7ef4befeeaff4fed0,codecontests,8428,train,3377,7
3378,289a962464f8d52085ba778ee0e2addf344d26c9f31a9217b9f15fc5796abbc0,9e0853c9c9bfea61c3ca17cee2d43683c2d7a42981bfea0098d624a61d73a4f2,taco,10796,train,3378,7
3379,8cb33888372386d90f265f28d64c175b9233b66288e42bd5228d12bb91d81283,225824baf252636377c037d8f913aa1645c900ac25d540aa40f9b1e9771acf4c,codecontests,17000,train,3379,7
3380,1183267248881855e27b3849d1a064348286acd2ae5ca984f90c200e3d509f1e,b4de1bf01f78feda657e38c4439816da0d10fe8996b06b12d24162c2351d1e11,apps,6239,train,3380,6
3381,4be3ab55c79a3d33ab892d2b6064eab33cbbffbe661e26bc5badcf6a9a3b4907,75d806056f17f57c9cce5290530a9a58352cb2e0aedbc62f059558a232525f32,apps,18679,train,3381,7
3382,7b6eacf86964446afa901b85454de9e5d591353bd43e5d352cb81bc5781a1854,48c6a0f5d42a581c6c5221cf67e990cb8774d50a42eb2312d32beca3e48832bf,codecontests,10435,train,3382,6
3383,83b14522fa685bd60da361cb1d45aa12e6ccb0977c42bd8e9ca05410d44e40a6,77958e5321fe7749a85f620e47bd4e5ea90efea8f09acfe6dce82dcd393151e8,codeforces,74,train,3383,6
3384,db2fde18e76fe9cabecd9633c534c5af9357761ac16175610d2c68f663a1c44e,428e1555d4818938384093543f5b9bd6a7d14a6cb98670887f96cf47993b0fda,apps,15892,train,3384,6
3385,fc15ae4978c70eb148268fcd05f48ce1f8329d39c417217c5a1f6a046ddd76b5,627ea61f64e0efd117283bb93051b68dfc7d0a1b5d7ee9d53eaf26b40c9e2d20,taco,9604,train,3385,7
3386,c412f0776cdb400ad2a374515e84bf0aad22c896fce2dfbc9bbe0b9236e6e9d4,609379b5b14bdb9627a945b988eb3d3b532a6a82b4a0bb80b0dc172737272888,apps,3543,train,3386,7
3387,c98a575ea2f5282a38bd309f02dc0d52fff81f61e4f38555248704113ff0a199,e3c14cda4b62f1ec16029d1e4314528a4fd4917c4a5568deb7b2c8f511f28fd9,codeforces,12601,train,3387,7
3388,2929973eea127dc21073c031ebf63ff915e5939b3be9cc7472cd458a06183408,dad3a73e2909f84307cd71a89a0f68e9e85b7d84812b75e4aad1bdda5286c9b2,apps,9314,train,3388,7
3389,f31b4fd2748cc8048b6b9645353f832458d90b0659b55200d14e15719af33907,ba3dac9303b6e936588895dec53a88b1d37b4c3be6e462ae2388663442d630f8,taco,2668,train,3389,6
3390,6b9c07d5cde6134f59a7d53b7d77e97797a58bda18ca979c936baa53f22a386a,0abf6b89e0e8ebf9898319de52c637f98d7f0269f57893f1d83878ebdeb04a79,codecontests,9968,train,3390,6
3391,2b8639a6291a1c7a824148a22d5e869e9a2f9f8f52741c4409520d2e70109b9e,57b34162bbaa0d06163ef967d83733f5ac5b00451d64a253bd72fb44732b2ac6,apps,2353,train,3391,6
3392,39714024f49638f102e3bcbbd518540fd1b6c5324901588c572a27f357b2bd70,6d532902b570057ffcb9fa32f2770e1fe476ac9d88fbdb081bfec50aaad61576,taco,16356,train,3392,7
3393,42ed5f6edb85b75a2060fdf1b22311a9fe551db04186b8cb2f20f61c704a367c,b78e3b1ef8ab25a90bb04b6a204e1bd8517ad557ce29cd52cae936ef01fbc685,codecontests,11966,train,3393,6
3394,3dd0e0dc2cb6fabb92fe5aa3e64e7cfa7cde9662e0fa61473b30b3bb51df5452,0f488bad26f3d2e89d8662050221ec50c2e02c4959c8840497c05234839cd509,codecontests,9360,train,3394,6
3395,f6d961ece9868f0c128986b94cb91b4c3d3880dae504cd1d99486f8687513ccc,ef45d28ca41b560a61c353533a3ae14b06292a47fc545f13e600f0f84e52ba99,codecontests,17857,train,3395,6
3396,779af2fcc896caac30d76f6bea7cf79ff7a960c17c93f9100988dbfc9b589f42,b53d080fb84e49ad59c4109c778c4c465d3cb551b27349f0902f34fc8b3925b2,codecontests,12522,train,3396,7
3397,0306872569b6843e1cbe6b0f2b5d431dd61f272bade7f2e6e7dbce56979969f8,54f980e3cd24c6a11259502b38a5d64e414b4287bc3a52fd8a2c1fc66f2a7092,taco,13711,train,3397,6
3398,b66bee92b2a5fbaa2109b51435c112177c6e476d35f97e28ffeb596398c38ef0,7cde8b18ef9596fded6cec21ade3b6ac815a83122fb096c7d955a14a9757b90d,codecontests,19594,train,3398,6
3399,5fe5d468a7b94598268a0cf68e7586f48b55553e55c4cbb35580d7703b9192a4,b30c466d4eb45629941a2b815dbcd24b65d3c51591888e4cc9e79965290a9293,apps,8244,train,3399,6
3400,07c12a3d5b901bf84e052d2381cad4384fdfd078b442248aa304cb9140f4038d,499a210ea5d5342363112996830f4660b6b59e867cc7283a8bbb60ba3759a99d,codecontests,7852,train,3400,7
3401,480f0bd643d0eb8f9cd36363e160dee4e42be7efe41e6308d60d6771d71ff423,8c857a8b3b31a68ae7904dc0caa23f45e77863355365181d19d10a01378ddaca,apps,16565,train,3401,7
3402,c169bf2ac90960eaa08b725f5da98135520b20ab974547a98aaaf5149982bb57,0adb2903b16a6fc1413bf3d63325bad698fdbd0b7e025f27e059ff8bb61b7620,taco,19303,train,3402,7
3403,152385796c50019dbdf91ff407c66fa3d0109383224d4d70e55ef3653744b481,8ef5aed34a3b965eb48314390c3c39213f050d1c4dd9208a05cad3e01c2f9315,taco,20504,train,3403,7
3404,ec35c998dd2ee2a8f31ab68f20b6d6e56873be12fab989c24ae5f54179737366,da109aa91f4c3bd5bf535606db5584426887560266d698da040e0e86f8fc5dd4,codecontests,7632,train,3404,7
3405,6cbc1bebb8a82f905a625e3ad0284ceb4f7bf01c58dcbd0789de8c1dd7fd7244,bdf8dcb96736f5e5b2de59bd396a498fb8c27f15b67739fe5e0fb042ac29054d,codeforces,7906,train,3405,6
3406,81efe3ccca38cba433b78131ca2324e073b4111e9ab3e4c1f0511003746bba6c,a456cc890e4e212d4e543190fbc5850032153fca1a49640dfa30c78c230ae024,apps,8721,train,3406,7
3407,d74983319815ce53d0e9faf9df6cd57759a33dcec61cd99f4458d6fb7dd5adaa,e48e18f2ad731d8176b2d1a326af0d80d96028c10bf8a01db82ba33716645686,codecontests,15773,train,3407,7
3408,c05f451d6946e8d687a0a1fcef20cb6c2e100708d804643fcd5c9ca91cbfbd56,c01fa562bfe1ff0101c969ba01a4eedbadba0c6cf6b9172cf1c8e1b4a6678b6a,codecontests,7310,train,3408,7
3409,f82b4a2dd44753a112f028decaafbd95873b253201a3172d4d75160560fad34f,c864f6467d7d728ffbcc1d27bdb755de1be8d8ddac0d0640a8863359f3954d88,codeforces,12999,train,3409,6
3410,a60c72402232c84e58a4dd975329e2dcdb245c30b7b7468889edea1e34c233b4,9af30a602c4d5f9f1928363e1d21ccbd3620b95a905cb89134045104702b1dd1,taco,3907,train,3410,7
3411,bc08c983a68df8333ddb3cf80111eeb91a6d8f2cf310afc02620c8565d852cbf,b8608bc6f13f7bd8520b5bf651807a3ca9628212acfd6e87ad3554a5cc516889,codeforces,12838,train,3411,6
3412,946ebb8e80a094f31a9133f3250ac2b293f91945c4e3be10e7d85f8df82d5520,0072327d0a7dda4f24c7a1c8e5fb5e2ef8d47f35c0cb774f1a844e19aa9b8fb6,taco,11539,train,3412,7
3413,0b4421eb64cc2c74846797b117eb78451533b02c4ecc1edb3e564f3333db906a,339db5de6708733a70c16cefe7cafbdd84ad8a17c965d954c8b11932aab2f260,apps,21478,train,3413,7
3414,3979a4b304c18a85ef0a9c8587cf64a8e69bef3d72c58676a069a434a83ca706,30889707671c774eb11a5427acf183657f48dbb3c1c485a9018fd7a80ca4af2b,taco,20002,train,3414,7
3415,28c9c45c9b446c7a4ca91e94f1be1161f64a047ca05350ac1c871e7135745b5d,9068a0b627929b423f27aff500b1ea0bea3179da04b8df4dbed02ca628297c4b,codecontests,14466,train,3415,7
3416,07f27780cccf5eb67fb09fe8002eba653607e036e911cd690e96c8b5c81693a1,2c9ef65e0a53270f1fea4db06c50d9b34bca9a4950941a757334835936ae1df2,codecontests,18692,train,3416,7
3417,b2b855835edb893063e913a8ee2c7042f44fd9857b556da5239467c8d5c29db5,da61ffb1f1f47cfbfd36cb03e4e4b17b2333486d3584406831e05d5d3b9b0fe3,taco,3321,train,3417,7
3418,746def4f6fe2ed4b98b79fff1b6ab31eb2078d4c69b5051004c27ee51840bcc1,5507cf8fae6d718bc64fc320d272eb61cd0348bbd8a8134da670540c74df5da6,codecontests,3479,train,3418,7
3419,3b5ff83497d0529a9846742992b692259babbd6e156886d9faca08fd12086f9c,67e2e25a6b1c2d8df382b34f2cb75e6a5b51daeaace8cbb1ad2a67c65c075e5c,taco,21374,train,3419,6
3420,85a847cf3d7f4549514596229c4eb7e46cc6fb53d23b99260cadab1984af4528,155bb4aa5fa8e9d64411a1b842a78ce9b6233ec0e92e4d813cf970dee541ba28,taco,12131,train,3420,6
3421,317ae403e1c89ca8757471ff7eb5edadf990a292e96f7e05f786bc04e5368654,0f565e52c6975f59e9204d63f31d239b5aa31db8ea5cb93c50d738fcc76b2230,taco,3129,train,3421,7
3422,dca5bda4d968e338899e4cf120f9799b84002cf0ebf719747402ea6b7fb34b2d,c6ed46e594975744e7f0e26acd4c1fc9d024bf4b871150d1baf21e509071ac4f,apps,7741,train,3422,7
3423,3d20bdc55f9cc71d63005c3b16b8574df991d0172fc1c8f8cd65999c838b736e,e18c4e7889323c973727196a98c8702962793408d3a9f46082e188a19b362a44,taco,13056,train,3423,6
3424,28c659e3e0805e8b5d7d725fba8d4b55ddd3d0d1fb7cb8cad5c817dfd0505949,cec8738ff834cdfc22c082b34301a62ce1c72b1766623c9b9e20c6ea805b854d,codecontests,16296,train,3424,7
3425,44b484033dca7916740e3a4058c9efae935734475ec85b90101441209422ef2d,e6ad058f6164bac8abca24cfda7a1c89d88ad4d5b8c61c5495b9c67979fa6a23,codecontests,14458,train,3425,7
3426,84379f690bb0c40bd0cf1c6a33c14710733a9d56347daa237cf13e18825bcfb0,fe45107c3955181ead3da0f1885318316cd7e221e44561fffbffd39b11cf5e0f,codecontests,7170,train,3426,6
3427,c0dc223205a8b5206db6e90d2c67c9b7cb6f814ae7d72c7c4fcf94aec489abf6,77313f326d1050c04c75806cc94d062c58f6de2f78d803e89841cd7b0ff233c5,codecontests,9068,train,3427,6
3428,e4fd97a942b995526a0607f6b9b98b1be13ae063fe165abe685a0640d7684773,8c0dd886f1e4d7d5da226c1f2bf47a183d12ce9f0d2cefcba5c170218e1ab343,apps,19641,train,3428,7
3429,714562e210f42d8caeccffbfa2d78dba2af0536424c8c3b769effab0cc7e1767,a317c322f14a9c78ecc499104109123057697195d7c7918d3dba8beea2546b21,codecontests,6853,train,3429,7
3430,92dc68e99dff51d0151a25092f18542d89f00e65d7317fa1132ed23299329d31,2b97085940b24b54acfb258bba0a987213324f046779c5b89a0408726498a98d,taco,4851,train,3430,7
3431,6df4ee9d51f73231a0e4b9e4cdeb2bdf5ab9feda1a562f8650550a633c6cd583,f56dff7a23d03a350f8174b9a2387d2da85ec5b407dbfe95c638d85cc714a936,taco,9929,train,3431,7
3432,5a07f724b43f0d6e481caae457e9e251a56a97a61419b8c93f75ea0a181705ad,084072a84bb99569a579c7c8622a18d9ade3bc35389c3af077f2140b6f140b4d,taco,5778,train,3432,6
3433,dd671cf8d1e5d7fc229729e67b63d4809455476940292d9e6bfaeb8835b8f790,345ab71dc9b22dff9cae72b35f2995d6ad6d3398b8296ccf1ee42ce74297f46c,codecontests,4132,train,3433,7
3434,1137327099507fc9486a53794ac0cdba2a009059a28868b7af1af71e56366369,78e94d566c4f5818be1368f508fe5a6fe713b519a4f67b42e37a040838ca3f8d,taco,9424,train,3434,6
3435,85acb68504ad3d14bd0a7cbdabdde8c8789969fed07b9e3d219a96554231428b,2b1e1bfd9af3f15bf0ae8cf6d31cc72f689f4a1d3c6c37a6edb2845aac9c241c,codecontests,9363,train,3435,7
3436,876cd34a41900055694f3423d8442b4d67df6cb0de5849848dbe99d2810d275c,761d3226b4d096aec47c0d7ed4bf7d7e877cffaf0ff4a5055065a36c46dc43e8,taco,7151,train,3436,7
3437,98ce3d52b95eca80e1a653e201f234d71d6bfb2666cad1dc09fa45b3d08ed39c,cce83d5b8854b02070be9910581a435303f53edd6d727a567102db58ccd89cd3,codeforces,22010,train,3437,7
3438,790df2ee96383e919f0115e589c7d860fa54bb6eab42577dec542c5a88ab2202,682e298aefa29263201eeb5faa9198e9250c5cff12791fd79eca1b27be7c982a,taco,14657,train,3438,6
3439,e58fba2c89435f7fa88266c706cda7c7878ad3743754e1ea0dfc013375ce4b88,d49d45c1a3515d85c1482073e10716e582a4cd6a63f0709d985b5e83ef34b083,codecontests,10979,train,3439,7
3440,0be47f14e73cea14000fa4a0927f8e72f4307182c61172c2d9d763fc57e38df2,c4595150e7b8f4c418f4ab8af42fb00df3e33c851ce8f38624d3262782607896,codecontests,16951,train,3440,6
3441,9bba96e0c6be75a5d10cc4f4776e78a394a6ded5567b24bd04618ccd1a5cb4a9,ac54b1d458bacbac1542203cea2f4792dc3117406f43f6027852c30018dd9a38,codeforces,22328,train,3441,7
3442,f69f5d9acbfdc882102816429976b42ff235bbdb00146485ae4423c4827cb0f3,a10b62d7c1359e5ee4203c68eb0904f80360bfe9a60ea34963c6626fc0e4ca0c,taco,12227,train,3442,7
3443,c25f23702a0e1829d6724825c6ad828684652aa4949c68b097b7b38550b1f7c8,f479c7e085a06bd101e389147c3587e7f4f7a37150af2f13096a0d9d42eecc3a,codecontests,20361,train,3443,7
3444,835cc5c42a9a1f3993948ac192c44d95081137b624de7f84c3ee3760889486fe,2a7f656d080fa1a2d341635aaa1c95043bdad69e1b19079ca3a765dac403ae2b,taco,1463,train,3444,7
3445,1d2122111a5fb5ee1882e91447c854214b64cb4214756959127dedca541b252a,ae47a717845e33031efa614dcda95bb6e1c180ef3554674c109c530314afc18c,codecontests,5707,train,3445,7
3446,7a774b816cca93de73554694917cc054ef164b7849ab770fd22b3872d74647ac,bd4c0617925b47b06f31bfc5e19ce94f8587cfa93d0151209d1bdb8323993f92,codecontests,22360,train,3446,7
3447,9ac36bab0680fc49802f56c8b19d0133330471532a304d33a0d8ed48295b1515,eac43faa107fa8662dd876feaf9a5bd9370493bfc00b77f2c60f5531e2980990,codeforces,22490,train,3447,6
3448,13e02d25865a2fffb8d681b49fcae8c18d93c5cdfe5fc03adf37ab22fbd504db,ac7d6aecf7510335e174e1eac9853e2e3fc4683c70959326725ff096f7ee5afb,codecontests,12682,train,3448,7
3449,86388aa5be2d91e569795a0a3612a8fa3e88e732307034f02d87ea40b2e09ec9,b24550af3e92bf711c186ac060839dc2067cd09462b9203b95d5d6d45d9d1bc8,codecontests,17103,train,3449,7
3450,7e9fcbdc1e9af733936b40716d882a48463f6fd1e32c8bc28f4bdfdc60a8b3b2,a52943348ad1b8186e3219b93978c417537d91337c02715231520af9114805bd,codecontests,9581,train,3450,7
3451,624b08d3a2c92c972a43d110eade4ceabdc92ca4629286ae8803b44b828c7bef,7a12e27f569cd4f5bf2e778a044bd10113ebdb0f1ba6249a67a8fd7ae0fcff49,taco,7895,train,3451,6
3452,a452a993902052b2f4d81b602eaa567cc7139ed2212e3cffa91acd55af5aa4b4,e27e6da25884a0a77b98063ed917407734756346792c6f8e603819fe1801b4b8,taco,646,train,3452,7
3453,00edb7181e5cd2a3dc4d4bd31307c9f655d70a3a7220f459f513038ae795f02e,cc6c59e5897defd77be16aa9d579a5d925f7b161b113e40e9d9dd3e2bdfb0981,taco,15640,train,3453,7
3454,e7e337b194cb53b9aa21d269ebdc9371c74bb7510509ba885d2d6c42c80c9c09,baa402b7924795bff17b3ed802190364c160943f6e4d564c8179f075a90b8633,codecontests,15097,train,3454,6
3455,343977c916132ba325e4d88249542069fb88012000404aa932fdea8eab2dcd8a,37a73dfae91de63f649e9aad5cb6df97c9d4360f29b86630c1171b55a66ea2e6,codecontests,16837,train,3455,7
3456,32db19a7cc000678419c0fd314bea43ffa3bd4869d959303deb8a1841284fbc7,43ce983a661482432febe1b1587397f92a4c083ac21a80a46f6848d6b5f4597d,codecontests,1669,train,3456,6
3457,bfc3ee1ef0ea3acda4b0a6e16b7c2e5f20cd1324e4e83ec97e60d76ca87f9e0f,ad3b87416fe9385c40a155ae2446dfc3491db0066da96fe85db1bd89983f0bb4,codecontests,8625,train,3457,7
3458,58ab0d71c7c5354e86957153ff4b265a7bbfd87c9e3b07c3accfba7a64a63ba1,1e9a78043dea7854a74a47bcd0201b2ffc9429c3d3aa04079fa8ff319430fd90,codecontests,4521,train,3458,7
3459,354f0da9087f2bc5ebf10f32db1429d05353daced9ef729e42d8318483bbb53d,57c9681bd786b6d45e082b6f6249ff5a813b1b445364140ca30a47ee607ccba5,codecontests,3617,train,3459,7
3460,d72ec3c01be003eea28e6ba3910dd29a2c13d0aa833f168d27e049dd463e69c5,b179a004cc50c50e3d626c254972a0f5f8a6dd46db58f32aa95dd2646d41711a,apps,3226,train,3460,7
3461,2850faf89f01062a1576e5ff8afec0395b998d653c51473a33cb8a21d5fdb607,9bceaf404b5e618fb9514ab46a89c122220e14f2e2e4eb5e347c3d2f239f99cb,codecontests,2825,train,3461,6
3462,6af0e93ff506533b1f5cfacccd57b037d8e104b9863c2f18f343fc2597b0b279,4d23fc1afc1ff6bab92af7f4e0028bf674ed9f9f20bc32c2895bc5e25c51616d,taco,14937,train,3462,7
3463,39c5b51f98728c27e9faa2e760f0b56519a674a0515f63d2e07142f201c7b587,59ded84992a7813efbb4a7dfa3f29766c1aa2e2a4b7a80d0f5c0efe6520c7f46,codecontests,22536,train,3463,7
3464,541cd5bdba617063c92574b97ca4baea6808ce24cdbfd42e7cc20ecc0040c73f,fbcfc3db06fac312289ece79a9bec8cfc7453700d00462d0fc38f31cf6974e23,codecontests,7763,train,3464,7
3465,66d367eb8568821a20746a72fb81f886e275321eb779672a4a88cabc63db3907,04ff7944721a15234f35e6bc6d7f34b139fe13c1593dfaf51fa6d8db0ba4ac0e,codeforces,5272,train,3465,7
3466,b87f9e5c2f1e21c9f51fd2eea0f5d9bd83c9170386c81e90a6d4e434ae366c0b,df923bcdf8d69e68556d8a9f74ea1275395a0b9ee63db7aacf9ff665d34df29b,apps,722,train,3466,7
3467,f12709ad277ae3e640aee41bfba23069496af34d642ea08af5356e320fde5419,5379c36f51cdfcc579ccb6fce20d5324342b5c5487ec4492ffa5b3fabab0049b,taco,7511,train,3467,7
3468,876492f8ab533cadebb2eec6f3916038e71285ac07be6605995e8cd7ec6345b2,47ac2ce3ed555dbdcbd340b46aa42e8fae6c486ce8b67cd371f2d1e9aee69a81,codecontests,17447,train,3468,7
3469,ff1fd3edaa883fb97383502c849a3682f5bf3f329d61c73d00b8dffbf5a369ef,79481d1c35fcf71509ce8079baaeed7c9e6da75e1c10d1930d8e23ca04c1e8f1,codecontests,6333,train,3469,7
3470,3dff9b1f4893bae87c35599f09055f9277e1bf6158c6265fc64a1cc70f477eda,9e8278e1c4df23f8f4bd4fe2b35bc45e60a0113a980fa67cbd8320fc19b929b4,codeforces,19457,train,3470,6
3471,a87561e16d06b24e6fde85842b2b79b7236cbf8e03ccd5ef688153fccb30e829,4bfd4b58a914758516e7b56a4a1c607df9634324c6aeff003edb45407e1c19ce,taco,8781,train,3471,7
3472,8aae5ea38172575507120b74aa46006df44baf3c2c2b4612404e2b9fa7f10ffa,a0351f02cb52465f88f5f24d42f71f477ad1f99b11e2a998276a3b15897fa24f,taco,4149,train,3472,7
3473,6d72684fad797cfd911385e6b9678e2ed5dd5ab5a22aca6e044ae8ea357968fe,bbb853f419bb10327b56e5f1796038aeede269cfd0390f5d7f03c1dbfcea05dd,codecontests,19846,train,3473,7
3474,99c85b8741afc9bc9e6179938018757b4912c4932b23bc4cbe367d427d0bb323,8566859435eaa47debe21ae1ac82bec945a742ecfeeab95963d1e566a1fdd4dd,taco,17528,train,3474,6
3475,b96d1d9e267d4d82af1b9dff7471b2e541020cdd8254d26dad1a90b1197106e0,12b72b4bf9dadbf565a126039590430602fc0794e3112fdb8413e5d1adf0a1ee,codecontests,19805,train,3475,7
3476,d807f0481dcf7c2b99eaab7fb3128632b1771fa3a22c009531a8fb59f50bc372,1224997dcd1b4414a323088b3724d605c629057e383df81171eb892b758a7dd9,taco,8582,train,3476,6
3477,75b5334fada0981cebc6c6dc9a66e383b2e4c70e855e6b1ca907ccae39bfd920,d7b592c042a42522abbdb462dce05616e36f6b834684dc40eaf804380188582e,codeforces,15547,train,3477,6
3478,6af518f370c5a8842353bcaa2060e0d2b1e13ef55fce33ed945b396ad05e8911,f45bc8fc712f3f1a2d156ea117e2fd3aa4b3a96622105d4c65f66c32075e34b9,codeforces,6613,train,3478,7
3479,7231d5007aa2c49fa43001817ce2e1af584741ef0599742b72853c3f92c54a8c,31a01dc1b853b110707337e28e2299db6881f4e95540f7226ac96db37fbe25e7,codecontests,22163,train,3479,7
3480,4c348b0d69125b23bcbaf17ab580192bf8ef0d9dee411b1c4fbf2d231a61526b,da80b63f5b3153ad52b3a5e0cb6d521c1f82307c1976afedb2f141ae145b8838,taco,2992,train,3480,7
3481,7919b6545a1ed0b47383cc96171d8466e9a9a40ce5df18217e0dd88534dd3723,4b1d9c72479c6ccbdba1369e4913fc29d2134fa31d3971aacd8e466080b21c52,taco,22406,train,3481,7
3482,e555e8ebd7fded628088a91230846627d162935a6e73ea68f487c59e415a1f78,7e71cd610a77afb120e5bbfd79b4e8e7cbf79b3ba44fb57845e321757a1f680a,codecontests,8201,train,3482,7
3483,75dad90cc79fddda37c590e66ef7fc74a6eca71d09280a4cb1ab6a3c9770dc0b,0a00f1bb8351e6425f23e55bc16a594b0a1cdd2adf867bbfe8ba810c9c6fcb97,codecontests,17161,train,3483,6
3484,d5a905bb15a59b4c5a7314b4722bfafb696f87c61b74eb085023cc6ca845705b,584dc6463a2174e0369490b889bd1fedd6e7ac2480fc9337267fc830d3646c4b,codeforces,14312,train,3484,6
3485,13e37376c0fb5b5c605e6dc7d36d9428c91cd05a3a7a470c46a70e85208fc04b,3bd9299caaa3d19791f562cc92f79e9404d19af3e4b142a17ca22418379057b1,codecontests,11195,train,3485,7
3486,a614c56340d893526a11ee536f4e939ace366677c14f4fb2fc7175dbe3d05032,190c8e97cb0eebe4a29748cedb6c5ce1765830a283cf7b8fafefc701f6679c23,codecontests,4098,train,3486,7
3487,62f93b5396f03b022a55415077497739e7a55042b6ad05b28e307dcef38c53ce,a447bc78d105f284e60a67516738fb754282065f2a6103631467bb41cc134570,codeforces,21407,train,3487,7
3488,1474b0f148cf85b6366b15c51b396cd1fc9eb73374ff625a681418d22f807f59,121de862c7da9452f5536310d0e425347f2af9f05057e0683243677c5aefa753,codecontests,18667,train,3488,7
3489,9efd0ec99041e2fe6387f94d67090851aaede1d8f66bb637a5a5b17b5f94ee14,0e85139a432caa5309534935fec48621977f2d44cd9ebd758bd2554484966584,codecontests,11659,train,3489,7
3490,cae370ed94ac1cbe406eaa9b4dfb4204aee6e869f726d089996e66d457b857d2,6bfcc3c551fa8517a071c0fbc599ff98c7a549220f4571d3c4cda1577c072a71,codeforces,5768,train,3490,6
3491,3fdfd969c666908c6bfdddfae9fe458ed5cc971580172acaff7a05b72d1559df,da7f4aa0e68347cdab1835d4352249b6da148eccd2f8c21a9c238b49980112b1,codecontests,10356,train,3491,7
3492,d14d6e243a8e4b5504529a399029ed29eb90f8a2d69c9eebf2f2b00cb6d65421,116cabc394a2955d8c02a00ce90d767337ef5f6cae373697d3bddce6337df5eb,codecontests,5597,train,3492,6
3493,5e27fb96e4449eba9e6e0893b764cd9d6e37402191679c3bd6ced919c5a53863,6fec2e22a121d1e792eb7fe503e9601bc8f6dbae11bec72e383f74827b2969d2,codecontests,4046,train,3493,6
3494,3d56e0b32379aded1b667990690ed487551a2ec830a1a8510d5d546ed09038be,2643bcdb9bc55956b7bb7d73f693fabb390f413cf250cb32d84a774fe42253f0,codecontests,424,train,3494,7
3495,c26b4cd88c3e2177e1328aa1e380a0ffd3b0982e447db0468c41e7b04f600496,e849b71a981a05cfc0949fa3f069df509fdce5d29be487a0a13eb1ccfe1c74f2,taco,13560,train,3495,7
3496,e8f5c425be4aeca9a42f971b7e4eb4978f9a314e1ac972ee0f0fc954e1dccf8a,448d0c29da770eabcf9bc6281e0579a32470202c17a154ad808eddf29d6d793f,taco,18802,train,3496,6
3497,44f0b84dac73ade1821205e11363b4201da07840a1e4a4955d5b3e7013a5ff84,18ba02c7e3d771321d1b7039611d501d49466414fd441d82566ef6ef92fa54cf,codecontests,22188,train,3497,6
3498,551f69bed9ff95241320716d22739fbfd32dd16c9c56edbb621a8ddfdfbfcd66,01d4c63cdca3713b8683de8f43a4d77b2627caec2b5b6b0964eadc7db99497d9,codecontests,9566,train,3498,7
3499,4507ada68fecbb5bb76897668a880dc941644d217054c4600a97571fb5ebdf18,2906519d87bb22587b53a5d3f4f32e2b5d0190287db58c0e85c1c0262bfac3d5,codeforces,1468,train,3499,7
3500,3605cfc7e8f7d283d2dc92236b77e32d587d38aa2f5da1b41177aba70741bcf3,78fae3bf5f8b16cd7a5a1ca2e527502324e8388c4bf5f4a549a9a3777a61121e,codeforces,13267,train,3500,7
3501,45895ce4bac3a71f4d49a6c54012c20c588b303d93175933d2c28e78863c5ac6,c0d2f8b5a41e59e67ad9be5212812bfc1840fed2847361c0ed360ed0187a85aa,taco,1960,train,3501,7
3502,ea0d362d0b52efeffc5c230dc55af4bbb4c2985524b181832a23fd34af2d850e,2ef07f53f28b7821f2103c75b1c2e7c1399fd474746dbc52bee4a995e2e952ec,taco,21001,train,3502,7
3503,596ff9ed40437f7ae839478ce3ba69644548a1ad36fcb5508c3c942f52106bc9,5ef7db7cd985f850264e93c1e584fe4d7840acabe2220e5a0861230cb0852af1,taco,8830,train,3503,7
3504,4f615365f42d7a529430b4d178e4e5c2a16a4f868011bb7dc47d8d04767dea74,63003120d3ad15e17daa8ea49d4055116ed39f35f7502c6deeba159e21857291,taco,8012,train,3504,7
3505,646c19b5eea33da370fd144b756fedfddbe8b99da94b0a38819e45d8abf17bd0,2dab50a50804eebfed13c86841e482e1fdd049749de4454bc8867d3593dd67da,taco,5742,train,3505,7
3506,362e16eb3c389effbcff5e431a74162a22301a1f5a072e96c5a5dac490e188e5,5da4105c03c864627070c7e23b966cee41d0008e1b17d041d355279e7caa418d,codecontests,4252,train,3506,7
3507,62e74a3ff4a70d9ca452121503cf433777282a392f06e0038866c5e9dfe0611a,ebbb534852254e1c4aa68145badaece020de90dd805c9a5d86d8b9305fae8ced,taco,8116,train,3507,7
3508,3612c48b0ac89d26e5a6e9c973367cfab2bed2c42bcc6b937fb80be0211d3965,9ff45dabd8345d54a96fa1a0230075f2b551236c9c3241b630b39ba592083d06,taco,5228,train,3508,7
3509,116375d93cf94fd30ba1abb653590c5e66a550d860896c66c700f0af82edc6ef,6c972a7f04630c0b6a04dcdae7d986f055975808fc40057f176f1f5562effa3a,codeforces,20052,train,3509,7
3510,41cfe7478332ca185bf3bd9bd02ba72e8fe06228d4f77b8ef267397e42fc25ab,f0c874ceace418c5f49c32c7b3b871bcccd00dab0ab61e7ecc51a1124f5da786,codecontests,15444,train,3510,6
3511,0353365487ba321d4d185dc94b9286feeb75d8a7cbe49a13919dba8992fdf39a,1eaeadc86e30d28063fe4a70ca1d37788dbd91e9e91d459a3fcce732f69f5529,codecontests,7233,train,3511,6
3512,2a1b9b0b43a52ecce8944da0de69ca70925edd50c369694b97c35005d37f6bd1,395dfa5530811181657b0e56124fa7c9f5a452bb94bf3aa1e5225b3cd95c54de,codecontests,13326,train,3512,6
3513,0f271dc903d3813e716d91a0a058f59bf0582675d850c0ba7d81301f1b967166,dfee12f3a314753c19102496ed5af4a1cb5f4be7a857f7340dcf8f0f98b30d6e,codecontests,16817,train,3513,7
3514,1118f7d679239ffc91d0c585ed6bce1c90ebbeb138392bd71fa9d7be56307b56,b2e2f28aaba8b87a53c5bb9f8ea0f9b3f16d454afbab4d3e2a1ad43219dd44f1,taco,21494,train,3514,6
3515,389bb9bc35434bad3945e35dc508a18faf7a1df1d05f3dd1b0b1f2043688d3b6,32bac905d761233d6c670366463c00dbb1013ed119f9bcf9bb397f333729c20b,taco,2752,train,3515,7
3516,b87c232eabe2be9f1e1d81225c03b64e26e08fddf25e1c5bb7ba6d585185a646,62823c897747c474d44fc995b19373b9c0e412869ee4e359e8eca5c32562a89f,codecontests,8204,train,3516,7
3517,ef36ffc1b7e08810ad85b32ddc5aa6180df90e1e91c95120410246d4ef1f30ca,7279a5d1f7b40fd49e6455bf644f8beb777ce925b6a8e6bd52314055f8fe5eae,codecontests,10694,train,3517,7
3518,98c9eab54ed4e38695b08edd3d96d31b02e1bc5679da91a80c655a6e0c475f6b,bf020da4b22e819cd4ba52e82d72ffbec882ae5f25d113cd95f5d5716d087936,codeforces,16936,train,3518,6
3519,53c3728279af22d170935ba4c3b5bd779503afa7616208e75541706377c6994a,19d623dbef368d55ae21943a2d37628bffb0e8446ea27c762e63c274c8958393,taco,14027,train,3519,7
3520,e01d3a41e1bf3e3f9713dd3fd82b86da902c55398be9340bc0df35867c870910,93378bb98801f70da0c524a3b207d0abf2f8517c97f5355d69323e9b22277346,codecontests,11013,train,3520,6
3521,9986429479d89dd825eaee0ad0b456ec99e27fa6b4f32da0cad05120e0914989,f62602ff44243fe8769d40970394ef9e3c5cff6a0b073d12894ef8f64978f5c8,apps,17574,train,3521,7
3522,a40a4eac99bcb844789d50e0cc145b65f7ab54ae8c2f17401f764f4351e5eaf1,0c2d718b2613fa00ae52b0f0fd877b8b121045a8ac288b706fc7d74c2c4f545a,taco,8532,train,3522,6
3523,645a84e0a9297105965be5db7cacfb00d398959dfb7791ff21481d7f83a4e886,eb8d17c9f24a7e44c8251c5ed3d93f7e987f9dfc8fede4332af613ff0c488505,codecontests,4314,train,3523,6
3524,875b6acc0894dc69c5b6b25adfcf8ed1316e975d591b8396955c2da51a2d5ab2,73f19767e9e0a18f99ee1238f86e21b11ed865803fd2c785486a59ba24c17f18,codecontests,2897,train,3524,7
3525,c8145c7fdaaf154ffb9750cb0dd9ae506d1a46be20b6bb3c64b195d7892af6df,012e1050604c64fb3c9408134bfb4e40a98602fceea9f725733954e873d40045,taco,2209,train,3525,7
3526,5fd3969b8cecfe25a633d64fbadf044e0f6b1013a1b856387e4548c012ca1ada,6fab33b74adf3d438bffb02acebb04e62cb846041a778ded203940ea49c20d2d,taco,16942,train,3526,7
3527,4a6ebc4467371eb2657bc8c6332a1ff1cf8978f1e5ac56a9c937dac78fc0ea2d,8eb37e09b8730dcbdfb0a0cf3f915c799f577f57125fda75d3ceadf8c38007f1,taco,20814,train,3527,7
3528,d495df10b13797d36d7594a6f7b0729f23d0d5b540a8fce679170a0453b286b8,9f8324197ed5540870b448df08dabb486249d3994ee20866a38d6096e98d3eb0,taco,18363,train,3528,6
3529,ddba26b1495f5fcf05c38c9f58ad417602d182ae31bf2541d2ac41a5b2281fcb,2306d88f1aac050b224bdd651ab27df31a9f7f9f097c324e3476a11f48ed2ebc,codeforces,16500,train,3529,7
3530,86991d31471261f6dd031db109c456c997521cea42c4835abbea21951865762a,24b357125b15414eb210f7946e92f8101329bfa9d3dff4c361ca9d158d13ce3e,taco,5067,train,3530,7
3531,dcc6d1929ab94e0cabdcfe646e386983b4a9747f61b299cec991d0ddc1d03a09,1eee7149322855dd73eb7ceb2aba57f25fc0c3e89cf664f5c051bdd31aa42aba,taco,9718,train,3531,6
3532,a1f8f64a091ffe3c7ea5ff8dad412d18dbeceb28ff1d9bf4a312ae5560fe3d8e,5fb25ba247f3b8981fe03fef6dd50b9b5aabe5042df3edb73616c174568a7413,taco,17104,train,3532,7
3533,01f3b5dd3aba06ab1d2a1b000d72c3951d71323493135a3653f6354502c1998f,5ebff2d7a09e122e5bb5b14cf210144b68a0e6305fce2f73b1a919b952304184,codecontests,10615,train,3533,7
3534,193733f2c6ab0a8b263b29e995a222ee1ededdf3e0a4656db6d1696496ba4426,5d0ea4c6aec0317ec790512b461a2b050cf9c2cadf6e4b1a9df478d50b59f791,taco,1421,train,3534,7
3535,be75fee31ea401f883d258d4eea1538b421aad22cf8f09a26b76c4cbcaafad32,68ccab003e75581c8a7bf8df157d4f98ca8ef5de1e31fe86dec4811239b8db7c,codeforces,5102,train,3535,7
3536,68c4b98f36635436695754ad6d5ead2df6be18f7e5ae86562b8b09355ed51f0a,377448a93e9d4c98907b791d94dc2ff8d1f7466cf5643ccfdc48870be4379d0f,codecontests,38,train,3536,7
3537,74591a005900074d899623200526b41092ed089183d51e80559cf1ceb3dcddc7,459a4a09f8a031c933213edb39a8078c9d747c1409f424862a04c44fbeb93a4c,codecontests,20432,train,3537,7
3538,b5d06e9991edfd8a867aad181bf2fb7718671dad535fb5918903c6cf458dd5e3,57680eb17fc93e12235c737ad926fc0bec5b06d0bcdad29a30e26859689ebc9d,taco,17446,train,3538,7
3539,44ad58f230c2bf18b6e691f497a9a30eadd9844859264b828b392fc393a29453,6cf64510fa418b34330a8714b64fcd3f8be4a8523b3ce4e706beb88874a6b28f,codecontests,5337,train,3539,6
3540,1d9da5bdea9e84ba21a5a071358759ba042b34af85ec3e3cafcc7f7d066c1ed6,72f9f04dfb369028f85a29581c593be51fdef0c85f0554f0725972dd90171b7b,codecontests,16812,train,3540,7
3541,0e74a5e645311a65fec89c83110857dc15a858ab8a6bdfab098c7384092bdd5d,39fc44369c06f507381efabf455685dde58582dbf3ade33f068cb21cfb1f5b3b,taco,16991,train,3541,6
3542,41ab230306826f3a203480978b9a24c12459b3659f6c1d026bccab0199c7b747,c3b21568b6aa2c7a3a67fc929ce77c1472963de7d23c5f509bab3f0f3df7df5d,codecontests,16700,train,3542,6
3543,efa34149849382558ab26b6a14c43ce0554f36e9ff04fba37803c72171b09755,554ef75b2a9694e323f86cd36dc7f9defb707b6db73354d9cf04d407d05c0b89,apps,14730,train,3543,7
3544,ee0cdbf671ca2ce657790163b7f6c8380be3f5d0ec5677a3d56420d958bc061d,70c9c3621828493e0bf7b3a2e50d0696e52f5944a44423b21d44820e2792eb01,codecontests,5198,train,3544,7
3545,d7fe4767666f1ea101a06cc0dae7e709b28b815628defe6374522f8414075e02,a1466ceed3587ce7571972eff5aeb104a436197a5ec0f2a91a98a23044dbfe6a,codecontests,14142,train,3545,6
3546,dce170256102f8bec765dc5e7b5c0f50f4263d3c2712a2f6f53bcf1d517ce150,86c634d4cac25dcaada5bf313f1d8f0fcdec183f070ca897e395f4efb685cb51,taco,8300,train,3546,7
3547,e6e1c3397573488385e52a50ad2febc79269efebec697eb3d7708342f2e71b3f,705e984173dcdb3a9c3b4467ad5f43bb0fb1cd8c6ce6d23e6335b865966b233a,taco,19388,train,3547,7
3548,46675b9dc2529700d8dd36ac1b7ba8b4e51c71a497db6ade55095f73a257399f,d1cefb62a35d80a90a8eda72766962a3d310b22d1220930d80acefc91f5a249d,taco,19416,train,3548,7
3549,6864e3bcc8c127b976710d0f67bfcbdb05490a39ed4fc10b0ce9e7747394cf0e,0417f2da454190c905a8c695303e7e20d697179799b9010eb9e2a1e842e4b989,taco,18113,train,3549,7
3550,4709a147be76545ec38c522e6e5b9c90458f6a3d1cde7865398abc1ece328f4e,bdc58a5577ce8c7eb67a22be6107a80626da25b349b7d9afd83a13c6023f35d2,apps,16649,train,3550,7
3551,4e941d974fce7c06bfb5ab74c282e80f7fb197859c83c712e03c803ca4d2ba4c,009a6226dd18c0484df33ce202edd6de550b18d3ee953a8af86f2dbad3de14e8,taco,16931,train,3551,6
3552,92d372380248d2f97242f0f1e5ee20dd53286498043e1460c253ad50df245cb2,8aa74d1131b9d10ed4a53a848789af91e892ae68efd7c5c84744327057690d28,codeforces,20261,train,3552,7
3553,48d301cdfc3161df6a2c1e3031870cd12c5e3b587001ba2ffef59e13980a2fc6,a9eba4d0d2527e303a772465a69eb5d5f333fd7c4c25aa40bbc4f3933d8d63c1,apps,2304,train,3553,7
3554,82a4409be527bd5517aa80fef61c4a08f01740aee9502edc9fbec72bd1e643cf,49c48d609874f7d85fcfd99410bd908b895f97c8d46b155c154f56cf0b826e15,taco,282,train,3554,7
3555,5085609bd6055d06e5a7c46a2d772d9a78ae3b9891db058206309f8975aa7129,e46974e91e1fceb4efb9e4b138468635c247d44ce3b8f0337b9c337895384001,apps,14253,train,3555,7
3556,c79e68b62cedfee9451e83b48b2899093374975038cc654cc88c716bed1cb0de,1361556e012389a84e7da3fa9a8b79672ffbcf0d6d076b358bc5a43d4edd2b0f,taco,16042,train,3556,7
3557,4486bacee04f7ab80491ddd293006dc0009d830318a60e5c3f881bff05e1de41,8e5429dba219467c34609aab96d814a1e66c2fd50b675aa0ae4ff940ae6e120f,taco,11201,train,3557,7
3558,cd988fc2a991151688e60d5079ca67529c26ac017b7f26d98e8c61b1f8d1ac62,7247fc9d2ce56277d5374f61daa9e58e3a18685b8c632fd21b612b36f0dd3b14,codecontests,16948,train,3558,6
3559,3c026e474ce8f12447c1195668a6aae9f987cb4c0ef1fe8e2c601543a5df274d,8365c85725d26169452b6aa8f645b7b99dc32c01bffe6d02442dad783a0fdc82,taco,15839,train,3559,7
3560,932217814dfe398ca1cff9f88c87e770e0ec7bb48a613955669ffb195d10e417,6edd3e86d23e78c7ce46804dda2beede5e7b5393f6fcbdef88344642ffb63d86,taco,20936,train,3560,7
3561,ee4776a7990e378054dc62038711ce2cdac16a1a88f080ad544c75a74164bb7b,9ffb00feea76dbd8581e8e56e6f6cdf51598254b1e2f24db16c0c2b9a1538829,apps,13253,train,3561,6
3562,dd365582c5f7186b7ff4ae9af2e80332f4248da5ab254ec79f399e737b82fcdd,7a06bd74313cf780990f68f7f60aa9a59a873003b980681ef8f1d83a79a32e6e,taco,20354,train,3562,7
3563,45c083064ff96bf7d600a92d9089ac1f6fbab7fb848ba9030ff00837d321cbb5,99d23071eb7805a276e16a99ac32c09d4c24a773e8379e38f8434fb16dd20048,taco,381,train,3563,7
3564,f285f394e0a283eaaf74d649bbaf1416a7b993ef181ea0fc8d1991613d028a00,8b5268c0d3d6a65d8050880be7e5de56cd003f6140a1e43b34a654a72ed775a0,taco,13872,train,3564,7
3565,4a209ebf9c9328af858fbac26eebb46d15f1db585b83e33c580962e032388bf3,432b9246bba081e100111a8d1e497f25b38c792ceae926e8bed7ef9b7c3e34b2,taco,4566,train,3565,6
3566,9831955a5e2d67c241c023f18df458c39b0a51ecb4d69ac80b7a8c3e7648ac5c,7c773c1e9da73fcd9ec2b72361dd9f094850cff19fe88dc10b40a12fa05c1f5c,codecontests,17186,train,3566,6
3567,d0ec10fb2ed5f7894c34386b26afca8e12de1b2719d6fc35dbc7a149cd9e060b,c167aa3ea6601132275fd969de2e54b38ac26fe3379de887b19cedc89c010c41,apps,2136,train,3567,7
3568,302a14d74afdf71c973b2ad555bef0f0243d1bdc232339e8e117485bcbc02b8f,f9f9269c0286a7a7d4aa7ef49f237a19b5dadfaf347fbb9404026a9a9b0d29cd,codecontests,12081,train,3568,7
3569,723a9ca71eb3ffbb07f7048b584e1d2f7f8edc8869402f3f841911dc94d3b0a1,7b7394701319afaaba007e2f5780c855c24d8b2f0660931f18164c514e684389,codecontests,19097,train,3569,7
3570,b70bd02c11a0b678d203a83cebdb4279649868069927aa7e497e3662fe4ab0df,aaca76277d1b4c26e96d13db3f9a89ce7bb286c42b5187d1b49f7d647fdf1236,codecontests,6970,train,3570,7
3571,cc46bc90ed43f3759b1ee1c79a13d86e2ff135d7d92239d9166017faa9803e19,ad9c80604e682e8f9f39bd09c8b2660b79452d4fa1d8ce5f4e166d8d703c30f5,codeforces,19736,train,3571,6
3572,8283b574f973bbe00baa3894ede2ad83cd44fb17964f40628be7f2f48992f85f,42d1c4a3e48f25a09bed707abdd493969ae6bb88689400c6bf4f593da3c9975d,taco,17125,train,3572,6
3573,196173a2e81efaa749c7dd4ddfbcd623d168f186e7554d2bed18eae74c541a6b,da26f32a8b526e4d3053b5d712127b486c0059878cc3a6a4d2ee7356424690e1,codecontests,18806,train,3573,6
3574,f00430ae00be990fe3cb72c7bfd1423b34d5defe5014140820dbe04cfccad8d7,83832b4010cd4544cc5db4637c9b199f4118e1c0de97f2f8fb85a2fd7884c36a,taco,10227,train,3574,7
3575,f1c3cc89fa14586b5034d880d9abd225c5dcac1c51e041f4867667f05b4cfc14,ff54c2cc87ce91c1f3a31a25ed29dd84b876e7ab69f5b6ed356422034af1d10c,codeforces,17549,train,3575,6
3576,1b588eab0eaa974a0b73563b62fe63ac636d2a5a1c759925761b1db7201c6ef0,f5a12a55c11afb6b9aa01378a926a5d73dc15271b10035a17d449a12605e19a5,apps,16921,train,3576,6
3577,3bde71f6a2cde19034a09b1ecf0649fa01ef738ca6cd32c65a08d83992b30b43,0bc143785882d1bf1c3bba889dfb78337b5a78e09bdc9a8a5280e6032531f9ae,codecontests,14819,train,3577,7
3578,14264544c9053c6c6981cb4e116779c4ad7b8c83b1fdbf3f66804517a214f763,b4e49be3ac6efe3fba206f7d5f8e62ed611e6d74c402e6ea7a3dad5caea70efb,codecontests,756,train,3578,7
3579,25a8f4066a4ea7a071cd4da2e2931dcc61d1272a9d8ff490d683c9cc355ee512,0a11be4500347f00c29f0d66de49f8b364d18a317cdd167df8e45d4d205e3c85,apps,5854,train,3579,7
3580,25f6289498880f8ffab265a326bb9707abd5eb4a2ed7831c618d247e13935217,f90635b171cc36606da75c192cfb60173e35310d78909ddc3bd8291bd26b22e7,taco,179,train,3580,7
3581,d360c59fcdca6115e6e63cc0943dfa7851b56debc60a3e8cbe48e75eb3118764,496ce6772b7976dc930ecc3e2f032368ba033682d2ba76914e595971056f064b,taco,8531,train,3581,7
3582,60dbffa91ae471b7239ee9a6a074902b10c6415dc80c71354e41abeda7b49db2,097acae362546798a93ff3e3f62359967893025ebd79977a31ce1e6fe5820043,codeforces,14655,train,3582,6
3583,ead3838ed92baad6f70227edb318920ae20498bb42b5e9278056a1e33f674fe8,ffa23600a874a4fa351d7943d736b3654b4c3adc1d9026d19dd66520c18488db,codecontests,11536,train,3583,7
3584,891cc6af4ec2367b3ffd4e01607d2948a2fbf18188c999c7e702d88b565bd412,50825c5210d3224257d130b2f4f906ea1fa83b1e3e071790b3919f44d41f935a,codeforces,3405,train,3584,6
3585,f55361a728a7e8d8b68f0a331c54573bff0f16ce82e605f805ef6280a9dcb3d0,d8a8ac84af7e68adcc03fee332b43589e8131db8b352b56c32019185514e91d6,codecontests,9932,train,3585,6
3586,96a48e7d7edee548d271c015d8e05730a07725cda0d93b6cb93f1d437b276fde,6cf7a7c9eb54bb7868af9c6d12daf530c9b9c3fcf16a33bc1e097ec6dedac71c,taco,6280,train,3586,6
3587,7f20bbb3fb410357b0ff6b0914375bb6d3e0b717969725c8add08c2fe9135c7e,ab6f4ccc501347693e86099963ea482baab74bd23951a7c44e12c2f5f1a63127,apps,5774,train,3587,7
3588,d76959da9e78a8ef8e5e372519769f9343035a65a576e2e1aa6450dbf5ad2033,29c3f708cf6b96134fa95a1afa263549b1b845725e737adc28535548b691ff81,apps,3337,train,3588,7
3589,d24ef1cfc4381f940eb8f1641261d82266e07f91fef510054cebe44973d9db54,aecf91e8f5c91afccd2a8c4c8f2c98c1fd6a968cae7e70074ba68ada7d0eaffe,taco,16251,train,3589,6
3590,25f44eda0f0303e67c9e952a37b60bd7783e24792ffa0d2cfcec5341fc7bc15e,e95dd72f4d8d95d9992703deb5cd1ede45c19b8fa76a47afc6fac7db360ce6c4,taco,20072,train,3590,7
3591,4062e2bd577700214172696f03666117f8b070f77b6f67065510bee5460afe11,a65ca1533e40151dc30ebc144cc733e542cf441281c1a5cc7fe8a37dd76c41ad,codecontests,16947,train,3591,6
3592,c1503fa32f1f02cb78ed547ec37949954eb6d92dc6a0ab8438eb5d93a97a3b09,5bd7fdf4c93d6c128da569bd46ebe718fb18562c98a91710ba2787c0c25c3bed,codeforces,10402,train,3592,7
3593,20f15b192b3a9492c02cb30d9d9703fd8c02b45f7433f72fea71f59ab2a828be,7d6350f48a9b34bcf342eaba1a5f5e797bc25dde7c21baad8e0b8f07ae6c8c75,codecontests,15072,train,3593,6
3594,b14063dbfb17ec3a0f3edd568a145cc5a2d062b13da92e54f023b6b41bf7c652,0f3153ddc1479c8657ade7aae27c47a3fdb1ba18c2d530aa3995d4ae321464c6,apps,7229,train,3594,6
3595,dca98fcb5490f1266440597b4e420ae105cf912f80bfeed84bc4f802ec47ea50,cd6a415903d35ada5307baf6e51b01c980a38365eaa0da358cc64f8e61ba3c62,codecontests,1206,train,3595,7
3596,b7748950f1cbe84641461ab99536596e9e8dc6cb11104f961dfa94f3ae9cd0c8,6a5c9280db0aec3ac1ea533d2389aeb4781a7631cda77599d273432d55f97977,codeforces,9982,train,3596,6
3597,35608ce3ae4e5d08a6192d765e7e3238e352f6060b29a35fce2d2c4c64bc047b,369a2dafc3e4fa582570f29b06d1db83807154655f26c11a651ca2c225f7cb16,codecontests,10672,train,3597,7
3598,b02f276512cc4f9bcf2b0dd6808e9afd7c65534bc4b5e994d6852070139f73a2,cf314a3c5fdcc68ebaf7e02ecbdf3d11571a46b3ba18683c3447d1d2710c7f73,taco,18687,train,3598,7
3599,1658eaad0e72b9522b4739096bef35f12e2fe74896a3cf74da481eff826e1f88,1bee5eaa5d954d37eec2f255a79b64e35a5930101d0e97a31b38fa6090748129,codeforces,6008,train,3599,7
3600,70d174c63f905734ec71cbf7152864220bb29c237966ef280e2764dd992322e6,8ca92021800be1d06a85f0d85f6235e4b29b01e00b9a970a04befbad69599c0f,taco,3246,train,3600,6
3601,61d9f80ac91b5ef3163123e2ad3850287508e6f87f7e0e82f65b5418a3121c10,b75cb7f112feb65d81d8a70b8956eb68af53fe2420cdf0b506c2213a19b89543,codecontests,9104,train,3601,7
3602,b5d7d99651a1868c72090b4726b4e8d9fb44894fee7c675db35f70bf034c211b,e5782d523753bae638b243e2f8a8415c8ea4d6bfaa06cd3efa686248621de5c0,codeforces,4519,train,3602,6
3603,71687b9299d5102d9dc31e24a9b6e8c37c2aa24861bcd13f8c8eafdd28a1a342,117f44634ddbc6d090444b04f9d9a0b4e0dff8601aec9fbb9505a0a85fb5405d,apps,10149,train,3603,7
3604,f94de5b68c7948dd6dc1777824f0c789da4da5655331355bf425fe3d9fe21c1f,eba1d59d5c5e483c7e74724389eece261abee2038ff4dd6fb4c5cf74e0e1533a,taco,2637,train,3604,7
3605,b29c3dd9b533cf586a997c9b94907dd710831b53b1cf90ff07db2b3e34e9e647,1182d0f84ce9bdd7b49e928305ce72b3a83ae138066f2a603884a0bef3802c73,taco,10042,train,3605,6
3606,43056c0555b9764234cca188e5532c6a4c00947fab22556cb9620dd9012a4e34,e65d95d3344c230c5a90b1fd3f0d6caa40a87b9efc8c6412ffa7f36f735b8df6,apps,13085,train,3606,7
3607,300966422458f8c87968621e91328de576e4ed7992b0b3831ca5581caea8ca44,f5bca59fcd86c5e8db2cf91e217892d378f5305afca6713afc854574bfb3950b,taco,10580,train,3607,7
3608,f988499ac0af5729952b48b96671f24aeca6e42e3910038e86ca20fe37464ffa,a6deea34b0326d26de9f50f970ad08bc6cde29a2f676fa977bcddf8e3571671f,apps,11042,train,3608,7
3609,4ba13162ee07f5dd9bba4971f4e3d64f76912f692830e1277b06fa9a4bd3325b,152ee2a4e06d951d44902ffdf8cecb45928c993571a06c0507db936201e7e9e6,apps,10408,train,3609,7
3610,c1382e3a6773067a9b08260f075a01b78160828ef1d986732d4850c3ff8f9420,846cf17942cae15090e1e88349388051f6830c6e84f8f1293df0007cdd891161,codeforces,20343,train,3610,6
3611,74bddff79a2e043ba4170d4462e2329dd2ce9fb4d36a12cba0d027e6eff6fd74,166364ef9fe1d8ac6911894aa2c8c81bd05dddc0aab90e997923f7840d9efd1f,apps,16305,train,3611,7
3612,b4526ea0844585d3ee39465d908c051d92f5c10d189a34800d8f13feb34bcb60,c0ae277334203eacbbdc9d02bfb8e950ca3b632543eef3cac221de9f42224019,taco,10875,train,3612,7
3613,9200c23891a83311b0c9447b9fabf08abc54b71e20af8c40d39321c51aae59bc,556f35e4c8742f2f4d8bb5921e33957f8a3af1603243318086ae27fa4341d8f5,taco,19117,train,3613,7
3614,1742ce8e5a3ec71a4b3090d9686012b01836665b00a8e4cf07f577f9d2475f40,6774f2054fb9b62d5ba0067533856e3a048a8732bc475c1a36dbb99a7c661fd6,taco,14831,train,3614,6
3615,08f3b4b0eedddac2a3df92d9a708bd38b91000f959f6997cc239c82c4901595b,d8c3b34853f8a57955be802d4f1b5149c47c5bf85c78d4517034bf819a5f5236,codecontests,16925,train,3615,7
3616,131d53fa2b43b5acb3ee30827c47dd78c7d140b6bcbf6e4cf796c2e23b2bf59d,4f17040248a6570c203bf985eb2135aaa30c5ebae937dca3566861cbc09e52db,taco,608,train,3616,7
3617,bb4e86e9d89cfca880361d8fb547e6bda4b5e59a910a6a1f4c171208cb30588c,336c6887efddf9613b1e21b88084791afc598f09f667e99bbf3d63b6fcf75d66,codecontests,5146,train,3617,7
3618,a584bd7e062205b716cc8730f1fc0eb96779212c11f5526fdd4663ef97d44b37,0612e5ce396ce209605c5bba5ba4d2208b40ba042c107fd1c59b98ca801f4a1f,taco,15833,train,3618,6
3619,a38213d964b350d0313ff32b8a9b6d91a0bbc3ccc5baf31d720e76f505a14918,7f8208d498bf148fa127fe1b711a1c99925dffafac950125507180d460bb44ee,codecontests,11151,train,3619,6
3620,2991fc86dcbb497ab0954cbe117e6b06830e51273f4710ef5c13c9e9a5491c55,5b2b21371ec8e3f6b9dd9536e99296dd8a28ae6710a63b53288e9bd94ec85f18,codecontests,13607,train,3620,7
3621,67716e456fc6329f42a2c8c0541be0c972f14c81994030abeae6e4fac95f9285,dfe164808963e48062e57691c88f3cb2827fdb113e03882de55c0dbe99cb3112,codecontests,21345,train,3621,7
3622,ba7aecb571c4f7992e6780c71251effec9fbbc2270e63e5244ceef7009a1b2c6,1050d586a6cfccf5ae456713c19b92cf61e17e9fee728bfd339ff12de5c2165c,taco,10935,train,3622,7
3623,14675820369b5e635b8e3a6bf2c01b4d9ea8e90537044bb941422e5642bd3f83,2241dcba40f651de06dbe0aee8255924360f54d65f66edcdbab73e2908ae0e06,codecontests,9398,train,3623,7
3624,10ce78c8d9b18b8a840f92632b07e0ca572839fed5df7896b88b71035ee9c485,6e67f214100ac082e90e9368b8c7e71de191c1ef932710ea42ae98bfceb329f8,codecontests,14674,train,3624,7
3625,5ab42c10fb3fee29b1ffa23584e76f63aa1436dee1a2e876cb5d841d9e54ebf8,265be23f9473a568a51ec4ebf030db71e2dc5c9d1870a86bb7439b6f0fb45d61,codecontests,9024,train,3625,6
3626,af33add50a10e92bee7ad4808064f9a1ce506df0689b4d7f7c432f56feb1f24d,3d74f4064d415f24c5605b793a2ebefee065a87b22b68686cb99601e942052e6,codecontests,11564,train,3626,7
3627,2f430bc822a55166c1572033698e5a235a377b0d5e1c455bd9171c349e5d40de,7e031b1e29141ecf35ca1ff6884bb8e75f71cb46a630fd41b5cd2abccd321365,codecontests,17534,train,3627,6
3628,a5c1d21000ff943c93db7729f7b771b66beb73fcdbbfc0ed2d9a00963ade2da7,e4941203abce17531af1d5c550c14422481b4ed2e18f3a9577f39b92ee245ae0,codeforces,17962,train,3628,7
3629,9aae4eb8efaf7ecfebf481e894c868f781cfedb7c4e1d99837756047b3cd74f1,0d067f3515d65ef859970a236b978571026a0674dddca33196a3cdfe5f22a693,codecontests,11735,train,3629,7
3630,9f9cd7e8996d24735202c20b740122f3b1187acb333cb442168a8d45c673eef2,b8b67e41f1b7cfdf18fe51077c54d116075ef4511bdece341da1c825d202c2ca,codecontests,3557,train,3630,7
3631,6c75d8a3b5f5dad132a0ddb7c4c4583ca38152f72ee513b02f199b2ad65ab599,b742d5373ec1dd5369e72f478ceef0160569fccf17aac3df13a8e9ea99cce734,codecontests,1404,train,3631,6
3632,fae49d63e0c16c6a272053347512e0bd7c00d9ea88b7738387481dfdbfaaa89e,99091a526b0d0b51f3cd77434a411a51abb103d586170865215237cf946e5ace,apps,15311,train,3632,7
3633,d616cb15406195071c5524dd2392374312ab1e57635024e489e10ec94f76d27b,7c9f4f2db54e730ed39fb176b05cbd033372827c58b85ec84fac5e652b49485c,codecontests,22532,train,3633,6
3634,d809c28f9d6ccd2733feb39917dfc73e727aa03c3eb98d502c48a6f9b004744a,65ee93b570d9a205bf77e03aed7db9105d4b25725ee83746a99ce0ba0626e21f,codecontests,15642,train,3634,7
3635,b453189d7a26fe764a5254b7f1a625fbffbd3ac00aab2fe54a7b107c2e1bbe51,781296a087769d6fa46d145f2ec86e5bacd75045404f5d28ca2271a2799240be,apps,20722,train,3635,6
3636,78ab3fa63ea2f856f298b0965e82eb33138bb8ba55d34792bdfd92d8560bd96c,b24afc4546b5b9b1533fc79386373f6c3bf225b5622841d4db8861e2e05d1ccb,codeforces,524,train,3636,7
3637,6d9cb7713cb661fe2e7363cdc53955071fd1202149419c695dc7334f03ae6531,9defef1ebde50547abd16dc744e7f9173df76c6de33431bead31a85e7a4f5482,codecontests,18253,train,3637,7
3638,32d5ba7a7039b3913c29d05a7bb09e472ef61eac05c68a54abbcf0e130cb128a,f7c34f45a7419f70b1ea938be80185aca00e5981c01b68bb2d80b15d0ae38b04,codeforces,18891,train,3638,7
3639,5af3eeef8abcdfc8eb10e4dd38a6e69fe83e03e056e4fd00e623b610a1eed6fa,3e2bde77b0bcc7569494a482c1157e9dec66fe45c238ab56e76c7bb23ac7f440,codecontests,1572,train,3639,7
3640,d08fdcb902fcfae3d93bf84e17229c6afd80ac0c8be991a3e4c2664d88fdb37b,ea462f296331bc5823e63f6d071578e485db6081e55d650327f5ed273426e884,taco,1952,train,3640,6
3641,22614dc5f49ad24f8d7c0f692b81199256facb03093706a45964dc236f7b7424,2220fb05f6bca198c4114bbe5e76399c7f47e369be4bea349b3e56c286453c53,codecontests,20350,train,3641,6
3642,8c29d61d2dd12fcc33ace8c209f76894113eeb9d1116290f38e99fe760335131,d2dcf85cfb7b5290c32acf4c422a355daf723cc1e4a04995723e8d2d07539b6a,apps,5542,train,3642,7
3643,2311814991f0792cb3edfda50d8bb5c57eb15732c8a4a670e949c23c20d9ad9c,e9a8a08a1d6031595d9dc220472899dd072ab96b9c580cf3172d83fc2694887a,apps,13882,train,3643,7
3644,a3588f8e541582f2d66f4836fa9a2c180ecc0d6776b036ec8fb658df1bd38047,11680fa1ccbfda624adf172da7bd4938e9af39148cb98f5321f2e77e10c9dd8d,codecontests,17996,train,3644,6
3645,e5f566108d9afc3c68f9ca6213a8157e565c4a7f96207750ef144d4b0e680694,5aaf5084f97b8284f16b32aeab4026324e68f1b9a3f4a089840feac70d8c4570,taco,16387,train,3645,7
3646,727cd9df225158b5316899a5e2f9ef2956ff97a7bccad9b730fc8c0439b59590,5eaaa29d46ada5858b18ac201f7bce179f6ad08f2b59cab43d20cc7bdad1221c,codecontests,14491,train,3646,7
3647,522cf76ce439b1c83446d0b4d3cd0fbb8dbc720bdf5c9595295c3d4a69b2693c,e9e3c0b354298965ce2df02427d936de702fe13111ca720e12095244e8c45bc5,codecontests,16024,train,3647,7
3648,bf5999ac91a3fa2a121afe28a3d6e09ed999a10a2b4a360a700b103de1c8e0a7,845ea1347af0ecd947a0fa914128e46257bfd69096eaa3fb9adc8c1363cdbd06,codecontests,10724,train,3648,6
3649,4013377f50408359d97b76586aa92535410ec8546f194c8f17816c0eb0434c6d,8486a548192a330d6bf5a6406a02594985435d104e0c3a00c891c8b6f61fc2c0,apps,17312,train,3649,7
3650,3c91322e1e6af3e849bd42ecbf0f8fcacc9b1acfcd11227f1a0e8e8cc238bfcc,80485c76a6c929dce14b19b95de5b53ccd3df79b07ad014d3db2d176e52d0f8f,codecontests,19382,train,3650,6
3651,c09e0668c81985feca2fb6d8d39d9fb67fc25f52b4e6a47513a790967eb4dc69,5a4f00341c8886f5307519d3a90d02c590897f00be70e4d0dac4ba50dcf6b750,codecontests,10967,train,3651,7
3652,fd94bdb71ff2e9fd963782bb96655665f42984cb02494906ee9c0fda5c5d478c,e3b47f706e59e0c627566fcf3619cebe540a87e4edfedecbd4f059f735ad09d0,apps,2330,train,3652,6
3653,c0e7cb76b9576fa38f0e729adaf3a52166f27ae75cd4f9dfdd585b6044aa51de,bed37a363338e69e723a1e5f0bf1198ed9fa1aba9154b899f7ee0fce62c0c824,taco,15751,train,3653,6
3654,36562c1eb9eb23ccc5dd1ea357a1a020e6cf5810609f3a8f420afcbcf5acbc45,4d535647a3d3d53a58623a3e2b3c0dbcd36c90c63b1560cbdee67dc256e472bf,codeforces,17123,train,3654,7
3655,8d02ca4097aa472b2578446406696033255231f3e0a9d6c475f7168e6d3d804b,cb25c7861b08291356449441c201b2106bee70ad108b1d77602e04f80d60a25c,apps,18384,train,3655,7
3656,b2864940ab26c5a6300a035baa33b110f49e11eec14d5f95d79ed638f8767dc3,d344f2d5a69696fb2cbef8394d5980a3de3a4cbb87cca4534accb95e1bf418de,taco,10961,train,3656,6
3657,3f9e1612d7841b5b718a92d3d23185176bd17cc377fc6d552005fa77b3814973,98fac35977f4e08dc0aebe8f86e30dfc0c6b38b3c3c86ce657a0473ab5b689ad,codecontests,8632,train,3657,7
3658,c36664ca401fad0354b46f5071efe0bee14d37eac4c428fb353b741c43367789,f56c60e4be8adbfb0c0e9996df07728c9b20ad7c099226a4f2b3ab8ebf7c6288,codecontests,1266,train,3658,7
3659,d697c042f445d397c36c45eeed702a36cd4027d82edadd42b15a03a70c31e2d7,3242a0cfd8d5362598962934735f75db29aba463913ec5bae8a38f6d4051e834,taco,17130,train,3659,7
3660,fc72bbf092ddbac9eec68c90e1bed147518237e2bf652fb82999014d7aff9502,7ec09675a2071a8cfe310e767e1ba6c752d6b9e5c1bb32b5dfa57cb173fe851e,taco,20869,train,3660,6
3661,083ea4e8e1dd1cd4a6a4c00cbf5ccc8a3053262371d8165e080c698c46c595fd,a41fe6b0114352ffc22081d6565aa4ac141032797632eda7f4e46ca7c1d80e19,taco,8054,train,3661,7
3662,a704c9542956bfe124667e4dfe31f0dccdb70932f7ad30bc91bcdb80556a4f4a,df1d048f905c2e53c73a6a06da4649b99f54d2eca8307a65b23232d2f4cee3de,taco,939,train,3662,7
3663,4a4191089da4ea22d1c46e478ecac4b70b2fc5c527f1e51ac028750b4ab748ad,68cf0096045b40fe33f49bd50c3791f24dd5218c9b4e04986eaa8775f0561261,codecontests,17286,train,3663,7
3664,a3e3e18cd2ea8d5992bc4b08b6168edb6d3e4593fecb714e47ef53adce8847ee,3c04c99f0566e8717f47f1b18805d72e328ddeb8cda2beae0d18956e8b2e0544,codecontests,3955,train,3664,6
3665,cee3ac7331f33f3af6d7082d01d7a59fbde4b663942046440b621635744a7854,f1bded9fd780e7665df57b86ce63cea5fe1c9c213943998806f81291db138aa6,codecontests,15515,train,3665,7
3666,d9e430ef1212c2c739e1024ce8d5f55b58285c8a71133dbc71bbd79ed1cb39d8,a33fbd90face558b2a244cea5d14b3c646977687077bcc8cfdb0dcd65d3e6b5c,codecontests,15679,train,3666,7
3667,9373ab1ad14c380338feb5d343f461f381c37f349a1e5fc640d4dd3a74d88973,e9f39cbdeb58fe567d2e89f957e503afe2926e92b4e3caaadf1a4b639d54b0ad,apps,19968,train,3667,7
3668,23127c0f3e9e36708c62fb43e9521bea1e771ef5d9c8e26987c8187d0ec18cdc,ace91067bc2f5fd9e308409750903bec6e826b45de360e2d37b38b5956354da9,taco,7193,train,3668,6
3669,7974e84edbb53be32f3606e1dcfbd5be72d917aefb120141dfc141a0d93d668e,d5f612d113ff9ca864a7dcce81557aec05c5523bc351e5ee8bceaa950c636e92,taco,422,train,3669,6
3670,0f83a9341b546e63b5edc02822a863ce1bb85420feaebcef432a381730bf80ce,69336759469f5074e43698d5ef19357faf86697cab7275121c07a8325b67828d,codecontests,22529,train,3670,7
3671,7987bafc6bca4157acbc691453e4a8b6224a77834c303cae712db7743292b06f,ab71d244112e78b36cc22ad2cab7bd2ce0a1093dae664317e1e21708d0cf9cd0,codecontests,934,train,3671,6
3672,15061df69f7b40be94fd0f1419f771d4627b2748febe0223cd588251d30d222d,8e3a9f3e9522513054dabd06ecb3cbd3ca4de7b231ddd506023567dd8a3c0a98,codecontests,14431,train,3672,6
3673,78b72515fe1c4593f07d80d437942bbacaf4eb3fe1d285d6d87ba9cfbc2e2c3c,cd4e1825b356ebd8f38d73e091bb342bc6aa63848d884b1b522d03c38bb0b3c4,taco,17113,train,3673,7
3674,2acdb812b94df2537637de0ec46966a610b095bdf5974f3446c9c622d504a2d2,3d6b0134219ba65df9e75c307e36ffa851ccb3d16924ddcbf730e5b5497e2118,codecontests,2828,train,3674,7
3675,c8d5cea95b6633c39775897ddb8c5039b26b6d8ae4c355293b8648c97aaf2aaf,928d5c8cc2882247b03b4b7e3cd3fe37ae7f1f9687b70a5c48a112e272db7175,taco,7416,train,3675,7
3676,c9e466f7472c3d59211161946113550ef13e94d75ee9884117f97ba30f39a8f4,3beed9a6d6ecd423eac392fa7e8dccd13287e20f016af7e9dbd6b7e7e7a30503,codecontests,14348,train,3676,7
3677,3ea5214572c3cbfe4785cf133db71f2c78712eb49c3dafee9540f77624a5158b,5a4f5c5f7b93f542778117689e81531b90b9a63848b2f1199600c20c24c47874,taco,19431,train,3677,7
3678,ea86536f77e06415d31005b117db72ace1b842869bff8ee05956ef60e4a06dad,e84914fdaa3eb2cab1c3558f583858f2c05262e4762cf2e9b76908f9697ee8ab,codecontests,8737,train,3678,7
3679,6a4eb90bb53c9df7adddbbc4c5ba29a8016b3b5dfb186665e655aa48f6741e7c,11bc70214fe1d795af1d2ab887997629d95299eda3827b16591172adbd60e4a6,codecontests,11228,train,3679,7
3680,67a8301edef191f79994c511516f4e524719d9c2b0be1041738a3256e891eb12,501dbb356ab48c66f5fe132bec87376866fa324c4dcbdcd5477c1a9e28451601,taco,18126,train,3680,7
3681,ec3dc1949ec4b50bf96f72f6a24c9061ecf1c14888c67dcf65b7b43ee44e9c8a,786240d926781b320395c00c3617723fac453485d12a19955fe5058443d40821,codecontests,3402,train,3681,7
3682,d24d6b5548bf982ed9ea2689f534f8ce22b37d2bbd439311406f45724db24813,3dbb984990a78c519b0ec4154f857cc32c1d3d597180cacb5d9a532a2fd95652,apps,5403,train,3682,7
3683,309af6f0d4c00744a5a721434574a13abea13e9aba4c99af7545450e5d6963db,cca0bbcba3711f43b535fba7e03b05e217e5c760c8cdadd97f07580ed7724556,codecontests,20866,train,3683,7
3684,a7bcd74340f228fef70bdefe0e56dfa9a13a546bf4c2a281c914d21b8492ac3a,6c415d4b7e5923700caaa08cb1a95f1afeae4a388fd1a817f0f91534f797a426,codecontests,173,train,3684,6
3685,158925c7aeece5cfd4f47b1bc2ab0e092a088cf70eca932e792bd478d7b73973,70c54ae36b9252931e438f19042550b988e8452d63013bea8452b27b390c7dee,apps,21227,train,3685,7
3686,4a937a1b1ed65997998bf928c51964a89d127cb5ca4666773697eba926071b42,91f3db1a8515dfc74347a665a4a295eac6c193440a38129a01fe7cc95623b080,codeforces,7560,train,3686,6
3687,eefde5c21cc319f22c3e93cb8769d130eb5eec7343bda32a75ca19039ccca4c5,a8b58e7eab487f9b99e123d405c6c5bfb1565fee3f06d7a68c28179f4d45b2c1,apps,18578,train,3687,7
3688,1711a27d973571bc5307304f49c9ba6b2eb2673dc13f310e3259beef737de219,9b77210d4b0694ee8fc2a692e6debcb3b35c89e1b6b24edab28d25b3164887ed,taco,4368,train,3688,7
3689,730e408fde09c812c48afdb60392c4a04b26364213d7602390fae7f88660c7b2,981f2b531952dd3108057bdaae2c926cc3b54bcfd7b5ce387f1d199529bc09fc,taco,16739,train,3689,7
3690,7c1bed85de76c976990e79f8638b3b02f4bf395cd91f00663f02707749ce5d94,7bf5ac1a85a109a0800b57313c1015f8f25f8a465c63364a9de0c0924125bddc,codecontests,11412,train,3690,6
3691,274163ded1bae1d1f8ccc5bca3f9846f252dcd5594ccf16e8494386e5ae90372,d523be949fa4ba679ac880f117e5ef065da2a6e3de62d6844a5be87683b3a130,taco,4795,train,3691,7
3692,a4a831140b350d41b18fb68c04422ca6667e91b74b255454b423c8ad36c0d867,72f51d1184bfe4b25861696abeb3dd7a7c30eea2ed3e208402ac5c71ee03acc8,apps,907,train,3692,7
3693,8b22dece6f4afc0ffc79dd880351e897ca56ca4017107621461388dc69de9a3c,51d39eb800bffa37bbf209a1c73f247f4901ceb8fb989a2d433a5ca3dc04e021,apps,2046,train,3693,6
3694,4d6300d7336679ac7f1f2286f9cc28036d53ed2646583e3a704bfbb65d7c3230,dcf554e490530a2285c92f761855de2798cf674dbea924fb1c7c7e468560a05b,codecontests,14587,train,3694,7
3695,eac666963c39773ff4eb9a120bd7028e187a73241166f2ffcabb27b576fcb1a7,efc9e4f8db05e7be139a54df1f599c8cf3262baf6b42f0bc721e58e44567ec74,taco,4979,train,3695,7
3696,7d40d842e6a5655de05051267187803c1fad5d68dd0842e645b0bfe8bf6b3861,dff5d871691fdf185b2b90bbc1a17f18941ad697aae37fdf4ac32a56c749f97b,taco,13050,train,3696,6
3697,350f4b3204ca092214a53411f311bfca77502d45654902af3acca806b26c144b,d56fe610cfd2ed6ca4bacf33e0d5d477654ba02f815242855ca8fedd4300805f,codeforces,4030,train,3697,7
3698,b7fe07aa16e42394fde489294042cba4828ffefafce8b94280c31055fd08c523,b4d3ca8b1daa51b667dd141df21ad16a16725bf676771623097a89480af9ec1b,codecontests,2655,train,3698,7
3699,fc4eb9ab4d19a4c6a1f68490a3587d086173e4657d2abcdc0e90c25b1d728d1a,2c62cee3fdc82853c28cfabb692d2e310fcc0c70b9c94703d1e70b70692fc572,codecontests,16720,train,3699,7
3700,178dce7f3d4eae0edd4bea3b1697435c80670e653f43a85f25c9a86224b3756b,9575fa01c70ee3cb7df478762d28d8290ea0944a72185d00c9746a8fdd3ec2ed,codecontests,7180,train,3700,7
3701,3807564afd78fde7aa74a948bd0632f053876488761d4bbaca44471d2e406f3a,2f11c8455f4ae3c71ec25173b57f0e366ab43d7816b3c5d24ce997cd31807f8a,codecontests,21833,train,3701,6
3702,552563781fefaf873c56f374ae3302caf44774ed92185ee21ae784afb978bc5b,3975644d8fbbd7e946ce240b60263424af989d57bb065ed239a64195e5c59fbd,codecontests,10403,train,3702,7
3703,3a5bc3ef95d192340ba8318ec48bdc2d2f273af225fd07ef2637de89139c200f,67945435c2b0abcdadef62c10b7b59f7b438a920b9e7e0ade9a03e9bc751b326,apps,1524,train,3703,7
3704,c47e3a210005a433af92669aa2075ab105a688b625b19f45b66667f4a18566e7,36abdc5f5f455165f095e0d6b9acfecf065923f22e06a5501e12a75ebd6868ed,codecontests,19807,train,3704,7
3705,2fb8dfdd1f1d07f48657c7ac4fad3de55b438b15615239d71206d0c00582b6f2,547c18a0aa908458506dedbce74fa0febd2be2889835778b6c443bd91ac3eba3,codecontests,6505,train,3705,7
3706,d7165141e1fdd1ff4965dd66c7c65203c1459db5078378fe7b6da7888b2af881,a83d23ed8ab2133ea5e6102ce00ea0f430b74789841d623e3301f7b4107b2768,taco,12441,train,3706,7
3707,b38b0adf173728120d6c02a34b898abff9f6fbdf58d1ca49c587648fe5f6c52b,a61b0d7b6944f46c830b03ef3412e09577674f9e4fcb041d7e5b1c1bbcc13287,codecontests,11654,train,3707,6
3708,4de0415f7711c1a8de4e6684faa4482cefa20bd87963ee6e45441894f62b096f,d415e008d1d0d495af1ab8ef4816a13703e083ed84d7a14a09f8bb7e6a16d27c,apps,6774,train,3708,6
3709,850108561fe56b239c8855d98c396db0846b13b7b761ab7512b0a63315fad73c,9fc1034c981dc0f1186b3e7629b7b2578a2229866476821e834633b0a0870452,codecontests,428,train,3709,6
3710,24d9073131d74a2a413e12bdff3d07a5a76c759052557dedb754a48cc567d491,05735b2d163934c3c5f98b64510740bcb44de641b1d993d7babddae627ee285d,codecontests,14147,train,3710,7
3711,1b6ffa0792844034a69d8ec1ea5f67f4ddad34a00ef5fe2dc9428982bc9de8f3,f3ad7eca810ca380c77bfd67f07103790fa6354756fc2845e41e743479a09ee2,codeforces,12101,train,3711,7
3712,6dde98fea63886827ff053892f6e01f3c869d5f2bd29f9cba935de4178641ea2,1551a01c311ed076907985899020e359c1919e3a2d7f2ff2a6913bfdabaf63a3,codecontests,19170,train,3712,7
3713,134dc37cfb18c15627c84b4576a1ee08146ab01351b3c3d71d2193c2f2595d7c,318eb1022a31e826bfd7ff9cfe670da98ca535f54e992bcac22c64b8501f00bf,taco,21908,train,3713,6
3714,f1490578ea49ea4d9868a3ceaafa1aacaac2cbaea9d1c7a036ec9b998f803f68,749bb0571a1c98c8c61f8a0bd03d97ad54de07c2d2b8fdab8626e84aa6117c56,codeforces,2513,train,3714,7
3715,92d29090cfff0899ee0f39a49f0f63855b6aa8946e3e6ee85e27e4caa573e7fe,a193869333792b75ac46b2dd61921e576a72af01c79c2639df86df94692808f6,codecontests,8167,train,3715,7
3716,32b13b5b375e2f2393615b233e5cef5069e9e70b1ce70ab17bf3afd31258cb03,7e2fa96f862f8812f58e5e10e891e98708454ab3f48f15fbef8adf9bf0c61195,codeforces,15719,train,3716,7
3717,cea37b379c645f9813bf0c3f156ad39b03427494328509ac8361a7475aad2b41,91559839b74b3d9a3c24f0c6603dc62f9878d489c6259a122c71794c99188902,taco,13067,train,3717,7
3718,6a4676633404c594d3a2865543c4270ae6bb193e8e1a7e4b723dba8179bf90a8,1a260c9e7073a7d6d37d85ff841aa219cd47b6fb35aab09a9535a6e9a318b3d7,codecontests,13535,train,3718,6
3719,b99441fdad6c5ede884c314ed48df75328673e6cfe1f235f3f46ff5c1c221a46,93da0308e4edb7f6f4fbad17cf0970318b2650934af28ae4d58b06fda3add723,codecontests,7920,train,3719,6
3720,22c89e926599d7d199e8849e6593603b2709d2dc242a4d94c71dc3de226493c0,a8c4aa1265a0f844ed3e380e7305e3a470fb4c7315760ca03dcbbeccf3b83d5b,taco,14044,train,3720,7
3721,628b00f1656978ed14e139e6ae257a831fab1aae3b9e8f59ba18dbf3a99fd6da,a21a98f248130e06e555738c4146d1b415c11efe326c3f9163b7dbe8a0eb7b3d,codecontests,8402,train,3721,7
3722,437296f41cc8f5200d142d8e8d2bcf24747a1b9901e6c2ee9c907b76f253c56e,cb3e13cb270dd3046465abbc1a45e64f49fcdc674be7ffe57dcd07240f68ec69,codecontests,3619,train,3722,6
3723,09d4de3851229ea6cb931bb79f5f9e506a359c10450f0ff859fad852e0b1bc58,0fa515a59bf7ceadbecb9ee046d60d9a6cef39b9ecca1cfad03b6fed03809862,codecontests,12742,train,3723,6
3724,ff162da9689bc08ee0c7ab8525c1449a06060c8fcb894cc69d372c9140caae8a,2a84a00899268c61b6760633516a0cf1a687eb3bd3e14fca0ec161fcccb4a613,taco,18449,train,3724,6
3725,3c4c0fa0ae823ff68e5a685040134fe2ee397fb709d2451de59601a440b1e7ca,db87a9cb8d1f81549cb9ff36a2d0fba397a9c50b67a1f42d17eef8a4b0f75093,taco,19378,train,3725,6
3726,382db574b90f1eb0c0496313d4b6eb741457903325bb77a558f42ea268a44731,990e0aea76f8ce7fddd973f9f17d57780074819b08ff9c7b12281e08aaaaa84e,taco,741,train,3726,6
3727,7616bf0aa50b9a031f1e9309e6e2a497ff048df58ab0fdd5b43930f403b96f7b,291b5f536d04d28015cbc701fb3c68ab92bdb62ba0046c6dcf38c36928b7b9d7,apps,8677,train,3727,6
3728,51cc07fefb19b9737c485fad88b5716e793630a9f0934c32d9e6fa2b070d73e1,db8016b56fcdc235d0a70efd7de6582e304325da897e2de8d1fdd30097c0fd12,taco,3975,train,3728,7
3729,e60f1323560a188890e4a6c3463ab435011d95518bdf7498928614ffd607cef6,fabc969ab052bb2844c9c3e0f23495dd442baf5f6bbb30f6232e07c21824282b,codecontests,7091,train,3729,7
3730,843ce8a4a3ab642ce08911ec5451ff5a96b0db44829f255acf0c757ee1eec480,7f0dd7e4e9bf51833cac4ab595317f6149f3ceca35125cf8b6effc9ad3c9d571,codecontests,8770,train,3730,7
3731,4ac7b8fdd5d02860abfddcb2e6fc910dddbd8e2e4bd3c1dd5ed8299d2f9fd027,f84452f42cbd5cf42a7b83a3c314b66561db510bd7958742cccc1fbdbe103f48,codecontests,2682,train,3731,7
3732,ad04e518bc07d2f3891e359fd85cf965b7a9abe3d72342f7130a1642b052d5ec,34479b14af3485815e07efa1531205fae332e4747eb2645ea3c60620b2671c01,taco,16778,train,3732,7
3733,8bc76fe2699a29c80e11134f544fe5eab13e405586e21407e5eb46759a96a34a,83bc46b5efe259b5e72f683a4053ad8ef3d126c1362ba227e51714d8af0b83ab,apps,8871,train,3733,7
3734,59a4d91547c5361029674850900f369240d2390bd39b3cf1bec294790df55380,ded7a2339cea26433029b8ec0f22ae2c6be35ec874a29a2b0c7aa5941237ca91,codecontests,5268,train,3734,6
3735,639fe7f5ffd60dc7eb846267e404be03163877db3662d131340f6122446caf26,b20c62e97ca7e420efaab6957db64168de2176391ed58c06c7e8ce5ad461820e,taco,15713,train,3735,6
3736,558b68a7ed2dc51ba384b777459351313c2918e19ab97dce6e4869c9828b5c58,e532d7a143990b947418b20b1f6af1f7c1e6dee382132d2b2988bac6f7291fcb,apps,2406,train,3736,7
3737,947b03dcaae8b9588d7c330855e8c0569aa23ede91d3a22c632975d70f67ea24,f4c3a509685189d343441241338ca75c448ab25eb6a255b01561eae9a163eddd,taco,21370,train,3737,7
3738,0287adce0bcbcae9489637bb8d84bd9f32fad5df43df68e20f4a049b85737c85,a312ac405e26406758304e1f4a84dc01d6ecc1c2b9ba01ed5682b86506b86ac3,codecontests,17782,train,3738,7
3739,54ef4ad792450f54937ffe2e361c890ae9195aee0a31e95d0230e2677cfb9d6e,ab8f7589281df80ada12d17752ce9f775c46a75b6973906d0d961bdf7c76f65a,taco,19141,train,3739,6
3740,8230d828cebb52ec36689d56e46c4835fee80d09847b5ff7c77c4669c71e7903,808f84c5a346f4d7ed9885869d60c8491e9a42ea0a3fe09f73cffd11bf524867,codeforces,17274,train,3740,6
3741,6c41dc128d6feb74eaeb28aba36f8e2463ccc4cdb4f5554053c88514fdc814a2,255e3b1486b616f09ee7585751625cbfb7081942b3ab27f8d1e84058210db05f,apps,7646,train,3741,7
3742,50257666e5abfd441373955aec3e2d7946a1f0bec1506eb7f32c2c09e6874944,17e54c644d049d8175e8e729e4b63a046bc8333a2c101d1de990fbf45db4d788,codecontests,20377,train,3742,7
3743,4cc3e0fd3cf5d406eae5c8930eb33ff93eae4c2727ad5eb36018d566ea3d8c60,9dfd8fe8169ea84212179a6101135e81ee4a3656f97a0dd6d37f87ca1b547654,apps,8188,train,3743,7
3744,12235de3b10ba115e9613f444b903d8d6be766dd40b27f4028bdb992523ca628,0b5f7692f1bcebea17ebab46cdb7a49f37d12a830ea2e5de48ba9abb0ec039bf,taco,13569,train,3744,7
3745,4bc07275f3a9e532515198e4f93d4d24f93e3e9cf4fd694d29a396be4471f488,ddc1b9a8ba68571fdf4c74e2e58db936db1ad1aaa21cff32aeaaf076604517b2,codeforces,12378,train,3745,7
3746,914d8f0634049c2fbf48eccb680fd7c7108b91e17de696e8861e57ce74efd60f,c30e62f47184318d908070c4c4998a2540b4b228aa63fb99feefd080acfabb0a,taco,15302,train,3746,6
3747,80429f9ad9ea7d6998741ad31e1ee80f6da16416307d48ddde39ffbd2349c8b9,4f1ce334c264f8e82d5d8c41b015a509ca8bfa8d5d31cc7d9dfa143a061eceb7,codecontests,18175,train,3747,7
3748,27f5fbc151704a7943a36500084efa19db185b90099936dd444ed42e4dbe976a,ecb890afc3f46275c897850111d4d153eb83c230b32f5c8a33bfb61b250da891,taco,11080,train,3748,6
3749,0e92180ed827d41606940f575d491539c0a2e7c83625dcbd355863736e2ce9c1,82337e0a8c93cf38afdf7921f2c5032cfda67354e79a11edfab4a2457d8a0a3f,taco,17882,train,3749,7
3750,dcf127ff395f842dacfd4ca9af961c767a34a5ea1b30c5ee1c50a3d30c5b64b7,dec7fe4de3894e58ded23e58ef0f057ef397ee62bf417623b5ffc3feee417adf,codecontests,12635,train,3750,7
3751,7e10ec13b0b93f675868ce5dd926eda1d716237e45e885c5a7fceaf36ce83871,5adbff74600a8774e5c9c282662d3466bbb8f15d0c913513551846dd5acd6d91,codecontests,21683,train,3751,7
3752,3cbb31479d627616a032f99c8e327e10a0dba991c194dfbf7648cf5e321831bb,8a738c040c033c826d0a93712903b1544ddd2f174904e07bf0029a577f017444,codeforces,2457,train,3752,7
3753,f7917128957c6a24152e88c588bdf9aaafcf6d729645b6dfffdaf8b1b57deb09,0da781292b36380840d7362434d24be1e34bdd1a8226d2588924a49706d511f9,taco,15582,train,3753,7
3754,8f0dedef8d8c3f2bbad51a53cb4095cc90ea5f29f9b938034b2358ce6ac3b739,c81418ded7ebd2bdf9c68a3f099e562323130f62a6340ee77bc08db89b87fba4,taco,11083,train,3754,6
3755,192affb10d22763bc136805f6b4fd6798e7613fd37cbe96111646c9d835ee4c3,8adda0b48cf0847ceda35830e7d3e3b353b1f2625d87db8cddcd6561cc398482,codecontests,13280,train,3755,6
3756,ac708e1b9df89252c6064048a99b7c466ea327170e4607ebb3a62c5042dc9ddf,feb4715dc4578f2cb3d9a0a2d40a2313c28c70745679c549d886c01ee0eabda6,taco,17804,train,3756,6
3757,483691a959a7f369b521d02a84697ca0f0fa60d57a04ff268bb01d46b6f7c4cc,be3efc1b792ffe2859ed132589653fa5a04ad16823a782cb35bbb8f1dcdc7f2a,codecontests,4638,train,3757,6
3758,a7ab9e600ce0fcea53a87686ff727b3f2ab8950df08b2c9ffa0874438faa332b,a1f06cf864f81262e788f122475b3c99c4c1bc939190ae38976f112614c950f6,apps,10376,train,3758,6
3759,d42c020c802029965a9c685a12163c6782410f7875d550c577130265bf1d0b60,0f6f7e5222cc0978062d0dc5c00ed23fee684febac74036705da2d87eddf1bec,taco,12248,train,3759,7
3760,8e96e7f7f6b160273e1106782a41fee5e5fc8008064becd6fb515a98ac31a98b,656f6c5d568763d1220f24620249da642e177e35bd862110a428a64f4bb72117,taco,14470,train,3760,7
3761,f5c26449784e0392645b3b0b34b589b32b68e828e9c44dc32b14764ba7610102,f1b7a16c042c9c9ad609a015b00a575019554187f6ba3f2876c06e1ef204c120,codecontests,4835,train,3761,7
3762,cf8bf61b838b535ca4d5c7a14b432e7bef41c908a05e50e4e64baaf4ffd36bf2,39b69a829225a1dab704fd4c11717475c5bfa01ec615877457cf3e1c725ea2f6,codecontests,5043,train,3762,7
3763,3e9e5fab07705c09f676d2dfba9680ac1f5c904831a4533b88d8c94b525552ef,c0eb28e9b3bd94cf133ed471a1f70d8331aaae366930d584823693e3a705043a,taco,6249,train,3763,7
3764,554c0be1690bb5a548ff488413d9d165fd3951e99d153725c33eb0e2600305da,a49e856fbf7daaf8b5e52ecb156d2c9f24383059a987b64f6117ee28e5325f9b,taco,1291,train,3764,6
3765,c0ad721de402247f3f29d1a6415fce7efdb17032b417c771304bb09ecfcf78ff,3896dbd95e0125013e80727e1ca439cb6ec1db53d9b52488b8dd11a599aee9a0,codecontests,9323,train,3765,6
3766,df1e8d6cef10eaa91156457ea07bd9ff2270b751699912b5adae59b68c937ce6,9255b6e2a238e750c3fa6678d93fa6b293d54395904d926ac8f387de3b27c74c,codeforces,15317,train,3766,7
3767,323e25f046731821a90311024b1ddc194b336c88c39621dfa2cf41ddbdd52ce9,8b01c7238f1350d1fa8928342d7a95622b85bd33a157b54c386c73ee6fb3084c,taco,15490,train,3767,7
3768,24a9e1b4b9fdf5c456659e2a58198c8961763ee5dd52e1fddd9835d76402d4a5,6ebc1f0579275ab89dd84ab16b24cf508f6e3a3597d3eb7e8a9a10c49a0d9088,codecontests,16242,train,3768,7
3769,a24c4c096a91b534a7b9864ad72432a7647cbb3cff06f9c265aac54a9134ceeb,40fb54b278e55306335e77cab36dfea2221fd3d652f14973d2960a1eca7cca96,apps,9793,train,3769,7
3770,d7f1e7698a1eec09cb3a60fb4f84bca137e98d07f0677fc3bc1e4609ff176c95,633e11c96d9d139a8a184bb61ba3085f230a1b5788527889a281e324244a82b3,taco,9303,train,3770,7
3771,f153b9b81016fff95af4d0f3ab5d175e6597aba3fb8b98f798fe3f021fc2f6a8,67feb6cc026c990d10b41b66b6e475befd04278ebc86d5cb5bcce0cc896ce3e6,codeforces,2214,train,3771,7
3772,5ba4453139dd273abdc55b299eddd69fd3c90061cdd77bc588a080dc8cbc36bd,6b85b7563bb01f11f0f6f270e6f123f4b71b4ef18609b3bc9e44943b2a40d8a3,codecontests,638,train,3772,6
3773,90c36755f54359138193dbe4bb10e02d3b8da67df70a88eaf639b3cb752b7c48,660f66c2d0415c4a64f90992db3107324a9e9dfcef9d5f15c137d51c76c514e3,apps,15611,train,3773,7
3774,98fb914f4a1968c4ad6adc100e953ca1d8f47241618a780f4bfb54e6220b5155,8a0e39fefef1b3895880f10e3c1c27f46cbe94984a2f2da5f12bcc9adc442def,codeforces,14014,train,3774,7
3775,103aa5a5ab0040532ce05dedc632a108f46cb7a7a40227ca30778480da8be4b6,7ebd04aebafc9101fe37a1f0e53676edd6bdbf1e67fe04d5ced782ba604967d5,taco,8971,train,3775,6
3776,5d2c8fdfc0aa0c26ea12d2a19782fc6005fd197d76878ea389583859edbdab8b,2e21203200a4da10486ce910502f8764c7653b8300d3723d043eec7af4e4629c,taco,13304,train,3776,7
3777,9bf0c5d4aa75e6a50d1479cd93bbd369b15dec847b1ac7bacd897568b7fa7b5d,9b9c800b5b05f8ce0ceb8bda7e08ebe32a981d33c22e64df11493e2f72cd7693,codecontests,1936,train,3777,7
3778,37ac8de766625ffa0f249fc89c1e93535659e4195c3343dfea5c8206b1e78986,31f29c8ac0f2fa2bc2d781b9fafac81707c7241440b2828280e1162e7b70c2f9,codecontests,17517,train,3778,7
3779,b2c1ff966b9a84850ce961bb09270a57c40ac8baa75e3a38a9cce367c59fca7b,6674b92fde34a623353ea3ec15985fc4d00813f319ee3828598bf866638837cc,codecontests,14998,train,3779,6
3780,cbad18c89337b2ced313b08c0939196aada97dc0a7ccd9ad9adb80ebeeee382e,7d74167a6b3b11fd74fa9bde61e9ea032a787b978984c71f88bb3ca6feae5bb0,apps,14462,train,3780,6
3781,08af8d53a2c854a698d04f18ff34aed907235ae300a25f2f24e092d6efc6d6cf,40b1656078a855e3056484f3bf1f51de53683f310f1b55681e033d1e9ceb848f,taco,12777,train,3781,6
3782,c538e774e0697e129979f1394fe7d4ae44a0363eb52e923db6c479fabd94f19d,1ae3445f01b08db817b0ea321c4e1d2490ec36e9ac9636c9e5864e9701dcaccb,taco,9785,train,3782,7
3783,faaa0932d6df0ae4fcb194aa39f44bc9dec0333105a4958a727aba73cfa935dc,5b6f95c0b3ead99630c7742e15efe777a31db25aef3a297a7f176a7b6bc7e1ff,taco,11414,train,3783,7
3784,ae92b948d6780ccefb3f0355009a1dd36fd22a3d63217922df7bb4c711421137,2d3861cffff29aba8483a48a457d42d3fc37babdb54f9b7f5e67459aeebad5a5,apps,13536,train,3784,7
3785,d95d5901287bc3a8725e112cffe3d202b68bfe44e1a567275dcdfb1d34de0469,19b2f161b3b534a211a0db3888db254aec770fe110e0414a853f3d7363b86513,taco,1712,train,3785,6
3786,edf14db877fd8785cb86c4b122caa5936c70a5adde0bfb55d286005b4b80bb55,64fa370f7297ac98ae1358e0afcef99f0d706124c12a4e3586cd177c44c19af1,taco,1909,train,3786,7
3787,e0e884c31e9c4695b7ef046c6a3518c742492c8e0f35be9e375cd619c4cfeea1,6a0e2849f871ac91c27c6970a2223365da738597561b7ef22bbd7a02084317e2,codecontests,12643,train,3787,7
3788,b4d7e7b157c3f57225ec4bd4c27091d9fceecdbde27ae48b77652330ec203a5a,0d565622dde502d77667a5ca8b4529335e4151071f3f1ba7ef5f7c4fb06abaab,taco,1420,train,3788,7
3789,657364ca5770a8e449f5b4509276289022149728748fd9f298e4506283e8ffc2,ae01dbfc5a8f8bea98dc64a603ffe42287d8a4486150ef7ab659b6fcbb0b9ebc,codecontests,377,train,3789,7
3790,72036d1a0c280ca4b39e889909c00a90e90bb3cdc05d8763cf3bddfd138645a5,c66b18b193d36fcfa1e8ef17164484b1b81986b71c315dd6df082098101d3e07,codecontests,2531,train,3790,6
3791,297ad94d838e65306a67a1ffdc0a0a7a2ebd39f56dea2f84d3a1bd5de9addd5f,aad9f62a829f1fbddefdd6428d0041cf672db4cbe905f57a2cb53c18bdfa3141,apps,8286,train,3791,7
3792,5b32606b8dc585d3dbe1017a20aab57d87a18cbd56bafdf72fa2788799e753af,57de568654684f3a5004357e2023153e6daa8cf017f9699c9bfa38c486edc698,codecontests,19302,train,3792,6
3793,f07613bcb17a81deb5b8a8987fc2cadf2cd1b5750f62605b89ae9ffe154b5a8f,8fdbebe8e91db82610b7042bcfd509f9c6c19790fafbc700aca8a3b86af168dc,codeforces,16216,train,3793,6
3794,0ad9cb9eed3d2081dd1c11695af386f2b308cd71f832dfafbddf6276497ff65d,d5f52b0b7bdeab976538f1f8c8911f5701701ce30a4d23b902d3d2c9a743ba54,apps,520,train,3794,7
3795,50ae1c574e3d011aeb2fb50e1ff7e8122f8e429133d226913d6e13bb7c4be926,6a089fd4d1753bcb468fd9270d0ec4983ded1707cf0f5c3c000e11bb1267ac98,codecontests,22411,train,3795,7
3796,25e569fb6964a5810dc42d9af2ca407e8469c807235797bd04b5b4e40418e0e9,ce90c989ac82ea1d34f3cb85b1c02884b02d0914bb527df6733272d248d90896,codecontests,11152,train,3796,6
3797,c4510fde35fb61db6d143a23ada9077e5d2822dc783373b892878637d3e5e057,25a4c2142beb17e7c85d40ac08e7b706e53fca2f3b287c0c022a8e426cf71d35,codecontests,21097,train,3797,6
3798,e76a4875e3ac7103032587f2ce0a62f188a93d27fff845b1f9fd36fc9e6d4d38,09cd31b1b3cfeb4ae0daef56657757a66de3a0ad124ea7aaa9ec0f5231364f61,codecontests,9840,train,3798,7
3799,dd5075d90f35e87689d2e75cd5fb0a77c3bd6738d082e63169fc6377e2c544e2,3d6e67c93d57d8bff5ca2bcc48ddb68a3f90926ee288d55bceedb4a513c028e3,codecontests,1231,train,3799,7
3800,73a575d24a86541f9ef86a35f5c7c8aef5ff88ea783cb4e8200ad825131b0191,823d0f16108711972ffd439f7bb4c95c4fba0dff10876217753cab84d8fbd1a6,taco,10545,train,3800,6
3801,208c7af88bd28fc054f1c872cc68f0cb4c0afb703342788077900c3da62a4c16,530494ac15a56c3552842600ddb86736a03542c78ea0a288ebda8bf9cd78a022,codecontests,13924,train,3801,7
3802,fa94cca7f0deb3a8b329cd0dc28786dd0c70b1916f62787f2b9d739ab61805be,2ff375de27b8fef4eefe81ad1a076f3d8c39505d0f450fa10976f62fb57b7906,codeforces,3901,train,3802,7
3803,20e4f26494980c9b78d962a0ce66d1946c00bd99b51099c9dd5e77993b46e10e,98fbebaaaafb9c71032b3303f60fa6a3445e9d1c1ccd8b796edfb9b09b0c2957,codecontests,13354,train,3803,6
3804,c3c9b4b259e8172da2072c4d39eaceaacb24bc6fe0b39def7f25a2e0e3a621e9,7f3e168db61b77e7ed27478d4d0471f6180ee073048418b0d6e53fa4e8fd0e31,taco,4994,train,3804,6
3805,276d5ffd3981c54aff50fef7b102bcdd41bc59117560443aaa73bc506a076e82,3423404dcc21eada76dbc15e9b1d79563e37bf3c6d8c10f353fc2e51ece8685e,taco,8232,train,3805,6
3806,2ac782354478d41d0c7fc008adf6d123a7a59e118a6796a04cc7d7abce47f5f8,e4cab13802653ce26e894939b42f292a265a58f86e61404d8815702f54543699,codeforces,6751,train,3806,7
3807,fdbc59ef061cbe4b3dd0192669e2ea1524525111261a2cbcf6f79580feacfc37,73d4621e09ce6f4c686acc180a9916a4033e787aa4dbfc6dda33fdc12723af69,taco,21065,train,3807,7
3808,3db163d9567b00a0e8f43881af8dcb336b05630889b76f6f8e7aa0b5da1024f7,554c7c403e084c2c3c3606cc70112c8ac06ecea1fa103e0117f188d8ae7bf364,codecontests,8381,train,3808,7
3809,38b57f9975d5f56501c906e7751be2fca173d3a3f4eec4f73f22d77a059d404e,f4f96298f97800c16deaf07d0523e49f8015ba2b95920f4b464da6babce3e3cc,codecontests,17722,train,3809,7
3810,00855d4e8c723a9126e7608d5efa5358b97ba855182d528e269156ea9dc721b1,88c36378ad772a95dca60440797f216151d30053a99bdf92022462c915f927c8,taco,784,train,3810,6
3811,2d2236bfecd853b3a723fd79d5ae5719a3d1119fd6e803435b663e3e78ba790b,20b6fd39a1a88b7d01c15653ded66bca072dfcd21dfa575b7569cf2be2395ab2,taco,11306,train,3811,7
3812,60624928318fbc674a8b4cbbdc709bcfa4987c668e743b7218b5ec3eb278fd37,c4d33c8004610b3323329279fede3db9ddbcd752cee11ed12e39acee99ef2a73,taco,9023,train,3812,7
3813,98d6b7efadbe04f87914311882425bcca77e32cc6555324eebc63dc99c21e453,aadbe5b8f99af8e279e7cdf24af0c2fe42d1f72ba2e11d7630ee3a9a6674e2b6,taco,20168,train,3813,7
3814,9c0727065a60b0be21e234af2b74719f74f5e259e2d968fc1dbac53f41f49d24,9bcade358a822aa8d527ea9bb53a18806e22f76e1172c20969d06b6104bf6b7b,taco,14877,train,3814,6
3815,c0536553178f3aaef91067dab27b905fa68a2cda18e46b18efd66527ab013706,5cb82b509c524184a6643765db5e2f704ba384a50dfa5bfef45f49da464509b4,taco,3748,train,3815,6
3816,e7f7fde99a5afe957b7e616a3e55c0f9265906a29e2a0e8009c3be204d1397a1,7fab5edb350fce40c2cf50c1a9bd006688eef5569211b75781668cc5cd618acd,codeforces,3305,train,3816,7
3817,66b416078014435329b29668a099f3984fdc9231e4001ad043004db322d98f83,170d25cde2dafe5dd4ec2230c1d2add8adcc670ff7624eafc16398e566e67bd5,codecontests,5158,train,3817,7
3818,aa851d5f1813a010d2ecc298951cc19ef77ae21447aa23e82971844a6966d4ed,2ebe99ff0353bd2eef79837c4c0b69f5a9347cbf1e697ddec311de7ff5faf31e,codecontests,1742,train,3818,6
3819,c713b0634808f791e4c69e5515307dac48161c4e6b328377f70f6ab2d91cbb81,80a7fde359ffe2b468975b754770e91b8e5bea67cc074847d41428117be43d4f,taco,19417,train,3819,6
3820,870943dc73b1d6a87b3b592d4801cfc3384b69169c75fd8ea1d33bf5fcd4c351,86cfb9be9209623d31277992d53b5b8de6fd784aca918c93381c92be99048cdc,taco,6549,train,3820,6
3821,c833aff8fa86c94421f7bd52d3048b028976dda21b29d6334a77d0295e790aa2,78efbd49a0c3f50863065428d992ac59d76fd8da228328f1bb9bb2e2c757f7c0,codecontests,1825,train,3821,7
3822,7abb2a939e3240406587d3e344216347817384590c9230cdb94312e3da6a7d04,21dd42685207d18a07b6a64f5691ac13efd0dc8acf6c6ce59731a5dafbc5a2f1,codecontests,17637,train,3822,6
3823,f9ff25a82539b78719fa1f2016eeeaf66286aa671c32e38e5bf80b0e0e583302,0d232f648bb8023d2ebf19c3b332d205a82c356f36333d53e4e96fde9a1a2271,codecontests,22431,train,3823,7
3824,0bbedcecfc2e73c7825b6bfd74d653d468c42a565a99299491e62066521d92e1,7101973a6ea5b7dc086f4892bc62811bfae193aa5b40fa76d9d5e6be1dc1fa80,apps,22037,train,3824,6
3825,da87b2f367952f7c024f2f339873fbddddc784710c16655b286119f19db181e4,772350a307b2e7fa0d7035c7f319b1880fc13c36b2539c47a0bfa0555be9384f,apps,14183,train,3825,6
3826,1d97f95836141f1b0631da5b6309af6cc4da5accf4c1fd86db56233552e1c3de,8e2718e9e027892d5cfbb38bb3c5d8d79dd32cb2182059c17b5a92cca5c14df1,taco,6955,train,3826,7
3827,13f6d0241f13992064ad1a84f16b4743a30691b77821d6fef6cafe2ca13674a8,af9d431edb34126881a33645a71063b866974abde4bde8f1cdc61aa4506b6734,codecontests,14297,train,3827,6
3828,03edc30cc52da8caa047d32702fe144a2655e6a1cb13323a6f700da348961671,c75d35badb2f663a63141c5580a76d36d2e20f9e48e95481bef7616bda30267e,codecontests,2508,train,3828,7
3829,388b9cd2e32e9ed9f7ab23ac16de408ba84d739f34dbd1d9e94b993f91e561e1,d2e3a4da5e03008a84b77f0963542d69b0b4e52984c7fad928b55d4c956dfe12,codecontests,15692,train,3829,7
3830,89e45326ab2f714a6a7fbe65125a933d84c97348be965b646a7e06db687a5495,f54233770470ab34c54e57c41190dafa3da3976581d86aa370e0d6256433aa78,codeforces,21287,train,3830,7
3831,9284e8e9f3cf71bdb16caa33b79d07a900a76dd37aba8e6b4ec6631694bbeee3,f3cd1286d0fcd7735608de5b8f1ce050d6f2fa14920984d1e8bd8aea2580cbd1,taco,21206,train,3831,7
3832,9a8abca43edc53911f6d7438c2e562c6b67fc86b9f69489a4d4540126b3ab25d,324a9fbda0a705c7c53483639e1c3c74c8f9b138a22293ca89aa93634a1a3c2a,codecontests,21036,train,3832,7
3833,7b329128e15785b4b4241d3e3bfaf20bc0bdec3f577078171e2f5a559164fdc3,6059009592bc92a79ce78ed83f77ac637141361b62e9e079dd7ef3d0b50d432a,codecontests,11962,train,3833,7
3834,dc3053fff302a0f8a2fba714f28827ae13c83ef9e2dfcfa661b4cd96d0373f49,57227e8f4b56c7649ae18f570e7fb181a02553aa17c28e737d29ff0a25dd2ef4,apps,16444,train,3834,7
3835,a68684809619fda4ec1ce46de8b8e950c1f35bc699443e55bf645ed5ddc63525,367c5b6c3f5232b96e1fcb5b1cf94f0e1f3e42b88fead003d1082ec26ba2559d,taco,11590,train,3835,7
3836,72b25227307f765a9b5ea7be6333a8d983ee62def2e276ae1ae5479e41d281e8,e6ba31c70798e10e8c2c673257a3fe8e49490cc1f81b36813cb1f2f3ab93d739,codecontests,19300,train,3836,6
3837,d111a5cd9ca1f72a607e80a210a9c3c34a204d651d6127599d8edf7e442da9f5,1c4052fadf920a44d1053ab06420758e31deba2f51660db92220f7ffce45ac87,taco,9242,train,3837,6
3838,42e0af60022b79d15838737f522e0f3cac77845379bd90636309023a638f9968,e11a60af9bbd3172e0f7a969edb6f4a356389eab575d867d48658217abbca05c,apps,660,train,3838,7
3839,6cdefc452b5a88c183a219d0f78d354df8f9a55a24ef51b9c79a4adb0fbbfa32,0051215e920b78c47d3886502ae073ec179a4973658de487384d134adb88e439,taco,8548,train,3839,6
