rank,item_sha256,prompt_sha256,data_source,source_index,source_split,first_position,count
0,b8e898b632a6446a328c9a2b8f6c12ee5d288de91bbffac1b7fa7709fee36d1b,7174847be1b9bbf748a670580930618bb2f7082b243565a82984e32912ae3bd9,open_r1_code_grpo,582d9ee7c704bffddefdd9cbff49f2de,,0,3
1,756eace1b44ec2269a4afc1a7cc477d9d70525b215f65e9abf07bcf6e43d79bb,058beedcf2b30fc6f8e8d30c690e01c1ac393fa0f84188980a3a485c0cea90e8,open_r1_code_grpo,10cb88d7482694a8d609eca6522dd224,,1,3
2,1662b490da15966a65b7d8c65a08fc3fe098872fa24f5ad27e66dceac7ace117,c7aea901637520cda326bbee219b40e8534a54fce5a5077ccfaee3539dd83d3d,open_r1_code_grpo,1988c365f54df8ff34025281ca4666c8,,2,4
3,8cc9f8374ab73b9429a0d19e9d43d23e9595385e38215ab68dd59be385415d3c,274a23942c35c8d5097c0b31b561588f430d489ead20a56dac14823cb5ea1b8e,open_r1_code_grpo,2ed962b3a9b76d2d82cf4e3cbbf3e603,,3,4
4,2bfc28556172cafc61af2c420eb0ce111da650fe1f976db25f09435c9cd0769a,d15491203823131d9374b3d5351c142461cfebbca9917cf0c3c0bf1ae5510ee2,open_r1_code_grpo,56b944bcaf4290e82196bb6059366c61,,4,4
5,34c58d04f302713f2efa87135313ea158daf1084ea3764560d229fe6b9ec6a98,b8ebe74a39224082be347382500313813adba8ea0c5efa3d7a87ec611efb8d0a,open_r1_code_grpo,f636476543015a768b8e2581720c3589,,5,3
6,010b79360576b84286a9e177433cde0aca438a71a39d1576687ddf928f46b164,0399198f2207960e825a84c5952f58d4ee8c4a3beac758265ade0985718968e8,open_r1_code_grpo,aca671f46d50725f9108b8ab8f8c58e0,,6,3
7,77cad1382d165d823b9924fedcf5278b2b3027889b2e6dd88b20a7cf2413c949,a36f84abbdb119ec533c526f7ef3fb8117d78c704158d621ba2aaf58b86afd4a,open_r1_code_grpo,72387966788dbb103f8fe6d7498a840b,,7,3
8,5d427e69023696c42b6bd922dd04f398ea199abf700adc9449fcc6bbadb94914,f6483c690123ac9361eeca387ae96218ab6ae22138bd12395395115450c52283,open_r1_code_grpo,3e85a2c7956c8689dcae5337c4d92175,,8,4
9,79399855e86b13d75a72d4c31ba66ebbd440534ecc976269e0afd15c7082e43d,4f92767aaa6caf0087310afb089fa106494353eeea78519228ded7db7d3ae02c,open_r1_code_grpo,28dce97ea87a1feebec154176ef54454,,9,4
10,815f524b620c0324742a483f339777dbe74a0794f8c0abe843630ead642a022e,3505ffd71523c9a13b6c1fa830168d7fe192f400e4c99e1824c1e899ba800d28,open_r1_code_grpo,a9fa82d148a07413701240b4f9ee5c8c,,10,3
11,0675b3dd4e71648e8006dcdaff56bcd791cbbcc3ddb2000c9faa47b1982baea2,0aff32ade1fab24178cffb11bdc46c505dd8cd00cd6ff2818cecbaaba349a7d3,open_r1_code_grpo,2f1c33acda28e7353d7eed85f13c50c2,,11,3
12,e011bdccc6d5b559c927115122ee6a273280f1fbbbdfebe3a04c5ac5f72095b2,cb1902cafaf65ee844c8e0b6ca573e39d9ca414d9fe6e97a1e2966be65e03a24,open_r1_code_grpo,075bfe7e19ccda0dcca22ab03e3a15f9,,12,3
13,f089431776abcd800c485705338ca879c0f64ef5ae7a6019aea0fa872e39b387,93ee4ebc2e5dd5058b3b674c16e74d598b55d450a882e53ca2ee27bb89d28b7b,open_r1_code_grpo,84edf7b0f9c543e70586a1608817e961,,13,3
14,8ca8f883045cac6665a4888b5ef70704492603ea10bc8d3c12e38a7c72ce8aa1,6eea42bff2ef1a9e9dab4b992e3cf4d42df8a78277d14a2799670080d792b5b2,open_r1_code_grpo,c2f46fc7f80065efcd99e81dbb900ef7,,14,3
15,04b7bb0e818f20c101e9bff1a116672f779888df8aa2d2d324703470db24c1de,e4e1754708165feb731b688373a49b4f3a5dac810950048829162b9e407da32c,open_r1_code_grpo,fdd2075e57aec863762131bdb8179c05,,15,3
16,3931ead58c3f69921bfe963874a3d9dd398c988c9160af671bda1501039289b7,03095c4c1848b0b7e7257ff2d4eed38e349785958881935ed162cb5e3a2fcefa,open_r1_code_grpo,dd42aa21c348c943246d7e1995c88383,,16,3
17,ed7d6269d5dc9b7e6a346a5a4cbb2b4bc2c1d8ff2c90ba290999cee21cde3922,afe3f385d2e9143dc5baab23071dc36e3608e8af105d831cace2589f424732c3,open_r1_code_grpo,3f35a9a8a6e5d7a99e3f5c906926b692,,17,4
18,29ebd7444abebbbe48df2ad79ddf7f847211b5c182934aab754c541fa821bc6d,d0edd195e8e9085087c59909cb15fd7597499513ededd843dd660f322a33254d,open_r1_code_grpo,79a90e3dd241703566563fc9310d1fc0,,18,3
19,00c538a502587f0b3fc7c64e754fa2ae175c8984d56cbb59a4d0d5d0a8112d3b,94b9be643eb12dbabc03cdaf7cd39b78c403e746818222670bb8444bac055157,open_r1_code_grpo,974ee0a6fdc31918af59564b6b391f31,,19,3
20,ddd563010782213e7b10068a313f2fdeeef7c8fb1ea5c0af9f87fe339ba5bad9,b59561e45f73c4d9cd41938babd69e63b8a6ade6349c2f59952b6a904f3461e4,open_r1_code_grpo,5dd45aca626c219fee625e93d163464d,,20,3
21,578bfb9b1e0fbf28a4862c69af8a917e0041975174bd73be92c9ef468950f021,520500a10c083e0983d504d2c122c35e5f6c8397f172b937f9eb3874aa06de48,open_r1_code_grpo,57989db7b48cc34739c75c58d7c74a99,,21,4
22,ad47f6f92423cee4ce186642385b26cac9b63b393c6858aa9da5d906b571503c,b87db31fe6ad885200ac1a4cf8eb4ffb892b1b7d3c45c0c188774540d51e801c,open_r1_code_grpo,ca8d56374de034fb079184d6619f959b,,22,3
23,555b05232277f3b10828df864353e645b85d8c672651b8efe46707ddd7170428,4468c451c1c3457d537065faf12ea4dd045e8f42e5efba7271722cd0fafaa304,open_r1_code_grpo,bc96f1724bf2fd94852949c8d8fc5914,,23,3
24,c6a2416d5f634616dfd08a238f7c77e4cd9510b22ac08863df56a4700c4d24ef,01925448a5e06073ce4847ae0faf51887b2f348455ff70bd8f4204f2e0ac1d29,open_r1_code_grpo,998a084ff476240206f96746df086b69,,24,4
25,b5d5aac57100aa1710e96022d29ddc23f5ae32897f7a3a64958db69b7ec6c728,a7cc119ab048a3b10a5db3e5f569ecd2028364f899286a08c74ee0ae17e2f357,open_r1_code_grpo,e14467fc0ab7f9328d47eb28c9b5961c,,25,4
26,a5a8fe472b875d6f4f9d1f0322efdeb7563568d4c5445eb5b87fc97102ce6a97,74be2bd5e6f353dec4e921bf40bb9de535ae6d216a3ef510af41916fb5feb5c4,open_r1_code_grpo,bbefef45b1c338a900b870c5a8655cc8,,26,3
27,ed02ac599cf31338ebdaf40ec4fdadbed1a6412b91a5cda807f00082a879f91f,839186bce43295ffcab74f8e08ec883c43eb590ccf76448d2caf4f3c25ba9e4d,open_r1_code_grpo,38eecf48e0b688381f3b9cb1bacee8bf,,27,3
28,f70b2ade1dfae2890cc0d772d599f8298cbe3c3b50116d2671499a2763bf567e,4c7b25ffdb8b5138022774325d7ad47dbb5f73e1c8c694d46822f6ea7ea1e4fd,open_r1_code_grpo,de9a919857300439993f6426573dd1ea,,28,4
29,b634ebfb1e8cecf84a4d76cf18a8ff284f2138871da2e15984f7c9d4c0a697f9,3af028242bda392216a8636fcfe58cd63adea35aa799a2223d5166802af35ca2,open_r1_code_grpo,c2b72f3490f1aef8e9f4f3e08b4df026,,29,3
30,6fb7027d652b73f81e3499deab186131154f66bdbd276582ecbfb935fad76c9f,c678ef6b5fb2106ba12c13c2a90e151f787fd06126a3e129e53fe2e984d1a183,open_r1_code_grpo,23d2877f499e3b3ae4aa0f7755a23381,,30,3
31,325cbe71f980fa2110e4cb3cb6fa401a72d61e1bc12806567498229c5b5af175,da733974794860dd2a5a77e75476a53e773fe12bb3986acdfebb120ca9da6cd4,open_r1_code_grpo,b476a711c755fd66f503c966fd115fab,,31,4
32,baf64cce74f55f16204d639555b20919da4d0fa4d32a513bad7ce671dc65ab22,1dac52e0db773bc0df3794d8488afb9d10b3762e5f75f7ba079ff1107adc1a10,open_r1_code_grpo,95c02c017fca9aac7b46b6f07b8cd1e6,,32,4
33,64004a0f7d13f5390d595df81a047586ca6adce63ba022970ac93395965bcdfd,f10e4aa08c8c08ed356efe2a01c518c8322fb2f1850feb685fea6c9a7add75a4,open_r1_code_grpo,6342e902591b4fa5aba8ea47b1322054,,33,3
34,7e9bdfe29e6ee559293761f803b36426ab09e94bf507739fa486f7005c734dbc,5b47809a58df96361bb0504394565fd3881e309a64cb24157c14143d366357da,open_r1_code_grpo,53057f988e72bd6375f83de94e48e200,,34,3
35,54b150f7c0ad5d731608991d3229d87949b4490f597a194d408d1334a8b1b8f1,8c7e06b82673cd9cb7d08d66885653aeb68b5fac2044139687474e415c5f7284,open_r1_code_grpo,11b71f763f2c9482b639996bbbe33a4f,,35,3
36,0eca4a2ddca2832d7b0598a28a892a0158c9c112a9747c3b07204e3bdecc6637,4c8055010b923e31677740ad9768399b8b6770aba50d7fa69131b188e7b65c46,open_r1_code_grpo,55c098484b8f4b1be6ed86084275540e,,36,3
37,6e9693cfb8b93ced7081d05ff80ab64d2d1220e454ba2a23c0d19be4d1c112bb,952fc6cc105ae7078c5b6e69933d4a40cf69b366c8288ea9266c38f66b239ad3,open_r1_code_grpo,096fbfe139263a49b7d2d4befa1a4147,,37,3
38,90c7e87a4b9ee7a26ab926e50f65a469d85a0e644451196e8b762aab24d8e26d,d7c88722fb5956df96800474ae7da0ced7ea5cdf7fe4ce80c82b4e2f556e6379,open_r1_code_grpo,85c2cd53198d33d99b6fbbab2bb40181,,38,4
39,95e60abf06613a97d8e864b3b33a37e3c076a2c6b7e01946034204c3397f85e3,95e3ee880e0bc930ffa88a4329ca3b3e40bf53807e039bd16423672778499d98,open_r1_code_grpo,0485a6534bb33b579edd193d97b22720,,39,4
40,b9cc433fcca1b1df67098d1b57dc8bb17e18f2b4aff1d1e3c01007fe05662dda,67b64fa4c7c04503aaf9210ef1ddd520c37c6c631a24269db837e48de37be22e,open_r1_code_grpo,e4c86bf00a8bf56d49c56e2b86ab90ee,,40,3
41,6c0aa9076d51c8fd7b897e23043254dd800f63ccb7b034abf4ec9f4fb7cbeac1,d963f1775be59ccc3d0fe4df7cd617cfb3575645c1b2295f9fc31ca83769fdf8,open_r1_code_grpo,e15ec67a2c0d363276751e37c42bfc02,,41,3
42,dfceb7b01788825acac3badb62b16e5a09272aab9f3f89bb0e14c39e98374132,396f5bfcc8a7be8470bff2db6f744852d84265a257dad80f29b2fdf85d96ddb8,open_r1_code_grpo,7b6bba50ab04f2104740ffb87c191807,,42,4
43,b9cef783ad8237aed9c182a021b59802414e8f94e7f661fdf9dd09f30557449c,5b3133400f800c8c287e272888e8237224736b7e5783f532b47bd4b6984b9cb6,open_r1_code_grpo,ca0a00e705a6024b4412017d96106e80,,43,3
44,da5b30071c9212dca9fa0ef195783f5564f7212509c962a544b31cc5f427f338,9d4786b5eda6bfa82d42d462bfa3a5b1c08309582c209b0b2d5e9636d3e74aad,open_r1_code_grpo,d35a8ab6d7d12fe9612be031412ad547,,44,3
45,72afe717487e53f9e3f46b2f85eb30e9166aa438b25f3e169cc41ce63fa27247,a6e21b65d288f8ce30aa91dc995e1a68e13e33be10a4458b5f26857aa269eded,open_r1_code_grpo,a267c352858062058e428beb828ca19a,,45,3
46,a8db05414241828de81f3b8fdfea3b25e79e97c77b5a39e872b79f924b925184,3fb850135f30133455020de851bdc22f241c2d611b8e830ea58a66b50029f87a,open_r1_code_grpo,efc0605242fe9e838385f7c80d329a3a,,46,4
47,faf1343953ef947ba197ac8eaad95bdc44357ef85a4a0f975c97cb4ea75e07c8,cfab7c234d22bbc37c6590813d3972644d7cfdf7d8ae6f619e0fb0480a37dc25,open_r1_code_grpo,8f1e7f1b9e4c3847b4c7f1d9efe65d44,,47,3
48,d5f693eec2911c4f254be7aec5b9095e2d72e164625f886e163ebba6d4e5577b,0597e483e1f11b1a8961d04972941a3d2b40f72bce1bde2b70f37a1bf947d6ad,open_r1_code_grpo,f2cfb65d5f5032b3b991547d77078097,,48,4
49,c30400514c00fff67a08f869d16b8ef33d82d827e35c66684aeb1a5669f94fc6,9a9cd601f20706d1793c0b25611fbde1502618c3ce0b7efb5c839f077b36353b,open_r1_code_grpo,664362c0949f828c8f1c271658628358,,49,4
50,242c0071d5238b62a4846caea1741d9f17ce074814e165b7a71e2ec7f9825bd2,dc82427d6bff6111dd28ed81b26f2ad61899570f625c46e6681979c70601762d,open_r1_code_grpo,906e852a53d41b0dd6468615947e5401,,50,3
51,d1abbc53b9e4fd870ccc624f1b48267ca5a191f7bd2bf71a95fc375a80c92746,1845aa60ae9d64f650dbd421f60d20493272f5d469a20d5bdf8192a6f1c4a055,open_r1_code_grpo,c93c4c5e3ea31fe957d347f233ac30c6,,51,3
52,3d3daa1e148dba87b57e2913076b358950ba55725a2ae5b5a6bdf766831e3d86,de20ffacf33aef85222ab7977f2cc3208286720ea451dff665555c9b291a9bcd,open_r1_code_grpo,60d79f51d570bdce6887bda47ea76afa,,52,3
53,ae80c3b95637c8df78ee49fd11d3e5da1c7d23aa1ff28aea6699a78b480ead5b,de7e8f357a4390b7520ca55a179c71b493ce78c481fcd095c408dc6767dcac15,open_r1_code_grpo,24e16b6aac6251bae2d215712c5dd3c7,,53,3
54,471c058ca6c1c289146d59fa603abba4ea72c2bfc836d2e95292465e2c96c815,54a0e8634305551a992254e0118e2048753470d2729b7cfcac5f86f99b197646,open_r1_code_grpo,36f85daa34fb8e2fd55556920d4cb87e,,54,4
55,71dcffc66c89fa15b0b2a1f550274af9bbc565b6d31d3516861d15c428947489,0047cbbdd353654e263a1322a4a4b5a17ffb16bd34b1339dd466405cbae08db4,open_r1_code_grpo,571ca50b96a93c2a0ef535c9a56a1adf,,55,4
56,ecac5217e48ff81ab8e7b0a577b152a108fa4500a6ef2f7ca6d7a22e2e06259b,2237ccd1857d03852b7bbaf69b709c8082bd0ddf8c64dc5027734a2bc8f99921,open_r1_code_grpo,375eaa45d5162a5105048fe597e7bfa3,,56,3
57,d488ba1d89f7d1de3def9be28b8c8e821259c75e5ab66b88c72147368e761557,84fcb56f42f07bcd67d533a248ef50a54e703e77bcce4f4f43d11dca7d8622b3,open_r1_code_grpo,6204f0b524eaddfb364b8fc0f4102a1b,,57,3
58,77462c4b4e97db85e5021d86304f4252b533a70a6744f84b5a7489bc8da71b91,4e938eb35a5d4a9ecc003f74f78265fb563101a4aa2b3e9aa6c1e1460b0447b3,open_r1_code_grpo,e0929ccc640c8d50fbb9c374ea278a57,,58,3
59,9cb91306bff9946badf14a8e64369d1497bf93b0992628d6004f7ab3b66c24e1,90aeb44054b0c12d2a0a2a95388683e2229953e3e14555ad4e43da9bd1eec319,open_r1_code_grpo,51d1f23afe90c02f77dd84606db1bf1f,,59,3
60,f17b2cd45acda9fe11c90df96e98a2649b93a740412b924d7110e25634a8214c,cc353198e4eb1e8cf1a1e908e944c173320cb97d03f7af0f9677f303549c27b9,open_r1_code_grpo,db23dfd5bf511f000d4be94881a3c62a,,60,4
61,b2f90f1047b215374a2088360a03291c219226149c787800f38c253cbbecc764,70f2923be1be6da6a11fa5e50279c324d5dbaf7995f1f044e6f915b80fd5d8b1,open_r1_code_grpo,b0520c14e8ddd45a200ffeba19e120db,,61,4
62,4c296100c059c42699f4215c8fc7ac52e4d69cc6cc21f85ccfd2e217ce14cfc0,83766bc8841e27f43b67ae5fbc41af729ea4f5eaa2868b76cfb3695e19b823e8,open_r1_code_grpo,a95509a0335420b6d948ba4d0fdb0d89,,62,3
63,60762873d5b10d0323562d580a699cc9f9ce11556646e9e4eedd24472fc73c91,c5b2de7d2a44f0ed8e6bdd9978e82092b43ffc7463545d33db25359554933b29,open_r1_code_grpo,6e4e671e6d8b1920cc8a98cc3f5471d2,,63,3
64,31524d969ff40691db0de6a7af2254933a8d7a6bf9a3612d8c45eed23ba7a098,3e9d27b547e22bb540d60166e4f6277e4db354b987267f7c2bb41b8e899d2728,open_r1_code_grpo,6a327664ab5b45738665e0127215f0c7,,64,4
65,847b7e4c60f0f09ee8c1dabb0a46c48821d61ee30c18721cee427b5ad5400acd,0cac1bbb8f6a6612082dfdb1806c05cfd3d6fb6a86311c1f64e16e9db44c6678,open_r1_code_grpo,23e0c4615cbc61c0c5a35667966b3f8d,,65,3
66,68cc79f54071e18eaa3ee4c88f64031ac893995c4aea60f81155295e12817911,88e44c0e0e003c075115e60780565b245a7e3b9c5807542e5306bf87b8c0a368,open_r1_code_grpo,c740a9e627e57f00428929430b490b83,,66,3
67,c3efe83804576c79aefece9ec82b8e95323d8051e7346b2174f8100f5290d199,53d28ca7748d0488ac93ff6ec2289bb9ffb8fd58a70fcd3267756e1db32d8867,open_r1_code_grpo,3346c6ccc9a3008107a84d7d7e1e3d86,,67,3
68,fe573b7c46a7c199f09506aa2d8477f84d7f4554b9fbbda52b57b4ac43ba89ba,a323fed0af0534115ee5ecfd43476a2ce0156668e4bf38475ce43c59f5c00d94,open_r1_code_grpo,db2c03b58cdc9a4690aafb79e8bdd45e,,68,3
69,cdb53e06a86b9504d52741d6415b169c7711576b5cd937045c21f3a0353da77c,54e519a40f56c379c216277d47e67992c9ae92ccda3524e46440e0e1c37dccc1,open_r1_code_grpo,98f2e7e36d7a069482b71ec668372711,,69,3
70,c554de6538b43ace82b67999f20c6be4051142dfa1b65ffb9f0b8d2c409a56cc,1082ea2ff52ada7633eac647dde377722462e9730efa2859020ec4453e061311,open_r1_code_grpo,18094ea4fb04cd751a36e1735362a92e,,70,4
71,5ddba077aa6b21a03a33be411dfa4b1a628ed86c2230e4c61e45180724984035,e566724d74abc40659f962657c25a630a0035a61499cf23f100ecd60a4381d64,open_r1_code_grpo,50981067c689136773cca3c582771072,,71,3
72,605e3c3d611fbb1f122a006af1c5713b76c81b49f7d91e7e6b19bb86ed76c92c,6ed0191b93e72a7bc04e84fb2d46fe6b8ffa61c24703aa28b6b46640dd70c1c9,open_r1_code_grpo,e9f6897e94d27dd0fd90fbc9c765f991,,72,3
73,7224026b4fae130ae40d6941808762a607f410c84fce5bdcacb631981e74c744,217288401afaf9aebb7e5fc35f95fdabebeccb6c789757821b0273fffc758d7f,open_r1_code_grpo,b4a2d4cbafee7abbd584808677c6b854,,73,4
74,a8fb7b86bcd220d6c1fca7d2f5cda59ab787638089b670a25fff5fe540a5b641,12211d4d82b4dab60ac57b1b79144b267db32c60a0810bfa97e54839bc2b906d,open_r1_code_grpo,3b09c18c80bccaa753454289aa94269b,,74,3
75,e9ef7d4a426a0a53088640dbbd2746ced20808b83e205218d4be529c49628128,71ffdc544e137efc904836137b19b181d1ee6ec6cdd8e6d26c6775ba649cad92,open_r1_code_grpo,0585f1f896353cd96fb446990150fd4a,,75,3
76,8aef1b6d009bb15aa3c28157f1168352b4bdb12737511103e2f9c50ef02d21cc,f3c358bf916f2a606f50e2e036d27c4c98580c07ae20b3d424f6db085ff3fdac,open_r1_code_grpo,162c518047c9327594498e03a36620ad,,76,4
77,99dced583f44601d7391b9e584b802cfbe5df0688e3e16c1db2a26b3c8aef0b2,6eae9fbede2d59f091d4f5bf4df4d944c6f9a2e5ef638a5f0be5bb6aee3ace55,open_r1_code_grpo,832b607e1ca3235cefe1dd7f9f47c663,,77,4
78,31c74a0e236ee9bb496a2a4a19cbb9dc94fea8b70286c6f0980639de7718c129,563782514ca151f08862ba58d51d0ad8987fa2f173137bf57c66ec02a56d7296,open_r1_code_grpo,bcb7aa5ac18b8d35e9fc4d7330dfecba,,78,4
79,b373d7a2e0a27b8c265495534c77f751dffe21bf3d9e88cf6247b2134f9a801f,6d7f5ad570841b89a12477b99232c867998509d1dc97fba68cbb90f53bb7e510,open_r1_code_grpo,598f3d468d83987abea969f608c673dd,,79,3
80,6c20257d541ab5e1b1a5fe22788d3280c88c2dd724ea989450b24b28f222e506,dc93e660a2a5d2faa40b93141b134dcfa393aec5ab31a58551b9c538b1ad91d7,open_r1_code_grpo,018de4c8a17d9fcf52996b68b5ba08c4,,80,4
81,77e06f0a5cd029bed27739bffb29d648e014d2ca1238b89a683280f5f7074871,647dd64d1ef6334781d20cac86c0ef4ee6a3dae1ab49e20f9ca03020b02738c3,open_r1_code_grpo,ab3ab24728b06721da237f93e8ef5221,,81,4
82,c8c19dbb536169eadf7d05c89f395f9b7af03124a903914aa344fab961c1214d,780ce771a78dea031f54db4110864738c64af5f1b717357afced32f251ecbe67,open_r1_code_grpo,549eea4e0c051cd12275341d5e2ec9c1,,82,4
83,9e5d34ded028c1e5dd4afdc9eeefd5325e854d680c7117c9c8d7bfeb9afabd0c,8d1657e7e36e6f9c5f10fbb0643d6ceba567c292806b2da75d4fa0e24f4c4d8b,open_r1_code_grpo,995fd691447a9d981a20f9fc1d84e474,,83,3
84,af821107e956c866c509959023083e0582356435d2a8b49cc632a3d9036cec38,3d1af85144c55df3fcd37240c57df09c9a3ae96a8574eb0e09d015efc58080b3,open_r1_code_grpo,a9c2666e1fccecaf7b30339952f2bf91,,84,3
85,123711beea91f8a0dc961403c64197d9699268f26d2e3fe34ad959f39c969631,87d4d074e5df3b67507709f862c91d8f5fc0f970aa116fd60e1692d7fdf5eba8,open_r1_code_grpo,c8667c273b8c9e909ec8171b5eb41981,,85,4
86,1f10247c4c68498a80d796ea93fa503995eb1cba1eaaee02a742eef0fa6ba1f5,08f2f99db1a44d3d3d843fb65c937c020d787dc8c03108b94b8a19fa6ccaa82d,open_r1_code_grpo,78a3876fb39308d7431688c2dd07dd34,,86,4
87,e9663f40d8f9dacb7385cb0190f742dd37a621fa82e092036d4b8b3c612538f3,0421b2902bb726523fc1e9ae1afcb3c33c05d0b43c0a62851536b976b3fec2fc,open_r1_code_grpo,44d1cc657f929b3f263bbe8174974d2f,,87,3
88,ecdb1f79e05f2036f590f197ab2942fa287912aeb00bb9ddaf7d6c9f8a3cc9c0,e873d19b18a09ae86bac6c5ee24f2859cf586991fbf7c688cdd7ab95dd2116a0,open_r1_code_grpo,dbfa6e42781231318b21d52d8099981d,,88,3
89,3c51ca03b105e73ba5b0f4a19673f8ef14103b35615e192f79c1a6b3f3dc6ed7,6af885e4c100b58d7b1972916422f628fade0ddbfb39fd2aa20a017350e45520,open_r1_code_grpo,2479766730fc1e1502cc28d88010e152,,89,4
90,274a51ee08d915af447f2d439bce903eda541d41eb39c72fbbd23ce8d381fa64,f51a0458f61a17588c67f42bb82291335b1c7c162144c07806b1bab968912f13,open_r1_code_grpo,c65cc48a0addb8389106f18d949f0f3e,,90,3
91,45d95bb3ceacc1eb4f6f57c2e7e5caeef0b0945006cc91643e483c4f397089d5,7f0bfd1a0e1eb7b2ae58a5329ebaae5721e240b0fecba492b4f91e56a6fc592a,open_r1_code_grpo,c4c690bf7bba5ebb15cfb4abe0269738,,91,3
92,2ca3b025ded2ac8ecff06488ec7ed939ffb63fc03c3c25bb12821889acd1d36a,0ed00df084fcad28e606b353d6684292b9a200a601376db43bd959a3f7f3c04a,open_r1_code_grpo,bc1e8944f656fb62f3d85a91f6f131c2,,92,3
93,612f774e1c0b476cc78f556adeec3f99954dcb33d4a7451d09c2adc53fe0a219,4fb869f52a1d34cc6969360b8c542dfafe9a2901f40b3a130c695edfb369efdc,open_r1_code_grpo,a3ec4fd109e97328ea4860fddd8768ce,,93,3
94,356f8a902246400fd1aea11eb97f0cd218ad69c574f1162c1f8b9bc1706bdf77,cb0f3ba96436ba0bf5e6f55c98ff068eefee64bf7ec5c0118c1e656db1715d84,open_r1_code_grpo,f75ea2b748318df320b3a9bc695d2cdd,,94,4
95,52698aa0412ddf9f02e0d03effd91fc1eb6935870f3405360df3c49eca878afe,86822cc5e630f86a7d445334881e154ac9bda7b437745990e05c531c81bebfee,open_r1_code_grpo,ec4045e4153eaabbcb942dda36183427,,95,4
96,46f43080ea73c8e503b782c389ff89d7f0b643245d9181fbafaa4e089319a96b,3f4536979ed6009ab278b7774979a93bd53f518613c5624a85a9bb0408b27e28,open_r1_code_grpo,917b6c58c8ddc114baa9521836f137c3,,96,4
97,117ba6981c1d352b84decdd3ca941bf0fc11ec16e54166ee5a26962503e6f16a,341e2fed8bd76da892a21aaaaa769cef8c40f4eacce656701417f1f82d1a69e4,open_r1_code_grpo,afebf33f90127fa59c54e4accadb6c08,,97,3
98,36f95d3c12c56daf7bc05602978f736daabd6707b13752273de0a206af2c832a,32e29052740ea7bca798fafdb631170741e55caf24e9a33cefa07c3aa5f9c1bf,open_r1_code_grpo,c8eb8758bd5bce5be4c78e2d7dbd8abc,,98,3
99,0941e08d7261016f5246de6f9213d28683f23485b10ac48935804c1bc5c25915,1ebf3d79fdafcd2b6762391f8a7708d61d69a682744bb4222bc32b256c658c2f,open_r1_code_grpo,6b4cba68d9ae810aa4f9e3d867fde7fd,,99,3
100,bd263572a56ebe26b7c66fe9005b1e62b465bebfc9263bd2da791cd0cb37d0e6,1369544f686155490ee2652d0b5d2e654df451a1115d836f8defe262325c999c,open_r1_code_grpo,00d334c9b1a95f75ead1ee3d6dcc52c9,,100,3
101,381a7d00175d9ca033b2031b9ef77b3168e98af2e91a9ab1efbd1b8a4aa55952,4e7b23ab2250b50254e61b811c06597cc2dc4d7c8490e7f4b2647934724feb18,open_r1_code_grpo,9af2f3c0b68b16a9642b5f7eb7b3c39e,,101,3
102,ea4f881c2fd70ce683b8ee23e6fce9f677160d87c60b93d7d5d595246c913f6b,3af836303d52e22a0c9cacd27ffd08df7f911f2226c2ddcef92006ffb2d563c0,open_r1_code_grpo,b8a59551764cd733d898982cc01e0170,,102,3
103,6fcd98b574217115db455856562bcbb29990c112f66edf097c76cf1426ce5015,1cb405da99f56d4a9083c9ec4cd70e9f888b6b261de93d4f516c270f732dc5c7,open_r1_code_grpo,ac14f1074f49c23c45905448f3991f86,,103,4
104,c1cd1cad96e5ec77b263ffd7b0d667bb6eb5eac8adda4033fdb9f232cfa16d5f,a209cafc68f32f8bd0d7321084ab240359c03d1a8480656f409479130ead4b2f,open_r1_code_grpo,c231504ddcf16c0e4a78b4efa6e7d238,,104,4
105,55d8be8d5dd050f5eaa5352621ccbc15c19a4388e541efeb16ff929914488976,a6fffdc9d65d3e1530308f83dba60330fed8e86241d8890ca76d9b85764357d0,open_r1_code_grpo,113a7b4e28676b3ef5a72bed7ebd8e74,,105,3
106,b502475725135663fb9833bfcb6fd087dc5982fb698a98ca11670e5ce7dab302,4d1c750dacbdbe35e00bb45fe4eb35d923ad16784ef4fcc457146d48f7d134e0,open_r1_code_grpo,7ebcea1411d92d81b43b65eb6480e9d4,,106,3
107,26f61ab381dee77988516c6cf4cfa9b39ee2586a6bb128d2a58dab67e153a821,fca7df6c2c37725b62b6d75f34ef3aba371b289307a36621cdcd70f4edbf8122,open_r1_code_grpo,4ea94c5d1496a18b8f9fcaa4e0516d40,,107,3
108,5647d37fdf781e73e12b5da00daa20ed6b29d8aa00da7341324439ced332b9d5,1bb4197628ce3ee02ba6006dcb13c4d578c0394d225ba04153ad6c6e5853b045,open_r1_code_grpo,c5894256820e3566ee84f048d7c51759,,108,3
109,3d64dbf75c5df69e3f34f8215c742ea04157847e0c60aace941e153e3075d000,f08fe4ac29ea50cb93469d539f66f9226599146ab7928ee51f5357139d639ef9,open_r1_code_grpo,103158bff2ba3b84915cd668ad4d965b,,109,3
110,7fea454f952160967d2b0d529bf411dc5ef2ce26ab9dc9dacd5aa655bb83e9ba,25e51f6ddb78ec2309a4bc40dd6a6ca4ce1c10fb465ba032fd06589298cd4fd7,open_r1_code_grpo,5f76e82610e3d7d630c1b91577f612ec,,110,3
111,f9481e7710c75fef8834654eeda0f87e59dad031606afb96d289a1781dcefe73,c8e99c18315edae8b4ce14e0523e5964e5b2ce0c4285c51d7f6bf6dcee845cef,open_r1_code_grpo,098491c859c6e6d6dfa723088dda95e6,,111,3
112,23ec5e06c42659e24a33a8d01109ea81c7256c0a7977f857752adf8af3ccac1c,488450ac670e51f2a814999f40a58fd3f0ed1cb1119128a980fe253415a16202,open_r1_code_grpo,0a0a78cead77613429f076357331a691,,112,3
113,a12d295c5473ed3c26683282dc4aff2ce4c428260ac7985b12ee94b5176033aa,69a621a52c02fbd655987805a2b1b0e1ac93dab2d6245ba222be0bc6de634f2f,open_r1_code_grpo,225ac78edce7884cc1036988a22bcca9,,113,3
114,f5a81961b0a2cc07359d2c8c2427a0f9e0e5b8a90b1bd5d3d4e85bcd8f0b38a0,b708e30310e45d46c1807b933e195316371e80b6305f9ae44f60d4f66a3175fc,open_r1_code_grpo,2831f3f23b59b703978bd3f1f3b333df,,114,3
115,b580372f8635403cf43c6ae4672e0e502407ebcbd913661cfaab93cf5cd3d3ce,bc7e8c3890c17a3f45bf0a3e8cc34fddccd62eaf552c9bcc04035d6325000d38,open_r1_code_grpo,fb3d6435a61905d5c88e4c8b32870e8d,,115,4
116,4669d01413b79954867b44793607554a6b3a6bfbc4bc3e12971b9cf2b6b4ae40,7e191bf2cbc435f2e1e3493f5db064bceb70b9eabd887da73b7dbc6c46daedce,open_r1_code_grpo,1e28447d0b30362a4d68c5964e5ed9cc,,116,3
117,bedcebf25c9c829ef0a6a99fdd5cbae42211b177e7e314e15660bbf5ee95d643,e63cb21f121bef96acebd99cdf62f78dd773ba4a60b85246095e1a3d52e7cddf,open_r1_code_grpo,bdb451b590effd6a310284a6a7f6c43b,,117,3
118,332e8216b2b51fae4aba6ba2909581ab3699879f5066da8febde4e2c5762f9df,328e1ef2d16bb75b18ee3cb9ae22faa12d169211c6ba9c58e7f18e549ee1bb30,open_r1_code_grpo,a1998af8c35c5ca2bff3786ca24e0fab,,118,3
119,7d6c6c8794497633aef49ae48ca736f48605891dab76296c73e6f04f4bd658da,04e6d136ccd2550f6266e9ea2ffcc995115c774f5463d058e000af6d9f11397b,open_r1_code_grpo,b1a607d7483993a1cdf7bc45aa6b215e,,119,3
120,6ae6fafb3c2eaddca75a9d108422917739736e898ac83692be820632da74f46a,d63819d1e978ec8422d9aeb7fa411a5d1cae35b2be50dbbfe55ea5a6bccf7d19,open_r1_code_grpo,115f3d9cedfe3b9896dcc95f24e8eae6,,120,3
121,65ddbc88dca7f1d3e53d08374435be39104815e1fc851fa5b2b7841d6b83fcfe,00cf95050f758fbc35b55fc554afd402bdf1a0b44be03cf5c29386a93e01c5fc,open_r1_code_grpo,ffdfaa0937560c36743b965dc7333a62,,121,4
122,762c5652131d19ed9f4eaf7dcb3312b27f24a747537e5bc456fc1ed593d8bd93,f9788a04068fda38b62c4c8e0eaec52d2db02c7ddcdaa88cc0ce54dc8848aac3,open_r1_code_grpo,4a2ab9f91c8b042c9911939f38e4dd83,,122,3
123,f31b38b039d9f37e64b9bfbfbfe65182eab6ce5602919528f634b146ef598312,2de9eff8123fcf105294d4290ea0f1fd2b0345315110a04a9d02afb2ecb9c0ea,open_r1_code_grpo,b0950d56b5228053e76f27d4698b733e,,123,4
124,177b943492838810afe92ad2cec7a7509b84c1d27993343855b12121db0d8c97,4b8e8112b1372ec8ea24f98f2eb9659a890d424594289cdfe86cf1f14ad13288,open_r1_code_grpo,5a047c1446d1c6286fd3d3b91c828334,,124,3
125,07b3c9461f5226190f8f54cef39d723de4e0801fd8d0e3840e8c35e43cab9070,e9d1649004dbf6d995f5fc2d24571bbbff269f0875514bc5e609b724f0fa532b,open_r1_code_grpo,f913647d69d5eb20d258d371ec708610,,125,4
126,2267f04c61feef66848336e4b47f8e8aebda4523b449be743a4fcec32a3388ae,6628f083d5be8612de1ff229bf23e8c4ffc11994182539c39e811a3beb74a001,open_r1_code_grpo,376c0c67068ad23d55fe135a1d6ce470,,126,3
127,c2fd99be0ef364806ceee1345eb03bbce35a8e555092bdc1266acb4b39c7f9fe,cf968585e9c85e9a69497e7606f04aba14bec505084a79f53a917e5a64bc75b9,open_r1_code_grpo,4a55dda61e6aa0f3c8442e443e27a8dc,,127,3
128,13b0967c146a99a2a4742074a1ec51a32b4afb3978457839fe86e87d5c4571ca,3b867a7a23ba7c05c585783b128c2311625acf7b513d2f599ea7f5de80d9ec6f,open_r1_code_grpo,c80dee3ec67dc7094d4db1373409a05a,,128,4
129,f48b6ee1dffaefd479b7bc641a1dfc53679a5be4368ac423529a6665f0cacaf5,4830caf5256ffcdb3958cf16f87c2ced0d2f5d9a2a4f364577d71d461fa5f6bf,open_r1_code_grpo,280cb988fbfa08614ab242e60c6a774e,,129,3
130,28dfba2b4a796454acb3093ffa8573d6385b85fe1d5fd6264748b12d91d30ebe,c7bb581487690a28821161ec98245b96fe0edca412781e5bf8176cfe22801fd9,open_r1_code_grpo,4757f7fb8462bb12b56ae0451c2aa71c,,130,3
131,144c95853327da7fc151a6822d51225f000c62f851764daacb4e4064f092951f,c6c5c0e65ee62f926a197f946925879990976b1b2be5336f02b24d609b39a603,open_r1_code_grpo,efc79bea4ae0974c7114ddc1d46eb3fb,,131,4
132,156bd5035c3114fe14e78cd42b9368239c51c2d1f56432443b69cfd6b467d095,bbb283b7d37c1a19b75a91521ba0f2f2ed3f77f6b5b54904dea0aa22d9c338b6,open_r1_code_grpo,be872fd8e563d3c7ce775367cad82cc1,,132,3
133,5eebef465f923eafae03c2b4c957e79662d10d0f04814bab8890faa23d7d1643,f86b5f359f17b5db65d6d2b152a454cb2c0d9eeab57269661c76fc61fbba9e25,open_r1_code_grpo,52cbd7f62fadb8607f94cc9e8ebcf19e,,133,3
134,dee9370da5891d98ceec0037e38bd70ea03bb4245c43fc35401b870c461b9a7b,c98e2450f67d0881658763a4bf1e547a71b8bfd3f57ffe4d2fba0aded85af6a6,open_r1_code_grpo,67f4e563ac6cc486db164c4a014c3fc6,,134,3
135,9fb99e15446778a5984a757c3e2263d853aa33a74e6871f47088b3bae2494af2,296904029ace20414e2424e6ebb6ca9a625a14b454ee7ca72bba4aa6d79da8be,open_r1_code_grpo,9a8b1550038387bc83474dcabe471340,,135,4
136,e49c9cd8165a36f299bede8d28f47d3442ba2de60aa873074c5cc0b7976a5d40,bfe395c73e83df1bab691298240c21f6639b6ead924c605b9d227e589a49f83a,open_r1_code_grpo,5b73c14772c98dd6c8ce7aa56a745f17,,136,3
137,7bfd56592deccbb0aea255e42515a247c13e1355a3f5175bd87ec40124c4a9bd,163a7350058ff90bca383c3e90ee4d7be3d0f3844e4a44e228fa3445606ce264,open_r1_code_grpo,a2440345288e509f2c658e4bf6d9c110,,137,3
138,466efb05845d292523d4c841159cd2e6a9afdb6adcbd87ee8a6b198dba02d174,5f83155139496f618340e2216eead950c136d0d24a87a3d57be6e436882bf533,open_r1_code_grpo,48088ffa378e29410f0f92fdd6a62b83,,138,4
139,970f5036fecd12ac5d6b336bd8c8d13c8a8dee75d9323a565ca3263fb1d74c14,c73c5ca4f023293444312b682190cc64631d89d5404f071ffa223df1ee465ec3,open_r1_code_grpo,d1bcc189c2a993255d8805c0735c17f1,,139,3
140,df9e332df33c0fcddc1a7758c35b34590fa6e4bf67704d523020ac491bdfef97,6942533cdfc325cf749218275a9737ca88ed0c1fdb09f882f5dab74c29a8c3fa,open_r1_code_grpo,f669664d2083b01c6ec8f74605ade9a4,,140,3
141,4e59336a2f1eab6ea4f1f4c6d9e119c81661278e3f005e863702f602bb8ffa3a,1a33d4e3a14000ecd6e8abe663d7aa10262ba78fba0e57e74e01495bdd684d68,open_r1_code_grpo,e95f61f96b56cf90956bfd37a4c6de30,,141,4
142,d3a1ba3f6e2d9a8c43329930b2425d3171af65c978cb17dda0d2ed4ab6fdffd1,4e3648ace6d7c31ecf712938759e95ba0776246bb60834a6979c4a6aaa978bbc,open_r1_code_grpo,87534a5f0d2f2cc405c2e744887039e5,,142,4
143,edbbdbb22150cced8d2a89f55a0d350a14768f57b2254a79d0e7f3fd592f0592,b260ab831b3a1d4b41ed2cfeb1d3c96bf3605ca8c19477e20df799c4f56c1da2,open_r1_code_grpo,1709799f2a9004c19ba1d5ccfbabe287,,143,3
144,223cf2d7907bf5470804cc0e50a51b4abe7ba343ef38bb9473472e40280797e8,26e67c38e2a3f216a5d4c9d3a8e7eebc1c5d541398b8f6305676bd27b75aaa8b,open_r1_code_grpo,e312af9649e3177dba38db449f3b8d8b,,144,3
145,b337ed182409502a8d69adc19c5ae89d88463e49ad0714ff48e4fa3d292020e8,8c7521adb6cd158e10f50a1a2489bb8c20c8b0a71fe78a015911939de37a13cc,open_r1_code_grpo,721cca8bc744c2f698bc4c13bed65565,,145,3
146,96e3a88bc0041bfc24f76379be866f81477ee9fbc7a293b36addb7ca926302a4,51254de68f442ebdb7e7ef70968759ec34a1376eacbac2793edc6032e6bb443c,open_r1_code_grpo,b6cc0a01647c17f58ee8627e86b12e5d,,146,3
147,97104c6b8817339b9b2f91deb5fde655233d5306b6eb8b09fce14763dd166906,a3b7020847a8c127f4944fe9e61ec91e0f458e4fdce41e3d43745b8e7cb2bc06,open_r1_code_grpo,678950fb25ee28d647ea0b49abc12100,,147,3
148,3dd495fe628f5465b0c960cca9f7779402760efec84b02a19bd98ba792ca3cc0,a81a114de93ca8f2194d07b8e866a312dfdbc29083388bf953a29d489157bf74,open_r1_code_grpo,570874fae71090e60dc7e8e99fe6420d,,148,4
149,293246184e29c1cc3c573959846ab9f99e35cb5f465aadf3692aadc29ddec73c,e69f448ab706ee63db49e8a38a5b4832d762adf8c6894e91a80089d403d15566,open_r1_code_grpo,8d1b59aeb07c7277d5dee41954efc8ba,,149,3
150,7b531519fa8a290ac60f1cac33cd022a1a20fbc52dbddc25c73f6437377e2c22,0cec981f7cfd1dcb29330b8226fc4aff230b16efe2e94564cacf88241e4970ba,open_r1_code_grpo,a32a437d0965d04b8440b431d9dd9166,,150,3
151,6cfb9dcb787c60416905f08d72ef316768260a3472c36bcbed0505f0e62d7399,ab690595db624e5c482577b49c906ce5fcabacade8c674d3d7a6ee20c154b4b2,open_r1_code_grpo,f70c1108c6ccf632a6ad4d5e85ba7f1b,,151,3
152,5eaaad09773ecc3c1b9ebf7395e709f402ae979838220cb9b9a0c945a4965c57,5fea45ec94d73ed103c7cd75239ebaf7843f05bbb3f0c73e56528f853a2df50e,open_r1_code_grpo,4bd9de190ad20a31250defb4fd7e903e,,152,3
153,6fe81236b89d221a82a6929210cd04bafa8f72949bfc9112ab96ad12a25b2607,14f2a352434a3e2f96fc0fe24aaf06eb0a2f9eea1f6591d2e051ff4bc0fb5c11,open_r1_code_grpo,f73e2b0dcbfdc0d0c9e62ec5c0db9d31,,153,3
154,0337fedfa03b01f2fb1e878d776de951b9a8b7320af2035408d1bfa6c19b034f,8c0ac47fdded3eddca42faecba42543e0716833ea2f16f44d40c699ed6607082,open_r1_code_grpo,0f48b1b73c74bc9f2f0bb113a5a90de0,,154,3
155,ad97e5c7600130db2d9739c4cfeda962bf9303c93b12ec029d0d06292edda87e,150a501e59b8fccbd3180cc993d42802d8035f8ee2e442066151eaadb27c4328,open_r1_code_grpo,5496b85a644fb580e58693fde7bc6244,,155,3
156,66c507a5655befcbea85053fe425e5f5e75276d3551013235856e88c35d81ee9,b2d91d38f79175c1c71a621d44bb110e9128d4023e52e682f653ccf94f2ae17e,open_r1_code_grpo,ad9e87fdda0046d2beedcd85292947a3,,156,3
157,85a6b592333593a8ea211aaf28ce2382785e94ed7774a53cbba829cc3da1fbfa,1788db2778230e6c63a61a1aaa14f8a4c9600be6e1e8406409042ac5701bf3d4,open_r1_code_grpo,08395404c61bbaf87fefc08dd0543c3b,,157,3
158,999f58c5096bbbeebc19b5003139dc2e2e2c7ba66c25dad436b7e1a9e7e408f1,e496a6024121365cb50b27d312d84fa98a3d25e41d3fc5242d9329ce0423b8f8,open_r1_code_grpo,4a53f0a6205dd800b932d1f162192edf,,158,3
159,679da7984d2f56275f8b89ac1fd80d45a587a7b219ee114ed44517bc880c6aaf,c0a7862ffee441599ab85ea547850d3c8b77725b6ba1257d8e9aebaa1a070c48,open_r1_code_grpo,e7b000c96582206790ccda7a575cf6c1,,159,4
160,621558db0ba114e7a25a79f7f378b14b3efd541f071457fe2d467f44f7134c92,8d5aa3499b3e277d5a07b7161b65a743c13254d958045f2cfc8de3dfd41f8680,open_r1_code_grpo,cec075cc91afd158fa820ba610c9db0d,,160,4
161,27839906c1518bda532f7bf93f14941a8a17be10796b81ce3a78d394c5eb7ccd,9c3d4a7a7e22995e34be724ae749bce66548a7d4a2fd467326c58c3d07ce950f,open_r1_code_grpo,7e830af8b59759e5eb3f1b714ddb85f7,,161,3
162,0b2b073070bfd5d2c50aa83b41bc07dbecc1a71641cfbca72b7452dfc59dcf50,a71db08b495dabce27173d766c3a6c7bac4bb05ebefa2c7f2bbf58d0375efd3f,open_r1_code_grpo,9fe026e3fd8ae5c3b41ed5f768d7f3be,,162,3
163,f8c1814eac165e5d5c713a7448787a85ec37e5413f8fc96c9778e2e1aa49e924,53fffe673637994491bbd9251d8a08be497224cfd2d97781816e33f8ff0ad5f2,open_r1_code_grpo,02e63b291cea990eea9aec081100fff6,,163,3
164,763d543317ead190d685bf27ceadcd3daa9c656e6954e7d065ad0d46ce5bbdee,c9d07e41d86a7f1a199804bfff83676848e753148e3f5cfb9856cda9f385882e,open_r1_code_grpo,c7e8deac236430de9890e2e03f164e4b,,164,4
165,fe9c92365eefd7e35547ff023e381529ea02fd80cb445e85909c7c6a662c1dd2,c7feb83714580e3354caa4d016bee50062ac97e0fe39d007835e7fc677b5ba38,open_r1_code_grpo,60c6848dac01b7d2872470f386a6f0c0,,165,3
166,177d2454a6ce70137d821b6e92fc43171ce44a0092423eb451f13bcbf99f155b,6781be1adcdb0581dcc773b6d0f3ffa8276c2d03410c11fe1814b4822209c7fa,open_r1_code_grpo,a9bfcdb580eefa6b1ad1508d4b028f34,,166,4
167,72823b7df8aa4c9774d5bf3b14940297990ffac2e5cd7e5c61e2b26bd0532b47,3df5a69b390043160101650df8418170944ddcb819068f4b9bf9b64521912ec4,open_r1_code_grpo,18764f4c940b2fc21d8df9292124bd2e,,167,3
168,a4aef1f64664045f631eb51877cc8a984f97a21d32d4b35b9e43daeced56fb06,c399ab0cb5fcf6d808f248bd99f7b0e05813b2b4af9d96eaee8bf38d8665ad62,open_r1_code_grpo,078d80637669901a2fa2abc58b3ff56d,,168,3
169,5aedce274d73b21d5a9345e94c9fd75995c96861e2a7e27c4a8b98980d520130,126081ce4bc7dbceb635154f5b220ce5a8806edd132106f94ef38cfb6fb64592,open_r1_code_grpo,3316e99be48206a3d1dd5c76cbbd9e98,,169,3
170,7650a34a088642f7ae4b5c9b7e3bf23ffcc4fb0797764f6455f7de5c1d98136e,bfb9cc46732727241494fb2483f24c514adc25fbbee32d98d1061fe45644cb5c,open_r1_code_grpo,0ebb630dc0982f64128332bcb145353d,,170,3
171,8f614b45578a91be46ecfbd4c3d6e2f1113c9fba482d0b8f10252655ea084411,e89ab45313a446d518368b0c42d9bf21ed4cfa90461456ae967cf1bdcd1ff9ab,open_r1_code_grpo,2911756a070361786b9bf68ce26da5b5,,171,3
172,6060615737158764534d423678cfc314d171ebe6078e454c2d34cbb3fd221739,075c69a56a519c57735860cc768ac63fc7e6cb0cff16f1602c63636e3dca123e,open_r1_code_grpo,34b78146263d828832e89c0d991b1208,,172,4
173,28a603e4b1225c0ffc08c5c31a4f4ce8043bdb2d523826edfe00caa9ff7609cf,e36f4da13919d565a0967973570bacfabeb01dea25eba741552dbad24a9e516b,open_r1_code_grpo,e610953e2cccfd0c41e329b99e5a776a,,173,3
174,97763d687de7dd9ca923d1e56d22ba1349fb6b1792697c580a83b8ac0d50b7f1,057273e9f71460f37e099400df09a501a288b78294e0872cda574718741fd935,open_r1_code_grpo,fe84c350216ebbdd7f6e0ddde8b1700c,,174,4
175,0d1652b252cdacff05fb91f06b189f8aca6f14fce641264d7e6cfabb489806b1,866f319ca094f8e06a6dbd2d1f2b15aee05db322a98d16e2d7312abc434b6927,open_r1_code_grpo,f80f315bec16949dba6ce24fec60266d,,175,3
176,6dfdfdac7d8530cb7271398440e07dcf92bdb83d477ad81221d3f0ed5194ed3a,b1d140f2d3d47682038a9e087780674fa0925995358c354551cb5b937d5ccc1a,open_r1_code_grpo,553ad6ad039abe7980d7e413e11992f1,,176,4
177,23d2556eb452bd3526b10824f1ff27e3b50554ea162fe846c9d0560685c9d2f3,cf0433154efb68c03a2bf447939a7974b39d5ba7aad6f3c7940d046eb15482a9,open_r1_code_grpo,eef0cf0aec4e65c5cec18c2e99d81c6f,,177,4
178,7e0563504e5dbc5f8075f6cd9803bdbc7b0258a530c225ef6ba90abab856d07f,b70cbcadb7dab17013ca763bdfe8919f137a897b233063079cdb6e0f2f0a5fb7,open_r1_code_grpo,744cc1e0175f3b713cb9edcd53cf1a84,,178,3
179,1c499c82f30995ef6486437af0b7c2d54278db4cbefb2b97f35e7efc25cc6b9e,01f4012ceed400377f12e3d8bfbaa8953cdfbaf77979e3fa2dc9ff00c2d7c7d6,open_r1_code_grpo,3d22d7fbf2bc866582b4f1d5b34ca5f2,,179,4
180,4c8dfe081d0389f8931431f00969dba234945af92da000001f7c979dbb808d0a,57d4d528693b9990026f74a703d3c215a40b9d91d366d5f5186fb30d60f7cbff,open_r1_code_grpo,af8a334ff4e4c3723a10dd86dc95ff64,,180,4
181,46de427bd778810edc75bc69d86bc3d5b113a63559b65658e754ba5e3d4d8042,778bd0ba2b0b7c849f19ec473f15958358040ce092610ad4b8954543a0d9c821,open_r1_code_grpo,c3dfc75d7bb00628bc2b69ec96a79d9b,,181,3
182,cb004aadab52ce0903d183240ff867701eeb49c39ddff1f41c10f952dc6bde5d,bc65712fefc992a4b60f930a6fdd5353027715b4bc330d073bb8b0ce183e9c16,open_r1_code_grpo,35a770d3cf12daa397a8fecd7b6b3b7d,,182,3
183,4595bb3659da4296bc5f80082a723d7904198d7ef8ff948950d2bd95ca14268a,9d723cc15e84bcf46595a62ee61a3dc9f3883efcdfd39787585c2c4c249ba0ca,open_r1_code_grpo,34de4091c641235ab4fdd449e552f9be,,183,4
184,088827dd8f1089d721b5eb03a48e85918e5c12fcae0f097d14129ae3374aa17c,3f21f69c48e096ed4dc81e0637ff05fb8d8cfb48edb687bb66c390a546a3ad6c,open_r1_code_grpo,1e9e4363e5d9628184d693484ed8eec7,,184,4
185,2e70b03b5b296cb99306ab825e6c8f7e4b24a461eb269342bebbb0db5c9242e0,0edd90542d0c4aed5eca69aeba5c60a7cd1dac8819e45b79e0d106c864d17fa2,open_r1_code_grpo,bafd26600cc801b977c89b4631fe5919,,185,3
186,755df2d44fe625ed43cf4845dbf256381bdad9326a2d5a7e3a53c736833f7ba5,bab2e540b51a1e456936c9e2c78126e9219a3faed955ef19b66473c703bf6b97,open_r1_code_grpo,c5f41898ab2f3e78cb7102fe9faef731,,186,3
187,95c73df9a545425564e17a3e638ba7018eed18249c6161261cf7433bf174d812,0bb07205f2fe47d0b93e36e92b7c5135b4d91af89769a7ade9f902b3740b5c61,open_r1_code_grpo,e0c6c53509d1e1c595f8a85b9c1e6b7b,,187,3
188,b50b3ba762266138a333d1c279882c5f03e8f120537b6c102afcd67dfad57bfa,52a5fd37b28488838948df7a0d483e07fa35f3efee1d20bdadfb9c7d160ff510,open_r1_code_grpo,f275f2cb38837c2050a5459ec119c690,,188,3
189,40c02fcb6375eeb5c32bbb909839c2a1818372f606181e3b0f1518bfe8eb159b,bcf1d000b7ea208d4bcdd8a7a03f13b84186a7e23604bc179fabdb5f339d6774,open_r1_code_grpo,fdd5876c37d22a6830c5ecade6e6868d,,189,3
190,fbf457035d0f3b9c593a2b0d53a07110834633310c8b3ad98b9cbb9c15299c1f,b5d49fa0611c102c9b95168e70a71a818c041dbc7e7d38cf49ec4acc7a40ed09,open_r1_code_grpo,dd54feec76d9022bc024bb44da92590e,,190,3
191,82cfce9188ee193e7a5985a11b66065bbec40b1de649d3bf5b2bc3dc35fa397a,40aa281c1b79910ce721fa7edcbb016a2852eb216e0db4b5762bfeafcff2cfa2,open_r1_code_grpo,ef4d2afa4776c9bdfe4687ddcd5af86c,,191,4
192,1d62dcb22e7edd4505fb1504bed21a34e07615379e499b8138fd6529de129ce6,5ba5a17968a5ff11e7cb928414ccf15489a13f205aa4828ae15ad01bdc2d2874,open_r1_code_grpo,63ad060bdf94c74cc6d5c5a626cd2a37,,192,4
193,08f165ebfeaa9593c4f3e5735847ae70cd4e5fe7e5d9d24021e366dce815b576,aefca2eae65641914740b1b61f0eb607e0692448950c8ae16031ad2dd768db8b,open_r1_code_grpo,745a35db166df7bc50434500534dda5c,,193,4
194,55c6da6eb9fa8fe356b5df598fdc15ac19c7f4faf2ad6db2cebadc0f8c249973,a51271916bf2ef3f03ec17895d15598fe1ab6dbcf16e79039a7ca59656f73adb,open_r1_code_grpo,8a4d81e9841d25461e512626f718061f,,194,3
195,d55cc0c2303cf673a811a232885da4dec2b7c43655a95dbb57b763368e2b302d,aa3b3379a78d2e8905a412e097d784611237974918ec7733557ea6bbe7a6be75,open_r1_code_grpo,0c4e4b3611646a2845ff636388774107,,195,3
196,bc60cf0ea381e78e886ed1858a77ac1f645542c21b70714566388810260860f5,499f8d0a0114b940840634e5fffdfbcde7a9010250c6d91f2511a36809b2a79e,open_r1_code_grpo,98473d415561d3970628316476d3978e,,196,3
197,da4594f9fd8f483f4b349e39c9e21794eb159d1bfee864083475ff9e2634d8f6,0b0e5bb7ebafff2dca43345a3be9021cd0179f3dd9de650bf63e865b42bb0255,open_r1_code_grpo,4c5ceac31f4ed5619d1f4a48bb616554,,197,4
198,346e61ad364ca2fa8f2bbaa59a90e0083d1a919fa2280d9c928a84d31a7d488e,6464bdc017d1bdaa87df6c064b771124c2bde8b7bd2583905558ba50f942fd9a,open_r1_code_grpo,07a30731952918b644892e0e2092c6be,,198,3
199,bb848e808ae19206854058b7cf0faf22c547718f30397eec619e60299c0cf126,7b2d5948c23e7e373881b0051e38cc29070436c43187ccf2b669a01a0e4978b1,open_r1_code_grpo,23e9cfe0f6a8040d4d90cd0f7ebb37e2,,199,3
200,cb8e762ba2bbdc8880ce4be1845e6feee73d2c849f10b24e7490976df6030ad5,6bb287842dcad7d22d9add0f227ad73b5c549c7f33c2e15eec53c1d2ba9050bd,open_r1_code_grpo,86abaeee87954628fa7f5630698b2d31,,200,3
201,b31c577a2c6fa8066dd5d1d29add2d82c15551db699702c145b2552591dfec4b,6dc85c85703bda7df074ae1c240283ab8f7a31049e95f5e569c41c5f598f655f,open_r1_code_grpo,9637d0b8fc1283762d306cb18273cf34,,201,4
202,8a01813c2cdb347684153ef3cf6df95b0b689ad08db895c3797e7c217b90297f,8d111b6ec3d0b2a7d4537b67a3bf9c8569ca1b0012435ebba5a0a519487d0d89,open_r1_code_grpo,0cd0cf063c2c19434213df78280d1df8,,202,3
203,bceecbb3194047695d53a65dd07817ebeb38d6d6305d7414d30e678d96e96393,e790ba55646ef59f4870da13407dcdb22e52066f4d859946a19b8507a9361927,open_r1_code_grpo,a932d5e6f35fb45712d4b498a85ecf09,,203,3
204,5b129e9063009b8ca901b18ef3e044aef992b59f730133f57905a0891d35dc81,c14690e724b01e85a8eb10af9dec58c5c2d68fcdf94e8e5b77b5b8a22908627a,open_r1_code_grpo,40f9602e1ab8091d94be4e497809a223,,204,3
205,093ccb4b3591085649445988397761ce730bd1bbff074848e4ff2169bf3291ef,7c5bfcfbd37ff8f9c3a6e1ba4201f426c112a24e529985806e4418e561d35509,open_r1_code_grpo,a3f0fa9b3b0bf51dc5a4165d09d13f73,,205,3
206,23786e1a13f32aae71377c85b9af6590c1aba896f2d60a3306d2e0c104e410e2,e18a70dc24ad780b4ccfb1b6ad080d1206c29170b83c5314e1de68736b4a972b,open_r1_code_grpo,1c614ab338bdeccb4d625baf12d855c4,,206,4
207,45ba0d331971619744193f17785d1258fff5f8db7781cd0c77d15d7391fe1fc3,dabd7ba7b3a2f952989f4a747298ae305dbd714457c0cf9e69cab4a55d9b25f8,open_r1_code_grpo,e46f30d0538b1bfaae9cfb4d03b057d8,,207,3
208,f22e766858d3c9fd866f3ee0a061f5b342f12d5851ee395aa86f708402cbe679,e2700abe33f534f402f4c0bfbcaa72cce910903b6276a247d900104a9b72ffc7,open_r1_code_grpo,04481f5f7ee81bbb0cf7bdc8632268f0,,208,3
209,76a955abefd424d2d9fe5fe97b8067780ad20d143239e38b523b0814afb88243,fbc8b4fc662bfced69249d66b9a48f5cad9d4cd043056c4e508977edfb52d856,open_r1_code_grpo,ae8279b5093f66dabfaafebac2159809,,209,4
210,3197c16387bfdfab2fdccaf98285f41c4c6f8c2a00cd012de4d4ec3afb5f7bac,8ad4fe175a2e31d574adce8bc0137c5a3f8c12b1da0e8bf5e58e4877d4a51214,open_r1_code_grpo,7381910ae88158643196ca5d0dbded58,,210,3
211,e2cb2e3d1a3b212174140d7d0541d48f94231391c52acb12ce1ef2d2afe6f5b4,78f8bfb3438a9526517cf94b338bad0b906678af88371c47ee33532e60bc0476,open_r1_code_grpo,924f6e7d9828c903de493f9f39ff55d6,,211,3
212,17567e94206cbf351a21d1e842849cf0bb174eeae27a8fce1544f95186b0239c,32931ecbb190a47eb72371581b5fba381bc6679c4b1285dc90dff9e0e89be42a,open_r1_code_grpo,e91ececb9b3471243a9253d1174f8736,,212,4
213,f9ccf4d6e1dfe82552d2844dc9bfb33c7835bfb6ddef2cfc81c02b6266c400d7,882924273189c55ab3b995fdb777f6513aac12bb731cdf48a574c6e5c423e180,open_r1_code_grpo,129864beeed9462c8d5ebe91cc45e076,,213,3
214,905a3c8e6bd85e4ba87eefd9f386d022b056788549bbc3bf5a66639146ef1439,9f5ebb87c59a9345c6b7a4cc7ea6074ab9ba9b8b6b4f0298e0addb594ae702d5,open_r1_code_grpo,4c84ec4762df91c3f07edd561b4ffff1,,214,3
215,346821de649f04339fb02c932b0143c0d973f73166079839d36388cf13b80db9,bcb1c677d86f6253e57a7b99d5e1f8f5806795f78bda4d38096c5601dde1cf86,open_r1_code_grpo,4aa79782c7e597eadf8b8906cd2b7980,,215,3
216,52a039e2df39b321c1675e046f67dacbe1108deea4ed5b515d84baaf89b0120f,36147436365c12e696cf8facdc1b79558fb8ee9ee8f24f1775f2fef338d6f181,open_r1_code_grpo,f37200b03c71cb55ebfe70de10f69bf4,,216,3
217,54e5e92ff08920ae4a0ce8cbee19f7bbebe557907516c51cb840a87126ba89fa,a36293970f4051668c13b120e544643f20c6299141b1b6542ef88113d8887f4a,open_r1_code_grpo,6bb06ac3479e84a684013f968213319b,,217,3
218,feacfe4f2645653609d27c318992ccf7d3ebaa199c962787c66f722cf901df72,0d14bf7a3b9201840513dfe52ea8fd46cb193f9b881573ed6bdd736fd39a3ddc,open_r1_code_grpo,92b38625c890b976fe68509d2e0ad31f,,218,3
219,96654a73cfaec4d72e6aa14b09cf4924098839283faf0475bbae2896a4821e49,e8992c30f5f5595d1487e70d9020e5e521f0e71600ff188d2fae26760aacb49f,open_r1_code_grpo,038328c12d584f64222284e9e1d22d59,,219,3
220,9064cce5b808eab6df27b81fb13936ed8ca1e660db7397210558fe9f020b2726,10a0242b42aac4e19d5ad9ad37bc7a4232c863df54d07b76cfa4c8ad0b86fb5c,open_r1_code_grpo,9ab9a4a85906c0b75cc155f64eddcf2b,,220,3
221,c41667c509c621e8aac7477bee922118dbf9e629a6aad2e82d9eea2c6cc1167c,12197915f4717354cde185768f3a4e81e4e1db6718f3cc0ed56e8a00182ff888,open_r1_code_grpo,8bfad7a880aca974ad1d3650c281d20d,,221,3
222,215296db088d7b1ea4a1ca461d85be6dab810bfe293ce48971a1545a269648e2,310f1a80bf7a960826e65a6d1695de21b70b61863b46a0baa9a43ad878ba734e,open_r1_code_grpo,11beabec47484956cc864bdc7a472564,,222,3
223,2f72158c8ff279ff01934c680654ab8c38a6bc3cdd8b702279090947a0939062,b1341e90587c369c8a733fc2ded2a3b0d078c4163214e3d43b294d770b3a05df,open_r1_code_grpo,547aaf13a3056394f641c9bc674ac7b0,,223,4
224,30cc8f1c114390dad3b7e82a81ca2a921dff2a86767166372d2138a32dcba8c1,5fdda70ce30e10b1d19de3b9be3239f325833b79615efee6a05c5739d20595a3,open_r1_code_grpo,8349542928e317c0298c8b2115d9a7a9,,224,4
225,a0a98615fed45caec18cdd97fb9e01a1ccf9507e6c6a8d818fca3334d28032db,288645b461e2075fe876ebd2a50e547d3de5ecb143b645e64dfc27384a993cff,open_r1_code_grpo,43a0bd84238b1a78c77820eb0cefeba0,,225,4
226,4c638c7731385dd4f5ed9e1a161aaad94681bd6a68276bae8020abc2289ad19a,1d79531282692734142535b400b7e79bc10e826cd7e2533ec0d7dc70bf9b0ec8,open_r1_code_grpo,564eb7ad17b496c9b1598743a01ab17f,,226,4
227,7c1096ebad249bc47d00aa07fce2f3c74250c24938a5c309ecdac3f68f3577ee,79aea7cee7f537871ea05fa97698f87f49f83a76b4091925e3c9ba11ac7e5a9c,open_r1_code_grpo,9060287b06fc6fc10a19224e30991f3e,,227,4
228,0fcab00d31c618ad637c8fa271e2ec61e9b5c5f42fe9cf69bd66b62d0ddcf909,c217fc35085f7b110a06a4ea90c4399cdc473250d6e74e12e6812694e091b30b,open_r1_code_grpo,29043329525971e0ecd8608290f552a6,,228,3
229,239e853cb52bbea17acc34f2d0f9b3fab031d6c0b62c1dcc27a1cee0f3ea19ca,c6d5e881bd80e0f6a3398cf7db31a886d13e297d3926b0c29810cee85f1b0b0e,open_r1_code_grpo,f99c622e6133533e7cb435286028317b,,229,4
230,4d61cc997ca87dd15defdb965ae56b5085b0bbed6a5380e7682b6b3b487c22a9,92166f65db2675248ee5c623330508d849382afa11bf75b38894b65938922042,open_r1_code_grpo,6a55853c0422f64736bfac3a8fd3af98,,230,4
231,438d0db227480edcd810ff03b1a864ee75d3ee4d16f8364f350a7530c9cf3322,a1730e5db257b03455b584bf83a32980c6c7abebdbff5088608efc9c589b3b3b,open_r1_code_grpo,d3ffd02eb24b29dca86de17eb8ad9409,,231,3
232,53ec8c5b390d06fa2a559d295df67e53a08a2970efb1f217701ba21a6456d22c,0c0e00458875e9cbfc0518b40a62f4ebd68f6cec98d5d0477cbf437e470a9383,open_r1_code_grpo,9c68f0143d78fadb10e26be2a5671773,,232,3
233,074ff1d81b2e9a1473cc5d97de0cc001917e977109e12764a8267c182c4a8335,ba583b10fc580d18156a41bdb84269d64151d8dc01265fd14b8ba9fa36fc2080,open_r1_code_grpo,d4c0f41f44a456109f96fea1f899f18b,,233,3
234,3bcc20c8cec03e2c7ebcb4a39b1d5782ec341fd350e8a5b48d514317592d0f0c,5187fa594c50192a4bb6a00acc58b816d3e2750c5cd8d9100b6317593a28c01f,open_r1_code_grpo,e800a1751a1b60bbd42478aad982716f,,234,3
235,3deebac4c09dc159729955d817d27a8151269bc3553385becc089306372fca1c,07c411e298522fdcc03790aa50d6524cd89375fefe892313a4b9c48a4e8bb763,open_r1_code_grpo,8cc03a9c29345a6fa97765467a1ef844,,235,3
236,3f49173fa9dca20da14928fd73ad91164d62b31bf3f7b71d00bce8bff338c19f,ad57672fe1c5f12309eb055f438d187f8bd656c75cfdbbbca4713b9f1e7736cb,open_r1_code_grpo,8776df0f2035003cf1f1f8da236a060f,,236,4
237,3e42d44e48fac153c00f13494a3baeb257c316215dcc9319d25f919d290597e2,1cccf459ea25605f904800a8fc2a87197b26ee54a6200d3b59cf5c6996197882,open_r1_code_grpo,72aff8b5af971c0dc6b2c3031561bd54,,237,3
238,e126a575c50e54f1501382cb6fdbafd5b84328b41fc99bde801b2c0962c1c6a9,d5d1cddcef2c5740595266d1981ac88c699a59fa6affbc030b1918b4af19151a,open_r1_code_grpo,99e0b9cd56eeef90d898695e16951ca0,,238,3
239,9650444ebb7363d52b4ac818619086da79cb801e0d729d8f2d8039c1d6b4cc33,b1be9f4d8bb3e4c3c99f80992fa13e3156380985e7380e162ef0e6f06ed65386,open_r1_code_grpo,74363c45e7bc061de3716a3ff1568124,,239,3
240,3220730918000278345d9cad043f3b137eeb0a778abb410a1fd719be3d444718,a32dd8a5073c7c32de3532a6d6962dcf2963c77a21e9b243247eaaf7ab3b0fb7,open_r1_code_grpo,5ddf7ffefac55a0fe151bec51b9174f8,,240,3
241,86a07a8168dc9a3458a1ea6f45b51661a6ecba7cdf5d28168df9e43da03f00ce,cea70a2744fa147b69889ffc577050699845ece7878c035cace0f928f4a4d9c3,open_r1_code_grpo,e9ad01990e8e56ba4aa689b68afa94d3,,241,3
242,90abc74b13b81aa36162bb0586ce4f0c0225f7a4a0df048b937b8c0a30458a45,62f76de7d9cdd5d01300bdfc947dda971384bdd5483d36f91d168d556fb6305f,open_r1_code_grpo,873f8ea3bd588e89039a22f69130c082,,242,4
243,2cb5f26482cf12a50649275897cdc9dc60cb953d7b2fdcdc8bb9c7bf3b38f11f,b949f1cfc1d947006a9155f1be7756d1fca418b019a0bc3c374dbba179652119,open_r1_code_grpo,089e6e1a3636848f6ed3746645ad72a3,,243,3
244,94f3445e559458ff149bc48c1947db7044bd83fd6d061735b6f29c3fbd7491d4,62da797d661ccc8a7c8abded06393a1ae2c483654da8e5b3d5431494ac321890,open_r1_code_grpo,110224b26119eb1c5ccc05f2b61bea57,,244,3
245,36364a13e3d1d2ddc2e8e48522463641a3f45cd9368b61f5998b45a7ebb96a64,0d95bbc70e855971fc3cffa34050af9c991b508cc4a8e8d9e033756cb7ca77ef,open_r1_code_grpo,8ce02b0513f23d12bc7c9b034593e762,,245,3
246,64624f548bad144b18ea476add18eb1827d63d3dc90fe5230118974a91c1f906,f11f98fabb056ea8c7a77335159a7aa01772250e7433abdb7e7b005b2a325cd5,open_r1_code_grpo,2103559a9f3c22fe54ffdf5bfcada91a,,246,3
247,c38866d5246225ac1ea58a4bc69d06479844277f65a098fb727debcd3032c1a4,53c330968eabeda31b3b73a5bd0e013703b50ccb46290d28ee3ff18c5438ae71,open_r1_code_grpo,95cdd52fd17f707c56108a4aa7caa638,,247,3
248,2137cc437d3aa27f560a19e5d9409cc759fce7451655d4f88d9a3eb8d94d6b20,e9f2e5e3cb55dc457ec91c5ad7fd9beeb58b900d136bd67ffaacc5f97bcbe344,open_r1_code_grpo,bba5672a02b42690577316dd6d0bceb2,,248,3
249,af3e8f62d4a12432628c2be9b783dfdc18493d0eee64c2471e31e325baf9f808,d5ccedc621dfc340dfa6f0042b9036b271ee5421267f44bb82cbe50e78714002,open_r1_code_grpo,c842236558970d09ca5a94c479853ce4,,249,3
250,f629707b569ee76673c7e236c9c567e46bbf9ba2c7a22ff63052a12f741dacbe,99e3dbf3efb4a5639b55a90db20ed1b3cffbae9569d20374c2d65950db06b898,open_r1_code_grpo,382694c8fe02c60cc05343838967395b,,250,3
251,d3f8174ed94e925d66acdc78a97fbd975b88c73bd78db65f3bbecd1598d5b9f2,2a62cb59c5609d07381af3c3f53763233c770cf003dfb4489cbee3196bb029da,open_r1_code_grpo,d6d1fa9e5cbdc433f4f6be2d84a2be17,,251,3
252,6f4ce62ed7be617fc670079c7de558307f00755314c53644eb304617c4de4113,05bebdef87eacf8ab481b75670a7804f7e591e9e2647fab67d3a86241f737af4,open_r1_code_grpo,cecfc55786204bb0e95a43ad573ab560,,252,3
253,a4b2d2010938dace10ccca0f777f3507c36b22b03e47063c4bbe458642e04cef,f2e09e9e727affbcd24ce331f5cf186d458945d9434a86e95e2e6aa5e37246ff,open_r1_code_grpo,4bbeeb2b88b23da07215b8316b0efad5,,253,3
254,0373743a767a9b1bc178be5471f6670df575d04b2f7711596849830ffd3136ed,74d68af216c5caa167e208c6f624402700b6987fd903399f7539be4c95cbc670,open_r1_code_grpo,cdd1611e9feead5d516eafacf68689f0,,254,3
255,e65997fd4165e79dc84e187711bef76f1d398dcebcf51802c12b0069b752049a,c970c0c23d9050c302b0c1e9748791cf3e4f60e57ae930543ce0603f789e865d,open_r1_code_grpo,72d532ae33907e8f6b80c90edcab5c9d,,255,4
256,f2a6052dd6f0d90094f8b70ff35080d7acaec95da7ffc7b2ea9c2c643f596c6e,400a868ce6c76d0776cb82f629ff4bb330a04fd2336432bcfde74e67a1b56508,open_r1_code_grpo,dc1ca7b752545e74d80c640909376e30,,256,3
257,2fc529f8285c4407aaaa5cbdd88236b1ac0187f0878c7bebbfbbb9c8e978139b,49b3590e2dda678e776d11da3ec44848d958b576909147c0b4322bce3cfaa314,open_r1_code_grpo,aeaada170a851be3de6fa091cbf384e4,,257,4
258,dfa0c2f0c6241ec1f9a6dd3c520490f2fd2d63e05e3b142587ccc6dbe0581871,5bb585529ebb65776d9980f44a3004ce841f370d63951a3c4a9860b81cc8bc53,open_r1_code_grpo,c2a1ce0dce59be3016ed9e91174addc2,,258,3
259,7f7f9bfcd3f3ba4823098a7123e72d86d51b57b6c80d12e67e9fef59546d54ce,0bea5cfaf04042ac9c95d4232507ed75ba658bb0990850e68dcc28825d4b39e2,open_r1_code_grpo,463664bfa2921bd1fada5b21c9b7a0f3,,259,3
260,49a5859d5b7d7f93d24465297417395bd8f86726b2eb9f1748527bd877dfa0d0,0fdacbd7c662161d8c85a9178b4f72610e05121844a5d18edaecf003d04a02b1,open_r1_code_grpo,5923852b35d70977f9e29779dc67237d,,260,4
261,3673d76f2727a4aacc31aa24bf0e35846e7c33eca396d2aa9e6a20b9ef6f0f6a,d1ab54f4c50e4bbbdf99111f27b4e7434a505d8e33ca5ce660cbb39563d95196,open_r1_code_grpo,1e67cd87c1952ca8b728f7f56496b3dc,,261,4
262,39057691aeaf74ad0944a7c59eb31ae86f6d5183825ed85daec356a665b3819a,e3e73416a01322b3cb1d26b5d67d40e473301d2f95168e6a64e8c09409485d94,open_r1_code_grpo,aab0a9db9e9d4ee8341d58e6d0c45c9e,,262,4
263,b22720d5e1195aa339f7f673bf298b03cd6c5252656fd70e82c3e6cd8a0298b1,b8d7844298e38268030df5fe899429c2b81fa32245ca8d86cfdfb1ac1a162273,open_r1_code_grpo,5e7b3e904c864a0d4bf9dc18d34d2efe,,263,3
264,fac7016cef49a91b6a22052afa2d4034e23926c258e0acbc91b0e849b2d50e98,72e9a0285ff4648f26e7d1e0969d227ed414e16e3b496ef2196a7c3a5ed549da,open_r1_code_grpo,d68327db914c7f074cd1e7727d88af04,,264,3
265,07184699ec832bd0c74c81fabf9f1c137657450de38f6c7adf1e7161ab3cc6d2,81a7db05484acaa3ae6f16b3e3334a98493341fa1c635d10d6ed94651c8f4e8f,open_r1_code_grpo,0a847b8ed9d8965c2a8b9eaa88a8ecfd,,265,3
266,0edfeb527d87dc1309ff5c8d288bdd72658420cb48fc8965d6bd042623c04ccd,355af1e6b860063d9e7d5b67135c12937b842ea49ff9bd14930cfd9f91239aee,open_r1_code_grpo,297d2de6f6d728bb540aee1b5c35821a,,266,3
267,d0bdc832088dfe6f076368a441297d6ee4835be43d87f7454140b28383d53780,79b5c1ed82b727f3df80badd70786ed42f6677d95c083c9d74f728979a289fac,open_r1_code_grpo,087434c07b6c1c536a82eff439ba1690,,267,3
268,1cb37c6cf5bba0fe0a95944896ff70788a96c58b40350e30c4c59206198807dc,6cec0630c4f8bfc80516a83503c98d6d8dba440a9aa0d5efcc3e2f8eb3955614,open_r1_code_grpo,98a4de72d0e672cd6b40314b419672ca,,268,4
269,f164c3f8145a9f53e79539a8ec760cdaf9c3443da34c8d4aa24c9d0eb54742a8,b7051988a2919efdad121198fd77a498cc33898372434d6f4d2f7333b8106cff,open_r1_code_grpo,c6ea0be3f5529bc802f336e12a814416,,269,4
270,99a4c7e82b79b46e3b2a2b842837dfa6436dbc2e4d71842c024460c6055df8cf,064f93848ee6ab9efdc55e95e50b2e98d9c8a1aa9d2e6968c13af03b0e741ae0,open_r1_code_grpo,bf60cf3f31906d251c4601ddc6ae7a1f,,270,3
271,1441b93238d21a1e42ddb4c702200377219f6766dc61b486389d50e6ada9fb35,0372369f5f80c0c387ebcb077cbfa060ce39900e93af3b632c33cc260cb8c35e,open_r1_code_grpo,ed9aacc3862bdb5b58ea3a73c3d420ac,,271,3
272,7605066c9432d70754656a1cb64071c7c9058f7f4fca93669233277660cf6721,8582b6f0ad8ae58597c50fdd5e04cfbddb4953ae3aa75197a0f66f65eb859df6,open_r1_code_grpo,5333e102dd5b29e7455d7149d1d07535,,272,3
273,e8b1a5eb2ffc9ced7c59118633a53536136773deac19131afc74eaa00c45457f,3e632e5b0300a7218616939600beb27bafc1d00271e8245c58f4f3aa51ba146e,open_r1_code_grpo,fe34a094cdd0ea627ad96c8362a300b7,,273,3
274,e5ccc35c7b09f870c471aa3b68bc3348385d55be3b53b9161f4454f8f5f58445,bf4a8039611cfbf323cfd9e35adf79776bc4e3e05c5cfd43479cbc7c9a3fac64,open_r1_code_grpo,2824677894281069cd29ddf672555ce7,,274,3
275,c18733627e0b959577e889d6c21015401df76080f208bb33ca4d3003dc5fb6b9,22ea55d8b620d6b527c42f79ca64198fa6d374855d61e43262b811d3b5002489,open_r1_code_grpo,6e65ffc976714d1b7d0b836a00ff0751,,275,3
276,af1de2990879bfcf1462fa3580dc00d8b245cfe9a46ee62bbb4dd786c85436dd,0a9f311b14d336fd471d17b1dbcf920b80291ffaed02b1c9c04776192351cf8a,open_r1_code_grpo,7ec670e7bcd24c24fcb414485f2bb7e1,,276,3
277,af56a8bfce92aeb390ffac8745fda134171232dde20893a984cb5da1b1babe6d,bb1f427b75ad9338d2fdf99c8d478f8c3f879a3e813dcd81800e79bb1f5f949d,open_r1_code_grpo,affee492248cbe044ab4e084c0435578,,277,3
278,3bf48fc037a1aef471a680dd608ed2fb7a35ad95790d31433f97b99c7cce48bb,e9c3728e4c7c7345e2c0ddf33264725250ae1315826e481fb6a10b9350fc05af,open_r1_code_grpo,37a738a3bcecbe414fe038a79b86a9e2,,278,4
279,7fb83a310b636c28d6c1ce54832eec5bc3c7b82cc6f282043f8f82f138c5a5a1,0d66932f99429f4b7bdaa4d2d5e4ffdefa84191d888a645e6e120e3d1b46a34f,open_r1_code_grpo,a6b03172f1ab8f9fe85a223495c426fb,,279,3
280,03ad73cd922d4cb8a7c8a10c499f71f7f2ee4f6179946051ac4f9faf5f15122a,c51b1578da774cb489cd97ec9a39df7fa7e346c4dc59e60a0e265c2bd0b56beb,open_r1_code_grpo,0a91f66252533985a372e58bd67b8abd,,280,4
281,550fcf78229acf58300a31afcf49042de68b1beb745a5e4fd51a6b9935d4bae1,4447ce0794f8342933267ac0a8b210a80a09670ecd8c61c4f39ddbca8147ef4f,open_r1_code_grpo,888feaec086bf54b9688d0e94cf0cddc,,281,3
282,cce525ed83cb892826a09e903bc6becf178597eec5fb1a84f84617d7a26061c7,ce896cd0e6341309d24aa303db4d81696fc5b13a0c05aeaec0d5b6eea7ff3244,open_r1_code_grpo,815dddf712f7a1af02e31ceeb0c16eed,,282,3
283,2a817d2e292c7110204963667accbe336eeb191c79cebebe8be21f09ecb1363d,6728b998522c7c08b24ec9c0564783bd9a3f414b5158c9f74e975d735664f120,open_r1_code_grpo,ba6c7458759569d79a9fcb660c2b07dd,,283,3
284,0304b1c98adb679c373dd3466a4e1950666fa0ed4f01d82b75b2e1ad47f76bb1,726e679d85596cd8981c05f6636f772ecfafe0b624921e1b5240e84475ad5936,open_r1_code_grpo,dfcfce882267d0d63992f1bf2d1a7dee,,284,4
285,05347352c7571577c5b8e155aeb925e041e98cfa2795ffa7c05d7076ba645eed,515a66298b9cc88cfa3478912f5ed20b9cb1c79e5ce3d9b372d25b7c7a5fed79,open_r1_code_grpo,f55032b0f83cfa77c7fffb55f0e064c6,,285,3
286,cc94ba3ad9668634b2775414a6579159975123e9fbc2af8ef210242cbb592083,87f3fdb375427a1d4bec37649c76d1568feaa52ea49e8df82930c7e9ea502ac6,open_r1_code_grpo,c2601adf3df069dd5d376867b8988681,,286,3
287,027d7fc78e9989d48645b2d89290b5862062c235ff931d9a2bcb5e859abd1b38,fa2fe9dad1fca8516043a3b7a575f00a3003d3ccd4d05736888707bdb5cd540d,open_r1_code_grpo,130db08162389bdbf21b3e01e9f3ee0b,,287,4
288,2da9be554d9745fefd37cab58f34f58d9908caad222f78296a4d9aa2f5083cdd,e9614c2f2efefbafb5ff5972f158f720e54a4afa0adf65349a83f98a30bc8681,open_r1_code_grpo,aa163c04c5cbe3c35264cea059c91f59,,288,3
289,2d41479b7c803b5303a213283188baf17711b8e7aebfff20e099093eadab0f10,81f4f0e3cc738a7d0d67e80b77b757ade0238f9dbb94b357f78b35c6c816aa23,open_r1_code_grpo,5034c219a4b9cf8d0069fa6d67275840,,289,3
290,895a0430ee09f52ed9b90684cbe93aabab733baa4e25acedf93e86cf55f37643,e8c6c684e914405f224229f18e578ae1262ba2a05bff2043ce5a3dea5d629a58,open_r1_code_grpo,24f0a193e81c7c5b6718a9ed94c1f9bb,,290,4
291,f623ff5ff3c7a24ea9f5d18c79de46a148fa55bb1a4d31f88332f83cfb90ff96,3d0881cbcbd69aa85b8f7bdaf35723311208f4685bd2cb3aebfbd33d96c43f1c,open_r1_code_grpo,8c7a7d0b8a5b01b95509f619185d1642,,291,3
292,791565188f9353aafe26189d1299150f697db26ca958ee6e0fe50c091c612043,dfa52e918a07473291506e2efa154cbb4de53deb32a654fb06aef658799c8134,open_r1_code_grpo,09b7ce97ef969801c637fb50a4c506dc,,292,3
293,c24b7b1afc7adb2755d27ceb5bf47b815838ae4196af9f0cceebf3a874d0b9f5,8b7622edf117a8076f9b0ceeada1891ed041d475cbadaa34d82d6e82a6f746d5,open_r1_code_grpo,4a862b8a5cbb4e0aea0e8698363fb48d,,293,3
294,2a564a96a89d66c6663fbc9e68f495168e61b4523ea4f1c44d51015e915b6133,6a5daf876afced294ead90dbb25d2998c69dd7c03dd85b73b4824b1022c99bca,open_r1_code_grpo,1aa1f71fa8ed8639509d805e7e7f73de,,294,3
295,0b5acd45e92df5bea01eacb5477ffa8e760c00df6aeeaca07e401afed0d85c93,ea4a01cb4f4210bc50cdd864d74e4e374e53ada1a778c2580d4c0a121e5ef6c0,open_r1_code_grpo,4ab52dc5e8a21616fc311264aca45a4b,,295,4
296,a8a31a63f35fdd8faa01e8bfbf642c838757f2e32cdccb6e64925e7de2bad9a3,bf8e8c767ba281753776e75ffc5aa110a4f7be1c44edb10e9e493d359fdba7f2,open_r1_code_grpo,236c722436027723413e5d46f9b99945,,296,3
297,e7bb57bcbe950583f7c2ca4d0209df06ed88b7ea9ba7ef05df222ccc044e8268,d88705ab12f8164b56669570015bd80474b017a6b98173baf64e7a49fc8a2aee,open_r1_code_grpo,94a0aa087652e5bcf3cd5d9f2b586c44,,297,3
298,71f1f0a10f08b7d256983b6299e974d67e9a57e7dcfa630d5bc7c1ceed1d4189,a56c275d20916d04a6f393397f286f777618e58f03cb49e80573065f20010f10,open_r1_code_grpo,29cf29738444e747185e850c115281c8,,298,4
299,cdd27571311bed12abde4e93c083044a948c23775314e2a95c3c62737f232f71,c5b8aed1eeb97bbfae731e2c3f9c0fa246683875eb024ed1a14bd3412c7fa91d,open_r1_code_grpo,4563ab749b840fcdc7436cafc9581e04,,299,3
300,c0a54e78b7ea25221dd48abf8448e183d0048c113546ebb1724f18f1bf143aef,abd2adee4c338a82c0bd6f14fb8196f25a5a8e19bdab71131ee98860d9400a38,open_r1_code_grpo,7bfeacb90c7cbf39d9227714b6d9fb43,,300,4
301,ea47808e205f79c8bb2e2a685da0f574698f4251bde32eecb7e7f020fcfe4413,f02699bf341c7a8974074fd412217b95f2aceb5742beb272bb6bdc60fd43325c,open_r1_code_grpo,f67afcdb4730628f4f0bf5dd856cc413,,301,3
302,58b345d6ed73c3a684c9aa6b1a7707613c393d15dd98287ae36ef59789729992,27ef0fea0e4d1beffef00055bba9cda6c1f405d8a0725f2427a562c9c5eff8b4,open_r1_code_grpo,a36651b03b606a09595b9a2c8036298a,,302,3
303,0befb7c167c68e1e65602a52674a4eebc64789e3769c4eda92b585dcd6c81f30,3d9cdb0aae99937668e3ca7921449dc27e73752a0fabd5ec0f6cd103b1c48560,open_r1_code_grpo,58eeca75249b3c5f6b855dc7fc5477b6,,303,3
304,cc4935ade30ffd5687f3547f34328331a6cdc441088acaa188e4f7ecc6abbccc,3c33f46ed535d08efb23012e96e3909058e683f3c19587ebd52138dc1c7224d4,open_r1_code_grpo,4684351fefd2e97b400a46ad7dc4900a,,304,4
305,87ff4b693cf864087bb359ea422373c6e67161b9126b3682422a54056e5f44f1,3bbc57f79e4fb15bd8ebd7505800cc9ff621372774c11a399e0d68c57f18c73f,open_r1_code_grpo,b793fbd7b18f8c0553b8cef006886b8b,,305,4
306,960fbd2f4add8cd15762b04e93ad26ffc6ddc8342448497c414844a9ce670bb5,ddb40d4051cbb42e6f8e95de6be439c2d6416f33983175f8ff29c214558f1be0,open_r1_code_grpo,375b1251e3ca31b483770469cac94862,,306,3
307,4ddf60a4476a9243bd081d09bae8e3040262f8f7cca273b56a5f4dfbf3e317cd,c541b9c6f821356e0cc1fd4d8a40b16afdc903cfe245e7fdce54289ef7923fc3,open_r1_code_grpo,266dfbf7e7990325152353796842c715,,307,4
308,0c83c8e9fee2f8491393253d644357478488f72d7d48b297aac0b0cf50e2900a,5d1b73924b45ab047df65bcd67cf15084e013394b0db8333e2db2438f696a45a,open_r1_code_grpo,59f8357151eba5220be3e4fd28d1ffca,,308,3
309,850a53410c8c811d90048dc22f877b6c86755de5aa26501d99dc9c446aab744c,e7efd69a545eb2873a8eb94141e2635f1720102002fcafac9d055489a52e7c42,open_r1_code_grpo,2e02ae58423c9fcec47a577499278071,,309,4
310,6bc1fec2618fb380581c09d96e2c48743bd83fc0d17e05f8cd7270315e60db5f,646cb43852be6af2994203d6dc8404386e1eb0ac59ff44b04b1ae6edcd93d848,open_r1_code_grpo,1edcca49bddb70fd7423ead85c40487b,,310,4
311,3e067ac981a763472353a342022f2215d8edb1dfd73d913c2aaa7d68b04b95f2,8914416e188ef4d0aa89fdffc09e0cbf0687a0002c7da7a5b8c7cc17b3bb2ce1,open_r1_code_grpo,88f2ab6e8ec110ddfd6e63baa7737533,,311,3
312,fe73e0a6fa02e4761e9babf72dca54785a1f4ba23d01191a85abed8f89cba581,6dcffccc304654f46d4db088db1a30da67401e5680f0ea8e578f4f393d205c80,open_r1_code_grpo,dceccd143ca96f710fa49f985ffea8de,,312,4
313,51128ee64b19e9cf9f88308c62063470f496c867276653f37b828e018d1e2e46,a52dd80b35660529dc134e11d54c4ef852fe6c110b55aad91e866d0b73405bce,open_r1_code_grpo,66321bce054e097125a30e441d16d2a4,,313,3
314,6ea882dcb14f85f87aacfbed4d3947e016753d1fb59a4e998f6072ee79eed3f3,aefd67a82e38c436d7ba5af127e19b60647056b4f5f3cf28bd2b7eee7b968cac,open_r1_code_grpo,238db931ed0aba7d50fbaa847efedf5c,,314,4
315,3d574a042f02fc374eeaa6ebc81fd55a6d4d0013ad25998cda1626049a744c89,64db041b180c4a5d7f7a32519781a232715962cd6b92ec71a332bb9b12197c5f,open_r1_code_grpo,df7d492c01cbbbd200b184ba81e45c0c,,315,3
316,6360d2ddf9b21903a75dafad13850d60acd6b3b6b102063bfafdbe59a95dbb03,ed898ff44cdaa160db675cadf9c301257b9607fb38c88081ae40904c30c334b3,open_r1_code_grpo,745b328cb4f8ed395ce1d63bb69493a7,,316,3
317,ed8a9f6f369b825943662c4207a06e668a172a11355d38bf803c918990921105,f2d6612013beec302b56a6abd9ac7b2dc8c749bedd2dc3c53bc81d1d5ac47625,open_r1_code_grpo,ff11ba5ef24b07ef2b1e45ff711aa808,,317,4
318,91f60fbf60735d54d55deb5b66d2d63f14ae2bcd3785f9eb031926466a5e5380,e16e76c40d06234a3134605be126973ec4298547ed9670ec3e4860e77ae6f55a,open_r1_code_grpo,41fc0827765c3bd835706a600178f6a4,,318,3
319,99ef0c11fd696bb34e94118dc310b0c7075c50509c97b72b1d61ea29bc37ee53,d048f6fc35f0c384a45b2ab2ecf6190544aabf0760b7a940ffc9ba552fd94652,open_r1_code_grpo,12de76f6ae005f04863a7e457489e08c,,319,3
320,c04e3f07a830165aa28d7ab7b7b085130f72ad6ad1619616900667402e92bdd0,4114d2fb01e43216a386bab3b6f864742c868ad80c779ed67551ba8d400f2619,open_r1_code_grpo,23af7162365f2dd5a0e0daa8490631e8,,320,3
321,0540bff34a6d73c2009e66ebffd2b17a57cac5b15da41b6afa3c116b39d04674,0be90fa7fc0eb07969bf245ad37e7476561c453cd70980c28b0303996079b916,open_r1_code_grpo,5400474709c1583e19eddf30302de75c,,321,4
322,fe5f13bb757480495d071829a19390d68fddb2e8a5e23694c5d3efa6f1eb0671,e07963ff0d02be1ac168566e79068d8fd57da677353429468bf016c6d541f830,open_r1_code_grpo,a95e4c09f84a4be47423027361af86e2,,322,3
323,79a2dca3736309b8876ab280b2a9727dd563360de16415731b86cd407aeb1958,e102f222b99398e8639ffed2a1488f13c6e6a9021ad14a547eefd49aa204fa2c,open_r1_code_grpo,c59c08b5290d7baf2d1e94ead4523994,,323,4
324,885f09cff152d319bafa53996bde7d8cc80dace21ddd1abb4b14a5be8ced931d,25894475df0b900d22550f7a8c3b4a802af0f09af3d33b5a76add3c7b001e1dd,open_r1_code_grpo,6b516eadf058f76fcb0623fffe3f5843,,324,4
325,b5ca57480ef8e703b6fb0fee3dc631c0bf9efd6dfaba36468e1796593e11face,be008e72d0106dc1e78d3502f0b356d3f6e48817c1295845f8c7654a0854c353,open_r1_code_grpo,8cb3f5220f721db6070f4bde8b1cd22c,,325,3
326,0872950626fa511000a58b916bf7809c655521096193570f9076c34e75b6ea26,ecca2bea7af4559c4e130ac0686b834842403a6940caa46c113b13bab510abe9,open_r1_code_grpo,95b5c5a13f691bbe20e5f552e787442c,,326,3
327,225b98c7dc65a7b930d66d333eacd219418dd00e1bee596ded235cf28aafd873,729821f03b39b080495ca68a3184222e070fca587de7f8609b20b9174fdc6bf6,open_r1_code_grpo,3f05541b2ad65827773c06859f69b6ea,,327,3
328,119b72d8a7969e68efb6ff210eb36a3e3c386f58ae67acf9a38fa0998e0933a8,74c5192c40963c46bad4aa0c0d93a8bab47f8660fb842ce7434573820218d432,open_r1_code_grpo,23daf514b472fadf737368bd39eb10bb,,328,3
329,e16c3f038d59b5ebead0ef453b0b1bfffd01b0217da1c8d23d2630359e833bff,86a04af473255a0c792e11e05ec5bfa6b4fc632a1bcfb69c7d9b388001c9db9f,open_r1_code_grpo,8048404905c58153ba9bcc20e7f36139,,329,3
330,edeefe61b51bd2776869bbf5ffd8a8de5bfc64691f277c5b53408d7fce6e3a51,3d4e5cfb56e8b72e9697963eff92447dbc4689149d5bb2087f5aa7ba3433bc8b,open_r1_code_grpo,88cb988ee4b06f153365cf3435a3b5f1,,330,3
331,6fcfa49fb26420e7ead640f7563806e46b836906c75f866c4ceac6c176d84455,f58c1314e2f79a01eb76afeb3a0d6d4dc7426b8da2943c7f425d99898b58410f,open_r1_code_grpo,a4f35dc7e3c20e79037be888bd36c8d8,,331,4
332,a530f61b4e62abce89396925f845ca8da7aec7efd9be0a1958d104dbd85c8580,98f8a1af0de304ad90ba5868396da4534ac757c7c41c6482e1320e7944c8baea,open_r1_code_grpo,36d1d1ece0db0ff00febc4f8c7a03343,,332,3
333,b4b723ab6cbebd21026df738663598560d9d8e9e1811d035c9fbc9bbd06055d5,cd68d4914effffecbc7f6510e926fd18f758a813a91945afa684496730c3f57d,open_r1_code_grpo,565af4c3b1a289939814e720fb01a643,,333,4
334,47cb3e4724a4bc55c645355c52c4dfe9a9007e5b8aa7ecc683f30032c4e0fab5,e75b48b276d6d6997d8b9a98b15f20ef2ba9bf4910f9b478015430e7a5d3a83f,open_r1_code_grpo,3a4f3565b7dea9d2cc3597334be8a8b6,,334,3
335,4170ec62212f4b1e31d4028272603178418bbabb4b95640cbe699672082fb1da,22ef1ccd76e337ca45692043ed1b69f8e105ba1971b2208fbf0b4811ec4c58ac,open_r1_code_grpo,76862fc8af5107d2fe8d9c838dd92041,,335,3
336,bf9413036367e9005f7a6eb7c4bd1888f2536aecbfd4dc29f54bcfc6d759a611,d69977508dd7cd1cab64e36693b9c0607b7fc477fd43886fe7ddfbc278fa7553,open_r1_code_grpo,b77b2e631032bdabc4ceedda33f097c0,,336,4
337,883b985f974c3df33af014cd7054b4f99cfea3fd046ce932cbad5905b5dfc846,5460effa8804f1bb9545e977e25a9795da218fe565de554ecf00f230bd9befce,open_r1_code_grpo,385e61d8694d93a729ddce806deca634,,337,3
338,6da6c41a85589d0a37f79bd7fd2d11b0fad905a888d1792f0e0a610107a64432,0556bb6e095d11293f2ff3882d1a39b540e1326fef76c124d734880155bf6ce6,open_r1_code_grpo,03a87c77366776ecc0c29cc5b5335884,,338,3
339,e042d9c5d81a344dd144d24d864db92c8e7e7477d4964ccee7917fd48b0a4780,1452346d5344d9ff097a268775f449c27725e40cea677276e3521efea769a171,open_r1_code_grpo,9395022c4e70ee8aefe0a65e8671e2eb,,339,3
340,c436f50cea4dbdea55176e355d261a7fedf0b96cbe670d15b5e3e839e030932e,ae383aa82f7636289b3c99c0411fb6a5cf78b9d04bd4a1b084d3bbe5123315fc,open_r1_code_grpo,39f8b31da7e0d970b53845bae2cf00a1,,340,4
341,5d1c8de38b3f7d6d1d55c01564f38c65739bd54bd18bb4dca8e55485aa6bb45f,7109cbc052f586381acc96233cb9e648faf5c67a3dc8b04d0ede92d04fb6a5c6,open_r1_code_grpo,38d2db39444a0739efe5f79628b9ea60,,341,4
342,ffb5f89c8d6505f2cc7144c63830c7d707629b58182a7ae4609ce5bb95ff02a9,c1dbd02e05760f3b75aa80f0a30ee2fbbded5e514ca036b23712e9bde3cac66e,open_r1_code_grpo,987c4e49b4b170c6f7b2dc66dab2a5a0,,342,3
343,e361e50341860665ceaa646551783daf5cab72313cd638739c227b26d83ecb05,346cafeaefbd8efa931ebb49c437782f33c09a29eaadb9e4423773bfc23d72d6,open_r1_code_grpo,30aa83aa033b5666641d448f32267048,,343,4
344,d783a21495e391a9724a6bcb5b66021957f35e6e4397213290295fd694011279,b460d8b4899e1cbbaa54010e334fe9bfe187123c3298047de3f1e53ecef29f64,open_r1_code_grpo,dd7353e0553c397cdf16eeaba45d781a,,344,3
345,a2dcb3802ecd2fe45e2a621c1608129474d080336a08e28d322d36d252016604,43231491aa71dd61b6523141cbadcb4f90064d6d7b459041f35e18d62acc2305,open_r1_code_grpo,00ad1d05baad7f8ba4722ccfc1d5af88,,345,4
346,acead662ce9b49f455947fbbb629744a6cdb59d100e44981c60342c29de9a905,9798f42ae042ae2ad9fe39d26d04a4f6064976dc255377bbff5f7901d4a84c70,open_r1_code_grpo,5a6d81e859d9e1400feac50727656de2,,346,3
347,33552529ba17f3d7f3d8ab8c7dfb7b4ea663a057b91d09b7ed73ced4f740ff00,d9000b10da6656bac417c9bc3c4fc528ebc9f7e67142f417ed6a4b81e173d818,open_r1_code_grpo,5e74d4aca4a22309e0072f4b3ec08504,,347,3
348,4ee5065db186cbc76dacfe163ed167cca102e9b2f1fd76d68c75e761a8a1d483,7bfb18d35fcf2b28bd109c621eab904102a0f6271c4087eeddd645c77cb2c204,open_r1_code_grpo,69f69d330105eed26b2d6be54697ded9,,348,4
349,b4ba9daba36a99aad028a3d5b41c727e0e27699e5a5dd58858966d3cb0d9040e,1c5e305fecc710a9b14bf759ceea6dc192937bd301439e5541f4380500eac551,open_r1_code_grpo,280491cfb1f5f8cb9a3ae63f2e62ede2,,349,3
350,7ca081d17a0a0485aea0376e6d80dff5d92c0b76a19bda9a1a013ab84e18427c,12b823c1f423816402c346addaf16bca7707d5f7a03f69656285e9dfef201b39,open_r1_code_grpo,441f2f6aa51d38dbfc2f6271ef84217b,,350,3
351,a2794ad5c055dde732ea5e98db8efc7a7dcccac2d61f7c11742a48278b71edb0,990a9998feda8379cb290c2ff586e68e81ed79dcf7c12cc3cc5f86672e90c86e,open_r1_code_grpo,219a562c66bc52f08ac727d2d8d19015,,351,3
352,bdbca22aa129e509cdf504b66a5fe88813c77e34f09afa25cdbccdb50d989d02,3b2e3cf0ff484c5864bfafb6c0a2cad3661be0771af955ca43d49c6b7131c8e8,open_r1_code_grpo,41a9fe4dd92623389dd85243052c7c6b,,352,3
353,04068e6f5ee255b2e83d678d4b4ebbb29d728a03bb0da7691bfeb1620846bcfe,c29c8e8ab2cd5d5a96c796bc52874b3ba74a3698e35f359e8378ab44fe64c73c,open_r1_code_grpo,5763c4c8175c05e9371f051a1a807bd2,,353,3
354,8db6360791824567c8897a7ad04da4274829714a2a84caa4c24f6608ace81195,e98f3e7bbc6d208882f12a9f0503360a9c7e1b581e77356e44a3328c99cf46dd,open_r1_code_grpo,652d9b0ed90cc4e21fc748ea78a36c60,,354,4
355,336c48b894474fd73930e665fda7b881941d2b46f02af2b3deb1666e36f1c0d6,2e4d1a3fa90f79880162c8ed17c938af3ac4251e72f000604ce82934abdb472f,open_r1_code_grpo,eacc55a7128b5092824a945043ec450d,,355,3
356,9f6597d9a45a8aece8f061648c994d0c6dab25d561076740d7a50d4d90fea80d,fb789b32aff4a712f4413556ba7ce4f933a09bb1127abfa095ca09c25874c7f8,open_r1_code_grpo,d1b21574bcba85a690a3bea0bf61cc2b,,356,3
357,749a86467434f1769bbc736b272c4c056a71fbfd77d92d0cf4613ea0262d85cd,695218eccfe70d2e4d8a391db7d6ac92f43422bf649bbcb60c5071b339b63f44,open_r1_code_grpo,b46be1b171731d85be1493f903b1be87,,357,3
358,0c3ef84e4aa92600018eb44e0b96f826473270e693312cab35cb0b7f8e53ddcd,f37d937d68db4f537417a760f64a4c040d543a9fbcef382ac27f54737f46010a,open_r1_code_grpo,5a3415c988e2d47b7408cb43ba1cc6fc,,358,4
359,c64194025bd8ecd3b5f8bf4f5d0b3f6da6629290496ff490e959bd8beb8e6b46,0ef2288d88bd35fb649682215a3ee11842bfc87aea058adcc43ad46b111b65c3,open_r1_code_grpo,8c188321af8f77c528c635b84b1ab2de,,359,3
360,75bb6711119d088b46d7f2ed5c3284d0ea36301a44a5310b437cabdb721ab17c,f02c7c2550f2196cce0864f2c249a56e3547fbaa3590ad84e896b47c2a55e7c7,open_r1_code_grpo,30cbb47b51fde644611ac71f55f45ad9,,360,3
361,c4fad38f70930c8f941e98eee39ad6c42a7d2070859105b52217d8a2735ce7a1,24cf2df6386dda2389d4bb819cc96bfda86c51af871c072f4cfcef1004bcc953,open_r1_code_grpo,07f1bab19550d6cd48e678c633e637b7,,361,3
362,479fb6dba8d24d59b3e75c059e3849bfd591acd01241d3b611927d630f1654fa,7cbf58783e87d1a2a617e16a2a6b67d362033b3a5b8f044d9d1bded1bc3585a6,open_r1_code_grpo,7dad922d6c4ae99c8bbd9d696ac4c3f3,,362,3
363,f27e05d9c1ccc0b361d7cc71e7b4a4f882ccfee2479415cf05d724effdb83948,a51e81986d989b77fd225f5b86262de23dc68037bbb956f52f95594a48b70d1b,open_r1_code_grpo,72d9d642cf7df2fffc0f2af6afa9d456,,363,3
364,64f848382d8ea6d92f93f2946f6aaaf884540cd8066fe28f122501012c33206c,0aadf7a1e8199497affc88f4f1b763e17d246eee96806732ca09fcd4eb9df3ea,open_r1_code_grpo,23147127af5c43da37f6d818efbd871a,,364,3
365,efe1f9b97206f3e6fdef23eb4d5fd57df139b64f1b437e9895cd0d11aa3881af,df6834809cefcab8fc28edf5aa022ea72be2f822c70719bc14324bd4bfdad63b,open_r1_code_grpo,439453970069b818d29e8fcf388748cb,,365,3
366,d2e88239b680c313ee62f8f6444e091f05d28c42fdddd421c507700891b54ea7,841ea0fea7424f211903162b51a3884fd78eb6422e0f79b4653350a045645f2f,open_r1_code_grpo,7162e233f53e1ead9b5496ef2f132272,,366,3
367,a0df489eccade7e7711408dae6c6b58ca4584ad1065866565e22e1740e5a2212,7db2f7da9a5fd114d810e038a6e6c152ef41602e09ea8494af11b89f93113086,open_r1_code_grpo,218417dc9f04b6221411b065cab3e41c,,367,3
368,10588308ab1ade522c93852538bab5552e6a9e50fdaa9bd21be2ebe4524f2e4c,687949a570c886309a1ff374ecfc3b9ad5d8308e722ceee57a338cba75ab7bb4,open_r1_code_grpo,7eea50aaff3e30083c2a58e184bd5e18,,368,3
369,ed3d9688c308b2cd816d2b85c1a8a10e405d1e85844f617bd7a2d5a54b5790d0,025afee32fd2d6dcb8849d3d86e2a6e173d46173264121f2980f90ab7ecb531e,open_r1_code_grpo,2e27f7263b1f0aab285f68d804927235,,369,3
370,8fe975a0a35be059f3628745bb230272ba5c95532642ce2ceea79cbf8a906c42,afd330fd94b42d3ac55a0eae89d58c972165add83901b0696d51e1dbbe3bca47,open_r1_code_grpo,eaaf1d62f823ec7a810a0897cec7dea3,,370,3
371,cc1cc61bd9af0263c79f34a61c1093a6ff73205defa3ee426b68fa9679e76faf,7dc258daf0ba208be0820beb50e5f65c938cf9469bb6d4b0ace5ec2c25f09595,open_r1_code_grpo,536861259ed6519682a41c8dcb34f461,,371,4
372,9c8f23b804e6aa0c77dea79d8d9ffd85a4b2c120f684bfabc98701216d762359,704ec7afa6d8f2c39946146bf33de4368a497b95a7bf219b14d755ac60229a79,open_r1_code_grpo,a3c534820246cdddb5a465ff5cbb7e49,,372,3
373,622e99a8437e31c01a86ece8affa5c13480959dea91c8e89fce07ccabf694be7,fdcaeb0e87ccf8adc94b84eddb20467e98dfca66e259e2253399ef674521105a,open_r1_code_grpo,6ebb795b1b71a664d441f9012442f3b1,,373,3
374,f08c8699dcc8234ac845ee6a086e180e386ae3de63c0c19ea2497cc7a8f7efdf,9b3cac0dc90bf771bff1dc08d316bb57cb0f5eb5f5ad9da087095e510a153675,open_r1_code_grpo,30f9752658c766376d5504490eb43a27,,374,4
375,b50c6251edaf2174cc26fa0623d7c94894801468a7709063284e5b20e9ddc1ff,350790d1262c608d173911dcc9ff6c8a50e3624f4494d06b2ebd0aa17a0f7679,open_r1_code_grpo,8987595af36f87d5f721f152384a257e,,375,4
376,9bb98bdfeae00d0cb7dfc6b269e6d066d98c604deaec6f60537f0f45294b8ea0,2f08271c7779e55d4fde52c92efd18df10ce9b8c3b6c9dc5c4e9ade2dd1b8990,open_r1_code_grpo,0607cff59239457a0335b4962884757c,,376,3
377,f17be951d7ebf342ac242c26d3fba5071aaf7d3e3621c801db2b40def1ddb4eb,1748f5bdcb6e3fd36bdb3cf0378f9a2ed3440874b2f2572742769da008cc47a3,open_r1_code_grpo,d3e6f0180d4d5bdac375340e82982ece,,377,4
378,cfe390b9b87c3a5dbb63255cb1f774215cb36b060a9a5be94342048c334865ec,b456e9eced2cb2e49c039ca4c7c6e2ecc3d2117ca428385051ae053ee96f84cc,open_r1_code_grpo,ffe94b26b88171828fbf2e841f0a8947,,378,3
379,38d1c12c316be9c8400e8d85b251b7db976d03dfb259d6e6f404229747aaed06,3539f2f834fe7d56d6fc132d1cc3b2da0e84ef7e3fd406889b9add99ffb901bc,open_r1_code_grpo,f04707a5acbf731bab37bea48bb43702,,379,4
380,0ff813a66589b4c0f8f98040722712a9f077680da0d5462584fc233f9d050154,ea57988859da6348d76a22e260db409b0763770c10cc3f093dba050609977408,open_r1_code_grpo,a62cfb74e56cc289908f6f42157cd212,,380,3
381,47b09d842fbb534d04c9757c8b3ba2993587bb9a114adc949a0c74f52e7408d5,9e70f9f1589025c32b27b534c9758984e402e8c72c230ee52e7dd233cfeb0dda,open_r1_code_grpo,cdc9cf70934c535ff477432eaaf08c85,,381,4
382,3c713dc783a28270004b98ffa972c1eb5ccb71a1a676f860fd63394725d54bfc,912e3ac3068f5f5f8c7bd99957b52aed35200ba8986c69a0b677b29d0f2af84e,open_r1_code_grpo,49eeb32133289344de491da8b888eb07,,382,3
383,b4729be1fda73794d04ea770d34a753b02656c618c72bc563fbe498c0177caee,7398ac340f2c3656f26040be1e506c1b098aaceb39abd6dbefb4f865fe6f10c3,open_r1_code_grpo,2a4288b01d139cda9eb89b58c431fe86,,383,3
384,a2709738f358e6ed80ad715c9d7535073a4702f9fc7eb400bb9263d7e6d7636f,50cf04a7cb2c645ec13bf8c7d49f9bc3305c797c47fa572e80704b4235a20ef0,open_r1_code_grpo,ddc6938d5005c8e4644c55ad20cce6b5,,384,3
385,db312caa56344098923f2241ded5b6a83ed1f2339af564ab657725839979a100,246b4ed06271703e0fa4ce8dc946f5a7fee0034b8a4bc55fccc845ba04dd2729,open_r1_code_grpo,cb373d5b37a6fff8166c75b86511b7ad,,385,3
386,a648d750bedd824da8d9a10f7975c1f76cc98e8d53f2dfc0e70c53ce5672f441,5a87c0456c2bb5013ce634d1ff81ff04266df7f4f1957bfbd74f83a8d1e77b6f,open_r1_code_grpo,39cbaf4e9f449d54888fd0b6d0c8da69,,386,4
387,93db238a65fb666ec90dd1f030d1618930bf43e751b16047d23df57bd0c8edab,8de6d4f647e7a306a02953c6a607878ed84a4e0b19a089c8bf1e21fc1815dc57,open_r1_code_grpo,baa23b22d68d7df560c8ab7f3b47023a,,387,3
388,f318593a202f35e17694b2c68cdbc6484853839a31ef4952ba31501c15e3db41,01c6a5e6b4fcd6fc2c740dd383f0406f431bc7c4dae85ed47c7aa2979819072d,open_r1_code_grpo,64e0ceecf54f266519fd0a1d8df6642c,,388,3
389,29e8d8c1413a215a4660a727e43a0e828150242525bc9ae4be4e4dd5caea23c4,2b5d90ca8fa842bec76a163edd1457e65ad355fbe3fd84b04edc20d30302e990,open_r1_code_grpo,f978bd298c370beb801b272cd33e889b,,389,3
390,0567fc1ab762ba6bccd885b1f05ab9084fbdef90afe8294c4abcefa018d06153,173bd2bd77b7a3c4aeb03fa8bade2a6a7b6b0d6c6a201cb342ff32f54c214478,open_r1_code_grpo,7c0103fe498e893097a9766885fa6d23,,390,4
391,bf16c73a487cfd3584f4db13072be7fe83bfd44cf00c0007deea501625236cbe,04524599e8fdd60a2bf1499ee02046602dfffd73bf17b4944aae41693618fb1e,open_r1_code_grpo,5fceca9f40ddc1d799e9f280d4fd617e,,391,3
392,69edb64fcd4326533f70bfcada37066d7f9bf0761079ac955172dfeffe562583,93f652780781704ddf286f8f0935c55175752b924da885f1e9305e2e00b7547a,open_r1_code_grpo,34112055c3a55dd41f38de2fff2581c2,,392,4
393,98329fc955e692a97b5ef8c3f56a6c4da1c431b83bb7ef532f7ab17aa74b8cb1,46fcbcbf1fc43de66a438d8675a89bd2db38fb6896ad20465a0416483b61c0e0,open_r1_code_grpo,42e444a1ef1cb4ee2d9ef8588ad5e815,,393,3
394,24ae1abd60b17a22e24f376d5f04d76ea75a65ff76cf10cac23f9d434debcace,0b7e71efa056a60e14a722a91af621551dde33f8b33cd2e7840f44e10e4c82eb,open_r1_code_grpo,96a9600f2685bebc5590fb0b5b81aafb,,394,3
395,ce3d0587d847a7274227bc0f65a10ad61ab940dfc05a85819eaf867ef0354b7d,ce7d0857b8cbb4dc333bb4108b2d4824530c6cdd05d3b24224096dbed1e5552a,open_r1_code_grpo,e7e755f71f54831d8d9896ea3d3da1bb,,395,3
396,cca338955331161d47e989f138c354892fde695ae08607154ba94a09dcf43f37,c88b6fd850bac7e138a33b269e848b00d74c287ad566ef3f45a6d4da8afc81c8,open_r1_code_grpo,062922b9935b60ff1c60b068e7ff5ef1,,396,3
397,90a78decdaf5270b3481c689b3f5ea833ac5cbe2850a9592fe1dc9fdf3998fea,1fe649f03d5f0a28885c3c3489ef376ec5da147bec76fe87fd325a984d12d327,open_r1_code_grpo,fa77d8369ed00f6fc6006bc581453784,,397,3
398,80bf6885fee3bd00d6b2a1361c2f02bde2986ee964b6cf2bd30a1ca54ee7254b,773f1ea26abf233f8935af63c3d3cb3aa57081cd83a296463ed809ee2c2f6408,open_r1_code_grpo,00bcf9b45d20475bc296b8d53d3db2a8,,398,3
399,34054f963ad76b1c7aa22bd3fb4068d2a6e9cb4e861a8761ef37d4703e46f014,80fc187beca66fd86e86e7810a13f83bf475387c003b72974399bb82925a0053,open_r1_code_grpo,4786fed4eee4e87cf47cbb634c83f934,,399,4
400,7f7afa2f77f227864febe8718e68c9fd2bcf15f8c56d7ccca6ad59b68c4e61a2,7dc0fcfb0ff6db10908e315aa5ea17a78a4aba7b9bd20dd6c4e30edb0a596127,open_r1_code_grpo,2a16dac29ac9a12a6e7d3b7f57fafedd,,400,3
401,43bedd33fb395303c592b17f5e221ba1645744d9d2d85af38f92da3eac6b726e,302cf2e2498b9e8d638c689d87a02795d23137e6d861b0903f10a4d6c635f37a,open_r1_code_grpo,17543736ffc4af02d3aa727ee2511eb0,,401,3
402,a07b86aea6e2df4c9adb5b55b9a7a0e9f69e9714887c3061e7ea286c0042d155,e659fa6457108995e9fb7ba0e6d39b0d11a60932f7d0873fb9a3b2db0af550e5,open_r1_code_grpo,2ca55ec6287a2f657c808faf42d9c04e,,402,4
403,7cc26e141fece25af3f49c2943f57e673c09885e02214e9b551749f30cfdccfe,62efaa48ed1a4387f094e73e351c26dbcfa17c4f89de6778d2d4521830bbdd45,open_r1_code_grpo,5d898b6339fb61e12f470a46e88f6553,,403,4
404,b515757f8665e54f47605a8e84bd1997fcdf73b7fd09480a7b8390b3415d91e3,004ed96137495d1d3ac78d4220688413901d89406f93efbbaa486411db3ddf58,open_r1_code_grpo,db3e5e78c9063e65276d9a1884aa635d,,404,3
405,b24fdc28386510f9aabb773ace1813901e00bf1b99b88613a89e2a07d619884c,a6a6d507a212026026bcc4827cddae50ad0bcd08cda7fb259bb001fd1448aa13,open_r1_code_grpo,4bbf6f16b3a26022f64a60a1f1cbbeb7,,405,3
406,8dcfb28e8cabfdb72be3f3c9d2b69255e00af58bc59c40eed2cedf36187f33f3,297c752b218d87f4518577bc3ba991a02e80ffb53e2a3f62c024231290a7f89d,open_r1_code_grpo,9f9af35768d7fa7e30de3339b7ec524b,,406,4
407,71fe0e317e36922c1cb08f530da4ae0c2b21d8174ceb54a70ab5c24d3589f1b6,344e4e2321abc10cfec07c1eaa61e5e7669121a5c7b588f6a1455bccfd61859b,open_r1_code_grpo,194cac7f42511acb0d147b41dde99885,,407,3
408,d57778a9dc1311fdbccddd1b3fe631a81b0321946b679e279343ca3cdb3da96c,bd0a5ecd42f77e7bbac950aebdf3812d4806f7e4afa536240705634112debb11,open_r1_code_grpo,3b1f55a828fffeccb6ee12e285fd5d4d,,408,3
409,5550489b47b47e58ffb33986f3b7a55a186203ea39786a1f7038de0552f7d854,3431c5b7373b9541904993776a257eeb9f047d307215393e32d53cced91e321c,open_r1_code_grpo,5fe423244882b9cd144383e3b75aa066,,409,3
410,33453aae893156cb8a53b9a275d9a2f86785e61ee0d617fed4d845cd6515f7b7,ed78033d47d5d631c236003e921ab7bfdd864160878e7c0c163d5d22386570c1,open_r1_code_grpo,de8bbfd207ccd33b5cc64b20dba04f0d,,410,4
411,12e1bbb0054c1eb2e716d8939a1cc7b1414a30c04e8c3fbcf2098989954bb245,dbf5ba6d4a3982a0a2e28621e1f97c32f0184e4c2447751822dfcd8876c6eb8e,open_r1_code_grpo,e40e237aabb1c59df37471f8c17af4d1,,411,4
412,35b0440c3b9b8f4b132b24c6408f0eb2860729b8421b40a91e41e953900d8a9c,29afcffe648595f6e54e69c773a8ace1f642ebc0d5fa0b9c91deea74490c8956,open_r1_code_grpo,79bbd1c020d9e2fa1a340ec75ff50f1e,,412,3
413,69c9d4f7cdedd6b3b8bad922ca4c5d0ba4a623220a6d00960ec8eb8294094d26,dd975b7541036bf65e28fd3179585da411c95a954bc009c47d90468ad3e0f245,open_r1_code_grpo,77954cf404255f6513cfd6fe026d4580,,413,3
414,94cdad8086145bf0d6869517cc275e7fb012882a75726fdd197d1dfdb380cc71,99d89531d46bffc5edf5c325d9a479819970274db7ae8b0583a75fe28f5fa909,open_r1_code_grpo,06ae2e0ffe68033a6dba4a5fcc71b383,,414,3
415,87ced72ba4c8254834864c1a6f0ecda9e2ec4df57e3c74734d0509c8d398d792,1a34e00e41aa7c5e59b34ba222707aeeb6f2c5eb1810d6400f0c231a1683db95,open_r1_code_grpo,b08e73f03f4e05d388cb644027f8e09b,,415,3
416,5d5d2d24d20d62c89678a55dc27faebbc3073075e11a860bad57ebdd0ff57a1b,b3a95d220815bfc577b761fed9f2ae9b6600e43e59040c4b2160f33c0580bd64,open_r1_code_grpo,8da2021127a511c940ff060ce835f72a,,416,4
417,3ed4f461581373b5b9aa765800aca3a0b1ad496f0dc086cf95b6a2b80e03b6d3,6269f9eeb9667ba536726becf76ab706cd989e383c89883aa892f568dcbdaca6,open_r1_code_grpo,44fc146a1d9e5eec4a68ae70b451ad8d,,417,3
418,de78bfcdbcc3aa6b109af840384f9e3de55c30886705db68c4f22825da401b60,61b2f60e9cbc1b841ac3514ff9c539698d4be61a3ad36e44d35657b949c9e702,open_r1_code_grpo,16a7a264c9652dde9e20575d276f69f4,,418,4
419,0dd56ef18cc2c2b74ed99d50749c3fc59ca2ca7ae02071767e1b27420232e648,c1eabb26b0bddcbd98337cec31da26e49b7758ed21a161fd902d1a45096e1478,open_r1_code_grpo,e941473fccd6bcc15f6b93875653fd43,,419,3
420,f3070d9f759fb2d56b33c25bfe80f2b0885a88f838d40314283e03e2346bdddb,d89aae3e97858d96b86a014bef643d14931d74d3de334d8c94c5b06db43270b5,open_r1_code_grpo,6ad38263b57976c8069f3aa983598db0,,420,3
421,ab8a1cb77ab11c13a9f63f7403ab4276fdd7dd88f027b463ee58a19998a1dff4,c84b9103db2a577294cbb71de34bba0cd194f07c902e6d89d69a32d715dae031,open_r1_code_grpo,11e1873e02a67ed05a995654de1c9e0e,,421,3
422,a94db36d38bdff8870cfc7cb3431ce954e4a283cb767af94f680421d9be65708,47a22463eb850347d9af43807e9de7417f125181ae75c2aebf487e5e01f55f6e,open_r1_code_grpo,ad132b861aca6bd00d288e780c493c36,,422,4
423,171d13b472335e81ed862de6df507b68e8389afe04718772933a829a60692ac8,8b72077e3dd3e91ee40a4b4b9a931ce910576fda3db285464d05410e26b0e437,open_r1_code_grpo,3a688af5e7513cad63126dd208b89064,,423,3
424,5f063fe446f07ae29891b2ddb844f628402514c7efb398a37b789c93351ea8a2,9d3c5a13bb60e0f3a29e324f4d460159e06219976886f7f982a4d5f02bf6f964,open_r1_code_grpo,181316959e938eb2e78130a6169eb7f4,,424,3
425,1f8e36a9f4a0a3469974de10733d581e3e111c05e900cd9db5a3bb9b13434363,8eb4cc0e65e5fb8972f628f8b5fdce09ab742ecbfa0516fdc1882bd41dee120c,open_r1_code_grpo,0c74a44634488501e0ddd9c6453cea89,,425,3
426,a92fb5b31a07cf9f11ca486922c013a2efd210547b8ef0c9ca0d2099ff26dc2e,0d4b99474a851a50c77954f12ebf6425e87698bed4c610f791834b7e8ad01f17,open_r1_code_grpo,71117f0e576b6478f4246b994c35b966,,426,3
427,1832efb6cabb229afc7ae4fa6e69bb2163130e8e749229a60d42b670008b38f8,ee123df4758b44295b28a8b334684f44405dfd5503b5756c8360580fa3f76303,open_r1_code_grpo,fa571717cd5a20f5a51d44929affed42,,427,3
428,3072a3b971f9757ec4bd2f885f40908ac591ce1904f2f224f78bd6a87aa4f356,48d627f040f9bc4edf37b950b0229620f23f05a75b8659e243f49f2061d6885a,open_r1_code_grpo,663d86895716a8e6bae194256bd6697a,,428,4
429,8b354cee25d764cb08f3c2daae69c9b5d51955c31e9126e389f6550ff6e4bbb1,906e7967720796a56f030f626a1854a7b90804974d359d006bbcaeafea204149,open_r1_code_grpo,1efb8d7ec3f0fb257e82113c33290d01,,429,4
430,0ad8e6643d0358b5dfebcbef85341fc501c64db762219e0988ee6e5542e7be3f,19d658ff95e0ec7f0305960d0f79ace59952445be9c361d3e7cec89c08a34fc1,open_r1_code_grpo,00384307923134c87b4de7136ae05013,,430,4
431,69c126acc8a8c8c43a08ba926d009d7fefb3ad2b8d735a6786b92df54275f607,b67493f05e063dbdb1f160d91494eec2ddd4f6874a0db6a78d78eae39b014026,open_r1_code_grpo,9f29aa2e0fad27a898e3bc6d22bc88bd,,431,3
432,7afe7f469bfa556071482d6e4dc42f2f22442f0c807b81c05cd53de016e51cbe,096d5958b6c62e9b01af273a7d173b5c7b0ec4c57ca9976ac79781442ccb508f,open_r1_code_grpo,0f76ae7a103a4322226f1755a1ce2b3c,,432,3
433,976040462eee14bd2789eddd07d542e70a66bf89c584e62b40dc1fb31ec7ea15,ec1ade67eb473feea8a66d6148d7e212136fd72aee5af3729cee4f6450be8a1f,open_r1_code_grpo,5c9ace6fbc3bdce372a6eedc7a1ed09c,,433,4
434,600b74f49e4fbe2eebe88a22e4d3c35acf430ac41fcbe82346b2d2f3d7dd623d,8b6272623dc7f658f33fb77c3b87103a3cdf9e1f11bf45492affc250f290b4af,open_r1_code_grpo,6e99e96473760241eb353aa7125a9750,,434,3
435,c73bf9c21ff1ee4cddf4f8859f543b5773e85bbe45b23f029aecac03786b5b5b,01ff08be9f7c71b69097677bcd533574308be900d8b4360b18c06062580d9019,open_r1_code_grpo,cfbe8d82f2b96e87a8a830e248b835a6,,435,3
436,0f302b37d5a9ec0a21f5cbf6d4f4697c613936a4cb3adb199171853634d8107f,b9c371d22b0a0ac033cbd7751bc92b8eeae28298486fde15793f0594c7e4a0f5,open_r1_code_grpo,a754d6c09f3c0bea9401f5fa45b626db,,436,3
437,e6b5c00be4ed0feb010471229ea3a2e2c575d959c05104586d10b9802519fd51,e08c350c5489a20f99083a6720b9b362eeb6cfb15e57d15b4e82fb89882145d6,open_r1_code_grpo,a4b0e0afb0db7a86e6361135a8e1ff53,,437,3
438,21fdfbc32d8ae6739dc673c14e688192422a57e2b891fcf7b07e7a4cae878921,f9958a9ae92b58feb8372d7fee8235bb21936b55419991738ca7ffe8df68ddee,open_r1_code_grpo,e1b70e8bb0b82755479d2c89a965fbb2,,438,3
439,e47f3013aad8ca4acf0b6c73c9930682c53538fc8b8cff92380302985cf7f515,5d7e03b6754bd1d3b3e058bec6c81bac57f572d847a02d3e772a4e1271c6a7d5,open_r1_code_grpo,9161f488d3f438b197a14e0eb12f221d,,439,3
440,f99f344e4f52b40e0c48b528d3029c4c082ec2d6ed4b0cb108176ba77b8015ed,d78a3434d6a3d5d75a106bb6f3bbcfbbdf1d68d21d3d2ff28753118c2b26ded4,open_r1_code_grpo,9a9c3d2de8db6f4f6363f0165b96cb2e,,440,3
441,f6ec85ee87f7d1490de3d586a5137dc687afe8ec201ea49f70f44b8a67df1a8c,88daa5591480aad0ce193549158e825208fbdeb67883a64d257e693f9531dca0,open_r1_code_grpo,ab4449559328945054b84e42069e1faa,,441,3
442,dabde99da06e03b2cd3bc0773829bde21f479443e0ace25fc8e8ccb44632ef77,2fbcfa30ca1961f60628124846fe00a2d89dfa49d01689baae4fceb709c1d298,open_r1_code_grpo,7d98e7dacc1113ba94f7dd810a94ffff,,442,3
443,06e161a8af5185c5900e01e06c44bfdeed462c14ae15d61efbc47e42fe277d08,3f58cf52800cb838970e01d17df174632d5996d10a27d88ab7af1a578caa3b2b,open_r1_code_grpo,8ee38625eb5a77bb7b13c94258ac99c2,,443,3
444,2f980edc3f1002b5db52d32d9fbe247ae486ae7aad881f68119cba8c9fdac5e8,c200803e8da1ca00eecd6ddd8be4c8348c4cbd2bb2a3025841766ef77f74d8b9,open_r1_code_grpo,32cee2c862765b67346745bddbd4a439,,444,4
445,22e66efe99d104df69d4ac213e4352354414ad643e451360cdf3a40e791e3852,c935c99dce43bb8cf7ad64158b1a89cd74f7a6f760f7d8ad23fbb92a24143fad,open_r1_code_grpo,4960e47c84e9c25237d67886d8d8b093,,445,3
446,e646cbfce9bf6f85eebb6d3f1f9cb8a37815159e59610bdc73cc86ff79da4c9a,cdf9c2454582ed0d8c85022db43428a8f36c0e428c013ce472d22d13ddc4f9e3,open_r1_code_grpo,ec2f509d1b1dc33c17c4dc4bc9cc8a0e,,446,4
447,b196fc0466fae2f0c97271479031440c2b1403a7f4035b906ed040edc834e4b1,b0ea27f7187c9121d9e5bad9daec45ce8d788231bebe5d1b5c75493b81cf3c02,open_r1_code_grpo,7d57e607a1350d3731e91cd26120364c,,447,3
448,a329d50ad31e429b235e9f48402793593e362d9cd8db4a17eff8db0597bde260,942951baab4c43b57737eaa47dfcd47de2365fde4fc4a210461c60526e521bcb,open_r1_code_grpo,8920f02aa8910f8bcf7627f3e8c87f96,,448,3
449,b7573934a098115010dc9b5d215898b639c32510bdf491820e42fe2fa2c670a1,95f79496e7276b850801c7564c01f21bf6f797e366ec2034912f1a15cfce0844,open_r1_code_grpo,a48abba4269a419b4f76e7d6f42d1ea9,,449,3
450,75d92299176f190b975e7c45fe8e04bfacdaf16b4beea20099d3316459f6bdd7,6ad9888d9ae452031505faf8edd0f2111eb09f3c2b42ee35ca0c503143ae337d,open_r1_code_grpo,214c6f8b4d4ac36072b46a0919847c53,,450,3
451,2085961081d4de1a6dc33d36ea45992e1427394a247330b7963d465c651bebf4,297eca95ce5ca7991a0d4f5d7fd5f928053befbcdab41c18cc905aced6cc4bea,open_r1_code_grpo,dc746a20a0bc26d2450cbc71325f40ee,,451,3
452,47ffa5897d526882cb3f5ac48f87cfdaacccc60dce1dfb3afe8337bdab51781d,fcc2b8ae70fedaa0ac3b340d4eb3705006f2c9d308b46a389824ed90aad64f2b,open_r1_code_grpo,85c0ba224b970fb63ec1eb0e0b6deac0,,452,3
453,97884cbb5d58279c6f9abe92efd87e3f3bb7f57cbf2820bdbc4c5f8930a1c992,373faabcd12cf5713fba6a697dc203ace3abf2650491cf39b574acfa862d968a,open_r1_code_grpo,8ca105364c56e725ff6b832d81b96c16,,453,3
454,2d449fd9d7d61998d89e55b0980780d5a891032e6c966cbe385039f0d3852dec,c516a35105f43a4f88d033c9e338db070cb0a8b49f0ef0c30cf672d156e171bb,open_r1_code_grpo,a25f2694309e405ec6f4edd1f8df5baa,,454,4
455,6779192053111214a95c33f694171894907c9dbcf3509fd16e18eb0bd5a2c245,f27d6b45a3f8a83deed9864eb8e09e315fece0fdaa8ca6588f78f859e6ce6d65,open_r1_code_grpo,50b25875d43c8f5766810190153cc01f,,455,4
456,f2d941283461937e34abbb674c62cdcba19ba0b5183666601fbb3189984c263a,5ddbe99ae95b7ec14a4d6c2a5f19a5fc2adaaa4c08dab070bbe538fb5015f4f1,open_r1_code_grpo,fa6a3418b64b67744015f63bc501b21d,,456,3
457,940f094191c2753477ae18e60d58c7be598e3812baab7de10a00fdd761acbfe3,944b0bf6019e220c0288e17b79a08929a3664b0d5167fcb5d7a4875b9d4ba69f,open_r1_code_grpo,11e2888c1b837abfbce525c37287f307,,457,3
458,446ab7388ecc8ad4b8af4f65c713db5233ffab080ad5160a8ac7891cbe8e15b9,0f0b3e5cc0495ee9b7fdbcef9da28fa1f8ab4cf37d815c5f49a65ae3f3c4cf92,open_r1_code_grpo,0f8ba9ddd7bc001a8eaa8707bfaad115,,458,3
459,dd5b62b1c6e8c93cc8e49e159449746792657f24a90146904c8a2439088e0ac4,c60c0fd9c7a9b9fbd50903843587cdd6d9703f5051c4726e96df5df8ee477258,open_r1_code_grpo,fe72322e2411a0d1678d8e0fbe142a99,,459,3
460,b8c1ccfce0ae07a6d3a01f4316a73b0dd8e7581efbaea09004b777e52ae9bb28,c1d2b71a7b52de7e40e1e4b0b414c3dd7d1ed0141f7289048d4106ff8fb4de60,open_r1_code_grpo,dba4a90cd97c7798d7311f0d0faaf65f,,460,4
461,0c89941026df87c1c796f4f126ca584931ec23bd2f67210e09c1c5a0f9eb986e,20afaa0386e7d37477b9eea3965c5892cbd60154373f7c2ee907e865923e9f15,open_r1_code_grpo,a9cc68b18924dfb624f0e59655ac2f9a,,461,3
462,669ecfdaaa7ac35f77b8df224dbd72639721be02c586dce43633161e7195b399,3d4c169a28d2f5869852507c3c58d1a43159d989faa25b03b530cc0e9be5c64d,open_r1_code_grpo,db08cdd8a808f60fb2941d64ee8411b3,,462,4
463,42c461cba189450d672be3d38ad1af5b9a67d5e69b4283b981a6626d3d6af757,f0916d8c679168bcdab05ba5c0f38279c660936e6976a48fd35287b9ff00b316,open_r1_code_grpo,1ee2abf8de5dcfe914ac06b5fbb4727e,,463,3
464,d55c712afcc77636feba400e3fccb7ce28821ad4cba6368c0a74b2b3100f0a4a,c86ba3927a74e2169ee9a909330a2afce5c6e0dbe7de0454dd56753f71c144db,open_r1_code_grpo,17fffc12e2632e062efa0d494ccb5f1a,,464,3
465,9bb5519833e02bf508d6d4b5f035f183e07f05a0a5a7b8c2b199a55230b20da8,2577c13868026180ecfc808612562df04e1c1bd6668b519625715a7d9d28a9d4,open_r1_code_grpo,88a33282ebc3e735260731cd1529056b,,465,3
466,d8cc79fa24b47064910affb8bd6a8811ed8a5751dce3553b9600313637b762a2,82fb722963edeca96a5a25f6b09a0c554398bb3904afdfb82f06427586de18fc,open_r1_code_grpo,c59f09c264c5d786510a1fb5e6f3683b,,466,3
467,7065bae28f841cc4b9e9162e5a8a62e2ca635cc2e1098e5f5d3f054d9c8b3313,11f2b80384c341b472966ad88063bd6fe08a093ccaf5dca92e6ac34b01b0c5f0,open_r1_code_grpo,0a2196e72c381c5a78f879e9dbe847e8,,467,3
468,4a719d3200b6c6ad8db25067b412ce6c3614f771af8c117739234ff08bfd6403,b856f72bc00a78b5f156a8e2d4edf17ced3e4ae2d713ba810539be23852abde6,open_r1_code_grpo,11d468772b02375e84b3618486c60449,,468,3
469,6f8db2584b0b448726882307d3fad11c96f41887e3bded88a9d9bb5a7e258178,77b5bdc9d754f01600829a7d94554f1e03d6be8afc3a2c7789942eb33c33b0bb,open_r1_code_grpo,bc2bcdef5ccf1a4a83e82aa04bf77f6a,,469,4
470,dbf75cafa9d10f38a7cfc6d66e532d53159bb385a4b536090490b40437c7b272,882ebf7c4d3ae908bbaad16a40f19761b5b97740152e87306c0d1b2e4cb048e0,open_r1_code_grpo,094697df80f9bd5949a547b86fc1847e,,470,3
471,7ada02d7b690377b9986c988ace65cd482789e13b12be1da2dfef7dd8f7d42b7,8280a55e4a954dfdde60116c15c1189ffe35f2466dc52f50ce779d0faadd62d0,open_r1_code_grpo,731049907bb6e650155d46866d85504d,,471,3
472,b1aa84411400d2e469cb7c77a44ceb29b724843df881d0cba433af5c3a20d0b8,1f1567d99af415fdab9342ce9eef87afe8c0625c04939a9af62cac845795a34d,open_r1_code_grpo,badc364be77ee1a37d65e390b5724d29,,472,3
473,258f8fa8f3599858fe81c1517614f2dcc34ce4ea9135884c63236dfe75ae9930,5e2b2e8ecd3af237ce72f774597010420467c2ee903aae151203e19037b32969,open_r1_code_grpo,85cb43a9b6bf72157a3b7eb5a7193cbb,,473,4
474,588ee964e76a49d941274f17205e7a9653c46541404b85658c16aae34ab78e0f,82cc8bfac79a39286acd709def8278626fcf9268d8b9ba62b93177e74440c9fd,open_r1_code_grpo,0ec28c8090a0299a6c22256d39f65fbe,,474,4
475,dff1e65a66e38bc7e78c7d88a8a4e301ee170f5faf6dd9e77dcf0cc751d8515f,4814119a716f45fb872a0ac258e958dab52e9d54ca8a71e607af7e66ba041124,open_r1_code_grpo,ba45eb2ceb632e1ebb873cb0439401fc,,475,3
476,6b47d69d027d545a147e6a26b78cbeceed6a3ec329198a372472a13d6e1f1210,ddba399e891091607ededc4907db64d0d2a2309ab67546e5c6a3d13b063ffb66,open_r1_code_grpo,e9e1caaeb2dfe8bb7aec3d5320cfacd1,,476,4
477,bace32d1135da6dd7f72774b2fc28cfe78c4f80c421536310cdae369da1da762,76eab361983a058527e56f084ee45800de3dca8ba3bb664b7fee438881ea099d,open_r1_code_grpo,45beec0b0314ede752c5f880375e835c,,477,3
478,d7d5be9edadbb5fad5b86e7fd50fd3f4f7ce01f5c0a080eb493b048a02780825,58d2c9e3d67910e5b842983d2b812d844d9272aa51d4d1111dc568a5c4c2c888,open_r1_code_grpo,551e328d4e9ffd45bc13129c6b0bc632,,478,3
479,928f62692b8e904f17f09b511e8b722ea48536165955d4fecc0d5ebd3a4fa1d5,c84100837af7c2afd1c16a2b6a6803b95be2d5eb2d49a57edfa4a49276171464,open_r1_code_grpo,156f5defdebf07ed8ed1e23591ab41f0,,479,3
480,e95da6561e3acd07152df0f0e74b45cb779a0573063e39666bf7a13448ee577b,afc3c716f8df853ee5072c2777d0e673d0369648f8eb32114111fd636c3bcc18,open_r1_code_grpo,3d51a145edf9a8651a3e9858f0743736,,480,3
481,f8d5f9d156bdc9a795b70c5910df2fc932eccb2f8487d15c7e5d2e5f993c6874,3aadfd953055b7bf8807801bd39a7dce91a1cf56476d97eeb6434f255fd38ce8,open_r1_code_grpo,2121f412c9d355e8a870ffa47533e1ad,,481,3
482,052c485cb4108a4c0b65c72515e9209313b942f0f109e77ce2d5eee342aad992,8c2fc3dc59212b4db5a817d3da2aab9f33adb6fa02c3e8e37a721d1a293c9c47,open_r1_code_grpo,a002b6fec75ee99bf40378b1256bbe89,,482,3
483,416ce81344f229efa11eb2968eff351e38c8e3cb987eab53e2eb335aa729e787,25a617796235f6c31111a0ed76da688331a28a1170e3b27b67f41c97f1cd2ff8,open_r1_code_grpo,cb8a65d598ac6a0b66b26dce8194ad92,,483,3
484,df90116b582508e5da183e6c28aece8297a030619f28992a04bb0efc6399c6fe,f3fa5268c32f5ee80ad97f7ee3a1aa4f9d70aa04b8f1e28d4f4f62405d7a1873,open_r1_code_grpo,9e6f86fb46c548c8fe7703728874cb93,,484,3
485,cc72008b1ccc7a4029536b9dc77b730b8a530bca93ef2c97219f9c6d9c13a407,faec3997b0aea275d12fe571a3fede4ea0261877495fd38e85f4513a6e4df43c,open_r1_code_grpo,57656276588125b000bd721c1c98a503,,485,4
486,9ba40984d52b0feeac33d77be4c6b4f5d58b58a7a10fe4e0bb896818f3176f1c,8cb59469c50507c2f882f700ea4e65b4a30a2518757e4b4a8697a2d5c37bfb41,open_r1_code_grpo,df00b5ce09f3326f1ad45a7594e025e8,,486,3
487,02f85c7631847f5850c9d06479936b79ee6df74a87dec08ef3dc209966d6ea46,720acd72c363aabbfd8a31c87dd598782ceb3535e0fa0adbfa86fe9ffaf4cf56,open_r1_code_grpo,424fba6f0bd49a8e67033689dcaa3eff,,487,3
488,6195660a0b3ed6f46978da5d5a1c41f5c2583a74cff882ed757fa60c164ca5c4,92195e05890984363646fac45299eaf2c760418c8efa68d72938955339a844b3,open_r1_code_grpo,644cfe62bf588e363991d83ef7db3b5d,,488,4
489,9ee7c4df8df27251ece850e0300add4c12d11fded09b6049a54a02d32a129e15,4b698aedfbb1721027f0a503622d0ed8cdd5e8a0e1809d1941601be4112c450b,open_r1_code_grpo,60d781dcb3a607180aae149a5432f2ce,,489,3
490,02d6b20331748476122671871f372c33c77bd7f730231ae32415edfb7e8e3ebb,f99c1cb09d583bd77c9a57e43a43c66de226cdc4c3af18900c6160ad26da7ff2,open_r1_code_grpo,3012db9847ce6240b42405c9d5c63638,,490,3
491,6338a60c7b085efefa83c23c7107b41ae68e716b75b7c513b681d1f9c9bea61e,458d44c8392c6dfec81c3f522dab382e4c8c1c2630cd808db0cb1c7ccfd0c372,open_r1_code_grpo,6ddae5f7853d3528e02c5058b23f7994,,491,3
492,600d8cb7d4c32feaa39fbdc87d0f4982e7600926b63f87c1fc76de9b00698006,ce13843515ae60b82663f7f60309388b72a0363a81264e7f07cc76b92d46e28c,open_r1_code_grpo,03ea2b605deebd3aa7a911bd088ff14b,,492,3
493,6ae7456e5dcc25239eacbc33637d3287245d558b30c6fec782bdd15cce4156e9,83c11f36ed7cd2f6cde12e110fe41865dad10926e216fff6345886296c9cade6,open_r1_code_grpo,0cb82087539ed8643f8141d274938b75,,493,3
494,8f89170742c1ea9b85927ce1a89d1dffc8d09512e93203657c415753bcba5fa6,b6305e732ea8471324a9549b58f2d3d6f701595466b7115770f8413b5e995bef,open_r1_code_grpo,bed52a81fd41af4ba479b8dffe2977f7,,494,3
495,cdba4b459cf95d9ada9e7afa6d20787770bef478a54d053230fc000130e0cda6,63b4c534f23ee7b1874a6f3455e31d674d8136104f9253fcb4fca0bbc353a3c1,open_r1_code_grpo,cd3117c2af616b0a4d3a1cdb8b893ae0,,495,4
496,015bcaabc42e1393b95068e171f79c47affd837158c714154b5dc847be25d09b,5b6d84975bc7dea54c7e14c76a76e0efda4c14ee3495fc1052a0edfd2afae2ca,open_r1_code_grpo,48daf6eb499f3322de4441a0e3abe230,,496,3
497,da053055821c0f6e8a0691872a90a24f2383f8ea92efb7211914f76fde0592cf,487b21c5502e1dc48afaffaf168b3e8c8f10812fd0382c1b01a693d1d0df616d,open_r1_code_grpo,c1ba47494b2a867aa224669931da36a5,,497,4
498,802792abb8604ee528e6ee85aa0a9491cbca0aba59c4d39744dc6dee3026ef68,5adac316b140c84d42f668b4db4d066eaf0d6be810e606c7fdf1b1330801b7c8,open_r1_code_grpo,d64f4d9e5355ae92333bc1e815f7a646,,498,3
499,9e00bce1e66ecba958ab0d322ecc2a07e41d9d3e3d508e11ab337085b334843a,2aba0b4b9e93d19636baaefbaf3e00f25124d6642bd314689147177dd2ff5afc,open_r1_code_grpo,b9ab86eacf3f9922ab14e99887299627,,499,3
500,7e19b7d53e206c111b1e1de9ed54663f64e11658961cb8bf3a0db77cfe8c51a8,cfd362771e6ca6f23b4ef87063aad6a371defc7694a164b39aa40fbe2dfe7824,open_r1_code_grpo,fd49e77cb6858a544bd8e708d3298ad7,,500,3
501,3f0740320d6d03973f5ca765f1fb0057d0cc5789dc9cf233e5e8fb1aff8c2007,54378c907996df09925b18abe18dead9cc9daa6f32bac9d629febe9ac0613156,open_r1_code_grpo,91235f0f0d25f60b52b20884f0f05dd3,,501,3
502,5c430122692f5d598bd3f142676644277001736e7572c3b94e19f0e0bb99e345,5cf455ac2e47fe15a026e41729544ac42241236f39a6b784740fb72b9f81f572,open_r1_code_grpo,61a424f15806c81d3dd7573b194f2506,,502,4
503,994e589f385e39c2e33fac0a0bb71ea5f46c45a2bc92a8fb4e7cb80f963581eb,171688b3132a0ea91ee94760c3c53ac823862a7115684842cfabf431a052fbb0,open_r1_code_grpo,8621db7c790ae8499f4b81cdba191936,,503,3
504,d53f90c123fd625e5d9b6b888eac534480c121b315087943938a07e406f2a869,6e118bb764c0caaee1be9812cd8671127d0ccf0d50addaf343ad5248201ea40c,open_r1_code_grpo,cc6d56f54a50c74871bc995b88ad5be2,,504,4
505,26d52d53d853a347fb6b9a987d88714ba1a0a968509b1ed5104edb9b97b66325,c81f04cc2ea4dfc138e1254c5b291af1b872d223a338380213966f0dbab679fd,open_r1_code_grpo,1631fa01800a3df95314e2e9fde16e13,,505,3
506,ae550407b9fc8f669804678474c348871351fc01d920babeade39601c043688a,ab92de806119ddf7d3e670fc38eeccb1f4f44ba4aabc80f5e2e30cd53ad4bcf3,open_r1_code_grpo,cbf63c7726fd7c7ea4293bec2e4d89d1,,506,3
507,cd805744b1b628e942aacc1cf1fa23161bc8a7f3fdd315f801e1d353bf2ac29b,dc1b2ea41b512a8a75db05840c42f7752e9ea6812924056dcf52e6a964037392,open_r1_code_grpo,277e11c89b69faf7d54d59f0395da59c,,507,3
508,15b6689a89fdb6aafb6e7c2c69e47dd9705098d50cb730c4ba6021e0764bd5c5,9341609f380af07579dfb22d0b964c0c133c3ca616a05868a4aca992504f89b7,open_r1_code_grpo,7e10ef2664fd817b6e98e5d42e47606c,,508,3
509,260153b199edc9e095db57369b8970fd8fe629db2e72d016cdaa9c5d89965cd5,870fc20786c5b576d5724bd3104208ba36e5a44522e14c68c1891acb4952d3e4,open_r1_code_grpo,7a855ca34b606eeec8f3933056ddd83d,,509,4
510,32c3f3a0db76cc077ed42c3365bc956746436011ec64af431a45cf039bc70383,5dbc9dcff380100f8f0719603fb4863f103f218ed3ecaad25c8dc266d858dee7,open_r1_code_grpo,749b32aa559127b3977f30336f690b1f,,510,4
511,63c4669f68f7d4dd419b742db8b1293b23e2d88d9cb2fbd6bff9084f662656e2,c07fff1f63d0eacf60521538bfe01ee5ca52df0b3b3ba694e949b2fa79090df9,open_r1_code_grpo,0d394b0c8a813bd03924511ae4ad4555,,511,4
512,64a5cbc144d57788aea5ec37bc38921b62e0f1c83b92cf614229ebbc42090ce9,97702815e4a66de11b0a8aa537693a4adf3d2ead2173e28217c2c06706045049,open_r1_code_grpo,2b6f496148fc2475ea3a80523d0b9003,,512,3
513,04b2b194d507720c22d4df4956b5d994be32c5914a041acce817dc489aea73b3,c2f8802c65bf86da19fc75af5090fda9731733c76a1c0d5a32ffa9ce1e919002,open_r1_code_grpo,7976a490ec7af1dc456b6adc9de16f45,,513,4
514,ae1c692975628f8f69e257c1f05f7d2fdae3ff63e7a914f1c082a54734542f22,a28a444ab6940651e34664b768d6b2c06d6711eb03f7edd312b750f877ddf376,open_r1_code_grpo,dc2dcf53276dff7a0e1817d1baa96be7,,514,4
515,f25099c0615e116adf111b682698e0385e15b150deda44ce07a5177f6844d30f,79d5d9027587a826d501a2f3cdba23cfc4bdbda9669fc7cd38f5eb69e8fda567,open_r1_code_grpo,dea34f0274e8fdb2ba2d412002ceb803,,515,4
516,1485007d67d02810159477cc5bf0b750cb172d458e85de5ef3b76aeab80a61ce,05b934e03bba707f2d066adb1f2b98cb219c61da859606c66d4d0c22d22c0a66,open_r1_code_grpo,0cea5fe15e6154833eab08cbac384ef2,,516,3
517,cadce1577949fb90f60ff8a595005dffa7c57f2ae93ce2752a2ef0ecad1b6742,0e8476a31154200b76c29101fe0e709736fb101de796e30a4167c630c2984192,open_r1_code_grpo,ef1388d64a0a5eb1bd5f1be7eb6f20a1,,517,3
518,204b2090c49d1946d22eddb2bcac3359893209509e1ce4f02e5683587cce755e,f2937f15307bdba5cd10f979087f4d56b9a9a59bf98ce43b4b85fe1c88d15bba,open_r1_code_grpo,9bb11a03fdeb96c684d4b4acc2010dc6,,518,3
519,81caca94417bf28fd94f731704adde43aba36c5d9239801dfdad7e728442b194,2152ff0f94b0cce77fc1deb000fad37a120c57bd6c892f112eb0edc433e41a42,open_r1_code_grpo,ee4d4405aeba118aa09ecb9893f434e1,,519,4
520,ce10842a13ab381b5f4ceecb5ab4a692add35852176737452bba5b2f94c5bea7,f9cc427f91a5ba36f6e9a1c15a92fc64720b6f1813cd764f19dddc231f866c7c,open_r1_code_grpo,6094e90d183c7154e34c9ba8eb44b2af,,520,4
521,93609abe70ae4b0e9f4485ee3a2d042db648897f75bb8675748ebe207ee77254,5624d081861a06645685d7fd46f07342ba3e38b6836276940d6acf6003bd386c,open_r1_code_grpo,0a476662f296f6efd0636ee6742bbd1c,,521,4
522,8c09fc52b56a5c50d1724d025f2a27bbb5d782118a1509a5fcc78169871b2a5e,20bf3e526704b944aa7675c58fbeb56db9be777b28b225d8eedfe20dd4e795bd,open_r1_code_grpo,fe5094934a7eaa833956585661000f20,,522,4
523,156884b85c911d043cfa159efaaf8dda8bd174078ef935e3bd785b3ab1634c3c,ef7e54c5c8429b91931ce393951844bc706a5ea486d7302093e4281e46aa92f1,open_r1_code_grpo,a6411ada646c6a214db076e7aac724f3,,523,4
524,2e6efaeeb022547fb7e7d97fa12c341e431d30b324c759642a3b89721822814c,2dd00b7b118e37983659ecbdc7f7586576d1403fc7887a3b2a0406c4d0a87a5e,open_r1_code_grpo,5105080747501094f2a448a795c42a69,,524,4
525,7ae5b8f072c39aefec99f6ca2c337dee393341982b4eed5bff533a5b5200a660,0cc946827fbb0f97844974e7125fd8862b06e631fee2a3357d6dd46af995caa0,open_r1_code_grpo,222374cdc2634fb0062c302793fd8010,,525,3
526,f6509410bff447f7aca8285a4e83fb11f97ce5c75f2c001589ab4b0b174c0b93,7b2678d955b1372acdd81c6d60a5020545d2eba2ef579d34dd9c66eecefb7654,open_r1_code_grpo,13857a493c97553c3b93e32305509cfb,,526,3
527,77a1e482ec48803ae92824eefba60b67a851fa9387f8b021f9083c04497b5d13,31b57222db2706ba0ce6420c4781057f00aac01846859f160951e4763fa373ef,open_r1_code_grpo,4ace4cbd82e184802f6fb0fe494d3e2a,,527,4
528,683d46fea6146434e3351c04d69fc2dd73c730990660d2c2d7cc43c5d2734931,f6f935e74be68b4532323dfade9118decd800a39c7915bc0f52826a1ebcd87de,open_r1_code_grpo,f31852aba9396a4532416a1de07703a3,,528,3
529,ab31c6c43fadbd9fa3b182e667c9fe4f6733a457741210158031a31b8b2d3305,a5181789a62a166ba228439b84cdb686355af80239d429d1edc06b4e17c67c89,open_r1_code_grpo,bb45c00afb9235b53aa6b0d0708a18a1,,529,3
530,9d71304ee5dce9c24d3fde2575107b7d251f0454feecb00267dc3f7e920af419,db15ce84b17cb96ca4fd73b22c220714d13edc50fa5de2fc6a34d1083e892645,open_r1_code_grpo,f3010d50011674f36e3c71b21de94f83,,530,3
531,d36b03af2fd304a6289a5b85f6d0ebdec3778c4b17ec46884dda11a45e6b31ce,accc24d2d1cf030e34fbb89d4cd45f43052c70b7f574e5e8936c72bc3a67d610,open_r1_code_grpo,9651e43b2e59564b14f5813c98e14acf,,531,3
532,d87b737db4d09a6a44d8ee1da9273d37bf4d169e35653bb208e8b5715a10fc46,656b9a58538ae08a2a421f222d1810e7c0db1389dae78a6b888267614516ca7b,open_r1_code_grpo,e412b5b39a6d5dc512489971e46a4620,,532,4
533,bcadf1822859d658761568fcc14c0b01e3a14b4966ad96a14c158b696fbd47f5,2dc2ded6a051aa6233b858465443eb0edb4c75a7fe42363a0b6e9649f8ea3a5c,open_r1_code_grpo,edb452ce0f862acc796d3d69bf0f0d3f,,533,3
534,fed4a507836a0ea32a762c2938608dbf39680f5b9c716e15eedd0157ccd55fd9,24ff4fbc0da26ebd151afc7334d017dfc1623255e0813d8f5dc8673e75045f2b,open_r1_code_grpo,d8b45bd1bd9f097709e02559bbbd2ca8,,534,4
535,5e1ea8c8314eec420f8e2911151bd68a5581276a8865f9f43e7c51f7817cb0e5,6f3471aea94a94985e7059896b3bb0b0eb3e8384aabb3e53f4bd62718130466b,open_r1_code_grpo,a27c7efa356c284d19b5ee57780689a7,,535,4
536,c487f132a94d2a6610ae774af525b26209ba1ba1302457d6dea7bdbffda9cf84,faee0b07003bceb95c75ed9377e395907deb47f5ae1a066f0f1bc9f243707be9,open_r1_code_grpo,813dde83803f7cff38d73c838f87899e,,536,3
537,1561e33d42859ebb20494e4e0a7afce2a06940c4c97f665c673dedda70ea3731,b0e6994e627df138365267fe6c1c06b144bcb9ecb6c1c658c5f13cb8a8a55898,open_r1_code_grpo,151af9a5b3b96c1fb662fdbe9863841c,,537,3
538,f211a2d014ff73874574d1c08bd8cff0b32542fdc533c4f129073c9470237b5f,8675cefdd5197df15dc9f3f46baa892a167464ad03a0a512b0321306961643ce,open_r1_code_grpo,26a0c4ac91a9060ed7e226ef4d60b72d,,538,3
539,d220380935a789a59266745ba1eefc637edaa86a746161d2222310d7daf3e5d3,774a6ec1c0e577ff8164c5a393489e2088033de16240ab09d19d18a8695d2e01,open_r1_code_grpo,c9ead7ab5e6c5bb3a117fd6a91e5a21a,,539,3
540,88eb10f6c07e8e531e1fb01b8b01ab9a9f1edb7e7e29dd865869b86db6cddfee,6328c538a61ad8f9ffd9f395aa1e886dac89399884c5d5b67c863eab4449f794,open_r1_code_grpo,fad4001213a8ed1f24e28a102e3a3396,,540,3
541,794478bb9ba0e4de0928cdd0f0f47aae09bcc0c79f28067f3513119df703cb3f,2d4f927502cfd3d270cf6056b1e048240859abe383e12ebefb1a2cc3bf5553ee,open_r1_code_grpo,4edcf2603abe5c8d11d288a35046f02d,,541,3
542,c1f42d1f69fca8d222149e7807fce37445a66339461bbe2c277175b5c26b34f4,9e79415471ea69a6e66688c46e2320821bcfc861baa74b92401cb7a60f351fa3,open_r1_code_grpo,3e78a8dcfdce5ee130425234a3214f08,,542,4
543,d335ef952a307e586c4b2118e0e9e10992289349c3c18c38cc0653a35c6b21e2,52381a30c44869bcc32d5b49601e34bacc9764d2eaedb17c2bc7dbcddce99f92,open_r1_code_grpo,aa62121d8ce0e5c03a7d3737e946f290,,543,3
544,1b5232587f8bedd8592430a0d0da4120d94ad29ca662897772f2c659507176f8,d77965db622348d774e3dbaf5c4e50eb04e10ebb63df1cce6849c1a34ea10e3c,open_r1_code_grpo,1b421128d026849dda3ba22ed0dfe2d9,,544,3
545,4d37fc1ccae7a310dafeb020018cdd377630a08e9e4db8dae3774f3ee7dface2,2caf2afe86c7560da8d4819bc92ed71137eeaab282d715c857173f37a8f5b32b,open_r1_code_grpo,3746711ee15548ebf1fa0b40bbeef2c3,,545,3
546,3620fb22b44e794d1de1717bd34f0d72bcef3181753200a0d0c9fa4c9d2687c6,90ba280914f85674962ecd67d1e8dfd42c9d8e9031b8358ed02a3c0cd1044756,open_r1_code_grpo,6a6884990bbbc2371f0bd4e1faa8be2e,,546,3
547,91948ce948fa962682b89943c9e477a391123eb21eab993e30dfd9bc3a702fc8,68d26fd2aaaf4c8cad7b51c4e581f0b370823e1d6484945f9cdd64f696ec5848,open_r1_code_grpo,29f3eda530100db65c2b6e8584968473,,547,3
548,6cd899c19a6402595f879212529440a09ca46751607b96693218462b0b3192d2,428b83981a62aa49ccd6e3fe6bebb39944b315d6f39f0d1e59f76da27c83d227,open_r1_code_grpo,1c23aedfedeba0fe5149e1d7c5efa1cf,,548,3
549,2c95fa384bf06affd5bfc602a9fbc8513075e514a8e4d74f5d81b16537f75895,e9e1898571f9818b7fb8433352d75252665d46e4d3d34899b9a68bc86924288e,open_r1_code_grpo,0d3357da8b014177b016e24a37ffd1eb,,549,3
550,a9d8717ac6a945780c67ff53d8e7ce6a7632f08795a95bf439980d828b16c6c1,d8ddec3ab434316e2c11b7959d27f9213146b5003f7428b79b1431fc97524a1b,open_r1_code_grpo,1d0ce338eca4df72accc3d61fffef33d,,550,3
551,4afdae004ca65c4f4be01193b0da3347d57b532c813329f5a7315f625322bef9,6ca8cfc4831ae014c0e1474002e26bce1bb1f5c0dd52718a2d23fc2787e6c4d5,open_r1_code_grpo,93d3850e3365e74609470bc783346c56,,551,3
552,d30186696823e270b4c69546ba1920a3f536966228bffc527365a8a9ae8d8e7e,27e353a8edce2686d4a10e8f8124b5d7f6fbd2318ecad055ab9423135c8464cd,open_r1_code_grpo,c4383c747d328249702f146eff150022,,552,3
553,a3b7d875142968f2fd587f82d25f2168852d57ef8d920f72b8914eea6e5b2ca1,f36addd3c76c1b80caede462e8c4834959b137c25f9adc888c980a5306c79099,open_r1_code_grpo,3d9bcb10b2ad84a21ce4bdf1194975f8,,553,3
554,fb7c624f6fac7b2dd70dd8c1d170c68b4003cc18e473c80761fa6646b42b185f,cc94786f18a665567772f28c4d0d794d0a010e88cb381147c389844a31ccf8e2,open_r1_code_grpo,1d6193cb332906c68f4eb86157f62a2e,,554,4
555,94561ad02ab55865380a6bbf61d423a8f191791251dc078dfdd6838274d0d52e,673665e9b38c4ba6923c45e9ed67cb6d5e3351c049328037baa77054f4fc9432,open_r1_code_grpo,96b6d1c24d8ebcffe7cb1224eff2a508,,555,3
556,1d0c1d4a406a0b94f80f321a5c51b20f8e19b1a393264c198ca8c6f5e1365a6f,d699822a5dfdd3a95d4aa2390438c7c12d3c14e9c7922dce374cbfbe1f8d96c4,open_r1_code_grpo,27e55bf165ef1c5af4fb3aece7128fce,,556,3
557,03dc56074e9cdd684d5fd852544eae62a17bbc0a49d5d5ec1cfa9231c3387684,97046cc8e8106cda829c9439d1185d4bda9bbed6f14837d0181a1398eb63de34,open_r1_code_grpo,3924c8e1b787c3107a6a7797ef00c6cc,,557,3
558,aeb823ea8fb2db8dafed0feca847dbc7083dd9aba2689d4f0a91573cf211a636,b27f85eab6b5cede0bed759d56bd6041447736f4c925374f1409b18aa57c0af3,open_r1_code_grpo,7737dc64e792bf7292953a10d405c95f,,558,4
559,2a94bf4969ae30144b6f1154054012b4102ece654e4351e5edd57a5e254481e9,655aeebab442a10d10a0234f502fa56bb519a74580cf6f3d27e009cce74e8710,open_r1_code_grpo,e72a6cc50fac03616aa2737b55386969,,559,3
560,e48b459075b6a7b0033b13c5f7496f539a10810d894458aed0ebfc8da0221503,d391608382122bca2787dcc1b4e4d149dd7cf639ccb498d95e455354545b44f0,open_r1_code_grpo,3bac50730a6ddcadd61bfaaaa74dff9e,,560,3
561,d018ea66f10b1e77868825ec765d623967426d0768348e28c74f94805b8988be,9f72d690bb67ae9c4152ee6c26a9d6d3a74edf418f04414fefbacd1c4c301247,open_r1_code_grpo,25f971900cb57a4dc3b607a9573f7829,,561,3
562,516b5d1e8d89434ece2e5f4cab57a83dc42ad35c4fe95bff6d3e00a15d7e5909,8bbc92d5564ce2cb4f23442e078d0fc2b425acd1abea1dcf11eb2df032a5ada8,open_r1_code_grpo,0739ef86fa63f6af3f08662b802dd381,,562,4
563,72f23a064d2853a6fda4a4e9e039c6df2c166c4411b7346e06e7674569474fc0,c89a9961192e5f39845dd9e361824f0f950a20cbd85604f9371062bf3e4cee29,open_r1_code_grpo,694a1b30e815b83b15d4a3cffa43a933,,563,3
564,b640deda1202bdc060dcfef26ab31d9fc47cda1c30d8263fd902cbd5b75dc7c2,b4545149ce43c571690dc79a442501a657a975f5fa539a74bc6fd5f718b4c4ad,open_r1_code_grpo,cf2a351a7b54cce51df4e23fdd6f0334,,564,3
565,d6a7e12af4f5e6ed4c866b318de4eb840e1858ccbbdc678cdd98890f6b8d86ca,a9719ef5071a38cf34694247e7e7e894ba5510d615b4fdf4ce063f27fc5536d2,open_r1_code_grpo,a5fa9f6d819fd52bd2ac538e675af78a,,565,4
566,e7736b8928a72492d62126f7184e9ca6c8649fa7a52eff0414da475652919476,5281875ec7df020dcf7d87136a3b7ff43d4b6f0084ed8b9171bab3909bb2b3a6,open_r1_code_grpo,734d24783a9d04f83126cc8f9a26f672,,566,3
567,3d225cd33b9b8f4bcd07f5bde6e3a9ad7a50373a7b80e25a3f9feaa6f023c03a,89a3d97c47045ab8a808e200b91bf8b869dc9814274238a20f9fbdd40bf9e1bf,open_r1_code_grpo,1f8fca903344a9fd3dc8cdb549ee024d,,567,3
568,98e2a8d29fe61df0943f78aa0d5f9446300af148d7e745d99c8961e23397fada,31050b7a4811269bcff5a020f557fd2b99c39726950a9343ba500e4dd82023a3,open_r1_code_grpo,58e1c348ea3ec1e11a11a3b784e501e2,,568,3
569,7d462c0d5dc422fd9e76ba77fb19dd2d44d9f25ce23b90c4a4ba10cb166827d2,58cabca5118abe79a3476939c4827cd6319343a488ef92bc34bff7ce927720d5,open_r1_code_grpo,44dceecec1bf573ddd426a229a9f745b,,569,3
570,754db0982b0736ec1c6db800eec39779a6c73d9b166ef46420289a6432c65587,1788ff6853be01becaa744d3159d800e06dfc69207409329ac74ba3b944c75ef,open_r1_code_grpo,eff59f9529074fb8e42a43174ea2109b,,570,3
571,3c7c8b752cff7bb259874e3e7d27d3f6f0abd282dffabccf53d600c41290f131,3e2a10f2b4b19a896aedbf2a7e177337343b416a57c396d2a66e6ec3a5456f40,open_r1_code_grpo,7c1f14a7e52142a3d51bd09eaed098f0,,571,4
572,9aa097e07c87e2c6e7714253618e9323ae0fa0062a1652dbc2873cf7f045dd8b,702f468ab71ab68be493ca828bb305f03490e3a344b0a13ef9b1744909fb13b9,open_r1_code_grpo,a0251ca988d560928ffbc859c5ba3fe6,,572,3
573,546850f378279ee41e10b5f54894aed1b84ef4eadee07ecc9e20d476eeb50439,e347a8c6f8ac4f5007d79f480258a0438acce814ea7abe96431ca7aff2fe38db,open_r1_code_grpo,120cca9ff7a79899941ac3b969b68451,,573,4
574,497caaa0eecb815e1d9f46af24185698bfdbb2a175c8cb500a8c8b33332e9a2d,4c686b4048c3572ab3f43c7e1f03caa2a81d4a3276b11b2436b6e6fb826bb5c8,open_r1_code_grpo,1289ba63cfee4c587f1567c7c0a28bfb,,574,3
575,f1e924cf60fd327ff6d0d8b81bd6bbeb9119d2a63c056b277d67d632fbbb01f4,3a4378c210b37fbe5b7a7fd8082e4347c17c8118194ea16c6a8edf61598181fc,open_r1_code_grpo,f209018ad3bbd101f2b28207cc0dc671,,575,3
576,a1de1e3d3af50b5f5e620eb9a45644ba7272e11cd4c2f0f257a0f2c13cce7064,31d87cddc5d8b7dac1ce97f9fb4564523bff1cb4b711eef60ecce753f616c904,open_r1_code_grpo,ad66f75921856ceb37e8c0dc8d8a3771,,576,3
577,413d0dcedecbaee8dcf03f538b86873e0653235307cc972aa3f48b904452d494,dc79b81e651b0b8e0c4981f8e5a72f05a269f1d8da776b1b03d53cf51e4c5b98,open_r1_code_grpo,9c83f770eedc23eaed6c75eeec14bc9c,,577,4
578,4f18e1224cb92fa670d59ba98d088b33b86aa60320aa64c4c9eabb157f3df48d,0ca8d50c862967dbce50ea96ee7a5aa63574f084d90e2fd78ac29927bee38816,open_r1_code_grpo,b5bc618cb512a140a6c2a714161e1fcb,,578,4
579,4df13a84ad900a1a5aa0374404af4c3f4aef377db9ab13cbb524047805d483d6,2e6c6451f6d350567110c3ae25795065b0d7a2231b4a78ebaf7168d540775e2b,open_r1_code_grpo,b207d4a3ac5ff99de82755602adcd7b3,,579,3
580,ba15c09cda07d43d0619b52b32e09b90f2646146c60ea0925d9107deb65f0a74,a9307bca321d9e4c747b173f2c128b332adff20c5d54d44e6101b21158f37ceb,open_r1_code_grpo,5be3ba86bae0c0daccfc5f063f868a65,,580,4
581,913f4a4e4ce0d9c393aa5b79bd37434e8803e71e6bbeea7920036c7c3e919ac7,247e8a36d26ad45e0876d6112777a18d8b65e75b31b590a9253def64fc33466c,open_r1_code_grpo,2a07806341d12d402326d48f223e87be,,581,4
582,a8aa9fe6141b7396879b4db2995178137461c09b10e4dee07509fd25c067e421,de027860e742f58210edaa2d93075350d2506c2d8722f45d72cd244ef87b3fde,open_r1_code_grpo,c5caf2299d654955af0de1735acb6eb0,,582,3
583,0fd02e949742c2533bc2ebc54a8f3628741c386a3dd76f5a4995cd410525d6de,58768e8048716f75e83075c7e9e028638b30f1f60573114fd51e0d76b15d41fa,open_r1_code_grpo,212649c946dd2372a9253dc743c6a003,,583,4
584,20d43191461bb5dab67156c41dba60b6042516ff4fafe98dea06bc39f99a2308,5b36b093e8eb87748fa3de9227ed2f0ebcf1ea6853df0c70ef0fec5abaaa4e74,open_r1_code_grpo,c651680eec44b10615a45f2a753ab88d,,584,4
585,150e6b1d72afff7eb9658b7e9a85a485e1c01b4e3f2aaf29f29e2e7ec8889d63,8703e989143529ce06cf3876c6223492b70faf67a22d62bd27201b2209e27232,open_r1_code_grpo,b5f5308f39c2290ae1b773f04d83d671,,585,3
586,4e2c2fc6e9368fe815218f767c9372efeff1634b5e2d859cfe2e779076665761,8ea033faee8688b365583b5ade5eab338d7fa4ad3b63c4eaa8b0ae9a89415f15,open_r1_code_grpo,5ba2c1137d9486c5a1612844145a27ec,,586,4
587,29ae2c73f530a65291a77f42179140fa0395d7d8e4cc48a2a5fe6e78c486be95,305667ce91b89d2b56c4db4c76187e2a6bdfd13223bf798e99807bcae7f9c725,open_r1_code_grpo,9c0b3ca3030fe777055cd5b2b8a3304e,,587,3
588,a699173385841ee94e8e6e3096defc6f4d736b1dd77b3f130d2077306eddd258,d798e9c8233e03035b0e1cc76ccd15b3b157ad4b73d0fdf9cacd652e1724b37b,open_r1_code_grpo,bba961e18c75297ff16976a24f298200,,588,3
589,421231d27947aea7c1f2f23b83e3980223cb5ade0176d3b452b50fa30db04d52,21477474e934dd9d468a5afc4090d7519484127ef81fac4b45f0a78f31407323,open_r1_code_grpo,1dd530cfeecc9aa64745392dcc9c92dc,,589,3
590,ff4e14bf6276be75b4fe311812f3c27dea5234ec1c199e1d6be6d982ae739e22,6cfccab0fd9e8dd77e5f607fb670be82293efbdf2b0b5a4415bc9a5117872970,open_r1_code_grpo,837508180cefa45682e7cf7e7c161282,,590,4
591,58e1d02c283b558515f54301778a81653c29c35e4d20c1fe3edce8f1370ea433,b658363af998164242b162893905deb3d941e55d838dce133d414bea05b084d1,open_r1_code_grpo,5ab436c6a6b8568c42cc5b8970f25b51,,591,4
592,3b924279967c19b62759779d5cf7b2a00ec96436e384fdd152c9618f9dd4e4a1,92021ff3da828ce85ff77a29f3336ccb9926f319ba58001c463338cbeec10634,open_r1_code_grpo,477971f5538349f0f09a4c8c20b29a83,,592,3
593,62c8c35ee5c0bf1d361e6d39e268b45681685323cff1e0694a4e7dd79c68b7de,c5faadf22cbfa40b63c9f4c754c88093e0d4a1d2f3ab0699b70fca40762c098c,open_r1_code_grpo,49dc779889d06cd3fc3a29edaadab0df,,593,3
594,e93ada3342fec5fd5edcd0bafc513400d409bb420d087d2f063a366fce3bee60,73344d1478266d021dcaef7d505be0b03f468df7bdca354a99c5496d107b9f39,open_r1_code_grpo,d165f08783801a934d2ed4d310543d62,,594,3
595,2ec1b4df755a7fde5c1e9a52c2b852153bf1411480a6025075a1bbaedcb4dad7,7499b337ac5db34cc87397ff3f1d125b72ebf7aef6742d18a6eaffb7cd9d37f0,open_r1_code_grpo,5f24abcae1d3c06f9ff63f198f4822a9,,595,3
596,a943db1ed881e076696d53e880cfacf96553330b552b6b8c514d746d10bb51ff,b31e711dfa59503edbe065e22fd793aad234d44c8f9850186f09a1073dd8e7d4,open_r1_code_grpo,7cf42f957540752d2013dc0a9784ae86,,596,3
597,cba1bc24d62c4c9c57a57bee55243327fe48bc0eab4fdbcda84fb0ed7fba5afe,636b252549a02746eebfa6bf0b69fe51ff2cb28d70d8f791de80187dc0ee061e,open_r1_code_grpo,e6363e0dd726ca1640c3db387a8fe2c3,,597,3
598,afae50baee64f37b2b9a760e4cdbdad279e3a582f598471118b56db001303bc1,542bb266997f8aa8fe7fb5447690ff5192afce29b548f9bb6a21d642773038a3,open_r1_code_grpo,841d8f3a4947af4433aae5f2738dc82d,,598,3
599,0f82b46ee76d194164a0033adf4a97255de8c39d97b0d54214181e790ed000ff,945b24f1e421e32413f683560589070a49bc2a4594c88fa5da30a98c625427b4,open_r1_code_grpo,a4f7fbd52f36861f226f95e2b0ce8cdf,,599,4
600,230471b7e30422171f4e61d51c8d7e08d401c0b276343bec3a4ab1368b127ea2,809a9baf9b5c2c56d161bafd0399362f6dfbdbe7d1d0d7e37b778a73ebd54d29,open_r1_code_grpo,a0b5359f6aa59c1c503c1b7fbf3a1fe3,,600,3
601,945be7aa6a576b6885a204d78b1350eb22468da3aaeaeb9cf3431dfc32830f6c,ca60f849fc0741756d389b70cde11da222e5ed7dcdc74cf2f99164fda2c21745,open_r1_code_grpo,2172281959211065cfdc8a4042715756,,601,3
602,990dd0fff37283702e30a1dbd2c0c1d3c7671b9717708bf0a2fe24aa55215c86,ba3037c125e035b13db3d3845a645e2b3cf3b9557070311ff20aa903820f1443,open_r1_code_grpo,4b97af0efe1bb56f5d9149773cd88c9f,,602,4
603,65dadcda352bb5d652ece0c49b622d167175e8c12af2c73748a98576f290c6d6,dffd4c9c45d94d5e8c84b6d57a73a1ed146f0b2c2e2ea3fe082a4c5bef9d7e42,open_r1_code_grpo,03dc3307aae19636f0abd3e83ebca073,,603,3
604,cf4bed1f99a8fcd731367cbeec8aa647f03d062f8097a01b1ebba06211d5ab45,d0ffe3a2517f906c706496f635c750b8d991a0ec5c20ac90b3dfbe9a17d54306,open_r1_code_grpo,2d347031c92995f80a9d6d44ed7a6c68,,604,3
605,1b2cdefa268d283d7dbcfe6114dfa6c8099630e07c19c0f8e35b8214091c27ee,1e72851263bb9349b1790f8131bf13109a0d2eeb9035a26687f1fa52a9dac851,open_r1_code_grpo,66d395084721824a55863c8d472586db,,605,3
606,19fa921507af34c0365b07c13d723dbbcf5321515b4c733d4a989fe147c2ab87,f0682fe450128c17183d6f0613a348a5045703e99afb36b4842f4cfe5be481c8,open_r1_code_grpo,1c0ba7f7273723aa9ca932be852f031c,,606,4
607,97fc1fd9d78427feacf2ba36d2bf9183c04a5026ee687dc168392f025990ff74,b94ff1e2d3c15213b7bbaeb654831351f5063f3f0471752519179651979dcaee,open_r1_code_grpo,04e2c2023bd9e714b00d5d13a46da0e2,,607,3
608,d87e863816deb863d1c6e15bd266c5a0f6aabf485d8a5695c24f777644f5a5d0,f175c49ecf1a380cf49775e4b2f7f095c7fe4c7170784b512584d03ee662bb23,open_r1_code_grpo,519ab3215cdebba3d0b8f843924c9e4a,,608,3
609,5d12e91fa0125a1351f3ccdb059faf3e7b7332111f4ccb19f226b289423c8d24,a78ca448e941a23af3181f3ba05cb2e3a0755ac93184a8c50fa5501fbe0ad129,open_r1_code_grpo,eb49c0a586829209aacb6eeb4215e48d,,609,3
610,f556d96963e7ce4db5d04df82cc695798220ee651b28c75924a49adb0fed1c81,a72e1505be7257d8c6077ec2f8b63328c99b4995402db0fb5003290f8706446f,open_r1_code_grpo,620b57bbed9c51dd685c7a7989e712ab,,610,3
611,3affb13a57c745096283562fe1773cbeae653e35a957a0be3e409cc3d3024315,3d8c01194fa1c60aa641ec8c7324bb92080e7e14a6c75d09781ac70c999d1fe2,open_r1_code_grpo,84109e47f741d63321cc4db40e564b30,,611,4
612,feedcde229064059a35ff5ab67dc9549e6ce6b0c364859bc9b043b186f422375,10de05d4604947e76012f869dcfb4dc79643981bab156f85cc7f2c34262fcb13,open_r1_code_grpo,cb488d4e8ae3ccc5425a71ff5cfbd3a5,,612,3
613,c00dced9ef390af1dcc599f724cb38424fd9b00aaf1cff315adb6b1353ee0843,dd7c3eb2a9715cac9021ee475164b101acab358a6422a155282e7c0da6921d5c,open_r1_code_grpo,9739717707e941cf8fef46438809db8b,,613,4
614,86923d05f51ac049a052e45ff4a22b54aa677010e39b38fe558c9b234137e190,0ac0dc7aa13c0af9c20a9b1aa0be98db1979beafa0f1ec26aece0e831a0f85e1,open_r1_code_grpo,fa3173bd516a29a01dff6cf05cea5eb8,,614,4
615,1c78b279793125d85c53ebb2c6fd1ca3f44b74c930c07387ab0946936351f112,c39810dca072ac01810734dc68474c5c6d03175bcaf0c4620223a5d3f8451594,open_r1_code_grpo,cba279add0b9920494c64449a6b6bbcd,,615,4
616,a99144ca2105f5e87052dd0f7848a004d6a8136f584711aa8c19c18e79f00d3f,fd3684074d6342671a1b09d7d8dbbc05f7f2f02c806655c54661083b91e7901a,open_r1_code_grpo,9a1602483559c1033b79ac5d886e6a66,,616,4
617,4894a250a373f66f743391e6e30778eab198cc1b165ffe65810fedff7509c89c,57fe49ae7a3839b47a674173ba187fcd1e24a1170d0377227c3747ad7b9bf84c,open_r1_code_grpo,fcb405b25c95dbf42fc7dd12cfb70d8b,,617,3
618,f0f0e17a7272d3dd35b6091b7213641356cb4c707012699b1ed09cf42b4b5440,262db4f48b43497b226707c0756edfc114f3721d66225c8b45314b7474b7c1bf,open_r1_code_grpo,e52075b9e7b81f4a7fca83322f73c58d,,618,3
619,01c69900fe062f9b10436eeaff9e52390d93a755bc41a3b1601dd2db9c859cad,29d85b24249fde6c5ac7595d796c17acac3a46fe7a812ff70f284fe389815d91,open_r1_code_grpo,497f86615cf9fd52d291e978581971d9,,619,4
620,733753aea40779a4e34c1a28b622c1326053a41c67278235e32a7ad6560ac991,7e92fc301d6324f2f036cc511e250aabd5cd5f217458b164b35493a3ea6899e7,open_r1_code_grpo,1bbec3a08047d742bb30d151e3c4e2be,,620,4
621,7e67ce915d19cd44c589a2160ef706e471a95bc41e81dceb1acb01248ebde820,ff87f8e105f143b30ae4c98e5182b541d83bdbbc66d3a7e7acf2101b2256c980,open_r1_code_grpo,088dd7ab49e731b19031069ccea33a5d,,621,3
622,c88e114bdef41bfa8d7fe2c9e08aa3a2784d868675ba037c9e7fffa1e1ecc708,a35c5bc019e82f316b509253cdc51cb3f6d4cecdceb77d9a4ab7eea04d34130c,open_r1_code_grpo,c0bb1b4c8365d67baa6d07f3559731fb,,622,3
623,d37c09458c4233d2b0114c4728c5ef3fb4e81f5a4ed51a1c0629725a63b630a6,cc377c2a0635bd08b28c7fe6c48b8b2e39cffa2f63fd0d17a54dca152ba30312,open_r1_code_grpo,238af59afb04866a3ae73b2bc2e580a9,,623,3
624,930de0d87fa0e0f8a276a62524bcffb5908a0448c7aa2c907751364faa7eadc1,b485541fc7a4d963f05c3449e4daf9b4f7382c275ccc6750124e9e245f1b2dc5,open_r1_code_grpo,81201d6cdb04cd8b83242dc20ccba713,,624,3
625,52b917b42cb53c19f705074bf9411dd898fb3ba14cc57c09dee41ec9ac7ed709,f0e68c20b1e6456cceae4a1db63c4e8b94e6507847ab1ecb2310f4144215be23,open_r1_code_grpo,a58e77d2320902af8e55e47bbc7bb7d2,,625,4
626,d01d39da590b9380f5f39d9499eafa1cf6bed4d0462b05e5d7d479bd7065f9d6,96a5e7a1edf752b56aa1427e2b8ada061e988fb50779a0d2774ecd3de7190b4e,open_r1_code_grpo,eaa009b6f0b3a74032d203d10230e3c6,,626,3
627,83523297a3b9529b58d03e6613a0337bdc054d3465ffc01105d39ced4e833cd3,cdb8843f91351514c53f19d6cd2412f24f50b68698e664aa6a5a46065224f23f,open_r1_code_grpo,c77a4c2c091916f3e48e4c2ced7ac4c1,,627,3
628,1669cc164d5cb27eac5ca089bc68792db6c9546c5bfa4e6d0cd2b2df667a4640,ff49fe20e523ccffb5f25c664730432080884bcc7de484e0538b61ea998bd355,open_r1_code_grpo,78282eda897e072d40ca4cae5e2fd5b3,,628,3
629,8910efcc564da81debc109dd3522f8bcdb771ce282dff7de1e9dae3ca3edc4dd,fcc1bcfa64585c0ca79d3f342bf70c59df84c3712134bc4d8b3289da357c5faa,open_r1_code_grpo,bbeb461cf06b0aa8d72447e2b786e3dd,,629,4
630,78cf36485f0da912c3f55d5d57cf8f7aff46b474b5608515861b4a88e6a9d09f,57519b0cbf522f4d073a1458c17c9bb1d9a01cfafb83aa504900cbec8504d069,open_r1_code_grpo,fe5ebec5122d1ea4b74aa6a20fa6a3cf,,630,4
631,fa489a490a092603d4df8631e43193bbab731703a4f199a9599ada0ab6640276,77b5229943b9c1d7fdf061869d48bc7bb70ff21da76dc2a20d8cdb0dc040fbb2,open_r1_code_grpo,4503dc14b3bd8b760804ec36c70bed65,,631,4
632,ef2338017084710370802e421e5714f3d2a7afa1a0b432a9f18c9c46ef41e2ce,84ffd6723abe1f630f6467e4cca60e4fa269b9570950203de93d0ff9bd4ea9e9,open_r1_code_grpo,2d2fa643b05a2d0a428ba1fd175d7928,,632,3
633,e868c5b39666d512b3074eb928e3e5668cae2a78e0fd76b5185b1f83b9c775b5,2f45f9171708dbdde8fc62e2755afb2954b754586458bdbbb5fd9d934b34689f,open_r1_code_grpo,6b84b3c741175794a9025396df7888a4,,633,4
634,fcc6c4c422e32cf8176515c5b1bd505f073ed5e7030c1490b7a2dd68dae42c05,b9b4287cb919a2546775cd9b81568ebeb9a059da2f880cb78cb06bbdf8c048d4,open_r1_code_grpo,6803761d2cf65890080b84118a10819f,,634,4
635,2af512c7053318f2bd655d89e9d4c8aeca4f045cf9fafdde942d1cf66668a6b7,c13fee5c242774dc1b0232c3ecf97f99e2276dc2b8ea654403e41eccdc8b3638,open_r1_code_grpo,cd2b65b18b60fda5a43bdf8dc0b22220,,635,3
636,77c3d0b9cda660875e673753823bd3dd6b4db6f72270d73e23619f8dfd07c4d3,c28ac3412f3e66eb8f9e4deff9b6fdd50728649e6a25bee9e494175c264fa08d,open_r1_code_grpo,d1adbac98585a4e049417d483e7dfd24,,636,3
637,e0ecc68fb4e26cd64b7c420c812f673c32d868cd73c6a4d4803ec4ce0198044e,8a8c6dbb96293155531eebabab501d324bc71082b4b8433f9f0ca6254e32eada,open_r1_code_grpo,6ff3ba96bd68b97a89790bce11bf2748,,637,3
638,8345922ad9270c291e2e94b6686fd23e6e8609155200db64faa8b5782c126d6d,a8a3db03102001b36cc60b9f04f3e39e925b21cd1fa234938e7bec82423b07fc,open_r1_code_grpo,a3e03061390a506cb92ec4a1b0081220,,638,4
639,3767f8bf41f2bbd9e4c5394c3fbc852dfa9cb26fc80ddcdb80e98e56660d7936,5528c9926b9b07d737b1217d73383b891fd227a61fc41d11f695cd41fcfaaa86,open_r1_code_grpo,f13ff3c189a93d625ba32ba3903af6cf,,639,3
640,daf6d3cb2ab905024825d5c93746fde2992f5ab3d49dfc100f33f173821bcfd5,77f6c3ff6ee3dc8f42c8b9cc97d7f3a7125e553702296584a266e1b0ad07f612,open_r1_code_grpo,263b631d395b038420a863d6b269187f,,640,3
641,b46202722aad530ba2dc72ffe5a0875d02e233cc3fa4831d971725418f84673e,38ed943db6fd629995d672c5d42be4ab0b45c52c47884dd3f2a47e9adb8ade66,open_r1_code_grpo,d1c668f2884fb615f22747678b0bdfdd,,641,4
642,1140dc714cc84ee013a4f44f83495166a1c9608c207f21ff8f2ced2ed9cf8f48,7557efb2a077b2a3cb65ad462bd9812c4ecd0790733a2b6de626ac49fe0dc2ce,open_r1_code_grpo,00b5431d72874e7f888bc32ebb373351,,642,3
643,3d6f0d95df960f2cbe801503376040aa3f8aaa700c34e9e6d675601a65ea17b1,e2d115468eec321d2c4798d0c2e5b2d11444c0ae86fc87479c2fb209022b5434,open_r1_code_grpo,9d504d89e4036a28e113338e391ae678,,643,4
644,7586ce15f9d7f72cfae13463bde29c8abeac394898fbccb9589146c74cdd55d0,9bb8d82cee47a2430f8b42437bfc2b2de37725a1c13d0869ae1a87c0f3c4f3d7,open_r1_code_grpo,4f53b8e18b80443cee3ca752df950d37,,644,3
645,0022f4e3879794b8e4749efbf889c6480fb8abc9cedcfb191149887cd790e664,3916dec1fa840a50beb6f0004deadd13b495c038caa56052d033175da352c366,open_r1_code_grpo,1abee0bec7d9dd90cd46cca2e74c0ef2,,645,3
646,8adf95d36ffdcc181f85102db0bb29b5ed4ed85f365b2b47a1e4f2dd0ade5b3b,935e1c22767214b67d898bb81fc35ea690a65c0eba778de8bb8e630d8d1b4d2a,open_r1_code_grpo,46a887c33f3bfa4fa3b815798715ad0d,,646,4
647,647bd0482e0e2342a2372c88573b239a5581dffec6a268e44a3f7dc32b7c32a8,0335f4c80b28c986fbd2557366cea8f24887557bde728a5d0f0aeeebd3fa5a1f,open_r1_code_grpo,c8417d437f36a4274f2ce5dc1ef48779,,647,4
648,d75fce38faa0d9c5264e6bebcc15c49fa70f82e0ea5dc8b44610b9427b96563e,f8966712e6cb42f861d9c5f0733355d413d726bd0ab25da7a27722e8b1185b70,open_r1_code_grpo,ea7f4e67225403bf679c9e3f7fb1fbe0,,648,3
649,e6a17adbd4111bff98d04b410a9335d8792e48636921f67931302d9429673808,a37db472e81d848a4a6530cbcdc83ad4c9421aa24cc92a115411e53084a55df2,open_r1_code_grpo,2e30de86582076fa8dde71bcc82b07a0,,649,3
650,02046e27e2f15198d9566be5c8a57ccabe4dfcb065a85e4bbe347b9f1119c571,b7a4107a893f4dd4a648395c3354ed2f47f69fce607358b3098ce8af5ce7f083,open_r1_code_grpo,6103f15ffe20145853f4c4082b43e184,,650,3
651,a005831640512daba490573b8a977656910c1367416ca00704e3e519c829fd38,c23a5bba3e756776c12d40450b6dcc58ab9b13c8af027d73955642c78e84736c,open_r1_code_grpo,1e79ea90dc11f784670503dcce531bfb,,651,3
652,43c64db13c84b632c36e2380554be8880e7500eece5115126330cd8dd0e891ec,cd158b60be8f7dcfff648049821e789d3f20fc614447086c35046fb0e6508093,open_r1_code_grpo,fcb075f52aab31b791633b2535f73608,,652,3
653,5935a32b97185f017085597ff18d6f0410db00e68c11f371142d2c452a607c85,44eaf6876accb9c47bae3e6289bb395fc9fe87d6210a5077a7f4964811eaef01,open_r1_code_grpo,04ac08bf3a53aee4d46bd455ebf615e7,,653,3
654,7819f441b85f4490ba3af1e76b00dcde82cffe5d17c526c78ba7b5ef4c8654f0,10b95030d2750019cc986cd72d30a4aac55fa59e78d23f9c959210c17aba122a,open_r1_code_grpo,8cd53193181c2036a3af1431898e0fc3,,654,3
655,6369404d87fc57a108dd73cd134389b5e4cff8102e8e1cbf9f1dfab565b53858,7a7636149cb3ed082e3c38a47456ac7e5d85ab4ead2fd9447cf667d45100a732,open_r1_code_grpo,e7d63772eeaf0ad9b202338b782e14c0,,655,3
656,abdf4e2711c1d7d6a0f53b73f9f843a18923dd9e2b35459c38f0e6a1bc68bbe8,11fc2fa8afe7c0e81aaf32e0cdd889614147e525c98a6dbee69f922beebaed2f,open_r1_code_grpo,5bfb55371b352bb34f28cae131a86b0a,,656,3
657,cc9ba90228579d71ed63e2268174748321fd891c6515a5353427b629e9506243,29f34acd2a3c01df9c473d11b6eb5656d9bd55b2b583eb1dc2695c7b5ecb4c59,open_r1_code_grpo,27c4e1947ba6f08eb10d06619cfca6c2,,657,3
658,2485392be472f2e5455ef4ca53c9b937b978fe3945a4adbf4853909d828ef141,276ccec8b15085c91f9519a9ff0068da525da48bff97142686f6f28ca8999cf6,open_r1_code_grpo,3c707bbe8058ac04484c3a90efad0cb2,,658,4
659,1386be663f9b28d31ca58bdd59725a23553e683f3810b9e8dce48722b1886b3c,7f4bde5861fd99328dbe04c066423f39e0bba9a1cead9358400e4e0965d73b5e,open_r1_code_grpo,592f3194a6127597f238f6b98a2f5a77,,659,3
660,f56e3d5dcb646af5f44f6c8787e24b4513fa5ece0b7b950c1a579c34b88d1d7e,b603e174f46b22fc6841d19ef994147daf7a486a1901c26e4972a1ea29a45cf6,open_r1_code_grpo,9b0e7c24d104637cbc7a44da181d2080,,660,4
661,d43df83f043c1574689eeeec433745be2408a7538faf01eb88874881f6390d23,ee839ed9da5ff79f4b66e9a14cc74a542d2959cea3a37fbd0417295be91a0cd4,open_r1_code_grpo,b4323dc49022b25a5b4c1d97400927dd,,661,3
662,d0687f95a70a4b0860fa243a4e99fe3ccb2d49e3e8088d7eb45c14b88eac85e9,75eaa5824c95792169884264ff394bd0edfee2633fb5ea5561463493b4b11da1,open_r1_code_grpo,0a3a60dc6f3c4b62ff9fce86830063a8,,662,3
663,9481e590300ea46813f84d5dc7fe8216732cd0a38c18c5eeed0762a0cfad2921,528db1979f1f3047e70538daba940f65f4f4f8c74c127827974a3552e6ff892c,open_r1_code_grpo,cb688fef015041ef9a56de34ee01a647,,663,3
664,dbcaf1ce13a6522ad28d9c73abc2f0138dff2dabf38204c8188a28d00ca3a7d5,407dbaad1fb73322f750b6e9a251efd95420fa822a3a084b4600ed35d5d3baaa,open_r1_code_grpo,a569186a9f35e65efdf14b2b34b039c1,,664,3
665,ead6958a6a5466f2475e63a63a37d6e9f9c6bde540e08e64d388c1265b7ba859,ac93f6d24a3516ec794c827d541f104cf7292bf86de6ae6e34c00bd3d3e17301,open_r1_code_grpo,4e79a84342c27c05f676e157b688672c,,665,3
666,657ddeb8ed2b18dff8e652876ff304b1c6b8ec09a48619ca029ee35c7e443d35,7116be9eea6d0ffe976d705abe4374d7b6601c1bfeb561755d18ec83278ce6d0,open_r1_code_grpo,78f715f4675430daee5ce027af29c450,,666,3
667,1c3430d28379dce14d21fc1ba74cc871806c7e7a3be6a3ae244b5245a7c31de3,bd6a0fbad7e950620ed04df34064bdce67eca0112da3c2ee2803ab94ceabc18b,open_r1_code_grpo,126030f0da5402f09f0b1235194a585c,,667,3
668,3d3ef6c0e8ce6aec1c32937bfd1a3999583c2fbfac6b60c99f7b663c660004ab,714b96625a742f3a72ee2387c38357553e46ce185bff776dab5c76222ca652ff,open_r1_code_grpo,0f25cafae06ef35cd31ebafe64137db2,,668,3
669,8e16044a5a0cb5e4cdfc8d4a375da219c3370550c88099b32400894751318093,1c6a75422d010b51c58600e960ddccac0c21186427ebeb110efceb2de911430a,open_r1_code_grpo,df9ec03fd9b447f4d1de84bd250437b7,,669,4
670,99850065ddc8f64f31dc818ad826bf079b908e87817ad474088f3014adef5068,3339437627159424037bc53b3f98cc4b3dc4150141c7f14338f5bab3e37e8ab4,open_r1_code_grpo,34d1753d5ef9b8e410ead6a19e320623,,670,4
671,b2f18496c0e5f83ca72fb39b6755b806e7b2429cbfd4cf920c8435f0db2000e5,3683735080ed1f75a752679e24a1f83d4b04a45c8b1390737b1b50eb3465c940,open_r1_code_grpo,2f7b27e769fedefff139e3e5ba14bdf3,,671,3
672,e24e8df51ab6c1d13746d3721f5f7bfde6f1fb479b9aa703d722c480457be393,db29196b058314ba27d15e60686d8a8f096389ef4784d9adec42fef5b0c582e5,open_r1_code_grpo,07f625e7c2fcf5762e7e693e2c17d8ad,,672,4
673,3d6679ab4162370dbd4acfecfe035f0d9d79e69b078672e9c145fcfb0e118cd4,8f8dad7b8b8a45e40cc4779891aeb1493cce7376b2a18921e3b1a0a9ac452f49,open_r1_code_grpo,9d8d3f690af5f531eb6ea05f5b2f0c8c,,673,4
674,a557debfe63b866090264c7be105b2f6067d646780d75b0b1195f0e7faaa509f,1cd693f9b20f555191979270a86a4f6b3d2beb10d95918354c983807f7fae04c,open_r1_code_grpo,504176aa54d96260cf42e07e8e696d9f,,674,3
675,41443e9c57aeaa639e88688b2ccd46f20070691ce4faf65b41268c48d4079cd8,02d70fd99d5da8a992b9d769b380bd5c8d2123928415c102e5f6aba0cb6eb597,open_r1_code_grpo,6045aa5f650f12e33f052311c2b2c5ae,,675,3
676,17277fbd2967813a79ba1e61b4015975b831e9078fb34298a03ae18310d862e2,954548d678307f1f3a15aa8e5f0cae1a375fcd9521d192c9a7c267a1aad55085,open_r1_code_grpo,122be2e8bc1503788d787c25c348923a,,676,4
677,09f2c4ee5b308ec00ccd9fc6f960cc6df74260a01053f7f213ee528532d80b7b,aa73409baf2e88580772ba724635e59cc48ef6d2da5d12226b3d5879fba36d5a,open_r1_code_grpo,79fa7fb022b94e6fecd6c5429e0836a8,,677,3
678,b729abf1d5926a98dc627abc2adecb8110eb94113e28f8fcfc9dc3723a771f47,0f49fd3bcd67e7c3da5b184c9506d391e8a4e5daff900c562948276c9509198d,open_r1_code_grpo,838d6a435523fe1f15c00ab606c7eb2b,,678,3
679,9359663d01cc18e6af38ab3662cacac399142112fc42084f6aa160339e611661,2586058b4d8623f6db138caf213e8b3826a5e4461c095b2c79a3704a47a0a084,open_r1_code_grpo,4b3f79218a705c6250c78c00692c1367,,679,3
680,65c41c97ecd727b98743124418b0e50d1b51bbc71b608327f6ecc82e97930b10,a1d457f73b8825ee5153450e0905a0a512c1dc76a4d17fdc100f31f29a2b641f,open_r1_code_grpo,b85b3c918ac1dec7ac56b04bbf3a9686,,680,4
681,27c470d07684766c6031b70739871e6ccba459d78df0fd363288435c5939df8c,a9e57e1d980852a0bf0c8bfc3d446a9d88f5479fc9cbd2bda34faa0754038ff1,open_r1_code_grpo,85e1307a5a2dc9ab990426903f341a80,,681,4
682,6343eaaaa2391dab02199a7fb1d56676722cfdf11d446e233ed503cadf5a55d8,79abbdcabd5dfff9fa33422355737960d75116377f1cdad844806753ea8aa2a7,open_r1_code_grpo,d8f104d3256408eb2288be0f133ce9ce,,682,3
683,744ce4ed6d68a05f78a4bf0018c1f64630963fafb401bb9b8327588243b16598,8df0e017efd470754b7f301417b3d4013a04cfb0a4d2b50e717deb1dd565a20b,open_r1_code_grpo,2035e00651d70635942a9b57f0467e45,,683,4
684,43ddebb3ebdb8c0ba04b66fd704936a20970564909e784d6e95c9fd089e364d0,dbf1c050f821de27d84ede09b5f2e40adf71919bbfbe4c72f1dbf4b2fc198647,open_r1_code_grpo,a276cb7769b62834d81c294dd72f3cb4,,684,4
685,4cff063c1cba0002c5f342bc75332c4a5279dfcf8d20f3abb0ac44b2832d6666,d624f77d4183e2889bcb69f7556ddf3713b5d03bf151615d4ec95ca4144a1511,open_r1_code_grpo,6cb6b8c90c4451904ef0e3095f82a3b7,,685,3
686,d1522b3c94c9da4d9c30f4bb6b333640d737f9f4827fa3a0a166af00978b2647,2f71669c1d05e2562ca1bdc5af4ae3d2915591852ada07413ce86e51e6248632,open_r1_code_grpo,987f8dce5bed56b2006ec9853f89adb9,,686,4
687,3f611878921a0a5eed3e20842800c911462f7f4fd7bc83cb484b5b94fedd4d5e,45cfc848c0f2c2d8735826fddc67a11cecee70d9d4e43919e2cd1f9d38ff6b4f,open_r1_code_grpo,e6cc06c19763d076654003e648f6c1e3,,687,3
688,9d317e60c1f947108eded1c4dfca044a4898ef420c54725bbdde19f8ed8f8363,550f43698fc946d8213d138269035134d2c6a5d9ef334341f1e5d9ed8f0b8e8e,open_r1_code_grpo,4fa768ebe4fc8c1b12211a6527281f11,,688,3
689,d6718801e2d8ead9183234272d139e7e61df207580db97d7cf546c97b3d6d5c9,bc6587bd8a6b8411652057b459cc231d640cb5c9502412d169ebc0a4bfde152c,open_r1_code_grpo,11c9fcc260c2a6b520d3294bb5d06fac,,689,3
690,8eefe877b59bcfbcba89a487c744ba023d873c9b42bcd1b0bdeed1dedd4c7f6c,8a52ed1236ab7ca3ae11a549d37c2e398e640961bab20548d83a200282a1dae3,open_r1_code_grpo,5d3516be70d45f404f350e443778518e,,690,3
691,fa596b600f1cac6ee3016647cdecc3f428dd0c4fdd5b4b7ca1e22bc03b7d36f6,2ae4493e64b0dddd37ec7ac0bc4734b11882916f97e87a1c4eddc2a8a10c5766,open_r1_code_grpo,5405d177a87573310441b1967a0544a4,,691,4
692,8e9bfe73d489fcd8d8a3d154532b30c98a54267980a9dd4a076b4501dcf70e42,a812f95e33d6bcbb3816b2abc8cd435f0d74c6f4799d3523b773e855e16524ad,open_r1_code_grpo,0857d45c6e5806fd1375406e7b1a8f5d,,692,3
693,3578a23fcc20289907ebdd759271f158b61103cf3376a4e9ba46f65ae0a32bb5,b954fcebf7f080220ac9d156fde60690242c9a6c92c23ee69e1b8409620eac17,open_r1_code_grpo,eddc41ea66cf8bbf2a2fbfeceb3b5fee,,693,4
694,b537101ed3a1825bc6a5a6fed16a7dd6fa2e47bff1b45b2390e4650535eb3ad9,529b53e0176b7946e6b43e84509ec3a2f1b91a3fd0c557a478d26f666e401ac0,open_r1_code_grpo,3db782b16f25bfcbb82b0a24b51dc845,,694,3
695,00c4fdb7b9502c0f4c54931dc35442fa404e2eb826748c0df5cf687b1e814fd5,4aedf34fb9b6aeb9f926196a66616dcf9760d3ed56c3163a22782dcdd805a4b4,open_r1_code_grpo,47d0efe9e60cfa9d9ed296c891f0a905,,695,3
696,c6fcf4ee759129458a19e6d920840187231a17a1e3825167793a3a91ff3298c0,609136fe0eb511232ac9dc34b1b895ac39169dad4197676bf7c4665dd78db3e1,open_r1_code_grpo,ad03eabb40871e450927bdc2f8c21991,,696,3
697,d0c80e78108eca1af3ff6ec03873eae4621ff28344519ab703d9927a1faf81a9,13d9577f6e20e76f25500a2c938ab6b843709bb7cee13b87205b6950c75d2058,open_r1_code_grpo,9897e8e5f05e0021813c61d84e7b58ba,,697,3
698,a47f26648264043cb10f516ba589e2b8d7afeee0d0453ff592ab7275ec85c6c3,08ed11c99b253d87b0c6fe81c043ce2408f4d1ebcd617c18811d8006354a9335,open_r1_code_grpo,fc5b1cb767d4c739397330766bbf1625,,698,3
699,87bc1739fb165aa5ff6287289104d385c154190452a6c17f3ce89a178f0d3543,7b87e091b3bd4eafef2dc7b62942c0ba239669249bf19a82a3ac74300c6cb7b6,open_r1_code_grpo,4788699fb90acb535abe81b087d3e4e9,,699,3
700,39fcbee5f9028626cbd739ab70752a304fbaf3cf0e4adf57d9c865f36af7b235,ffda070abec6c8edeeaabbd3a894eadf05346872515f129aa286f9d776eefa73,open_r1_code_grpo,eb125ace1be91dd59810459058400159,,700,3
701,520ba95fc5fc5f454484b16f0e4c6e6d8f61023a82b7a616280a6917fdd2f938,ecd47c0e667ab0b7c8919b343cf113986c2ecd3336798bdfdbc7a7a9aa7590a8,open_r1_code_grpo,5d2408e8e71f32e530889dd92be1dedb,,701,4
702,ccebfd7e02ec68fabf74b9fc87fe7b60d50aa73596da11c8ba7f204be4928d79,2b693e715ee57fbed0ddf1001f0dfa439a3479fb52f20a25155b30a59d5af2be,open_r1_code_grpo,40e4e5609d1e793d974d9a22e08c9be6,,702,4
703,bd677b683632017ce59400a2542bc5a5832d4ecba5660aae6b4c81aa07cb9584,9ddd54e9bde3224deaa1ec658fd13ada8ab08e3765ec7994e05fa07bf5e66edf,open_r1_code_grpo,02f075580d6f223196eb9c5d3db3ae45,,703,3
704,36fa0681697bee97e9b29dba902f81f8008df04e92fc9cc42cfad0c1359fafb2,d97bfbe8c79a631d95fa9590ba142cefef691c5a86b0dc01e7abd9756427c8fb,open_r1_code_grpo,1c3e8a579cbad4bb2621920b54d3f38a,,704,3
705,a3e07cec690045c8116d64e32d6a093b2893d040c56e485919cabb5f330394ca,f802c718fb4ff867f9479408952d52ad6e2f5a2ac3864e618676184f5d1e90a0,open_r1_code_grpo,9c4262ce1e860298d875205574775f08,,705,4
706,fff368a45afa61b8138d5e047d6758296db032c85ad0d308ab5fc212bdcf18cb,96366c568548887a56527b6a7cfbb55e5d4d6f4a6e51946d1e28ae716a5abed4,open_r1_code_grpo,07b5eaf0d2a99beb9c97e79944ad46b2,,706,3
707,b60e39c21d14421926ed0773529706139c1499a3254673df6e5e4492d7439dd0,e15d01e5a99d0f3b3fb57a4b2b2306ac6fac4fe62b71169d744b506ec3368173,open_r1_code_grpo,e11fe339e7b292824491e1b39302af9a,,707,3
708,b8b94561189a330a4cef1733c658a2d48a334cf4040a7b5aeea7b4504257e8ee,7201f09af75342b85527dd87152bbf353d4c4909af834b02818c00f0173f7d65,open_r1_code_grpo,1c199ff846dbfca1b6ad1fa5ab3e2742,,708,3
709,0d7fda36d962f99ba40af960398d944d196b5c86ad81b2c8e38dcab1a80355a2,951c2112e89effdeeda3e1baf7cf93e9aae56199726e55c3e4e1dce7f34da375,open_r1_code_grpo,5af8925a9a77b5ec8347b3e72fa2dc7b,,709,3
710,9d63033458ae0cf602af1aee89fc8a04c05b6ad20df4e1ba6d7251dbd98383cc,2e53437277ca12c10f7fcc09602071ec9043861aa336460d1b0d200b7d02a899,open_r1_code_grpo,d844248010d6f21c8ea6b7c65ec48b56,,710,4
711,5630ede5df5e0d93399c9cfa21709a7b4409c3d53799a78068f8bdd8e3b5ad80,ce2b973b9a2d503868aead669a5c8c5466792b12e2c5f03b831b78e02f120957,open_r1_code_grpo,769d843d246fbc501de901ea4c00631b,,711,3
712,c2fa9ca41c2e61366920e26eb9c4ed70ae54b66d3147d6eb834680f659d08b74,044d1593eeae45d234f8f752c21cd13523e101cdbea5b70680e3a4421cf9b56a,open_r1_code_grpo,0982f65ab7457df8c865b4697d5ae971,,712,3
713,e80010b533c5c86b7f9720be626eb57b879728ffffae4f69764eb2e0fbd4d03a,0f7210f5c2d47358366117ac9dcbabb3c423ba17552ff1b5db7d16ebe4186ad6,open_r1_code_grpo,9accdac01814eb369b5f11d1b7280d42,,713,4
714,4db4aff005c009d274a4e81b5eda53fdd11489edeccc737897ed00a15ffd6a6c,65a3828fd81b0653d781cb03471795eaee4628e0ac06aab79f3cb197c80e89d2,open_r1_code_grpo,f48f2481bd21a85a5e56d34a9809bb4d,,714,4
715,8d140d1145f9c1126f99819cfca498e110b2822cfd261dc80d5f8ee92c3c2214,175dcec658f6baa19907a29eeca070d4414ff6f2a531340a6d18fba1b67547ad,open_r1_code_grpo,9a387c9e70201dcb27695517aac396e2,,715,4
716,dc768722e0bf8c63448780e4c5d12ac1865e8c0faaf57e55dcd2cecb973a0368,35ff244aa9879487f0723a37eaf5a1161c1161b2afc46875cff2a8cd6d85c392,open_r1_code_grpo,8930949080bb6f364b1772110a42ac27,,716,4
717,b2e6eced51d026c1c08d32d77f0cd15df16435a7370495b3e27d75428f5c90f3,66a3dc49c789a56c6a32501414989317886ba2c557f3c35a25defcffae998382,open_r1_code_grpo,f5be95992a429fbcee6926532133c24b,,717,3
718,248499fb60c04431a31055ab5a39b5ba570f913ebe0f9b373c9d317fe31f91ac,2e16ac8fa8138452f339b146222a8a75fefe2d2b894cf4d03140723cbbf0e320,open_r1_code_grpo,dedf9ad2d4a68bc5868b7cd7bb8c03cf,,718,3
719,e7c94279e25942826490eba53b1c107fd4da050b32b00dbce7c473b2cf87b115,3aff4ae278c4bc6f51dd7cff2e77e37b84082bf7187db3204d4063c870ac38cf,open_r1_code_grpo,f97198eca6c008322dfe57e7cdc57f19,,719,3
720,75b8029a09440509779f70a81769f657662fc2ecdc40cbcf8506dc34dc512f2a,95289f873330109ea36cd100633afc24358715973539b27ceef6f08e38b8794a,open_r1_code_grpo,e7742969959e10ee91c10765d78d36aa,,720,4
721,d0d6c040fe21da45985f3111c96d1c15a3790950554cdce94356a3299b043d3d,6d8aa00566dc253c96265660c6d14b07527cac97618d09bae5244fc9dd91c24c,open_r1_code_grpo,16db79aae3840d522a87401ab11ff766,,721,4
722,6cd42f28f1704e3af395ce89879a28fe93720ded8d1b96efe98dd2308c8c2f81,edcc6565e5f4ced0048fcc4054fa238006cc8d68844f1a616a30f4b03daeaea5,open_r1_code_grpo,e6316558889c1eb4c2d8ee37f21299c4,,722,4
723,d444ef2a30bcaf009180d79a48a915757fc70790b103d99cb464eb51a201f3f9,d0457d545f2e21fdf8d5875402d793700764d8bbb03be1787b1f45f03a4b05cc,open_r1_code_grpo,148a3ced7533c7df6f2e9478736a7deb,,723,3
724,4759e3feff8e402b2034202834fc216f9a39f0f5055d2e558dd8460b61d2cbc2,8c446b3d75637327905e4aa17b05fbb8888dcc49872932d63b9672df0d8e7175,open_r1_code_grpo,ba78575e14823601b60b54e9a0c79eb0,,724,3
725,a1a1dd73becffc6f00e61046c7e762ebfadbcbe28ea4bd197c460f5ceb2a2213,9e6a22a1952d6e67e1f2765ca54cc8c1d9f557c2b094bec30bc7ff094e089f46,open_r1_code_grpo,fb0989ef5296e35623e21248c62d35ac,,725,3
726,1eb4ff205f3ec3d872dbebcd9595f804c40582acccaf60d5d5a216af360b1f33,c1d5047f5974caffb3910c553211e9d1bd66f437ceef0425025a8fc9cccbf41d,open_r1_code_grpo,531eedf5dbfd60cefa8610e61d3f6cbb,,726,4
727,27956cccff9b312b81fe9f53f9bc6c36fda9ccf79f372ba6037deca4fa2fda43,fb76c82071817bf560f3d329e157c6a991c33be17eabfc7b5203176f1e51ca07,open_r1_code_grpo,72494149a7524421a241539aedf862bb,,727,3
728,ce916f7d165ccfbff4bffee6312139a318311ea13aab0c67c648689e3bf8f485,6c11ac688cc0070f2101b775302b7433483cd35516c726b935b59fe5b837c6b7,open_r1_code_grpo,d235110ce1664858b9e2f65774b9251f,,728,3
729,455390f940ea89c11c1ce4dcc0de99621c90513eda076851e1284f7ebb1b0bad,268381c40f342a1c8e241f1afa1269b63f33f3cf4f72314f0d1dc601398d6af9,open_r1_code_grpo,741014a6780adfb47ae8ad42d3dc49df,,729,3
730,37459bc5ecf30912b2f663d3e923fcd77393ccb246f85796f699178659802280,3494acefb8729f590d1b717890505ef66ade161f3a6782ff1e9fb8630828f38c,open_r1_code_grpo,dafe909d23b8b546824dfb7709d5ff84,,730,3
731,17ce90e5d4fe756c7b28deb96a486d97ac3b249ab022076c897cfccfd2faafa2,7e0bd69682d9b3c4614760afab473daaf773315df3880a5561a31bc19d15de9f,open_r1_code_grpo,3990a934d931c3364d346deccbfa2241,,731,4
732,c43636aa78e7e7df6f30fd44a8086862f72d69d09cd17fcc7694eb51b690a838,e94c685de331286847295c8842ea2b903e07902683283972f86b47f3b26ade57,open_r1_code_grpo,cc05f4588c44ad3bf7bfb6960c633e3e,,732,4
733,ee8dcd19f5f742d7ed6a937670542c15bb132a016c8732316419182355ab89ab,6512fbf1f338a42153a3d9bc0e57bd77ecda5cc339a3a36c5fe5786df7f4fe24,open_r1_code_grpo,8052286d7ca62d9327e7053df5461af0,,733,3
734,040b6130ed990ab97758de92849a2f7c28857ccebfd64cba0bbc798fb8c87fb4,6c722d42b8f31054289b39c6ba6c8d68576e266616c18c53f04392e64d61e6a4,open_r1_code_grpo,deb7da14ee936e33131dd2689398db20,,734,3
735,684d6d892916a79a459160be61af1f546ae1f8a72da1ea7fa3a5caf059a14c92,e72c4c9cdb2a463493fefc989eb7008e73e4c66479812aa4f046798eb93a433f,open_r1_code_grpo,58b4aaa22a4eff1227050e49487fe002,,735,3
736,d29f38fced835619d62c67a5f2ea6181d455471cecd3dc2487fcb4795b137736,0b878476c4493790b43eb49fb160cf577653277374c22cc2d1d33eb0581982e6,open_r1_code_grpo,030894f4b2b906155b845842216ec7fa,,736,4
737,2db7d0c0620e1ee657b43daf00d0032863b7994bf11df451691da5f8b07de1ba,ade8ece1fa0caf1b9f74e478ba26be8d80da2187465b2e2838db0d2752e42d32,open_r1_code_grpo,1d20ae018f8d6ceafaacf7ff6ef2ea31,,737,3
738,9ee3fe3435a514f511915e5a5a758918dd305948a2e2643f9f4dd03cc591c964,620c7c1d6f85620e0a35ad7744315b768252492581defae74a4bb922f122d00c,open_r1_code_grpo,41ee688b38e3fa2ae94620914ac98ec4,,738,3
739,c680c6ba984fd3d058438bfcf6a651729181d72daa2a8dea09260e3616a8a9a9,1050e36c69d31e6bf8df057e25feb48a1f34a7b523a5cd0a8040588021470d19,open_r1_code_grpo,911609ab03e3ae600d1361f2f36c3c97,,739,3
740,0ea6f3c90e71cf71226c293d3ce02604bcb5117e53ec3dd407061dc4097d9000,b0e3ec208cb3aba7db03fba39207b7b5b258c897ddecd6737807aa4a0914a310,open_r1_code_grpo,41fc9bd88f113216fe02b51117a601e0,,740,3
741,c2264525381b59546484c36e896843af6b60fea2845244e37b6d5ef29121612a,ca652675f4661bc7cf5e0d09bef45fa6a6ee9212d66fb5d4f3f8f0289f76690e,open_r1_code_grpo,2164107896e74ee94b87dda7e60a26f5,,741,3
742,cb2eacaa9c4846b88eeed3cb61083a68e902a49e654850b219a2a99124eb9b60,6676114e49d620ac776059bfa463c454500a87811ca052e4939deb0fce1a3d0e,open_r1_code_grpo,c027f02e1c7ce6b672073633c60b0f50,,742,3
743,e1873e8a1b842669887bab84b07a1a0a6e1d6fba59b09d4261e473d123051a1b,c2920d633788d8ee295045bcc45c8c25542d59a4e3e7656cbcc0d4d41e812a51,open_r1_code_grpo,a96ff03098dd99cf82f2f2c3167fe540,,743,4
744,39d146dac71c7337067ea6fd8b7b016d7bddedd88b13a667e05b72835c739c48,99a4c22bbeafcbfc26b59385cba8951760114a464b26093c3a6f198179482bca,open_r1_code_grpo,e64f8721fd8b67f277be31f33ffe1b1e,,744,4
745,714b6f7533b208302da02509ceeb6c09d3cde997a16fc75f10293b7f1ac6815e,c551dda7d3635b033c4f8732a3370c5eeca4f7b78fdccc786026711c7ece2fa9,open_r1_code_grpo,06fc761a73e928b5457b72e40bf0fa4a,,745,3
746,0a81d25a8b8accebfdb2c35b13499231775d48da9ac3e27455fa4dd8634d5669,0bfb17c0c1f93f63ae50c86eb617bdd7569829682b16e245d2ddf7fa9041a808,open_r1_code_grpo,0c3c2bee2613988fa1ce43494aa9eb3e,,746,3
747,d42566bd42113051b9c4f5d50509be46b18bbc89aeac001bc516656fc970aea9,245da998bd8879244a8888147e7d5ce01baa6c4bd644cb930ffaf005ddd3aa25,open_r1_code_grpo,680a8dae8bb7a11c47f160b0bc7d7a14,,747,3
748,fba5caa71dcaacb1f9ad040b55cb7c705b4798c744ed743b59b87086f40b55d4,c437054f531ceb88b9cdff2ac33952b195e6705fe9221b94e447cc88f85eea20,open_r1_code_grpo,b8738450baab6ce6c73d8de3b314c84b,,748,3
749,05562297680cd15aed2cccec1b8b5d9812caf4a1fd12a229933cc914550d2a9f,d757072ab42d25188f9d08b98c1ce5c42572e6c782cd092a31fdd5641e24e807,open_r1_code_grpo,71e88a53a8584754493fc5aae836e5ef,,749,3
750,2402c653cd97dc46c2dbcb2d4880d0eece634697d2fc5c4659e477f91cbc5432,14138c8b6622d9fb14648ed3fd712aa4d19232907b76a60069fbf1fe63a12672,open_r1_code_grpo,9fa166530ee12bd0e617e01f04259ef3,,750,3
751,a17f31d589cce945f4e323184bca19e8a3b5b7cbcab137cbd6c8264597c65fc9,f0c190b8d61ea656e5ca82c33b41bc44bac81c0253910629b238f9081319bf9c,open_r1_code_grpo,93597824d8f0055ae900924b9ed344f1,,751,3
752,17dfed917674f84186c7efc6ea619571d4aab909ade6d92d5e14098ec8b3a988,da5acd939f176b195328f5d9acfc4c1425571952abe490a334e6d16a4df284c7,open_r1_code_grpo,13453c6f13e42f5e2f091de5f8aa0c7e,,752,4
753,049bd82c8136b9f5855bbf7446091e91e24429bc81128ca0c6a7884d3fe63550,77d556fa345ef1bf7bcaf057f5929ac339706e96f351dd4cefe17037896b9c79,open_r1_code_grpo,9a4ea46ba16ccbc36146611824f5c4e7,,753,4
754,771517bed38e9f2bbb854d0146b9d01aa1f5bf1fbdfdca1fd72e916360c9d638,98ec35943e8f6c213fc119eab62349a4a3ad3ed3c6473e59e8d5c40d83523031,open_r1_code_grpo,488bb11315fb25026541e4cf8ba90929,,754,4
755,d6963b9c4f3d56e282e281d07ac3281e0042f732ee59a56a2562eb564f655b51,a482e01dc32647f9d1bba2cbab97cdb5375c8bf18b697ad12572fa3cce4d30d4,open_r1_code_grpo,6b5fca9f6449b519f9ff72c3de8533cf,,755,4
756,4927a6a3da9c997d6c877467f0c4b26e4d57bc4f04aeca94209e2fc7029338d9,9a57a7181612daf91052749477e4cf398b08782b9ed364b8ed54a75149ccde0a,open_r1_code_grpo,20a1f3bfae9616b1ac37ee126a05a372,,756,3
757,a50f423eaf81b574ea375a96ca886baf460390d9bc24b63494dd07a22f1b04e5,16fb9c708e686bf426855c04afea72db0cea70e645408a235633768b9820562a,open_r1_code_grpo,126cc5d36eb4d03ff4585a2ec0f2bff4,,757,3
758,5e4f70360b0ee515d4fa222fff5deed17cd5775073113434ee3d43057a47d1d2,e6d9a980e016c8773d9a53bc428029d397837b8df01b1873910b1cb414c0bb0b,open_r1_code_grpo,4f3886a33f58febd3f633dc570893f4a,,758,3
759,5a83b8a71248f3ddbc7ad5a00b838d66853c13bf7c0fad5dbea0176e39b79e1c,3a6997fe4312bdc3e316fbf410123be864e1809519404466fd990cb126f157c6,open_r1_code_grpo,25f2da75e3fc2a7379060a87be6dbdbc,,759,3
760,4e7bc094c6dfbdeda2d4fcc2d4ebb14cd96815d7ec017b036477ef5d738fbc4d,393f2bf9429af262cb67bf8dab8bf2b0a26c863e125d15cf7c5323a681dfa752,open_r1_code_grpo,77f00b65d8cd921aaf70e348710aee5e,,760,3
761,ce3a5a51cc6919dc466448575d7ca4afa8c59aba2c6f4493cd509f0d61f22087,f5d4a0ffd94a5bb6c696aa7ccaf108f39243bf1259997a3f0482f392098345f8,open_r1_code_grpo,21f644963583b034e62314ca35395754,,761,3
762,c1b40e441b1277db4049dae2f06a0f18c3660952fe66a3601db4a526c51dc934,6da4c34a6f2974f96f0c1718d906cbe644fc807f462390284a697e4d4745bb57,open_r1_code_grpo,2ec3596ff8c108e33c70993e0b52af94,,762,3
763,b24522100813a411999b619a5c91972c328ef1cfeded7f2b562fd48fc2477b93,9a5e216c092183a24960a97268e13068d8f4032512de94759d329a80dd283d18,open_r1_code_grpo,e1775b71566e6b6141fe11bf187707b1,,763,4
764,0d310b2f0eec6cf73fb27bffa118bc0419d839bddd5a378a8640c7ec862b357e,4fc571c3ff9f05adcb187fb763e7e768229dc204f3a7e1fa6f9b4ae3f7eee850,open_r1_code_grpo,646b25b1de755e6a889ef986237028ed,,764,3
765,300aa942b88d996e5c49127dc9758a7b9f2a08c5ec6ced03d6a6238da5f4122b,65f2b93212fa174ef95868e88fb1da4a7bc94d49434ae53d9db6d8e0202f9d1e,open_r1_code_grpo,2b633cc5933142240baf231fe04db8db,,765,4
766,0682bdb6ed1c24907af950f02e94580ce927c94111ff16d4460bc11625483f74,15716b76b1b3c880cf7707963126e3a3c39fa279f4c02ab14a45a1974cf96e4c,open_r1_code_grpo,1cf29a04d55273acdb86352a2c59569f,,766,4
767,ad456cebffea497f9e72bd7472641b837af3115f585be20d6b388e65d6cfb9a9,1ddb88a6cb5005d6225616fc2db37f397442111766197c84f844a8de9dde6aa9,open_r1_code_grpo,7bfe08a10941360ed5dd6f042808b0f9,,767,3
768,bf67b7b9b33914c19841aad5c16af846d74da41583dea3ad17ef045cdf7feb48,d46067cdd330219a28e10b0061c827ed0794301b2e9f9f4705833e68ffe6386d,open_r1_code_grpo,dc2ab2d61d90f471fcafa0c6323cf799,,768,3
769,a1e8e93e404fa8bd8b4c30c1490f2076549a0f84e5b2e39c8bc5849a0a1985f4,b7da6b35faa42296d5e2808b7d67ba8ec20e72bc4364a5f0f8b08d3e1cef04e2,open_r1_code_grpo,6f551bf86d107136925a5fa296354c20,,769,4
770,6bd08b0ad9a89b32db4c6c1697eee1655fa255310daa0a83b2ce657bf8564d21,892ba3a0c56dfc4bc042e86dc8deaf829c07d6caa0e795510e522b54a6b81c1f,open_r1_code_grpo,fa17fbf5223b1b40c502adb219543b70,,770,3
771,5b14ce1b9de0b92e6cdc030bd2355d1053f07c5aa5c603642be0e6293f3c9df2,41b998fcda9c8850795159a9001213c015842eab266c81faede2b23a987c1730,open_r1_code_grpo,3124d2808d47915261d7eacaab6aac12,,771,3
772,b8df3039995e05972f2c19eb48a0b0c55b82b11dac11a53137b3e392b509f9e0,1bbb6d9f7c6cf69b2ea6c1cf9e61622b73d9e3d230dabc6008ce93ca7d2cb169,open_r1_code_grpo,1fc5af5ee051142354ecc3f2e712fca2,,772,3
773,eabf94e53ffccf05084c914e916e1dab3c222df6fc852b5f57e58fb2b12305fa,3a5187471d92bcc091036b9a2217284f908761eec1e7ebab6c89887254fc930f,open_r1_code_grpo,8b69cca458b995f8e4ae1113b46694d9,,773,3
774,29bd86626025bcaee519db74bcc3465deb11a83f6a5e4ac855ab0e83a27c23c9,d9e5ae08afa77ae944e900e15aef1dacb34072f88e79112c5b94112362641af8,open_r1_code_grpo,1e000836c332144c87e1403294d15478,,774,3
775,b26a3ead337393cd6d7c82f3c08865b208a280ec506405c068a829b72cfad8df,4fc0949f417debece08b2b855d182d720bb4f2d40931dd3cb6cbc8e449abb350,open_r1_code_grpo,a632361e0a16b8980359aff089d98317,,775,3
776,f76b17ae3260ccd71a296a19242a86706b42d7efdd882231acd0cdb013418911,1b74d10465dfcf7c79118c42678b33f4520fc49b16696fc076a4336f14ee7600,open_r1_code_grpo,6319eddd7575cf625286a7c4c0cdfdfc,,776,3
777,f94922f6d2018710e75bee16662d29c14e24afc228e877daed3d9390eae4a8d7,c6a81b0beb95c6ecb9cb159e44d60f148cbdf72ee7496693639d90f55e870469,open_r1_code_grpo,8e7fef700594029c0d69391c7e6583bf,,777,3
778,39f18e5330c717dcab09a1b3d1b457d79a917966d6547cfb11516da0f30ce8c0,d1cc6e43bf458a9310f8cf6a249d48074d12a95f054134ac8aca82ad0aafbf84,open_r1_code_grpo,055e4ca367a4ee73d8ae5b10beeffb85,,778,4
779,5735c76f4d7ffd7f7f1c1204bd8e3a9e91ca60c24b231b497de3068a61c7e950,a399bf6eda05837c8c7f348e0e7aa18fdca34e36cdb53850fb1e35cce1922e38,open_r1_code_grpo,f1a004fa018a96d1e8f40f0134df28cd,,779,4
780,98fba9b42677d0fad80c5a818bebe2d47ed6db53d477eaaaf9fe24e808415b60,3c27a26b19c1285e391db83d8c9196431110571e0cd14a7d1b1e8da576efdad4,open_r1_code_grpo,c3691e70bfcdfd81c970c2f3e6ca35a5,,780,4
781,c5509c8fd088664d3566d5f8554fd80e5b3c1cc26c36392e573f0404d5c94c65,089e68c4918eddbd242d24d01c591e38b42f1e3deb68e76ba5a20b6e1be2c281,open_r1_code_grpo,2cf17052f852b76dcebaccdec3a20893,,781,3
782,9138cdaf08cedd73c37f8b914aacd54ca5f9c7c4f380a06fde5bfdabc337626f,c1528507a8cae29bb3bbf90667d253b8731ea20e19a037bfd39203d4c0ee28ee,open_r1_code_grpo,2a7f42af32d85057fc3eb3852d4b9fb3,,782,3
783,d7037339b77621a0fa237690447b138046e2cf75263f4723b3bc3c80ce0a5639,78e1843bd9e82726bc07019f5aabb3c121438d8e632d6f0ed85b3d59b1eee46f,open_r1_code_grpo,9142ec9f722a30e561720c45d6589604,,783,3
784,ca67d004720370e0e738f8cb04830b2bfda555441192244b1542e0040e69556e,5b081e33b474303ac98868a6c8dd527160f027bc4d53bc08634702a5a237b667,open_r1_code_grpo,a40cf235072de53e70c1ca150dd307af,,784,4
785,3cbeb5fcaea3d840817083fcfec1f694752ace836160e8665c8d2e8dbf4de53f,316fed6783b1b6a82199b25e7f60ce01bcddfca1bac9383dbd1f6f99efe92643,open_r1_code_grpo,9378dbdc5f3ea5b45bb518e10cdffffa,,785,3
786,1ae10d6e8ec833ee02258579b7dfb5af3f3f43f866c39ca405ab62ba5cb6e689,e0897fd500e7e1092418aded407fbcab00f378dd0dd55dd9dbff183540eb3324,open_r1_code_grpo,f61fd3d0adfb17d9f3b72202cafd0529,,786,4
787,88a15f0b996993ef5386b441d4170dfbf4480c30d7eba0ace68493f1c1ad93f8,9c082fa02fd00a923eb0b7ae8ab6aa540ffc8f174c8c4bd56cc216a456c6697d,open_r1_code_grpo,2a67a7480cab7a7a17659f34d21ceef5,,787,3
788,83d3955c627a18b41107ec6e1c6fcf01dafa31447b3448faac411e18b72046a9,7981d96a51240f61a24a8373d6e4f6ebe7e5c1c945566ea2620f60ad5e8b3266,open_r1_code_grpo,406b1859881a9a03bbcf9d0c37d1d792,,788,4
789,4820b1ea345e7dada1da3b413db52a2ef962daa5eff45d22ac3c1f0486ea5ff7,c76de2313f950d0c87512cb2d61557285f2d1e2819ad7872c75d45b1805490b1,open_r1_code_grpo,5e80ce011c73285cca054766932bf9b7,,789,3
790,e58fb09549e0c69bf9669dec91ef9a3855de66f7e2ca3fc1bd467fed727279ce,49e04db73c49963c9c2d6c9083096f5dedf03eef753ff03a54a168f37a37b9cd,open_r1_code_grpo,ebba680e76ec791ee7d70f0bcf68f9d1,,790,3
791,b7f62d4c6e10a7d1f858038482e39d3527faa2ae275b2c8b70fc92d44cbb6e3b,78ce3f6379b54bcbb71919b024891ba467c6c23e2777ac2577239eaab68470d0,open_r1_code_grpo,b317856dd4450bb13ebc232824251e02,,791,3
792,7a8278d3d9881acfa8a47e43075fcceb7572b8bc51689744e63e21de0d2be543,62ad0b80a5e06290643ae21c45c913706df283f2b054bae67ad2cb595aad154e,open_r1_code_grpo,14b877223c5f17fb2a81ed7ae1c120ab,,792,4
793,cdb0af7586e2abb04de08d344342cb78b7c6b153291e80b4dbf2561ba0c040e7,4d7c82826e43c88500122aeb8c60e089e2bf308413cd67e1a6c681b8eee1aa25,open_r1_code_grpo,df41fd95c5e9c22a2a05d7a95d8e17e7,,793,3
794,2a89848b3838f4df871301165b2b1c76122adffd265f11f3dd7b27a5a85e1ab2,e25a0528f3aef0bafb51e6943722fb6cd990246fc1797ba71456e5bfca086582,open_r1_code_grpo,816b6e1127c546973b12ccca61518cce,,794,3
795,6066818d50a58ebc3744987ff762d7f45bb40630275b443d4fa976ecfe6c6b91,1800bf11fca8d0c8261566e9f605dbcf82f5546e3d5da49226c3b2897f58cb41,open_r1_code_grpo,8b82cb3665c04eef8d5df033f163ba29,,795,3
796,95819b70a12dcf2754951ec4dabc3163bf9af1349b4b414d4e5ea6465c2f2657,2a9b22b774a53beb976da7b807936879077d64aa36e47ead6303a7156e5a1110,open_r1_code_grpo,d35146be701b5eaf02fe6d5731005b5d,,796,3
797,1a7dafbafe4c8615d712347042cdc33d5fc7b22feb3909a9778ee699c3d959b5,fd193c5b43437a9102030898782581bb426881ca6b375ab29200263517b8bc86,open_r1_code_grpo,9df4d1602c9943d9edfd86862aa8f520,,797,3
798,ea5905b2a8e1509d76caf9f42d498fd7343a873214a07e6d7c3e830d45dbafc0,3aae1c4b2cb368e2b747555ea09ccb6314a92ce1673d4e36577ec6029719cb3b,open_r1_code_grpo,8cf406448dddfb52ebed2a90d2161f24,,798,4
799,282c81932a336f35ae0a672e484204bd84db3fa9fe244bca02053c255172c0d3,cb44da3f0e7821fe794c2c853fd3a35b4b5c2b09822faa1db1498aa9219252b8,open_r1_code_grpo,279651416d4a3b7b88f5c96807bf207d,,799,3
800,51d53e7de51fa37f3b38324974bb64dc002598e2d974c7314050727b10401307,6274c45fb905475f689455b590a19a9d2484290582bec8dde39fb64a54d105bb,open_r1_code_grpo,24c2b27f12dc72c7ef4ba099d813142d,,800,4
801,3a355885d5fa3468ea66eab261286b846a3d6b1016337990fc92c1f55b2eb73f,f1be8c89be01d72001b645bbf9d19cc0ff66636da62f00cd27f1f93476d64ddd,open_r1_code_grpo,3a54b664b548117879d68762af4031ed,,801,4
802,ebc14a890bdc69f58deb0cd6793ea2795bd1573aad4c689adbfb4a2e8ab84566,93779de2160a7f2336e1efaab6123a398c5dd50923fb5c1e1231b0aaefaec711,open_r1_code_grpo,79c2508dd63b9fbb793df00b2936e03f,,802,3
803,0eb7a02e7287cb5c0b03249a9f03e27d84931001fcf4684683cbf283fb8561c4,e648b4e6491e14fe07d37aad0712e0ee039be10d337a0cb69bdc8ca116ce7d61,open_r1_code_grpo,aaad17947f5e740a5e2d3b18c3b7cd50,,803,3
804,a7010d4ff7b3b4384b220aa80c0edaa518a794315ff524d0587651cd860defdb,695ba6032aee94b401a388ffd1a42e4ca477bc27dce7bca6aa17b8d82dc18f01,open_r1_code_grpo,9650aefd5e729a2cb6d0d47899a8ccc7,,804,3
805,ee3040fe18b4bb97dc0fe6d93f17b3e46665559f1eea4c9269634bf31817bad2,42df9c6e99a27171ea0cf644bdf80257cf758b70fc3dd4b5c55241688e917abe,open_r1_code_grpo,06c7718f9929443c278e93ceccb957a8,,805,3
806,819369158fb5d2ee4f7ec34a7b6e18732f7fa3170cfa4c174ee4bf064f5dbb72,e144d7354c68af9fff148bdf0ae960b3bd48974f6294efaac53976cb1c3ab27b,open_r1_code_grpo,cde643faa53a2a117e4d6cbc2f7fd6ce,,806,3
807,9a297c4cbb8783951f3e9f759068ae128cccc6e27e14a1cfbb08cb670eb41b73,5778fec24817d89f32d7158227f3401c1812f1551cc6ac7e861ca4bee80f9542,open_r1_code_grpo,e5f1d5f35d65bf77d24d2281ed17b01a,,807,4
808,4558bfaf5626d9a325407d813ba87ffda30e1e6f11411a42d1f1cee7462754c7,9a4c1f57c1efd83d725e69ab3083a36cf8e4cb558bf84d3d8e9b74942da822d3,open_r1_code_grpo,eccc2c5e0547768e2d74e9d17a7760f6,,808,4
809,5d29953dbe083f265dbaf77e46e6eabe45655da160e20027d286a5c1102e4e6a,28dc98f745584642bcc004e128a705087c3ddc0bed1a9c96cc229572a616b336,open_r1_code_grpo,bc933df9e44ba53e3034060a034589af,,809,3
810,c5b0026729896dc6bb241a9f32c9e1254b488dcccd3f58591b94a14e0fc75e4b,a31c07080c3e55a93a4bf9c1f820323c04b86571747ea22b0f6f86664fe186f7,open_r1_code_grpo,23c55b95e7812e9d86ff7fbe029f629c,,810,4
811,7ae0a21bdd0db7f855e3b81796ac62f0a1db547ea37d7ecea6b06d3d422b8bc5,03fe9e6016b42dd02b2ff3a4e0638624cc105787bde5c5758363f093243a37ef,open_r1_code_grpo,36ed3dddce14a4d369d5d15ac309b2b7,,811,3
812,15db976b7e9c8fc12aa074d8194579c6be5d820718420ecc916a304fa1809af4,1124b60c04c7b5443942cbdf9cae63cc357bd7fdc6dc83e428d5e8a49e359cf4,open_r1_code_grpo,f6555944c0e5a01dba1b77ad0a357e11,,812,3
813,065037e3137c24d3123ee5c9f49e65aebdadfe1233367eca8b22c5b2d82d51f8,80089a7567c7924d755501211dfbee9a0c9658f21c0bb0e5c1624f8ebecb8051,open_r1_code_grpo,5577412af224f3cdee2060311ddbb541,,813,3
814,ac4d76fb48778214840c86cc1bf883e4d1bc19d5875db53f99650e30b49b02e1,16cc2e82909ce341efe2be299107ae2ca2fb6cad4653e1d7bc0bc32c8e17463a,open_r1_code_grpo,0348f187d22825cb6039e1f3b8f78db2,,814,4
815,4d0e0a41155e6e24484a9526d3564b62a4e8896c225a9d1eed1970d760c0ffa5,84d238040adc0a8c2286d984df07c1aaace3834791439ed2b1991cf3f71a97f4,open_r1_code_grpo,6a8582f4318d5bfd1b98d6d6677bffda,,815,4
816,217e1a575c7069744aafb955656f6cb42bc0de24cbbc0090af3b05aeee080c89,cba98ef06d724d5fc0a38822e5bbc4cf482b0bf59a985cc6456800fe3d9c4f62,open_r1_code_grpo,fe4dbaeb855a6bb9222cf0f2475461b4,,816,3
817,0676fb10f7af0c9bef679034e3193445de26783ce2405909515752b2d92cd4b1,e206dc57e1b0f2ba1d95a45e5d5eafcb084168118c829df4e477a238d32e0f7e,open_r1_code_grpo,baf8dba6cfe1c904e44a1a5253784dd8,,817,3
818,37e187166f05eebdbce289bcce4ac01147bbd0b6e79cc1f3d03ad47f087cca10,c72b7afca1b172c77eb923f77d54f096e49e96e18f5cdbf9df483e3df29aa56c,open_r1_code_grpo,391af1ce010661e7992690a99794ee1f,,818,3
819,e9cd271aa9a22aa01173a18d4487e3420ebc56e1eb3c02a913ce47ba1342608d,295ddfbd8a6e89f41a297655f0eb8789e5d9f8798c1a6530246f84742789f91a,open_r1_code_grpo,393acc34e8744a0fdae063375236e645,,819,3
820,dd73777fe75dab8ad0e646e4c2cc4d43a2bae1bde263a16f0a5c774d7942f47e,e947c7eb581083359ff81fc32d70486c37f3f4ca07299bc62d38aac3126db612,open_r1_code_grpo,036e314536e7ddffe8439293d9f3458f,,820,3
821,195141ebe1785f997c36b4dcc9f8b098680173a3da649e743a8f22e5dd005335,8b4eaea6a3516b9b7f6686ad6e2ba0043bd246920a50e2bca4de41c15aff967a,open_r1_code_grpo,02497f6d06c51844a1e9cc06b5e352de,,821,4
822,89890f6340aba3dea3cd2cc48b80e649b74910a02ad7f20037c2a20c0885d964,2cff14f7ee46a93960b3819c85f0c2846ff0e9d70df39d086c1d360566ce8c1f,open_r1_code_grpo,e266e309343c3b2711208d437c799099,,822,3
823,44a8a75b5f6ba10377db549be6d7c3625783ad7f69b2494bafaa29742c209624,7c588e6fc0b6a32895c6542a591d479e9c8bb001ca8bb5209705713f527fbfb2,open_r1_code_grpo,d06e7da3a0ea7b64243799e6e5d78eaa,,823,3
824,e65afe2564abb823fdfc8cea4d09b3ebbc2f196a00520017f142529feac3f7c1,3f089365916ab3055d65af817fb3ca363c25715d6f7a481cc0249767df90eae8,open_r1_code_grpo,1871e52d9ad96275c35c90096bbbbc93,,824,4
825,d8efd426d0540d73e62344fd15f22456a1227cccecd8b3c23e68c18db8f58fb3,56260a4d04d7132e98292dd7bc5f35476c2b52f3beeda52db38ba968b9b4cd2f,open_r1_code_grpo,e44f9be2e7f1ea9c14b9f86d5c730c38,,825,3
826,21b6ceb29417ca443e29f79c27f56c24d3a0af712349bfbfe65ae348596aabb4,94f69493c8f891e0216904a4cc3b2e187bbc8d9428922280f2a4fe4ff269527b,open_r1_code_grpo,6a56601e39b4ef018f2cc1657acc2a7f,,826,3
827,4706be9555c698207ae556537f1860a9eff386880d1b5bb7cf25f63d80a769b2,8a944c247f7d70677455a45095330f67b5d7eb8bb664cb7ac52e91e88acdee6b,open_r1_code_grpo,c5a558803d52162eab22f153a7e522dd,,827,3
828,960ec28b20a674884bdd88a74add8346ca9427cdb90a03fc7ba6eda6123a53ea,6d31119a1c9f4bbf19de4635a5a2b66f22ab1d1537bb361cef9e5eb9f8a0706c,open_r1_code_grpo,1aff7e401b94c9f25865d4bd024cfbf8,,828,4
829,5ef0368d3915c90939b47bb15230e2c0979716357e42146cb9131d8e024af5ab,2bff79eef0ff1bac38b28c573dcde1c598e5823a4188f1a2ddab71361ff15c03,open_r1_code_grpo,d067cb443ca4a9a65a31097732266319,,829,4
830,8412069913d3e95c0640ce52d6b32a74d422df40191e0791ea3f59ff28e5d2b9,1d1cd43aa6b212051c3c9ca7f3b2a0a4a0587e49734af1c6a7b9b3a263eb770a,open_r1_code_grpo,3c1a4d7fd2f880525bb1010c44084e60,,830,3
831,83bfcd2c6d581a18d84db9d0b311ea1f7bce776b0328551de95f75ff380c94b4,db061e2ae6ef3fa3996bc071ecb73b2f0c47e0f11664a159b226cf9a8b862522,open_r1_code_grpo,7e08a1899fe5edf0b3df793571db74eb,,831,3
832,dee2290b02192e668d8f9bcc57e82d2f1690d7b0dc41d1cacca8fa5a5b6dae35,cc57730b81e7f25129236d46b14a3998ae5cc5f420a57d0435ef2eb38fac7e5c,open_r1_code_grpo,10eeeafb7e43afd4d2c561c72d9213b9,,832,3
833,15ad56ce17adef70c12ee8c6d1b692b8b4f142ff5140294912570efddc111065,b0d053424f6657cbdd93f7ebcd6b718258ca262d68cefde8abeeb59f97ae0c85,open_r1_code_grpo,a391b709f9f6045d63c0dd2e74920feb,,833,4
834,b0343ecedc0d97835df569b41e84cfc38023d01a534d0ffc2c5356f51179c904,266591b494941ce4e4110c31dccd97d3b7128a1d4e2127251d94b9b9ae7423a6,open_r1_code_grpo,ed74521c2a365f852143f76c2a840872,,834,3
835,1a4879091bd0f6e9c37b067492cc5b43f18360a6b3b63028cb8e12ccc9360e90,a4e5721d7dc8153d1cde68eb6a1d38557f80e43095cc9f85dde1dea91738037d,open_r1_code_grpo,b857952f4fd41f3de0920b9bdc3631bb,,835,3
836,5b2e170787c275f1e68834967339e18d479e61fadf4412cc0e4213cb5fba9714,f3168621d60ba08b6eb9dd4a2d98e7a51fef51fefe3f0ecf31746effa7d3600f,open_r1_code_grpo,e4a545b68694d610136f362c9274147d,,836,4
837,932369b9bff5abd7ca7dd66be2c27b53a6efb58aba05b97ba6903f3b8f905793,0d73ea575cae59d7b1395259f45f699d8cd25da23ec4e81b2968fb84abcd3489,open_r1_code_grpo,23489fda88f7114fe937847971a0592c,,837,3
838,e411920882374e1e11d914c1f17517bbfba72a45ac23f680f17733081ae987d2,fd100653554c1315546a384159d36874cf569490cbd5d57e86b251fe233a5074,open_r1_code_grpo,0915b586612eb6fbe8414d159b3e7a88,,838,3
839,9b5ed04528fb1472ae78adb60cf98be4cb25d1a6ec9e757e2fd3ecd8f4552ba5,689735d324199213de910fb294660901aad1007c677b1de50ce3ae70ece75c4d,open_r1_code_grpo,6b401ddf245349e2ad5a10c5aeddc6f4,,839,3
840,4133ad14dc847abd8a4297b9fb097dd33c67ce09715b69d639361a3d005953d5,1bd97351bbd91b0e1518dfb6cc5a94350898b1ca1a8862cae99ee26b4b078e62,open_r1_code_grpo,5ca1324077e1894d2d0453a664e9564f,,840,3
841,353756ba93cd0f34eaee94d9a4c0321c83c9d03e9387e2ba2be092a069b265c6,9bd313e64cddcd1dfc9ba0e9aab7d8a12b5f02875d2dd0ec72a59967f6320ba9,open_r1_code_grpo,010fabe40683aa76309528b33a7b3a9e,,841,3
842,e73087cf67c492a6560d0b16e850656b3efe7b599546e644874f601808cea8e3,5290f4dd7cac9cd65584349daa4500ba2843d6605e25793b7387dd3a6f677371,open_r1_code_grpo,3d43376e5428f43c4fde30be7424a0b5,,842,4
843,e3b0965de7aa017d074f31845e42d07ba0f68e529beaf1d9e15e1c471bce8b20,3bf9b0141ed261115e5b3424ef00863414b45895e4e9004e9e4d8718fedd3681,open_r1_code_grpo,fb40677c6161428b7d42e2ff969f473f,,843,3
844,2ebe0db7ddaaea9d48b0083fcb5ddb6f991619f6e8e6cb9019cafb9191456779,6111c5f2cd62e82076807878158eee74ca8806abbfcd7994390d3468437ec30c,open_r1_code_grpo,5d09b542127756d29bd8a6f3b3838eff,,844,3
845,190fead054a90dc94b3c9665f37f6499e62f59ee8bc35d205f12640a0673db6a,b141bd9a3f17c4a782c8a401a40d109100cda83c729a89c352d2a2ca16aaf668,open_r1_code_grpo,bc2674ef0391c1eecb47178d62d0b1b7,,845,4
846,92ef3cf5fa90527fa07da6a33d108640fd3111a47f76715ac21c623475b99070,31df1f20f88b705b24fe005e1c1aafe9489c647d15f2e8317e98088692657d9e,open_r1_code_grpo,fa7d8a5abfceff4b56a8f9d773a05314,,846,3
847,e59f0b8ca20a929a6255c070a099d056d8b8774e5ebe95d8865ce0a01878c5bb,7a7bdee73cf99514bc2c02e1c7aaa003eda08a8120dbaf11f078106b531b1a88,open_r1_code_grpo,2f9685bbf9ed028f5ef9b3e42ccaa864,,847,3
848,bfaa260aa1b8c11afc16f19a3f360c833ccdc1cd1caa30ca14b6b5d3690e583b,5154ab6c113a79aec5c33be239338da1143d55ba976dbaa527f84758405f346a,open_r1_code_grpo,65c0d99ba28d8d0b3091a3ccc24b142f,,848,3
849,99c63cc8cee24847981c1b53811269ae8be70131836e037f9be749ca5df3a6f1,1edfcb10d66840fc0a50936cbbd383361e9725027335536e21add3dd22a8f90d,open_r1_code_grpo,6a0ca14fd3de12bbe427b41998cd3928,,849,3
850,73f985667fc37c34120c37b03b52c76fa7900556ed0e5db93c073e716311e591,a9bf55bbf7521f394146d9b05f2d4770f96e5603d4e1bb72263826a57db3a5b3,open_r1_code_grpo,f5ccab3726201bde88d2062acde8d0ee,,850,4
851,9690e9c8884d9a5de09fa675b023b0c548e3a8284f7997bb37434d7fbcb8a73d,dc4a412af52973fc50fdb948d2a7f82fd84514fadb4516f0ef70186241cd5c24,open_r1_code_grpo,55596d85d874fb7a977e0ee0e30a154f,,851,4
852,f73e8909eb6bc6fe2de0afe46b38b6e41710542e05dbb14a69ac353ca4dba36a,bb90563065ec97cf8e941c1f89bf23782c953a958e8b731d22828a06c94fa8e8,open_r1_code_grpo,83d5f40d2af49f305b77f1d3c44f060b,,852,3
853,45cec2f20e6993f22df023fdd2b05eaf46b8b4cb292bf5c1eaee006ccc9c128a,133443a8f1e6af94493329996a7c224f7aae41f8d9ce79f356d3bae31af1a1dd,open_r1_code_grpo,2c6b4a9fe422dd6990c0c3b16176468e,,853,3
854,9ff30a8f1a8346bdd59f859a7ab15443c7daa23fb7ede0ed8da29d5a6ccc1ad4,35f2584b047be79305b77a3a87004f66437fe6f57bdf6c53c5d88bad7e7632e1,open_r1_code_grpo,8d114b6427bb4a12e593c53fe0968504,,854,3
855,a15f6a1c07839a17c804c72406aa85bf4bb28c9e67a7c052aa65e94de28b9384,b1b5949d47efae44bd7b674289f84df2d5d3b4f7b6c4d6769916af3b658ecf8b,open_r1_code_grpo,2c5b503c41382a9f1b1d8555033321b4,,855,3
856,7e46239ac8867e2e390b8c934277c3fb627454b145d0cd2bae57e2bddac4a17c,a8103fa4b34cee4f32c2afcc45acb5a4f7328fb18df75f2079dd5ffc7fedbc46,open_r1_code_grpo,bfd326e1953364444c4479a06dedb7d8,,856,4
857,6e6766a587702439438f3cff78c020f5db38aaaf99bb89f7c310e8fd153d825a,0bb46e6022e07349dc41b50a15cf54bbdffb3a94df1e5f989954b13ab22a583a,open_r1_code_grpo,32323be6f82d86d1bfd32b3dceb014f1,,857,4
858,c9b1cd83a2d054dfd20c88cea53d8f877a853032f573442f14b5aae5d2a3f0aa,d9ed3bf265fd61011c20fae889ca1321e5d80b2edb15b037f122ff4b72fe6725,open_r1_code_grpo,7051ae379a72e036f0118ae8cab38c15,,858,3
859,52c9f7d9ce4ee99d824e4208205fc15dc042b6c3bfbb855211665e07c0b10d27,c01ec43c1b1fbb5df8bae16186b764d9891b53c47cdadcaee491f21bc55056c3,open_r1_code_grpo,61f220260ae9c55716811673049924f7,,859,3
860,cff34a4ca3e3a3ea717b97482bc7f09db833cb8b6ef4c56e2703c8b12b3b751a,27906530eea7db9f20d8a6153641c8f583d4f06ce890bcc3380f592499f88f16,open_r1_code_grpo,bde8eb362cbf6f3bb2fd88aafe1c3b18,,860,4
861,5e38c4244811c785e5e6c711bdccd4be80ba785dd24d9513d79bff56aafa12f4,914b330f4e4e04f963a653fd272c2dd40393c507affce8cc4cd4cb371e76be00,open_r1_code_grpo,ec123e9abf76974cf2d5057aee42df84,,861,4
862,8d20aab59061b99731d4b2591a69ba66287e6c5f5f019bedbdd0df80c0d69048,25e03f1d854008be4bead43105e99aaf76afb24a56137e7da8da8bdd0da337b5,open_r1_code_grpo,0bdc7a013888ce19ebd83d95638f74be,,862,3
863,5edbbca19de2b6c8f17f88f6910419aa58b3de3cbc092a4bf11ba13b144483da,0642e04306129c12b66fc56ff529e9d61f05210dbd47c6e1e58d55beb08da768,open_r1_code_grpo,0e325151816b397affd97facbc6229b2,,863,4
864,3c5cf7996bd1f93d500b55c8459f7ed3f63bab51496bc79ceaad75035e66c932,c93bbfff0ed724c14c0b20e335cfd5745e3d6e369c4fb13fedc77cbf86d9be11,open_r1_code_grpo,83dac2069f123e0bf7829d2c35c2fe2d,,864,4
865,cb08d5649721e8ab9526d16bfc2094fcd92a263b00f922c6c6505ebc9c39234b,79cc92ee9b292e8542d59986dc6db0071484efce7635bbe2362ee22cff177195,open_r1_code_grpo,a37bee390255b28ab54c8c694ca3e2fe,,865,4
866,e366f9aab706a69b45f10956ffcfb7ce0cf62ac37c13d7fbe56732276ed9354d,b8f8214bdbe176da40a23bbe5584ad3fc5b2a9f731f86f387a71941d7871a1de,open_r1_code_grpo,582c5782af78262a891a1d4c639a862c,,866,3
867,656fdd97477ea08849b265757508aae4ec4c40cfac6f5463c89bf74ac7e13d41,48dc3659eff3910356f66d9eefb7499e0017ef4280f373b07314adeda591dd6a,open_r1_code_grpo,093bcca1242552df279e7045edb3b865,,867,3
868,a23233f2939399960b294b128445c3812fcdefcdfbdbc2950c96ba3efed122f2,93a86f336a1d5ef87271a21a9fd6801b5337836c4645963c141a22e974657f86,open_r1_code_grpo,084112f7072135dccf93db95b5267e4e,,868,3
869,48101376b8abf596e9451998cedf5e3c9dc9b1da42f95950f688cf9c0d33d694,c731f91706d3acd1cd1d1a62034310eaf76e92dc300210f6a05467be5bb01d91,open_r1_code_grpo,d661ad29585fa8240deacfec1a48ca93,,869,3
870,c229d4bef443ad2f43d02cbe95bf70161df901ed1e340db4d70b115cbefe533e,8e7b5b7c4bfe7a83679a3f358301ab84f7dd3f054606072e8e23848ffe03a8e9,open_r1_code_grpo,1816e8c9805b80ed98deaa6190ec0936,,870,4
871,1bd6e8f2cf994a0d79a9b1941fc6d5c4c7eabf82eea540efc9e9c3041ec1efb1,1df3d87dea7aa5e05575c75c2f1c74c04de50d9c0f5691a20ccc93d87558a302,open_r1_code_grpo,6160b662848bf4403b587390c83c1bc4,,871,3
872,366e6f273aababb4b4ea59dea6697c4badcf36dfb76c913a26bf4c7749cbf080,856f37aa98e8e129c05ef9f6da41b9ccb40c7bcde72e78fe9b0500576ba208ee,open_r1_code_grpo,2669549cd452fd9e92ef5884db6c5d66,,872,3
873,3716482a2736ba052174b37247fe6c4511e613dd53c072efb5f25be933f43eb3,d0bb63c6e709aa2731df859ef6a20beebc1cf4e077b9e3e7488e0ccfd9aeec29,open_r1_code_grpo,ed6f46dc809441f76e1930e6e6dbc735,,873,3
874,4032b3337695798919088462d467bd5c5158eb0adf7d5724b5f262df71af0576,4f3c9e14367c5c413af5fda330f88baf0f0b7aec458701adb804fedfc23a7694,open_r1_code_grpo,d1684bd0728f8eb749096c3e9531d939,,874,4
875,eb7bcc75cbb2cc8a43af3a9853a1411a08a4a7cf1dd904663200481a10e8e15b,fe87932d7725981fc145bda87e9c93a9c3ecc55231ebf7cd67a4809596097f0c,open_r1_code_grpo,82699b23e3be49b80835fe089ccb429a,,875,4
876,e2b620a9b82000c1b4e1893f49c92dd00509a422ba4f462b1f3e38052f0a359c,4fda5944561db70686ed83fc888997b565f006c6943a55406672de871a4b3398,open_r1_code_grpo,3f039452ca4055a615dae36b7879b7ae,,876,3
877,685972fd68a1af64c252038b21c6cd6edcc19baa7fc705199c0306ba9ec73d39,1a43d59b19102f4594231c65c38e27e714f9139defba7904dd292344b05a5f27,open_r1_code_grpo,765374a27225774d67d92f651d822acc,,877,4
878,aa1ed16ce9cf2182a628a4526c7f0cdd4aa9eef99c56307b275fce536ca9807f,26ee6c042eedd3d28957239253089749234de3e2e19d40c6d5d8ad3d3f287541,open_r1_code_grpo,7532c940956a7be7067ccb71594d7948,,878,3
879,1328cd4516096c6371ac7a060abb59353853f865ea13cbe1e638d50033a24c5c,b9b5b55aaaa5dc6a8523cac44339ecc5dfc7a132aba316a495783499ef268373,open_r1_code_grpo,69e6b4b538d4a0207e3862a54255d94a,,879,4
880,383b8ff8c0866c741ec423028ce0a42ad4167bfe9687269040dbd8def6f21aa5,e569370c554f1cef3212932fcff62b7bb5009dbee98c3785e434a3ae213ede62,open_r1_code_grpo,6e1b68a66026876aa439c62c9c9e349e,,880,4
881,60411b630804398fc3b4058c53180b16318dbc92a69c6f60698282ce7727258d,f581c991b720629081ed1f18b2af3955baaa1b87bc467a4ff08d40fc78a59aa8,open_r1_code_grpo,ee94604ac983cf1521e7d391f10a6ba7,,881,3
882,89e17e0619c9ab968b7752eca8a4e0c324bba0746332867212e842ba08ebc860,74a465613fd91f00e07cf8cf27e739f80921d991949a3d82cd2a1adf479531cb,open_r1_code_grpo,29409390af64d41bf44448f7b036cc9d,,882,4
883,81d945bca5a598b8c6b99f9fc08a6a80601e6a338e5f4d7871bd554bddefef2e,fa51cb6d742d136dbc71f878c5c0f6e63cb069fb2d19c3228c8d6e036c2a62f6,open_r1_code_grpo,986cf68cb9ea7a0b37f8cd8b8f376513,,883,4
884,e5726a47580e59245758e97c63c86ab962b8690868185055620c1e40e27f6ce7,77ae2843aafcc6db93549e7ff41767587ed01c174ee9938da546d5fb001bdd98,open_r1_code_grpo,c9a681ecaf57bfa7989c642d6ed04bab,,884,3
885,031d7342ea3e33d83329b3e36cd0a8bd3b854b59588becfd45f14af7dcd1eef1,a85f2be834ec06737b303ee1da284d6639f145e2e086a05bd5cff2c702732827,open_r1_code_grpo,8c0d73a41769f45cd89f1df7f40ca87d,,885,3
886,a770005bb616181e5e789236d5d39bc62025355a558ac6cf89480cc3e7b0f1b9,e9c222b18f1abc9ad9b75f9cd8672b5ff1278dc332aa3977c4c4103d9cacadca,open_r1_code_grpo,b500d81f809c43659adc31631a417f1d,,886,3
887,2d9279ecc6ea4194bae0e9b5196496d571d1bdbc4ccb15941a612a94e60c5357,5d3662810c5e3a81723528ac8f0e4003cda0ce613d563acc97fdac56a72dd356,open_r1_code_grpo,ed5858555a5216bab9d010e01ee118a4,,887,3
888,c066e7ba2de63f5b1463c6e504da22f18a3f0602d412c662325e9e4e3cd4b6e8,486c881bc2885d18a367825cd8f91e93cc6f0eb85e24528591e993b68b3fe4cf,open_r1_code_grpo,0e3d2f3f6b49d0faf9bd979c08857417,,888,4
889,959d5a690f488a3b290b745c09038a102ac63f285a50fc7c8ccfb43cdf783ebe,8d5c8cec5cdce6c0f4091fc6a71ed4453dc31c8f096fd78194ff1d968b650a57,open_r1_code_grpo,2eb96cea83013c35f822e3a851d6502d,,889,3
890,d6812871e0e531c226a33cfe86ee58e5d9925ed97a1f944c12c3f795c43166b1,dd9d31a58c0821cffc4545f17f558c2da8e55d09e66269df854e4ff24bc4338a,open_r1_code_grpo,e0a8c91e03c21c76d8fc48ccc9438a64,,890,3
891,c1a293f65a60d30099e8532bf4e5a3de6dfee0da1822d5841617c7a0d07f0a65,f13f5247dae9961054fa40d84fbf41fd9e8f99f3e23599e0ad5346c3ca30f8ec,open_r1_code_grpo,cfaad2a19472b54cbd2fe0f86ecb2f82,,891,3
892,5c583c0c2abe20e33b4402bf9583f834e9d35c750ad54aada6146d212671bac6,824ef5d54f211558b1634f3ff4615abf40e35bed1dae8e35d10a1d3cb63b52da,open_r1_code_grpo,795ddbd7f94caa55401db9e54d58d137,,892,3
893,2c440461e11530a16604810745f02f15c88d5f10ee1c31366ccef6f895d9c28e,f4055a295a87ca0761bdabf9c19f113b1bb66261b8bcec853ab647dc05cf99c7,open_r1_code_grpo,8cf387ac9e7affed2343c8a5df08013f,,893,4
894,45c7cb50dfbb2c691efa1f95e9782b0a5116950a4d5ff9111f7a57b146ba4745,70c668e63dde5b82979fc9497ed7ffadc42021e86dc44a27df13bbe5be26d1a7,open_r1_code_grpo,aef3d8a90a32a02edbfc6f6dfc2c9519,,894,3
895,4c58ace1e8362541b62e92de05b9ac1e4ef199424dacb50e68644c3eeb8ee943,a5d951dade63e402ba500e5867db5691e55f1e2b7da9f95c8328578e4b3495f0,open_r1_code_grpo,05dc098c482c2f4a538556c82ef5d83a,,895,4
896,e80da5df919b63abaacc63ed07a90245db5ee860562508a8d680e798f9561959,c8d96c326e3826c01f1572d2d00287a2b942c52b3029ab4bc077e15774d22710,open_r1_code_grpo,db9fc15ef7ca8cc994a44fe30a48784a,,896,4
897,b1595c9193b106c09a8a05f0b69e0a1960ba1bc842e2fb1daa6bfb83ad4c6028,aa70fc19b9ea78667fce2c1eaadb05a220fc1b8f5a0acb3ad07f714de52481ae,open_r1_code_grpo,d9241cdf5f38862bceb79364f5341ae3,,897,4
898,c3fba8764f5856c07705485e0074fe175831fdb192343f4dd928a904dd4e97e7,b8c4e83676020c5db4705b9fc2282ef485664ac1fdcc4a220f643b7f8a4abdeb,open_r1_code_grpo,610909a0e141d8fc1e0fd2a6b1765e19,,898,3
899,de10c97dfdd4f7a83571b3df36057c90cc1aa324e2ab87767d44589913553a7a,d691b00bbeaa9fe46bdbe85f75ff34cffcdcd8a1241590c7b32ad54444029c6a,open_r1_code_grpo,7b15f5b53621b3813a427c6e1549c160,,899,3
900,b35db502b7b51dfbfc27fbf7200fd0c2652f706760197cb2ba8138a7c0db22f7,31943de8207d921bb12671619c8e8103dc489f67a31102fdda2507db36c55bc8,open_r1_code_grpo,ef37fca5b27819ac0a16e98b4f2b0209,,900,3
901,7c99ac35cde3c51e63d9b5f030f25354b269a90f0add5c6ac6f1e9629e96019c,ebffa6abdee13290f7063299af76e4a296157036f0a47c7a019e1716bd5dc4eb,open_r1_code_grpo,017916cbb203cb9061189c353ec27224,,901,4
902,5792a30ef3720ecfca5e4712c682629eae4f0dc2c10160795c744916a338373a,b43b45790e9cb13eaeda2cd354af2522119eafa7a6baece765253f9d97d96bbb,open_r1_code_grpo,51fc2722b1a8e53f969c45151ebc506f,,902,4
903,5cbc9c439f16ed384c293b79ab673db889107213448c301746d65277d0c9e426,1587c347aafd8440d898df6876486b560fdd50b23beabe489a02ad25d01c18e7,open_r1_code_grpo,1bb80bd7b3a6379a64f7aec5f877006e,,903,3
904,8a5d9269fcd883eaada4eec52a5dca0feffdc646bce51b835c3f092c76854121,693e2ae7c25bb0f1fff4fe646e44a0897075cdeaa9bdc9dbcaa4a2aca5f177ed,open_r1_code_grpo,f42b4d2935f359812910587230199d9a,,904,3
905,30b778bcbc4b4f6a1e744b72e805dfe3c030d36ddc38b56e5290a800c2a3a366,3ebbd13d335eab1abc763797eef6ac56260f6e668ec5df2c965f978070ab79a8,open_r1_code_grpo,b4827105caa3e1b35af6a96d36eb6117,,905,4
906,2958758fb75809ab1ca09ea0c042b81153b06b281795cb932f383e36e95f5e36,8af638bb01fd832ae82622e4c4c1cee958ef263f2788d47180fe33ad90ec5cf1,open_r1_code_grpo,2fd11ea9fd5a164b4c988b5b6f210427,,906,3
907,47c6a9d207181369a3e1c2f390cae536b0b649bd938da426a2a7d57757227f91,b076dc22bc90c98645d19906429014c5b2ecf89a63bae8ca06f6f6cdd6e8a47c,open_r1_code_grpo,fe61c9b16e7db2a4b1e00bc714a92c56,,907,3
908,84846b2eaeeb80003c2d5f27cec4d46d2ea436c36eb38f3623fcb889c41fff26,54eb45a8d781fb3516a25579a115606426bff35feb9959f6d8e04972f68a4541,open_r1_code_grpo,b9342c1c2374c978ae82d77bb9d733c7,,908,4
909,d2c500320f971451de3ac7f8f0c16d7e7380540fb983d8db48e3033231ae3a26,53a8dd61b36a98ee8775d2f26029b33704c5c5a901cce270cec14336af941193,open_r1_code_grpo,314ce4f05ee5c583ca42a3205ebce597,,909,3
910,0e785c729af210e4282d7e0e05d1613082e045d3950a7200a3379dce63e67bcb,4e9fae52a90d022fafdb88e544ad257d6c2b08a5fcc63f2e787efa83b48a6fc4,open_r1_code_grpo,3564d244557466ace7373938d86a3600,,910,3
911,45c0740cba59ccfa14d9bd96db7d9a3bd8a619c37fc0d44df2cc82b25582e229,0f2458989861d5759d6eedca5be081aefcfb52b95a5cd1b3b2b748cd54dba229,open_r1_code_grpo,8631a8c33f96109c531e3a10b7b6f98f,,911,3
912,599b07525ac60db19e9fb05aad15eeb43b308b0d72fc2979046bf1743d734ec4,e35bb9c4d4137052d23d328284bcf0a037c827a7a0d655f347d727147343cadd,open_r1_code_grpo,0d6b73c29ef87f3cc23210e9f1b0437f,,912,3
913,85f8ab138d34481bd1fb40ab7d0795a89ad849586c7e466efa5b1d205321880c,eef5e3da27e70d115e84d00797b004430d6650de308ea9845dc312aeef443d43,open_r1_code_grpo,d9a640c1c9f659efcbc67a8bf109aabc,,913,4
914,724b0d873b968e61463acc71e4d4b507da058f0b27f38763ca7e1c4be43e8895,b6fc9e997d6df6870510cc06d26bc565003a6f984e77d3de4c8ab65ab52e2974,open_r1_code_grpo,cd5aa70c3c551581ff7f128b17b615b1,,914,3
915,59cd06edfe55c9cf3ccf5413913c6e6a246240432289b8d09a5543cfc41d25f1,bef188550801693c845fc1df565525162bb022de722a279d9fae178814c38cfd,open_r1_code_grpo,aac08ac5a473cf9da9a480dc9ae22752,,915,4
916,ee011d1c872fd07bfe23ece9c0e2ca5bee17e6429f90e69ee2736d4c698a9850,0fef55a12410d66e449c5aa40c13a6fed93ec538a295518170104f79d2ee771a,open_r1_code_grpo,aebcf145b64180f1f7cb56c886f3e7c2,,916,3
917,ec4218b9501e8a7543d7f439dcf5dd0b0a350157a8b8e0323dda8c261df56b46,2435358847df7e860f4202a807547289fdf117d407e332ba31c72b1e6c6bb5f7,open_r1_code_grpo,8e5eaca2fc05f3085208601756bccc90,,917,3
918,6c75e8754400d39b9ea849ccc123a515312d7ef63e3efb6f428d6c24ae60d76d,51bea835df3cb26e755f32f00c07fab9e6c10addbd2363746c690367a2c58838,open_r1_code_grpo,7208422a65b231b4340dd5c88bb9953b,,918,4
919,53a97ca6b2230d89597c3ff8bbd8528858795e060d85948ffc8d8f699343ee25,1d6566d9c224cf44f8aa3498ed6289df7b36ef236d857c03994a10d85b1f9aa0,open_r1_code_grpo,7da7808b0865bcd97d1a49f63a76ef73,,919,4
920,3c775bb0d168bb676589a09d61203d4a5402bc24725ba2c6976b9f02fd1c3436,d45dd011fb1d692cbfa269881d088fc8a018eb7839a077f82a220ded005c37ef,open_r1_code_grpo,f66a99fafdea97fa6dd233df63535b96,,920,4
921,75d1e7030293a767de0ef49a339f3fb86be127d1c752e6ce7d3af8ccc0f10554,158d0ece0a627fb96f42748444ba99ff11ea3fa1684462ef921d4275290fae69,open_r1_code_grpo,0c0a575a75a81856bda54d6580b8bcd7,,921,3
922,658aea6a3b9889fb5d57a541d86f9dc1d7c585ec96b614224abafd3d12225dc8,1f84f044173aa87274b851d7ea061be576a5f7008330786f47a431cf494a214c,open_r1_code_grpo,23acb65ff14b11af6a6ab273a98b8ee7,,922,3
923,63bf5481c3fc8a652b0bf8c06699698a909de45c1719769334bc69ae802192ad,e4324266a901c870baf3dc7ca5a581fe015c3a6623c82514f176158b106a4f8d,open_r1_code_grpo,fd514a49f399544033a958d5c475c95b,,923,3
924,aa2b4874988b42f8b4596e6faf5cc3ca23862b976fcd5b6cd43cff07d4bd5eb9,70c1e96f7563a779a7b2152697b4ba929350b0e6c26519377ed4c70adc30a2ad,open_r1_code_grpo,dc73d963cca25998fa498a540170ce14,,924,3
925,06cd6ec5014db7159cbd682479bbe7992564b41f32d0e061a23f4ae1ffba9cfd,50378cb5f96e27dd4ad6d860c5776c67523229f6ab3267b023553943a990cdea,open_r1_code_grpo,0a79cd9b9b3327b66518a8a61ce872bf,,925,4
926,4698e3d9822820bd61b673d0d28bbc871f0105ac5b485fa06efbbffce19a4ff9,2457df157645213806d0a1f4c2a8b4939454c3dffebc252b4813d17cb8e3b897,open_r1_code_grpo,526dbda636dd834c96fb3001748033bf,,926,3
927,bed062dadb9e3f39b0514b73f49f0c8ac91e479f03dbb9c166a041ec56783f0a,a20ed5f9a9bb2f5e51af677b7b12bf7b061feaec41530b404bd0d1fb78d9f3ed,open_r1_code_grpo,e45c0e28fe30c0a370152c01aa482ac9,,927,4
928,c5cfe28533ae9a0f8c5562abbbb1e7a660db89eeee2e3a91f29d466f0116fa17,32b25e55db02b6e421453ac806dabe5469917d244b62796c727b4ac4606bf294,open_r1_code_grpo,aa9db25b20bb3790e6ac6b0a365b0ca1,,928,3
929,7c7b11dd8cceb051eca07d492ac5ff17e98847d8d535bcb6a447c2e567d7ee66,520601e5dea74d151fce9c5c268bb7f5517261809a59035205a0b0003ee327ae,open_r1_code_grpo,a57e6648b31227789f3e337cdcd9c7cc,,929,3
930,49eb892ada92a8835253cb187f8c1546629fefe4e58507a020deeb0243abcbc6,5d4193770d23cea21c9299e85646dae4d481be5cf98498a3b5b7d6ee129541a8,open_r1_code_grpo,d73b921c0a8b386d7eeaa12f6fc1f1d7,,930,4
931,3c5fc14452f77498bc9d8a7425ecbc92dc962051741035bdce3b4684dc119f5c,d7db070014ab54f07aeec423845bf3151f00ed42e482b0ff74070333614e1192,open_r1_code_grpo,3136673769f7b5a9b93a2bf2edcdffa0,,931,3
932,9ceb3632928aec32c713fbd32f9e47a4f1efb15cfdd274f852ef425db1a3cb75,512f1e2bc9a39941ae619a2b7bef4da4a8781f76fc27f51bc5f64c3a260d79db,open_r1_code_grpo,13dd2126623bdf5c6e913681b5b36e54,,932,3
933,1bde1e6fd7c9a0f9bd6b173f4e4a3307cfbd9baa8b60b459ac28c7b859f0e45e,3945f56a4503d09799b0cd9fa9edfc06f13d53e7acf7da0196b3d2fc972f85e9,open_r1_code_grpo,477138f9b1f8e331440e2817b7f11da4,,933,4
934,5f5a9c26f82451ca3b6d4634b1db7eb9ff81819adb03464a62b661c9861ccb38,c9499e3ceaefe803f55aa635d0b465b6d81bf084630f775eb4db0202d8ea04c5,open_r1_code_grpo,30f205496dd6b2298b839ad1d75b46cb,,934,3
935,a8474c5949c635d05576c05de701670701e61f8d54d54c4f760154d802ed0657,5279d7fe5cf5f45fd3d1c94f6e4ec65b8abc2e5cfe291dbe8a8b4c35b92f759d,open_r1_code_grpo,8a3c6d7369637335f9894375e2709f2d,,935,3
936,977ec00cffc3218fb2e26137d8d385efc4be232375dd59f74b2afacee75b10b4,334106e5f0b11c6912fb915432ef83ba05d2aaed0e6e415040d82a35149d7d54,open_r1_code_grpo,e64a33f1a0ec75f97eebd599ab5054ce,,936,4
937,90a4b5ebc22c5b871708d45218e439e292dbb6be600aee9483de8bad1dced119,c92dc4daf00eb055228614d6699332c94aec6839d107480cefd0aa2d11929809,open_r1_code_grpo,1f2a6ca8c092e2be9b1ffa1347330733,,937,4
938,5202e053d0fbc64a5112e930bdf57cb6bf6d9f1fb988fe1b5fb0b4feb6a22f10,792531485c3005d6dbadc93511b8bd3f65fc1749a2cd67558b027f6f752dc884,open_r1_code_grpo,a94dc5170bb2bf8954945e86b90cd2e5,,938,3
939,feb81d749f89b7f3ee384fb49e2e6d22dcaa963a680fdf32091e0b79a6335655,84eda72685850fcb569e59fdddb89682ac9d7e588b48065ba4b6158aad160fc1,open_r1_code_grpo,95dbf353e7d1ffeb77a2233823c4a96c,,939,3
940,1eaa24f6ee7e4cea3a0285571696a577ba5d6eddaf073da949e77ae2ec8fd359,eee0c753d55ef302bece81678b00a4b9ca189e424f54d72cf79cb69b4b1117d0,open_r1_code_grpo,b61f14a86d047b1829eab858786569b7,,940,4
941,0b2109093063f54dcd8d386dd9f393dc67dfae332d0e62bfa9ff5e4e1c537274,500871d10ce5679c29a4eb9f011662b6a4c08a967318fbcbd62eb43be1471acb,open_r1_code_grpo,5b2aef5773cc6c6b62cc821115533814,,941,4
942,9dc438742fc10c6730d02ffd5001d976c9b49b2148562b7fd0d2eb30087a8952,6bb9e51a2e3a1f5c70d3eb20ed3b3d6e9be20398ec017db47bcbcd555b57bd07,open_r1_code_grpo,29bcf900536cd98ad6177fe46bb037e8,,942,3
943,59d06651184594300ca5d60344f7d51d4c62792e60df8c76579f4b1e67191d6c,3162deffa0ae2843339eb8fde2ddb1e562f81e04a60dd8f6942ff0a38958e92d,open_r1_code_grpo,1d75557cab6d0ea68e6a8e04d2599426,,943,3
944,c930b6100e53a0394a313e9a3acf698e077422545a05daab598274f92d4d6741,4ef28cd24cacaffac22634ec39e50f8d91701fb5cc3b16526fc42f8baef44da0,open_r1_code_grpo,b6b1813ea591f1fe264758354be5e32f,,944,3
945,36b90923b28eef45eb3680a054e8b5787ade6347da0aba1259dddf317f2e26a0,b467b07237c5a5119deac1a34b445a34b1cbdcf74608a51b09fb4da3b1a8731b,open_r1_code_grpo,47211f50eaed678106c2fcbba78f9fed,,945,3
946,b664c1c76cfd14b6767cd1bb841c0ad4ebb4ecd2a65d59a0f701fd2a3b1b1188,585fe601e780f8af72ffee5e839cc3e879c5be0393c49b242870be8e15405ebd,open_r1_code_grpo,bf12c4276dce983fd913ff42e90084fd,,946,3
947,f55a2bba0983877d57121abf4ff2b4e13e7a531c0575644af846b7c30e709edd,78ac272eb2c9b0ec01ff4fca115795233d60e3f81f6003ec3ed03f9d112b9d80,open_r1_code_grpo,860332cc3b15e0eea639cdde73b27130,,947,4
948,e2ae889967bb4993c419ab8a44f1d05d458cf7898f244a9e726a2f06b387019d,c73b16263d924e75419400d3cd7105c7bf4b8e13c97013ab031e8e88e4cfb163,open_r1_code_grpo,d28e7d460a2b78efd62d09e11f1cbb81,,948,3
949,bde8e86d4a472015714de98d2f4e0de6d9d9f9695569a7aa321eadffb7d88e73,52866cdbe4bab0c75f55ff1e37a9b856663daeaa4cd0db3b642597559db0c566,open_r1_code_grpo,ecf71c1aa7b03f9b62f86777cd260bf5,,949,3
950,0ffea976f4722a78c179a07b772a8b2c1a804950404918ae86f5c479705c35ed,9ecc3d70783c8886e50cf292e9e41385e3394fc6e96250e67754dd0561a8ebb4,open_r1_code_grpo,f49c6efd9a511b9120efa8201305d211,,950,4
951,470538c498c7bd681385dbf616f54c38d93378d3b472f2adf13c349b359f857f,199422b74aeb546594fbf114ceb81249631d183b382be3ebdadb86100c398c09,open_r1_code_grpo,1d336170468de74f18ae9574df3d773e,,951,4
952,d58e9e0af728b24c43fa28a435ecf24619b54db741aa811ec7ae2d2438c9657c,ea255451874f51c2227450d2bf168e39c9354528940bdbafb2fed6fbb5e89c63,open_r1_code_grpo,90d82205691afc0b6c3fd1e8f577b8d8,,952,3
953,0a3239b4e32dd1420456fd55f33a16b591cca2c12612cceb262ecc349ae7d3aa,0aa4be371c87a07d9dbf2664e2d30e2a1d099f0f3d01448a71b8762cb984bd45,open_r1_code_grpo,91459a3141cef6294432e8c7be50eda2,,953,3
954,ef03776b4f77a5463f2979df80165da2bdd391b2cbba7f18c9a03c7c2b84f9fa,900b2d683f14c2b0d14a0594d1223428e11617180b1409b9c7e902c39c391308,open_r1_code_grpo,8e5e080073edb567213f7e0ae2de743a,,954,4
955,f7645a6eded8a01bc1ba2aa5a3d1913fdb2a73f587bfc3bec22e3a7336404824,500668400faa2f0e541f3d9849e1394f4a9eca4d7a901ccbb5d8c655afbe2540,open_r1_code_grpo,598934ea04943e2d8c50da58aa206949,,955,3
956,d24f6156c04eafed75d149611f6ea34a269e47d9da1d5a7504936b94c603bb30,4485d2c3d5ed2d57b37ee4042ac4e6bc94fbc25e0cada0bdf24cef944fb81542,open_r1_code_grpo,515dd0d8a5e901510fecbd0dca07189d,,956,4
957,8b13e61f5bfe23c754f7591739c21a5c0a3272897f33ff3454e5a070f3446376,5b9f6543f5bf7de0bbb5557d8fcb392dcb60af95f479971e4f8706a56b002ccb,open_r1_code_grpo,0cc0b0a26197104850be6232a45423ba,,957,4
958,b4dece01d485cd0bc5677f31039441e4bc4de7cd430a2e0ecb99f83f1193a60a,08b5de0f4c5ec99e8c149c1e70431ade14b7130f5a788566afd2b26b4e82eda0,open_r1_code_grpo,c3a1320dd06a35ebdce5b520e2330c33,,958,3
959,a8581b66a44c075c1f9846c49c4bf95e1f61040bfbac38185cecfa75572ec61b,e018e08b4d5eb010604242218226ca7adfe5a638237b531307f98e57b9f7d074,open_r1_code_grpo,e25fbb056a97723b9602338824398ecc,,959,3
960,64101b34169a863906207e6c32431f8c5575cb07da14a5bc8db8be65083232ae,e40494f938ee8259198aa2a948cfaa38f36410bc9f9678ba9e7182a723de6294,open_r1_code_grpo,ddcf453485237191bc2f0fa7f16aa824,,960,3
961,e2d4708d3f256a24afadb6160d56d59d2943855db20bd0a004628e644093d23e,a9eec9201d772907f5237358948070f95e08051583f7d2ef68e0ff1ae6a12fec,open_r1_code_grpo,34c0b060156b4dd696e6f51e21f7ba83,,961,3
962,f137324783ea58ab1a58ca2f465fb58ed74d5dc8f744e27d7cc07a22fbe7a080,2b5ee709d513e757c69b251a1055d229dd7a9304419916e6df0ea50be7966f30,open_r1_code_grpo,faca837321a752231e17edb85e5801ed,,962,3
963,57715be66f8f375a602552ab38f21761d12f69a4fb4b0007d6db1dc046be25c6,d0a4a6772edfd01e7b615b4d8a63b790bdda02dd8e623fdad96412fdaad226ad,open_r1_code_grpo,5baf9b5a737aada5cc6b38a75810044b,,963,4
964,b73c8882dfdd1b9ec00c22917dcd4ef6aa0f4b1717fbcfa722252953466abae8,b60fd5d1b78d96fea01c17b7b2980378df5f8fbc091014ef09c994f12e5ede8d,open_r1_code_grpo,7258868f2368121ce5e33ed837ff08ee,,964,3
965,c2e10db15c275f317012da86c21e33c7bca29bd7725209c2264b96a3d8d35a45,c9988a36fdc6e2ca42e0215687c009b9810d6203f76b4b79c01086e6131f09e7,open_r1_code_grpo,5f1210f9a4d7405440e526419bd7ea01,,965,3
966,7d3b8001e36f76070eab703e1becdff43fd03d3154990c40e55ea19f81f938ab,9fc8c90fb7942c4411e3aa02f003aa7be6052fa77265367def59dd04347a951e,open_r1_code_grpo,20e92f287ce1e49120262cd0101cbe1d,,966,3
967,6d732a5f8879b98a879c1932dfa0b7d874ce814c0eb7e9be0ba71778c73981fa,8ab05528f0289d5365a9e827e3e9bae11f683c24deb974fa09183b02d9038eb5,open_r1_code_grpo,e0f18449650cea076c96f0031c9765d2,,967,3
968,74fbe929fac4388b5c13f88eafb9a29fb434b7fba3fd74f6c2abfd1a6ebdd8a3,68b36c6f43a753b3a7f62a19eb2a7fd4ceaf504db109b76d67d08f719fc59750,open_r1_code_grpo,5e5778d31e65b13f6d888463d7a4a641,,968,4
969,f71471a3f6d982cee1447a2ad5c738e00c47a935c326cd95388363fc45fe65e0,b6756412ebd2b547821915f9ea0fd51e288555c4f4f2e695ff91a4136ec039c7,open_r1_code_grpo,f667a46589bbaa9a9295356a877a25b4,,969,3
970,d375035cb456820a59d2cec7f4748108786290939633f0c65dc6216c306ec4b0,b0df954fa798b63fdbbf07810392429d56d2cfa0e86473481ff668705f389add,open_r1_code_grpo,5bfadab4c91094915b5a20ee31748106,,970,4
971,a7ff21a2d396ebf808746a6e53e61dfc1d07ce522c533c0d3b6489be766e26cb,8b7e1c738fdaa48dd5f5fbb1d59913e7d05b51457910d083902643ec5fb01121,open_r1_code_grpo,0ce275fa1b47c917036a77cd6ddfab66,,971,4
972,8e1c87f41aee67515cf890a48f89b807fcd22e471177a248179975506c339b0c,551834929687a9e7663d6d7f06cfa0189d7ef52c02697c93b220fec0a58e7da6,open_r1_code_grpo,102988ba3aaa7af305d8006c178b0e1f,,972,4
973,44d5fefbbc1b0f33e0cc01005db8a49fad64e30d88d9c4546c6cdd36c6d5ecd5,12781645e2b68b6e0f93702de026bd34962a9226516eaf91655202c126c88bc6,open_r1_code_grpo,9b73eae8c70b5a59269e9a6f05c17960,,973,3
974,2bac0176057abac723679308b61a9916b1a43272602ac12fccd114b8f218efc5,46438c70db8a686477dfb70edbe7bc14899f76ed110bcf07e2774d457d72febf,open_r1_code_grpo,9937b9e887cefc275c7bc28603e81ffc,,974,4
975,c55506e3e12857364701ffb1e62d984f53d41824f6594c7c8dbf8f9ae514a9c4,d883002d2ab7578bee02c7a2553b43399d3500020608bb96b87b11f6de8c4578,open_r1_code_grpo,f881b143be2d879336d1bf74e5426f2b,,975,4
976,69ecc845616b6d2139074ff8a16bd086dc7ade6711a37c2f9b9956388b340792,7454e691fa6c3663ddb2de32fb6ea59af4d14cb9852e49f3894c8feedf3750de,open_r1_code_grpo,67f0673ad5eaab575d669eafc2288ee4,,976,3
977,9b8dbd6ec6f6d1e2ed404aa40fa0238641ae1529116fa95dead438010bb97de8,3f8f97107ecb67cb96ce5e20234d9d1c9ec2eac404e42c59be591af052970ada,open_r1_code_grpo,1153a11e2653c9061c4ecfad1dc89786,,977,3
978,fb83fed6f1f83c13e2e04f5ef68a68341ec18a85ad52b7fd53fea9c14a476800,8b06dd68263f041ef00be46db7f01570b3e3ab63728b5151a376fbcce3ce83ab,open_r1_code_grpo,257b5bd0f50bd91256c8914295d9591f,,978,3
979,779eac213e7e9376105fb40029763d7062b576876af419244789bd93ff5ec7b9,4d3c78369af51d3a9b6ab4ddc20f90936801605e0633482d4382b0d3d08c54eb,open_r1_code_grpo,bd90d38ea6374a485d1a7ecfd93b5eac,,979,3
980,d95f9e38905c59125cf63525525dd7fa921da4e8307f97142b8e2d5233888636,aa1bcf79780435edb174f921684b0a648ba140c86f6e4b023e1d9ef4d2896be0,open_r1_code_grpo,e9af90116dd91c49fce7459b721a830f,,980,4
981,fae3341a502cdb18c2949ba7c6c3f43a37a6131d9abf9a8a6b823265106c58ab,08724babf97dbea704aa2f85f70ad32f40693f032ee50457298f4814e9a84775,open_r1_code_grpo,43a88d4140dde2ce2ff421a8555b496f,,981,3
982,779b095edf135c93c58acc55c7f9cd2c75c13eafd881e85a4629b723da0f1de1,75426251c58d881f5d4bbd46111bda0939c98096fd8f3bd454ff10efd99bb342,open_r1_code_grpo,8c0b72dc45b2838c2e024e105b45f864,,982,3
983,9efcb36da25c496b90f3fed4dddc330cf63b958be87dcbaa6eb94a2310dcc6fe,bf13af249c18c7d0f8dd88279a2230e82a5ebfd7b112dbf4678fde82abc6ca20,open_r1_code_grpo,b557d647706ae204db14296852703e55,,983,3
984,5fbe92ac3dea4a16dbff7cb5ee5ad6c37d7cf69a8641d2f07baf0a1aa4015d86,d1659e564cee90f3d346fe89fefe03d9fc3c0c10c349f22b0c09bbe4c72d510e,open_r1_code_grpo,0515b9d9d3f48e9fa58fbb919436f59b,,984,3
985,958c6b630ee1d78e7dec03c25b17dbfc37c6e709b6835a642173bdd583889c7e,4fad40e02c6c488143868fd677a08df3d818533005bcb263499709a2e0b80625,open_r1_code_grpo,fca4620b86103662907d59870458dc8b,,985,4
986,2b39a652cf3d418687ed63e9194e888118ec73dee8bfb6d8d770c23a99ada4d1,c721b47af450f989699f85b14765e71ed8be5497fa71bc2d4ed3945fe5c6e106,open_r1_code_grpo,97ed46020c4a4454d271e7933eb5ed48,,986,3
987,68644d7b934f969f8f3e5306820e5b248d35bbcd88231ba6ec6595e263e55384,aded79ffe59b9e95eb69d055e22cd2b628b8853b0d375c39758788bc3e9905e5,open_r1_code_grpo,3d9ca64185473a138a12436660e97efb,,987,4
988,34a666ce5f0bae1f92845a1e9855a7c4fe5e36df770e174c5b15a556dc44d532,79b6466c53f84f545c9a6fc475aaf3793f77951940a346e11a0dc5af75f67254,open_r1_code_grpo,3080d276d130cf9b4549024e3d9a5bbf,,988,3
989,1974170fb2228ca563804c0f1491ef9b235cd2453d174051aa6d41ab86cf7405,49c97d05fc5b0f2719723f297db0754f16d7c2290c1525e279a0838c22bd3144,open_r1_code_grpo,13a8eaf0c1ac1a2db81d2c36e9c8ae4c,,989,3
990,11aa05ca7e95b96dd262fb1343d3ff19ef5c2f4e21583a22243547dddaf0fa4c,c14f8a6cc4875cb4b825ae6ccb8fa9089005d92ade63924407e568de39e60a25,open_r1_code_grpo,aaa4eeeae2f6ee071d6a00936ebf8cd4,,990,3
991,d05032f1e888515142f07f08628e6975d1829f164d63c8e2269ea9139a900df7,891178ace65351cf702f0df84a3b01f8d559baa483a5e3a6807a9f65cd4d50a7,open_r1_code_grpo,0501a2faec17d7960a84377b8a668035,,991,3
992,bd4dfbf298ce65c29faa0abefa4f1dd1516b097cc1c43faa16175fc152851c20,acdc86785ae571bd1c8bbabb938b084e7615b3c3feec19951829e40176af5ecb,open_r1_code_grpo,b7141303485256ce47500edd39bf2dfe,,992,3
993,ada238e91528f031073f988f0532da489c49cf9f10b7d04996eaed69b700aeb0,3c15904bb5b19204ec61cdc154a55b3d486f73ecaecc9c8c781ff0c5656f6f37,open_r1_code_grpo,5db552fe33bc2962c973adf760b655d2,,993,4
994,2be2111ddb1eb8400fb07d73bd27267c58547cec61578d21942541e5187f0c55,306bb884e42125214ccf41aaa279ea0df28b65b4a5dafff35dec61c1278026da,open_r1_code_grpo,4851052bc9937c569cfdbdd7c4394847,,994,3
995,d462a7f3aaa045f218fd1d3ebbe1e2fa402c935182be42e40a29cb71b9bbe41b,af94b72d190c57aafa8960ca6901c265e04701731ed3ecea4b8b1056a7b73d60,open_r1_code_grpo,83c9cb17e3424541fd3475395ddb23ba,,995,3
996,d6e4c02407c341c73478cb09aae830190695a4b77801560e31fa4f62bcf9d0ee,f6fb395d8a8d6a4742fc6e8c7e5039d86ee6c6233c42aab7736ac89b27ca7e31,open_r1_code_grpo,3d34d7389d5d45f80a7593a8977bc8a4,,996,3
997,7d6113c17a04212b9fe421c794da0d61c50fb49bb9aa9570f26f27194f2cc843,82223971f07017ad31fc6eccb4b5745d266d9f9e9521ff212b0c8fd6bcdf8828,open_r1_code_grpo,45fa7c830746595671eb69dd3fd53dac,,997,4
998,665c5b263d58542e429d2696767c0e0e659f35fc95841c0bdddb063128bde048,3dee2cee83b432c0b3df4d1af3d14969c1cfa41cdaa566a32b52ae678f9aa526,open_r1_code_grpo,ed045eda9d652198279192a1a4553642,,998,3
999,d42920f67613a53f86bf17cd2a980ec2b2e8f81dcfc90b214495eed8a266d459,0f074168d7feb2b75b5f44b65f86a288d7162097f3e2247faf537822a8e1963b,open_r1_code_grpo,a98f029e50094b3d85ff3a7ab3b16161,,999,3
1000,55edee18b2c12ed9012421b2f4d68d5f0f11363c937523c73dfb0842487c7534,e7d7c2d5202f9668b8e4b2089b8a3c22092fab7c2614afd5312c91a4eb7e2dab,open_r1_code_grpo,7f443c31d742f58dbd326836447cf547,,1000,3
1001,40f1c7d896ae1a74da3b1aabd9c9c4e72ffb8d6671b20f641198871be56e3865,0445ab7c38c7dea53cfd0e8b30864d6523ddd7f4a49392b01e4d641e84ed80c4,open_r1_code_grpo,30abc094033dd1fa3514fa92a5f1f360,,1001,3
1002,0bee7132af5a09c7657905a7f385d572a6a00728041ce88c80ba00f174f19994,38d64853522408b88f4113355df4b90f27d9a716ff65a2b8b1b0de0ccca0736f,open_r1_code_grpo,5d6c5f76c1b9bd00037fb72f346efb5f,,1002,3
1003,ad9f8c97bcdfba0a91f6448c803623767a2fbc0ced7a7c5e4d06d89015279fbf,2b3b3d40ff554be193abfc3f307fbb8773238d0d6d3b292840e4ed5f467b87b2,open_r1_code_grpo,a8c82ce6a6bedc4a9a7e9a92990d768d,,1003,3
1004,c8033fb22fc5cec599ce0b042908646c0cfc8946451bc478760f8922d83ba2a4,f86e83bb889741b63b6e883d56430f0d1431d2f23ed567ed73ddb6361b1b1600,open_r1_code_grpo,5c37c06505ac5c6cd0ff78c37c29c539,,1004,3
1005,4a2ec465602a85f46ef025062767cc88c8844a27cd534b6d62ec5859a82358fd,1fcf53fbac35d0a987135189b5b550d4507ce06d8fbd5ae059ec22bdcfa9600e,open_r1_code_grpo,a0b6cce07c0dfe349e36359fd94d8d7f,,1005,3
1006,3d4795f4635fe0b8948e84982e281d5918f5723c41ffc94c04a0ed6a2161de66,b22658e10e70dfbe399fb94257b628f7f94154a0addff53cc939edac910ef82a,open_r1_code_grpo,1e9025fa21fd6208e24d59642048ba56,,1006,4
1007,fdfee385e72ab725a18d56eb1cf52b63f2c0429ed9bd315cc4707087d6ea17ba,b27434775cd969082fef338769caa04556ff319e69ff546bb903f5d501f64696,open_r1_code_grpo,42ec2df6b58f416bc490d2674c5ec41d,,1007,3
1008,70b0348339386a5e8f6834ebc17bb49aafafe428094434b5514d24e745bbd3ff,423292810a38f51543cf734adf31f5dd2026ff084aff0e4dd2915cd744fbeab2,open_r1_code_grpo,0785ca7fcc4e0a35cedf8be5f83ae9c6,,1008,4
1009,95f24ee57618e93ce966b727ca4ef0c0ec93276e21f03da5eff8f5d659989bf2,05fe94e100b905ff8204c4936057423a75f38c125b09a9560a79d395519c6320,open_r1_code_grpo,d7b235130866fff555217b450a88fca8,,1009,3
1010,74ff0b332e1c2d3d4e3b91df79b8c6faf41a1dc6caf5426f1167f90f0f19df61,853754828b6d8025f798c3f3aa34be51747aad3b61d47521aab5c4f2fefa0a55,open_r1_code_grpo,6f71ac32fbb3f2c0d1a5f1ec11694028,,1010,3
1011,b77a64a2961a9f39615a410b9ca6fdaa6732e9f81125b3b588655e1fe7ad1ac6,40bc57e43e8f7cba7f717b9fb600bac57c2f432931db04946e192008addc4074,open_r1_code_grpo,5de6b6c45e74a273cb1293120e987351,,1011,3
1012,5a3a4ea1daac0f071054ed2a963639b33efb8b8c0ed4fe4e934c8b4ba9a568e6,559bd4dcb348f5aff6f584284b32fecd10a8a2bccdbf1f6035d821a2f7454c08,open_r1_code_grpo,21b9c36302466cd548cbb37b06627256,,1012,4
1013,76f033c1ed140fffde700b815360978d041c64f30bc0b3a81ac5f90b1753976f,127fddca6df8ce7c866766392e534612821c6192a036efdf61b443def6029b4e,open_r1_code_grpo,aa58d7097e2cac438b73ad26f0ce034d,,1013,3
1014,a88c5155bdfebab9891b80631c092d425b0cb55226e4ea44e80b2310d87c36eb,ce5faa9cd19601d463337d97b051421e074126ed2302b9067a2b6b7d4f01172a,open_r1_code_grpo,77757b0d60d231f86a4e21f28af780c1,,1014,3
1015,c27d8ea828d8ee1e9de7b44cde0e0fef1e65ab669cb630b7ab28c26b9e8d22ff,4e42cd80359d15a6586632670955f1eec24ea952f49812630b1c5732d035b9ac,open_r1_code_grpo,d0a75ac8459469de328eaf2f7291738a,,1015,4
1016,e04daf1a03c4831bdda024e37561fec621fd1361bbb62c0a6afb85e1e09235cc,e9693222b51291db34dfc57d2b5b8d4e563df37a1bb8985a65709bddf9e4d02c,open_r1_code_grpo,f68c980658464e15add8b163203fa31e,,1016,3
1017,d2ed6b7a82e02e19779bca624aa522635af4b2f098f5ac421c2330700f54de67,19e7e8e0273c77a1f685245bffe95132a94f90c7eb7c8c98b311f2a813e1e882,open_r1_code_grpo,d0b1898421d6a2bcb1a522b43582b6aa,,1017,4
1018,4cadeccfb6403f7f45eba3b3014a3bc0eefa6180ca8eae63c43ee7e8f57c3574,bc3686029cd4c9fba23dcbaa70676ef5117ef80d85b94e2c88751b7c7c761816,open_r1_code_grpo,c33c2140fd69564449db11f1e86adb4d,,1018,4
1019,98c6be89d2b87026e0b8cf9192abd5c325e2ec632a225557d172ca78423f34aa,ee74ee610d934ae5491b89b97b3951b1fed64799c21e9f71334d58c6b4d27952,open_r1_code_grpo,b3c4682ea69b0961f5507819d5f6b51c,,1019,3
1020,69ab44fedfb663f4074e71a5632716b0dc28fbdba03bf676612fecfc4b50175e,68d534079a245e66de9ae3ca58161a8b66438d981ef652560013f7fb6e9d5f0c,open_r1_code_grpo,2ed3ebae479c15a3a017e9dfca50fa25,,1020,3
1021,1873ef0b2a5a2ec8fde80a0d6c95121836525ff8da01891b4c1ecd48b4353c50,01a04820dd961d07845e3ad999a0a27d5b868b52d7013ad4ace2758af95b7006,open_r1_code_grpo,1cc3e5dde2a36a446885580407595926,,1021,3
1022,990a24f7c1c51e4d686e8412833c6abd93c81f106b6f3821147654bff7a47893,5f8a51fc61d329fd43921b6291cfb2f2ab1af3440667ea42a724ebf302d07cc8,open_r1_code_grpo,77857b0bbdbd236fd83f9b06983fede8,,1022,4
1023,0b9b304ca52001322355bbb4b83244decf8374e446e2cddbe04c365b844e16ea,853e6b4a04d4e97a6b6a93b37b4214bed5629d468f1bbce1def6884bd36c6e0e,open_r1_code_grpo,53bf91d6d34eaeca929817eb2d2ac4e3,,1023,3
1024,d12d01d064a4031db71f60eb541f6bdd85d83b4e3abf712d350bc6211b65fe74,65cf5f3347bb9a280896cbb084f4ea0a34e94e976232319df232e6ce0c66ed7e,open_r1_code_grpo,242bdb4ca21e5aee3f7bbdf61514f6a9,,1024,3
1025,697bbecb17ae3d8aa73c0e7ad965f97251ff37e32ad36789f5c2ebe9ce742966,54cdcbc303026508c8897dde4cf35066e91c55e079325f74eb2a089f806c4a42,open_r1_code_grpo,66ce5553d106f7e0a44fc984c6a796e3,,1025,3
1026,de5f083eb9d4e9a6bc609f0093eaa25c07ecda34b5c8ce75675ce70f54c80f43,c5702a81b231aba77cff8372e3bec5d0408ceace5946aa50e4d7bd54c2a57932,open_r1_code_grpo,538aeae9f02e808f6e872d3a558b9556,,1026,3
1027,5fe68b9a6e26c6a9518f23e76af409c7bf6f59b0e3b14addfa8a8038d357cb12,a91d4d32eec15414d9dd4f4152e95cbe8c762ed804031c10393a7a226d61a145,open_r1_code_grpo,7f8452533353f1d36f812a027590e941,,1027,4
1028,f2455fd4ed1a0bf029eca0be18ae9554a6b85db3e93ceab30ea7828079bda8b0,68e6872e2a1f2824f6db9e503a4db0d509e7c48479071b97eeb0f135fb99b80c,open_r1_code_grpo,455c1a4184e0d9138aa7bdb6f874b7b8,,1028,3
1029,fc943cd349fb78f695a2f6a5e5e109d073edb005f075dc33670c811ef6d94934,a7df8de67d4584fb293f36a0a44a2adcec54566ca15ca5de5d7976eea6a3abc7,open_r1_code_grpo,31e415542469a3d23ebcad386312804a,,1029,3
1030,09ce95c0a0c8c5d742d75b63273f01239daf1799b1101a0aba122554c8adb79d,b6549fcfc4e989439ee5ac8f5be9283a2464630b55b85a697412d0b09906daff,open_r1_code_grpo,13dfe2d6e8580ffcfede34af42210e88,,1030,3
1031,d2f5fedcf988c41303b42914dfdaed8b9b4f6a57ed7a74610738921fa73acb85,9534b7f308df5db73a06f4c4e0bbe4513e9bc7b0e577549ff74da33b61704e71,open_r1_code_grpo,3ccc24758899c96a67b86446f8af570e,,1031,3
1032,d24e0000b08735db108b233c60c83cb10059d2b830387dd0bb24dc44f9d06050,83e201fbaa700960ce95483c58de31eeca7c173f2ce478f1c2490315aecdd10f,open_r1_code_grpo,35f6d6f632b1baa48f4091104aee40a9,,1032,4
1033,29e07a5e1aba1d902f638da849247af50e81ef6426f22113b943bf071231c78e,6d1bd1a6c7bc9622aee0bb71862ee9555bc32f41c07da6340b813300467ce0ea,open_r1_code_grpo,9d2b80df22d8f1186435d8ecabfbf252,,1033,4
1034,023c620994288647389e0bb9ba25f7ae40d48bb1a70e138bfef950b57a4a00ed,1dc094993e09bd11bba7fd1562d34ff3360a0bd4a5481ecab50e5ed358a4dd4d,open_r1_code_grpo,26b11f6a424667a24442662ba890bd3d,,1034,3
1035,0e5af2486a8adff3cafed0628830b0f2af710a75bb0b98e25e2efcfccf8c9727,d53527f2c1724b962f4f373282b32c67ef645169d3dff4f6d99c79ac7488428c,open_r1_code_grpo,61cb7f855725dafa5028914b3157d087,,1035,4
1036,d12c496a43e8acf80db9fff883531ab6927c4e0ebdcece3cc91a88afc5db67bc,12dc7e8b5f9c6f11181394db66dfe69487b2e4a609c3196ee41b95345641dd71,open_r1_code_grpo,828116f3455b02fc9c6bfa0ce966d726,,1036,4
1037,6e1053697cefd3a8b7b7c96f2256e023a9804034389769d674946d3f315fb334,5e97bbcb15d6a5501099357898b5b08233f340a339954fb82e0cb634ea349013,open_r1_code_grpo,8ce357121f5b0f986d078677488e8d3c,,1037,3
1038,e220380262e50ec4e1399e3c5aa4d3de49aab964e665f597e37f579309b7916a,3290fdd37fa4afd8484b02adeff5a67c939323bd066b68aac2dd06a75b599ce4,open_r1_code_grpo,3bf71263ae6b027f6473f7c4262849ca,,1038,3
1039,ae10347de7453e94cab9fadf9fab9bfb459ad613e8593c975d9f54acf8548ba8,5c5c8e10bc7d97ea41ddd193496ee7ae9c3c6c23838bb954b00d40b88d619c25,open_r1_code_grpo,63d9892a998d4c75a7cadc548d3d5975,,1039,3
1040,566a15c62c1c76ce3fa441a6482b07cd35798a60a7e439e0b54b5799de1d083f,1c2b301d7bfc6b97e4ecb47d5b7fba6c3c62f68c0c6e841e467b348d625ef7e5,open_r1_code_grpo,478407f2d33f32ef444d50a587f25c93,,1040,4
1041,0fbe097f6aa8e140afc499eb6003abe74e44e865697b895cd0eb92ad7e77ca5f,d47d3104a66b56d075ccd3c02dfcb325c9f19a92b0ad6637c5e50346dac61d70,open_r1_code_grpo,d194e64ffeb48e3d5ab3402473702bbf,,1041,3
1042,4ffbfcc3d6947ca8065c59cf3d6c7e8752029b90abef2df95cc5c20efe9c2f10,3daa57e36813f9b876ddc3d87e2ef87b92986bd71c1c30a6c5d1ce972d55a872,open_r1_code_grpo,d01b4dcae50ad98ba554458977c15981,,1042,4
1043,c5442bbb2334f60dca7b0af40101039377dc012400767d4ad336ad978e7a1c01,813cc22a81491fe8da8e5d2e968ab41dbd29104a94b15e4c60be644ca35776d0,open_r1_code_grpo,6db0a915de27052a96164716c74cd351,,1043,3
1044,9c42608bb50e834d5398d98f356de1ebb31830aee42bc4fedbb6ae048196b6c8,2b2fc0a54240978f99edc1659f6a8622a4dc6f239bec6394e690b3190efd207e,open_r1_code_grpo,992c87f5ba55a228e9afbdb0a673a029,,1044,4
1045,9479f6521985c72ab934e55d4bae45253d9e84863b361ecfa9f0c640dd5b9d97,080a6fa986822d399975c9e7c976d361afec086f03b772a92c6bd31482c03c7d,open_r1_code_grpo,ccfd8db7e358406189d4c1f284971ac6,,1045,3
1046,46fd0206153e83c31c1d85ac28014e88061cf644f9d57a50933cf1c447ff3d24,bcd249d37e27e76396101cd50dbcbe6c0ee0374e3d2398a816076317c258fdfd,open_r1_code_grpo,a6fba2edf1d6f9548dcd6e7839e54936,,1046,3
1047,e0791a2eb44bb08c9de8863315e601b8a9b96fd0cd92a30c60f145e5df68dbb2,d9fbb6cbb8e39a136c30531558e294a56fa16f9da1195c625a9d6b55cc58c504,open_r1_code_grpo,b5ef08e8fb409cf275e1278bcbde9524,,1047,3
1048,78fe2cd539e584b70ec5f9a914707399b9c913a78c8f9bc399a5267553f313b6,d1b3c367086a4ef8b7cd571d0d4582b6db6d69f2143aed1b86533a9c377b2b56,open_r1_code_grpo,9dcccd87b9d71e8858ec1322b2eff99d,,1048,4
1049,67ab4be97e820f07478abe9c47f62f2f87e9b7cefc69a41afe257e7724846df3,6cbb45c67760e292a5381f069b3a36293e9c21c9efbc76b161fcec4b8e02ffbc,open_r1_code_grpo,8d8ac0f57efd87ec90b513f590bbd6ae,,1049,4
1050,a96b88f661fc2725fd51352a36b009600d78c51835cbc4914c3569c7128d03ed,7bddfa324ba13759abcb816cb7c80a471fa55618b0c6f14d81d8423c999c7b39,open_r1_code_grpo,da9f23ad5a37558b7fa12186fd69ebcb,,1050,3
1051,6c29968de29ce0621fece1c68891b1e9e41c37e3512fdab693dca7959e84fc8e,7c1ee32ecc0608e17dd01b33fe437ec4bf6f70f35fd927f8afd999573be54f74,open_r1_code_grpo,2f5651cbae4fe7e4dc44efb32c514eb7,,1051,3
1052,c81f0d7e48b3fa3f04b759f32db52b19f578431f01feb2a4d65c227e0119ce12,baa94530a7e28529b5bcf1b7a074eec0bda45b12d6e8d6ea34793f10b9eac655,open_r1_code_grpo,a2edc6f5f3fd960480a8a5349b8efea0,,1052,4
1053,79f0b3dff02c2596120e98a35c292e7daead37b3f4c953976b2e6552e732f4c9,fe71537dff9e12a619676e9eb90b23739c7f43daf86a2f12de2688637f256eb5,open_r1_code_grpo,3c5bac3f3fff23dca07081ae758dcbf6,,1053,3
1054,80ce26cdaea08853b705d358f8258c335dd5d19795d6166c5d3ce37439aae9c2,2367380887b4c2ecae6580d0e691f9aacdb42758d5ef7f6ca107cfec2f79abff,open_r1_code_grpo,4769b3f5d4cf3802f56dc9edf19afaa6,,1054,3
1055,bd77801240b49a6857ccfac6c13232fce68cbaae67567f6fc2a7d0ef50bb6d9b,289d145842750c63155cf50349746da7d61e2522978d4b85261b4bb101389f6a,open_r1_code_grpo,6e8983bc277b80f5b1e9d1cab559ba64,,1055,3
1056,1a0ef1c91ddcf863a017761ca1c028ddcc3222f897de55a34e7b91006c9d6dcd,a5b67d03a701fdc7ca68d7160e7e433a08b05e115668b0d92502c08b6e207e64,open_r1_code_grpo,a23a9f813b0b1b1887429ff5899ee821,,1056,4
1057,c634f3dec8e1d177bcd5d4244b51f3e610c73d142c7817c1e827eca5fc04c17b,7a720cc6ffab7add99b9c02730f3148ced3c00ba8f94b153db8ade74e7efaa91,open_r1_code_grpo,88c57d5ccbe6b693e8806ce87449d006,,1057,3
1058,0d4dd73f7f94e7f165e973a9d0042630cf9bf95046cef4b9829bf8636e389d6d,e917faa08c2766a0fc659c220e0d4cdce2657e9982d37d04c4b7e2057207f61b,open_r1_code_grpo,a37585552b17ee8b00db30a9b07eefbc,,1058,4
1059,21b45fd453bb82630689881ff4cb4e1c57f816852102f17bdf1a66ac7f0a8190,d661bafd6eb5f08859c5a52aee0718566e9e552c74790c87d1ff83cd14cf17e1,open_r1_code_grpo,172d4d3779a4359f9a369d5cb1562025,,1059,3
1060,890c185eee6c5699bc789ec4d050306d20c3d91e0732f4a295d0aef76481ecc8,4c2b46fe52f93d375cf7e87d8664dd78fec2122e3b6145421d7f49f10cff8a71,open_r1_code_grpo,125177028a58eb333a9c8dcbb8fc1fa2,,1060,3
1061,c636bf6b60d868b56c9f51e6c4b34d02b73dcd90b563addff1d2f98a1962cc23,689c4034e933e32d5cdedb4680d0dcb0e118abd8152d0b0775816326b796900a,open_r1_code_grpo,5cc90b1ea97213c3f54ee70492a43223,,1061,3
1062,a0bca55b3b2eed6580f463cf9d34dc8247116902fa7dc04e09743fee14527d11,b48f4d3ea0bda7aa0551c85a22461df7897491f48302061a26ba43238ca7561c,open_r1_code_grpo,ab307bdbae68e006fc571c8604145fa8,,1062,3
1063,9c167d3eb56596b6e2cce79a8ec6708d247243317f011a5f5eba444f771736a0,bc4c5f3d2e6d1ca226155e29ab30f7f444d3b1111617c7bb407e115ee79281c3,open_r1_code_grpo,4d922e1fcaa98a9bfc5e5d1baa8efcfd,,1063,4
1064,5216314b7665616384384ff2b96c1497785bf01966ed1792dadaa60ab583c191,75cfda504cc4e80a1f839688417787ac44f76bca2433a2dd8466aeb32269deaf,open_r1_code_grpo,4960bbff0573c900ee64e07ed60edde8,,1064,4
1065,4c058a1e495c338ff93bdee4ad72dbf7cf92972649577d2d0a332f08b224d3e8,b4beb043593b1d58567d2e61c9ededa68d44338255e848b2555d1d5045360606,open_r1_code_grpo,50c66952074f8e7f6a5916311f2f771b,,1065,4
1066,e7c9f3d3b19d2d6e842b3970e10dd2970c7305580241dff25d1a4abc5429bff3,c8d1aa94d4f8c4ebc0e562a911ae128463a560381909b982fa19c1df4da083b9,open_r1_code_grpo,06747e007086665529853f0b3b54a5a2,,1066,4
1067,a1321cb325d759ebfb731f1b6ea929d659b389ad10669b61f89675d9822b8627,eb1c76cf4b6b72233ae4e7cd65f970e96c24212d50cc4ff06acb3f50a7959b36,open_r1_code_grpo,31b5dd6b9ce1156812defae8f32865fb,,1067,4
1068,c04f9a50aa207adddcb52e599309e6b2188f8b9ff1b83694ca1069feb3891df1,68cc4993f38707987ee19d62e13d48fb35659fd15757df9f7ef75e0da2f9977d,open_r1_code_grpo,69c9ce1092db0dfcad5256346ef087b8,,1068,4
1069,7e2e1c4aa7ca3ff5713c696969f84ef42a5f065eed6567095faf91eca88714c1,5c2d01f164616c382d383669efd31d01a54dadb19cbc16298dab626d38c72802,open_r1_code_grpo,0ae3c3c1c18c9d47d64ba19a8e60161b,,1069,4
1070,724a43f2d1b0078a8dd50cb5f71bff19173836c28d633ddd0d6705d15301f535,83debdc60209e438518aef7611679f8baa79d1c043df9ee5149bf2225219ade0,open_r1_code_grpo,bd4e51b23e87b1ce880466823b33d7a6,,1070,3
1071,b564490df0798d29e03811ae54fd84119e923d7e42a9b06f60454dbb87f0a6be,d5f42ca2e76f3ea1fd2b89bbb23983279734290e26497f4f358b5ee6235ac20d,open_r1_code_grpo,76c7c1e63178ddd176b30b26e22f468c,,1071,4
1072,d993739feb48d3456be5e3f8e20aae686a1e961cbd735194e99f64628a332a9d,b1b3969441e07d7355b4439e0485002aa97810b6eeef8deaf354bb27a5ee11f0,open_r1_code_grpo,03b52bc97a9007d30c6fd4e3a91b0be0,,1072,3
1073,714f1150c6b1d29137145c23e23fb05f2be121f9eece68d79be375def735f18d,c63c9ca509b3b9b318a680d39f5b546397002e76757c1913b3f5b4feb24ace3e,open_r1_code_grpo,aab9cb16fbaffaa7a97e238743c44ef6,,1073,3
1074,4212a08db6aefe29ff4662a1485a72df409e19938fd962527f291099b48e7371,95a96378111e193aa6deabf6c36d840ce25e53b842dd25d23fa3df406363893f,open_r1_code_grpo,753beba132fd299012868a84cb2f75b4,,1074,3
1075,c2f4388e85c8bf664e68deb9119fad2aaa1d388176d146dfca258fa534d658ff,90d59d155e3f061b23cb000964f3d0ee285cee671f4be43ace702462af2265a1,open_r1_code_grpo,81c2848ddd681f64efaabc1e579c54e0,,1075,3
1076,ad006c6d9c1c84625ff18e98d21548c700c9846fedc337c0a9a118c718aa5c09,050004514640973b3dd6daffbab0c2d677a0852125ce8b480ac6c3f95696dae6,open_r1_code_grpo,af1395c0b766cc9743df344be45b3a5d,,1076,3
1077,7ce7e49b855a57f511bc800e9a70dd9051cf4da55847950961872a59d8699a29,6a2ef6d67ac54d9d22b6fe7e5c3734768461fae909c207ff52d417ca21c006ea,open_r1_code_grpo,02a893d0cf233b633b99f4aaf75ccd24,,1077,3
1078,c9074188f981e37d238764bb0b1c14059b2bf00fe1c0c11d6131a1cedf2237a9,04c51f6d6646903eaa9654ab943569db66933c05065d86bda93e541785b641c9,open_r1_code_grpo,ebeea5e86c87f07ec30fe75f97a1d0c5,,1078,3
1079,83f8e1934b8902a1734c1555f73ba86492b854b44de51c3ccc236fc4ba13429f,b5102818c0f8450e79287a528ebca9255b7485cdfea0239aebbce5038611eed5,open_r1_code_grpo,5102a48670a5d1c5443718fba859dae2,,1079,3
1080,9e73a0056caa3246b8589944df7e085a2cebc45390a5732f0ae80868f49ab01a,bcd71507cac3eac186bc266475c5d25cde3f0c41bf0d741db90e0bab9e3268f7,open_r1_code_grpo,f18f5f4eeda6bf82cc81ceaab5fab45e,,1080,3
1081,18d3a9df1f8f43a45b493cd14dc39d9b91f246db7e5835dc6432a2a450561d7e,86153fd6c3dbc4428ed9cf073c51f978e7874d7af1629c639660a45f58e89098,open_r1_code_grpo,ba3237ce308860ad3af09a7d31c12d0e,,1081,3
1082,2de230160e71c63fc361b676751e1b0448ac623340c22dc02b18d7096ccd9b0b,147893bc497d6192c93deaaad736cfed2af706158bb636b750e846531a538ed8,open_r1_code_grpo,5583833bb208b68134d6d449aac1af36,,1082,3
1083,09dae2285fc930bb46dffb72c0d8dcc3fe3dedb85fe9b45b7515be7edfb9dd69,bb5507dc304343e299868f058c7e4885df7663c9a85836a5779c8a2dc4377d81,open_r1_code_grpo,d2fbce13ba45eaa8e81375b66c3c009e,,1083,3
1084,ec31d70c372f027f0d3702d39cb1ba30b3e311302eaa52e4b8298017b12b9e38,5bc265dd0d4ded6b85f1dfc906a0c802d952b5a372b7dd5852b4aa56160c8643,open_r1_code_grpo,432ebe8f23119d0778800c26958729d3,,1084,3
1085,ac6c2047eb2f78cfb923f0a20fbc73baa750dffe030ba84d51f96501f8b95268,fd4835e810ef788330f61ec2c1133678e70200cd052bb71479326db619cb0b4f,open_r1_code_grpo,a61535438804803e1f870c862013114c,,1085,3
1086,065f21587f234d91b4e73e4841a8058c08e7c1c1db7da35aefccb2536339dbb0,85359bd3969c020c78b52af00aee2dc530be7aee4d9d8717ce6269b91589c9e0,open_r1_code_grpo,7c3e00d0fe6d95c0acf087d738ed6ee3,,1086,3
1087,2b4e826c11092c7f165de05596c8f62b7ea21bc186c995f7de71ffb822271681,54fcf55d64b21417720511f3f0a00bc4e3d07973834debdc2a9e21c983084f8f,open_r1_code_grpo,db92a61c006a7d0487dadb72b7240ee3,,1087,4
1088,c15aafdd2393d0adbd93d56c5d43cc69302f264d9b05bd4e425f968836bb907f,ecbe36a1e9283d866e3b682f0a796dd53a5f885f40687a7742159573138c7953,open_r1_code_grpo,e6e7f00260590c2b86635de3eaac40a8,,1088,3
1089,09166cac7b9fa7a6e34768fda34264ea3517e5709d6839f3b965ae672c0558ac,5dc19c1333caea52b0c01492118a322c66aeba7d5613cb4865a0ad0959016b00,open_r1_code_grpo,44c813af29d1e5d8a8b07aee45df3fa1,,1089,3
1090,f4e58bcc0cc5a4ad9b78de73e4708799384f98b51d8760342cf4f31cc9d30d5a,e8f61133afead5087f354c83921f4fa05ccd8b775a2bc51b47b25fefee86b2ba,open_r1_code_grpo,c260589b25aa879ff4a2766e54466863,,1090,3
1091,d41c7d2e92e6f2f3cf3383ee79dff582bfeb77ae90dcc2aa809f1cb475f50f38,6b8a84dfbad87d5b961ed9e9119d5be9d1c748149ccefb6dac150b4ac2ca3c63,open_r1_code_grpo,632a0b0561053830306158aa0cf157a2,,1091,3
1092,1642bda4357cb3d64c97809f191b0f754fc25d43d2ae8a031960568732344a26,01a6f3e9212c3f691fdbea3f5673e0e2eb06ee76a8417a5a5cfc3261b72b15f6,open_r1_code_grpo,09ec51ba43914693404b3ab18896431b,,1092,3
1093,ff836dfd5601e791a36c2a489e7723b2cf7f3cb664c2a2fdf495d3c546a451ad,ef1354064c05918856f8c09c76262e6b94e749af0d57f337bca5474fbe219942,open_r1_code_grpo,023b45ffb976e53a73e96c8b7ba45d55,,1093,3
1094,ca567513e707b0a76ac843742cd41d8f7d0987dd00e6c960ff060eedddeaaa5e,dbb380d0f0677990bbf929bd988abb2a52f85c4778688b051803b3fd30c27974,open_r1_code_grpo,99087b9f3d4fb26f77363bc3560b689c,,1094,4
1095,c2dd6c1a709ad54bb619e78e261e990a0eb0f71cfbcc4a6ecd318e251bc0a0bf,df4e7336925299209ff9184600a0867153ac47191b94ecd42dfd15d476fc4f33,open_r1_code_grpo,6940470ebe1381c18c247fdfe56fe41e,,1095,3
1096,29d26cef6ac28a15ebf55110d0f4d7ba9c6d0710d7b4dec6e74256ab206c5d6a,9428c55800c7dc8f2fbe25ba914357ae2fe8fe78005ddd6fa813679ba8756aed,open_r1_code_grpo,dabb494a9136f389a5774b30a5e7a383,,1096,3
1097,a046d218aca0672f0c0ca5783058a3f35c377b4b18b4b20be60c85b7e7f8d286,7bd029e693266e7637cc7e5c2f9e9b7dff3c65f066e62b9828ed2fc50a0de0c9,open_r1_code_grpo,f89865b9d82c7c218c402bfe35a6027f,,1097,3
1098,848a1d3550d4743f59543610044d4194362c099ba2af25f5d437a0e4c3882349,7cd0a78fa03906c47afc7f356903343c776a12109f23226aba265a0fcb8857b2,open_r1_code_grpo,ce79bea6499b949da7878c11a59049f0,,1098,3
1099,68c9753d2074b7b09e140b8a55bd885ab8c14298fe4c2d4495d31971080f8172,6d1fe94f662750e733c3b34ccf0c44f4445928baafa217233cd4bf0d0a6a22bf,open_r1_code_grpo,6ab4b1ed3ea065cce009b3365d29bea4,,1099,3
1100,d58e20edd32c07e275797c2b457c995cb814775defb04c62e1afccfe32080c75,a86999956b514ca7f8334982264b2ed7b3aedb73e9685bd698fdefd8c4dbb1e8,open_r1_code_grpo,c46e16dd0ffc9d6f594b413e8ff53f63,,1100,3
1101,910d24db8f1d9df5ba1632ef7fb999dad34225d3accf167311cb687050b29d91,3578fa9712df68b45892fb0117d1c947a115c29e76c257075b90a2a935e13d60,open_r1_code_grpo,df4faf1dc19fe36156603a68afd34fa2,,1101,4
1102,6c6a6b41c6b47cabb7b953cab4540df6984a38be316f52af842ae7a20df7f2cf,c168fa00538162d5556f5b9d0094d49e1de2d2850cc1c73a7ef91456237f5f4b,open_r1_code_grpo,b1b929c581e8541f0b2c538cad931e55,,1102,4
1103,5ec6621607a26a2ba6f88b1e59147056f4f5a028882b55d753d6b4a6a3fd3a6e,42a74f2ce5f26db88b4712a4fc4e5a698230314e0066cc8dcaa01679052eca4c,open_r1_code_grpo,25dd62f3d884b821cb7b8ed7f5f5d4a4,,1103,4
1104,4b0a84430810f63069faf503541ed801e5fb007596b1f326204c4167b9c3bbc4,7d5febd84c6a134dd860b3a66b119c6da6a5ea50bc7e3a43471c7f96ab13d0e2,open_r1_code_grpo,632f018251de6a4de15ab8a2b46f7a7e,,1104,3
1105,856c6ddc14b3544b04bb9f4f736f0b6cf6122f8ed4fb2f42b3500773a33bb722,60faa0904694906f56115ce67edb802f1f250672be5272a012d5f77fba4b0d57,open_r1_code_grpo,17586376aac38aa0cc9c236e7ff80ec4,,1105,3
1106,3c1770d8ff9ac70271a0feae8e1b5b26e9bbcaad251d79ac39748f4c09f6d363,fd89528aaec1fe4ebdb6e6092589e7c5069ce62f48398c289e4489659f755944,open_r1_code_grpo,3b0df16b866ddbde000364ae1be061f1,,1106,4
1107,87a552f28449b0be4884c01ca90fa2454efccc74842400fb20bd6c3eb534f0d2,0b102ec285688da4ae81d90f66ce1528246a80a5af2c16ff880c565dfb923cc9,open_r1_code_grpo,50cb0ddba4a0eeb914e7eb5c4a634039,,1107,3
1108,7fbed416f7d89d5dcfc86bcbf3af939b366022e5d91724650b2953b193057168,9d4bf03fdd6134e857d367defcf63f507aa28313e369824545342ba104d29330,open_r1_code_grpo,1bfeef240ca2cca5562128fd23085c9d,,1108,3
1109,f2e97866afec4ab52dd3ccb5bc3a9e941dfeedd6f37ab61989c24a81c49a3b95,9f3f7a63428543d5668045ff4f198ee516055af636de5d83f966c4d5faf08ce8,open_r1_code_grpo,e9183df4dd3a8a2949031f837e02c845,,1109,3
1110,5ac85cdbc33d5a7e6cc333727e2e38233bb1b207f6bff2c929510f113d557c80,1c215adc1972c4b3bcdff69d010313d4d6b492699ad5e49ed93c22b7e71f6836,open_r1_code_grpo,efb3040a673a5a0d3c580400d1d7a204,,1110,4
1111,24ad11998c1a38553acfe8d6aa00bbae39e4480d714fc57abadc9cabf8bd7389,90eb2f933322c11beb5b7719aed7f4de9ba87199ae9e9da71ff114695e8e8d22,open_r1_code_grpo,882536673613042deb30f90b5d853099,,1111,3
1112,7ce5726a163ad4daf2471bcb2d9c4030eb4fe50e36d933cd73cda0dd429f7644,b8f8a53c689e2bc9dccf5bb77a623e817ae6758641e7fcfc0cbe36b0082c97f2,open_r1_code_grpo,7683e3953d70f21f989f61bd98164787,,1112,3
1113,4866fb14161cb7cd410892a20591f9a9ccd195a73ee3c502e240af5671433d4f,314a31a8247bf32086a011b76f5904c7287bd56043883abce05ee1de02268202,open_r1_code_grpo,1abef48d786b92d7383906e17c0ae1b0,,1113,3
1114,2e03ae7fb22df708f9a1dbd47d65b88f955976f7e9df02676508f72111fe70c1,4c459baf6810cf8bf3817ba1440b520d957640bc996e73245ae1440a0466e3f3,open_r1_code_grpo,c5ab889aa3c23a0fd8b5e60f96b73e72,,1114,3
1115,3a6fab29d83c88d2d82de81110dba3a2921d85642804a36e6123b59a49705350,7bc0cff6eba5547ba188b51c6d87db7cc72963b3ae692af583264bdf85cf319c,open_r1_code_grpo,3f49bc1170e72c0fca51d9df6545f003,,1115,3
1116,ad7395a018f9590346c5a089cae7d1cf1c766f0212dec90cf0ca02f70454c557,26b5c1d69454029b935d188a97a271bdb8fa5558bd35dc8b870a8ea82b265cba,open_r1_code_grpo,2b047e6b1c51f5c7bd43dda92bf354e2,,1116,3
1117,6b6913e66988ed0624ffb1d0c23875405bfc4217700367af3aa00da6d01fcae0,634893d6b2c9222bfe094262a5b11ab910d2ef7b91c3082b4d65afbbc848caf6,open_r1_code_grpo,99cdfd9cafaeaab6f451291f2aa24916,,1117,4
1118,dc92a6e7f332bd29ce8269b0396cef672ec2ba0a9887e3fc7569fda413ec134d,db49c81831b94d68b6422ded0749c149d0b264f663797ea169372d76068cbbcf,open_r1_code_grpo,3730c23c707c6f1d6df6358633aafcc2,,1118,3
1119,131b2d065074ca23faf7adb0aee6251b4e05bad15b87e4e29d9f9dc5cb2b8cc9,58168e860aef931f6591fddd72bea66ae9ab5b764f429d3c70355713e62f7964,open_r1_code_grpo,af7b4519e7a03d1219bafcc4f2685463,,1119,4
1120,87eab9634bcbc39685bf12aa537c5025f6edd209d6dd200fabf7af79572f0b36,21302e28bf7689845390e0420860df8575b16001ccb8b597dc7bf729c25b78ae,open_r1_code_grpo,fa91416d691e492485255ea6fd5698ce,,1120,3
1121,eaf14248f3404d1b63834ffe7bf94b5d939f2e39e948599fa842243d83c4dad9,b2d70efa0734c8a00d6fb43433bcb023d05e6544a104204a44980696a54814bb,open_r1_code_grpo,602437f8373b4f048c1e5e322cb127c6,,1121,3
1122,4f6ceea9af9c5eb3815edc9fab68e366cc1dccb276611c5f286d018ddf9472f2,3882bd8a03eb126a6353d4369526142ea18a0967634f6ca31c028b411d78500f,open_r1_code_grpo,74b699a0e165abc41639ceaed9d23f66,,1122,4
1123,e51e3510abce864291576b0a6e1e405f19e5136cca9a5c8e9c86ae2ec860cd2a,c5125a353104ca90be679350f94cf011fa3e01e864ebc6044f51185530849a09,open_r1_code_grpo,cb1d0264b8e63d76a89e5ab581e50fa8,,1123,3
1124,1a2b6983ff80756367ef92fe394d628053392fa71b5d911faded4e94ebe782fd,cd089f3151111d09544c3be475d88a666ef9de46b13f070bb2142b98143a5284,open_r1_code_grpo,7b92b630470a09c4d3ae11d934ecebe3,,1124,4
1125,6dd6d1e049576fedfb767435929633d68f7df83bda77fd33ada78ac90ae77dc4,546b6658051ceb247fcec05a40635e310556ed5ca554d3c64f3170edc2a2046f,open_r1_code_grpo,49adbac013f111a91e53c7f635cfab30,,1125,4
1126,2f40ec3f211736462e80a7344e3644f54882ee08c1e80766a13e5c8880d92e67,b625ddd5c5213310a88a233d80958f51ee6ee8bf0aa1bed6d59cae0850420c29,open_r1_code_grpo,8c87061bd4b17f841ee62ad7a55120f0,,1126,4
1127,15760b90543c8b84c813d230ebd62bdf0739e1745240f6d5856f94d99bad7a0c,8ad394ade24b88bbdd6a51bf090370b2d5de9d00159d7807a107dbe436154c6f,open_r1_code_grpo,ebd5ca7d29ca5027e5e205d75094ee95,,1127,3
1128,c5c5a22046d309d818c8b103066cc566c8592c1777064896f16d55ab3a3b90d9,39f72b7b15b2f3a096c46ada15f00dd4e86ea5a85b3ace8312fb901ec55bc774,open_r1_code_grpo,25d319f9db421b8ff9ed9b7898630f8b,,1128,4
1129,7715c44a6091b6d55b27fb6bd6d8f1fa56cec757fce13befe3df9b2ec2ba61fa,0499b20c3f110f408f7655de599377314fd000e3005abc9ba59e2237c84a81a2,open_r1_code_grpo,ce2cb2efcd300b41bcb2643aec6802fb,,1129,4
1130,08880038b83f92fe7f292c42ef881fe2239210c57b18cb9d532431e70b2ffea9,6952bea5e8808c6c1495d480d261d81361f8f8bbded7d47bad202134fbb959ec,open_r1_code_grpo,831ce94bd1f881547d4a2dd8b73cc033,,1130,4
1131,782425a134d02be3ab7e8f3a66d5187289550193bc41fe10cef82df8a32efa32,12151d70954919d0ae9f28605d3055e90d0e853f86020bc32995bf445c4c4d3e,open_r1_code_grpo,b56c2e7f4c48e7af8109e39972fff283,,1131,3
1132,a1e5b0699b53331a3348b0c160213aec30dc559afaac7fc752da62208436e01f,4766d64c1aab17c275eab3647bfc1dceed4ad7ddaeffc8db8e3396584e387a5e,open_r1_code_grpo,1a590aeecf278e1a1478974facd33b6d,,1132,4
1133,aa82202804eac53e1cdc6420b7909abe5c3bf1a4f56643128978538dfb3ca1be,adc7cd592b525aa57586e2b55ed2e9452258f091a3ae17e523e39b6e1e9b3028,open_r1_code_grpo,592ed1a9e81756077cde81cc8ff1d9b1,,1133,3
1134,549cf718d34db292fc309375909aec0668d45bf42fa5a47c0e7a807e94b7e022,c97d14fc7e2451e349afb6d4203bee745c292fed5a883492e791fd248814ee5a,open_r1_code_grpo,5e0d6d89d90771a7367ae388ec7a7b0f,,1134,4
1135,b1d0e1f0f0c82f8823a950a7cc06ce92e320242ff72e9664a2f7bb2de3db472a,18b2bc37a50ea44c7936b17e4d26d8ddad711ec4a2cc057633d1deadda28f571,open_r1_code_grpo,07bc83433866fa81ed99e3be8bd9121e,,1135,4
1136,ee296d1347cc872f1ef402b6a97997ef8ff040bf7bc380e936205e9286c53dc9,8deecc704f7f89a5596c5353669dd4a3e1efe5040c2250774e06e43b214476eb,open_r1_code_grpo,d8561a8fa444cac3e7cb8b3b69c8e23b,,1136,4
1137,fec60e9bb39e1e138b9e8e393ec2368e2b82a5206ad7dc53e076a0d3fae217ad,fd44215b336d07f6418c8a83b3172b1f65d988331c67230de61b22a00f9e126a,open_r1_code_grpo,5a4b503f1bed48a9b52b6efcb4b6a1e5,,1137,3
1138,8891938c15496a3c1e8fcd8cbade9a3dc121263216b5380c50d92ed6e19cfdbf,17a3693f1284647319e0c2e382b101443c5aadf1905289471e0204176bd1ba40,open_r1_code_grpo,a09e159216bfa62a1f2bff2bacde932f,,1138,3
1139,01f8b91df5c6b4261ac99f72b69d7e304a8a1d832e291f0a662e5be78d7ca0e5,4c19b0220689107ff0450ee91d3e5c45a2ca00c9e8eed41bcd0bd63ef0f1a142,open_r1_code_grpo,a4aa968f528cb86ec398b4c20c4415df,,1139,3
1140,160f5c4cd0d4cc79fab616615151073af997325662311d4f7c28e5f2eb7815aa,3f19612bfb154ade0d79e54578b6afed53243c78f6b533271ae2437dc39d4e6d,open_r1_code_grpo,313b16c8f679e033156fe8402e878601,,1140,4
1141,f5e943e8b623d60825004d4ce867329f7f2fc6ddc7536809552e869962798072,d2e810931064e9bd73345bdfacce0a9c741b2a2b59e8508340baaad739b4de85,open_r1_code_grpo,60a8172ba4f9106bc8ca8306b7f3b7a4,,1141,4
1142,9867f7e966d489c43075c529dc233d22c8a8c5f243560ce83782f50358afb700,823de15c520a613d5d662b0843475e59ad6fd33972cfea58d104577fc83ee5b8,open_r1_code_grpo,f6dd562023ad3630fb8950eb896d3d61,,1142,3
1143,00beebd909787d8b5d724b79857a92654e9db123825f6203560d6221ddd65f5d,a7381a04ef64408693c350e3eb383ce06fe9a566d4d282307e37a489fa7850cf,open_r1_code_grpo,0221b46fb55bb03d4af228049367aacf,,1143,3
1144,7ce9c6565b47820ebd9ad80ea54958f9e4930f0ec3df3a647e4f319b3682bdbc,f3486206b07334537875fed6f2ee6fc7672c2194ecb72de048b1f82912344838,open_r1_code_grpo,4c91cb57f28965d36d331f4dc1f4820c,,1144,3
1145,468f31d16e519d38e8208f69bf10b5a0d0eea5da68b837392c8ff6bfecb26f9e,2694ab654f2db05acc3f0e332dd050a7ecf452ae54b57c585c7d297fe8bdd7b2,open_r1_code_grpo,e4860b05cabb4aceb0d01ff247290e14,,1145,3
1146,4bdf02c651e16da618739b1d1b7e352b79bd9015d34884fa718ab804e46dbd0b,b8a95c472ff265c78df8492407edca5520a243b27870d1c520a7d6c7c15f408b,open_r1_code_grpo,5ec9b5d348bad96c27c0cbd504b5f4bc,,1146,4
1147,e5d9a983f3fb6c9ef00de8d697776411af46e959ce0a49bd26672a2b2bac14ba,a5ce337458f812a93bd6285b685486918271c948c39f7f7e14587fffa172b6c9,open_r1_code_grpo,b683b6860a285ab120ea97655ed14a22,,1147,4
1148,a7060efd235a856abb2d90438a62c31f5769d7da2234d3ce5148bbda4ccfab1b,36873db0556d5c018cd9c08d0f093d62c377d759a85288f5c7e44cbb94fe2fe8,open_r1_code_grpo,0db2dd01fb8289c96867acb51762705c,,1148,3
1149,ddf33b3e163fca7da68be3ddd8ff9b7ddff8ca5017fc5e353d724681ed513de0,1b086b1f5a5fe11795fa71258ddb1bfe20f083df7b55a7f9d932acbfab469455,open_r1_code_grpo,b9ef0afa8858e84c993aaf89a587e762,,1149,4
1150,d57173cdc15e246738d1129bf81050aac3d8591827f06271007feffd3148e2ef,a925ab0758b1b9630aea11e7bf725407de17ffce9ec8899f4a9f77e323278f89,open_r1_code_grpo,f77bb723f2e9a9bddefbc9939f408130,,1150,4
1151,17c71aa8b3263d04138b90fd3cdd58e131b26c448d9fcb3e49a8c45f2bf01ca0,68c75daa8b62d42be3b45c722555e2ff91a52e6ca2381ee4279606c16b5529d2,open_r1_code_grpo,2b44a8229187fb9a3771ce410e97ab1d,,1151,3
1152,fef94ac7f63a719998faf1943fbd2efd4a772b144f3bf064768f929b3ab5ae54,a413f9c44bc5b178fdd3672b78becfd77690fbc354c29bd2d89b11b1ce74f3e2,open_r1_code_grpo,4f426e946626830f9b6b7866378992bc,,1152,3
1153,7bb26904345f8d725fa4c9838959a84f7aada8e5464b479da571afb0e1d5b807,e8354bd347fd3e436b6fe3add6bc13cf23e1263d0224670178a787d899be60d5,open_r1_code_grpo,8185fdd73cb15b47ccd062c551b54d15,,1153,4
1154,9740fd2825fab08b8590cbff106b8a1372145e61127b7dabd8a0aabeb773a6fd,a272a4fa49917183f7e373572af6640dfd8b58cb725903dba8e1e21d40acdcc5,open_r1_code_grpo,e001811a3565c18e3b5a1dc54a2c19c4,,1154,4
1155,6628077e7bbcb37f9495b655e8f5594a30e9e2638692491df7bd09f2e9932093,5294188df202e94e86957fd4119fd9d57152fbebb4772dc5f854b97051b287f6,open_r1_code_grpo,e95278544610d4a10bfec7124edf2c22,,1155,3
1156,c11166c54f50cc9dfee205d835d3dcea221635ac77cb5d5689b36d9b00c6207f,92aea83b013b2cd0e3538ca0b0b786ee31bbe20466fc7d43109f27b9311c9b86,open_r1_code_grpo,da45e282b85dc421265dd82ed00462f5,,1156,3
1157,b0ff317c967c54508d2de67724ea85a0b523bc6068caccc793d8549c96013733,ad6784de8389a4a2e5de1b01fee19ce69a678f3b9ae5dc0353665bde4ce64cb2,open_r1_code_grpo,925634ab8b67a59198b3a3ea72c1ccac,,1157,4
1158,d90f09090d9899b798be219031369d36147c83f2ef6a89554a27e1eae4d0e323,b4f5629e5a8717b9d3752f1e8aee02dbc98c69c3752664dd523a2182454757a5,open_r1_code_grpo,695e276e1eba98b22bf616446f57c3d2,,1158,4
1159,d2ec1adaba5c7f52b5a712caafec9cb6402b9ccec1331fbe28fa76ed81cb558c,08fa93620b7b1b562a7388a6bf270c16bf56004b7ec9328924541b9dc380cd5c,open_r1_code_grpo,9baea4bcab6b4678fd0102636d11b2c9,,1159,3
1160,6697bc4002f74d6d247c3b7d24ac6fad394db2b99394b58b22d656fa52329e80,37d61746c48c52001a1d948c7a50950e16461a68debfbbcb8fc6077e9fcf93d5,open_r1_code_grpo,0573fd79a77a50e5990fd3d7880de1de,,1160,3
1161,c270240ee4ed1aa16d291e38a2f525967afb203a1a7cbb191bbe7e9e98e20c38,dc06aa484e510639105b6c9466a41593f6ce9e8c171779bd93373bb4ff4bc63d,open_r1_code_grpo,99bd8e3c052a2848dea484cc8b478320,,1161,3
1162,53b19015d9f38bc888a7230b28c63f4e09a30859c7b124e036871db3c8d09c11,8178fd5aba574b4dbd19da267735b187b65e46c900d579a4bd71f828955d6f30,open_r1_code_grpo,4c10426483d4b00ec7346b0da310b8de,,1162,3
1163,8c69668f537903ec7d493e27e9b13167a3e5deab7660739a6862267ac1d15955,f3e8d6ea6eef3b1cbc229d6c9189a870c6353554da0edb4e989721ab984d2e61,open_r1_code_grpo,cf9f527c5be49acf9755eb45cd409ca9,,1163,3
1164,0dddae5dffd9dab985e1b0b6cf00a394a24256b71989a58d06a035329498b310,2efed826ab32a7d93ed46c033ef688686b7028dcecc412fd8f0b6df063f3a51d,open_r1_code_grpo,d81422686881c9a7e4ea41c117b580ef,,1164,3
1165,c7f78302cb323aac35bf3aa44c730daad5eb12a1da5019c98391961cf203379a,bbcfe784ad1365735cca647fefbf9e269fdd75afa5d99abf581fc07aa664cb6f,open_r1_code_grpo,e4ada347ea8de3c716e391f1526b8859,,1165,4
1166,cb6566578da4dace3de4cdb96a99cb79a863143e6f60bcc779c906033dac2958,da4deb4450170f0cc523205c109a296d8355f36bf23939fb5e46f6c6e9151f22,open_r1_code_grpo,178de4ef4d287e7934bd278a6e590482,,1166,3
1167,b902214a19bcc0d6b9e8ee9e66251971b0a8183f9d9acce9df637895e782795e,45e260f74b5fc91e453ce0a8edc16ce2be807a5f5d5ac23db2cd3fbc126574eb,open_r1_code_grpo,4a8104bc0dbcc8ac5d87be6ac4f4a38a,,1167,4
1168,5fe4cdda83638c21dc60252992afe34ac6f40759a908490dd39dc10a12e2eb05,23ae8c33597d7c1155a7ddd6c0a0fa4b9b2da972d1fed354c409ce23ca051b49,open_r1_code_grpo,3c2c19d18041b5d40453e7cca3efe248,,1168,3
1169,c943e361b396ab2f7671450ddfabef90fb0ee525f421c36d27f3891273f4d92f,5bd74e17274bab35f05c2310fbbbb80b7363128f4e80a9ecbc97815d6d5fa8fe,open_r1_code_grpo,a94301a4ca3c1185b173894f3d04ec20,,1169,4
1170,f8f9915cfabc2fbc5e55acb6c7ea3dca6643fea8a453ed3c25d53cae96e2b8a7,fed5eeb9b8a0486fb1f90fdaeb4b8fad5ac0b14d76b36f61ca5d37d4e4a274a5,open_r1_code_grpo,770fe5d371e22f895a306d813252f149,,1170,4
1171,b0d13b0ec3cc8864084902c6afc1216642ff6050ddcc6232ae4ef05e668b543f,1200ae7057f80bf02b3ef6f95621ac5205abab2168c9270c026bcc1700d1b384,open_r1_code_grpo,7434fe5c1ad1fe816618160c3d3b8ec1,,1171,3
1172,3e33450b5bb1c00898aeccae0de9ce3f04d8c2fbbbc760830e665cc396859339,68169c8bc88e8548ddf3b3eed9db08ece340607aa43ecb4fa3000775e74a7d64,open_r1_code_grpo,e0aa32c7a4c6cf9ae70a8a7115b56afd,,1172,3
1173,4d9a3425f075081f4a34dfa45b101a5564ff2661f10db64186092d87c1da6409,fdaee72c062abc9bd14f3567ea7ccedd1650daa6937832f13c20eae663c3bf00,open_r1_code_grpo,6a45cc775d72aad20aa052f11ba24611,,1173,4
1174,62d8e5b022d35b2785badaf1e3246064edabd5bd53fe9ea5d479bdd57c0a0b14,9ec0507db36ed4a4a444743110e4ed17abee45362d4891dad7d135456ac47b84,open_r1_code_grpo,0e4de7c5ba2565e969b3c746300c25f5,,1174,3
1175,d9812227feaeb6872d3609cd80caf0415b83ae46aa7721ff73f021277518b2ab,fb72488ed0a63198fb16aa64f2a622f77ee865971d0a9a6815eccc2266f355a1,open_r1_code_grpo,2e1fb24d8f4eb5a040224d2e513d5d4b,,1175,4
1176,44eb8178c46ce5b55f8e90ea785bd46b6f9ede69611fac6812943bc3aedd96aa,9662781d275a447d5579ff24673ae0cf93ad4bbc19cc31d53e1a85eea5282863,open_r1_code_grpo,d295743963aadbbce74bbfe70560a416,,1176,3
1177,cc16eb69b016bd21819ef07f0bce3038144fabc094aacd0425529ce93666c240,9fe55bb9ab0a5366ad4e660db265ea34caff1ec7202e77ef1b7f5ff804a33d2c,open_r1_code_grpo,b8c981245d2d4d071cee301d4e9f9d3d,,1177,4
1178,cb4386b8cf310738fb22e0608635f8879383a5f5be6d97d9c68160a8349e8fa6,c278c591a1077abdb21b2581a494206feec03ec2f408cd46a1bb988cfd5260c3,open_r1_code_grpo,8edf6d72a7c6ce6c47d786709abe0ee8,,1178,3
1179,1375a9f7ae6ba850ab9bc3b557e71a4c98ae25e210dda29c0ceea9528602c678,08167f81ddb617587b4ced37e8c91260538864c3940fee3fd95b925e29147003,open_r1_code_grpo,7a6af5ce9ea6c76114c908954bdd0c0b,,1179,3
1180,4212ab14ad3cae3bef36e7231624a983cae7d70a17025da1d018f0d5c9962867,ccd273f7d0ba6b4580b70bd8b26c21034a3180b6bc0a8c8fc1ec0ffa8d4bff89,open_r1_code_grpo,f7c1477b0e9733d5a24e506d010fad89,,1180,3
1181,70f914759dfcba2f61b70272c1228c4c167cdd66b2300bc2698614b1c3db9abb,65a3872d61383e6651e1dc176293a5e9effbf4cbe9445eb4f5769ee4f6f95dbc,open_r1_code_grpo,91c7daaf219ec3ac81fb0b533d177c65,,1181,3
1182,5af4ff3d5a0c1116ff5150caec90e229d9ebe850923254325d238aad6270c178,48ad622d36297f42d1a2ba904fb6ba14e80ae9c7b56869d90c513e6c4fd769ac,open_r1_code_grpo,5c56cf7d91e35370bb879a3fbe29bb55,,1182,4
1183,c3bfdd3bbd9886ccec997c8928eb43b5f271a71a367090515f00dcceffb4fdfa,af7525cd90e44675262f085d2f80e22f0ea4b65ffdc2b43e14a14d8c5641d452,open_r1_code_grpo,0cf2a12e9d2952dfa36bd9cb25f3b865,,1183,4
1184,065950dd31c84700a501e8478662b1877a6b448dbdf05d0c703e84fd543602b3,3b741731ed67a3a77fb85983dcd0074e53e44295ca53adf3f736b0fc2a344148,open_r1_code_grpo,ab36bf3fceb5cd2a350f7130226c61cf,,1184,3
1185,7bd79ea3283c936b6b221ce9d44600e610c85778d40e1babe5104d59117e0a70,5a776235cb0abfdc6b335bafa694d7a86e2cd9a8f5f3a54de429b0d644dbf74c,open_r1_code_grpo,a9d16b6bb135db9b2553217435e8a365,,1185,3
1186,c7edde01a81164857517ba8bb7d71adad77a01ac1d26e41d97fb2095a33d4df3,abaf54fcc5a675d3c91d91de8d7428fd8b3ff2e4d0991c0ad75f1351ae11863a,open_r1_code_grpo,bb3b18da0cdf0d904b450733ce14e014,,1186,4
1187,9f3dbf7362827aece0bb7cacb0c4aa9d6c65c03d7061823ae5bd3bb386053dd8,25dad28f2c2966b0df0851d02db6111127d7b0e5244e0649e3652112a4b9cc0d,open_r1_code_grpo,4ccd1eb28acf1f2b7be08e620c266950,,1187,3
1188,ae53b521132efb5dd3183f801cc065143729bc3ba141775967693612fd1e1de0,a0bb677da05819d5e67e63b40cb7889953571de5dd27db8872ab41f37ec3dffd,open_r1_code_grpo,88ddf8d54d4b561599221b6ff6ad9a14,,1188,3
1189,99eb8aaf55a042c31899c3ce94a387d04fd182644c5ee75b4e33f2242de47fee,497e6cb3a83f8a435b24f212431d92c225c02efc522d0c3e8aac4711705cc644,open_r1_code_grpo,007ad70a96fa1366246dc3169e3d5f6b,,1189,4
1190,943e847103661315a9e407ce2a56132df103b97bbdc812d03e7baa20b8be3d47,2f188f627599bacadb44308ab29f882addf2a1257e3d54aeb375d49471698dab,open_r1_code_grpo,c296d1815764e0a0308a566ab10ef714,,1190,3
1191,2a9b58c5a35e5d4d893c4598341caec4227f12af53fea7e900d74ea96811edb1,7b1f47f155e0d032d1eb02e1b46e6b8ea12315cda21aa7a3572ad15b7f65ee05,open_r1_code_grpo,580837a3b35673c8cb15b17c7e4273b8,,1191,4
1192,47ef4c2df33211535eb27eee2a29b771f47683388852d6277e34ed507a47d703,6a1ebf52931a1b51432f36fded4d4535858d482c7bb132dd563300896651333b,open_r1_code_grpo,f100313a3d4024e438b3239b7477c3bc,,1192,4
1193,a7a8cf3881cd0e2c3db09028b43ef49c8329187d534ffdff0842abbc994bc804,b26e826420b70a292619a4f3ad19e1b612457e59ade724e7666697d46b962ee2,open_r1_code_grpo,be8efdf355670b5681688c2633bd1eec,,1193,4
1194,3252184db69a9d2ea02359ed443198520857b8f7a2913412ae6f0bd229e1a835,6693ed94476ae2f455222f0975066f8e1cde5fa5c4ca3525c5dd242176902d25,open_r1_code_grpo,6cce7c0961825420a0be970624cb2a46,,1194,4
1195,1b45b13e2c8ec317f269fa6a311a34a49efc2ba24c01b4820e1cae7c43811c4a,dca1747f6490b01566e5b90cfe591f0b63ba45f5017f6e9859824791d63bee42,open_r1_code_grpo,a374862f5640adf053391605cf2ea807,,1195,3
1196,ff4fc2cc2eaa5e0d0f5d11a99220f611828edc760959db832873041afe43f9c6,cc6afb85794a512602b2d6d138da5bb00defa5f56cfb3495442c8b664ac116af,open_r1_code_grpo,5d729eead2a4ff64e5337595ecc7d734,,1196,4
1197,6f591386099724ce10f521c326bddbb57fe47943e661bc79c1e9a26e8858453f,14b340698fea7ba541dd54c2a0faa5c27c825cdc4c70bf03dc8d86b2343b924c,open_r1_code_grpo,3cb7540b4625afc5a277d5aba176fb69,,1197,3
1198,10de96a46c8564929dc718f975dc96f9146ddf8539b2fea10053517ba9dc20cc,c51720f4205db5bdf7e1090650634410ca0a33329270e9e8b33adef9456da7b6,open_r1_code_grpo,24ad2f9d412fa2dbeb3c591a7e7ead9f,,1198,3
1199,cf1cbaebc31835da57cf933caba5861658bfd4d6e013c01c6e3250d99b8fe29c,06f4ddf18b8ca6866bd4b1b86b30cc966bc928623a9125c19b70e022994e2b62,open_r1_code_grpo,c19f62c1bf723c12434da3e838eb4a33,,1199,3
1200,783e8bfb55e54505fd03b28d68dc3796483d4aea09c5e7e4c088153ee27d86b2,3241b3c97b8f4b464eda6786a724e4b4c49e36a58c97e29f79da4fec7791b3e8,open_r1_code_grpo,6a15769253b54bab76f02720d8af748f,,1200,4
1201,760f923afd44e00e4fc4c2f0d534b3e9bd1b996e52a9f89535755a24760298fd,ca095c8a91d8621528fb24d60be466437cddb44cbeae6252b2399c33e40bd885,open_r1_code_grpo,862a8c1acc4527db3f43e8047737d7d9,,1201,3
1202,b4bc9572d4a744e2e1db7d556e135baaeaeecc51a111e078a536b2a279713549,f4098c609b2f50ed2f936cde18135c705975821eb19ca627fd4d2aef2423eb82,open_r1_code_grpo,2326dabcc4ce9ffcb83130772678ee91,,1202,4
1203,0940030e126315c24183863d8c901d5f415a27ac9204d204320b40429f8d7daf,72f05d6b5818458e5aa7cbaa3e0fd285ca1bcc778180fbea34737b71f0724937,open_r1_code_grpo,58ff1e2a1261ef05689e30444404dad0,,1203,3
1204,cfe868316d83071044f3e38e08b97efc809707a6c51f829b571a482871eef677,ce7853ad500c27a6d2c75a35d87ddc0ea8a20cd24738b8b6d3916a66d592eef8,open_r1_code_grpo,9f554a8074c808ec8ba9aec61078e555,,1204,3
1205,6bfc0cefd4e8570593717e41c59d60555b1c3381333d4f89495e6fcfa6d49a5e,eecaa90c48f7df10547d6cde67b998a439d3faef02ac69744766dbe262c6ac7f,open_r1_code_grpo,b24bd773711694028fb1673d2262117a,,1205,3
1206,41138c116e00b3d49bffa90d1ac60e026a54a13bbec05d2b30c1096012fdc562,e044e5e1c6d952b794632fcf2aa5e055547c1f3e56d59ed88c5a6af117b16fd1,open_r1_code_grpo,589b808a827090bb6b2671ab0d756750,,1206,4
1207,8cbe95bfed49aa4adf0972bc8a6f62a36ab22803b0325d717c614987f57c8745,775d8bc91c09c7bc0de2bcf746a7f8469347aa4d6d9e1e3249ae09ab3ae92f12,open_r1_code_grpo,8a81018904de175befa7f07dcae6d0b9,,1207,4
1208,727dafe71cc941d8ec37a5206401e87f281f685b668a4f3d921f0ac71eca5cc9,4c32dcfd01301cf962dc098f9a82fc7912b963582946eb0822c76b9ead010b12,open_r1_code_grpo,b4a9f55afd35148bb9aea3abf41f12ab,,1208,3
1209,6c7b7f0ef206828b59ad2254aeaed1410db5e56a54f5cbea0599c0560204cf73,e3147748837fa821c864f443d9801d308b613cfd58d5d56cc189b4d75461b1c4,open_r1_code_grpo,02f1f7f1c924277badc0702b568b15c8,,1209,4
1210,3c4e59acb0eec1382a25dcf5321339a9f54aa2e7f78a27307d74b4b4b6ac4c8a,990b73c76cefce8247676d2e89fddad3f9df5c2a2c6bcdf2c837a5c22bcbe43b,open_r1_code_grpo,61eb9287cf6f5a9b3b2ccb695d9ff1f9,,1210,4
1211,10b61bdfed7516b1d104c9955b41c461c42c58fd98da6dbbe2763fb6494927ff,4e5d950fafac1ff0d05ec894db428c2bf8625d124a680fdff871810897e33fe0,open_r1_code_grpo,a6dc09bcfe29c22d5fdcc448f8348223,,1211,3
1212,f4d6ba5c89bcb722c69309af231dc5fa4a3ba5074b96eba44d8d870943fae293,1f97fc6a073d084578136f7e96fd0bdbd83575b472c96acc519c40dbf315f6c1,open_r1_code_grpo,ff6b66f4ae0b8c1d87228c17d48ab50f,,1212,4
1213,5d5e694f4cb56ac013869e28af1cf1238be90b41e468f24996a96a31318dd7ad,677b8c2988c11dc7738d3c8d6b7468c8caeb7ce3ffed6ad8e110471ec207adbe,open_r1_code_grpo,908df8b9030434d9e7fd6f0f189edeea,,1213,4
1214,fbd7ffa9d97b8ed9b0d26b37782b414dbb66d6188d8f64bb0a96ca2555ebb5da,9bededfb8db5dcda604f120dbefc33f29fea43221cc2379878e9d9d4b3a94917,open_r1_code_grpo,c5f2e40bd6a813f205a3b8377d7da6c3,,1214,3
1215,69e7850930e65ba3140e065f1a1bb065978330e9e58f82af20e2235cf1df54e3,21a4b83d4521a541db8045062a26e517cb154f6d9ceb0f72a941c87269bb33d6,open_r1_code_grpo,293f56a21d71665155d37c0e58e7bf71,,1215,4
1216,d44dc2be45e93b75323854a15a3b80808a68a0760515cdeb4937595488f743d4,d9cbaee9eea1fd10477104706176743eae3c3760f2c3e5a1c8aaa16bc7034ee5,open_r1_code_grpo,0cdd125884ce56fdd72fb594b0d90bbe,,1216,4
1217,4760dbbc2fe9d9f4fb9197aec70b295e84cf12de327425f4c3e8524d9056943a,2792acb31c36e18ae2631e45295b3994e635c987e770cccc4f6d95d144e150ba,open_r1_code_grpo,7627329b4f2db7bd045ad4451e335316,,1217,3
1218,a616c670e982ae44972d5231b171fb7f5f5d69843ac2aafe9c56b26ad3579b17,380a6b1873bec2a9332abf96665fe833fdbf352467dcda2709bc22b4b67f4c3c,open_r1_code_grpo,b46cb5121436ecaba8b012366a2e7dcf,,1218,4
1219,11d174f776a61afd85a7a4183136b9e0e2f636926fce10e22449ff5087d3e65d,114113790b80b6244b64c5a23a9f33c2a5d3f008c0f51bb4a0d37472848d520a,open_r1_code_grpo,036a7a4305642e7e54729e976da23eab,,1219,3
1220,7b16eeba1f462132226c836723e270d399c44a10abe3dc421c9c009c53d9bb49,daaf8caa7aeb85e690287e7a73495cd2e114ea2af7a561a95789aebe696d6ad3,open_r1_code_grpo,300521d3a6b1b7948417b75e9591c9c3,,1220,3
1221,c0cadcff7e20813d564be282abcc2b0e84be9a753465e25301b46c0cb11e08e6,4c26a93c133388f25ff86b94212c29b71ccac3de1ca968ee8617ddb0046ff9de,open_r1_code_grpo,442ac706604c80cea4a71d0f89767f15,,1221,4
1222,c95e0013aa14cb7b10b44b73d7424a5ed26e77f58dad44393b1d1332ad969cf4,6d58c47a4e4e6e1525d2275bb96460f2ad520b678d9dffc4789e32aec5a45e9d,open_r1_code_grpo,b628c2e90cb0850ab6438cf020db6609,,1222,4
1223,9a6ac68644a125d8aca28e3620dd0075aa0b9699280c6f8ce2a9fd22b91ad074,ac5eac57822a29578815227714a0fd45ec784110016e37647f19848cf960e5f1,open_r1_code_grpo,b7d2161ab8744e61c6123639633d1b42,,1223,3
1224,9595c8e415efe240978dfdfc95dfc0eaab9948dffbbf843f375a8e44093807ef,207f4f2112f7d5c3a13bc0d9d090fe674a30e3d24c8a328c123dca363dcd9344,open_r1_code_grpo,b488a2d8009531cb8c79430297d9bcfe,,1224,3
1225,94aa607d0d0a1a92a4cf201706d0c39a081320394494ecc22e2e10b0aa6196f5,be7cce8df7b58fb4551201a11c47ad7cae4e6a9d92109e96629f7ae96399baad,open_r1_code_grpo,f1dea373e8797bf9780b9382341df6bf,,1225,3
1226,1363c57a6dc8e81a42b604d041a44d6c9a6efe8cea9efc7f81e384b84368176f,4ace0786ceeb3312b93132a146de86a056f2169c9089a73118ef6911641b99c3,open_r1_code_grpo,91ef53b8c28ec47d33feb9397877b9ec,,1226,3
1227,fcf955f8ecbb6906b04070792ad012c256ea260a24ab352dcfcc7cd39b8c8b17,d4cc7621a32f00de31a8699bae4094059896393bfd29b722b90fccb0ff31c3d8,open_r1_code_grpo,1c959b377c9e527fc1de856029d9b45f,,1227,4
1228,bc2574c637275e96c611b60eb93a53a954144a3313e081c1ce50b1211a51b989,66c7e186c090cdcdce0d78febec6c914ee4ca170670a9fbf8362100f5a5e0976,open_r1_code_grpo,240c5a0ee9ced67e1d844f1d9e0eef19,,1228,4
1229,0bab5cbb270bd07ae0e6cd3d692a4d5da9c3966c95123711c178092b215acd8e,f4422bcacee7022cd3677739956bbd802417343df9c1891fdffbf7eacd6e5c75,open_r1_code_grpo,72ac4a2ee77a88b353150e9654486d92,,1229,3
1230,787180a3c0d16c380362411f155b956d9bee65712d37dee86d523d8801108c63,7e6b1aa84d03da895799eebb3e6a2bbf2a76dc9d5dbb08fd505f09d223c6a323,open_r1_code_grpo,bbf380169d8f5300cb0310d352386082,,1230,4
1231,7d0131676648b06d8d04375b9e9f10bdb460a2e36fabdff821a910887326fbfb,c6864c3b725749dc6e36b02b393d19ac3fdbc6ee99ccc75b9623fdb5930dc8c5,open_r1_code_grpo,16cb3138af2aad491bfd01d05f64e3cd,,1231,3
1232,b8b1abacba9a05837cf145c1418338d7308a1749ea2944b04ee1a0ecf76e30ce,4323d099ecf49006ddd586286e9e11d063c6186b12d5d0e3f746c6acfe8d9f09,open_r1_code_grpo,06179b036b8e2cb4dfd4f8044f70a77c,,1232,3
1233,5c48545d14425de479a7edfe39b9a6a0ec20810c628a5e52d45b644254cd9950,e426d34fd72a3aa70bbcdf258e2b2dbe1b467484037525ce5fd60db5457c77a1,open_r1_code_grpo,e603fc000cb6d37c6dd1c619fec04db2,,1233,4
1234,64476f4ede4e2ea2ef5044813e591f0ad0fb78bc2eceeb267e3214b75d0ff22d,9d4121908575416868aa0e21d38533752f2f4f0740dc7c8734ccf4521c3e0c2f,open_r1_code_grpo,cb97495e55b6f1566ea12ca005436137,,1234,4
1235,14c66fb0f97533007196850ac042d9e9cbf06321e19409563fc13f6dc7cfe780,5685d09940e6c375dce62db67b74876076d14bcd81c6a71f07f759541ee91fb5,open_r1_code_grpo,d2668cf16e3622409d2b6d7b5e488338,,1235,3
1236,a5b16a23bd544f9392a03e59e836f49f3d137fd1a8af10a08a7b6f48a7a5a7fa,8b5901ecd91a8ec9953fce873f63ae7d6db6aee8c604acc3d1edf107c92c21bf,open_r1_code_grpo,92f91e6845069ce6499326620ea76313,,1236,3
1237,2cb81db14989891ad4306a0fd93bbf0d00afa3095edb11bebcd7a7c94bd36ec1,dba8e7e0cae2a999bbc1087d0b552a97ed788d722e94aaf48fcfce5e5bbc2082,open_r1_code_grpo,52968e2661107a0d7da55368fb3b71c3,,1237,3
1238,b76d9cc0d6a112eaf20110f1d1dd6de8ab47ffaf4d66976a7099d6b4244b66cc,d06f848268798cc9c12e8ff00c4dbbf5781ff033b5dcc855d3b9369e84649478,open_r1_code_grpo,d7d407464ef490895d0f74dc42ca9261,,1238,3
1239,00de8d9836f8ee39245f11e09c58e17d792a5b4fbaf55ba9bbb9f6386e04db07,32192b8751d5b851d02cfa799dfcf410cbf3afdc10a160383884a2f6dfb9d691,open_r1_code_grpo,5b1d5d0fce2b4ea8cf5ad78bd3018a99,,1239,3
1240,cf69d75cb2e7b28f75aea0f3335489a5fd8e3240205bed2ee21ea35820f73396,0d8ced013a9a97ae2190cd6dcb82fe69610a6c34527434fadfeb5803ee25052e,open_r1_code_grpo,5ec2606f7635fbf523020c1dc81659d7,,1240,3
1241,ed311dfdde397ef9fc6669791251696967825427c2f60ffeb2d258b78953cbed,8954988494e10eb73ac999a27a604e47de4691d1fbd83ffd2bbeeac26315f631,open_r1_code_grpo,99c5ab94d7bc229cc5643177c2e3ce73,,1241,3
1242,7d276c3278e289b00d551257a7fd6a9590344bd173cbf0ff36c30ad4c79b29bb,f1dede3ea3529abd150f9c64244c1cf3dd428728c1f6674ae4b1d95171604b5f,open_r1_code_grpo,b0db6e5df3cd9db21fd882e8ac48083a,,1242,3
1243,cb43b66a7d21e0769571f1234880929f91d6c07f8368fa1837b632fafedc8979,789acf6cc98eef22cba8016da6c624ed87cbf6d7c3180ef8835041f6891136d8,open_r1_code_grpo,6498ecd622f11e4f7241585bb37add1c,,1243,4
1244,6e656cd502d8e373104b4675c1cbd3c9ff1726314ec02a9367865d528d4c004a,d2bb17d8d0150dfca975db6dd51a1c0e7eff20966079a24d53eb1a75ba008331,open_r1_code_grpo,4e1e0b34efc62ca7d52168741b09815e,,1244,3
1245,680bc0da199886e3d0a31e1b5e32fd36547f445796f0371bedae2af751b5f457,da9b339f1d4feb296baddcf3d9bb3fbea6d05f68425f43f77ed82ab38a0efe1b,open_r1_code_grpo,06fac370b7dd141e46bc4cd29b485d19,,1245,3
1246,bdaa472e510728841009c9a83bdb32cfa48a6f3140336b51936e44cb30279f44,fa0f67023f67c27e7b5fff68fd6ff284ae720c3ce5d7e7a8878eb27314231ed1,open_r1_code_grpo,ed8aa9237e78be69438594751f2ea3b2,,1246,3
1247,2f632292fb64aa72c8c12a1462cc692a993d878f77b668b411fd147418df633e,218ce41dc419f634b1af3f691e8bd1d0fa8a5fec8050d19d4bf806be190a2aef,open_r1_code_grpo,c514dfebcad929f24d27b7d3c5703bec,,1247,3
1248,76bfa9cd26dd9b5db75cbcf29fc473ee99824b700c3a20e722c0a0fcb1ab6d06,69ed0230567e87c3d902d78249ac14fdf40663dd0b1148ce1741a91dae31cc86,open_r1_code_grpo,65025a681a318baa8e4a002b71d31d7a,,1248,4
1249,d23061cd755f2e1d2d645c2c7ea50f7faac247fad4ed5dda947fbec1f18227f0,aedbb754e63c2a9350dd23b56288a47a24ce0eb5b64466e67e32e89d0b2fdd2f,open_r1_code_grpo,303d6ec8fbfbec701fc2f1750ed783b8,,1249,4
1250,c993d612da87ad38a51c6637c02417d22da6cafd2766c2f9eefaf93dae1afbc0,cf1308c5d2ba412f2dc81149dab46bbd7b80592fdbb75a1451adc8d285d71688,open_r1_code_grpo,91a31af883985103b7279e87a588fb0b,,1250,4
1251,8b40161211ddf675b6d018f115d22bb437c9559e8f7ce0d0146599ef57a85772,3c0993dd84d2ca80e17ca1f4715724b62a0085c4553d6ab2291d3078bef9cbe8,open_r1_code_grpo,85b16182301261d1bb7be1d47cbbc777,,1251,4
1252,3c46dd1fcdbe74bbecd972a7c77cb46f4f485369e184147d543a1fa2e6524193,f1f95a97e411e83bbb765bcbfa68f1cd566ca63854e7ccc22e896367f533bed2,open_r1_code_grpo,a9019484205f6871e774002557e4c0e9,,1252,4
1253,98bed25922045bf521865590f5613dd74e5f0c4f1cf52c8884ac286d889777e3,4c01c5cc1c48855779f6710c2d16e14e258ed5c4bed6590fd24c9ab660054ce5,open_r1_code_grpo,d5df7f028ed999ab82ccfc06b1c4e425,,1253,3
1254,6d1587ada4a05dbd7ba9d59acf1cea566e9ce043625299888bf5baea69fe8543,3595342052f30cc101113fb7587dd75b05fb8ea9a28131b1b83ba8316cfbb491,open_r1_code_grpo,b1bcdcacc7b3db33dda7f572c49bd1db,,1254,4
1255,bfe53e6ce83016fa3adf81d4549c649723a9dbf060f4e364e7ae9fe6d3eaf6cd,a469c42dd4092349c86f6d162beb22705837b8e37ea91430e5474b0090dabe85,open_r1_code_grpo,d468f9205df3cd9bd94ee6462f05f2ac,,1255,3
1256,afb3f8bb5608d816f5f8b10be1de296b25871fb8cc8d32a8acfaa9bae4392e7c,7da7213b468308f4322bf3339e12df6811ccd3e0323e92a2dc6897843b4b26b2,open_r1_code_grpo,0dab5492efe421605abcc6ea2db5db79,,1256,4
1257,46d3136e7d71e49fbc105806903b61b5aad6474f942be7d567da70389da99991,d379126b7f95686b2f1e96eca5f478daa15304d6bbf8dbc77b2b432eb93b10c5,open_r1_code_grpo,12e506d302697d97507a84c259f4fe7a,,1257,4
1258,626f89c2533454baa7355b2f8dc7a82e18389f7fbe4556981517187d50cdaad2,3124e456a737097f777b0cd4ea553f014b1643938803e29e66aa149d47734974,open_r1_code_grpo,3531b3193f838eb2aa45d2c6b5ff06bd,,1258,4
1259,6c57643ea29d45ab19526e2f5a37909fdfbf76f615ea01b654681b05fe2f0fcb,d9afb42064a7397d7676480145ad443abb7adcc574492935f8e079ee95c1b8c0,open_r1_code_grpo,6d674872587a74ca80e607e209fec332,,1259,4
1260,83c11610d69e01b7c32fb1b2c305eb2bcf861ef64509271bbdc25912313efd6b,b3203a5ea63ee692f06bf665c2bf6a4a80d18a1503dd702852e41a8ec0bae7cf,open_r1_code_grpo,9e4577f9e53c840cbc7fdce345d422a1,,1260,4
1261,f2dc8cde30c54fd1bc08ef3a8a559e88f9d9ddb60b2d010b35a208ff5effabd9,c09debd760a90a96cdead6c5f8c152e0af5675d29b06cc5f8884a1a3d9cf8f3c,open_r1_code_grpo,88a44f09963f828091af2674150e2a26,,1261,3
1262,158857f3512314c6662880c7422bbc8b13dd139861e395777bd877e11cd7273b,7ad0ac7118401370ec2dd8915ff7a02a7bc25461c041dfd37cb2cef967594603,open_r1_code_grpo,874b30410f20cf3aae8b1f621c0097d1,,1262,4
1263,3a9a2dbbb2eda7f1b5c0c702d6b2f4a71784f941a5c3ba10cffe4bc67cc22bf6,dff40782b661f72f655948f53044c6742e4055bd741775bd70d7d3558f6ad8fd,open_r1_code_grpo,ed2c38ee54eaf88b494ff6256f91274b,,1263,3
1264,d61b43005951e7eaa214273cefb3265465d6ee6ac1407bc0142a8a014635804b,27699c49b686ae6d4a9b6bf23f6b19eb91409e4658fee9e36006a9715837ef7d,open_r1_code_grpo,578d585e541aa5fb9479e2b2ef9cd2f1,,1264,3
1265,7fd71e764f81ac09b793719e022b91f3861b5d3592095226eed6a75b33d8946b,545ee9d16135a2fd83b9ba5d58d2d186af6b2ebd6feb8281bf4b0551c3f02427,open_r1_code_grpo,6350c3efb48f67f412057d18557b6ce8,,1265,4
1266,31738fdafbaef7de24d56bf69c1fbe7ef055a5e6bd27e771fcd653e288b673d4,2fd87f18ab327166f2e514ff9537e85a6652b24ba889a3b046aed2826d02affd,open_r1_code_grpo,55e6ea3c33cdf863e623f988e7c68174,,1266,4
1267,b7e68b749724bfcc08cc62fa2610220f876c6fe8f05649c6fd9f4ab090a6d9fb,a9d2788e22f076fc88e26f106ad7e9b47fb68c83cb21b8649538d30b17c22886,open_r1_code_grpo,6a56adeb1bf9907c1951ad511de03c66,,1267,3
1268,322f58664aa3c8199a7c29455a483c752603f0887590ee9d300de030c5bd851f,2338296fe7a7faeaae590c6d3d919a1d135d1c2703fd781d0b3b73100422af37,open_r1_code_grpo,604575ee831ec2b684eb4d2c2e516842,,1268,3
1269,4e46961b04275456db980b00abd1da41cdd66449aaad548618f641eaaa3ed0a1,3b29932fa7d9230a460967a4ba0b3c55e26e83815d77bc5bfcba0cbe20fedec3,open_r1_code_grpo,0ca83f00e8eaa521e0e27d5f46dc9589,,1269,4
1270,0f4d18c25ec82e6d8fbd8590d04ee2aae9ec8b28c2f4875ade62d5da827af7e6,cd7d6054c4fc554a291ac7596b1c6270f3a136e3c79d65966e3b49b0f75479fd,open_r1_code_grpo,b5d07f7560a9a02a8c24e79f122df825,,1270,3
1271,5fd8f35cbff399d152904dbaa96e30d26f31bb7bd637d42103159b81a40318ee,510662e44d6373fdaf767d8d0c98cf811305be5364abff00b8cc95e7e12a91a3,open_r1_code_grpo,d276db2a19b2aeb71598dd0654fb756b,,1271,3
1272,95034636763c1636b0cf8388a38bb1803cd97f1b3aac1fd0ec585be796346d81,dc059ecd4108f3f289a302f0c44d7a2f91f12074585053f1d500ab8e7506ece4,open_r1_code_grpo,2fb58160bb259591c19b3c37a1ea64aa,,1272,3
1273,3969c73ed42e1b05c9fef7b311ca715b75a98bacfb628482b117bd831f40b5cc,57b47f9ddc1a7d810decadd20a8510f83d51bb7f666c1e7a81688b85ee9daf79,open_r1_code_grpo,7873fe9422d3844790a43b8fe87645c0,,1273,4
1274,14d99f6c8b222d5f7781d5ce91d45dac53d8864d74e610d16c7e43768c712ca9,0dfd02f0136e04f11c4838bae255637c5622412a4271377b4df36b7dd2559218,open_r1_code_grpo,04ef4697596d2a4cd3d65e3dbe629f25,,1274,3
1275,f6f48c8992553e224144ad987b6608ceb1e037a72d6a4f4829da95f4bc9297bc,ea80cf07b0a6f764ea2d29038d373c5aec4fc71d948e74befbf3319d3d1431bf,open_r1_code_grpo,aa9b6fcb135aa9df87c64a671dc42fa2,,1275,4
1276,08c41541867814a581d1c1341314b510d59cdb9fbb5bb4145b4fc35337340492,baab732c1d877e21800b86ba23b13c485e7aaafe81a4687e6e915df1ef528042,open_r1_code_grpo,d677a64bc67d237cbb9e867055dcc0b3,,1276,4
1277,6c1cd3a9be7b10124944a217fb23fd811145027ea18558841cf5fac981836019,16d0aaca14e41611c41cc6714b297af84c05cd0a6adb82bf595cf927439d307a,open_r1_code_grpo,ecc64249bade84952bf49202b00882b1,,1277,3
1278,7077e505feb56b81848572ccb16a4c787de35286f1a83c5fb63bdc2d98f0a7c6,2b2d16cec70c88f231b3e8b350ba89c6223860d5eb944aa2063582fef4d849d2,open_r1_code_grpo,7538f8d343a1c2433eb11476b1173cc9,,1278,3
1279,a556be5cee9f069f220b0047f39b2da0119881b5f90bc7072e6aa73f65a98f4f,5d9899b50b8cdcd11b6ff99f91afa92e5397c6b837eb1412e844d60fffd31d3b,open_r1_code_grpo,1e324e3d6c32b00b17929210f7b916e8,,1279,3
1280,6e3f4f1873616def6e1698cc409ada59faf7302e6b0107b4c6c2b7f90fd7e117,f11d4d30b32ace99bc2152f1e1e14073893719feb9bdd2e248a5d961cc8fa63f,open_r1_code_grpo,6a57f6e1ef88a668e85546525885754a,,1280,3
1281,ef9db188dd96b86a88e9f15e774d0213973033eddf9c2b59c5dc79fb34e04de9,02afd5a19bed1a3e75f982e0917e7259d4f40dd84297b49404eab5ad5b06f2a0,open_r1_code_grpo,3f6f621e7fb21bc8339c0d42107dcbba,,1281,3
1282,20af4f60d2350d0eed69509691b0c961bc87a82281d178c9977867d3c2c2f108,ecb63d6fbc45a540359d227a93f2b37f138be08719026b78ade8b6b2c04fea2c,open_r1_code_grpo,c0c495fe7a5ef61ccdf8b212f38adf94,,1282,3
1283,f61b19ee873c1cc08ba789186bd4c55109b9899f625eab951fa565a0e2c1a2f9,5b207625b0bf9dd1755c2db8a355e0c006e073d62d9108e9255b4a3dc75170b6,open_r1_code_grpo,c3fe582074c6b49c8b71142ef4e0c4f9,,1283,3
1284,30a1ed735fd0053cdd759171fc4a3987a5af9d0fa76db49caab9ae25067d09e0,22669c5b73fc81d6278a20ce4155a1e1eb279f222c1bbd05c8d633f2a2373cd9,open_r1_code_grpo,04d2768e73e3370c7c223f693d734a82,,1284,3
1285,e82e0c2e4e9024ef555614ad0ac8bb2e8c0f4471035e9306c9e77f8f188eec32,85b8839304448390eddedd6449bfc986b71fd10c17e90eb1f6f6ea52584dfa21,open_r1_code_grpo,df42df7e09f05e35ecc7997df0256f57,,1285,4
1286,e831c5254be850ed155d8e110ae5f0a34ae9ef89825b6383becc3882b8779ba0,3048d9a86745f4ba5c48374505187f36ddf7ef9c8f2164d3d7c6dd6ceb91630d,open_r1_code_grpo,3c1d18d5a6961ac6ce8989e9f5313797,,1286,3
1287,d68bcb425d1443271860af80aa2a5ca18f9d5317de6aebb5e29c4f2beb1ac87f,96eb55d580e08886221e79c54e277ad4dd7d80c759b64d21039ea1bc16fd06de,open_r1_code_grpo,d34aecee954d76a6b5d9d8a4f88aa972,,1287,4
1288,b1b34abd4fc85e7e89de2977e1efce23d899436b4bac1383e25c432180338352,f58bd010bba5c816b50f7785d2389d51d64fa1c20673631b0b83444f2401896f,open_r1_code_grpo,4c3a9f638f019d087f69bf7c9f7b7e9e,,1288,4
1289,b19112548a31edbb229307354370b374208bbade0ed06965f4871665105ca9e1,7bf5d76180020067cdb0590a6c851e308e84945ea2afd8ec13e10acab2e68431,open_r1_code_grpo,484af8f1ff4f62eec4c3b2fe913a95de,,1289,3
1290,c82f1df051e479992086c8bd9178957fbe740ef4ec716fc42a9849479f67d8d7,cacb636e7cdc7d7a2f98a636831cdba847cd46f3a7b39ec97137002c8e36f2e2,open_r1_code_grpo,af055ca8abe3337c2f901c00a3015003,,1290,3
1291,f5dad9af5a27408f8c567c23942eeccb4566efd70656b3c759c33242ce42190a,161cd866a8cb830549f35c772755a4e317125670fd8950c10a0e1b927b07e021,open_r1_code_grpo,ac9effa5501142cf28cbb0b3d94af187,,1291,3
1292,67ef822ba873d341c329be3aeb617cb64845ee2eb3be6d84aa622a5288b1c771,1961ac1a750694f09e3f3b87749180124135885c374008da201c8298c9262501,open_r1_code_grpo,7a5be5e421ff14d2b2d8f0682a5811f6,,1292,3
1293,d52dc42d46623eb7d179ec0af5aae89144117ba0204ebd526f09c5530f434129,34092d87b0d7890128ae79b11bd8b1f20b5b06bdb8444add5eb39c79ae582cb4,open_r1_code_grpo,83f5bef6f307afb22b7cc5d64bd13959,,1293,3
1294,c73aec2ddefd3c449c707edb82ead13c2b84f342c8999474d7b84c29e180bfe9,91ffbc5389dbfba4f88d69437f3aec1c84a8bd933cbc501317a9b2556953da22,open_r1_code_grpo,de1da6e35fd55191e6e6c608103f695c,,1294,3
1295,c4335f0544736836bbc891d14ca8c55596acab2e2442dedf988d981ccf83606e,296a2c7ad7be673b2ceabf5befa46cf1f353438cb36c0a87b83e912a12858cce,open_r1_code_grpo,1a630a42bd572ce7897e8bb9d45467fc,,1295,4
1296,9b6d100e42a838d483ef7d73a15d9a967406569f1c457987341ce0aedf8c4a6b,062dbcfefd3d71516f2306671061cfce114da03accaa66ae3b9de32a7c1891c5,open_r1_code_grpo,d47c8b05c7046533a4a1d53d83f5f4d7,,1296,3
1297,ee19c252fe3fca0b4afaf364c5c37d843427e8076ea8d1d4fde1599958cf7343,d5ecd4e55cc68bd4339e7ea19793d2c605cac6901fe082137f973d1e611772d3,open_r1_code_grpo,7184c3785150eb86db5c5c05ed6a8199,,1297,3
1298,a2c4e83d81e510f9a431c58ff0e93f7efb4ed3a8c3638814ff17b01e34290e10,8df77dda9ab2eaa12ff5523a754ebb9f681d321b677fbcdec6e2f97d87c1a702,open_r1_code_grpo,0a67c593b660deb3d431e188128c445f,,1298,3
1299,b89ebdacb37fc0b8079d28ac0ef2c07285572d684dceffec4cb6945126940cd0,9ded3909be3ee83075d163d4a21244c55489436e2e5c735ee0e70e0230d19e89,open_r1_code_grpo,53e7a738d585ba107fbff916ca44b58a,,1299,3
1300,213e4725aef10202973125d1f21483866de83c0887011f0d98acef9caf1d6774,b8e92d903c5d350ef548168c57c4efe7fdb259197db23711bf38126548cb4c9e,open_r1_code_grpo,f3a2e2f2fa89b735beb1ad29544d5d3b,,1300,3
1301,96e2673795e49feb5d145b0b2ae01f91299e6f8826eebacda394ba9944342dfa,a0fe265132fb8563b74205e708c2987fb7036058673eed1c79cadb6019b2a9b6,open_r1_code_grpo,79df1210c06c45432483ec19fa743367,,1301,3
1302,6a17b81d0a71f34943e75adc4329131b069cdfed1fabadd00c97c8ff9d591799,f809c325235c9310084328779ad4d18e850cfab6ef9d920a965d78377be63af6,open_r1_code_grpo,2431af562d8b6c8c8fc17d8591df02fc,,1302,3
1303,598c6740a14d8ebdf65d4607a890d66a6bde7cd81c4ce7400ff004f39def3a03,db390736cc4dc880f7ebc90e81d1b6b49be6213aad6a80b65cc5ad6b7c607dea,open_r1_code_grpo,cabf6c4d5789605c40ead01d8d39a200,,1303,3
1304,081292fd33b2e694262bd0940d75297fef893d6abb4f0480c8fad0c2ddf1bac6,f156c5664d657069246a18da0e5119da5ec125197bd7fc5d035a4dbaae8726c2,open_r1_code_grpo,ecc68f476e89b103cef99cbf79514be8,,1304,3
1305,f91d5fe109b125f12b423ed1639c72875a7f06748a3a079905d2204419534766,f3371e4e65bfcb56582fa047b1deffc2d10ed64a91cc5570d12759b8ce193deb,open_r1_code_grpo,f28e79a4c203da82eddf3d3fe9f235a3,,1305,4
1306,d63c9588fcb4bb94a3605d33b118315aa6a8b4a1fc22c0042a691c23345a3845,55ef8b989655fbfbd66b50bf4559f1f44e67febb258fb0c5b1cdd20653922ac2,open_r1_code_grpo,b923460f014fcd048e666ecf3d057b1a,,1306,3
1307,d833cf49fc243c2134862194a553a47aab9278ff125e07b2a797d4339a3a0bae,d225663ea5efa42b514c801a0054a3189b97358aec833028a43995a24297ffa7,open_r1_code_grpo,e575a0a204f149946bff1cca51df1e42,,1307,3
1308,622c029a72ed8091fd497a7788e2bf84fdab8bb7bcbfd4abca4c915f44bc1ced,e116090b16cac07cedc13cdd35c5b65dfb1bb4e0fdb588fbb6e5830ed2cad97c,open_r1_code_grpo,91adfbb48df35c41a5321cff69fafbf6,,1308,4
1309,3737c8aa6356701a72e25db84385cb24f789b665531afaeceeeb629836442864,243cb8b38802d22dd1e81dd022b53e4bcb8e78a776abf6c52f0c237779b1f0c1,open_r1_code_grpo,1f39cb19411ee7aa714872b5395209bc,,1309,4
1310,a05852a4e9da95f435133fcb4aa9916200b9382101eed032ecf7f09744fb251f,339cc5b9a7e15ef26c5a378b5bc4b31dc9617df3ace62021cb34b8365b58f4ab,open_r1_code_grpo,bfe64a23fb653b9596840be7b564196f,,1310,4
1311,be8e8d64ee65f1f95fcfa7137d5b8cf7e37051fe0dae14c5dc9048ed640c0584,00ef19c9da5b01ddd4c80054d04e0dcc2ad70bcaa3b7b1e69f5179a6330a4484,open_r1_code_grpo,b8a41f9491a14e8ed79aa79d0554ead4,,1311,3
1312,bf1d037ae72eae429bbf7f483c7f3050d554571b9edc9c473b4db071e60d8960,ce275c14e10f3ddf4ab7f127dc60a0152687935a18d2dc67e039094eadec6fe2,open_r1_code_grpo,77ca576145ddc18a55678ef7b9607bf2,,1312,3
1313,9ec6e96393ffc2d4441e034ad18f1aa30d608edbe11b3bcbb780154b169c4f86,2a96f1d0ba0f0b9864701f0acb95e15b90d373488289a2695d9b8244420e99fe,open_r1_code_grpo,6c88601ece578b19e7bfe085694c789a,,1313,4
1314,95bca70460bf713607bd09f5ff52200bc80ae734c8c8531122783e172e2aff36,720fe8cb5c30acbf9ca323ac0231e813dff3066bc77b22d28f0d0672b053bac6,open_r1_code_grpo,b6252bcc9a62f5db3a07215558b79ccf,,1314,3
1315,f10f113a6430ea6474f18ba526b9af178b899cd64256e359a3942f0b7efcb76d,9bfee74dd272775d580c15caf475a7bdff01af9b3b9e32dfd1c0faac7fa3335a,open_r1_code_grpo,bf25eec25620a01c161ad6cb3a780646,,1315,4
1316,e756ab12430c09f9f7775bc45f90597d0a657cac304719e2a6d7b9bb0fbd3ada,4b41d09fa0b9065223e112ece749358fe14f406fbfe0467589c2035529a101ab,open_r1_code_grpo,19df881f049ddc93d82f3662cbcc111e,,1316,4
1317,590cc38f2ece5be39baa335deec23e2e7ec793e0a510e49578bdd772c2061012,24538ba0575ce84c4a33f4d73cc0fd27152b9eb0d76bc2ab00f0d3cf0e97f7b8,open_r1_code_grpo,18bbf7954c7197863e56caaaa3346054,,1317,3
1318,579540ccebb6b5f8c1870463f7b18742ff4babec87c8ffb0cbb9f58d2b360b8f,fd94502830147b2c493d91f52af6ed0eb38d1660c23f9c29b79ce8e174261e5b,open_r1_code_grpo,934a4c772720a86bcd9e2bc07b9043d7,,1318,3
1319,af551583ae1a25bb7401878b4e69ccaa9239b7d115839b81792f46a1e70e3a56,0daaca7d3ff94a837b21f8ebe9b4948702d8a3af4eb3c5fde986a199ede40322,open_r1_code_grpo,6f14441a9c9708cd1a17dc509c36aebb,,1319,3
1320,a2361abb68b37c23f4aaaae7d99114ddef687203d26bbc11c8dcb24a10e684b6,e4bb05e659a424983372bbc438cedf0b801e414341c22e5aaeb8c772f4686bdb,open_r1_code_grpo,ed8fb684cf2546163dbdc9029b127e54,,1320,3
1321,7d4554006fff61be2ebc391c6c9f6da4e5169b28c8e2931e5f139b37ebc3d5d9,edfedfc47f2890ab74c5a192a121c80334e0f03451c75cdd8ab5e65c0b23f2b2,open_r1_code_grpo,cd4d3ebad546556a2b754ea5b1c0cae7,,1321,4
1322,c030e74c05fa61048950470d5582cbd0120cd22df22b4b584eae5d2a8e0edb0f,531274d0385dad20e2889af2e6b2b5e8e1072ce2f23f25c877026952d937d8a4,open_r1_code_grpo,6aa8a77f1515f3f685b9fe542ddffcda,,1322,3
1323,5e51a31d56c6cd370330204baaa185d9e76b94fa4fbfd5da4b4a21fc8eb1d615,5755dd31608dfab77ad88cf6920dc0db6d38c7465840ab7c58878d4b4960678c,open_r1_code_grpo,42052a3b18ad8891af20a0a6d84189e9,,1323,3
1324,977ba5496c10ebf8bc60cbe8ca6a40d4be8db2e38b0d6939be1b2f8b4d0df49d,7f9d1b0d3dbbbe5a35f464c7b4818695d91182fd43f41113aedae92d2cbf99ee,open_r1_code_grpo,fcab82b44260fa8079db2f9d08e42bcf,,1324,3
1325,0f24b66ef3c1acedf492b5884fdb4d1082b5013db090e9fe234530adba518198,9882c31d333da1bc30e3b49940c34dff2f0dd90a52fc2e77cd6415675e03aefb,open_r1_code_grpo,5774d7e80c6ca5804820c0b0123a944e,,1325,3
1326,57c8a772eedada566f6b0a265deedca3c040345596366449fafa15d91b2dcc36,272085a6aae11046a136f4568a4156389a2ab9ea68a0d2f30298542f6cba3624,open_r1_code_grpo,f81801a5eca6cb9a4fb9203f1c00ae54,,1326,3
1327,c0b67e10a55b1a851b7e41759ffd1672c3e4879d5dbc1ff6c134912b8fd835a3,774493b9ad547413287b5c659bfe9c6f48229752d5007dd7e5109cc989ba48fc,open_r1_code_grpo,02298163d56bdb0b55271af542bee01a,,1327,3
1328,13f926772b06cbeef56dac9ef02aca9b5e22b58e10d4ec52de00ddb55436442a,b1067b42c5c14d9d0492447fa394c9c083de3941d93231fb78a1aa8347cabdd9,open_r1_code_grpo,187f0b48f9af96958ad7ecc45f9e1b95,,1328,4
1329,abce030d2e778fd4eccae1035f55a63977a375134fd884b3c26cc45159ca5be5,3046394d570eb07e42a532bcc35ebd22acb17e4a931b172ace76200f10427416,open_r1_code_grpo,4a81606ccc171009070a750df3c166e7,,1329,3
1330,ae66ee757c16328c2bce9afa69fb3b65ed496c4c618b4a7412cb7cc42a48114f,31851135d493e3ff45fea65ae09eb8e4aba4c38b35114e30c84047efc10a6896,open_r1_code_grpo,dc68521b3196bbda4e5d7ee92a674c52,,1330,4
1331,c0fb8b9e38bc70eb795579586fd55c8fd1fa60a08427858f2d0204dcf90d1a36,58738181aecafa1319999b6a9a766294e69e20be91cd897d9be95f05f289ba88,open_r1_code_grpo,dd0956000cc2a43372d36b37a0ee0a4e,,1331,3
1332,ce6dea0c20a21a7d0428aa3472f373ff2928e60468ee320aa8ef44ac6b3a3644,7c0ce478324c75d27f1c28baaed83a5561bc07cf093732430462ab333f2df598,open_r1_code_grpo,018f1b5ae8366b6a63cbee1cb1ec77df,,1332,4
1333,83c07b3cae34d461dd473b820026d8e54b5d0e0a27c708edef8355d7a5cf6f44,d5a2734562f022dbee1f9f44c8e9fb1eda94c9d7ba4d2e370366e412bd8613fc,open_r1_code_grpo,32ec22fc4d675f1d535b54c19aa964cb,,1333,4
1334,ba02379fb8735e540eddd9746753f95514dde07bf79b22a7662ea25d33b378e1,4a6aa6649beb9f9740277aecb61fcc1992d2836aa55a9da66be4776606c161f1,open_r1_code_grpo,9483b11b23032e5e4b592b0f15a1c825,,1334,3
1335,d1e547ca013f3820b06140f0d502213823b038e6e7e1820bb65212c40d12519e,7a5c75b4dfd3ddcbc069ff276580f401032b27bd3e59fb8b61b0760639fc03c4,open_r1_code_grpo,3432566d995b00250bda9ddc70089e6f,,1335,3
1336,ce31a62bddac10e8f7392cd281f7bc938ae90e758b1d62a1124744989969aa60,6237aabd729ac71e07204c615f812c344bdbd1185fff744f59cb2a7c32caa227,open_r1_code_grpo,1dbf00db36fd86098302a8bebf311678,,1336,4
1337,0c0ae7b20314f2405602012b2ce0cf3ebd345f68a813138ce00d079a9700b61c,59362fc3f4d49e9370a62ea9b49b5a6a6faf4d3d3ed2d719999271f40fd7c427,open_r1_code_grpo,ea13b491b25b1f720e75e3a040754622,,1337,4
1338,1e8cf20db6c81675a803122bec81f2e127ebfbd33dc753f57f75c1af654e5ebf,ba3cb34304fb4f284aaacb2596a25b554905ea065958c3c2674884bd5526fc0a,open_r1_code_grpo,fbc27adfad8824d06fafc904ae2e4421,,1338,3
1339,f04966a893e80adefd4dec1d1f509a5e89f11171fb181f5a2e7edb3f5bd5ce2a,41099cb6f1db80cbe026a5926fa5dfb1ca88dafae876b143728b05a8850065a5,open_r1_code_grpo,d733851092335b8b535b293f24b2d107,,1339,4
1340,d8e97f9ec9e09e53c4ad0e4d376a42fb70dceeeb153606249d34b1293ddf9ef8,0cbe65bc4a1fe5b7e681f5110e316962583a549a518ac73eef5cb9d91c1fd73e,open_r1_code_grpo,5eb896a90668fdc2ce8bb6150299bed7,,1340,3
1341,d156cd9af4a3ec203e3e437410a9a28887f5a999dd3a4270bc2ea46d3dae3475,21bd9ff37c3b83b2a4be4e3785d0bbb1425e24b222c0daf6f8abf50ad9bb084b,open_r1_code_grpo,9bb4125c7ee92da168cdc16749de08ce,,1341,3
1342,d306e368d96eee7e84580850c2898380eb27c8548033f8ba13e35c42cf54d155,d2473a75a283681236e965aeba5144a4651a5c113f9c5a5abf310f81290dc658,open_r1_code_grpo,6d94302b99aef58b870c9bfff9f8afa6,,1342,3
1343,923de3eb7b1b9c47d09b6ca5eaa05000ae90cb77318b2a5f2fac0b555c6f44f9,4836973785d81f050e5501bbce86af15bbf412370c160939b0977c7ddec58212,open_r1_code_grpo,e0fcc74e6993450b2d12f997e6108a8c,,1343,3
1344,5a48d0452d4f7bf4e60413261361c55229fedca3f202fc0e86b3afd86d181eae,f393d8ee0b6ef17afef9289b04172b11e8037d867cbfe422cce99b66cf85acf6,open_r1_code_grpo,87f7fdfa5a8ac0f4659dd1ad538c0df8,,1344,3
1345,b1b5a120644a47367ce4a6c85fa473e0230d7d22ae5d2863821316ebfd4430b5,183e832cef7e3abae5f8ea0915c50f13d4d9ff9add4379b927d7a88087f6406b,open_r1_code_grpo,cea39304cba6e27cf06335419c3e8704,,1345,4
1346,179f4680ba81154e5d302bfba58b1e896dedfe92c3af58b5552d3fa9828f5c69,dbddc5832262358761780d9a995c57aeb77d765da20795eb649c107b22e0a332,open_r1_code_grpo,df1af082a4597ab0d4ea66216f6587a9,,1346,4
1347,67299d78de7359f258d89187e42644d04587cbebf481fb57290bfe6ffc0cb7ca,5dcbb148e6605c67dd6af47593c372ba852e2c9d8913f180c81eadc6455915f2,open_r1_code_grpo,affce3ed6cbb430fc5adcdf003f287fd,,1347,3
1348,89d490477ce1bc4f261fc0e5c494c8e283ce7f8f875cffc943a739bebbe7ca15,d7377ad6bd43dc6afe94165652c5767f849eaa3994e8ad82fc3fdf4b65760002,open_r1_code_grpo,3e8e04f9c0ff50bcbad6ea279299db53,,1348,3
1349,e37ae96be139f32d3d0f5ac1dcaaf4553cbbdb5a995bebbfff4d9714c9c428c5,7758429c1acef79f03e6934f2e43ce90969cc63b9dbbfe57f026ee46c9ddac0b,open_r1_code_grpo,d49c8eaa5e78113dcbc8dc8953ef71db,,1349,4
1350,7b4df7600f039c8628bbb9561c76e72a1c09998211104dba31021859be5ba709,c89dbbcbf86e706c950be53bfe168f64c9b509f69aecc7a2d9c48b8022e51a4b,open_r1_code_grpo,a147ba178cc054108c7fe3a3bd6c848f,,1350,3
1351,cabf30424bcd271bc8850189579fc2910f5389ed06a8305c061ce78257ebc675,4cd7ae0b92fa22f0946ec10be08764fe4b0e356c98a9e67e633edf8ce54be5aa,open_r1_code_grpo,2c09805ddeb426199f60e7be691ed764,,1351,3
1352,82d93a196b184851c3d9164cd98f82071ff792a133c9c4ba8d264bdf329aeff1,319a557120bf31efea6e05453bc0f5173c474868161eb53cd78a7c8448f227d1,open_r1_code_grpo,769ab0814c4c037c7cb053d992aac0f5,,1352,4
1353,8d5084da04dc942367b16cd3b59a839514b1ea675bc82193d4cc071e5c1e22ba,32e2c959d8ae22b43911c3d6a3e501f0890ac23426b808bec52a6d17331fa5cc,open_r1_code_grpo,b6df286943826ff1bb5c3d77b56854dd,,1353,4
1354,1e0946357e7b0c027547bc1770a5bfbdb76af0c3ccfc682fb4fedf1404b40fbb,62997ab95e38ca1d821c9424b48f3d1d10d7dc9157a5ca2e1aefdd9abde723f4,open_r1_code_grpo,e17b55b3b32e6ff706556515f5a745f6,,1354,3
1355,ff541386d4fe34c4b89d76a62da609c6e8c94dd0ac41cc3a547ee38cc7421055,01d67a99db0e17e7986fb3ea7074d87d18f9a36cc49ddf00d12ae6fe9c83058e,open_r1_code_grpo,68f38d2d31c07f65b620530e95bf21fa,,1355,3
1356,46bb242832573681ebb21aeded89fb29f65cbf00851db2da669ffc109dd80eb5,85b7a801faf6a53b7572953f33cc170bff2cf2163b7b5790460bcbf6fd304af8,open_r1_code_grpo,8a6c9ba1e47a2c21355cfa7474c75263,,1356,3
1357,7778b9fbf78dbb896230ce79c5399cb19f515c3e276320725df90cdb6a3a4fbf,a3a1a358a3c90cadaec048c417e916b3e786030d24a1392228fced10edc2d572,open_r1_code_grpo,6474ddff1614870d122c2f15f29c5905,,1357,3
1358,6452a66c8729076aa1e1d371b5fabd9353d4fbcc5505c381013f04cf67652e42,b0f85e57b481773962f6fc6d18c36f4bdb2ac78a75a88737aefa0c0f99a01f10,open_r1_code_grpo,95f044057aa123938994bcdf0d7dcb1f,,1358,3
1359,79453bcdaad73bb7f577cd7bb0a4398109e781178d947ffb5b085ee33ad0434b,ce67989c49903f45fcc0bc31c42b83d79f86ce93aa7da80fc848624fd9003de8,open_r1_code_grpo,c1cd8a3d31066db706f872d9342253c7,,1359,3
1360,2604e57d096656e816d42a8deb6adb8a0977976c8c58c2f6c78fe388e422ec54,7715101b1630751698410bef22e99945996345a086d2518985ef19dfa21ae50d,open_r1_code_grpo,127d5b21c350c4d5ed733734b1d03bda,,1360,3
1361,7375151055964b20fa5d11062bf9130be8936164390755d3eae88554f1321356,ed7d14287f73c1e21abf949daca2c94616b0fe94796df23c493a1b5635f4f450,open_r1_code_grpo,f4afaa71794f1315d57877eb1f6364b2,,1361,3
1362,842cd39b9b7e5f17bea5eee4f33b96062be49ef7e820a764f7f1f8e829e4ba45,8459c11c2750ae5345a14e1dad1164dfd5d55cc64c006f9bf1d5bf6ca225f53a,open_r1_code_grpo,21a91306c240624274eb4db50a8bf800,,1362,3
1363,26aa43b7169a43f1c497aad14c7311b34b8e4ba99467e5512b65edf2ff5fde01,72a834cc8bd0e872c8fa286ebb24296ac91214a17aa0e4b942424f4f14c2d032,open_r1_code_grpo,67a9273d7cbc129f36a10566530d2e81,,1363,3
1364,5f7e5f6463b7fa871ac6bf013dab795d0780d2a5eb101ce56d9e973ee3432f3c,35c127fc2696c3fbc741d2831c10b224e74ca18914e9016e0dfcef1a69a9387b,open_r1_code_grpo,bbb10e701c62a8ad3f7081648537a87d,,1364,4
1365,f18f450efdd8e0f706afcd13e4f81535168606626a449d1af5e8055d693a7830,97dfaf7d36a86a2f0782c93ee07df64ec25ce9dc8cd408f1ce6e530d44dc1c49,open_r1_code_grpo,df28ad7808b1e2251cc8d530e36497b0,,1365,3
1366,5892fe10f618920b84cb3dcd8b2d5e66fef60faa4fe18b195b4d76d492810db5,8fd4607d426974f0cbfc95049c8bb2291071c9d133209d77041bc4c96319c47e,open_r1_code_grpo,078d55a7b98f6703c5670986c18da9cc,,1366,4
1367,4ec7345f16adcdd27b2a85eac6336cfb6aa338cd2ed6abc5c6d7774fd0161c2a,9dc88ba7e9da284f7b32b6cb1382f9ecb5ba34aef24fa6d4b62bb1f2bbe3ddce,open_r1_code_grpo,38d2c1cf8f67bb474cd977e3964b408b,,1367,3
1368,134cbec81bc12b6fb39ab0da2dd66080c4a43473ae3b349ad035f15c120abf70,44080573ef90456b12809d8d3640efe1f874499abdb275959cd10538a5e61aae,open_r1_code_grpo,5e8226f942987237d8b4dd5002901960,,1368,4
1369,7f067fa60d83cc68fba5d9349bf8ec15e611683bf54956792282b18f4df5ef25,258e48556eae9af69f31d53896cd5e35fcc309463410fc6f4cab2c38bffbcda0,open_r1_code_grpo,5d209c78d5bb2b9d51f29ac879fa58a0,,1369,3
1370,943c2890e9305c9f1d1c3b2266ca94a89229dde272c55eb93d0432c3b0cd8241,ec25d977456cdec385540bab91caa2a6595f5399a830da1bfde6ba44ae64c053,open_r1_code_grpo,4fb6c50c17d7300b8fac2f5c11adaea6,,1370,3
1371,b43286409d5e697cbb03e493e42622fe96e8168072f699317c0b6706eef85d85,ac135fc49f5b2b260c16f11eb011dc7391f6b0878b879eb3aed041033be27558,open_r1_code_grpo,2de0a9aa7df5eed011e7c269f172d575,,1371,3
1372,0d18c0ffa49030b506e7f7b2bb4c2fdee29efdbd8d7be6a0a72f4347781d1c9c,73245a17388cd3d128e5043477fe6579afe5a49f5135e1ef457291241edc6ba5,open_r1_code_grpo,d3e0058f26db775d7e9cc3a1846672c0,,1372,3
1373,c4e456f996203e41859e61db6d06b9dc0f01b9abe8985667f89cb97adaf598f3,1e4344982de0ffe5fa99429d1ef7028186e905b9af64134652619f7c5a050db6,open_r1_code_grpo,02d1006dc6260ca63a086533b5eef237,,1373,3
1374,750eaf4b3525b0b2d1bd26c992c2071197dc90b97ad87f68665868f78e29c93b,31f971d455301ae93143fcf70da77a5b57716d0c0e01c8d225457bfd5a8b3521,open_r1_code_grpo,b34562389c58863baea8ef25070ad734,,1374,3
1375,8b680fc9bc5bd5fcbf5cb91b70061941f1f97b4fa6a9f19286fa849152db83b0,a75e9f2b4e6ace2d0b448b0f724cbcee864bef8146366cf3c417dd57bd426d87,open_r1_code_grpo,cbb782d3a8f38cd10cf87279c4fe5684,,1375,3
1376,cc59cb3a4f60de17d8b505624a8c6d8d96eeab53fae638b91c6266321980869a,24b5d57f11ef31c33f27b4aea620b2d7397969c585f573b05bce9b55a0ca4b74,open_r1_code_grpo,f729391f3fad4c9efbb909675cffcc36,,1376,3
1377,8084ac0c77e8a1799aab71b4071fca5ed838d7bde3e43517b7799f9198e17575,c5ca0aa0bd9d5f7fa16a184fc17cb82c993db6c8923b1a1180d283653c6458dc,open_r1_code_grpo,5108273e425082f194a71bbee665b67b,,1377,3
1378,8f8a296cb9ae0ed258e3d0ad862393c1a331f07a8e21e30a3a361a037a2ad6b4,858307e1f0ee8711cf53a779444d4593287f650286c4fa2c469eef25efebc573,open_r1_code_grpo,927cfe24cc8d039be1f5c0f5f1cca502,,1378,3
1379,3e2a78dc5904c9a4fd825543e93c503b11a5b7c4429a0770163999e71c86a75b,94d5087b6cbe2e58c043dbb343c6ab22cdbdc5f6320107bab8e8ba33b2f8db3d,open_r1_code_grpo,264290c05232b9f6a698b516ad8f48ce,,1379,4
1380,10a87f9884c8054b736a42ed212b23013324f34749f6ee23b2bcd1f11900ae5f,b940e7f86b2ce707054c306633ca3697ce730c647e4caf555368b55d6a308a16,open_r1_code_grpo,582240469cac775f88ecc008f0f28a59,,1380,3
1381,f3c46cd0e8d64f60586f1b7dd8457c0f89dc35896b2d1e8c3d8eb827db5f955d,b40e850fbe21769827210339bfdbee66955de70489ebaa8c486fba83268fb7ec,open_r1_code_grpo,a9ae78a1a446fb48f526b69436eda43e,,1381,4
1382,0083e8d3f0cc2553f0cc712e05be8083979883a28a889b048d634cb6a2168a82,c731901009654d7728e3265ed8d2b516bff3bccd4c53a454ffe6664a2712848d,open_r1_code_grpo,5439375bcb585c1d5cc382bb0e120bc6,,1382,4
1383,ef993596742e850d732cb346af5d899f7e83f290155452d99a8310d405ef9324,61e218ce096e9ab1a4aa63330407023808fe1f813f0ba79225a8672aa7ca7930,open_r1_code_grpo,ed9d42f7933e89c5e23a9cc0550f149a,,1383,3
1384,0c2a616636d2dc759096df3fa9c2d700ba3a0cd1663a0d9552c2b971e0669841,2aafdf4de3718ee8896274fb545144eaea7ddfc2a0c23f2e50a98fa2cd2dd445,open_r1_code_grpo,a5048e0e74b5c975be663343fefc2cd1,,1384,3
1385,10ea1d937ebb43e66231741be798a2a0f5649014635542c20cd9b3620bd6d52e,6efb88f4947fb823f6d0dc4e768f351ede3be0eae5a4b8e95a758a63d8a61fca,open_r1_code_grpo,ec3bdaa1ca61dac248ffc9f46940e8c4,,1385,3
1386,6c2c68d8af11f93e780c758b1e6677cefb5c72871dd2b3835f07d453f21a99f4,96cbbb91ea6145ed7be57017108fc28c3f59c31dc33519db4267ff817e3121da,open_r1_code_grpo,98d1c3f099bffe357ed675b28cd208a3,,1386,3
1387,d0c2ff90690285224a76fa963a377cd0a432501147871a3a9e8ff8b083bb53ef,00df090e0043fb4871ec549ab020af85d989b63015bb8d515a09a5c3f6eea581,open_r1_code_grpo,b7decd6d8ac554fae215180a7a10df5a,,1387,4
1388,b48241c14fc5d8e3a3c906d623d3b2faa98ec0749856e3920967df618f0992d5,5dd00e8cfcee8d7aa9995e3cea791085b73a0b213115d7b053bfc41275cf1447,open_r1_code_grpo,181e1c3e2ce0889dfc761689453adcb8,,1388,4
1389,9dc4def8e51461b48ea64e13138c7919bd63069c16c56330d8365fba7ccbd5e3,c5846b0d3c2fa7aa7d3b313193a90d71feeea56aee2ce46b663f19e6c497cfe9,open_r1_code_grpo,d6a6b01f54ed184fc42f4be30c6e95ea,,1389,3
1390,46bab4661e2739b5f239851365ae8e35c709d280501ab1aa5722d38ef7f31497,0998b8f002c06a5ed8c39862c6ef97e173a996c92d9ffd33680c0601735c6b13,open_r1_code_grpo,2bbdfcc27d3c2865685ab548bcf303f9,,1390,3
1391,4cbf005a6dc3214ecdbee6a97502ec882a749c4f1a1882e05bc0bb2478c64f34,2235c501c03add8fac2fb9bfda89d9954ef87821aee8a92857323dfb77a481ea,open_r1_code_grpo,016bcbf00bd5b6c2108d981f2bcee3bd,,1391,4
1392,565927e58c48882f300f96600450a0dae6959ea3318307613b34f27f89a747ae,615c43e6748d279aaec5a145a8d2b79af24d9e1c3f20be759e47423c4ab0c902,open_r1_code_grpo,e757bbec3faec517e98183d4ba602ae7,,1392,3
1393,39705e9cc47b60972456e4824ab0c1cdf01c790b10418f03522eafcecdbb64ef,5bd1d1c4e7f3d38d2de079eaea0b0838fd7bb8f6244ba1236c53564657966c5d,open_r1_code_grpo,a75b3afefbd9d9ab419e67e2cdd6066c,,1393,3
1394,7e7a72f6e7f13216bae1b32af4c33afd751b858f1e219d567451ca9e33b805a0,a06a06a6593519bd20750d1118f7a67c4aa34fe59194a2ac0b5127591cd4d751,open_r1_code_grpo,134bb64e58d6aeec47688e3fded3c21e,,1394,3
1395,8594e5cf71254fa208bd85a984f0102bba76fabe267c91427b9c345ad0da7d56,9e87adabdab2e3bba5464a5d0e12807a8eacb71a4ae183932ca80195a9bfd4b0,open_r1_code_grpo,71029adb57d562252a3a9dd224cecb28,,1395,3
1396,3a51f237ef6b4fddfce33e2de453cacbb8f3509e71b0bceba8bf327e5e0abaf0,99128d1a722067156dbd16ff90aed59fb910d69be6eaf5832472b44b2c4222a2,open_r1_code_grpo,4fd15f1f0007c5e1dfc90df5dff4be8f,,1396,3
1397,e022eb7d9e5d26f1ae0a7e8f11e0fe36c39e9a24749bfb218f5379da0956f915,a6dfd151933b759a9aa25262f3b95747b78cb8f6bcf5eb0d7094c9ba7f05508a,open_r1_code_grpo,8ca6f2e5b04f19415644c7f65199fce0,,1397,4
1398,a3aca28291a55243ca8d33645397af2f1b356de93b546d8e95d17c0c206725d4,e92dda27522e69da7e426b4c4379f5e85cbf215aed527e4938492fe07e7a7f7a,open_r1_code_grpo,e0f199a2fe21664198badc987fcabd47,,1398,3
1399,e200fea45655beb994f12ed7ad4b4ac78800b1c633ee2e3835f00cd664c2899e,c87286f87e39736359fcd55c8e9bb787ba72122386af593d8cacd4fd86c4436f,open_r1_code_grpo,06dc622d598f78ed0970445d739cb847,,1399,4
1400,f9cf23d7872db306b241c6ab1110178eea91ee49f535c1f3d65bc187ce2cdecc,d87334d09b798048d202e86a3e7bb0e9405ad6da82b8821bd368b40c855df4e6,open_r1_code_grpo,8c6ddbfcb38f5a1c70f6049fcbd2e524,,1400,3
1401,ccd253e1fcacef07fd2f45f43b04767f704536f2984bcd52e9bc90a256ef435b,bf4e5f9ca83003277495f0555e48d6c37e66481f1549f8bee11ada8f733d64ae,open_r1_code_grpo,d041b36241782a82c689110cc2cf96e2,,1401,3
1402,65452ede24b62f54a3411afb4b12016b49b11fddb86e331914b41f1879cccd49,5ee8288ece7e09102de9fa7857d577b769e813831eb12b12d18d445fe1aaa1b8,open_r1_code_grpo,11f31452f7a4238dff9100c79bcf51e6,,1402,3
1403,44c2786f5a4587e861bdea1a50857b5cecfb1e70dca956e35a506c7b314e73f7,13e66470b2a8f1172f5a185af3b762359e77c8cb84afdb40490f63094917e4fa,open_r1_code_grpo,82adab89399d91d26f9c2d02a1431b1c,,1403,3
1404,5e574bca19ddcd77f00a18ed867def616caa738d79613897ea1aabb837ef1e08,914877f715f307ccb2507a8e69eefb565ab49fb4adae370a756266b22616af37,open_r1_code_grpo,acda895523fc6e291959d5f84d7f20de,,1404,3
1405,bee98002452ca2120a22afc2effaa383acfeb2e9011226cdd595986a336f5647,f23906b1003329b0226660b3f4707c5e0f12208b4a050d381ca2033b7bae0fa0,open_r1_code_grpo,9077e099243c122dc18c40f03042af22,,1405,3
1406,5cd541a9b4939a6e63ce091da62ba20d16c4c5edcf48651eee104a2485ce974f,402a6a287b2a5045fb32e76103e0eadec19a74b064f1a46146c2828bc94e5e77,open_r1_code_grpo,e29988ab6368430e27e84bd4ee0bfdc4,,1406,3
1407,17fe4aa8e7104942f7ea2a466ca8f37af2831b449ab2257a1bf0b3a345b837b2,a0540c78ae3275d6a198ba86df62db86daf9e124306d7cb2d7b66c8e10438af2,open_r1_code_grpo,6f0d7c4dba86b9d0a8a987fa021cf01e,,1407,3
1408,f18b7bc83e45aee078e31bdf4eaea273207cff6fa08ff0662f6263e4e338569b,d99fda62bd1672e4213a6298d5777a34cecabd748d5aa7b9bd947d98e7da2693,open_r1_code_grpo,51cd89472028044c21c2ebe54d1f46a3,,1408,3
1409,8bed5d6c676d611be62c482a7861b7e3888ef7359e714e4bc34a20d90d5d3655,26febe28182a829159f0d4dc82ad83bd1b0a8adccf9288218dbbf9cf4a8cde54,open_r1_code_grpo,448ecf51ab5877e0640bde4e2c3267b5,,1409,3
1410,98b68e4a5d5940e600c47afbd8d61aeea9e61af966d4e2cd432d7edc533ac823,1bb183629fd694ce4a40298425959c6c833febe2d37e6851a7696b89f48daa7f,open_r1_code_grpo,035555eca565e9feca5be91e0a629c77,,1410,4
1411,b4bdad85c4c0edf7f469e44a4af30edf0a85e7759e0610a36655353bc36026a0,12479ca87e91bd615ae2d9c937f8cd865c2870b3972b82c65e82b01cda0bb016,open_r1_code_grpo,c9a3c33f78f2f272849712a3665e8f78,,1411,3
1412,c537e7dca82bfb2c87ff571384d1a61725368801af111393f3ea54a436f197f2,6f4b5b706627eba2042539339b79a4e77d93180eab2399cb1ac4fd8710ed9fee,open_r1_code_grpo,cf88601429ee18ce572cbb9b4f089b62,,1412,3
1413,78cc6e12a1159704a97e0c295c947305fa03622547b728f84b0d0645caa92f32,19c6b8c8a30d144de4fed570aec130875a143f02542ff96234912ea4bc0bd8a1,open_r1_code_grpo,f647d99dd2b4adf965263705423f995f,,1413,3
1414,8af0787000e2e2973a868b8202308df32881a5faaebcc65f62bc1816c5086041,3d96f3473ff78b58857287d918b110dd46243bdc4d335d05a21cd23601958c96,open_r1_code_grpo,de53cf13d51a1391a1395ee467177972,,1414,3
1415,82e84eb4e570c83f7c939430646fc51b8f95a8e58cd5cce7702f73816b3c6447,e241c98ff2a4c0ad4879eac1c01aa2a372dc520dddaa7f6eded2318483da1ffb,open_r1_code_grpo,990b59eb8caa8bad1afdf41d98032f9d,,1415,4
1416,7a67ba6d2b01ae538120aea22a7e47e0a6fda99be66e6ec05087a478c9e9dfb4,b9dd13b30d316daf5a6f6dc2cf40bf297a674b2b133c58ba5738c4a08f112ba7,open_r1_code_grpo,04e0dca746fd2147b7cf2052598049e1,,1416,4
1417,db5eec5a52ecf2d80719147981e666a08aed8ec3f0b99cecbd4b12236eabeb5a,e4df150b64f63760188c6da8a385fb96fd5d918a4ce459756385328916f67c7a,open_r1_code_grpo,c8cd28ddfc0c5ef99655ed10eeff8fcc,,1417,4
1418,86eba094cfae4bafe16012726a3817ef6298db1b2291ace8f63829f1441de17e,07ed36a79ff3ce7f5b06601d9585be123d6c904802368af4b652d1ed17a39c44,open_r1_code_grpo,630051db98cac6f34cc853dd158f3f02,,1418,4
1419,b2ed95b4f23fba60dff42b7181c76fc6316b643c78915762925f2b9916da9fa7,d37f7e4e5afaca80075f7c36317893000700fbb0512b02ca1f5d9c1e60b012f1,open_r1_code_grpo,06cf49d4399ba2838b66c2f9dc5a4949,,1419,3
1420,a5c56382251334516a04c8adaef492c203a4b434c0d48854feebbb8419f52d69,ff32bb51770fe0f4a50efffba1bc665f0cd1758ee7176f680708e7b0f2637b0c,open_r1_code_grpo,eaff6527f132c0738c7508309a8b19dc,,1420,4
1421,aeb0b693368fdd321b1ed1037720faa80d6af427a04f7553b393ddf0d9d7e0c8,53f35c31c64d513a5cb64af0b8f69a3a956e17957f223046cfac85fa4711df42,open_r1_code_grpo,24b7c23df96a0e80290abefc05952ca3,,1421,3
1422,7eca97b5016135ed7901fbc4cf00307f50d8639ff91c66c1e29f090d8724c1a2,8dffd9cf51efaafa3f74da0dee0f208fb793248bc9479645def4b49afc5e327b,open_r1_code_grpo,7f6d86413655cf87ddf7373c0f1f62b6,,1422,4
1423,c6b54169928c650233648d3bd8f49740dc059572ac736b397af2edc8415052bd,9e1f48f4f0182c8f91ee5549dc168918d7c75c97e0cd902b80b6f5ced4b3e9f1,open_r1_code_grpo,388e498691c440a38a931e8252bfa7ab,,1423,4
1424,4e6a3851a3813ce303522bb5fe772a5f49124d4cc3685ac8e91cc3ab33a639e7,3c6ea065a759213e2f3d18f6539c2c81f3e24af51a75b55b12fcc3c773c4023e,open_r1_code_grpo,f7edb4efc3096413e5b6eb8d916b5a2c,,1424,3
1425,a52788e6acb14843caee8ca1471cfec349730314781f435a409d7dd06fc51f0e,21a4564eee7173ed3d91f044de69b7285bacfcd04b78eac0265c262ea8ba92b0,open_r1_code_grpo,89f5948bfa770ce3914b8cee850c1497,,1425,3
1426,9f36fbe604c8a86e12678ccd68cf91283ad84b58c758d88f5eda46b5585233cd,769419b559893e1689e8ee3e8dadd9b7a8c1870eac663a3585a3d60522c923da,open_r1_code_grpo,2ddfadcdb04b0fdd67023181bb5540bf,,1426,4
1427,e6fe81af2161ae9e048862df94c0a3f12f92de96fcd092cdf5b329c065110024,1f3318f1ac2e07f37e0315040c5ad1919521c9ab0b005a9301f47eb5ded27ad2,open_r1_code_grpo,3ded867a1de80e3242a67cee2f4483d9,,1427,4
1428,e565fd40ac53ae135ab6ff47065c46aaff6cb113bca54a990993d2a8dc9d2a8e,2a0a92a52aabe0a28aae77edaf70c381b35bbb33af0d05c207264b0e641135be,open_r1_code_grpo,8eaf66c55a43c8b858d7ef944c05d278,,1428,4
1429,ab602f890919d5effae60d5be72632952f7cbe880c844f75449ccfa364f0e0c1,d651c0d89c1a9769fe3fae42ea67bb9faa88b97ba514ab9d9fbbf9859d1e36d0,open_r1_code_grpo,1622c921d09030c4ffac4b5c52e7e31b,,1429,4
1430,ebbe7e7cfc2888fa3b538a4d807909934bc51aa8e4d473d67914857f57efabe5,5defc2b414634d2fa6aeec2518d1f57e614e45964b0eee13ca6b0e587052d397,open_r1_code_grpo,c9486d507b75481b7174369a35fa8c48,,1430,4
1431,5ae42d86ccacdb66dd1b548b425dce47c76c64387cb82e478b91fdc9bfdbef3a,629812b2c9c3c200fe5a9e40c3ee1c032796c85ed293f121203e62e0c4855c11,open_r1_code_grpo,ed6bc9bad2b18e675d5c2cd47daa7724,,1431,3
1432,0588f9af294498d9ec7b8195caaa2d026b446d55af09dd157f04fa4be192f697,b3e5f737440e83336e0cccf8d296e28cd596ceb1d0ac702560a59e11bb0f4806,open_r1_code_grpo,4bc2580b9e729463c690a1badebc313b,,1432,3
1433,8c973ab8c7b1b2b79b3338fb834e6bc5a4890638383a1e2945e15b2a63cc3edd,616b39210d6bd538bc83ce0569f4567aca545d0f1244e992d07f36aed135803a,open_r1_code_grpo,b945210866ce9a8eb8195d4d1be3105d,,1433,3
1434,9e94baa737277fe18bd3360985eb7e2bbf79d03d35e41cdeba6f68f6c93351c1,4112b9228e7ac1a8eb2715a6e69cd395ffe999a02091fa60db7c7b715d399caf,open_r1_code_grpo,a9e7ca83ee82f7eebcbb8efbac26a9aa,,1434,3
1435,e3afd66073843b81f363ca604a6493114ac431e2cd985a2045f42276ec8a8fb6,38510320e24ae43d5b0b33881f97ac01fb7c90b5c8bbbace4866fffb96998c88,open_r1_code_grpo,5e20f156d1580c5c3e769df9c864e630,,1435,3
1436,d4e282fb1d23ccdcf4ad9d42360f3fd07b63d44df65790ba947191c58036c2c9,20448d02e17ccea80b27643e0ed044bcfd4aad1e0fd3eb9742111f032098bdbb,open_r1_code_grpo,892176a06ea146e0d516a6b5b3c14c56,,1436,3
1437,53d24e57b2c6d8b43ef9e8f3e0652a3d079b697b8b125058426287860cc41c30,582405761b7f5042d2a96b10ae8fc883ed274d46ed8c8233659bcd6261749487,open_r1_code_grpo,fd0e1b8e35a66f5bee5cba8acee3dd14,,1437,3
1438,9f8425dc64aed9d4375f465f261921cc219a3f85a96bfb530f6cbcff7fd34a7c,a9e765c92934ddd90853e4cda5ce9ed3f791286a28597ba2c4eaf8a7bc01eb9a,open_r1_code_grpo,4d812aadd09d7e174f8fffefafa70e98,,1438,3
1439,da684fc4c1072bf65c82434f09580b48a96b39314fa06e5579b855b3e6a62be2,e645150593d8bd9222a4d8f306e624486d25d6d44f22f5aaff046e06b4a02571,open_r1_code_grpo,dd25894648e6d5f4d1986248ce4909d5,,1439,3
1440,6e03b0c44c5681d0e5aeaafec08a8b0b3b38a1cabc0f19b51e2f6b3913109e51,001aad629e80f23bb2147a7b6145c5fce524b85fa16266c15e7a4beb16691781,open_r1_code_grpo,f5a6ec9b5260d86bd6a2a41266da84ce,,1440,3
1441,704d52e10533dd73a8eedfc7397794ef9c2beca706312d55e3e77bcd8f03b9a4,5d295ad57efdfa20b19b2f8e12c4863629ceb0ccf909de97ed2b103e115d3e8f,open_r1_code_grpo,298aadb2b82f72a0dc443b7cf6d1b331,,1441,3
1442,1d2dc6e8338629cf821b45382765b2abbe139231eac558851a7753223d45e8af,f5a9df64f958b37aa794340a6bde5c5aa45f3dd8140188e45643dc7143a02f61,open_r1_code_grpo,d13a74b26d1f8a19e95a83d17167086b,,1442,3
1443,f43d9b49f08b62b1179c5c933bd8f40e63883cd2d83eeef6c2703c85c78016fb,55bbf706000b6b3d80d33354b6a8eaf6e6c5b77d70fafce51797efe00e2ea63e,open_r1_code_grpo,1abc94cdbf62f7263959cfe993366e25,,1443,4
1444,f50f1381871e286364d95773ff21b197100e45f72127170bf5cedf662321db0f,1f12e050f56c1d6e1a6a661bc43033270f4bed1dfa74379fda0526ea2887d1ec,open_r1_code_grpo,ea08233953a6dfa0fcc754e29ae76634,,1444,3
1445,cc3fd394ee78f7c5de5d99103bc8daa945a66985be789fab27217c19fae596be,68f5689140cd10810bb438b163e95beaf9b7ee464d82bcb582bcf4f16ccc4760,open_r1_code_grpo,b31d4cc792d846929dfac72f575a0683,,1445,3
1446,1f264e90bd286366c09e8599cfea42f5d4cad42e8f6665b857afb09b7aba5084,8bd1f0257690526f397f8f9912205724bf6ac3cca4c0bf8a8df70e524c0fb522,open_r1_code_grpo,72b1d842868274edf0b63fef6cfa243f,,1446,3
1447,8caafe63b38193309809143d3da9afe708093556d2d7ca0596493815aeb6fc7e,b47d7820540b29ae6c8351e94fe7acc0c0faeaedd543ee4e7e539a3888e81b33,open_r1_code_grpo,26919aa0ba8b25799d3b1dcecea69111,,1447,3
1448,8cad8aa2fc9d999e4a5aac9f07088d1ba02deb4dfe4a39486a07bf51b92080ff,6f75a517bba9b581964dce2a009f47169d8e6b3df10ec4f997c3fa32d6deb606,open_r1_code_grpo,618ce2ba93cff9dba0363ff88bcff1ad,,1448,3
1449,f65240ddb0ae2765e42db98427c474d4fd293b4772b06630aad88e0b826e0174,9034abab307f6af84e9e2387328841ea27ddb9548628e6ef9ae0d2703fdc7283,open_r1_code_grpo,b310d50e89a77f4d1b8f4953ee09710f,,1449,3
1450,90c0be161072542495ef86404fa7b0879c6c3a5135c425a698e4054c206b24f5,c9213a87137f984aa99e678e5b5adf25970e323ebd486bbef37a00da3bee4c35,open_r1_code_grpo,ce6fc6a41fc3d714e45be9623780a564,,1450,3
1451,f7ec270aaeabfe106f944d28765cc184d294c8c4a515e6a379104fb32594aeb4,4fad110c905eb6bbf1184c0b636b17235a1c71be4ea28156a7ecda41da8c989b,open_r1_code_grpo,22c7cfc9876bc3b3785f08318560e04e,,1451,3
1452,51981071faa0e5028ccd14ec118dfa6a8b44fae7adf4eb742a6bd75905144921,7eff0f0f9fce2f961a5a4be57090efb1f721bce0e42f908dcc50279f2ee9fe9a,open_r1_code_grpo,f7b3cc6104a1e3d8169cbe9b3bcc35b3,,1452,3
1453,55d676ccb6c842b9c9621fe42872750ecf6cf3d87111b02ae2314ff8c7421aea,0149aa0e4a6ac613a2f4eb895bb0928787f6abbbcb0d5a8fed7c2aec2860e851,open_r1_code_grpo,176da1236f39b8afbadbc9b41edc98df,,1453,3
1454,9cce15923d322ec63ca5a8497814878ff2d857b185005ca56bda1be7819be4d3,304655dfb1d0410866bba2c221d45a9fad557c4e63b841b04f84e48701b648d7,open_r1_code_grpo,a2d4a6062f6c9905ee7efe60b00eb5b6,,1454,3
1455,7f66f7bdb5dd15dd55ab4cccbd772e550c39071eb848aaf2b033da09d6b109e4,bd3b1d172e8795b73207e251d8c63accc7a5b303e3d66d1ecd55884800bcb1d0,open_r1_code_grpo,748546eef72df7681c2cdccb7c242d6d,,1455,4
1456,f099b203bad0865ff1f0423f53851d243eb656e54fa9cd6747aca5292a59c271,32a2c3bf7992b648335a635817e3a780d7624139b536ed46c1a3d98b7892a84d,open_r1_code_grpo,c6e93db9925305922f2a6c44cc80b980,,1456,3
1457,38a23af10c9440dbd49f2680a8715fa74f7942e93cc01c5fe5814e7ff69d4754,796521c1cbaf859084f6108b0e34b49e3f7094d54fe456871bb175c63631043a,open_r1_code_grpo,3887c0c3b8ee5c8a8880b62b6dfea3dc,,1457,3
1458,5ff17d157b8b9564c273eb33214021692045474338bff80f4a0fa02f0838bee6,6cc392f25aceffc4e2eedbf87a3360df557aa48b6b2d04b4d34fe2db6a67afda,open_r1_code_grpo,c772e1a6d25b62ca4d241b30e4d92091,,1458,3
1459,b5ba358832b91d90876afc6ac59550b3caa2bdad793c05d9b6a5d39ffce4071e,49cc83476c955edd4bb71434d556ea9a2986991d89c756823909ba3a15c6a889,open_r1_code_grpo,d279b52cb3b2c6e14d143fefb322e634,,1459,3
1460,e6f248db0502bd9ed0e585a19334e4ae88b9f363f99b3de716befd0e63552886,c54a576434694919c9999e04c40cfccc09e34790701da0d25abf22b6c61f17ee,open_r1_code_grpo,d187995a0ef4732f58f0efa6e0761355,,1460,3
1461,ca02ae6eb7de2577057c61d037476fe53b70ca189b6bb052219d9bf5996c4fd4,5c2575fa50f65e26c2a538ae72964e13049eaa9f818b64b7ee8bd0a4201fe3d4,open_r1_code_grpo,e18aa79a3e60f593749e0af9728826e5,,1461,3
1462,82fb570126b3d7009aa2d866f88eccc6feb2b76bffd0ed9766bac09345f43045,358aafa3afa83d8361a9c7506fd2e9922ee184cd8c9c4370bee9b43e8abc1c14,open_r1_code_grpo,f87a0d66e789322ba3fb28e46bd3ec24,,1462,4
1463,c9c3af9cf1d2c5fb6010849e56eeae3a16481ca28c99ae517ccdeaf996775642,8ca4f1e478349d920be23614cc93bb903fde7d11961bb34f3c6952b304ce4e65,open_r1_code_grpo,69003104f5bd99374782a3e6a1d2acc9,,1463,3
1464,7bba6c7d403183d2045fa6c4c39d490c8a0c3ede79d2d28c7100ed8e79151fc6,7421726507dc8785118877a0b08001b5f1c7d8d979974209713721ff0f4c6f04,open_r1_code_grpo,5bd1b54c2c7e3ad6050375dab1399189,,1464,3
1465,063d7173630e5be3a9ae4168017b04cda6f00035209e3c40bb9a0eabf32b0992,9e5bc21324f12d5096218f08719b103a9fb093d3ac0a2745f0a760826a6c5c9e,open_r1_code_grpo,87b964a90178cd975abe71b7147d7eff,,1465,3
1466,dae92900c6abe883aa0291896c850b41b8cbdb6a0d0bf9be13b2b4a1fd789e68,0c9189c7e622f21f3bcd975a88db38bd036deac1e353c34633cf5fe242a63115,open_r1_code_grpo,eaefd337cc979f85cbe61c610542ab38,,1466,3
1467,8281a74cde793539edbb0feca46baa9906cffe0661714516b9f33c8ab6e3bd52,d097a9a674124a850931a8d6aba40ec78999700702353a0a956cb315209c8e33,open_r1_code_grpo,79af2dcff5e8ab5c500c705ce7ad0ffe,,1467,3
1468,33c6c18e0210b1f4a725c88e1e805550a86cc572882595fb13a9a9cf5ab096dc,f5462cede1757fd866c5671d0b71e20d125a3d111c5ed8c0fb46ad8005c120b5,open_r1_code_grpo,0ac642fa4563507d31ddb096d9c6f0d6,,1468,3
1469,17218bc678fb94ac3169909882abf1edb7a40c48894a3c80743be71a39bb135e,5b67cecc08303011bb90c1c26af57fe5cfc1092e6a5d2277e5da196fdd733260,open_r1_code_grpo,ae612af6403745eef31592341685ae68,,1469,3
1470,45db01f31e7c8eea6d24255871b63eff6ab00a10131641e25e25aa1d06361348,75fee4bd6a67367556568d039b59b6688c20ab6a2e8c679aaf99c0e8c8d3b4c6,open_r1_code_grpo,07011448baa816131b6e2bedd02a77f0,,1470,3
1471,fba64a7705737cb4864afcb6d4262a2bbe5936577719447c62b25c71dfd48c81,71a1bc5d2ae6a46fd7f2a6654c41f10cf5fb34f2e0f028dcfdd7f243c8f0aed2,open_r1_code_grpo,5806774475646bde8968e882a88fb2cb,,1471,3
1472,ec64bd5c508680085241905a3092f2a296f5357c6f1afe943aeb30c73b8f5e4e,9324fa1b0d90e7d3d9cd9d317e1fe379c7e0cfd9544d11c9eac1988d6036a813,open_r1_code_grpo,4fa19ce07f6ddf7c6e1be4af7d93d1b2,,1472,3
1473,167f761a976171345e2a9aafc897fbe91d75b521bb779d9d2dc6142b78d9ac5f,c90168d543aa69e056022ce7a14fc23466b5a056e0c3942c1035271fdb61e297,open_r1_code_grpo,a5115d0ba7b7f8692343977fc1e85217,,1473,3
1474,d584fabb733cf14718998d49bb3af0f8145a1b8b113ba8af37a0129de3a6f4fe,901cc4c87179cff5714373075e645d8c0e97cacdaf8426809c4b2db1209bca99,open_r1_code_grpo,5a154b3257962c3295209e90a2df2f98,,1474,3
1475,e646639abcb8d8ca3f36ec635ca7fb724dd3bb122b9c4f6e88862d83147af168,3ad1e213303c7cf49056fe2f57e79d5979d3a2787c3cc1d0b67813997adeb7ee,open_r1_code_grpo,7f1212923473fd7611d6ea272e7885a1,,1475,3
1476,e169a8b2d6d6354a84cb208a3fb1c1ae118879a3b782877c462796aac0c01d6d,3ddef3a3d4aeaa5e8819b3a3f81a04b56552d208a51da83365eb9e22254dec77,open_r1_code_grpo,662413065cc20486cc5fdb65352bb2c6,,1476,3
1477,6f975b9565b9a74e992c6b7f6d00cd2db5a6cb3b2d01a9b4be1bf0360e83790c,72e4982718571b9a0f00228b6f820ab359d65b666113258a8cde64fc4b48b088,open_r1_code_grpo,cd4353c102dfd0fa9296e86114f95fca,,1477,4
1478,cd32ac5a4a34bef1a7bb670e53b1ee528b7ddac691fa7419bfe0bc3679439f7f,c25c3b19f492f2613697b02dc58e5b7c63ae9f8ed82cf72fb96a0c0ef121570a,open_r1_code_grpo,7b383eb57a98711804bf9a3bf5d2ba7c,,1478,3
1479,4780793aded71c774617b917713e4a7ab26f3431964c173bb04ff282a1422735,2d0af9fd0db24f5b2c0751ae401782a1bbaf937e2c566d8ee067b0abd01d7990,open_r1_code_grpo,792ec72f1a1861d26c2eaf9f53187693,,1479,3
1480,cbb72c89f9f10d7fbcc94d51b91d739bae44dff562da031640f242e52f5b5d33,23fc6f51299219bf7ea87256f306e43e18348f06ccb04acb7804344b5df8ca99,open_r1_code_grpo,dc2ce8da37a7a1b8b5e878ff2c19bc6c,,1480,3
1481,cf92955cf0a0fc5bff64c05a06f1f4e09fe84acdb92ebbe9e0776c8635fd38c9,838b4991c45c5efbfe40af9f10d76a94a08552ae250e80fe44588571e0cadf36,open_r1_code_grpo,d115d872949d1ff2d199d8e546d07fb7,,1481,4
1482,a89c3c4d90d460582127471f792ec89679a9918a7cd8acda2453c7abfee2318d,3e30f3aa4fc87b6619a9cf039c00d3bfe83b63d581a39f1ca4bc0e2fe9ebb376,open_r1_code_grpo,fdd308e115c674d037388e5514819fdb,,1482,4
1483,24be25436e745b0ce3feb9a4ed190a531171bdb3ab189b32d17dc429b577c973,044a4da1cc473684eda994fdc173e50dd271f200ee62c814d3d5cc9d76d57bdf,open_r1_code_grpo,969dfc198ce0c69cf648540133541e31,,1483,4
1484,5b6f18eec58d78ad838cf1257c70947cc261afe4a6554e973b4f417e399bed5f,776da1d3ff2261e8290959f922fa60bf1dc73bf02efccd48fc358d4ae2466ba8,open_r1_code_grpo,ac1a16a205f5aaa5530d544c67a465b6,,1484,4
1485,8e8c3147802ca40746290ef1e783373422568f569eeb8a4852eec25105708e54,63da95ce2132c89faf6f91def63fd0e1cc78ff0495c8c62ab1a56b69ce75fe4e,open_r1_code_grpo,aac0ad516b18cf5f2ecb06f662fce697,,1485,3
1486,4cda52ec58b9a35fcbe9c96cd34c7b70d6082b31b213b10f2351a27ed475b9f2,1e25b435888eb25f0eb32bd4828df4386218562fbdb7d94e23611dd7dfe8d49d,open_r1_code_grpo,db208de33e1c37ec30748c98aa9a947c,,1486,3
1487,83d9c918d8f1165cfbab679971ba52fa58c648db9a4bd71994432d134feb60e0,6ba4bf2f23aee285d59e2b028ce83ea11328ea627a8ba0c92232f007ad4210f5,open_r1_code_grpo,9e4bdd3b8c0aa1324ee2377a6125d6c0,,1487,4
1488,303ada0918c626c18aaadc7b37157177b5162acb566512782326a8bcbe8b37a5,2c3c080e450e416e8c01898b0117ad1c23bfb3ca9b56c5801fc8cb845d5ce9dd,open_r1_code_grpo,7edd51c1637489d7f103a1438ab0a29e,,1488,4
1489,6aec382b2e57d06ce3bf9b56c3d7344349ecb02d516e62df6c2039628c4d5696,6be0befc00956f14084a520a8f97a2a712f81962f7d10e749926f7997c252ec7,open_r1_code_grpo,7e1112fcdf13169dab017a71cbe5423d,,1489,3
1490,f187e10c594d10a18da324fa6afc941c624110bb7f9b21c10823dbcb81f0ed20,a4ce019a415b505a5e713fc68e032226e43d1e35a150d1e4c3265d09d0f2a6c6,open_r1_code_grpo,6d0cb18ba0b7652b0d4b2d97f5094509,,1490,4
1491,1135ef3a2cd3829689a80d0675007c53cd561831b195fcbbba1e359ea598b3b1,d71b2aaa654d4a9036b698343dd43c647ce5b520c2110037cba9b41cfe714ad4,open_r1_code_grpo,2ea61a71c30a93b248c2873b6dcd14bf,,1491,4
1492,f6c045b1dbdc444989642a70858b6f7a99b7770b3a702367ef0957d7d8c742ee,03af78be04b5fce80066f79b918dfee107dcaca3854b3da511dc6947a6e6eea3,open_r1_code_grpo,4e3f54b65f6f24ee02b4ff6f241ae2df,,1492,4
1493,c2d293b784f15b066673d8dac7cfcb6811f48197617ffcaa96ab2cd70eb2efe5,fb2a582ebdd476e777ab04d4c275bf16a3c9d4b2fe8a4aaa4b61950084343421,open_r1_code_grpo,b0ce41bb60be6606a9c106d6eb945aab,,1493,4
1494,48ac615c0b2d93545222dee0c68b2bf344a990f966e232a56512c366d1daa090,a762a16f45619bf7e262077bbb5e5248c32a07f68da80cded7283a18064d1e24,open_r1_code_grpo,b0344fcf7efc83e9efbba1319d1eea5e,,1494,3
1495,562592bdbe95c3b4e7985fee8bfb1922114ac5bf2fba3ee88b5d7306d7e7313e,1cf9db48faa685c637b53dbe26791d2869490d774c890dcabd14c3ea76ecb0b9,open_r1_code_grpo,844c840fcfa2bdeeabcc7ab189d8ef17,,1495,4
1496,c52027437c7a4beb609c5b8fd8343b0a12b6b0411985e5c7b4a1d862bb903aa7,56cfd05db2197be8573f3dab39c503ffb3fd8e36bdedab79cca52c13f78abb7b,open_r1_code_grpo,28b1435ab54bb8043cb28ef13faad034,,1496,3
1497,5bdade5b2b46eeedc45d5552a6f589ce63efd09ab7a81498859ca0657a9292d7,76761e06b03e39e2e0a8d217955e3b62673f23fea41790f86fe06ac54c9a435a,open_r1_code_grpo,8186e81416cf9ca7e9c4623264bd4349,,1497,4
1498,03f8734534308f1d8e4bccf7f96124160891ce9019c3a181826137c674cc71d7,6de49ef919eebd556179b62d2cca244e094bf1e61ea8c0355aea18d4c27b96a1,open_r1_code_grpo,cb27b736889b5ac7b900ecf1e9de796f,,1498,4
1499,d56be35c6854b5043b5d67d8a7b59ae8b27b43274c1c7b381a75e88d0c5e6162,76334caf1c9f947b1a56db13ef4ba0a1b231a66f7895802e0819dfb7b990cb53,open_r1_code_grpo,e104a8357cfcdf21670dffb7dad4a2a9,,1499,4
1500,34dd1470fa2be039ee26c8d9e88c83e0aae5651073c67d9469ebe1b77aeb62db,0024bc96a959ccb8ae55fd0e00a67ff5ad4bead94ccb70df89c0613fd0708161,open_r1_code_grpo,ef9407ad7c2f0217f8a839f91afa421c,,1500,4
1501,c986b077fd33c231a862c994570cb53c83251c59008a4e7a7f0088558687319a,059d4fa6e67677599bb2b13f55449d896da1a24d9df99a247629d9b2ea1739d9,open_r1_code_grpo,af43fe8f62cb3e8c7a67eed2f02f77cb,,1501,3
1502,d2067cc9f0a809a79879f28b0175fe598f97fdee0454631e2c66d397c01a83e5,7bec9870d74416364736f1793e62e493327cf22efb9a48b69d0f883355ba9d5b,open_r1_code_grpo,7c8a1c29ee2cf986ba1265e66a222ef4,,1502,3
1503,3c6116bf91ba4566665670e706fc746b8160a96cdbf977600d5d5eb3e6740957,505aba7b8f46a70f436351f0fadd83a1efddc862912e50258b8e99bd585a5fee,open_r1_code_grpo,0482bed60faa54db60f60937c45edbfa,,1503,4
1504,268e22da932ffd97f311312a2aaf910017fd10dde87c2c0cd86ea03797ba681e,9237d442d839046cbef436c373e859a942b748e0282481a3d10aef4e0e7c64de,open_r1_code_grpo,62280c911e3d443bfbdd35e3cf3b37c4,,1504,4
1505,eea31c3662e517983cc53654cbec261a356f6a49de320e6f1c3bffbbab88ec38,1f5c7f4808a3475c5acfe4feff650356f89e27f6584bb04213805f3ce711fc0a,open_r1_code_grpo,fcf35b6c0ba79d1a0ef02ae9ef910b77,,1505,3
1506,9d730fe7858830b0d9a3f107f20337dbe8be1d4b84637b4ffdf72c71449cead6,04e87a2bcda4c227dddd7d2093faed684e73b891139bda8e47ef89b48370bb7e,open_r1_code_grpo,25b30c11e999c02f960ab0eec24814eb,,1506,3
1507,dcfa0516293b74075bed00765fc8752c9362bbe6ce28307bcdfb489116309713,c9ef70e43bfcb331b0f7946957892b1f9ee7bd7a0f44dec20d77a00fcc8fdec2,open_r1_code_grpo,428d22c58fc4176d70c20d278043b343,,1507,3
1508,c71b8ce058f9aa5d011c1744a6c1b53d9332445b05f6c60a203a24d441a3ec24,62e71fdda837d39f56610bdab5972b25550d0cf9916d3aa545efafeb2ba46a65,open_r1_code_grpo,f08a75c95528a685aa7962cb8387ae40,,1508,3
1509,4516355a33d1b68388c22d9217c96d9301dac284d71559c784be25f650f693e2,d669dd8bd69bdd5932debde62edd3689f2dcb9b5a06a0c4875789529f971bb4e,open_r1_code_grpo,cdd05d9a3727bdf87876a8b9cddf541b,,1509,3
1510,21fc8f5bcbda8451508a2c1dbd5f6a0a81f19c5899a9c05e518a0c9308d67407,e5c71c555339bf93b7d1a0b4d29bf3aedd2a99edf44e1b9ec834419aca9a47bb,open_r1_code_grpo,487c8d1de2cdca050b7537bf87627e1d,,1510,3
1511,6b6758462e696a433dbfdc861d357df019e462731aa9436420cead59efcf52ee,53b6035172af22556e7f5d1e2f1370fb649a60025243a9a5b2f94b5d97ddb46f,open_r1_code_grpo,9a8710f8cdd27a87574f3e9e262a9d65,,1511,4
1512,80399370f737a514e244785440059002cf21ea6f4fc58e76ba3b868abe4ae6b7,364ca93f86a01660025a5e2422cc4f9dae583833306a3bd02fd3e78f7cd40e5f,open_r1_code_grpo,ffe1398a0a8a96a7d162bb4f259720f9,,1512,4
1513,f0f92a077349b95b85702a4f0236f78e09235ceeeae585c2db0a9ff328ddb135,e0dd6b5d4bd21afb0b8eda6122d473b6a3d4afb44712eef7a9a59a38f9b3eb49,open_r1_code_grpo,b3fbabf45523f03b5647dead51c07d05,,1513,4
1514,eb4921b08e4acb119750889a38729340dcc86a53d5f5ea4c28d6225abd2abc42,c38b48b5f5c0c77c847421967be7f38fbcd0396312bc4ea5bee95c97e9ce4b1d,open_r1_code_grpo,216912f56a6da165b85899b49078fb1d,,1514,4
1515,bf566ad4351e453ed53307edd303cfb36b0646b5986f464e471c6962cde04cd1,06ff83a57870eaff3b4440baf0f3d4ddf5c1e15c5eb97ea7095d961f7073de57,open_r1_code_grpo,1ffb57da7671da9f72d9206dde14a516,,1515,4
1516,d4b25e6239b4ba1302894df1ada6a768fa819734caf82d1b8ad6310bb2206033,a96a2eb36c26a0af3eadc6678e1f26b4c2be6724187db4d6c534702090b21fae,open_r1_code_grpo,a51e9a097595ab594624b07939daba54,,1516,4
1517,b23f4081ec96bb103a11b56355a91b254c07e5271005a637195eb5c5e67e79e6,88f876b1b3cfcb24eed89dbf6ca88174c59702cd3e5f559035261e10770fd849,open_r1_code_grpo,4284abc2203eff22465e553b39b668a0,,1517,3
1518,b71b56cba3f6d9808a4b1f143d404d68a46784849ab7ab9f22699646d50c9d05,9f0c8bac534be517b4080340e3e12d00b8a1eb667a4f015f7d9439a94b90aaae,open_r1_code_grpo,4231781f3873a4a229bc3e2b528b1de1,,1518,3
1519,9dab6142898a5620a4bf32188411aeabcec634a7c6b9ca6f5298ae1205861d31,89c11447057442d7de86fd302a3d5224d8dcdc66a7bcce6e65747522ea336492,open_r1_code_grpo,abe6ed662b9bc0ec04ef64631897076c,,1519,3
1520,4f98ba329b9c57385be3dd3d31afc9e0d8f9f33d0e68addc14838026a27b42f4,574c9344850ff1fae7decd4ca487d3f15ab6f1d40e298a23d6337a99744d6033,open_r1_code_grpo,9b7406ce6fe8089928c3b916c0af9cc0,,1520,3
1521,aef65e1db87e38ffe9de8a0c01731b7108be302661cb6728e08150a538ed5e5e,d52028a600be0a69c6321103e5dd115095721e8c87953f5b6d0d3d91b13001e5,open_r1_code_grpo,d6343cbee7074b473a0602e848ca7b6e,,1521,3
1522,b5c2eb372a3400b1f50aa81a6849f8a2c225e8967458ef888b0fee24b0c3d9e7,1f4b7cbd090f1448d7c397f8361b32943a0a7e88faa5fa27955a3b25d58981f2,open_r1_code_grpo,bd860bfe1b0561796248c68c5612b3b1,,1522,4
1523,11572770264ad80ae4ffc81d64850181aca3760a2bef3a4a6a3f2b2bc372af8b,19a895fae81a268e82c62082602aed47162407a3949ab1de79dc4dab718b4a71,open_r1_code_grpo,645bbe4714f2d5e4f7bc22d4c72bd1a9,,1523,3
1524,fd564aa987bc74d84955eb5b48b88fa88b2cf5352f3cd109de457ac826a7c269,3861700063a50c4fb99bb1cb051dac3edec9840b7b2815b1f8938d60c8447d33,open_r1_code_grpo,ba3d7692e0d1609aa3e740d727436449,,1524,3
1525,5bd6d39835b40372bb94b38aadcd3ebfac091c2396eb8f352db6c46159e93c55,f5f19bf0f0dae7a8733fafb2ed1f4d60ef4531efc09cef8197d3fb535b6a436d,open_r1_code_grpo,cfdcc12b7d634f03215e25ae3b498285,,1525,3
1526,a423602b23edcaef8255dff0d85c949cb44b05cd9be6f417e21c799882366d4d,7c14397800b57e70d87177ad4ec9fbae9b98249d19aa0af9ed15e54e818a2adf,open_r1_code_grpo,cab3d37f19800fa01896c2b96209fc6b,,1526,4
1527,ff22324a678dcae51f29c263c283377a95deeb4525133a3894dc4d9330be49dd,6c4a01b5a2164f6b3d354d8d7115f30b75b2a1280c56896893be67eaf4060f72,open_r1_code_grpo,ed10b919190320bd9503c26341a0768a,,1527,4
1528,e9c38d4a147aa15f3674abe060d090ca520bf0a33e92e7e32e84a686940bbb57,0a5ffb10cc0d1cc853a0d47648f17f291b1ce87d80c3879ca98958fc03d8e325,open_r1_code_grpo,427fa25543cfc75651575ac20fae1da6,,1528,3
1529,dd71ef4fcacbbc847dcfec6fed08a200c4145891dacb701dbf611e5160f30a31,140b42a44a27bb5a763692eb98cf83b61bcf04d8a21307dc40cf285e626d579a,open_r1_code_grpo,769630439e33ee4395d96eb8dea667ca,,1529,3
1530,5e5d2cb5a6dd763f920594a087a6927dce53735ed7240e0f4bf4319216e1830d,dbf645d178c640edab660712675c4a3e625ba3e5378fc5d7a39869e3d563adc0,open_r1_code_grpo,ec3901daa4610d7854921720763d105f,,1530,3
1531,c12fabeba4cd0f948cba54eb22f2b2191c087cf0a995e00b86d1c6fc5fb910b6,c9fa044ebb012b56aa0d880d9cc7078dd85e08dec9d2b7866fd591959dce4858,open_r1_code_grpo,3c505859f5152127a9d3129958a634e2,,1531,4
1532,76235d919eeda9a76d731d951c96f649984c17591c952125df34a7064b70c907,864c5c7a6aa2ff7ebf6f99c35755580ce4cacc72c9d85906bf55d0a829912eb2,open_r1_code_grpo,3cd2dbe84a156343543131dddb214fac,,1532,4
1533,7fe57612754714e80d7c253cab61f26e7c5586eb5da46b47c8cdf1e7e09fdf02,c80ac80a5d0f9128e54dff9d169687742cd0227ecc61204d54f6c3b4c33cf539,open_r1_code_grpo,32c9bf91312f034801883189ade08d75,,1533,3
1534,a7d52b35ee4d4dc1a8a48cbc1ba6067aa13a04104fdce7ead6991195f51bf790,46f6611b670b091bb52fdcac7b8b1fc8a748b87aaf027af6fe158d63eccfc193,open_r1_code_grpo,8f3280ae1a93cd920fab64152c4cb90f,,1534,3
1535,0a6342a37dcf1e8dd207eba372542e9efee1f218dc004677f4d17bf0d0ac7281,80cb516c9789d40be0926b0ea95dc18bff491cf6f3ec7d49b969315e885e60d2,open_r1_code_grpo,ac91e935b942088df1763f3e42d437bf,,1535,3
1536,42159b3704a8de8af6d7216ec527bc8bbaad5e918371b508cfd585793561416d,ab2fb566cb8aff93b7b14cfe18cc711cce01a0334507bca94b617e82370c5da7,open_r1_code_grpo,b050d8cd799f283a5d5fdbaae6fb104a,,1536,4
1537,19e2c03c78a96d487df798474af49d716f8110885ae0b06abb80480560f97049,99b49e57f664f5e020d85f519fe17d83ba6638eaac817eb6a5693db1b53fe97f,open_r1_code_grpo,7fcd22fad853eaebf8dd17b2475e5e84,,1537,3
1538,38ce23c7fe469939ffab60517620c0e6906525b8ce890c63e16da00b3c841571,a1cbbf28aadfc01adb75f7633cf113f8a9abf3cc51cb0fbcc521f1861210816d,open_r1_code_grpo,b4ddc05f5f97bd13e2a3091fc0cdaf92,,1538,3
1539,fd8a97f52aa11bfdbb58aae0fc8cef1c1337530bc2a510bb38d2d9e922c2c228,32342413711e886959ffa6db6e59c74a390e3e11a3b294d5ec5b679a4c4f4956,open_r1_code_grpo,0d4f127cc0331455f27cf50057ab58a1,,1539,4
1540,4e131a313eabaafd09b1229a3cef77f68d030980996d775345c8697342a66a1d,0079da7c1b001800a1171dcdf575a12c7e259b78d2c1da09d8695b5b216e2af4,open_r1_code_grpo,acd7265db506d2eb972b6a78a1a87703,,1540,3
1541,6e00b23f898d4654e8b3763fce6afff29dc58086895f7f9e2f08f948fb739ed4,33fcd03aa72a8fd2cfbb1ad246d40a31ea08082815528edd37ce300ba2587cb2,open_r1_code_grpo,a44e5da4a6d3d00a7d794fed4e99b4a8,,1541,3
1542,1f11d195e778bb26927accd1dab266d080bb35f5a0ef7579d77bd3fb8b1e1b8f,48e9ac8365c9e15aea95504d993e86b8ef15e953b54864388bd17ee2c5bbfd08,open_r1_code_grpo,528d5e2c10dc85847356d7206b585c92,,1542,3
1543,e9097366642ff554d8ce10586d52f98e01d63d192ea7b756fb415382d8d41097,a777fd69ee85be8ec46a1d8f87cf87e0b2b0fb566faa8b22a682bc631c45771a,open_r1_code_grpo,bf28dd3fb489993c1e53e2829e190533,,1543,3
1544,29f89a82f61238773b1bc5d3b5a102ace3f3be332e05fe7343348fd14f06fbd0,58f1d500d1fbf84c587dd9c22f3fe5a1722feb2108aee61c8529dc0c283ecc2d,open_r1_code_grpo,f39eefa6b429a009d88b5113bc4d0840,,1544,4
1545,3a1f0cd2988758e4121d548778a0202fd7012d7a33aeaed95d26915d033995ab,b734b20daabd58c50505cff174730b20a3d8a88cb82b0f410ab572710a0d8bd8,open_r1_code_grpo,6de0c918ead20f94390f4d153dac0810,,1545,3
1546,37b6f3c19d2653b39e5afe0bba8fd28dc58e013e65eef2fc1f1f6477fe5a0684,4d068a5aaaf34d640cd85a0104e9ed9b28081d23ed0e560f9e5198b980e50b3e,open_r1_code_grpo,8185bb864dedbe6385d9e591c1a37aec,,1546,4
1547,f909a8c483d2ab26525bdfbc7b6df9c98b7f002e26c4b240ef2ffae6050d9c70,0ef6360e850f290307b48baa90a98060a2e87cb18ced1560606e8ad9ebe0c564,open_r1_code_grpo,075f2514432cbfcaa026a632a9906cf3,,1547,3
1548,7fb8b6d1566a3a13a563427fd4c6f025f3c10a4e9f3f439ca33984319be3ead7,9b1ca3509c2d72b8f60fb2ea7b0ae26d66209768764519d56dfb398d96abfa1d,open_r1_code_grpo,6bc6556b5adabe7fd4bed4e37d311de4,,1548,4
1549,cf4449c518cdaf9fade6965144a7d43d9542ca7d5b80d3d1cbcde404cae322e1,6bee4e02d00d7aa4bfd4e8a1972629e62862a14001e4a98a816027433409bd94,open_r1_code_grpo,14c40c0941c20a31ba1fad4adfba1d1e,,1549,3
1550,411797e203d99eefd1d4f4304fce3c2f99f93f3716068eec715926891a8bba25,ee3cda2f101626516ed2d3f16768edcca53852d0aeb5c2892b4839d92b663a4f,open_r1_code_grpo,1a20f820f53632ce2d69f1af262b6ddb,,1550,4
1551,743f956b5eefcbcb90b21d035b577398621694a1bccedd501df4ce3efe207f58,ca289536e1fbe6a8eb976771d07b215b0032b17a0ee0407588422b7e71f269a0,open_r1_code_grpo,e5dfd6b0f0bbe83860f0aa6b4e0b559e,,1551,4
1552,7e6f0c2693f11cf856c2cf45205e792b6d2fda79ee7538ad77b5fbccffcb34fc,543a1600c3ed207e1306fee7236fdece0ec7e252747c05e48e46f3e51af2f6cf,open_r1_code_grpo,3bfedb9d33974b5e62c8ab48385c5cfc,,1552,3
1553,4a3570415524fcc5b6e5dc59f08506f7d9558bbed92729f4d9cb4cff55112ad8,0e5acbdec16c13cb045eec2f785c6715bcc4270e5bb8462f2f00c13ce5b7c7a0,open_r1_code_grpo,4d70fc3ba6498e7961512b8704ba9851,,1553,4
1554,4237b656b88ca604aa81af6222e0853fcf5f2341b82753d39a881839cc8203b8,ef5e7d3ba3e5e58e55d90d91f5bfaeec9abc4a3187c4c2ad38d8a745ab5203db,open_r1_code_grpo,af7e83e7ec37e112417e24876aa8ccdd,,1554,4
1555,5e75dbba3ad87e5869759f81371079ec457b7440293c69bbdab8f90cfdae73d0,90def3637ff3acfd8f2878856107556618df617362879f14642fa9599ff911b6,open_r1_code_grpo,7cc3803c3adf08a04a9556bd3124e511,,1555,3
1556,c2492ba472580d3672f88b428f0acc690e833b5bde5f3185a7f493b037ae9296,3b4d802a0d7c3fb62b07bddec53582ababc0ab7b10021cbf5ef31db9bf470f33,open_r1_code_grpo,42e5b9143648867452949e5a12267cdb,,1556,3
1557,1a08521809ac528f8fd1d2b10d2e324f5729e35efc2f37a22591260810f09e35,aea5716cb43084c560a0b389969d73639379ad363755f1ef3ed6b64362db6d58,open_r1_code_grpo,311280f63c2255e01f060d7cbf056524,,1557,4
1558,6e10f00aff88f46c5cb313a233bbe76ee3047bb73f1b739300d5c71257a6ca25,1a11219d54fc600d72d894401f501b878248c662b51880eb0d4092397c0a3121,open_r1_code_grpo,2f6f39891ad6e5f9ea3e196a7409f151,,1558,3
1559,cb9ca78df9058ccec72ef8fc16f98d5f7faaf6b726c655283b6e9cc2e268c124,d5b3de4a04218a4d78e7c917aeba64ee4bac1012c4f9d99398f3c26511bcdd95,open_r1_code_grpo,582d59dbb076954e6bec461219b5af4f,,1559,3
1560,925a9e7b3679d19c727ca7fe9ad34b5ba181dbe164211fc5714fa9a1948bd5ac,a4a70e847c7f4ba36af851802ee3ab28296a8b85c6e00a4afef4ce47d7a500a0,open_r1_code_grpo,f321e489497cca76f3cbc6b8119c2d3d,,1560,3
1561,55cf9c3fcae54f92febb4bd4158969fe02ec4ee6cc7a82d31d8f498c53b7b488,dbc6e4ab82d95b7dc8af11b0950c992d8204d20d9cf9607301d11fa26cf1cae4,open_r1_code_grpo,023ee414f541bb378ca432eff14bcfed,,1561,3
1562,60f2aa54e0ca1dd7a202f713867c75c76770b06787c9116761f68c37cb0e3842,67111263b5e3b072a061b4886f81ce5c8bd367cb42896052a6a68c2ac3cd9df4,open_r1_code_grpo,dcd839063863381b77a7f2b2b8b51d4c,,1562,4
1563,5ef97162b92c7e5f17f46bf38432a1c6ac5d641ff6958f86f61c9555743e29e9,266b3b6d983e2e2c4d6faab37183e4ab5581b4a7dc5183e313af8eff0db4859b,open_r1_code_grpo,c7b32a820be673358dd98ac4a02b8dd5,,1563,4
1564,469fc563a126788486a336f353c6425e55e2b24dd2aa424f0913dd3660982891,cbb70dfcb8012b4bc2eca5aa1d110643d3214501d26e647d26f437d2fe771524,open_r1_code_grpo,f4a360f763ef23f9c554efd2c8221e76,,1564,3
1565,e0b8d8e421128feedbc79b68ed4d32f3b9e8e48e4f24ffdfdd3400ebd02c10b2,acb62370e0719afcbf6bcaabad596a0f699f5093aa68969d4b648cbea4d12821,open_r1_code_grpo,9a32be9e0e15bca922c02d06efad545f,,1565,3
1566,63c1e1d3aad6d53e56e37175022ab2db189158facd6cc231a5a30574df1080f2,a387fbfab2d851bae065e2b575608bc2dd307cc5c2175cfd9bbab4092160898b,open_r1_code_grpo,5f498f0026525bf5e0781d3dc324d321,,1566,3
1567,f0b53aec281276362197f9825b854e4ecdc07a7fa5242172cf4b474dea04e0a1,3d84f56f346a183ca486ca907008d9d5554a2249687ff3535a74ad9b1a5ba1f3,open_r1_code_grpo,f8a7824a88465821f91f52ffe499fdff,,1567,4
1568,15d1bd4887667ceb0f29b29ad8f2ccca7e3f87f1b03c3d6e46be2b0de45c71bd,4bb43000f09ea7b4aa1bcc4fc5d4090e84d11a65f79d64969ef0f57de737f797,open_r1_code_grpo,e8e2298d35ef2f4dd719e936d9f751dc,,1568,4
1569,2521fab5152068a261e1b60f35e6acc65e64c79b5844205efede7d12e16f02a3,364f63777f70aec474ad474360f09968ae9dc4fc1359dcfbccdf60b02b3869b1,open_r1_code_grpo,d1da944a50d681593dc01d574da573d2,,1569,3
1570,551807abbcfd272e87a8dbb6b860fd3e214db1f236a7b6478021ca00c7c6398d,73dfb051bc59115c70fdcb5d1ee4ececfa0ba2ed93f02568a7b29d7138662f5a,open_r1_code_grpo,b7490f95d3e62931a1adc41f1b149cb9,,1570,3
1571,059d487142d7aad0c78647c414ea71e955a1e3a36b32557707661d92004f02d9,40fdc509e6e32f41aa461a4ebd58a461cb4ce53c25f78ae580cec690e181bd18,open_r1_code_grpo,146bdc627cb100a018546e6899d69b22,,1571,3
1572,4798638217ecc5b81b1daf2567a15014f322eeb87997eb62659c3503470f5a09,de3f397823eeda8f200655b5ec2bbd3d59d943843b9ae3173ffbe7500af06d94,open_r1_code_grpo,dd1e963775abb246d342c37493adb088,,1572,3
1573,45abdf04629dcfcb6ea2f7f2ee7a34691a3e5c86615e86b28e275be7e123d289,8a1afaa5e14a17bf105781b8343409e29dcf3983458633700f311a0a31b761b5,open_r1_code_grpo,334a2ef03297adee474d756a6b76e8b0,,1573,4
1574,83fdfa0b73503a15d006094f97ae70b8b24b5551a6da559fcc0fe775e9d31cc1,307b9fa5381ce0e699825c75e92623c722187d1b904128df74c4932c1b74bf7b,open_r1_code_grpo,3bc46b7ec9b092785103b8744c53e872,,1574,4
1575,df2de5ff9b8d46e0d11ed27b41c5fb744fbcfcc5de1a2f800153b713a587bdff,6cd157acd212e023672813c31b513cbe50bb2551575d05beea6d73d6725fb4da,open_r1_code_grpo,e22df1519a1ded1e4efededacfac229d,,1575,3
1576,4867fb72472ec124cb94ee706eea1cc4d1911f2aa2e047e00c343538ee384e32,799e6e4255bda84673e58b12bf6fef5a108c478a6c53c8000a375e2895221085,open_r1_code_grpo,a96035d4c54f6e8c4e98ba15b49d5781,,1576,3
1577,aa279e8c538bdc3386bccc76cdf9b554bf66c8e4bdcf148bc450aa7900f18d40,58b927fdd1d0acc0a35ba6997721fdea4772c5f2ae8ab62427deb6ca82546a05,open_r1_code_grpo,de073095d6fd04b03c566c8d3115ef96,,1577,4
1578,91dab99bb54463bf4461e663e9af2d3e629b7af2e1526c255ae7a5b31beac70e,c2c77e0cf5eff9fd1f79f79ebefb46d61c26398084c6837e0bcdcb23336df7ec,open_r1_code_grpo,8e6047b17cb99d3818f251839faa8ceb,,1578,3
1579,b1642e1cab5cf15306f430b4c9b3a269669ff7deefee231199a2edde1840b78a,29be2e48995ecea8c2977376c46105caeef32e6dc45ef9b847d1054362764b50,open_r1_code_grpo,5fc05c54458a3d8c81365f3de94549c5,,1579,4
1580,8c1bd2738398442824516596025580da77a4c839b7709d3375d3c172858a9d44,bb6b89bbf38a9cd582c5d04f88daa7bfa3b8665858b369e2a69cb893506f5078,open_r1_code_grpo,4d77adc1e24e2be3499f822f90aa2954,,1580,3
1581,98a31b8a27b52f0f2683902f6fcfba2aa596d8b8c4e5181c1600ded4874c7ddc,7d99081216891881a5c079f3d16c38d6138ba6ddffd7859265187ca4d82f0dad,open_r1_code_grpo,4035969bbc4747d99c0bd1c341b0f1f7,,1581,3
1582,d37d683b18f70023c99643672ac0d6628162ddbb690ff7ec599813fc8a894654,9a35c84e661db1a481feb668e7b183c3ef22e33384e25ed28146102505b9db4f,open_r1_code_grpo,638e8b03281a905cb6cc714ed60fa658,,1582,3
1583,80259df2fa7e038ce544d857d2aeee7acf04296821953029552d21d11dc04aa7,b64342889d31b6a921f8078a4543b09dcb5bbfd0c58bb3f1d7020903e8c62b21,open_r1_code_grpo,a02ce77773217ffe21c6ba3fdfd464cc,,1583,4
1584,cef78d6e773f9b325e01371aeac0588c32a7f077de55508794f874c9a7724084,2785f147bd5f227ce40811d1f77b2cd6a0612c11826967ddb5c3962187164276,open_r1_code_grpo,efeedf70f32d21e2936b6a8f672eb167,,1584,3
1585,376657b6df09fcb27881b3b8d0683fa29b8867dc6e89f275f72b099061dc1117,1b8d3382acac37793ef980432c88ab1443e0949c7ac31912c7faac9f4d72164e,open_r1_code_grpo,8e4578e1e3d40e68970badd92c870288,,1585,3
1586,5863eddf599cdd77127780998a811a5c8c4b97f5cad0b5b585accb85e0669466,c8843c5f262f15b5e61d14102e68947c758b49ec28018f370e4ce54fea42cd8d,open_r1_code_grpo,53fbd3048c9f08f12d0ed807fdf73b4b,,1586,3
1587,83740c46eaf3feb641db90380759065502f4b96fb874efdad3e723385de1f287,414ad80fc03f18f27328d740be4bb9557232685ee8abd42a99c3e16016ddf66b,open_r1_code_grpo,24ad793e6e75e274e4b60b0d18285f9b,,1587,4
1588,06ef6fb06920b2108ba098a90220f19f1c8261e71bff075c532e2b067e434462,fe1f32b4847b24f8fcc2bc5240d8fc01b25137915a6c19530bdb0b4394868757,open_r1_code_grpo,0c4c6b5aafd4df0ee7720c5d6890b545,,1588,4
1589,b11d523263c944cedb6f697fc1c992b896b6a5bd567e49bb74dcbeeb949cd952,628b023c89173bee827bc4bb321797482bfa49ddcbe9127c24dc8d8e4616544e,open_r1_code_grpo,96f200bc3b5ef5dd3ca6bc0cbd9e9230,,1589,3
1590,04b283a89faf71811d0092b4cb4b5321a1e796c14500cca99cf4cee2c2e7a58c,673548ff26c2842b74830b42b0ea7c33c6f38c4516074e7e53bf85fc92c084d5,open_r1_code_grpo,cb9ba918c99a141ea29cb1cb64a0b702,,1590,3
1591,4f30ba14248e0d306498c0c65da7fe6f6e7e5c5c92471eff46451e24a1b090ca,5291a6fcc3bd7f189ced727fb4aa7aaf785daa7f7c4306ee48978431e5562e52,open_r1_code_grpo,ed4a22e09ed273bc19873c05b1d62eac,,1591,4
1592,615ecaff5914d6c6e878f053eed6c98ca4e43d6cfd524512dab14ab19bfa01f2,5629fa2a0f92d6e9c4f2837efb96322b1a9f52433e9b452e8663deea669f7512,open_r1_code_grpo,b70408c41a4b9e94c395bf076d3f693e,,1592,3
1593,a5d69ca3ac3b2d48464a92da8a3d91d2479bae8b23c8344109f5ac1d241151ca,1456254ed1e4ddcad9eeff8e3a399e1b692495d2c52662847e2cd6d8ed7014dd,open_r1_code_grpo,3bc187a2d5afb1513c74111e77c34a0f,,1593,4
1594,48c49b37c6d08b3174c4feb11e9556934294b2c1912d3c14c9b22f0b5f612de9,487b31fb1b103fb7643e8d3729f16ce3a539bbf13500073c35544422c4b146ce,open_r1_code_grpo,1f75d182a50a294116b39201d993897c,,1594,3
1595,7a10bb18848443cf5e358b9663ec4bd90092661ffc658d83ee3faf60ff16282e,bf64487bd02d93d0f7e8857dcb9b04c7a1bb3f62e0e142a9eb9b685483b85b76,open_r1_code_grpo,02009478bc6e0bb8477c507532f86cd2,,1595,3
1596,fb86270420f7790fe9a06c12aeca0130026077617a5dc9dfa50bdf97b71a22c7,786c4af68027d7e5edbc06f42ada264e5bbbd56c40ec64550c456f222643a66c,open_r1_code_grpo,a6deda6c64d8278fa2c8be27503d8408,,1596,3
1597,a26fdc78a3dbac73aaa26eeb803c6cce729c408fe1207d52d3f346a123a355f6,0ffd5bb574eabb02c81d174ab1ad9d338229f33ea6b40117d8cb5ab135e1dd25,open_r1_code_grpo,35d2110846c9017d8af9b81dd1c30511,,1597,4
1598,6bde7b6379591b77405cb58031020020c2257f29a964c29c4ed0f5c995704859,0f95bcc52664a9f1068b1caf1d8c99f041f687504ca2662ba2046e0a50b2837e,open_r1_code_grpo,4031775b99e3fe2e39f77b1f7be02da0,,1598,4
1599,71e32cebbfd3af57b5996d633a1af15c77085cdc18b27d6748b40a0fd71ded3f,5928fceae9c41e6c3ee7a5bbd25e9bd6c43707c91b2f76c9ca17a9cc6f20b7cb,open_r1_code_grpo,32c69e5f20e6f8fa4f63cd0a4e2182fe,,1599,3
1600,fecbef45761c571e42de5dcb4358fa1f5cf26c0c7dc9e8a20f0deb111bc7dc1a,4e1019540fb52959689134398d61b09834b60ceb65a025b2e6b2a097284fe386,open_r1_code_grpo,f46ab6a62df2cfd4b6b9f3fb91550cac,,1600,3
1601,3454dbe3040bd1c5c40bc9434111c581476bf336f2563f8d5b12dc99800a44bd,b67accf3ff42ac8b4b946074ddd83be34aa52d230b0dede21bb0f8eb50f9d65e,open_r1_code_grpo,f627182db637324ff86b8e04d9bec63d,,1601,4
1602,837913a49dee210b2a81ecbb801041d118ac7965dd99f513ea524d4cc72c4643,b33980b89bac8060a7ef6c556146f51fb03cce5d5d65fcb1b8ff4e2ffb62b915,open_r1_code_grpo,22a037c5e08908600a2f9b3ae0efcc03,,1602,4
1603,4c505d7f40489cebbe8a73fdd2eeb2b57269a9df9099c24367f7ba168b730c3d,c5ff878fb2c24d2911c0ff9a233412c2d7185eea996b21082014c8cc6aa7eada,open_r1_code_grpo,70d806a5ce5cb2714fec1003bcb1ced5,,1603,3
1604,7c9d161d0a574a2c6b497a3414f43d6f7852378803d0ad43c1ba7872c3b7ea5e,68415e212a4bafd8ca13cd1e787469bbb3f5fbae13167d9679fd6cf13d7daf68,open_r1_code_grpo,583da08b6fe72af38af3f766d3ca4614,,1604,3
1605,12865e8784964a7b40a4283539ab0f885c5e6a4c158f735c97cfe4db7f868503,70121c906b24a658327f4998526cc05f0e4e3ef7ba793be237d6635f716e8e28,open_r1_code_grpo,3432514d8fefc84a39604031c9b09c2a,,1605,3
1606,59c481ab558efb9154fa94b6d0a962624107049cd74d39bdab4d19ceef4c1241,09e66f8b4f0d700c821b9dcaeab15dbf05ccea12ea61e6b14c6b51394ac4f58a,open_r1_code_grpo,f9db8e0dd6dc2cf20ebe8937dc91c4f8,,1606,3
1607,cd244ec330a4a2202f6bcfc0d0381df0d8dfe461d1fd5d6ec4c753361035095a,6e51dcdea8f7f6988e4d98a03fa3de20b88ea69a5d3688a62dfa8d9172c92f37,open_r1_code_grpo,e1ea73ac1a5416cc368fd94763e6980c,,1607,3
1608,a4d55b5dc5fcc24be25960af6ceeda433fd0ba1dacc04fb7bd34c71d9d734b8b,26ee6d3ab97535737d38e97cca6d61e970d7afbe91b32c02865af41f9bfa46ad,open_r1_code_grpo,ee95b74027f163fde17b9e97f3b38e48,,1608,3
1609,841f1c7d95285a37dc88c014be1f1d13d93115a93cdaffbbffd266bdcf6b0f38,8f8cb64a01118fdc255bf744dcb8ef81fe6805524f40b13191702db441435e3b,open_r1_code_grpo,142cab989df43cd950d4b4fd99230676,,1609,3
1610,76a1f78d5b9ab1ca6248f5b2acf6020a5c443290ceb1e4a751fe7b83ffa1d67c,e18a3e16a57c07efce5f8123be436c4d839fa5b4a98f3573ec60ab89883067b2,open_r1_code_grpo,d558d9a600ac2a8bf312a55808c30033,,1610,3
1611,9c7e7011938131a70393e2ce35904679d8a95e89dfc15259e54e1aab314b5a32,780ebd1c0b9494a0f20993ec222e578bb9daa0865477a8cae3b2af805840774e,open_r1_code_grpo,c2ddb468708542716250be24a511a23a,,1611,3
1612,9776ff645d05bb1107e6b102754c387ca0c30e5135c65ce607e65b0507eccab0,686606e8a801d0cd82a53d3d1e4c4b61469f62ec880a14f882fbe57af45a2e09,open_r1_code_grpo,3656ee94a12bd1b9eef59a990cc6f951,,1612,4
1613,fb9b551ec425fb9870167659998a78d5a8caae0ed03316ef93fc1071e16b480a,b06f8ad9e4acec479ca42eb1fe1cccb3c67eac28e2f3e9eff5d70f0606ef6a6f,open_r1_code_grpo,8917cad028845dd9c8d833c2c066a328,,1613,4
1614,038cdd76f945b665ecbfd00fa6010ef1c26feefa6678b5ce0a3bb51795489a0a,a45f9128734b9b634be6c471e9e52b92ac0372d7ebc9953285dc10aa956ed978,open_r1_code_grpo,9efa9fd5025067a5031bf6c64b7df95b,,1614,3
1615,19f9244a3661da51df89ad6603fe64183395529d021d096b65cd8621d7bc463f,0837a5c642c7e25922f4bdd7ff8f4e7cfe624f1312471d140b12aef5a592526c,open_r1_code_grpo,64347e485c728fa342a7b1a5d71430b0,,1615,3
1616,6f0620b22a063cca4e5952eafee798e63ad47e331d614b10271393f9b5042403,57124c5db5a62a7f0832bfaae3d4f2d646e276e2268d748f503c06c25f7c0192,open_r1_code_grpo,14acd305a1726ba9cc28df36b6c05616,,1616,4
1617,d2e9b337aa9eace4c74e267325da231657551ed0c31c7e4bdf14344da279c36e,91bb98e475edcb4c56baa978004fbe69bde41efea91bd6802b2445f5327fdb2c,open_r1_code_grpo,dc1a40b00f19413b8339ca24dc1b35b9,,1617,4
1618,f2d1031d0d41a4d1a2a36779d30bd024682aa48a8819defd4bf1cbc76eceb9b1,48f5cca5f7b8fa5bfbe61e2e11aaca8d595ff8ee394fe99c427414f22db102ad,open_r1_code_grpo,8a19be5cb2a2cc7eba25230e23bf6b1c,,1618,3
1619,12d3ad622a119c5903fca1f71efdd4645cceafa8de34b1811e6d127032d56ab6,b37a1f9a0f208efe812abce661dca3e08efee1241119a061ef5f46ce1e11b698,open_r1_code_grpo,6db1c7c503d3b83af7e79b8d058a9ca8,,1619,3
1620,bf7b583a84f5e4bc4dc7743f3fbe40a287dd41887ddb703ca28a768b49533e12,88ab2f5a399ac3c391fa2e032748a030bd0a4b53d18151d707d101ce297a3f82,open_r1_code_grpo,889d68ccf66c15d6eefca8af2cf157d8,,1620,3
1621,8a9c303eb9174c77d98ce01b2f832dfdd9bc0d3f89e7e9ac9c855e71a7296771,72c10025ac22a1735e1e7fb03a8378eabf8e2a329341bdfc32fa6b37a950431b,open_r1_code_grpo,1dcf0b3adbb5f43ac21f13acbba65133,,1621,4
1622,60b85046f3e9468f2a50f1db7a7a02b68a04d0d3a1e71291737b0bf12cbfa8ba,71479f7afe203700aac52e9e69e09e2b383d297d601cc0f273d4a3759ac15ff9,open_r1_code_grpo,280cdd07a7bfe3becfb2456083f7ccd2,,1622,3
1623,cb739b5a5e1689774123793973e6131380ea448990ef187ace0186f6e622b117,c1815db58a67eda796fad44ca049d9c8b2bce4fd165829504610d10262b5dd44,open_r1_code_grpo,f1663688606b1446ebcd80fcdf17d2e8,,1623,3
1624,4d1c1586e8f3c229fe5c3ddcf697b6c5965e704f3bfa2917927c35b6f012c4e2,9c86f9fb92d705e2f58363afa57788e6674842830bd536e0d29664c150b5041a,open_r1_code_grpo,6ad322160bb67a3db877be5d669b6947,,1624,3
1625,869ef92679318db28bfc73b0c2e673a4accaf72046abd36df7ec0ea399844098,fa5faab6645e99db243a4142392987dedbf9d2c8d39c3ccab377e83155bc9d21,open_r1_code_grpo,aa6124f16a7c260c905ff65eb27d30f4,,1625,3
1626,7f909abfd8224cb73e72a25fa8fe7572ed2d6e7a5674d88ee8802daf444f36bf,c99c839ae2de9e3460e5264449326a0f5a87ae28a2dc983279d9f3b68c4d64a6,open_r1_code_grpo,b3cf7d143ca1de958223fc5f88a2b882,,1626,3
1627,018871f38184ad4dc66caa7997b5db13bbc456c8a2d4e311e5c364e8c93eba29,fb63313b6de795d5ddda130625e49e5c53e6e90a6b4e0b22b47abdf755bf1977,open_r1_code_grpo,4d4be7bf087baeea92512a2c6258ef0e,,1627,4
1628,f326c1ed29bad39f7eae1da651f1957289a2061a8553c3970404b265802db1c5,147b0a1b0176dadfdf953b7c1ca481ee3d2cd81c083ac8eb56ecbba8a8791ae9,open_r1_code_grpo,c11ab4289f410e78aa213972adcbddb1,,1628,3
1629,f525e6efee360356d60857fd35207918c52653ae07322cd8285741b0b6e744e1,bd04c11abfeecf1c713444c08b0f93db5487ed053a6af10cdfb0508b15dd28cb,open_r1_code_grpo,4bfacceb23a395c6fc263eba4090106a,,1629,4
1630,463059427a2d2e2f5d05b0bbc57d601586750784be39fa81be48c381ee8dfade,5bfc591b36ff058bda08d719412954d3c713821525b3a62ecf04970ba3957ae2,open_r1_code_grpo,374510933448a22a4ca67ce4c967e600,,1630,3
1631,061b241e716d1a257902e12b067107aef86f9c373b98ce57f8af24fb8ba9f1d3,39af3a1a1288f66a7b9943b889b510a143561cb9d345c8064b23688beaf9526b,open_r1_code_grpo,2a0e3942f6075bed4d5c864f16664cf8,,1631,3
1632,8544c2317ac73d74671a2b673fda23d6b82723664e364fc62f44be5a3c4515ef,71865ba274b035bc317285a9f4b8fd8d57904cb6f210d4c4a46865d56d4373cc,open_r1_code_grpo,20eca92baf3b46107f431e99f8600dd5,,1632,3
1633,e8c1229110b997bd98c71c9586f87ce53a01a0731eebc018f301a98a64823822,b5b27539284ecc83b31b399a92a93c1df0330aa4e76a78b5f48590fea80e8cc9,open_r1_code_grpo,1bc61c67e6e7a41ef670c465460c7b22,,1633,3
1634,58c43263e9862a80ed9865e4b2d2301ca86539fb20785d492762f34d7f0a23a4,0ba54be58a7c8688d8f4410812a692f58edcbb7f0ba282b9cc0a4cf46f99b9f1,open_r1_code_grpo,976e91ab746a0ddcc6a96c5574a7dc81,,1634,3
1635,5e70c934c11232eb1ef5bb0a10910e5bf39fbb2dafcd797c51ad04219b0fb090,563e9d89e27498514c4560e0027854df182172ded25a242b6777d0639bc88d64,open_r1_code_grpo,023c018c1b6791dc889b7b54d7af1a50,,1635,4
1636,9a325f7d3926c4513370ffe5765c9c7fc33af9a914a6517b5102eebc0234f92f,8ab042f325b7eb8be35a88a3332f956c1b5eaecc909fad2b900a9e63ce5c1002,open_r1_code_grpo,303dd25f43ee57730c95e3876ab81e4d,,1636,3
1637,27515244179f763cd2df792a5f8f91a00116bea2c99a550fbd46973df2abc8da,7b4c76d7d5788122bee892ea60a73ca71c20104a4f9811fbd15f53781681bcc5,open_r1_code_grpo,da67ad1b06da645436da7b6c81a01fc3,,1637,3
1638,82caa89a6440746fd2600b48d7063d3eebd909c76ea05bdab49b39e2d6ff41a2,5f9687f9e464568742eb371207f9020b8800b61e7c5a925f248907ca6a653eb2,open_r1_code_grpo,e2d05bae0462ca6d391c17248a66cf02,,1638,3
1639,dbd96183499b78239c8dca0a9278e787d659ec2d508ad5f14b94e0b1d310d582,93c4a7d5a5f4a63e677cb9d3ddbbfd2f659afa4e9a523ac72d3cc141c0bb6686,open_r1_code_grpo,046456845b57e70c740ca1c3f7c5b0c6,,1639,3
1640,749a162bccb9cca1b92d1afac03d9d738c40884c5c0d9108f26363ad89263516,4610c891616411063badad2f1f64790553d4040f8a4446fd3017d8d0bcfe700b,open_r1_code_grpo,6cecf084f756edf5ad6e7950731fcb46,,1640,3
1641,cd38dd49a78c2130c06692eed14df2406f5af20319dbbde1305dfbb358871c0e,76df3e4a1fc528b80b7b93bcdb199fc18ef4c259a913dc832fb9417b1c55d2db,open_r1_code_grpo,52fb6a8943ac765ebc6a818e05d539f0,,1641,3
1642,53446131946ebd20178e677e66c9c38cd60714048b2a8978c763eb760122b34e,e46c67c56ac813bb43d2211922b6f4cc09b315e7d51de8b1361ca3b01fff5836,open_r1_code_grpo,406163dcbf414fc8217c9f7dfa7fca0a,,1642,3
1643,b89c0723dacdab4d24e103b6d3b6d3f1d5eb7dfae8e9ce83c687794be7dc1907,9bfa5b66db5d467fbf555fa53818ef912f81fbef4884c41f77a49e6471cd7a4b,open_r1_code_grpo,1b59e5fdddec9763cbc3ad4a1b0f6888,,1643,4
1644,0e23682787f582a9905df42e8ce805588dced12d34f4cef34552824d612011a1,4ecc94a01917f11123193f6cafa3d306db4255f33fe8406522e5b451e572a66c,open_r1_code_grpo,cfefbf88bd61d13b40f44b64872442d9,,1644,3
1645,464b35365bd8d6915535176c9e309cdee4e53a00a462228ec55f552cc436a468,97eb53af378b5c6be2871275a181a3cac0174cb8068fbb4b9c8a0120ba467114,open_r1_code_grpo,f43685dea71256c37d8b9b6a7f314418,,1645,3
1646,da4f5e195c6506bba484cc560cebe3c2c4c451bb3edaabf9cda3aeed37ffe526,2309f02dc9b474188db9b2f1715ba6dcc1e32217e2aed4bbe6acb9d199496270,open_r1_code_grpo,9db7d13a916407e79f4b2801b9227b1b,,1646,3
1647,e8be1bc534da9b1c7350269b8c76e190207d1ad8d70f04a49ece69708fc6cf62,b4dd90db1cde7565bbb0c15cde273c692b25eca2caf58d9fce496b627da1b1c7,open_r1_code_grpo,6db208bf75ce25ebbd5205cd5e2d6375,,1647,4
1648,b46933bd2b3e9490d5c240421ac5139c2d0e18d37f0c295f10457b543db5ebe2,d0695868d2ac2448ba96eaa7f13e2c71ab9eebd57bbdb877c84c0e776fd71761,open_r1_code_grpo,a1d25c557219947dcff72482c674c8b5,,1648,4
1649,5a39856ba789e537475f615f590e495f08e16a051955749105b9e37057bcec5c,6afc2030272a27c5f706ebaae47277597f4034c2036760ef294ecbfd3634b4af,open_r1_code_grpo,639ff1b731a59154a36c26526743a620,,1649,3
1650,dabf5fac906a3ae7029341163e7ad213570104fc88b723321e539edf8410e6e2,21ca86e25519a223c9da98df9ed9d734f606279dbe0dbdf95b74bb21f20dac83,open_r1_code_grpo,9ad4657b8bad108f4a2e2e05248d7f9f,,1650,4
1651,136c6ad7f4cf461d309fb0d0edb5ea572b997e4c0f459ebb2fe0c5c5d7b3d51b,bc2a6a2d2cd2e74ac34e8fb2c0f0cea7a87ec4dba9070e5cdf18e935bbd61a2b,open_r1_code_grpo,e478e9fd5b6949e193d4d3e90ab2bb68,,1651,4
1652,e11b765ef97ca9a7efc8d5031210bbc23b54b8f841f297e4f7b4488de2d2d9e7,75a9bc4d7ff7139efffc433fb8ffa429b734dbb313bb3f892824297acbb04cba,open_r1_code_grpo,384d8a2feac1d674a162a760ad1dac12,,1652,3
1653,ead5d27b6f818a574f1119e317a45db150e744a8fd3ac7c142d0546ddf8ad57a,e0f1c2492c9f16728503d0ddfe133a37bf5f016e5b92569dae7e48625bf554a6,open_r1_code_grpo,774315f3c1d79dc89d5f1ef5e73e55f4,,1653,3
1654,acb7178faee76ccdc3690e6fd42f37cc457b834c58bdc745abf21cf4bde42721,c13c2156713f1daf38e2fcdf95ed04c2b3ecc3489978875074d6fa7a7fd522a6,open_r1_code_grpo,7eb72f0dd73cd983c5451c48eb0e5896,,1654,3
1655,b1014bb5dc8a0e17077257a8aff55a892d9665eb1eda019bdb9be39fb30187f3,4c11156cd907fd0decb671d61749ac1fc9bd435454b846bcac2919083f4654df,open_r1_code_grpo,af9019e174567569ba42ee494eba5ce0,,1655,3
1656,1eb10e10072be99b55703d2960b99b4b54306fbd8997d26e3fad227d12c2c8ad,40b747dd8d032a60fdb1cc4e97232396240ff410e8529d310a199a891c637c6d,open_r1_code_grpo,e12ea84f025988395a24d924d9efcc48,,1656,3
1657,c4c983b93bea378c0cc797aa63df47d1c0eaebd95b8206ed207d5e114ae785ca,c1a0ea1821e425cd7a1792647fe370bbdcfddf94330ce2b4c681782be4d3518f,open_r1_code_grpo,f62ae7e3b360ce0e3372adb913270a84,,1657,4
1658,9fd471e3d57786fa14ca28f816b079222afaf97b2944ff9457def4fc51a687c1,c56b85f677734e749a8b540699720abb5a16ff4eb40e3c506686ada61c843ccf,open_r1_code_grpo,607e387dec48fee2ad0ed70aaad4f27b,,1658,4
1659,e5873100a37bf974b51347d9c442332fb056b778605a1fb1fd625f41aa29eee8,c991b30acc0ae7ed53370b5864621945231a7e9b02b5cb1a567b0b2f7838e3dd,open_r1_code_grpo,45fd50cfed44b56af3e8f251e15176ac,,1659,3
1660,d7065cb281ee171a0f381c1f291921c8d87c232122af6391cd6f9f7815da887f,53d74a4e4ff335128fb4aca3ebe36de79a82076c865571e4e0cdd3d277589b88,open_r1_code_grpo,cf9bfa2bb00c4092cee44c023ef4da89,,1660,4
1661,117a1b5a9dba182e4ac674915351e6326a78ceaf146d566d82aee0e469c73b4f,884745dd49be7dae39d0694480ec9632f21fe64af388665c5ef536c0e0ceb63a,open_r1_code_grpo,8b08cfb18446dedf30515f01f80ad192,,1661,3
1662,88e644a689016658bb95df1d6decc63a724895d379518315f89cd80023106b6c,f0e61872d05b0636c85a471990b00a1be563ec3719b3929c2b7ad918717b6906,open_r1_code_grpo,3f63ddca36a477727f090254c4c14d52,,1662,4
1663,2aea63d2bb03c0f3e6f515a8fc146b27652ef5b57592a1973d059748321de102,3087b54626be543e79ed760a79557898b937a0a0844f231cedbae32492642b7e,open_r1_code_grpo,c95c7c056e8c20ab9336c70c9388d235,,1663,3
1664,da50142d3f2cfd00b3019e51e2fdd4d9498d578c28831785a873f5f75a9dc855,074efeb2d56b3c3cad8903177012c920173416b2165697fc5b455e3399ea8259,open_r1_code_grpo,b6b1614c99cda0ee9e4ac85d198db28f,,1664,3
1665,f2c34ee963d7520620ec3cf3d0fdbf754c3a28e2dbc1e5c14eee0b20a6f168c1,98790fd859d7abbd58152bd99ec9c1bf6cb8bcd28ab8e1a2e611af5a1d6da49e,open_r1_code_grpo,ea3246d889f87f99eb64d3798f3d8ae7,,1665,3
1666,68977ee378e99ff717ceb3e6ad41a7be28d16c95cf31cc6042a80d2a6ba252dd,46403f4bf23643983e55ee0047fda12bd9e99431d18f25f9553804f87187cb10,open_r1_code_grpo,c248404f1cda9d20fd04afcb7fe6baff,,1666,4
1667,5500458170a79ef86ffce300998cabdcc0a6bcc89ea50c0ccaf833267cf2cf3e,1544b569f837a365c55f02fb1090356f986450bd0cd9a33971655eb3fe63563f,open_r1_code_grpo,8650cc45ccf2642766d565b630634de0,,1667,3
1668,0e7d369e6be48687af1d382992bd7832a2a2e5db65240dc7e7d343f4c2f27571,14c31c4cf2e2eadc8fdd82b89b386fe874c64af00830ed854cf169be66fc0a1e,open_r1_code_grpo,1475b60ff0b0f81d96cdc2941aefbde3,,1668,3
1669,ca5e03cd9c9453f88ddb5df5186964df16c12904aea92de04fec29896bcc255e,8970010d26c146472aded4a6f5e96437f223f85855c48ea017fa5ea53e4ce427,open_r1_code_grpo,5eab53789f12d009b7a2306ed325043a,,1669,4
1670,c3284a39820e904141065c343903006c5d888fa84364709506640a87e7f05150,05fd670cfc000eef95657caa90b78d43432451935f5af86845fff88f8d36d0ce,open_r1_code_grpo,387cbf8925a1d9b95f0c606c11d111a9,,1670,4
1671,be3eaff459edac622d4f20e8a88ca6106535dbe291d83239d8e449b257e0eb1a,392f86d3396c0808f2fae07cf37e8e5f1d0a61173aeceec70a2e435e3bbfd2f2,open_r1_code_grpo,4ab9f9a48f166224f66ad194bdbf94a1,,1671,4
1672,2404ee12292fb85bbb14b208923284a336899e5d08ceb60e802a16450b309dd1,74ad9a2fd821dfdaff41283915fd3953a0d3a7e026ccd2a1a1d763be6cd43110,open_r1_code_grpo,ab15217d95f90e660ed55cdefaff364d,,1672,3
1673,74d07fd5ace65ddb95add9363ab909c52110c17f6b013c3e2291d32de9dd5641,62e7485a060ed35e825c3349cfc60d1ed6f0e260f93d8e5634d3e1dfd4f6c2c0,open_r1_code_grpo,0b947958abf02e61e31650918448c5c8,,1673,4
1674,34c424cb875cc76d81ce6ab3d712881e8524844acf2f57fccb57230b5739992a,a9b2b04f4af13e8899ffb0b84d6287f02bced122dc8ff616d15b4c10edea9485,open_r1_code_grpo,94777fa83026d3f2b9bc7e8606770119,,1674,3
1675,8f21578c09712acb415461f62d5e6bd94dc60c38226a4ecadc9f23fc728a60ee,9fefd87130e9c3021977f11c3aec0dc55c9101f6bece16a733dd91dd6c2fa9ee,open_r1_code_grpo,51b291fee62c31ca080f58ae6ad1ee24,,1675,3
1676,a28c602b5db11194b20bfa22c0a5977fb6da511bac4e4b7e38e7fc3f4c449abb,28feed84ca9070e645ffd5b0e75e2dcd7858a73c67e1a8a18b82d7916fa06f88,open_r1_code_grpo,e069800b08e382534f45d1e921c0a141,,1676,3
1677,4c890d97b76c3e69c0bde53480e4dc302bd17ad9ece92d748d4d1f259a22e9b5,28e99aab106b7d63d28756062f37c36e6248cff093c34b9e9adc62904bff2cfd,open_r1_code_grpo,9263400e92f61cf6aae37c395290551d,,1677,3
1678,f1e9a733e01da8104ff9d70a001cf47c37f47108b768361bb5d7a9a04aba44dc,e70a3c25d3c993919940865703fe2aebac71c14ddb5d9311c596d665243b47b9,open_r1_code_grpo,b61c8bd060ceb3d73b293cfcbb885562,,1678,3
1679,76d4d6bc3f8bd80c2ba011f5b97ae23245c22d7fcd2f9e608c03f9a7d2d99f53,50d493bc6051b8793ef72ea9d87bc0a9a68929a9fa74e1dcd7ed3377893bd1cb,open_r1_code_grpo,3fd92162bcb38d775211dd7647f0cefd,,1679,3
1680,479bd62815436a21a13f2d4aa747edb6a5b5a09f3959d90e0b5aa0c217929b5b,5c9cf746d265efd053058f4f0bc037fed406d20676bedf5f900d9df8e4580f91,open_r1_code_grpo,4051bb9f466da1f6e8ac556c64d58e99,,1680,3
1681,7912c4ccf2883caeb9313a5bee181e630e5f636f8d4bee3d8b551f27d5da2a87,42bd9fe90dd00e8a7572df60764be72fcb49c704a7b9d0cf84688b503e0f0602,open_r1_code_grpo,0bf4140fe5e92682b41d14814219f734,,1681,3
1682,b2a83074f675b76370c67edaad2d119e31efbe9d1da0f65e128d8fcc5894d64d,efdf5292ad13fa5c6959cb5ef0964bb1b579a70873afc66d860ebfa0c8e4d44c,open_r1_code_grpo,2778e9e65609ca226ca1e6cceb1e79b1,,1682,3
1683,faa17d8f2b510d58de827514e09087558525da1f0799774057961ff3e54160d8,3c4044e57ebf68374d2ef4bea6eba07cddaf009e6e3e4020e2663323343dccdd,open_r1_code_grpo,62399ce46f10893404da43ea98272171,,1683,3
1684,35d186fc774d4a4e7995271c6d0e83a4d22b1bb9d7980516d4f4883ac4be3647,572622b85b64a03bc24a75bdeb6400c2ca697736cedb0ebd71af0d034fade360,open_r1_code_grpo,1ece664063b2c8c3420e71268b97d335,,1684,4
1685,384d8596cb40e77f2c5f38363c0879f794840cb6b56cd2ae40e16199802ca0d6,0b4d3b045f0bbadebddfc3fe997de8b29410e976f3142cfbd43157e86bdd49bd,open_r1_code_grpo,2af9d5ed53f3585fe13776571667792f,,1685,3
1686,44ff91b6b97bf9514a4d9d91bad3ffa7812bf2eefb2d61684b39969814f56063,d3820ace07c6e169027463e1d2ebb192306efaad295eff51b2b12447e1c19731,open_r1_code_grpo,bd06cd186c00028852d86e06b95050c7,,1686,3
1687,7bc577fce05b7809dba15c40766aee3c0434f02e77bddeb4e2a948e64bd2f9a3,c1b794c6d12f3a8350f97159836d78949eb8b41c3634e1e9588473d862a597fc,open_r1_code_grpo,ac3a8f5e4919904c78ab55ee04da4c7f,,1687,3
1688,371bc66dc9c4b3cecce410a397cb3a7ad3105f70b929213746b3d485f76aa4ab,c3a28583a9c94fa1427414c2440e1df8e19bc0ca9347ed872fe4ad0fbb0e1c88,open_r1_code_grpo,82f27e998a54891535119b994777a4a9,,1688,3
1689,87ee7588ce3e8c50fccf884ca92f6f646a2852a6020d714da16ba63b001c85ec,9176abb1c953fd1b6aa710ca5d23517c050894a11793195ae6568ac42b1ae33e,open_r1_code_grpo,54ddc47df5f3a80a2c167178ad7abf46,,1689,3
1690,d18c630b262b7ae0d1ec6b971ce1174a6c1a69ce57f147cf14cd776d50acebc9,064176a79e1c009ac707dd4ec2e284abe7ad19a541e97485c4a627b7ebca54ec,open_r1_code_grpo,d551bf1ef4ce11aa65a40615ec6b71fc,,1690,3
1691,e1962f78de7b1f78de00b0f00c07e2370daf8b2bb86986e253445362b3e25036,f34196577b8e2086589854472e009cdc0376668756ce29df4a61ea58839c96f5,open_r1_code_grpo,4fce38a919b988c85a214e4ecf985b61,,1691,3
1692,3ec582f0e6ca1f0cbc98813049409fc5b2cafb381e521ef1c180db4c1fcabdf9,9baad766668bee0c4e48f97ece3e5ed86588ba77e405f950a08c279cf261d96e,open_r1_code_grpo,1719bd63236fed32c22bf4ee0e8db0ff,,1692,4
1693,1d34f6543eeee8744c1ad83f548a4b006c9a6fc7c20eac2b9062275b09297207,f8154c6fc1a970125cc23e568b86b722f9439583e45dbc2a391f7b29b3601fff,open_r1_code_grpo,376d2a323f71fe8cf86ce71e40ed8338,,1693,3
1694,a1f0e7e371b2b6f6cba4a0ded2373180dcc5b6288644ce757c057e7375cda09e,5701e27eb061c2bad688b0fe69f04a636cd1cc67046eb257b940c2db9eda83de,open_r1_code_grpo,e0de9a57809dce73fca15733cddf8405,,1694,3
1695,128d8778c857fa9a1e43310e67d228f310b5dd4e4295aeddfffe9242c4b8a69b,202cc66234f1db1bf591631a6d1311610e25b2ca779b2072606c274bb522a0a4,open_r1_code_grpo,a83fc0c906b159d940fae92ee328dead,,1695,3
1696,030057e92256dfd93b7e884181d527d187ba49e93d53eb95854746657d625f90,d5d024a3db4f7df8487e89964ec1ce02ffb56a2d6c46921ab4550d3bb572f40a,open_r1_code_grpo,3a3d4a0787dac758296e306f9342bff7,,1696,3
1697,f7ddebab27db98fa5ebc6d47a0dd782401ada22d8b7c77603814b001d83c2fb6,9fa373e4b408ae0c8f75c7fdda606e6b51ec55596dd843782c790a09e26cf89b,open_r1_code_grpo,29dbd3db5d3a3bdf76ebd8b72593bf95,,1697,3
1698,008d12af54da95b8bdd08a9cfa3b0127b39cc87c976b0c33a810f7f99ce3fee2,644eeebe4f077acb18f61fbb7745b8870fda8309151bb2d151eadf6adff37363,open_r1_code_grpo,436437845db35dec921304faf4395e42,,1698,3
1699,a69a6313d2741d1ad0cfdbb9eb2f32ba85d4449fdb4992a3122a1c0a08f75d34,d87144a46e63cc5423f15c74c70fee278533deeca71ef1cd3208b059369eae07,open_r1_code_grpo,c2b686576b1956cdf6ebbe6a108ba8aa,,1699,3
1700,7acb302670fd935c14ea141d787bf17bc67da5edf13c991c39bd5e9444a84ecb,88e3df71ffc4db38190165b69e145d446405bc6d14e6ab51b24969c0dd5e6ee4,open_r1_code_grpo,709ffd881f6c20ddaa5d14615a731367,,1700,3
1701,9e0a29a891fd28fa485c929e3e9590b0a4e9d13d8e23754bca234575c0407a05,c4c63d8f26346ba0dfc4f4afc67aef6ea91e6345d4c6f3b488a690838fa6030c,open_r1_code_grpo,7816600b6a225b4ba29d5f499dde963f,,1701,3
1702,b7e9b718f60a086422087ba41e57ed2a7bc495ff1d190cee9911cc33b5b5cf1e,60719174449fd8d45d733d890cee26c62fdb49756aeecb9a2774b92dcae6fbd0,open_r1_code_grpo,f97c6dd5abaa2c7cec5a1115d9a897cf,,1702,3
1703,2249ed4a122e226552861a0a52753c3673dc363e76fd406ff7019b94a79776f1,7ccbf4fda667c7a36549be0e212463c948c26719a80b1124b31d8cf75f222098,open_r1_code_grpo,d36715e44d28bb80c81eeca6f1eea6a1,,1703,3
1704,965d9d680d7efb7d7e4d502bb34a3811d7932a90af8430ee99aaffa834e13fd8,1ad6d96b43ada1e9a5bf727d91b3e4bd0acc2e235f2f91ad665ed482f4bccb36,open_r1_code_grpo,0fe5cb7216bc030c221d49a41d53904f,,1704,4
1705,9bb695eccc98feb2bd902e65144cb32e77d2fa59c0eeef4958d4092259adbac4,1ba88f7c810ca6f84c3b2a5f4e58b3624a17b41ae8ca2083afb304b73b358d2c,open_r1_code_grpo,f060744487a3719329c2130fc26de92b,,1705,3
1706,abe73e40026b2a4b0a83f4f957f9824b8785ed428b5f1b3d444d913364cb91d9,dc190f9d32b7e20ce959f97169c88d3874926009ee77ff3b1bc50930198c47fa,open_r1_code_grpo,6798260bce3178eb1589827646d9a61b,,1706,3
1707,e46a9e20581e6e4e97d3fadfd16b6941cc35f3ce67dd3fe0b2e8b5e85a26af2c,2fcc0efda69727ce524d1b4a523b3b897d9448401240927fb98f6fc14437af8e,open_r1_code_grpo,39c912409b73f0667a418ce6bc014f02,,1707,3
1708,09c6c411ff4e5dab8a556d82426f0ad02e758c15cd069b335e00102a6de82b39,8348dc48dd0d3f99ccfb14b4211c6f9deea24b01409b8f748707d27939f44d81,open_r1_code_grpo,7460b62430a1999c9a89cec636d1ad4a,,1708,3
1709,efa410736c8ce0b066c7d340e8960f04ad07ecbd742235b23803db382f4d48a0,b7580c821bf9d85339a46eee64ded262897bead1bd806fc7f6b8ad54029baa7f,open_r1_code_grpo,c800fda78ec66939f67fa1588f1a0e61,,1709,3
1710,d33060cfda259a7beb71cef0c8147afb59cde4bacd1ec15684ec35cc8f8d94ad,9188d3ec3da97cf3e6a80feb42255b9aa05b69f1e7a868a5aee9ba20c8770f8f,open_r1_code_grpo,4e3c36be24f3eb41848ae52d58a17ca3,,1710,3
1711,503051c932c73fe206ff3853151187139dde8a8485e3b7677e0c023dcbcc6857,e81cd21784194f140ce5ba59a6ee6744306dd30572404d6053848b2fe4c799e7,open_r1_code_grpo,641cde6cb38d8fd0d8c79c2c0b83fb29,,1711,4
1712,3481e41d70999a92f4f32b95a17150566f75460135c7e1716b698da61b5e87c5,54f77d4b286104f4f87e3fad47d6941747f358ee2c4819d48c42d13c5f05629f,open_r1_code_grpo,be864b6533a5a6a561499a2b4070d5d9,,1712,4
1713,e82f5e342bd8d13c0b0727bce4d6ff2b4e5c405cc661c9456fc9999a1535be67,b209953411a3705530b49e85e6b50c1b6617507e0cbc274e8cdff8747bc4c139,open_r1_code_grpo,2cdfa0d73ef096f9aaa2378b1ceea964,,1713,4
1714,e4a1697d6ce8bceac4bd9b3f91321889d847796c2f3c766f07c48e4a5ff33e41,aca37cf9c4343465adce46a3c6e75ddce72a6fd755f6bb396c5764086ba28af8,open_r1_code_grpo,da319761eb432abdd95bfbbfe59ed3e4,,1714,4
1715,4937129a6868acb0270bf4ef7aa52aa502b1be12aa67fecf2d978f4c809a7443,0b365b086064470e8b15ccba35b8e242352646837745576101582e3dd2d95853,open_r1_code_grpo,645058e6edc40ecc37d349f1d4e3368a,,1715,3
1716,67dce7e3af50b36e2b2e3665cb56b2bbb8d37020143596ad0c4e0e2defb3a71d,c4539a3b119f5dccccd0a3de40db45dea270d08a224008bd740ca310504f7eb8,open_r1_code_grpo,4caa332a9de6d5db089895942d62e058,,1716,4
1717,c4b6350fea2de9e390d99c556314815c18febd2073535aa00d82b67d2b35591b,540e77abf04f7b8a05ec1b495a91421902baec70d9757feaacff2eed71260778,open_r1_code_grpo,5554cd544899202bc6e7237a06abe4ad,,1717,3
1718,6d9e85d041b0c99dec42f3b85c70e316d205bdc280da648a63d885923f931729,11e2878afc74b99cc4476c1db4da17cbd62b24a66ed446fae9a098296ca14eff,open_r1_code_grpo,35b4581a763ffc5c0e157e2c8a37d558,,1718,4
1719,76776da7d1adac26ab21625f328088cb9d03e77c2ed91b851958145722fd9379,d332298e941386918e62dac03018b0e126d8075d3e5d77fdf23bf1daca5bf0c2,open_r1_code_grpo,1706ecc7a0122c1a8053a4907ead0648,,1719,4
1720,ad3c3eb79c6eced0cfd743971125047e0a8c8e5983195ef0bb70ae55b940e75d,10de9d09c635b80108d544300cb11d4c6d3e650d7437b4c78b94fbac3918a8f6,open_r1_code_grpo,7b54a82245a91b25b771d225b6d0c7ce,,1720,4
1721,fcff107c254c9435d9d2979c6a393b829b73bb4acc320762ddceac4be4a7d00f,8efc9e3289004c0326fdb71f3586a37a21c27e2b9ede88ea39487de24d7888a5,open_r1_code_grpo,4bcbea78c4da2869bf283f0dee38b597,,1721,3
1722,1f19caa954ad47516904aa75421615c42e2f2f6c749730e207188d2429f306d9,e4e610c23619e7481fcb17d8e5d3ad943b535a692c3fc4cfe248b169a95ad963,open_r1_code_grpo,b7c4ebaa00cbee1a118b0dd5284b6366,,1722,3
1723,76cdf61895af71981ab5f9041310a60b3d817655cc76fc2bc1046efac2a0cc71,db31e47b85abfd9aa3a2e875748237d444d9bbaceeb3e127e90dd70e1c55143c,open_r1_code_grpo,06c4ef1a46b1b2db087200d3e22a36a1,,1723,3
1724,3bbccf9302a420a4da338ac6f2f51e32461f3d23bc3ea60d8e82221dbfe9e1a8,cc45a074f62239d9ef26e6f1713f933f57761d1c564a48c534dffe207b3edf8e,open_r1_code_grpo,0fb18308e0984d7b090be97bbe47ae43,,1724,3
1725,4ce224cb79d907a50a26cd79c3602001838b4993d1ca0c8260c84dfb3a7d4ce2,9f177d56f759a400f1d387db49fb66b4916131a8cfa4f2215af5389dad55eeaa,open_r1_code_grpo,3c4f34544083113bade1b77fc38f4908,,1725,4
1726,600a1ebaae85935aa3e238adb40630118c0aff35ff028f772bae8bb6d98c0c3f,7a85cbde5f3b071eda4328f1ac3735406c9814f93b29c1269688cb2fb156b3a6,open_r1_code_grpo,a531fb81db9d1dd163318f6e31f3e7c7,,1726,3
1727,9168fa4b6ec7532e5cb804d33839d4cce898cff8979517d06a8ac786b947c4f1,2334603acf5c57c8f3352be363c4f7b8a934d80097d439945bdfd6ef62c25098,open_r1_code_grpo,42955c63bc7e0b44695092078ecdaa89,,1727,3
1728,9bb1920b66bedb65e172c56dc7570c7d9918a7f81ad122589301dadb13a5c46f,842f390e5072d0bcc9659d78cfcf681bf5e2e762947454e78f378ae0dbfefe23,open_r1_code_grpo,3bb133b5cdea4f412b702f45e2770e27,,1728,3
1729,3a11e7a8e9287c6b167c03ceee54c801a8d8f7f348427657d39363c8858ff8d2,312ff957444b5eb14a6e6710eb3c06af385973a046f1dd84620645364aa91545,open_r1_code_grpo,563e690b23e97edf54a0c4878c8fa797,,1729,4
1730,e2e90ae26e5a3ed332373e11fd587a601e2fe03601b8379ad4996625c2fd787a,8a4ed3c7c7d4e0ceaa5e51ffaad271a5dd33d82edeee839bf9e737f7221f06a2,open_r1_code_grpo,6e35584f60a64a629f38484d2463d246,,1730,3
1731,6de8157e42bcf6504249811eb8731c82deb323c9a116b5dfe26615488d25f46c,fc6aed11210703ef4184b2c82a670281f0e2964fad07ee667e9b344488624ca5,open_r1_code_grpo,4055dc6ddd51380c45158f2981b9d2cf,,1731,3
1732,11f4f3202466600d5fd2ac5c0bcda029236990171ca9b108f5469990fbe68c19,968f81037b4311f62fab98b592c911ffc0ae99cf5c327369d2cd49aa1bc9019c,open_r1_code_grpo,616693ad04cbf5e659d6438bd7daf847,,1732,3
1733,11f60441bf42a87e635f026a172378e65cba0fac31ac23fa929860dc86d0b09a,e8c3530c2ff5b36265ce5026ee04c23ae66c8dd8ce18422de0939695301d7829,open_r1_code_grpo,2cdef358f672c576e23e1c11b4180359,,1733,3
1734,19fba5ef7e8220cb969f92e0a39f5c765f779fcf27617a6dc29f265a6524c092,57eece11ea30f994478b30a10e207c59d46c02376e444da5955ffb4431c486ad,open_r1_code_grpo,9762aa3932580380508d38c600d3c9bd,,1734,3
1735,b0887e251a092d3d38a93414ca205cc026349e5855d1fb0207e3011317d9071a,6029725eb600a4af41141f059f9d09809b09a426c677818a6e66caa210ebf2ae,open_r1_code_grpo,f72fe3bb001ea2242b2ef96dae57571e,,1735,3
1736,2c0c1ac21cebe88553a50f791105136d7fcaa72ea302f9c32a86a820951d4359,6443c271cb4e6197f04840cad56028289a10b7ee1c2fb60e7219081b8afef5d5,open_r1_code_grpo,144b8fca16c317a1fc5ecd1471b10801,,1736,4
1737,36f0f14995f6c1cd482e4bf250d3b475e1238bb9a1e2a4e2173a60e4b234506b,1672dfe914ae396c10a78bfede90a6a8a200ce777b359b77919e69bd35d259d2,open_r1_code_grpo,e38a37df174bf616bc92f9c48e6111f1,,1737,3
1738,94d2ffd6cbf713f09ffc73f3a1850bdf6fbc2d7bbef831dcc016059dc5e42aee,19fd484eb0dc2a7c4e24e798a8e0f8267c1d1513c8f7f2e0ebdb5a5329f31f64,open_r1_code_grpo,c67cf010cdd8d1b588686c7f8ca0f6e6,,1738,4
1739,7194a074b42a2d6dad5b759d03839894b2e51f7e19200c564b17d5f426e7664f,1e9372bf72cf3e6b1369ee65563d2199d05d0ba12b75e19d62f35861ee92ac04,open_r1_code_grpo,2b90987637cd5a38cbf490b85648c5b6,,1739,3
1740,5b9cdfae067828e0887039d11b1163f017ac6a46c42de93c4320bae737c91d57,40f34ebe8b8450b2605b855dbe29fd144cc427555dde0e31e1610537c7fe40f2,open_r1_code_grpo,e89a40159ec04848a7544d0b52646bc8,,1740,3
1741,2f6a5fd745ae9f677923d1eac11f92880b3a41c44bf7c41bdb7d6730c3faf075,a51844ef45a2731cd0dc96916a92cd6c03a14110e1dcdedd861f120671ec4123,open_r1_code_grpo,65c9ea610a1d86b84a187c631dbcdda5,,1741,3
1742,a961ef7ef6a4b7697e18daf4d23d4fb6380520541b819e283fc01b35a15da970,bcde49210f2b19807a6f81c54afa53327a5671db5bff97f06c533fedcf133787,open_r1_code_grpo,9aecaa3f57b3a68396c269dae50c09cd,,1742,4
1743,ef0949289b18108e7749c73e33b7faf3e85dc4305f93a697e50864085fd75eaf,b3aa30ef42db991962c5b03808a5f7bc4dbd49a2408b4cd665a2eded6d38458a,open_r1_code_grpo,32c986362b5f95d79781dd70a022eb30,,1743,4
1744,a37bbe60cca396d88d6cb3c7209943c1cff2a3364493a3106b679290cfe05646,4f76469e3fa6a3b704148adbd68b352641452ee45aa9e20559ac6779cd79c97a,open_r1_code_grpo,573a99e43d0ea0b1bebb3e00deb07e26,,1744,3
1745,edd0c567b9db304cbec5e294e546fc1906f63593da85b433f1dabe26ca6eca16,6e1278969df45b9a69f8fdc05b1f68a764a99b2151c31c79f625d241068dde92,open_r1_code_grpo,6d18df28fe910e7249750ea8e1aa9dd8,,1745,3
1746,119765aa9a5d9ec6cb7f854d8416ffdbdecc0621ff5ced91dd31420cfc712d61,d048b98b1198686e0882ca9c9d7ec2f111851c9311945260832c38131f05ea1a,open_r1_code_grpo,68c5ed204fc30dccb0681a5a42eb945e,,1746,4
1747,5a1eee6a7e9dc4b301dc23d27066d8d571faa711a6ca47b6b32370cac30c18df,130a0a95b52acacc29b1c37d63fd9a760e7a40b3601e21239cb3c50dc437693e,open_r1_code_grpo,1890631154ed65fac2113bc41952dc27,,1747,3
1748,2b3cbed6cc93143eec0022e26ceba0f9a52e895b0570c684a47e24242286128b,4baed1319932dd01876ab6e86e5832a9bf697ab02e073313536c685f324737b9,open_r1_code_grpo,73843e76e75ee72be658cd3a9c856039,,1748,3
1749,e93b7b12a3f0cce1131fc8a41a11bfde4cf37ed0bdd0852c168ab0c43520d3c9,f3e64e12c2be47dde1ee04be1e4e02cf7e33f69f9486eeb587d3f8e9ecf38d4d,open_r1_code_grpo,920cb2aec532ca4ee7196f61bcc75ee6,,1749,3
1750,79c11dc2941f53e0e5627e2ea90fcf6557ed436ee4d2380d2fe510a8df6d07b9,55c1a93cc374c9d451f75ffd54cb3390cf957be0e2117dbfbafef11a1d45e76b,open_r1_code_grpo,7b1e2c64141c1ac57452f6e4e71853dc,,1750,3
1751,f61916dae83879fa0cf1a7684c46d6a3d7c3fddd69da755ebf92461d7eb628cc,b46d62603689a2f2e8266658ee68cef462f4b6123018af9c80f95ee13b2031b8,open_r1_code_grpo,7b6390fc92b4fb1f91a61de4729ce93c,,1751,4
1752,476cdf9459caa279500d3a2410f304f4528ba17b93789ca39a962d7b264356bc,9ba4f2d19e744f74d8cb85f79b6023e2964497eabe88a65941cc70338c041f62,open_r1_code_grpo,28406c3e864d3252bc683fffc60974fb,,1752,3
1753,69b6c2383a91d0c4686c8f27dedb71d538156b484c6014d3e36ef250c54ded39,3d8eb88d154576a9a2ad0d1350157091ab55bc902199ea2cc12d2b5ee012b4bd,open_r1_code_grpo,80815a87f85ec8991a73c8fe2de15d63,,1753,3
1754,4f464d8a1ee0dd5371c6ab5618789a6f963a4672e6ccba6f0ff33f5401985dbf,d8ca17f37198efc17628193b0181c922bc61fd2fad10c004b7c1000f8799d1b7,open_r1_code_grpo,f0f2188386148c9fd895dd66b2872af5,,1754,4
1755,c984a7913eb48c5d91905fc7df769f005f17b5fd64a2c386dd85e63e8ff16c06,658a2b26db271188a4d1345d6f51151954304041e2e3a5af51e2ce531c678777,open_r1_code_grpo,2053375ed5183166be39de4308da8cad,,1755,3
1756,dba5f2240324fa02f6398356e992c4cec9f48b6d23042e84a90a5f437e340520,c954a722e798597ec18348e0c9ae395367a21f615d9e80902d45fad153063045,open_r1_code_grpo,d99611c47e4ccb62488f24b7e9809224,,1756,4
1757,180e0d9fb105340155beff187dc5d749df5a96496721d095d5dd9fbad1d92872,e4fb3d06e7ea83b82d2afafd7e2f4308131ed58b900d086a6571bfe0b6f3dfba,open_r1_code_grpo,6c147d28c2e855f66f7bbdbab86e3b00,,1757,4
1758,567e4390a27ca387940411448c56c5b067b4f81e707068d55cfae3e92c41ab7a,470e8a00bba3910d3794d3862591be0bb58cd0c8f2c6b98fa6dd7ede16cc5665,open_r1_code_grpo,74dfe2d3b1a07962aa61d40b8cac2519,,1758,4
1759,c4f4b6458d4a996c9589aa1de65701d2db3e80b2f44d4eeb238e8b0c001a0262,d4939d5469ce9a18fc8904883ca499406a4d343f89280fd8245ea2427430dcf1,open_r1_code_grpo,61ecca3829a59461804339f0929d17da,,1759,3
1760,d1d11ea0c4b2fcf6e417eec8007240c4748a3bed863794dcf8ec9e68f1caddab,30e30ce98b0d4ff7f53ce954e7506b2d30e1b1bc3da700c207b3caeddbea4e91,open_r1_code_grpo,079082d7e59202372c297e30b9e70beb,,1760,3
1761,51ca5a7c1e6a36976c96b085883092bdde61de2ee68c1cae620bd17f87f7a090,69164d282c8088d73137d7a1c7722643f49d79f774e3b3b540b82b7ac2b39d73,open_r1_code_grpo,b11def3652576576526549ddc9d5449f,,1761,4
1762,e3bb7da87797900a925f63fb7b0a29eaddffeed8400853a58d5c55bf7f89eb9c,e842f8448fc724e70b88285f0b28a64eb4b5c6e2597d12753c84becf04456d80,open_r1_code_grpo,9398bc239e117f7ba39ad32060029be2,,1762,4
1763,7b32f255f93399e62009959273f0bdb1e57ad6b820a28f3ca36278d7a2704704,b99299cf3b3a7bfc2d0debadf4e68228f6db615b343823424d450a73359931c4,open_r1_code_grpo,94a606693fe6db679283511c3e8f3570,,1763,3
1764,dbf62fc1ca32e43a175465d33a61ee99a5fe7cb2007f3e3b3f15e454c26f84a7,6002002a337d34f1dc0f3c851ca9c945340b7361b7b08c8eb9a643fed830c079,open_r1_code_grpo,e3f4c25c17362fcc98eea74b57317e92,,1764,3
1765,365b2b9d3a21485d8391d56e0aa87f4c51a1a398599c233926dc04e0ca0e9f9e,500764606fdc0e172f6cb55265b1dc73971c6bc5edae4c41152554d2b5f03f8d,open_r1_code_grpo,e69cc8fa59d3bf9f8c6a718400034fdf,,1765,3
1766,9b017f34a4e193ce5365703e924d6d020a34f99807539dcce6490f0e0ac2af70,41579efa6e1612855b61e4a04bdfba0df2c29327354fed2d93aa7cf4a00bab89,open_r1_code_grpo,a1a2794ec6283057f66207bfa9200d71,,1766,3
1767,e9a4aab5650fea89c447ac24d4503421bd39cf5bb68749bd23b7ee57aef2ce61,34753362a00b5b9668294251ec81712fcb109f576752a931c32845ebe33b852a,open_r1_code_grpo,dc7cae44e129d480d9e61017d3134c6e,,1767,4
1768,e43c4e4b470319093e8e39d26a29b3bc3f9ebc8216ff5a3f907c2b003b2311ca,d0f28e3599375670d018bf44fdc2fba92f0fff549531b5edcb00b749e08527e8,open_r1_code_grpo,01786262ae97a92f2eff7eb1f87c814e,,1768,4
1769,db951b502feb926126ae506ee930d8dd1b6542cd51aa2b8d432db728c86660f1,5ef1d80459a04d11b49b5b436c3bb14145d742c062cb131cb50c3e70345bf2c2,open_r1_code_grpo,a232741366056c6e378e9348d7dd3f8f,,1769,4
1770,c8d5ad9fb620f6bab64f88dde9e08f2e270cacd9f673b087ad18bbce7d1a5f36,34b8ef073bbc90d76a4fd20ca2680b7b38d63f84a9f98b07632f3a113a88a1ec,open_r1_code_grpo,450920b37356708a370831e180b291f4,,1770,4
1771,c30fcf432a4529917c62b007e69f75df80b213e9c64047c00fdce5509d69475c,eaf552a0390587684ebdc3b3fce1b2bbace2a457f4feec1d35d4461f733a7179,open_r1_code_grpo,9d6813ccc3c105c505b1335200f30b85,,1771,3
1772,5740f46b014d3d7b39cfbfe2414b8b0217140f37ac5f028f0e20053125cdd2fa,2fd59cf4f45806c4e5c5d3822a88c1180588a097cb9ea6a9dde7018ea97847ec,open_r1_code_grpo,110935b5f691f3f552c6095ac37af6dc,,1772,3
1773,7705d3d9385afb74feb807397796602ead2f45238ac2d54bf495958af6fa6c7b,be893b4502088780c7899c0af229262ba915db6bd1bbfb3a92b70def0fdf0624,open_r1_code_grpo,5486f96fd1e32ecef546ab2b6898bfd8,,1773,4
1774,2dadf9228eac0bee5b29c15cfee722eaf102579e49c28d5af1772bc4f1cec3ad,c90513e5722e35b5fab2166147e53be139d7526eedaf25b6418d557b195e1285,open_r1_code_grpo,cb66e7f7cd42257f83207b030130205b,,1774,3
1775,c1bae7da36e274473b81bb32b693d5a3329d06d7380dbaa202cccd4f60607995,d03e73fd8376ff0b2f10974967100cb7c785593d1807690508087155e0a5aa65,open_r1_code_grpo,e9920feb8402aa8ce64e47c3d53e0556,,1775,3
1776,0bff7859082b199bbeb062e1ff4053ebbb9197a555133c6b285e8ff6e4d12f30,fe14a4d58e8eae75812f203f8093029e3134a7faa2963117d755a3efd283c882,open_r1_code_grpo,6dfcbe8f380c3037a79de40d4ab2c59e,,1776,3
1777,f634f1df3a368ea7ed1e1e58f0ec8a65fbe939ca0db20135c647d65bd3db33bb,a2780b1408a3438352e0660e4c8287351e03de3731100607d36dbb3c69127819,open_r1_code_grpo,7eb122a6cf39fc7009b2a6bd6550a906,,1777,3
1778,20ad6d6588e69c84ab67e1ce5c038ab33b1007309b9cbcd4d7890ee79304af64,27a69f5f231ae98282e6d9ad77b346b5e13b7b4a7d14b79ec48c6d7d605e02af,open_r1_code_grpo,b491b24c99fc038fe2ef4d1abdc41bcd,,1778,3
1779,0c5a3efff77f98610bc94ac875038c6cc69a628344c97ea23fc67369b8a6d55f,cef4fe5350979c2ad0cba470641e1a4078d96a53f5b766310dca42d98173a306,open_r1_code_grpo,e31bb855950d0a6f16b7a1f9e61767a6,,1779,3
1780,fd0705230099438d25060886394c73e73f864a33b5239be7cca07fd79afac9de,e3561315c1c8a3bf89966334d1b7c98c096c3400efde1a1cecc8e56b7d97df6c,open_r1_code_grpo,e70c17efd731622559f2b81e5ae7fe68,,1780,3
1781,0c2ffc2ce295ee29e75a77453c8ded40dd61eee752db2ea3376bc10f7809d228,5fe74c3bb5aa94418e1f76cf2ce917673e11866bcd58d5039b466cb9bd41ad77,open_r1_code_grpo,0de07ef6db9f66e30c06fbde886b1bfa,,1781,4
1782,35d09fe8c9c7283e85eaf209065e5f039b32eb8ea1b7bfbbab86726a85de461d,37a17893be6ac8db27f2e692067b0af8a3a1aa862e0ca7f5883847c63e704b4c,open_r1_code_grpo,729c5a63c386d546249d5e8d91defdc2,,1782,3
1783,b64d939e763ee018983ed00442a7cb053dcd5ae1dd80ba150044323e164c1ba8,8544196ffa7df5445986b1dd8b0b4a5dbd40052ae66e36ec67d2572c92869d2f,open_r1_code_grpo,e82126dcc1f2ae4d619aa099276b8c41,,1783,3
1784,2d07fc0e18d81ba1ed12525bba0f90aaceaa8f51eb45499edff667900d9698e8,6753cd64ff39603995017810abb462bb0dbd2f6dad3cd54f2d5613721ee01244,open_r1_code_grpo,fadf00b4b9fb522daaa5cd9cf49cd094,,1784,3
1785,ff0d46e9adf30055723902ac5dcc1e9b20f412e827b1c1c519f8a10f57d31b84,076a72c7649e31abf89690112b15fddbdb8bab4c835a4376f6a0d68223d97a45,open_r1_code_grpo,af5bf1d3679f1f92201a14b18814a095,,1785,3
1786,10c7dc4d590d0b5b31d587d4f06d4918d342669202c7045783780796960417fa,81c8a1db05d71f813fad5305777bc1092edac9a1f29a0d6e715054d55b97156b,open_r1_code_grpo,db758c8fb5f05b18c3aa6c60ca7f9479,,1786,3
1787,52be4cb19d8dd908f1c40a86dd92b9d09aee0e8e5582a244f27fa7edee9ce433,36848ccbf1f328eb204c9cdfc2dba80f1cdae913aa8334f37e3a079316a47459,open_r1_code_grpo,d02dfe5308c7bf7be2aef090c0dcbbf3,,1787,4
1788,946141466d82a9d61702ee7b26e63511f6d8cb9dbb6832721490cd27140276ff,2f222b60f0e9a550d2c9458d8843d19e4e58bcd11ddd9760d90a20be4c293e60,open_r1_code_grpo,4b9a973ee849458c421b07a839ff30a1,,1788,3
1789,67b0f55297abcfd49b5252dfe0f2881f9803f925bb59fb30500031c101b6df9c,c73edacb46da716939156270e5c4795e5f9f32432d7237d9a8b8180ee2ad090f,open_r1_code_grpo,5e99e4d1d1862fe8cce6d45c67e60af0,,1789,4
1790,abbb569a15b526a844325daf6c406f0b7bcbaff0caaa2668730db95b51ffa3b0,51f26ae2c18484b62110cc3f91a4856e1ef05222e29bc7b7b9f823e91fff75d3,open_r1_code_grpo,ead1dd114daf3e4ea486ee3ff1b8bb94,,1790,4
1791,5395fd074123da1188a9c2e6c25411dc263a402e8f9016f39c19f8388c4415bc,e5e8ea5a5631525d4912c6e1799ed6e530bdf31a58c5b0c06e1f9b73ed961680,open_r1_code_grpo,e486385b65f98569ca53840f2af34303,,1791,4
1792,c374b45fced68fbc63bc4127e4577d2296cba228f5d05b56c07bf5c541a8e6bf,0c3bcc15dbc454c558dc112f55476c2e6d51b32bc4200e6ad78d5d54bbeaeb8a,open_r1_code_grpo,b6ca911ab394f187c6e1cbe1a630676e,,1792,4
1793,6c563e9bb3b5ad100d95020f55ca4f2d0bbc0de6924b1f798b8c45b2aeba94b0,705bf45c96f9509dab338210923fcafb27cc380be926e7adcb7bcfeb405374e5,open_r1_code_grpo,84e405844aaf14346b96364338951a44,,1793,4
1794,e6b3789d8743a09da9982d9ebcfc8ec3dee624b93164a4d2f3c3a2e48a619ff7,1a09aadf0224211bde6a620c6da7a626dc351afa7a375fd005bf39ab2dd441f5,open_r1_code_grpo,f37708b61e77856a8aa92e28022523b2,,1794,3
1795,0e27a2b6e12466dae98a1b1c088d5e085242c1468ba94c19b84666cf75bb0b2b,2fc4a18fc8f2b897fd6a686db25fd05c30914792afa6d76eaccb4e3b312a07a1,open_r1_code_grpo,878dfffa706acf95d66da16e1fa6d79d,,1795,3
1796,a5063686433f254e6a3fdbb156f4d4ffea395e7a6390bd06680b880ede8373d7,b7a2ede53e0d125623d2ff9e1cad12016d3506b173223e6464b1e4f72261591b,open_r1_code_grpo,243cc6870104698b1f1a8f39d62ebbcb,,1796,4
1797,92695496502344b86f26f401d4b947b72ca728cf3170089d7624c72ed83cdead,744b8afa0e8e2ad73060f943d70067f5357b49c417044703cfedc7492c42b272,open_r1_code_grpo,118378b630ecff27dbc835140d1b4c16,,1797,3
1798,a3f0b883d46d7bc69c7cc30666d3f76058bd41d5cf8c9525d48f8e7a919093e5,60ccfa86e67e71b6a9ed76df6fd93effecc50507144c793d9c1bcf0842ddcd47,open_r1_code_grpo,78ff3c75f5d9a14a4d1146cb75ed2310,,1798,4
1799,d8ee7a2bda147ded76686a1c41d886a36656019e2f22035e5f344d181268bd5d,76496f9f94efe8aa4bf68a360fdb6dd309a9ab9629e44d208a4fd3060881043a,open_r1_code_grpo,6bc1a06afc7612a93d05904ddab9b5ca,,1799,4
1800,9426721182027145da3fc38ffc939e1951a6b304b07fc60ca21effacd33f13d2,73bfe9891a0ec09d048affe81fa8729e64076f19e53222a4035a1c846a007473,open_r1_code_grpo,d5209917a55808f6aa682251b5d6029d,,1800,3
1801,e7dec0f99d8e9a96f1c12260bad313d6621acd6ec10634608cd4d5a5ddb01177,e6c33e54ced800193b57de06017dcad3f2f48e71a5f80d6cc11bea433e39a9da,open_r1_code_grpo,9a413ef32c02a22b079aec059a2de554,,1801,3
1802,873d6e4ae641341e93422f968fa8607b1301515b7988457c8a144b5671f508a2,b5c69c348ba9430535475d0a81edf16c3a1bb536616c0e3ad356f01c28ae95b0,open_r1_code_grpo,ef5afab2df75b5cb71175519ec18699b,,1802,3
1803,8618301b268c6273358ecfbd28ac355381335705b880bdbf1da03b20378d7ebe,a5d43bd9c9d53231f5cdcbcc1a60f25687363fe2d6260d65e6d18ada6e05601f,open_r1_code_grpo,540e8eda90abb96da79e3f748751aec0,,1803,3
1804,b004d3d4ab5e1ac127780313f49f27dead926a9d81dbf2c7fc7b3be62b33db7f,5eb0a6b1640da204b03f93ffc9834128741c3fb7d192c702315f3131f73193dd,open_r1_code_grpo,dddee03d3da80c51025bcb4af7630b8f,,1804,3
1805,4edb89c22c0bc4f5761f6be3a96f474453c508801d2f390115873b9c34a492de,28f6a1df9c0218e07ce3b90af5052313eb7eedae8a4bfdb60fbc3694723d52c2,open_r1_code_grpo,2a4bd3939c218da1089e7e651444e442,,1805,3
1806,f80705825be1aa5f037f8c26b108dc6536f0d4b4a66d6d61051a44ddc5ab7b53,5e8843cc81314bdadab7118fe93cd98e4a78baf73543c34b4be0623831926106,open_r1_code_grpo,9d5def21294dff817bf4d2134a7e246b,,1806,3
1807,8c4b807a57b033a094c54dc7a34ca28a4175a409b483867710bb0c8c5decdb06,e1b2dd89f32ff4098e02ab8f294ab72b8960840c171927d1b73c443989e764c5,open_r1_code_grpo,2b47e600a0a6e1658803f4f885fb02d6,,1807,3
1808,14041570c8103fb55367b2482e39dbeddaae27ed7eedf556598ca4cd2909640c,7700ddf06ea27364021f0653afdda11748ca883818e428dd4ac456efbf1eabbe,open_r1_code_grpo,4f5ed4bb9c3b0833b95e35b7c6bd2d24,,1808,3
1809,76ea5fbdf09fe92178e6351866076b6d80accd4c0aef5e9185deeb7dfda30763,17d05b9ebeb67ae4304c15173485bb4c2a063e49e39dd292de2c5c9887c2fe7a,open_r1_code_grpo,847b9ea06690d1a51f0593116c18c994,,1809,4
1810,d9701da7d2dc20bbac8fc6cd7208882ea30d059ca3be4880c420cc243d4f421f,d33bc7d332946eb73d6104c3376bfd836e68e696e7c521be77060a5164151292,open_r1_code_grpo,b8ec80744936ecc9358cb92e0f3c2366,,1810,3
1811,004165198ce1f3b2f72babfdc7c216242af77bd08e767891a8957ae3f958cb10,22fe932de7757665fc8fc4496d49d7957f44341c46e71535a7440b67e78d4ad8,open_r1_code_grpo,917ed5f5d96ee5ed32808741a426981e,,1811,4
1812,f45962e87beaf9cedef5d85b932e5ebc23910a39737353146265492996039e26,71dc4eef2f9efcfe31f188658493dbff4140adcfef558b75084d0f55f147bb43,open_r1_code_grpo,4d7de1a77bd05f6da78504bcdd82cb09,,1812,3
1813,b23fe2808970ff58ffb8f2410bee5eac89b908ebb08f154ac74bde24cd3887f7,7b32aa9bbc539e409221f20272885b18eb50de24ea8c43b88a0288481dfb23ad,open_r1_code_grpo,ffde3bb73edd85c78219891f06ebd65b,,1813,3
1814,3d7ff611256c621d10675509d5e8e463bd6c45c4ad077bb9c137a54d801ec221,2e9cc5617e03f41026b57ca2057751e2017aa77d305549b2a952dd794beed76f,open_r1_code_grpo,f768dcda1b971817d44c788563ee5de7,,1814,3
1815,5a8d1cfdc24318323db6396416fcc0b722df0a6ecb3069866ea60d09bd0ce511,40989ffca48e889f662c16543de9597351020a76e0fc3154718d9b62aa03acd6,open_r1_code_grpo,480b8054c06db6a176bdac559a1cabf8,,1815,4
1816,b98cd762618a3fc807a033ad8aa873e8124ba5c4057838aa96563da02df12f66,646331ec6713444441a8b69a7594d76fb391fc3e3b2296f756ef51f78de8ecd9,open_r1_code_grpo,44410cf6eaf8481fb9a72335d64f8421,,1816,3
1817,07fd16bb8af3915a1c50f8b59409262be4a6205730a9f95cd9b5afbe450977ba,139a7d2aa5c1a50efeded4480f32c83c4e2fd1288180a61443decf0ef39e3a7f,open_r1_code_grpo,45aa9282b50a03292ddc6acf4fe0d868,,1817,3
1818,9659f412660093aa11725b941523336ec6931b65a764eccdccee9e12f8647686,e2bc0c9c27b19d50c2a9c99245fd7c42087f7916909dc2e826e0787ff245ca27,open_r1_code_grpo,6c2cabf9549817797e4e4214651fa008,,1818,3
1819,b019c8279d6097c169091ee06c34f26c2c6595e1f3cc3051ff52de6db93f2e20,38bd698ebd41c0e173e1b3110b89455825379bd6a8d50ae745789d38f57e8c2b,open_r1_code_grpo,f43aab441942b055a72f3e6c0d1f4d6c,,1819,4
1820,44bea154bbcdc2998417bf6b4aedb9a860ebbf4d855ca811056e45f10f34e735,447e9c6eee098d68f96719e7c951f2772c35364b456419990d3006ff8f0d0e9d,open_r1_code_grpo,2dc32ce541cf051e8da879c4ce268330,,1820,4
1821,4044f0f8d1078ea6a173ae9c2ac0967bfe3de4659cfdaba8f04db738e22ec2c8,974a676e00b6b062d6767820439a87f12b76efce7b6a122d7078407dbf52c5ac,open_r1_code_grpo,9b5c4a0920c32528b41379aa66c757b3,,1821,3
1822,3f7f625d19f0f3ee31e9b57fba8a99467a87f138e7c7d74a705d75726905c3b0,d13b03e12d79206c0b6607ccfcc33252873359b793161b82fc93c339f398a743,open_r1_code_grpo,1301847900f73f78b8fd0b4a9df5d00f,,1822,3
1823,fd6c1ad30055194dc512f553c845bded30c1bf3974fc0c57e6d4666ec6721918,a9b70aaa3eeb604602214070f163e60974c144e6cfe9f6781509fcbf376eecff,open_r1_code_grpo,18442afa012ba156632385cd709c918c,,1823,3
1824,b5c62cbb56576d18e0f01eb365714038cf412b19a00390452e49096e048553c1,00fcc463a117d3566d82894ecb187bcdf53b5e856bbc57d2d4d741bef7887cb1,open_r1_code_grpo,5d9c76b93ecc2226ae763919979a3eba,,1824,3
1825,92663e090376c9cbe4b43c17a25b1a21d0d3b64e9ccad8a7f96ab9671a34c151,0ce3ae1f87f7fc12b7cb70b359ecd1cb989b230fbfbeb3c6e3b0fe4c904797f7,open_r1_code_grpo,016430c5df9f38ccc483d7e79307677f,,1825,4
1826,649257b2594116c40cea4596862a245758aab076e45b0f4b66f7d70d1bf4e0a9,640756c4bc933f6f4b7af48dc1e3f8ff3b21815f2c6ca1e4bab1b94f5c03ac35,open_r1_code_grpo,c88009180f7ddcdc5ed271828bd2d72a,,1826,4
1827,f26a00822cf82d062cfde1a81625997704539193931759eccf0ea189030b410f,20b48c43d293979d7bc4d53c40c8f8a7b75db45b1b01e5ecc29d351e4e343f6c,open_r1_code_grpo,968ed1c6352effc15898c221d0cf990e,,1827,4
1828,8602813f28d67183e9af5cdb23daed4b3e4b9d142717fbed1651aaf9abfa65ae,27ba275ea3786fe45c91b05fb359ebdb5827f8e48445fe40350fc6b53a1bb4af,open_r1_code_grpo,51d49b4f4b9e5b9d5e586aca88b08248,,1828,3
1829,ebf9a618a88a9d948856de7b5e5d8cffe3796a817d4d3da790abf9bfb121faed,c858aa9e3f76abe00f1a4a01c1dec9919cc6f962f20c59be17c240368280793b,open_r1_code_grpo,b9b2c64de1dea131e0450bc3b4d4ac81,,1829,3
1830,be9f6a692a916fbbbda0bac15131262dd236d95cb6229315e37229088bce4416,9ba83fbfec0c8e3f8f509092c63f71afee40ed153b440fe54d85b8deaa3b9d43,open_r1_code_grpo,04ea61fb5d066c63c60b7d9d74c943aa,,1830,3
1831,db3465c9dc480dfa44a14c839f72c527cd89f9eca325bb9e124e7ed2f055718f,c8d22c17bf567832e3afdb69c879fd11acff7010194e9f2a18e2525973bf1ab0,open_r1_code_grpo,0c1467e320e1dc84704ba6e5a2a5c436,,1831,4
1832,f5e29ae46b804d49c8e0c4dc5e0c77da6c08af378fa4a9a191ef29f66461cf5e,91c1fedea2f279811107366b47dac0a1cea74c2c4d0bda1585db4875eaaa7230,open_r1_code_grpo,5f0ac3e9b6567aee7b7a67f622fe3c0c,,1832,3
1833,149b28c6a20d723f6963f4ed5b014e9dc0ca4944920c48095e3e8d4a7a384bc0,a399e2ac9068d0d48eb3a9d5eff46b2e0a98ab76e9f9cf6fdfeb47a41f7a0035,open_r1_code_grpo,af9f1bfc7213c1481d6f3584a024db3c,,1833,3
1834,a70c048fd65e5ac5dd8ca87350c591191446c830acb9bfa01926bb8f41256be7,39890fb3476426a9a44c5b3e62f1add248950d177067b15ed40158b2ffc63939,open_r1_code_grpo,1f72ca60ecde8772be67ef8735b314b6,,1834,3
1835,4eb6e66b5cbf128a72adf3c348c4fe574df54e160064e390332173dbb29f297c,3c45c4300629b87f4e36fe9a56da2ae21c2d6cb234af62ed210e70d37dee09dc,open_r1_code_grpo,f36089479a90a5203063a899cfefd077,,1835,4
1836,f7ad07c2f9534cc02a560af09124295b3b7002c911898a56ea72f7e672321f64,facef17cb70efb0f016ca99c5cb1a427126d7d2f068a9953932d1c1a0c3428a7,open_r1_code_grpo,1eaee7025e2948f8033afee61a55b737,,1836,3
1837,2b30bc2bbfedea768a6edfe8a1d0f70073769052a3811692e7db405704fe36fb,0b1f46c680cbb210c0b95f11c62d0d8bac05c75f3bf472c13213ea3a4de2aa9a,open_r1_code_grpo,b62c025053e4061863c2c7c3e975ff3e,,1837,4
1838,ef4b2c710f219fcd4cbc96a0aa7ca7a7dd16bdeeb988d187e00cece9600d966b,a5419bf8c9decef07a93b7e2a9394c47db2b5c5e42322602b18d77ad3e230dd6,open_r1_code_grpo,6e6035a2fdc7ace7948abd62f420eae2,,1838,3
1839,f0264b7a2688fdf76eceee0dc3093f3d541c325f0e80d71e0f553e38838f847b,9e69902964e454cbb247ca3e79c48d938018138b182e1e608947d383bc0b2c9e,open_r1_code_grpo,ca0759e9490e19fcd6e804fdc93ce304,,1839,4
1840,964b006795f2e5e88dddb0e3e5af55da6eec1e089c46587c847340abf22ac01b,c92239448a9af4ef1e09dc2d3705aaefe4213c4e69c7c92ddefff31e7462a9d4,open_r1_code_grpo,857441276851daafa1554b91dce93ba5,,1840,4
1841,b551b265fa5e81cd3f33ef4ce41e8ca850910115f99480053b328c5e6b944831,b7f8329eef22039c2df352915c044d5d6fc8b03516ead2642be94b77b59339cc,open_r1_code_grpo,7034d27918238c020d1d598af52c7aee,,1841,4
1842,341da70912bc26293fcb757d00eccfcb0d620953ac950b1227b8492c3039ea04,232d78af8a757aac72fa6b1a99a3aa51e0de446d7d7e39b1f46fce30c8eadcdb,open_r1_code_grpo,3fcfcbed78afafdb2614ddf385ac1e71,,1842,3
1843,7a53096235618a233b5f8c479322c7a822c7cfef1c78cefc963cf755fe428358,6da78f1f81c7ec4e99f7257fd2854a2a23c4dcd0d5bde5aeb11ee9343048a367,open_r1_code_grpo,ecab318790ba6bcd4fc5a1a707fd9e20,,1843,3
1844,2308eeafcb8123b98b942f8a1112a929b132d1f2b5121ffe4745c19a5b1d2f08,6f43dfe47ff5c5d6dc81464486abaa0582b2ee4e106617174f55c9769d475148,open_r1_code_grpo,9b618b38dd19262f40972adbea12ebf8,,1844,4
1845,8acde46dcc922c8cb1c0a44bb2cf8d0d5c88faf69d8a62c052498df8a1090cca,4c29dea5be051bb2db4cada32bfc7ebdde897e2d854c01c77d38f3e681c657e2,open_r1_code_grpo,ba18ad3e5e5946dd012af85ae0eb54bf,,1845,3
1846,4a8ffeae5d9a3dcff8ead65a22efbb1b8ea79a477b434bb9b7f5f31306ae3425,ec0c3042c02b98e9c25986e91b23b4c3328abc78c3e49d9e7932ec3f09a6d781,open_r1_code_grpo,c22e06ee6bc32ccacd59dd8b2801aca4,,1846,3
1847,8805072aeb1cfc97d2f6b17b81e0b6404ebf56db0ef08c9ad392ec57f9e7e537,0f9335b9b937737fc437e894868b5edecd6980be7fe43996c2e6e55b1b556a8e,open_r1_code_grpo,8f16e08900694c4c11de9585dbe37062,,1847,3
1848,680a68d063503d721528d817a662474ba3ce2520dd40768110dcefb11eadc278,88287e5fa5533599edd86717a3daadc1c804f35c33faf2838de1512f996de25f,open_r1_code_grpo,11841f8313605cd137a6c74f6b522da2,,1848,3
1849,16bf353a586a03a8d24487c470898845b548553b3680b9e743df8e25f314c3c6,049defcf0424b1f46e7b68db36251ec7370af30711832d00ef8447974832b5a9,open_r1_code_grpo,3414fa2fbe113a86bcd37dff8d17d6ca,,1849,4
1850,517599af4bbff8345574429211a883c6dd391bb0581ee623eb3070286a9883ea,35878b6707dcd45126308f65f9d71e57efcf877d42cb134ccfe23e2a9a880baf,open_r1_code_grpo,d436476f631baa1638264167540d0b6c,,1850,4
1851,e1190f5e879c82cfd68ccdc5966a114136bcf5711471c1a9fd27c51c4f05d3ea,74420d18595a3f9137ad0f13a6ca3f44cabb5ce6d5cf0c881e3a0fe4e66d3ab8,open_r1_code_grpo,3c93e1c181092d372f29ebb073a295c6,,1851,3
1852,235dde3e6a3f74ab082f81730f5d511e6bda3c8611dfd8c2c554ca1abd893623,515f250167e2d13e64021e547fdbbeb9468bfdc2fe85aab8f2291cee854e31ee,open_r1_code_grpo,123c77606ec8e9f356993c78642fae98,,1852,3
1853,445ba917422174b7d7d54503b0e3b464a914797f48c57ac5607a7a56b12a178c,138452fe4605b1431429f6cf60985e0018c3f8f0ce7c43f3fbdc3a9e4254f392,open_r1_code_grpo,de345a167033b79ce554dc759644fb25,,1853,3
1854,9147109c50ddff050aba944d79fbb83187860fb2f51b6c2fb3df32d6e4a131e2,a3cc99ee08a3fce80a17875efeebd9b26bd03bd6f4b99d55b609462ce01ac78f,open_r1_code_grpo,8ef53509524cc2dbe8bbc92b8aac9c69,,1854,3
1855,992fa40f789bc2fc4ad9ff13cbfaf18066bc558fb3196576cefb6d3e0ae3936f,58cc131fbc01431bdcc4b27b8d6bf6bfd559c7963854cb7475577d9feff453e0,open_r1_code_grpo,6d9098c34447c8609efc2d1586c4f5ed,,1855,3
1856,5ca0d87a4a93d6055ee70305bad81962461ac6fb025e50f8f6cc991bc211e0ba,57a6f9b9518f5f834f6325ce17a1281e6f53a3474fa52c498c7e92a0653bfcc0,open_r1_code_grpo,42972533fa8cc1b95d393cbb9a96b759,,1856,3
1857,347aeb679e7a0d53bba99a6821638a60a16cc4573adbfe33ee505648edb00ede,848ced011b7ae4309a94c67501da5f230782d37e0e8f98ace5f9b9f2a32d668d,open_r1_code_grpo,823874910d3195506c53721739316301,,1857,3
1858,71ababa0ec37c44b484138f7d754cc948b9d6503f2ef0449e1816e47d7509da9,05dbadeb5de328fe451e36650f0df3b743063b0913cb0fdcabad8b9f14c5e187,open_r1_code_grpo,12ff599c35411670395c32556b12e7ad,,1858,4
1859,112a4d54f1f84a9296daa05eee63bf1d8910e3341a576fd849de8f44817a8a41,5911b6603a5b2c8a0bcba4d3119f8265ab37535f4f20b84a908aa6c65f59b2c7,open_r1_code_grpo,f6840d68d8b2f27f0d0183e22dd17220,,1859,4
1860,5c8d67a1578499a2b95b43c0b9dcf522800756f38deb620e1d447a4537850ddb,5adb5ada77b3925b01b6897b8d2e749d9b2013085bd137eb013787cbcbda2841,open_r1_code_grpo,05e5978bcdf52debd4d760c018b78e39,,1860,3
1861,461e507708f7259159298ce6d5e1310c13bbe7dcf87637f129c9e74f9b22de7e,8723c5b582a162a658eab19a628698baf2b9227fbf31d5526ad30905f1bf696d,open_r1_code_grpo,2e40d7f49dfc1ab8ba16f531f0c1c16a,,1861,3
1862,fea6a7515f6bf1a95f315ce054f9e8c427638a5c80d192cedde6193121879e65,8eb229977e105251307cb354d328cf691cc92900240b766ef326042f495e2211,open_r1_code_grpo,ce1fc82fa2eca52d7f65f7e636695f9d,,1862,4
1863,af067633bd1004424b5404b172a7323bca31d71b868e9e866b6494179c8173b4,b3f3613407fc50703f5c386211a0023aa91f46a5c6d4b21c541b8a23452842ad,open_r1_code_grpo,7be518be5a3941d865970e88b351f8b6,,1863,3
1864,b317237fa050355e8ed5c61e4d7ef4cce6d3b3adfebfa68feccfddfd4aaac7b2,36a17bcc5a281c47b1e069571e9958a221fe616866088cb64b1c95db961f27d4,open_r1_code_grpo,23d78aa3b2b4249ca0e209efa889efd6,,1864,4
1865,8db33e70189ac889033c17d40b1a1a23e24cd5bbabfd5d3a11fe7db36817b5b6,2d623049a9ae25d68dccf9c2ffa2a5443e4bea2c6932371255edd292314946bc,open_r1_code_grpo,9d2e4109d7918f1f9bd95a10e21dbcbc,,1865,3
1866,af8d730ae2f0691f535be12a5a2eef57f97ed373eed6e05f02f7db16a2585426,2b7c8ab8e7d87c5c125448ec1dae0e2802d2405dcf11c4bcf2319a1d22edaeb5,open_r1_code_grpo,f7283d55e819abe55dd50f28f184c446,,1866,3
1867,4e04ea6e9dcfab1fd6047d1f5c48979ecf0fb0bd4f13773a33465e05b1861342,13765e7364a875b3e6f993ce8beac7e8aa0a3b7f936497ee39ddc8648eef7e8f,open_r1_code_grpo,afbb89a685426f6d9ce8ce3535b2ea32,,1867,3
1868,9d088965a1cf901053e59dcda30b61f6ddcf9092130889d02b98c1e2ccec1efc,c656b3a6011def3915d05fa8ef1ac522c23aaf26f3f7e6966be720f654162db5,open_r1_code_grpo,7d95de4399087408b60b72b4e1b814c5,,1868,4
1869,6bc8aff74ed4e11603597d60617854d953fb583e336c70b140654926d0978ae3,0fbbbf2a2f93b0b3ba86a7181f414868c0fdcd4945b49e693e26032488d7bc09,open_r1_code_grpo,a8500f04b3b083ef806131e42000ae01,,1869,4
1870,bd1afd95c5ca4f090c4092ed98770346ae9f617c838ea6250a6af7cb442908c0,c9d4f85f5eddb982b9833ff64c96056e67fc401e12fb63b80bec31799ad81fef,open_r1_code_grpo,5b4f8e82cb1d6138c869068fe6bd1ac9,,1870,3
1871,6a949bcca3e37607bd1e4f01f2dbc91130d8b1cabdf24afc27a35f68cb9922d5,46ab86f150d0a36f7fbcc9eb628fd0a1b875855475dcf53204cb3b4f28f90eb8,open_r1_code_grpo,1f5597edda1a61f62ccf51bf2a6c4f33,,1871,3
1872,e2a7d18b4087d97637569facc60408626f3b8f99637cc54dc406305329fd43f3,03403bcc254860d7c5a0f00082dbd954a92f59d6f813e97ca5465effd38aa412,open_r1_code_grpo,53002a73792dfa63c8dd8b3ac5aa9d08,,1872,3
1873,b2744767c7725a4cf317769b0e2126cc16a49335f0c348b88be365daef36dd3e,35e232d71cc43c039191fc0f464be6e090dcc59972e3e9b5a9dfe6944c8cca1c,open_r1_code_grpo,bc7b58d8b1f457f698cf5cbed8748fac,,1873,3
1874,b4b92690dcb319be01ef21c01f1f1670a865e4a98b263dc20a3cfa4c0a848b1a,2dd178e51e5686272d40ef51d59e260ad1b1ebc4456940a99fca2c9198a88faf,open_r1_code_grpo,954f15cf095bcbb21873713f2dc0e2b3,,1874,3
1875,4490d0c34165122312be512488d1db62e7c6e816794ad7c8e82e658e1a999793,c1e33e561378594b116df20e40e6a9609ca53637460860fbb341c17ce8aa5864,open_r1_code_grpo,89a928809af482524b70e066d500d078,,1875,3
1876,d0e8f3df0b18fa339161aee4964cd6cab7dd410875952f68e7735b61787c55c5,3326166e417f11e43a7de1f9df42bc192be0c33542bf11e5f6d06e217568a4d1,open_r1_code_grpo,5e4a4ce771aa117053cb92133b73fa03,,1876,3
1877,c5b370b6dc87a9e9b0754b9ab0223edba75c565a2db9b829cb662509c638e0b8,8494bde4f65a4a2b2697ee430b781ad6519ba9b052a91a302c3c0c68c30f4ced,open_r1_code_grpo,fcf10272f8db3a6dca358047434bf914,,1877,4
1878,c5eaa09f70c0c707f98011223a38500b6a4f80aadd0557aed889f0aeeb044c6e,f7043432ba0dcd3955705583d1bb2939c9ee1471a41e56183b2987ba8717224c,open_r1_code_grpo,cdf1390916dacc12a12d17b2fd88d45a,,1878,3
1879,d626810208afc844aae0e6cf0b792b1de834b1393e14befc5d7e6f6594330f47,9e82a5717ac00f01d7a29048468786a78de3b7955374bdd2dd7a01fc3fce920e,open_r1_code_grpo,2373c70226ff6abcaa5ff0dcc41e2934,,1879,3
1880,7b8a0cf58be2069a0d34fe82a7277981752a722947aa86587a6f8714de60501c,355a548c24fbd772b96b2add1c6ef3ed86f718ded855df79595c8d231114aa51,open_r1_code_grpo,afd49f60abdaf34f872e2985d5a30249,,1880,4
1881,2423bf60de9c1faa5dfc408c3a1de72548050a986830cfb01609c7d5b9673b92,ab054bd6e5d07daefc94376ae4967b407b5072cb72f67c141c5a55fcae34a542,open_r1_code_grpo,26e27068f4660c6df7d3d21b0227fcef,,1881,3
1882,2dca42a29fc8073e19cf2417bacb21a41708d2160b94fc8c6edfdcc0c4235123,e97471a3d9cff6ab2b1020f678ac20cb8284bdd5d2e7968b0c755c22f3061364,open_r1_code_grpo,29d8b79741a0467d59d185d1641c140f,,1882,3
1883,e3ffe450c891480c847c27a2381945e93f04d04cae14601c7881c7a38badb71c,2985166c27a31111c791b4ae6b4b4721d9e8beb5d07cb832256ad2f5ab46171a,open_r1_code_grpo,da5bf2b86177ecb3f46ca5970c42c53c,,1883,3
1884,2d7a8c5f159d0ce6dd072753708b62dc5afe7c7a01304555b857c42c955e6349,fbcdd6242c54fd6585c49929920069aad1dcebef67695cadeb2bba53a63e5fa0,open_r1_code_grpo,b0a5886e39b37f8f988580e03241dbfd,,1884,3
1885,8c10ba1003c1d027ca248152d61874ed3aa967266687c420c1d255713c902c1d,fdd35bf26dab6985d0b1f04287551a0130081e4004bc086ae89634cb20371cad,open_r1_code_grpo,9a3ea223a27e8b097f1394616ee4d582,,1885,3
1886,fbb9607ca0af14b73677957ee38e61c0074ed0956614128e5fff4d2cfc1c1acc,9429e7635efe88a72bcbe8ae197f18a1772b6d1e4f5ae08d37c5aa3348a4df4c,open_r1_code_grpo,97d725c6d9a5e498b68201b52d1768ad,,1886,3
1887,cd1033b3f1bd7317e55e38b693e6cfedc213d9ee91f5277d65557dd6627b1d26,782579df31788982e762ee96befea78f03bbc287f69817fa0cc3e9f15f21b251,open_r1_code_grpo,6ac903f19ac2c8ff29eb92fcaa51b506,,1887,4
1888,d0f3a8f0127b6786770efb10ed3c1cdd5c314d7e2905972c1ab3db4a33a35ae8,14bc6a4c7a59229dd961e23c5f8b4645020b5398a4eef11c8f12a71f1b2a6ebf,open_r1_code_grpo,8030474c91d64ab803b7a6004d6c9618,,1888,3
1889,b81473341266c19ef9a727df930e12c5cf3aa86c7a61bd60605bad029d9b8d8b,a3aa649d164bf2beb85ce1e8a356f456296e3ae6ef64131a331e835bd5d1d5bb,open_r1_code_grpo,ad3bb37f66e25462fb369fce9cbddd22,,1889,4
1890,c5e46eb3ccc061e51fe36c3f48e07f151295432acbf2067f4f30ee7c7d8b4a51,8856c832a990b8eb6091584ce7e62832a5b19120595909687eea9959e2d366df,open_r1_code_grpo,f0f59464960c50d88efa452a46d9f221,,1890,4
1891,a51787e94ffa73133c2ad4e97634f4415b52874c0d45c093d394ca29957127b1,6034f6488ca892e052d7f9a8cd90e5de6b233e3e09f5739b5ce6c27950238b51,open_r1_code_grpo,0a5f690001bd52f52960f7aef88e9cb9,,1891,3
1892,c836217bbce97b27ea9d2fc1eecfc816c89cf248abc60cc4f94ec3c006f8c754,2a5638339d34b57137241123afc4b472a2ba87011d010cb115c73dc2e1140997,open_r1_code_grpo,4681ffd739d35625e8e9fdf9bebeb798,,1892,3
1893,be51083c313020ac0b40b361d896ede7fc4e410bad04cba52d673e364beaa89c,297b14147bfebe43d0ded80eef5f5b4408d0b573e01acec750b758fdb6c86114,open_r1_code_grpo,dd3e30ac514d3786b213297eb5458a41,,1893,3
1894,289e864a08388269bf0363cfc2c7ac90129674349ec8f3c60aa31ccdc61d9b47,0a0ab6ddb49bb9c84f3a68d909ade08f82c7bc5fe312d806e4e793b992d50974,open_r1_code_grpo,bdb48e0c10232e803c18269f6828a1b5,,1894,4
1895,fda8f0554bcdc4153211bb0b2c905718d4bc2e422a56ef5d6b65e9c941415363,4406404afde87f48f8540dafbfd3a43d80346750fd95aa8d50adf8663bd7836b,open_r1_code_grpo,f6471129825d55e3abae163bae3e0783,,1895,3
1896,e3942c87d0a841b343af6a947e7c2d2c7b05c0c485420d510ded2efce67857ac,d14f59ad7104963ad8eb618e3cb449016d568ed89509a64c0c4d1dc4e10e8c4e,open_r1_code_grpo,5708a15c9b9ab5fe34fe6f891781c921,,1896,4
1897,605f46eb4f8d3893b97e74c5752aaad5674a80f7ba9dafe628512d42ceddca9f,6af89bdd1e1c015906ebf0b21feccc2bac3a252da9b99d6fb49efb09094b822c,open_r1_code_grpo,9a9a45c99e12f0ffd11d29bcccb748d9,,1897,3
1898,451565700f8d6626396f51090a56ea35a6257871ac1fae3661906e16e8d5bc97,3e9ae78580cb7b5c565a5a7b09e5a818e9d3f3aa0a08cca06d3c64b21a25a1a0,open_r1_code_grpo,1c37f29db48c808c21570734a9d0fd71,,1898,3
1899,a3515ac0d2e69580773bade747c50d44752de5a69fd27a841e961b8dc4e5b5c8,db2b80480ae440c7c718f80942bbadcc8ff32f6284116f75c74602c71af74fd8,open_r1_code_grpo,c43e87415ea356a5a357adf19a4f3da3,,1899,4
1900,2d087caec6b941d8caec79e25bdcbb0dd8fa3a603dabdbdc9bce26ca913bfd6f,042a3a8beeaa194c5fa934315dd69c8bceae0653ed550d2cb8bb415025c41951,open_r1_code_grpo,c2075bb6ae1ac1dea15e1fc0c4dae32f,,1900,3
1901,3e242ad5e9bec40bcee97288d8c83709fe09afa87a638ac8887119764465fc6d,d103275240b347e3542e6a4b9584c51d977d4cdfd7cc7ebe01ddf6973e253fbd,open_r1_code_grpo,e2145b89bc5eb3dc2aa79ee626f07394,,1901,4
1902,4e797c1f77ccaf35ce507f8a9dd71aaba3dc795216e5eba632d12898a84ad739,17c7975727e6d1c869b410643fa6a82ae34fa01bc1295c88615581efbfdf451a,open_r1_code_grpo,c7497ec99a65982f646eec283045af67,,1902,3
1903,4fadc47905fa9e21e41b7b1c3fae000fa323573ba72c2b93a11c2f71359483ed,8d50931d06d92f4f789e2255ef51ab5bb1f0d0c9bda80204613ba80e1a7c12a8,open_r1_code_grpo,8f58ba25aeec2c37155d0892a5d107c7,,1903,3
1904,3c68af8581b1dee007d269e057748c43494c997adfdd8c79f7dfb57d5518b101,dcad4578a4de922e5deafacc86fc79f089aeb987a1b60faef63087621d24ccad,open_r1_code_grpo,77cf2841786491b2d17d488aa004c5dc,,1904,4
1905,838ed04b8bf6b2fd08a67c46da11a1ade6294f2bdb2ffcd4a0580e0144a85e3b,a0335b8df17362c16edda2c89ef1eb882c36f10e7c10153f8c13645814477cae,open_r1_code_grpo,40d985d8b568a97c8447bd1b6f903ec3,,1905,3
1906,49ed36fa4f47c07e57b03f4b7f953398dcd06fe505f604ca470c3120e9549456,3cb5c9e9a98655964c5dbbec1e59a46018e4bef7c0cced915b246f527d0eb898,open_r1_code_grpo,e756f78eb03fd47fb1b47672a8541d1c,,1906,3
1907,e91c877dc69f31e55f85a10facac289e9f5ae804c9cf40babcc244b5ee7a0b1d,74edd8cbaf67538d04b019bd72d47c6fab467527415ed0be777def627a1bfc16,open_r1_code_grpo,eeee1cf38c7d25d35f2c7c6281e69e5a,,1907,4
1908,fe2c86fdab24b9d7563de7e147b9175ac27a98f97bc430611bee2602d226d34a,d1d966ae1dc015c7b79816ce67c86cb15af5fb64020ebf791dfcb4eb1e5ac872,open_r1_code_grpo,7934c730583512cb41a458090b3cbb77,,1908,3
1909,1e5147562da3980ddb968db1e4329e84bf8ad13dd1894ff43c9743f2b6f69134,e01b1d7ebe29c600048b48c3765b3c86c01711293c70d7df5d05dee9ae8c9a79,open_r1_code_grpo,c4de5ff3867c59e20c9ea1be22697e5d,,1909,3
1910,e1e9b7fbdaaca39d83c2a901e6264427757eaf6cb3a516f7b97b826442951731,d38b0d4f733b8f23ea135f5cc3179e76052b3417f2afb96aca80ce37097de9d6,open_r1_code_grpo,4d55e9ab207d0f7ba6f6abfcec707014,,1910,4
1911,6766e1bbba7ad2b346b2b26a735af68a4043bf34fba959149eeb8fdf17c1a611,c1c0af79a0c8b7087de3a9422ca6dd57b05243d8ddc2cf1cdb71dbf669c7f8dd,open_r1_code_grpo,364eb171b8de8455932b2c4b4c48edcc,,1911,3
1912,3e17b735d6d4704e887eb95c5628f84a6bb54152d1e6a9124ccd98fb52045ca3,f42d42fea9a0611c8460e80b26cbe55d601d5980e663047a56f2edddf5db6ca5,open_r1_code_grpo,421a274b1f198d1c01495c537e941803,,1912,3
1913,12032cc47fbb8eed5ca3b8d92ec1d76e5c73c88c367033b7358a3018900e4987,afb826d3a3a9f545401e41e1665cfa99e3db3854eeac7653360ba92b0a028fae,open_r1_code_grpo,7809680264152d07ce08a770284d4609,,1913,4
1914,513135a4503a3790792fd4446b7ab6e0f7116d6977ad312a860b3295d363101b,fc8dc0b272c6fdc9205a586cc9103ce26e294f1061206105a1b0c6abb0d83bbf,open_r1_code_grpo,e010c5b167c4d344643ee929ab521f44,,1914,4
1915,8386d493f2a25b34f9522eb4ef4638267183c4eeeca7fc90f2670d6d6295185b,ca4e215cd209ce0219fc7a7c3fa6ef27a1c361d63c376707f894d13c385b85b1,open_r1_code_grpo,7aea4713051a183e100e24158f019d46,,1915,3
1916,70401b7baba66c1ea4dc1e7d880e82e452ac0009b64ab2124f35dd7794037ac8,6f05236cc5ee39ba08d5bed7fa23743d5591826cc121cde0d753ca4af397736b,open_r1_code_grpo,f1efb7c4a4df8913a1308324a96faa8f,,1916,3
1917,21fb9e94760ce4e20e305f9b7e77d546b9a47e9703d561df21b910f9dc82cb73,3eac3a3bb893aa2fd25cf63d422287b2bf163f40a668983f7d3213e0866f9af5,open_r1_code_grpo,237f5bc8cd3a46a6afa1b4e509b4f2e7,,1917,3
1918,6baf241bcfb5ecf4b741a4328431b97d62cb3f33d0357f65b720f6f5ae857f90,d599bec172c1105e750f91474f5400831d2f16bd2faa93e5f83f6b503d1e6bae,open_r1_code_grpo,bf937e8bcdf34182a6b7a9879bb2851d,,1918,3
1919,f59df6a8f796ae03c033bb504b4ac3079c4146586e31a0592738819d8e162173,9feb1a582691b0a55c44982b1713b60deed9a9862bb6b1c844dd4d81fbf28de8,open_r1_code_grpo,5e00bd8896c9d67d9d04b7cdc9116e40,,1919,3
1920,4ac916827b1e3c5363b99fab1c6508ed7c42e2b96186e6c7b99cd6d71bc61729,9d892e8e8fcb8ad043cd06d39139c492045e3f4df7bb7b10e0c483d0fd090294,open_r1_code_grpo,d9a684b2e5fddbaccb4b6a853a0d39e4,,1920,3
1921,51a89dd5bc87dc9baab7147bc1f928619dbc9b599fbb0ae5bcc05c1551d03f08,c02baedfeb55b97149797326391e6d47dedbe4ea5ef66ed1aa252b7c99fd3e24,open_r1_code_grpo,28c9017543086f658b235141738d2c2f,,1921,4
1922,5ecff87b3133001380aba22d20e921c09b4cbf6a0b6afc0ae4b53ab96442e550,d162bab6a01ca0e6bb82cde2d7ca6f6c834aa06eb7181ea486d6bd7a8d709592,open_r1_code_grpo,21f274f20c049c779bb9339a8f43e762,,1922,4
1923,79e19d5c630dff1d2bcd68cab163728e91a3b0d84a7080bf8cb997890eccd630,28318ba6775d7815c1c0da6cfbdf19ebae640be36ba106ae783bc375fac9c172,open_r1_code_grpo,2b162f4beba1c2beb8302f51114562b7,,1923,3
1924,4c9258b92712ff6db2cf1adf9f75f82d787865175ee3bc9f0708e2828d00dada,f1112ded42e4445fa1c298be247ea917ae6864b87cfce64e67f7d68339f5b49d,open_r1_code_grpo,6f3d5a6c98e922a5c05594a85ddfd861,,1924,4
1925,f2612f6e4c6769d85d634e39357eb4be5c5473fff082827f8f588fe255d6a87f,6e9f20d3ef70793d9563ba1f15d0c44bb60a3b01c35718591886dacacb288526,open_r1_code_grpo,6c59a238d4fc43845bb6f468763a86c5,,1925,3
1926,1fdde3c8d7d02634176dcaf5ae1563644fd76793114b82a524810206dd9fc5ec,b08eccf6feea0a267a129fbe742d20699d52731c00e6c608517ae786467903f4,open_r1_code_grpo,7018de3c5431d76c589e426572748fee,,1926,4
1927,a79e6cf67959bef614923ffde33ce7bebd06c66e4c79cd67a1ae8198f34d47bf,d9637c252d58e2abbef5fce7d712b8585e5808e9c0cf249d70fd3555484deb7c,open_r1_code_grpo,6770d5b9c9a33239447790fc7a8b3db7,,1927,3
1928,f67d9cb3ad37d7f3a7aa938189977bd0ba7a87f18a917c5aac6a4c97d03fa8cb,e909c0ca1a2230b252c63f74705a607a450f57525a6218ec861d4278d984e9b8,open_r1_code_grpo,f3083201b1bfaf6919dac5b7e4bfb810,,1928,3
1929,bd074019cba5855efbf88c6a4df20ed2581eac1fda1ad4628d81e6a22a4f86c8,3d7b18ed867e19eb5eb458fc432d032dc879339f67a07b5be7c8cacd76834164,open_r1_code_grpo,12e21e551cbed28aeff8a7d5189b8820,,1929,3
1930,c0bfb9b3a6113f89c53ac2a2621ce3cb699e41e96aced9b51a88a3c646533c23,f40402db1e9eada14d99fec04f48513d1a06210caa6ba141c10faca495056887,open_r1_code_grpo,b7a7623cd942c755036c3fddc6173903,,1930,3
1931,ecc3c8b73cd35c60a73787e5529e74bfc6f6d646fa22bf9def6c7cddf4f701c4,529d3c5f6123f17f9a9bae33d5c4f2bf9ff1fa32098d7e700d3f54c700519c56,open_r1_code_grpo,eab97d271afce2988d72dcdcb062522f,,1931,3
1932,2819e2a3d227dccb3c9a48e22bd860264adeb4703f590705b5c97080f40b182f,ed5a1ee5d30519330b88cd8fb4caf5102a4e17052377d0033ed218c4844855a3,open_r1_code_grpo,8026b22ac0b7205d0684e871fa964af2,,1932,4
1933,cf82a6c82d09e7f031a86fb6cba5e47e8a147a79bdc0d36bae2c532d6bb5069d,7901be744fb24d937ab3e06957e4554f9ea67f0e4f9c46cc4b1f99d1b00f5356,open_r1_code_grpo,d357cebf286a8ea4602d347f3f100866,,1933,3
1934,ab2690e58ee259c50dc57dd54beaa823de388bd46ca2327e85d728f6d1e3a05e,3140d806fcbbbf545db3129047a7fd8e7d9ba8ec35d0729a261671e4180628ed,open_r1_code_grpo,67ea17c3fa156e2e08d83800e95a6fb0,,1934,3
1935,51180dd31589fc0f91cfe2b4ed0606db13c39eb47ffaed075001215177d4145b,9a3e97d6e7786be0567f776c1bf652f8c9459dd8e0288ea7d4d0a8a127554c74,open_r1_code_grpo,ff59acfbc30ddecc56cdc95698313f3c,,1935,3
1936,5e583175aa6a27b6483f19014e74c2aa6d9e745d4e7aec51b20cf8a8caa34be5,5b9fed28693f489f2e57c35a622cf6385c1a68d0d414f967e42205bc57a4bb31,open_r1_code_grpo,c7946626ade84b42774c7a1918b2f5f4,,1936,3
1937,c55239bc8e0114fd50939bbc5a76ec48b9bb7bb2f31efd6782dc3d18556dd9fe,da22fd44725bd46316a8c891aa6d60704243469db3cbfc35dce8c4f870052e09,open_r1_code_grpo,1abe496c8be50d3cb81dcc1344b40507,,1937,4
1938,60a1940d531c88bf5b44b00fd7b4ec3e7fb7d7bf7d0bb181c22e46aed282d223,fafc6642a8dc2124935ab1e6961f2e5ea5ad2a65cc7bc0711f132e2ded34f039,open_r1_code_grpo,a61a6c84c8603f4dd49d04cafe3cc1b0,,1938,4
1939,e9eb4b49c4ac3e24e904167cf90644758d91249012be4c57007bd6c4d45be172,2bda51971cc36c1e30ce1fb433a6ed3a2e64659dce735d730f4146ebe5692895,open_r1_code_grpo,760778f08a4db9ee6f2b255c9463cf75,,1939,3
1940,2d3fbf8a4e10c5848468300539d0c2a20129a29507ed4e6a3e9a0737a845403d,c9c7969f458c35f5baf60e4c8c04f91df1dfd80b21dda3fd28872bc8e39b437f,open_r1_code_grpo,598a39494774cd124679aeccc20d0381,,1940,4
1941,030b7ec78ed6a3aa9836a7ea3bc9a468a38d0701003108e89a262805e59212fc,583d6c0f147bbc3c2ef9a7439a651dadd23073c4ce3b7d8709d94c544301d452,open_r1_code_grpo,9b2be36ff09ee7aec7c2916fa5840c1e,,1941,3
1942,02bd293906836689aba1ee1d1b8d35fbc6f4364ac8a7bcc2ffa0f049122ab5e3,e6165851acca68602b8e1d31c1059365138f87b7d6c0855d371a7d0f736af318,open_r1_code_grpo,978ee9320bd931abc9c1e5b3eee155d0,,1942,3
1943,768008d1e9a1e00a16d35bd808af0c0949765db7929153a4f44e0a0e05f19399,68afbf8d24463d3c99a687dc5e08fbae62d20530f51b92e6f0c10f13571c073d,open_r1_code_grpo,687c5de3567fd6a9058fa9ee0485dac6,,1943,4
1944,dfee6090b11318886e809757fb12bc83664c50767863a058efeff7bf93b112f3,3b43df4ae245b231abba205edbe8c42bb417e6bada80678357e9bb3307088461,open_r1_code_grpo,bb746aaa8587b05a6deea1a38c2afb4d,,1944,3
1945,e6f443190ac1ccdd28b312b203ccdeace141f35eca543133c83d6fe3d7a7967b,6d3306898b0f5d261f37653e2682a43bc911cfe1e9c9f0625e4045ee0e9624b7,open_r1_code_grpo,2e6e2b341910c297a29781713a499278,,1945,4
1946,3e56d97f8d3de234bbc373edc051c92c7d85f773ad42a3b5e9e2c3daf42c9326,92f35d4bfd192f6a9efc00985270a443b55c7a727932f562ac5cbffd8d2f4162,open_r1_code_grpo,cfb4ca2ebcb24baf1ad074600e753edc,,1946,3
1947,d5936073c8ed8ae2bee0490a7fcfc00f1925e1e2f19469aef17602d28db83842,67de45554d997b19f31133cb3b492642adcccb078a49191f453c81bb64bca43f,open_r1_code_grpo,6af97569949214ccb45d7f9b61dfaae9,,1947,4
1948,0a69403aff3314117260912bccad519ff6d38c598e470306867d896c4afe7263,135ed1db969492653875a7ae0b46b9c4e3176e48d0f87110aa5c204b90a44c09,open_r1_code_grpo,46e529cf54a6b77eac67088e354da2d4,,1948,3
1949,fd022e6835846d4790007874cdcd7b6b2442da64cf39d971df70b5db5b974bb4,9726dec59cd53cee34d22d4f1dd47cd2a1ed2c2b5820f80ea44b1d3ac8d50644,open_r1_code_grpo,58b3f419d07e15dc3dd89f6b9cf4beb3,,1949,3
1950,8ad6b59430b07728bd0b8603cc4d8307f872c03bd729a6d71d1898d5dad02e32,892ce03cc2a27b9b12af87834bbfa22626edd3f11e9ea23cf9b14bc534fd3ba9,open_r1_code_grpo,7afbe631cca942776fa4de3d985bc1a9,,1950,4
1951,400a23306650884f37e43c851a6163464f433fb1281d95e943339c66de69fcee,944b668a98da6979cdcbf84fcf81adb1b8f52ee95991f2f764c4c726f98bd644,open_r1_code_grpo,920316792996ab7eafa9bdc4d86b4997,,1951,4
1952,d0b73dc7680abcd99d4ec03982828e40c06d30053e86d13742cc01e0b41479f3,f85a751e4d52c297c7627afea52355493bebe15264357392dfd24d7abfb1462f,open_r1_code_grpo,cec2ecade1f907874518fe4eb88c1a72,,1952,4
1953,246fb1a78d05c6460fecc9b81a9c1f2b50cb273cd1e7803dc1ec76454f351e3d,0219ed0d92889a6543e42db78a1d38cf92be1a52dcd9fa5699af26218e272729,open_r1_code_grpo,152780e17229a511c3ef200f0b30ec74,,1953,3
1954,26286ce6709f1a22e15513a0bb178f72134ef2e29fcba865e9c71aa73341e0e7,e0ad2206c54c688ac671254d28c5e0b331fb31a4034627c6224e02e67dea81b4,open_r1_code_grpo,b9b474ca5ec30932bc3c82512cf2b07b,,1954,3
1955,67a43f978289ba7618bde920068c7c881e07e746bc2ef25aafe96c3faf4e86a1,b52032a00e9d50353df9c40eb3b4380de51233f6f40d79b6722d464af1a0da82,open_r1_code_grpo,867cec279dc49065f1e11c406acb9aae,,1955,3
1956,cb092a1e90aa16fb259c6cc7d901bc7a12576d00f5eaf27461c5520ca6d7c59d,ec731aec2d9a525fcc36cd54cd094c6352381fcf93c2d6192b96bb7e9f41345d,open_r1_code_grpo,8acc69c2b94cdf7963c26d2b81dcd3b9,,1956,3
1957,3778f94738fe496e17e7bf2a1a02ba1dba4f45ef03be5ac9e892a59bf7ee1adf,e85e38bdcb07d208333b4aed5a0d5afd2607d5cd295347fdf2df3fb7b9c455e3,open_r1_code_grpo,72a12dcba9cff491586e120c7594aa52,,1957,3
1958,fec758acb95f014fb1072020b88e3c985cf1599108f81c31f9300afcc258c495,c086f0c5f15129ae028a26e274315c3e23373abf853a62949c84f8d084c8c365,open_r1_code_grpo,48f30f0a701304f0eb458feae7c1b621,,1958,4
1959,efa1c69a4ab8908bb0a3c46dc87354311cec35ae2f705554cdfaeaa6edea7319,1bd7f3dbb0302eb19894ac477ecaf292bdf7dc993bbc2a97921c8d1e3e3df2ae,open_r1_code_grpo,aa49c1b40b0129d2a77e6beb73fcb8fc,,1959,3
1960,ec567823e2a6241e6b944d4b1b4b4a9416442bf2e542ef9d79a530f1e27cbd82,585cecfa619c99b9fd7b05bc052377b4137a16d23d8d6e11e530a2af868e2850,open_r1_code_grpo,693f48c48c8e385e029268821688eb4c,,1960,3
1961,8eb83ccf4d836cb017c924065beed767cb80eed17bf73a84c75f3efddd50a177,6894e3559546d12f81cf971db7ba0fbed0dedafab6f1a460cba78c44517a3737,open_r1_code_grpo,9fac2a7b254a0a0fc574366764a5932c,,1961,4
1962,dde3e17359758badae7889c3fb2199ddf021c7f94c560f3b894d02ab3aa2df39,70d44b468d9d3702ab66200b6529f5b294645e0a6cfd3ac85d76915754c0a873,open_r1_code_grpo,a0ddd2a516d8b429de8a5eda4f758e6d,,1962,3
1963,1ab73db47ad49f31999e620eecaae0cc2751c3aebc9d44a0fb996618cda17fd2,7349d439280758a7349718161c0cc92bc8a3e3d8c43efc485d8be562ad76c9ab,open_r1_code_grpo,4f9caa29c4da43e37c402e1dbb6bd5ff,,1963,4
1964,48f55d149da1d2b81a16864e4989f87590722e60a8fcbcbcbfc215c8117d4fba,4bbd8ff66aeaa26853000997443e5ef6ecb02e6961e8608dbde5afbdade5e9b2,open_r1_code_grpo,931f1cd74db09dc2db853c587c3a5d12,,1964,4
1965,b834e5d5e85031432572f6dec9ed43abe8ac9a1bf650c66f456fafd4a47c776c,815706a79de66b336d89e812787e312cc6198c471aa4e4238f540abce65d802c,open_r1_code_grpo,8dd69cd386bf54633ae32a6873c48a5b,,1965,3
1966,89d42d07f6a1bf52e64bc257bb0bd9c0e148d882ae0a3267f1146a1503b55901,786ff7e0ac670386f975a61f961d2533d051aa8b9852674069d7ef3c1f8520c1,open_r1_code_grpo,591c9f034426b29cc6c3c682299e6acd,,1966,3
1967,8569bcf19dc29b187f668f519438db4ca1f6f82aa834845df602a395563fc912,738958a4d008a9d6492965b4d40ba96590ac97cca332cd5f660b847ba3b3b8c0,open_r1_code_grpo,151727e852cf650e7074d119a6713f2e,,1967,3
1968,90a1c222de0a83e525c8e20d43f84fffaea6eb83e09cf7f7efb76e30f92e9278,08e331662c01f3e885d79035c429aa6c52d28b553e6e419ebad33f2f49d58775,open_r1_code_grpo,7b50b25199d3b7c93b0f85b34b7c4892,,1968,4
1969,65f538067079bb40db1b0bc721d8987782012fda2ad2c8f5a87afc72fda44403,e6e6bde5812983cb0707860fe216cc09e903568245ebb803b867557a51a2e603,open_r1_code_grpo,8c1201f85783b2eef126b60742eca1f7,,1969,3
1970,7fe5eb9b3ac2a90f959e85e00e1fb40dfd411f20d338c416fce2db889964760b,2fec478c32c282ab8fdba7235c288e6e4eda42d99623e9740b77334a0d84aac7,open_r1_code_grpo,6fc4fa4e621100688ad3fbb59def40e0,,1970,4
1971,a94991619a0e4f9123bd09e064bb89d9585431fceda95768d72e44a7b397d81e,e9f6ffc508d747a26fcccab67f9ef46b67d35fe4f3b427ac2eff0306cfb33b18,open_r1_code_grpo,e03d8f93fe94941c31bfb74997ab2813,,1971,3
1972,010f8790756956b1da1666d4d1a340c37a7de119fbb9acbc653f3f0d88b7b6b6,6182d95f4a9bb47397405fe5aaa48dd72a1691967236ff56108d37b539c908c5,open_r1_code_grpo,aa5291b90c8723c4819108d51592dbe1,,1972,3
1973,d26ea2ee76b4add0f089c7ab984311814e406133ec6090fd667bea872b514f0e,308f7ee1a971aa1d928f27d9d5057201bdd5c4b08e974818693c7a2ff9526be3,open_r1_code_grpo,03aecdba067a77d9354d27002d88f1f5,,1973,4
1974,c885ff63fd3115f038babb82c02c6b9982c0d8779bc15531483240154f423c8d,2d7ac11ffbd4ae32294922b02a95147ed64937540a122fbd84f803ee25ccb321,open_r1_code_grpo,b2db74c4495b049c1f5f11d2387ed670,,1974,4
1975,461bd68b9ccbc3867063e037cbd65a127870e3e39f2fe57c517b102d6b241e0e,94b4f99098d6ee72a927f041c08c63cdf45685b7b79b9992fe08864750f2c1e8,open_r1_code_grpo,97b1bd918d11c540e5dec83c9a74a085,,1975,4
1976,f67b368024b8e429c7b8fd0be9c645e4944653b9e92bb6efb9d757f382234152,f2a4d32851c92e688d014fe26881e8c3c69055aa5782757b0ea361be75803a0a,open_r1_code_grpo,039b6e3300ad9da7a9674b8b77407810,,1976,3
1977,0703060cafb1a2c3f919dfb04fe0eeb217c47bde5af8293a3a013dbaf5274e0d,96b0646866e302d158581118bbb68b251d97a0eb5a35bc4d5573e09bec49db7e,open_r1_code_grpo,ad4790dcf4c40b87f186d79866f44473,,1977,4
1978,ac695e136461210bad96919355e53a2528e4f1277ac6ad43892325603fa7401b,bea028d58a49b1d136b2f571be6b73371f52143b41ba2beb5fbf28524a7611ff,open_r1_code_grpo,9555276155f82d23d43ffbb155ddea07,,1978,4
1979,153e99eac0d22dfdd2ca91c6ac544f18dc7d2ed6376d0caab5d5aa0a77252259,88683132af88da771feb58a378babdf28c4023cfa718ccbc47e420fafdfa06a8,open_r1_code_grpo,63cb82c6436745e397df7bedbd0ab03f,,1979,4
1980,ba501247875d7cdc876214f2f1677d6a4acfc73c41fcec6d2f5127a4a63e3084,016ae73e0e2c8d8d9c208d8ab5c39a4c3cd686f0e38d90f6ff293100d9645ff6,open_r1_code_grpo,1692aa6dbd4c24a4745955487b96b97c,,1980,3
1981,5149b64ab40c9831ec0a204d3d063ec46165b7c279c86024bdc173e3a178ca43,81aa51a157ec498882a404a24b34048bb2e3314d6c2a9965ff4fc1ed37b3251a,open_r1_code_grpo,6a05c2220334e7340a3b19e1fed03dbc,,1981,3
1982,ee6d1bfc8482afdca92ec81532168519a76695cd9957eab683ea8caaac4519dc,7e8c6669a6e32c75b96c03cd615041fd881f56654ecbc940f653e0ccf114c050,open_r1_code_grpo,bd9b7c683c91c7add8f42ee4b3d97e12,,1982,3
1983,b0a1ffb8069713b6536bb417ebc5094d14c3629a63239b4576a55e6417f9283d,48e53cc0d5feeaf51dfeb8fac1bd2413988c4e4233d0e9e16d73fddb004633a8,open_r1_code_grpo,d529ac752ddbd082ab5f1a5ee36b6548,,1983,3
1984,ddc39501ce77ee2cd68a9c10ce3a2933e87f11ed9c0d162bbcb86cb1bcf67d54,c2470d0633554a9a238d75f4cabd42c793cd423c2fefbcf3cf619df336a100f4,open_r1_code_grpo,ca364f8c6ebcb53c3017d26ba514d5ff,,1984,3
1985,522864c3e9f5c24c59b6eacaa709133a937979abb0da96e8ea1270e8734494fc,0dc83be44d75337e2597c5cb65c2ae8f55f6b398cc423959ded76b7d74f58f42,open_r1_code_grpo,7124b301c7e729f6369331522778a060,,1985,3
1986,caee54a1983d2d33b75c283d97297c293dafcb067d30360aeab07d3a6ec58e4b,c969b05f15b7d82bc21714f10b530c133d0fe09449412bff4306f52f2a0bc0d6,open_r1_code_grpo,1b94b785739689af590eafb0de5355fb,,1986,3
1987,b3dcfed0a0ffec9305b2c58c24ea36aa6f813ff5ab8d9751abf98ec987bf6133,65e2916efe6ea1e4877279d8f4bf7bf80731a61097e2511de3de3c68104e8c98,open_r1_code_grpo,d37a5800b46b179539f5ee4056a9f4da,,1987,4
1988,c4eb875191cd5c899298321078102f71017c2a14b2296c128ea2bef8e915d876,7d25a2d77d18ad50b4200413467c30f05ea89e62c98c4823539164337a912e0a,open_r1_code_grpo,d02c359a7dc72c7b0a660231b1eafc83,,1988,4
1989,8c84f0540fa0eb62004c2892da31ed0ec507d5cdab4c88b733e8e2c84630a1ea,35438a4c195f533ec03f7412d7df3a5cf17677fa68f5fbbe336e237a9c67fe43,open_r1_code_grpo,420b496e19736bdc561067f15ae308cc,,1989,3
1990,34b006bea6d31288d771f0662b5ac996c4789126f2a32bc1b3975eeb982251db,7bf5e9098ef2544e34771c7072b3a9bcecfe58f85854167ba71e0a473f1bafe8,open_r1_code_grpo,bf1c2e34e421af7194f485bd91daafd8,,1990,4
1991,6b5f290becafd876d2907e482d86aa2297c8d043aa25c740114fda06d4631f85,6e24979e179b566643c7198d99dd73b5b1cc8fce6517c8fbeb2d7fb8241e0a6d,open_r1_code_grpo,6baf7f90d2b940e00e454a5fd5824a95,,1991,3
1992,d098c53ddd81ec776d8dbad72eb99e6084a43ddbacf6be01e447888ca7df7908,050f735ed76fb805eb8c64f93fe2ac84d2b238f183b0641ac2bea81539cd06e7,open_r1_code_grpo,c75bb435d9bc9881b345c82964e4cf03,,1992,3
1993,fab30d0432dce1e5d673369b42ff0908680ec4979f7f25569e904ac5b5cf56af,e664e72d527261af175d703ec0204087b4696d52370ce9086034c6f58199149f,open_r1_code_grpo,eba011cf06ca5c043a9c92823322e907,,1993,4
1994,f8ea0707725d13740e6d96567971145c44a8f098207ba8b2ff250269e8c17006,afa18aef002d26c3a024d9896ffd861f92b941cc5c3864137f6fcbf677d71ff5,open_r1_code_grpo,b7d2e070a9528996493c3a8a73824924,,1994,4
1995,e023fa3c3aff287ee3167fca6369d2c0c7aa5d677827a5d3f801569f2fd90e65,5240ae2e22ca51433d98204a65fb2e6ce3ab6a1ddc7f040b51ae48722dd6ad47,open_r1_code_grpo,f899d554219c9925dd88cf4cc40e4049,,1995,3
1996,d19a423a29c380cb1a82cfb2347a38ca05cb713e0b8dcad68aa765df8f154456,d9f6f38f8961b77b33a36aaec545ec779641f33495a3c153a9313bf776f3923b,open_r1_code_grpo,ae47f07b760c59cc2ec063713a9c04ad,,1996,3
1997,b0cf214537631b306d2f414f71ff011000dde4938e7c80e504f06db88f8d01ed,033c33b9c2115332431617462f429e8c5e418e2176a8687d199db897c2f6bd97,open_r1_code_grpo,5928711ae11e5ca9690fd58b1c784f57,,1997,4
1998,022aba056c481482fb6964706fcbbd99ff0bc730c958e44ed0f585efc890d1f6,88b7ada443895e34faaf4e6c871aed7eb4072e64d50647960ab8803b0b09720d,open_r1_code_grpo,eb6b082fab11a4ecc7ce4740956cfe6a,,1998,4
1999,21e467bf4b022502ac16c7b1aa7f88f6d2f3d6036ec11a811d4a073352aa4033,72526232ab001939d61933e4e54a9ca6bf6d0709cf4efb439a902a09abc538a7,open_r1_code_grpo,ee72fafd05aa64db587d42b6130f33ee,,1999,3
2000,416dadadfef5fff76d203979d5045dd179cf660eb7178d6f8cae714ad5e09c3b,94a3e95e04cb04c44468b55b109814548b39ee9a6a552fda43f40c735e507c6c,open_r1_code_grpo,967097daf0755cca2ebaf4ad1a87ff5e,,2000,3
2001,0fec236f35bad05fe07cc157270cba9d87356680d0570d852c3b766115c11a7a,6848e00e346252ef060f97edbd183098ab3119c60242006c0a0c47969f80d2ff,open_r1_code_grpo,79c442e80e4ce43c40e9397f6b780940,,2001,4
2002,eea46ab9acf335c9b89ca3e86292a51cbc4263eb6d3242a161dc676fbd61c1c3,c4e2cfee1f32abfc9f61f92a41b492eb2b10e66babb20734cbfc529e8c3cb4b4,open_r1_code_grpo,598d70d050c8ec2005f61e42edf5537b,,2002,4
2003,e70466af7383d5513a4cdfbfcf5ae3a71d6dd62601e234c3a7f37be24fc45e68,28f8e25d22ba459f9bd4838ffc14d2e4e70027601cb94271c6d1e66d30193afa,open_r1_code_grpo,509ff496a9da92246736e2e383fd0584,,2003,3
2004,7fc1d61faa62bbabb3d1a0db498479b15db40b90c604c752ff2ac1f3cd430a15,529b73c15a6f542f82d27f942e4b0b47657cc0548a38428fd9e97a9585d01cbd,open_r1_code_grpo,6b0c9c3b121d40506568d4d0c6e1537e,,2004,3
2005,caae77f75b3d70e1b2d9c9870c562d1045b64939af8ccc3190417faab98ecd0d,3c8e11f00379772582b374747df1fd3a855cad4523b3be73001c90ff0e80fbf5,open_r1_code_grpo,acafe7d7311fa64eb551ac8f29ca1d00,,2005,3
2006,d0d5df11665059cffed7444bb78c0005488d7d57ef9d9c55965f94a8cc02ab35,22aae5d27a4819fd840a9d08938d17ef4c0bb17f7e45195d7620fca6966fe864,open_r1_code_grpo,c734575374e9d65a68b2a62538891c94,,2006,3
2007,8120ba68977fa41f10c8ab34ecc4181dc4b8850bbd42a61a119f14834ab22902,7b4e2423799e627086779542234280473886824b601544867aae36d483e37d3d,open_r1_code_grpo,5b09e6356c13bc647f6f30b95928477c,,2007,4
2008,abf8befe87b939a1b923ca9634adf1c37c1070d1ceeda4e2eecc932e1ac8553c,c4a60c5aab84873b86c4d5539b3f0dc5358078f163d5fa6818505eefd91ed0c0,open_r1_code_grpo,646e9dd0beb36dcb908b79b6e161d7c9,,2008,3
2009,1fa2d99096144e3c9bce12ae759da4af3db0efd250643f547a603d2125b6da61,dbb953a4263d7877d9de64cde40866134f4f22c455794f42063d1f8e5b6a1450,open_r1_code_grpo,6b4fdd328c2146898b0c04a46c8b4933,,2009,3
2010,38d6a957a54200a2152ba2823f56a5227cc06ef623c33f551fe1d350efeb2507,6ba165d4a31492566896372061a24df14052164820401d9ac9f12a8e182a3187,open_r1_code_grpo,7ba28d611c70ceda6fab23e1e87c8151,,2010,4
2011,ad8b7d345280779fb746fb43e8e398f2961232ea75d4ef721b7501239a4387aa,878d9c1653311357017fcf02c31af8b83f5ee127705cba04dce9d609fe2c6760,open_r1_code_grpo,c14a24009b0fccbe1f3fa53b4b9935d2,,2011,3
2012,8736629a1fa1d5fbc44f75ea7341238f65c2c5de27f37fe8f9c5cc8d9ea8d9e3,5214a759e233a7f845a8938d6208c141c76c73fa3bbc869b9be9c7338243461b,open_r1_code_grpo,c07c0743db1af4b15715c0bd61d89db0,,2012,4
2013,53e8ff5b78b1d7d0807e089846c5bbd5cf152bc08a3ba8d8ce7ef3f85bc7c555,94835c5a71d5afaf6a5698ffb44ba6e146bc158517ea2dfa4fb861f2039507e8,open_r1_code_grpo,9057ba909933310648459cdb79225b67,,2013,3
2014,566b65ec38d58de7cf4bad2cc28bbd4955d7588866829e35fd73f9882e0e49bb,ffa17207fc88bb7a5b27be24ac8ce15da66e6139cff37ec8e4b6b3d011dc9865,open_r1_code_grpo,de6f0ce2c7533bd869e9831a9d4c8a66,,2014,3
2015,74c4e36ba5eadf152fdd5c84247ad17025704cf1bcd83e637a2da018b42e0dc9,7bef11d11b0da0c2510ce4390d9c5b7ea9d6a5967f5e7c29546ace0540f5d677,open_r1_code_grpo,0b515dfbeffeaab31fbbaaedf823d4b1,,2015,3
2016,197d71837c543cc5580cddfbc55dc7d3a5d298f15a4aa69bad689fb143c8a2c8,11999222efad2303830e344902ef3db91e90fb93addec968df808a2c1ff72c01,open_r1_code_grpo,ecc1ed1757f21a9354602e55b6eeae25,,2016,3
2017,2109c0f91fbdbad818f8df000b8b779a2400109ac4d89889c976c0a44d5bc01e,a6c1bb53772502b9c4397a508823c0002c30a8895a6a5f0dafa252fe7af03fe5,open_r1_code_grpo,bf33e7faf87ec3771086ab6bb1fedf45,,2017,3
2018,9573c8aeaced5062af087c8449b4b526cf607db138e00ee711bfa559f40f8019,3400b77a2114387f3cbbba4dcacb1de28560c6782df0ebec13ea30b64db900f9,open_r1_code_grpo,7b3f4cf5f14be9ab40aaf6c2512ae5c9,,2018,3
2019,672cbb01b28dbe3b0698c465d258066ce14634db92a2a284e1de12428e0f102e,b235c61b096b6d8685da58f43b58d2d0f6761dfa3e3cb3e89bde66eb52e02592,open_r1_code_grpo,0a9fb9b2ef4214728933713d63f02cf6,,2019,4
2020,dfb751e6088bfed403f099b0aa705b9aa0572b26115dce978410221af2317c83,0b05a02393844242ab8e38af8e753096226e14958542754cf6d078b7edf93b7e,open_r1_code_grpo,be0b80a7a73f04642d2e2048c0e15836,,2020,3
2021,bc63cc3623ea17ad5079a7832ce4f3fcc3821e5cc9996947453c0b84bae2b97d,4557ca23644054433015bedc5442a5dc0d23b9d079944df9f6487364465cb7f7,open_r1_code_grpo,1742be9e7c6f6413ab1ce0f564c82fb9,,2021,3
2022,c42a8a56df088310b687f2ca1dce62e40055cf9ef22f8a3890da66b7bfe99199,4534d8812eec5f600f82abcf34cfdf8169466e9857bc6ed0440b3186c268b3d6,open_r1_code_grpo,37e3eb98fc4954fd82f951efddb85944,,2022,4
2023,0a6093bfce39b6c053baa3db690b387db55243e64a9a5f584e80a236e946ac9b,c53ec7dc61123ddc316cc0f96e0cec0fb36d83890f51908dde3f11dce885aa9f,open_r1_code_grpo,311c6abec35754b819d74d3bd3556c84,,2023,3
2024,f174eef4f6575da2b1aa607a5903cdc17742334b20ad5a346ee052cd6a405734,7819080cf324fa0f8d3e1643ed31e6b3af1975c2a62661445c6b1d224e236e97,open_r1_code_grpo,73e13427ffadc5e6b3c034391b3e725e,,2024,3
2025,f56314f0d2f11f2481fe0aeaf5ac1640d699b4a6166f5873367859386e579d93,a843da3da976afa309b8e6b8a860711615c9f721dec77a145913ebd4a8b57a87,open_r1_code_grpo,a97fb98e6d3f89e4ba4e7b8498f4a50f,,2025,4
2026,7901742a4b9764f0c8ed89fb248471bec5e0eeef18dc10a57d66bc24d9fe8bd0,ed232e23a802442af3d63d181d4ac732c7bb54779a1f478a2d5de8e80060d705,open_r1_code_grpo,6f21307d9ed423e0a1666ad47d77e10c,,2026,4
2027,8e038b8b6a7e1dc029f4306a58a9998938799bb58802e256229a0b0978b0fe96,658978ef7cb6dc5ec339bf3339e00c770f20a3554a40aa41b68c593c784fbbf8,open_r1_code_grpo,09cbf0aa87d907457d2ef9c7940f7b22,,2027,3
2028,7e404e1f2c704e67338f903fa4564b958e46f27032ba35793870195513ffd77e,d9403f40c34efb7b2b37d3777147371b1ce18ddcd51a3bc44eaec4af4dae7755,open_r1_code_grpo,a71856601c057052b33290177a1a63de,,2028,3
2029,78c32d46900b03879ef46a90c3481b5e7ca385ee3254d815656e5c353b23296f,31501ce8766fcf8f583ac61fb966e391dba4223862c0e36536e1efe780b1e7ea,open_r1_code_grpo,bba4f99a12d53d54282c5a00ce4bdfb2,,2029,3
2030,71d0f4cc7743a2f4c082cfde8c53af655aba5bb541ee288601316726d35f46b4,722b38b79c380b81ead892c2885163cbfa4ef38b719b9acfcb2059aa39f64800,open_r1_code_grpo,1b3ce67c509e4f6336fd6ad5ad566ecd,,2030,4
2031,cceb7792dc4864dc86b765a8b917ffaa3e19c7652d8062da83d95b32225a6f50,f944debcebac147361b4081bc89ce94b0728dbc049c309c73e803ed1dd747afc,open_r1_code_grpo,573cead11be6c12b2a4928d980a56922,,2031,3
2032,6a1b45b425406854027db0da8410fc60a2508491ca676227fee6cfc5bb907506,60938365bf8ca916b43bb4235668402216a43c810397b22b7fb010b1025ea8e9,open_r1_code_grpo,1e217fe7727c97af039a068236db8ee9,,2032,3
2033,73ad5086b6a27f779170079c951144cf58995f671061f7744b4e41acd2ded78f,1bf0ad2cc4ebdd2216a45eaa167441192117176e67c2829318ef857425ea9677,open_r1_code_grpo,d4c613a405ddc6ab378ba74202c3be16,,2033,4
2034,c1df5c0c46a3200c8be6419687b13b3446a5862f08f0d10c0a044f9201989606,d21ae61e56ce066cc31bce669f957fb45cbddde48e8c4093c6182e00473b0038,open_r1_code_grpo,5b48740d95169bbdddcfb7640fad1298,,2034,4
2035,5985401cbf4b040d124c444fac4bcfb5dd42c5d7b515fbc2466ec0188838b950,a4ee44fd151dc9b65fbbd5e84b7efe9bfa83b675a4733ce527a428cba6dc5c3c,open_r1_code_grpo,24dd3f907f196dd34399e10d553a7d05,,2035,4
2036,a9bb20b7b124e62309657191499e01e8f782a848c971c69a0f1595a24645d500,8c1f0029220090c4d28eff8bb18a46ba244f1179b89984dc30960cbaa8c2ab62,open_r1_code_grpo,aff8a552c20b5e4e0d069577c6c2c322,,2036,4
2037,12e928507b2980afa2704ab99157504388a5978560905ca79df870d0bce87188,abf61b42d2892d6b89695108b832ea88ebd1e58d946aaad012d1cba179a37adb,open_r1_code_grpo,389b6691a5f89c4dc053c2e14ad56380,,2037,3
2038,8026d9da2f14f5462567166f51e01d37ca17b906123a22bcaa74a92a748c4de2,1f5a5d9085aff5e418321bd09bde69561562e1bfc6d056325a216b01bb38425b,open_r1_code_grpo,2346bae30f98d077b54d0796fe34071e,,2038,3
2039,c09447ced49093b8d401835e0a2ec8bd1986af076f3b31e927a0b4fc77bb965e,0f459982e6dc2812108859e3d9b62e053a655088ffaad314ff86b47c86c6600f,open_r1_code_grpo,8682d2d93ba288e8cbf6286ea628ce5c,,2039,3
2040,eb57dcd427a01cb5f14a6516baa4e0b7ee5e1628114f69b97f7f4b71009387ac,bc35e8a3ccda9839f2794818c47eb57edf9cd0d5c56a8dbbe44378b81c8f0e63,open_r1_code_grpo,332bf1a2634471f95dbe0828efa52c80,,2040,3
2041,69aadae70c358a12fc7146720ff57b2e24a9ee29e8e709c16409e8fda6a4902b,3c9bc2c2e1cd4e996089e36fb29547b523ee90eaa12a315f19ca5b9bbf820d96,open_r1_code_grpo,55a7ad62921aef8c00c0798e111fcb50,,2041,3
2042,96e7c3450ccf5fc58278158ecfee173ca5f7bda31b4c184be4a89641ee094214,284983528de8375c9608acc07fde74abb6c0956e95bdc4953c189b7fb95c7fab,open_r1_code_grpo,bd3f19a133c2843ad9825828350be8f4,,2042,3
2043,d0294acbfb665d2acab8959128c89c08e64b5f9a257b74c137c57e151b33473d,adf613c21d7f6168c8cc1a83e988cfcdd2972da1a4d8b766db3e44a04b89f4f7,open_r1_code_grpo,cc4c593addf288847d6bd5cfadf44c08,,2043,3
2044,5c0a4d631f903bf3ac2965d69195895f3c7660c233c69fbb35ee81340f21eacf,b44b299ee89756fae8575133c6f62a1b30387ba26de57ab733df999019567226,open_r1_code_grpo,2896e022a953c8acd701c563d1d26aa3,,2044,3
2045,4b56d9a944a73ea88b95ae5dde3a890dca10b4c1700549e1749cda874ad7b77c,8b80bb21f60613e59bbc6a22d3aff5f84b90247506c5c217b4384babf62bb618,open_r1_code_grpo,e46bf548030037bd92049e179b5a73b2,,2045,4
2046,dd902ae02ee4847cb3f8c8df198c6b24eb52290d5fe9eb2f554bb82b0a552eba,dd126fc21b9f583ee91b597311f8feb7812acf906af1fd062bd4205f5a496d29,open_r1_code_grpo,7825308365c1f62788381bd87ab1ec96,,2046,3
2047,017c969532542fa21c23ed6562cb6318a83336e4255e4523e1c73f19c26aea22,e2a958efeb5f0e55eee1fad4fe2b7b81a4c2cd3e4ba0bdb3fcd9ef7d1f26576f,open_r1_code_grpo,410a52909e973a02477eab2fa718dee9,,2047,3
2048,9fd712f4088ee8371f68b75d3fab84862331ac3f575c8d8e0c77837ed9f11cef,2a1e78035ae3ddaf0ea8aa88b8dfef4401619d500aa6848d563d4b17da207b17,open_r1_code_grpo,ca8186ef2b0043ec6f4663ee77b56bc7,,2048,4
2049,a93b4f41d4ee0ffbc4d39ce940d31db1920b8430ba3e2dfaa4fe20cf965c0fea,ee6828a52e1185115ecd80303bcaeb17c11c4ad481a23c079161738e9be8ba64,open_r1_code_grpo,6177d1885ed9b12f8d3dde4bab49738c,,2049,4
2050,c3ddcdb9b2d4eec78c08d7b414840ca66d270c3d92c2cd9e4ae5d1ad2908a131,48fb094bd846d73c8f6cc798ae62026909f2fadf6c7fdce24d2d059d1e3176f3,open_r1_code_grpo,582c8d66f4934d309396bc499d2ccdeb,,2050,3
2051,147ba14a19d4ede1f0aa630bfbf8aff8ae6352b749dcbd4ff3159340a750bb1a,76a5cb34f089b0236d84c97a110da6b56a7e06a900b5ebcddaee60476daa3f33,open_r1_code_grpo,1470da67e607d46f79793a38b0ac7a71,,2051,4
2052,f728f714c05a77d7bdb185df9a605e367256f362fb5b2fa92f30ca357a9bacce,22abd5658d3a6c0505dcc57768afe0e6fa92e81a8caabbbb5af0b35a855ca30d,open_r1_code_grpo,1601e46106d05ae0f9f010dcddc6b023,,2052,4
2053,8afdb75594004ff74c559d121fff0a454efbdaca4c3de7e6aa850a3e38a1eae1,822f2edbf62ea061760194b087f88c1a4d9744d4bbb96193ced1224cb330ab56,open_r1_code_grpo,dda00c1af9261be20be93d7881e31e9a,,2053,3
2054,d101a5b39d703e265e74e7c5ebd24f4145ac6a0d0474bf1ebecd885ba73ddba1,efea868b20892420b2c91a5789978ab31c153495d78984f2bd34cdf37e37ca61,open_r1_code_grpo,fc145d61138e75eb097f6f0f1488f26e,,2054,3
2055,c3d72a629979be800ed75f8ce1bf71ee1aeb078f0aa5daa7c289f8037ff6a1d7,46e58e078e46b834cfa45a8e92479457019f5c273550b17e13fa62371f8babcb,open_r1_code_grpo,18718fe9aadc42bf74a43c8ee3a93aff,,2055,3
2056,159efef14344465733baaa13f0c93ff880b68d902acdfaa87e320b3c9664224f,34a1a1d679db40bed67b7b4c6b0d34457d90fc7572e0f3c8318e4235ede6dc0b,open_r1_code_grpo,a67983ac0e92c3416a915a744b7f0327,,2056,3
2057,1676ae7c454806725899c8422011b4211f2b250a25fd4f7f0406ea5b5ff4ad91,100562be810c83a62530cdf530bb6763a1eb3cf079a5b29e9347e7b71b1e54b6,open_r1_code_grpo,b1f04e99fc7108a156e75004bddeb9fe,,2057,3
2058,69a4f690f5283f46c1682778c8b1a0164bdcc41be78a9fd47d8663aea496ed06,dac7909e242ade167e0436a9a23b571b3597ecfea4e9283f1c31fcb628202cfa,open_r1_code_grpo,6801506560afbe10ea0afcaef7f3174b,,2058,3
2059,d6e91c2fb7aab97ae16ac49e4f92bb730268860125fb12fe6fbfe0bfca2eb79e,7c1d1169ecf906cb5604058090de8df44ec9485d7af56746311abda7d83809ed,open_r1_code_grpo,2fff4346ee10498630effb9038955869,,2059,3
2060,88f837b731d2da3caa7352793044d60096ecf30107ce2de000374de2c8d07f29,b9cec52e0bf8fd196bc85f1befdf36f7712c01a5e25142f572eeaba0f5720512,open_r1_code_grpo,f5bdb4fc26db8aab82b7146f327d7b20,,2060,4
2061,f21509e1e4bff20bbc30b9bb79224400f73fb52c721008d547f52c394af4111b,fe5f8a26ec9babae5989d32f31489e5fa3c576da0260d125dddd3cf2fe2db07a,open_r1_code_grpo,a52a97610bf77fade23a43ec753dfc5f,,2061,4
2062,b1ea5f07a39e29e4666fa64317a971922a5fdd693a24ac8a877b5c4da0669195,365e7fabc7aa22c0b2a48d6304e43f0a1209f2274a4872ffaf9187f9063d6f8b,open_r1_code_grpo,f0901231e63cbda0fb11763359f0bd42,,2062,4
2063,54d7af65e3140f91c37a426aa4822399d373e1dbe61c94e4746fdfed97a45ae1,ba126dfacc7053aa426d7cdd4dae97bab4e0c458141349c07cb7a5670d202f70,open_r1_code_grpo,eba69aa917e8c0dadf0a35a07a4b3a41,,2063,3
2064,d56aea54aa903d1e13bb044cba660804a628068c46eb8e29c955bfae25daf4fe,ae27139be3508f4e9cd55747ad00bf2c28b3476ab6831ede5e885b698e446040,open_r1_code_grpo,2cb4f9607e157e1904cd5fd82bef0354,,2064,3
2065,800f5dd8af9ca3a5e41057382b2b629715d3efdc401939745c60b4efd5e7d941,141e7352977f635edf78a5ba9fc35ee1330e92325cfe21233f23fb5b89aaadc4,open_r1_code_grpo,ae758a4a2d0764f1743d40f4d3586134,,2065,4
2066,a8cabc8ca83757d20125a87fa2bccd9a82dbde1c66551ff0f496fd7bc33f5d41,b7b1f81745f744e220e714386a725b6f3b0aae184e541b6a6ba277ee9dda90ca,open_r1_code_grpo,f2ff765dd3103a6dcbc23622677f07a1,,2066,3
2067,34acc35221cf47958ea8c5589e0a597279bb70ba2b5ded749aceac3331c32260,7f752b77c0b5d4216b6f1bf1d071486f55fdce758d9b909ee03be67a1a2b5fb6,open_r1_code_grpo,13d7a88474f58f8a1a807775a17d5ff3,,2067,3
2068,f56bdfb43cb16e0c1a66ffe3e17212e1728568b58fe6f4db496a49665eafa70c,ae82947ce24fa52ab3ce958d536ca57e7fc33b7162abacca1c357d6dfdba4b30,open_r1_code_grpo,5e6222dac2034cf1d8af9c63d984c473,,2068,4
2069,cef148de890d810e651b45ebcf95e239d8c162b9b6526b860d5c8c264110a7f8,5ff53403480cdb0523ffc2a5a48471e853070ad5669e3a689e7bd62485c97999,open_r1_code_grpo,744e2d27f839ae6bd3e0c1fb1f7c89f2,,2069,4
2070,0b6f7d601b8660d651b1e9c370d860b58477990e48fefa31e4c10ecd22055e2b,a5c3902759a39b0fef83a52aab6addaa2dbb3ad8b251d7a8d8641327537641bb,open_r1_code_grpo,77180da8c436ec65f7022216da37b922,,2070,4
2071,ff85e86c308f8299590776e1323d99b5687946940cdf99208ee5500f521f7089,c02a7161f916de1658f1e0d7ea11aa36b5417f3b0c407aace7a45e39ce0db02d,open_r1_code_grpo,6c7f175217c5fbf4d5e607a95f5a3879,,2071,3
2072,6c09f058cbcebb1b4b2f6727569e3bc070ae32eed3a6454e573061c55bd77dca,cde6b8741ec3558f8b1c43b950fcf46d948cd93c276ecbb17e457b20d21ac7fc,open_r1_code_grpo,6f0d368bb47d3b42faaf2ba30fa6dae0,,2072,3
2073,abeb628480053d6817651d968dad2a91a39fb2576106d4dcbefe77f6a407a3fb,9c87d30ab4fc552f50558bebc6294f83d7a533a8f0d36c77b252ed74e23d4a28,open_r1_code_grpo,849519978834e89116bc1369961dd5bf,,2073,3
2074,47c42e0b73d20d1ffb7b85a8c0f83c0a392e3b149bf4f19f598b4dbf124144f2,ef79ba8a2f229c0228727618393a40064edbf657a4271e3feff23bb62124151c,open_r1_code_grpo,f94713f3eaca24cdfe9cd7c8eed21f67,,2074,4
2075,b641c140407e209893e578153bc2f2d1795f5f4038aae1d5bb6596be15804be4,0636a2ee6a4eb84f94f67ef3b98d2d3c5061328ad5651376bea65b1f4f185a12,open_r1_code_grpo,db564f60a3900482e147c0c79f3b88c9,,2075,3
2076,ab2f6df81ba35912a061a204133ac923aef3470a2fa73bea04f30003f4b59870,27b2443ba32323e9a45a502bc74de611ddef529360b289960cbba84671adf823,open_r1_code_grpo,e33a286e4884fdff6e1fa4efefdddee7,,2076,3
2077,fe0ea7a77347b362d2ffa08d0aeb574a2a11a4d2defe57cbdc7170569c57d5d4,f6d1e0f5511efe380f517953e8d9c075f1ca07fa6e25c70701359aca36726a5e,open_r1_code_grpo,f15816d8969f65277e314dff2cfc4461,,2077,4
2078,5f307460e399e4360c455d837d6a4bbc980758c43c1239e1a87cba19a2d5b82c,943c3e0020cb819ce019bf0bf3e00e236ac0dd19d846b9e30eeb6748b71316fe,open_r1_code_grpo,3719724f81344bf1031cd16be6e1f40e,,2078,4
2079,2e521aee77c3144b6914e2a81befaa857a07320a494ddf0118b62362dacd6c53,5f30b301660a2d105178eb783d7dd205664d7fd46f851ccbf0c30ae77f3df7b1,open_r1_code_grpo,7c3b69bfe172f5cedc8e7041c2377564,,2079,4
2080,bf333f55b39353c02ff73fb14dc9722732cbc97562ecbff69c59cec5e10d4036,e44b2d445e7724ce004538d743a813a8d8f83ecac3432eccfc2b11f337fe2112,open_r1_code_grpo,7396c06aed820f6cdabc99d8b8a6c284,,2080,4
2081,9a61bb73ac6713e4dc2c861a31d8af10f04e5a93a170d492ad8e65c67c4805cb,f83b1f7d983649c04bf8d57d6869814ea7d7e93f9c60d1314d2b842bf2771ba4,open_r1_code_grpo,d90ff5ea8e4376790ec24a88f4e5da68,,2081,4
2082,26e8a0ca27a1d1c36230687b9bd8e219c9ccce5708c038234319bb11a095db1a,881912c87e56d0249e30a00c99ed9a7328f9c55a2108c5169c0c037d6a06b8ce,open_r1_code_grpo,6a8b350865e2bd1d35450319e2734eed,,2082,4
2083,87649137a1a4176bfe1b3e18f7e07f4d77d95999354422916606f477f5119981,ced382cdf8993fc660d3ad6887a6ee559f3223476b6d93045171ca3446ab7dd2,open_r1_code_grpo,2bcc25498ff34e735c25ec41ea940b87,,2083,4
2084,5813d67f2a4dadda409162e37860557700be18614e6cff217cde1f7f5c30039c,0e35cc2cbc8bd1d9389e2aad4067b98fa264c9e1abb47b9df39829d01deabdbb,open_r1_code_grpo,ee8f9f75025163eccc7e016b262cd3c6,,2084,3
2085,88b5ea2efd3a8c828451c7ba3f961087fb7166196df814a8d9e9b087bb677976,7a322aaadf8dd48cb0f01342835809ffbb6adbb862586858996ae9517b71f35a,open_r1_code_grpo,a933b99d8a2ff3313e373c06cc1c6b05,,2085,3
2086,e1cd96ee2e5502a081896f0fb56d162bceab18fff6f851af9c3d32fa13c4aab9,d813ad1a48882eeee7a5804bc4d491110f5468d628e5c642e60ee0ae0cd2f0f8,open_r1_code_grpo,8599f6e33eeca27c376067592f09a8cf,,2086,3
2087,84d243b99591bc05ef3f3695ce642771d441d1c74d99638abbcde11ba883d8b9,fe7d7bb4397b48561709be4d90f6dec7d839a6dafb169b31b10c17d4af458683,open_r1_code_grpo,d5452a1b0e97e7786fbd924914ee89a6,,2087,3
2088,6b651407b2c78aa72caa5a668d4b253a4a21e22af9c9ca795717e10c6379554d,76e189b59694179bd817ee8bbbc0f79a08fa4a94c9139f7c50368fbdbbaa7e9b,open_r1_code_grpo,a1adec36e6428c548cf1205ab03a4592,,2088,3
2089,fca5ec2241abae4904718056828c8a27b14ed425b64235c90a922fc53f75fbbe,adff242763112909b4f8a2c9d223861237eb9183d0d9602baf7430386f08f93b,open_r1_code_grpo,ed9408f968127cbcbe854823840b2d95,,2089,4
2090,d9949bdd44ed51cbc064969a9dc88e3669c6d13d0460a5980983cdc72b2aa1e5,1be4bcf48f9ba9256639e594e58d0b0b8013b1acd1b5258db0eae8f3514b110b,open_r1_code_grpo,1ff079ed23de4411a60ee57287d6f8d6,,2090,4
2091,7d01ec55b7ffdc3f3c2c4a80e43ce21e0c657303b0a803248f2e5e6eef867f8a,77d1c08b6f741c15839ad74f1b45af1ee1d3965c4f7d06642476c5ec72c150e4,open_r1_code_grpo,99762df132a985b8667b626e88597907,,2091,4
2092,46e008dcdec951e345325fd53a174f66abea4a2bfc85d542acb171476b6b056d,e5037397b4b6e6c2d40e799135d65803802f59d29a27c06872d74dd7fdbf2344,open_r1_code_grpo,f0db2185e0d7c06ad4c6b1d227e2d4f8,,2092,3
2093,33b35e516a02ae57917b9db838d9d355d6ba3f4275991c9a088ec98115a431a8,704f18394aaa00824207d789e2966bf1726e76bd6c5c055d14f5db9cc04d6bff,open_r1_code_grpo,35d2d710e3e21a9d642e8ef9836c6786,,2093,3
2094,a9ab8373d7ecbfb74bb7bb7fa69ddbfe2e4d214d1f2fff39c964531794f8ca73,3f8c1225d283c6e5cdc384f1b618917ccb55bc9993bc0c90a1100f3b0bc94c6a,open_r1_code_grpo,3fe581d716d0ab47b0a67af6c529fda9,,2094,4
2095,2a4d80cb17a09a72a737ae1497d38200342caf7823162b2c8be36c2d925df0e5,4c6949c644db0284468f4800fba7cfd081957f66c8ecbfeeda78ecfc862863b5,open_r1_code_grpo,2ecaaab76f61d5357bc7cfa9d904aeb9,,2095,3
2096,3df34c713a1891b5f27f9a0d65921df9d9f7a208f2efe3874270cfbd48a68436,3ed946842c801f06d05f9be3b712b0fd2eab38d03ff289d13ad1e7b7fc832e7f,open_r1_code_grpo,3e50c60945d385085e764a84cf980504,,2096,3
2097,02aacb1aa14301d04e4e606fb42d9496d2112bee823c066f88fcaa91b7372c17,0b3621eb57cc38b24f913f1c1c166e1f2ddcb84e477759fd6917225bfac49c6d,open_r1_code_grpo,68f194f9916e1d670899018f35031ca4,,2097,3
2098,1221ae998b208065b5e262e91133160dcc1fdb2be1b1511ab766be182f3e1e65,3e05382bac9be58215db93ac262bbb424aa0e4a718dfe62e27f2a996b7465270,open_r1_code_grpo,01579cc70439703f0381ed6dcb0a4846,,2098,3
2099,6541858e9adf61a36e34e58b42d9be17cf696f2f0b1973b0f6e947d544491fcb,a5c3679d0eba934688b3129da76345369f7715866b1227c7df66289e27869026,open_r1_code_grpo,e3fdf0f9444672857fd60d458c7598c4,,2099,3
2100,42fe4310d02830c2b21555fceed3c6c1dbd7ee26bf16f8f30dd7aadba49efc7c,21aea5ee9185b3db318b4bb56d4afcfbe0b842d63c5b056414477260328329f9,open_r1_code_grpo,acf40dac71b6a2c79161d003bce8a806,,2100,4
2101,6b5e4861c28b2faf086e9195eeb06d89214d67efa21c53537fd7ee17bbc1ebdc,93b51cae1431299a1b66f8d5ebf7f602dd119174c50fb309a08a080afca2091c,open_r1_code_grpo,38b16d5ac36f18ca89c7e3d65d40e454,,2101,3
2102,038cec7c69e2881e67341fea9fbf7735235d4b3c995e9882f31d3e31deb965f4,7cc6dde4b2e1a9b5cacbaec1328f86bf37f061b7046a61cef6becbfa340f8594,open_r1_code_grpo,84e4ef3d98ce42cad63d7f9889dbc718,,2102,3
2103,29c6e3ed57b24ab67e30dbf696a6d8ea2315ab4af2996c4ee18d19f8d0ccbb25,bb029151fe51b7d39c1927fe2490c82dfa8ed9396cd710de076d4b12a30c6452,open_r1_code_grpo,181109a040bac138b1dc4e182872cbeb,,2103,4
2104,bcc7d4aa36d2ee64106fb24fd015cf5a0c7c2006a1ca2156ad449d127919f446,7551fee9d1bbf1280ae28ee425ed4f29c5ad78200c719703769c46fb66c7ab5a,open_r1_code_grpo,2d43ecdf0b4e7273afdee69246f040dc,,2104,3
2105,2abd3cc98c02dade1df3f087897bded4353e036da1705f84b1bb9695b6b71060,27edd75f08442e3fe5b8c48b0af6b4eedd436438f0b3c05f63db42c5e55877ba,open_r1_code_grpo,325d140bbf720c5b3a95149ce6f3fe65,,2105,4
2106,7666e3470541ba76a2b5b9295e1c7b3d9447e76b94d1316697e0bc0b76829370,73f3671a003b34659325089880b067d12ed3faa97450359ff1b11e142e68b936,open_r1_code_grpo,dada99b4ad835744fcc12bf58e09f080,,2106,3
2107,a410aa41dab8050e4de5fa8c670870e8935bf514e369ab202492ca713efff256,2d83794b56c68e3f3021d3f4e557fe4feb77cd3490e4960bae280284a880f9d3,open_r1_code_grpo,f0120de3e971aa29e78ee1af67c0a2ba,,2107,4
2108,6707ebe79b14beb6760a0b55e1d9aacada4294380beb18dd0f91417449dfd890,48cda67ff66cedded0ae931b51f1576d450da6c37421956b5beb3100f407f09f,open_r1_code_grpo,60c86e901dc29f4fbd2f7f93f5cb3d24,,2108,3
2109,e1ce417e8818313d1493813355f782bd7ce29b7ccdb93184fb395cac9c6cc40a,7e4eac35033500f6d6a32c72ecc666e068582c42ab053c7decbdb8803cb00d35,open_r1_code_grpo,0e88f97c861ad2b54497da331e71dc84,,2109,3
2110,16a4c88f87cd449d457a92d572c9e1f1511fe6f08e0ad7680510df56f216e5bd,226fc87e7ad1853508fe60294de4153ef30bf6c979d1d7c5b5a3d7d7120f7623,open_r1_code_grpo,579ce993dc2a724d24a812cfb540b496,,2110,4
2111,1329ed72f026a107e7c32b451b0400a582773c6b8d797d27c1ddc03b22e201b4,074a8a9821a286e9d0271f61054258c0d35175ff1608286e9b507e82cd5a027b,open_r1_code_grpo,71bf70ed9aec8a6551ca1a7a81cbac3a,,2111,3
2112,299feb43644a26f4d6d148f949bdb232b25ccd995ab1d6122078b7066c74c4b5,ad9a5ec39382f77c5d661d6681b01b7b3794007c08e45710e96de00541efaa24,open_r1_code_grpo,22661d1b42ad7d0a504a480491975b89,,2112,3
2113,801c3803a237d68cfe319c55f4e19715d260c00ee7bdf6b0fd0a54a565804af1,74fe04071e86d6dea0b53080cc02190b1baa57b8bee7549172fe68754776236c,open_r1_code_grpo,eca20c3294ce840aa810898627e347dd,,2113,3
2114,3756fb6e99eeb04a9dd58402d5ae379b61e9d005d6ac634d1844f0520dcbec4e,3ee9736dcd3c8e595c300f8d10bf3bee5a9c82bffbe1e455ac2c61022f62c001,open_r1_code_grpo,9fb3156dd139d0aad7b3586d1980f8dd,,2114,4
2115,0712d52c153508f41d154635b3adf26ed3dd8642f9537ae1c20ec24d3554ecfe,6b93af4c940bd67ebc8ac1845c461a6d1de7bece8bf013a030c59f2aa89aebe9,open_r1_code_grpo,3871a238f33a53870d5bc4fcbe188cb1,,2115,4
2116,7e7bfac8943747d49fda3d19300ad6f0d32b8995b7d751fc4c9ff023ed7f718b,d539468b4e9fc29623ff23b12ddd7975326c7c25cbc224880dc7f8d5426762a2,open_r1_code_grpo,ab47c4f360a43c303103101a8f42f4be,,2116,4
2117,06059d2aa2292f961bfd019a6fffd3e5d262dea7f898c8fe511858fbb1dcebb8,b6d8e11ed8a003acd8b40da71ea90a22a327dc4ecda784269d605f0a21cb0468,open_r1_code_grpo,a1f106f99cf0030c7c0aad755d0cb6e3,,2117,4
2118,01ba50a706530a363dfef454dcae1073c44b09b3ce8364a06a4484158b54a95d,d22400b06017793d110e31d1dca4c082894db1fd859d9bb7846da152666b5c35,open_r1_code_grpo,b313f64ecc32257720431e327597172f,,2118,3
2119,425e90eb29cf5c55f8b7867af3b634e18d0e757ecc21fac23f8f394ff7de941e,8c5b30987cbc77cd97580bb731696627a52362c14a65e0d1ea40b8a94c9b3f00,open_r1_code_grpo,5c84fb7ab3f75dd1c5822e1ced0fba37,,2119,4
2120,6f0bb9f63196001801923e4c7c68dce245838cea9c702ea06dbd6c1306f18f23,a5f5bdf6c3504736ac3fc995a9ff0541629ccca21fc6bb585c88c65f390f58e5,open_r1_code_grpo,cc3f3c4d6b9f4d60aeea04dd834fb67c,,2120,4
2121,ec18965c77c89d966a0feeea5634970e0e0dcafd9a6fc69601bec5db69081f0e,5c3ef4bc372786b96b204718b1c54099856a8298ee66fbb2111224eb021ff842,open_r1_code_grpo,0865cf5750726670fe73b723bc965b00,,2121,3
2122,6ab7c3ab7e7b58b823937ef4920cd31694e7c2cee5cac36ad584a5a2ea13157b,ef3ce13b8e19587e6a5415f8e0f5fa4c5ee01681fd588a5ad42499998125adbd,open_r1_code_grpo,a622e4d07aada604b43c36fe959ea104,,2122,3
2123,9f600c053d3673b96748c0b7be9ed3a02759c428d761074b58b2827cba653c36,65f7c19166d0bb15f78de1b683ffa73a1655652aba164177f5214abf04f1b654,open_r1_code_grpo,5f97a8b1eb57da9845b6a5a29f47474e,,2123,4
2124,951cc845afaa4d0b680e790423b1dd23960fc7b723f1ae9502fd05e9f11f283e,36ef498c079ea1617146f2e2599fb4b0f831bfddcd0256a148ecd918dd524cc6,open_r1_code_grpo,4033d395be5c7a5bbeb116c744e57ba3,,2124,3
2125,2442010cdc83d6c09ecdfe0d267f748aac7fb9c8e8b89cd8c91ee73fc00b5dcd,1ae89e9819f1d761e32a78c4a9faeda70939dbaea363348983729b53c177a99d,open_r1_code_grpo,129144560eb9ea0a95e5831a6461b7c8,,2125,4
2126,79d009f15b72ae2fa826b89263a2c016562432fdbfd9f7feee2803c62361ba8a,03fe105fa89d336f711f84a5efc02881426de040037c0c7343fcfb1407655dfd,open_r1_code_grpo,2a9bfd426296742ba027962fa10a29e4,,2126,4
2127,089b83f3cb6cb5fe2b3fa1d3e58015161e2f94e0c1e4ab606946a09fbcdcc743,0af839918959982195c69c56d6fc93a9c2b4ec1aac7bd31e55655a766b4c603d,open_r1_code_grpo,86880339461fb1f46b398b81ca0e3954,,2127,3
2128,f2bea76a58e4fd62a86a14f1d1cc8193d776d08d42d3854ba1ea17467d984667,4f2c214108c1d21512a553fc2c614aa65d567cca99994965f5bbd5932fe8fb83,open_r1_code_grpo,a8f93725aab8516cee4c626d0ed2621e,,2128,4
2129,a743a219833791c2c478f109333e44ea1c85fa801f8b77506c3b5837315f38df,b534ed40a2cbe4c7c3b581b873e4248064d453786223f07bd36da37c90ec71ee,open_r1_code_grpo,918f164511f86d96f4050d6b54314fb3,,2129,4
2130,8690d0bcace0d7009b404be3b34ceb92abafacba154a1431945cc7da3a0be341,9b61e5c0ae8bdb58f38f2ea69ba712c367273285393c999b8af47ee59c767249,open_r1_code_grpo,7b8116207b4d60e8ae0249d4a685b3d2,,2130,3
2131,42b1107e2714d2bdc356a02047ebcfeb18c753356322e556cecaf8547c370706,8749e7ea6056946e667841be1eba83bb5ad03e377a4d3e16d1647bc028f57569,open_r1_code_grpo,88781f2917079a6ff08df30daf52cf9a,,2131,4
2132,02af88294def662c28c9ec5faed65478e9475cfc2f53f7ffcb7db4dced2739a0,7ae40c173a72ab10c6e56d2c0848c14fcbb537073faa0ff83b7757b46ebd2768,open_r1_code_grpo,6efb0549349243cc52db12d22b2b664c,,2132,4
2133,a58800fda359819e478086e439b0c087504d5eca9bac1018bb0c0508caa291fe,78762240e21e583203b22d3d78338290e4e95438b135ff0cc81b1fb211b6bf45,open_r1_code_grpo,84ecff945a5cc5d9cb9d05db82b986c4,,2133,3
2134,c85bef9c9fe91347565d64440e794ee2696e07095ffdf8cbebb47b7f36e9ecc8,73659b0dd8b4121e487978f24ab80bcaea175387cb6ce1026e8df56e5bf69bc0,open_r1_code_grpo,89bd5c5e985303cd435cd7f264db5e15,,2134,4
2135,75aa3f5033565dc89fb27505fd873412c4c0f5dbd586937abf97222fb49c562a,bab051b214652f694f494c6ffa88bed81fa9965fba2c2334f9bfbce548d5b84a,open_r1_code_grpo,42be94fe63d7d28789c990b5e9bc2fad,,2135,3
2136,3a9e29df6c649e518c2b959b7fd4503c79b5a2355dc706b9690cbe8381b3c14b,b349096cfd34ee86ae101fb5f5c93ac7c38033be0a080b79c4e14f4246b30402,open_r1_code_grpo,96a3539175cd90f53668d1a7f379bf1e,,2136,3
2137,7a74f057258b9613102899db441804327398459c1151d649a48b99de0677ed08,7957c91d84cd59b9c6414929245771cdf3339d3e7fb98581da3e6ecb982894bf,open_r1_code_grpo,41460ac5683a5e87db42f48a11da4d92,,2137,3
2138,774d6ab15f9a80f7d25ffab0e8d67c668646e69a51ca8b37ed03e1687b6249ca,b551446c23bd7e3e3f18b0e092301eb3afa6d52d59ed87755de4501566dbfd8a,open_r1_code_grpo,c2660c13b92be904cf104c13da783696,,2138,3
2139,50fe00771d125e50b422b0d0bb802fd5836797b70169a1c2bb1017c0afd498ce,05adc2e1f18edfb1c93649a0c2ab895ba98cc00c84dac08299f4c80b741fd04e,open_r1_code_grpo,fbe5e84360a041582cfae36c64c109a7,,2139,3
2140,c432a2b92ce22f8dd4be715d095fc043fc9fdb99f17a16ab1194b46f95e445b9,a672f541cdbe31fb4d608d65c7ed578253382bd121d654f80f816d06209cacc0,open_r1_code_grpo,400754d0c54ff0bf5c8e37436da4d34d,,2140,3
2141,bf54507183349c078237ecb30c846e28726d30317ce0af29b4296e2836dc87c2,6ed6f794e4c7d6a93529a58785a65489f707359a88c48e9db2554047b78af2ed,open_r1_code_grpo,ab777bb9f91430f55770e13b13f06681,,2141,3
2142,8088fc4d02398c69cfc452bb4e79652c46a71f9bfda11ba02789f33694eb4b16,18719720351b7c5a3e2f251661278412fd4229968e0eecb22c644ffbd97b806e,open_r1_code_grpo,8873e0bacaf3eaa1fc1822dffeb510f2,,2142,3
2143,28ebd719403009fa89f1d339b206ea8e36d08c5e7d7b43b03ac0b156211d7e61,7f4a24a0ad0c9e83ff37f8c79a4dd4f71d082da94819bd4c8e00281f56fddac0,open_r1_code_grpo,5d9492929358d3f82940a48883d7e7df,,2143,3
2144,cff312fc1e4be04d3f6c0bb8aab12a658ba5b9efcfb37578851171b0902c6c2f,90705be8466af29bed43e4f39b21cfd097b752c74e38cc26f2705aea0d3c8769,open_r1_code_grpo,9df0556989ebf085efe7e6e355884ffe,,2144,3
2145,207368a83701e6d734c6ef7d56f639b452a0276c5dd057c4a7d0d3c853ff22e0,40dd30286d0ebbe2f20ac3cda7909bf67f4881f9b968063f0b575318ac38a91a,open_r1_code_grpo,205f20b9e5ecc23afd76e98201449a74,,2145,3
2146,db6daa180c3655e8b2097bb87ef20aeaba4569f2d539063fbdb479f055ba54a0,f6d4bda5a015e1af1caeb1f132f40a952edc5ace3d53beb163710715d4598ae3,open_r1_code_grpo,6969c917d367f836dde5a36e80044c30,,2146,3
2147,b01155116bd11287a548653098bb52239a477cd934d663762f7f386fb88b0ee4,0a3cbaabc75599e194f9bf5f1490f18b711e607bed2f852e2150148fd8b5b08b,open_r1_code_grpo,8ed3921c584107e07fdabc1d9bcdf521,,2147,4
2148,46337423b90284892c3f08ea22353ba368ebab0728bbc87d61a42ba16d431308,ef263a0eaab3dae2245471d08641ad87e260a9322ccd0bc5596c1fb27c78deeb,open_r1_code_grpo,651322429157bb9a10529cfd89cb2991,,2148,3
2149,bad6f4b702de186a3efc3bb434ca794037fc86377e5a2a437a9bb6a47327cbc6,fb38962997a4305edacd69ac4b09fefd73b25cb3de3c1c1c6c9f4feb3aa30dd7,open_r1_code_grpo,5e9cf7699554d42cdcbabdcd151478c7,,2149,3
2150,ab0c64c41eae82597905de882e3208e1aee4c63fa7f4588e466b2ed6340989e1,00bb1c0bd11dfde22256f3a9a3b6480a749b76d533a2a71be6da1c8f59e70f89,open_r1_code_grpo,938ee45a86f0223bb0f16ffba4fcd20f,,2150,3
2151,93b598662ec30ff6f78c53046d91f573a7861f60a639f540e9367b3995b33667,8b029820d2688248b32d59c42b26ce578efae3daf4419353e1839688d9156a2d,open_r1_code_grpo,28af8cd728e3c0fdfc790b261393ab13,,2151,4
2152,7d456f3d004dcb2a7a67fcc1f78e9acecf7661712d5da031be13f2dbe35c861d,8d655afb9b81d229e8999ec93886fa65248931c2bf5d6c68ea7bad515e7a48ea,open_r1_code_grpo,337d9e0f01ff342e6847a42f66cc3234,,2152,3
2153,b760429aa9d9239db6c4f837ce70431b33dfd022fa5ae288aa807a28a12f18bf,44139e26e0bdbd13d2938088064bfe21a619cb74552dcc1fcd07101141670ad8,open_r1_code_grpo,c3f4a2b82f6feee9f0890a347b17f059,,2153,3
2154,f9234942c1040e92a635d01f3173deefcf35d2b1bb7cde445d64b3059f9dc2d0,f763272e9793d9aa1ebfc3fdab573903968c3f283ec47e2cc7f383e2f8a48b72,open_r1_code_grpo,1db88fb729766a123e3d9e068759e2c1,,2154,4
2155,3dcbe0c625c1b87fa9f9da70018b2dc347e20e9727acd6e6d85ba40466fc387c,9dc6dc3af75aeb8376a154086f5ff49a6e50c5fd68b1b33f8e14130d49d7bafa,open_r1_code_grpo,69302f5b9eb198e070e547f8875293ae,,2155,3
2156,17bf619f08d53d72e95528944c93f96753c457d1d507918530b689bee5bc9280,6e469832364bea7ae2fa77cf043d34e8cf21a0a338281b614cded6d7acbbb768,open_r1_code_grpo,ea4fe2017f290078e855793077e17389,,2156,3
2157,12fdcd8e2673e8f4d1b6cf87d36ee35823762d89088ea017f1ca7ab573569089,b7add86347e2658183e95e14e575a7bd8eb577f85cf436ae1e446312b5952d34,open_r1_code_grpo,dbc60788ac974cc5aea093d6c1b88453,,2157,3
2158,397024b35e40b520379249d0804a23ef0da5b9a700db98d798b90d96d3b0356b,1338e3d8c8b4560e8bafe7fae7049b5a474309e75b3e33316dfad2b1e320fb5a,open_r1_code_grpo,ed6bf75350e5bcbff76849046cc1f87d,,2158,4
2159,01b3e9dcf6a6ab235c32d1c824341a2baf464cf64ca618f8c2370b8e85940a93,9930219f95bfc6b99e953d0eb531d3484189bc1c3ff0c64357a4d0350f923d8a,open_r1_code_grpo,90a1b6dbfea26ff28b82daf087d7d8a3,,2159,3
2160,49173774da2b8c9490828b3ee691e6dc5ce874b54aa7b3c97350d44f5115246e,d46a1568e594b4ec8e6649ef91e52fec9e3be2403523e39b657320b45a5e4f9a,open_r1_code_grpo,d476f5926f0f3ef7037b31adad1dc21d,,2160,3
2161,b522a2d15e1cd51a6041d5cf9d87ff232393eb8e8cbae4414548faee669dc7e5,95c8f4778c38161985064cf10770ec6cbc0dde6251d6e6c711c44643fc6ce2ee,open_r1_code_grpo,8fe72bf644106a4d86331b33119abbcb,,2161,4
2162,9e1995575a61ad584887b3f44bd15e0757f52b062b7512a7750f9a2f6ff755c3,78468dfc3d6abf03186406f14923465c623702730d230cbc578eac3623e6ace3,open_r1_code_grpo,c922b82894e91ca0617963aa34e3f630,,2162,4
2163,89e017a929284252697938f0db4273181986d95d8d25bc0770d44b7b932f670f,69a26c898fa335f2c4db14888a058e80750640395543966c1b2ddcbd4d9d7249,open_r1_code_grpo,ad91c6a62b39f1444bc4a8822977d2b1,,2163,4
2164,b284b8e6fc773696870df168c278eeecc1912bc7a3775f75998b937cd3335dc6,d990f41655dcadec8eb2735f738b3217945617d6a7692184724d2f9b8abc37a4,open_r1_code_grpo,714ba8c6bfda31ae5495d8f110fd9333,,2164,3
2165,85c232bef0ad98e97c79ea9fe0d6cf0c6a18074819c4dac4663315b3c15b7ea7,d5f3da68ca373b5b002012c8431da9394eba4e6647746427f858c66618f8fb98,open_r1_code_grpo,edbdad1ea072b7751d497cbb6e13e7b2,,2165,3
2166,bdfc689c5071761421d0358bf105ea9128c8fcfd3b67deecef8267844048fae9,dad80f9642d2c280eaf2ac7fe09856178244d87a36a223809cb4039756d80d5d,open_r1_code_grpo,e4a67eab8063ead82d5bd592eb41dab7,,2166,4
2167,7df404c34ffb43c72bc2825d5c24ef25398b7e65276e0087988758756e04e436,6f51db92b2414a2502abe7dbb885cbe8befc61400c78e8d59a67ec1d6fcce87b,open_r1_code_grpo,51dc050b9c4f2eba816c0d7bcdc424df,,2167,4
2168,a4c4fe297cb59fd431a7ec3753dd069c9a3abad98601804d0baffaf461e8ea49,25d2228bb4997990b4c3ad01ca4f03dc33904afe0209b9310dd50e7b76d702b7,open_r1_code_grpo,5e27e96e2bf4b4556d4322a2a1be82d6,,2168,4
2169,eefa79cb051e34cd14cd034fc1d8bae48013cd5f45dfe8cabaec765e0ebfd561,9722bf6e72ea248056a5702dd09cac396f5f9ec03771fba3484f7c6f0ded4cd7,open_r1_code_grpo,e8a13eb43d71c020f61aceb41f117a2b,,2169,4
2170,2d7be67b528a780a3bd52598e29f91f94ccbc65db88055090122744c5a69f09c,b4f0afe003f0a379f3be9405c2a552af66974c7cebe2d20435d9b4e484f5d30f,open_r1_code_grpo,dc4a4d00791349c79ad4956510c739d2,,2170,3
2171,95b0dde299cfa20a02b2634fa09467c894546f481ba79886dd7c7d89b2ad2d3e,1cb26cb85071f814f9ef747a751d1a580e56077d476cab4b8a3cadd7ec06a371,open_r1_code_grpo,abeba3e93ebe4c7134b4d75f8207bf4d,,2171,3
2172,51e54ef5c23a7dc5093ce4b509d032272d63a3cae40c4c8d054a9edf9ab7a6dc,23622997e76eb5d266de4a7eaf56aebd825bb7ff67d277a774f7fb598539c8b1,open_r1_code_grpo,60cb29c599caf330dc14a331458338e0,,2172,4
2173,281622bf6d62f4232d4b913e9ce61d753479116b2865b7d694b12af1944d8a2f,47ce93c72bc58ad671b70dc3852c3e5a5531f205330c22a99515adef5dd8f2b3,open_r1_code_grpo,2c00f4ba4b1a7c889a5c6b3b8f057635,,2173,4
2174,048ddf331f0e30c4706a877a9fb41eab48c532dac3d1b0fd9e14ae4d6214258b,a396028e21640c5f967db095b3806afa413b6d4a7e6789e3d5b8a83a49d11d54,open_r1_code_grpo,58bb471868106ad715a91e03654c55a1,,2174,3
2175,d6fd6707a82e0aab2dd07d2cda23cb98c2670725cd71f169f5203e917a4ddd7a,e00aa103cab0b06eaada86c271017309de683528bfe673f8cb4a8291772d2eb0,open_r1_code_grpo,7d582b99022b468d12d508dee93f00de,,2175,3
2176,bb9f17bc48f1c0df83fbc54fd7917b69cf6c8c2d157cbed121374511ae34a292,9ae692ef2d6223b1712aba3ed5ceefb931f7519ccb124f7757fec65cb8700a5d,open_r1_code_grpo,9822fbb95d73d88959de10120fb3d254,,2176,3
2177,180357dd32cf3059abd7ca7cd4c41de1e0f7bad4c8a233edb2cd76ae95ea479f,9f6ea96e39e162da7122dc9789a2408e038385e99438eb23cee93d04bf51acad,open_r1_code_grpo,5a0d6db615757c22e31bdf77816e6957,,2177,4
2178,092372c6045c248415a0c1a64232f32c39e49bc1c15a674731c728cad304b43c,5d8975443a48ccb4130c0da9b042548dd7ba5ac9e93b4b1add500c5498776dd5,open_r1_code_grpo,0977d0849bb5ac3fc079f23d28aa0d9d,,2178,3
2179,98dfbc1c5fdb0f2adb1c17f128a98f548be9214bc57216351ea017ef2136c75d,e49ddc8772ee78a6e5551e4d015faae981565278a44968f9a57589e5d0a5cdfe,open_r1_code_grpo,bf613da01cd59397126fb096da5919da,,2179,4
2180,0d64db02b92fde9932af63a3df4762818558020f286764d95a4b286e8654c3b2,08b690b41bd8c959c191a5b2d0a35eb03c5d83e2357e5da3e45d53c37655a96f,open_r1_code_grpo,53c57ac9c046aaab994284709046142f,,2180,3
2181,9006ae88a62031ed23814d20575bb06886da0893bf738b8bec2266c6bfe2b8fb,c9070dec5b4881432f7f4982346456f84c040a9ebda74310a558cd9a23a0672b,open_r1_code_grpo,0a94b62c7921899f66836f887d7f027c,,2181,3
2182,e4d48f62ce7fc8023c48325a5c4c7b3a46ae37ea35c5498d23d8fe1309fb0388,4b1a0ffdc6a9c408bca85825abf7a7db90e386286bc77188f66cc30cb1486e0f,open_r1_code_grpo,0b9cc203b6f53e0e4c25402eddd88bf7,,2182,4
2183,fcf365580da0a64fa845879570915db3f14fa0cc099c53fb7649880e095d6222,cb783d7e90aebbb5182ac2359349caef798f09705b5cc6bf0b6a04df95866d08,open_r1_code_grpo,63effb0af12e994967feb06011fbe3cf,,2183,3
2184,b5a56fedc288b3050efef5493b95781b795df9cdde5c08e2d30092d8361913b0,ff87d575f728e40fd64e8c74e73222d2223a4747366f66ef38848dc292b494e1,open_r1_code_grpo,5312146815f036126256e90294ff30cf,,2184,3
2185,30462086d2ca32db4f326de06852e90088364ce4b80208bcd6c6721c6e3e5e39,1e5ce201c220118418f349dffbb17702f90f03186df40018d138853b2aaabd4d,open_r1_code_grpo,0ecdf9d7a467ebae1cbd066071c17195,,2185,4
2186,985623649d8f4e6233be51c8d1f77b6748b50365cfa41f174c4f6bc9f3584ae1,e6438b645d230c266ff49cdb6f7936018dbc8d1694fc2621c437e4c19cb2005e,open_r1_code_grpo,cdb70bea1122331a1f4efc5b9db13d13,,2186,3
2187,56f9eb5ada82a09c39d91ba63dd664f436e9954a0f21bf445aaa506a52ca4bfb,dfd7edfd0b08369e230ed10d8492c92105d4aab814702517e35118824e22ed82,open_r1_code_grpo,048d06ecf5779f77498638c5a839075a,,2187,3
2188,61e0f996375e6babece65e1beeeeed7535ed1c3c3ea869339430db45f6cea367,9f781ced11744092ff00ae999a5bb87fd170369742b7ef62989e491b11769c6c,open_r1_code_grpo,19c997f8dc8902811e65e502c176beed,,2188,3
2189,eeb5f06802760dcf292ada9a2461bb3a534c27556d463cc69ea625a30f7e0c3f,652fb6100bfc26397b1aea4015833c6551677c45a14f2daee912547a3178956f,open_r1_code_grpo,639d9cb9f580515a5090536e277578fa,,2189,3
2190,5ce9790b7dfe65da33d47866190d8dedd969b0873bf2b470fedfe5685dc9e098,cc27e585aa8a2000c1600d6196cf13941eb7d310d92d96c4c4327f768783b630,open_r1_code_grpo,ac3a919ec259f92a0cb3529f0fbb7e6e,,2190,4
2191,b08cd062de0f20bfda576896f9723e8f140001c4cb634b1fdf8ce32bce42a4cf,48c58317d431cfb05896ff56c2b898933da4baf357a901eeea237aaa3d49ac77,open_r1_code_grpo,5546fb51956f85befbe06f05bdaf89cd,,2191,4
2192,c64adf5301589d9e14d7e2892579455f7b447b8dfdc2d0a99414e6a6d6d655cb,230a3b8d9d40fc97f80cc803b33ed0269c110a87b6d682dfd1875988776085b2,open_r1_code_grpo,c6a860d2ac104abe4a3a252cc7b1fc8b,,2192,3
2193,beeec930c68b20b27fb421ff600c1faa4acb7efa272ba09b0eb62373d89c7081,968aaaab0d9e1b4e183a08c4b9fccb97e147c6e2e02ee0ef7add900e6d565a18,open_r1_code_grpo,6361c572fb775fc63397336bb3524af3,,2193,3
2194,f5176e292994e2f190104385336b3ec91c1049f55a6eb8ab9f097cea0f693017,a5f1f0761b05e3cacdf345eb897c561fbe28e17eedb7edb85168e07801195d94,open_r1_code_grpo,7dfd82a61a67e66a8c0ba072f8a41936,,2194,4
2195,f99410cef3af2f0e31b9c3ea0023eb749dc57474bafcfb903b5616a2faafe492,43c6c691028c6460c0829d8c2bc8c9c915a113807081be7679a60064c7daa4db,open_r1_code_grpo,ad2c7349d53fa11b9c51f3e4b596a47e,,2195,3
2196,93fd9877d470798ab8879c202abe8741d9f8deea5c4f0f9b1c91c2a10ac86f53,6fdcf940e8fa1a39f4173cf927a047f764375874ff07420f52b25a4d9589b9aa,open_r1_code_grpo,f82ae2fa2a2ec24f0968a288912aeeed,,2196,3
2197,705038565b56ca0ecbf3b68c730f71fed9beab81a30bba4d6a7c8a6f9f790b51,01332b89ef69fff113f38741bb02c47391dcdfa4274e51abf9456a874d461a3b,open_r1_code_grpo,53518ced2954de2fcbae9e1fd1786281,,2197,3
2198,2d53ed1a829184ea233b94b57d047f07701316d46cf179c51d35dbe5fcd2d640,7e773f8d9cb650e663ff9a5046d631bba9fb420fae4c12e85299f9aa81e69d60,open_r1_code_grpo,cbd761f590fe9444083e2dfc189b7613,,2198,3
2199,f27d94d0dcadc9d87f5faccefe5eec85cc313f803bf7e2af8729363162d828eb,4c4f877718ad38a9d90087f38b3d2df1531b0833586f4dc9c55e463fc4b294c4,open_r1_code_grpo,cac9a02dd6fd681dad91eae34c134020,,2199,3
2200,781c6dddc82b7448a4a474731f10e2ef5666420333c50599a7038f784cb05947,108dee5d2e5e08243fd5c852c10ed577ed6058cd0ed7680db2c12c832cf29404,open_r1_code_grpo,e069fb5c120d1a18b906fee34feec914,,2200,3
2201,ee9fb9e980b2ec756f0ae36d1f74c3a4b794af9a5493fff0aea1f79ef1814c0d,cf93de9ade5b213dee18bf51878c9c957d77d061f2d7132175009a86969f223f,open_r1_code_grpo,86423ac5977e750e85f6789112fde01e,,2201,3
2202,87176512cb50a61dda1d198cf4d885120dad0d28fa7db85a79f5069d128942b9,8905e8f4431f2651677e5c0edeb7b41b39308810dac4c8a10a0f103ba1dc97f3,open_r1_code_grpo,dfae958b229752a28ceaccd0a7656cc3,,2202,4
2203,d88b50bf59dd79d2e93e6694a74724969ebd7941c55f24aea36f44166280e259,39bda9810102f606446e25d3801c876efaa6c3561e5a7262c5071e10e9563261,open_r1_code_grpo,6d815e9f639cdb3e4d0fa319dfbb63ac,,2203,4
2204,9697cbcb7b22a0b23fe15dfaba93780b99fb40c2f83ae231e3e39d2002f8ad4d,04e328f977e1607fb9da3eb7f9968a382dc9e7ad569811f76a2cd0631352b269,open_r1_code_grpo,e3a2c3afeb1f01b7db2c3f979b559dce,,2204,3
2205,698c4a462c441682de430b90ef0002eb55dfe0be76438733e2572baf24942c63,a6ea184e10321c671637557f890dc306d750866fa5abf96afc4439cba9d07f30,open_r1_code_grpo,01c9ef068477479b04ae38fedc6c43e3,,2205,3
2206,73b0d0ba97c94fe2405070b6654cb684e3634397a03e63b985e3b2b801dc3ec0,5ae1d71fc4f3c3132e6755be79a26b32b7f1da6384c28e23984e48db8f3543ef,open_r1_code_grpo,682598f699eaa7c2b1c815e0bf6493ba,,2206,3
2207,6fd542c2af93da5100840e9c1b9ba079ae86f0b9292c6ad9020ac2224792dd4d,c6087a787cc41c1325d890dc4b383866592eb22dcc0c29df6bd20855816d1acf,open_r1_code_grpo,05fca70f3c5a0e42723a8dcc2fdef574,,2207,3
2208,f5fa91251a84d747d8246f04ad600a2f7ec13b909b60fb73a8719858b03056e6,dd8fd7786ca4dc5621a33c92b1903c2f94fd64dafd0429062deff4bd5307aea4,open_r1_code_grpo,adf6804103806da683556fa7cd8b76bb,,2208,3
2209,e031bf2229005ed7256bfa778d79584a26f2ad8d25ccdaa57716ee1e64d2f050,d1e8edcee3f3898c3c978c96b1445bd2da5267c60c9fe80615f9d41dd72f2975,open_r1_code_grpo,62b2765d56e2e56820de90765c357257,,2209,3
2210,be8db27edf7eac451dfc6dd2ed3bb39d6788b5969941408b196f0dfabe959842,0c5609191cddf92b564843addb588e7432673c5a7f083b9f9c7a13baeb471ec3,open_r1_code_grpo,6d0142f56ea0bf87fc50e9d7246bf4d7,,2210,4
2211,dedf5c21bfbeab7dae2dd9ffc448f772aa902831b6d547002c9ffb3a380fb734,7e426e6fe55b16b9b1f42339871a25820bc7a647d4897c8ecc8bb932342e3588,open_r1_code_grpo,d1a6815d83f4da39db4ab931faa1fa4b,,2211,4
2212,4fbd2d038f6c8257e15d514db2b76140a0b70e7974f4e801e4effd20ec1ca52f,c33f2a219817cbc1cc7fd16e27bbea511de4bf66492108e8178cd7575012e006,open_r1_code_grpo,2379339342aebbe9aa2d9bf5b7c09236,,2212,3
2213,8d102269caad08a106653db0a8372f15f09559ab6a67f6fedea1ef9dc4075587,de5415133b47c977e98489012e51a82d99d747bc626f0c527679ba864cba0194,open_r1_code_grpo,72ecf6161d0184e4406960d0307c17e2,,2213,3
2214,fd54c841c0f76a1a848f0744c874666138a8521826118075f95b3c4577dbf75c,94ccac4fc11fff7a633f23f550dddb5bf482a771338f731dff184f9e38d0cb5b,open_r1_code_grpo,44cfb0cdef3b2a5997035432e828e644,,2214,3
2215,02074f92144f664de27b13e37fad3f7c3b9c904f4f0fd6de18625028ffffb219,0ac45b72ff01a3b61045f34fc048a72528c2352d4648296cebb916b3c3294ee2,open_r1_code_grpo,2b226d013eb1bb19567ff112f86b6b78,,2215,3
2216,4755c9372bff62e952482075e3f74fb30083adccda74d34264ac2f4df2ae80d7,3428ed8fab0bf3e2f695386f4677677e649bed8d12d538073d4c7cb65d0099f3,open_r1_code_grpo,54776194823382e728f59c36d6214fe5,,2216,3
2217,1614c80ad92b8b6238582f5835ec684020ea0668b735378885283b1fcfd08289,70864f94a47fac68a68b38c4694f968525de00ba0c098f27681f10a96d594c75,open_r1_code_grpo,2f8802fc81aabfe110deac8656169f5b,,2217,4
2218,f3c4a01a99ad67a74ec7172495cb79efbf8116aea6ae728a0444899d91f74e37,d2affc48dc845714f29b7918ee5c1007838da128d192038d4bc7297d6e06eaab,open_r1_code_grpo,04b55974c8910cf478d413cd30565aa8,,2218,3
2219,edb43cc2c05d85bd7599718bbdd192d902bea22bc1ce1a2fae820b02ca959529,2f5c7074ac2ea16c0f7dc496ac71f66c32603172c25fcc9bbd79148150046225,open_r1_code_grpo,48c56355df39ce8fcca073547e1b825d,,2219,3
2220,6a0d916caeaea6a55824378104cec76701a2e0a383f690d26756c69a09247fc5,2f76f116723aedb1a9dfce14c3a3272a6a1ec0116d986c52958481fe81c1b9e1,open_r1_code_grpo,8f626c57209b4d480534c71fdfa28678,,2220,3
2221,220956955f8d8216a902d569111e21972e6e1215dbc4f15d8859e7d6fb4ab8a4,29e445bb2a41b737f873d0adc4b071c34a0ca78606c463e19e8730ef74a131b7,open_r1_code_grpo,573e20ee03c139cc89e98223159d310e,,2221,3
2222,95144751f906378ee3340fdee6f61bbe4a52d97e7c8532a8161a933bd02acdb4,39a0f04fd54b57f7b09e6c45356e1a65b161a3fac1cc9f9222324035298be04e,open_r1_code_grpo,86946476ec0df83131f0ccf3f6cd8617,,2222,3
2223,70a252e664d39126b33b6501129afed50987219996a6167f3952669f16bf5eb3,51844b7c1792892ce8bad8c59378f7bed7beac535a841e31b48093a5129388b0,open_r1_code_grpo,389d0df0814f6dfe3bf6c7606f9e2fcb,,2223,3
2224,5e654787ac7c33767675de68d5b8bb571972d94f171a482464bb71af032010ba,21fe37fa413836a1cfb3dc0942c4417c77133319504c53676c219a85d33dcdf2,open_r1_code_grpo,752c9c63cfa93b58aedafd3589f7b06e,,2224,3
2225,51e84eee7786e4d979129b9a4c87320a4525168f1e7a9c33e3dc629f34c6abac,4abe07b8d9cdac8d289a05ec143b46bb0e694778054cab4e9665f1f505c7cd02,open_r1_code_grpo,15373f2ac809fc27e82157c1ebcedb35,,2225,3
2226,6de267817d4dc8c04c8fe5b25ddea57d263fb32721ceccfe197ba2d3ce1dd380,c4a2e116e2ba6f4079f1cbe88f1568f8e1a5a2fa2fe6e737a732f05697d56c8e,open_r1_code_grpo,6ddcb9d058b176d429968b0bc603213d,,2226,3
2227,86d26244e33628f2b7089bf4fe5cd6ff44621f7cfbffce5e0481fd3dd591551a,79ebc5aaf67232f05603fddecafbc2931bebddd71bb5f13a88444f2bb9752924,open_r1_code_grpo,bf9ccf15b51f8387d7b8389b5d8ae0f6,,2227,4
2228,8b9bb810c169f8ec3a45245abe4d6918fd7d15590320269a72ce3e7cf5378c39,89ee93025dec65c3d6bc0621de6e3705ae96a266d992a377eb85f3216ee78990,open_r1_code_grpo,bcd4c566dd6cd2687fdb560189f0cf69,,2228,3
2229,189a9874dae9419cf4dbe093b106bb4494588ffa74182f0e843049550a018ea0,3d30af558e6c53eaee5d8217621d8bbac9c20ea3438b44235dc09e77590cbf24,open_r1_code_grpo,1edec54282994aad025f91bb8f467e97,,2229,3
2230,5edd974e2f15a699d0e8d82ef52d3d232743a25b4ae490f5c38885554849d0c4,57fa9348eeec400726acf6700b1932e7df2f1f7fa99778dfad9d23bc1011b033,open_r1_code_grpo,a98ce80831d3bbb9f8f649e2c731970b,,2230,3
2231,cf759e3235fa99c993259a47b158d59e9d47e92218e40766be4cd2fd537e7794,76cddcf1c29321f8eef7afd5a1b6f28a08bbb02a52759468f58900b10da97323,open_r1_code_grpo,218e193d72d5519b9f80c6d276c6fd30,,2231,3
2232,3e109a2c7e5b8b55340061ccbb6ec17844f7e0a73c418eb74c847bb8a2d60aa5,4c5791a7b2210bfd620ed24ad9b25501ba01432dc2d565b5925acd5b78d22014,open_r1_code_grpo,170a1939d7ddf110428ca3994d5b882e,,2232,3
2233,503fafb58a68bd458602098cfb602feac67f5f599c03852ba5038630244e2a58,9052efeb9681c738eef3c498b4f77b217db126d8a5dc99aede09555599365c76,open_r1_code_grpo,46cfc5ce1611c648ca5006a15d078439,,2233,3
2234,4cce8cbde48b3f0cd73793d4bdafb6de3b1eb1bfc56010a41827c5153e7c9350,624c775c07feb928574f51a59416e5e08d2f914b7a4905da2f298a5d5dccd84d,open_r1_code_grpo,158585fe94a3c5550f77614fc00f09bf,,2234,4
2235,4829fe0f6303cb6b102e0a3bdea7c16e35d90491d10290a3d3150e02f1b31b9d,41db379354c929544fc7bd27232dd5e88350e35816cfddd23c84d792f8ff0d1e,open_r1_code_grpo,14bc1cac3f2d594ae5afde9d482b8dbb,,2235,3
2236,488760f39af1366953c27fa139e2879269fd43d03dece44887da1800bf62ee53,745bde36f8cea16cd8a0eb47a1a81f3271263208c74f5ad0dbd53d8daade7ff1,open_r1_code_grpo,b315036d90a7241b1902d9e6209fbc1e,,2236,3
2237,5c646bcc079c420f224bdd9c5b78b26e4b9d92f11d6971b8e6e9b742dc87b0c1,14d4349375ddd6933a7ef5a2271fa52d322c086eeebf3447a6316757607930f5,open_r1_code_grpo,67c61ff9d01deca61a647e7682af7267,,2237,4
2238,0bd97d729de6afede21b4f6ce05618a011101d06e716002909e092e3f49872db,9b9c8d4dce14e9f1a3e39c9be45d84939fa14aecfffeae63d0d211b64bf5d29c,open_r1_code_grpo,00a11e33385eed17f99bb11a15f3c525,,2238,4
2239,8efab5932fd33a3edaa78a70617930c5eac899c95f052386cdd90e88693650e8,3443530f0bef58e92b352ec7b3809ffdf061c7336ed0830e4f1e041783ffd8c9,open_r1_code_grpo,abef1aabd251ce3d60be6662a009e4c5,,2239,4
2240,be21e635bfe84cb5b2cb27711e2f718b58ddbdd08b83407371f1418aa6a37bc4,4a9f9a81e1023b1258ece80aa3ad2a631067c78f14d64a900c2a3087dae06a96,open_r1_code_grpo,a6d23c0f8eea0d761bead403248819b2,,2240,3
2241,9be87afdf31f3c6ee7ac66b010f0987253c6cb306d7cbf3848ac55e327aaa163,eb58bf9ea0d41b94de1ea553bad7af45808a161fb446b9920121dd8caf108dcc,open_r1_code_grpo,91d3eeead7d485fc767c27f38ae48235,,2241,4
2242,7950229be750fec2315eabd90877035b2e55da120f6742277a7b726d116ce406,d39ab2d397678dfdcf9613389ad4046d7fe85d9e90dec5ab11b972017c3b994d,open_r1_code_grpo,584196284d147bcc03ec5ad16d0806f1,,2242,4
2243,1b6c0952ba38d4de6a924260760baaa334a9dcc558dace54e49daa679cbc3e5c,66a3b157374540b8fe94292905c2bf9fb7c8a910059be62329ac50bcd4c2a4ae,open_r1_code_grpo,1ee306f0e46cc86161560d6a8f66821b,,2243,3
2244,9ac7795c8686e21c92bb7b8458e09f6aa19fb8ab7592dd221a2071939f1bfaaf,d016ba474aaa84e9f634a83925c2f14d982a22a0cd8e78c4704f7f62efd73e55,open_r1_code_grpo,a50186836f896b2fcc45868996a67fbb,,2244,3
2245,e8d34427c92a6363a53de5b77f2534d742dd03a1e21fb47eb4e7947ce9553a4f,5d78020ab56ea3bc02af0d8ee43132ab7b17bbc9b73136a92c600cfa961594ce,open_r1_code_grpo,d1c40eab873448aabb021dc1df99ab91,,2245,3
2246,d0d0e95a166972bd7f7dad75dc1bb7cbad5f1d8d6df0d3cdf66c3f21ecd757cd,7a6a69215e8bb802552ce94d330d96045eece43edf41b56de5304911855c31c7,open_r1_code_grpo,67297ae81e98ea160c5b3690385e2dce,,2246,3
2247,26d782c2261c22afbff206062dc49ddf2c58236aa08151b381214d426b5e9536,3d994863c0934c5c563966734830f5b6150ad28a17ccac96d81f75aed933d26d,open_r1_code_grpo,54df779f402e69ddede247dfb3f4966c,,2247,4
2248,43c2eff7d72f78aa513e2de802867461bf1aabf2e8c5c6f3baadd69f88e86238,abe1d09da08fcebd4f8966acbe3a345f66562d413cf1685995a2f96d5f5aee43,open_r1_code_grpo,a8ea6322ebf70ea09b4ba60e96d54d35,,2248,4
2249,1da2b0e776a84f37258dff86daf257622ba731d9b3a9218830895780498ae7ef,66e5e54c9ed5d588e1c80da4da13a81e0e39c8723eb2c43706e44713ec4bbe26,open_r1_code_grpo,655a1bc876f5467087daf35253f5f0ec,,2249,4
2250,8f9ee61b7502f20f15cdf91ffdac85aca774b83ec9fddfd01d7da5c142caf294,655c544830f8a658072d3901b0f7ec25470e5a12c52eaa1f0eb2731b2411c3f0,open_r1_code_grpo,06a2cd29a7fc874937288a207fd60c7f,,2250,3
2251,7614aa0b72f4f9346b37f2195f3a208ed7baba7add5f99d9a9dd52c1682e1b77,68da75b2c19c504a92dd096981bf9ee208c3d0edff7288f47908aede11abf9c5,open_r1_code_grpo,69d1cea3bff66062bd6a98589f674857,,2251,3
2252,9908b55668620e2e41f7a4fa20859bfeac573e6a601ef6f0909c562986bc2830,a273a974305b73871e2dba8f4440dd70acc77beb58611d0998f11bf3911d8047,open_r1_code_grpo,c7ff16d2bebdb1e75d0ff5789ec8ea3d,,2252,3
2253,2f7b2c809bb76e6b45aa73593f600e09a5a97acd53b8dfcf05a29d76e4e95735,370dbb92f52fb4db1bbb6eda05248de658f5a9d826f4018b605266bef832cfc6,open_r1_code_grpo,33b72d2396b3dc7ef1bbf2bad822a2a3,,2253,4
2254,4afd68364e8e6bb5e334ce6b5d37955f012375fef60d8cac32517f20bde651d9,db338d9c9808e6e307eebe9f98e5cb86d31a1dcb9c6c4a327fd7fcb5c9ddac09,open_r1_code_grpo,4ede8b7d7f92c50da7b0f3f20fe477dd,,2254,3
2255,63707a3ac99e25821621d08328a29c3f8847352c9f5892348e52d6a431f1135f,8648a4864d30d22ae1f7f19b5cefaab5894fab89b9e07de494bc02608184539f,open_r1_code_grpo,6dea465fd0892553b6d0d0bf574ccdc6,,2255,3
2256,d5ffb99551112081fa13a5bfe13947fa071d87a27d48d86461534287f633aab0,e5c76fac8b293565174cad6316867364c74b011d8f1dcf77d932fff68966276c,open_r1_code_grpo,ffb32dba37d6d41d2e3fa98e58ad13bf,,2256,3
2257,5f758273a31ce88ba41563c128683b4eff6eb3149fc85d581d8fd3e9262c4458,4429c0b63161b1e08392f1b4b2c3384360fdc97763983921d000900e220fc78e,open_r1_code_grpo,b6a0a91cfa5d7894b87a561d7559ca84,,2257,3
2258,a2a3e2ea62b399faeebb0ea92660156d2fd11886cdb56eacc04249c3a9cdd5af,50ef89409a44a9fd09bddfca7ea759076f9ca9e832ee17ac80ca1371f0784e4a,open_r1_code_grpo,5e10e40bc3289e163342be4f0101edd2,,2258,3
2259,b360c8d2e18e93f8ff5c368b294f5d231c76002db22bdbbebcb1285f1fc8b41e,35a164c995f690cfa841b19c1180c2c504841d4988070d62f6811e8593f7594b,open_r1_code_grpo,b29aab2e647d0d0b7b28af852a823efa,,2259,4
2260,4c4e155fd6feefa843b649a1b34d6d48b7e069150e3c9b10d5501368a14b69e7,debe0d1d3ec5845c289fa7733548d978a093a3483d1015c320aa38e00b9ab137,open_r1_code_grpo,97d8bb5c905f22e62e370d43e03d105a,,2260,3
2261,9ce3cbaef15279ac93243fd7562c375b0f262953e2fd4479de7e27e58471b89b,48e69ac51625cffeb8f4b067b98b19fc481693cfdce4b80a029e1e9bfdc74731,open_r1_code_grpo,7c761df272934dcf2a7673f575651ab5,,2261,3
2262,e5a049d3edcc2044ea19bafd52120b0a0024c72c1de8a93ccb790d6a3ed7fe80,d543900f16bb92452684d1fdf3cfece41713fa49d5fc0a72c7e11f43bb507cf4,open_r1_code_grpo,c8e0d14e74fa0bc47ecfde01700b637c,,2262,3
2263,c8deb1a686afc65d49d6a90b68ec385e17676d568aa34623ba206985e1f26e48,2c9c97032ae1af13ade40aace083c08aa59efe25186144c77b6dad3c669766d7,open_r1_code_grpo,5e833b3c817102bd9c896c94ae84c00e,,2263,3
2264,6fb7e8e61a4314f05417ea74828d4ffcac1ca911b5defaa4854c3fef168105af,3cd838742df496f84c2955fd72bbdffdb11917706ddb07bf35a6f8216e17f436,open_r1_code_grpo,860fb1406403531e153109dcab2a9db3,,2264,3
2265,d2f5a636f63abc1431d9985cf3aa3ab8e3af8b531980339e910e6755cc949c47,62862dcb7bed0296098ba42ec90120ab5bc90cba68d669b66b4f07e2e56ed0df,open_r1_code_grpo,c7a824394d6fac51296a617393b127aa,,2265,4
2266,3c1e9c401b79774f932e253ff7de3d4a380a37ab09884aabb1cb3f7d4d4f9de0,4081c7e2489108185f0f2fdafadda79777af6f433d1aec0d4513442005fb039c,open_r1_code_grpo,5769fe871e96d443a248bd2b5f8ec3d6,,2266,3
2267,03c9e9a1cff106a419aa1530d8fda326f4105fed7850a8754b5b7042c77f6add,ea25bf35c627a8a591c82b871590a320b815dff787f89587ef78b6c1a8a67160,open_r1_code_grpo,6502b5b1c3b5d27eca6aeaeee13d2d4b,,2267,4
2268,049465f4b41aaf5e4993d72fd74f7893b37bca859806c3e1d762526e429d1118,c15977d86f559d69a3f40bc79fc2cf77674fb8b5b97ca158a0524e25b2389525,open_r1_code_grpo,a863b3d7004a7fd51cf34e8309ffff44,,2268,3
2269,28d7412aae2688aa2a38fa187145fd2b13a2dc65503412d38b9d35cbea32633f,b99f2da8d36de2da5adddae272785ba1754bec5d8da6191bbaaf06e89bc441f1,open_r1_code_grpo,3e656345fda25b98637bd259bc0a354c,,2269,3
2270,e9f2f26da1a62f01176a153ec9718b508dc5d607d888fc014d088ee95c6d38b6,766e9f406f8ed975b945c3173d5c197ec35a357fe109cee69928c3076a6932e1,open_r1_code_grpo,67f05e87927d1323266668d603e94f03,,2270,4
2271,9b2a835ca03eab7cacd0b024c3e83a94000f8ddd684a8347d682620f35ffd54b,f4dbfa2f0d97f01f392a7cf22aff627e98a1d5e2726308ac5ace748dcd43f508,open_r1_code_grpo,81bdf26733da9ce3ea7def20a1fbf62c,,2271,3
2272,38a0586f3eb239280a1d7be172843132fc07ec3221540ceb39d529d6fa62ff72,eaf65b1b6c6ed6e867ba944de3aab624fa3b897a319dd8bd503e2884d5844b50,open_r1_code_grpo,8b9a180aa22928064679cea253fc2cbf,,2272,3
2273,ae6634e9fdd7647525a54568188101fbfd85b156bc22f5936d2948a3af8025e3,ddbc1f0682bbac21f8a7dfebca0b4c2b8ac155ac1ec0c4a4b54fc68d734bd191,open_r1_code_grpo,9a2892ad0beee21b9387a4ed5679aeba,,2273,3
2274,d3b088317c40b6e101f0a2fd4d3bda5b3bb7af0d14593f981b6d2d09badd4136,084e8d3517483956c25c6f28c311a30a4675d04806e64ddb3294322276b6a1cb,open_r1_code_grpo,2ddc785790e12af4601007accdd0b901,,2274,4
2275,b1d62280bffbc34360fffd1ea48f2ba27bb75bf497dbf98a8c330420cc9e7a06,990ba3c3310f64fa83f2316d8887d7b8045d84cb0595a6d5d66c8963ba0f0c79,open_r1_code_grpo,5532d7209f6ede630fdd2a807998b692,,2275,3
2276,1f486696432563e8d4d0c77f1c8a265d6af810b47ccf55c9db6b008975ddd1a5,85fa68c70d2e6ce3d6922959678fc4834b84c2d94f73208f0c03a87f7726624c,open_r1_code_grpo,7f9aca44f944ef7ee00b4a5f5d5e4782,,2276,4
2277,06eb6b9f67377d02934c28ef55e9093aa37db304c1b424dc06e0e39022c3f38b,8604b3ae38ea634a8a8c7c57478deea602ca8a14ff91c3cc9f59252cb99fd1c0,open_r1_code_grpo,7a7fcd697087c03dc4371a6d3a46d891,,2277,3
2278,c3e984f609b6b64bdc4822d376db062ef9d929859e974ea128e0c39770ec0075,0e68e069f99c360c3067eaac827ee97e9bbfbdcfd331b1db67d8f0b7b255c628,open_r1_code_grpo,63c14ead1e6f23a10ec31f4f34eea1e6,,2278,4
2279,69cc1546591e63b2747e4faace1d862af1e21c2da39eceea27e317a896982db3,6dcb1c62b36081f945ced4a218fa8e09d579df64ecb8de39dcba4d295eee1dd5,open_r1_code_grpo,710bf0f6115c943974a1ad8a9e6ec664,,2279,3
2280,d0d60604f9570d68669eb657a3a58fa46d49587e43f20b78835f4470f0caf22b,1873531d5a208673cf37562f3bf5b0a7a0c1d8307373d19c539d34d4d48e7a7a,open_r1_code_grpo,45f261deaca2f78b6f477bf4505b81cf,,2280,4
2281,d55d570d29666bd5dc2421f5f85ea3b7155866cc08d6919d7ffe3c2ddc5e8a88,fe05a979a031488d258158994e9750319b8916df9a91e19e8eb964c7c5d1f064,open_r1_code_grpo,2ed2ee6819d8d3528be1f3ed704e5fca,,2281,4
2282,49a60868eaa9ad194412bd8a5aad822f785bda720d84bf35d0394504c1451d27,28afd0e434a491011feaf8905f879b1cc0352dd6f9297eb5decf37dc778bd4db,open_r1_code_grpo,0fb7a2b0d9fe4609788b387cdacf49fa,,2282,3
2283,c793d3c1eec5ec64dde21b2e10dcda49295bd92319181f3fd8c95c395ca3375b,7e8e0bcae3399372871483eb6232390b01044118142ab5821b23543753465c49,open_r1_code_grpo,f37c96d7158261bf07c1446a82c2dab4,,2283,3
2284,8c704ba603ff93d4614df3ac554b6cd2b4b0baffb1188af5d5314c3bc9da03af,ef17ca4b7e19886ba98fc98f72db4604de4dfa863559f1d50abc8554673141d1,open_r1_code_grpo,403ff9d6845bbbf0e4a93e8f2f9180a1,,2284,3
2285,a72fedf6393ce360bfdea0c5035d39bc522fe5f030f08a4a4ecf52828c889093,753564d639e00e6bd30b77b8c443bfcd57abd5f307db2b70dcd0a6ff8af7cf72,open_r1_code_grpo,81d7212182ffd40f41c60c21020e9d67,,2285,3
2286,ab7f0263e3c114892c2106a2a352bd5de0421559f2721f4b0c3204075d29448f,035915bec38ee1a763b03294083653bed372319112e67bc3a5f17e304cf9457e,open_r1_code_grpo,bc1dceb4a654e7a1bbd19c6f4d6b8647,,2286,4
2287,370ed1a734dff1ebf5045cdf2368712de981c5df3f74ca5d62cb5b9b62831904,e7bae10e74acb5feee55d773aab1094bf2cbe8c8bba0e1893a9ebc816c9ec6e2,open_r1_code_grpo,2241c97b373ca2e51702b179f6cbb910,,2287,4
2288,450ef36bc7c89e6f5144b19de30743fef0d079f0163160709459a2e259f206a9,b6a2c596c023587eedb34c5d73ce3b292247624de65230fa0f80cbbe173993bb,open_r1_code_grpo,5751c52999b7e88eca6f54df3fbbffdc,,2288,3
2289,2d2131c34ba2b9e714c3c8de42b600192ee2fef5e5efa738ac5cac89769eb544,216bca8970e20f999bb2f158de2aa58698587dd4131662755bafed6ac1e84dc1,open_r1_code_grpo,0d46af142307c0209c260dd84f78d1c0,,2289,4
2290,5cc9438dd784470b6caf0d6a25f51dd596c165f313a7be2c85035ab3f047206b,ac7c50a4a42a97d5a748d8d81146ebbf98c2863959a1e54d2f1f3de7916f2f22,open_r1_code_grpo,4f640964fbed445e1882bb2cd8011672,,2290,3
2291,ab38c374afd450f575abbfe927a3146c61e8c0f453b96986d4c837e6ca920f3e,72ef2c1a191e946794eab470078d4792c6e813b60b665e41d458f93a3e28c0da,open_r1_code_grpo,d6266370ab5d7b7868b10ce24e8a5b19,,2291,3
2292,2faaa22c0dc4df10447ec988016a8e80ef224b63ef51853b34931e245f0fcc13,933062fb643045081ee1e6f40a2729471f3553923888f95a7e84ac7a9bc24c7b,open_r1_code_grpo,4b882266e34c8959f87825f2691c2e4f,,2292,3
2293,9c86461db3c40ccbba63f61d53b79852921e3e93bd4c2c1f2621bc43b2fe2e4e,34ae3f138eb19545a9df1dc9ad6017d130e16fcd96483473a792e5c6acb6c9f2,open_r1_code_grpo,0d4ffe83e664c4d47e31b9598abee9a9,,2293,4
2294,52828a6a56461af6ba280f1498c080f25692597ddc4ecc0616e5caa5421cefcc,bb49b05317feb98b15d4b70ecf785a2b3c5234a78483974ae465e43acb30f4cf,open_r1_code_grpo,0fb304fe377c214a79c92ba6527bae2c,,2294,3
2295,7bd5e1228eba8c936e272084c5781fda74591f9d59dd00d4b3472c65447589f4,f936d51ec3ab763502e2b11f0e9b69221c3493f50c4916b71494c6a13e9a7d29,open_r1_code_grpo,22620369b19aa6e3e6e65d1b41d234c1,,2295,3
2296,acf1d2394d9d813268c766ead48e681257440a85d1971c481b08223e47e6ebfd,c0f464b548921eea8da770b696e64835750d3477104827f90294e2704cd7253a,open_r1_code_grpo,baacc39e1a8cc03df4400f6d4d2dcf9f,,2296,4
2297,4b7c86427bc0b4c427a17485d933e53311180a295024c4b5e566a23b3e4043fa,1e264d63eb67ea10f8f86eb9d94ff3a5c28c6291df8ba539833927b6cd2cf8a8,open_r1_code_grpo,d08a931fca14cd7bdf5e31604d303e47,,2297,3
2298,cdccaa853fc53bec7fb73760c202bb5371a79f953d405f9ead1db01917e568cc,f231b04f8fc0b74481704878e4f242a536712eeb2a5cf6f7f2d9a9e788669025,open_r1_code_grpo,ad1f1155b89d60d167fe422b51c04c86,,2298,4
2299,b3da988148f0dd8c4e4319cab2e77262f90aff78fcbcf5c1958cfc81edb0bb35,8d498b39e60e8c5bfd488f9b7937707debaab658821d816c5a0f081b613aeaa2,open_r1_code_grpo,8d4b2992d672f7ebc14987b37cf76c7c,,2299,4
2300,af18d77c7add54e0c7718aea7c0d21ad6233e6ebc52214b1537bb76e4081a51b,66678f5ecb27d0a395ea0bd86c2448fe7306ad0abd69c7223c10bf00f1587ad0,open_r1_code_grpo,dccf14f79744630a7db5dd67cbff4fcd,,2300,3
2301,dae6114d1ca3221d21fd23f3710f92c3d1e0cb0dd1232fe9c6339119845dc831,96424cde1eed034ea4203cb6ab659ccda8ce3f056460f3eabe83e15b650ed7c3,open_r1_code_grpo,09e1a6898d35ca5a184b00565f7dac6d,,2301,3
2302,b1cf914a2404938313962c961a81b5f521047def5b727464e81fc7ca4075658f,29059dd87ee8114e31f9f7fdc5e3c2fe6d6d6e028fb3071e6ff3e3b2a9e43a03,open_r1_code_grpo,a02f726ae7ac8c54400388cd5ac70370,,2302,3
2303,4f56be6c4cf95c7e5ef888577b7d5658d7a1e6ca48ea86b4b3e132877d9e0a44,45e61f6a537cc997b80fb8555ec099535d64999f369065ef321dd8031ac3fa45,open_r1_code_grpo,6076c8af5f77ef128b9ab8db97fb2b2f,,2303,3
2304,e0859747860fd8c1f70ff076e9e025c1bd10aea36dd5f878d7bf3db76603703d,658743cf7041d976e556b193c0c8c74896880f1e7ed8674b535016e9b0300c62,open_r1_code_grpo,af137dd0030006f463f2c93b8844a355,,2304,3
2305,de1387fc35b0e1b43ff2b70152194476e7b31b34e0a1a4a8961f1e08ffdd87eb,ccca509f9a145e1db5468be71c97a82df11c73d8192ed728c3832714a8aee8a4,open_r1_code_grpo,ab0b6d3b3cf6faf9820898ac9b0db4c3,,2305,3
2306,475ca9ea8aad04a7b339587d886774c65c812924abde92a3a8cd099e66b408db,e7183d06ece86111d75ea73ac2571bd60999410686ac9ca69b1b3b554a913b71,open_r1_code_grpo,fb1849e61ecb93099d6f69b933c36368,,2306,3
2307,0fb4a510e77675d588b8342a3d0f6915c80d5cf006b3e77615881981c4befa12,488778dfc09be43ee6f0015bc9edb1e7e2698a371c792c6e45ddfd4529053d0a,open_r1_code_grpo,121c2df711fdd86c17e6f8f58419caff,,2307,4
2308,9abfcdfbe4aed8ea5705c50efe8c8b222ff8e2fe2a4a08f3c197572e2a9d2820,c533c78a32824d721a4a7eaaec518cfc407d29357205807ee911af9949755afb,open_r1_code_grpo,6af2b3db9b658323fc47d67ee1b327ec,,2308,4
2309,7f40c2bbb4a50127ceb22bb774160107544ecef38936233c0184b2391d8b9217,4d12383f1c4f86b010dada725f9bda5aa8ba22f537bebd56f37059a72a449315,open_r1_code_grpo,fe1f251a7e3b72396032f5bf5bc82499,,2309,3
2310,4bbdfaa9a0f18bc543a48b2f11642aacb6497baf58dc89bad0913fc4d437f1be,8d6ea8f64cbcbaae02b24f0ceb949f0b64834f0c54de5f261571299eeec14660,open_r1_code_grpo,7576fc2572e442682c4681c66cda3149,,2310,4
2311,8f0863b94a56f4c38daeb2e40d92f6c8973726b1ee754313e71420f72c5fcad3,19e566c66be64128ee6f563993d3f3ce9cb4a1b416803b2eefbcc451629c9a7d,open_r1_code_grpo,d1f2d0bc8bde80ffe16d0cd5c35464d0,,2311,3
2312,5b6bc87dcd18edabae1aad12549cfbbc1c69c338517120e03ec8f6ba78677ede,25397b2b9c1b058812e2620f3c3c065076812072ef44b05de58be51aab26b5de,open_r1_code_grpo,55ae79f5686460fabcbac4d76142999d,,2312,4
2313,4786c065bbf7dd7ce383475bbceabc23ce7a7df864facdd113eb8e1a74ef3081,5acc7238647cc7c63b9ede7583cbde529e5f619b1ca8d6244b08246742fa04a6,open_r1_code_grpo,9ad30a2a79176d412f2b0bdb60c09148,,2313,3
2314,2463f083d3a1704fcd29e87c8b6414c148fb9d236251cd67d2425dd9584d8588,db051a7d18bf1c7497cb749d2a2cecf9194addaa515cf001337e020dfd14ea59,open_r1_code_grpo,2763698a4ed79205f7e7d36ea6da53c1,,2314,3
2315,3b49d765ada891930bd79623abdf0a347cd2705d55215b8731513d845103312f,8d31f97e4f0b331929b0b19ae29ccafd07d26975b88213c44f3645a3920ba447,open_r1_code_grpo,fb825e99e24db2828c8e463b98ee9c75,,2315,4
2316,908fefb410d10df34e129aff25eded103ef0bee27b85abd65942e2e9ff046b3b,ab91eeb7266fbb3b1446ef872d36967045814a18f82dc893c860e71483d196eb,open_r1_code_grpo,6f3fc62e91d1e996973c8829cc861e30,,2316,4
2317,421680b217c503387884eab50c3677042cc51370c6a10bc9edd36f675585c608,029ec2d1026de3c1bfac4047ae311045f08ac087e4d2a60b65c2380c10fee586,open_r1_code_grpo,624c832c783427cd9cc5395e07c707cd,,2317,3
2318,aaa9bea805d2d798b74f6bc000eebfed5c331154fe6714467ffefc0425a4a2fb,70a2ea64f93562fa1f9d1a53776bb31c3d988a5302d2094dd72de76673d05582,open_r1_code_grpo,0c1160c8f09117baf796fef39221f88a,,2318,3
2319,803fa58d0b44f9b73d1dc04744268e6918b30a94bb2ec27312b0c666966807e9,646fdbf9ca8e51948edee72c6b6d276098add4f77021a04a00da838a5bbeb413,open_r1_code_grpo,9756211ed4b07ead0a9e41837b60b6af,,2319,3
2320,053eb7f03f269065507952eec6c760cf4dd5931ca276e3864d74ef5cfa309f6f,d2244418e6b94899e78e938d1a721f8aaf4bffdb3df97b8eac9fc1476e21f677,open_r1_code_grpo,4e9c85cee619528ced011dff650f8c2d,,2320,4
2321,e635af4beefae2fb6d71da94effcf86c515fd7ff692e1573546e05996d0454a6,2159f3010af704ea4eb0561776a3c6c79b6f558f06260a6687119da184abd735,open_r1_code_grpo,684714313adb278a8623e988ddbe0436,,2321,4
2322,90daf427a48919f3503fa224a0bc38592980592d98f718aa4ff5678cc3e2859f,fe3530a3b1dc9a23dec405980458fd9f7f84eefb0c5106ebebb75e811791120f,open_r1_code_grpo,f2b90e991f1ccaebf92d826e89ab1cb9,,2322,4
2323,58b9e6b08eeacd8e20c5d83888c6d49bf7bfcf946419d4b3247f91250af580b6,7e1991b2b10c76b0726f52e7eba424f3fda9b984dd2a50dad99e5e11d5e3a282,open_r1_code_grpo,2912a65557dbee724612567cb3868a56,,2323,3
2324,0e81ee8c6ba71170d6fce88fa2493bde956bcc9bb97b35b4d2077506aecf3b05,245b05380f00a4031c62fa2b50820a8bba27c06e39b0a1faa03940ccaf29ace1,open_r1_code_grpo,7f513795747d30fa0fd6384d54cd656b,,2324,3
2325,fe935ac4ba3ad4122876ac8818ef71a99ba842de9b3ef7543e1ac621924fe8e2,de6784c51c08e697b23c7e520b00cc0face37df997991aa4971d60cbb1f0b81d,open_r1_code_grpo,4e65958e3a9cccdc6cc7a465262845d8,,2325,3
2326,deb68c9dfd1175c809b88b02cf8d6bd7d1c767c88575d6ed4cde2e2c73b32781,2ea6c013fb9e98f20bead2f07eb794d21566bd82302aefa98c354b297d009ea3,open_r1_code_grpo,e33ecb1e600dc4f419d9a5a442085ebe,,2326,3
2327,e663c7a4ab3654e3b2fd191f181e836edbb99d530fda9c476e6b3841f74edcc0,cadd765d2f66887a3fe717a353fd7719fb7ea8012201f22cf26fe0306da1491a,open_r1_code_grpo,eaa4d942dc8a8ba74a85856f9c2f8400,,2327,3
2328,e0e7ee9672bb7760255319a366c91fac39c4aaa41e3b4be51eb9fae7d3300fda,fb4be08fbef6a958ccf743a53c786a53e0984959ec08aba0ac8850a789509654,open_r1_code_grpo,8911b8aba450b66708349cdb70eb9d45,,2328,3
2329,ee69844a9f9b8ef3b996088326a40513e03e197e97172af7614ded23b97326f0,8b26fd8d7be21485b182989622c11119e2882c067d6365a2e31dfec27d895ac3,open_r1_code_grpo,349082e1c4392a9032ca9b71ab86050f,,2329,3
2330,1a0bcf7596c3c402613ab40d70223de1e4f83d0e7dc95fa02e48c78820f3c796,57f89f4b1d804333b3a7b2265ae1149ec960880bf909a02ae0c2c906d7e47c96,open_r1_code_grpo,aa07a82e499d1e7403c95ee552cc8ca1,,2330,4
2331,ab34c94404298a034cdd2e9427975c8390c1d695e89aa623ebf7fb9193a07630,7d1acb0213fa5baaaa19c3766d89f81d2ab46373d7e32903ffc2a2123036db8a,open_r1_code_grpo,38dfe179d08e7f665d8110c3f69e7b5e,,2331,3
2332,e11fb306ffd64ed4d8d52ee311bc457baaacdbea44faffea6f0e0873e6aeb13f,afb9d84a6bd20e56174b3a3cadbbe899e842e277015ef7323a03f59d5a5ab422,open_r1_code_grpo,0741af0a3d36af17b5897a71615233d9,,2332,3
2333,d97d85d0c047ade0c77ad49bd3d3191030c425eb4d7b6a1472597b86adbcbc2a,18f9e815cb713da120a1e618cc00ba20d9f3d021f46c59cb7e14873e32f6c851,open_r1_code_grpo,bbb08928ce8f16a26b52c0ae1b88ec6f,,2333,4
2334,fd161c8e10ed8ff3aa77a582797c351937031977c20123a0387abb4aaf9fde6b,0d6681a06c27672331998cdb5735dc364dc73672187a6ebe60739260cdebfc95,open_r1_code_grpo,7cd1a6de2cc47611effef6e73fefdb46,,2334,3
2335,4d0c9c81a860b764dbe46f7551d5badf401481960cab557650fc3a39b8aa2b0a,f6afdd28649f6e1eaf07a3ace22beb43c2a3549714dda3a1e158d924c2f74c5b,open_r1_code_grpo,b646490dc6d412519926ed1099ede54d,,2335,4
2336,0ed27ddc9db73e1005aafb728dd006cde15c8a74ffafe1010f94e82f8cbe9aef,1cc01fc08e3ae47118206cc6d1ccd20ae1b59429fd77a3af44990aeb08c8e1cb,open_r1_code_grpo,94283c82bd9451ce9ec85b5032bd0c7e,,2336,3
2337,de7a19256808e38b181f586b881208a1a6f3bbda625615944deb71991805ac09,719ac5100d183d0c9d23d48fe455fa7cceec7ad971ea2f1022706175f5d97525,open_r1_code_grpo,c811da49766a4042b8d41bb43c021dc3,,2337,3
2338,77fb1d1f6db002a10af1b5423b4ea6e007667870c438a52d93f2135f2aaeff76,4e37ce7b4ef454dbe4fe7a9cc77564ec58baa39e29701e04ae01103e93d5aca6,open_r1_code_grpo,69e0a16755fad21e4e405e0705ef788d,,2338,3
2339,6248b16e96f9797a8ebd9ca92c0f1a05249119b9b80b3bc59c223628cfdfaef2,f8291e90b425cd8721163f629eff0fd37012536c79e8b4773733809c0114a3d7,open_r1_code_grpo,600b67150dc16bc3b0288f8c68358910,,2339,3
2340,be95868b3a34834ddc032fa72f3a25489ed90eabc6a967dc6e3efb261b9d75bf,21de640c58a98c7479f8fcfa357ab107d56fa9e1acbba40275c6a9b19a3cafcb,open_r1_code_grpo,d6819ba90c3549a2de5cbe026e3a289b,,2340,4
2341,ea9f989b82e397708bb1ab47c34848599e2bafb00930084f94ebf74e352aa091,8696cccd958ebc3bdf6f385f3791c618cbe0d998ac10fff9bd68ab751051e46e,open_r1_code_grpo,e0fafc80e248b1bef91d7e2629e78f99,,2341,3
2342,7781993d1bed0bd6ff201dcf060b97953aba191b9d134cbc1c2f5945ef92b21d,65a29ff1e7d987c995e11c9846257ef4bcdd48a1266868407788537352ae2a08,open_r1_code_grpo,e117212c9f4d7b1fdabcf670a3299697,,2342,3
2343,53513599ab5f450369d40f76faab71f9c0d142cf598b1f1817849e8a95fe1a48,bbf3a825096f7c3910c63b18a32299538637684e4b6f44da2750bea3a94cf44e,open_r1_code_grpo,bf652b5c12ee14fb751d35e25ba67007,,2343,4
2344,a3231200d7d887db70f546c805ad4668971c2cfc8533d608006945e2d2009da0,cb85716b7303d636bbc6e833aeb3dae8d05a682fd8e34fd33a38bdd113482bf5,open_r1_code_grpo,1e28c4705ccfb61e8dcccd4f31fe2bc0,,2344,4
2345,2a51dd1408980ec27cd6f95df93215d55d49bf68989a7640e4d6bcb7934646b1,3fecc0dfeb9e46752742de61c5615a81c281cd17efb8b84af80b45a3f85ec07d,open_r1_code_grpo,175979a79c6a06415dcfe2049aada804,,2345,4
2346,49d52633fa64e30edb03b040febee5997bb637dc8ed36a632e9be2dd75cdd1c6,ac2cc325fcb69813691498476f2269b404f2fce78a7ba322d39cfd85e9d54067,open_r1_code_grpo,650ebe51656ad7c6250e1b0884d60cce,,2346,3
2347,11b0427f99522c9640d6a4a086e68c962e2fc3bb2973d40057a6ea658425f8c5,352efab8be9dfe780bca72267541f2d8c2e6a1871aa1a8e6adeb2c70ab967aea,open_r1_code_grpo,8f7733ef8e3ac665ffa40853ad7c35fd,,2347,4
2348,88488df691c9b6c4dbffd1a37766f653338d5715d884a73632369d060e8660b9,43a3ec165f37845a58fa5966dcbec8ba613141f38a911c8a918b31ca81aec863,open_r1_code_grpo,be6b9961c752a58d0284a528c6c3b43f,,2348,3
2349,1168e59d6261d954a350509558bf68087298da313b4e121052f328cc18a00c86,051d88cb3ca7e4f584e8e904ace9a872cb262852605f17cbe503893b3f77cea0,open_r1_code_grpo,f639bd62c70971897b979778c639ddb5,,2349,3
2350,71170599e0dc176bd3472dfcf215715dede5da7868f9edf0186c49fab577cec9,486249b113687667662c449ff5f516b6c0c171bd6d6e79b17bd79041906b2774,open_r1_code_grpo,2e8083f002be793536f81ff5e8485314,,2350,3
2351,65bc6f461b66f5f387b3ebe0e67cfe45f3dd77454008fce0f1014059f50d7554,c266226dcfc797562f29986dea48542213f6d635e7613b772a5c95ebcd2b90d1,open_r1_code_grpo,0d799f1425ec9a74362c3ebd4ec27e5f,,2351,3
2352,ed2edc67ea68b1cfb42486497a1e6f219b4976bf51ff90601ca3a2ea323b1bd3,48b065e677e0c215c3a348ba3d79b5f302453357615bad4eda9380c2aa7e951d,open_r1_code_grpo,f9856767109d645e14d0e3e2e0ca1d81,,2352,3
2353,71342364a3252dbc586ba7a3dd2336af1f7b02eb24f4a7babb42b53e2d917acb,697cd74466aac51397360bb8ca21c14bc58b72e639062afcc777b37f38357a76,open_r1_code_grpo,8bc88feca8ce77f96d77404f15035dac,,2353,4
2354,afe726ab25aad833ba7e9903c66264f241aea3a0d82879553fa45ba1a6cc0281,1d25dde57acc11d7300267d60cb8e58992e52e0ce75e02f7ec98cab2b12edd55,open_r1_code_grpo,2733831d82c2982f977a6550bff89260,,2354,3
2355,b2bda38e4361d4d54611536ff1d869f32ea24d8784b095e3df4e29663a4a4a58,0017a588f8bd32ee34de1148744880c6693043f08a1b8414152eea6541cfdd33,open_r1_code_grpo,915518e024c7fe567414aef5d868395c,,2355,4
2356,8c2b6eaf78fef7d28748afd130331bd6fc82cc42a0eeaf2403108bf7d9b6f141,91cb6f4fa55ee965b113b44e4bda21811c25bbee110c0ed5378b93b48fdf6307,open_r1_code_grpo,3d100dffc77291b5d01ef03388447d27,,2356,3
2357,207ad4231cb7609e7ad9dc42f6257d32444204361fec4c26ce47cc076e410f30,160a0dcc8cf0a69abf2c1a71987ef218b5ef5f477029cd179c856ac7cabb54b1,open_r1_code_grpo,14f8bd0089866c3f67d9dffd2b19d2dd,,2357,3
2358,91665b34fb4c8398bdd36f71d6f392f92e8476b2cb181fe88068df498ba2f9eb,219caa26e8c5a82fb002cc6275d176a24429a8228c3af4352e7bd270b9f27f73,open_r1_code_grpo,b5c44a8fa98414209e1dbd3d800310ca,,2358,3
2359,2d4a82006bfbbc17219d4668d597b22d579915f228a0f8f77829a174651b2da5,fc21f8ea7f9b807ca0b26548da0069f56a4796b38737d95bcabe6730575b0fd9,open_r1_code_grpo,2e151e4cf7760fa9464410dc5f7bc74c,,2359,3
2360,70ff30d25f11ca2c4ecaef6874f6c22f1625cd83539019f01428bc753e123eb6,ef15466a1828d1154ba77ba6038496505aa2e2fde5f3ac6eb1e00607a165bfa6,open_r1_code_grpo,6687e2b57814fa38ee71f84f35bf7d9a,,2360,3
2361,766c65b608c3d76792ea56818092976fb30951c546be65a8ebc68a0bb6cf72d7,8575a2ad96ba1a3d606c9d048c114b13065c94d8eb20f63a1b16f3a9b40243a0,open_r1_code_grpo,ed0487553859ee18528fa43da46e9b7a,,2361,4
2362,39e21504408b52fc114a94b16a9320ff1921d8c2962ca466005a010c16473a62,bd8fd9b4acd235cc1447152f864056f8d87b7feb8474bb1ca843be124b45589f,open_r1_code_grpo,5496d88ab06184ad1e47f032211a6e21,,2362,3
2363,0a3eca55eaf1c2f1a5a4232149af17ac03e63e820b0a27f996e752ef8094e320,148e8e80f0d14c2f5fc5cf51d5745375d62b229f25105f499ba4d412867fa662,open_r1_code_grpo,63baf5c461bd85c1d556a8e7b33eecfe,,2363,3
2364,d61d11ae70e0d3b116911221200ecf4e1ad81ffed12468eb3af4206c564ad108,02449d4d49565da1413959d9486695023a19ac090eb51e3d1ed9a5bf1f2e51d2,open_r1_code_grpo,6bd7013393b055b7f98163e84b29f2f6,,2364,3
2365,b7e634e5907cc83b73960a1700a657dbe50b3d29c190bbee399e8c65e025195f,60c828e9ef1dcbe3149c8b9692356c18d396969dff2d856e0d60bb5c71c44a8d,open_r1_code_grpo,a8280a98707a5d630c4b393b7a42f564,,2365,3
2366,091266de3f988711d9e7151d229902db2aea21e327388e8a3147b652922dc7bf,031397900c20352d226788eb11064a629da18d79d1cac7fdd23cef97e43d1be9,open_r1_code_grpo,7cfbf590735e30b49176740e56af73df,,2366,4
2367,475891ec8b971e5f3c4f1cf699dcfd157d1b97c922f8fba276acaaa766637269,0e6e8ca612531305181a901c4a78d57d4662e85ee7efc0e7e7f0f875cb317b5a,open_r1_code_grpo,434fbac8e5477a3b6b2c2237a510ecd4,,2367,3
2368,c6ea0cf6252109088dfef376cf07da36346fbb4d8b5188821e8c61cf95d19ed8,b1441726234b4f57013cf6a9e9c9a9333b5cf446671d6fce449f5efe974429b2,open_r1_code_grpo,c246a38187d2aebf3fb9c4e87a3a283b,,2368,3
2369,75f16f147757679a0589ba07c3060d65d46f87cc9d323c755b98ba812ba5b807,75164ea9c3eaca6a5017db33e21a251b8d13a0b5dd2dbcdf9c92ef1feeabe512,open_r1_code_grpo,1b8b9019e592f9834795b98d9e86df91,,2369,4
2370,e5d0d2f2cc3cdba11b87edddb2e218f61bc797455990b77aada2e072dd69a85b,5f5ec50bf95d055f8387bf17ac34946b1822e8777f9f9cae1f43c9e8cbd33a9e,open_r1_code_grpo,c1e6ed51efa6f6d95bad20089af7f9d0,,2370,3
2371,141abcba0ab49188fe0f81464bfdebff17a90f6b0cd0080bedcfb74acc972a25,0904a350663b58cf907ef9d1eb0927877b35bb3c3e679a7d0d0952970ab5b1e2,open_r1_code_grpo,e9c3f1fdbebc9e3d8ad02028b432bbdf,,2371,3
2372,982c00ce8280ddc92336eb9f9c39c756ca45b69bf4a66f2ec389e1060bc93717,86ae6188c8f35380ff707901a869c72d42f91e47cdf3fff5a068fed66184bb94,open_r1_code_grpo,7f9c2dc6c40b873407f2cc728b9dd28a,,2372,4
2373,3debb877ddbd47f8d58ae52c7428c68582a3fb459c0491d63072e4d5f01c063c,c92f00869a23968f0fb37cdc0b228ed3e53a637d0787a184f2229dfc078e71d5,open_r1_code_grpo,7c2b4bd4b44172ebd8d91c2283e1f478,,2373,4
2374,604525747d14106e0016a0a8cadd40711436b5e0b883a798fe72107fedb96f5a,432405b39818c5974a69996d676971b0b7913e7e378e80b6fbfa7ef2a3d4b8ef,open_r1_code_grpo,df6a498a0a8c8d3a10260219a2c08fad,,2374,4
2375,254f4b0f3ec43603c7734e3596d254fdcfc35ceca93e61c6e6d2e000dc71bdb9,d4027802748a5a1cbbbfcf7efafc9e5f3e44ca7e2dca84ac8ecaa79a4bf32f64,open_r1_code_grpo,afa4c00beb315ec462fd16f7b40e3e37,,2375,3
2376,5d3008e5040d1d553ddcf4275e8d978cad49bd88432ba5773f80ce83ca13fc94,ba82688abc3d85314677c9cf7a5a24e15a92aa6f6bbcea2a48a5fb41d829efe4,open_r1_code_grpo,9de50aa4dde7d893284f4663490dde9e,,2376,3
2377,a651b11f1e8e301dc82b194862d33a9ec658aa16094d016e1d748c6c0006f395,f91fb4cce5716761109c839616dbca4bc92b86761b5a63a48e433ca189f06b89,open_r1_code_grpo,345656a8b71ffca5b329cf258e8df3e2,,2377,3
2378,cdd4ed43bebebb0a96ea73c951af4a8a75ed97d09765d9f6c4e7d07c2804bfe9,aa8cbc0578ce95f6c67823f297c0fb8d7274547369a16b8c027f438a2de3a788,open_r1_code_grpo,ee82bad35a067be50749f21945e720b4,,2378,3
2379,18a6cae37dec70df789f295e9633c94e49ed0d90eefcdea46d560d91f148c31b,e4c2164d86dde334e1c8c377692455088ff1cbcb56d201f90d1c4b0ff0e72a70,open_r1_code_grpo,da1b754a3e4cebb115ecf49073e47b53,,2379,3
2380,45e94ba0e01d71dd69f4b6343948208ff296c921f97bbe4923d76a3c655b8899,c47ec7e94428ed44078a349023df40a25e799fd89927bad4109866ab6f30c9c9,open_r1_code_grpo,0829fb66e5bd56a0aa43ccc136de92a7,,2380,3
2381,1ce28dd7c4b98ef7a53c362768ffbd1d8ea40b7d42ab2a495ea31bc2fbcf4301,6b5b92de0bbd5ad28923af31ff42489a232d77a32d3facbfd8bbea439bc2440a,open_r1_code_grpo,2df5a5dffc486954d1cf40dd6a748e08,,2381,4
2382,2525ff8ab97f4996633fc428df7684322764ac4de0085fac0504deb17f4807a1,134abbefad31308ed1aecfd4ab812ab6bd9cdde6ed4b8a106c2c2af72281dae9,open_r1_code_grpo,25643f64091ccc026bbc7a304c364952,,2382,3
2383,9a9043ca53b6df4d679bfaf8f477199769e9487778a0c7693b524109777754ca,622416c3ad27e2e7afe2b3822433ce57b917586f398ccc4b04f50ff822a67c10,open_r1_code_grpo,85b682344392d2ac69b5a42897aee5d2,,2383,3
2384,ccfcb3dbd9408f1e25aec6a89699b60fd9b977488c9a19a21541fdc5a6ea2c1e,39512e672e3344da481ff2e63a6c7bc38c05363f25408affdaf83c878b146915,open_r1_code_grpo,fc1b8533bb975f4ee60fe10b6598b966,,2384,3
2385,89fa9724342d3fcd6e11acdef2fe1a40bb2aa979c5ed5e43c39cf562192935ed,0fa097184a8dc88ee2b71a03dc61e0603411aded84fb8b665e0c2bc462e48ebf,open_r1_code_grpo,091685a0c783f62d987e2f22b0e743be,,2385,3
2386,5a321affaec222fca8eac1ec0ad36cd6a7317f66eb6d6bcd72a213af136d5560,f62f7a10a8f1584eb949bc824a02a9b424a9205c6eaefb0a9e09a2655387fbc9,open_r1_code_grpo,ba33eab85c399fc00ac8eed0f9d4787a,,2386,3
2387,f67216dca15d1a51da50f4af911e6ca98a2ec8fd99ab25e4adc99b00d7343d82,fa1c57d6576ffc154190ff6a7e8d4dcd9a180a8fa8d8fc02a20b6ffe2edf0012,open_r1_code_grpo,3ff730ef2d928fe800437a7e2528adbd,,2387,3
2388,c465b5f51251a83a0868498c5e88059db45e1c93510ab3bce03ab7ac52e2fa25,5b7abe1cfb081fbd7c22f49ab35a9e78d836f340f2bd49312b356ffd753426c3,open_r1_code_grpo,cb914984b3757e5b310e4a984a931e24,,2388,3
2389,f4f6d02fcc87a8e3b823c2cade0f2d69b4ddacb42d5b1959b7b12ef3ad5ca2b7,861486c7ad9ba50c85883c381cdfe4131fdfd3f5c1bbaa1a2d0dfc7e6465faf8,open_r1_code_grpo,f9c777d4bb539d66b955bf304122207b,,2389,3
2390,8390e5a5e05b49868d09ef545e2ddd2305c6d26e67c2d42cbc371375ff649c4e,9a8e68902f5fba98f84a52c25b60a55d658eb018507cf5e4413d51b380b8fb97,open_r1_code_grpo,9887bb9c385dc64a2d914a47d7042d35,,2390,4
2391,e3b0505c6509038e7ce89a27b4c5fe48cc50a26351b516860482fa7425ba128e,91591c41960089d5acb59207cc887787768dab2daad3a66550e21045ee6447e8,open_r1_code_grpo,edb36dfcf3d0971f319c7c7200178f2f,,2391,4
2392,bb632fbd704242b36e705bec87712f2500928c3ac323b5b4ccbacfe74950a229,08e34b29e6f6a8217f2f88d30e707b049ea120427fb62ccaf418eac123e5ca97,open_r1_code_grpo,555e1f43682635e36871b1cc883410b6,,2392,3
2393,23b857cf7cf66017280f4c07a17b75d2e9b44f9454d5ed748ad53d601298e10e,5ce14246964ebbcf03f42988cab77bf4fec53b280fd8e4419de9844509afc34c,open_r1_code_grpo,53765a8592690ab9925c4c2221eec108,,2393,3
2394,cd33bdb13d03203f3d30c7c9becebf1a036bbf02d93f3699d7275b3f7ea06f32,b9f54b0603add08b6bd57417c52a1f3867fea3e1cf9b3751fdd5fa8ce5205c1a,open_r1_code_grpo,04bd47b495ad7ab57018902f3a30f3f1,,2394,3
2395,0856156134970f4ef0bc558ac096ea77a270b0684b665c914d7510255de14587,872cfd265aef5fa6275fecea3cdc5ef1a98fade1a042ea4830f74720b30b8940,open_r1_code_grpo,710ca25e04d1399dcc9cbe325f680053,,2395,3
2396,3b9d4690cdb28ccc331100d86306db0727435c09a47ed6cf98a3761bef2dc494,00b7f51bf876565ecc0e25c66e785062f0ad395d4d49c4abf6e49f399ad74a7c,open_r1_code_grpo,73cbf34f0c6ba168f61ea573014229a3,,2396,3
2397,8e288eb831717bf9c641b5b5173453d040265e42c7deef434ddca992c29aca97,710ef8fc1db136154dff6df22822dcde632b52c83c14962b89729e2fac945687,open_r1_code_grpo,ae90d13ca0ccebda11ac63d4fc2ae7de,,2397,4
2398,60729688fa456eb89e92caaf563ef1e87e5e9c7f3f03846b23f0b02101b6a1bd,6e6b026e63a486947ada1e8621ef21622294bb4d1bf03079356782263eba8cfd,open_r1_code_grpo,c328f3bb9b7980a388dcd1290bab9083,,2398,4
2399,252fcaf06524fd4e4c8735e5dffff2fd5f841aad9017ce729b2918aaf913f415,ace74d9f4d82aa5fe1fbc866e2302557cc0ca1ccd73b876399fcb0c9e0505feb,open_r1_code_grpo,da6004666b9e6fd6964e0542e0897212,,2399,4
2400,ad8700b6c9ff4cb8456b34af2bad5d6fce1c7e9612b86c4a65d2b5beada018bf,54664ab0986871c65787c8d6edbc766252d30028fcbc1108c74d6cebb737e3bf,open_r1_code_grpo,1702ba1ce3a4e369488d9257c0227660,,2400,4
2401,215d5854b0fde8ab230e41f01894e59664e36ca1c9101f565a62f85074faa848,affd2963c3eba88dba84f6d6eea9c93ba3698e17109484d48f7b96dc54fb10cd,open_r1_code_grpo,5b9d127c4f24776ae084965f3336e86d,,2401,3
2402,a1b94ad95722e76b7b3b5d8216bcf365b80d8ff00b01331a1e7030f9e982d9cc,22b7d647491c2ddbc0bbf3f8f2281740415ae91bc9a1ed20cb9982d70fdfe08b,open_r1_code_grpo,55c4173dde9c97a1d845873b09fbfa97,,2402,3
2403,0ca9f6b654fdd6d388407b55e4eaf4e2591172fbcb9f0090fc2baf1d137cfbcf,ad5b2684284c8bcc40fc9552ba8ae3ddcdfe0e6678c539fa050c788ac3f629fa,open_r1_code_grpo,12a2245fde2d1a2e672a0a741c385ea3,,2403,4
2404,b33261750371e3d9883c6fd3f9ad2fdf3d7d64a901e93bdfc8bfca1fd13b666f,9ba8d477363443190c14b19d3be2060b7276b220a2d31d6952e358e0949626a7,open_r1_code_grpo,141564a66b56fb2fe900d73341c76f39,,2404,4
2405,b15686a3ad7e9ebbb124baf5d8a5ea4163158dcc5f4baa5bb61e5e7f92ea9196,594f5ec4c6be56b688e86f4ac4cc7a2cb6a3814832302b128fb738b96b54ac29,open_r1_code_grpo,125129944796ee177497a1ce032a35d2,,2405,3
2406,dde304bc4d5267e02beeeae441d78e09e399c8e507c23a27a35ad5f261c426a4,32350581f64b2ff5fce207bc8f19747d7c98f550f5efd1003971c795904995a0,open_r1_code_grpo,d63686ad4d3d8bbd102a0ba95fef8c73,,2406,4
2407,8017943f5cc30c0e2b848a75e6e7a2648bef285b08a9e68ecf2163bae373b4e6,69a9d614fddcfe7c686f40e17e0a0943f840f9bbf744d000d27c8562c9c64043,open_r1_code_grpo,6401b65e5f0d13821179a2a5f1eca8ce,,2407,3
2408,2899f6a35c3f3768544c95b4332d69f1b440871f618b5720c5b54bfe4347aab5,5fe051c3cf7d5f01bdd6a9519c7b79352f6f83eab3d1cfb6d13f8f1622313027,open_r1_code_grpo,fcaf31f7b40d3c1e11b890d445b80209,,2408,3
2409,bbf4926de2f5b1c4190069b0c86197d8b67338298743c259331e9a4b41d6f5eb,02b3ebfc2eff689c28279644ce052b99141cdabb63c2dae7bad860e94e97205d,open_r1_code_grpo,c24b6c39e85cf01df5cd02c5b9b33a5f,,2409,4
2410,b8afcb22fabd10da67f641b226ed5c5b284e77c3ea08f829a98e1de018d4ed80,4d133e6ba1595aa24260c3669dde7580d08d709ff06dea21ed22da3f8d17accc,open_r1_code_grpo,af800d1f0e22e9673987636fc36b752c,,2410,3
2411,b7c99fd4ba3788e1e37f9fcfc33303845457a2b962371092ada3531690cddb9c,635ebeb7cc061cc072adeaf651e920e1aad8e01884a971ee7726d12458ae9f94,open_r1_code_grpo,1f7aeae59146ebcffb9d0d2b0ec09258,,2411,4
2412,ac5ec061e19562757737f3c46e0bc1aa9dd9665a3629839b6b27994c2e2406b4,258fe9f5279e65547421bd318f15e6c3958e370b778940071ddf36af36c00044,open_r1_code_grpo,7af5dd8a15612cb6ee44307ae84ea709,,2412,3
2413,3cfee1555ca913ad2a29a8d63dca7288c17de552490f45cff7de9b13f0444e3c,9542969b268e049aa15d664645039c04411b4609b30754652376bd16b5b2a110,open_r1_code_grpo,0f91df6d88d8963d64e02064ae99a11c,,2413,3
2414,01b1777e3657e4c83a6ba5bad2804e15d6647d53aa694ad81f9f234a71a34ee2,b0b799efd08289f4eb052844088c395b10dd2ca19de2ab27347a4752240b2ca0,open_r1_code_grpo,c0efff7b7168f0ed8caabcc599b1963b,,2414,3
2415,085790baf98790792bafb1881d66a52426dac32434867d82bb2f4e256881e535,295be2223c36775631104f3c70ea27f7097418cc7c01c7a45766affbadbc8541,open_r1_code_grpo,0b120d35444f4f8b4ac951a2a8453305,,2415,3
2416,6bddb0850a582ad1211bad9dd610c059e6aa1c3f8bb00e83511765e9d0361bc3,feb1c8ec9659d84777892c874d9481ee3e844acb2fc63c19b7b745bb05fcce5b,open_r1_code_grpo,05d83b10bab04c1bc105a561a388c8b0,,2416,4
2417,0fe74a8873b8cf7b3fb66ce196d1537aaff70f6a45e2d8ee533aef510b25d96b,238ec77c7831fcf90c8f45c14c81e5b0dd3e74cddb3458a87cd53f25eb74fb7c,open_r1_code_grpo,540b75d5a6b19a9ff0de29529ec2d1ed,,2417,4
2418,e2ef178777ffea696480444d2212e9f4df6c228d7953740bf96905d400b08a92,da82569531dbdfb7a38ab6e2c4baa229e2a04c2f65d7d3191f4f16d576f79712,open_r1_code_grpo,23838b32d926a645d6ec39e22665080d,,2418,4
2419,e654664ae75bb0d727e39c68297ff1a1ec54b68a5e40bd090ad3e89d5280799e,9ab0d9444d6db477dc18d6befa6a781745ba96502f4c86199df1bee70d6dcaa0,open_r1_code_grpo,4a14ffe71f13c7c2ed9b86ea05a3bfdb,,2419,3
2420,a624b667c3380d9a1ab67d52824ee4978d6abd9c2c5d61dd81e6cb53414108de,a04e72a8986e7eb5719746f8573f4f02ae02cb3a1bc1f35d6f27a5e696fc3eeb,open_r1_code_grpo,f23acb83e5e1487e044a1db416c789d5,,2420,3
2421,105602897b9827b7a1228fd0de84dba90f960a3d5c0f782afae339e5a0286730,4606a99d2862506f3ef3fb19b7bf4b7147100beacd6abf310a147658b87cc6de,open_r1_code_grpo,0563dbe201207331986cac780852abdd,,2421,4
2422,8b4d62847ed7bdae2e1bf12a242cf39e43a65bb5aaafb75d35bb7ba743195bce,83103f1582f888e3aefd7ecd39c796b4be03988e1e5fc12c3a281fc908a8d571,open_r1_code_grpo,d790d09c1e332056971a7e2e1a185068,,2422,3
2423,56acf39e79aa4691fae77011e7d2a592c8b7d56943726f039cd3129ef2c97840,9c9b9547a3eb50cea734b4054a05766b22edd879a5a897dbcd16eb079dc983ef,open_r1_code_grpo,e4158dbcebd76d3c308e299b61a04544,,2423,3
2424,84ff16e9066f76b372dec2e2536d8155d3b76c8acbcd948a4142b3d44ec73e23,6c2ae3966c8dc0b0308c85009c0f74edb1274a4cb20f07610266e544a772d287,open_r1_code_grpo,ff6b7d903a62c799e26425bbf2785d8a,,2424,3
2425,1186e9f6b7739dc5714ce06ce47dffe91b921a7e21cfffbdb809eb718d8ee978,93db222939b00f02ccf507010b0bb95b5cbb98d2ff3c17ad3287ed5dc7d36cb5,open_r1_code_grpo,04e4c2107ccd82768f88e6a719f6945b,,2425,3
2426,09a463a7dcd33951d32e9601ccd8cc51b0feb4561f93b30800b6c215133a28b2,0d6f11544e5759d9f8fd178d51ed5a8d7eb9ebd3d8c92c08ba6692cece57de9e,open_r1_code_grpo,6629b8d705cde637897f92b1daaa2878,,2426,3
2427,91baa90f6b796c2a012d2e7d6c757c8f637de520bf42e72c102575f2df7301b6,601fbe451dfa00117c6e41f5c7e6d1aa62d75dd748651ec87af40e5e23e3fe97,open_r1_code_grpo,cfadbbe1558b9e9b6a2ec9653a834758,,2427,3
2428,ab5fee13f512178de8e2df735b8d0ab82278b96e851519b1ff224438e1c31de9,894dd6eeb48b04463745454dca0eef1abcc3f42dc147b5ea28a1d0c7dc805530,open_r1_code_grpo,b210b2eb5af0f68b18deb26cbb309da1,,2428,3
2429,6fdd78d1bfa8450ceb98e28aa2574f85954210e97842ffda36a2bcd113e56c0a,348c9bc25e03e320f1f37f35c67e56337f1cdc1e3951e585d9b46d51ea0eb722,open_r1_code_grpo,3ed49e584b86eea10a6a1039de8b3c14,,2429,3
2430,60a9cb465228b9fa53a7c75cab02a78d80d0ce2923b95264b626a63735093f74,6316158b4ed75aac11b0099316ad5844f0bdaab91b46fea098e15b860103d6f8,open_r1_code_grpo,2bf671f9b564ffa00ea14e7196a75bdc,,2430,3
2431,1d498c2c2c98cb8af3647bfe6e4ac7227c1cade0e5d049c676b0a526223e2c47,3b4485575684e5b34a8f503b08b9f3656c64ebfa039a4beb99e92c9bd2175f62,open_r1_code_grpo,dfc9693f055e203addb8d3426654da56,,2431,3
2432,2888c8be75e4e583fc8316cdcd222dce147841c20b7962bbb6f29f4113cf55a8,d7e3295d622f2af6441f975344d40cd41b2e43cf856f090913ccc837bf2eb53f,open_r1_code_grpo,133ca3e7d9f23bf9b5bedd0a2f4e89ec,,2432,3
2433,8d44ec1eb3d6d8665924308c2f0bfe13c786e41a1e3f6a672af883b942d046a7,7a0dbac4768f42fb05c2e27544ae80202a190e403bbcbb0d0de8665b3674e327,open_r1_code_grpo,c3728b7d1ed73699aa4e953bc9d6a652,,2433,3
2434,36844bebf9d6ad844d6af126d128e4f639bcbaeddc6dd2efd2920df30e92d69b,4d9eb73c4a4159700c2c6ee0b5da244f8277885041f782e6df6a2279be725102,open_r1_code_grpo,d8183a4a2a15c206aec1c5dcbb758291,,2434,3
2435,90a4c27eb99a7a44eeb73bc69019125a405d25e87ddf33cf363f1ca5131bbb3a,24238f0b573ceb5959e38df10ff0ef6d04cbd3210928fde72895ffcdcc7c18f7,open_r1_code_grpo,5be555a8dac0fac31c926dc176198b3b,,2435,3
2436,05aeb1f337b552b3a8dab260741083191352354a6d298c3efc38f926db50c0f3,0b083734b308894a9bc07ec6bd25fb13778ccb249bc5e5b60666fe50265fdb9d,open_r1_code_grpo,c32ced7759504bcc9b3a7e472934aa3c,,2436,4
2437,a25d2e8125e065d30296ae8d6acda07ca7a118edf366942e09249445f1798d89,18acd2106fbdd4a1a8a870e8075b29debe0db222d1ff7a2f1a8b16e57f35b3d1,open_r1_code_grpo,6b682393b89e79882c3cd2e9c8253e2e,,2437,3
2438,84ffe5ef2ef47c89698afd3aafd0463198707c3163a12ce76efcdf098127913d,052d77a4b2ef66f2af7c03a6a15b4fe63077757c4039716030d6c4411957aee9,open_r1_code_grpo,d5274c6c2a7a91a9d25e263a8f12a118,,2438,3
2439,7b3ec72d4bd331ed5a48e1f5ea1a66362901a845d944db34fcf41b7c41fc6ce5,13aaeef7640f1a41412cc8e8fbb4858322ad8702800d1779d5411707eb494d13,open_r1_code_grpo,a24e18dfa9b9f328f3c586d7cdfc65f6,,2439,3
2440,a4f3907a7d92587e8207407c923c250444025ce562787a679eb0de50c83ed90f,3094d7c90b6601b1a3930c92db52f0f1f748197dca3d617d05f1c4d87bc8abb0,open_r1_code_grpo,e54b255a56cd1509c477c585ac0fa186,,2440,4
2441,2b7ee61b34c0c524528fd47c4efbe3e366708c2c68f0ce3930fb7dbef3e54c35,c5005769bb38c939502e6f0e68029e1188dcccfbb028a445a3f03a03b4fca48d,open_r1_code_grpo,ddb54656f48aa0fe7b143b6c601c18fe,,2441,4
2442,bb486a91181a1cb9c18de79ea0b9852f8fedae138d2d47c94b02188b66132874,2279628a7e50b645eac1ecac7642c576a528721693907698b0d086d1604a0089,open_r1_code_grpo,dcb14a60bd828ff52e70090a7845e800,,2442,3
2443,2046113237222045d95bad0f166beb3c61d40af82ed20c3987481866628d7664,161d977a901f3cb3ff8e074557ac7f30402eaa57cb5c4a955084630baf6a2194,open_r1_code_grpo,d9cbee27aeb0fa2088f702ae2d84c006,,2443,4
2444,a8298939be2250e252653a659ecc3c1d10aedf03e0cef397abdd715950091411,c8abce70d62eb04c090c05b38b161b1f358521babdd1f22bf418b001fb2b1869,open_r1_code_grpo,442b00c79ef9c54937bebd87302f2e09,,2444,4
2445,0b786ba6a0d15c3966d1507f8773b41563540bcdc6b4f3b73043b218c564cfff,200a9cd14cfb39b8892d7be925e9db7727db6749c25eb9d3f6357a1fe20ba2b9,open_r1_code_grpo,228a8df929e41107e2feb9cda04de613,,2445,3
2446,4ade729d292803706b3bf1d0da68c44139736c3f291e21d5b59e9deeb5252636,14118ef3373ecc390dda11344990491531360945525ad9435e62a2797f435d40,open_r1_code_grpo,523b18948c3ab36c5832729b4174949b,,2446,4
2447,3eaffcba50bf17c9edf3e2445556d9956c432eaf900273131420bf0022e74ba3,b2d019106485238aa99ed2ddc5c611193c54ab848b9f21c5d059915a64cdc558,open_r1_code_grpo,1726cca470d95f29a9659df36551e0cd,,2447,3
2448,046bdfbd883fe1df53018d1f5f9e1dce054c029f7423a280ba03bc2b584e2b00,ff488d55d5c12a85614515070bbc28a3c53b46c0cbf1889255669b2a80b5a9ff,open_r1_code_grpo,87c91301cf9f28149a0888be12da7aea,,2448,3
2449,97561c2beb3556ae18ff9efbe63ec7f3cbcae3311b153bf40af6e4291fa527aa,55236ee9e92c8825b4456c831b076d3f72d120b94a8ba1602f7f9b0d497724d7,open_r1_code_grpo,e5adeba96e6290883ad246bc009c1c69,,2449,3
2450,b42417a527f3e18967f470138011e17011210c24aac7f99aec236044ae10925f,f90f93aa444726d91019dfb0be560cd445f3dc967a17baa231ac9f3d271f4d84,open_r1_code_grpo,678ae5bd685c3328ec2213a0f99023e4,,2450,3
2451,e62d50a97d2fdaaccd6ec7e54dce4f31877cf2860127603390fc1dc392b81c80,83745d795a9029f3bd310b200f7153be3aabefd5cfd63c0fbb27b04c1a9e0075,open_r1_code_grpo,da5860e66c258ef78955f81e85ffd2fd,,2451,3
2452,33525c8fc8933c1030e554d550af7ab138eb6caa0e72a203d82c54ac3de9ee85,ac0374f53843f2c68e3aa67982414af5e6390dc782aa7cef388e2f7d0fe4042a,open_r1_code_grpo,47aa0c4a4ed20822e38e94e11a4010af,,2452,3
2453,acfc2aa53b5dc020062f24bb0829f461f4f8b54f7b7693c6f5b18985ed211364,f93fbd46750abe57411c4395840a8b0073a93cac21d9f8daab5f6321216c069a,open_r1_code_grpo,69145c2b15596c7e013bd0f875d4a2be,,2453,4
2454,73591cb77940ca6238592b066f3e07ba4f082aee1cabfea0b7ded72c38a7ad7f,59651f18ac8c753bd2ad71d4333e6f466a05003480f9b064087b4cdcde99db43,open_r1_code_grpo,c6f147e604175d282950e188e5ff2afd,,2454,3
2455,20ce1ba1d1fb7080ebe07b44b8b71978cfded729ed684c227bcd59a813a3f7dd,17a94b332ffa2d7f0b74476824f25b2edb6323f78f78994785a1c57c1b08fa2b,open_r1_code_grpo,52077602fe043c38878896ba18eaf2f5,,2455,4
2456,b1071448579e6cfad81fe102aab8687d579929d5416ace49645ad39887f8c36c,0ba181feed0d2bdc8ebc9e3db05a4dd5c014656ab76a8e0bdc4eed8cb69a6c25,open_r1_code_grpo,9e41fd856d5b820b7fa18f32d524c28d,,2456,4
2457,aa0316481c8ed8c00445ff4cf9ba7bfaa4e8727a135e4c21eac8d847f3702ded,dc27d4e5149fdfd6cd7f081aa8c4b0ff85d35b4a05148063eb15eaa04d07c150,open_r1_code_grpo,14f7ff0f8945c07559ddaf1907bc976c,,2457,3
2458,d1b49e2f70144ea4de86d280dc519a40bab654eba997815ea82502c33b513b2d,578209046c1d45f9743a07fad84c8d4c52753bfe6966c2310797858dd7d05c87,open_r1_code_grpo,d4767f34507301d6ab231226a84ea7f7,,2458,3
2459,2b0229848181b17e1201fd246963ca86ec3152d6a6745ae5e407c53defe0f056,ac59e3b6c0e7f9a6f71f6e254be02f1986bc37ca76ed2c6397e812d25cf5605a,open_r1_code_grpo,104276940eceb44c450e12a841ff3726,,2459,3
2460,4773ecf2ef3d31ed10bab226e5b7ee12f1ac86c68236478eb8c0613252affe8c,56cd8a8e8c9d3f6e2fe6d79b341e15266fe0ac71bd7d23de89f4918268204e54,open_r1_code_grpo,79dcccec750645ec548ee9e970f0305a,,2460,3
2461,c6bbd7e381b6ec0000635283ab4d49f95a394ecd8f885c1c0cbddac1b1797bd8,81db69da5d1c2aac9f8723bd4694913af2219aea6a628c4043abcb6234519071,open_r1_code_grpo,fdde59bccb7ae3306bdb866ed9112b30,,2461,4
2462,a29c622fa321619ef3e38f1b5ddd18f15eafae182345d2756fc829f3088cf3b0,e9cd6cf60f040119034e2796c017c1b4040c34a5af4a87f9aa73ebbf75266eeb,open_r1_code_grpo,8b06268620e0defeaf68311cd9700b97,,2462,4
2463,94ac95a5a64007b2c25d94a948a5fe160b112b7bfe4c0bb9ed4e2d5c094c0552,d3b7df785d8b908cc3878665a5b522834ba9a9a6b63ea510d8aac83599468d53,open_r1_code_grpo,6a130cbd6fcc40a2056c64618df4bef4,,2463,3
2464,8bb53bea628bfc067e9265a7b1aaf91ffdbcccbbc8de50bf2590741dd40de87b,7daa56c44dcb43bfd28eaa186e224e5dfd0b0bf768e06f31eda259a251fda061,open_r1_code_grpo,4e868282c3c600634efc14b43d51f096,,2464,3
2465,1ac173b1e24fad8efbe649ace3ab5017c3c53555d45c78a26b55ee5c9545f315,ba51f4d31017b8ed9215932e9e768b64a0a026156b74ce5516deb82ee8c4492d,open_r1_code_grpo,498fd38f9191dd4f34db5be1185494d6,,2465,4
2466,4f22b232f2bf0956a65dd0726a065defa95ae5ba4b5bb423dbd4dd498618e869,ca04c9ec76e6912c6654a9b8d0f10c9dc11acd54379804a25bf155a1ad0549b9,open_r1_code_grpo,c7f07a9002f98cd2c3ec6a31223b992a,,2466,3
2467,17e5362c833adc867b9f30416824c56b90d60e887566455a60b46dec2082ff0d,09ebd083269f2e7d29cd5fad6e3595781d8c9009184e90268b99b3fb9bacd7ec,open_r1_code_grpo,01efaeb30045e3deab71b0e943a32279,,2467,4
2468,0651aadccbae82794d8c222418710aa13694dbd092800543dee081ac794a2458,72d9da0cf6406062c0747fa95a5e2e63005e2a4156bbcf3094952e3082e8b7dc,open_r1_code_grpo,8e2387b1ba45882b95ffb57f874c1b35,,2468,4
2469,e8493afaf77c70bd98da6c8b0a8708f92564380ff370f9ff84a09e4b60f9f6c9,5fb2be45780e4368ecbb8f76c24b824ce959d1ee4c44b4da5feddaed84630502,open_r1_code_grpo,1c888a5eb9982af44ef7fbbe0a745b79,,2469,4
2470,fe6b0b877fcfa0a3e79880d711e101c672dccafc9d5a832d76ac2b722171697f,54b5772c856c8ef69b354ae756d606983d2da7222b896240bf1d676387a6f4b4,open_r1_code_grpo,8fc54a7594fc6cef2d0b1ac954e769e9,,2470,3
2471,b4a66fb6604fd95de31c32bef86cb17b4c2d3863ffb117ae8981877522c59218,2938946c0de0d1ce4dfe26d44117a25076d5f220765c296789413e5fc73e8f75,open_r1_code_grpo,c085e113d95582524d7f5cf6e419066a,,2471,4
2472,5b14656f53b5949792df6dc5c5405bbe2f339a872f0d38f6c33b58ccd84cca02,dec35ab697b280809969c3e4cb2668c2ada8a387293968234ac648ea3ed365c7,open_r1_code_grpo,06ab315a7d62e3a7135b6dd2398fc2a5,,2472,4
2473,41d985ad51806ccfc5a231a5a65342567bdd4ae90acf6f75eef91ac753c2faf1,d9bbccb3e4d87126e1452678e8fc541ec4f6b68c532689aa60fb30446d5e09dd,open_r1_code_grpo,79e87f4d64fecb53f2060255b6e3bff5,,2473,3
2474,7593960c8d49c381141b4a5bf25314de16b704712d64631f6274b978c563949a,a9d1357bea18b609d935db6c5b553202c6391954d1ab2bf10a180811658bfcbf,open_r1_code_grpo,ead5bff14fd4880b3bffed1ee0b776cb,,2474,3
2475,f5f6f337f65e4ad1213c47464a2d472a784e642468eb92a1b237275758936fd2,d6d7afbd75cea80610b72ba904157cff804aabf33b710d39837496f9a44e4b92,open_r1_code_grpo,899681c09cc9ed5ad92ba7e44f375362,,2475,3
2476,a99f2d1be829aae6b7cc3bbdd3abaf7b208b1c8e01218d55b7c0fba14866ccd6,4f733a6dc9ee81d545ced770dba2e617c390f757d742c711b9d273750f3f4189,open_r1_code_grpo,75627ba7a5aeb706401a9ec63f51c33e,,2476,3
2477,0b62afe2c78f73a20aaaa20e6ac1215b168e5cb577ca9453e2291cb5a3697f45,55a90d10cba6d66e94174079c25779559a2004650483e84615a84881a457e094,open_r1_code_grpo,e513eabe57e42de87a9493244b3b2aa5,,2477,3
2478,7c9b2d9a78787dbb5eddf2fa5e3c5c238a0cf7be895efb87fa0aa0af0544f43e,e2f5f32e1a9b33e9b0eb549e525bab572468b02cd02c9a8d7b6e17fcb8314a41,open_r1_code_grpo,ed68ffb53ca72962fb4c25321539cdb8,,2478,3
2479,f133217295f5ddad71598cd541c8cb386aa8d0b244bafa83f257894f4414f34a,c5efea85dcea8258492f4cae1ef5856a360ebe9cc947ef53a2c34652ad0f45c8,open_r1_code_grpo,eedbb3c9862dcf7a02a7a6fae96b07f0,,2479,4
2480,8fc5510ab62171dff9e473debd9513891db9b5e0ad9dedbf136d0f2ed3049499,dfc180fd4076d2f65cfda99c6d72c11676406dd74df3c548665c36dff179a62a,open_r1_code_grpo,c23a123fd2ca41e96e15b5de4e6ef243,,2480,4
2481,2e09e5380d46f053b8f51d974c0fe670541db38dca32276058175dcedd71e4b2,f47154139dc42967ba776aba383c5788ea7a27f2d90d42c0924651ff5b4b64fd,open_r1_code_grpo,66196c8c3463689b4616d4220b4284da,,2481,3
2482,fa962f65013ae11d716320d98aab292ff31672462d1c7fc87efabb38166a2d08,17ad8d04952877fbcafb209f88f5a0489be4a3f8c37dfc67e0f6b74e7b983f63,open_r1_code_grpo,4df7538af57fce84088c3e14edccbc18,,2482,3
2483,85dea706b1429040919b9717c3b44b9a66344add6e256ef2c724772d120517cd,4c1d9fa575a9967ab29a2f073fbb15dfdbedf99ca724c3d880a19046203946b8,open_r1_code_grpo,e35a893c7ad799fbda61998706a87e11,,2483,3
2484,9fc1e310bdf239178041bb56ba87d15cc9ba4ae313699499986583e513cd2f00,cb4bad4abeca1cad408aad7e4a6ef444591a970d2fa3e8a16746ab3b34da9b96,open_r1_code_grpo,cc98e7a667977cd6b632a3a742cfdd5d,,2484,3
2485,21fa9d397b6692cb548e1731e7a20205c933ee3a738f78ad0bafc887b51cbee6,360eb8cd40bb6c5455b507479a443813339e2f764c84d35826b008d93043f3a2,open_r1_code_grpo,430c03139312544b03113f61b367a309,,2485,3
2486,dd3f4883844a3745b0b25cec152333ac53a3311d794a1580ab77b622caed8318,832b356718fe70e654cb4e142959a8fd4dd5abf1711c8f24a51199c2ab87e8ec,open_r1_code_grpo,56c83e3702669cde3843fe71c1324560,,2486,3
2487,37779f1d85a2c6e867fe8eea54224fc4739226d78b5e3399558359c088fca335,14f134747069c26ba99455be1c1304ec53fe4b36ddb33d4334e912aa46342bec,open_r1_code_grpo,bc0c0f6255dabc723a469e00d62fe57a,,2487,4
2488,95265be37f2c79c61b1e3f3754a94f703a71d77140727ce8f0619362dae0250e,eeaa3468193f0e71eb584904cd9d22bc072ae394fd738bf568d6b360af4bf54b,open_r1_code_grpo,b83e90cad6ff5d2533bb5273ba57ca4d,,2488,4
2489,2b2013a96831babacb2dc8059398aae88b7048062d5e9f9d36e4a8065f32f5eb,01bc488ee1d18b6cf3103ea3ceb9a374a3b44d25ecf527318c0d5f666a15b184,open_r1_code_grpo,49f3dd07fd818155ec858945059d65ff,,2489,4
2490,284bdac9f07c6476629434b34017df74f9dff6a70cc771e757f79b300975c561,1f2cc6c5ba6a9f2d4ef80c9e434bd05f0fb39c8133e3c01223c0a9959825137d,open_r1_code_grpo,e05d35f6160e6cf7574d7c717eea58af,,2490,4
2491,ba9732b2aaac8497cc4eb50387a9afde92e9e97bb8bfc946ae91b3491f0ffc3a,4757e3da3a75ffa7afb5f3a256bb04b89bf629cd8318bd2c2baa52837cba35e5,open_r1_code_grpo,7e472919ed65aebd7585792e7c05ecd2,,2491,4
2492,99f46da54b065045806a3de75b938017523e94951f07d76c9afb971dc702c5d3,c75e45007e153d2933379f8ffdc5d4c297086a88349810ff7ebc876ccd855fc4,open_r1_code_grpo,91c28f21690a2060cfc06e6bcee9375c,,2492,3
2493,29eba50f5412b01af62d4d4dc49a360911191f4a724a5e5f9dd3b430b1b6f352,e256baea06604fcc5a48ae66d285422dc0fd12bd125aff14c92e085ae2e3b0b5,open_r1_code_grpo,96dcfae5ebaad74598f622898da0c2f1,,2493,4
2494,aac9ce2a524c3ca68b089c94e746beb5486da29a907ff45a0d537e1b8692b905,a7e291cb3c2c7b004028c852348d306af2dd4b1fe881298b9ed35d83aa03a571,open_r1_code_grpo,58c2048d9a5c333d8d249775f9ec0791,,2494,3
2495,aa8469e4d5c550ee01f1d84a5f6a3f2be7c0c9ca906edae9e095c7c79e1b7d13,69d91df99723eca0e484ff9d56396932a230caa8c10a6a38425ffb21a19bede1,open_r1_code_grpo,abea9fe8deb42dd883ab4b6ab0e28fc3,,2495,3
2496,3234068e53a959b468cf4dd86a3804006ebc53dc04463207a3838787172b8f39,39f9ae2d3dac9ffcc5f402f5346afaa80e2944bf9dd43c65b6db909f6810e3cd,open_r1_code_grpo,e07b98129fb535c6036b24e7fd791e05,,2496,3
2497,776e4ecaa8a8b94478dddcde690dff391f9533f0b29f5fbf80647f68a6ab7e79,94933af2160ffb66e932911f85e87f4630e87c9ef6138261307861266024af23,open_r1_code_grpo,f96be81db09ceb475ef7e0b3c7b1a595,,2497,3
2498,b4ac3f9a0c12f9aea2d2475df79a901fe9b37198367de96884366241eedbcf2e,14f46d6ff76f6715a55600d28f4d859f1dc7a5656a27f5f54f08fc5825a1f380,open_r1_code_grpo,85fce524185e9444cfa33a1bdc8951cf,,2498,3
2499,2c9ced904134ce0d15d9c7652785c34eaceef679c3e3708c59b1bedcca500245,733aba97b52a2a297c7baf3a1cd21dbc4e8505626682fa723e2b57438b2427ab,open_r1_code_grpo,d9e0234dd0a98fd39c043100e3a3b52e,,2499,3
2500,b0498dd77d9c0ca97b8b64d089b51acf3981e16e0b4748cdc3c7526c194bffe5,4fe9a7840ca7e89cb44a67b0bdc00a2394b7c678be83050a15230d818e9d22f1,open_r1_code_grpo,04e819caeef34a386d9ab35ccdd3d395,,2500,4
2501,008f7bdb564e7360eeb33eb553d1dfaf6c214ad8e63b474fd22d4d5d4fe9dbed,4011de369f792437dd897de94c637947ee9802e6a1ba66b94fae8fc744291825,open_r1_code_grpo,63ebdfa7f7fbdc8a0e7ea9cfa2d88a63,,2501,3
2502,6d4f44de8f8710cf131b8feb8744f2355b4b9f5155d67a9bfacd6f2e064ec57b,93b5eae3c1b73a94962521adc4b43d087fb26568ef145c6f421d3dba64b5686b,open_r1_code_grpo,8918bb260695b87f4f81e94cbd5adebc,,2502,3
2503,3aa6d83c420e2ef074867e9833e40e1cb3a064966238cacc2f89eb5cf7b22f0e,8d961fa3a16f86e1b18ab54b796dded72e20463a9966d85a263f2f5cfc8f8f7c,open_r1_code_grpo,498394f1df9911b027ebb64ec0a47dd5,,2503,3
2504,0ad7edffab9ebb1b5191de2ec358d2626bf433d033ba508c9272b9234ca1160d,88fb0aeee9824dae0e6341bd0036bf57f47b2308e09cfc7b9c8d6f623e2bfc82,open_r1_code_grpo,83837450e791fd3cabe2a0b06e00e08f,,2504,3
2505,7fd6fa395c0b32b739a8125cabd1371c99e1f8b78299a82bad882ad2c034f28d,737747bcdd59744bdfef8cf0704824c805175ab3de1b9d172b06e7f4bb22adc8,open_r1_code_grpo,c4f07663fad0f6c5a3222c0e49b4ebf3,,2505,3
2506,3fb462effdd8b986436af639a776a8d86ac97d80c3f3fb50c47be4cdb1515563,cbc0695cc1e6ac9307d1200ffb3d3435d9877df856d98b8948b52ce26034dc7a,open_r1_code_grpo,cfe6d9ed290d9cc49196be49fdafbce9,,2506,4
2507,f2f2aece59b1d81713988281dc8d1226abf296cd96928a8bba8368ba992806aa,d547cc1d13f02fc5b33afb1018c66d645c977e6a40a69fe2d8d3da4d84f2a04e,open_r1_code_grpo,de92e1d0777c8fe045f87614682b11a6,,2507,3
2508,8309be6dd3f3eea214a3b3fea66b45dd2b503f35bfddb1eb5337258b10162e2f,8750c46d470017152e0e2f509d192a737b61da9458e1a8b4e03762d2a182a9b3,open_r1_code_grpo,75e93d9aba2a81c51ef89bf8d2ba3ffb,,2508,3
2509,e79ac06350c52a62f8c83d4933001d0beac669e82921fa750e5e42db83b14eb0,df6632a7975d26a24376c3e50908e4ab89a1555324f67e11465e3670c7aff09b,open_r1_code_grpo,912a9e55b12e3aff570d1c90b9b04b0d,,2509,3
2510,3be93d70f9bada27cd379643656d48c3f8fc1608002c470fb992daf55ce5da60,c1edb5090f5b2886125e39fc9b4fbd311ebb76b45ed18a8921e64983ffeb8a30,open_r1_code_grpo,15ec2f8196d2649916674b6543e063d1,,2510,3
2511,00a7ae57149224ae840b53c8b3dc629b055ec595525cfdad7af260a56ed2e55d,fb0fb8f48635401d022d0aefb3a3d9e6a5f9258015dc2faf5e4122453adfa51f,open_r1_code_grpo,491a8beb4b1fdfe899948e871c6ff154,,2511,3
2512,2d0fb887794f1dded434a14895bad1f1ac38d53fea66a98fe1ffae086eb8be12,2262c3be54b79b142f55209db8bf0d4202b963627746e883be1039df903dc1b3,open_r1_code_grpo,a3854616189c525ca98d06973a4b568b,,2512,3
2513,a588fa5fb1748a67e16baef9648f758df9ba85096dd542cacc5fa62d4d9a9ed5,ee33103c0751acdb749437395eac93b5bf602dab01c873ee8f2f972746c25364,open_r1_code_grpo,4a2b0545a75450d375d9d6403c0d6909,,2513,3
2514,550e6c2c37ee5e9192f223485371653aa1cb0668eb9c5506ac2b6c458d595bc0,38497826951f1dafce3d45cd1b4fee1f0bfc893d823825ff1bd8da76040b3015,open_r1_code_grpo,82dd0cc68660f72e9c4c7f3cdef3725d,,2514,3
2515,c18cda331d2046f72b04bfc0bcf24cbcc260991f34d708ace6974bb204e57eaa,04069f24b60a7cf896db2025ee341cf58b9927a12ad0f4e2cfe21c5cdbb8d81d,open_r1_code_grpo,b60445847d6b305dc2640154e66f5514,,2515,4
2516,4ebf6fb22d930e8931456fa3262b6c674f9363ad5dea37220d0926930675a69b,d1e73df558c2439ec6dedeb60d1097267d643bdaf082b0f38a6c7c2eb58134fa,open_r1_code_grpo,f164a65a27d9752fc21e1b42b16b74c0,,2516,4
2517,c8155b9b7d36120e589c6d259355504ef604ea2a737395817270dc748e470998,09b4294f5bc42f5631a650d81a354ad6755383986a5f541c66f212cc10442394,open_r1_code_grpo,24824bfa91c6db97738bb92cb0f5d3ca,,2517,3
2518,44b6df44b10329a6317c14149a375fcf322457df94d8fadf030f8f8fb61d9ff9,3d7b947b031b9b069b24c8b5fad6db0770751b904addaba9a0a0d89475e2034f,open_r1_code_grpo,91571f24b28e18e127592fbab792e8cf,,2518,3
2519,120af719273d04857b4af33025fe9573f65e8051d650bfc3065b697a0e49947b,18586521e78367c3fc5eb476402ad98de12be42c49327d1f32df1ea8dc124d26,open_r1_code_grpo,9daaf6a4e7a60886c46d350182144182,,2519,3
2520,3a91e4a95e4bbfe1ac7cd55177eb6eb63cf93c72c960fb1b5c6368ed7117d4fc,38a1efe65bfdfdfdca341f86c121089d3dbb105493ab64ef7d6b379bb9263114,open_r1_code_grpo,557157cd9fc9fc2b79834fa615452f36,,2520,4
2521,c8b5437c1945a0506e5030ccce52e709e5e211837608176f08fc4f5bbe44d09e,dcaf44a0a5b1b07654e596e7ccc17efedcb598ab6c591ff09b48d3518e70ca6e,open_r1_code_grpo,300dd0ccb1474223197cb78cc0d8dcd5,,2521,3
2522,d234e97908fde9672c1242a5de0e06d19809536a0a3f1eea17027f751708c784,b92a7e6c7c08dec1272c562f0e8e0656170c18d939ffcf791ec43a732a493c38,open_r1_code_grpo,e18d834d800a605d7ab31a4b17dc671b,,2522,3
2523,b74b0b429d73582378c77bf72cee52d39a7106ea253a43355dfe2804e966a8e0,31d531176ebf2d8eb7fd0a6061c538012695697d61f9b890346c2d56b40d732e,open_r1_code_grpo,fdc59fd0b01c46a1f49c3ee508a684f6,,2523,3
2524,c88e3467483ac68ce09747e2af326c18e8e7f126eb33798420a2d23433269001,6d9213f3e74d40c38ab5fd60a219f81f158054e62d795e82089f4bf62086b498,open_r1_code_grpo,16dbb7e3d4d4de36c64627a7407c6b8c,,2524,4
2525,082b0f6da25590582d9f7f16ab6c60e632366f785db0dbe19cb22dfd62cb08d5,87b19c5d570c788e59b8ec4a8c925b90544201e0c9651fcbeafd98d7d6df0e48,open_r1_code_grpo,849538fe1d130c3470f17e722074ebf5,,2525,3
2526,834f1fdb070f359492549c93d6bebac45df42d2392b441d01aca9bc2cb0776c7,8168493675862fb1729b36a77ca88655c0e1fb539f86f5c9662b12997b2d0364,open_r1_code_grpo,b0b9d0637c5fcc1f01218b7e111a1502,,2526,4
2527,0a34ef33e354d16b6c984ddc6faf9c74528f8ddbff74115b05b2fac86e125ba4,b1fde43eb84b1721dbed923aa6d7d7feccf4cfa84c187b3e93dae726fa048d08,open_r1_code_grpo,4ab335bfdeb4bd7e2056a266b255c847,,2527,3
2528,b5b7e073d5de5f1f697b0476af3785ba3d82dff48ec518eeabde8523dd1bef21,9a7409e6ad0fce048586101cbad4dcdde2163dbb5415163316b6ebb019265021,open_r1_code_grpo,ee810e8b3a9d4e88cadfd3aa59ac3800,,2528,3
2529,199ad7f283c97030cd82babe27b0c78971c2109dad51f883645d9ad950c841b1,99ede95b8be1a13facc85dd8d3899a487f5a2b9fff9967bf682deebd2cd07a2c,open_r1_code_grpo,66eb43abf88e5841aa9538214287fb3e,,2529,3
2530,8cdcf8417f782b72da5c24ea125f07f2ddb28539f7aaaf8d8a13c735f8c65e40,cf4c90f1fdd72c0e5d6a71851fc5504b9139dd5ba3ac63608aee23d4a1bb6603,open_r1_code_grpo,22a447929575e9d182afed6e99a49c8a,,2530,3
2531,c744ccddfd6fcc1b9b89066655fbbb0a8d4a3cf6ef5262cbd259213033ad113d,4d7069a4cb096b1892216a435f6730e97cd29584c65c08cd7416e959d53de6e3,open_r1_code_grpo,03e98c391d26d0ace8b5b5cca4c630eb,,2531,3
2532,4ce9a8a913bbcbf699f46e982dd95812d81208e3e37c0d6ebe24ee6c74c531b4,8c88cd4fa060e76954157db27260e84ca0c968e4c8a329a94d54f60c45a11eee,open_r1_code_grpo,65ce3f919b9d22f2ad5b1f272f8d3725,,2532,3
2533,368d8e30330f5191bd52d8630bbc95fb270b300eb35287e422802b50383f9f8c,097aa587672fee38d3f68660d469e322ac07c5ef02fe163603064395b75c1b41,open_r1_code_grpo,2405e036dac129359e2edf901654d58e,,2533,3
2534,40c8e31a4134dc2beac99949cae5e89258e45dd915489d929a166b35946fc794,b61cedc86225d7883537946120e7c9b37062c6371f6e2aaa5be655c8db96138e,open_r1_code_grpo,d5d00bba3ed1904576bd3eea822949a8,,2534,3
2535,1034e9f31d4a7c3a590813f0c201b35a39a484d301b8933cac2cb15455418bbd,452ceb095691d298680f52a900288b13ea8d3436a1cae8405e3575518a32fa30,open_r1_code_grpo,74efb4915c9490946b9aad5fd1adcfe1,,2535,3
2536,768858b009ea455aaec3574ff48ed2f95161355df83c29b7c186da2eb88c3298,2f1f79bf2126e0a3d4440572b0a07eb8f88fbe646bd1bfdda2cf4b7862e46ed0,open_r1_code_grpo,b5481919ed3e54e08b2b706aed5891f6,,2536,4
2537,1139de0df95166cc5bad788cf4c1a0f1d873f76cfc41dadda49731707188c15f,a55b876587dab251c2b9b1d596bb331f2e9352c85d3a8655840f3cb5466fd152,open_r1_code_grpo,da96629addde35176235ca54f030e8c4,,2537,4
2538,b481de7f2e7ea1790c144fcaf47074624bb578a61f1f46e410050383a42f3034,b54cf635735c6ae66ae3d9cb089ea81fdbbc26a52f82e252157a900535cf32e0,open_r1_code_grpo,41dad178a1e2475a967e5175ae9219d4,,2538,3
2539,d7ebb2530dfe41002b6ada7ff3418ba147f6f2c0422cafcbc7cb14e7826d2e43,bd2e13971558419b601bb4cf7d57ae4beac88de9f771c1d0b5db6255747b038d,open_r1_code_grpo,f1f02dac9d461696e358738f3779cb42,,2539,3
2540,a3d666778d007f14493a5a8dcd0dc60afd27babe42aa9a4f914ee16f86648f82,7e060d07f95672dbf5b57fa21812ad19e8a613bf01370b8b9beb3a2f113db1d4,open_r1_code_grpo,e5e5f89cf5ffc8be99d2306bebba07f5,,2540,3
2541,ea592cca50d8bc39c2346defaae7d0e020c652a90bcab2f4be34d0b758b29a15,074c7fa349219123f3feb2f5527791333b816f804e9e8d4bc3bf23259637489d,open_r1_code_grpo,d4027690177328845697f9400e8dcf7c,,2541,4
2542,ac5e2aa5ae8f4919ebbd4ea5e4859b7c73e5a1f101b7448ac7a643fef2eb2cc7,a35d0881ee4c79092d22a893fdfca6d80208f9755d2c93fd063cfe1cd4ccbfb2,open_r1_code_grpo,f2172d72da31baa27df68375b431f57c,,2542,4
2543,2a13129ec28b95df0de770b98095e70fd5b46f410d3fa5b9c9d0ede2e6cd9721,21fe0062f35a81cd0d2750d2fd57a22c237d0b7491dd983bd29d3dcf7eb5ded3,open_r1_code_grpo,09d2a1692cb3b56544628026929b6d9a,,2543,4
2544,7f197ae3ca8c4eb7da39b43da317d5ccc5f43dc07df121bef77a25f06aff3577,76b76ac54780361e192e2d0b3dea21329c529fd1a92945bb586a96ab054c1527,open_r1_code_grpo,9e0658a856fcfba455d18600d18b0022,,2544,4
2545,bd98ec20b7d0f0eb6a01d73d16bf84e3afd9febfec67b31fdc1695be99c9f29b,4cf574c0f248791ea5e8ba1bc87430e01da493d45ff6449ab515faa80a9b2dc8,open_r1_code_grpo,16ebec0e08430ddc14d08f9e64c6b953,,2545,4
2546,781cd809f072c22a55fcc0a13a3444861bbeaed38f0b889332be7b7b2566130b,cc46ad34d1fd8bddbe9bccfc477b09e17c4adeffd5463542ff18ad4cb19b44b9,open_r1_code_grpo,181bb46e97b60313b994897f1a43cd33,,2546,3
2547,d5a482ab1e623e685afed73874a17485888db6f62b9b948ac1362fd191fa0e7b,4f3ed7cc95dabbe4a9d65ecaf2cec66128a14a6b8b55ce2f0d72e19f12fb1f5b,open_r1_code_grpo,9e3f0a91ddf7b2a83160fffbeae12497,,2547,3
2548,78e9ce5f64fbd7b382febf120d5a491fc2ebf1a9f43a2f501e62173c9e752b6f,3ef7baff20b1322db060ae3f1f54b201434dbff5d641c98a9673d20d7f08166a,open_r1_code_grpo,e18cfe1f1dca4882fa435bef27c91e59,,2548,3
2549,c356eacefc65e76828e39f3bc19eb5abe342486aae27ad89f8261ce9e1f8a888,894b67b46647d18ae274ce114c5afb75459cfa199eb035fdd094790a42a23003,open_r1_code_grpo,f3612c14ba795fbae8522c4ca9c62535,,2549,3
2550,8f51a11fd5fcd247e883bdd181a337a1c3014c26ef3080ef9e16282da9f248e6,8ea4745def810a08807464920f548582a870dc9374ac35309a784e3d156b1228,open_r1_code_grpo,50f95c095c876c4c672b44e9051a4544,,2550,3
2551,8733b36c6a370e97b1f8c647115452a6ecd399abaa52be33bb08d9917a45198c,532a934a48e86c73020b385295209b1e5a0011d2eebb3ef00c2aae91834f7266,open_r1_code_grpo,ba357277a6cfcad57f61e89220486bb0,,2551,3
2552,666d7e25b9fd69f813ddf588b51508a5d13eb9b420d0b9267f78bd2f02acd284,b0ca401e2489cfd746e0bf139c991458984d704cd0debc678caf36cb78b2251a,open_r1_code_grpo,cbd2f7b27ff5984f1d5eac3ea06e102c,,2552,3
2553,59f8990ec4d4625177f43adfe7482995d4de999887ba67ce147b34a284c28916,2a2a095dfc15a6f67539ff45edef46f8cc683393b358a7974c2c6c6ccc92e8f0,open_r1_code_grpo,ad84d2c9d1a33b6ea12ea478ae3232c4,,2553,3
2554,09982c046b73edc7876b0a053d2ec2c94b55b48a7ac50102ab6deb018a84eae7,b1d304f8e70d5e71ce50ead5e76df906487bf7203578ca83870eb18b26f9e247,open_r1_code_grpo,519dfe23feb4ca2b845f83e455b2be95,,2554,4
2555,c83471f02f69b03a37dfef9a421c10a521fd3ee2139f03fa7a0436c99e7709c2,66cb725cdf988f48cade7fbdf2d4cbdd23e3b9b5154a9aed6280d810b4a133d5,open_r1_code_grpo,d2498efeef21f6c61bc748000836ea16,,2555,3
2556,9b5440870d08bd2e4d8ef7e8bac72f987125bcdea157796c39ceb205621229d7,29feac067afdaf7aa9de8c95bc04085055ef83490d50988677cb0a9776552b52,open_r1_code_grpo,bbebbc3d03219e7a039ed27ff2f85830,,2556,4
2557,60dc08ae73210ea0e1290b18aa32b28d8766ea1013a5296f784bedce9e102eed,a39bff8b8e0f24212495d4e1e97f74e5aee15bb55a1088bab5b63f81d85b7749,open_r1_code_grpo,d982572f20fc6f541c06a3dc91c41a57,,2557,3
2558,ff92515a7230aa636692e7460fb1de57d673400d8a9daf4c29d075dfd730b151,6db203a2932e71ea3c8230d7a1506c946cd9a7b88f87d626d63e80948a738330,open_r1_code_grpo,73d1a39db4ce5953ba65607f50c3ecb7,,2558,4
2559,ce82c29f4b1a6a8dc1dce063a1d275bcde668b887f78cd053606eed63c3b3b69,cdbe0bd0667fbe2b5ca82fece13a04c2f2c8976395d42076677bbc4ab4ed6284,open_r1_code_grpo,7982a74d00710ecf577411bc0830dbda,,2559,4
2560,4486980615e62e831eabf7814b1f37ab3f81ad79a933468bc0155cdc4d7f2da5,aba965a520a52a5b1ede93a426fa35b35724b9cdc0957a8d1f71ea309647e8b3,open_r1_code_grpo,d5df6549525c92f7fd4a93ec67477088,,2560,3
2561,9e7fbe386a6746b06307a6cf7a27421d3bace4aa46f1eb8312e146e64d1ec06c,88a90cb501b8ebc76b03563d6f316951b5672d70651a3473ea61887353c32f58,open_r1_code_grpo,630c5395a3f3fa895676bc768cff36ad,,2561,4
2562,c2400de4f6252b5f40861fcbb0c598e6e5cf91d131687199df20a3d10fc10d12,95e52a85e9617f72522c2e6e7129b5fa7b9b9467d0da5c6886207db55e002104,open_r1_code_grpo,fb3271bb4702441485924037ca2e1456,,2562,3
2563,64bc82d6f62b4c53f99d235f308d6264e18308f87a422d0704326814f34abadb,a1b8cd1f609aa7376e076e1328cf2ec87bae31f282fe7a292ca77b523e9c3cd6,open_r1_code_grpo,4597fca42a81fdff935c0205f79561b4,,2563,3
2564,f263d7483aea17745660cd18f2bb8746fa5123adb7b97fb4a183b2add034c773,c6bd2b1ff2854e22eb3f1fda6048496234179b920983186059b052b23bf96b03,open_r1_code_grpo,3850b43b09413f724d775c4de0e0aa4a,,2564,3
2565,9ce379eac9c2911e98adcfb45665ca4cbda9bdb0bd01cab4911ee2731720928f,e55576cd3d03881f03001ad3463303ac74cc48eb46b646d40ff62b01aa18bea4,open_r1_code_grpo,fa8e24b60e2e0b7bdb9095684a18e57d,,2565,4
2566,e43ccf1f0d1dc295740def3a5179fa53b8b7e68715c5c722dbed2fa34db82274,68db8c619365916763993c21c90f59420c637cca2fd49dffebb9a3ab06029d51,open_r1_code_grpo,f3b47e9115860ea6b53c159da815cd5d,,2566,3
2567,48607b422491b0f4808dd88211edfc963a677cb47ca846c933f412db68270645,b87fbafa1a55ff9210111f90ffc4b1c797bcb6a97fb1f591cfc2aabdc5ccd1c2,open_r1_code_grpo,df73e3b1fba71df57f9e10b4635916a4,,2567,4
2568,5c7ac40fc5788f3083dec219f323b431ae77dd39ddcace9dc58a568927bb1dc1,bbf83f6fb016d55b4e72f2d06fb844248ab0b05a6be4bba5a17fbef960285aa8,open_r1_code_grpo,49b2742bb1048234ed12655ab08b57d8,,2568,4
2569,916881b3e162f319ee085637440bd4e03a96959e0878febb38f64d635e6ddcf2,07a178e20e7eb0eb3360adeeaf53c787c1d52f057efc56fb3e11eca4b05da30a,open_r1_code_grpo,68d73beef1c5e1231670e39cad78380d,,2569,3
2570,e8cf779ae6c04b7857e19b2dc6ef9efbfc89ea95f9567d6b08ec628c1956070e,d4b558a0ad2fab81ae638e14bcc3f107b047b2df6f84fb4f6b425df01a0bb1fe,open_r1_code_grpo,58395d7925d01562696e3ba8ed395005,,2570,4
2571,0512572bf5ae703326ccd0e093429a77a18c270b20b347b224728cce89545533,4e4ff24c39378db5e6ececb5ba0b8d361e5a05d8708c2aa0d12ba823f434694b,open_r1_code_grpo,bd34118b4a42458e12c383ab1c2b0b81,,2571,3
2572,f0b36e0f7fa0cfb3aeb0115d73a0873a95af1eacb15e68bd513d18a1f008fcca,4a0e302901bf69551165911bbfbfe81df27a155647921651a246d17e543fd791,open_r1_code_grpo,aa61ed0cff774604f7eb24d47e211069,,2572,3
2573,4dcd6ee373e9f1ce54d27d1b0399b952cf1f5a7985e43692c3adb161a822746a,9a54a4c552526c33650ae87eed6bc13e6a35fd442ac3ce4aefe7e4d97c9a6612,open_r1_code_grpo,0c7f00e3dace5bc6e0c650fe32a5af47,,2573,3
2574,817b83b41220b8251fc860f26929a80ca6e4b7e7b182b0684fc30e110b6f7668,1223d00f1616eab665b447020e25d5afffc31db818beed0d58340c5379d7cdda,open_r1_code_grpo,0f554a9517da83641195a806db916b46,,2574,3
2575,6918c90deec0d3bdf84d2fb28f01ec53ac3d648b1b2449acf377e02e827514d9,f88d26a8fdef3db205aa7abbb41c74e269d6a3ea9a72c910c388b6c7bf8838dc,open_r1_code_grpo,5cf8eaafced1e8cf5595418a85b0fc69,,2575,3
2576,07aa2a3f1643171846e69dd41d33676fb97ff9c2cb197bbdd431f463c6654e1d,7c2f9cd1090c32070f3695e6fa182b25fb57349a8819c47e52d27bb3c1a5a5da,open_r1_code_grpo,232100344377c88b97e941c8c8980818,,2576,3
2577,34a3cb4c8079ce5d610f839ffebd2fdfce7e409f7da5e757cdc2e33bcbbe60c5,504eb1d77078c4d453c08442e5601318d97723d019076dbcfb2bb60f37961268,open_r1_code_grpo,563301d3afa46de492635cd4dc1893e9,,2577,4
2578,e4e5b356d9532ef2514f73f192fcee6d30aa9536aeeb9f717b6ed3d7e3b58c48,c4f9e75e142bf4ad45095b0e37ade61f5a8bc38bdcee9d6c9069894e08bd2571,open_r1_code_grpo,2698868c411d137b051d5f44568063a6,,2578,3
2579,dc574dc7f476d2ce1d809035c8e2952dc8538cd96dca4e3a64fcae3b91ad9258,521aa81bc88733525914fe83bac5a71ede69caf872b68a8ea1da4371893094be,open_r1_code_grpo,341903a30490a28ee3fc6c89ace8eb93,,2579,3
2580,ea6de2aa45ab09462cbb8ab8ce7c55324d75c8905c9ac986ff68181e3d916c0d,22f1dbcbe1fa8cd95ebdd4145b7dadf2bc4b43d75fca36a9e456804701a0b709,open_r1_code_grpo,b3fc4829e0c4fc9715d04f24787612a6,,2580,3
2581,e741e19b42fd5b92842a8af53aa53cb3c7a8e17610e6fe5de1b4353cdb94134f,bca5174a9b6a1bc0dd07f5330aba03b47a655977f265b4820fb8e08da5c9240e,open_r1_code_grpo,af1fc3d7f0a8114889156c1b3df2be48,,2581,4
2582,55bf105e51e0b8a5af5ff6d7d42c9fda340dce47f58ae9a131cde0078d399018,c802a87be4ee0954d104004b2077925a4b13d1014d70fae9e8e3c94cbabb3d8e,open_r1_code_grpo,c8de4b31724cefeb9e0ef64844979f06,,2582,3
2583,e8a296aa33430febe61193d39cb66ffc775710a15b70a094a63520410f27bc31,78f0c4857ed9bd08596810185c22e7503c6d6caf91b69fea97a979f76df0f72e,open_r1_code_grpo,1b56f252982a8fb674b258a71e36fb52,,2583,3
2584,0d9835ba9e224818897862682332157f9cf1dcb09be905e96270440693efd7ba,799e44ce6a53bed906b048df8cfbb34b66183ab2f7f793873ed07ebe9aabfe59,open_r1_code_grpo,243cee0ad1c491c614015c7bc5eedd58,,2584,4
2585,568a60cf3ac936e6b97b674744c94305d333039f3e23740e6a8d6a4b3852fb05,b10c43a37addc2d05ce11243258e15ce4cb65b272618984d5f56f0833653e75d,open_r1_code_grpo,f999d02aa058697ebb4c0f2b4dc1a2e0,,2585,3
2586,410e960370a331da72a799ce1f92ab0d4bc04fd7d9de493a8c38c4393da8d035,98f7a50564632223e012be0ca360596471342e071d393da900bd294e96e39092,open_r1_code_grpo,1793a7abaa3892d4a9b4c36e1e654221,,2586,3
2587,12c5a58677bffdede9c2535a7571e934daad488517bac3b7cd70cd3a657efca8,66ea9ce94c9dfda5f120d75a97db9f4c699bb47dd5aaa86fd73ab4b2ca6e606f,open_r1_code_grpo,a7e068ea79f31dd25504f92b4ff515bd,,2587,3
2588,0978b2a0b232b552894fd7b12f351037f7b55c757d930ebfef83931a2af93a83,924de8693b4884eb1708ac13670b2b6dc39eacbe3011007d02d3126a04ef84ad,open_r1_code_grpo,e0d0f299b1287c0a7f227d6a1bb3a5f5,,2588,4
2589,1b7168353a5cd607e5e821330a339950341666889d02611488b668458e05cd08,496da64f75d4332b348af995d59f879b4c40629978c3fe3f7b36a4daadf6bea1,open_r1_code_grpo,fb6849eeb7e429030a4e6037bf0e1f0d,,2589,3
2590,49d2ab6990b8c4af4f3f6fb69bd1cabc85b70ef0d82264faaf20a6dd52007efd,57ff0fce09f1b25e301f1f6893a971ba98bf4498bc767ecd8dfa9aa795e3bd12,open_r1_code_grpo,97321662bea6ebacbf7937cbb8b3b48d,,2590,3
2591,565f926a10c3129aa465988dbf2c3b8309da1bb243393387e69bc33df56ec749,31229d2b5f7d30f3d732e84a8c31b35da742799ebf80e31d1aa3555651ba54af,open_r1_code_grpo,416441e455405438e4c8b531e21c39fc,,2591,3
2592,c9283a36e9848aa8d8276ab9dda2185571458998052d448b61f565bb3690b6fe,a035624c07d703d5e3a52aa66c183c5b7f67692505be2d9fee8ca2b4de458a92,open_r1_code_grpo,9ea23af21ba435cf3b780880d2f78e00,,2592,3
2593,02f40f10b043dfa2b93ca09d51803b8996b3d003243d8935c0bfe70759314ba3,433049bfbedf45f7f3e7728c24ebeea3881e9906d4da4e457d9554d6afd2830d,open_r1_code_grpo,aec2192d7222c87952b22906aad374c9,,2593,4
2594,8230122713312350f1043ad3d9167384cff80c0ba75e5e661c3b846de508cc05,f1f8e91a2f4028e27e016bb8afb142cc8204d8caa71c969ac3bf35bf448d26d0,open_r1_code_grpo,66b2c7e5fbddd597da25c6315ed3a9a5,,2594,3
2595,803f568120d3669b511450b666cdeec8d277905e9257fc3de4337461eecfa479,221a0faa04791b1c93a9a77018b5cf64f744cac05606eb81ab0850465c5fc49d,open_r1_code_grpo,856c2bab3be3969acc1bee3d4b200a6b,,2595,3
2596,958861672dc348829b035fc5e909a4889c43ae975b0b51011171fb7ee70639c3,c065290d900e01b5f86c673e7f40e756efe59c716893bb90f00153596c893fc8,open_r1_code_grpo,60617d41109307b7c47abb998ee5b891,,2596,3
2597,c407b14d3c9ab6778fdb1cda189f2d096d1ee6261fa36ce00a76d58481abe96b,f8c5f5c1af1fc7ed6ede545d43653d694abc729ebab82c81ddc3e7f795f0ed7f,open_r1_code_grpo,538d3a1e3eb7443b7e5cd1c7881bbcfb,,2597,4
2598,7625a75a933aa1dcd957bf67e302281021ae591cca932ef420ad403e9d5dd611,6222472c84a80aa2eb8ad22d4c43c157dfec3a27229984e5f7aaa6414b238471,open_r1_code_grpo,b23930e3e20b19808e18683470c31679,,2598,4
2599,270f12e1b67f15f50dec7c259f1bf8093459d2f45ccec0abea5cd5873bf89666,3756a03768a5a3960bcc8709a8434780b0ba75f2b1495bf8fe2bf99c3461d4e7,open_r1_code_grpo,91b986bcbe026e2698cdac0e30508ab1,,2599,3
2600,1cf5c096ca33f2da815f33083558999390e75309f34bc0c3347631aafc76b20b,3380e3b6effd5a6cca236dfd19f7c622caa6fc1a4ef6e3d632d8a796abe153dd,open_r1_code_grpo,9c1a80948496af7d9683ff853fa6e84c,,2600,3
2601,38aa1a4dee13dc8535e69f31f6cf04e80d3cec1831450eaf297e6a68ea960e4f,06760a4bff2c2446a00420d2be478664bd83807a43be38d7f01cbf8d2e70aa98,open_r1_code_grpo,a7738fce88d5308e1bb305ed18a5e9d7,,2601,3
2602,5c9b4b53bf8feb3d0c85db91c9d7b9fef422bb132616c6fcfc22b7b9350dcb74,052d46332b7828c1e42e10eea70d1cc32b3e854f7f5a2c92e83df460aeed4c2a,open_r1_code_grpo,1a52ad98a71f3d7c17b8212926083268,,2602,3
2603,a7f6be0587c8647c000ce42362c5c369f5ba148de66d06434fec24709f7a0ea4,8d88a3913e9c7a819349b7822cf325069be0819369ad76c7055e4ea87d614299,open_r1_code_grpo,f656d6a5f6d0aab3b1bc1fd63c99e5d1,,2603,3
2604,b9c08514e2f35bfbe4db2a00ebbe2c975af49c037c67bc3fd84d076c8103a3ed,7d58d7497822437fa4e1cfb1c1190b4787c6e3e7970b3cfb1380b6ad0672a73c,open_r1_code_grpo,04be20cb45e5abb6aea09d693166e9c4,,2604,3
2605,6b1096595331bd0e7d9fc769bfbb435cba1130a39dad713d636e27414b9f38a6,9e7c912eddd322d25a13534caedd8b18a0161e3da6c6ed04962c2b5d4bc6f4ea,open_r1_code_grpo,1a1a9604af04e4f260bb6d4397dac708,,2605,4
2606,791ad3bf57eacc5e11570d52e6063705e0f6b9dda15aebea4c54258391f56f36,97f26149c583a288a9f511bf5c3043adf5090b2911c2dae383aaf8db91411660,open_r1_code_grpo,5bb9ea527533d16f63f7e6bdfde45728,,2606,4
2607,5ffa5aa622d651c3d706764e9513b4b0afb4b5c92810fc2f0a51a3ec138d436d,ed4e66b49bdd753b1028881c5c80be7f95675577471bcd4a6b5c0d238456da00,open_r1_code_grpo,62163f9b07414d695ed02f7b67b1310f,,2607,3
2608,bfd8877043a02e68039591d2adf728898bdd29de56107dc21c26a36d4335d8f4,415c2e9cdccf7bcfd5f3b0725016031bcc070de07918df18fab2d355efaa0add,open_r1_code_grpo,ea10b085a5bb04a87bafb44df5dbdb5d,,2608,3
2609,e41f05d87e1587710c591480cc92a5b66a3c28fb98f916f576f483d4960d9768,b078f00a7edf0c9c5e852f8ea5138f6ba55fbf73b239472973e11f522898da20,open_r1_code_grpo,900a83b4683a6cc9658c3a7f8690ef61,,2609,3
2610,6306c85adc879b6e20c06a49f725c2248b80f49cba77264d84a07bfa463a7ea1,751fd6ef5ac2ab8e83a70031ef3922292b97e67ba6515e5788dff6ec85f80a4e,open_r1_code_grpo,c7793591e097753807bafdd2361b750b,,2610,3
2611,927bbddd13e9788b3640389d8b2d694e6f0d1946dce2f46cd39b9ec8d8390183,3b1f7962f032d2ecdf17be891eed2e48a3710b268dbd26e339d1c8ea80217253,open_r1_code_grpo,6ef6b348f63c440c93e2e8fc6a912c3e,,2611,4
2612,43b102d38ec106be0f756245eb9c1c796807d7ea07de4f5a30474448af811d6e,20e2f9c9b609788281531d0057e48559bdb3d7a1e9d5dbf910e31e9981ac8c18,open_r1_code_grpo,243124efe623fbc35207a001cda227b4,,2612,4
2613,b05540ecd1147ba8720b1b91f85d33e70f1bdd6cc9d69783796ce179c32c1841,d44dc751349498ca705313b3eaeda527d13348b0acb2bad5fbbf9f3f9c448481,open_r1_code_grpo,ae766742b3ea8e83f21b8ad97b88de0b,,2613,3
2614,f84ce2642f922b7e5183f593c0f01554e82dd42df93ab7919bc5b5a5a4ff2a00,610dba9bb0a5a380477b61ce9c07b2924b99f7fac0fa62a143bcc5a3b5e7050c,open_r1_code_grpo,65ab92aa1ffebcd95865d6031b395abd,,2614,3
2615,1a53d17fa008757ed48574af565f0937ae65cc7fe5f9bc5c0cfa79e240c38fe3,abe329d03fa5d45626ace8949d10ee5850e4c28eb7996dd36f529021368ec4d5,open_r1_code_grpo,a69506f3293795eff75516c52c92c183,,2615,3
2616,324cf0787672d013e7308b139202fbac7f20817e9a2e72e2291cdb5c8ebd5583,e3a6962e7d3f84593f3f5befae138e239676b86f922d411d3753e4c9411dc89c,open_r1_code_grpo,53fe02e82a0ca14c429607af189561b9,,2616,3
2617,0ce497e17ecc35086454f8e8a6e78067c6e3b36c496bb2740b12b5f441df5b1f,da1a8f90fc474d87d4515e3588e708fba4884c488d4c5f4a41612d0444ba84ab,open_r1_code_grpo,a4acfa4f9ac6939f5f8c350c1761f29f,,2617,3
2618,39939a4ad29d4db5f6cd9346ec8ae18972ff4fe56c5803c2958dab540796409c,12b3a39f61f4d8b528d3643dcf5c31518e144f445adc62a440f08f78f1ab09dc,open_r1_code_grpo,f62377bd2c25e48b4bc9d307e57fd8b5,,2618,4
2619,026ff29a3e64518f80b3a908e2a1933dc9ea124b045939322bdd929d5ccf4953,820de8e352837daa2eb63060ee8f04c02c82f01365ebc70255fba3f8a0b145ec,open_r1_code_grpo,a2ad658a5860be368310117bfb0d2bcd,,2619,3
2620,6ad86a8b8211825d2dede53b7b26c3162d9b78f6e0a9f311648d768df3176eff,5a523455190e9f674af347e57f256d90d681f0fc147b57d2bc61cf30d7660fa5,open_r1_code_grpo,b86d908438047baf49ead08d875504b5,,2620,3
2621,fcd6e54f70d55ea7327f78e3c85daef6b1019c445aff21d5e1b0a0d96c670cf8,453b3c5f229e8da63bfd136e08fb96b55d984c232a4be71a561890a600adb64f,open_r1_code_grpo,3f8e6eb685c542d14414775bdbef4df1,,2621,3
2622,fbc2a85392613687abb9c76a3aa854fdbd38ba0abf718b180636cca01d157cc9,8138805a935c272de77cd0379fe7180da775e52cac3179e7a477f278b994ac36,open_r1_code_grpo,d76a600ba72fa43b5c814162cbefd2ae,,2622,4
2623,0975778eca1f946063c1c8889c074d96b7f9f2460cbab69e5eeff2e999ff71e9,8f7681d3a915da0119b299d45bdfecd4b3e40906db0f4da9a959110b6dbbd152,open_r1_code_grpo,f401a569ac74fce5b1b0735863e764b8,,2623,3
2624,42ee37d4670eb0d3af58dbc92ad0f1f45b9bab23ff77f5753c0b4a6b803a5e46,ba53fb93be6af47173571d014130caa3ffd4185f84c966189d2bbb7735832059,open_r1_code_grpo,f42ad9b4af1c2c111680d49c9326d7d4,,2624,4
2625,e3ef872b23d301781d01270a1e630568c380c9bdd1e2ccc467f82cbd1fc2085e,dd06283a2b5928f6b89d64b6680867a2ea24340a4b6e06bcf26e530592876a29,open_r1_code_grpo,dcaa4bd3e0493c66996a441eee1991ee,,2625,3
2626,5ef40a61033ccbb11489927e83d1f8af470e38587c7fa3a75a8605bf56292f01,743bdde852d146dfab62b9b144f34a15ae0c393ed1d49d5670aba069bb831ad5,open_r1_code_grpo,7cff6972e77051e513b02eaa8875528b,,2626,4
2627,6a88d1a6c7cba11926dcee6f6f78f5d2e6abb8a2cc485d9efa8ec0c2b6c36333,a1331e0a9a62c574e532638c52ab727541f93fb3c622a3fd928c87d828433d5b,open_r1_code_grpo,d6dc8398adaef961fb7bb5906a3d7abd,,2627,4
2628,9462445acbb5d2a364bcf3d738e8f91533127475d6ed805bb000e66d8798c7d6,45b22813cc946d96fa563c477f3610acea2d14f58088f257b48b74a40ba5bcce,open_r1_code_grpo,07fc5cd3689852ff94cb3ae62b5cb5c7,,2628,3
2629,47511fceb6cdb8f2092fc44212e900e93971600585a73d73b391254447c5cdb5,1161162159187c7ebab646dfc2dd0c2139a974bb66abb4351718e541bf7cb9ca,open_r1_code_grpo,14fc7823c712a6a7678691069b63be93,,2629,3
2630,a680b63a9488d584401e2b848b0ee2958325d658c281854e81d3b6b327c6bbc1,8a1c6c559c4ce30c723324cc76ad50e86c4af48fbb27136acec6b92ae98797da,open_r1_code_grpo,c835a0b5c196164da5905ed540712450,,2630,4
2631,0c3fc82bba0034456dc7c23bd6273e5d5aba02e35b577618741e40272f99995b,8bb974ed29ef429c0e020f1ebce72ad022a18377fa4ca73eb6e32b0039750fef,open_r1_code_grpo,d058a2a2458b51e979245a550fbc08dd,,2631,3
2632,04053e40e342d396fff18cdf88050c64b9b5a4087c25a010212c74a875b10ef8,df5269e6659cfcd62377725edbf52ab40622c2f9aa755d852e09e8f4e9b2e477,open_r1_code_grpo,c90566476d568b15cd1c2381652a5218,,2632,4
2633,fdf092fd6ef3b757b9dd993019b21b18c2d3baba2a3be190cc79d54eefd17484,6109bed5509996ce97071b1e6efef94717535bbc0399bd8c02ffe8ed936002f0,open_r1_code_grpo,9ffb57f68a7010dfdd6775cbc93d095b,,2633,3
2634,7f924c7c7c6ce2d5c2341801225ae4916f1dc8f886a7ad6ff0605d14cf63697e,fce98d2c3c626b6592fb6b20cdce6b5b14ee12f019f5a1771b33c9e12ab6a9e7,open_r1_code_grpo,91caee7d0c4c7b35f0acd81fba925902,,2634,3
2635,0c770b6599e11cb3550e0465a85eb1b74edf7d9c1b2a6151c0766ba9ec7211cb,f8e2387e65754186e3b61409c9fb19eccd3d6cca8edea63b5e96fad090ca2ce6,open_r1_code_grpo,753bd966c6f3e35b3d2e6deab173eed0,,2635,3
2636,1d68971f2a15c7e1ed071dd1034dbf1ddcc56d45625d17b0a2b4862401703d3a,0798082ae03cc2a26563a5cdf262a7d4e85b764621835e11b06d054e935ba086,open_r1_code_grpo,ac68b120b3e8c3319e8d63a824d9aaee,,2636,3
2637,a3525fbabd68c9681d248ba98b6b7a2eb642a7b33c8813ed361ee16088ab6dd4,f35d4b257bb7a96347f45e77445022738f14a0990c4ec69d877060db09b70014,open_r1_code_grpo,a8bf072255a0a1a480d9aecc7fde2752,,2637,4
2638,a4af3113182f430bf4b1bb5f5f344b63708e19c6ef0d831aa1179db30f166344,774ee07b435f694b373526030d60eb9aa5e320419fde8c43b228e6c1e71deebc,open_r1_code_grpo,32135808ee089593539a1998843d2e97,,2638,4
2639,dcd09d91833bed4f3c59329b17af2a448a69be907bd322290b0062be1d618d02,690b7cd1e9b1ecdd286da7311fcb6ecdf5215d60196fa7496cc41f1142ee0a9a,open_r1_code_grpo,614e4af84e2db0b9a50047d4bfc6e5c3,,2639,4
2640,bfb1a6be18332abb49fb1684f1e06688eae222542db39782335f1c541a478d6f,b7356e2cd71ffca98f00333ffbfa3b120ef63da6293c85e2ae077f7d48fd3f9e,open_r1_code_grpo,db5a0f538e0bb997035f6fa5967cee84,,2640,4
2641,48a3d2fe0d94fd64444eaf218e74c158f6231a13925a4707d6355a90ac53eed7,12df36ad483e4bf21d26b0e1828c325dbabb605c42ac5f65665c1665d701c4c4,open_r1_code_grpo,89976be1f015ff96d65b6f821cdf4eee,,2641,4
2642,8eb040326ac235407546f6ae710f223b8643525583ef1f5d22b022684d2d35d4,8ec6cb71d638a8226b5abed90aa3eb66b117cde265a0a66bb563936a1ed3ca51,open_r1_code_grpo,81438ce70ecd048db8bede648a447696,,2642,4
2643,eed6c5d85daaa5285be3e1ed007293558e577d959c79700ca812429749c9f63f,227f08ab27d39dae2f5587bd1fcf88fa1074c9167b086bb3e2ef79351e2e0b73,open_r1_code_grpo,50cc811315052255bbbefbce92bfa5e9,,2643,4
2644,7fad6560dbcface820303c51e5ce8e88d645151282f9446ded566f6ed373fd76,e49bfae86ae50903c6e97ddb9754cb4b8ce15bf62ad91d2720e654bff8ebc586,open_r1_code_grpo,c745c780f02f9f0feb0d160a85c9bac3,,2644,3
2645,507826f1a83e37b1d71e2a6a1c07501f4c8caacfda1b787bd05bb4265e144321,bdf3d1da56d2738954347e242bc8e6fd3cdb871c7acb6e3b3deb9121c63d71dd,open_r1_code_grpo,8a18c820a28c9be26f07e9b1a99e5c23,,2645,3
2646,da7a8e6d5e3fc292c45cfa07a0b9b26c8f9c0e16bb16b18ac198271dcae69cd5,d111d989eaa460be7d1e48113ac35e49c5cd912a5e5e3efbbd95fc87cddba82e,open_r1_code_grpo,4a424461487d4e45a8de1fb5af832f6e,,2646,3
2647,68f18b7adb5b7ed371e1c0a360fb43c5e44f3212a392285a68462cce773d6101,007eb93a84b2026f500c4261737a92a48bc8829a1265458abb71c9c418360c6f,open_r1_code_grpo,8c441c97b28044eb8698cbe1d5e36772,,2647,3
2648,2dca08d4a8ae972dd6bfa630f0f6e952a379d052d99eded1578f6ba63e678736,e338a594f8192b5c59affc794780ace242c3c5c770df056868b54f1b37ef639a,open_r1_code_grpo,154115fbe978156fd87673793a691d28,,2648,3
2649,37981e4a45eb4b958b38ff40d5e93148c89d71148d06fa344d3ddeefc8a94aea,6d19c0de39616a3e21cbdf9801e5045f38fe36aa52300f4f22be66fc8103a6a6,open_r1_code_grpo,9254462cb7ab8267179d24263bab8b73,,2649,3
2650,7cac6532268a82628d0ff1076f78cce7cf1b56a3551316da8a8234995e04dad9,2652a187ae40d985aebbbbe4f80098fa0ae1af5ec81dd3f591ffeec9c3cf387c,open_r1_code_grpo,59f4692d05da11db4531c58ea671a023,,2650,3
2651,fc0d2bfc18770bad6ec13e5e4fbca8f3992f50a16afa74ba274f30d3ca988bdd,4b7305370e472dae20981c952e07a0dce26b7bbcef50058cf723d718c8719389,open_r1_code_grpo,65a877eb3259c97cacdaa80f3ee4f053,,2651,3
2652,8758f323a267d49e764ed5ff96ff4edd706c0fbe4291958b3f440b3187a17c3e,d4eb9e8fea0a04337792a7d53739396354e34260402cff37de51957dfa45bdbb,open_r1_code_grpo,1688a598d91f0ed02302d939fd38e2f9,,2652,3
2653,4834b5c6e6e6173022b085d87c45c8bc87e24735fa9fca15ca0882b70eb85d20,36247ac0a2d2158ab60fd5d40b0951c73e435cad9dd022376e49ae9f070d3bb5,open_r1_code_grpo,dd1886af99e6b161d017b4fdc183d56d,,2653,3
2654,10cfdf87ac7bc071f8805e22033e239538c529dddc08acc5518274134a8a62bd,588bd203c3dda20fd197806d963f93aaae657dff42d40c18ceb3f1bb5a11e049,open_r1_code_grpo,d6491f668113bafce4940b302cbab265,,2654,3
2655,fed51f3777b329d25aea903de98c379f71e6a0dbbdb8da1bdbf1ce3bd908d18b,f8b609b75ed56b3ed782b42c4eb420c4b4aec7b59fca1c755a2e3aa4cac51bac,open_r1_code_grpo,2df4db576bcd789d2d1377427ce5de02,,2655,4
2656,22143afdd079bbff8bfe6a9e8d81511bfe50b4ce65d3147d04ace302d53ae1ed,517f8c3ddd9d8da5b8423960f7601af78ddf63e1cd61de2a23272cd2d0e45d60,open_r1_code_grpo,35cde59e186b18a4891100e36477d8f7,,2656,3
2657,f4adc411234aad49a26582185e26cc86c34b0cf0b367698c3dbf3a71ae563565,f1cf9d94e9e0fa95688e140df732e2791209e9976427984c4eef8e49a431adfa,open_r1_code_grpo,fc47cbee5463f87aeb75b714045f4b4a,,2657,3
2658,fb0fe4f31cb392ee32fd95b4fad347986b97ec4e691e9d186719be4bbef2aef8,f44d7473c887f486b8edbee7f200db1d44dafb9bd81f4f138d5a0120f67ac1ff,open_r1_code_grpo,0a80ba5ac015521ae64c0327343d721a,,2658,3
2659,b00e02ad28c31306610070c6a89d87eb5bcb086708b6b519f7b642e9aad75f16,4454366de7594585686e35cf42e146f622f42b09cdf13ce7047ee9b554a54ec2,open_r1_code_grpo,51ddf8a4499f98a17efeffdb9d2cc42a,,2659,3
2660,8a154210fda6ccab04af50ad98bd58fadc3a84b9ab22980aa905d2f04ea0ab02,dfc56dbc0d40b5038dc621a852f401bfcaeef60613b666e8bd22604f9760d597,open_r1_code_grpo,19dd2b8714b23d34e45e04f6f6c45616,,2660,4
2661,5cd72e4cd31686460bda368489586cadb00db3919b99502137a7329a0dd7367f,b26b2c16094a07f19484ca9ce11735d76b434a150919d9c6e3a2dda2f95f2c54,open_r1_code_grpo,c84b24d632f379f2e68b0d29cdadf239,,2661,3
2662,301bde1f2fbbe688e03155cc1796135230bebdb2684d133ce811fc67ecbbb944,76e0ab067d4677887b9885c2977430b364d2ab46a5f36be579e969896e6fdeda,open_r1_code_grpo,8f69c01602968c03ecc3dbbe2c3dd261,,2662,3
2663,0bee0281da154582af682ab3d97bf6f992cb07088839348522de1835dd10ac3f,f72cd4d4f9d5f91321686d6679bddee91d53a05d358d61dddc99413ad28e8354,open_r1_code_grpo,7410d8b58336bae1b18926e33a8bddb1,,2663,3
2664,3ffba36a7cb3919f57e326934f5c5a3b65adc28e9f01baf1057dea8e939eaa6b,a879529bb1942fd1b829dc799085104707c13c0e9f03f8c78290d38ae8753b92,open_r1_code_grpo,4382792962c970aca633e8f5d68bb495,,2664,3
2665,6ea7620609029be58404ea573e5a3092283b53c4fdea9bbe4d8c943a98d8f3a8,1bc79307c9f296a160d176a9bcf8c77354711599b53cd071203838b5971ed8dd,open_r1_code_grpo,47fb711be6671d526b7adf65e2f7e9f7,,2665,4
2666,81661eef13709574ce7108a3158b0051493545f272dfc50287255365bb4a6eb9,c661cbe3ef98f981734b5f5fd233289f73eb0aa1c7829df51b37faa5cb0d662b,open_r1_code_grpo,efa7af52e1cde2ecd624dad20bb21a4d,,2666,3
2667,c0b5c1cf4c310d93ca20af188119a04d3fee13889817d3fbfb059c8a4767360c,21ac459c307ed74bae311673c40e94ca03a0ed8ab2e66a6f77ac1a89571a13fe,open_r1_code_grpo,0de086310f86e0ac990c6750c256b27a,,2667,3
2668,d35164e9207bef33f64a4ecc07be8361b578f19581e52aad77738aade59774fb,b2354f548a73fc41e38e4094fe94cfbf108145b26b6d32224098380764f1bbc6,open_r1_code_grpo,8cd1d7cfa54e5bd15bfbe2add4859520,,2668,3
2669,3694ea3b0ad135a0f53078c70c855b9923128baeebc9d36e81c89090fcb8f1ff,808f97109b6381933407290d0a2a60e2a7276259711059601115954ccfcae67b,open_r1_code_grpo,9781d6c7d5407afbcdf194c13c120ab2,,2669,3
2670,d9e72472733b38e0229807d19391586f0e2fb1c48f1daba5ed562cd6a68dc508,83af705fb9430d81e7a5b24a4f6b77e6f116f30c90ebfe6b10db1c4bf1f5cb81,open_r1_code_grpo,b993da0b505ba2ee3d6dd983e81e9818,,2670,3
2671,079dfcc1935fcd725888d213fb991c274aae2c64880812e0e3ca50cd00e68a58,d6774b6c129d295338463d1b3ad16d5f8defcd170033dcf8c875d5717f173d9a,open_r1_code_grpo,c2e4d19a04a433d396d0cf7fab14403d,,2671,3
2672,61fff147c91add6fb1a2794733273bb05a36164ea162fa4428d76b2ac577ae73,9b2177bcc3eafcfc95c707b89e7302f2eb1d94a33b60f1ea320fbabbb51afd96,open_r1_code_grpo,b50c8fe8c8175f9ada9f0e4ef87eb9e4,,2672,3
2673,e5b0a2cf4ae5344c3739edd2df81e8e06e3f8cdaf91accdafa38883bbea5ad6b,a2155fabd2775674094a81a97d23cc13903838c3d20ddaa4c52507b66e5e5011,open_r1_code_grpo,4c4602650dab548c708abd8290cc0be3,,2673,3
2674,91da55c65f3cee1d7c5d7fb4212294abd6901456a9fe27f6f74c14f3b894e3e2,95a405c5a54e04c3e633b96f9c3d8a931f144184f16d5c32da9b1f746e023f27,open_r1_code_grpo,00454b1710d442f643eb2fdcb5a2bc43,,2674,4
2675,21c426a025acdf3ebf5762d5e928a3cdad772e88b7a72b6803783b984ea2592e,6258425f850631add7adc649c513ae4162cbb5ac35795ba46051f2b1a6729642,open_r1_code_grpo,2d5af06493efd77eda4b746ab7c6d236,,2675,4
2676,62478f8c2297f975ab15fd294f84e88d3a1b85d1b4719b0c155a73b24b8a1263,395fcd7ae8f1a42861439e4a107d3b50ef23c98d06adfe0215a6a0e10b4ede44,open_r1_code_grpo,e66c155a4cfc27311c9f76dde13336f2,,2676,3
2677,683c4f25e46d10da251ccb14789df5d6ae69dd568331ef602c1e7c822764e808,bac116b14e364c38c94b991870f4420d412703d54904ac8472a94987eb9bb581,open_r1_code_grpo,6b8f7100d35f42de10e8cbf6e2e8cf36,,2677,3
2678,847584c93d3de819cf7260e192b2978fbfb2c76874e7397b9d0e1be9ae98367c,e2faae6ceb788be5c37af026bb433bbd639e50f261387dc8105f92efb93835c1,open_r1_code_grpo,62b4264413a85f6520fdf6f0c00b70e9,,2678,3
2679,633b60b8fd4b57a564db29d2806c6c458368c8791073c72c0e739524895171ed,40aa4fcb1a8064f8daa483672bfa62db351b13f1d38d0f8279d5014a8cdd66da,open_r1_code_grpo,2ef3fbbc50de81152373740cbfc3153a,,2679,3
2680,ebebb42606727054b8e48015c2fd3df086da0222b4b3474d8405f0d7bb2e9b8b,05fb4452c6a83501c6a3f43db71c15148244799977c1706b61e51cd9c77aa9a7,open_r1_code_grpo,ba5c212bd13d6761e0976837e5ea3e5a,,2680,3
2681,ad31818fd3b5f4a35905771ffa70be2217c152bcabb25f04536cb349b5512365,0d44cd64976120ab8a2518243ff2bef2aef91c48958044948420a6ec6e59a4e4,open_r1_code_grpo,c32488c4d36a4ffe36d1509796137030,,2681,3
2682,f4f7dc2f0ad04ab57f3440ab15cf78a0c907701b71f3b25a8ca0c1ce62233917,a9ccb7457fb6ce9412f704ab0785b2da65ccfb34614cee5f7e26858f9219fae4,open_r1_code_grpo,21ed1c58e4afbf551f57fe79a700052e,,2682,3
2683,14b2c253b8f144f5432107fe0fc5230490aa07cb321c1934aee8ad8307b19926,d74d72b376abd372038f3168f556c8160d022e514e51328541f2da0169cc8512,open_r1_code_grpo,01a7f839958ea05229dda54cdc24f4d7,,2683,4
2684,08d0ff5edb01037744e9c1eb201ff004dd9e58f89cb1acd5a28d75688ba37866,8a8022177e198610c545211f3d3026c4459a1fca98bfb2b2992ced03ae8a02b7,open_r1_code_grpo,e8bd6a6fedd3a608c5032859165b4bb6,,2684,3
2685,0ee110dce0ba12981d2cbc732597ad980ceb1ca9a5ee45c62153e1bca80d4c6d,11188b54f473598a88ed35211258a7664a1d371821c59b07e1100dab5a2f9938,open_r1_code_grpo,7564221c0ef4afc86ee3b74f600f9c57,,2685,4
2686,c27f1d69c9be349bef898b5f9c95de5d28b51561b94fc5e881c0b716f74a5554,61170201c848aafcec1eccc5f5738ed1e0b07d089d03c79290f8a20b64d4f787,open_r1_code_grpo,28311494b3abf8d048a9fccb407337b3,,2686,3
2687,42f9de9f0c472ca2f76ffa6ffe4198bbc0b4c84e34e0d4465340654d01785f0a,25432891c4ca6fc1d2cc2df8fc15263cabb0256e70626ea23923b3b7c4e505df,open_r1_code_grpo,6eb2a34b0d72da21239028b7bc4e7b03,,2687,3
2688,6812ee276055d52c68cf3a711412136546999b77236bc7455c519391ff1bda12,0a5202b58a4fdab461ccd0b4afcc4dcba19aeb5c58c4812bc465780da77c89e3,open_r1_code_grpo,fc551b87661b3b9d58acc706027c2c99,,2688,3
2689,47e25a14a8591f52bcb8fd6892248a5c90ccdfc256a047ef9da7a3e6305402f1,39b4f2dfd24073b8ea8f15346e3d2b8cfb7efc7a62adeb6164d862be2d4f14f9,open_r1_code_grpo,812d2add2f3a51ab5404fc37e9e92c08,,2689,3
2690,e3f164dde871d29aedd2de1e794777599150a14a3056cb8dfa694ba4de88ef37,19cfc0f6c78ec9155f7ca884de8783610e7668d9717b0a1f68dcf5a9abbc3f4b,open_r1_code_grpo,53e6369c2c35c8ff68915aea9725ee18,,2690,4
2691,8d14ec70ef3268d7cb36c09cdbfb1bb71a82bcc2864ac57b448221493615990e,99792e9331f20d8e7347be722937bae07ca66b97fcddf063afd12335903e8a1b,open_r1_code_grpo,fa366d835d9b5231ab320998bc371da5,,2691,3
2692,10e78d9810a7e49968221d49e0cad1df9d2c8b9ef8a441fc957fdb671d8e21fc,5da8efba971a9b714a29d0fc5d6d69488e6197503d3d25569e8e3c98f5352068,open_r1_code_grpo,2b22f569d90e00c62c8498c71397937d,,2692,3
2693,6965419e0fca702b1190ca5ba476a09ca6e214fdf26d83d2615340e32b80c6c6,29d01e45dd757aa9d4947ebc5514a17ba4bc6e52b5cbb59ebd46b5f3dd8b2cdb,open_r1_code_grpo,f790a558a6357163bc66a1dd7d88c256,,2693,3
2694,df020eb178248f2c28be044d8e0b8574cb0a87c14bd36ea2c1f51443da3f7a75,7ef6fbd7cf784ba33e1082674883fe61a0096237257a74bd83fec3a879ce05b7,open_r1_code_grpo,0d5f47e41c264084284b1e25d52d2a3f,,2694,3
2695,5488517b0a8abe571b4ab2d95eaac7ea2b9cf958b3473ce5f3dab7ed49870293,bc978f7c8eb534a6b3f2f2cda9ace2e0e3c73b96049f356acdf17b22d83750a1,open_r1_code_grpo,131babe8009b273894886ebfce8019c3,,2695,4
2696,27217e932657be949c07cfe8fc19c485d09abea33cbd05c921699e75ddf3403a,08956cc805968afd501354d793cf7a455d16b90ae28b8d49f20c0ba773c4e197,open_r1_code_grpo,c2814f6cd023dadc32e08ce1b0f79cf8,,2696,4
2697,e16ee2c70770191038a6a2c77168333f21c7f23295f7cc0c81286f37691ddeb9,8732fd1ecbb5b6c23a5c8429d6fe0049d0a4623baf989c4e31c9ba124c4ae968,open_r1_code_grpo,6c4b8e1a800c8d90fe6457d35808f4b8,,2697,4
2698,f3e5947de6bbbe3411df654dbad2283b1c9e8eb44410ff2aae77bd5dd6ea6611,74e781110212fa419248e57485eb023d6179a1f965a00e3bf9a5a14d85fc8775,open_r1_code_grpo,c34b054d0584a1ade5be9ad813c06c2d,,2698,4
2699,d76a163220347a5edc9299f83d01092ab24b3463c3fc73acb21532ca1f2e6221,3d0e4e1b2cd70674c0abeb1d5cb14bd1813230e86fee73d97da71ce727a4f793,open_r1_code_grpo,b6b5d51e7f49d2ca8dffc627cb0b7082,,2699,3
2700,446e582a42f9693fed38a64c9134ee47508142b5bc7b7b7674291563cb6744cd,850f6ded3a62901decfc0d922ab69fbe5c8fbb8e6f388727be66d1dd12792e8c,open_r1_code_grpo,b1c6ae905d65dea194de09622396bde7,,2700,3
2701,70a55d4d03dc9930816d4ff6fbe3daeae1dfe4453acff97d211810c5fb37f954,094eb08a1d2c09e8bf2d8fd307fdecc526d24e506bd0a5a421b5ee9d9b17d34d,open_r1_code_grpo,7f080c958cce1876d946e425efa34466,,2701,3
2702,49e04c39a84b09123734c23fb38a1eccf3fb416dacbca1b97e95451db2b7602b,9afc9de1920ffb4534e542d6baa074f00a582e250321915901f394fa012dc44b,open_r1_code_grpo,4bcf584ab99df715b9a6357e42ba28b1,,2702,3
2703,872562801296dc54958d9220da2bee41b646671fb202d3298b611b120b777b25,b8927a790f3f2f88c057bf078e91d353066cf1c7a703acfa4849efe1ea85238e,open_r1_code_grpo,c83f2dde691b9e3de6a2ce4a30cd03ec,,2703,3
2704,983eb52b47dfafb5702284e98e23cff1ba0bdcb169db64ae1363e7c5d62c09f3,08303b691cd74c5a9864686158dd37d20df1683497bff6aed72793f8931a2137,open_r1_code_grpo,dc6aa4fbe80414272e5de2c94d8b1994,,2704,3
2705,c8cd00f2cd877ee61742d4a6173a698a52c36e6031a4fb7b4d717f2165a5887f,ebfcde356268f4a2690004f56f8b9001a39e6ba30dc336300952267c1e46c770,open_r1_code_grpo,24289e923f137cec98252d86aaf1d9bd,,2705,4
2706,eaf8a419bab91ca2ee489fb17782658b47b393931b00220b7d6e5cc3afb31899,850c6ef6f856fcb8557d1fb6661fe7802c413b5079c0cc814d7180a879f8c4fd,open_r1_code_grpo,764b7d2d53d3552b6ab690a0e7ec0e28,,2706,3
2707,1c7887faa205e44d0ceba192854e8b13e378cf47f295eeafe119048dd73a88c5,50fd72c7e8bce34dc2d22c78e661804b9825af568abb86b4b8ece91eec7bac4f,open_r1_code_grpo,81e1aee07591d810938187ba18fd1cc2,,2707,3
2708,0107b669e0ca13d1d4fdbcd2e0fa1fae0ef5f8b00b06797c2d50886055cb4b8d,65d75aa76dfc5d9a2dac5be165a3de4ee369b0ea93c958695f442be0ba86b28f,open_r1_code_grpo,3bd579a79506c6628c11d703773a8231,,2708,4
2709,13762d0ab4cbe3329893db6c67f7b99429ca7bfefea65bf15b8028fa1beb141e,ba0ab4451bfb95bb41d6884b5b5a32c2913bd40a15dd57c9bb477cda003eabfb,open_r1_code_grpo,8f540e867b0a28efcf82c20e21aed35b,,2709,4
2710,07a0647b25c31656f2f9919737049c2bf4f192df53ca29721f203dc1484eb5a0,75431083c4e1df9d84f792e9de857746791d17847b66c6525f9db730da5dd479,open_r1_code_grpo,857518b305e76ee34a80023d841c895e,,2710,4
2711,673292259ce80866a10634b61ce864ab5c31f35f0c7a170ecf76febbc4938baa,8a543c43c892e95de498861a58fc240548aa4d4962e3433d5116266714ce5c4a,open_r1_code_grpo,53558ddd73f1db7da94d58fe14a2c49c,,2711,3
2712,f26560bf1e91bca91b9e4e483fa9a21417369b5a3114cf7a27a8674a5ca867a8,fdc8b91706a61762d2a57596092876f47e0a2cfe763ad55e41028d668dc174c6,open_r1_code_grpo,565b3bdb240e8f50d94d34be6d43bb5c,,2712,3
2713,dc347740873823443598dc327079b5d68c8b693fc384337d13b207e5306ba188,f0d76d45d7d4ebdefe4e6749ef33eef8bc30bcbc4c9fdf19a533178882588506,open_r1_code_grpo,3f724c3010b7b0c4157209458ae6997d,,2713,3
2714,ce86bc70e6a8e3eadcc89a84cf5bf8985fc02466612161b91e6b2313b143a540,bf1d888fee1392fc39e9b10d3e28e080d40fc2fc963f4d2bcdd39f3fc44f11d4,open_r1_code_grpo,8675e3ca09df14c71f102583d50a36dd,,2714,3
2715,63ad70d4d57f04eb48b526728c570ea6b0b48571dbb462e9719ececade596088,9a85e4cac93d1d33c62e818f704c6a43e6f1d347019b2a33851423be9572defd,open_r1_code_grpo,d3385bcd2196ab6819c0640d8d21f5c2,,2715,4
2716,ab5f21d780f7a3a9f818539da946b2692facaefa9fb8d5359f773d7db90c0210,043d61b5c33e198785d5cfa28c4da0f4dbdfffe0c113c67db38fece761e79bda,open_r1_code_grpo,d588a5cf6502c7ee9e73575d7548ea05,,2716,3
2717,6d2cb433169ced7e65b278b1df3d8d9a455697a38427c738b89350fbdd7e2bd9,4b4ba7f501e93d3817e18017bfc45f6c30e66ad3d2ec386a2c55b119e36503de,open_r1_code_grpo,10ad989f35c2fd40661f4c128951b57e,,2717,3
2718,aa809251b8c1b4d56cd94ec76cb790587d686550a78b6bc718d0d38f671ac382,e34cfb0cc7d74550c460e6237973c7560d513745eca5d86676d2df2e9858a4a9,open_r1_code_grpo,6eb28aa6e200e48d31f36cd01f3202f7,,2718,3
2719,21af9eb7924d6436c4e2d96ee3a54659fe13b539760bbb562cd720d9bfb446c4,3b4b8b8f2815db5d62723c7ebf3d07d0b0e1d7a0832c01319ff2334b823a0570,open_r1_code_grpo,98c7d7cd8fd58a0bcd6057ef33496e0c,,2719,4
2720,f9968036147913b2113fb2ac8ae0c2445929beeb59cbace4119b4e1fb8e29e9b,bd19089d9b1503d1a5bbb66715507fc9afe83dcdecabf31fa12919fc0fa66ad4,open_r1_code_grpo,dbdfc04289a8e8c8fe559a3bb5f51d24,,2720,3
2721,f4c323131bb828018e3005f3676fb8302c9f478bb76b4bb2837b39e7535b3b28,cd99fb6a40220776aad8882797ddbc67eb97271da18304f0da0c8c9ee9d71250,open_r1_code_grpo,b83a731ae4f2823f8aa387498c9805f4,,2721,3
2722,e1f92343999c9a933366e9822fe4064f5cfaa9f537e8550f0180e360ed656b83,849aaa18ffd99f94743a3b42a818fe346c4cb09084ba000910c95198ad1c40a6,open_r1_code_grpo,37f1fb356b9e733f285a5c619e678f6a,,2722,3
2723,275c5e3c0f5a71f7f561554f0c66c61c207a7b95f04e79bacdbb6477b1e999a9,bdc34fc816d66a88ff617ad9665c8a5cc659e75b9d70580f0f2a7522b8295db9,open_r1_code_grpo,585133e15acda7b0197f1b57bbf25126,,2723,3
2724,388ae837fde8bbb793f0a3270103339277cbaf390062295e997b6b642649ce88,b9269daf0a50d18d77faf9b315f2a7eeb765fe529c491669d95e8661105f3875,open_r1_code_grpo,c9af14d05cde62d83f1555284ed5134a,,2724,3
2725,5a02911a5918d21442a39b416fc2dde9311dc53a1cd897e66b1eadc2ffc12430,188702c04924319e67cdba2740c7d202b18e075b07846d570178c6d9c4620165,open_r1_code_grpo,faa67ff04aa25af9f9199665f0a4cd48,,2725,4
2726,bda624de1c699e1b630b35587498f80f64cb0bf26fd77c5e597608779b4d75f0,922d04b8c936738f2924311443452eea21bbd54800afd33ed1db823ef9cbbdd5,open_r1_code_grpo,05d944c7f43f8ee4d2251132fe257387,,2726,4
2727,30f58ed9257c8b4eaa02bb210be9f306d32f748093e5a22462aa6c4b7c18327f,d842eb1d56ec10bcd09774a714428f77ed6c2bbf835f598b239bc1b443d22c62,open_r1_code_grpo,351319dbbda682bbc4c10d2e10623876,,2727,3
2728,37815a5bdb0fda2c6eb49edc2ed1afe469a2fea3f4838e0b260ec5483d5588df,987e412d0b27edb50b3a367fcf2798dcff6fdc0e9ea9dd4b8747e32589918666,open_r1_code_grpo,e0906b28e3a45a53e30c66ab8ef90983,,2728,3
2729,8884b25a631970eff450c7563d21f8275465f1f12a24c50256180b87c8a09a7c,1af990cf44c3b8e189b291f4f6ba38d7c882f98c6ff49ce5aafca2d7eefcabba,open_r1_code_grpo,34aa6fdf422a4a771196bfb6dc51bb96,,2729,3
2730,a181b9f78b71faceb7898d69511c6b84a5c601f3714a354df15980863282be3d,3ce92efb8715b828aa3b49fc35e2e8082b77a10af14f6845b27fa7602c9dd43b,open_r1_code_grpo,18e6fd6bde6fe3e66324141668a04251,,2730,4
2731,f537511b952fb472ecfaf3fd75d17ad628ea2323246727490b138a2aa43354c6,39384f0c27ea1833a36ed3e4105eebb01bea271f608ba057032f2d393d7e15e2,open_r1_code_grpo,fea5b0e51adb26b8cbbcb60e9da89e76,,2731,3
2732,32baa8aec12fcef1813a7a867ef103b364473980642b013be4cb11a8bf3f2b6f,55ffd7febfe4cb86391072bdd7e12f7c69866a5e7b2bb8e2df9a9407e42bc97d,open_r1_code_grpo,97f7562f43bd77d8bcf2af1396702cee,,2732,3
2733,b251f4b0bbccfa10df430b58ac53189e099ce964304d1e574486a06e9a1b46c2,6e7360c9e6582d6beba90af836efe503d025f08d30243c1ccbf442adf14406d3,open_r1_code_grpo,abd80146e0d76a87fc2a87cd7111f309,,2733,4
2734,83c96c14406d0ecabaeb0ae2032e8f77c9e11adbb33d32d36839f599efbd3d09,f3884428fd6005228e14d76b455f6fee99b3ed44a487b698320a80b39c17fc14,open_r1_code_grpo,e65d612efbbc1f714342e2217f794663,,2734,3
2735,6db0c5c8519c404265298ac219a6188f24974735b2825cb31cb7efb35bb3d409,2e00fa8295bec8ef5498bb8e28fe76d03d9586432600f1acd2da4c178de6f684,open_r1_code_grpo,2db04ce78cadc1749b2446d1aea042cb,,2735,4
2736,a13ddc6aed3632dc1932aacbbbe85e2d1be9c2211f15447c8d9da2708a86304d,353e0b7804b1383d1292e6a4f046c480bf81c6e6f7db8bc18f9e50bab57b3452,open_r1_code_grpo,8cf8ec02c939c905725151c79e1e84ee,,2736,3
2737,4838ac4e6bb40398e9d777313d48cd7b2930fad994ea5f133eb6babca44c9e6b,a3f8c6d0b685ee24977079b74151faf3750b9f6b4b7c497a487100a1f58cab2d,open_r1_code_grpo,921fae84f76d68259a9be602777abf2f,,2737,4
2738,edd85a6c7f2ba05f74ab753a7761de37e8a9eda5917481a83f0e88f85e620042,4fb29d4d6ec40396b07ec6cd07d6d498c64aa13350bbd35cce02a0ffc0475875,open_r1_code_grpo,1aac551d17024a4da6650526c80d64dc,,2738,3
2739,7cb4b783a2243c930d76ef424bd5c0d4af4693778eb2f1c46cbea4ebd0a47398,cd73b5b490997192832083baaad8f8d930417447d45aadd161926496518c8ddf,open_r1_code_grpo,cd1a4bd9f22c1b6c64d3c90429edecac,,2739,3
2740,2a95593ca2b6ea7c8a41637db6c050131435e180673cee3b58adce083f2a9c5a,5c43605043d345b13555f940d406aef555f9604c1b55d136a6246b42e1cde00c,open_r1_code_grpo,4fac4d74c9501ee46e117f2539486eb8,,2740,4
2741,80b3c341e3d33b919a5e1cb7ef0f9491a5cb3e61057ab69b671ae5b8cc0a2ed8,6d17b770cc618b2a412e7c40351da54aea0cf4925601dd3e57d8b768b6ded4bb,open_r1_code_grpo,7e6de36db9dbc79987fcc1f99923660f,,2741,3
2742,93e3f9f609c9a04f26420872da62979909eb75300bdb53f02956f5f00850efdc,5a7e4123a2c7f48578efece1bcf1c04d32c19f8bec5f8c9af448d0c18f3ceb61,open_r1_code_grpo,35834c2081f2f28f0fb899e16d52f4b3,,2742,3
2743,f29b60e438d385af7fb37417c1e41ef9f4e9c1e2bb06149a6ea4ea1ae660bfe9,28cacfd6ec74f3763e07bd24d178c64b1363aac61ba015f8d9551cb68acd1999,open_r1_code_grpo,642604892ef07b116df9dca5d6405ff6,,2743,3
2744,7c3cf6c1b344da1af482d32ff647f0d0f4c1c73d363681e2f3e4c0e40b1b8536,202535732ce7003ae21873d69046515b92c7c58eea0c81493634ff464bfda15b,open_r1_code_grpo,9d5064abffe5a8f3e513c4b965ec0d05,,2744,3
2745,777100bcebc077dd2720bd2da006ac939152906979c5cf5212844524522536ae,420dbc35ddb64cf17e95ea1ac50cfa905f480399e9e6ed2fb4924d3f308e022c,open_r1_code_grpo,6a61177fabd4168f7a3d9740f3c37b4f,,2745,3
2746,284acd52b31111f810255dfedac1da10d8caf2fd479dd8ed7ccea7bfbaf926a2,3646092f9c432536fda860f0aa82a233ec7d67483d226bc80076140e80d41fa3,open_r1_code_grpo,8ba1c44764bef88694cc36779b4f8de3,,2746,3
2747,20cd1a0d2cf42419ae68024ec56764b5f828458ad1ecb65ec7cd183399288efd,f8df6516b9f796b9b33713f2af8373272f36accc40356742715eefa17f3e3c1d,open_r1_code_grpo,c023240d771f0e370810eb10d9a2dbc4,,2747,3
2748,ae4d2a56e093cc68f948b499774eeea11de74c0ee14b66fff83aab4591347328,6644836c03b12b097aff1948dc74f4d1004b7cdcf12e27efd044e57e285a69ae,open_r1_code_grpo,a02aa723785fef574a403128775141ff,,2748,4
2749,f51f55ab9e1ac02311ec7dc1e86d95bbe18af7c200957017ce4a63cf5c22ae3c,a35b596e732b40c2661666f1fafe0b263a0e4db970efeea7a0813f64cf7a4ba1,open_r1_code_grpo,7adfa3af1047008b70900c97ec290a87,,2749,4
2750,5a2daaeb28eab3565ea0e716263c4729e9fa8ce0034ae689c31a047e7bac73da,7f3aa512877fab550936d417ba280e3a58265dc3ef48002b11608612b52b0a88,open_r1_code_grpo,0bd9e98d073d30859da7b5d43968bdac,,2750,3
2751,091fdeed540d6607e57caf0d932682fa22e1a1d27f1f660055d09744ab6af780,a0ff6af45f3de0b7a728759162fe9389bddce394625e04099857e61b2fa45eef,open_r1_code_grpo,b6d75feb7983a39f32948a21d69df45c,,2751,3
2752,e298108ab736f0431daaa61ce1542b762c086429f0eb0f344c7c82330bf6ac64,72fac8f0693f1ecb7e6f070ae6cc06d0eeea37b112b29b683b886a8a0b4297b7,open_r1_code_grpo,8f7480c43d192bff3bcca6aefebbb2fe,,2752,3
2753,663849ddcda0b48cbe3aff374451a21f99e272091ed1ec8d052e9af2c2b8ee6c,4bc2a6d6b8fb11baf69d7f30fbef4a4f103fff11ed1bf6bb89864172dc1785b3,open_r1_code_grpo,cca0336c11b489d4bc986b15a42744a7,,2753,3
2754,bb6f6ff4845d515352d1ba6a9b561997c10d283a16b9a7ecbef5a89144a2ba71,a162fc850749c0e5b39c1477e9756fbb6966e32fe71789c316b2044355ff50fd,open_r1_code_grpo,d5cfc78f7513fd9ec6649a5b457b1946,,2754,4
2755,b7888c1eab3e0ba25dc02469587107d5564ce74f3aa14279b8b188fb786e5e2a,fa689d82ba48a51809741a330fdb709887b9a6f8b3fb7b9ed5d132c0994f43ff,open_r1_code_grpo,a7205a15c4346afe4d8240ad44bfb350,,2755,3
2756,5ce98ba6e660d91fff2e74ca1d45a38ec373f215ec49350016daeffa29690149,9dea081baed8609e8bf53523c7eb762a9cf78c9da9f1dbddd6105b55e99684f6,open_r1_code_grpo,923b39e5b00c9a6f4979a07379093308,,2756,4
2757,5315d819888d2e7e1c6b5f460838f122345b4d0e4ef419c47ec93a05469af275,8f95077aa79c0b689ad961e522bb89ba704efbe03e5e940c87d72791cf4e4e5f,open_r1_code_grpo,51894f96a7454a394705b1d2af2d4bbb,,2757,3
2758,a1102f8fb7bfb64136e29ed5d3dc2c01a03934d7f41bc4fd9694cd0ea92518da,175083a3453c452cce51686b89540f8cfa477831d989cd24c5b965c68c61a588,open_r1_code_grpo,77a6f74d5c96c79ccc3c4bde5db3b0e0,,2758,4
2759,c81ef520f504a0171afcfffb8f20a23d06c66e7424d239f36cd9fab1bb6c5dbe,215a34d55ee5fb156eb0c936dfd969edf5ee269e2c173cbcfdcdb54a6b18637d,open_r1_code_grpo,ff075050417981e1c894b7548dfd3397,,2759,3
2760,51eb049dd20d071d11934aa58b62ec903553437ba467e73f70bc2eb3510416ea,f203b06bfd86f582204fead5d3293a25ccb6f1dd25ee03e36ae9c270774e5c78,open_r1_code_grpo,e450328980193a277f4a9c352ff3e489,,2760,3
2761,addc7f486bbdc0b28aafa6d358cfd2b256daef6b2d95e8ab82f2a1fc4ab88420,3603477041258cb08ad4b58457563f2af0c846688132edb531b20c3203eefa5b,open_r1_code_grpo,9d10756680c2cdb537579cce63065659,,2761,4
2762,5ec690a21e1697254a0e1dc7feb97118e3fdc0ac9b0868172ed4ba432f0b4354,812ace59bf31ce557c265d482f47787de61b5b341b301ede5332919d261f51a0,open_r1_code_grpo,56ee434da8dbf8e7366a16c81114269d,,2762,3
2763,b9b0fd1c2a09a9b86ed2ffb03bbacec57a600f33d8c76897adc4a85cb88a3e84,fc5688619dbd5306f1aab413ff5301dc8ca5f80c6c788ec736356eb8c995abf9,open_r1_code_grpo,b143e37590e014d2dfc96991104a2d8e,,2763,3
2764,3269d375d2281a99304aac3d424a6bbd5fee1b794cd414f06dfc776c1ad05924,fbdde9e4dba324ab473af7b2771b85fab97a0f6aa3a69fc02467b16e0af79d6a,open_r1_code_grpo,69e44b05dcb8f62484ac3cfba277c502,,2764,3
2765,c1f40cf205350d3f3d73fda32d820c8b1814d128bbed91dcb88e4b5d9b511267,d597b7dcd1d345e27462af2869d31b5cf814fa1958f4fa96d16366676c4b1456,open_r1_code_grpo,873e2ed0032ee13b202b5d687a603972,,2765,3
2766,e710a5261d68ed48c8bf073d5db9eff08f43cebe4043bdc168d9120f34afcb2e,1becc45c3265c27efa60072464c993617fdc2f306ceb5d4e8d1043302bddee9b,open_r1_code_grpo,de85a8f1e45f422b45e495469b121a23,,2766,3
2767,722983f46ad685e648e90c8d6b4d188e2ad2183e151dddefd854eb9af867a624,b284a2e791225f7dd21665c2d37959a9bb7d64a080979f479a676b65cefdf774,open_r1_code_grpo,572e830f7d8dfccc8ea5d68804d4baae,,2767,3
2768,4d0a822d261872a2f4357270eaf5373513bccd95124de6115f489431c542e3cd,b7157114573054b0284b85ebdcbccbada076c92095da01095c18c6579af270ab,open_r1_code_grpo,d20433a3cb0ed9eee006abecc75cf0e8,,2768,4
2769,ad3622fb678b75f088876be0d7f45bdcacb20d84a31a465ba7c9fd54cc6ad4f0,c17aaccb6d4214a38dab7ee283adf3fce00b2d3c56951a033371b8d8114d8d41,open_r1_code_grpo,e7725fe72427b2f3843a0a27259ac75d,,2769,3
2770,38da264775bb8248985f18cb5269535d46705fd7fc833d3cc5d885c717baf5c3,50d32be4920e2797610397696ce1b1ab5daf2758701ecf6774574fc38e9dabd3,open_r1_code_grpo,87ab6dc621ce5c7d070882bf73a4e4c8,,2770,4
2771,a71953af1567000ebefc528e2b8ce94daebc8fb88987d4a47ff3391447c1bc89,066c2e4c90aa27b83c8c06b3c5118d28c8c7d68e81f729e3b436c46d9d571c5f,open_r1_code_grpo,8c87ba3551009ee6c048b3d243f429ad,,2771,3
2772,4543fb8add6ba0a816a7defdbadfad507bda51956172d694737b42ee1b11cf78,429c2b9ddab9bf74e53e0095fe92c0edf255fafc2ca84467dd7b113aed501554,open_r1_code_grpo,42acd88dd88230f5890514887e3f7b14,,2772,3
2773,7698a0fe54a95262056cce813fb4ddbc91c6be4666bd6e40afd5abda558d320d,b5b3ac065bd3d8372e591fdd267bf1f92e39af39d5ef5b0ca6f8b2fd6c622c47,open_r1_code_grpo,44730a1343c128d00be5af165003dded,,2773,4
2774,92906c926f36c1352cffb2385cfaf8d7fdaa52b076b71f4070a8ab254d1456c4,2a81a8f686315f8e04e00327274213bb92665b86c2621a9f946200e101dab26e,open_r1_code_grpo,2d4d940802b23a543e73b4cade7a6dd9,,2774,4
2775,643a69c0c582d053f82f7561959aab0397f4a1672100d21691ca2ac3d3a75725,7c4ff7d8fe95b27c19c79f90a0b0ddffde8d9d34e2c824f135cd55d3dea92355,open_r1_code_grpo,1f56b3adb14961675c23bbc539167e7a,,2775,3
2776,0c994b0af31e97a320aa9b64683d4ef00ee768f76b3db822ecb6b074172982aa,c496f0f2a78a2f4c72830643ba591e0ef9ca1c71d701345b9be95a7c41b31cbb,open_r1_code_grpo,982dbdce42524fc5ba3732198edd52a4,,2776,3
2777,22a987912fc9f837e84500f321bf2a3a904ffb95163efa3de8d5f74e3f11898e,2731533345a2da7ac6d5fd7902182e499d3fc4c0b58892a45d119f0936d954c5,open_r1_code_grpo,c5254fe8b7cfa11b45df37d8cd80610d,,2777,3
2778,6a8dd9cdfa0163344e587cfb9227f5633ff4c37114edb0139191781a886ac01a,43f5e565c2eedd50a7ae0bfecb2841e44cf9cf27bda1944751053fd4c907fb76,open_r1_code_grpo,36999e735575134dadb00cbc2f6c9b95,,2778,3
2779,953b359d3f6e07b31b83c11b1584d510a219a37d3ab14dc58ff5a7c61d74b8ef,6c959de98c4c8915bdf0eff5e97de757cd51c55180839720bd9bea7725e593b4,open_r1_code_grpo,5b101fca1284e117415aa83372bc607f,,2779,4
2780,dcae92ade9f283d080ddf43955f24b36564043850032efa7ee7139c819744f22,3855edbcc7ca95ee0d25b2b4c9f27603ccfb3ec23c6853747aff4e4e5e950881,open_r1_code_grpo,7e20699fcaec53fb8e7d90669e283ba9,,2780,3
2781,7a1a641b9e4c15aa7e085e404830758271ee868f21d0705ee3ec4065ca93ce35,c643461fe9548598038eb5d41fb39cdfbfe5c48be78144431678248b1cb94176,open_r1_code_grpo,59c07b78c1ec3649e2d17e9450f672ef,,2781,3
2782,d0d563e4615a29d4abbad0cb86300f5d5c1cc6a1081a4ab1d40780ae8d357f3d,263ffbf60a6a5bc6478c8eef4a5ffd80a3b718dacbf815cbb6d429438f4326f5,open_r1_code_grpo,92664310fdcd284190402c9e5017bac7,,2782,3
2783,7b248f5dd078e18553b5e7821257d7c69cf0b951357571d33e26c44fedd78301,af37bfce32334c898cbd1a46bacc0d381a93ccd9d9343a6d3d025c75f16998a9,open_r1_code_grpo,0ff7dfcac2d04936db57816af17acb8a,,2783,3
2784,0b03d496eb66b5e2c1f8424494ce076f5fcc70251b4922a7667fc42cbff7f3cc,468363b7a7f8f8b0d72199ad26c073bba7ff95b7da82bac3a3fe88c6a3359f0d,open_r1_code_grpo,4d586269a2f32ddfb9e3fdae9652f57d,,2784,3
2785,aea3765ea2babae969fad4e4a5765b2d8c569b207bc4125e1ed737ac8cbb2c0e,b1a422748d2b4bf775c23e205630c1987414df93bb2057a18fdeb672a6015717,open_r1_code_grpo,e6bf084ae28982cb9f14be9eef4c1a41,,2785,3
2786,64392c0515a11008ee42b718ab634f6cdfd928094b4a5cb15ef86513fe590928,204a004eb5007028c50933abfc3654035b96cfe83465e25a41e54197a6617ce3,open_r1_code_grpo,5dcccba5cc5a8b356748f62989105c21,,2786,4
2787,6ccfee40c6842b10b66bdc7e3ced6c4460da95e812888ef0660e8291b929a0ff,72e4a851b52f75a1de3e2f779cc344d6f2daaec0f5db96a9e97ae57186d63871,open_r1_code_grpo,8602a4c2e4cc9f481ce876eeb0e49caf,,2787,3
2788,be0d62f60a0ad93c25cc56432598f6c4b96f8b37d78ae0808b35c074e13e987f,c019fa39cbf0fced4e4835b0b69d480765d5e0d2374094400abbc8cc634cb6b6,open_r1_code_grpo,1ff802a8b3cd904b355726d11297b08d,,2788,3
2789,71efacfd70fbbae4b1e5db1ee0fe01091abd4581613e06a1209b67eb9cc6d77e,d73590be20e77de4b4092512085b585d44f7d2be5b33d5f1ea06141fd8aa9d90,open_r1_code_grpo,8078b451c3401297b3b892fca07c4b6c,,2789,3
2790,f0ba92bec2802d8e153be46b6cf5981a9013d911217bb12e645447edd0317cd1,8bdfe77bf21be1cbde165a72cdd46b555c23879416cb3f9e9f399563c3b1c2ec,open_r1_code_grpo,a3c39aa07adedcd1de284c0bf5b62cf1,,2790,3
2791,ada3bb691ab582f534dcec570230662feb0811584b1f7d00d20d870ce40b28e0,384458cb6839ec728b18de9e7d6cde1dce775444aacf87c4c7edba5cbc04ed2c,open_r1_code_grpo,d2ec3e9ba0d5faa669edd0fb2c536c98,,2791,3
2792,238e8bbc539b47461fb7cde138eb6e7484f2d980ecb474535a51c82287dc03a7,c5bef47eb07510dac9dcc957d11497894d2f9ad719ed4c8b71e93ed53b49051f,open_r1_code_grpo,1352eb8078d5928ba64366f8e41e9a63,,2792,3
2793,201b68b03a1d7f4a86685746bc8208e7f18bf7ba95a2a2fa8624a0ee5bd4743d,9c7f879fedf665165d1d03b3ef001560f54e8d7d3eabefbcdc82c641c3cd0fda,open_r1_code_grpo,413a81b1b1682dd7f026ba50de71cc2e,,2793,3
2794,f2ad25b8151843bf9a3c23a07d854fae753fe7da2bbb9c04eba312550fcd250c,f26f86dbffb99fbbb8ad568e832edc7e3dd487a4f2dbb7f6c44e86597bbfec03,open_r1_code_grpo,5d916c469079540447bf5d0030a4d433,,2794,4
2795,3a486cc01cec8a580c3818a57e04eb21ca0831c7df8bcd0de9fad2636e4c8ed8,c2e1299a234944deb246d744e8427bb0df018c78c81b1215942640c67fccebb4,open_r1_code_grpo,f0e2b108cda5e2d96e93f3d06d6cc7a6,,2795,3
2796,d31e727019420ca2286fcd61d7269f4063515c312d3f498adcd6f83fdfa05ec9,f423f4194b029b89b090c5cd8a37b8aa63136899d9a4f8805707e83b1cc400bf,open_r1_code_grpo,79d0d8ecedb8ca4d123906f1771ebcf3,,2796,4
2797,4ad25c55350b29dffada587d33e0110371401938663b40eb98916e4514146747,508dfa2adf1b942d5d5d8aa763c272627d24b8160a30688799a5b679a0dcade3,open_r1_code_grpo,704b8ad61515813732040574c2ea7954,,2797,3
2798,217d1f1e65350e9456091906a1a91be79892706557bf015273293d79d35e48de,94c54605e27e6fa6d429a4d0a9b424cfb24892a733b58adcbb9936526ec609a5,open_r1_code_grpo,543cbfb8753dccc03a399ab17e65161d,,2798,4
2799,ba7ff01dc611f6f69050ed06bd6b9333a94ed53285ee2eaf33f0d217cf9b3fa0,3e028a28bcc5fa8e7b70e63e09371dcaf898a4d7f7d5f1a01113e4ed7b064175,open_r1_code_grpo,84119f46bdd64bc281ef79464a233876,,2799,4
2800,29b7563e5a11ba7c620f309df48740d7172a4f79efbe79c692307f01696e8b21,cd55870c4a527b1973cf5924b4a5246963d2286752e90d0a9fa4ab95563b52da,open_r1_code_grpo,ba6ff82940f4c9e25a8b04c59f4e98ad,,2800,4
2801,1bcfec668c3c1329350484bcc41ea0ba0431b9821d43da527dd1dc3e44eade41,e25dd1cbb2a77dd88df094fb654feb5ec67e195e49312980f685a9969c0bdc27,open_r1_code_grpo,91ccb75628158bee6c655da9fff493e4,,2801,3
2802,4e3dfb918f97eb6d5c2e52e150b4e08239e33852335be0f7a71ab2ca370c31e0,1039b59875de16703556c9154ced3ddfaf11c275cb489a5bf2b5857141b3cee2,open_r1_code_grpo,f839c6417d5ba2d5395f7c758bf54799,,2802,3
2803,5817ba9f27e812b5791b24b67d82d730c4a5d647822c2efcf9542dbd00fd3a55,438f950d9623d2751dd11b582d3770ab4031022cf160cc583c3156b3414e1b06,open_r1_code_grpo,70b8aac4b35048bb67432b6d9ed714c6,,2803,3
2804,9aa4a00b1bfffeca32acae6400be378c61c3445d6fc78ee47a2e3563d6a47b0d,0ebf12d6abecf81124cb9c7c8108006c83c7c1e7c3ca4bfc3fe0232a8959385e,open_r1_code_grpo,ebbce9806be106751faed81b6c7b63e9,,2804,3
2805,b26c26cb4facde82a9168f3999a3d5d256fb867c5ee2ed15e32fe20fb4e0306f,4c2a77df735c205421b17dc58849ad30c9a7844e6598e70d6394fc286fe74d84,open_r1_code_grpo,c67587030e863e7c73478ba43bd7a274,,2805,3
2806,3942954aecbdb7bef5dd21f81562424ad7e0006d9520331ed5ca48d8e32c168e,dfb1566474e130cc79d9da808dd13f94298af8d22c99f52c1b30763cf169b7c1,open_r1_code_grpo,9b43738658c120a199f21ffe2586db30,,2806,3
2807,b4ea6c4ca00be506774ffcc55dcf5f09a8313fd67abef1c2d65275bd10746471,f3efdd2678e5985ba74eebcba5787f8484c0298e93b56bc2433d12875270e406,open_r1_code_grpo,4869a19d1ec794619a16a24f9ceb09bc,,2807,4
2808,aa492777352934b2e8feb1c059434eb7e3f0f70e9e60990326a520bf499bb984,902c1ba264805a628450942c792734a70f0e9d872cbec0aac7d1921b7bd41acf,open_r1_code_grpo,64d0b1c99e35cffd6e9b6216c84b7bfb,,2808,4
2809,f31e5b0eb949a17e67bb9d6db862f3f28e9d72ba520cf91d2595214b164453d3,3985874f10cc319205c20b73bb8adcdadde1c5a6b54ac00c5345a738f0f5cb7a,open_r1_code_grpo,74d567f019ef255d934b2a630b92dd53,,2809,3
2810,ae765ae114f971edfcb5d737ca1184b0d975ea2bb82b0b3f1247c0b7911f75a5,b3595f727aa0755360be55d7d4c88a00841ebded78e1c22f0d848396b21a9956,open_r1_code_grpo,5fa996a16a1026c45ad5fd3937f04bc4,,2810,3
2811,1a67538fceea5002f4521694c460df4912cab00b2b3d9bda88572a717de87374,c961fd08bf35596eb9f22f2c11fc7bcc079eb8926dbfb81cee9cfac9793396b5,open_r1_code_grpo,6644f79d0318326751c911ffa40e3f26,,2811,3
2812,a350e54ae65903caf9996d71ea79e253a299a2c858418ebc0aa95c12a5998399,684909be1c56c6b3b9159e672724ac5740091800e2f4a4a2b13815a7e14fdc3f,open_r1_code_grpo,be3947bd9312727ff65632a7b7869cec,,2812,4
2813,af507c8d9a6f75bf95945c7c2db49a99567864e20c8b7caf68afe6a4e7dd16a9,e42b1951eb33f9c0e9713fb127550f60b8135086d1c06826ce68b4936fe38602,open_r1_code_grpo,eac3e4bed952bc3401fc97e7a9b0b5e9,,2813,3
2814,183b5c820e30557ab1024fe76a35d9f320442b7b09d0dfa39dc01655f1ea514d,045a5160fcd28299a2919b3af178f7f894dd293249b16908d438f4722beaeb1d,open_r1_code_grpo,f970a6b5b4872069bb4f03a0df134692,,2814,3
2815,40b85e5a53269e832d085e61c805421b9f2b688d571496fc100e275a14507781,f8a3aa58a2f47e14d57d439810101cd97c7a512bbfae813b7c4005871283f520,open_r1_code_grpo,6808c71d89045c267379275d9494bbed,,2815,3
2816,cce2fd0483c9a11211a7aa5b9c2018a451434ff92400b45396443fb59ba9e229,d411e0b91d0b03ecb6e08f56d595478fb73e43c62b74da427bb4be0264190c86,open_r1_code_grpo,fafb104acdc0dd854aef3b43136f3356,,2816,3
2817,46514a59767514b8e42b62cdd3e31c8e254856374d55690cab18fae063804c12,82f2b4edacc1fcb87aa8caf3913a65ff43b0f0d74833fe3beb62f6a340d95580,open_r1_code_grpo,82ea2aea3c53ac29c56aa1405a9d6650,,2817,4
2818,cf013f5b649a21ec841fd998f6db9732e40877fc70cb7b79db0c35c451b6a91f,f128c650afab3bedd2b7c2aad6d36014408814cfccbedcb9cd84b0a860571b96,open_r1_code_grpo,8fefc7742d84df5a41e7cb62834d9a89,,2818,4
2819,2c9b3f6f1cb68eab6a2b1ab1493c57b3c0b9a1f3771e7f770d94c724bf05ecfe,e5596bac29ec2d69378552bd51a0ff08dd37a196b0a4237a71d1a8f41c48bf19,open_r1_code_grpo,b155790bb4e02dfb30cfc66cef3ac85a,,2819,4
2820,0c4d3a8cb4f935c3d654e5650fcd6cd08ea0c3f1aee759179d5413a22b88d328,0fc8498655838ef5a9bf0db4da7e7e4a5fa7c2b7fe8a0dd1643c9331728fe999,open_r1_code_grpo,1a1242a0155283f8d21c581cae894d75,,2820,4
2821,a893514723340461bdc625a91c9bc70133d518768923511a3f0ac8f83eb8b234,4aac0fd4b168b0e4efc6357d80513e363bad379d3b5bbaec9209b7e12c202b05,open_r1_code_grpo,a897fe2eccf98f841f6f5d8c5f609200,,2821,3
2822,eebc6c8b9b43f37ab533b6c77094aa07f0c6637388fa49d1a11c9927b9917e8a,85ca299d637f1d83ff239a747fcb5947eb9272caab43756c2de4f9801f2cdd94,open_r1_code_grpo,d6745f32dc85b5ad924c38861380404f,,2822,3
2823,f6d114c7caac8591b3b33ffb29939b8aa7629db4a76eee3fe734121a578fd18f,cf55638bb6d9cf0ecca83e3caf869f94b1a0cd78a978e286a4ae40fcff83b4c5,open_r1_code_grpo,bc1111c9d7bed3b9802f01b5b1edd8d0,,2823,3
2824,5d7020f6e6880aedb5af7d9a11f46ec9433a6cd7615856b5c854892dbdabaece,109f978cc19c084e620b9a67fb9f1c0f86aa836dec615266311521058a800d67,open_r1_code_grpo,271c9649ca9fb8729f2187aa1afe9d3c,,2824,3
2825,d4506e5d4406d357c6b7075312bc4c60fc5c20f5d0ce3a590df5aeb9d3975ea8,949aa31c1c8fc3bd4bb7903c6137d5277cade3c1102882b839178ab05ed2c49c,open_r1_code_grpo,2c68705c40727831e8d190a1413109f9,,2825,3
2826,3a498372e830e11384bf46ca6196579cda5799a9838e49602ba4574a9b877d5d,c118e6d115d0cdb8bb0324488dd3f90927477b006f06061ea23839598c1c41ad,open_r1_code_grpo,51c543ad4953976d68a61a7ef23907bc,,2826,3
2827,44251fbb4b1d94b218298a5f6891c94dacaf43afd8d42aa78edd0997c85d5b0a,0f11bd8985e57647762df27bab20e0942bde96a64a507e0b8fd62953217acc00,open_r1_code_grpo,2b0008cdff438d3c19a35d7250e18b13,,2827,4
2828,fd616df536e9a4107220267cea0e78b38789d81f2346c4015eba89e89be52d7a,b93cc64502df89891a69029f81d67a84516719efa78faae2061ba1dfd258994e,open_r1_code_grpo,da5232a8e9d373580f092dadc1e11e9d,,2828,3
2829,496eb3f48d91ce6a20310adddabd3b443f6ca7b893253429d758aca9f97b14ab,9fea14754f32cba302289fc41929c88751ec355644371c198e87a6886a39a3ee,open_r1_code_grpo,6ce029d195656bca700c71abe71bfc42,,2829,4
2830,75709c1a64a36ef69382992f15819a75bcc22028eaffedb1df364d50b9d6aca8,11163afd4541ef1dd06d9b02e15e1b78019e37756a74ffbf5ce69a7c27628c7f,open_r1_code_grpo,c19d82cd49b9aeefa71b543ceb71a901,,2830,3
2831,d4940af631feb0b5f9ab496af7d271cecd916d8ed94cd0aeea0f64804793f22b,32cdb5886ca23c0dc5292ee336a847ecd83feea50a4ea8dd145726f82c517b7d,open_r1_code_grpo,64c7098e39f78fbb0959e4cba49750ac,,2831,3
2832,d935a18beeb8a207a992ba7cc6b2bc5112c082eac51eda73b3f98e63094e7fc0,ada66e595b6c4c02a18d771b43833e16ad11749660fa8bfb1f31c094ea5caed2,open_r1_code_grpo,342f246e6e630e17128f3f94fee1b737,,2832,3
2833,e08bd1d2dc0a9fa0eced033832e0766a925b49e7add4b34574f1e298a42c7a08,e97c959de3537bf68cb9f3bd066350daac3dab26b17b2d4f19df11474542e1fd,open_r1_code_grpo,c2d5fb6fa673df577ad52b4018562cc2,,2833,3
2834,804cdbbecc806e24ecd27c7c6531955f80c73b0294ad3f9fa0cfb67610088a75,447f461d918ac6783925c9c5a2abe39a6f1f9392cbe6bc8def6bbe96d1b062cb,open_r1_code_grpo,4fb4d1ca384abeb68874d36a70e04df7,,2834,4
2835,c2bc12af464f2504011a522bdc8409f95d74a46eb8d84632b6718bf195f97097,18e9a9ec520ffb594ffe8ef958de5b60fa3a525b0c085056bddeaeca45378a64,open_r1_code_grpo,e32d8e2329225bf1752b4861c0cf33b7,,2835,3
2836,f69f436c89bf4f058bb344c5528410e4c5abe14bd1f010989d768fb3f69435e2,6d2fcdb69bdd6e286e7a84b7ea9fcce0f313e3a5d9cd84928facbe91e9460fbe,open_r1_code_grpo,3dec9106ab900f3a5cc89a1c8face63c,,2836,4
2837,c7b96ad5bd921500109db544921f6d0f2ced4566a603c56e631fc09e344a3f04,b8c3f636f184c1800f049ae6327b54a26a1e680c33369f36c40a2d0abf6706d0,open_r1_code_grpo,6a2dfa21d1568e652c1d1fd589c673f3,,2837,4
2838,cef318b086cbac4afa00b509e2c987b24d55e1ee690061296fcf78536d7f87ff,493d2a88d934e64dd9bc44593f21ddaa6d593caf248823043c86fa3a69772dd3,open_r1_code_grpo,a4ede5ddf9e654dae1a48f0973940b8e,,2838,3
2839,9cbbc1426e1339975f11f22fbf8350943d646973f760add8e159693bd6446b6a,07c787ffe46b69c8c8669a0f4b0408d6331e3880d97f31fd2637f568b33aea63,open_r1_code_grpo,1a87aeccc6f02c393e82eac298677434,,2839,4
2840,10d22c31ff8702f1a82605ecbbd02484a92ca7c9d592c243fe0c9437d469537b,68a8b668720d29e9a3fcaa8160f069542bd18f6d542e88668ab87fa20eb8d9d3,open_r1_code_grpo,f22516305d1847d261d02ede1fa73f60,,2840,3
2841,80efc7c708c774ea7cc9256ebeacbbc228c141bddf6f6ed45ae0f9454b6d4971,0225ff862bf3cc09f7683fa6c7ec469feb741230331626d70f2c30ecd9aa768b,open_r1_code_grpo,ea29c5bd4377cb228cf29804ef19a2b6,,2841,4
2842,8beb78a3ccf4371321662267b78bb1fc732701c39019b96839fc751b7f283820,b53da20ead3eded390fc8c35cb8c3dc9aba0fbf34f3b80ddaa919bb1bc15f3db,open_r1_code_grpo,e403b8c8939614e1eb704c300e04f214,,2842,4
2843,5f97e2883509910c9ec32871a0f0163a505c682fe3251609ee42449ba3ec7a34,2b5e8c76bbb1e4b084df7d80b47448ad27a85cbfc47b3e00f6d5d4e8303b5ce6,open_r1_code_grpo,b1c7262b65ac302837f153dd0235d77a,,2843,3
2844,aba520aad6821c7ee073595a6a0b7a7da15ac144e39b2c4fad3266a9a0ec7524,3bb65d4dd04b46b2f2a0c8000490d171482d221186a0621f6c2677286c46cc71,open_r1_code_grpo,24325de5e294d086a1150160da97cab6,,2844,4
2845,b8da0c868b53176d934782adc51f52bab509f347ae0407c2870a3035bca4b274,de87ce800cb9dcbdebf4558bcf6fe0ffd08ab70d5b1abdaa21351ff1338a922d,open_r1_code_grpo,d24835acf8cf8308dd65129258512d59,,2845,3
2846,5a637c612a9b540c30327bddd5669ed302511ae7a5562b3f908b9a45aecf4af3,3672f34fdfa99f669be74ec1efca9438d663ce4b77ddff9023fd7cd2ac3a0914,open_r1_code_grpo,ca505ebe2ed4343f0d6586d4a811b15d,,2846,4
2847,879e80257170fa6c816a1452e7599430b713a4ce03e92aa54249f69f0f2eba68,2e63e22680f71bb0398484abb8af83c8fed47cfb7284484d51b4965af2cd0544,open_r1_code_grpo,1b1903aa4a6883eacb222d693ec6292a,,2847,3
2848,a2fae04845ec080173ece3960d32dc6ed08706b95229d5da0a7382210835c317,fda4bc5845d2c18e1514ce7fa278dac85ad8f42be56d5bea09f4c33596124337,open_r1_code_grpo,d398390211531cb5b17d9de4b601899d,,2848,4
2849,7d82086c9a90449d9cde3f9622e4316781ea4e26aae8ffa3641e1239b4788ded,a28b585177e09cd8769b6f5e3bfbd49928ada823143a695872b5a4cf05a497af,open_r1_code_grpo,13e3228075599c862b1d7d5a56b77028,,2849,3
2850,423dd7e646547da52ba614b2d21c8390e7bb438cfd6583a7915c7a6950dfe318,e245f563edc3e1e9627e4ba4e3219e80a44c1fc47314f5344714ad742580f5fc,open_r1_code_grpo,a1fbe7f285b55d1f6674478b265f5c58,,2850,4
2851,6320a4b3735c44f4614c20dfb98c7c1c0838e6e8bbd81ccfcd7a37f6589fd298,304ec2ddec515eeb1a31cbb3c31c592969fd229e2aff2f816e93d68415d7c576,open_r1_code_grpo,87a91cb5bb3e5e412d83e1c21b710731,,2851,4
2852,6b44eecff3dbc5f73dbc7d840ec90d8f7c03ed944cdb03793eed3bcec6813155,c01285173fc5bd36beae9f70295d21ac1c75d810ccbe56d2e898faf4de011bc5,open_r1_code_grpo,0ad8d4b0a8a110363603fe19a23b3b8f,,2852,3
2853,ce10b257ccda46813b2a03fbe66082e1de6e71ca49f04cc2921a24cd68cbe924,22d84959fffbf717917b6b3a617d1fb83df932bab7dbd69024dd6e9f1dfdaf7e,open_r1_code_grpo,462688ede03f3d734e1a0070e2080a7c,,2853,3
2854,251da72ef319880fbdc2c936d6e602c2559e8db53d9508358570d0af98578d7e,73d765743b2ebe69f79f84db55a5dd8cfa4e0d6dae8a2aa797161b59f95a46db,open_r1_code_grpo,3deabeb2a178da62a955c42a5ae24d45,,2854,3
2855,3910984c2180e3cb0d49da1c258cf089f22f82430efa9bc1a2558988ca154104,0e893bc11e4b999b304c8c47724122a31f814cc2971daa8e3119de004e9d8571,open_r1_code_grpo,a0a7d7ab4ebcae8924dd3da2cf1832bb,,2855,4
2856,5ab34392e96c4c40f6e13b8f04a6d161aa2cf898c9dd38157cd38d539eabec84,23b71da714987f35fa518314f60289eb66dab90aa548ef66a8f0be8f2bd83b09,open_r1_code_grpo,fd0ba1a65cc9bedbcc49a8dd81b57d47,,2856,3
2857,cfebb9a430178d54ace18f35f387c091fc4b1828659ac7f4b1974699556080f6,8b95b8cba0b9bf88c6810e0ad0c75907ed3491cf3b040d6dd1c4c7e1b8c2401f,open_r1_code_grpo,c51f2e5a66159b629ff95c581e46fd0a,,2857,3
2858,fe2cfea019312dab31e2a852cdfb1bce7105af487cd73b998c3fa7b81b538eb7,8cb98c6513a7f1db4aa0482b95dd8ea823cab2e2af8f2d0a213203e88661e7aa,open_r1_code_grpo,c12b3ae7b1eb21a123dbf6ffc33d877f,,2858,3
2859,3c089547e056930bbb2145d897dbb16c19008196b1d45333152650aac179def1,d41930c40414ea91d8e974904d0a6afb597dec4e10daebca69467210b3239bba,open_r1_code_grpo,29055b112986f2e7abc715fe45f50cd2,,2859,4
2860,e4d0a871a7a6aa5fa12dc949a1f9fffb1ffce97d8842da72e19f0ee68fc40997,2a75326011ebfb95ba9de9402bdfff8c46b402369b0464c8eb2f81a4ee7bb6fa,open_r1_code_grpo,39038cb70260fb9abea04ae2cb21c531,,2860,3
2861,702c97a4ab652bfcffcc714264d24b02d6335817d3e1a535f508547cf8388fe5,b7498c5d7bd9d486c49892aa4e74e9647cea94ad56163c26130e67365d6a7916,open_r1_code_grpo,edf48da905d22817afb4e27b56b726e6,,2861,3
2862,50dca9422953c4eeb0a59dd2429e53ccf42c99dd50430d6089f09ff63c7f1fce,96adfe4298abacc1e8f4a3cf33ecc422a30f04590fa0e0a4d0ce7115c3744e0d,open_r1_code_grpo,8eeec9eb32e7bffc433fb2bae8f90cad,,2862,3
2863,4c5f7dac001927c363fdd8f16a559388b41bd5112f13573f5222fd9670c796bc,a048522b7a4762d76c37cd8c74c7574a2ba28ba40046510490279cc296ccf4d0,open_r1_code_grpo,954a4cb0873f4fa8c91d53798083c973,,2863,3
2864,e16c84485b763299f1e518632c5ce33577c1a057e513f1eded9cb50181f6ff41,48eb83ec74334524424af2d10dacb14108d2a3a364ceb0c17c23e33e36e1beb6,open_r1_code_grpo,20a2ae1e3e2d47139ec929946c070049,,2864,3
2865,2536df1efe7b0c15e29319eeb2844cb501eb8978083c601787778cfff7a47e4b,a9d3d3a0acb499342b386928e1e6377fd74f66579ce8b84159024b5e8b665044,open_r1_code_grpo,b172f02a710df661aec617b34dc3d109,,2865,3
2866,1e30bf81ff2cebab8f7d172fa5c1102e6f703e001d75fcccb589fd2add288c94,9b0548f53102824baa601b0a9ec828e4ed14db80c00d07c184f2b2d5613aede9,open_r1_code_grpo,aa34c040579e34170d11a6d151ec60b1,,2866,3
2867,5e03f27c95715a17e452f7fbbf5746964ff222243eb21cb57a3b1d5ae88ffe41,dd2b1268c6c97904ad93f1c71949505ead4ac7508ee2812389a589dfccc662f3,open_r1_code_grpo,8a64642534f531cd2b84c630026619d4,,2867,3
2868,5950af32f14c58443ca9fce97b307920ffa41289cc666d429d1c43be15f98ce9,2bf356562641d2620a2f4a2cc0f2e29403d25e7eea131550cd3f3e05eb113c17,open_r1_code_grpo,ccb09253d15b174f736e13f8530e6637,,2868,3
2869,7804af76ad457781742ba7888ea83417eb12f86c5628776b0414b206e60f580a,24b24e6760380d7bde08137a86222bb73d337826d7ec7f5c429ed5bf59ee927b,open_r1_code_grpo,19deda5c910f31f5104b22717e9ae731,,2869,3
2870,4f93a2fc27848a9a19d3712af68938ec0942bc8d06b003284b11351ba3deb217,f85c9805c7383b2385527434c96f73c9c6e21453f7cfe071d22983b4f660d670,open_r1_code_grpo,fefbcbf90bd18e06ddb113f9dbd6f4b6,,2870,3
2871,66e38ebb589dcc7bd55f42a2f58d70d80a573ff45da1b8c9acf9cd87e5229f91,c416e2e045a55359d43c485e465e3aaa533ab25267621546f7b2a370713a71b3,open_r1_code_grpo,407be2c1ae4da178c112aefd5ebc6280,,2871,3
2872,52ecaf1e28e75dc2074b9b58492260ebccae3592b1acf76dc294f9a80c055631,6eb354a15e08215e68b23d556673ee14f02ce76459c624c17ee80ba2e264f35f,open_r1_code_grpo,aa3f0780e8f7d1258157333231c24596,,2872,3
2873,f17a8c5b54a41bcc94f60f0b76bcac4756dc772f4be5059044e7f4988a6184d0,f1e6789923d6cdfed494d906d95fb8165f2a68f7f6c0e7329d03783cbfbb23ea,open_r1_code_grpo,b1a9dec1ec1f468a32f475e9afed972d,,2873,3
2874,62388baa201933ce04fccbecee8a1181c4e70f3bab09ca2a9269dd6c1c39d10a,8d48e69a4f0b6a9228c369c19c05dcbd068ba50cb3e12b1b4704dfe123cc3219,open_r1_code_grpo,cde9dead44d488e2adda438f5041eebc,,2874,3
2875,3c3fc4b2e7765fb1e51785788fe7d57da013f8aa95be64eb45ed12c0d6a132c8,6746ca1e4b3565eb4abaa3e386ba1c7e406ed99adf5293f7ec83343b0d7a1fc7,open_r1_code_grpo,ecf23dee1ece79b690925ca6a262b843,,2875,4
2876,de1e895cb08057f49d92c6b5e56de17faae1481622ac00846ad351543f83ea38,da1a4016b5e820c846d89d54b52e225b38c90412aea89172593fa221a805a482,open_r1_code_grpo,6e70cf3300557ad2d9259819d69c7b91,,2876,3
2877,0f2321bcc9fcdb549a11ba19a3842f06b33dbc2d4305f3ba04e0942c3bd182b1,47dd4b237d46adf99b377de680a4ea200c93316181b990df6ba3b2af6cec7ad8,open_r1_code_grpo,a8da6b25fade361341406fe7234be8f7,,2877,4
2878,a0e70c3cae0c2161ad3d5f8c66dfa963caeafa39be19078c4e57ec4670bbcc9e,1a7cc177d2e370fc99f35635231f34e27ab609fc8de129314b10d6030b340c84,open_r1_code_grpo,3825dbbc8309a3ab4f1ef0981a020af8,,2878,3
2879,f178bb63798283d09a263d145622c355ab9d1baaf07b7c55738a12ea063da925,d7c421d7ae855c4940a336eb2ffede816a6778686800cb31eabdf1b8d51208b9,open_r1_code_grpo,3db7b54aefe11f6d2dee689b88c4abb8,,2879,4
2880,993b557583ebd3f3eadbb4dc40a2d442194ad3d8e4d4e347da96391da51f874d,119b15e7378ddc8a56273c8ad5c7305af643ffc66544b8a7e7aabe5a29fbdfe2,open_r1_code_grpo,d0e1950145f8b0e4919fd3038156b77a,,2880,3
2881,43ca69c540522e429955d39d659f77722e203ec3dd89a6918fe712f3fb9fc260,79e9b1431e8e3c66e0708d6c83d9b985ed05dcc2fa3a1b40beb0cc7c90d6b2f9,open_r1_code_grpo,d1faa82fe4515c12e40c3b7ad99458e5,,2881,3
2882,2ba76d4bdb7479a703a190965e1608fcb06c3e540144700230354b85e59ed6f9,f584641cc4480927de315b716609d1667d19a1bd48fdef7fe65a2fe50d5abc1d,open_r1_code_grpo,dce83c5e9d1dace3e2ac9df64535854e,,2882,3
2883,3a07d13c4d794b9d7dbbf12e26f9cd03f6d47cea5977e5a17e7ad4aff4865556,f05d06caad28738edf312248f84745cf7d81e02d9605f945dc61edc33ec689d5,open_r1_code_grpo,8dc12352602a772264b13cdabb83ee29,,2883,3
2884,7b3a6a40b753673881d43a04d589f65693544095c68d74063f693a873fc2b1aa,45190a1b0eb02b95416b4b7637dcd9e966fbf47f081d712f5bf6287e9000e63c,open_r1_code_grpo,470fcd572226cea65c7c396e91f80e33,,2884,4
2885,6df826066fb66aed211115791b2727015fa61e279a606718e637c6b59f36bbc4,7ab3cf2caadf1cfdddf9e6d4b0db23402088eea980c45fef0f4ee86a1b95e1a0,open_r1_code_grpo,8a7cb9a31907646883553d9667de7797,,2885,4
2886,bb72958ad0037d1bd97679dc9e61d5d18b94f482b3f9fa282afb55af64de4273,c9724a0528b4746eb983ccf028c353804e56b9fe7c5c4e27a2e642b461f16895,open_r1_code_grpo,0445b4c48a5945e6dab77981a6573d7a,,2886,3
2887,83c6cfd40efe93b29a5e393e38a691c576e6da8521d61ba40eff5c259fcc28d8,ecd5e1d355698f4c4fb62b836c0c616686bef1c33806d335cbc2b662234922e5,open_r1_code_grpo,396df2c31edeb11ea44704e27a8d707b,,2887,3
2888,1e64643e97d2abd476b4a3de6500dcbf0766eb9c481f1ac43d564b82d145a3ce,705f60876370889bdb3f3ce7f5271badf7754f72fd7d80d477d1262e9636fbe3,open_r1_code_grpo,6e86fe2f61ed59f3e889e92dcc087b64,,2888,4
2889,c6359489f32058ecbdf5280e810c4ca2ed5e0fce49524089cd92ba85ba7651b2,ee256a5f0c5e6f7529a249f1d4828a821bcf3b90c8ebe1ba9234b57bfb4c027c,open_r1_code_grpo,9b884092d84425a669e93390a17e9e74,,2889,4
2890,2eb00129d486c2c405e59ca25ae797f846dfb910cda382f586768fb6d4f6685e,4dab02e6a1fcc3ece0ebb9c158cc149b0962b1d2f95690fceebb600baaff3188,open_r1_code_grpo,99aad4680b9ae729b71f9f122a821624,,2890,3
2891,eddc1f294eff5aa5d389bc83a5305668055b496bb613e7d6733eac069af0c3d3,745fed9acf2dbac2ca7eeb706d63beb8d55e086eaa5594a4e11900a388d7675b,open_r1_code_grpo,b9025bddafe62ae781e6b00c1f88fcd5,,2891,3
2892,01ec9018c72844f12ac64243c2908e4a052fcca2fe56ba3ca7d740b561ab543e,b2ee5e2904cd2c274b7088167ce8069aa4ffff733024dab4992e46592d346ec3,open_r1_code_grpo,9f9ecd55fe35a802efb874a69add21b3,,2892,4
2893,4a4fc5d2d5e9ab06cc07bac96391ce984f8389165f175cdbc46fd3999654d290,91046ffca5e83a52a2cb83c5da6ae55a07ed31df68f832365251a0ed9bfb908c,open_r1_code_grpo,d791a363e09b61c9608774e3a5da8563,,2893,4
2894,c6fb031b7f9ad03e3eff1444acf84c14b5d1776ca94c713b3c40d80d012040ed,4578b081edeab448ca315c5fe931c8a0269e8ed52eb6cee39ecbadba9a2493b5,open_r1_code_grpo,b85e3e92aba10d5170675532eda77045,,2894,3
2895,24a099b8066d6cc9b99c8fd85b0697c638df760843f78d905657132985f66485,2b8083e314a62fdeabe3d4d8f04ccfdb4f5c977f7aaa67451b93601565b49778,open_r1_code_grpo,08b13b05e3226798fd79342e5ee55ef1,,2895,3
2896,e155c7c7b6d3d71d8dcde2d4019fc2c3678636748f4ba56eb9d430b3e54da8c2,e61059be8d25cd4d9d6e8e9c1d0935cafcdf9b81bdb3b55da4f0707037804f6d,open_r1_code_grpo,bbe425be1b6eec6c969344dee40b78c2,,2896,4
2897,62e0e912c07220202df4202daced68391ee3d7072ba9dd7574a1107114941396,0a74aa8c4f89834f2f7bedf7a3942a03f89c83ba4deaf23305b305a4e2de78f6,open_r1_code_grpo,f7f47f5714c7cfb0eb0411e75a29d0a6,,2897,4
2898,31a5ec085c7dc5484c84f8734acde51a890bffdb6031849d8e2c2253ede5cb8a,6dd61468891dcc53280f25317456098f3c44d7b12c9167036293b46de47bc047,open_r1_code_grpo,7e76fbc8e9c4b2beae9ebd0006413b80,,2898,3
2899,27abcbb5f9fa31e2d377977ebea66817f6c7eabf22d1af1ae7488466b5bb43a7,bccaded9a269ff357dd0e803f904124b105d1d540505976b31e8aef3f6336849,open_r1_code_grpo,2f128fea8cd3a5ac522c77354adf272f,,2899,3
2900,34f8da79e7a748e2ba6d25d9323028b813699805a4d51cedb48ebc712bf20ab2,385a856c56db15d7d9f83fb1ee98408e7ae62975d8c8245b1f3dc6968a2a9698,open_r1_code_grpo,fdf4b71824b0ff602d6044a36a9caf05,,2900,3
2901,faad64e305462a5fecbbd419e9cbee52c768abe61c0f0dd74db27f04f1094173,571e2780a81aaf7e6e6d0a6256ae7acd5da39d7b7be6cf605db531553fac54ff,open_r1_code_grpo,c433ec4c8dc2a601f1dcbdd0a47d6111,,2901,3
2902,a665e2f17f0cb3d7bf5fc3a323feca05a5ba0e8b2efe056af4515ed9e030cd02,2afed13af01c0329c612ab0d037262b6977cad1caf4e4a5bd3ecf30e266449cd,open_r1_code_grpo,a9f20a7386f82a465f0938b306dee446,,2902,4
2903,4f171a68784ee8e1432a34afff7b1e6a77103ec8d9155e575b57a3ce17f0ec89,8a9a3d94d0d6b9ce8fcaf3699c628e197702b498ce5a2611677306732ad4cb6a,open_r1_code_grpo,a72d4a46bad7c28f8b820c270998b5c5,,2903,4
2904,e50f2112e9804107c7329f49d4b1fcb58bd426764af8bcc59986caaf8a71b83e,d8171d653f285467c054e84346414167e27d540ac856d4956d136cf29062d9e5,open_r1_code_grpo,b8e0119f59c756074a41d9d65e98bf7a,,2904,3
2905,aa93a7571ea2321272ce8e1ce819f4354769e70e567e2a49c6640fef13bd44b9,a9d00bf6126e343fa9e93a6d1fbeeb1099ed2c51377d0c0503c6122bc933fa0b,open_r1_code_grpo,2b187986f77d6f4c6631d2ab7537c3c6,,2905,3
2906,2f5d78c558b1c3cfab644d59be7aa0c31993a806e1ff22406cf858274eea428a,450c08f8395d31dfcfa1b6f5cba52f2e94c617b19372a6ac7af9c0339a5928d3,open_r1_code_grpo,93fa24ad1898777572d18eef2ee743ba,,2906,3
2907,c567cf2f1b184283a1713872fa121a72a0ecf2b7f9faa13ea062dde334df2711,9891b882b3a9417dea2e009e6ff5bec9a559369e72a92be63298c090dc58a34c,open_r1_code_grpo,ad0138592df7dbce2a9ce2a9e602a921,,2907,3
2908,caa8b34c2a430b0d2ac2c54974a5c82795cfa57a693242798076d68af5ce5f4c,27bcbf99af2230ccef9d27c6fc4fa763f6458b9a97ed7a628894ceab2a39d2a9,open_r1_code_grpo,2326260f44c93533675258c95628a5ea,,2908,3
2909,cd7384c510a0d9fa63f865f9fca144ee529e24ccebada20cfee43a75eaa81762,ae8ff9a406fdd6a4dc9426a98598b297e8eb82be88ebeea013c4a18518e1f049,open_r1_code_grpo,853488efebf2b374a128cc46c39fb1fc,,2909,4
2910,72014ee68240b1688a871fd2fc341babe328182a48ad96a05fdf4d16b6f1966f,5ef141a904f64257d178c4f4120de0d3475c32374291221c80bc88a732443531,open_r1_code_grpo,70b8dffab2612e82804d3519ff222b4d,,2910,3
2911,7eb4fdb22d2ec5542dc8dab27551c3d111ce30705d7a1ccc715c96893914cdf7,7d59115bf8813c709176f410be65760738371b23373afa2cad59794ec4599125,open_r1_code_grpo,008745d9a6a67680f0c56d39649da056,,2911,3
2912,bcf728ec5367f8759989a3330054126d9007debef5aef7aec9ab925568ea1f6d,9196d5f6937b7994a97580b51b8f4e40b2e10552612a7c9d15def27a57f73353,open_r1_code_grpo,a0892f79452f6e1742185c58dbf3aca1,,2912,4
2913,bc2d164124097d90839b7b466e383c5e07761db2f23cd732d6147be58cfcd5cc,024cba4c7e913383fd0010e024a1ab2a3b829722a116be72481a9b651031fcaf,open_r1_code_grpo,cd47ad5df28373cce1305088f72da3da,,2913,3
2914,16fa7f3e5b63c4090ebf13af8081e5fb6df56b4771cbce9ff611037b22a05c27,e4a632caecfa537ee3fcd03bbe1cff7fde04e8da63925a63f2273e8647fa19ce,open_r1_code_grpo,41c3864f93eaf3e34abdcf457d83fb88,,2914,3
2915,4d98cab7cb3c291239ec6eed4105646b8d472b846143c7d2030e8b0d36eda971,df05a2bdf7333b6dfd59d44ad9d0e8b92788cac94aed2af4cc0419c9d8c7bfb4,open_r1_code_grpo,8e558404020f3085041e3418f78543ff,,2915,3
2916,54bca49c9d9468684859186c903565df8f1bb82827566d9c0afddbf4e271e13b,7d54686dbdaf793bfa528956eb01d1f2e48551c55eeece33a12a42975c60ac3f,open_r1_code_grpo,0be4a49504460f3c6a7362abe24b2d2d,,2916,4
2917,4a6c969ecc4d20944c417a8dbcc6cdc3e763202668b2404e8ba7be4b572a1e99,7bd2658438bc022094214412a219421a560f5ee59d952d1e290b3142fceb0fab,open_r1_code_grpo,c790ffd7d7c76215eb2ac7f822f398fa,,2917,3
2918,71dd54bb4452dbad9fb795c5be573d63c755b41cedae17c04830ba00ec2c6f9d,7884dbc28b093ac5bdce826f76456d3f8416e5625223fa8050ef23d2c6b7df3b,open_r1_code_grpo,7898faaed10a2fc781c4bcc049b211da,,2918,4
2919,e10bc0a752a83f53534011aa541d13ff44e0d397bb4b18724533c85494dc45c0,6443bbd0a554eac0e146770cb81f9e68cb199c36b03b9f7f005d17065bd3caa0,open_r1_code_grpo,23d75c7aab1cec16b21b253a7152628d,,2919,4
2920,1413287b2e7e31f6c3f835d4c0972637af52a7184279407df02f1a80a96d1045,74933fda43aa7f1e6e51e93e23b405d031a81ca397c8484ecd5f874e89cdcebb,open_r1_code_grpo,96a81e1c6b6d9c20e92c5fe69f4ddbb5,,2920,3
2921,f42e98dfa024675cf6a39f1932378358017ba4d5513edb505e417ea481c757ca,ed7e2a4dcf600f75134e4f94802c5eb4b72b6b7ac317c67956ad5f0d6654d692,open_r1_code_grpo,09dd6de450db97d33cb6a3c85558c2dd,,2921,4
2922,42ab81193faf116be821e4782236f0577f486deac63ef5f665048b0fa3175bb5,567a50e0c0088b976cdc8524bf65bf96f2628e7d42b59a2be1b5d44f1c98fca8,open_r1_code_grpo,3754685c96768b771fd5247475c3220e,,2922,3
2923,9853176d1df070c1d80209fd644279be94e13cfccc360b1c0553faef686629c3,1bd926a431a98dba7a086840a4318817c00e4b0c60bcdfe51c79bea119504c60,open_r1_code_grpo,383d7521a36c1b20f7d14fc80f448f41,,2923,3
2924,2b23d82462b1ddea3f9f81f86d73e17babc77c3a409979b893a0f3a6c4d91cff,dc8aef9085fff2908388f43f232909998d0bb74db469009c1a08fd7fdee5a3d7,open_r1_code_grpo,ef57cd83199464608f0b4dec6a59fbeb,,2924,4
2925,6e62033bfa4d55cfcd72acb0a0a8eabe15e9e43374c44470df7c04a184b076dc,c2256079d90dff131a8e692ff492fc32e280dff37f1d87cc058376b2f9de506d,open_r1_code_grpo,16c99671feda0e71211b4607354211a4,,2925,3
2926,da81546882f30958752f5791496b385c8b90bfa276036e4ab6c266f02edf59e5,f3e6bf8d61e706fa7522b27cbc404b6bd6065c2a2ef1bfaa903a64978795dabe,open_r1_code_grpo,15ba1330df844e68fb00eb141dc21c70,,2926,3
2927,e7495ca51f4171f3945294deae283cec2f8cdef2d919d5f2c0f84bee780d19f5,d2736e5a0db312565bbc629fa841047675eee3744ab66fe5825a524d3a8fa320,open_r1_code_grpo,c9f594e06af0a358b79b37fec4aae49a,,2927,3
2928,da33dd589346f2b1cb9530fa0d3f0412199ff5dc08a01d29f1de614375796b9a,0738e5ebf65e55dedfb0322a7eebd7c6f015d909c45f62632e0cfa7388ada37d,open_r1_code_grpo,e7cbaed498ff782ae569168d22a00660,,2928,3
2929,5096e194f982a2b093ab67fadb03a7c89409e20da9260d104dc1c69574ddc56f,5feb14d1f9b6165a89b25e6468f6aada5aafff46662217c42683c1afd69816e5,open_r1_code_grpo,f8b4805d9a7517df2970bb352b2b61de,,2929,3
2930,a63359c2309112574003ac8ac98ac5397867250f5c0b3695f51c0ef5aecdd11d,a69925f22ce47da177ad88dace3e9468c91b651109bc65220203db47424fdb29,open_r1_code_grpo,d08d3ffd0e7cbe563edf9017e5e5d9ad,,2930,4
2931,40de9505b421feaa4673bcb1635e338166b0febc0ca1f53188c31ac009df7c9d,caf33459ed1b8c22814cbad3c578dcc3a29814dbeb33bb647069e87859907edb,open_r1_code_grpo,e06a88624a64afabb8f77efd13a1a723,,2931,3
2932,7a30cfe1a9477a0fcf39d294c2d5b82bc7a9668a4fb74eb1b4fb6331a2604078,cfaf8e275d5c5621d3c7ee8ecc92c68deea32c590420bf0465f262ad75795988,open_r1_code_grpo,f88fe3d178f4bdddd58957be8fd986a0,,2932,4
2933,18943725b5d12a4e57235e325d298442aa1c2bc7ffedce009df42de80832ea53,b1569dafec7963b003f0b8c3ca3d4d9d8abe593dcabb6083ee8f267448635b3b,open_r1_code_grpo,8d5a2acf110b7ab26d6c88ee5f0e7b4e,,2933,4
2934,eacf81e190ed24e92c446526e28da7887ecf69936356cc4d3a478dd2bd6527b5,1383b1b1b82700f2ff0dee41db756e3bda66889301b3a8b78d085a130ac3c9eb,open_r1_code_grpo,f0e0731435c3b94b2e24a7f2f75ab7a1,,2934,3
2935,08cb1d2470be965e3879fee36935895f9933b1f72c52d2a32a75af2ea091fd93,235413894fac73c87cd8b03aaeac4a25bd58c76f0e9dc7b306c3942ab9514189,open_r1_code_grpo,553a2d460ad6b721e4da24057a245524,,2935,4
2936,4377d00839a50510beaf4f8b2ea5cac57b82b4a29fd4ad48d6ea617b57b6d237,a7ee5943fafa4b07045e65b2f7e75719af4fb8fe06d67d582588e8075b54d8fb,open_r1_code_grpo,c5e4d019a6bfb022fbf4cf07735cec13,,2936,3
2937,4ee122cea1bf856cfa545271f84557829e7194e25a8dff70aa5381c6f3129d73,5fb7ea96a7948d56a148e7bb65776408b60c46ec1ba54c23e6394b9c8924f854,open_r1_code_grpo,4ae4469f86d371a8c0844f2fdc319ad7,,2937,3
2938,c697a3c80dfa9ffc65ce8fc35df6ccd7a2904a67cb227575832307db5b7c089e,cbbdab658a9b4df694e356fe67dbf38166c0c1aefde94303ea8aea4d916c80e1,open_r1_code_grpo,f731d3f9997846e422b104c915382353,,2938,3
2939,f6fab4f0b0d10b3e24f940a9e633213dfe70fb159e59baead96e0894992dfb38,ff7e0e6691ca0d19aa4da76d0f7b17dda1e095d0e61f7eb2eeac090095be4c0e,open_r1_code_grpo,25410c17135a0f0e4f67e64991034ee1,,2939,3
2940,ae98a72d74d8b24822be685f949bf363f7d3632ba95a397b1905e2edac2861e7,9ab1f000da41dc526ac2b560379de444a23d896068e468bd1a11473e5668603e,open_r1_code_grpo,7f7907dc046081ccc0e73e307d1713eb,,2940,3
2941,c02ceb01ce0a658e26a8df5b414bb5050a66fee3c600dff41ba0168b66812e77,212e71754453d1510295b76e216ae1a77252c88997f007232c64fbb7bc7f0216,open_r1_code_grpo,4dad52fec8e199891cfaa6e4de1d01bc,,2941,3
2942,36b5b0e3345951a271dfd773991e730ce13f84fc36e70b688e44e52b89f7ed2a,c005bb71fc9de520e2faec7c9259a0e6172aefd280f1691b22f775598c939ccf,open_r1_code_grpo,65a2b7fa00e334733e2743d0c2dacebf,,2942,3
2943,3db5840f9550daf5a958cf342dc3a11ec4884f2759787e4155a4d1e4a4892141,3d626ffec321da57f3e616cddd3db56e1d5273cef82347b7a782dd5a146f195a,open_r1_code_grpo,6d785a452fa6cdc912c6d2eaaa151029,,2943,3
2944,299b23bc7d8752251b814ad1c3f98814de333c0c826bef1650513a9fcb33dfaa,d9912c58f56e8b2453141e0719ae5624f8d94cd0a935e7071f384fb0a6da9f05,open_r1_code_grpo,faf804b566f02515d9b7ec8d2ec04b92,,2944,4
2945,75d5b7339df0ab268bf75b1c2aa7d18a6bae4391c16f4cee7cdbb4ebd506530e,542d7a6d05c08f6c79d6a34c27a7b8699a615fbef63be70ee6a7d0309df1c082,open_r1_code_grpo,a0133d9ee293d7508b77a5bc14b24d05,,2945,3
2946,c0465f6247b094f5662d23de03e8e2ec9c7fdefdf6cb54485d8952b73684fadf,bef25b3043401038156b6fe862ee4fccbb21f86ac7d99b1343c522f3bd074a58,open_r1_code_grpo,617a54046bf26c592cdae584603a0e77,,2946,3
2947,a1b98b87b8458821d6e88ac720131d5e54f34d16698e2590614c1d8f6d64ab4f,53584ff10a5605847cdc2e665f239b07cd8e94531bed8be9a11d4cb86348641f,open_r1_code_grpo,872309184f4ad8add708df187501177b,,2947,3
2948,e6abc45bbaf5b41158435768f938845ed34c8fa9a6dc59a616b11e17ddf08735,b75fddd7d755ef0aef6882f9b637711c840caa53f75bdcf25339390103264da2,open_r1_code_grpo,f371e5e68314e93de9703b4418a3ba8f,,2948,3
2949,38387ed121e0eeb2e5564696dc6c3e0fa305b51268fec45133ae165ab5f598e5,fd2ba31b95cdc9b7efe5a6180d14afaa3628236ef8df1da8b9a4f6a2ad19ff4d,open_r1_code_grpo,cfae99cb2d62189ca576d46bb8e9255a,,2949,3
2950,3a6bda367a2c46a927c2cc867f082ca65c9a8fe01c48b7ab984b338eaf595936,563d6097e16ce99867acf46a608e7a87b2b6e36e201db50ac637ceb86e32d9c8,open_r1_code_grpo,3595f833b3587c2ff3a8f6c47474895f,,2950,3
2951,3627978745eda8c4268aa5438566ae27765918432dccb7ae383073a85f09a6f5,01ceebd8fa7a931099a3deddd19e92c0f528c6fe4e3d0552ad21bc5311f2ad1e,open_r1_code_grpo,0deae1349b7d5e22c3753f6887ff139d,,2951,3
2952,ee61e0c969391f6aab079cfb4cfd1fd8acd31f9426eb7f86df87a3f41dc40722,17c066e80d6952ae53c7292e23fd83193f1b7753d0f1aba55d0966fba64ef03a,open_r1_code_grpo,f9e281d418991a378ec6ba50b8cad89f,,2952,3
2953,6da716880928049ed18d804bede559c2185d3e7a354c74f63994fb86a48292b4,8aa870d71623f369316c0172ba388fff18486825f2887a5b4d03df69e0815ef5,open_r1_code_grpo,a705bcf23700b4ebeb19f463f7389ddf,,2953,3
2954,861ef2861eb56d2a91d1191e764537e1613a7ae1309ee396826c4045e6df6a69,3c7a4f46751e4a977fe86bef8bf62666e174b1df9a2c33b78f63a078359edaac,open_r1_code_grpo,a5843f967412d3177ddc9523fd001ea0,,2954,4
2955,d3344edd393f37e9122869b1726c1891029dd8028ac220471962c233d6a1a8eb,cb77f015867f6c8504f6b25c9ee70c7c285c3f404d902fe94b49349da8a54f9f,open_r1_code_grpo,41e986000d927302f5357e7cdf8bf7b7,,2955,3
2956,45e2c93849557dc5bb2649ee533a8d0609675b7812c9d86ff58500143bdc6991,174edbb919ee62deb2e86265aeed0a5943fc8200ef8668c4574ba103b409d174,open_r1_code_grpo,a641b906524fe40af64d7067f8853eda,,2956,3
2957,03b98608e0612449cc47470e0af471ebcdcede01c6de43bd1ebc6228f54783e1,98dffe5a3a8f5343acc9f7797536e132d5bdd4b29a86637a7fb54ba9477bcdcf,open_r1_code_grpo,f50ab92805edd5ff3ed10270ec128805,,2957,3
2958,53fbb0e09fc4ebb617199a97836551711143f20d736c9dbfe3120793222b39c7,9109156773124a5a0b3d401f3081a10f4ab51eeeb8ae480106465b2bd5855cfb,open_r1_code_grpo,d820b7f89f94e4f0c046a6a10436a567,,2958,4
2959,323d352bbdb4297e6c83154a0467b8a01e00970238c9cd102c5b4f47bfcf6f05,696a92ddfc0e518fe6bfd6d76eaedb85004bde1a859609ca606677812d226db6,open_r1_code_grpo,f50223b12641196bc4fa405626b560a8,,2959,3
2960,63597be7eb18db5e948d83582eab9c55bf54c1d3f5e89490d4f3f8f734d879b5,6e179dccfe0b4e57e339fcd785c38c234d1f56d40905a2a9659e7447a1f2f7c9,open_r1_code_grpo,2ebd09c25b4d50ec50ea572834faac48,,2960,4
2961,9a4c1c5936f62e7d968d145a94630cd42e79e3ea4a0d71b939dbf63834a2c059,8f074b53a0e63d12c839666cb6541431089b45912c47beca40442bbbf79c3d54,open_r1_code_grpo,54d009a9c2c9b29d1edb89133c91a29b,,2961,4
2962,2df8d80559a093773baab3476b5cc7854fa72bbfd5fa7052049daf16292082fe,1d6031ccb3c14e8b91d022e3cf1517fd730a9e8aaf7b9958e4b4b3cb21ab92b7,open_r1_code_grpo,56e73c7282c9413f28d15c0804895325,,2962,4
2963,5610578782896185765d5a0fd07fcb3d4de57c1bfd94cc85a8e5a82ab62e9ab9,eea2c35a8b0ee6320185c56cc6957fa8319e6ec714d8b747ced2d2016c11007a,open_r1_code_grpo,26d9bba93019a1298bfc1fdfdfe5a920,,2963,3
2964,c5aff3fe4e4ebe2b8f1cd40ad33ca795ad03202361ddc21a054834231425018c,fe346e86b0d72dec6b1e6f53b0288a6854d72856c637bde4f13f5519d8d12a14,open_r1_code_grpo,ea9afe31699be3c75779f3239717c434,,2964,4
2965,4ad32fd0cc63a903726cc5244975c8930c8eab52a247f3175e587866765e1c7f,0dfa4d0cfa7f4f148a071735ee395f3bea2ab0b60b7a79d4a403d9ab6a673d20,open_r1_code_grpo,0b0dd2c7c49456af047931b9b4f7f85b,,2965,4
2966,d57cc71d42bc7cc58ed5e0c71cecd147b650b6ec2d08ba96bd03ab40301f5ca2,7253f31c23b64fe4a66316fac7a14263520065cf1318555b171d1fe42e33ad9d,open_r1_code_grpo,ebeb3836fd2f10e7e54d54fe26b58a0a,,2966,4
2967,316a6079df22957ed7c6ef3f3880e885534f3960b855a902aceb4e4ce246be35,e44b29d64d5874f5b8b9ad55136e39a0fe84cc7340b8347c8e3923869b96b1d4,open_r1_code_grpo,18c3085008493f01e0bb0e52defd1e48,,2967,4
2968,ef665375d4c6601cc0094a44601a0b9472d7febfc47ec6852c631750125239bb,1b6ec28b59e9c1791fadd627b3d5ed8d42e8b82eb2d2050819d2286d49c1e773,open_r1_code_grpo,93236de064cdc618dbab37c287c37823,,2968,3
2969,8abaf7e777795d1d4b849bcd5ad25f00605c14a7f76a346f60f7c3a85637da09,1f7c37723061e5867ee42c238b659b1e0947f6ca55be167394b065cb4779938a,open_r1_code_grpo,f207748eb8d1f98be8a368cab027850f,,2969,3
2970,5d64ecbb306aa9c0424f2dc692faa01f2619a9e6910bffd01156c9ec76f78d97,183e7988b746d4e09f9f90a32b77d26521ada5023016a44e101d992f3adf74db,open_r1_code_grpo,caffd5fe812c36c4a61fbeedff3b9682,,2970,3
2971,78779d8b1b390a222ce35b2c2cf6bd62917d0c56314f76a48d3afdb4cfdc45a7,143f0600ba7d2d25226232fccc1ae4cc9e2d98a47849e62064ee407f297a7aaf,open_r1_code_grpo,65259813d015f2142496d332ef91ddff,,2971,3
2972,fb7802b801b76cd74dcd629cae6a29ad3ba70e6cf59f7c50ffa1391b0c6d570a,695640836b72a6fa307bbbaa35f1a5086884bdbf5ace746cf6c70a6caf18347a,open_r1_code_grpo,2fad5e2725980316e8ae047716ce5084,,2972,3
2973,a317688f7111fac5c0fa4358ec91da85b3c65fa11617881d903717398cce0d9b,faf69a033641232fa066a690c0d5d7e959c17ca1c4a33900eb4fa43d7f9a30dd,open_r1_code_grpo,519cf95536d1eec3c1d395236b8dc94a,,2973,4
2974,7e30a60108c4fe10d66e695dce16f1c802792c5e5e210bbc7d0bbedc33b76645,ba5e04728e6b996468f565df6e8ef3f1d218fba4b60b593bab54ef010d646339,open_r1_code_grpo,ae75f1bc6b7714c788ce3f18b149a116,,2974,3
2975,da35d5ed181d5cc85ed3e289dbd1b19a3e21ed35b3ba366847185004853baea3,326894c51c6ddbcae2121ad280b8062f38280810fbcdd02bca3953e899fd8130,open_r1_code_grpo,5581c5e96bde8be5d991f3cd89c7ac4e,,2975,4
2976,0723bdb8b976d5bc1ee8b2b8005f67b8758d8a1c46c5eb48e8cd3c0b7cde93fe,fbe8edf7eca48e56b2229fdf6293c3c5a4ba5491ee959c50a54b7beafaef7ee1,open_r1_code_grpo,5361be2f07237a2ff607b5fe5056f91d,,2976,3
2977,880d430f6a3164e3e130adf2300445d59ae2f0b1ffd8c37a09a835f410bb4226,45a705d5e30a14c213fc4058aea4ca368c7c6b5b668dd7f9f328e0a600021b30,open_r1_code_grpo,5b96abad1e45f098260bb464452ed7f7,,2977,3
2978,685b20d5cc4be813419ee46895c363a9bf43a56dc5abdf14b90fa7f4815bd607,df100505c4073402ec323e758ca451283d26b5b791210cdb2d4963b3e33bdec0,open_r1_code_grpo,528b11abe527990adc6defdf66618ebc,,2978,3
2979,bd3f5688d8b0a371bdfa17e9bf5edc9d318788e21b866fea1f43a5f890c379ae,0bdb358b1c14c58038738644e8773dae87a6390ee419d010e9c9f5f6add6a657,open_r1_code_grpo,d070806eb4c0a0352bcc326df5058eb5,,2979,3
2980,3c1b0219277e5afb6f23c8c0d29a51c6f409eb762cf9e74c73f939d42823c15f,61c6d7641cdb63e1444c9ad3b2737b6f7c3a18065df88c260272f2e3cefad080,open_r1_code_grpo,4e1a34bafdb438d9109b5812e5bc8dfa,,2980,4
2981,4d494767cc8a8801871e180630c41652f8dab54eefe3a8afd533a3e74fa7ae3f,754fcca2e4c289756bf865e711d734eda65c9d7764f5d68ff3dee0588534b8bf,open_r1_code_grpo,00257b566a027feb1968e0f7784d875e,,2981,3
2982,a60e5132a4f1b81b527e003541c13f70932d8bf467f496730a86417c6e0b5590,47c6644a47e311f8c0a28505ae85bf2982f375af4da3a525f47cee0d0d452969,open_r1_code_grpo,ad3e388bf28e2becc11c540ef1e02794,,2982,3
2983,1aa8c0d9aa91cfab9afeaf5ba490915047a2a88bd52db6f785c5a0232faf8b0a,ae2e55588d75cc3a436b13a528cf7a74f2c10e7b612feb309fdfe820c78bc1ef,open_r1_code_grpo,93f69c462cce1620d67b4f20d70d41a0,,2983,4
2984,2715b9b5c3c8069d1b7c5d244e6bf99af03417afc31456aaab56a4b45b0042e4,b712c106fc7fd05fb8734036bcb2db00aafee015d39ee1e26a35745f3b206a61,open_r1_code_grpo,9330b22572260559c0ae5fa9586c9d56,,2984,4
2985,f974c176ecaa9782bd09a8d43994dd297013740600aa5b8f4ddb5af61ebcb6d9,00aaaa1cdc4cc98af1ace8ab78ecf8fea52315a752fbb763d142250fa81ac4d8,open_r1_code_grpo,6ebc7b5de09b6f19e97cb38cdd4fd599,,2985,4
2986,12955d4d22a29b5308a63a0462dfd68ddada4b9121d5b3b3d3a4c90dd800ed58,45b10f739e8348ebf023d52b5186e08237dce6ffdfcad3dc8baa7d43dcc25663,open_r1_code_grpo,ef16f806b6d52ae38dad5ae18835cf38,,2986,3
2987,f03c0955f14a9f0b6b80e2f50938cd44d31a0e74c8813ee5622961a54eb7be24,19227e1d0bde9e1d0944040cbda50ece6902ffc7e029cea1e753c04dbefee77f,open_r1_code_grpo,2c5c3a1c45465c08886bf8dd085b8a21,,2987,3
2988,8c2bef0f909f878a3682a641fda874eb758d78311b17c6264ff3d092abbf0135,bfa9e937666db18701a82f43dab35bcc672d8c23543955dbb47da1aadf71d193,open_r1_code_grpo,ad33e25c73d411266ff5878f8a8abdf5,,2988,3
2989,22c1cfff51d06d3c26d88a60bffeccc68071aad2375ef5b3e9eca859fd04f86c,da71917af832ee49309970070bc7ad18b8e33aac4ecfbbe0286fe1be1e4ef0e5,open_r1_code_grpo,6b6ec96bc6b1247d75d03e7ffdd0a445,,2989,3
2990,5c76d338f0d97cf1f8cf2645168c9264e643f9da35a22253e0e423c3260f11fe,464ea7b5a7f78915cbe570aada08e492d272c7ef29dd3b154a7c23692559781b,open_r1_code_grpo,36a1d0a84680a13f92df486918ed80cf,,2990,4
2991,99966ba91bf79f54a0b4572255a68bc167ace892537e1e3ada8f6c53a7515c43,a620eaef9c49e373f49062912e84ae75382f2ad4241ac8f78ddb01cd28bf3780,open_r1_code_grpo,3d54ff0c052a546e1342b3c6ff7c1723,,2991,4
2992,3afd003bbde7c4fbad237a5d132528de39c3aaf488f06ec13cb390c1c9ac39f1,cf6e4988bf0c6d67fcbd8ca593c5bcd41050c3e266738ceff993d30661e17928,open_r1_code_grpo,b5920f16d2a87a6cab3f1737d53b1d90,,2992,3
2993,b1264c32703f35476d108bff9ea4bf55cd5ebbc18c78d5d87229c50fb103280d,5c81eea55ce7b97bb239f4c624adf92520b3c5753eebc325be78774114644704,open_r1_code_grpo,c98097b0ee43f748c2d9566861a4f0e8,,2993,4
2994,3449ee7ab3705180f00dafc545c93bb5d2548bc2e3714618777b064faeebcd89,9bf5a7cb8a137d4010c1b9ddbfb043d4f69fef272c7199629f3ee5ac167321a2,open_r1_code_grpo,e7517a0b76c3de16b751c3220ec6a6ba,,2994,4
2995,758362dcd5e23546b335cc6da8b190a8f5e3f80ae2b017be8f6e7f29178984ab,d2d670c6387f9830f67084ca98ebf66860a56693db3fd2ad6c1e12d9900cbe34,open_r1_code_grpo,f2388320043ac0062b161d0726fc0528,,2995,4
2996,8504e5d38831049dda9c84eeea114ffe53d7388d7ce5e3d013183cf1c582d21b,dd3203a23058d3016c8692356f882b296a8b6f945dc9877eb1228459613a835f,open_r1_code_grpo,48c61ae4218bb404508217b9df7b2e29,,2996,3
2997,10aeee48f2bf630f82b78a2a38618f08dd0eff0fc1d9f08450807ff8cb999851,31dbae9f059df74f4c6791e59c5eb4bae41fa85270b38b893fe24a24e01d1c0c,open_r1_code_grpo,bb06a17c970440f320858904900b8370,,2997,4
2998,366f545a616f235cda08828fcf1d9c1412acd7e7cb1aa2fa14b4bd02d0c923c6,1a3e381c4295197dc88a20f72731b73cf0f450b227f3f9a833de354445dd2e2d,open_r1_code_grpo,d8842011c0208ba85ea129362557995d,,2998,4
2999,8df3497260580ffd21db8cd907c6f4047be4f872ff03f86184dccc0ed9cc5597,89ba1f61cf7d588f98d90dd830e579ae64bb73f2c3a683201aa517b99d2a465a,open_r1_code_grpo,db906bb09a91501a3b46086fb47aa4e3,,2999,3
3000,ce6c2e4c4e2fc0fa91c8ffa298c11be863cf037964596135c253dd397358b80f,6397aac31484d79c6b633971f5e1c4bb5e7f6d3942448ada190ac22acbe7cea9,open_r1_code_grpo,7542f74d695cfac04e775dd1b0d2f55c,,3000,3
3001,bcb2a59b4d02bb642eec82dde23673af9e8d2e36bbd32eb74cb657fe23e7a9d0,1c575b1df56767d17d2f46bf30fda9db02e7838016c06729ec0c4c9167fb6948,open_r1_code_grpo,70a094c11db99b86c22fb1049b360d8b,,3001,3
3002,0bfd2ca246aff7d043aea2132eecae9f0bfb31246c349a4057637e8a1f3c6170,c48ff397b273c723c43f3484b0257fbc32409b19a9fbc76eec1d02a6f24a07a8,open_r1_code_grpo,85118f3ad6e0ead09f076f54bf74f012,,3002,3
3003,b8c8503bcba79ae9cd397e667d7bcbf7159e0cb6ce745194bdd5f213d7ff659c,2661c2264bf9c1e1ee40347fa8b5ee61b415988a1781e69f7f3f34c0b9aee636,open_r1_code_grpo,8c17d1dcb7ce3b74fc44395ba57984d8,,3003,4
3004,2e48b76d5cc4607ab6f5bed95fa672587bf8369de86702f64f69a07e78b5dd51,fc2513b91dc0f2cad50087e9bdca6f1f4ba9a5e8c2563a9e3b6000f9d30f117b,open_r1_code_grpo,4ff3e65e92891cd40043ab8bab7d8f82,,3004,4
3005,a92ef6ac100e509aaaf682d2a1a3700a452a4bb2e97cdc3f96c65a6a9fd71c87,3e10eacbc7af4fa844fcde5996052766f24dc1900871a33b51b71844e42c92a1,open_r1_code_grpo,dbc8d0b1d09b9d53bd79f4ee18a10210,,3005,4
3006,b4214bf5015f0171f35f89a3c9b494b6a39725d142d3ead91bf1ef6e1f492911,2ec422f3fbf572d50ea478dcbe91d91ee761bb13c3afd7ce10a500bc4f4646e7,open_r1_code_grpo,b5129f030b65fce65947029566d23fbc,,3006,3
3007,2fd872f540d7d3e6bebcb7f0130794ea4bee8c8a0f5dbbab9c82417e91617098,94bb5569e81850103813f5df77697bf95083b158bd4d15154806d6217d8749d0,open_r1_code_grpo,adbb9a5dc4ca68f02f25ea29a2789d87,,3007,3
3008,9e94fcea2be443fc97725c0d3ed1513f16505d6e615a8dd1d0172abf393c25f0,585e2961aacdb154657256ea48271dfd5ba8d9719227efc04b45e88a87d8bfd6,open_r1_code_grpo,c4c39db6f1083d16c84b8b6959f054d5,,3008,3
3009,5a034b0db2da22bcb2a11fa6bac49a80d87d36a4165bd4b4ac3fdbd1cb0640d8,eed9bc8ae7b3dba2f9ea7c586dc79a606a1dbdb199562ab52477d7e6c29578d5,open_r1_code_grpo,c3fae41b9d1d6eb16e92196aee260c4e,,3009,3
3010,8e103afe7387a8d207da01570bcfb598e1f75c80935ce93f9accde42ffc480ea,936099fc36cc7a5070e0e27d21e286d47ca0ef689a656be7db34b9e4402a309d,open_r1_code_grpo,8d23d164868fd2227fffbc172b98e321,,3010,3
3011,40145ba5b8282a763a11c4109a0fcf8f8271eac4cdaede4fe23f7ca4ab045aef,524c6d3cea01c3de7020b0f5f2e97a15c7af439b48d3df97b188e1919202a844,open_r1_code_grpo,0b59b18794be869f6facc26f000fab4e,,3011,3
3012,9084bd3940e5b62a0f48dca5fb58ee9a0982804dd1b1629c61d350ea4d243487,1fcbfd0b0336690208c63dd3feecd6d02fff639b6b396e98311f011782ec43b3,open_r1_code_grpo,7676df1cfe60a646b8d7ec6f824e0789,,3012,3
3013,e1723610ca48e7a74de19f4422dba07a2187649ff18646c07f0e686742f58ddd,20d5c24320559d2b9278142031e507ed16fc4ac71ad21291bbdf0c73fbcac0c0,open_r1_code_grpo,e68eee318ea6a4cc65d74acf09c6841d,,3013,4
3014,03c0b86d7b2a212c9ebd2af0b828de7942b6fe22bc595aeebd1fe92ac6b33c60,0eedeb08dfb5eb200eda44d0be6e557203b9092f06ba1fd4b058a4d817f5bb78,open_r1_code_grpo,8cfff93d3d1c154b4506a303b456fa7d,,3014,4
3015,db6a2027b3088f974888dbe87406a9d995a3ed70527399345ecccdc6f4ef44fa,5bf955c41d6c844f79d76c6ecf819bf6fad1b4530f91da32a05f27add3c19479,open_r1_code_grpo,ee7bd973b9e635fe145e37029af9ad90,,3015,3
3016,a4c22330d88dd0478448a5477f6cfb9eaacc0193600e9a1a23dd9611114fb0b2,b5f3e2ff2e0ab98357b51a2439573a0a485a106b38ee262a74788b67a74e0397,open_r1_code_grpo,6f0f25b4a8ce58b3ca297e13a5573fd8,,3016,4
3017,0517a5d5be7fe6668b5880dc5d42c33987833947e838e47bc532dfb67efe15dc,d121e2f58cf9de7de5a440e2138f9ef56df9e66ddd07a6338da8e64a02af7445,open_r1_code_grpo,85075fc2d7f83335d2dedfddaa55f25c,,3017,3
3018,f180cdaafd4db909036228e3e4c88ca7acfd0835ee7f7873115b1e4824106251,a20ef9c6113fe509d31c2670608608e73e56ba971bdd56d3529f5bdb634fa434,open_r1_code_grpo,70f132558f630b71a26df14b8dabc730,,3018,3
3019,a1a169334b113925bcf79dc7cb53cda4aa4c73c18b5cfee6720027030259711c,d4ccd96b410a17565fd758ecbb994e7089094894251b088ff7a56cc61b9afdb7,open_r1_code_grpo,e08ee8f5d3261b2fafa89c4c6ca0b57e,,3019,3
3020,a157613f450edaa97582ea5030721cd71cb7fe38bff20bccaa003fa32f893194,4ad17b9589e539e701f52117ac75951a757e835d7837c28f539cc19c6a0eea0c,open_r1_code_grpo,1503fe4b3725f13cff3015e520765ded,,3020,3
3021,0ac4c7b13c7a8559046aafee8e6e6cbe53a24f1e80b2ea5df9e5ad849ce6b005,3b8271ca7261b8aa2a3610ba94e7b483d1507dc584d22b7bb4e900c3915cf4db,open_r1_code_grpo,cdef4ec891b1ac51a5e72bf05e0985eb,,3021,4
3022,abe22289c6cfef56fed47b3a60bef6ba7f55ddf98e95f1e477b14307387ffbb5,38d341d89ffa2715a9273a0bdcf81bb22d2ebdfcf3ccbce1e9ab62f8022a7f46,open_r1_code_grpo,b2337914f9cddfbcc13a8b025c7076b6,,3022,4
3023,a2840f6470688f4d04e375c444427c8da796b989cbcaf99169c66778c6091031,ea3c822d4fbeac1ab089bb9e690b308796febaf8783a39a61b5574ab38e7a5cc,open_r1_code_grpo,fcc365915303cea91bafccffba75a637,,3023,3
3024,ac54c30f72d65c94f6bc673ba9eb3cedbd8c9bb05f5d1dc47337ac5c16b6dea5,f3668bd848f8943f2802255f05ac73aa3fbb569d018f86c79a5be631aec437f5,open_r1_code_grpo,db75afdda2aed9cb87dace2f3d72ef52,,3024,4
3025,b11a7edf88741597a5392a537b6dae645bab188516d630055074336eedc63a5e,d479386f4cc3de92c061d4ed14cd9d8abe22be16acd30aadaf5cf7532fd995f7,open_r1_code_grpo,a37a000999ed36633785b88a289f42c0,,3025,3
3026,eda5def095aa9bf8a1d9c3c1fa0d12c64322a3c19c758a788080a095cb1c67a1,6f1e8bd10b33533fcd9119b1ba6a22ff9be38b6335fd21374229cb9459ffba4f,open_r1_code_grpo,0c09690f44a070c59821277d9e257768,,3026,3
3027,ab53645e8e1f6ecca2bfa6e9afd1d9ebce21e831dcec68934a279d3dedf7f303,ebe85043a7d6e41085f81a23adfd03574838a0d4888917accb2e24b51a6389a8,open_r1_code_grpo,b533abb450cc32de64e82641d45f9899,,3027,3
3028,9414a8138b3e720cf2a14e8e53038e13e6fab600b5fe0004bb911f73c3eea1e4,e62cab893920447e92a27bc875ae6504f794043ef83afa2efac8ab5b827a3734,open_r1_code_grpo,f4a01b245f83e73418b2aa1a1f731f82,,3028,3
3029,9fc882a6292a9b2484a7ed0b6b97ef875877a64def3826da96d8534f1d36a564,23e88c7b80f31c1f5f8630b9158cf91db747ef9ade1143088c7d5eab6182cf2c,open_r1_code_grpo,6ef95b1e0602ac2f94a6e8b420003870,,3029,3
3030,96add86abfb1314cdb6b66c1e0372edab8eac5c0b798266f3b0b876e62899ce7,d228c9cbb1dd91dbf2975bcb36a77dc8e279fbe07a9367809fb6579e0d71a93b,open_r1_code_grpo,40b37dc2c88781e7ab7dad3867109525,,3030,3
3031,309ba373376bfba24fdd9c63a2add10549a523cf1f7ca3ce579cd99c7e216ee9,2f91493f07fc8c3d931732670c066c9ae0b8b9e4e08b4254c36b7aff32a5b4b2,open_r1_code_grpo,1f9f20b45cd0e283bc3cf95f3cef8bbc,,3031,3
3032,29daf8108636c1d5f6868bff83c17ad76e3ced07c17d2964570932fc470522b6,fa4d27ecdcc38f34ed0fc7e730b24e5252124f378b34edfc1b2f1dfe6de3d755,open_r1_code_grpo,724c287f34d5d76b9aab488bdb4a8981,,3032,4
3033,b3a48bafc142c689d61f8c7f7b6d74266d25050841a8c440cfba900d34097903,197b54a517c311961a9dd24ae96b9ba0c03724c6595c8d65313ae96923b287d8,open_r1_code_grpo,03376bbfdd2bf87443e1fa9b1f041bba,,3033,3
3034,d934a98c641a8d59a29aa600fa62ea2298d03ed3910404deb9c477806a6772e4,a0f9a7de692a43494ccb8c31c52b271e99c3ff1c36759f184f81ae29c20ead5d,open_r1_code_grpo,0a3fa49d2b7c0176cf3bbe9343c79d7e,,3034,3
3035,1e5daf9d0e9e62b3dd13ac9d9e25241552db3c44a012adc98bdb5fe03571f334,94225c7d9fce2b6e6c41d4f4121389703c6587f1e54794f564487fbc51c9b6d0,open_r1_code_grpo,53e36391547bebb64ac0fb36e83b90cf,,3035,3
3036,a2cb60d8f2f4420128bcccdb863e6990e7d555bc79bb19015dcd1a1dc8f72e33,50dd7dfa12ed805d7a2c4c68273f925a44ea7b08c9cfdfbf168273ea66f90216,open_r1_code_grpo,df7dbd2433bde09b844ead9a6ddd0079,,3036,4
3037,6d8c5535cdba65ad96f1f20057bd9158fd15dd13b441f36a6e8be68943363994,ce95469eeec5655978970962e8a7d9d6f9a5cbdd957db5adee4274f0548f0a77,open_r1_code_grpo,2b86002298fee76ce31cd51678714aa1,,3037,3
3038,3b9259fc3260f2e672d5f3070a3fa1637b2ec062de350a871cb5f17d89308df2,2191fd84ffc271fd2732a90c82823365528e13a03d01726584cb674b68820a4f,open_r1_code_grpo,ccc55d8fee2ed9e6afc8f2ce55e0d51d,,3038,3
3039,be18f962d338188ddd66bea77682ece8e892db814b1bc8973b20460aa18e0478,703b89b9fca997daa6aec484a9c80e2521f858c4253fa6b4165c431e4519c1d9,open_r1_code_grpo,ef983dd16d4d894b6cb621ba22b7379f,,3039,3
3040,2c1892bc958b9f60a66270bcbecaddad490040d6d2adae789dfe4ae8ff49fad4,0428447745263c8026bec0df1476edcb6dd53d0a9954ad27e835e69d17216847,open_r1_code_grpo,34a154818e3450e005c97963b0f38bef,,3040,4
3041,2fcb35eed80047aa8225ff34f446878ef330b4eddb6d1dc2369573c40631570b,5ed0119ff964e1ace737bdb716f5c8676749438856d8f0a3d4eb0d4e520c77f6,open_r1_code_grpo,d687a6165b6006a8a445302b86e4b60f,,3041,3
3042,47f7caa51dcc6e4d2680ca80a669bc819d74ff63ba557cbe3d78d583474e557b,ed465be8f1f2f050b78abe2b3a18f350cdc7e1b035defd0eb4377c6a5695eb71,open_r1_code_grpo,89e9724d7cdab6e496e05f1fbb391cce,,3042,3
3043,4fb5cb41c5e5057a5208b78e04ea18af59af5ae789376f0d5bd16bd6c8342b67,cbcddb32c39fd9680a02b63f8f583e893213528247e133cc5637309e0b43474a,open_r1_code_grpo,2427d1ab9372f44ceaca857193549f54,,3043,3
3044,af03f4de7222b661d4fff973c0e128d2593308143b554b62e699a481a578fabd,607fe95f592530a79c175441312c6be6f8950e46849405111d732c164726dce3,open_r1_code_grpo,1e86610e6e1fb03a7fda2809e4c69326,,3044,3
3045,ca290fc58ae17e0030a7e314b88616486a320ff8280be5aa3d989553e4ca3a09,931730cb95e238eb9fc26e185305bfcd087609b9a420bf72da95d18e9944ab7b,open_r1_code_grpo,a92d34c250a58d0f176aaddaf28c88f4,,3045,3
3046,2be50ecc9ae85dd249aaf5e5c03c28fabf2528629e0ad5fe3ab5535d0b68ca54,9e8e9fb42f38186339c014b9a126d827391c521c2aea566978ba0fd5b3912540,open_r1_code_grpo,d64ee801597294438b5ff7bf5168f4b1,,3046,4
3047,b55bb48d50f9c5c75b97d05286e24c3304d679c4074418964b25af32128a3e8b,5411950c898c0d72f82e74b24a494b31c972bc82c826fdb77f5ec0dc63d39df5,open_r1_code_grpo,1e88877108184b4bc860b8a4d7b11d00,,3047,3
3048,4d0775efccba73abdf7aeb740ddaa8823a0241160fffb1f1c9983e7cb03f33e0,fe2e1612a3aa72d5ee7abde0632125cab99b1f4e875d00274cb9d850d9608789,open_r1_code_grpo,47024489639ccf76dbc6ea9309ac364a,,3048,4
3049,1adeb92850fce52f286157ca89c80581cce1a18094acbfe7ad7c52504f29d13f,b2e01a6b62cde896b4a872c4d9dce562ea7394dcbd11f8838b64dd12ae7f10e7,open_r1_code_grpo,f300e20ef32c6785c89f9cd53f81bf6d,,3049,3
3050,ed52721e5facf7964cc91dcc06b0c943750f13ace3836b8ec12f02a4571ac829,080373aba9a77431ae4067100b8b92039d31fad9f145c14d98f111a876d41df7,open_r1_code_grpo,8f4579a026adb1944ab0fd0962697902,,3050,4
3051,58f8e6abdaceeddd196154f3ad4b39adf873974be66490e86ae5bf5280afbc48,2df2c23cd43af3d9628714104288a56873ee53333404bcaeac876fcf362ba6a5,open_r1_code_grpo,61f7ba1132687392d5b8a95eb8cc9472,,3051,4
3052,13614edce9c71cf75530471cee0b024abe6a84ae176139525be0f5e37662c301,e4adda045e122241788b781889bdad909b905b81ca6521422a544962c89f3e7e,open_r1_code_grpo,82c99b6042876f0254171397d6b393ec,,3052,3
3053,3bb0fcf85cf11bda9858cdc8fe1741388e56340dbce9a0121014e28da3b3622f,30b5c3952adad27cd1e4c5be000279a1409ac5229b1e054c721db6e9b1718e81,open_r1_code_grpo,b783d84015efd21bc3fbd657ff0eeca2,,3053,3
3054,ec4f94ee46ce27a12cc8f931e80bbde0cda1a867dc3ba3b552e834fe67d7b79d,d7ef6ff5dfdc5497e870bae882d36fdbbcb439357199f13d5e99932f015f5db8,open_r1_code_grpo,c37781e0041a810bbff40b8703075d60,,3054,4
3055,cc20f002466d1b7a4683743786d7ccc0099ba45e74cf175a0ca37f98d3055bb2,211ff30a4c578fe7f4f7ff3d13b673eeef7a8322820094a5258859f1fec6ab64,open_r1_code_grpo,c9cd8a6f94ef978c7a22fd961be9e7b2,,3055,4
3056,ce0d59d1fdc0559b5970adee5c2e76997f678b4d1843e7911173349e889c76b9,e47ef5aeffd41d257f9089c622fb614ca19c6690cba288521845924e9dc7f3aa,open_r1_code_grpo,d91b18435799e18787477394eeab1908,,3056,3
3057,398275df473e38030fa6e223d4398eae04d87eaea1b58e6736687d1d38338404,4ce28e7b8ee1a95a35779b43cf89a98321a485c2a7b00a03948194121a891c81,open_r1_code_grpo,9e302b7bc1b5a4b7d6c91d6d633a3bcd,,3057,3
3058,f86d14ae5af646c9158de436ef5daa94fdafa12a78d0bd1a59c7439ef3a5c69b,d549158e2c25f3e24b7e4c0b47d6f6cc7e7caf99908eb05fe298def29a7b26f4,open_r1_code_grpo,443e2a0541697b02a987a9e070c401be,,3058,3
3059,4fe43a8ff49a708d11eabc338f3b9ccf909c1c3a12d2f1ef6d60d671664c9ceb,9b96fd161624bda2b203f5e2ee8ec9f4c5cf4275fa576d7347eae348ce61b636,open_r1_code_grpo,5d574f2b2eb9c51172d4c91619e11c9f,,3059,3
3060,3885180961ddae496d0483aee7d9c3223019919f1879a8be95fce805c7c5fd95,b8f13d7c5262940d0e3e31c48c485d4b5931aa8a8f8bdf1028c1026be96075ae,open_r1_code_grpo,2d6bf329a464cb2b0f607c25277d3308,,3060,3
3061,4585af1c456dc122b62bd5f6b1363ca7983914f084f7718e2dd2ac166b1e6afe,013551313b85d0e031f73c334a7c28d647770b23725709784d41aa48646fb1f4,open_r1_code_grpo,99bfa85a41dd70488e1b8ed28e3a7a5d,,3061,4
3062,064434e9806b8138673f86cffdc15dfbc992153f8e2011eefd3cb2f6c7320c05,72ae6de99dab7b07db4320b608af6f25cf834708813240f00425e05ca864e82f,open_r1_code_grpo,675fa1e2690e3ede9200423f68620cef,,3062,3
3063,cfda48190546e081d254f8e11a68ddd8c5f644af987c62e79c0df2b39300fede,3e5e4514f0dbbe443b82543d3cb18b64932bf9795037f28188c496e088758875,open_r1_code_grpo,d5975192902543ed0272d63ad4a7d72a,,3063,4
3064,cea26dd7216efee99af366c0dfbf11a9e7031a72e950f31838e7fe23d06d75e0,e2832a9f063989b2b8b47ee1fb4668fc9dbd438dc9f9f4848b54a723fc17abf7,open_r1_code_grpo,330c9ea30fc1cd9e0dde84eac6364141,,3064,3
3065,a4543ff0328fcbb9d7f268d0f5de65ce35b29a69e137c00b6b8eb84c6b22d984,ceef46dde00246ad72fcb7fed38c85368bb1974697559d4f8f301d62ce7ac0fd,open_r1_code_grpo,a3ee5a97275eb8a5bb001d5440e32695,,3065,4
3066,1aa963e07c7d9fb4aed2c1e671315c079689611059ba601bdb992d8004ed59c4,e3561e641668e77b024dc31dc0792961590f0a3ed09dfe39de5cbc6d249f98bc,open_r1_code_grpo,8dfb7b999626e5722574e139dddf6244,,3066,3
3067,61828f0aaa9cd2dfd6cce4b240a10325dc37f90e1f7dd9f44f580f35a65862e6,9f1f24fcf50e66433d67be52e0030003dd0292cf510a30bff593ab4afef65ef0,open_r1_code_grpo,e7bdf0548cb4db50ba05a3e6dbbd1d63,,3067,4
3068,3d69745542ccc79ad6799291ea45d863c0518deb001f7d96f0137cb0fa83fc0c,2b81ed8ad80bd81c1dbb034e2ab34d229eea70c86974741d6ef5fbbb21b56233,open_r1_code_grpo,42f4e7b7212cbd78972eebba93eeb459,,3068,3
3069,b51264b625655ea245aa0b2de5c3c28e339e3875d2edf958ba2ecda0ec381632,fd099c7c70f289ba9b1ec398efc3dfb1baccb1bb4e2b2d91b4523bdc85da4532,open_r1_code_grpo,c5a826388f7a4fdb8bc156a6738ff95f,,3069,4
3070,ea2e4f4bb6a672850718f12df2abfe9102ef1e7d8e711eabe4760ee0f77f03fd,5fa0c95f41cca3ed3cc72b32bf5d2a986d2a5794c516b45dca2b3c1e04577cd7,open_r1_code_grpo,98809803ad11158b80df052a492d5d18,,3070,4
3071,786398a572c5d3adcda78c303c58ad55702bf76ba321d8db163447b49f3d292f,9300a14dbd15e5db67e52401385e758846e56a3f7073760d0dbdd5fdee5682c9,open_r1_code_grpo,a97b4d8ecf66a1d53d3df158daf0648c,,3071,3
3072,248975c60ce74b7323505c9390053594a0ff00c3523114b8b8afba4bcce562a4,9f8e83f1684c0448703923ccf6b716945191df8d1af8e05b67ab361e634edb0f,open_r1_code_grpo,ad0ab2ca9cb1c7185ff5e3e6d6625c98,,3072,3
3073,66e90cc9f333d68485be0be435fa9aec4190dc8c602aa5e53a2cdaf6e5e18116,9da024245bbc7ecfd692a84d7c28c849feda2b09af6a9fd3e049ae51db6699ea,open_r1_code_grpo,b934db3b986dcbd42f764351778e93ee,,3073,3
3074,9ac3eb43aab123594cf19c0125d0f84ffa20adc5238689aae2d806b69fc965ce,52f387957115ca193612d8469a4ef2c2df306e4b8d4ea07c50975deb39d623b9,open_r1_code_grpo,d41d0edec316c4477c7c72cef8073474,,3074,3
3075,de5198a4775de7bd3c10324dc50e5d74eaf38aa553d50e818a8d0be94f5b5885,79f2bab3a9a6a40e4b2ddfb6153914972da0f764869544953687ff7dfa0aa61d,open_r1_code_grpo,1f7115c8d3e10af7db4cd12677ab0eef,,3075,3
3076,5263819df051e43febb4cef4c3765cc247e7893a73ca70d383983c981b7140f6,af5f6c0842b22cc7d765031a4dee01cca71c8fd264e310d092a8e559c4bd4eaa,open_r1_code_grpo,07df6c35dd591ab1b72b6c3f92594623,,3076,4
3077,d0ea073cf0a626b72fdbe8762a4087e98b98d60a038e3d7d01dfb0328681d745,3f22b957edc3b88b7b6748e9bc8f3b4f857bf13d26f9d0e96990cf74eaebf256,open_r1_code_grpo,f49169f3143fb1356b449bbc7d86d081,,3077,3
3078,5b8fa012cb605ab04373ec72f63dabe780341cc38af0f283113c22528dbfac4d,2fb43477faa1c93c9c3c0d684f7510381966742563777f9b8cc04c69d9ff0427,open_r1_code_grpo,84e071d0156485eedd8090d2ae0f7e55,,3078,3
3079,8b67331af7413198cf13c5ec758c2849ced87e976102807b4f9377efcb15f6e3,730d02ab6162a4f4085149bba755b2bd1fe9c827c877846ad5db04685a9156cf,open_r1_code_grpo,5825b5f94e3333bb6bc4f1c7ef5c2f8f,,3079,3
3080,40f303da514910a31d45b11b619147cbee413258ec461a69af54b59466a1a08a,b3e69d040e963197aa259ba952f385cd5e16c46511af1b98a237dcfed4402195,open_r1_code_grpo,76607001f7a978b86ffa667f2f6e58ce,,3080,3
3081,837f4b942c0728053a5b07430159cc867d53174121e163a31d6b0af702105200,adb631c5eb1469dc92ee4371f4565689929ed01d397dec7b0068a76f6cb6f724,open_r1_code_grpo,4cc992bf198e62c6cf15276398d2668f,,3081,3
3082,3a323eeb8270adca1b66ad0a908e3533f9dfe1bc384251fba373d4762c89ac92,e59dcf73ea28e30370eabd67cec2f606f60205768e777701d6e634ebbbaf6328,open_r1_code_grpo,8b2f6811c4fb8ccbc162038cdf400cfa,,3082,4
3083,17ccfa162292239314b9174643dcfb4f2dee496d835e75cae5ea01be78f30b2e,705436a8bd0410c8a8f85e82a872f4bba3b1d2cefe510ddafd4acd9036f87a28,open_r1_code_grpo,08827a2dcd147c924414a43df16b15e0,,3083,3
3084,50b95882e7159a9744d0d0aa0650138191aa14e5781ef5ae15cb0ad66592eac4,394ccd986545864fe87f56644ea3234e65a74a17a50165905a11d1987b180187,open_r1_code_grpo,b02a8de053552ef415d1ef5476e4f68b,,3084,3
3085,7cd5c69122a46b8ca90953299c1fdc87f8f5d869e6cdae9075d93ea7fb3dcd51,905b8f8df97d1ddbf129cacf28dbfba7ae44ea45634a37fbb31eb56521661296,open_r1_code_grpo,b0af78a4680dda2d818865783ec3f980,,3085,3
3086,ddba62b995d1f6cab38ddcc0e912451a7484c48336e9871720c20b8257034193,3c7b0b1ffa0d6f7a27253c97696f27b9db9c31c607f093b901ec28169092fa73,open_r1_code_grpo,902a2124a5c058e4f844784f275e62bb,,3086,4
3087,c4c50db5d1df54e0a2f5d7c24fd7d5ee2a929bb4806aef0723289570fd086a42,a69d3d911c77ccd00c88638b04a469d3e286409d001cb96121eb0f113193e051,open_r1_code_grpo,206cb22cd38bd5f0d3c8bffc54f78428,,3087,4
3088,82765a1bbc1e2529f9e1321b01e10ae2adb5124dacbbc0b900c7af2a9b48f8a9,2e0ce1cf411b00c11fe271bfc632532327c6e6c11375282af1460617812ea0db,open_r1_code_grpo,bbf285a458ff4154ff1cd3b3742253f8,,3088,4
3089,99ae01c24a0d74e8cabfff0260af22f5f1d2c89441f45d2644683b4d81e29df3,6fabe0013de6291ced20b03ccc038f5abdc748544210facef3ae095570714dc0,open_r1_code_grpo,8f864a7fcf8f3332c16685342db39f7a,,3089,4
3090,5eb0aefca4ac278823a9f4b72175df60af1d39c5ca404d806b19c29fa0927612,652f61c4a07d21a27fa7cc9848f7352db4168d4eb4f6ad6c6a3320f501faeccb,open_r1_code_grpo,b543c72b02878c7ccf46bf4b42bcec84,,3090,3
3091,0c3e9089d69cb71d950596f2883bc7fe86e9711e2a88e7e0e8d1fe30ff41dcae,bd4ad48b267bcf6401f76f48715576a865488f3a1ef866a2c7aa3aaadcc70b87,open_r1_code_grpo,6f39c504faf45949836ffa4125a0a0d3,,3091,3
3092,6b24601e3fdfbc738fb4c3600a0e04f7f72fbb2c5006b102df14211ce60cb1ee,51cdb8d435a0258b18e0057b6b233cbf3591ab7199b07de9abb3d486537276cb,open_r1_code_grpo,c757ca18c3a2a1eafd46a16c051b52bf,,3092,3
3093,a8349737f67541aac04ad0ae0f3af6ba9af62bbc6511ef2951963dcbe5e1cd4a,40ed0414fcab3c836e254f784a3575e3bf8baf56827e0e6a1807affea2125f66,open_r1_code_grpo,6818f4627340b93893fcf2960260e30f,,3093,3
3094,954f38dd759baaca66f1016ac5f61b55cd6a5ac924825a4cdfdeb759c4edc889,f3fff409106620eb5734b88e121b6bc0b47cd961b2b6f7674744fdc09588ae19,open_r1_code_grpo,3a8a562d08cc163b0908cbfc2bf55cb1,,3094,3
3095,c24c6292b45868537f636f43bda001258a53e5e2a6e0baf906a3de3723b5efd1,7bde907f5fb7a162e5a341663a622623ca3c90d7358456a335c558a5d5ebe33d,open_r1_code_grpo,b341589797e0d05781c7c91054436564,,3095,3
3096,853fccd7230db567983f51753a1d6439c1033d83930442fdc7a642fe92b9ba32,4e15cac457c7c580a5dca9c2f84fc90acd45c4a8b76cc0c3b593d59be5012503,open_r1_code_grpo,0272d9b60f6adbce538edd61db77bb98,,3096,3
3097,a3f4f53792e08205d667cdacb4dde488a76a3748e5ff5af87d8e9d82be65e7b5,ea5ffee5f8fcef3cd49cf3c786bb51a1dec38e35023b48f696be004ec3acc488,open_r1_code_grpo,8f5f805adf1f1051b8eaa41ad1cd11e9,,3097,4
3098,c7330c7c6e17a06f40837a990a7dcc7d78ddf52b6e2bf7728e4b11ca7e66b5af,0467078ecf6558f61a843a5993d30cad1a079378ddfb1cc658efdaff358fbd3d,open_r1_code_grpo,c452bedf254209029aec300c938fb2d4,,3098,3
3099,508f0f757c5ab8dadd9a345a933286592523059965cd8da3f6e0e9a823a8b9a6,83ecafd4c14c47d09e70e40526a791c5865d7ccb001f86d92506731c3086345b,open_r1_code_grpo,85aff324d3d0c99a0c35275048c0aee6,,3099,4
3100,91378d86b0ac979a39fe52d8ca4bbe86c8f1c8c48784b17698b2521f5c467197,ed0fc423b3ebca25b774a92f5950960491304ce175b9605bf8233444f51b2538,open_r1_code_grpo,7c9c70f5599efb2a58201a852fad7b5d,,3100,3
3101,3d3b0af8023d89f327259bbd3ab4151aa17b6195d55514c133c59e3b679a3268,a4891fab2652c2b6b64fd703abc9923ccece06a584e8680c61560b9d93512827,open_r1_code_grpo,3d656a74c23fd13cb8ea47ff86131803,,3101,4
3102,e1cb85c301cfd83fb327e63ed87dbd4b6f9f1336807674ce1383c8492ea46230,ff1bcfbdb80878a6be7d86a2f87f140fda9eceba263474bcbd81ae829285962a,open_r1_code_grpo,0cde234e110b42aa5cd19d30b8c40b13,,3102,4
3103,e3d6da482f713e0ec79c2474ed2b014bbda0a610051a85876caf328ae0fcea5b,35ef62349facc03580fe1cc0984b63db30d6599ef2346b68993c7ddb35f43ee3,open_r1_code_grpo,b19e6633de2f62185ee587e0fa282cc3,,3103,3
3104,6811082f1f50c16eddf46bb3e84d66fe09024a161b479d2919a5d1cc17a1fc17,20be3a8b04f9c8d86a0b3a03793971d5ba57da03d77218a868d0a5d87effe60d,open_r1_code_grpo,47513128c770f4c134f7b072669d5d9b,,3104,3
3105,b7c9c169a9657c6b11131909638d76b3db371e74ad20de8fc866900bb5f44948,09a14a3a77f19fe60952631299ff88f014d9d819b1ecac579731eae47259f820,open_r1_code_grpo,93fcd76418c5c55b39f4bfa15f54c13a,,3105,3
3106,50b32319c304e23f1e4952dc7ec04c91c702516bac0ba6d48712636345445a49,38b1d79056e7563724b653f1a0652685f83b03baa27838544d086aef56afb16c,open_r1_code_grpo,94a843594bdc5ab59c289dd4e3c5a6bf,,3106,3
3107,440108c2b303c002e8d562d9aaba73293f4c3790728c51430f234b3983cf7bb0,9bdf97b6bcbebc024300789f07f2c9e1ce81e27a14f0c4dc3d4b640de2fa798b,open_r1_code_grpo,605597ba4947a0ac916f15b6084685f2,,3107,4
3108,bc087889b5b6d11f0bd3824ed6045c903d9e1b6a665fe6e74104a7c45fb3d6ab,b8db01b1bf41982f4b9ab9aeb10f9741a90e88cee218d4bf7442ff891c3cc5df,open_r1_code_grpo,9f0d362685c9e5aab3436d4d3647c1f9,,3108,3
3109,e348395f197cd5b035afe5537aac7e9430d6ab3fcf5b2302117b7fb8fd7d30b9,3e7ab7aa78794938edd4f4ab4ccb286b6298fab1edac20d6ae884c008851392a,open_r1_code_grpo,47a003da6452e16cd780b9506172fdfe,,3109,4
3110,7cab9e243b9410b0388376f83b20219ec7e149f55110c2e24aacccc0391566f8,52ce90c83c4b8db954508b58bb1e8294ee11b9d212b1aa980377c0d7c2d303fb,open_r1_code_grpo,d233f4be658128bf5263d1c08475a1cb,,3110,4
3111,c57e0fa3afe0983f64b09e6de34acb82c8773b5da18992c6e81b263dabfa1cfd,ea4d61c774daad10172b8133e1adff9e9a0ca80f8086a104d7b62b3f9333688c,open_r1_code_grpo,ac7d7ba0447fb62c3c6c6bf80b6e5e61,,3111,3
3112,e965db226d1b2be1bff513bbdb0ae85569a78b91da7afc3b06f4161909f55fa9,d2fc7c6d7dfda0a99f79c309cd7fa6025706cbd4b679a6622c8a4cbf8e01e90b,open_r1_code_grpo,cc082b202dd96b055e0717006b1aae3d,,3112,4
3113,b609e7b827aac8545aece40974b9d26faa8eb1c66b4539a68ecc3f14f724c727,cf1b7db54fc645c2b99901768e82cdf9de6440fc4e83db6e3b522929bfb1073b,open_r1_code_grpo,b676ac31de1ff4293bf2fe6493027fd3,,3113,4
3114,81d3cf12f07a909b1be488db8fedcbbd0223de746359166a8f520fa06d0d77e2,2e8794c8d73b6c2dbaa9bdb2b17ca88122ab5b0637dedd11783c7f6f0ec5fcf7,open_r1_code_grpo,df0ea4b068b4e48474de62fdeac97a3b,,3114,3
3115,d308c9e7bfe7ce3bcfb67785b03ac69073e05b9ed792fd48283aa776f77a0446,b4d47ce5bf6a0ce4ed822ce1da1c08a3f52f25ea8b6f6dadcd5272db71801163,open_r1_code_grpo,308f7b811d390cd92ade63cca70c0293,,3115,4
3116,31c2a76ff038d8462ca3e86811debbdcf193839ab56c4ea7726b2306bb12f82a,f50045034eaae0c97ba76a3d50538c0caa62153b16eeaad7228b4110a7f4142f,open_r1_code_grpo,7c095d04b7eedc135eae69acdc70ebe1,,3116,3
3117,29b2d5705907b2ad80d0b6bb5ed4d886a840f6113aef0a50af367b356e80af81,8ee1385fb9e8b11fe013dce68e29033ce764bc112a110b7fd7cbe691b68dafa2,open_r1_code_grpo,30d601a52678e73f6505cb10aef3145a,,3117,4
3118,a7f95f97c5cc134d8f197fedf7c628772f18a2a3b0488795b7e31c76a254f746,a8edb7066c0b9af2cc5859a3e432882f90668cccd14a5d295a6e90c13e169f14,open_r1_code_grpo,03379c3aadb1101c65b39793c4dd904d,,3118,3
3119,b5e1491e47ff9fd7ace9c0fe161a59eb884868d69564eee37a9d8771f560101a,6ff2222309755f3d2e1ed7d4d62f94e77f112fe78311e52e7a482b888e6c6e7b,open_r1_code_grpo,cef15471e0d112d1bdcac8274d6aa544,,3119,3
3120,c37a0739d485e851425dca962e9046e135be584c1e637f1f063184643856e030,35af3c50853bf08a6fecb43f06ed07ef5eb38d3cb8f20195c1afb18656ef2927,open_r1_code_grpo,16f46d4003bacd8a4628ba26e566d555,,3120,4
3121,f5396012b8af39563614a809bb553befe3daeefcf944828d2972b2634928165f,1d72a81882850f9ea2b64b8c070a9edb60fd63807e596a97c33dd49c408aa9d4,open_r1_code_grpo,1d1fd4dea2d4388da88b60c35566ac93,,3121,3
3122,14cb7598a9351c6fc1f59237fc51c43514f9353de6cf16ec19292191d273107a,ef4e0e4947afa3c9f08181385fad3031e215d669fbf4392c1ea695581ec8beaa,open_r1_code_grpo,6c9f2d2eef6d5bebe8e2b8e263f8b745,,3122,3
3123,1a74f8f1eefa4580bdbe22e9cf379e7bc1b7997251e3ac60b80d92d95c288755,e93cd075ddde7bd0669914493353b201f348d6f6451bcad7e458fc1bc817f075,open_r1_code_grpo,eded927dcbd9a016b203aced19f0774b,,3123,3
3124,ef066b3f6cd81574c745a0dd1b6cc8641f576afa3d5f27e50e16b569e60dc7a0,43b257445fdb6403f1fb734c6430d21d87dfcf655ceb4a7e1e06231b916c1abd,open_r1_code_grpo,4d69a8fc74bc803dcf8784ffe3f9bdd7,,3124,4
3125,c2cae0721494c3a981da86bd3eb4052be0b92bca0ca852cf56447f14e07ff37a,f736ab68c738a5acbe25c8686899b7b479a7dd532916adef8cdc422c2f40dd70,open_r1_code_grpo,f781f083116dbd6bf227493a17c3dae6,,3125,3
3126,a7bf8328bb012c8a54985b38deacc4d0ee3a2b60e58cdb4b64e7d8b82ace5b40,392b676908caab7f84b33b9957a67e6c59eed37d50e4c1042613dad91a09ff84,open_r1_code_grpo,d5112e3680f457bac8a539fd3026cfb3,,3126,3
3127,052c45a32008c282f482a992088eecde9610078c503f91cf17f2c60787d83882,35a797955fef64ed986af6e19bb2ca54cb0d7e6848f9d4a92d49af80b6aef32d,open_r1_code_grpo,bc9138da70dd708e67556d23e0774a05,,3127,4
3128,ef7eb0bc4625971de86c2759c51628df58fc3a64632b534a7b4ec9bcf5c848ae,b8441a2b45b9f0170cf63c8ca50a226d7676db5fe4c27959bf4bf2862bf18dab,open_r1_code_grpo,c743dac3a462e8e7705979fdaaf2e54d,,3128,3
3129,c09864c963b4f6d0c8e7ad45a056ec0296cc20f5091e2087fa40add3df17fc65,c823e416494074fbe5fea64d56597a5138226eda1fd286702cefee745154357a,open_r1_code_grpo,38e8973ad0847335da63f3c514801fbf,,3129,3
3130,d388fbf654a69d7110c82ae2175fa7afc8e58f864acb84f235384d62bda209ab,1d4b82a90c6e1010edcad091055f50a72f6dd181c5b004c189fe8f85b41086b0,open_r1_code_grpo,db3819d98764455987c1487ff5936389,,3130,3
3131,648e9499a193161f90f954de368965c56670224f1c112f07132d57b3487a43fc,c42aa87bbe30210492c233fd612a92a4f86375e9863680e6d6ec361119c70d78,open_r1_code_grpo,c172ae5054d71c31e4ca12e53161d821,,3131,3
3132,6d9176414c5667383c14d2b62a622b571e8880d0dd1b57e3f146314389b102e7,2e2e02566ba6257369a53fd4a37e84b1ff5306701207960e0388832b0bcfffc8,open_r1_code_grpo,3b2f5865a78f0168d6bc5ce76f9c0994,,3132,3
3133,d0fd3713243d532dd24293e3e81c80a87b983993a327bacdb2b981da98124d96,c8f98e18882392c656219e94c419be9cec82d4f54e33302c84669428f25c683e,open_r1_code_grpo,25c630c07a94b0aa44a3311f2ff3b73b,,3133,3
3134,829da5fed52840ac527e1fa310699ae5fc4f82e766b5b337a86b635d28c3d503,a0a2262891c7a91a2fe4d9cb2f41dafa38f4710e5babf2017e39cba2ca29a482,open_r1_code_grpo,95d32d1da0b5a6944b5a2109dab0030f,,3134,3
3135,0c3bc0c9b2cbbee657fec865cc6cb0e56a72e56e0cef9bb77a0ed1a0cd155d25,e668a1380e43c6598f2052b7fa1d749247ac21a7969bd687c9a7b933b7d92e0e,open_r1_code_grpo,b98e479cd479094bfc60b83bef1b0476,,3135,3
3136,3e3aba9cb20b72f8dadab5ad9fce51ab02f92bd22b1c64eb284068b3f5631cb3,85186c478042c08b0a942093afec90240164294e5516dc33e61d840372c6ac8a,open_r1_code_grpo,91f1256f09dbb552ac3fde4b4ecd8e7c,,3136,3
3137,68572249103c5ee527fd5d5a4172c244933ed51e864abbf26858fed2b6135737,fadeb804aea308bcb070f69419904e7233ea2d0c38deee3354968d4f662a577e,open_r1_code_grpo,e7326ff74fd706e7101536f0fa722046,,3137,3
3138,4f7ead2ced171827db55d525be0ddeef3fe956f739fd3d21daa91a5429690d84,c5e45673cd5a3c7fc87f47677f330b0dc4b5eef5636d016416f60d318e591cf0,open_r1_code_grpo,6533a8055a82403178d901f148a92c0b,,3138,3
3139,d27ecc30765a818d3821b2691cfeb302cdf92cc342782ba096f008bddec425d2,a254e3c0f967d62efcef4f61e95a565b5033c4b2b31813218f262d21bb16ee2f,open_r1_code_grpo,d9ae57b46b667c99ff88c6d86946e8be,,3139,3
3140,72b4dcdb5f200515c99f5b66a7a73e0eac760035440a9506f72b9774cbdb91ed,5ce664c8140b3dd33b0db2d38326403f4b8eeb4c3b83620937cba347d4787cdd,open_r1_code_grpo,8927b1822b7655c2f0c91af3499c4b7a,,3140,3
3141,1a2397612596a098a515415c95ab73f0e5b05cbd7b9a2ab92bb2a7ae3c67e203,4c81893f8fbc4959f32f38478277bfe981aa8421ca70b55e5b92546ed75739e1,open_r1_code_grpo,26310654ed35aa91af3b42e1545bcd0f,,3141,3
3142,783f92e0288433252531a9b5980afd16bad2e1e04cc4af6aeb1be4e50de2c3ff,f700d5ffc92ba92fb85dccde0bf77e9224dbf2ec56786c8dea9cd4c138ec7c24,open_r1_code_grpo,c8ee16e4bb68e63218beafc7df533f00,,3142,4
3143,06fd7ecef981c5c5294d7a03a0482fd92f0170199546e088b537ffd4747806e1,65e569b39b3dd8ef91b291d6a45e4f8734fb0386b3d9cee3c3fe42078a7e77de,open_r1_code_grpo,e759900fb5172d8a6f74a63063192a69,,3143,4
3144,1e399f99372792244f1249be2f08267094b6245309c7f73fe11a0e1f1bfe09c2,0c0efdb9adff2a9b431c030dd40cae737cc22cec96b8d7892b4703d9b5662e6c,open_r1_code_grpo,d9bcc554817b3690fc23f6bfc438d6eb,,3144,3
3145,891ad7fa2fd23fcc679bb9a29c199f6c6b503255ae5f05497a085e93e5a4bcca,8e263671e05c85cf71116d6ad5eb6d8af0d85db16e27cc307da53771d6b4ff39,open_r1_code_grpo,e9706ef9be15fb5f7bd3aa4c54f809c9,,3145,4
3146,e66388a26375d0c42298e4c3a200db6c317628bdf73f6a262a336ee506522cf4,5879cc2b0a22e7e8da129996fff1a5106c8407e65e207a544b80e64db8a05a42,open_r1_code_grpo,e630f352d896c57df9edd65a71b1dcff,,3146,4
3147,06f6204cc0499a1a1e411c6ab1ff53f69c567cbabe3906d7cc156168ce28597c,08b48ef0d02fc95ef6654ff026737f04fe4d6d0cfd48a387484d59431a2ba1f4,open_r1_code_grpo,96d4871308be86ff9656bf1c0fe74a69,,3147,3
3148,283a9dbb6d9f0cbc60792c93ea3e3a382e010d18c68238fa0c3e43bac512b1ad,9025c2ae8632d50b1c5c3cdaea455998847031cead60627ce45f953a3f1a109d,open_r1_code_grpo,b293da948d71b7d0f6c5e58c979e7aea,,3148,3
3149,bf9821f2892cec8ce4a36ef5a6f310a416de992ce4efac74ef08f764b3ae6047,2b7408ba3b9d81451a908ef8d1ee4c15a471beb0ba41965a0bf9398767ff1dae,open_r1_code_grpo,7d5105dc6497dc2dcbe962274a790178,,3149,3
3150,1345948b817acb3861be7cba6c53ef9b50ef41f6cc0382852b7bdae62f4aeff0,70609611e1e22127505ec91ca3dbf61d826460bde792cfb7cc58cc2aaa5c11cc,open_r1_code_grpo,82743fdf4ee826d0e7df3210e6891f9c,,3150,3
3151,8410b68a15c664ab147a54de883aa6a60f8d5079d795fd4a2c58fa5f7cdc2347,e4e05beebddec695f04655c9005a0cc399d7ea7aaee937c342fda75cf957a066,open_r1_code_grpo,1f42ace940a958d09351d9058a2b7cd9,,3151,4
3152,406964ac9d50e3fa8af1151583dbf792b9dc62657e724603addecbde3217c788,31a800afd8300c73d5bc61b043b7b4f96f8502fb80b02c40f9e4e5c089d31c74,open_r1_code_grpo,f84f6591192be012fb53111f659c3437,,3152,4
3153,f8e5e4a8a4530fb268babede1d9105810d30c42f654aa005cf257f3e0e682fa2,d6efe640967e7d95fd16b42ad772955f10f5c94c0bcb5ab1efcf92b4ccdf1b0e,open_r1_code_grpo,cab07507e0f884e2ed56d5a76f9b6b5a,,3153,4
3154,0813ff3e773ac24e4818a9495dea536f5bee55132bb30e2bbf79db3abb6463fa,704bbb9416e9963540ebed2a488a4ffba91fb3645b7181acb9f2ea732697d16a,open_r1_code_grpo,fb02551784d65a0ef05211de6ec88d7d,,3154,4
3155,442e2420119f41d3bff2f0bd9bf9712ddae9d35cc69a64ea4170dcefa27e3986,e8ae27d84720ce4f142409427d7e574a553aa8430ad4970bffc476abf8acf1bd,open_r1_code_grpo,ca120b9548a86c7c5bcdd5a399761815,,3155,3
3156,46e58d143459b5624921d75b72d0c36b5fce3ac2dc933c1e60fa91689a5456ff,0a889b389cb8b29cb1b70ef2ec9fec94c158845cc8b4da04b2060e8f8e457be9,open_r1_code_grpo,ef0eb8e4efc7ad44273bec2c5eb3c0d0,,3156,3
3157,227aba31df04c5320912f8bec51336376d074e2608af7aadbc38f578e6fd58e2,69b36bd0facaaca30bd73e95c1cd89e45268216fe2e336c435bdea77a55786df,open_r1_code_grpo,ac03b4231b16bd55362512750184e15e,,3157,4
3158,c977d9e4f5e609abf69f458b9085f2019a2967c52f441f53062e6924d634b8e6,6c45af59c3b716229f10ecbb7fe272a07d76d88b5cbdc162b01660633e680794,open_r1_code_grpo,e9988cc088046e5a8cddfb4ceef9664e,,3158,3
3159,cfdef5ab8501cb86e939502b70304fdaed27a9a3f2b0c81515f9cc0867a952f3,d79c77354fba0c59a98f1d3cb09512c71c3151fdd18da239a3ea0147547da8de,open_r1_code_grpo,fb97bfd80404354dfbb75c6cbe21dc37,,3159,4
3160,65cbcc62b838b1612c835444ce1bded4c682c48ca492ec260319bd5898f7f0be,cc5207669db5338274a162cbcca652a126243f3780d520335f5de35fd84487ea,open_r1_code_grpo,9acd303424b49e4bf7c39f7c71244779,,3160,3
3161,9a5ccd576bfac38a7ba9ec453f44f2868e984f1a984a30cd94c48bd092785973,5d9321b5922c1e85db382d91f64aaa42d9d58c2079b46548edbf73dae4f01b77,open_r1_code_grpo,65c611cb88c567e7cc5012226f77f2c0,,3161,3
3162,7daafa7bb3236059e7c1b18691ae69f48d694db5f1c12c55b2e135c7f15471e2,5f945e1746f5bf555aec01adfacb9b1b8c04dd258426c1bdaa6fb5701e7ee0d1,open_r1_code_grpo,f5645c20f8ee4fcdadacca8ac0376325,,3162,3
3163,d9c8e01201b38fa42729ca79f7128e109b4048b62c776ce41ee63c0e3f557900,1eea845c450d9798f92b7ea73003f28b84378622e91d2a330c44ea52e3f45a63,open_r1_code_grpo,e5e3fbb2eae7534a9250551dec8972e1,,3163,3
3164,df10c3c339e8f417870b703dec29ba60981254ad1e23d392797de901ea1e91d1,ee5940ecf3a1f868b64699c63ff35662cc1258873bd4dcf694de6782e056b95d,open_r1_code_grpo,7c401a8fa6dfe13c1ec6408a00f3b334,,3164,3
3165,45f8e7b2a1b91de781f5dcba85df2c7b6893807b2281522cd960f13b4f18f60e,ea81b84863da41b4da49703173dc8ca26d9f57a445bdf183191fa93befaa117d,open_r1_code_grpo,78a7508ff2f18afb50b8dd9860b46824,,3165,3
3166,495711556f52538be6d6f0c92141189e7316e9ad97bea4445aabdbee8724f772,ef0265b3b89f55cb7ffe6bee886d8cf85a7fca52928d6cbc21250c1a2746af94,open_r1_code_grpo,f823fd3b2b7eaf63d402a4c6c8ce625f,,3166,3
3167,fd2e2f5daef7cfe0a176335fd17c273c0a77813f9c9eeacd7e55e6649d5cbe8d,734e5acc67242d3b838a1bc5e041eaf1bbe8b867dd2d60fd52e2027de1967c2c,open_r1_code_grpo,fbd0a72da69e04a1408eecf9887e1991,,3167,4
3168,f029a52dc132262c6958644a095d35516038d942de9c2077b91896913e48dd89,9a5b6dc0828c1cdc26227615e7f591a448c453fbedd573b6f7ae148f95bcc575,open_r1_code_grpo,c7d2b3b615a4316aae50a223725b7bdc,,3168,3
3169,6fa4ee3fdbd027b9ac277e8084baac565d692acd2ae7d8a51970787d8b53e840,8acad7b343599da9098cc00fd30dc423cd71708b6da212f1f26815431f152414,open_r1_code_grpo,2433e7b4b7429755ab194cbdfe6e45c8,,3169,3
3170,cd0d5da93f8b73bbd784247a9538477c86f2fcf20628231f90694c3b458ca8c5,91ca9c019cc110c65feb6f83ab378f0eae1824bc6a00dd10bfffe77be5a4510e,open_r1_code_grpo,f994dd72e55689f4e8c5ad5fe1693687,,3170,4
3171,a61011c05b078259129be21d752e59e38b899a606e2ccd7ae96138f5339001ea,ffe5d39d4bebb6c80581f904e78a62d507521244d5a4b68ba83b645670180e2f,open_r1_code_grpo,d083b621fa70e94a2f46a6115040e59b,,3171,3
3172,11c0c552f6915f0a7e6c03b659270bba35cfc880c0cd2a07a891ff9d2ebd5033,98cdf16c9b446f9c32ab556a4cf3af4845504bcbf9445c7f2e9ec433afb8e57a,open_r1_code_grpo,bb62ad3e1c1eda1b71a3d245f5779f32,,3172,3
3173,531df39b839b9815c0dd741a76efdb4b5fb2593fc7e75d9c0e4dd699783c7e19,274761dad45f9363c01ac73080e07e626b586d3d0853b6b95fb58a48637fbf62,open_r1_code_grpo,c33e0aae30da17e3610e0b58a368ded5,,3173,3
3174,8fd7de186f99ca8d1a5d3fd511c2041bff92f41f71cb35e2fb1d6874f34aa48d,74820c846f1bfe3da1173c2fd923040c4eaa8a25dfb937c6d7a4c646bc9231f3,open_r1_code_grpo,09f00f70a07c75bd180c9236b2480d6f,,3174,4
3175,e306ce980b98ab2637c9b6838c8b88108f8ada885039e9e822deabf45b59304f,a5c05ce32d32cb16ba5e70b08b01d764084a5d8c61ccda48d77d20d0e5b2bc1b,open_r1_code_grpo,55a8ec9bbef75255b9eb89b3ae52fc0f,,3175,3
3176,573169ff548df5832a7703b8ea9cb059453d1fb65b87550e44481d239bfd605b,0be996922bcebc31e84dae504ac02f23ca8a2e622968d1df933a5e9c4a0cf21e,open_r1_code_grpo,46b581f163e4a0181a9ad3726bb010b5,,3176,3
3177,556e72d9f21d229404530adf35f977e90222ff12d9654b41b93e2b1cb1f21553,196b9b7a7e9f24688125bb1f82fe2f09ccdb18cf51b1867e8f4ecf38367ca406,open_r1_code_grpo,2b3321c28add68fe35c9d29e70284e1b,,3177,3
3178,22cd6251ce6218b400d74cece11c176e004fe0b75b11803b65f5d02acac8dafe,3e06124f3eef80dded20276d116db30a145543eaeec15db38ddca67e97c7eeba,open_r1_code_grpo,9cd280a8b923db4f85a471876e13b53b,,3178,4
3179,059a498a12c0c7651a7eb650d4388ba4afd3a0816e838fc6707753b3c547032d,833f2e475582443590293d87475723ec10e57d7b1ea6595278a58182f98e8e62,open_r1_code_grpo,7381087d165aa552d7d4b6a8c7b2fc1f,,3179,3
3180,f0c5d60dacebca5e7ba4dccc647b1ebf6d4bd7c3afa74101ddeb0e12ca92a73d,531861d948b2b62184e85c0750041d2fe77d4a6ea1bca652b3bed7d376a99855,open_r1_code_grpo,11eab38e3e9afad72394cd83e396568a,,3180,3
3181,e6c58edf32bd9c4b2754c2e3740843da1e9ef0463297cbda0d5a95dc7671a44c,4f90e2b61694948a3600e8261e335929cbcc50eed53b64a18b46f162bcda0fa6,open_r1_code_grpo,a95998f5cdd8a99da88d22eb2689dbc5,,3181,4
3182,5304809fa3bab3a4e5507be7c1b6685a6f79d590b4ba9241cdbe5bd543402c59,93fa29ae16b744911e237613b7ac4962738e7369690844ba563bf5bb8b84461e,open_r1_code_grpo,e2e1d9e59ec7502ff319d0ecd8807812,,3182,4
3183,91296982587ab2227fd6849ce62f0634c7fd06e91a79ec3f1bbfb4f60bfb940b,0a2686cd9c7e45b146b0f87a7918536fac554539b174c8cddd73159d7af3ce48,open_r1_code_grpo,8a6fdf9a381691d9947d9cb28722fb87,,3183,3
3184,3ef4ae3a1d06d08b860f63c438a1c6d535b03ed7a076e700509747b9ec6a4efb,32b9c669281fc90c202dc1787f2cb39fd877dde3def5a7b6387ee75de43ab21d,open_r1_code_grpo,70aa4a96e6d9ae8d275719251e990155,,3184,3
3185,c218805eb7566461f981e45e0fd2a7109569131a356f451689a5dd3d8a9b3d1c,37dde2219632971488dadf9ba80888d327025d16dff1f1872fe4440c18952a68,open_r1_code_grpo,cd557d9f936645f168fdf41cb09540e8,,3185,4
3186,a1864c8a155ed284e40733c5b2e72d02b6dc93af3d061ab66f59fb36eb74ed6e,0f6868524f679a584442c6509b3d5d736118b03bd00e7da6cbd6a82d886b26a4,open_r1_code_grpo,6d8279c6d9811c546dd21408cb0b434b,,3186,4
3187,172c8bcfa1351f8cb7ccf6831f7a4d86cdea5fe0a3e2af0a033c30f117ed09b6,46e0614c3ae81e5e7a74bfdb238011dc8c27162f25401a0d9c8c8e8d92640373,open_r1_code_grpo,61f52b36a60f534f12f42dfaadf9ce83,,3187,3
3188,2ee275f03afe0cb272a569782d60e3d7c5332d137206f9823233a136f4bf1d83,51c6b3082046c10ee09f9313f5146d8447d6f7d30fc1234dbf8fa2374a6702d8,open_r1_code_grpo,0a7c13ae330fe5545469713cb3064fc3,,3188,3
3189,550e917b1aab6aaf973ddebbe674da00650986ecb85ec3b1a5786fb653deb332,85b0acb5f8e78dc9f905b9d935c096e2fed6be2aff742ab329e1e793a4bc9738,open_r1_code_grpo,98374bee9591208464b9bf473e2298c9,,3189,3
3190,dea6ab96375e170d0dabc8bee28273f08bc370b78197f50d9d625d716ed09a5d,77e0f6d4b165198f43a45d7239db1e400b6c6e90cfced1e134fd047dca6db26e,open_r1_code_grpo,9c08880d37e5d3e83c697c3334a5c2c6,,3190,3
3191,acd3d35fd32a5bb7e49217f8391d85e603122d46412da837c6f093abb2d5a723,bb0df425e0ac2481b5f3c5afcb919e1e49a499eb8f7dfeb3a315be491528476d,open_r1_code_grpo,b951e6ad444741a01c959dac6e2105ec,,3191,4
3192,2424cbee51c4548a251fbdfd53d10709bd15acf04ca2b85fad7da854350fc9ec,0dce961c32f5ca60551a7a9f96079a742c1474faff025e1c8bb539a7c705f397,open_r1_code_grpo,dd0e0f6173b641180e53c87db8e44d46,,3192,3
3193,42319668ff33bf04a8b28b1740a225593d4eb0122bf75ed4fb5c913361a367df,55cf52ee5681fb944c676887054e15afa40b67b17b99798454cd5931e7b4081e,open_r1_code_grpo,a35f7716c8de253a0f78bf3ddaca26a6,,3193,4
3194,2ce7578566343fcc71b3096fb1de798be08023eb717ce5be33d9c63d5bd7d70f,deaff4352ae7b13adf698a851c5f1d471107916e30f86cb4b608ddd29c8a8aae,open_r1_code_grpo,0d962639a39da6706035f7f9db5aeac5,,3194,3
3195,60f3d6df9b9e4d92ae4718435fbf1061b2197013eb2115063d7b32ee15429c74,ee7c2221defee0fef564ce81d8bf3c9e06be74e026bbe27cf7ac77e1a41d28d7,open_r1_code_grpo,027aee02b04481e1c4cd5f0ce09d8d5f,,3195,3
3196,ca113a455b4e2893290d6aa4d593b711ecbad9a5c68adde7bbc2e14f137476ec,5de78610823ae4774266cfb92732b9473fcc1ca2b3cc1b9832848a469102d243,open_r1_code_grpo,4d2073181e788f92f735b2fec24527fe,,3196,4
3197,76f06e71d920ba0713a1b6d80711debffb072829245b4ed82a198b81b58d2805,a6c1247bf3b930c78ef78b3aeba6f9bf064ba644c1a083ae0dd617cb40efc41a,open_r1_code_grpo,e104a19ae6913a297fe5bb8207fb6d0b,,3197,4
3198,3de743fd92f647fb9baabea4057b086ab0d528798241177e9a4739c3b27c1b7e,65976449cd2b967137bcca89bcad700a3854061971268729cdf8293eca274557,open_r1_code_grpo,e185477f28b5dad3d11fd6b5952cdbf9,,3198,4
3199,35693d06b8ed28ca4a1707daf654f2a0b5c06817c90572107eadaced3c7fb59d,1d8520cb2318824096fd999f064b5da41836e9bc970af25cf77a87078356915e,open_r1_code_grpo,84e67c08fcedec095cdd5d67b3718e41,,3199,3
3200,bccb554e5b82be1db795e2fa213e0850890d4909fef0af60cea9a27d6a0e4b0e,7bcf76e3719e0bd05818cd9b0a19d1710da20e0733767e799da185d01db53fa7,open_r1_code_grpo,472c36d45b336f39745b150fa2e86407,,3200,3
3201,4f83f3c2ecbaff33e9f1a6f52bfa299d5a6f76e6cc80b90af20b184f6db825e2,503f5d0873c788d5ca4bafe39309735c027ba8d53523712a8f1fabf762079466,open_r1_code_grpo,e6d7b813ec73755a51eb0a56ec89ac56,,3201,3
3202,bf2ef7687085b200f46d8c331f6d47045b9c33598030554e7fe3a875465ee119,9b3466351f43276f3f1111b7e0eb18c6f936373a811c1115b704567e71aceabd,open_r1_code_grpo,1c9ce591c6ba2f2da7f1c4329a29f822,,3202,3
3203,3359a32584c32be6c496d9c96875a90156f3c40616c9f154e45486622bb08041,f5d308acbb1565f6f905ec74523a8e951c0331b409543bd4679c817ef726c1c6,open_r1_code_grpo,1ba09d69f927f1cd7de787f273e9a580,,3203,4
3204,aa0366cb864facda4568be3573c8b5e5e51bdb13876dbabdab2adae4b07b0908,ba44fe7e9d724f61921a8e5d92b2f28d66009c55da1de9d863607327c6997c0d,open_r1_code_grpo,c37fbc38ce999f8648f0a39cf760038f,,3204,4
3205,aa01acddaf57bae500e33d746c0a0363f3d015b57cd7042ea655c6fba9e7771e,107f5de0a1bcce78b8128b827feaf49e4e210b7e3725d2b0b09fedd0148915f6,open_r1_code_grpo,f57be6f53bed63ef16006be56e4f7079,,3205,3
3206,4ee9c0f098c9cb452b0344b656ce7cd99a53e871f20b31e4ec615dd78dd4160d,a5a9be064524205a8881bd9b30d1fe94cee4aed4eb39a8c02458a874aeb22367,open_r1_code_grpo,165f1b5681675cb09e78fa5286f05b42,,3206,4
3207,f762883236c59d80bb286f2ad41ba90130a446d5006e094695b81bf4fdf04a4d,48924423e4eb0081a638d91279824e3d288df343941f5c5ea647631e48cb0437,open_r1_code_grpo,ab6a32ffcc784ce34096c6fe366235da,,3207,3
3208,fed7bb2d6b9c4ba2a1b556f5f8ba06b3b34d993d854d4c1b847bcd486dae8461,f6829f6218c296f011061867e1d1e27a52d84331f84c2171dbed81980c4c24bf,open_r1_code_grpo,4482e7420b808dff0ef9f8b390f61a80,,3208,3
3209,cfc1e16ea0138dc46269180199cb2f759cb054dd08f2a5d76cc368b66e3adc1c,4b8bf8c93a6ecdc3fb7008c5069ecdb215af2622e35b305220597a9454466295,open_r1_code_grpo,82d33016272db19173b1e3ccef23e091,,3209,3
3210,745ecd7650678399db52a169a2de3a59c2a4f58c9635b67c2bae57036e195c1e,eeb82814f73f729f0acc91cf7ff6215ecf3383f6d840d0a67c4a4de9effbd173,open_r1_code_grpo,d7443d5398b0805d1d93e7249a8871ea,,3210,3
3211,b5159cd688482fc68a610548e9135301f9379511653a2760ff6c0715e4785d2d,420e4c191989b21757d83dc001a1a7e3f1bf45cc2e67bea31d018cb556865a91,open_r1_code_grpo,aa4bf32ed448ee0f584f58129884bb6e,,3211,3
3212,30434e02b605939ba253c2c3c769d08acabd4d899c9242a9f282a57c8d5b76ac,c89685bf1ec43c66cea4f516760d11e1d6a792160f0511d682bc3847b2eb3cfa,open_r1_code_grpo,f6214ed5110bf748046f0acce9955a38,,3212,3
3213,d7f0c99041714111dd5a1579b3cd7eac1023fa9476efc8595ec4bcbc1d498239,d4e6753892b3e3d60474cdd3f7c6f058eea88b15adc6aacc44fc1949137592e9,open_r1_code_grpo,cae6913093f93d1b6299e0f135a82ac3,,3213,4
3214,dafc48c9e5d90acabde416eeb293d6b99e0941f0ce122cf48ab3f75d229fc7ba,7f8abe002daf46bc9e744d65cb2e88b26b3113a73da88be48b856a28f7c73c92,open_r1_code_grpo,597a6434f1a8684323757d9718173b9d,,3214,3
3215,4d5e96d3ca1db8ab1f2a4cfa82f1d11f52f49805b131a49f3d31596b2b507e27,e43d0f56b4d533927c0b4295f8aab5381375d11867d2cccdffe6ffe37aac1dff,open_r1_code_grpo,969497bd359b1c9b746019b3c85f82bd,,3215,3
3216,c87fd873457054226a2d8e8b40b9c9f3242cf0fb23399e06dbe8bbf028ad031f,aa533b2062ed6cbfc377a2527192d151dc68ee7fbdf58e354e10f3a54a0be7d3,open_r1_code_grpo,8748ac60ddcd7829b9e3d23c3ab0c8c0,,3216,4
3217,29dea012cbd42532ba9d0c41b6ab994daac545b3e5fd9cf127c72cfa69d8e950,cb6e79c2c846b45c41695f78675dd5825ab7328a42471cfdfd520c31d00011bb,open_r1_code_grpo,7715684be3058fa6308f828e521f5ccf,,3217,4
3218,bda0a05a48a3c90734e59aaf468153af9a9e149c4b31b1ad81809c95174d6b16,c65c9d87bcc0951fd0e3377cd68ac11f1be1dc0b0b1e011aa2eea4e90e8b93b2,open_r1_code_grpo,ef7ed1999c1df4453ae388a5e45837cc,,3218,3
3219,f5b4c4749ae5f481c008363f459e65911119c6ab146fc03399edcdefcd67d6f6,d5ae70e1e7438860f4ffce68d9f0c78c0bde62e0485f183c51ee7953716bbfb1,open_r1_code_grpo,faa3f7551113a780ba15db4896319fc6,,3219,4
3220,4f3e75d831b5dfc2f36d334c00f3b8400b10d95b02fa589f9126b38e11412d05,7ccaee9a3d35d80b93f6c2d22e1d447e67785ecc76bcc4ef8355e68aa504e810,open_r1_code_grpo,806bffb2458765aaf3aee6cafaacdee5,,3220,3
3221,a96096b863fe4905674dabd331d15b76f0f125e224fb81c5fb1928e090909855,12bbba3ff0d43be373c706e1212b9c60fd83087765185ed60d08d0652e139745,open_r1_code_grpo,5bdd5e63b2d75bb980eafad09796969b,,3221,3
3222,179b59390cba10c4e237344dd890a2e42b3195e4a400cff77398e1fb980bfbbb,f1f3a0096e75fa85e1be8f0360b0c0d2e56fa4000f576bf5c82026a2ab949ae8,open_r1_code_grpo,0fceb1d970499d12e5dc39feb589c668,,3222,3
3223,77a88a388e389afa0b10b2240091c6936bdf5b296cdd1079862cd7389f002801,9a5e8d49e45dd68bd1815c4f2441bc93159f6061739ee96172986243a2c5ec9d,open_r1_code_grpo,ee7ef30b0236115eff458de9feb52682,,3223,3
3224,762bda4f27cf36ec4d9355876f7759ce23c11662cc29ae5c31ae585737e3fa9b,b1dc8db400c083a16d1a99ef578145b03b33baa69dda5540ab14d45a57772c10,open_r1_code_grpo,ea9e0f9b4048f0062138f303a054f9a5,,3224,3
3225,3b2b49d0b2eb05eb7a09ba2352814b48afc46a5c714ff8ebbb31eab55e73392f,bd42b64d9b2975fec4de054f9cd8f8521350d19bc8b04d8f475b6c38206ab65a,open_r1_code_grpo,492527687c7c586c6ddcbf78671de6cd,,3225,4
3226,2d33f38df7f907d46f626913cbdd3ce7c0f1b1eaedca3baeab34b445c3a87ba5,a5d23ce1ec503cdc37bd6f3c3e1d197cd99ed2e8f53cedd1205027aad8dd1ac1,open_r1_code_grpo,8fb1750578d2b7d73306f3e2def0f8ed,,3226,3
3227,4119495e7d81127b3d58abef7f36af3beb7b7684b1b0657260e5912afc1ba571,e7e45494d2ee39f0141bbf5795f9c154a54ec4aefdd092460fcd2f368e7bcaf4,open_r1_code_grpo,27be7091c39e32bb6358e8ac64d67b4f,,3227,4
3228,9806d6c554c81b9ed902ff2f97251948b61243b80d2faa1f65f803a0f44658ae,f35fe8427fcd677620b91f2c5b0bcd8e722e8f36d605a3f363796447621eb826,open_r1_code_grpo,e87997b361f4a13654550585a793995d,,3228,3
3229,faf3e73ca05605d6a13c8777515bb8086b3362f5decbc026974038d7bfdbeb78,46719ab8cb4f2dba0b8cfd2542116b2cd19b131ede91100398d000b19e9ce3c9,open_r1_code_grpo,140308b55e97be36121bb85eeee166f2,,3229,3
3230,6f13915e721bf213107e0793f8798cc6f1a8fc1c63f43ae3e41f5cb962a0681d,d3e91185a1ec5291ba2bc68576dec826afb41acc66fd3401029111320524b430,open_r1_code_grpo,25a7a54ef7b439cf0358c587f08e9a85,,3230,4
3231,c431e67bb8d482178749a25bf23fad1ebc6d72b652381d810b32d5b67e451284,8ffabbebd8fd59be9c79cf0d283a3927b6d20405315b01a9f58e284a9b33a70e,open_r1_code_grpo,db2e4299fce7733a4ea5404f1d80387f,,3231,3
3232,9e9a793be5ef386b06acf4c866208a6fe7f5a6b2d5664a53ff082a4183a5cb6c,f91a0e7a145510e29f5195c6e461952ad328308372fca979599abf59f6b4fa63,open_r1_code_grpo,e4be449c5de750cdd99ddfe41fde0681,,3232,3
3233,33c4e85e5266cb2aaf67bd16921ce1fc5db67e930662472522ed85060e105110,bdc1e34ae41e2e53ba3a061e8227f31b44b67df7942c09115d7546ae559fd605,open_r1_code_grpo,4048826a9d73225b72a51b4cea0c0ce7,,3233,4
3234,f45f98fc51f6ab69cb34df062811782a98e0fc385e4e8a443e75d069686f43cc,d0be5a30c46151db38e93b886987e652ed141027ee405114296ef62eed3e24d8,open_r1_code_grpo,adb3b4249fd7250299140dd6108e8bf6,,3234,4
3235,83d5baa9b6e7bf3b621d1c6b0b3aeb506c642da29842a0cb6388fb2bf51b154b,4c39a30b9a1d9853d93ef789f273cfe5836b06ed41dd54ca95fb6283e4c0abbf,open_r1_code_grpo,74f6c15db77599749671baccd8be642b,,3235,4
3236,e6ca49f34672ce4a5fbecfabef942658915f024093e8f9b3651264cddc56324b,264dda1e69981a59bc7907869c2afb7f9a61e0826a52f9d0a7ea3e1881d0e849,open_r1_code_grpo,78fe4cf2f643fd77bc31c560a48ecf74,,3236,3
3237,1b82ac4cc58f36025179267f046fdef710cdeac755534a73f79f2e1d72a6b915,cdef060eb8cba9c80789654c2233ddcf2a41b0766fba96e1f5cffceb6c847aa9,open_r1_code_grpo,29ef2660415ef28bef600d06f7d8ff19,,3237,3
3238,10b90793fe227d8eedad728cedd9fa19bab8e1d3f8492212a842a084371435d3,6dbaf5a5c032f7062144d5da6e5fbf146aa1dff5f27f38c2749054b3e5d0c2ab,open_r1_code_grpo,2427fbe578b6aea0b8950380e0840e28,,3238,3
3239,6719a6749d3d2b58bc46472f5ca7c9feea583e652fc79c97464f065c211da6a1,f65003a1503e641c07f6ba58f1e0c89ec91a3c717f06f1f5211d6d9f71f84517,open_r1_code_grpo,9ba392509aa1eccbe76324498a227e43,,3239,3
3240,3c39b314a5a31b815783cdd7f779aaa3581534fd596e7a12c674baba0b11002c,0a3c0df79acea199240ed2e727bc818166fdf12b8f1a189f2bfb27fb1e676b3e,open_r1_code_grpo,5b2cae59827bf4a44c733e22bfe22c82,,3240,3
3241,ab059ac819dc273c8e9df499b1106a7c86775235f350ab4cab94ed78d7a883ad,41f341d0943ca12198a30a12722319ca5932a2634a3149e855c93b23d211a72f,open_r1_code_grpo,d9a45ea11475dcd7d8e4a2e30eacdf48,,3241,3
3242,5ab9fe4bcbcdbe3f4a12059d666b1df58bd874cb59a7c9b744a323be9071beab,29528ea46672070b7ee660935725b7bceb53c0a021efe3998ec945aab21e8ebf,open_r1_code_grpo,8558581e1fd25e268d2f5874a3531088,,3242,3
3243,6d63e0aaf7e70211c4e0bf75993dc98cedbf189188533e5562a572da18a843f4,4ade4792cfa7ab6ae14ace99efa16f4b0e1438d8ea2b8a29f0c2b06e328b0966,open_r1_code_grpo,50a82d97c0abf6cf5284f6ddc7424e0c,,3243,3
3244,8f54905bc69548217555b53fce63136663922de9ddb1f0aac83571e6889fba4b,a5c77bbfce1d2e6fa85a1de7cc2b518f8b13e720ac3e0772c0742375a60b33ab,open_r1_code_grpo,7005a3dda67ed38e45e5b51c235b888f,,3244,3
3245,0ca5868c6bd3acf8ce4ede5cda209ffc71eed69cf3cb36c1a75d10854caab078,f9f50354eb2512c42d50035685cfc30dff3e5cbf345ecd1810e2b1a8ee1c6b7a,open_r1_code_grpo,b06dda7c79bac1c717450187f2d403ae,,3245,3
3246,d83e5910b8833b633238da5ae057d63f13a3cb32951255ef54073179a14e583c,0d8e84b90135415a4bc706dfdd495796b4e7356c2d26bbd5c4ead7c2b6271a5c,open_r1_code_grpo,f4ce3bdfc2f3b5588349458d159f52d0,,3246,3
3247,a4f8cd079ff49cdb9de0b64e8cb70cf89226950a583dd09026cf443023133f04,40f8983ec614b35294a03f15ccb72c26072264f92d9df309b4d7645225ec24e6,open_r1_code_grpo,7c05d2fea651aa8fc2619b8de4fac4af,,3247,3
3248,236c95b0fb6db17f411df7998121a3775b919dddf87467c559e8d42b824d0040,e678d48118e40a9c473071601f1c8cec3eae16a6bf6378865094ab63e23a7c73,open_r1_code_grpo,e384ce511c1250ace18fd2cce02db753,,3248,3
3249,43597b61e9e3054f9e08bb59f8b044a8ff1f5240c9efd904fb95b0c0e28cf7d3,57bcb9dcd2c081343cc94482ef64c7ed6ef5a68003146888c63ebecbb22ca4c1,open_r1_code_grpo,9a3b6347c23acaa0122ad1848b39812b,,3249,3
3250,a172d8ac4bef32905bde3170a549fdd616646dc18583829d6b1524ac7e078cc1,10085d8f26360e18c18afbe920bac2f4181927326284e2ffc1f2a4efee028eb7,open_r1_code_grpo,b7fa208684f0b32bca860a94ac0f86dd,,3250,4
3251,53d2c84f471f62944e22059595c898ffc8730e8b4b6d431caaa74697595694e6,bf2f6721990987e43526db91cce04b4fca7736345148a539b7acfff77c1cb75e,open_r1_code_grpo,e0476c29a15f992581eb78dab90def84,,3251,3
3252,8d47197053cc7ed96a458f4bd2698c5f42c7f8c97bc1ba5b106b282ba9d22943,330a1433912dc34ee1ca709c1e82b3d46661e3b755530e9d8006199572ddaf4c,open_r1_code_grpo,60adf6b0fed1388285806ec38d5958c6,,3252,3
3253,0c245ac0084ee2c4fcdee7d17b9e4533226c604576f23ac7ae862ea921dd7904,25547497f6e9f0b870cae84ea4e6fdd755f6dd24295c932d062b42a6db30c92a,open_r1_code_grpo,c2f0b914013c9deca2d97f8453e77f2b,,3253,3
3254,8b6b299c65c91ced019ffcb00ca8a4aeab3623b65972e61f95279126fdc374a3,525ddce71143b79542698e50246e67ddd6abbb83033aab00aed5510261d2e79c,open_r1_code_grpo,05f5529df5b21d6bb0b3ece9fadeb318,,3254,3
3255,72b619ead5ab31983d91f43b818a19a0c96f99e885ee52e3e9a68965c17117a4,5a6c1087cc9c685e05e7615bf88c0ff4d01142cf32f8e657940f5546762ead59,open_r1_code_grpo,938f41b4c0091b044d8ac5498a29347f,,3255,3
3256,c12888debf6fc8c34e8f5d0e79ead0994a59179ce536a87deca081e881716daa,abcb997a84fec5283d766efd226a4341f0998393d483f47d0aa48d721f4c2579,open_r1_code_grpo,89e570b98d35ca3802a29a627d3c1060,,3256,3
3257,87e9385a0623b1cdf9cb69325f2ade538775c98a4d651db91f1b58b45dc8c2fd,0963a11affe553405ee61865da01fc29e65e3d897526a1c18454f4a4fc7065d2,open_r1_code_grpo,3190a5f947fd8154c0c674126709fa3d,,3257,3
3258,27656a9040c6c9d905a96982cb8545178b2c9cac9dffe3d89eac438346cd85f1,152b0128a8317d5125636602ab995978472813808caf272d36db8d75e2b0f87e,open_r1_code_grpo,1c32b95a7b700fdbd6045ed05cb6dc5e,,3258,4
3259,96e98507c2ed19fd3d3703d4da0b9fb6b17af4adbae698409c5a715cf2caa229,9bcbe31284e62ec4abcc8fbca11c03621cde27be56747b832b53f62fb5fb039e,open_r1_code_grpo,13d69e3221e7500bb3ca6a9b53e8227d,,3259,3
3260,0b51484e1793a4c12b4f451e6f6cd5575622426da656f7bf8c12915ff6c197f5,cf927764b4f85b8cfa84fab5e32bff6f0a2907009405efdbdf2460227c612f11,open_r1_code_grpo,78c60f7c246a9e3130a21b2b4f24db72,,3260,3
3261,0f7dbd63c92311f67eb30c1d128498da523b43e68c8e283ce215fb4eb6764e19,9695f7806c70c90bc7b06911891a35b84487e33c9f325bfc74a96a8682ad9bdc,open_r1_code_grpo,8cd55e5e7a61f59cda19581db5cb2086,,3261,3
3262,fda6051050d7a2df0fa573f3769fb446782aeb831f2e3c1dc98d24d99cf4b56f,2442f3b89e31bdca786fdc64ce116fece6a0d8648d458e5ffd15a9a985831b34,open_r1_code_grpo,bb55582bfb54bd9b1e853e9ad452ae4c,,3262,4
3263,9903c4632860a8bc909f0530234d190b3a5b02d6feb45ec09170a847b8007409,80b78f208867348f8c7d6dd1eacbab3373fb7dad0af3b7613ffb3cc1dab8458d,open_r1_code_grpo,db403873346cc450d0c60d978b74371e,,3263,3
3264,dfd0b4c78f6d2c1d1c08143003acc63dd4213cc922d184fb28dedc922d65f134,26cf0d64d09d091861f8d5d564ced06c6faadfe37d361318036183253ee1c0d8,open_r1_code_grpo,9e1a92792284c9c6ec3d1e61f9c9b86d,,3264,4
3265,c6ec62e3d992d349b668eb4a419bc4fef52d2c5e3acc98ae8b213e2ea9ae9187,931d1cf9d9bba50196d92d21809f41c7fd85e52998b6579f7ff638e47c95742d,open_r1_code_grpo,b52091012e54f159e27d8475f7d9f6f2,,3265,4
3266,38ec5285d81f5a65a3873a2366a445dd403c46acba2b8ba28afd27eae307b78d,07194c0581e71ed9074a644d5220057cb7adb298a99cca062443638358aaea25,open_r1_code_grpo,666d5415bef61bfca6e9ed7d5c013db9,,3266,4
3267,abfdbbcf81246c107da8c5a223db365aed0fb1c0c9cc05643e419145f6aa5652,6acc53b006ec1e267f387a8fcebf58092d730c725ede6b127d78d8c289fc4963,open_r1_code_grpo,6b3d2a19e03e0230835d912db8f24345,,3267,3
3268,23ca5b24aa07162aade4dcd3a4fbcd3966bae3eca8d390061509d6e62ea36869,244c3a101c2f18fe52ac14bb9935aa1114d1239415ac601811fdfe9a9d83fac4,open_r1_code_grpo,b685c0271d5199385fcff927452c14b9,,3268,4
3269,94b916c6e859b02c612448409a4a9f60898e93dd94e37e1d6bc46e43e0a031fc,637ccb9a35019d85e031ee471ef2db4977d62e0e4ee8537e6571492be0f4842a,open_r1_code_grpo,78efada98f1823665885762de0d999fd,,3269,4
3270,7bd182b6a699ab927e712b215bc33bf12741c6f05fa5b45865967cbd665494fb,9aa50e8c7bcdd9127ae51ef111311fac359b6382993851baf634e64423805c65,open_r1_code_grpo,a62fa5ed53f6656cf1e99fc7ecca5e10,,3270,4
3271,00a7e34f1c64801cb5261d764376f48a252a8bf58de66d1642f8b4dae132a679,41da49f8887d91e0a92d99677614079581f3e5dc3db9d58404dbe44bc7a3bf63,open_r1_code_grpo,690ea97c4dfee3ef117ba94515d4e7cf,,3271,4
3272,44651b495bd9803c631fc9317b6ff4310cc16e4b10ff27abe8f7e377d2cc0b0e,df1695d6309d94e8da7b918e97a8fd46f4fdff4bd5edeb12e32ea8f384b81b58,open_r1_code_grpo,c56bf526d25d722f8b9653473201681a,,3272,4
3273,da8e04f225293a4e23d36641baf0a82acc052bea1ff99fb89958154589b0e6a3,3fbbfacd17dec0914d39076b079b4023277ee8a06c18882c1ff31dfc9de8b1f0,open_r1_code_grpo,7dcbf39bda42f962c9efca5c98e7f543,,3273,4
3274,258c461b50f002c705c9cf5c0a5969aaced0304af7cefd296541859628419eed,aaa8eaac80821fb8ef271c4e9e3c84cb21914fb4f110c02e055d313e94b3a1b2,open_r1_code_grpo,21548cb153291ca4fb29728e63610c6b,,3274,4
3275,9b94142931d5f6e17452626170cd352873a9784002dc7024fbccd2460657e4b7,e8953056409b0317db38c865450f22981b872b94e51ac53d5df8fb07806cee16,open_r1_code_grpo,bdf77bdd31e76a67175840f95b983388,,3275,3
3276,c686d7b67fdc732d3639cb47ae4aeb5e832bd152f91038bb8aa02be4e3b73b18,67f8aab63a86a33efbf173bcc4e4c51f9605c0a258aa180886bbcdea654fb893,open_r1_code_grpo,8d1580e41518b15d76a00728ea290c2d,,3276,4
3277,72b92244b35b719c33ac56235dffdbf1d4d47f0f47a6a5b591ac11804e2b7355,cea6bd6aab0fc2f67fd56a567ef9003088f095b12b597330e2c358beba6fbf5b,open_r1_code_grpo,e71f3337af0f523366de6c6e0cb61315,,3277,3
3278,e13effb40d3b5d98e139f199b43d68f5b54f3fa57abeeb267093876c0652562a,7d805c02ca7c8a2c4162e5fa05e2f5c76950b766020b98331f8a15f3a5d83581,open_r1_code_grpo,f2045d92d32db738654a3b9f331a68bf,,3278,4
3279,02e028ceba4c17c73012814c610250607ad8b97358685ec91ffce691928310bf,2cd476136e682017b56bef98371565ce568572333f85ca7752f3b99418840344,open_r1_code_grpo,761fcc235e503b6238c6251bfb3062d5,,3279,4
3280,df2b8ba32cc2848fc03aea164e5101e2c52a3e1c1e5beef9e60d789ce75b6a08,6c42a66e09ee453729c620b37cdbe98ff6acd4fab255aa634e602b503c78640b,open_r1_code_grpo,7dae1c3491e171f98704830fd7034cc3,,3280,3
3281,2d6737f066550a7927bed2e74446ce13bd6398990a68e383b709bda35aeed48f,d3b262c6649bdda53c2755cb159cc2290817d987b4c1db5be5863f8d6eb2bfa0,open_r1_code_grpo,4869739329088b92222196154fe38411,,3281,3
3282,e34724101657668f2a515dd122993e10ccea3bbc0a6f375aa4be3720927ae104,4f4b356353ebd15481a81f3157b9df409075c44f494c1652b7013e79fb801cff,open_r1_code_grpo,a53f8d8ac8972db8a3781702a2e36459,,3282,3
3283,472ddd250835a8915f27e38f2b0cfbbeb369b0aeb7b903040df5cbb61eb2ec86,4486cc650833ceb043880ebe68449994eac4ac7827da8b39b0ebec0836b71e0f,open_r1_code_grpo,c5e33142eb4dc9bac80c078cc4bb57e3,,3283,4
3284,cb36078fa2dc576c1fe5adfa8bc2c8f9b31cc6c68c743c92a7dc2e0810d797b9,888df10a97b3494355c1be3e9558d31be9ff70d4273e12d2965ea5deda4582fb,open_r1_code_grpo,3edb34254dc660d276d0b2afdbe18353,,3284,4
3285,0a0bbfcc9819c71f4f34fffc0fe85f719185862b105c52e121daf9a06e383afd,bdd3da386d01782d49535a09b0a34691bcfe23c9dfef034a568c81dbb31a4a9e,open_r1_code_grpo,e138173d564092753f03822575126e15,,3285,3
3286,616d1f8cbd7930519ef24df812ba06af2dd0572f6fc3eeb15c79eb5630cc17f8,76d2b530d5d95f546773fcee7f4135603f7652e0b577992f440bbdfcce76a879,open_r1_code_grpo,cda7234fd0ba988e619c4e1d17087c28,,3286,3
3287,e3bcdddd9e77d45612cfb66560552386a615cf895ba94688d6dfd49434ab0965,aa38fa0f2763c9418eaccfd8e2ce7d10cf5cf2fef1f23ebd6c07b031a10258b3,open_r1_code_grpo,3f6bf16e670ca4cd03f7545cb0579362,,3287,4
3288,9370f64afadd557ffbb5283f958b175e50eca0f543ae3f78abedff55b8f9c9a9,a98f82685663a5cc8631031de40b6e73f09cb41a4f9c595498cb83fc3469d45c,open_r1_code_grpo,9f08897bd88b203655ed117626d36ca3,,3288,3
3289,190f0d37885e51634381efbe0ccdc59c30bc936c8a06884b3bf53f9ecf1e453e,f5db58f3223401ced5d6d44c805587cc3e5e365abb6b8c258cddbfe56bc2aa00,open_r1_code_grpo,ec8b06f77dfd0f7128ff9bf0b2ed611a,,3289,3
3290,a83078bcfbdd02af2e9c34b0a4ebf3a4ad5af0e1a636edc4b55222451db588b2,8f3b7a0981e92df938bfb7e57a924d9e9b3147412fbe5f0bc6ac6fb89007abd1,open_r1_code_grpo,f7a3d6fe48682f8a09231caf1be254cf,,3290,3
3291,0b64af78ba6568f6522e480c441a0e8e4823932265ef07acede698a8b5628a2a,998bbeb23781cba01b0693c6b5b873bb319b5e0c3188c54a0ab70390c6549be6,open_r1_code_grpo,c2519acf019a2dafec1f777db20684b2,,3291,3
3292,46e3e320326096a832692e5990b153baca7dad9d869d0d17266e4e11f222e4c1,69be0c168bb6331d8cca60c8451a6b64997e6c04721c5a412f85291a78802ce9,open_r1_code_grpo,726bee5bd75bbcb7a36a80cc5ff327d8,,3292,4
3293,c2d0f92932da738e8289747e2d71a4fae63cd8d690f5406658a90f2f090ad598,9cc978ebf90461d8660836279b6dc6fbcb771e6a5c29e0ec6f6120b36c11ec5f,open_r1_code_grpo,61cd03daa663f924a95330ca581002d7,,3293,4
3294,57aa3dd886056de891d07dfec5d2cca0a68883bfe7781954672461d729b7ea23,300040b4f75b081d04e9b1b4f21a39e0a6f97d1d92f424f7dc84c761868ab13f,open_r1_code_grpo,9a50383bcc54ebed56ed19df8bc073fc,,3294,3
3295,ee9ea4087c23708ddfbc298038133637cf8de77983d1fce4731950b376356cba,4d9ffa3603be37cee788d0a616fd265c2a8b8d03fb4dd9ab49ddc46fa4ef6618,open_r1_code_grpo,51cf23c6b2da2676fb55ef3bf19182a8,,3295,3
3296,1684f0810ebfe4f4e9bdab4586dc6750376458434980e93f07b7a63db623f2d0,52a0837c0f6f80e3066f418c37c9a4f91156e4cce43aec66d5adf1b7deed921b,open_r1_code_grpo,20efab19a1dd5d97a201e535a20bc5e7,,3296,3
3297,f3d622ac14e13116b36f1f5334924624345001a70886aa452d120cad0a4eb8f2,64278708be694942f0cbbc5f80ccf4342a03fb3bb611ab06add333721a3ce50e,open_r1_code_grpo,1507e41f06c56e189682b3e42e0b9d7a,,3297,3
3298,d96a377ed884d7dacf2b979f1f7da63eb0798b29cbd6eec878e1b26c1fbc6580,b395c2997230faf522ebb263daf9dd133403dd440d40523040e14312cfcd3c37,open_r1_code_grpo,87d3bd29404588402a130446e54e0d1f,,3298,4
3299,526e155f86bc8ce56029f577ee56614942742922f1b310b243ba018c555f476e,ed0bde7c1e273c5995c08c3d35d89b2a728a3b020328495f204cddb190cd8dbf,open_r1_code_grpo,097816243ca61dfd6c642e89807ea4b6,,3299,3
3300,ef086db0abed99656343dee316367044d44cbe913d574325ff58360aa797f27f,ccec577017c8a325492744849839c3bcaef3fa7c868fba879767a6be5ec7b8eb,open_r1_code_grpo,e5c0bbc1c19171f6acd86aae96924e0d,,3300,3
3301,d78394a0995a851eb27ccd2e99feb8c639fdee8fe62a7aea8930ef9feb2af1ca,6e31617efb43cbe390531cb54888e9a5a3abe030efaab94bb56f7ab2415412f0,open_r1_code_grpo,4547e7f3aa4850c5384cb513f71d86e5,,3301,4
3302,72f7ae27d361a782c5f5bcf5d8c745f64aec0e0bc36b3ab140871682cf0fbff8,1c04539538e10f0fe63f3894a3633e55044e14d02d806f4cc2446dfbc77c4632,open_r1_code_grpo,3719def929c7c827eab10f2327315c77,,3302,3
3303,acb7ad0c5c87eca88e97d13b84ee3e34d001ae31a544d7c6f9efbbb0af3c939a,30dfa67848624bc52e2523757e9c98ab418d393a7accdca17194b9c8e31d0619,open_r1_code_grpo,19986085b044eb5eab480bc4ec215b8d,,3303,3
3304,8c0ded78df3c8437597a06eb2318e7dc1d0bf76e97a1fa6802cb5776fc4fc428,c00bf5b464b04929524bfe9a8a8346303b8bae6a05b52352ab5d2e81d659365b,open_r1_code_grpo,dbdf8651339a7d690026920a1e046090,,3304,3
3305,131be74823346a154b5bdd44523fdd6f1fef762d36fea3b1218c6e8f7faac6da,0a94fe455ec05584890bf41da425b78e3747a5f95caf4329478535b5743f7ed1,open_r1_code_grpo,30d70beb1c56990eddf99f9f824725c2,,3305,3
3306,8d6342803b430a6a986e2bd9858ffcde9b042fca9f64689e7343ad524cb6a7ce,5f992ef74700a23a0fa964c082fbe40e0b6c8675abe82b83f4a03445eb4aa581,open_r1_code_grpo,acc27d16cb72783b81e15ec46041feff,,3306,3
3307,bf2439d2d80d83df376433329208e6babb0da87f78ad07262f37eee2874e61ba,6ee121b116bfaf351422aa9868382a534d3597cc04032e9af39aded8ac843d50,open_r1_code_grpo,8bf57520091dcb7b87cd4630699423ee,,3307,4
3308,82e882ce914c9e61bde3949f6127523cccf033b642474b041770b268a9147fd1,585a1c3cbf3e56809055b5c17f6caf90122b17e9d41aa69913203d6de7b189db,open_r1_code_grpo,c4d668449afdb57d59185c5795b3eef1,,3308,3
3309,44af3678fb338ddd6178285a26607c9153570751eb0509ae73a4376cd7db0d4a,a3b28f39be95f0114631dd5fc0a21eb4886705c8dea315f6d1ed437a2f0a74d5,open_r1_code_grpo,1f6cbf9325eeaba9a589e88b87ca5086,,3309,3
3310,6661e7b1d0a2111accc2c24440098a27c26aea0128ab000faee2f236707be88a,4236ea241dad5e636352c27d8bb69f3f14503ed095d9f08ac1bc47f24f730283,open_r1_code_grpo,fe411973bb2a04577417aa408fabed0a,,3310,4
3311,15f10af2b69bf421e2b32f6cac6eb09deaaec49af3d3d653489fbab2d54cb3b3,474a93bfa4d25a38387e78312b8c3c3c47be57dfe0ba44072002a163ec2eff9a,open_r1_code_grpo,ded96fd1a96986f86498399bc7c8a71f,,3311,3
3312,3050dea8807878c0be1cdce8714b74830c9344811659bf8ae2627516f745371e,51d94fae9523eeb9943a9c797fcc6aa89ce98e269dc0b3e69acb85e68b2d7b19,open_r1_code_grpo,5f5a8854434f7e33fdc5364288268760,,3312,4
3313,95899244642c8d50ce5505eab32f9b82dcea08578076468437890081cd3d5040,8d07e6d6596db4bbf6d880468f80b3c8b0a825792c60ba09cf2b390e194a8868,open_r1_code_grpo,a8071420379549e43149e763d102af01,,3313,3
3314,7c34becbc1fdd4a875115259a573c6b785e29c0558af62184fbbacb85f217d8e,d3149e8f5242ed3f2c0fc80cda990376de46ca3b7649701e1691790b1145401e,open_r1_code_grpo,0cb08ff1912149582f96de253b4f0891,,3314,3
3315,b89eecaa5360062be37c07e42d97f2a9dda60fd4bbfed072c2c30e7c306fa5e4,dbfe7095788c715456f6848b0a0d08ef7575944fe2cc9d675bbecfa31b4b1f67,open_r1_code_grpo,023bb80c5025fb620a589f885b0bf5fe,,3315,3
3316,127b90b0d9d80e68ce0fa28ec81b73ec2d2fc5922ec8a01a4afefde0ea953330,c749ba0317ecded1df2643cef2098c740b81d0fbfc037430b8cd47d9cf3db4ac,open_r1_code_grpo,f23d7ee472486fd05959c3012a04167e,,3316,4
3317,fc7791e8777ac359b44aa9637165061db83e63e26b8e8c919e7ad5cb5c50733f,fb5acbafdaf2d5fab7d29800d6649be13d3edd82c74158f9cd5e1157d21d1151,open_r1_code_grpo,a6e49a0d856bd86502271c94bba24cda,,3317,3
3318,a65862bef18af54613bd13e02a3cea2939337c47430870220703fc7b31b499dd,60aeb591897186bb2c73018f4a217ed403a5d6fec96f2416b5cffbb495be0250,open_r1_code_grpo,c5218df1fd3776ece69db609af5c89c2,,3318,3
3319,add1978901767772243d57d1aab996b6bc20687d12cc2d0acc92ee42c0db0163,be397e236049474a9815a75f61ce25cedf1b726e2c9123fdfa1d0ac2a1ed7c65,open_r1_code_grpo,bf25a5bfffc8b4749274b507c91fdfc6,,3319,3
3320,339bcdf0d127868a42e13111440052b415ae9f5d0ec38c5df730a10e5813e4be,c556c2452b4495647f88b4ce9529cae4e5dc1e531b01fc1ec8113d0b5ec0ed48,open_r1_code_grpo,e66486ec128607eb58acbc60e103ec37,,3320,3
3321,734b922ca53872c0db08502043af60bb6935f02335c186eb3fb7dce6b8f5c1a3,9d1dd4cb330a40847f5f38ab8a185ea07b294ae851d2812ba332487a14b9794d,open_r1_code_grpo,cff4364b151637e02e336c4a6f7dcd91,,3321,4
3322,c828707fe3241f1376898614175529952781fef907023bdb93111d95b5c81251,9ed5bd7a5ac93efc18486be9cc731844f9d2460fdaa333fb0cb4ff4cb28a90d6,open_r1_code_grpo,b919e8880676906fc0ab0d357a44f276,,3322,3
3323,947ebb6392f2102d849dfbd1546f887af730f844415257654f99199a4fdfe748,9b1e10caf98bfa891a00cdd19b00bac73e08fd7e807f7964e0c0f609902fb29c,open_r1_code_grpo,987d8986e81bba1b2c619bd531dcf04a,,3323,4
3324,cf4c7b2206fee0c9fd5b0a97f4d0fb532d8b7a03daea7007b280f5319ae31a44,47b2e8e95f1f0248c08847b0b549a33ef66262eebbfb3aedc6eeda2263fd8020,open_r1_code_grpo,46c557f3d84684ce9d7e7aa047f9a7c1,,3324,3
3325,3f8a0b321651908ab799bfc640f09776c114e4f34889dd99f68d9322536a55e3,5bafbc2ebeff38056dbabcf9203e0bcc0a62da3b0745fc482a5d7c538d54cd3a,open_r1_code_grpo,31cae6d0236c16d5be96711989a389a8,,3325,4
3326,a78392b52ec464c47af17085395145de5b9d5698ea56d68330a2f08188507f9a,cb122c5435eb7e8c30babfedefb207b4dae9729e7585b8885f43cb20b1dbee7a,open_r1_code_grpo,6b20c72109c443848151f315de825b4c,,3326,3
3327,d8703f7eeab0a6a37e5582c17af8f8139f7ba5916501ceb66f5d54b582cf2744,3cfb2f6b29e35772be2bf2bec387d207f741c88ffcf89adf6bac31dcbd4e1a47,open_r1_code_grpo,fdc2410fd31600d4ae9945a65b05226c,,3327,3
3328,2f13af92614f4dc5b90f77dee30eca3cac1a68e443d134ac15171789c284de95,75cbc465d9e293303e5c0466d1cdd64d84793e40063492218db2ecb35bfcb153,open_r1_code_grpo,f92feb5aefe8c9f620f19eb910f439bf,,3328,4
3329,a7d8875ff4a955083c1b35b55853a6f89f9767b338947defb641cc4267f44def,24446ed4975c45de106b187c117510032fc5e12ee1b1c1d7943addd7c90813e7,open_r1_code_grpo,81d106e4b9bbd47aca6feed75def8c05,,3329,3
3330,07e3871fe16e6032b68c2a576dfff165f28d0353968ea0d3d3b43b88a2d39495,3ba46c21dff03577dc0b381948b38a07b5ad123a983ed2832be0792c2f0f2f1e,open_r1_code_grpo,8472bc613545763ec92a0125446173fa,,3330,3
3331,d4469a7d81173e7e75a5362596b24794a0f90e77e4b8ecbbce7db1f52935caf6,70556ae7ee930413510a467a13cf8af76cdae0dcf5698ee746d6bf63ef15932e,open_r1_code_grpo,0c57b735de0ed94a919eaf4541e9eb2e,,3331,3
3332,3fb4cc0ef341ae969571e2a0d5c4bcf5c3cd6f667993ae440809e19a821ecde0,d608f739bfc83920cafe32e7759b9eaa97b577340b628972d2b5af8e9a4f1d4f,open_r1_code_grpo,364afaaabbe71e1f269ca178e0428d7e,,3332,4
3333,58891c662c437d006593736bdee4d2e5d6740b955291f1049be9aa31ebc512d6,a761edabaed2ef8dd858939e5965ce35db2ff27872db36579ce017b5013c07ed,open_r1_code_grpo,6c880684a744661d16b4c596bd73a7bf,,3333,4
3334,3a579f3edc961c5fde7d57048fe1ce0bee9bf90fe1f506e79367f1919d9b72ca,d5171f0dd401ad1d78edeb9eebc2b4e6fa9b0dd603638389a3df8b4e6cf440ca,open_r1_code_grpo,ce1e57a1da5aef67d8f3d226ebf479f8,,3334,3
3335,8b4d0a1b854ce1a085c4364f5fdc532032b6138f0e2cfa13c356f2b46b75897b,88995bb13ce690692a84212fd37b0e58ce3411f745d4877edfa121aa4a6ec996,open_r1_code_grpo,44a10b608df33d5f44385361dde9d049,,3335,3
3336,2f953f16fa0cfee485b37033e6175e496760db3df3bd88d0655ba6e018c549b2,e7daab7777fd28b4412e0617f19e33c62eb86c8789917f83bc49b4ddede81741,open_r1_code_grpo,2189bbc2450066e06b55181e51ece128,,3336,3
3337,4f1605c4ef3783cba12a155b02a54dda8f55b2f23283e5af1ae7755ef8822eed,93297f5617b3bff71446143f498e4cd108988ad1c6529fc9a379ae5d5e3f8ec3,open_r1_code_grpo,79887f1997e6b9f04a421e447a604a27,,3337,3
3338,ed94e462ee57b6d07c5a55d3fb6edcfd6a7986cbb82e1da315e152ca2e889122,2fcf66c43ea0279c0ab7bb80c3e3e40eda905cbecdfef3bd4a8e38551d653b9f,open_r1_code_grpo,a53d22ab0233004cd901521c3780cb79,,3338,3
3339,1665c7b209c4680349c61a6f0cdb4251d446791fcdec0ffa39767f06362b5aa9,cb3fb6cc4aa82d94d52f240353e9dda7c5950f08ff8cd25031d887242231d60c,open_r1_code_grpo,0315e21694c42c43187349eaea1f34fd,,3339,3
3340,a644adafa56709c4f640713b31c0662c7d4113a0d57ab3b2c90a933834f86742,c167787ea613a379d22b7d6ff8a9ace0041d4e425bce654cf938a7896abfad56,open_r1_code_grpo,b9fb020f55fdbd02da21c34429aecbef,,3340,3
3341,11c270468ec69b8852abf80088b47bc77f752f6651b69160523b126cd7f44ba8,c4618728e44906f5154b54d35a3a17935c4edeb99d6ca28a878e1e9bef34bacb,open_r1_code_grpo,47a39194bf12b0c2979c9d33d96a3745,,3341,3
3342,22daf56456a8c8ef5e990a153f0f4db94f37d5ab0a942bf99c5684d7a697545a,7e73d9eb266c23499826f1f1a85a815292b7f63fe8e4705db39ed18974a3e8a8,open_r1_code_grpo,dc8119b1c83a7c85b3debe83f7a56d08,,3342,3
3343,8ef8ff78a4f7ad22bccf270d261388cc508b3fddacf7a3ead67a9dbdeeeb09ee,4c514af0eddf4cc73b205f8574d5500628cd2d20250d028676fceae6d37f6e8a,open_r1_code_grpo,7c25aaa2f87db643773e1f4d3b2c9f44,,3343,3
3344,bd1bf855f41d9be181d3e88841a738afd7cdfd7d72f8b47d615211643cf0dab2,288d5890309ec9835565c92456920bccd9740bba680a0850fe9541f1a9e171fc,open_r1_code_grpo,a83c4184f1cb876a0aa88aec7d12e84a,,3344,4
3345,bad765bcedebb80cca7f0807acd2c438f9c8aaeb86aa8f2c5587e46a58fec92c,8969ef5e0eb03985a1816f47344d9d516f04b3f2e9d483be5fb81c3160a9c855,open_r1_code_grpo,e52022034f2c39534c8403a832c298dc,,3345,3
3346,eaccb7e443e80715f8d031ce77933b1b83459f459bc7a54b550cc6605865ac32,91ebffa0b6cb285b0f3d24bcae740b1e4bf3fb29a51c04892bf797472cab1bda,open_r1_code_grpo,9465b814868986135f7ab8d953a241b0,,3346,3
3347,cb37b67894c16b5bdf814dd08ba776562f28486eedf835f6d64ea84568aa56b8,9c3f20da795729d22bbbd37717a331604d4c8f25fb17d4a5b7698b2d040f2d66,open_r1_code_grpo,174723f958b5ee1eac7673b4a7dd6e51,,3347,3
3348,98253a8def2c4a939ee9384bc7a297b2d12b97888c66931164b4d3a7543850ee,242e24773885cef6236b4497e20e03246622436720ec8bc768794e95adad1cd5,open_r1_code_grpo,ad46c06e7abd4840aa8e208982a333b0,,3348,4
3349,ad1dea8eca7458b902d459cedccf69deb8be41b0bdbc310e8775917c961b0114,61f2c86634c981b25f750a3a73310ade59521cceebe4d931b039943a06ff8da9,open_r1_code_grpo,3d9422843850890c266f1f550169f63f,,3349,3
3350,4297b1c37876f6d0b12378c018c84d17c2dd41ce056cb54eb8fb92ac3997d8a4,4ab4b1d7df6e37bfcd4f8de6b02af8fbd4cd112332ce8e1d7d618ee585ec1a5d,open_r1_code_grpo,cd6a0121494eb2d3ec0646953f6e8dc7,,3350,3
3351,e9c2749786fb41a6e3ce2e05f3bd800e817deea05ef0b65fa90c8fd637bb5601,0848a0dfbb7c054fa7fe92079e659532880166020c7b477ad9f5a3d56103f9ce,open_r1_code_grpo,d64b1fe6e28f9bc2c4664f94d6c2bcd4,,3351,3
3352,f53b253588055e9df42008e4b0a73e2851cd7a1c31a3af73ee779d4374c201b3,d9ce0a52b3d6b8c55f9c9c17db994a4333015006974a6e8ef451c774b7836870,open_r1_code_grpo,f154ae2446813be602dff17cc7213d82,,3352,3
3353,652308a41870a084907ebd3b933917898b7768c88baa649a1739e290b212d9b6,a0a16ec1a5c6b5b89da30a7e8142f03d672555f8ad1675360f603462ba925e89,open_r1_code_grpo,56d945c2a1e56f2bcaec6c77a86d2a7b,,3353,3
3354,102d78a37ebc3e41bd76abdab912d82ea62932c175f52a0cced0fb37446cdd1e,7fc54741f8e445f505d504a80412c947407d6b9a33d14b204ea712924fdb4b01,open_r1_code_grpo,17de646c0439d2e37ef0bb91ffded16b,,3354,4
3355,1438effe9a5052af07c73b07b8f682a1271c9aa6d2fb96acbb5ed76744811d51,78d99a08dea642b95e89c9e20ec420284b4c2c0e2163a1df592de7e399175c81,open_r1_code_grpo,72d1c9baca9a308ce1f9c30e9f00b00f,,3355,3
3356,98872410364ea21ae3b432190d763a888a0982c1124e86322054f407636764fc,a75fc44ce11fc39195861d56bfb709418b66077cbc822aab36127fa0a6472224,open_r1_code_grpo,b64df4246667bacda0a8f356ef246ec0,,3356,4
3357,1f2be6fe7bac9010e6265f19b93d1a7c5ac68c9fec232e3752700821f9adf220,0541e9fe873e326acd851209d3000a860301a7420339d1000f047528c802d0f8,open_r1_code_grpo,5bd69a568c3effb7f36ca68bff9061fe,,3357,4
3358,28f8d45b247b09664704766701f96b26f96ea24db87d656e0c140c24f5ced7a5,ded31733c028bd4400e698fcc8311059ae55da4a8da881b17300aa451046c772,open_r1_code_grpo,2a1125b2c9691d8b46fb88cdddc68cad,,3358,3
3359,8ec3959ac0a674943ad6beefcf244c972cb34282e8dd6f222d53942c74127654,231e9e974d547bd466854aa021879c032d8673a4eb40120246155deeccd9442a,open_r1_code_grpo,e7e4f406707d7c5e50ed98ca87a05bdb,,3359,3
3360,1e2da56818035e593a39502484caa8d0eef4200e8472e8d62a0895b9b5f5a986,470493e524c8baf0251d132cf2beae445904fa627a6a8704a02cebc42fb25d7d,open_r1_code_grpo,a390d1343fb6dfb1a7b98f9912f6c0e9,,3360,3
3361,e046c984e51ec67ae63f46e380ca109d86e13007595299afbcb502ea783662e6,cd853492b568caf376ca505797c9b85e177299bf32872ad26863e7045a66c2b6,open_r1_code_grpo,28fc9becc1e20390178254ee6fb49b68,,3361,3
3362,2eedf6b4d43dab028d609b240ef5afa856e6e7dc199719602db27c0d6888d40d,f3102f91277e1b362b0b39e4acde642381fcf226ea6df79151b8ebeab23ca721,open_r1_code_grpo,8e41ceb3fd166fcdecf38fc001d256d0,,3362,3
3363,52310e54e17012e7d517c55ac89cb8e0a93e7cae1a48def942ca808b9c726dc3,98fcc61775dc2436636e01ebc81fd4a7cd6294b30faeb60c1224dc8f6a651e72,open_r1_code_grpo,e20ae088877877b173dcb63171d9910d,,3363,4
3364,2dfa41425df7c9ce6577fce714f33e54417c15bacec3f2ca9193c40b946f2b5b,657a7a7ca157de07fa54d48fd31917cd045ba72bd527174c373e57d291027ab5,open_r1_code_grpo,af6116200c6831749cde593060e3e028,,3364,4
3365,d5fa4691298a68a0f37a3f302e6004053fdbd9a242a37a336da81b8c63df5f10,2c5f1f5830a8d53988ca2715f7480c261fb14a0e7745e538eace59a1079bd0b6,open_r1_code_grpo,c00f66bffa696b64e550607ffad88349,,3365,4
3366,0663e932a8d1296446557ae7df69f881288d172ac47ac2b625fe1536da221c3d,80fbc4559b525283bb256fb9d32d648bb7f44590ac265715b826fd4b481e1010,open_r1_code_grpo,ca496391a3c2d8abf84a1087e8e16e3d,,3366,4
3367,c1a7d3b59c05b9b0b73c59b854a277fb7c189762a7e9c08663372b758ca6eeea,f22e5e48afc78b535f22a5bb961cf7810d30e61d1f1c7b419ec2866d9270ebf4,open_r1_code_grpo,7dcc96ad30e29d63418ac024e2d485a3,,3367,3
3368,893e41b29d7b0f0779399da6be9250bb37b3c0445086e61d79c4ed77ef0229dc,5cfcf968e978b2a41f0fcdbead07fcb1f396a3accdde55e0dd6be61ee14cf150,open_r1_code_grpo,08b27e90123f6f6f76308793d49a4de9,,3368,4
3369,cdec8777756bb4ff49050a9b3938bf4b5a628e6be8ca2a17f1017171a82f0992,0841bb39979cf754d475afc86a4a660d03e45db480aa466ed1d32bc96e4b45dc,open_r1_code_grpo,be798ce7cdfccd60e2b54d15c34d0b0a,,3369,3
3370,025c4f52ec9d4b26eadd31473aa15c00ee089d396a5828fa93111b7f2e5b6da1,a2e81ebcc18e642b2e035d3c162866c1db6a9648d4b5d684f0ed1b5430b74d89,open_r1_code_grpo,550b2179a3aa277b6423689e58e9d2a2,,3370,3
3371,f92e62f3928baff0b451cdfe3524f152b51c3cf58fcb8a72397762e496e32616,847cfd91c9f04cc878360a33a9d22317387b8bddcad92f587c2d6e6493ed6dbd,open_r1_code_grpo,b09e0b945f6df2cdb35e427d922a6251,,3371,3
3372,f8ace9be9c6e2fbbd338f91641f824f2d20130d7a02c2bd205b8a446a25380d4,61141f647b86950e389df0d0ba9cf2c41128f0cb63940c5f08a0da1dd476ecd5,open_r1_code_grpo,1cc29af0acf19285e2cfaccb51730b8b,,3372,3
3373,9611f84ec47f2f6dfa5e15c1dce235e5d88f910aa4c5964c4a8f326195b5bf21,0ff2ca6127214fcb2ed88fd7afdaaf26616facaf45549f21eba7e31bd70918fc,open_r1_code_grpo,49c748af517d01e10dee6a1c7654e34f,,3373,4
3374,f2ded2a1c72213016b96955592f6b8c00b5b3ff1c3d26caf61e2a56d465a9bd7,a3f7ba8222d9029610bf06981dd6427e2588abcd47a1d61c4b880c2339bf7220,open_r1_code_grpo,314662ec4f8dea370b75d664e6619850,,3374,3
3375,93c65b96abd12055e0ea112ff80b7ef20393938c9173db166d5a6e2db5337a76,072274f27b47a335c5b1902b836aad7009d6a790888c36f7a2cff06093068a0d,open_r1_code_grpo,a228d4d44ada2cf6792b44dfdb861d22,,3375,4
3376,e28816cb762b16997f5eb3b270a0b2d67ace40e0bf8d7ed495df81603a215858,a67be1270826a4a55d39c2ac58a81ddd012470b9c2394aed69b43d0cc1b104cc,open_r1_code_grpo,19849c66653d246a6ef8347b0d95b233,,3376,3
3377,486c86fa6403959de5a91cc084aebca93861a066fde16af0831855712ca98004,2e84c0cb3745d98befc223e182a0b2b8fffc093072ea0405b69c5324e8b9cbad,open_r1_code_grpo,79fcea0b42a5397e3c4f1a6096bfea77,,3377,3
3378,992f922c3c50f33f3a46cd8066f42e9d68d8eecbb5a2937f52bc9dd78627c6a5,c696c6eac4a5e6afa508da08b8fa87bc93ea9314745d300f8008ab57f8843ef4,open_r1_code_grpo,f42ea7a2da26176f194d6de0972a8842,,3378,4
3379,59fda3f7ad0319a09b4aab1e570502f81a17d6188e522710087a9cdc94494139,ad7113e0058c3cd747006d295caf11ccee865f9998879d50e591afea1fa3c325,open_r1_code_grpo,52414dee76df9852d07b3cc12503974b,,3379,3
3380,e4c647db0ad83c2638e152b09f48c3f5b86b7031af0e773923670719e48edaa3,6a48969efbe5f4b8afb6805f4b9c138cbf762808e37107fe61f102bdd7bb4c13,open_r1_code_grpo,7f53ebacc204325e1a21a9ae45f4fdfc,,3380,4
3381,98512b7d742c839784b355a613779ba3496dec94a3cb5017486558090e453e61,830987e4322ef664e610777bf442b09c0ee103d3ab5704c33a5f172e98ba4539,open_r1_code_grpo,c64d46f1a97191060cf584d0990b2627,,3381,3
3382,271addd2bafaf27813fcd4945707b2e3fa9a74cf4a3812f2ab45424fa1c94edb,98cf6308435406bccbb9a7a18394329b22fb1bdf2bb6c2776eb71e9533658e1b,open_r1_code_grpo,8a5412a7a791feffa4a2d15d824d291a,,3382,3
3383,7597bb1d83ac2d8e539d7ecbc391533c9b52b1016f2dac634614dda5b8e40b15,2e7bcbcd4da46310c6b12bce16c08ea8eea6df82b142d929d9a27c3975d6d852,open_r1_code_grpo,1023f216426a2f0e168ebdd451f246f7,,3383,3
3384,2a3ae6edfe1f5942d3e85f8c83d6c2cc0978064b0d012b99d5539d296e392a1e,e23afb33849f199c84104bda7ca3b913a8e5316d58d445134cb1014d6288aefa,open_r1_code_grpo,1f61b6f2e251b8b21faacb248766c2f5,,3384,3
3385,6f927304fa1193255d30db2d85368e9111bc4f78e4e9d3785ccff5326decbeec,e40c85ab037d3cd991a0391effc80fff70ee7d0b7436894d45bb17545ecb038b,open_r1_code_grpo,fb99edee4e1349c6493dae4c0a12c2f7,,3385,3
3386,310a7ac953bcf09f44a3612d8c0816fdda694ef73c0b89b635caf84b6fcc4113,1f298d1e6001c83d070889ff394be869d711962f7bd0d5dc3b5a7c8188fb18e9,open_r1_code_grpo,cfe9ab8b3c1c312530e693f950289e3e,,3386,4
3387,1721f94c6297268fd30e5ae0c934c4c9509a60acf7280d3e71e1624e440cb3cb,e42708a555561fb9770df6afd9009a2ac53f21e460c0f4fe1f8efca6bfac1ad2,open_r1_code_grpo,7485f7ea98bc110ebd2e7b46441de3eb,,3387,3
3388,58ab625246012ad1a961aeb7b06d8915bbdedc329455f2b7948a0a839c686fdf,ee94f1f47c3f89416c3d9459699ee7d2901b74c682b4aa029202d2d4e73d5ceb,open_r1_code_grpo,5ffacf12f832f36b9215b599645b80c4,,3388,3
3389,74a29bddcb334372861db3e405c3538a10aac3df2120bfbeb3a88ef5e8b2da28,c5d145bb56241a1408a348c1a0b67fd24a521338360c162fdf41e1d3d83a2f80,open_r1_code_grpo,e24afd9d77947da00fdc8102caa15d09,,3389,3
3390,52c2002cb989a0406bc306341e2c0de4b30b2f04e72fde5186620b75bd34bbe5,8df3a384804af5b773809081608c7643a5f76a2481934a34d2563fde64dcd456,open_r1_code_grpo,3e8455c78b7b0d1b7105cd8d45d6ef9a,,3390,4
3391,d8f91276620bedd52c545baf9267304b65c1c48372a556c32bcbfa40c9750328,f26f75fed3e68934c303ec5c8930615a8d81d5dd2a4a9340026ce9077e9dd00d,open_r1_code_grpo,d970525e35b1a5e7915f38c30961bb89,,3391,4
3392,db3ddb118602fa258027ccaa624b29e412a444840256b35449ee950e1d263720,bc5583d9633da4781acdb942b61dcf9aff9cf17d15b09af5bd54286e7320df97,open_r1_code_grpo,07f870cdaee9dde9452bdca8176854d3,,3392,3
3393,aa9bed18de86eb26cdec61566b264df2d07fc74b4f7f59f5e489c353f4010ea2,9483278de7ce8962d4bc7209b4aeed01f74aabca16cb1ee873508e0641101525,open_r1_code_grpo,f20bee2b944148cd903f4866e704ea6a,,3393,3
3394,bb1c740f3d6356eab4043a850503663762e13f0eee97c3d79321d1fbc6b4bac4,a04350341b556ded132d5f485d39b94117260de2e498757aca85448dd2b3c789,open_r1_code_grpo,4cc7015d13b386fd4783c4a1ce27b45c,,3394,3
3395,84f85dcfcd921ca737f5ab1ac605d245ce0bbf33c2edc3c4ba2688490f8e37b5,f1b928f83be01eec1be0ffa4f1e4a1c1f6426f4b502bda75a671377dcf6185c6,open_r1_code_grpo,61012039f9e3dd549c9ff82830d6d1ec,,3395,3
3396,534fbf2dbf2188d64cd3d454a7caa37eddb8f849e8a79b6e94c2647ec0657585,c598f328435ba9883f6db5bdc7d268dc24a685488f11b10bcc77787d3c33377e,open_r1_code_grpo,20fc8686ec581ff8c8236616a676ccd1,,3396,4
3397,56f488fa68a1acaf3d63087e9c01f63861d8634491ea386e6ec88608179dcac0,59d8f05d90cf596fef9f5262b5cdd1e128c946b8aae6f9bd2aa68047dc36db76,open_r1_code_grpo,e88ae7dcaef965240ac15271784faff7,,3397,3
3398,13d676269429f6fe5b9326b61e83d62ccaa9bd3c5bad1fcef1bc16dff3243677,7c1fc4b74967d8d02a4d6d68a972b4d7c92e51082252ee4d9cd1214f01d8f4c6,open_r1_code_grpo,423b5f2e206bd740e782f4c5eb0c7165,,3398,3
3399,086b78eb142bb1e57fab5a849ae1fc5d951d5dee6a8a7fc6830a5a3bbb921261,d4db8076e6cbfb513a4b19013000967098b97b249572af3e23e8d5fe1e56be27,open_r1_code_grpo,76819e61d5b7ce505d59eb9d540d0f76,,3399,4
3400,9e88a60f08255613fa86a59e15b0cd6330ac6fc74973f683ccaaf1ded7a8aa7d,42c81785a19278e6e877a48c187ba68d67b1c4d974f7c84bb1cf1acb46a4f98f,open_r1_code_grpo,83c72f57e693dd684b5992a346f253dc,,3400,3
3401,591f50f6435fc361fd231dfe2ae3e420add50bdb5cd857b4082e656e177811c7,48849bd2447f5721b5d97fe052bea7e6a5c611d11ab97cdec8e621633375e15d,open_r1_code_grpo,581a739ee8d556729cdfc60218ee13fc,,3401,3
3402,0883c9b172825b93cec6ad435872e6b08fc0767542f9feaa9ce2774c50550412,cc590cc87b656428b7122b887f4da1dd8c64b1a05ee1346dc3d460f05809f8c4,open_r1_code_grpo,11c3ce9c1fb63bc0f56a33b32eb29f4d,,3402,3
3403,ed5b81630b9f987acbe1a3735ddcbbdc5371a993129bdd28f315a90dbec5715a,b496e86d458eeb861958faf308513fc1bc02792f13b3de028f4b552efebc934e,open_r1_code_grpo,f1fc587553c9e5b54f23b220978e7a99,,3403,3
3404,d7e723044f952807b378112938df713f4479deee4e4e3aba4117dd49f18fb610,c03868cf4489970f8d8b84e10f904fc9efaeb057cef07d81022bf8064709dab1,open_r1_code_grpo,b5f5ef4286665027e52b31a9e68a004b,,3404,3
3405,4550df80787dc138474370152e2a0a1f03fa4c27e4b337a526769d30e68ba659,ee55f664e23122d8663ea1c7e2d4de5231d382f23d4e9ed9d5188bc00c599b0f,open_r1_code_grpo,3ae150d520532dda080b851818d9ff99,,3405,3
3406,b771c76ff90e2b38e7f6b3a16309863f505bf0392ff0cc617ca97aa052e13219,31e0e724932488d9a07f7b0e701fb76b19be8ad94dc3d5ffc4bd322f3223a50f,open_r1_code_grpo,251c0c321d387537de11c29fb5938acb,,3406,4
3407,93830d4ed6594c015bd31d6fc6aaf48ed82e79bd70087341140ca784b2ec2e22,cc3666efa4ad9028adc9ad7e574a32cc9fb067b9d602a4c5195d2cd0fc2b6341,open_r1_code_grpo,a77c0046f7d759f5afbe030bc7ffec6d,,3407,3
3408,008197e40bd59d02e339578e866cc40f87f43defe5131b398ed49d84bc6b69dd,d95a27561a8a83f5833e52558441ae8294eb00dbecbe87ab5f8c21cbcdfe0f99,open_r1_code_grpo,d09a3185f208a0a0a99d7b94ccbaf5c5,,3408,3
3409,a6c5d75eb07ca85fcbcafe46b068e8eb2c0b11dc47cb99ef9807975d92be2b5d,5e31c6585e7c2606659133f6e9cd82888c5e170417abba4a60612ea4050e89bd,open_r1_code_grpo,082128eaef179a23d955c06c95cff75b,,3409,3
3410,9265922dcc4fee0c34284ea4ad6f67b9b9aa3015c34ba4430fb8869620969c9c,2b4cd57549f95d80e3e39a1f6a98accb5991e30f7e75cbb571a08e91a58c45d5,open_r1_code_grpo,54312a937b27803004a56c7d428ef2c2,,3410,4
3411,201065634ed3b2e9ec08f79fd8a0188c0cfcce01087fcfd2f154c47ca7c6378b,150d5a782bb010f6476029c698c050bfdb262440c6726fc415378886f5c5c3d0,open_r1_code_grpo,fec25ed2cbdcc5019e666c6602defa0d,,3411,3
3412,87b105fb3f4a1fb70e203710b5ab3a1e1d332176d289a7f9471987c56508ae2b,96b05068128dc1ad985ee0b622ead2535fe591113c6aea0e4dcdc2e56b9f2577,open_r1_code_grpo,dc012b818ff7e2e5940a7af1c3de9ef4,,3412,3
3413,51638e3f7608c7bc9ecda7e20e972f42322cb375c4c78d1a1df3e8e68b21e7c9,5ad129887c82453681b73f494ce24b7727e4db952d4dcd149b5bb611a23473db,open_r1_code_grpo,69a94b867f60c1b72196e10c3144eaca,,3413,4
3414,ff1eb3542d184144bb4d8902fe8ef4ba7fbee20a4290d424b46985e518b6a702,e1c29073347ff8efed1d7a3f625155b4a2610b4b7d2b784af3763aa2a2f75d77,open_r1_code_grpo,79c3b69a3e24cf5ba758af69377a90be,,3414,3
3415,c249a0f40e46c39a8944c6d6efd91425f934d806668160581ad2dd796c3e2ea8,8718aad5cec6f0e6602e068a4b16a3894c36cd05a68afb9006383ea9164962b5,open_r1_code_grpo,aa2df29737e812d0188d7a685b49d912,,3415,3
3416,6275f141d41cd6108b47b04b8715eeb63a252515f2d081fa865c51703d3f6afe,821a62744e003625dc633e54f4fb195f2a2bb2435528af811da82cc454fa974e,open_r1_code_grpo,076038542cbca020cea07a6a8bb4cb41,,3416,3
3417,0216df4ef000132352d7ae7b0e923947f6a98c6904f3fd4def46c2cdf944ff3c,133e1a74f0fcde243e3bf5eee9185f6e14249c72c515f7eca02a2824cb4f2adc,open_r1_code_grpo,ff21d7c80f495e4803046a27b91b933f,,3417,4
3418,7aeb597fc380c5b76868cf6782eaf13ff77e05b493937c5aa093af646bb1db22,a5a02c318512640d07c7ff15733163f63aa5f5523c98044d3658240ea2828eb1,open_r1_code_grpo,38b136098a7ffe3273ac793febd14301,,3418,3
3419,1cf050815b1db639639396d1fa78c3a6e6871d20bf6b49ef9207bfa8bd3708d0,93f15c93462f262093570726f1cc62d819ebbf9bd4d665e101f9f1be8678b008,open_r1_code_grpo,c3e8ba3de4cd26125adef57f4a4b3690,,3419,3
3420,68d19a25232907fb562104ef4faf5ceb99120a4913b6dab4e43750da6a23dc2a,6a8acf5407a82abd2e60ecab9c6fd0e0f28f0086919b6fff7b0e4902a37e5a99,open_r1_code_grpo,35768ab53c8c2979d8f49cdff61c6bdb,,3420,3
3421,68720b2f936f0bdc79a968eec247857c7e83ba7f2b787b22130d0194cee389cd,2a1f91c6bb1e9f83612d105d0ee35713c27dd860c9fec8e7a8f6c96c198f0990,open_r1_code_grpo,781f8d4a8f50ef3b0be68a848a64828e,,3421,3
3422,00f5374aa2ce4450148cacab7268acb83b080dcb540dab59f133bc17f4982cb9,bb052a12cf89a0e60682c6b41426acda7e91810227af7cfbc6021effac8b841f,open_r1_code_grpo,cf61172dceb17947409d64f63754dd60,,3422,3
3423,e2ef4e460e3d76f180d807058e6a49dc4313069bd4942d4d4977e42d36618ad1,f21bf9f6c9da02da42ee0c9a848eb333aac73ea06d505420881391185795bf02,open_r1_code_grpo,a79645ecbcccb3a56ce0da565c8f7cf1,,3423,4
3424,5cb508784837a53b878fab92c3d5f68f358abfd74bf8f2439bac3f4b912fc6d7,0e7e9b80625c6f5a8b0dabf5c7e2d77cc0bb626ed676437727aaf2437ab33dee,open_r1_code_grpo,f5dc4ab3888120eac802d77cdc0839ab,,3424,3
3425,2b8ddfcb407184144a16336fcaf99ae01e0d9640e2bab263c3d37e4fadd3dc1a,4abd753f056952e302b240dd74920657cf2c9d4f049fa2f7af4feb94ce82e20b,open_r1_code_grpo,c979a68a7eaf1bb4bd96588e68aff54e,,3425,4
3426,3197926f2204c82ff5a42fce8197e9ade7a7bcfcfb7fb79978daeec8882f544b,e5ef59ef0791e11969edd4d4eff8089d10fe0ce7b56a4a280520ca3ba9a242e2,open_r1_code_grpo,fdfc064160742118d76964757030dbcb,,3426,3
3427,e1f7bc3691670f4a6b80f93e110bf0550be9779455aacdeae25222e9994c4c64,d9b24a4d6cd207c662fded576f9ba6945f95981dac3ccf4c643d4da60a126fed,open_r1_code_grpo,cf22c9484a2fecf4273cb9ea5d182475,,3427,4
3428,9f2c0044fe379b70d7b2552cae0bc09eb22b7dc6610607b7817b4d7d9be6671e,36ae2392eef5597b6d1c3a9ca8782836c14be4b0bf1c6a643f3f709481cd75a4,open_r1_code_grpo,62ccc2e22c5600d134dd4f184ea9ca6e,,3428,3
3429,7af3b627729544bf9618071fd60906483192329650dd48ec840944de8ca41c0b,1ba384adb43b78b78b3ec96b95798287839750c41792fa28847c7810200ce7bf,open_r1_code_grpo,3075fe0e66b210c194deca40f95f275b,,3429,4
3430,6039a0a230f27936552c014622681efdf76279a208e5821a215772315f02fec6,65bcecccb08fda4c30d705663ae5c2c5afda712a56b4e06cb5fbc545fcfb35c4,open_r1_code_grpo,068001b73252b159bf413282a4e0f20d,,3430,3
3431,c42833abf1d9928dd8e937dd1d75d1a10e18d659d111cd7e887ed2e5cdd9be59,ad2d237e2a84bc7e8d36db943201238e134762642f7e6ad613450ba96d616858,open_r1_code_grpo,a95b6db8f8b23baeb94d306fc58b3c2e,,3431,4
3432,b190f61c37db45f30861c93c2f600fabf4014dc0aaf176d69d51d6ddc0dbb6c3,dcf172de9ff9f6256da0df285600acb2b6304d674e1161809a0f6d6fd40ff812,open_r1_code_grpo,a2fe56d004369d4eaee1619a3b3a398d,,3432,4
3433,65b2d55ac9bb743f142a24ad22e045e70f27fb9560efa5ed880a63ad81badb83,e34dbc1056913633122d79ea386246956b00e7128252658e32805ce33781fae4,open_r1_code_grpo,449980d6556fa38286db18ac82e40ba3,,3433,3
3434,1d07120d8ad90f1a22fed8486c005351501c9f9579e48715a419cc8e7d3b0351,aa783d3268b465d2d323d83a242b16e11ad855304326eb90515f0d344202c141,open_r1_code_grpo,5c5f535681cf77d4a905d79ef2476c64,,3434,3
3435,a38d0499d3d33f8958c8ef189a5ff040b76e8ed8fc59c51fbe7ff3a4d7c6b691,b460e0a53b9ab8771611e91b53c41160dec0b65c61c5f9e4bcc9284b54cd079d,open_r1_code_grpo,53e5a0eebb256dba936957bc8ed7f97a,,3435,4
3436,d9110f5a5ead3e07a4348764b315fd3469e053d6e1144ecf31f8fc339d0454bc,32024573067077ffa2a21dfec54260993a86bd8c7feb59d06de0ec3eb311ae0b,open_r1_code_grpo,e7d784d93b3beadd500845b8da279543,,3436,3
3437,90468f4f9d0f437dfe52e79027638592d0a283e744aa0d533e4a4b902a4abcbc,90d2cc74ae743412a198c387cffa11cb3af11f1d953fdd252a6ffc319a211d1f,open_r1_code_grpo,36dad61fb9cce08407641950145fa7c2,,3437,3
3438,c3efdfd0bed348e07fc5ef602178de0863765728ca5a94e1052e0b97569e4b46,53be9af680a313f96dd71c4e4336244391e438649a7b8cc18234fd1b566948c0,open_r1_code_grpo,2fc89e2e5a7ff87bde9db94af27edf60,,3438,3
3439,fc06397e89f5d63d8ba24144569964fc79f9028ec98a2374f721c029569de99d,1b611d4fc06f78103f87ce94476b689a5c9da0145574f4e0d9278e0536b33dcb,open_r1_code_grpo,62460eef248f631b7ace98e72fb5265f,,3439,4
3440,76a8c3624749bf337dc2a575116b9999fbbadfa50ca5e51afc4a855ca5926e05,326a5781f306fe438f9b82bdd7d019e584f43c687f13fb9f191c8966b8140ab9,open_r1_code_grpo,85fb6f5ab4e9be7d3fc8cbd5a457472a,,3440,4
3441,0b3cd872a482684f7e4a1ea8aba6b0a9e89dc49531e684ab97c9b5a447020a8f,e1cdf33f804e813dba43392c5f22b3491f76e1d77cdb7692052a702c8ce2e032,open_r1_code_grpo,d224ddb11f6a4f93f73751fd5e0dd034,,3441,3
3442,894a0a75c9c85e997e20284b60fbaeb66b2f2fdaa8142d834ff7e56410561ec5,45be2b83c4b59f4f29221053b4676f2af3829ccb93f43821e48aab127444b7a1,open_r1_code_grpo,8869b764dd8fa8752c763252a831b998,,3442,4
3443,36abf8bc2d6ba52f8ffecf2e2f05a3f5e951802997f223beb407c64749f5e8bd,df54831e0243a316a296cc74f772e5cac119aca20be6d075a6ba33562c4bdc0e,open_r1_code_grpo,77eb0d691a5d83469bb54a3ec33ddcfa,,3443,4
3444,5ff6ebed7228a9751028ec2efd19c5ebbd16ff99f073991a08143d59a8161d7c,6aad32b0b762b6f7168e62313391a3a5ba58c3d1a369585994042d12b7a854f9,open_r1_code_grpo,d72a32b57e12ea2148b7ad9791434a7a,,3444,3
3445,04279252b83576c87ff6a392d05f4be9c39a28779e5f4461b77ceae339677e3d,7e73cbd03cbfbb9f416b897bf2fdc929676eb48ae4e91793e8a4a82ec50c355c,open_r1_code_grpo,3b01ec6832d33b3b852a184f2cca1ef1,,3445,3
3446,f4497e1f47531d5ceac8c0e7318cb7d53f9ed8491d13df6e579fc8deae6ae344,fc0f04e6bb87372d0defd487aa3c07bc56b66d633e0a1a60da92f8e317dcdb04,open_r1_code_grpo,77080ccff0161f7e6dfcfd23d14bfe1b,,3446,3
3447,bd7d71d98ba42a62b2f1c752dff7a19be4b9be1dccd91285d171c2abcde8ae5e,e0cb03196deb199d74ecd67f1dbe0d5bf6a37ecdb5210d471512a340cb2b2c0b,open_r1_code_grpo,c87eee047664fb58d93bf657812aa3a9,,3447,4
3448,b4513888e8f82329666c1cff4312e36ca4651fe69f97cd80e83156e5f89c089b,d6daf8f8831eeea892b3ace5de5fd5b6a3d2ba1586f257a0ab3c473c470a0d94,open_r1_code_grpo,1d32568dab6aa441f0a1b09a2944366e,,3448,4
3449,35437df23b739b75141ba5a08deb8c7a20c417a24521d2d9909455e686c381a3,d9c90e127ea1bff86dae38a6eb69c69e7146f5ea3c7aaf21b75b5bf8ef99f0df,open_r1_code_grpo,9ae7a6e837cb9776ce1bd465fb476a97,,3449,4
3450,9de69b5c4972209e4ae839c7c0cf66b734521e2ab3649bba07160e39a7fe7a7e,48de300a2cdddedc96ce713761ed084fec214330b0ce8b3a414052e2d3dac86a,open_r1_code_grpo,e25eebfb17fa056b589843c880bca530,,3450,4
3451,c59d86ed67fdee32fb1ff487003b0d98434bd69f71be03e232fa0dae001fb666,515a1f2bc8543a04c5a8c59724eae399262a85647ecaec51cef137055a67b647,open_r1_code_grpo,b090b9340991a12a535f3b1f07c19f9d,,3451,3
3452,7f978f13ea01e60f7f70283f46cb885bdc16fdd3d6d079de58c5cd74fa096c7b,eb3ad1154f757dbd84d0a66ee461fc2d07f87b71c8f4451e1123f68f82b41066,open_r1_code_grpo,1b31b9a81ef3d76e39b4d0f3e8207bf4,,3452,3
3453,02f08605769da54a1546ad4b0e2433401f60b7b24a7fa5c436abb85d523d9fd1,bc72c7d30132d7660c07c2edd111a468ab4da2f6fe0544d5ab33c79a0d5f6792,open_r1_code_grpo,2d5fc086e7bdc767b861a6e97a344e8c,,3453,3
3454,69988c0828625970a21275086a0c8bb228d5f1ba74e0d586595359319f06fda9,1c8af5ef9f2fbea213b5f994a681f03eef93b2c3dd90fd0768e498a449365a81,open_r1_code_grpo,1cb9de319aed0d821ec419b494e2ce9e,,3454,3
3455,606ca6e97e5c00db0e5f80a7c6d91fe4209b900ac860e32c8045dc3fb4ee3b6f,322b4b4d98c4c9843b7ae815b001c280f9877d111e4db9f226fbb62edc77928b,open_r1_code_grpo,0887c42f628608545951fdf882979251,,3455,3
3456,4d724134ffd9be5f2214ea78814e863e6896688254a0a3ca691a49e2b826ade7,3724844dd453c5e3a432a64e592cd1288d97b50e748433f0499020c231c639f9,open_r1_code_grpo,1fd3ac40c3a96d197c053685be730ff3,,3456,3
3457,b1ddb8820f38917371e7250d37a157683d5ade3470ccf08d983d904a41a44253,25b0f97c552f5a26c4d9a40664e671044efea705b835ce4363ff92dcdb8dafbe,open_r1_code_grpo,8f98642646a273efbbd928a28825a5f0,,3457,4
3458,bc9d8ed44364dc3751d85c7b128f8b56743584e40f1ce409b5e04bcaa671a4ad,15a55fbb250634ed0d7de06da1ff8dd87a825669697f95dd2ad542f4b1256161,open_r1_code_grpo,64c454f1085e82cf727e79e7c02ae729,,3458,3
3459,9b74c702a7aaa323062b15f3fd683146aa3355958579772414cb33b2e9ab2833,34a1a4abbe617425010882c2b90e77d71667e7ea0a7b5514f792a2e4e9f3f736,open_r1_code_grpo,c858b69feae3416dcf857b48a42dc70a,,3459,4
3460,b98f3b1ff474f5a62a71fa954e03cb98238c0e12e22a82582d6c7740b9022b10,ea74d44f4192e9229c95db8cf082780773011b54cfe20b4f8971a0fbb706fc69,open_r1_code_grpo,8c776b5ee5b00982175c6aea3d4a388f,,3460,3
3461,2019c550a7bf42e24da4e098a3cb6ba1346d4be3c8f2ddb4283569f0e79be29b,37a69ce280963799664ae9ea062b30d05af5644fab0edb317fcb75921c1811ce,open_r1_code_grpo,1abffafc9d89739380fd8b4f1f725c70,,3461,4
3462,424a4d39a5189569fb73d19cc0cd87fe995eb48af39d3f0fafe39ead0eceeb45,9c81f7322a3a358c5555e00666c725b3fcd0dfceaa64d43a281bffccb255a559,open_r1_code_grpo,96226fe23fe9ca6e946bb1d8d40444f3,,3462,3
3463,970c6f9186597e44db786eed74b8d712f15dae708a7fb0225e819e6025a49f97,0119f48b393825cf0240ac68fa8ddcdfb4065cf0a0db69b65bc3caed50e8ee35,open_r1_code_grpo,fa38255d78bf12ccf1be1b35ee7f7190,,3463,3
3464,40272dd26c735b97627de2dbe76e81501bda9c366a392943a151f7b26caf9184,7e01407ec85ade642da29e41c0dbebb6d17337c6b7c7f33ca130510207965785,open_r1_code_grpo,0296ef4a31c88fb7384e585a28c0190f,,3464,4
3465,c8e67d516793002e63183dd4ffc63432fac8720f48f1883f55ada34a1d979718,21fc5c2b8825e97d95cb12c8f845d7fa5871e98ec3a36f72b7e52d3d7eadd6cb,open_r1_code_grpo,ac0c79026f6ac3427da990878d9912cc,,3465,3
3466,c9ef7eec24efa0c342ac6eddeac2980d5d2d1e6f57c30a0f03ebeb5c178cabce,3ad4b9c0c45d9a11b607db94a2d1aaff6db8880ac72e597aebb0f7e83e46ba5e,open_r1_code_grpo,14ec7ecca56071dd1f7730b8cf562836,,3466,3
3467,124f4d5cb6ec6ddda2ccb7c4d83c7fec409ebb5a154a971fd6af8cfa4a90747d,b85437c2a62a20fbd2a039c447d1da988d8a797609df6ecdf8f277325d9865b6,open_r1_code_grpo,9ae6afaefd83939f0c70f0135eef8220,,3467,3
3468,31e2902d05c9adeb650b7ec3d26e7fd6b2d47d3774bdbf13d926b78e19fe423b,72083af1198ec318c93d22b2e1f2f548ee9d652c2148971dc603728da57d2376,open_r1_code_grpo,221a924c79f4cc738c67e3e1021866e5,,3468,3
3469,ba26a2dd088532b3c499043eca64071120af7758b10db74225c610471b4dece6,e48d0cc6da2ff906290a8d7bc5d2463a9af06c4d0e3fcef8903685af0cfd092d,open_r1_code_grpo,41f0211419aa0299f7f1d12046f492c6,,3469,3
3470,98f4aacab6a56e8fc7faf22c7abdbd314551ecb70c9df9614422c974f96c67b5,8b209df17a96da330b823a7d63c9aeff7cfdf3c8d505cafa752c70b53061dd34,open_r1_code_grpo,cafa56cd89a2a2a03b3fea94cd4be6d5,,3470,4
3471,d47b0c9ff09e62824671444d06d89aabe906e69c6c7cdc45770fb5aa6dffb1ee,052390a5bacfab4d1625facd89adffa1291353535af87bf058088775d7e9cb96,open_r1_code_grpo,21598f293e5536fb159d9340b3575387,,3471,4
3472,5379d66723f9d6728ee7c051ba8afdb8fa54ccf02806333e4c9a49b763fa1721,b7bfdc9de1ef6fe38c41572f5cde7fc776f9b01fc550456864867ae8d18c316c,open_r1_code_grpo,9a2728e339520bb7580080f4c8a44326,,3472,3
3473,07aab678a95e99afaf3bbdcae3468598d49153c3736d84c7b908a82061d48c7f,1d18d4bcf7046ea645bd10c62eb08d5efe7b01ae22df8c5807c26ad5b07282c3,open_r1_code_grpo,dc6e761c88ce704ed6b0346435091009,,3473,4
3474,99a5c0cb831d34a0ec5680d215123104a1f852690b7d9660679f827cc0aa916a,55f74387f9c0a1d34169b1736c1bfbd9457aa81a6a14a0238091fab04be87265,open_r1_code_grpo,1a6b3e8c087cbf4d558d13aefb82f9a5,,3474,4
3475,152032dd67371361579053c232f3f68421a4056737c4feaa637293a1ceb88198,748f7629720b1c3205e5d6d3fefc5821291ac42a069707097f3bba2ce6811084,open_r1_code_grpo,745f5c8ac1614ec6176ffc5b408d9cfe,,3475,4
3476,2650a3452f6f0ba25eb10262b0eb035f1c5303c82dbd8288092930e724d942fb,7d46a3c0e793169ae0d53de6ec1faea2f7abff5aaf52f55f04913b4568390171,open_r1_code_grpo,266d2ea65f6752ef608eb7c4de42b68f,,3476,3
3477,047f285b926bffa98ea8cbb252665ee28499570258b72b258670feb6f2080e64,5f07fedbc6d3d96166f0e3e55db22c71900f683fca2a5db70ab05a4b0e15c6c1,open_r1_code_grpo,8492397ac9cca9d4707e64b20aabbf28,,3477,3
3478,356f151cc04c4aff52cc3ca853c44656c1159ce26656764331543ebe7b8a0d86,fd24f861359d6750004cb8b3e386933de4b1a0d89ac9af3c38140a049f9ba5c9,open_r1_code_grpo,d1828933f2d87cbb10e4e25fdc83560a,,3478,3
3479,2497f07dc5f493cb9d6d54e29810bdb2e130955499a50711b559fd78e05d5d69,1676c2154a01ed44018622531623cb78c3fd12bad935a194ff35b1b6e064bab4,open_r1_code_grpo,57c1569a5a9f9c78233fdc1656a827cd,,3479,3
3480,75da968130bd7b0b24edad93d50ff786b14748428d66e42be92eb9cce767c8c9,390a6f8ead73d0a3c3835b1ffac33c2c0694800df5e1fd3b897bd2801b74079d,open_r1_code_grpo,64857db88df7f7da04b3aa6c31307a27,,3480,3
3481,1763d40c64d2de1c529fe5d6b2c1bc59ea72c37beb020991e40a170a9f6e6c5f,e0ea88bfced69ba01849d7eb9222cdb387cacda1a78dddda26d88b1d1b675f9b,open_r1_code_grpo,bf9e621daa437a0b159d9e52202f68da,,3481,4
3482,c852fb3ab04243ffe7b699dcdf0ea4e91aafd1c03b13053251059266e1f5cd7f,44ae97b0d3bba121fcad5496a13eaf78ce41af8d4673aaf4f01398f596f205ed,open_r1_code_grpo,ec705da4d155b6cada0deaecac5729fe,,3482,4
3483,5bb47e84b2f59aa0e10449b9b4fc29549059744dd945e71c53d1ad3ff7f32b70,b931a733aa826799c58aba23f50b4632da0c23d399e2034a3473b707b86d16ed,open_r1_code_grpo,89b3c4ae32f0a5c9d17b0dc69d5ec8de,,3483,4
3484,a2e55b04e424d2050eb0735b55218b2d4bdd6c212f3ac3b655838485caf600ba,a4a4b2c72e701c291edef44bab18d89eaef2defefc7a20eab699cebd5864c815,open_r1_code_grpo,ea2b0c625d8ac035a72b92404f3211bb,,3484,3
3485,b69bfc6b363533a2edd4a93e32ea053006b6382fa27586a2dc5a5fcf496725ad,3815579f42bb9aa3acb6b8f8a7842b65caf99511105d64ea16fbaf72c8ca3e14,open_r1_code_grpo,208311a74784ed42f9596731870445c6,,3485,3
3486,f6a93ad69327e9fac107fe323e6cbcfb3bc75411272a3ee2ca0bf2c0e8da4dd5,797f2da316206bd3e64dc24e64d39e4f53b6512ec320dc4301925ee68c02469c,open_r1_code_grpo,0511b4b12b5913e508e7948bc7a3e7e7,,3486,3
3487,eb56f083028e2efce179ab2e31bb5f98dfae53f546918b10b289d5387b60cfb8,d69f7fef537809f7730a9960655c3fa156ea903b5ed656948f7f1aa8fb309915,open_r1_code_grpo,1b08d7211d48b7f26e11aaebd76f2865,,3487,4
3488,c53ae93b01a89b682c306239d027e25af2d57232ba5e39488c81fc3a66b0af13,e3f1ce67377c95f45d05dc3289c42df9e5a6d655197b08818a4631f263ac5e85,open_r1_code_grpo,a8b4b5bcdade3e17784f868affadd893,,3488,4
3489,0c676b4955c5fa7f19519983075b968b20442b039578a07ddf95afa54a393498,5c6f8ee0c78276a7ed14e9289654d61b721c621d305a07b3c95251f73784e769,open_r1_code_grpo,6f126b0a72059cd7f7b63b8b58703c11,,3489,4
3490,606bc8d20b2bbcb2575aab495cbe99940e9121aa73a9455c57c0817e10a31956,7c539a6a305ee12a16964acef15e4c3e5a4295a2ba18e0b529b7d1618f683147,open_r1_code_grpo,c1e3184143865a6c4f79176d87454cf6,,3490,3
3491,4377fc90701dd111508ffe0a1a2bb9fadc65c843d54b4b3b4bbcf917e9f7669a,f68d3ff9c55dc2f37d8f2c8d9f539ade33f1d279d20c668d93b2e9f39354cbd7,open_r1_code_grpo,b899570e4fc2155a680dd8900fb81dda,,3491,3
3492,adc453c7cb4c88ec1491dbab7432928cde4afd2a1ed94cc9d660ab16ba5a476f,131e6df3344bedbcf6088cc12817d7d37b9fc198363299fe3e1c1dce2d336ff6,open_r1_code_grpo,5a629bcf3e24c1fcd4ffc8965524f54a,,3492,3
3493,87bece7653ce06fbea1526d08ad3bec999842dc5cabf04057401626703b9d0d6,3742896090d0f55a9df8c55355ee8f6c01915b25bfcb30dcd35c4651173f2187,open_r1_code_grpo,400368338a4a571ca1922ca39675af96,,3493,3
3494,11f59108e96709d143c0e2cc75097655242e1802ea8a423f0e1a663dfa30398e,f0ec54f9d73bd4cb0dce026ca1c0100d03a492dfb12cb1aa6598d120ec2957cc,open_r1_code_grpo,946680a597a808d6573e8b972303a9ce,,3494,3
3495,b3ba39c2148378d11b909b84b988bcbd4286d078582c1247039de7e70b38df76,4f179f225abbc9781ca49e429027887a679015d676dc3a15e46d5aaf384a27ab,open_r1_code_grpo,3a3840e01d997345852831f6489a118d,,3495,3
3496,2c3d08433833e4fd5a3dd322479995992f7ecc9e72eef7bc1bb4b73a46f6e397,3a9b8dd3fba86a735c49d7b1e3f5e9cd82a6ea37233c60ae451855560fc49572,open_r1_code_grpo,37e582044480d067569461bda4683c5a,,3496,4
3497,819e8ef03d68f93e11a8970a57332a73dd01f79ba5a3945a5b1e9c93879342c3,bd0a83053cd98e7e530ad03159b136190a385e5d9cf6f65e082f4bc1449149ac,open_r1_code_grpo,f95acf3a63f04197a386299920661159,,3497,3
3498,b8f238f59d5963b1825054977314ef24baf6e5a48f301a857b2e7c5c5b09c068,b40a2f615541ec2040bc65291f49a7e7df086a0ef127f427a2c6eced9a7ea948,open_r1_code_grpo,4b47d1d964af0427fa2dcf59d203aaff,,3498,3
3499,01bc5c2d891ec1671bd83285e31e68f8d3bd264a3e6fa1cb9b69c3cf2f75bd9e,8aafa4809f25f25cc57ed157f56631e9034f87752de817a989308b6889a8b8d2,open_r1_code_grpo,1a23aecd6c39af5c2c513eccb8e94df2,,3499,3
3500,2d242a124c73b7e48d3573dc289b18a427e1e50288c7096582d8ab167bf866c2,c83f3ca0e66244630b41a7e9a4e8cbc0423328d729aa65b597151fe44945832f,open_r1_code_grpo,f83c06fa5a20a94b950af16855756584,,3500,3
3501,321f75a934e654af428713a2a18925954f572d408c0fc4b81e70d4e4192965d9,59f59671a120be92dd6c7cd4a6684be027c6a27f28e69bac66415adefdf60362,open_r1_code_grpo,e52703d11a486e8a7e6ce4cee6763464,,3501,3
3502,b00502227a305ea69bc70eb6eba0058892a2ea8629131fd83785e949013fc615,61ef1863235d127da3c256683d425a465215f7725e725826c274333c0fb8c771,open_r1_code_grpo,f7c0558dc24c4c0304ee0293321eb7ec,,3502,3
3503,3901ce598e5d76b69bc5c40d4048cf6216f5d2d05a28655cb51f4a0a994e4229,2d86abb9ebfcdfbcdd4b140afe50af8c4516b2888c11739dec3adf9c73a52605,open_r1_code_grpo,7a31bf0031909cd9183ab8bcc40ed806,,3503,3
3504,2c6bb2fe034b74ad40587060b1fb01c9fc113d84c938c0dba6c0438f15ae35ab,a0747f6e279350aae60ff6e4efa061ba804ddb3dbeb7898d968591dfbf050715,open_r1_code_grpo,95a23201ec9ca41adef1bad0e213611d,,3504,4
3505,364455f229837892020d60604b0e7fe26123e8076483f55c4d349104470ba35c,3a35b5dde94bf3badd6c1d643ab38dae4ed18d7dad859daec0f34dc7d12e733e,open_r1_code_grpo,3c8c75b004bb6d6574af9961c75db7df,,3505,4
3506,bd4f890f1b5f42267f2cd54244fb9de60702c868077c09e4e1aa51a467c80921,c60f2568d95475264528fc3f22da6054e8d3b9b6f781fa9bbf8138167e4cb738,open_r1_code_grpo,d491b2af0634d15a45fdd687cb0aaca3,,3506,3
3507,7e7cb0025cf9d0f52f68d9de7f0018633625aea9fcca0f992bcc8078e65ff720,4364c1b8b618dd42c3cfcd675fd80f8d840f810f8cf5eb2ba41c29feb9c6be67,open_r1_code_grpo,f7a347441546f6759f7741cd7498a9da,,3507,3
3508,8026e958f17a21ff4632ae0a591c8b7dda3b069e67ae1a5116079a4a051563f3,a28c8f04c94bb1f1d63d67ef22e4a5045021a7c793104e6fc4ccaf181ff377e8,open_r1_code_grpo,ea5dc6b58b254a0489b3ccced19fb8ef,,3508,4
3509,aff535064142415192d62ca8f3469e53e8dd6dd22a73191a08396bfb5276d74a,9bca4ff1a3977391e0c434f144b9e9832bec9bae5661b8046beabf09b403de7c,open_r1_code_grpo,4ce80a6f6f8b6b756c9e6248ecaa5ba2,,3509,3
3510,142f85a93a02b114f0476dd0d3417ade528c4408051ca2e7a020a933f1cc25a2,7b388d3b23193705e0e2d0eb40a26ddcb4c47ed118b6cf8c60db8be0d9d4f634,open_r1_code_grpo,77884a2d65b76591cdf4c87afe6e9eee,,3510,3
3511,25ffd9ca361dea9a292c9bc162ba5e160938d89efe7c07dbe7751aa6ecc7358c,4cfd063512f8f418b67846eb2e1671b8d4e2c951a84df686967f0e1c362613f7,open_r1_code_grpo,a1fe68416ac544c0162c8a587860e0b0,,3511,3
3512,a55c4fe4a1acad5db7cf58bf0bf55a8e99505884509daf2ddfbb678d4376307a,6b671e1bdc40ae25b10630d3a6ec874be809dd679260ca69589dbb91f0cf3599,open_r1_code_grpo,6eeb4bb8529e64ed96262c603e08011d,,3512,3
3513,e9e2fe0a82aa1419f3ba0834ceda98ff9f9d4a28262bd4224b12e29ee965372a,3a023b3d6d1a0bfc89550d445092510649bf6a3c692a06b666109b895105e734,open_r1_code_grpo,ea1252a46f56a9a4086abea9d755f270,,3513,3
3514,11271bdb0857f2da502723bf09f89bb06902e0c4c1df641faa1e34ac8a54bdcc,0854bdd0a47443ae03580b919aacafaaa2d6f96905292b02387ca47dc1858825,open_r1_code_grpo,e3d1095ffc6d1917fef8594c17d18ca8,,3514,3
3515,9e79ababb8804b0d3a5f55a4c80fe00334761483517e383e0fc866a09a18aa47,bc6a15503b85802edf54c8e48531b22b3236372330ff5f6c9af344b2e49aee93,open_r1_code_grpo,9926c781f24c535a5ab340a28bea40ab,,3515,3
3516,03604cc04976af0b3717ab2a020ce8a6ad4a1daed4df7a8959a196b2c020fee1,e5d9a65eed77dc02ddb332559e189e39d517ac7015516c76497975e2a6e177a0,open_r1_code_grpo,b7b1398dd35888eebb589b96b76a9c4c,,3516,3
3517,f2dd1f46c9a2986549da3df171da460cb72c32c10caace6fe7986c58797832a0,0d23e4cb747e669e0b149196c2213a529301e66e29a6f7fa47dcfa0716c5d78b,open_r1_code_grpo,c35d950d800b0cd4baffe192ead137ef,,3517,3
3518,631d24347d040659ac456a9e28979bc82c0e29edf4b626a4faa731b484977d4f,85c4f49ac4178e82a2597aef113df4c24d499f473b1a39f782a2ce43409520d8,open_r1_code_grpo,d1bac79ae53b4c33c22a26796c09bf5a,,3518,3
3519,6b94d9fdb9d54a8a00848746da3d8eb8a8e89062297118742a538940b6cc9235,2f8d0fdbfd1a5091ed571d88dcc9edebb6d6cbe3c34bf0de0a28a33cd9193809,open_r1_code_grpo,a339094a9793a4e6c6bf9903bba53238,,3519,3
3520,0652cc8ee746e25a6431a93102673993b6d3ee1e29774e6c273df92e22c17a54,9bb43f1309d6a62bb2d26b7f444b25ca6ee61bd3f60ba6eecb1d9788448f7489,open_r1_code_grpo,ebe183485877e428270a5c917a13f7cf,,3520,4
3521,a503c8df4aeff0f58facce6c4fb8766bf0c777df6b0bc087dc7681b26453da7c,873f4362ffc3f4d02db934c2f27ad21a1fb1b075603271183ad4e30d716005b5,open_r1_code_grpo,ea5c045bfcb1f7c8bdcfeb92fb60bce1,,3521,3
3522,b6a954c7365ab0b4ce03debca52f543242b634a4dac426a13bcd639faab8c8f5,9b4fbdedeaa26778cb781e4ebfa7e4c7c3a223195c03c6d47578dfb01ec100d6,open_r1_code_grpo,a5df75b6288ad6f46748e23247fd52ec,,3522,3
3523,ae570c2da84b6efebb50dd1c7937c2eddf85b3b0de234744602309d12cace8ef,b1d491d2222db100c7544b5953f5686adb6ba7adf271b69d463c0db012e0c624,open_r1_code_grpo,bb93054081b596754d996be55fa6c2c2,,3523,4
3524,a7906b551d643db801963447f43b2950e678fa189ca2ac047436e40d9e593fa9,30de609c0c32517317130510b7f0541015baedda9a3b450c263d8ee59b48acfd,open_r1_code_grpo,f969bcb02f2abbf1bda0fe3ac1f68857,,3524,3
3525,a1c45e9d7575c6983ef15d345ac84e715d0875a1f002b2601e67dd2450bf922a,52498b422e38676f94ba44f00d190704b359ea89a222326187481f6d98aa8f4d,open_r1_code_grpo,c8b0b4ac8e01964c7d67cb7cea790222,,3525,3
3526,e61770a982624ccaef3f82d7f08c697aea4edcf5e72a70c4d2c1c7423f15ccf9,b3e3ab0bd6e3146a8f535691baed5c28f13df5a03f390b6293ffa89b3cbcce78,open_r1_code_grpo,98c2c29bdbd342c3c8950e71d06de49b,,3526,4
3527,1eeab1bf7e8bb9fbf2a325a01fd11e9ccbc616de43acb7c084cf7e900c28c22a,708c4c8fd7ec86adca740538091bd6d013c03ba5a578f65e14ad642696dcf25d,open_r1_code_grpo,40c142269fdb9727ca5912ae72387df2,,3527,3
3528,b02338002105d949c871a535083c80e6b0fede60355483e0be62469b8eb67365,cb0fe446f8b21fb67f1f54d665024038bb655480ab9355c4be0fa739fe0e6fa1,open_r1_code_grpo,a258fca04e900f8b73e6e5162011a1dd,,3528,3
3529,b69e4dd77aae1356d505a73f9c4a41347f0c1445d32ad09589a6cf563e82a967,3abf5024d4f20a37fe6f43f5a9a8333b08885fad7ef54c40cd3fa4c15e4540ae,open_r1_code_grpo,697a34953ff457e5cee5e2e886fa7978,,3529,3
3530,7c465daa382ee23a429c0f2d59a0049c3bae9ff19faa54eea81bc74c0f97c823,35059123638919a3eb29d97bee1499a6396a3ad7514a38c60c1a7b58fb02005d,open_r1_code_grpo,c73ec2be26e71fa6cb7e2edf408e6ce0,,3530,3
3531,e5ffb1b357b6d8c6a9584bcd20ecab34893f8a6d6d7a2028e6b3d90f97d627a5,f82b16a473f0d0b35666b21c0ea0f340d7127b2ed4fb08d13afd6d7cabcfd88e,open_r1_code_grpo,916a2adda9c8f1d138e97eb99c7738c5,,3531,3
3532,ee98e5bb314a814814f1e5ffa09b27b82137294ba2c9cb17d3d89423abee7e43,300f9e7e2fc64a41dee17470feeb68168fe57fdfe2efe20951600fb3c13a4af0,open_r1_code_grpo,42e99d10f30476470b575aa00d62f80e,,3532,4
3533,bcd3616082769b5220ed453d17bba5968563d07ed4d506b17af0121b1d034cdc,ab55915815a71c6853f75594617f976f9ff8e59ed20bc4280e8378b68b64670b,open_r1_code_grpo,bc704c9d32b7aef17032b3e3280cfdeb,,3533,3
3534,81cfc10f5d1c6a4b27bbb75ece2dcfa7e61bbaa4a58f2f3fc6e446a68fe20073,05be75897a07f883dbb0c2ec189349d8d589d0dd800a91fa7928d0f0e7153c1c,open_r1_code_grpo,f9060a0163dce05e5152cff381395e39,,3534,3
3535,e8c103995b7daa85dab8c6e171468f8a0fe3aabf9f0cad83d55ca5b4a769ecf3,a97c80560fa26594f08690a8a08547da56ef490e2cf57456469d958542ee64a3,open_r1_code_grpo,4aaf82e1d77957dba0b6df5e86036a0a,,3535,3
3536,a1ad2076926251b3bc275948f214e80b9087121f32a273ae791193f988ec575f,7d43d738dc109e92b4161a8159c5a555b1a25fdcc9a1b545344bfd0db554a015,open_r1_code_grpo,867abf3544c29cd61c6275b25893d713,,3536,3
3537,457fa1958a74e8fea2db85ef180afb9fd30a183519c2fa89e3557103ed3ad79f,4a707e53bcae79cf46fa8caac98a8d5eec81deecdac383ed1a191369246efbe8,open_r1_code_grpo,3545d3f95e9d2e902f07421d3edaf3d3,,3537,3
3538,ef5db359337f0aff45fcf1522f902d7ba63db21da09e4d570628466dc44c220c,49e1cad184b5faa8a727a55917121aeec5b2bd875bec9f20604fa54732b21703,open_r1_code_grpo,ab00b3fd9c9e11c1c092c87497b93a41,,3538,3
3539,443facb08d3a7ac0caa6818e84f5e658b26028a88b663c375c02f262dcd2841f,a59e4db45a4216e548a33cb88aaad64ce4304f21e7332414e740f277cdf6d3c9,open_r1_code_grpo,5eb439632d2222a5947b1d8516aa59f3,,3539,3
3540,5d753bcacab2b87fcc6d165ad1ea5bdb6231421a3818d18ff35a0c8855b2b500,ca9b0bd4a08a7c66672a08e9f07e16e35f20d2831d23910334fc31c80490ba77,open_r1_code_grpo,e8ed4e707e838f6000c41586b68376c2,,3540,4
3541,ccb5ce256134c896374183e4a031fe6c507f2c24ed116edfc3e1f3e4418160de,fadd03426abe031ee22f91fdcdfc08ecfe12ecfa7f4660099e4782b04feb6a82,open_r1_code_grpo,0fafe5392ba202569296d65611bef664,,3541,3
3542,fd3b71ee2e676dbed9261e12f9c08bcd0394d74e22db1548a4c080284606d23d,ce2db91ad5c2d5235c68c07e99a7edb447f3ad5a3f3c425c4726bafc3c1c4b3a,open_r1_code_grpo,9ee9c25f079d6c881d01965025d5d1dc,,3542,3
3543,c456a5947722d1bd6f1cfac8e85f195d825c869edaba64e9a9f55f6ff7175f66,a08c8d3fd8a6e0a17daf1049b81f99436a89208bb9d1e495b494fb44f40fbd43,open_r1_code_grpo,16eb12675bc541c9613c83f1e1017744,,3543,4
3544,2ee61ad037ac3426c14641ae658581617a045bb1c5f08b052571d0a4e3f6f79b,1daef7a2233e115b6d02ffb302bf7d3e3986dfadcb969c088250b3459b76fd7c,open_r1_code_grpo,f070d8123923112320af4f1b8c2156f6,,3544,4
3545,e80e7cca9ed9225cacf662ce00fe8aa1d6d7adb68fe663376e4ccc32b6f9a3dd,2990c77e6a01445b7023ba5948452aeadb28c2bca63589d1de3e18c1d2f125c9,open_r1_code_grpo,8544f1cc127d05ba5fa75b2f8f6e9185,,3545,3
3546,13dac7bf3c898bbdba9a784e9444021009d75d3a3cb3e9a1ff6af89d200868c3,36808915632acbe9d234b4333b0f78d13e9a868fb57acfac3052acc841ecff80,open_r1_code_grpo,13635906aef8800d2fff67b1dac45229,,3546,3
3547,17372eca6059c1b56ab76f4a23728c29f282677d1f0fa49f6bcbc6b78a27dd08,668c481d3ca64bd48b1303e9721e320387633b16e5b61c65bf16306b63986b59,open_r1_code_grpo,229c689b9e9088664d1980cb58e1514a,,3547,4
3548,498470cac4c3c70a3a67f120321eda2345ca586521017221279f34a943c25ad8,4f7f944fdf7d4704ad89263017bffef61821314500d9841ae2ffbbe47929d28c,open_r1_code_grpo,210c249463b4a6e8875bcb9ec14a42fd,,3548,3
3549,007f14f4b3f84587a4f4c5c6e3261bab6f57c06db7e8ce1a9e51aeabd66bcaca,012381020f612ee3a67cd0013e33158647fd59d96a7221cd5f902ac413775cb7,open_r1_code_grpo,c5823e74a5882cdfc8dd6c3627e62d70,,3549,3
3550,884b8b95c1eec28a4f4b8b3f3e65d553e53e6cae8907d4b51161028ae6d29ef3,5eea9990ba6636e911dfedfb8742c416c36576d7887a734fb6041443426e3b56,open_r1_code_grpo,50a9ee6823e3597f352b85265494ce6c,,3550,3
3551,a2eac777b57703802d5c58b058be8ae3b8f793e7c7cfcb47721aedb5d1ad312d,f38c6ea93b43e225f863ab388709619fd8406b4c178177572c920e2b39aa8de1,open_r1_code_grpo,7b98043454916bb421fbb83d26249be8,,3551,4
3552,2746d8c2e428f3c2afcc182c45ed143df4af76d60096a6da5c23f544f1d780f7,e5b48e114e8d4471c3e00965fcb16560d923477176ad37df5bf120dbe7cf6cd8,open_r1_code_grpo,9166e353214045d2cb9052b0ec4578fb,,3552,4
3553,98603fdf26f236df9090229af7d6429f5360575083257e1e1b5769d88fd6bfbf,d7635d2a2e4a09666deb2913a6231548bfe4dc4f53ddb6f7f2a8bb6e59ea1db7,open_r1_code_grpo,6153b3f9c42ceac8e9989072334112f5,,3553,4
3554,82bd03fffc9f64cb05add81b382bd85862ba260ef5c73dd800b71033ecf8916e,fd72dd5062a8fc7cd627fbff8bad6ff6b5296b4b61974709ec271b2c1ef45ef5,open_r1_code_grpo,2b87db67e1d2e86b7a9e9d451af9a54b,,3554,3
3555,9483d6d23c94148977709fb0881f875fc0198a0630a62a5c402cb046babad3d7,6ad8b201f5fb44396e3d9978495d73df50bb36b0284ae2083b54b2086ebb0c3a,open_r1_code_grpo,111acec7f57b5ec8fee00b883a23c233,,3555,3
3556,29518d489427b1bff990fecc2db808088249a3af5bf73b879ea9516b8c4b3295,98559615c87996198d355d69dfe96801d7f2b064a6ffd12168797b5289024d6a,open_r1_code_grpo,1c95c938dd70f6ae4ab1497407136bc2,,3556,4
3557,c06b074d856711eb4c66908f9d67d181bd407a6351d1c90eff4d04144ae7af6d,c5f8de5062293e8dfec00b5dac37c7386830fa538c187c4536e49db2f3b6afe2,open_r1_code_grpo,8564af77002eb22423353a1a8734011f,,3557,4
3558,78c2b6cead5311b88910bb274ccad763691c2e9fdc66787a64e40083922251f8,6a22f8da46eb5ced8d71a56452d6d9db5535aedc76789634077051d4004d327c,open_r1_code_grpo,073bd51c5f30b5c51163b5403149a79b,,3558,4
3559,98e3f70175aa8bfa4c319a41243bb892d820b69c15f830dde54807e9d8a0c925,b290ac839a01f278f63a1997dd0617ad58d18c17bdcfa35a510672cce0932bf7,open_r1_code_grpo,d53694c2cdda224d237dddb11134d417,,3559,3
3560,4a8f2c4a80a15063f7a5ebe27119f05e4e3f3fdf5633672c1daeaae5c6a91897,4a4b63c99914172afc5fe58a1329212e30f9802ac816ffe7a1fac28a1c1133d6,open_r1_code_grpo,9757492e08a109781b59d325bdabcf44,,3560,3
3561,e49e57094c8dd0538f65e7744f9a9eb49fecb36ecce111999ecb6087594ef83e,7fd460c2b903bde08c3e39a94e9c1a0b73a13c4b3646d809138b0330dc845e1c,open_r1_code_grpo,cc5379888d7579933a217db04646a198,,3561,4
3562,b0e5efd12e3cf8f9bb1b0ba7a89cd24b5015e9fc0b61bfddd963f628b2e06cfa,a9331ddfbfbbc935af941a86feafaafdd9ffea16f52c4f0002d6516d20a3d1d4,open_r1_code_grpo,612db5cea6ff2bfd718e7d7eb67e74d2,,3562,4
3563,768104df27d88a3cad856059a964f70c36cf71f980ef2a151c9295af7530efb3,7aedc15da4ede68a96b8024939df8899b9e541be2a1aff73917a864e6ab58a47,open_r1_code_grpo,fd8756928ad8767445c24fe7e3747bcb,,3563,4
3564,a3d3b07f7578a594e98313b4b9fd08ebe530f0c8698e20e910116cb6ba6d52f6,0464c4242fddc59b96d02f2a2657abcf6f09bb540aa8703d2ee709b68dd758f0,open_r1_code_grpo,313687d3caba7dd53110222bc6f5bff1,,3564,3
3565,11dd1e06b188282ff36282eef8f563ecc1e0e7da5d75a6a24ebb7c73317bbb32,4c33a8923ad1402c9b09065cc5ff19a20974b790e880c5298bb7e7b2ec3929d7,open_r1_code_grpo,5237025a69d0e5c7490a66b0f974bbaa,,3565,4
3566,108b9504f593b8be818b560fc877a28453dd5b2c93eec1aad9eb0b7351958197,406274f1be753215d1a64dcb44d6a20790be231c2db382f3be00553553d41827,open_r1_code_grpo,3d282ec6bbb829add2d38caa903eb811,,3566,3
3567,36086948cdc6a9792e7de047aa422814681acd8968e1b8382a7e555c61a64c0f,7eb936e5338b85c9123593b5b6312d159d4ec88237ef59fcc6afe7b1f121c80e,open_r1_code_grpo,22c795d55f887eb86e0722539b812bc5,,3567,3
3568,fd67a9ea77012988d58f3b36b784c5d941e5437a18841bf5592036dff95e9c20,5affe1a9f82dfae0258c3b8642821eb76c645f40cf794d722471bcdb99274424,open_r1_code_grpo,0aa252186ebdd550a1179c3e2e9f66fe,,3568,3
3569,5ec6431269a8beb78ba1fc90b1f7d32384729d54d8c9564569faf638a50f0a17,321bc849c52969e173a0d9b6261f2b85b374d80395256fc24d44c6baa6f96be7,open_r1_code_grpo,1f951dd3cb243b8d2df714bf77d2670a,,3569,3
3570,aa67269e0d0f6d68ed50c5ff9f699776cdfa683f05f755b255bdc94bf33b0240,a8ee452b429b94a5388a2e50b3e06ba5514decc5fdcd9a62463133beb197831d,open_r1_code_grpo,fcc3e23815a2a62a56316c255853258a,,3570,3
3571,2a7cf30b0486b26ff0426548b1a8797cd1487dff41fe93d09133c2e94a017637,806b0a327bf770772b1eec0ac87f307ddc9e6d8759784f31d40ffe220f6cb9a6,open_r1_code_grpo,74536c29364f5c10a7168c267bf616ae,,3571,3
3572,3bc90ce84118c041c77455628ce76f781a174dc2445677cbd196f4e0a2d4c829,0f387140ea8f77ce2eb2c157cb3bd14755a914ec854c1ed53c28e33cf5b881cb,open_r1_code_grpo,6fe77be96be4e3f9ecabd2ec40f92623,,3572,3
3573,16f3aceae95ce376290f91c67d2b229cc1bebd9c437d7a67b8bbfeab2c9e49c8,55797504f94a6d1b7b3226b06b94c423101132f68c58e87b7877f357bc458dac,open_r1_code_grpo,543341dcf46c5f688e27f8e7df10b71e,,3573,3
3574,be8a4aa6a6e0d0d5a16d9b61b6b976db884155550ff3c57de799f1f488d25878,e327c38d8654c17d7fb1b47f6fdebd64ac0a2f57ef2436020941fa323c655d01,open_r1_code_grpo,b6b40d74e4ff7a4d4a605cc5c754ae39,,3574,3
3575,906bec1fa409a1e1fc943b9d81cf22ee6f627e4df7808e08c40f604b93e977a9,a2b372602f9dc844bb694ba46206f51edfd1dd36322ddcd2fc437b66a6df3829,open_r1_code_grpo,d8e4d485a27250aadcdbb205473bcd8a,,3575,3
3576,f8da20a6b7a753b6613d999b885b62b5a8f18bd47043a9641cec6365f6557970,c1b7ebadc21757d7d363efd8b0c1e0bbe064e4f9c33c2456eb14c9ce705a0a43,open_r1_code_grpo,aa5ec87bf472f90134896dd87625366e,,3576,3
3577,38ffc0ad80c5d142ad267e1b83ab673e7866689aa345754e424313c995ceb308,86a48163cee87234cf0a94f4f4fa73ed1512a729614ace7a92bd9a03604ffef7,open_r1_code_grpo,fbd086d915d98aceb0dcad9cb1e51552,,3577,3
3578,efec19b934fde2edc50f47ada1a71eac36a24917266d74e486adddff701868ad,3e5e74f696156bbd7910fc817c57b9f88e7825c63aafd135ba21c4a77a4fb05c,open_r1_code_grpo,d580f39c12b4750d65686384abf075e4,,3578,3
3579,ed75eb5651cfb1e14fe9e4666f32aa28a20fec3fc4e0f203323e3f05224dfe6d,0c26cc404eb06727ae0204948f557be47cb8b7063c4514865e623a8c293d1e66,open_r1_code_grpo,efcea111a85b258beb128e60d9d129eb,,3579,4
3580,1af68558b328c73e051119bc1aeec16929857b928bed1d1d80041d910f5f507d,8aff272b75af5db32d2bd51089903d4004a1c2e2b89c80da8ff6e4b884876d11,open_r1_code_grpo,494ae4d4a1109aaa241214c2226a6a9d,,3580,3
3581,b5bd2380f1304dacecb5aa8f785320ca0d8f1800d7554813aa3390357549c709,a7166e13832e9d51d036ca20de586e375bb97f32cd851d0bf1cfc18dbba1352a,open_r1_code_grpo,a0c39757e388cc976fe21b3fa7dac43b,,3581,3
3582,b3f29ea4749e483bdb24d7a47991a1d47564dddb7b654fb811288e0803611206,d0b3a9afb1e471af57b67cb40454e72af4171c4819f3c909be7596a9175a1a2a,open_r1_code_grpo,593ba14ce3c31aca24e9b79cced81248,,3582,3
3583,53367751b2094ee757e9747bb15f1d01052fbd6e058afe5063d34bf671332bba,d50791d8ec02ec2d3c2f9dfa0dada36ad8de31f63079b30c42511e50051a3e7a,open_r1_code_grpo,3100fb8dc9b1e21bbf96c1b56f3b6862,,3583,3
3584,bc694d56745d6650d0561836caba76892809dc9b695defbf199369b1496d0296,9bb6d409702f01f26b13ef385a2c32b0ebee10c6905669115e8d11dfef1e9043,open_r1_code_grpo,5c79ab2699d6bcda179afec360e05b92,,3584,4
3585,9ad181bef47e94dd826a15f2786a1d3e06704f789303b24ac7d67619fe3afc00,ba72dde3a1b29784bae1d878bc8de7bb6ebfb9fda0f68127f3a248a6f609b65c,open_r1_code_grpo,5b3656f714b8ba4f28963f680230a7f0,,3585,3
3586,3041520f39599ac2789b048afe22745d91223b0538da87859ed61db3a90f56b3,fc60a31e3b8f190ddb186646840540c3845c202ab6b51dd38ee507a67679d689,open_r1_code_grpo,9a9878638b01a2ecf1c36f17a7fdf2dd,,3586,4
3587,c2ec975293b2a274ee720181756b998fd0f686f7e2d577a0eadd1889bde8f295,665bc35069b40372bb3afe562e5ac0a097ade983c9e974eb1d280952c73f4d36,open_r1_code_grpo,e74ebfed97e1f1f05ea44ee74efc54a5,,3587,4
3588,1c8fcb83588d8844090e0d7e731a1c333160cce1dfdb153d3fe669a7a6e61536,5386ea6e3255d5d07199a2a88eb8ccf737829814b9512a360c01132edadb540e,open_r1_code_grpo,c0218bc41dd9bd853ac23bb4f86f7b87,,3588,3
3589,46d12dbb94b05b9915b5d186e02ac925d38794c8baa6a367a18274c10cdb64f9,78eb7fc1342658114a05c2396cc15911829ce96d4cf05e5ebb9707e7b5b9978f,open_r1_code_grpo,e3a8f577a271c4f3900cb11d320e08cf,,3589,3
3590,8b831de821c8635367a2e642a552a1c48bfccecba4fad0ca78db3dca59bc5ce1,811b13dce9755721c21b4b38e5469242bd834011d5677ec5ec81c7868ea5f614,open_r1_code_grpo,8a2d2b646367363d9b048c52a793f529,,3590,3
3591,1b1af6e6d1d492c1e4418757019fc1816aa309218e28f0ec3c03670fdf43c439,86105ad8d87b79b198252e8bacf80148462b0d39c9b74734809e67d578a40d07,open_r1_code_grpo,686911e4e146dc9228f71822f6f866af,,3591,3
3592,4c54fe0ae17f1ed34e5038972193381c4bfdce01a8ebe4aad97dd3fd63b099df,22eb633f65a72127286ae52f2976695129e5d7bfa0e9c64b7e62f755c6856afd,open_r1_code_grpo,a90d232e1a0e620f901da41a3bb2a6d7,,3592,4
3593,33c3f000a4253ce6bed7c0eba4d6acbb336a658990f7e7ee35d4d0459384dd54,082e0eedf3336885a1c8de4ab4b1225ed6890122214bcd0474b1d615b3834235,open_r1_code_grpo,b34c7681256f1e9e70f951c6b545106e,,3593,3
3594,13b153f5199ccbfbc95f75f4f2966ad46e6d31d84e77c9d0bc7900a8e3e07745,59da1b94e9d2f38eaa1348dff6926c08c5fda737da485e5fe5727e66c23f8cf4,open_r1_code_grpo,3e8569c786a212d3c573c3698cfc4b10,,3594,3
3595,87955af3e0bc6ae0c9f166764d6fb92e76f2da8d5d88bd0c8ebaad0f1086c03b,6e9b17e13057a2e9459a76c5d19b0604a118374ef00292f936fb56376c450650,open_r1_code_grpo,7bdc4acb2b36735647d0fec6c9d1c405,,3595,4
3596,b010211386285be8182670a3646c86e1e57a128f3af6b126f36592f168534d05,23a7a5e2c0cc15046e56f2f9ef3fad06adc4b6fda021f573ea2cefc9f1edc74d,open_r1_code_grpo,6e511836f0712772c62ce11731be2419,,3596,3
3597,98cdf8bc4015b41846a45cb20a1c141172b28bd509b2defc0c202a66f59e72be,063e4b9d081909facdf34c4cafbbe1f3804cf4967309a21f42f6d342c7bec832,open_r1_code_grpo,f81a08abff4ad9cb9388d7633ca59d68,,3597,3
3598,a1c998c57b935d9c6a15c46e4daea55f3a8c45a31a7507bdf1f132ff38792e31,5e6e80e984114c93498994948eb16c093462819065afddd136725416effa31e1,open_r1_code_grpo,06ceb0d5bb631be230f2c2df7b8dbc31,,3598,3
3599,7b56a62f6221d254b92a3408efc3ab84659c33f898161f9da631590e12d18e72,01eb4dd6f4721310b4bd55dc7ade7d73772534abea51f9c6c322d69f501a9e6c,open_r1_code_grpo,0a8d6b54c05755d9c2cc2b993c08fe17,,3599,3
3600,d511b1ee2be22e8b4f09cae8864d71d38c1cdac9bab2dff9beb0fb2cadffe010,8b017b9f5d3c12deca297928aad2621612a5cac039a259e529ae4c5bb0704fc5,open_r1_code_grpo,e82389e6c5fc243449af7d3183ce30ec,,3600,3
3601,5ae2abb352882b7432b9dae6bfe1d78b12064641df780c7f0e052d1d87d3d4a0,8ba637d5802c686a56cb85a37da4d06814b27292224ab12aaef2b3b6f6d825f0,open_r1_code_grpo,dfce26e1e283ff8ad99309af28419214,,3601,3
3602,63d7921e34b82cf8d8581f5c6ea42733501e1ff2a662d477357c7d6ed060fd03,a27ba94b631ad546f84c3cf4f9259538f65f136c0b76830943853f4557ca090e,open_r1_code_grpo,0eb64ce615c2e45346999b380ea36cbd,,3602,4
3603,54f26108c9b402c2eb38a6a36b37f369492e9d5ea16761614ed0d3301ff75070,3e2edcf746672a0009e482d0c9845734298606f9f8506ac902663a315182df69,open_r1_code_grpo,841f38986cb1fe2066cc93c090859b64,,3603,3
3604,8e43af4f741c88ed81552d2680ebab39c09e9acc89ce8c7b679ee51a11ab9b50,fad4903c14a4e32b36c1f519fa26a5f60d4d4f06e66557d9295b3d7fb1809fb9,open_r1_code_grpo,68a0ad3209eee0cd7742681405f7b565,,3604,4
3605,b36b6b8dab2ce959b5ba8b541ebfe66f7f9c241227192c8bf82f9a21534cacae,ee48227652195a78de94b37286cb94506a3b9d4656e8345004fe17b0cf7673d7,open_r1_code_grpo,dab4e7ff1b51f038a12691ae1d6ca910,,3605,3
3606,8f5b7888060fbc89187a80a321d414b694a6718873da9561ed24212922d658cf,599cfbaa7e8a5add7008d0b0ab9925bd3be9c735fab8320eca3d3cc359779924,open_r1_code_grpo,9338b06f1f2aa0bf7f34ce4d67341510,,3606,3
3607,a520e3d01386830f010bbde6e409e6c96d26d12d9e17bf23db2d3cd4a1af83ed,1085e4ca30c9060ac84c1045b27e49a08c050edb9e73e8c8149232e0cb0cfe7a,open_r1_code_grpo,c1051ad79793a5265c07e6c5243a2bb3,,3607,3
3608,ab3e858997b687758bf3b042e43675291a86dbe33ce8c96d996586e54f7fe74d,9d0ef646145d47681d8a8a43f961660c965eb1a88d39d5a3931571903be657d5,open_r1_code_grpo,0ef10672274a3cdd0b9b1075cafcbc44,,3608,4
3609,3d6938cec19dcd7ca6e8435e5758d0bcd9d98ef0eedf7e1b4b070596b7c9b3ab,a26d85755e386179a789dbcf8a09c5f8a8ead4eafd96694e9c8bbe8f2d06edc0,open_r1_code_grpo,edb35a50b780be7f32fffc4d1a2be3fa,,3609,3
3610,79a6f5ce0c0e498608ea3ec78fe49aa50bd21d06d8c7ae8a5c304b574f2044a2,44e09713f01c3085f68db4ad1af9b7ea5d8991913edb08058928e42499ef3ffa,open_r1_code_grpo,ae6a519a3bf203b1769538eefe3e5df0,,3610,3
3611,751dc801e2de48c10a7df636bb4317626da525033b63bf78b9c6013ad131d36c,6ef647ea250cf517a4737d9dfb4fc5f83ae60ebaa4890a22cb6daeccc9358292,open_r1_code_grpo,d5f26ed2744b165f258d04ec1278235b,,3611,3
3612,275f9bb51d58eb8071ae1590d2cc31b0c717c940c38046804abea510351e0981,faa0fd2368536290920034d51d82489f6a50f1fd538f7a7c1c2588e5cbd8fb81,open_r1_code_grpo,ba18112bf95106852a042b7f59fffd8c,,3612,4
3613,0e4c93e32544ca73ccf72e9928e13bdf9ef18d81a5d615b82caa0d27ad534206,57b0aa2d6a638e6e35321d413fb8c19106d6ef829ca721a2ef2957b5150cb1c7,open_r1_code_grpo,6e8114f03198d09bc1f88bd29887d1bd,,3613,3
3614,44a3b3bec38172a8c94af56c6d8a1fd99408ea512fd2ed91298872ac7e2585b1,5d0a4ed381cea38f9bbf9b1f56beeba9740f28d1fe1996b01b52f18e0a87f3c7,open_r1_code_grpo,6f7f3d8e78b64d71261d4807748f537d,,3614,3
3615,d9d6dc0c25819b3df632c5e2c02fed89441c37c74b839af8ce1c1a56cdc09421,22625afaa40f3e1ceb747c05c7eefb42b1bee809c5aa16198eb3c5123ca7de84,open_r1_code_grpo,d87f2261c26aadc2268bc83f80e7ee93,,3615,3
3616,a16d403d4eb18ef21723bb5468844aef54c2833f9bd218627ee849d93ac1818b,39efd8c162829e147abd99a51a98a5825e0f0fc5700e2d480896d7e186c5802b,open_r1_code_grpo,6aa26013b0ae4eacae9f4767790e8943,,3616,3
3617,73cfc398613887f7caeb37f2e9f3984d91b86ff040e786501ddd6fd2f16a0817,cdc21489330db4d9efb1f4d9f62376b4262b038ec65fe7e2cad4f412199ba193,open_r1_code_grpo,ed587522b82028afe752a89520018515,,3617,3
3618,0ba87fd10199c0309f5b5654c4178872db8992c619c96b2e30853b82d39d8917,e87333290020af9fe83e071a248e8c359e524e24ed45262d9870e31de3bd8277,open_r1_code_grpo,2a9b78cf55e7b8cc34fba36d9dc3eac0,,3618,3
3619,c9055ae7e851bff2c9e7031bce921a5d8c010d73bc7294d1682c111fab73018b,1fe3692ca94d4e2912e21a6dbc2bf7d9c23be584bcb7b9d427eab8c871013bba,open_r1_code_grpo,db30482bd6c60c8cbac533c6de880cd6,,3619,4
3620,a533ba466ce43bed205a88b85bc01f9d2753ab4990083202300e3e371bd1994f,5fe4e919a0d8ada4985c9e931da403de7ea65843d86b2a970db4a773a94bc1c7,open_r1_code_grpo,fda6d0cf1dac3ee25f611e4e6c0ee3f4,,3620,3
3621,c63110971e9edd98878f2030f73c7e5b98edc1a7d4564361cafacd266fc9e27f,a06a8528ef4015c3f1e2a0210b0a90f56d4b781eee37ea0a3b1b883fa629bbaf,open_r1_code_grpo,0d7a25445d6c2e82ba1ec718c3b80420,,3621,4
3622,85f7720bc37be3f9371dcfd834da8c5e9bc40d8bc95fec3eed6941d7354c5f5d,2faa962e3e7bb956793e4b5bdc0795396ac8a2438385839a113204e2bdd1b880,open_r1_code_grpo,1e50562558d2cb1a7be89f5995643e55,,3622,4
3623,84d3418fa2ead17f79156b305116f734a02ec8aee6f31b099aa242d5923c8bc4,89fbac55ee351e27f00291c0b7fab601f0c62629f79674c79350ccce9c7c0974,open_r1_code_grpo,6a17eacaae42bc14ca69f7bc91b1fd5e,,3623,4
3624,b5e1f4ba9c3f04d7c66b52829fb57fd29cb89e2159a7c4f318ba3b9afe28d20f,0b20b4af7bcaafb2936752857ebd0d70f07157e2df4005eee428fd46e3c9cecf,open_r1_code_grpo,2e2a94591cd9cb440d5eb0d399cb8441,,3624,4
3625,b50687d7cc96d240fa631d5f5f9650e9538adf8f87ab20a26b978f20610e55c5,1101206d5a905df08fda7dd7946713985069cc4628fd99dedd3e1acebc97f1ff,open_r1_code_grpo,9bf220e894fd1fe6134f01755b29beed,,3625,3
3626,4dca958a0974dd63e5d1665206bf0177b8820bb375b4efee8b4dda7ff544991e,c3927a74c4048853507a885107bdb29f2361c24a4020987fb82f311d64467442,open_r1_code_grpo,dcd3850dde9620ed93e3ed5c6e76251d,,3626,3
3627,df7ce3e630ed12d68f123ba07585092dcaf2f281aa6ae4ce73c97b05b545828d,cc9762526028f3e5c2ebf498e1dd62171b18abfd4ffb7f34e00a1b1e7855b37f,open_r1_code_grpo,121a7a5d0b7bc1fadda042f571cf6ee1,,3627,3
3628,6870fab686ccb35c6bb64685f260cb969791aac3562fa448bcc0fa1235df7054,bd47ae3ecd5180ec3e6b051512b8d72dab4f61ab727c5b51d17ed8118c1c15c7,open_r1_code_grpo,68730f7ff97472355b11692286ba5ba5,,3628,3
3629,513d9e950e8aea1011487de42c41f87cd019576f22c43241712724096c6eda75,3caa0b93d7a412675ba9c548c7f1c587b0adaaa7f7ebe7e0c5405e17240b88ef,open_r1_code_grpo,1b9e06960dda2f409720959f0ee919c9,,3629,4
3630,365a3b5f7dbc093630ab05d00cd300b75ce528bc20eee7d05c0d00feda1d80c1,d095a68149c6a3431658bab69a4bfdedcf45919983b4537f3be45f2dd46d58e7,open_r1_code_grpo,0696870e537229bbddb7e3fbbe4c050f,,3630,3
3631,c651680bf9083a63582affff93dbf5b025fcba7de44d07fc03523693c41db489,70ebe206570efead093d4f181f8c8b8fccad90d9b51484548aaf8b8e11173c49,open_r1_code_grpo,ef9a5b55fe2674f35a82d011824af251,,3631,3
3632,a4b25937895370ff62e7ec51448a947f84937c9bef97bf777905dafc4eb23e35,e56705a4d52a34d15acbd3cc258a885604aa35c85624871d8de5ac3bbed288a9,open_r1_code_grpo,37b784918759687d10e864dec23d1ca3,,3632,3
3633,41ab5b491c0618d98fcdfd2facb3f586c3b3cc015b518740baab580a01bdd796,95d79eccf48c486c1e7d6e83db28923a42a5159e48a7ba91b4c87c5f2b9f8e91,open_r1_code_grpo,85db8cf9eca92d6f48d468a28927dc4a,,3633,3
3634,41d47993b98c5e4b4aa1c6d4a5e5ee1191cc3d3782c6724bf2dd7bbe1cfcc9a8,33347224603eec9cb46717ccc231c8458e70a46cd763b7cbb23f20d5d8d85951,open_r1_code_grpo,d6727ba3979bf51c794f4960026f66cb,,3634,4
3635,2034104e0def1caaee8c86eb514c872e3593267061a675030a36f2b3f0f93a86,09d5f64e07a44f32a42a503b7b157ec504f9c9180879545fd2954fb7031c02e9,open_r1_code_grpo,d5c3285e00e3dfbc010846e8f3238a27,,3635,3
3636,391aee0abb3da4e647f4efbb6d10ff4d0a6ff1a230cba8e4a137c4c1c8b92c8c,93b68278b0746ae8d50b3f22cd3fc144d41d036890420aad6aa47c8ed9732737,open_r1_code_grpo,a414f8cfdf92dc59480f51bcacfbc659,,3636,3
3637,80085233772852862205b18ef2b1b2bd8d3f0926aa3019a47a085bde79b1222d,669455d2bb80bae7f627572b89bec3f91dc4c1d1d98e57e09e2eac4e24ee4e43,open_r1_code_grpo,88f1e8bd6cbf07fe800ee3a7604d0d5c,,3637,4
3638,1936616ef4f5f377e0d68c596183ab1f23a9e165c0a92ac93963a391e7d04381,a36306cd8d08671444723ed6889748027ed9b481fd3fad0860674f01727631c2,open_r1_code_grpo,1441db5aff866dc044f98ecf34ca3841,,3638,4
3639,8bc7def09f11ede14bba1034d90c15bc0254465d79665a8002b42ff7ef1a9eea,c6511f1f16d883b996a33c59a39c4177e0a904f7c1cbffad9d62d977dfdce810,open_r1_code_grpo,b7f1acecaf54098b5c40cc2dc718296d,,3639,3
3640,dbbbf53477c071cc905a9c2e2aa8cccdcbb61ab9e63b622298621f85471c3911,1fc737833be999a9a2c448b64d48ccc885f294830a9ad0916d749a65ce057c4e,open_r1_code_grpo,18d09e48db22324d1f8e188848beb812,,3640,3
3641,128e977dd8ff7bd8e99f16e2500d022c77a87a50d6b9f0bbba75c754a5e104cc,7863a1ebd602119c8211e50f6b62d39930934aa467f9bb33fa5ca936feb3caf7,open_r1_code_grpo,73bef0293816b86dfc7e6e11cceeed17,,3641,3
3642,57459ac6ec5245377f0b0d02d7730a6c8f930fde4d5b962edf6cdaa49e87391a,09ad76d601ca91ba73b8da18161d765b7ec4d55ce6a9d0dbfa903ed52bc7438e,open_r1_code_grpo,303af0be1ac2d1fd992674dda4cc8fe3,,3642,3
3643,f4427fe031ada61f5546a7bbc7847808dd95c9cb8ad4c26dd9aeb9c276cfd283,7da029143a02e3650d4bec8fc59f1dfa1332cc7789292956c44d7c254b03d9ae,open_r1_code_grpo,f90d52345f23d18671c22a7e4b4d6fcd,,3643,3
3644,c3a5c0c4079e5431f5e42b3def945598e147bab7c5522902053bfda8bcde4051,6cef2ddb314a732b40ce2a6b1f9b8fe3385310db510c15a833cabca2be8d30d4,open_r1_code_grpo,e454c96fee7986b36d3a8873ab855a7b,,3644,3
3645,fde00e747f0724a9a5d7954180abfc4b3ed86e4ddc9269a31740cad88e63c020,c2ab19ca3484f5c25f033e6c7ffcc8d9b8a6a7911e2fcdfd61d3a3a86e9fdfc4,open_r1_code_grpo,f976545e631977e3b30bb4ada9024a61,,3645,3
3646,28931a772e7664a79c112a53bc7a3086cb484426311203c4f51b19fdaabeb1e1,2303fd66d929b6940d1e7ef1d1db0560fdeab9fa89bc1fa0365bbfe97abc9ccb,open_r1_code_grpo,fdaffffaf5801ef97d546688585d0584,,3646,3
3647,c3c20967f85a6c7c2e7d253ee94d5a8cf70941ad561947b091f28d6a2f46cbd7,8670555b3541cb10c5b9635179417e538916c50477e3185791a273e0748f8146,open_r1_code_grpo,8183cd63d65a9bd9e3791ad7bf7cc802,,3647,3
3648,1401335ecf98366320b86bbdec8547abde0c8f084aae9f6f615ea36f77c1719a,99224b4fbf66078eebcd0149029907d79a40a1f407ee6a3aee70c7f071bbbe92,open_r1_code_grpo,d331684f6cbc7db67160e46f69127423,,3648,3
3649,5973799f54cf96db593a2dd3fd1da22fe2cc491a8e58996547ca3608146e476a,946bd9c0263d7af6f8a051f12bff1cca651c8f289da4d669dfb4ef965eb7d919,open_r1_code_grpo,40e2abe3631eba9e89135281f0127f21,,3649,4
3650,70497570bd276e312dc99abfc3ac1422a01406ecf842141da3480919c7cfae27,0c1ca3ee1adefd00bfe3502fff79e97ddb7cdcd75dfe12d6302ee9860d1d9274,open_r1_code_grpo,662a084228ccf0801d4250842ba42217,,3650,4
3651,93ac62b933ae63b9479674a8e2bfbcd6934b2ab174f08e7450acccabe60b8cff,bb771ce4064d73519fd94840b7febb46697d48fedb95c31e939062b3db00cdd4,open_r1_code_grpo,f69efae10b348531233803cf7280925d,,3651,3
3652,6a859b26ad051926df1116ee14f8e23ef485902d860efc1307f8c6ab38e9cde3,c5a7962bf7698b669008914c859b68e2445d8addf91fec61ff4aac68eba2acf3,open_r1_code_grpo,a2e61875eec0ecf7d99765453bf42ccf,,3652,4
3653,24efde00f54106e7f37f9a79df0746ab2bddec4fa2f06ac7678b651dc9d87eb2,f497c26af26b6d53b14ce44aaa3f06509871244d5d2244d6d21e5a5a7c36d253,open_r1_code_grpo,4f7de9c66e2ddf05b17a0d39d7da5f97,,3653,3
3654,92bc63fbcfc6e1b895dd69fb7689d9626672c20fcdf5ca15908c0816f5165ad2,895a32f123976ecf2159df7fe64cac33bc174c210f2e4d99dfd88739950f28b0,open_r1_code_grpo,4b30d556c5f98d9f0db6883fb0458e63,,3654,4
3655,11d0fba2a1e5f7f81ae572694bfef2b95753e1652ad651617080009d3df7c0db,9b9ffd6f7bf8278f9fe798bbb32ea98a264208175aad493caa0480b4ae067587,open_r1_code_grpo,625f1c88b4110aff422556fd416e0109,,3655,3
3656,a7667b22bf69bad3c4981293ac6939933d48b13213a60f0108cbcf187958d4fe,30828a6d480a8f7e82a451d457477847283f7d736c844f90b93938faf39a375c,open_r1_code_grpo,e0a40294f196fdeac679b3d741d58e88,,3656,4
3657,ed8f00a2b92d8df4d68774362fca0b700d375013e97d7f50a9dc880fcf5e67b7,db519ab2b045bc882d50d23cb0fda2de7514455315d03d8cdf8b25223c672956,open_r1_code_grpo,197e1e270536a570c20716e7a4ce5290,,3657,4
3658,bff327d3a0cbbed702a08f681c34188fb875e983d5619cc5cd0d9ae585f0b89b,e094a0a3cd50624899edc57ccdc51e3ef73e1590dc8e779eee415b69538f24a7,open_r1_code_grpo,7b15357874597ae5a7e0c3b703a4b99e,,3658,3
3659,1744f2fe7599f002a2635f8cf11322f7af77d77ff516bacd2adca5a1d3a95bdb,8b5233f78be91bf696d2a0fb6e6d8113fd2a087269b73519b6cdba6827a007db,open_r1_code_grpo,4dbb37ddd734ac08047b7f3b31907ee7,,3659,4
3660,b5320e0d48dbc7db4d38f715d330096f122291f91bfb387d628bd3e672f01007,f518564a1e0fe9d8553a89a301375a8b43aa2504c03cbddb7756c40bb2e438ce,open_r1_code_grpo,e08546fe8031c791d125e5211a60c39b,,3660,3
3661,a4e1ee5bffd1e04ef213469c0e31e9b036c33c5e54f44ba7d5b2e3a9bc79bb2d,1f34c0bdcb32ee91d3930d0745b87f0e6eadf518e9084a5e8c1844e00af82c1f,open_r1_code_grpo,9f58b46f313d8ee95f68ab158c6be3b2,,3661,3
3662,9e4c2cfb478306fccffa631c63c7327758e3cfba4748d23f05c3ac0b96c19601,6a1cb317b59bfb84c980c3f9903ed08baeb7ec8171a63e59770d6e8304dae77f,open_r1_code_grpo,d4c575822d2e4f9c3b1b4514a49e9d0c,,3662,4
3663,71ac25ddc51f9f4905dc078a0243d336cccba91dec669345256595f1b6baaa8f,fb2a2c8a97023fa515922ad1767e56477f52d366b9febb8a6b75b15b9eda7b59,open_r1_code_grpo,711213fb6c6c726dce8bcd530c4056dd,,3663,3
3664,c6ec1e3de52ecf487c4604e752eb2f939f2429bf37fb59d01ee125dbbce48284,c2782b315bd5d05df62ce0318a4b4a758cf977943a92b85146764c0648843264,open_r1_code_grpo,ea596f38917eed4ffca2c1dbffbcf091,,3664,4
3665,0bbb59e4bd311244c8059c5d424f60e9a45a9413ec302100bfa1eefd072a0e1c,988e65a015fd6dc4be823d83e8a9f32b8ef9a1334748d7a57c6c5622f2c1ddcd,open_r1_code_grpo,398094965717ef1fb839264d66abeb02,,3665,3
3666,c91283998ccdf637931d801060aec3c105612a1b8d688cc4a9e024fffb504249,083c387b6f48b25bd81b2458bca7fabdb4764864fc1701b08c38b41153149cf2,open_r1_code_grpo,b1e5558820168f1dc9c792fd4b5d0b6e,,3666,3
3667,133459e82652e4bed378fc6b68e9d6323741e20c5efdedc9f83989a52e171e6c,dec58ed61c1d2ca9a19a0220b4f11e9dd76201e8852c4bd69779d8e89932bc37,open_r1_code_grpo,28cbf5cf3177d35f60681c8803b13261,,3667,3
3668,fb08b29aa270b3dc3b5c02a2c32ed8771a88c35f800de27ddab0e1e6bbf4fb38,0453d464f0b7841a0b79a30c710805c1145f3328382ca79101f2ef8e3d3a77d6,open_r1_code_grpo,00b6ad0e10f53e85514c40f854f3b1f0,,3668,3
3669,ef1b889c9c1502741e532259d7bdca40e2a8522525a3583b4c6fc25d3bc604ac,0cb25046c77886774fa9461f5ae5767d4bd6fb162ca40e642d8773b716e4e3b5,open_r1_code_grpo,fa410fec0e892d515e2a36ef051f75be,,3669,3
3670,39a8b63f49c8c44ea7f906d76c4395eb16297661dba9ca7eab95fa488fd275cc,a48acc62bdcaa273d6d1ad255121e68c9723e9981887a3424a894bca9c3385e9,open_r1_code_grpo,a12c0ab22f8b7cb3c8167a642293f74f,,3670,4
3671,075807ef2a3d0477df52f45d268df83d40ec987e4ff651d72997295a75a69ed1,f2bba3cfef011ed6dd766db6e4263ce19e5dc531d9294e42545bd7a8de81df81,open_r1_code_grpo,3323876e7216575bbdd252acaa96bf44,,3671,3
3672,6cdc8fbd36ad129a33a259758c35c677e68b5ded65c65bee86aaccda92fdaea4,e3ee99f33a13e10f5b1590340641343b5dd394464b77547b4f43ed78f0d2bd65,open_r1_code_grpo,b8bd8e9d9f50efbc0b75405fff97d215,,3672,3
3673,1005d5cf1907976ce9457197a1ced4995fa4f082a2ebec2ee58d01313690daed,461eccdad3e5c21e55427af8c8898b1a30b4c2a8f9e96439bd06d362ac210b28,open_r1_code_grpo,2426830d12bc6b3281b5005db41ad715,,3673,3
3674,1a3929be998e22fc58d624efdc45d18272e4088c707485c2a231e81bfb35150a,825afb50b941c4463a808eb83bada87b8cbbc005fcb92cd9d40e753d3ef367cc,open_r1_code_grpo,5897fdae89323ee1105fd0f20eb8a004,,3674,4
3675,ea3483804f8a3b50ac045250a44c1a5d3252db238864839539e1b56bbf074478,624ffd2a7d9d89e412e3d7663fce6f0f1b95ee428d6ec706c813cec4dd82d231,open_r1_code_grpo,f68b2a9e2d67d16a7f654e39d9aad52a,,3675,4
3676,3b85d7398c6eb8c03c939dcaf09b425b86ab88a40ae921aa15bfbbef3ea0b93b,187280ba19d0b9c996dc6b00d0f577752581e8fa82a469e784c578005688251e,open_r1_code_grpo,5344eabe62377b40ce0eb3b582a295de,,3676,3
3677,ca3632a8172735b7b693964324eb5e75f997d16dce7127cc399c6201e6d478ac,bfe6133cf1af6425a327d570fa57d9c6516d5bd232317f9af91fef1bdc5608ab,open_r1_code_grpo,a7d8855928181fafc4e17cfef1b33879,,3677,3
3678,cf1dc2fe5bdca26739dc4b04cc5353c060a32237802e611897c6a39a89a7514c,32f354387cfe0a91600ae8a9c019f8eaee9dc51ce90d094e5b1c70b6aa1a90f5,open_r1_code_grpo,2907619dc77b511190e045363a03c599,,3678,4
3679,eb6e4d5dd826f9c293587af584c692ba0bb7667760d3ddbaedefcac1a5c99171,309b88c4e5bcdc649f3166590f350298283dec7e0f6b3facd6a7cc144e50528e,open_r1_code_grpo,ba96e5772cda9facbcda2ef2d1d3b1ff,,3679,4
3680,d0c450b44dc55f4734356a4142445b8d8e36c00b185aee480670a7d0c7bfc6d0,62181d610f80d6230091a947b9a576bf11f2b77736380f05169e2d8e9efeb607,open_r1_code_grpo,2c73645d162b11b631a1041d3ce86234,,3680,3
3681,264a83c503410da5ec9ddb332a74b8a78b47e2fe575e381095823b9acd001c6c,81287355eaa84493d701be8057c833ee28d472d585913a819fa516ad089b049a,open_r1_code_grpo,9cc352070ffc9fbec32f085e5fc5c5fe,,3681,3
3682,1aa2849f00da2bb080230fb57c071ce336e18ab0baf389887ab4c3ffd4231d9b,0083b70d091c28568ae22a388e6780d1602fc81a832b5e8519f4f5ec54ec1b6c,open_r1_code_grpo,83e633e2b6b5c959bb51913b3c4371e8,,3682,4
3683,31b5b5c98d3c8a7cee300a2fa5d6adb699d392a1115a8ced9982c92ffeab9d2e,b0d4ef7229b78d36058ca2fc395dc6723903be3dfe23e380cdbb4fc38b9bb059,open_r1_code_grpo,baeb79b535eabb678ae2f171e57fce11,,3683,3
3684,7c087a8e8d77b288d9c43764fa9ccadfff0886f9ad6d1bafffce9641646bc191,03777c88c91927d19332ef7ac1699e8852c58b96cff77b6dde33336be7541e46,open_r1_code_grpo,83388f8c86532ba00883e6fc29472ed7,,3684,3
3685,26641dbf9bdc2a93b76d96eb61483aeb4a6bd3bdf10d770ae88d5f906b923d4d,91685410654d1e38285737d5bcbb5e9d4d2fa3d66e6e54c07690b9a80e4741b8,open_r1_code_grpo,0c88adfad5bbd59d59a5e78e0430753e,,3685,3
3686,217a6e2b064856bf171c4aa2053a173a7de618d721faab2779b5d0ea426ca49c,c47abd5adc12bde56ab7eea428558e1ded10114fdb28109a096577e13d99a7e0,open_r1_code_grpo,3cee9993a1dafeedf090181c4b9a9263,,3686,4
3687,26b7375ac9273fe8b1bc00514b4b547acba85ee7b7c2e21d3fdfa886356633a4,b79b5e0466cb1edc3fa5edb33e75a14c0803e4f461335822b9bebc68c65f5687,open_r1_code_grpo,c9d818618ecdb3ffae4ae7a890f51f76,,3687,4
3688,628cdfb84131645f8130e77562e8844d157c7a1e5c1c96f9e3b02572e8a300ee,71607af5dc1291bdc9d13786c902ce5d5a212d387bfdba4fe791a0b3e173c9d1,open_r1_code_grpo,722adbd3bc0c69ca269cb95e7a460e5e,,3688,4
3689,aa7a03058f4147017cf6988276cb7920767731724c1282f6e83db31779f63332,743e28fc1b3a373ac050a0dfc7c6cd499d547b63d8e23d1b02bbaedfec240807,open_r1_code_grpo,a5bf4b830e0b48fc3542f1bc698ec4a8,,3689,4
3690,d7c06545c1827609ac330fd51aa7c248051e2208e9c21f9e456b83a2c0d9d739,6d962d0fb42b3ff1c30d3e4f8d0f8c189929993195cf68013a450dee92865ec3,open_r1_code_grpo,9bde1a52600f052feb75446d68cbe0cf,,3690,3
3691,f6ae3e8ac5185bb05db5838e444685b7ab18740d278293eca073413409d26c40,cb97990ba328265870fcec9131bdd892f0625ecfbddf0d69df67783c2dbc4a4f,open_r1_code_grpo,553b25515573ea848e22093ca441c73b,,3691,4
3692,7d45d95eb08164b6526ca391dd2d5db4e3b07b0634e078e9eeb55a40e5865c09,97fe89ee2f274e5ceab1d37c56b504013f7480a0c32659ba4c621fa7056b8048,open_r1_code_grpo,200d24f46ce8895b2454f9167df5209f,,3692,3
3693,cc6bad9967ffd4ce4166a7135b0cc35b0afad5e639bbfc64c3aba038e6d54a66,1f7c5fcc580a158a9b5e3722405afac4c34569ffe06425781908386d710dacc6,open_r1_code_grpo,1980937299df19d4e8052105586b141a,,3693,3
3694,96e08ac5b400acd78c5052682ea976f906e523ac7006c364087495bafd15cd55,29b3656f8949b7b634805c59e4d015ddc863b2c3b9d51a883242ef865eeb10a1,open_r1_code_grpo,34fff7005898193a296217bcd42ab1fe,,3694,3
3695,3ba45641acf60e19877af5c3185ec64c8c9efd6ac10a1044345af889fe19ca3e,f86ca4f059995e0c90bfd0e02d1964d51e81301baf43600d40f75d5b9d7dd69a,open_r1_code_grpo,42d3f5e395db8929491f71385c306e2b,,3695,3
3696,7855e3b885a77b8f3891333e70e7bf6562882e2f51b4151de1aa74d1de039a0d,408f53469f5e66fc1b27a25010c3fc15bea383c7cecac8364a56cc537c1ae2ab,open_r1_code_grpo,314a5ded61f84026fb05063c43261488,,3696,3
3697,c48117e69088056bb5d31f498f5f2188478e3ff40e707f60cc04b4701309c57a,95043a54a360f40cbcba80970188e1e56a5b7d4eb0e97246d5ca6fdc6ececeee,open_r1_code_grpo,1d3069b9f9cfbe531b23e171c4ec99fe,,3697,3
3698,08947658fa413ca5cb2ed5cee96259456fb9f1a7b183c4ba5e2a7409cee77b07,170cade01e6cba9ad1bc33af00f403306d589d2527c4ab2843bcf6fee1134460,open_r1_code_grpo,0b10d9f19ac65e0da454d3480f084ee5,,3698,3
3699,847a1a6339fcb54e1e5a80a043908aa49206b0fd779e8539748127d5b4880339,b546a7db24acc300f6e3b329ee77d294f0dfaad1f9d89429457bf8d8acb52062,open_r1_code_grpo,26219d8f14b7d9565a6934d8d763af8c,,3699,3
3700,bd57e2dfbb1c15bb36d3922d40967b32880a6d65fac292b0f60f960cdd258680,8ce7aafadf4cebc026b87061462d89df532c1986238b3c1e1e96f29daae60e68,open_r1_code_grpo,832bf56e3823f17652648cd9b4ee5ee4,,3700,4
3701,77b98d583f559b0a5a13eff22ec46cf637f683a9e9ba6efb712a3a2b50aabad1,c7dd0450f7e0e7fa2cd4689cf37d6d061937a0b00623aaaf9c6da5f5cf2f7a27,open_r1_code_grpo,da38cf10cd0d69bc0d76a2d960dceb4f,,3701,3
3702,e3c4ee78cf3f0a878681b92d7c78801dc591f108fb1745e8ee7141495015a61a,0d0c5ac1bbaa1cf13fb261cb4f23f033bcdcddb859de3a313bafe837d17d07fb,open_r1_code_grpo,c5bbb6992941c32ace887a04080dc8c1,,3702,3
3703,06f8791e0292c35a0f4665883f6ad0d363eec005c0d8180a5f7cdf9b1434de30,7eb9df3bb85018cd7d878e8968b8d68d728545ec0cc948b1dc62cdae8b9d7078,open_r1_code_grpo,d8e9b0b18d569452c1266509b2b5e1fb,,3703,3
3704,76a94c2bcb7a8fd48a67852b12c18e4dae8738a6c5a934920777eeb8c484e8bc,919e5b936ec581c4ecc586f0c777689af4540342e877386d3561d0808c917877,open_r1_code_grpo,67e0695784c833407216b2299d16e782,,3704,4
3705,a575e27c921f81b0cb34f6ed2b5df633181fa224afd21ce105c93aaa123d3286,399fda2aa89ff4d6669533472408dc69c41d9695b059298ee2f191d8f8904ccb,open_r1_code_grpo,0eead250c2758ba232f76dccef2f59c7,,3705,3
3706,e247f225e18e70715ae80bd07538278d5df1656a31ec7c85d4b2a03cbc9c92e6,265e7489ca2ac24594348dbd4e897ce804f9f69b755343a89c5c2ba742e17280,open_r1_code_grpo,bce80e4ef694964e12d929f38a167e12,,3706,3
3707,0ca6ac3a44129b13826869fdf1365eed4b796ff5d3d02527f418e9a97208041d,e1eecfa67fa8fa0c8947a91dd76083930ad37ba0615dfe97e4a5f2ba702e0254,open_r1_code_grpo,b2dbd8725dad999f0149f0458ef88595,,3707,3
3708,e3a019a02508f367ccf0b22dc31294ae4d0b59210561c29a74542586e9a94882,20f332626721601192ccc8c85a4a9b1e02e9fa8a2488cdd94ce0b8e9acfb4fb8,open_r1_code_grpo,09a7963a913428707dcdc95da0e5b078,,3708,3
3709,f3c9e3af52f5cba9fcf13f6e144c0e06efea224174abfb825174f1189f2e8883,2175f7232e1ae7d5fd942e75429dc35b4a717963d452330e63d6cdcd10b835fe,open_r1_code_grpo,2fc10c4a0d984f408232d0147c5f6286,,3709,4
3710,5714bd0ae76f9763ecc46c609a1d9cd5b6a7ba052461a7710f4a84143f1f7add,4e7db547e31760f3314c3903a8b25762a8918e543ce0ec7b353127e5f6c60d15,open_r1_code_grpo,23a4d9cc46df4e32f7dd2b20662ac4ba,,3710,3
3711,2cc0ff5db5729ed333b626dc6d61eb03e70c481d6a33edb2e1297be0f4aba60c,248aae0c3bee969b044af9aca545fd5ef0c5785194ab2d0cc4371a48a4669252,open_r1_code_grpo,4227f526bdda589a9199f7611c7d79db,,3711,3
3712,67b78953d1d6d009c8ea5e99150ced773ca2c3f8dfabc2712a9d53de5d5b1427,0a783f258302f1161bfd8e0a55b03479d0951b00799e5372fe0dc3d6b64f00f8,open_r1_code_grpo,7cf27985834d6c7bbe00cf73c1d877b0,,3712,4
3713,7ad8834afe553f4ef1486e07de9417be0166244f11f55673c803f58dd1029d58,d05367913f5fedf71823c8fbfc1395664a8f538a01d58f7f9a465a64e2cf9a5b,open_r1_code_grpo,3d9d6f5567ef2f3738445721c9812114,,3713,3
3714,6e3d088be74cd952591c10394a722d37b67e9edbb3a39c5b2ad2acb334b013ff,49a1e2c1ec9c7555caf6f51c3a2e716dd19973376e269e063c5f173c531dad5d,open_r1_code_grpo,73280874ec519f86284b5624fb9f8e1a,,3714,4
3715,4927b91b6dbea9aa8c6b8a067c6aef1f004ed948e484403b982abdd21e6571ce,943b4da1c537362a944f0459cefd23f1901f40084b4477224bfc747da70f7a7e,open_r1_code_grpo,ca18391b0f95284593e442c0ee8e09da,,3715,3
3716,9a760d5d7cbdd31e6996a0abca619289ea78a9d7b29c0e4ebd23a9289efa9ba8,0c4b9caf3bc036c550eba71b21ee2473ad1f1ecb5a29db056d55826336c98d1c,open_r1_code_grpo,381135e2fe6430067665b38ce40cbb4c,,3716,3
3717,a19f39d2c1e0d93fe13c68bbd2dec3a8e3c059a077faf5ba2728fb40225a4f36,47a856d5b42176dd3f4ae0cebfc8cfdf5862bb6a65882b11fb68e9b419e55186,open_r1_code_grpo,352c790724c84a2641481140fc95eec7,,3717,4
3718,98462d9e6dd841f4e1e17d5952b3b596ce6eecac571809afdba766693e8f6635,2e3775689fb53dfd871618bc1a6a4a3a0b4a060b80c21cd7388d9cd788444849,open_r1_code_grpo,92ec861bbe04040b0c23f45a1d64195f,,3718,4
3719,aadfba31281635c72ab019306d4392f43ed5096e9661f202a58df0387b0869a8,4fbbff944b256d23fe7fa47076038e259490eaa450678b7fb5c68a4113cb3899,open_r1_code_grpo,2cbf500fe99e3990a1ed9e0b21b76034,,3719,3
3720,2a02804a8cb63260855e3e0d6504c1760345f024a8053b6692345d1377ff3bdb,36effd4f27f7d9f311d310427164a0291f2c12b84cd610d6a517d1085dde698f,open_r1_code_grpo,1336bbf0cea8a51fb9a79ae5be295170,,3720,3
3721,c948e966554de7e418d2cae685bda3c7ef6eea884af80af5e8a47babc7540290,582be6fceb2ae98510dcefd406b2cb40466e16ccad1bed01631a6c87bc37a071,open_r1_code_grpo,2ed23bf28b4fab010680136b89bf8d2e,,3721,3
3722,0d58102edf85054e683d0098220fc4237fad831eb123de285be402539f760967,ff235f5ff69246159df152d4dd1b4356f8fd528fd77fa610826a6716125a657b,open_r1_code_grpo,a0db81de05d1ab2e807a4733b0e2fff8,,3722,3
3723,a1c43b30f5d29ad0a2c305dd1f563c2e73579eeb534c240b241988758d7705c6,d7948ee0527f38f187f33800b6e645e5e8e25bebef653e50c58610ba0f6eb616,open_r1_code_grpo,0e93739385d77327523eddb45a7beb75,,3723,3
3724,22dd494726f28a15b2a7e017613f5949940319f301ab6b910319c3b797608257,0c3c56c1a3abab0e5806afdb972208683a374a893c633b942ff8e1a19a383d3d,open_r1_code_grpo,241bc3e30971228edc94bba7f11d9316,,3724,3
3725,64bf8aa20dbba2ef84a2fa7f18ebf59003fd92badf0db409ecc116f830eda952,7b15a517e8cdc485fae89f7e2456ec5144b2a9ce3dde0cbdce8efa417f132140,open_r1_code_grpo,09805a12ab22b2dcb7e63af9a357e43c,,3725,3
3726,03e32457ffc9babfddc0f9ff32818ea737436b3b59095681b8b3199d5ecd1451,2546bc460c79bfb8f2fc54ef58257d62e1c5689a926d80fbf8887130285ef179,open_r1_code_grpo,9d6e9491d11f0e1542fb1fabf799d1f2,,3726,4
3727,fb389ab2cc035f78581c804e4e0b8fada5b0e8e841052e8f142eee60131c720e,80475cec2e237764885c7b7d889139cd012d4a49f16bd35bf4fe3690176bcfd2,open_r1_code_grpo,736f25a9839306188221e3cbb8e59d6b,,3727,4
3728,3076fb8c613f7aa864005a58adf4c60577e57b3fa20e23d0cd66c53a51b1a66c,442433ffc6c5a7e95f1ae35ff4a0a653f99ea8e4abadb50b2d3c241146dc658c,open_r1_code_grpo,ce183295d37aa0d11afda205bea72925,,3728,3
3729,3367c55687e318eb164f258ddcc4ca919a5900225a11c8cec925a0f5174cf443,9b2c56656089515a8379220d6315c3ce6138a2b651efecd922c2abdd166fec08,open_r1_code_grpo,ceb8de628b3d8f1a0e77134653bbbe83,,3729,3
3730,8db2c27fbb18d8840b8548b4ef6cf4e2ff0a2319be9210cedb7cdf49598fd6f0,598a80c2cd0ef6dc668b133c1042ecb26b4ad6b60e076eb78c0b230265b61404,open_r1_code_grpo,b6126b25a92c2dc327b2b8e4b9bce6e4,,3730,4
3731,4d3022f5ad5204c625039a55ed3928091587e68c4d11a8431907867580bc9170,ac6123362360831584d7fe40878bfc81c994128baf8c447b4bc7826a0bcc168a,open_r1_code_grpo,0b1e0ac82151eeb8cc818a5fcda45a16,,3731,4
3732,b5494aee4b9fd853b6ebcc42f6ac0b6ff40dfa3b60f95344aa1d7d91dfa15c17,e7b7c7a2c3c396527dd02017d96b3983b6dcb1cd3ecf2b24663fea11caac9c83,open_r1_code_grpo,c9ce0612268555512db5f372d86346e5,,3732,4
3733,4da7d73a2865a1139395016b2c9269448147379f36cb54b1022aa017e941cbaf,1d539c66c693efd31bfdbc3127ca9aa0ac118f95c152f8a1e4bf317372a7fe3e,open_r1_code_grpo,e63227566b67db40d337174360305793,,3733,3
3734,72d77e6c08b8d93af6aed8f6dea2667e684f2a4a405fe509742d9b2fbf1f533d,b501e6055199c0bb8ae611385c5f4afec80b1142c697f119756402ee3799555e,open_r1_code_grpo,bbd73298c68c213477454368cf4e6c33,,3734,3
3735,429a0e5fcc61a97d4e838a061503f5383a62a8b010f7a9482eb5a80bebd4555c,af5b3ebf30d0bca9cf4ab5d2355c275636fef8c4a7dc1137ca43529299ab0185,open_r1_code_grpo,286af5f45d2945ccd0fb0a7a1aed1c80,,3735,3
3736,a61b92d1e18696027c35caff89e0615810da493ffb8e1dc792bcae09aff57ea1,08db40658d569eebcefdf1d5769098fde09960ccf2216b41e78efdd8f45d1cb8,open_r1_code_grpo,81b2858266ecb6e8b0fb09eb41c5665f,,3736,3
3737,49ef82dddc0bc12c58d558dad47489fe28e503a391c39208dc33600c9e966975,a7653f8b47f63e471a3036a1ff8c6277f8a17480408e1169fff55c0850242e76,open_r1_code_grpo,c5ff751106916ffed3094cde53978874,,3737,3
3738,70e5b06480b914ea46f4b075c778a7d68aeee1396038295b4aa615a08f96b563,7bb425cbb0384e05730bbe81d153fc4ab1f5213c4a3d2e4a356964e82f017433,open_r1_code_grpo,93a96e9f0a2c7c3397ef220b54b96228,,3738,3
3739,784f925d7f569480f7529961cd82bc760c46f262dc542c65e1e78a236b32e3f2,5872ee81c220c51c1bcffa584a8c28d3836bc1463832d890d3ca216996f83f0c,open_r1_code_grpo,79fa2e896bb480c32741e7f36bc8fbc9,,3739,3
3740,42cc4d4da37746cb2d4220d3a63fe086dc6745a6175a030a003905f51118d379,4f8c6d6285f0a2172ecfdacf36ef6f558126c4e0ffe2a3e1cd56e7d86dc2b0d4,open_r1_code_grpo,171f786d70f0fdbafffcb29cb63e6f03,,3740,3
3741,b53206b3c011d158d1d5227253a447f6d1e271f0d365fb1752026f27135b3b24,09b0371944f8b7e25c4cfa51889a29afcc5a64e369c769f889942b1d2e7129f0,open_r1_code_grpo,679e7ad249528f8722a87804166fc054,,3741,3
3742,9d297f7190f04dd9214dd4b889c139d0d460ecbcd6b278244aa1630d777e5895,d0bcca13a09b3cbd9dc6361b65f2c2dacfdf5bd040cdd0d44d5db41e251a8b7b,open_r1_code_grpo,c36b4abf7aa617327389dce6f5c95991,,3742,4
3743,11781dc843689f872a404c1ea53d8f3388aa1d88b23826c5fc5bbb8e75de4aae,7b98b2e1d294984c1bda566b3c144f323614eaef6ed4bcb959115453a4784479,open_r1_code_grpo,3c17c5aa5c9bb4931c2af615e2507125,,3743,4
3744,b7d3f7dbb8d2a3e6159b16a012d2088a1afa1e55775a8405f602d4ca430463ca,add3996144c78521ed36ffe804219d1996e2094ad42e256917b66d4ddf26b52c,open_r1_code_grpo,6677942cc72ddfca18e34de6acea273d,,3744,3
3745,e40f0fedbdf1d568ce956c3ca14218abf605b932ad7bbda7b30f042383e52f44,1048ff558a2ffe544e61a475dde1f650a92e5e510d1804b9ad5445b342e29e03,open_r1_code_grpo,8ca216d519203338a5bc40452990cbab,,3745,4
3746,4c864c27577a31f794807298fbc8e059176db83978e70dd60503b2f69b654acf,63114a1ed430e3d2917ba5c481646a0087c4e344f94d52a0afda2fe3b870cc26,open_r1_code_grpo,0a76102ffe274998116a63feb47f542c,,3746,3
3747,38df536afe06f1f8a11c91fc7734a2bd0d3de8cce7a0803125024da95bd245e9,24ba69171255e2aac07143c0de5ea4f3ec267af39c5214b07f79d9ca453933a5,open_r1_code_grpo,405f89a5cef97b40fe68b8567adaa186,,3747,3
3748,0fb33fdf86dcdebb3a5f8e4258b367c0273b77ec869dab8dd918c27623de5678,41a39d7a51ea0071e03666df38cf6a49246034d8e63133fac9ee28a38a9a103a,open_r1_code_grpo,4f1c3befd013dbf71f62bcd45ecf91c0,,3748,3
3749,f48dfa6294bef066bdd62e54ce551dae53cb471b864c7b11bf12cbb448fb585f,82ccf68559e7e129ecd9cba7beb3dd8f7b2352d1d30ccd241df4e2c16e12b2a6,open_r1_code_grpo,98f0f85fb7dfa6424dfc3ef582d1a8b0,,3749,3
3750,6d0f3bd329c9acbd9cc6774fff8c41a80619483425ccb49a6c92f6257c46d8be,1ec78cd0717405093a48c4c997a77c9227448bfe717531c35198854a549a6163,open_r1_code_grpo,a548d36b0173eabeea9096c8f38d2134,,3750,3
3751,6c912c056afec9ac866534fc95ae0740d3bbf53b6dbd74c4ccd9b95020baebac,da7409f9e78e834df8b8415dd19e980d3f4d750721c644143c9fdad52cb1b365,open_r1_code_grpo,f55d111241ea6b09de03bfca66eec72f,,3751,3
3752,8dd77c3ca25f8edc864d9d855e47e1c3191fe6794097bccdc52e4dd433442960,f12a86249384dc654cecc22d0721b14585c8539da6ef9863b5dbbae35228d7fd,open_r1_code_grpo,816ccfe91398e9f23f2b16d17bfd594f,,3752,3
3753,9696e0fbe4beba93c5d786ad53558bb96045eb84acb800c641b7f440b57e461d,49159ca61b8ce4f24d45180ebf82cd5b7c86bdc67c86c93ed72a817e07247745,open_r1_code_grpo,99756f74b85ef366165810c8d9ceb083,,3753,4
3754,b08c893bbb51d467c51bd70d9fa7aae236a48f791f8e55ceffdae7b9ccc1849e,04bd6d4f08dcc650d56947c9bf5ab7545f35a8f10382515c792e893f04930348,open_r1_code_grpo,80c24fd1e299d4c3b2493246a02b7afd,,3754,4
3755,5affc7021a08160fa28b55c383d09e2d47d52d801efe90f780cdeb3c492c6de5,cb4df5e31bd06eb65c40d887f6a9047a729adefd1af95f860662c80e792ba37c,open_r1_code_grpo,d6131b5cce40ead5ffc5176bb290f498,,3755,4
3756,3df67d04356e7005c2992e31b724065d2f286ee434f084b292abf762226ddf60,44a8d4b439bf5c53cf380ed876987b9d87ec8fc2a96b4fa75925edf8aaa3ffe8,open_r1_code_grpo,d3c725c38398ff3dbe4a3a5fe0e20f98,,3756,3
3757,feec140403a2950e5286fe8387a8bfe69535abce9578afc62e28fb7d3cc831dc,d067f58a380bba715a07376d74bf5b2d54355ee9eac550c211f1b635ab026e88,open_r1_code_grpo,e18079332806b7a537d7eeab0500207f,,3757,3
3758,2af3deeaba348e95238c43b1740da5c34b21a06fabe281956d53d02993fd54af,c80eb9584021f11faebea3ae8dd33c912cf07f709231af366a7f5d2ab62350e1,open_r1_code_grpo,93730e6d72e128b76aca3cfb73f02754,,3758,3
3759,4d9ce024d0cb60c15a0cd44d712118fc2918a6c9dd04a3b9ff5f39f9959055bc,a4ea62e0c1b14515985b4008d1055a8b547b0c11544eb3c86bee4455f5d5b06d,open_r1_code_grpo,781710c1b3858f0ecdc52d968c7d03dd,,3759,3
3760,04afb22500a07852143f031794ce4f57eb0d1f20fec54869eda50083b6fdfb33,71416eb4f993d7404d27c1be3e32857a1fb830076eb44781afba146912ce48ce,open_r1_code_grpo,207f056e8c711290244898d0c400c327,,3760,3
3761,b9ebff248e8e7bec21a303b0c534ae99837b2fdf13b1fd47a51da4a39906c416,a3f95d66ef76d9dc5c0d510bd9e1d86922f324c2c11fe0e7809fb6629aeaa048,open_r1_code_grpo,93fe200c86317ff29b2c3fc7335e5754,,3761,3
3762,43a2af636e13fb5bdd4daec3d01fe06b84b0755a26e934d28edd0a6a40d84e46,268a472f8858866e70ae5308fff04ecf7655468e11ab9e8f3508dcbffc3694d3,open_r1_code_grpo,312c20ff18412906c4e1c3ce541a952c,,3762,4
3763,716412c3a097cdcc6088b71a51ccef9780ee928252c861d6bd9bc76315552282,4911698247074e56e5697180abea82b74e43a628b24d1fe04947596ac05f961f,open_r1_code_grpo,6ead9a61d2391e7de577cdcc64706cbf,,3763,3
3764,e51d2a7d9b4fb81104760b15934e0a1b01cf1fd64c89614641dc687ba844fcb8,4e3b738db4a1e3579e1bd8d6160f0b9b3086d04d572d8a3916e87ae9d6a88eb8,open_r1_code_grpo,42eb72c9cc4307b5cbe3f96047681178,,3764,3
3765,58e1c7d6ed0f9c2ae27e0cb61e6393d6444f7930463ffd740a564f0c323710f8,81e27b1521343dcbc8c74b0b781dfc1cb9bafbf200fc6e77b4ba69b335ead38d,open_r1_code_grpo,6bac86ef36a514862f5154b0913fac27,,3765,3
3766,0c5b8863c53520e97ef858ffd58b9fe3956d790b13d980e2a548c8bd98526f3d,d01dfd672526d5824e8b59b7cbb309030f3a946666519010ee0b9e35f15173cd,open_r1_code_grpo,22cd05ade061da681dc3f42970f1a1cc,,3766,3
3767,350acc958fd2e4b2239ecfce232614e443eb72521a2507ac20694bab8f0ed832,d6ceb0b00f4ed7056ee2d8b11dc2a1390a55edaf3833cc2cda4c9de3bc314836,open_r1_code_grpo,a2ec40bd5b8ff60b57544af1812d8216,,3767,3
3768,179032d4cef0f2c9f2c6d9f6186a9b60be5a166ed85211905fd0a8236b53fb25,8ec88db260ff01d1b62eb3d2fe1969f45e330ba5578a450cf8a2cf82dfccbb5d,open_r1_code_grpo,da7c5c5295b2ebf3a8fa21ee3b181f74,,3768,3
3769,4fb1a87015c0e548b2d6ffcad00685dc5585269ea35b32943492ebd78696f8c0,f39016888d1cf36098bb1df2fa04af714a13aca3eaef26f5e3d7d5eea1fdd5ed,open_r1_code_grpo,176b129c31c3471a0a8eac022d7450e8,,3769,3
3770,17a6129c4519aff299d20000467931dd164a89e55bfd11efdadb0a999290e792,7d4fdc4b99a1bcde29d3e1b7f9996e2779d20b4a5c71345eb78ba86d6c775818,open_r1_code_grpo,38a10e472d965c3043dc0fe5df49ca90,,3770,3
3771,13e49b6963c8b3f437ebaa9f60e86d107708a59a0c6c758d5d74aed414244531,b3c970f9ccaa5ab0ddea6e9545820d6a74ae26ff793a29743091439704d0f667,open_r1_code_grpo,1b85de522627441486631f2fbf934b91,,3771,3
3772,3f6061e295f67818c89b1b37b617f5ec0a8e359f86a9e8f0543a7b899d55b50e,6f872ee000990e95666822ed86c80bde3c79839e73a06f7a1e19eb6f961ea4d0,open_r1_code_grpo,8f7be16fb2bf7aa021ebdb969a00e9ce,,3772,4
3773,f5ca3b275191c15430a16f23272ece2c3ce17bcccbccb4770cb7871e5ab99232,0675d4c7d245c60f85540246f90e3163f03338646a9e1036492bd38e94d44662,open_r1_code_grpo,b31132a54bb6f9535ca6548576c5bbc9,,3773,3
3774,00e29f44697bdf346d8c521cddd3a528d978f3d21004a9e3d633ccbd97c2e408,9e08952205c197abf4a6e6648034e87c45f9759e2d53977092246df8e9a381b3,open_r1_code_grpo,67f4dedb3557255bfe63f945113fd5e6,,3774,4
3775,e7706b5e642a1c6305eaacd76fcc1adcfa8cb253c18061438f40b9548e1ac625,c96f9e97225b2d25baaa9373857d869f4db1e06de2fcc0453fecb05992536eb1,open_r1_code_grpo,78ef5c53e217e1aa93bd86213821f91f,,3775,3
3776,3deee2b00700464bb4f1dea940ccf141a317e28e23007fa1bafebf2ae25ce366,ecae1f9a3874d50a3c161f36093f68d0fb4910524d7a190bf8266dce72b7b1e4,open_r1_code_grpo,a3685661b4546a0f01a10f2c898af394,,3776,3
3777,e47c9e61efee3b4ccf85ccfe63bb31b184a3ff9cdfff0c652ed6f2e50f1753cc,389168a7d8fd0e19514b55e2097bd45b747e99a122eb11537d937bc4d244692f,open_r1_code_grpo,6713639051422b51cb3b4da10b0f6ee3,,3777,4
3778,abfabd69824cdf2f0b90bda7a9e9f290cda519be587fef502776e343837abec5,213a129f05d35a56f0b2dfe314d4362035701043f841a8023d67a9c9ecfa38c3,open_r1_code_grpo,9ba5443d76eb43f716fe0e0712fc22be,,3778,3
3779,0dbfb0fff63340164b5accdac2edd964b30945068b48a7acc9346435a9e28515,8488cf1bcd81151f8e2a6d2ef927e6778f9ef636b0a991a60adc91b6566455e3,open_r1_code_grpo,306bb78af58c2a12e73a5b17a3792cec,,3779,4
3780,a8c74da409bfced97c6ac0b687a053c85967bab54b6e75637bdb36afb702dae3,4f77b7aee56ac65d202ec473ef4cdf7fe058f2d971630f45f4bf19e1888dc161,open_r1_code_grpo,8276623867394ab9cffc18ce0aaf053f,,3780,3
3781,083f5b0503612367a2257d3a8a28acbf845875210fe2418888708aa0692246cf,743aac481a01815a2ba33cb1d57f497550b56792a7c30bcfd9b941a1689211d0,open_r1_code_grpo,1f117c38100ab55bea74c113696e3305,,3781,3
3782,8338ba3414b0d4d8b0c8d689aed293c706355886fed8cc4daf8a3c1dda2dc244,991c05c91c6e9c9b7009d4bdd32b550aa1363945b18003bafcdfc8a4f9a7b9da,open_r1_code_grpo,10da0d0bde314b91ad06950fdf81a91b,,3782,3
3783,2a6f97236a46af32748874e45623581609c17af48ce481506ed5e4683e219d78,5d8803117aa607323d2e052c39da8e54e5d9591cebd8bfb3f97ea2dd5229af6e,open_r1_code_grpo,34dfebf0e703beef1d05fdd8c5694aed,,3783,3
3784,0af89a1ad0d32a25ce994ae7bf6d22f2f907ef8e49815d156f04a34076ae29d0,7449d2fcedfea3a7f6a6a3fa7ddfc62b295341e30d79fdf78ff6891f46332838,open_r1_code_grpo,453567ef533b240d7fc0bf21e6d9715c,,3784,3
3785,00a50cd55a6da4ac7c354c75c63e643801e89407844b3c476d792b18d1f22223,1c9252eff934c31bea4df442261cd0879ab5590a8282c22d5a9fe711c11f8f3f,open_r1_code_grpo,68e6af5ee1c8970153ca6844896a8b9c,,3785,4
3786,4e289d6f5aa0e5adcbf166ebfec73cc1dee031a731f687062cba7c541a7f2685,476a53d51c8032fe21c5d69c92a1d60ce9ff2860422aff9a073b33f5090636a5,open_r1_code_grpo,1a64f8645351122c63abf360622d28b0,,3786,3
3787,6dea25b27b7b907cce20b107ad59434a473f28d9f6fe8b0106cf1639990bd029,53a2af54e2051fc7bf7fe0f9019c14b9d7af67a52fe5f5f1bb780afec985522b,open_r1_code_grpo,69c3a5281f455bff6198a78463e8e5a6,,3787,3
3788,33effd9a6b172e427b7d5187bd24bf181e2a5305273367944aa84373fb7e605a,362db5a588891f1af8236aa3889734ad56ca770fefc6a2ad045ade3e02a037e8,open_r1_code_grpo,a1101bafbcb3ab153dee124c75ca84fe,,3788,3
3789,99dffbb43a46cd3d2ceb09d0e0356e58b38714113d5c53d83ee108eb2fc0c75e,23127d28a7c971eb6e019a9d8d455a1972c03f3459dfd62d5161afc8dc73db3c,open_r1_code_grpo,760844c87eac869406b86c59b400a371,,3789,3
3790,9fc9e0dd280785e153d9eae09fa67f94569953a63379389307831cccea7f791c,aefbf87d009d971277ef6fe9b459c8a1b8e2a50ae5417d12f50617bdc7b3b3e4,open_r1_code_grpo,d0055189a01309777e4604c6b4e94210,,3790,4
3791,674827cc2410daa265fecfe3ed90566ec911c30bc533172e996295b9887f0fc9,bb503d4bedd087102986aa8ca9d04672634b29a8949a2551bd941acf048e2190,open_r1_code_grpo,f98ac46b38a057e80e716a31ea464b6b,,3791,3
3792,af1420656fedeae8a11799fa7975896cdaf750d8e8553660a7f4893ea26561b3,d117d42a03863e3d46001c926ab8b10f1e0a68f2b2f75da955162e9e9c3b6ba6,open_r1_code_grpo,6039ca9c6d9a301be7be5a353fc6bc42,,3792,4
3793,e2e41a165568fd0db55df34569dc1242853cf168220480f281fd7cd388faf20d,347b8a3f8157797e7087da08e68d965c94524caf8de4d0fcd85f89bbf04ddf3f,open_r1_code_grpo,5f46930ccd19e39a8bbfb7f9d1b49596,,3793,3
3794,d0138db7034aab31eda79b9c743d404ccfb5a07b2d3e08f62d4881bb854777f5,d7e2e9aeb2d3027f3659e3edf4c7219cabbc7607477078d44e783805cac429cb,open_r1_code_grpo,e735a4fcd8f25f1c6d247b2261384f35,,3794,3
3795,3e6ab05697f7dae7f8e2753b4b8ef3aeda198d839421d3280b8a7547901b0a28,f6c2f1aa6db6d1df580fe8e62b5b977dd94546a73c63156705bc13ab4b3b4635,open_r1_code_grpo,c021285faca396ebf50a48c8fcfb5857,,3795,3
3796,544d4c0a7dc77681404e1760f83c939dbb83145f7a9bf74da4c00b4a3b72aa50,926d5d2f90f1801c1675b152c33de96b500ad560f53f15b252499ff339990d9c,open_r1_code_grpo,c545bc58ffcf4b87835e9a89a3ab45d8,,3796,4
3797,db65bbed0220e71e3600bc5abdf321cc3a1203526a3e434ad0f06ccd75d8cee7,8db010f43599c1ca98bd771c8b1964d81ef9d4c984d95704e73c1c47e72e8bbf,open_r1_code_grpo,6c63a8c9d4dada38ae2f978099c25893,,3797,3
3798,c4d73b49f04bbcab12d06e9f796e5beacaa8250ddda267141fc15289d9925bb5,489a121b92eae91e15aadb92a7a9b4d7bff2a5451c3d60ff35970c18f0be608b,open_r1_code_grpo,8e789a660d3cdbc96afd836830e6fc94,,3798,4
3799,e9a288aa4c91decb3d91e53394aaee1726441894d1d57573dbf4c6f8f97805a4,601fe819e3c3e3079aef263f8823398ce75c125f344020c8a5adb059d7500488,open_r1_code_grpo,209a678d6a364a7f312d01a1e51a5c5d,,3799,4
3800,c0b6f0c1a949b851f426b663624163207141f49e8f4f3f199b4e4d52150ebf25,3269929801e9b355826f89fa09783b801ea16a386376a743e4187eb72f4c8ef6,open_r1_code_grpo,bcc8efd6ee745a3ece0fe33e2f9f7e75,,3800,3
3801,8f1494d9a4c75f22c8615b3a9985a9afd7d47c0b8c3a7e8a3b17f585b58eb9ce,aa6f59e6f96e9eeada2040ae9f9a47cb706ec57593e47d1c6796a853beecc497,open_r1_code_grpo,856022815d1030062160e594544fd521,,3801,3
3802,e307f27dd4694e42ed2c0d456a2858790318c2f906b5d8a4b5cf0502d44fdd79,9bd18493cb65e80c38eb968dd78a54091d31204818563038a6677dc8ef2eaabe,open_r1_code_grpo,da5e27af606880a740f9aef5c7b48802,,3802,4
3803,f0d71585e5a4cd5e43d8cef6f148ffa089e93ebee6ff2fecc37dd3e7bb2cb331,8158c431dae99c3172c7a7398c0d5b285faec8d68f8f6b8e8f422e795255b4a9,open_r1_code_grpo,0e08c53235f54b77d244af1646d56af7,,3803,4
3804,8ef8f054d1e22d3341d8c9ae33cb663e684549fafae6e0b9c7b347b0e22ff5c0,18b20c24dba884b537e9e526ff00c42c47b95bee25f8fa812b172aea927cec84,open_r1_code_grpo,081b8c02b67989c809737ceebedc71fe,,3804,4
3805,7a6e9b9b1764aae5e255aa6efef5dde1adb052622ae7ecbdd6c987acdbee1a9e,41b0e43040319a7100edc73c3171cbb4961a72e74d0f303f902626d3e9f8ce98,open_r1_code_grpo,fcf2dab329e88d744e8459d3767b09de,,3805,4
3806,472fe5a4fa1347b1f7ecf226e409835307f600b6d859244dd079cfac6aa6730a,5c13ba8b7501c2274f153a77ad40e2ab325b5ab067fac9a24b6f812324df3f85,open_r1_code_grpo,9f0c76e7ebd338deaee6051a43731d6e,,3806,3
3807,3cc5f7472d1ddfc76f9b5b117505ac0c591c313adc963e66f931a474db31d318,4c68b1e0fabc42cd4a6f96bd6c76d98cf4f0006fd26b630b66e91abfe9431216,open_r1_code_grpo,ef152b4879a8b4f423af5cdce5679678,,3807,3
3808,3429a22792931a90c3cce1e497feab50b55feceedf5183566f6fc71bd903a78d,c07efbed432e5bcc39a426310fc2fe5303c948acbdd0c1c8b45b32b6cdb1c1c4,open_r1_code_grpo,a2193d2360ac9159b6c1c9f6cbc93aa3,,3808,3
3809,53f32a1b13de38d1b9424a7f62d2ca66409c23eb03c55f8e917d370522f6fdb7,21cbb657d85f22daaafeced6e1882118841f99542a955a44ab44f97117098877,open_r1_code_grpo,a89fb5c152d770a3475a5ff841d5e43f,,3809,3
3810,1f460979aec06b8a38741ba6b71f3a16b1f92402916854654b981d99629c7c71,dfe6391d02230e0522eacd42d79b91f9cdb82cc2b2be85c1799075b861a9e73a,open_r1_code_grpo,7c0ca68db7fc08185068d96f6c1bafdb,,3810,3
3811,5b1b4ef67ef2c5cf8073cf4a5a0669273e02bc8f6f0d32125f2e6d0098b074f8,0827f2aa4f6d8f1757541e798145a308d7c2c10d1ae6d094b7b452d1547eafed,open_r1_code_grpo,d4b993697bacb78db25e03692e094523,,3811,3
3812,8ed2af9ade49fcc457950996d4569aed92c63f3601555892784d287de1468166,38ce2d0d0551bd302bb1cd18b3ea8b2cdd8d8ac5758bb9e99aed993127af7094,open_r1_code_grpo,15e9218200579c3f2e9e41c83529a4ff,,3812,3
3813,d5875c28d4d9c22594039745e0038ad4ab7b90445d9dd3ba2e33501e96a093d6,f28107e931d3f945d1f4b2ae02f558a2761b1f858ad01962e176999374ae1dce,open_r1_code_grpo,e8898fab88c406d5c4b6b895f57dc0a9,,3813,3
3814,dc953d019f3df5ae200aff495652a0e4fd79d229b57c54aaa853ac2b5de1b79f,d9864e86d900f457178386ddde2559730b78f4de782e49cfd5b1ccd659cf45bc,open_r1_code_grpo,1bb7c4d6ce40a687d0a14c947b38c7f2,,3814,3
3815,fbe57bc516d75672a789b017fabeba7dbc901b739412eb9d03638217544335e8,e906d05dda30e30c54b2ba1d4dc77f3fd5be5c8028126d4e8aaefb8c70050330,open_r1_code_grpo,8708b471d3fb25decef171fb82991d24,,3815,3
3816,5686fe43d3bc7d214e09ac4f6efe8efeab03961a522599c4653c8010084ae9a6,c79501622821f37f4e707c10aca7afad05647a9170be21ca1c22c80f7daea337,open_r1_code_grpo,3126802bdad1944d9c5a96c5fa975e8c,,3816,4
3817,6a94aa1020b884014713db9dbd82c990631e946b3c30558b8c650a66cce9dbf1,19aa74eec46c1cee1ded56b5433068b9f24cac844359cbef6f627ee80bd92435,open_r1_code_grpo,cbef8a4ff8cf482ffe7666004a65587c,,3817,4
3818,1d00290bd8edff2ad4dfd9f5a22e34a455a71c809c964dd394c0bb8a9f0b9834,766cfe9b6e82636398a2d19136b446fa14568a1d5aa7115b9aa7f55934a4cc12,open_r1_code_grpo,fbe16294c403226899aaa96db1a63b70,,3818,3
3819,79f8b634fb15df41a94dd619508941741a4756a5b0fb0caf420d1a8574a0dd3c,d1d11cc4d5f65b245c8ab56327f5d596df76bd4d553178e6238312bdfdcbd250,open_r1_code_grpo,242b5ed0333aea451c7ac5152462f117,,3819,4
3820,fac169002cacaaad7901197bd9ed1bf56cdf130f170518063b61e1d1e4ac30c6,daf2bc21133bda0dfc7107f64d3909ed8d86c72dc2d5f73d2257320e8ec59f2e,open_r1_code_grpo,279a33bfb9a170bc3475ea0e8118f9cb,,3820,4
3821,ceadc7e2c7fe623562de51869471a9a6d2a8efd0080ac39e71cf76e49ff7aed0,09bc053afcbfd825b286134295502e147d06b488d38d763c7fccb9f0964e87d4,open_r1_code_grpo,8ee0398b2768a84319782d930bef1b09,,3821,3
3822,f57831d1b491695aabf060f7412a23e7fffb17a4215d2ec7d46f3141ff46c82e,428ea1809e5c2e63469db826b2c6fcd71271fe179a70bfe4da3f2c9b5fbf5461,open_r1_code_grpo,34522c756275037da55d17004c673801,,3822,3
3823,2404a3655735b2cc82e5423b1b330238af349a5d094631c57ed997d02868abe4,edf00fc7959cb88e3c0fb516de1e7d8ee9d99437cdb87bd5c6d1f23f0e29041b,open_r1_code_grpo,800a5bf28a8f120d3b2651f9b8f166bb,,3823,4
3824,1b822d2e147827774f8ea4d626dd56f108486c9738ca979f0196963e4cfa6a05,5535d43ee05feeee66f8be6d01dd1062d8510b689608a800ed8488ef1b778ec7,open_r1_code_grpo,e3a8a07233d5c0a4921887b10be33ab1,,3824,4
3825,c2f3442fa70ee0834b3c38ec4382c9552a1b86070be277c35568c7d502800397,f5b14d2bc6c1246c6bffda70255e3410146bfc4de09a672dd38a37061d8f3f3d,open_r1_code_grpo,91848c9f89ef1b9b13e1840e3b3e96ac,,3825,3
3826,44dee4023aeb2c479922c6b06af8f2ecf1ec645821a21503bf0ad59ce87ff0af,2316879ddd4843780871041d89a33137fb1cf85565c4d4442e85c9aeb7f77874,open_r1_code_grpo,31c961d924665609d47fa2169d4ca25c,,3826,4
3827,e1fc762134af9708a59c249865603e708cb94fd82a473081d66ece04594a578d,c158d9b9a8009d3ab1985075e575000fae80a90f31befdc1ad79671a8a1d01ae,open_r1_code_grpo,b20d70631c349cd176e78c5249cfcca9,,3827,3
3828,7fc2974ab91539e706514eaacae79abb18e07610038e9b34076e714bb5a28286,f723ec017587b8033a8111409f4e5454140ddc87f1a5f9c3f45b3f99f8fc440b,open_r1_code_grpo,cd3620db468a65276e9f7ed7700d05fc,,3828,3
3829,3424cd69a6136fdd2c9892568c8f499708cbcdf015846e6f8c0d9121a6b4eb35,3ddd18ea1a7a93edb3de3f6c0fcb9660e532d2ec0079222d21b396e5a3a80a88,open_r1_code_grpo,7eecaf8ca3968b40d3526bc8501733fe,,3829,3
3830,fea22bbacaff03f14b8df98373c1478b202234bd981e4c1587fbdf765579981a,b55970e512f4ff6f773d1361c651f8cfff7b5d809c0adabb951b336cb5615902,open_r1_code_grpo,047042c4820f7b0585ae17f0675f4447,,3830,3
3831,dd592dbc2c29636f93044da0e515145be35098eaf40b51b643a1c19cc8626fc7,00a6e38b2564247478e6e539fc020b8679918d2b8e485c5e0b1c7808a3725b59,open_r1_code_grpo,d9a53ca7d5934db7cb8ec139bf1a403a,,3831,3
3832,5ef718d0ef2e5290d3b4e6843c55e4abdcae4dfb1bdfd7e9865d2cd84f332624,903e4b084c50d39dd7b343dfa9166719adb7da0c363288949cfb1d58259fc350,open_r1_code_grpo,18c56ba907e85557acd763d717b963c2,,3832,3
3833,d28a465f2565145f4b4c661212e2ab9bb466f7ffa297710720b90aec850f05bd,b1d4fe3e614b5f282af927bd7a6e3a34c24164191a2b106140ff8bd35fc00f58,open_r1_code_grpo,ca5ea1acd5120df5318624e760c3c70c,,3833,3
3834,c7cbd63c5019854f1a5a2afd16d1f619948473dd53872c93f4ddf6d0c3eeacb5,8702bd78dd9fb6116fda65a12d39d61ffc8e05fb1a338696646f07ba87a85e1c,open_r1_code_grpo,9b6613527d692a666f32b23d7ac67d94,,3834,4
3835,30a9392af24c866c9b28d1446a86ccd840132e87251141c24162c49623cb90c0,5c95f0dd2e823e67fdec0041b8b48a55ff2ec5c0bddbc1ca78b3dbbe4989a2b4,open_r1_code_grpo,9e0571e3e928483c52de7afdfacbadd1,,3835,3
3836,2383b66c29eaed4c604fe2a6e4dc3ff48877625196deb84cd86b979d10fa3303,80da07dc351aadd0f70e0a361ffeefb23d0fd6f3cd92fd3d4f2c62d689aa279c,open_r1_code_grpo,5f175d22eeef51aa0ddd2ac9424bd74a,,3836,4
3837,6eb6d147bc8d86173ab07f5c2aba3cc4c37aea6bb4d090925aa358bb9b339dc3,32f56a14486a3321db5a8f36cdc1f2524636a3fb7ff3c7ac5bfa578d96255a01,open_r1_code_grpo,de7976ccfb33a9fe22a36a5d513c3ed8,,3837,4
3838,b406a51b47a689bb3b6cde873e0aa20b0ad5ecf944a6e492e0630f9ef43baefd,f74e3319733ffcec34aa3cbf6990f34e261bed056c3a5920fb4b258e93a1642f,open_r1_code_grpo,68f42febb25bbb7f59b320e25e44dcea,,3838,3
3839,aa9651ee036feaca8774d5a05a97ed53fb3dc442be69a18a22e769580fa4745f,8c79cdd688bd61874b2be3792a9408c8a65a3a8138255409f8fb513568eac041,open_r1_code_grpo,7b4a7609eded1641aaca2e5ea21a8c0a,,3839,4
