rank,item_sha256,prompt_sha256,data_source,source_index,source_split,first_position,count
0,98d302fc683a81648dec68978da747503833d3f24e17c0a594f8f6d3a595d774,537c90b5d98dc82ba39ae7235aa9816fe80fa3f72cd5475cb5e03bf7e4103684,Light-R1-SFTData-stage2-3k,440,train,0,4
1,a29c9992383937acb0ec61ccca58d99d7d71f26d508a5ed16d95c708d784a291,15990088fd7f5f0466ca88f00ce72ec70c8de76b7a5a2d92603eff0c734ace61,Light-R1-SFTData-stage2-3k,3077,train,1,3
2,5c9665d4ce47dd5cfffd16c27f8a99363d411c120e086fc7bfc919821df99b3c,c43f782b67a2d320c8b599f704a1fceeff9d52dc014401f1cb9207b9fbfe38a8,Light-R1-SFTData-stage2-3k,2275,train,2,3
3,2720ac90188ce8ed0e4f6f3da817c564f52d1140ce412d49c7148397334e3f04,629ff61caeeff4d5d0d3fad98b95859e45e99259cdeb9dd8121bfd81cc5ae70a,Light-R1-SFTData-stage2-3k,837,train,3,3
4,5a4c52c917a6c5e947c4e6b0a5ae54e5003884240eb6cd4aed5b4b67c475df35,2bd09ccc7451b50de4c1786dc9d74ee9f382612f695dce8844114905e889534f,Light-R1-SFTData-stage2-3k,2447,train,4,3
5,14a4a85da74f3633262cb90a2dd49e18bdb873ae6feaac43fe76a20e9d8d6b1b,977b9e9569735aadb33f997e5cfcbee707b04baca90f68cb05168dc419532111,Light-R1-SFTData-stage2-3k,468,train,5,4
6,5f895b15466944694b055622b73188efaca87a6de446ad0b3d25a2e711d107c6,e62913b6be555861e52e71354bb1258e2c116e9ea57c450eb5dc22cfa872e165,Light-R1-SFTData-stage2-3k,2396,train,6,4
7,39a8aa8367c91643e0d369132cba07de3136a04dc718162fda9ba9a7a86dc2fc,d604f3fdfea9b0318269bb1a36559f4230bc3545025927a1e25969ae66938561,Light-R1-SFTData-stage2-3k,1723,train,7,4
8,46b6808cb999ad154115c9013057bc79ed7f51f9af111390701192d53fece812,0860f8f592cce430d3e0336a2eca0e648efaf8821e95903ee0ac691496d42f46,Light-R1-SFTData-stage2-3k,1346,train,8,4
9,7793bf8bb24d782f3c20775ecf60754d9760465d384417d3603ea3b37ed3cb0f,36ac9c7cd11b001bffb03bf233b61571b2a96bc112bdefa7f74cf8f31e045175,Light-R1-SFTData-stage2-3k,12,train,9,3
10,bfa07f26319e63cccd3afdc30ea4213ebb07b51350598323ba593894d76334f7,44e8e53ab9f7ad5fcf35fdc13c6181cc8dc882eaef052e4cd7bca57c2f20bf5f,Light-R1-SFTData-stage2-3k,1689,train,10,3
11,8814a10da7149c277ccbac1b20d44a37e294334a33b039a13fd19f2963beb949,8809e50bf2784d55c5724e39028e5ba6e1eb62e9a0b3f91783f18240c63b265c,Light-R1-SFTData-stage2-3k,1148,train,11,4
12,7bf729b06ddc6a4cf54f777247afd9c97483f69414d686aea69d7400fefac5e1,5ea1e323a7ace48243de9f9773a456c5db32b4b27e24c8209d29c7bc7867de9c,Light-R1-SFTData-stage2-3k,241,train,12,4
13,7156c400ba1925e1cf0a09034272aaa592587654c9cf44f1dbc9e1f390febae9,026007b5a4214011fc3582a4bbb2ef9229e199798fad49bc58a27825fb879c61,Light-R1-SFTData-stage2-3k,2454,train,13,4
14,5bbaf6742455fc7d682f2cba849c8bfdd0ca863d315f56f73ffabc846385685e,059ab5f768e8415c5db1ddf4ee6de0396853daedb15b3472f8f708c5796f7ff8,Light-R1-SFTData-stage2-3k,2270,train,14,3
15,8c58cea58c4acdbea0c2ad75b8a137c01882b15422e5ccd09257619513940dbc,ce83add865fa264cf33961cf8dec435826a3b7a46057f6eb2246cac4fb3a6d58,Light-R1-SFTData-stage2-3k,2049,train,15,3
16,434fce99266af8603795d0ff2b713dc6062677362990d07927f8e383181f8d2b,a2279cbeedb819f3210733d63e6b4ec73c0919d4172bd6ecb3001e1f758a5168,Light-R1-SFTData-stage2-3k,776,train,16,4
17,d9399a4ad5d16abe5d3446fa450f011a1bc60c3259175f6d96e39f7a651807a1,f0b0e44d4d391ee7a0a655bea468347a9d481e90478c2094c7a71d81af16941e,Light-R1-SFTData-stage2-3k,1669,train,17,4
18,e74b64b2028676d1b82ce1ac72163adc015aebcc43401670b9e688a29a2b2a22,c2419b6ae1a908dc73736dec036762d78c9ec41a27e028151d0daeceae24b839,Light-R1-SFTData-stage2-3k,2652,train,18,4
19,bc44f8282e84f0cab36a24c4876bf5ed1a8aeffe21d7be3250c1b04166eb699b,4a70f3850fcf91f9e3d08608a7ad29adc2df9fbf00b5fb73b4da9463a9ec8e0d,Light-R1-SFTData-stage2-3k,2334,train,19,4
20,f9c62b53ff9bc6a9fece41706c465d49ce7d31bc7549d8f00aaf0b7d93fb0af1,1b3b1e0452f525650351e67b0c7aa713bd92a310c7e2b873bf3f31c58a339813,Light-R1-SFTData-stage2-3k,2505,train,20,4
21,d2d87cc7c4beec77dbe59d4678b71fd039e44bd36c7794c74108d9b2acd8bba1,b2b06e2e68315770db3621d9eaf362e1388086c4053672a72e6db33f5e9be770,Light-R1-SFTData-stage2-3k,743,train,21,4
22,f01741a490695cd4e89250a5035a8e6b9e8303d9960bf0a9b75183371d247a76,c9fc92ae36ea502eaec9124a7503f55335381d3a231525b090b10ae23f26efa3,Light-R1-SFTData-stage2-3k,3458,train,22,3
23,0ff2da9e1af43a921c5ff4c2f1617616e6d751682c0e780fd834fde17963a57f,5ccc3f5b2756cef9707d7cdacfc2d79471ca82f7157dd3cd0ae73e3947e7f220,Light-R1-SFTData-stage2-3k,1330,train,23,3
24,c6001de3664b711323a28720246e0514943031f8ae7ae5978c89269d5b26ad08,27d288426e18f8a3aafda00a9b688a10a3357a6bf6772a3c08ebc84f4a90fa44,Light-R1-SFTData-stage2-3k,2554,train,24,4
25,0dce00cf14f3a47a8992d64109d4cd5945736472b5a00b669b43b897d9ccb402,9998c1f9718f31d46da59fa809377a7a7c59e250d493b643d0b93d006cc8c5e6,Light-R1-SFTData-stage2-3k,3040,train,25,3
26,574f4b28816e9e81c8eef67c26b410c254f044b299d881854af24057b7363c1c,5cda3faab649271efddedfc678d39599b1bc21c154d43d063d24008d229b5b7b,Light-R1-SFTData-stage2-3k,689,train,26,3
27,c0618c17defe3629de01cc15e29d7d93aaba441f0c6fdfb6042d647dd1d1a912,076be626561bc90799f0fb29fef48e323cf731ea866b2f5b6d48d5d6f6090be8,Light-R1-SFTData-stage2-3k,1108,train,27,4
28,ebcc2e6db31dfc3a19aafd549cd6bbda6b089288ab30df1ff29de48d5ec24bd8,cf248df17b1c65a3621ead6906a0a78407ed8934b975e616d6f9a8836ef8260d,Light-R1-SFTData-stage2-3k,3085,train,28,4
29,7ad8644527eadfde248bc1209d1151ca6d3f5c007ae7b2bf7a1944f1712b91b6,cb73c6db776739448f7928830c7851b37c6b14686cd2ae758a644d032e76e2b7,Light-R1-SFTData-stage2-3k,2414,train,29,3
30,d89a9709f133f394ce544092afcab7f8cf7ac8c5508a79843966e53d9e00d2ed,50926d0a0012e266a144de732e0f6983dd3230b2d6092890214c670671b1f274,Light-R1-SFTData-stage2-3k,3161,train,30,4
31,7c14e948dbfcd51c5960bfe22d149074e12523d0f3b50cc597c8ab752c510b51,52f36f9c8085d18a353d4e8fd921ffa540bfe016c15d32c9686f46b72150b160,Light-R1-SFTData-stage2-3k,2855,train,31,4
32,133ae747a04b90f8359e9af3563be3cfe668d6f5aa7b20d013b1fc887bdd7569,83d45b955bf603fc0a63f90f28b6a4275846c4dbc9ace253e5a554a65d2baa8e,Light-R1-SFTData-stage2-3k,1125,train,32,4
33,9050e5f619d44cc4bd6725145df5dbef6ff8671fd5edabd06a1866be14dbcbef,15836fb363f9450852b646f2b8ee92024c6f7d12d173529fb9144d396a42a8e4,Light-R1-SFTData-stage2-3k,2473,train,33,4
34,f3e86cf2c57352ceec19960bc86cec6eab052b0ee7b90635e0766744c3f6b1e9,10632ce05daac3688eef97a6e46f4d69fc862f8dcc0eddf94557a091c8affffc,Light-R1-SFTData-stage2-3k,1611,train,34,4
35,217cd7d80bae8c1d3cd3f5f0867a9b98b3e8ace0c354c5da17e12dbc88284522,e1e5630df1276d801916c233077f634a62c8828f559a0f3632b4ac66001f5c7a,Light-R1-SFTData-stage2-3k,358,train,35,4
36,3e580fd01ce4b73aa42ed95dd5083628930898afa5eb6ec9eca5fb1ca1d4d63e,12476046bdfbe48cf255f249fbfe30efb71678a54672de39468ef79aceb07481,Light-R1-SFTData-stage2-3k,501,train,36,3
37,503121c763b1fecd889229f802fbbfbee21d71eb611b1e78f7be195b714ff3bd,63a5e2aac878cd230dd06f63e8c42ca76affd45ca37946aba7cd92ecef3803ec,Light-R1-SFTData-stage2-3k,759,train,37,4
38,2807ae503ec2e9cbd3b1b364e4262f1a79165e785bfd12ee650cfe735d4dd1a1,e4668cb31ebaab558cb87d2fcf4fccd8e5b4f013c4850353031f435729c73f41,Light-R1-SFTData-stage2-3k,1654,train,38,4
39,059a47cf5651ba484f11b74ecbc8dac384e5193abbc793e2224a7f5637249c47,725085a202739255aaeb6ad87c11e1ffc2928007e11262cf8b90bb3bc2695811,Light-R1-SFTData-stage2-3k,1247,train,39,4
40,d6d906e0c2ff5f711c8c37fdc718ad9eb2e4a5d9283d881acf3c0db833d36fb0,edb5c1ff759a441abc89a1291e6db9a17b9688310c16f624f606fa19b877291b,Light-R1-SFTData-stage2-3k,2882,train,40,4
41,3d298993170e463e128a7afec2629f7b31b2fcc9593720ef0353a78162a00035,9023b4bbe26b43f60d629ca4cd37240eefe3afba0828e466d3a390a922e79cda,Light-R1-SFTData-stage2-3k,315,train,41,4
42,456ed874739dc4433eb4722a76537fc99eba596bb025112cdf09160d00360da3,44797b6671370a91dc3c05347835de7876f68d1d285e26dc3c484ca96e596c29,Light-R1-SFTData-stage2-3k,3216,train,42,3
43,90ca260f1b4797e15349d408665c50f9c03d6c06da204d5ccd7e9fc94d22e879,f8a56ea545969602b844d0bbb24477dc43c2763ff065a3f86a696022eb43661b,Light-R1-SFTData-stage2-3k,1936,train,43,3
44,b69f37ed6fefd6e185e86eb8c1ee339134853d46647d718ec21c39a33a81b008,ecb4208305a36acb1e6a6c771c9b37fb2df3904e607c073624a88c0f792b8e64,Light-R1-SFTData-stage2-3k,1800,train,44,4
45,b8c33f04b5432b93894f8b78ef2aed9a8577b1bd72bfb3dad0e5958d1ef7419c,0c6769336cc039c3d44b6b112aab0c81f56cf46a526a141ca9e96aacc7e81b74,Light-R1-SFTData-stage2-3k,1592,train,45,3
46,0cd9daf1e67d842ec59da387291bedd6db6dadb2a5c9f685b7dae6a4dfdf6540,13478acc432f135c14ac6ff32479964214df300a35015d12734d4c8aca6b9b31,Light-R1-SFTData-stage2-3k,3451,train,46,3
47,ec34fd69aae25a2cfc8186ddc491613c29a4aa0133a29ee5b1b17ea03b11e726,bf5260970c94e51c57cc09d034accf7a2c97ed72eb31306c0402d10c80a551f0,Light-R1-SFTData-stage2-3k,2297,train,47,3
48,b4ba707eb76e8a6f058c67782c6940b8e67fc3edc318bc409cca91467435e80c,c5aaf817f11950482c2944a9bf4f06b3778f99ca9a11a5ffcf2d3cc251761925,Light-R1-SFTData-stage2-3k,330,train,48,4
49,b59eee78c3dc9cd4e311e57451b7edbc45b1df95975a0893092f0ed298036402,c98e929d9260e1f4892587b0ced5bf553bc294dcb92b2796af9a721320292539,Light-R1-SFTData-stage2-3k,1782,train,49,4
50,2b6881c22c1f888d1b1268ba5f50ac00d5043baa671409bed9265ae0980a70ac,b67295f8e9feff293bdabc1fc3eacf0937db72297e863cd3858e807500e7fb19,Light-R1-SFTData-stage2-3k,1412,train,50,3
51,0e342e8f6653500705cac84ce4ec8dea92cc8e695ec0c572f1f0f18b9bc5c0f7,9857bfb0b28b0b583715df2700faa5f02eb4d61f8f2229e562e753f4f432debf,Light-R1-SFTData-stage2-3k,2030,train,51,3
52,5e11283f258427979d6190ccaf4a7cef841d6d1c4cd7abd846a289756994a232,f786c48f13d59572139c7834180f7cac6a1973d84d009fc98fd3d71efda8e2e4,Light-R1-SFTData-stage2-3k,2698,train,52,4
53,8f62063c4b6286c0428e7a4e61300a05146fec58b4bded5aa3579526fc042a90,012a029082570ef92b1794f413bdcf9c56b446aeee429c55a38d022f8967f051,Light-R1-SFTData-stage2-3k,437,train,53,3
54,dfc0346857272cc1112acb8fe05413c6166b4561c394bf9cf3994a4aefef16f3,e6f9659b6811749258b7602217a98220fdc36280f771b60adc2076c180a16497,Light-R1-SFTData-stage2-3k,1205,train,54,3
55,26bfab32b904b887a476736112aa0c24ff5d00e1d05c54bf34cd5aa67b2ea3db,9d9ba39718d94a0d6134e44f79f70781b6e15caccd708bbd92c58b6b13c81a37,Light-R1-SFTData-stage2-3k,955,train,55,4
56,d8c5df1980c7a0d997b74dc231c5bd91bb41baad694b8c5f85f95506d1e4fcd5,d7d71d3138f4f4b1087e9f83f64c9a8a27d02a767fdfef5575539681d996cf06,Light-R1-SFTData-stage2-3k,3199,train,56,3
57,ae661e14e764dfcb1eaa4005fa046bc2b924ef15f7ed83b5f2e8519f37b2f0ff,78c58f08a54ede7f2129406fbd7239c1414e77a6ec9324099eace39cb1931b15,Light-R1-SFTData-stage2-3k,3338,train,57,3
58,7183cce31b423198e77b68fdde064666f3e8c04c9e75626a8c7426b29a0e6366,d048e56738f0c943c98cd9c95450e052948cf641597a6a9bd950c035551b84aa,Light-R1-SFTData-stage2-3k,1183,train,58,4
59,d9149f096f53617ef2779338a2c316992b279562d4edbf35be18b31d673a6c69,3dbecdc9e2755aabf31c2ed5b908bc3a6d3dfe1cb3765d2a3823cdade835e8d8,Light-R1-SFTData-stage2-3k,669,train,59,4
60,d182623ce55dafc6b4f483b0a96daec7d3c8bcc4ce154b2141856d4f2dc19660,6449435d363c3c09581e85e57b08fddc4cb0f5614d20cdb708f543647fecdd70,Light-R1-SFTData-stage2-3k,2886,train,60,4
61,6de4596d6cb7802990829ddcc6dd591bbfa862ec978f5d560e9cfdfa80e6f5ba,c629df8d76d64fe160bd3613f81f8b0a76e458cc399d34681702905ba70bc2d6,Light-R1-SFTData-stage2-3k,2349,train,61,3
62,dc3b5d45bdf405eabf3dbbd4c2966590b567d3d11b3e524065d056f4c2064105,fba9476292d53e20ba0bf1919e48fa4d8c5bc481d6b10a47d047e1c571239bbb,Light-R1-SFTData-stage2-3k,3190,train,62,3
63,7c053b2b8671271c7ece79690303264e7b63f059ef020d6be792a3674429d158,0eeea0a96f4255ac4e07f2447953302805aa05c7f8209b333f6b1e1c54856ee3,Light-R1-SFTData-stage2-3k,395,train,63,4
64,b4dd6a250bca26a9b8ae0ee7f364a373a146de238d00104750d389e4cfb1db19,6347452cdc98202a0dc87fdde44e21fea9359f07d46b14a74404f68cb772590b,Light-R1-SFTData-stage2-3k,283,train,64,4
65,5d51e415e625cabfe0f641bd5b3a81dc2a39c5cae038e242b3241133ee1dc31b,902830b29b5ae6e876084698fc291050b90e5f848b98064d830b67174b6ba624,Light-R1-SFTData-stage2-3k,2603,train,65,4
66,6b924a70fec733b4aad4875491fe6ce68d190824a19cc9c459341c0b9b94f724,a8fe2118fa9f535e06b7fc0e97ecdc90c201e2070b712e6bf0103fbeadbaa882,Light-R1-SFTData-stage2-3k,1909,train,66,3
67,bedbf68375c9447bafc57ddc0f1499f6d972b3cc54f8f4d65628c08272431557,f5e5d6d6979a243492a5c2c307dfa9ecc333afc01652120aa03ce3f7aff811c2,Light-R1-SFTData-stage2-3k,2247,train,67,3
68,6bff2a0817fc86966e4997e1c01d1a9f7299565729f63157083ad4747f712d1a,8ced8b338d300ce0443df477b1846993aa89fc80157bb2fb36ecfeb277f9da8d,Light-R1-SFTData-stage2-3k,1242,train,68,3
69,bbf02651057f59c73dcc89c6ac74c57a68cb68a0dcedac2b14fec8e9b25b899c,4a4bc13790cea1f6d78cecd78353ea108bfcf9acf66370101d285df5f08dc958,Light-R1-SFTData-stage2-3k,1945,train,69,3
70,ecc16fcdef76d3f4a5e2b1d3b1a7eae93db779e75cfc6b8f0a85f947f6613423,6bc14e9704bee84bf08d37f4f1c5d4a47f75026812d53fd721aab83a3cc21059,Light-R1-SFTData-stage2-3k,1682,train,70,4
71,92011160fccd0a2aceb73f3d16d8308d919ddf8464110d018dcf38ea66cca0f5,e54f8278ef5f5705bb976f0d574284b68acbf6a9f0ce0022ed4640cb6a96982c,Light-R1-SFTData-stage2-3k,2187,train,71,4
72,028cc9de3fcb42e83a1195cc54b67f2c538acd16ce990b26f6937646041acf17,25a126d417519a071d2caeb794d1aef32ab8410293ea9ac9980dca094b0a2418,Light-R1-SFTData-stage2-3k,2912,train,72,4
73,19dfe1cde52885669d4c36990eebe150c71c0ed743759d004ec784ca9a47b518,21809a2cd934cd9382ffa4d0ce6ba4b10203aefbda797426b69f62d84619b45a,Light-R1-SFTData-stage2-3k,560,train,73,3
74,9f88603a09b812e09d59a9a33526207863fea645bff1b907d14829439c4d2c07,4f60d93b5226858a77db99ab9802eda180bfedea334e87b2277382793103aeaa,Light-R1-SFTData-stage2-3k,318,train,74,4
75,c337cd65d139afe36ffa2553a3e74800e6a882f5cb75046f5b95569568a6eb54,48dccd864478a36ada17c05f181cf4a056bf7cbffd57cd8ba1e70277a8219b5e,Light-R1-SFTData-stage2-3k,1400,train,75,4
76,6fadc64179ab94b103035f764685a5a5067e227235a452e2fc0d2a6f228686b4,224d30697347c1ecd859e2816d5cbe027906f52e3cb3d54faac2812d8ea0b7e8,Light-R1-SFTData-stage2-3k,635,train,76,4
77,3e9a9da58c7cf35ff8377f515764952475f82ee5adbc2a75ebec549e12d6fbbf,c055acbe351711dd5f32325bd90fb804d8c59261719f7b28fa8a4547b150ade6,Light-R1-SFTData-stage2-3k,2057,train,77,3
78,4e4577b505761f25287511e25d08ef6f3f392a1c4796be52935d9a6c8d433353,a85cb71a2f026ae67c845caeb99bad18efb2aa8954836933daf467d5b71f6430,Light-R1-SFTData-stage2-3k,385,train,78,4
79,a0d1de415b7317e2098a8d966d9e8622cd35b37c6b8576b6aa3648bef615e1b1,4b74692256d94dadf760447f536efee2a4a51b2fd9013da4c8144d9470098bd1,Light-R1-SFTData-stage2-3k,2416,train,79,3
80,f4cc88f8cd9ac46cfb029d8f22f461b31a37c2f3e6dc5d173099910fd4fb4328,3eb2aa3cd58233d85b73db8dadb16750e40da5da72aef6dbeac377a5b279fcd0,Light-R1-SFTData-stage2-3k,1206,train,80,4
81,13a94549e9e4f94f96b72b9fa2ade2e388985ccff98a512cc24b2eda9e12b0c7,cb44b119b9b7831972beb071320fb7750fd7243801ea90cf22b9d3f76b04d90c,Light-R1-SFTData-stage2-3k,3117,train,81,4
82,cf777d74fabd4b395ace38afaf749475f400a5226fe3d07a3883026337eb51be,46199067b4275c7df978ea1b7561d16b6891eab46a1fc440cd10df7f63cc890d,Light-R1-SFTData-stage2-3k,253,train,82,4
83,d633d02cc43d83564efcc7c8985df34280ab625db4c0309594905bc4ca217d7b,1541a8377abded1b5f0ce3726130451dfc3c2c7394de56d4ee9a7c06969105fd,Light-R1-SFTData-stage2-3k,1861,train,83,4
84,2c36965abf4dd5680a1fb606747bb59b4af2a3a091956f7f5dcc567c5a621a94,6ef32ab50be1d07251d0bebcf632bdbc9caf14899ae6fd5d572b5a9262866097,Light-R1-SFTData-stage2-3k,3254,train,84,4
85,fb65bce7f7ba3e5cd81f1f639d95e578cbcde7d29bfff16fc1830e672c127cfd,d89cc8a39f93859940cd6f21c58dd377c08da8015c419f1e12a5a3b31266808b,Light-R1-SFTData-stage2-3k,1079,train,85,3
86,e3258b2c41b3d8511b0cb30462f25fc93648dc7f06269672c65458235d47c5ab,3875297bd86cfba367bf7a29108022ebe14cd9417be464443243e9c4e55aa926,Light-R1-SFTData-stage2-3k,974,train,86,3
87,c18bff2202c25aeb1659876cda8eb90aedea3eb427e42fad23980f3f73df37db,6d1e98ad071c04084378236d903c5d3a6a834fb6a3ed478ddec23bbf0bedab92,Light-R1-SFTData-stage2-3k,1766,train,87,4
88,f4c9a037b04134917d5101cfc198f58463a22464bef3ec6e4b990629098c091f,7d08640a49fdfd3af10709f5fb090e9142d36f41560ef6a4571f385c95a91d26,Light-R1-SFTData-stage2-3k,1392,train,88,3
89,e6751d91619b9c6ea221773a2968563813fbd29b66c7eb873f0c666088d5fd49,729d50039cea416849822ecd6f7c411a2f7dbeba4515447680cc660856e1b04d,Light-R1-SFTData-stage2-3k,2127,train,89,4
90,1e7bd0db2e43fe7f390a61c2359ba83d056a584f40f29885fd3576c1c328e92a,1d76390d4c995a38e839996b1d4486c97319bebe824afa7bbfdfa7252ddf5fc7,Light-R1-SFTData-stage2-3k,2678,train,90,4
91,df35fdea10eb3df3f1a266f257664814ae1f6814e543a3522b11b5b3bc44370f,1570974b16b62a2c7c663035ba2d95f13a41f066f4bdb4894d7d3b86b2230223,Light-R1-SFTData-stage2-3k,1165,train,91,4
92,7e8d6e954e33d938049c98e9631827238fffb2ac31dc6add13dad407e1b00d2e,7fe3fbd74564906b9252a6b5af6747d667c669a0aa580e3d39a9aa913eb197b0,Light-R1-SFTData-stage2-3k,3330,train,92,3
93,e2401ab80c1853257f2be2fbb90d8813bdb97512463bf7e0b335a56df0e32ae3,18a890902466dba6204c263640ad4658263c4f6fe7112aa87351a14ba9b342e6,Light-R1-SFTData-stage2-3k,2596,train,93,4
94,3ee2047c023f32bbe59140424b5dec1f5a4cd3431c435c7ce9decb629e3841b3,02a4f6ce536af72b66a3a3b84724fcfe0b79f8c00250b1d4443c2e2053cd7f47,Light-R1-SFTData-stage2-3k,1805,train,94,3
95,c62c4a9c84816201ad1c87c4c078a176110c93f418313afaba0f0597b3dbcc44,106050be98da64da3b7680d0eb30ad5def0fcc6c661bf08cf3083ebc41835812,Light-R1-SFTData-stage2-3k,2976,train,95,4
96,4884ba4f2cd1685ea86f24d5b677470ae6780ac384fdc812339e6eb4448d3027,0bcbc85f7a2df9aa20d20e34eb0d2640157baf1ad240369f8f26f70b47969eb5,Light-R1-SFTData-stage2-3k,1804,train,96,4
97,ed954d51f30a5b58b268101d23a9569a508df28fffa6e98536593341ac950517,8b0fef0bb1146cd0e1e476fb3e2e0e2bcef138b2a38f62622d9f16f707b89856,Light-R1-SFTData-stage2-3k,2925,train,97,4
98,ac4b154b32cd694d4fb85f109f97e9296355efe06a4b4a678d8bb11b3315b253,06fdc2e7e0153f3ccdeb79229d940cdc39e2de4a76f88728aaea86e5589b0189,Light-R1-SFTData-stage2-3k,1,train,98,4
99,e1b0070ad66c91937dd96f36363010ad0afcb9020f0bb15fe731b844144b3f0e,35b8bf46c73bd046515c3822d8a7ba4ca24c6d9cfd8113cc7fc775bb21db6202,Light-R1-SFTData-stage2-3k,3261,train,99,4
100,565b65e7d5899553507ff963bb96b2c33cd5df6a0f58542661998cbdf9ef8a3b,3a4a5a3ed077536782c44fe2fa99af26fcd6fdbab0a2e1b274dda6a1f0670343,Light-R1-SFTData-stage2-3k,1472,train,100,3
101,7a49906eb8e55d76f4a9d93e8d2631c96b6a7747ca0a82c8cc57c2835ce27371,be366dc0393fad8898f990e65097a1313f7a84e7e0a727c375e6c507f83e6438,Light-R1-SFTData-stage2-3k,3318,train,101,3
102,778265456373ed04bc4578e3e15b7662a7771a86e623e3644cd9fc484fd5edff,012e94bd581f31c545cca1cfe94572f74c831ac1cbc49559ae5e17b1b7142daa,Light-R1-SFTData-stage2-3k,3129,train,102,4
103,e719e0df9fd9b9adc3c56f67825d04b33875ede27ee7de4fa0c377dbbffd85ee,74cbf5759dc55b9d543b7f4bc4479101db04fce9bc443f477b49d8ea2e769376,Light-R1-SFTData-stage2-3k,1585,train,103,4
104,33231e3b3b74cd319cf82b5c656740aa46217c4fce5d7380ed917dde3a591151,6714a4984635f0a7bebecfa5eeda984a4fe56fe9ddfa6bfe7dd20ebd8a09fc21,Light-R1-SFTData-stage2-3k,1989,train,104,4
105,4dba0e30a2d11fc731ac87022c404a2378edc65d981a0db30bef98f8518947e5,b183d5f4c6097428ce95287bd20e3c6ce1cff9dbd080d7972072e45874c5f2a8,Light-R1-SFTData-stage2-3k,2259,train,105,4
106,5355532523ff5b6f8bde4714b778dff522a120ebc6a2b8261542fec4e41682ea,ea23b2b10f530011367b9ae812bc969ba1b85c2dd6753743f1075987da67d481,Light-R1-SFTData-stage2-3k,928,train,106,3
107,5672a3c48bd26f7318ba6a914db6623346387788eee42f3ad4d9b73b8d0c9e39,1403ffc9b3866f311bd74640b30987798a2628614c09a120769ef6c26b276242,Light-R1-SFTData-stage2-3k,891,train,107,4
108,c7a29e43fdd1ddcd82cedc12c62b69ebed47c109e89a9aa74d27eb7987729f75,0ba366dac2f210b34a0dbdbce65c251f7e13d03a186b6c4da17eb9a56667e722,Light-R1-SFTData-stage2-3k,3304,train,108,3
109,27a770d24597c657f5e0c20a5261dc080c2615e3edd06de4df7d3632f78c39b8,13518d8e3170008010e5bad0f917d324523661daa1cdb8efb9745bbb815ef4b3,Light-R1-SFTData-stage2-3k,3222,train,109,4
110,c2b80a754c8cdc278aa456953eb0e78089c958e46caa9be62978aa9622ff8426,6036bb8f26fee6a903a34a3f8ff7f2dafbbefd0cb6209fd944ce59ca2f2a3937,Light-R1-SFTData-stage2-3k,2715,train,110,4
111,677daaaa911ee8227d9eb67b6e0adeb224183bd3698586ffe5a547affbc479d0,ee811091730abb4db7596865c372d4dea802f25b117cb3039e590d6eef3f027b,Light-R1-SFTData-stage2-3k,3484,train,111,4
112,9a1d8b95943dc2e61d8687c7607bae33c4be88ddad15d774fd207305f5600b48,8b8910a6a04a576869cefb7a9a17b8fd7d83dac8e5bec06804f25490fa1bc32d,Light-R1-SFTData-stage2-3k,1714,train,112,4
113,61b394e6101b3b0f64a743d2e1c56a17b8d1c623f84123f2ad60753bdc39545a,c90609e4e52055c3c3b32bd0f83716896933b07b3b8ac11f026daae69b143f4f,Light-R1-SFTData-stage2-3k,1166,train,113,3
114,17d6c4ba4f5403c076f43d3bbbb6bd2c41df02de05220861fbe2f939e4a2b3c5,685ce41c9717be7b5f228e4dbd63b92f04731c6ca455e4765e96ccd03165c990,Light-R1-SFTData-stage2-3k,2410,train,114,4
115,0240d91c2b75131c8adc42586448054b74ada2178f6f97b69010181777029256,9c702aa806a047fd12a9d85b6ca035be11cca66f66c3537162ba0cfb8a1a0255,Light-R1-SFTData-stage2-3k,873,train,115,3
116,735dddfc4751d026e032a21d8d6bf973c3a2cc61b97daa673e99444e9a4e54c9,5d245b4abaefa6a15e6111bd24ac0238ddbfc1fde1f47ce9036bd064055805c0,Light-R1-SFTData-stage2-3k,169,train,116,3
117,abdd5ae6362ff5b29ac593cbd391f2891f0f2fa1eee0b531776d98a364cbabac,34a763dab7d3858ed0dcf99ba84acbf6024ce509372b35eac60f107bc7560523,Light-R1-SFTData-stage2-3k,3350,train,117,3
118,0997bd2919c1f153a7eb8f514b1db13d3c01424118f7e8944360ccd3e25e2467,c96631e4bd639ebf9861b042a3565aa73dcf6c7108ea48f80a9279a591e89df5,Light-R1-SFTData-stage2-3k,932,train,118,4
119,394f52e0818818c9781b68dac73fbd4862476f87a95d6fe011d6d61f47e8dfd6,491239357ffcc7fc773376bbf09f740463ce82f83c55627ad3e6c8badd60e55c,Light-R1-SFTData-stage2-3k,970,train,119,4
120,1b73814bb64cafec7b79806385da060afdccc7c78de5e880988ed073eb4c5a3a,09ba768424e3a56fedaa31d088ad137c63bb98c2ee209686f3b46a5d1c932167,Light-R1-SFTData-stage2-3k,1973,train,120,4
121,171575dc0732291c9c1fc012b8179b0a1fbeaf231f7e212980edb6425ade84cb,7e304b5b5dc4e630be4d315dc508ae91e8ba3330d9a6d6fe331116d25b3d3241,Light-R1-SFTData-stage2-3k,1893,train,121,4
122,95ad59586bea668c593e1771371da56c6e972de4121f26f7972d6fabaa1a4dc3,695d9e92b9de481e4bc66d009eebe85e4100775316fde718e45beffee27f5c11,Light-R1-SFTData-stage2-3k,782,train,122,3
123,a915e2d4198cdd2901a3eb76bd43a3c4b77af5332025f9ba5f6a82d19e396b3c,f3a5d146935b0534a2b5cf1639b244184edac44eb681c1f6589a9ca07f0cecce,Light-R1-SFTData-stage2-3k,2304,train,123,3
124,248fe01512e441aa5767007edf3f7ee37a33bf8adb71035cf1e0bc5e43227871,1ac7021ec2694284b1e2aa1c3f3210662abaaaa7c07f9aa555b11956bba99b45,Light-R1-SFTData-stage2-3k,968,train,124,4
125,d14f3584f66c8761f5d4c27c12523031ae782c075be43a0d7312addd32404124,c3258655ee2e0dd217b42c2066e10c84e179ba5e6755c9f5fcc456140480065a,Light-R1-SFTData-stage2-3k,2041,train,125,3
126,309afbcce96fb45b4ccdfb26db032d9503123aee3d49eefb954c6df16b8d6ad5,d7ca05330e0ff8fc23aad9d4f7d2cc6424aa09ae68bf7f2e67638bf0509662fd,Light-R1-SFTData-stage2-3k,3303,train,126,4
127,6fbcc4b6b7442ca2d709d441e897cbf50c52b1211e375a3f29a44f3a0522ce5a,9ea077bf9b7b51a35c86f4e94f68354a75409020c16460c3635fc3dfb8891b27,Light-R1-SFTData-stage2-3k,1041,train,127,4
128,350e96bd300a160b0844986908f3c50719fda9c9c66907337ed2fa4fd1a04b15,f8defac8e2c4f128f3e6d81b1a880422e5f6960f951c46377f052eec493469ad,Light-R1-SFTData-stage2-3k,489,train,128,3
129,b76cc48b3208b0a24d3b3b9557d228f972dea8f86b71b7f102ca555c0c6cbc68,60dd8eb5476c92ac8fd27f3b48054dd5f55213a6293607de1eff82ee98fa7b84,Light-R1-SFTData-stage2-3k,548,train,129,3
130,c23c86cf9e0fc95e7453366ccacdd12025e4d4daf38f0e7103c0a373285e2de7,4af15407cf88e331beba71443cb95663636490609b27f5a0eeea3421f7a074ab,Light-R1-SFTData-stage2-3k,2958,train,130,3
131,e291729f26084428eacd220b71d05126d97aeaf95c1ecef372dd7e69792abd2f,9f36ad4e362ac4f87c65f597562426e54f4a94cfb0e7cf5cf69fb533aab44f2f,Light-R1-SFTData-stage2-3k,2537,train,131,3
132,746ff582ec3f54a57e443668182af271dc17e56e46d4d372ebcadcadd74e472f,b71ad23bd0b056bf685fd9c4df8f6229e147f8cf8269b96aafdc5108a522ad83,Light-R1-SFTData-stage2-3k,3054,train,132,3
133,ab7cad849b01ea16bb173b5ecf114f28348a3a38cb82ef2021d9d4acd487be4d,c725a020da8e6ff9d909bbf2789928a1d27a2f6488e0c9d7af995d146d22115d,Light-R1-SFTData-stage2-3k,898,train,133,4
134,2fe20b79e0a819af63db4312c3a5dc0663b9fc894c6bd2c1bd5f6bad8825685b,0427a502dbd7d52de7799d4d55b77857793137287a56dc0e04c4c1afb3ee7836,Light-R1-SFTData-stage2-3k,2015,train,134,4
135,3f4bdf1acdb9c024a623f3cec8bc5d60f4b117d51760433c76cacd1f79a4d216,13ba376d2a5291159b4d7341bd91161ab98bafbed5c4ddce60f629535aff9a4c,Light-R1-SFTData-stage2-3k,3343,train,135,4
136,7df04e9be108aeb772803f6adfd7e21c9e803cf384bf69732adfbee9df3a6d37,8431b93892db71b0514edbdf07b694b7d6997138352f0f94701dc4c1fb5975ee,Light-R1-SFTData-stage2-3k,2691,train,136,3
137,23f8c9d7506e55bbbaa4397467cdeaa717653141a1c69fe4ec08db26322be629,3b7801d72440d82fa4e6646df28abdee3876cab46c53d747ae63a491232d838e,Light-R1-SFTData-stage2-3k,2385,train,137,4
138,89b7ed4fcb7df85462709b6cff131967723152983c11853209c2f468bb59b2ac,65d4e8807ca3bdbd52aad94ccd1ca8642812fc76931688fd3893ab62ee2204a4,Light-R1-SFTData-stage2-3k,971,train,138,4
139,3e45231619de784c1df2e83d07d49f19177569d79eafac6908126e5717e389e9,3a529691057e0137d314e86e37fe92a5a73ce939209b4a2d122b577fe6a08c84,Light-R1-SFTData-stage2-3k,190,train,139,4
140,75fb6f66c2f71974cd73c8a6b2a37d0ea79b5ecb51570e37c6161b69f912aabe,de6bd1dc5e1142ae209b93a6e740f303a11f34652148d594c7b2fc17ba81bfa8,Light-R1-SFTData-stage2-3k,2120,train,140,3
141,673d22b4059a6b0352e6c8996465c8cf43d83b72f0d5362717883110423f4982,253ab2d4fe907a8cd3f9abc61e9ec1ccfbbd04dc2ceba782995e41cb392e57c2,Light-R1-SFTData-stage2-3k,1905,train,141,3
142,c7acf573572e346035a67d3190a484b972962edc3fe46aa393cf9aca3b1e499d,09ae97988c9334f7b3437381fd8668cbe21600bdaa4321d189ae8f26d2675e89,Light-R1-SFTData-stage2-3k,2004,train,142,3
143,522741e8b4ce0ff5d1b85ac34ef6051c70fd8ac718c4d8e9e55ee539c118244f,69eac5ab57abf95eb68dcbd7bd48f3e1826860b77b4c601f245b9e60a47e6f5d,Light-R1-SFTData-stage2-3k,2325,train,143,4
144,6588918cb88849349cd086814e69eeab4d6de186da6c89c6f5c1bf6bf523fa1e,f9c7ca8690005dc9c24072aa3e6386b2a6f93bca84ac5b50edd2ec58220a17d3,Light-R1-SFTData-stage2-3k,79,train,144,4
145,bcc089ea1f63875c36fa1f1809d10ac5c30c28dd7c5840df9c58ee5a99314665,3b73d0b1c3773452f51d3cfb6c7621601855b09e8d3d2df9ebd102f2abee7e92,Light-R1-SFTData-stage2-3k,3140,train,145,3
146,724281a2de8c5be0f3e3653608da55d00f9f5854a78f518d9626d5a2565a30ec,9a8ba419855c05fda16bdc1b5699163ee16deabf207a463d059d202a8585c202,Light-R1-SFTData-stage2-3k,1196,train,146,4
147,d3c4a51f3bf99603ab35df17603eb0e3de02e42a8432305cef8558f764317bc4,63abc5006668adbcfcae9e57fe0c461532bee7447015a577d5182e44d917c8e2,Light-R1-SFTData-stage2-3k,3513,train,147,4
148,fdde5718732b2948076ec2d8c6125f3e44bc8c8689b2fc53a19b4e3624046125,3b7ffb816e6295181ebfcaae43a8383a81a16bf26ee9995cd92905fee0fd8788,Light-R1-SFTData-stage2-3k,1254,train,148,4
149,8997a291c93dd416508fb877f34f98978b6fc76fcc7fc084bab8d143d0db6ddb,6ff202fbe0f135253ce8ca1d3de994289cf59c5ba7b04d0ebe0aaacb88704a8b,Light-R1-SFTData-stage2-3k,1239,train,149,3
150,f2865d4d2102fda74b6acf8dee0cfb8314044474aee623da6505b92d52b66f51,a3e1d613ecc7759bb8b444b4b56f8147ce8e5959628610e7ca2dfb49d467fcd3,Light-R1-SFTData-stage2-3k,2710,train,150,4
151,73ebc9b7120f6a8f40ab50eaab77aad5f62926cd912aff88205170de8e1eb539,e38663c5f7fc4cea13f2c8a03aac27d5e42096d5d8b410304f21648c1a475c8b,Light-R1-SFTData-stage2-3k,1142,train,151,3
152,84e70a272cb93f602e5f1f0d3dc2e2da1c7bc61d63d988fff2b0cb622e6a6e56,958c6e2394949d58eddac74bd48698f5cbc4a3baaf5c2a70941b9bd05230b718,Light-R1-SFTData-stage2-3k,3286,train,152,3
153,d8e342df86dd2642094bde7500a5d17e6c017f7e672979ec41337791bad5d0a8,bb768cf1622ec70e6bd30c2c158a5cebb03fca37fc6dc83df8dcd37b6b92bc15,Light-R1-SFTData-stage2-3k,404,train,153,4
154,d146c98aa0b1930f4f0b079060ccaa8373aca58d03f69dc9d8517805b810f33a,bd84fea4c0e437619d942cd29afa5cdd1f01851157b4c56b65bafd43089cccf3,Light-R1-SFTData-stage2-3k,2261,train,154,3
155,46cdfb9f80a62acc0deffc732323291a18ac733a149474e37aec3fef99cc9186,4567a045d34adda496afbdb22a5c3b481746cb2e9c3fe6a0bcf025be88fe6b8c,Light-R1-SFTData-stage2-3k,2350,train,155,4
156,f9093d59ff4a5caaecd19dd9d34035e50bdbf660e4fe1b832a3edc82e7ea821e,32807b9dcd9f43539c08650a5ef2ee6a0e0c08c8d7f1490b78ba765726061066,Light-R1-SFTData-stage2-3k,3460,train,156,3
157,52d30217d1bd43e992b31c1c17db21baa979edfe6b9cb04a0ab08e70480a2a27,eb742a7a279272edda59658ef482ac6a60dfc7b0bd0c493e245a615fd8f921d2,Light-R1-SFTData-stage2-3k,3223,train,157,4
158,0a1c5ad74c39724a8fa81e4c03163f45dc93e1ddbebec7fcc6470e3032db8681,0b7fd8c8616ce2653f16e865607f07510f418b179cdf85fa14ac52873c887f4e,Light-R1-SFTData-stage2-3k,2899,train,158,4
159,f90bb1abe64e58f26520f47f88c41932ef7b8e103d6bd683c077a98df7bfe2c2,37cd264b9375c0108d980030d57ea3bdda7b3ce938e2edbe85ba68fc37562b79,Light-R1-SFTData-stage2-3k,1080,train,159,3
160,ba8de7f260993bf13f6ee458994b35eaa4db74df0ef9381f8e878b728b9dd1fa,1a361911af0dbf675b8200a50a312f96b88649815a338018a289ef424dc71f9c,Light-R1-SFTData-stage2-3k,2121,train,160,4
161,40a366131d5834f7c052a24483fd155f91f26b8a0a3cf910eeb6831f1ffa4a42,2b40d61afb5ee65f9cd05fdb3b5e3f4024ea3fc68be89579e444e0731d6be812,Light-R1-SFTData-stage2-3k,569,train,161,3
162,893ba34b99606ec7540f052581b3c6f5fc075dc63f574ece4d2919a3e38bf849,c6f8c12bdf354ab39595aa7837b0dd7b85fc4e6f0f6f508c45ad9586992770ac,Light-R1-SFTData-stage2-3k,327,train,162,4
163,838a99a40f92fc1596f37a20ff3db4acef31a5020ea4a846763beb997d846167,83349a3bff5a628669c1e28d9a9654f3b03581c6c5322ac73ba429abd91211b6,Light-R1-SFTData-stage2-3k,3170,train,163,3
164,044a911242bc76e27b3b1b3cc3101d9e35cbe259ea0623433da34b29a2846ea9,b1525898288b7ec817486df96c2d5fed609813d262cfba4bb7c91f34ef9541d9,Light-R1-SFTData-stage2-3k,530,train,164,4
165,d00763a7761f55a9830eac12588d1133e765990d983a925bf0a57f766995d632,88d618853cd028ded0b449f468f2f1dcccd0c4331cf016d6f762cdc5d599bf13,Light-R1-SFTData-stage2-3k,3336,train,165,4
166,b4ec24dbe6fd40f3f2eb5cb572716f661b20e376727ef24d261bc4ba9732f639,157b537db3d50dd650b3918e047daa9588f06515bd417679baeedfa0c9de3080,Light-R1-SFTData-stage2-3k,3228,train,166,3
167,dea511e2722bad6313fdbb25dffa335a3c74f2046393f2579529aeb17c29fa34,e056a70a48c27fd490fa0d6da3d827bcd68acbd2453e6fdf66bffadc66bc0e1d,Light-R1-SFTData-stage2-3k,778,train,167,4
168,f152138e3730c87613412c8e2f478a04aad150d234208145ed9eee5a3f7dea5b,696bb7e44a51466606ee77e69584b1d1bce61a248632f85912c5b37d3b3ca220,Light-R1-SFTData-stage2-3k,496,train,168,4
169,e9f6864510b9a7dfda8bff6a20ee526a76f85d3ad2cb531ccd2a81c487225e79,c256058ffd448cb65e710d0eb8a059f991781286591f1cde20adbd529d9fd114,Light-R1-SFTData-stage2-3k,2766,train,169,3
170,69aaa035b6eef12055c97eeb75235921981ca2db686f7d8f53cee684fe518062,2ee441003227784700b0faf10ff5d2718be07b54dfbaad2c4fe83ee756ee4abb,Light-R1-SFTData-stage2-3k,886,train,170,3
171,526a2eaa5dc10e51ddaf68932c550eb32359dfdfdb7405361e46a180a5c29343,a9f7c2b2bba20d0080e8888888ee7f3c23f0d25d977471a571545c588fafe320,Light-R1-SFTData-stage2-3k,3335,train,171,4
172,6bcd9a2bf05d94e589e28d11e1ee9a192a354c14890e2680d286f555e91f3ad4,8bdbb0a80fe87981f4cc5b152bce455053dbafcf150524f0c78a7f89a8db0119,Light-R1-SFTData-stage2-3k,125,train,172,3
173,954a2dca27712aa55e00b9fbb4062e2cae18ea21e2059e8361985a1ab951915a,891c2886e467ca52a20d462a9b7d1a3b721b8c5bdcdc7043c60cbe47c91f1ae9,Light-R1-SFTData-stage2-3k,3378,train,173,3
174,92dd7dec054327695060cdc7a0dd1d1cfd00a877917c696092da9d61b69c2afa,25724d20ba955bf545878ec813e84fe5b37124270b08240acd2fb993f55c4264,Light-R1-SFTData-stage2-3k,1311,train,174,4
175,28158caf19155f20c5baf96eab7be84b6cbccc5ba01f7819511f539f35a9b7cb,542ee8715241957a67db569ac36e23a4314a8c01e159102f02a445d78ef47e0d,Light-R1-SFTData-stage2-3k,3483,train,175,3
176,875969f29a9156622710fce8f4c313ba50dac1e2c9590f430429d4b6d2ade570,6b0eec01a7435ced2924ac9a67b24c0a6b1ca1d8f886091968f9abb73ab0022b,Light-R1-SFTData-stage2-3k,2371,train,176,3
177,2403abcad567c9733c7f9796d098dc9369b8f9f8153b0a323d05ea203d03e8a1,b91ae275cca80c651c207fbd0df56f95dfd98652eb560b1994cb18ad8cf61080,Light-R1-SFTData-stage2-3k,3518,train,177,3
178,428d41b7ecc3c2382f674a12458257c51fd30f601685d57d5a4ca5e33c1c9351,50dc8a2829be959a4605c19491890b46abf10994b8bfd88859da3b4a2c1a9f09,Light-R1-SFTData-stage2-3k,3195,train,178,3
179,d59662f8075d8f43c52f43b5c5939667b8613e04f814bac31b045dcd51efebf7,36f0d0f08c3656a84b86b43e959705112f87183615ff1198a4e0d2503464acb2,Light-R1-SFTData-stage2-3k,3308,train,179,3
180,71882a2ad1ad8ce77ef8ecdadf7ab7eef111eae3e82eb0d0c941c2aeff23e63c,ca38e306a8851e8f1fbd6d172fcc433a1fe9cdcec6aa0538a5eb6b4025463652,Light-R1-SFTData-stage2-3k,2010,train,180,4
181,dfd2e959368ffe39dd20663691b6d5edcab275b4510e9413fef4d4610769035c,20e73f7159db7b4b76e042679c4faac0e1a1d99f1665cbe269b0cc264ba8c845,Light-R1-SFTData-stage2-3k,3316,train,181,4
182,8a7c80663f0b2f7774f58f2d27d3b1573ef7acb6e29a268e7c5a9f90b51e13e3,c612ed592daa8a7f5c048649ae2dd69952d0972c2d54f8621f8b029080cea979,Light-R1-SFTData-stage2-3k,430,train,182,4
183,4505388d3fb3dd42389738cbef31e09f01eda16a36f05e0bd5cb7b29fc5abd57,df4c78a458544dd206587b2e7f84d176ae6150a72cbd9cf4231bbbc472bf3aee,Light-R1-SFTData-stage2-3k,2512,train,183,4
184,f097780050b0cd84e98a9e163cef4cc4ebe1b61213754828cdcc8148af3d8df5,dadd9dc5f15f2ab05cd4f8dda3740ce9291cdc7c9e2671b6a8f0dcb2cf77dfae,Light-R1-SFTData-stage2-3k,2586,train,184,3
185,19fe9b47dc210e6407c985cd552cfdb913605ff0de57c9ab35bae18e068ec241,e1f10937145fb52d26d62b7dafb0a5458c72a7f1304f4df3ee37df688efa569d,Light-R1-SFTData-stage2-3k,1212,train,185,4
186,dc203f57fc32b2518bdabaa3e043a268ad4aedba6906f615bca113e1dd7eb8c7,955551aa68c2e16cb76fb9108b3a94158ca61359e67e346c1a6f1a50c0e91db4,Light-R1-SFTData-stage2-3k,130,train,186,3
187,9981371b8107ca654a1370c5882bf4c1948db737a341587da01519603763c018,4019f5c06ea4f11f9c76df4101c9288ab346f63ef185f4e5587dd7eab0fdd1b8,Light-R1-SFTData-stage2-3k,681,train,187,4
188,8d07f03007dc9b1e355ce98e987b7072a1fc1859b9dd51420c8817db8012c35b,70786619fb9ba18e6ce2fa60bcb4c2c8f1b3f28fea98c8ede3be1b2983603191,Light-R1-SFTData-stage2-3k,2725,train,188,4
189,119d516cc987e5814dfc9a03040ae9d752bdfb01df86b17c37e9367a45ae16c6,9c1ea7f4df7c7e08f678dda2eec775292984223ba7a3ad944e1b9cb5d0f9fa85,Light-R1-SFTData-stage2-3k,1492,train,189,4
190,5a7829dfce4dfe5bf99bd2c7c9def8adb257b216d715e2d8f4f6d635ada27f33,b253403b187475c31285759fef9b71a6ddddf44080b4ebe4efa54e8f4db8d20e,Light-R1-SFTData-stage2-3k,510,train,190,4
191,81ceb27385e755c1b8e764177a119fb220ae5b87c5425182832ef89ac3391efd,2b217d6644b8ac5785a0ec761e354f17d4f7a97e691bde094d61453f680d2614,Light-R1-SFTData-stage2-3k,1691,train,191,3
192,feda7637e06b6c74c715f89b19308f7119d6a6ace00021f3eb99b3b8f5177ce7,2fb24b6dec464691f571842c6a40249e757d1d5a079fd2f8bfc1e1efef6791d8,Light-R1-SFTData-stage2-3k,1479,train,192,4
193,de523439e64c1abea51524267621827d5391c0ef85f57ced5600b62333a6a8fd,4e0076694616f9b3060639f82a493cf1eae00578bed9f06f257f575c273933ae,Light-R1-SFTData-stage2-3k,2462,train,193,4
194,ce5f17f50617bf7cfd8766967243cfacac3e421914215af07615add50a6acd29,927393fce10fdc1921cabd6911771ef02d213f94e0387f4191f01af5ef8070db,Light-R1-SFTData-stage2-3k,3168,train,194,4
195,6f74274506525f7862e0a693e3132839431db7827dbdbf43739f4584ca27c8a0,511e56c6b16e7a20fd2e41fc394d36a67a12239ffda2158e00d0f9be0296499b,Light-R1-SFTData-stage2-3k,3109,train,195,3
196,0fa532aafe657671c623c645a15c241e93b082c6e40995680ad1bb5476b2354d,fcb610284048576fe3cbb498352144717a86fd1438bdc7d9dabb153f5163a9ab,Light-R1-SFTData-stage2-3k,2407,train,196,3
197,4f1c1dfb1109fe42fa9ae6fa2ea2d8e26cfdae7fe2d66b255c1fe571a8de168b,bf0180035c79c81ebf491271ff9fcd15e3866d6538c04b7692d17dff285c7ddf,Light-R1-SFTData-stage2-3k,2542,train,197,4
198,7dd254eb524b203f8274c677dfb0ed6e37571d4e5cf448cf24ead9ad759d5956,3c2ff2b3c538a6565221adc0e6c9f6ccab885f44ad4005ebce8bd27d101de254,Light-R1-SFTData-stage2-3k,1720,train,198,4
199,d5a066132ebef373f58b91673d5c6ebeada837ca112369311a38271c9ea69be7,9955550dcd4683085986807e604e5f0d4eecb72f91f90a623fcfd124dedcf219,Light-R1-SFTData-stage2-3k,1348,train,199,4
200,e2e90dbd8d1869c5f347a060cc45a9d82c53315a71488ca0d521f135139b0b2c,98b4c37b1fe10561fa42014a18d1982356fc7bcaebe2124af28b2151ed80c8c0,Light-R1-SFTData-stage2-3k,1376,train,200,4
201,e51d3d92c0500d35108bf4084204a0afd3e18bf3ca915449de5ce0264d536fa3,9a9477744f9530de485fd490f5eb5d91ea455915714cebf27c9aa7df2f5371f3,Light-R1-SFTData-stage2-3k,2558,train,201,4
202,719106a9a1f7ab503f0b520b0def093e16c944d5e74927a9ea95f0620c3e4f6a,4f887227539c7e1427d99db7484aafa943a1a60d5aaa0f1598fa0346ed30e7ca,Light-R1-SFTData-stage2-3k,655,train,202,4
203,33bd5e9e23c4ce983bbff70be631c55a5b106837631bb26a166860ca81b40459,c143821a0c4c3664524222abf101bec7c3f91c1c4796881e44b39cfcaf11c2f6,Light-R1-SFTData-stage2-3k,627,train,203,4
204,98cc7db8d6c8a1c8d8f4cf130b1954bf714321846891871a62850c12d1b838de,e912937ef041ff0414351bfff2c3696dd69e40b9cdea4996d1748ac74d64e5b6,Light-R1-SFTData-stage2-3k,3096,train,204,4
205,a4dad821502635537d88b2d505a9d0e98aeacee6b5310b9e0fbdfb4c690bd1aa,e17034cfc4c52bfbf7bad0f1c60fdb0f40c057d3b6a248d9cb7caf66b08bcb0d,Light-R1-SFTData-stage2-3k,195,train,205,3
206,a4f84dc85e10aef80726f2f0c8fc21eefe493e1ff7762c38b088b34e7cfc9241,ff3eb425c9fd1bb443f0db6859c9102fed4865667117efc22e62c4a0d5d2330f,Light-R1-SFTData-stage2-3k,257,train,206,3
207,b9908ff16bdaf4eacd9cd7f97cda0dcbd707921689f965343ab30a1c75cf6fda,ff09940af86d8e3ceb5f35ab8ea7abc37ea0be3e7bef0852a41cf41050e5bb70,Light-R1-SFTData-stage2-3k,2212,train,207,4
208,5c7f7b39154b0a7fecd612688cafe642e96b3b23a51e05b1f38c06c70de4ee97,0209ee5a7a4d6996720836d0f694aa845798fe7b0e64a7eebe6296c265856979,Light-R1-SFTData-stage2-3k,2003,train,208,3
209,4dc1981987d8ab30573e448a8571e12d2bc9a6d6af1b16380cac911c931818a3,2c54d7a89cc563676c10125da218c6875243af7f55cd1512cac992002e2e6045,Light-R1-SFTData-stage2-3k,2379,train,209,3
210,9bcd45ed9d1b63e275652a77ecd017189178844e6d2cb9d0b124fd61348783b1,c459e82316de759b77574d868a8356fc5c635f974d8979f8bb84d1591925d9cb,Light-R1-SFTData-stage2-3k,2602,train,210,4
211,ee8595aadf54cf290483dccef6b6c931e4a0619abdb1f07426dc9ea566123516,ad8ca3a089e0450cf91ac0abd240f78d41cfa2067a95fe5e4f6af57d96495e28,Light-R1-SFTData-stage2-3k,2080,train,211,4
212,c1fba1ec077e4aef395495cd3f18df3b628ffb05309d4d2d83a82d02bdfa9cd5,b8ac689237022ab3ddf40ce52b961f1495edf83a6899b7f430b90be8b00b34cf,Light-R1-SFTData-stage2-3k,1210,train,212,4
213,c16453d25931dd049e166668869f075ac4f9cff5e0497016451901b93d54c5a1,5a3b42ba240d76a6784ea23918fa91c2bd549bcc1f4aa4f4c984376f97acc9d0,Light-R1-SFTData-stage2-3k,1271,train,213,3
214,da24e27c156ee3b908de6a9f0a22a24837f6244e4c36ae401f03043affe45ac7,baf21a9bc4ffaaf82c22beade9d54f2cc7a611a1a1cd2f0db836956ab6a714a2,Light-R1-SFTData-stage2-3k,1788,train,214,3
215,549f5003518945636ab536ae8e5c544cfb4e599a48366d441ecdfad2daf8ea83,0bdcab16a97b11653220b6d025c0632294f01ca4063398905262912c933d7f65,Light-R1-SFTData-stage2-3k,1325,train,215,4
216,4755cfd0ca601124217dbb69236d68c6563964f8b985f12bf5d3323737b9eadc,6b22ed1816100a7ae06bedfced0d63a1f1e3d6a012e3fbbab0bec8f08c5b0f6b,Light-R1-SFTData-stage2-3k,1288,train,216,4
217,5e539525632da951450f03b60c65dddfc881fab12350c00885ec57dfb30aba77,a435086964b8e107e3ab28df82dea44774f1e7646a62422a2218a38c6694c3bf,Light-R1-SFTData-stage2-3k,2032,train,217,4
218,88756118c4f27352dfaa5257e0d719fca7eda70ce62d87a5b401d6a1096ab219,53870d4b2a5bb616a352c07f0d4ac30fcca3211e9fbd6f9431fa0dac3fb7b836,Light-R1-SFTData-stage2-3k,1054,train,218,3
219,e9c5ad44bcd008bab2a8071a6fe01c89d99ea262d928ccb692eeb4780421236d,ce4cb637a84bbb836df12726db559b4ba838d3f302d237f5124d3244e645be79,Light-R1-SFTData-stage2-3k,1613,train,219,4
220,f12aa2e77418d558ef6a7895d5116b71cb34fcc5ddfbef6b4054ab6e2937a560,537535f759bd225634997f82d4e3344ff56e978adc83fb7a17c5336faa458fd1,Light-R1-SFTData-stage2-3k,1913,train,220,4
221,7b3023d570a8bccf541ed349ba1cc7442cb09b4e77df7246eda339e54fd3a708,59957294d22ff2671e1f2f0f25ea24ecf5d94cc9e9ea9e649a26b2deb21ef885,Light-R1-SFTData-stage2-3k,2790,train,221,3
222,3396f714a0739079a49b59522081ac5203302d7d201bf14c95758a4c7cdab6a4,0f9f481f66eaf9a977f0e61618877a08b2a4fa2781a12c36b15764febcf66fb4,Light-R1-SFTData-stage2-3k,2313,train,222,3
223,507d65eafa3e7432dd832447e3a0e5982c70b92e7276aadfb51c2283f097ba9a,8260c7e8ddca1c42322ca8e0e258332c679b0f3defbad0aec9605f6f09da1bdd,Light-R1-SFTData-stage2-3k,488,train,223,4
224,5c261a689c0d9b844f794f17718e377c31cb6eb6a2f29557ac5876bd1b027367,feb1740644d1860e37d63f06dc21241165fc4615a673cd6481314d11abea759d,Light-R1-SFTData-stage2-3k,2441,train,224,4
225,0a87b170268672f80c3d7c570b183387a8b0a9c15c511c532513adb3d488f016,03cb5faa793867953b54d2ce5539d10e90185a91416693ca11d9f0aeba533558,Light-R1-SFTData-stage2-3k,2629,train,225,3
226,2c2db2566e5b017a9722a2827fcfdda591c52ab809efafa48e89e05d44c86422,f2f2be5c116987e5239ac391ce008d3d4f530afd83852adf7d8e1b0865d5402e,Light-R1-SFTData-stage2-3k,233,train,226,4
227,05095851733da7b637440f38d133a3750e32e03644a8fb02114e6b9a238f3aee,412c51316c93e4ee4b56b44eb980bceae840efa715fd152f2100004a416b448b,Light-R1-SFTData-stage2-3k,2672,train,227,4
228,7b45a48115a4640cffa5edc14d43c6c477cec95529a7d284f87ae650dcb3c3a2,9a84633d403cd63ca7112f38700e7002a025a47cc694b065fd09d6483c9ae632,Light-R1-SFTData-stage2-3k,2085,train,228,3
229,881f58de566acceb6c0821406409d2d039aa0a061d9e63ab37fa33aca7f5fec3,48b79251509567ee93df1d98b13f4dc102a656013175a4ce5c2e7d4ab6bc771a,Light-R1-SFTData-stage2-3k,2382,train,229,4
230,c6f0f95b672ba19a8b8e24f710d73e087e497df1ab5f1324feb43bbd0eb26e1d,df0adb91a5a240977689ee902f085e7512e95da65d0b14ba2374dffa410a2e9a,Light-R1-SFTData-stage2-3k,1526,train,230,4
231,cc427a9dbc0807358b5d40276d27fba0b544f11b0b06fa5e624cc44fa89bb900,a78d99350974b06268d6cde6456f152da569d721150502f325f372355ff49a9c,Light-R1-SFTData-stage2-3k,1806,train,231,3
232,373bc0ba67b6b468ac23be4f7749d96b6bef650ba08cd59428412664b4d23591,72e5fedc76b141794e8e860fdcb40212af7a3d2cfc046e5273c6f19b5453d23d,Light-R1-SFTData-stage2-3k,2785,train,232,3
233,0b95382764de24cc7fb769bb637d309fde99823e58d88ca3eabf1f49b47190cc,07c29eae52e630802d3246d0a192d63a2860c83bf1b69581c065f9875d660c08,Light-R1-SFTData-stage2-3k,2731,train,233,3
234,16774cba1a9df128ed349e1a3aae75915eea4d2199f333bb08ac04dae3124001,35732845c8cf54a363be1b8feb0e6be31f29354fe3d9798f88b6b10157eda990,Light-R1-SFTData-stage2-3k,1556,train,234,4
235,2bb54c365be2e61c731c09985465b3d86e69880906fdfda96ef332e984fa0cac,2f821f7a6853be55ecf84cba3c05211008cbd3f51f5b8a35ca396e4fba0abb57,Light-R1-SFTData-stage2-3k,388,train,235,4
236,1af10966047460ea6aa249caf9c0aca092f9c9eed1c2eb49965c9dad227c3f3d,9917d73b9c7c8b40f1a07584271544434d70d54033e3ef716a05e0eccab32cbe,Light-R1-SFTData-stage2-3k,2874,train,236,4
237,c0b469b1c50d9d8d2758ebc5a1c7d4ffcdf7977b2c462152c4613feb8bd48d55,09dcf9a3b60ee172146a153c3dd5b51c27b74c2fc8ebc8ff1e185ee83a28480f,Light-R1-SFTData-stage2-3k,652,train,237,3
238,1828e5e332575d688d440120ba166d7584a684af4c31b7c256575d420e14a9fd,b2e5b92b805f3646d10fbfd87b27d307e907032851907af23ec30a562da1569d,Light-R1-SFTData-stage2-3k,2460,train,238,4
239,af667172799c2ff0e3e39ed0f6a428e0abc69509ce089576398708373078a2ea,df06eca8595ec9810f7c8d6d92a9828d84571a4eed28b93127e81ec3fe6538b4,Light-R1-SFTData-stage2-3k,2263,train,239,4
240,6c543ddeab8f2ab05acc10ee2d8304355f5b44e430c86f0a1065ee20cefaea42,6a04f8799fdc69c467d98f3803f259592fb8aab642376387c23ba9cf27ca02ee,Light-R1-SFTData-stage2-3k,3428,train,240,3
241,f038c0de88729c158692d0b52754e23a9dcd67f652aaf07ecebf347d0ac97f4e,8a1cc665c24fda62c9007dcf31b89822582104e1f8e6d124d8252c805be35415,Light-R1-SFTData-stage2-3k,458,train,241,3
242,b844af00681159d89f1473f3c768af08c07652c4eba69ea3741af2077d28b2c3,ae57927d900bcae76d86b75cd4b0a3ba3cf904405d073665553057fd79c1a674,Light-R1-SFTData-stage2-3k,378,train,242,4
243,d1a49c067c4fabd3c1b6cd457ac22d2e02b32f23249cb09ddf4c7e7ed4ae6cff,26494561d61dbc7dc9ce1b0a109bf83d758802142cd2afac0031518a91a601bd,Light-R1-SFTData-stage2-3k,3353,train,243,4
244,8eb3e9a12e82c9403afc1c413a17290a6f2b36139c73c644e05f6048686afe0e,ae72fef5fa08379ee87730cd00c3f31a8ee7eb492a38f8add69f8865e7d8db6f,Light-R1-SFTData-stage2-3k,3259,train,244,4
245,d422904f79ed30801b467c1f5c98d123513cb906b800c2c3c9ade229e70d1d40,b27c815a02264fa3b4b6985aebdfe824aa62c68e65dec252c2133ae390316082,Light-R1-SFTData-stage2-3k,2655,train,245,4
246,31a2c2e2747fc7c6197d0df14faa77bde78a2b8aa6859345e0deeb8be5588c9e,81841ce78182b3665159b5c6577ebca82605f8e538b3dc67ff4ca50256ad3661,Light-R1-SFTData-stage2-3k,380,train,246,4
247,bf2e8b1974a55bf597aaf12821d0e6c6b289c557c400fad0d591ace7ede21006,57559e214c37b329b498c128da5cc450eba55a99ef6e17d85c84e375584de827,Light-R1-SFTData-stage2-3k,2050,train,247,4
248,37be12c0d638c44b12c9f3f12a75fb0d6fd8aa75f8c52c865d59be12d7bc752b,9fa5b0aa93a0a1918165478b2c7ff09540b76f4652569cafadf0e45be40bf73e,Light-R1-SFTData-stage2-3k,1576,train,248,4
249,d066f35c1a82e97ca870cfcf520fa343c5b67b3d8fd822e2db343ecbc3233a2e,4eef906c7032a17f3a4a2044f379f823cfe08dfd631abdae907cda48d01a1dd9,Light-R1-SFTData-stage2-3k,1760,train,249,4
250,024730280e9cfe3a78b5972f60cd80e636c83eac8fef191c99eb5a71e1266953,c60ead0da6a0f7ef9e1df99b38f80ff321c89facaf051327f8681635be4e6fac,Light-R1-SFTData-stage2-3k,2438,train,250,3
251,2b5d76f523fb0875d1ea8b6bdbc9ad28eb7aa958c380986b10c40a761da1335b,e6d47a45833052c2e99cfb238d55f476003f87918ec5a0d2eea284a7fc74bf15,Light-R1-SFTData-stage2-3k,3089,train,251,4
252,2143a62da615251bbef1f317f49f5e140a3994762d5e7fa0e024b723ca14c429,1c5bcdeb8790cfc0170c83dfae46b9042e7cb5c8ce16f4cc5425c7112c064e2c,Light-R1-SFTData-stage2-3k,3392,train,252,3
253,2ab5aa76032aa62ab7ba960d9b0cbdf2c9c1c72e57455e40905edfbec9c5b9f4,63cf1ab8cb521fe0a595753d40a16a3dc0cb11d6d8171e64f5a2ad16cf80b33b,Light-R1-SFTData-stage2-3k,1721,train,253,4
254,131f09fe14a1123bbaa2b96e6005027f8195acedf2f979a0d1dc4f3bb6e984c2,4cdb3bbf36e70368e5fcfb89d20ec7e4c5ddbcb25c791b2df4518888e2a9c93d,Light-R1-SFTData-stage2-3k,1890,train,254,4
255,34d65860fa026b2a371c4cc426d7294030e60d13c62bd7f6bf72d68ba9c12d91,319833bfd37ab6622a074c1862f7610e5b6a4db3544c4f75923a7c8e9c4e0ace,Light-R1-SFTData-stage2-3k,1565,train,255,4
256,5bbcea6deb2f0a6b1ebf8ca039c02920a848c9e9696f57e5c6ee288a0d2abc91,ac5bec71666fd94a25c7b8b2a8d11bb0371fad6b1532afa48b987632bb5b4077,Light-R1-SFTData-stage2-3k,298,train,256,4
257,e9b523bf58812e03799d2e59910c1c52b951ae415ac6cb508189cc44935c1262,548863b1193a83b806690c12680c24c5fb088bef86bb27cb528497588ef99a07,Light-R1-SFTData-stage2-3k,2059,train,257,4
258,7a19433a04b71cf5ba7c1b0abbfbd593cf8040d8006942cacbd486fbaa981ad6,12a95313e521eb9aafd43a6442609219ad586c2b3c5c471d014412b9aa76a483,Light-R1-SFTData-stage2-3k,1710,train,258,4
259,8ee087001ce6832eae4c8c37f0b9eb5737e4930f1f8b0a714bd06b21959cf0d8,c1b176fff2621e4a1f17576c1dd12697a04c2d05ae9494da67621d18d4fff840,Light-R1-SFTData-stage2-3k,1501,train,259,4
260,29f8066de194f7c2eac28d54fd7bdc38a84dcd602041e15cf50f14411eed1174,a349114901fcb088c5b2bfb43aca507600871b398fdeae970155ed066aaa7777,Light-R1-SFTData-stage2-3k,3355,train,260,3
261,bf11d51a9d7fceaf43ae3feeefcca1fc8454c47bdfe2baf0f6c03ae0c0e6eb2a,94c1804fef1a37ab12be0f1e97035025151722e624e3265ca725ed27b1f692fb,Light-R1-SFTData-stage2-3k,1793,train,261,4
262,e326cffaf7dd68520a8ca62b5b535ceced210d57039edb18f177dd2f199d8071,6fe6fff2b1e12b38c6acb75da1bd8a5bb8c4f2fe660b6daddf220e7f2c55cedd,Light-R1-SFTData-stage2-3k,3072,train,262,4
263,cd92e44381ca765a9bb1d52c7e4dd8a8f5a7b2944291c73572ff58b77842da44,1a98e0845402dc68c61e0e41f6d5406fe8e56eda1416bc144a7ecffbd6f8d343,Light-R1-SFTData-stage2-3k,2938,train,263,4
264,d3fb712fa9fb03bc6f1848a68ef2d21a06c60202ae47312344599c6b834566cc,fc86a650e95eaddd4dfcf7371ab1a63a276604f3070e425ce4d947322a52c4e8,Light-R1-SFTData-stage2-3k,3323,train,264,3
265,762abc974f280f49bc7c697a355bea8d24acf0cb368d9dc5075650797b245fd3,8cf366eabe5047143d6fc5ca744bca1c092128d95442d19c1883dffbbf2beb5c,Light-R1-SFTData-stage2-3k,2504,train,265,4
266,24870984031c76564d0286b6862843e9529f18e6d78de57bb34acc6b4237b298,a01cc4d5c8a88d5c909f088bfc37ffd1dc08e45b9c6e90ac6e450ec7dab17fbd,Light-R1-SFTData-stage2-3k,2381,train,266,3
267,cdf444b68cc1a1c3919d57a3202bd4e74a9d085d044e81cf2c8b86f19016a600,902f3e5c35fe8628f3a721ff7a2a5f14a5ede27fdf9ce74135f8d691052d236e,Light-R1-SFTData-stage2-3k,1313,train,267,4
268,abcaee8cd55723ec3afff7205f6fdd4dec71eb837f3785cbd62e6bc08d4ad176,a917280d9a395d8613c5db078437b0cc0a930f2fa0933a62ccba3f937173f9bc,Light-R1-SFTData-stage2-3k,2975,train,268,4
269,37df146e44efedf564e4708770396db0046dd62f85940a031a1e0a49a3dfb4de,b8b6e09b32bbb30e614e7d9433b8aaae82410aa6d04c514bdca00de5348a6be5,Light-R1-SFTData-stage2-3k,3412,train,269,4
270,392bf700968daefb11935f3a570ab7ad756bc6339dee017f5c369b63aad7c243,7f1a61ddfdfa972b5e90e7487418de77bc8d54f1715266ab109088f4ec9bd09f,Light-R1-SFTData-stage2-3k,2584,train,270,3
271,190b33aba7d379059a530ab7dbbd58dcbf3baa61542d06a04f8d178ec679626b,776cc23cc78e39f806b194f0a7ecfae9ed8dab5248f1ebe72642285dae9713b8,Light-R1-SFTData-stage2-3k,2720,train,271,4
272,c2ec5016e3b7672c72836144f08645f8111471e6c9822c4f4063c0e2f83e5a89,d774538256ed8ceb887dd1bb49f3a2c01bd759887611e27c26b6fc933393857b,Light-R1-SFTData-stage2-3k,2412,train,272,4
273,cfd503811bd6142da8afd664727cb4277149a7c479b97c93edae4a5740e2b7c0,d42f19cdfd50c9ef906ad84fdd0b3689089c626be3cee34ae463452720173f5a,Light-R1-SFTData-stage2-3k,2802,train,273,4
274,32aff84e49050f36fd82429a2bdd4a14788ff0e9d903de7f06051653a2f54446,14acec5c770d8050a1a441e8a6930297cf6211c736e588907e38bb32b34dd058,Light-R1-SFTData-stage2-3k,2404,train,274,4
275,7db985bc478c5dbd1e80fe75e549fe086ae7442790111f76fcaa28603f73769b,1897a33b09793a610a883a4dc05132b65c7ca83be4ec89c95d4d85c9e933c943,Light-R1-SFTData-stage2-3k,2738,train,275,3
276,82831877eeec8a614f2995c752e6a294c21ee8a4f72cd25063764d76b0d6cc81,fd02cdbdee2c238cf6b0c11405d98217c1b70777741717acb96d33e1b7fb8d2f,Light-R1-SFTData-stage2-3k,453,train,276,3
277,c546f89e56f8a6b2421aad9ff9e7a82dcb824d311dda225b5f1d53c5b2a96e08,aee016645145d3db2b88db33c78b822234341945855db20768cb7c268aa0069e,Light-R1-SFTData-stage2-3k,3432,train,277,3
278,a286026761f79c09416d3a1c30bb8684f2a45a658110905fc3ba055192b85172,1da8090768ef1d3341ec7a9f567f9110d085038628223a1a8daafb8b36854ebd,Light-R1-SFTData-stage2-3k,2847,train,278,4
279,441ebfd5895a4ad0a9aa7623c4d8ab2f81a3f864ed4a456925249d1e4e1555c1,c506d445139d22f8ec5e3a9c2dacda2e0923193bcd0d36c6e8e91737402ba05c,Light-R1-SFTData-stage2-3k,2920,train,279,4
280,536db1482e3e3706cbe277404c96bb43c908b1c8e068aebf9c0983ecc1f7f1d5,01d232a52ddc9af02d25672b1936f104825e623807eb4c2bada47608b32ab36d,Light-R1-SFTData-stage2-3k,3500,train,280,4
281,aaec1c532712d2e6462164070c2acdc2a77e7e39b7723ed895f5e8b85f93b8cf,f3670d1ad82e00a1547aa31a93f6ac3e7ac387aeba85704ffad49a854425e746,Light-R1-SFTData-stage2-3k,2800,train,281,3
282,2270e780032c957adf0f5490512ee9059a0c6d494133c00a69e65d1c086e85ef,2b292c098782d526c09f23c45a856aa81b574ee024a423bf1a59c2a66a16390d,Light-R1-SFTData-stage2-3k,3071,train,282,4
283,3f97ad60460802a9ac44f9c3b469e3452f42103d896664aacae1a205adaa5293,4fa3c5760f598e92a4950e0d50602da6fdca6ea3f30955951f5347e281167d29,Light-R1-SFTData-stage2-3k,2951,train,283,3
284,7f94b7e3eb1381525afcdf4fca76db0cadcdf0ccc4e9e687f65ac749771782e2,9a376b242c435532712b04537e9caac8b4982b7290d0b4f96694830eacf97041,Light-R1-SFTData-stage2-3k,1612,train,284,4
285,181d71a26e2bd502e1ceb81d0f2070acc18a2d268548dddcc388eb4b110664c4,8d3b0803b94fb225e82d17c58202937741f8c9701d4c19ca34f03a4f3243b221,Light-R1-SFTData-stage2-3k,2333,train,285,3
286,253af752d21291e7eb55b2f9be8b45a61b7aef9c8970f12e0712517865db5662,8d9741b0cb89028c0369e11e16b11a80134b279178e4d2fb2bd32016f4bf7141,Light-R1-SFTData-stage2-3k,2311,train,286,4
287,cfe9db160634842b00a447e784560f30c7e036a3c85c10ef7d7ecdc4c726a521,be22ab31e2df9d63bc9865954d61354a12652b70f908ba7b450952c2535cf616,Light-R1-SFTData-stage2-3k,2869,train,287,4
288,85ce25518ba518f724f1e2ad155b856d17d0a3dac22e8ff22be307c0b12c22af,7c5787a96a7820111758fdb22357e2234ccc54b2b601841f1d135edb059f9740,Light-R1-SFTData-stage2-3k,654,train,288,4
289,9be6021cae9a15128b2847994e0b45f134f267ade322582446c436dae797084c,5d0636814c6d84784e2036c1b9e9c7e14ba003d95c5ef842522b9bc32b4f8eac,Light-R1-SFTData-stage2-3k,1779,train,289,4
290,d9c466a4c922e68270d787182b800eddff14a73bfd7f14ee7a019cc7bbc414b3,dacc9ee640705c842998bac0930d7103f475c33246b26cbff1576d7d0dc61cf2,Light-R1-SFTData-stage2-3k,1102,train,290,3
291,3cd842909696a9f85300285d384ae0b1074f880a5ff2ede0130370459caa44a4,5cf9ad1edd32599f89c40d31ae5545f6d6b15c4303a13c4fc5d7e26b957052cd,Light-R1-SFTData-stage2-3k,3092,train,291,4
292,6d1db55e1aeb3b4a0d1d76dd409fc350fe53dc81efb09ea4937ad25c773a775c,85df78e1d6732d9e18173d83d2121f9ecae109610ad6b8be4082fb6d52b556f7,Light-R1-SFTData-stage2-3k,1821,train,292,4
293,36ae7a89bc6a1079f378a9141ccf64aaadc22433ca9bc1dd8e5ad51a5ccf0104,4408b87e1932eb936c11e20ee3f1c71cc31fa2de87810a948dbb4670cdacf396,Light-R1-SFTData-stage2-3k,2523,train,293,4
294,79a55e5b7abfde4aa314096233ecb4c8ecc58004c9b10ad34afb79f374391748,617f4a766e7cb0fc7ff7cd65f51427bceb5db92366f9691e54d44a78cc7f1e61,Light-R1-SFTData-stage2-3k,2591,train,294,4
295,28eb394b1b5bbf7ef5b7b2d9f4ff4f92e701782e07769cd699c1e9a21305545f,4f911deba71de5f5dc1de389d6907fa91c0485a1a7fc7ac42f1a52a949ae2d3a,Light-R1-SFTData-stage2-3k,2435,train,295,4
296,040dc2f694829029b93ce90fd84bfbd4fb6456b3adfed14a854baf17411786c8,6ab6493a2aed17dcc0f93e26be27007acb290bedaeb655a02e1926d1784f1a6a,Light-R1-SFTData-stage2-3k,2852,train,296,3
297,16a108fed7adf1b26e464efd62fd3f2da52d1fff8b223bb422052a0b0a4fd3e4,c173adf2a1bfd1f9649324a43e0f88eaba0615ea556127f8ccf656270dc06601,Light-R1-SFTData-stage2-3k,3467,train,297,4
298,4b6b783d866c1e6971bf2159ca0a1db41b6b5b606c0f889973fe9d575e701020,ee382c6b9a2c75b004c9eea29979dce061aa757f28bcbb626c033710d8110c92,Light-R1-SFTData-stage2-3k,2626,train,298,4
299,23cc66e34db94bda9ca9ab78b96452b6b47f60e9b51107a09ea82757fe18c55d,52936d8b5ee343056ba5ccb62710d88c360f7818c5ae7526f04c1c115b4343c4,Light-R1-SFTData-stage2-3k,1681,train,299,4
300,8816cc4e39393da0e62a0b9fd44d7c22a2a3c22fcceae94def40862ba1df9796,3746acda6d089471513dba20b8258816a297b2a94ff6b588efeff24a970bbc16,Light-R1-SFTData-stage2-3k,3126,train,300,3
301,dbdb84784722f3eb26529996de1ef717820385e1cf4cb81f6c93dbb0c7c1eadb,fa177b41606b86e001871960e89ddfb75a06364346532273dc46db9ae0656d9e,Light-R1-SFTData-stage2-3k,2391,train,301,3
302,584c783fb67f0002a4674b01d1d3c926f071c27ebe465490704f64394da80eb7,93e76eb089912daa84cfbe5333c6e7dde3249bc16bb271dd2df5bba80c929f83,Light-R1-SFTData-stage2-3k,1126,train,302,4
303,121e2b1e39a43465e9972b741a3c202e3fc2ed14e9d022dbe819c712942c9cd3,b54b929a8adf9663a4473e2f63c262d9c120f09c91dc0a8a5c1441471af335e8,Light-R1-SFTData-stage2-3k,2237,train,303,4
304,a0f6cc3eaeb973d0ae99dbafb55378995bd9050cbb2669197db0bb1357c6fe0a,fac0215714dbb7cca4e8b1b85a92855f4af16daf2d4aa55787bf5006538f000e,Light-R1-SFTData-stage2-3k,334,train,304,4
305,30ef335708a71fa64d44840e66f73e16035cabcb9b9baaa365bbba38b0d170a4,3e81a4410eb576e350eb76c37a169b9d609ff434629a7ac3946a4c0b1198f343,Light-R1-SFTData-stage2-3k,550,train,305,4
306,55a417d20126509e53c9f0240c261c21ddfe331cf105cf60cd268cb11a054516,4a20f8b74cc426b2f55540ae2181b5e114f7d854ee63fff822cb6bb271ed3511,Light-R1-SFTData-stage2-3k,668,train,306,3
307,303945e0f2676db0ba128f854db1ee84ec2b497efaecf450237a35fec2f7b53c,c46225d25a2b7c5ccee711a0cab6c92bee41507c2ff50a5643f44e88a3d22bbf,Light-R1-SFTData-stage2-3k,317,train,307,4
308,2f61cc4e1510c2eedcd56580d06c304c7b2e3bb4e829bf98561b5045709b833c,0c431d48673601954a276676f32fa5491067077d9830705393a0ec648041ffe1,Light-R1-SFTData-stage2-3k,1877,train,308,4
309,19ebe9daa63e28b288a434971004aa021632ec477e5092ee4092cac1dafe6802,397a87c99dfbea264411ff723ef6521414be66a9ec1286a54931d2fd240f356f,Light-R1-SFTData-stage2-3k,1607,train,309,4
310,e099fab5e0f5bf42c4444967dbb4f7c737cd34c7053f4e70186a87ffa139fe4f,a986bddd82df444cab86a6e783202edba294577c06d38e37ebeef89fc0e62778,Light-R1-SFTData-stage2-3k,1087,train,310,3
311,73e3ec0c51ecdf86dac605f5aff04740a2679325ff488b57533a2a83e89934a9,ac2893a3c85adcf5ac79d4f054e215ca1dd7e153e5203bae035588abbfd10ff4,Light-R1-SFTData-stage2-3k,3053,train,311,3
312,418f006d1283d84a3117f65c52d1bfd15a0705c8f9cb2f77c15c0f1cefc0b3d0,4b249b3c0e4a61b33db1d00827fd1a21fab17d5e09dc5fb8f8e8aa7cf4f7f6c3,Light-R1-SFTData-stage2-3k,2415,train,312,4
313,43f16b7b5f11fcc0e0b194c0cb70777f81fb173a0567959dd417e4e0d50f0ea1,a55614553423926d2ed590ce8d5e9c2b03592d4892cf00330301587b5edd556a,Light-R1-SFTData-stage2-3k,2871,train,313,3
314,185398dfa42642745b9ea9a1c1f58aba2a15ce9823d71509acfd61b673de8297,8fcfafff31c34b230ad552d9b0e6d85296557e2fbbf1d04a06dea94fb01eed0a,Light-R1-SFTData-stage2-3k,455,train,314,3
315,458372a58889e19963b20c9c1f3f8e73409c03d601bf0f34734e368a358bd59b,c0e5996b0de9270fa501193bd7e968cd9dfc26ed21c99de7e746f37df7912f09,Light-R1-SFTData-stage2-3k,2844,train,315,4
316,7a01fbfe6f80daeaa0bf2ce9036c48295a798e2c30fbceff728211f5b47c7ac9,c082ed7de29987d827168c316ba7ae06f1aad64f2bedf5f463279d358e0951a8,Light-R1-SFTData-stage2-3k,2908,train,316,4
317,62e8aaa2056a7b887aa4c44ef76679236cc188b4abf759c4f20bda126ab49f17,7faa074f1f289ba9072fd6dac76bfa1776bddb96efd4fad7ba98400f86cfd667,Light-R1-SFTData-stage2-3k,1523,train,317,3
318,1dba9cd0eedf27561729c098532b639ea35bccce62ed0a7d91efa6a207884916,0586080d5c8060b16abb176d9e267773ba2ed9a85e4c80defc860b87f7433571,Light-R1-SFTData-stage2-3k,2472,train,318,4
319,2da3da959245e2e807988fa2ae9ada4827ad8ee547e85c1cfe5dffe93fa0f6c9,e9ef110dcbee66ccb02775ece3ff386c0a8e01ab8643773eac69b78d8fdb5da0,Light-R1-SFTData-stage2-3k,908,train,319,4
320,cc4d211c0edd7b9b651d06908a87456722860b6a7903851407136d80dcf6bebe,a09a5bffd26d86b551cf1bd3fe187171ecfbe6ddc3afdaa7ed9453036fd370a0,Light-R1-SFTData-stage2-3k,3192,train,320,4
321,dc66db1f408ea559e11811362cb37416345d1127ae1ee4613ab77245040e85dc,eeba7ca56d12df0e20bb267177048024bfbf88cbf5b4be96cc42e80fb3cbe4a9,Light-R1-SFTData-stage2-3k,168,train,321,4
322,91ebcb4ae51a6f5ef3a501d70224d46569fb6d66f663bf0bf0ccae54eaa7ebd1,4ec62fe63c32482551da14421b2ca0cdb05360c297be6bc3a1f856f10f24f744,Light-R1-SFTData-stage2-3k,1975,train,322,4
323,242a847893d0d959cb29fd283b0b587ffdc16f83821f24458f3ae06b0c2a4f7e,753bf727bc2421caa8e5c3b1ec6e4249cc43b0357ac3aed7b1e0535078ce9110,Light-R1-SFTData-stage2-3k,1318,train,323,4
324,2b034ae57e442435988453a26b2ac22802026f6c30c7d2f030d04039d76cbd4f,e096c3d4191a450b6850807313d296537e25fd2562d69a6234164388f056506c,Light-R1-SFTData-stage2-3k,3510,train,324,3
325,3ae5ab1d61f68942e393431d53ac8f6eab4a99b51e9989752140a68fc51cfd66,ad64103f210630cda436805487a7ca60296e5e4d53b94df656b7c517096647f3,Light-R1-SFTData-stage2-3k,2796,train,325,4
326,654a9610b3a098d6ee11887b634d4545158569d99977c3ba835bd0ddd6036f84,a36b9dba1e1fd149a1326d477ea029b858216569df2df6e23c29e8deb3f23f55,Light-R1-SFTData-stage2-3k,189,train,326,3
327,fee7247217fca5b0b7302e9168f1dd11bf34399a863c45b4fbd275855b06f71a,23bb551a8c02ee13c1babdc03ff054ee6660edc85bdeac4f1f52688c8a76566b,Light-R1-SFTData-stage2-3k,2839,train,327,3
328,8e9d5b8beb78814989b617d8e83e7a744cd45bb7e79d2fd1a1b9d50274f75b0c,78f2596f3d8932b45ce9ba84f809a82ec1caa000dc23c46d701c99200d20f8f5,Light-R1-SFTData-stage2-3k,2076,train,328,3
329,df78b944109d1941c8551db2edc86776d366a8ad2e62b99c31a9232acd6b6e1e,5baeedd0bd17f1226306590b4bff68746201cb23ee48460fa590e5f977e803e7,Light-R1-SFTData-stage2-3k,178,train,329,4
330,738b7801ee8fb886c14e4c1258c85db2a75ae395651fa5c9e3b04aeda659f62a,cf31002f2131e006abcbce39e1e826c3a6160c4dc99afcd81ef0e0bbbe937db9,Light-R1-SFTData-stage2-3k,740,train,330,3
331,ad702fa8f308e86b3853fad6f6d76b9f74f2fda1902cef9cafa141a0b88e5517,9bdcf2c5c2cd78363a3b6948049ce36f141d5d585b663b2f7d46bb5a1705b6d4,Light-R1-SFTData-stage2-3k,228,train,331,4
332,157afd6598980a8e10b5db37ccc9a726dd97990507b7267d1bbad75c2e47fc51,da86bfd55950fd5bbdb778c938d9079329a1ac869807f93163479a1cdc74c257,Light-R1-SFTData-stage2-3k,2142,train,332,4
333,0c15efc7c5790b6909512bedfb922a480d5d85943595889b8ac1a8e5fafb2c32,a997fe1bda7069c1d92bd8fdcb1daa95d6842725b374d8ee5d24886c94d90128,Light-R1-SFTData-stage2-3k,2643,train,333,4
334,b085b0a4d38f21a363e79415ac485c6179d732f56946b1dae16f6fc9bde897ce,888e29249e1272f1d154635d2cd3989a7ba0c818f9ee20985a718bae890f595d,Light-R1-SFTData-stage2-3k,1310,train,334,4
335,e49dc4bbce70793793b2c35f27ddb38789e612db06b2ee5d096252c7e5243a67,067e4d5a71bd309866c12e10d2cdbe5801ed695332696d09271aae21d32d9934,Light-R1-SFTData-stage2-3k,2440,train,335,4
336,1d0eb4ffa330198bf7904b907c846b62b026d9f117f8271d253a7c8619746139,324c3a5cef7865059502060d5ffce55a726c2bf1ab358a17298e1105c999055b,Light-R1-SFTData-stage2-3k,522,train,336,4
337,799e22f7b6aa33ad108a81b9db701d18d8607b248229227d0ef56b0bfe70f909,e3e3a52f85487144a633b15f81c33c6423640bfd6704bc41a0b09965768e52bb,Light-R1-SFTData-stage2-3k,1894,train,337,3
338,50964117907e1988d44e71984d2c44ce6f0ac37e14c95766f1cda4eff36d3cae,d36d83410e485e83c74356f8063ee87b31077f5120be2cad286918a5de2fbd99,Light-R1-SFTData-stage2-3k,2428,train,338,3
339,a1d153ccc473d6da6f8baa90bec84dbfea93f8bc5c6cb19172883b261a8d5c56,b1e7e151d0fe70ca4286e08f6c28971fb21afe22044d2245dc945bf57f170023,Light-R1-SFTData-stage2-3k,871,train,339,4
340,e6fe2730b5b1b27cbc67a961a1387710b85d7cee20488a41eb51be7dafc57d57,49b2707b6f5c748107bc5c4eec30dfbf337d865788820a26f87d44c30bf5efa1,Light-R1-SFTData-stage2-3k,1106,train,340,3
341,027c1e0b9bafaf22f09ea5b49fc18db7e440c22b347a8befd146feddb140a5fa,5d79d9ea9a2f0a80c7fda1d63e798402e7e766defdcb50dd9b5181771d37c0c3,Light-R1-SFTData-stage2-3k,887,train,341,4
342,1eb873512e84b1c2aac4471dfe9d6e28d8616c742f55c1517bbd43a801edd709,b4bd8e7ec7dddffff3b52991d2500a108f827ee1d40b437b8b12b6ce557cf416,Light-R1-SFTData-stage2-3k,1036,train,342,3
343,7ed20deb1fda36d0bc7a2897483e0d9ac72ac3cb73fb45bdb5ab87e0c910cd85,9de5301f44776ae6f159723535c28447bdbd3d75ff4c683ef62592afd1b6c16f,Light-R1-SFTData-stage2-3k,3208,train,343,3
344,3c096e8c3bb8ffc5aa5401f499bb2ebbc16734bce916c9c78b9e51de8f24426c,c27440f8e9f1578f8a317cb9eee2649d05b623d5bd147b79814a615d98e687ee,Light-R1-SFTData-stage2-3k,2884,train,344,3
345,3a8f4c449be541a4feca852405e74a30477b8ca336a4ea0864f6d33412a7414b,10a5dd4640883652abc486991cab49e0234c8e6c0cd48520aedc8836b8b2d441,Light-R1-SFTData-stage2-3k,2814,train,345,3
346,bc098256b531ccca52835f6fb5edcc1bed28ba5de56e0258e05247bb013962df,15a6484d1fa3d809ed0d902a47147eeef36684cd66010560d8e36d0e197944ea,Light-R1-SFTData-stage2-3k,1627,train,346,4
347,37922ecd9ec5e30dd7b374c63702da15b733a5492bec0798cc0bd5b487be3ade,f5cb1aec90381280618bd9e015b08193cb022d1480adef56cc6d5de52422ca95,Light-R1-SFTData-stage2-3k,673,train,347,4
348,8b872e68130ac26c7b5246da1ef168050c58555bdce313c41cd4c7f96a9fe738,a12c1d25721fe2a60bc9e655d1017478b07bba11a11d60ed6ed5b024fe3c6e0e,Light-R1-SFTData-stage2-3k,2145,train,348,3
349,b7f98f240b21b26a609dd0799f19f931e57966c0a8e01c92cace84ceaf4e5e32,52a7c554f480cec0b0053935a3bea4f687258bf5be5660fee2ff15af0e4066fc,Light-R1-SFTData-stage2-3k,416,train,349,4
350,cbdfda2bc570b9968bef0b4e5c06aaa8080a742bf2ba7adb41abfcd7ad3ad7bc,da0c131c33dd1b1aa7dff6b754ab929f66caf7d90a485bfc318950ee50d85ea7,Light-R1-SFTData-stage2-3k,374,train,350,3
351,76269ac300da3029c52b321c9969c98341574414c2afe3993de243aa24d3dcae,7e8e0c07d09ded4d564a0606149b545d0c98e8740b7969b9364ce3ba3bb77381,Light-R1-SFTData-stage2-3k,3389,train,351,3
352,f1cb1a09b0de0d542a8a5555be3d0f9b7d598ce426a814e284932450b996fc53,d45287afa19b56a2a4eeb1ccab0c08810e3182887ef7c42e8c2c5e7059a420ab,Light-R1-SFTData-stage2-3k,881,train,352,4
353,1751efae8ec795fc51901446f6de038b732b0c5444674694576c08356abf625d,46a375ebdc4bd7f5dee0d925a855e8bb4083e7297e67c7baced1ba2e4f89b8ae,Light-R1-SFTData-stage2-3k,1448,train,353,3
354,ab6331656a088d19e6830d5fa03b8c94527e2626749095fcdae902383a548d94,97806c2693bbb7e2e90807d907ce8dc4aab18aaddb5a0eb33b641c6939fef2b0,Light-R1-SFTData-stage2-3k,2879,train,354,4
355,cefa6c182e359a94ed86adc104d5ac46d5f83b5142deca1a00573b69f570ffb1,2c5ea4dc50dbd65b74ce8604a32a0c4931c2d09471b8e934828866f0af5fc504,Light-R1-SFTData-stage2-3k,436,train,355,4
356,c83dbab1fc6b1501453cc844c17b38db0dbb22fcf8ddf06c691f29786c5af7c5,a22012d469089b8a23bcd7babc4e69ec3577db88f4efc2e2c6db517921431668,Light-R1-SFTData-stage2-3k,2310,train,356,4
357,c173cbcc51e4c5180c0ab2a6fa3d6735eb324c6e1cea13af5cdcf2d1dd9f78c4,424f6049ce6aa46f6c149a3e3c5589c67b3fe60f2c900f2f0d62ace82f30dcd7,Light-R1-SFTData-stage2-3k,969,train,357,3
358,bf456dac097b87cdd37e8072aa660c4bf8c54ea423e875532370d79cf45ade7d,c067e3abadda68310cf933b29bf94615a0a8b2e233ef3e28e18835b18767efa2,Light-R1-SFTData-stage2-3k,1712,train,358,4
359,c7d420e5e789d7820bb1c9c0c698c8f8d1fcb4c9963eb773af65cd668bcd61e9,1449ae3f2e6f8bdaaa31465049e4306ab75751de32ab8313e0585ceee69445b1,Light-R1-SFTData-stage2-3k,1679,train,359,4
360,3437efdbf6941a4b8243fc2ecdb4dc15cacbdb46d0f0d7545ff9cb011e225d84,919c017d9a677b5646c1d4fd305d1ded549667980635951c8849193bb2287b25,Light-R1-SFTData-stage2-3k,3357,train,360,4
361,b04e9e3a162d60b31f09d42d736f39d35019edc88009d69442942409d2127f69,c1a8b96644ac249cb339fa738744251fdf37d02ac3902f7e9a70d197be442080,Light-R1-SFTData-stage2-3k,2770,train,361,4
362,37fadf613e4b227c02eb681635fcd0777a5033415005de9c8e28a19e089bb2fa,1a31486b0304aae348ade8f3faac977f9951666d7662c70c5d30760edefbd0ba,Light-R1-SFTData-stage2-3k,1583,train,362,3
363,2e7a431fd39f142616a3fde1e2a259270582fa53ddba75eeb9b7a8d81f286ff8,a1290ed12807c5635faa2a8193475e9c455c3c4a2f6bf9e916b5c5c43c559264,Light-R1-SFTData-stage2-3k,2317,train,363,4
364,c83857c9823d54506c72f82efc1f126dc9a95262257e859e0a40c8f8e06cde13,7a0bbe89b486fc2eafea394440b4faadf2b4b49a1d4585faa9380b2f5471cc75,Light-R1-SFTData-stage2-3k,610,train,364,4
365,772c5d2cdeb32769a23780f090f53b7bbd5025f9bc7ccbfc6bedbbc0b8f5d70a,a5117d971eb3148b8add77b26e0cd6efd25c40cd70f572554e3445007be05d06,Light-R1-SFTData-stage2-3k,2577,train,365,3
366,8373d38f4d9bc4533185ff11694c32598e02b9e3e3318121ac27724672314d09,a64d5a71d23c1e5ebf0b06e6f2fc440f7c785d98218405f99d94fb641ad55828,Light-R1-SFTData-stage2-3k,443,train,366,3
367,640302823970701426a0db53d2015631c825881a5f704c05daffeaebcccb63bf,ca3db2dd201fdf278b60d6e8db008a4511c94ccc66ee3df3ad0cde3cc327d1e2,Light-R1-SFTData-stage2-3k,616,train,367,4
368,ffabbd3e553fbab5d62b181d723d8bd37c8dcb3493b0e08f00073dd428ab40ab,e6eb82fc50202075f622eab583051560096fba40f08934f1d4dc66499a8e7b02,Light-R1-SFTData-stage2-3k,62,train,368,4
369,cd28f1cf0b981535e354ec3fe6c8315cfb09ad2744c33a7348a9851460ec2742,f612db6c03aa4304963381a2ea4ef71ba5dc018f1d965f5ff0b158fab0ce29b6,Light-R1-SFTData-stage2-3k,3224,train,369,3
370,eb3e36718976b964df596d1861b5527a374291440fd3cab7d29a4278f659aa8a,3f18e24a3ffad831fc5166a881f5c46b7ebdc12bf2fea841be0e13aeb86e5ba8,Light-R1-SFTData-stage2-3k,55,train,370,4
371,31bc25d68d221a0d4dbb3754b4eadd03967b26af6d558939403a6ebf5ef9b529,7e0694e05ca350ec2064fed0d4857c4312ce6ebdd614b89a331e0b330c60625c,Light-R1-SFTData-stage2-3k,3214,train,371,4
372,0fe31ab71e93cd8d296d5fa2ea7d6724987e240a2760a73b08bc1452e76a3209,db2f12169d6f8d471fa24b47f49242000b722759832c3cc20f13c99f1bc8490f,Light-R1-SFTData-stage2-3k,1053,train,372,3
373,f45288f65060a4984c6b57f50f1fa5c18140182041612afeae876704c5025189,cd4dfcad7e0dc46bf30bb22448ebeaf33656f59d820a6682b6f80ae4a24a5386,Light-R1-SFTData-stage2-3k,2489,train,373,3
374,3ba0f4fd4edf08b0ec98e23b1ca31467425bbb6f732021f7197f43e8d9ada91e,cbb184854bf560ac5c35e69de408935efdd79ef25bddf02116dd4f3b7706480b,Light-R1-SFTData-stage2-3k,576,train,374,3
375,4a305263e40a8b506aaa8a8e8da17502a0e86d448131d8cb4101cc916f45c2ae,b92cbb48ec561227cc4ed8db79a7d504796c5bd9e3187c897f3deb18310c5af1,Light-R1-SFTData-stage2-3k,3146,train,375,3
376,eecb71ed7359bd2dc2df7169c346ee6c844b33eab37791bda71b12af317c2572,6d02e5b89b498281b4a960551505af9bcc46cd477fd42d1105431ee35a8207d0,Light-R1-SFTData-stage2-3k,1859,train,376,4
377,5dbb0a8d4c1263232246f4a0625cd4dcb61b92d8d785a660fc12e814b2b26577,6ce3512a9cd21c326d3f178cc749fde7bca36c7a142b47660cc8abbe49a4ed29,Light-R1-SFTData-stage2-3k,2578,train,377,4
378,55190b014627647311f56bb71a69da3d829176c01d952e535782678e0b5e16f8,54db74038f291cb58a290cee01af0f7fc1841178146b95962adc199a53e855a6,Light-R1-SFTData-stage2-3k,2671,train,378,4
379,3452cf0946d64892cb9a19a33acb7d8ef630135dc00f7ee43758945cd8ec4b33,d2f7c1e4663ebbbc88613c64923b6b6357cb06b95e50fa38fcb9f8ff2dc94e4b,Light-R1-SFTData-stage2-3k,696,train,379,3
380,5a4219ed76c062c900d3c87ec91cae8518257b46613c1e20e3027fee7d1aaec5,2e009f1bc9c468b625784981da80caf072ce0ec51a4044cbc535e0d6f4340ff6,Light-R1-SFTData-stage2-3k,2825,train,380,3
381,41ffd7ffffdfb3537d1829aa9adea8effcce4ca13bb57e669826e32daacbab1d,a309c2abd17a98fa05d197d6674901507b336d7209114b66e5c485c4173cb295,Light-R1-SFTData-stage2-3k,2159,train,381,4
382,b75325c9a7c6948951e8e8e2a03d7be9d025c5a447ad57dfaec630343464a5f3,02af82c67817cd90a0350d63aba3e553ee2ba6d0f59191665863e6262dad4e8d,Light-R1-SFTData-stage2-3k,1942,train,382,4
383,f0089b8af766810bccd1fc5370eb994fffe195175b7d879ad65d75aa3063124e,a5d0fe40bf9f7eaaddd91318c5b8b0c2d57e048cc8feac686228f877d96145c2,Light-R1-SFTData-stage2-3k,2113,train,383,4
384,03300f7d66db3244eb102c6c11afe1c4647644b2a4132e9cc547517c32a893dd,645df1d16abc99fcae3a690bd51ca786a0e1ff779044c243bff52e991a93e8be,Light-R1-SFTData-stage2-3k,2431,train,384,4
385,f9d0b3940de2174ef60a1eb8204804a3da73dda34aedcb214fb23fd1299f9b25,a8b1ed45d2dc503239ded07e0b5ad7bdbd8ef58ab06849a776b25bfa40be25f7,Light-R1-SFTData-stage2-3k,2190,train,385,4
386,c110969e340b77f91913e6526cdcfd80142e2e5ebb0f671b17fbff101b6c4c20,ebf68274b9cd9a9417aeb95836284400a9f88e74d96cc54bf05bf7c235d0ef85,Light-R1-SFTData-stage2-3k,2272,train,386,4
387,26c94a904317c3ad0f80bf3b08bf64dfa59f354828210221765834c53531465d,5a08d22d44dac0857197a0701e51705fce01ce52f0c1b74845776fe31c2159fc,Light-R1-SFTData-stage2-3k,3180,train,387,4
388,ef26edee345404fe22741e2ba8b34b07d151979a538ee7af851367b591781e3c,168b4131f360f00d774d9a4d653aa0b9ca1eadb2afbe9548ff0ca692edfaf150,Light-R1-SFTData-stage2-3k,1109,train,388,4
389,0f9e159526972ff3967e7b049d623e5a6600d08790b50f34c1359e2e7cee0167,1c1de6d63e11268e2aa6767b4241188629ae6ad5355f075a7d3ef7b6c8f7a38e,Light-R1-SFTData-stage2-3k,2046,train,389,4
390,a020a82e1e5e37138bfd868b5fc35ceb635ececa911b3c2f2de9a348d82ef52b,f91afd6e098014a1fe880664d797fc35cf3d818e751f5cd0485d0fc0384b01ad,Light-R1-SFTData-stage2-3k,1486,train,390,4
391,c83da1f929913bd3af701991b9da30d2cb4ba16b93687dd26579c0173aa86e5c,6c72c260542f715d41a17fa5055060a57b273a41c4eaed432de7dc9891243fe4,Light-R1-SFTData-stage2-3k,639,train,391,4
392,bbe808e5d731ab0bb505948830cfcb42979d4716e5125fbeba06c50e6de550a8,4cdf51ac60b0b608001627ebf836b160e42637ecdca0aed0128d4d4a694f09dd,Light-R1-SFTData-stage2-3k,3437,train,392,4
393,64958476edbc15390c77930346243dc6d7cd1fc1c6f3badbffd211e4dee66f13,a3bf076521a3a10ed8844c0a00bbf7a62a18c8be147db9980f2c0a29c7a3ce87,Light-R1-SFTData-stage2-3k,3067,train,393,3
394,b190bdae903576c93bec01e11de9b797e7f0b3d08d9d854ea885b338ed6ec7fa,b43f5bfad3975f507d62cbbdb03e821ca2af32fe84217d4455534a694c300f52,Light-R1-SFTData-stage2-3k,2361,train,394,4
395,7cfee9cc34e409930ee3402b596034ba2961da03213ce25207c0ddbff81a9d2b,ce4e78303a1b091073cc1a02b13a5af5402da70c42f9d162dd093c06e15597eb,Light-R1-SFTData-stage2-3k,1478,train,395,4
396,a609437bcbd2c6cb5a5374f3874b0e82daf234f89c26c694a9ad8f8b4e4eaba6,54233de34aba65659afe16d7a1e8566c687c2aa3a4616194bdcea78fab350ab7,Light-R1-SFTData-stage2-3k,708,train,396,3
397,61a329336cea5e021b5e06099036371340348c0ba85d0ee207d668091bf327bb,37b71808836b01b89580a8c9d3028c958769ffc524983741ee1d8a3b32499bb3,Light-R1-SFTData-stage2-3k,701,train,397,4
398,1b4b705b3e7871d8190d9c82d7697e6fe541673f81bbc8b36fa3843fd8b94a6f,3e4680f1750157ad1c55ff03cadb2df26773622d65f94475a7f3593b3251957a,Light-R1-SFTData-stage2-3k,234,train,398,3
399,fb75c9d96ff2f4afac2e96b46702c85daeded06ab85ab2609320d13196b17a9e,7c40f1f2f1098bb7b8c4f0c38bd377ac58d8c674158ba8ffe1f2c22baa861232,Light-R1-SFTData-stage2-3k,911,train,399,4
400,0f5bf88fee968f157f5df1360de1b59663449ee97222a7a758949aa77c0a738e,8b7309a2148583f2f3d4a1bfa96c7d3a8642e5b49b0b01d6b3dca3f42362c765,Light-R1-SFTData-stage2-3k,1128,train,400,3
401,94ddf3514d5a64587fc54afaf49d895a79b4326432fbf2270ac49697f41bcf33,23c367e8082b9a13996315f6dfc2ade5705b03cf25828a7b12627a5e2e60ec02,Light-R1-SFTData-stage2-3k,3263,train,401,4
402,f5e27ad6636a404b8e5d950a12f95f057771a3799f41f0c2ce09f259348d1bf6,d6a7edfc8fecf64e7cfec3721bf766c464d5997e37e340e8197c5153f5cb75af,Light-R1-SFTData-stage2-3k,16,train,402,4
403,81fa1f14821812a615b5717c4e0f0690eeebcf3f5097393fa377d224e2750251,33eb2af65933b64eb5b2c2d518546a82ddb18ffd9d3a897034e8ec78c944802a,Light-R1-SFTData-stage2-3k,2288,train,403,3
404,af30dc7b8cda51957077ea088066c857ed8a66873cdfeb384414b314aea8f376,900b093cb004afb95b09ef4543081f3a6204f6b089ca709ddbc51488e38bd272,Light-R1-SFTData-stage2-3k,2138,train,404,3
405,ca8d791b6512f10b1db652104d62846beedc573eb7f8d15e349e94ea869a209b,66697b23493a7c7981a95379e924f33df3f05f91fed940b1c34298f67f89db4e,Light-R1-SFTData-stage2-3k,1198,train,405,3
406,fc70649cfa3c6f3b6db32f0d9a025d3c159dbdff29a2090a3acc5b460b296007,fa940dbdfac42dd67a54e726e2e6d3a4b97b16710ced6fada823552b049a740e,Light-R1-SFTData-stage2-3k,1152,train,406,4
407,bfa36325a2d05a5a4c291873b160728ca04994ce52387d5d43eddabbb59d7ab7,81970f85f33ffeaf1096024284f6ae2054fe532335e4ffa23f6a23bc13c8a546,Light-R1-SFTData-stage2-3k,1537,train,407,4
408,7d48e68cf4830c483b2897a04ab98cbc4d8c685b52c126867218b4089e1d194e,f542503b7273521b68f9dee3a9338d1e03a2ca09a9280e6767f7c49dcc7bdbe0,Light-R1-SFTData-stage2-3k,973,train,408,4
409,8845bcc339d43f143621cf74baa08e8a15dcd39a113c82d66b2185db968526cc,4fc7b741695039b705027d3a43d289348036a81fbedb25d41b5a7d2d4891765f,Light-R1-SFTData-stage2-3k,2042,train,409,3
410,7d74c9f4fee3257906b36c3bcc8ace614aae65b5e3b55bd4465e3f363b3a9d52,055ece598c72d6342dc731208d6ea0c907bd2b9dd96568cd39fc837aca8b2f7d,Light-R1-SFTData-stage2-3k,2650,train,410,4
411,bd19991f18a3d168fdb7b2e28412a41fdef6524667459debef60343a6da98cd8,28c59c6d8be2dcb799d2a2d1a9692e799107852d023e14554048e111442c8bd9,Light-R1-SFTData-stage2-3k,2834,train,411,3
412,63a7523590497b5ee5de5f2604f14f92c303ecec76494063eef8e66e998222d6,861b1549272997178255b8e264e0b743227dd4e57cc2ac5930c3c79acfbb83d1,Light-R1-SFTData-stage2-3k,352,train,412,4
413,7a24027baa973ee207d174b1a267612ebee6970557705b6cbc53960e5596fd79,a25b0bfeb0cf7419c206e62e854f29effaa378643e6a6bfa642c53809e59f3f1,Light-R1-SFTData-stage2-3k,882,train,413,3
414,887dd95006b07a19761ad5e46ac5a15211709e98f1e9f7fe64a6c9b82eb63473,8d7c82fba2ad024a343493700c1ff18008e755983a1a6b77d511f4116417e2bb,Light-R1-SFTData-stage2-3k,2842,train,414,4
415,dced9283adda52e1e32059462304ee8e9a4bef6d0437bdaad2e5d8e532eceba8,1a875a05b7ec11aef7cefa6d84700f74f1209bdafa1f11d1e0a5fa2045bb3add,Light-R1-SFTData-stage2-3k,457,train,415,3
416,d1a0b3205547cd98eef6479129b9310dbe8ec7fbead1d6f92541517d4ff21a68,2c2fbb13c77a56aab0e32e798beba1c5cf82aafadd6490a6f2c75d48cb9a3f62,Light-R1-SFTData-stage2-3k,3525,train,416,4
417,00629af7bdc555d7bcda550a5bcdd99ae2ea8c8339b27d9ae3ac00118c7b53c0,5b0f11c9cc952d4c0d2655cc725ab15fef11f7d1171cc3a5a75b3d3f616f791c,Light-R1-SFTData-stage2-3k,3396,train,417,4
418,9fe2efa513daaa1b51e1772d9529dad5426c58a46355b505aee090583fdaf459,fbf041c3b0c47ce1acd19be0c6d025002b3a2f595752b8ed27d24cd60872238f,Light-R1-SFTData-stage2-3k,279,train,418,3
419,d0f8aca176f25709e104c0f895a1f958bc4f409d465c0d3345f6fecbd1e49842,42fbf426a102e1a75e5569b3a2a9d29726e9bb33a1ca8ed1e08c8db3e8cbd0aa,Light-R1-SFTData-stage2-3k,2241,train,419,4
420,95b3000be5c0bc304c31ccda525fb953a44a8892d866a13a7e1122f2672373cf,74bd5e704e1590a8bd7fb28ced7bd66f490d0475f60fea6411ef8e089e06c37e,Light-R1-SFTData-stage2-3k,2089,train,420,3
421,af27152461e12691dad0bb15f960ac985c4dc609da8336e98b8e1b48aa9af912,881a5478d5d5bb6e26df03520caf8ae3305162be7b1c0b640acffc618f9070fe,Light-R1-SFTData-stage2-3k,2807,train,421,3
422,971f3f3cc4d89637a83e9017ccabc467aa38573fd08f45707d946e3b5c145bcd,3d241ab0776b778b5a614cbdd9370a5deea1f82d77faa672e0fd1694174658b7,Light-R1-SFTData-stage2-3k,1873,train,422,4
423,5d3a2da71ea12ead1734451a2014d6681b060ec31f4cccb7482d99a4b44b7bf3,98c5adf31c5ed8af984f5eab55c90162e1b6b06e90a5ff147c0c1d78b0d733a6,Light-R1-SFTData-stage2-3k,863,train,423,4
424,23cf0ee667a9ccaa8f584301fef293d1bb74b5d645fe24bd7bf24e9355a6ac4a,7b24376f3e34a4f6a29dceaba84e76c95059245afb9feb8c9ebc671d347eddd8,Light-R1-SFTData-stage2-3k,3448,train,424,3
425,b7e46561b0253c4a8f496f61d73cb00389c9a56572f3ed4eec26c12833ec73f6,5a92c584b1cf5e8a82bfcbce906aa05dd407904d75d58e47e111d1bfd3fb578d,Light-R1-SFTData-stage2-3k,1291,train,425,4
426,d5a07db57aa042e0c42c353317c24752d916855a177ae35a8ecc6ceb7d9a0b38,5220240617a14a4f885115fc8de72ad1d6193a26d6086d1129946ceebbc5b585,Light-R1-SFTData-stage2-3k,3517,train,426,4
427,7e3c4ce2d732bc77c9d1fa27274b3e73c22f9624a26f9c8468195429b0692b31,ac98d59a9ac2262b024d147cb3d0ae068853055c2af4351cbcb33f3ceeca5513,Light-R1-SFTData-stage2-3k,179,train,427,4
428,405ce73b8f51ca673c1f2542edda788eb79a67f493d636726e1caeac2a4eb243,b6bc56f302815066ed7efd3a0041c1cab81e4858ca83aa6250feb076063c2978,Light-R1-SFTData-stage2-3k,1603,train,428,4
429,117568a29f9b76e67c6111ad517cd73459a5dd1138deb2a369e54995abd302cc,7b9c7acf24017849c2b467d4e08eb1636b5385684b484def87c63b42d0d9d314,Light-R1-SFTData-stage2-3k,1906,train,429,3
430,a00eb3a5c8de4539542e160c3a257e8f2d0e1b8bc777fc88432b933e4a94a179,95e58988f1dd73ed67d5a631c1708a4668590bd3014377acc6531b1dd88ed463,Light-R1-SFTData-stage2-3k,664,train,430,4
431,b0dab3546aa0e976a541424b0e34b326e201b748fc8ebe8d8833d79ad5998f85,6f2e30e7f6626a3daa3b8d40fb29972ae30081a2f301a690c5c1edc234c20680,Light-R1-SFTData-stage2-3k,2356,train,431,4
432,f96c9b81e6a7e93015216df1c13b2fded400cc7bee694628b9da80d375c4a0b1,ddb27f8c3dc1b3c6ff3ac9a407d671cc07ce0d882612fdff33922116a3f7e951,Light-R1-SFTData-stage2-3k,3450,train,432,4
433,438beb4d55a1ffad293fe3ab31adc3ac37d89ace6fca59e51adedf6c6a38612f,a32b4145092893af89996b9331be069af1e554b7a2e65f8fcf504121b45d93dc,Light-R1-SFTData-stage2-3k,541,train,433,4
434,129e9724d64892d7c8ed8b77ad9d71941edf927646b220a7db58dee3b07748f6,c3b1bc88f76b37f73e0ec0d0ce9f922421557cdc4f48da03f967b36a0cdc5b36,Light-R1-SFTData-stage2-3k,2649,train,434,4
435,1c00924b53f753dd7fe10ce89b488f0c8aad5448b009c49b8e33360cd7d131bb,2d5bf5cdf77710ca34d7433e1e9eff6204ddd3806ab3cdf2e9295c17d864a946,Light-R1-SFTData-stage2-3k,916,train,435,4
436,3245cf6ebb2084edf720c1bad8357251905e6638c295b8d91f1ff393d20f98a2,e6cd92d6a39c30eadd7b58ee01f76357e1484d8a772e677af2d6e92c3f142be8,Light-R1-SFTData-stage2-3k,495,train,436,3
437,e12c5bf27103dbdeba29a666ae0cadfecb7a507abb2c69f80bb2756eadf24124,325e9e8e2927f578feabc6d50ae8feef31cf1aab7c4a699f8c66abbc41604dbc,Light-R1-SFTData-stage2-3k,2314,train,437,4
438,d3a53737da27cd8f1f4fc01387659577cfebab42e75f8101bd12d43350d0ef39,47d933bbc9908a44f94fbbb6a93a293f6d7da32d13163cce86a0f0c70d24885e,Light-R1-SFTData-stage2-3k,536,train,438,4
439,45f8c7832d551fbbee8f25e82bbcf5360a5850913100f51be29e124e462f86b1,628fc49f728a24d5ddeb00fc4fc7659094b2fd426588be8ac0fcb990bf5f8199,Light-R1-SFTData-stage2-3k,2687,train,439,3
440,815ecdd58cdedd4cc9e47b6bc6254b25124d6ef401e6c285e93581d4e02c8c21,a4640535736e086a1ba0d895a6fdbcd5017068f20475087efc3803c92976fd4c,Light-R1-SFTData-stage2-3k,3252,train,440,3
441,412808f7c92b2e63af7d8148b2963f0cb9fcb59b41d4f947b50eaf60337841fd,b2849c43f90466b9431a6c117a96cf77dfdebfcb0a0c6dbd5413002554f4ed20,Light-R1-SFTData-stage2-3k,720,train,441,3
442,9586387ab59f4dfe7f90d0838f80742cdb7bcd1cc0f12dd98d750a1eef3f6523,e2d68fa21bfbf18096aa2c2ae87fe09ed7bab5074f09de9f82fc9588e45832c2,Light-R1-SFTData-stage2-3k,1362,train,442,4
443,add00e5e90baba5d222eb7cee59d871082c6138b38db6493fa4de019eeb46f15,b42e770bf1321a47b9b49d878bb88d054b0c5b215f978fa3e7ce3afb6ea57d6d,Light-R1-SFTData-stage2-3k,3364,train,443,4
444,3be0731061124ef4e01538e3bec3204e18d426717721c622dd0aeca4430bec46,85d5d60a66bb6a08cbf4504ddc854d4b30c6ebd4b427383d8cf784891919dc76,Light-R1-SFTData-stage2-3k,2968,train,444,3
445,3148e30a2121c96a8ff1361696f53ca14e99598f34cee106ef72c8726c79c035,00edef756aa8438dc70d9846250b21f589e2fd69a619ec9c5fefde73b0e098da,Light-R1-SFTData-stage2-3k,2857,train,445,4
446,e2ea4c4559b999f5d8c70f1bad67ca6f13cb6d95494d553e263e15f173e37001,1002eff5fda8a8960d70937592a39bbad0fc43fedeea61d047e97df81731c30f,Light-R1-SFTData-stage2-3k,883,train,446,3
447,a8c0c8b5ea63c45f727037f27ed32fbc312889f1fc6aa3b90d2b409342f1a224,728c90e63e5b7c71da9ec42dea82fdcd2d7c3ed2dd408a532c413a7356f90d5b,Light-R1-SFTData-stage2-3k,345,train,447,3
448,d90f2726d366c8d1b947c49bb36cc6795010f63927573654b661d75fe299861b,2c233afb10e3a3a8af5ceb16ae562a32bae007c1004ca6378be8e30428329b6a,Light-R1-SFTData-stage2-3k,3466,train,448,3
449,73a22062d4c83eb4014f96a98ffd3e98525605b5ee6dc20acf67e2896eb22012,e4d2a3464b8db2ced83036676b9063095a22c462e94202f289fad6e81dee24d2,Light-R1-SFTData-stage2-3k,884,train,449,3
450,0f64109cf8ce1e92136a5c4b21ffa8271d252ba502d892c677c4722006897503,89f71fdae54930342c30ef332d1d29d92fe71955582547c6fc850c8447dd1276,Light-R1-SFTData-stage2-3k,832,train,450,4
451,910478195614ff17ebc9c3edd614840d7464db393dacc010d676bbe34b20bcde,37fd3fddc1480d799e64e6496e671c8ac6816aae61011ac2cd1c49ea5721f20f,Light-R1-SFTData-stage2-3k,1299,train,451,4
452,336ea3b848ebf8f91957c1433ec68397e7c33bbd778ac3e9fa26378575f720e6,8d1ca811f98b31f75e8cba07560bafb102c19dfc555ad3857b8ec4f434c20464,Light-R1-SFTData-stage2-3k,2647,train,452,4
453,d62b05028ea6b48294f8f7165bb6c18a231c472bd745d9cf78fe9f71374b9f2e,1afe7d6c7250a539563a487a1c393d7743eaf47797632b8182b7cf9487635239,Light-R1-SFTData-stage2-3k,2910,train,453,4
454,dd35355009112856fd937b7084eed2e7fd874e14444eae32ba6974943ca95266,bce8aa702acacfd9512fa50202ed0c0614e7f9f8a09f9fac1d8be480edeeb0e4,Light-R1-SFTData-stage2-3k,2737,train,454,3
455,80e005ac9c3048df0098faf0d22c5d22941f9ff49e3ef5b97d690438fe2af060,67d8b2075bef811e60825832647c230a283414e71257c157c92a42ebcd24927f,Light-R1-SFTData-stage2-3k,3358,train,455,3
456,7d6d766b8d67d3d2b3ba26f5e7c025dbfff39a277135c6f0148010892f32342a,5b0aaa05a71ee1593f2a6583284d6b71e714232dd9f7d7cbb2bae59c55edd52b,Light-R1-SFTData-stage2-3k,2135,train,456,3
457,3ead328947abe2449134f1d739d0fd0675ac4778a612d60a500573401694e74a,ca8f6f6a5ceed55728a12ef78cd994054767d684c8bc277db039ac712a4653bc,Light-R1-SFTData-stage2-3k,1934,train,457,4
458,5da44472e8a96bec78dfc247eebbe4a17b2d715b7ec4d6f1d1eef57d6c7f3987,f7eb742058886cf198a5ac93b36caa837013a305ef942f4f0a0890cd33b83574,Light-R1-SFTData-stage2-3k,1816,train,458,3
459,d16ebebd67755166db138cffb2e2859979cf823818b6fb6b89a7fbe2e003a387,adba038df3e55cec479b6f530e799e8d6ce26b9515218dca384b6a335334a7ce,Light-R1-SFTData-stage2-3k,3246,train,459,4
460,d2bedc6a9720ee956f513d02951190306cb79c411bfea149bfa046f1359c59a6,7a7f1498cb13f86af05eefd818b1a59d8becefc3f6a6adefc8d3d08826843b80,Light-R1-SFTData-stage2-3k,983,train,460,4
461,f5c2b87b473af0ccefd152374b4f368b5977e54c48dc54275b228a42e3e2fa98,e9cc66426cec5b57fe39d3988b60a6f095f73f572019067e140e3e5f402b3905,Light-R1-SFTData-stage2-3k,2921,train,461,3
462,5ba06292c31c059034e8743ae0efd5d9105985b4888276bc366aec0f72f5a9a5,9e360acf1829028443f0baa9c0aed5a0631bca13d5ff92521d61dc3df85a2dc6,Light-R1-SFTData-stage2-3k,1846,train,462,4
463,6112254d173b797770d432dd83a7a9fe7088302b284112bc4d73dcad6c8eb6a5,3a4cc2cac48bee54ca4f3715ead631969c09877226c6cc95530e587bce2f9d66,Light-R1-SFTData-stage2-3k,1451,train,463,3
464,0be7a70a2e36396007c795b773ff671d35c9362861e3b23e26ff6c28905aea61,c3659855ca235a51db78c1e982ea2d3a95dfc0b7a575c62c9c5878f052ad1056,Light-R1-SFTData-stage2-3k,641,train,464,4
465,68cda2339e1a464ade760845eb571f4fbb95a4556cf26285e64d28d2f019f8e8,05399edee9affb6dd3321381d9cfc620eb7d14e984b2e00b97df820b5bfbb943,Light-R1-SFTData-stage2-3k,1441,train,465,4
466,cd168e36ecf5170962e68ccf5c7fa486e645186e4a301213389351d680b75760,3c397afe5526555980952d6c0622a5ff89635397f04a6eda951800416138f600,Light-R1-SFTData-stage2-3k,87,train,466,4
467,afb64fa2bec0cb22d2acfb815f12e76fa396d8145caff6c8a79fd4feb89c8524,49bd612d6e066434b1f34f25a006bec4344553ba5ad487ec59917764a1bce3e9,Light-R1-SFTData-stage2-3k,2180,train,467,4
468,23bcfb98004628daf43269c95daf8b5c215f2067b1fe0143369a808498d1ea0d,ad1d7dbd73c9956523d9474e4891bb39adc416ffc7928dd122d32ee50fbb5f4f,Light-R1-SFTData-stage2-3k,1541,train,468,3
469,0d52d52bf43673df76680012e17ccc7e9bfbc01fcc009882627f72110cebbf71,46d0aab59372ba6dd65721b9f9599dc31e1aa5d474694fce18a34175fe7b7fc4,Light-R1-SFTData-stage2-3k,1785,train,469,4
470,79ea2cf5fd0d068be95d102451bf48c0a78f1618ddd5e520d6e3cbfc32de9d36,6ff65faca865076d6d79384ebc8d829a66030ed7d7c7869d22ccd840506f68ae,Light-R1-SFTData-stage2-3k,224,train,470,3
471,fde0d43ad8fb65591fd7ed38b0bb60702b2c4cc7ac1e0f635e7dedfc36132d3a,99eece98ed1e032918250e5ac7a98cc5a2ccbd68b3bcc081aaaa0e1756561747,Light-R1-SFTData-stage2-3k,2500,train,471,4
472,d974f762153261a12cf73b8fc3e72a3e7269506e5bd3cf5eadc1a53e0eab9dce,fc59c6d79e336ac34af9fff7c37da90a127761313053e5f1a4f2cf796784468b,Light-R1-SFTData-stage2-3k,1540,train,472,4
473,061f826fdc61aa1beae2fd7e3aea51b03757074f73ac541a715d0cca23534727,19593c3c6bd431fe1f5441794fc9b7d3a8c4ff4a5e3c2fa7af24785cf21c6d57,Light-R1-SFTData-stage2-3k,2035,train,473,3
474,85da3aac8bbb618160074bdc0eb86a5007bdaa82c4b065c3653256207eb7445f,d571d6759fa931fc5fe1dac9361406ea2573ff54d84b6368ce2e01b97dcf80e7,Light-R1-SFTData-stage2-3k,1587,train,474,4
475,0e4ef2f214a89053056cdbb9f43bc51f76fb02b91581264c8df43e2fb31be0b0,651351169462cc88058f658e014fb486a631d80b1bffb1457834ea4e08ca32c9,Light-R1-SFTData-stage2-3k,2468,train,475,4
476,558368be76beebf663d182bccd28125683003b87df73f5e38f0ac6dd561c3c7f,8363a5105c69c1d4f3c4471515d2474a74ebbd52270688a0d258f2faaba3ba5c,Light-R1-SFTData-stage2-3k,697,train,476,4
477,f3f6945337507c22661be827de4c2b078337e48885f1a2cb5548d1f335fdf353,db7c62b4c8b62a3a2ec8b70c5efe712efd1ae162fc38ecce108bb61bfa7c0ee3,Light-R1-SFTData-stage2-3k,434,train,477,4
478,9a581fa1963b9bfa7695ef33c84c53c3ee839932330d6df5d8d82fe52feae5d4,eba8ceb2d1fccc408c333be4b27cd4ff1e43c1ce7bda52c7460c1272a02f0836,Light-R1-SFTData-stage2-3k,1040,train,478,3
479,36033d058d437cdfaee12d18f3e7e61faead6da6d4012603e12962dc102aebf9,78c3b5b1b4705590269d52429b6f4cfc1e9721c1b8d028492d28b35432fe64d5,Light-R1-SFTData-stage2-3k,2079,train,479,4
480,c22f93a919a56736fbdc59976e78071f4a58aa604238a9503dc9d15d6b630689,846a0adf771b69367917fb335e8304174fe1d687cdc09a266e91f99aba902d6a,Light-R1-SFTData-stage2-3k,2544,train,480,4
481,f49a834bc640f83b7c9e989659fb6e09394f37bfbafbb8b1f517e112a3ea686f,0bd78a7ae50f2dd911d93aa12ca25b6a408079b2dcf481343442e88e627979ab,Light-R1-SFTData-stage2-3k,2656,train,481,4
482,76c02318e234cc3afb8e0d1f97c65ec3e0478d53d182b7f12e3bd2481d0a8053,448b7a62b1a78ca73a1c89c60755cbf37b1f2d4779006387eafc544da6a950b3,Light-R1-SFTData-stage2-3k,2967,train,482,4
483,549db926eed987d99267872e28f28f7eeffce061d4d9b8945f4945a9b31430c1,7ba0c7506bf1fcecd5b594af49b85e417784e5dc0a68c27a56bad6db48a83c26,Light-R1-SFTData-stage2-3k,3312,train,483,4
484,6a23c6cb8633974bcd48f17426f158d1da993e30635160662ea122b36711a893,98255d008cdefa4539d2cafd4e7bbdeb2a6f6b3ba12d3e5554c6b13ad2902a5b,Light-R1-SFTData-stage2-3k,2983,train,484,4
485,7e4f8e9c29ac20dd1a0ef88009f9d5959c86a97c65838f264096ae83a559dfa2,f42bedb397206f7f6bae3e8c7f7185859ba0e1c011c2053a0120b321f24cd4e8,Light-R1-SFTData-stage2-3k,3017,train,485,4
486,482cf560481869d844f90f0c304a8bcd283ef9c1cbcd8b9b5732480168d1b512,566c4d968c6aad39d3c9321920e6e0ac1d7509ecc2d5d95968ecf16e967b128a,Light-R1-SFTData-stage2-3k,2029,train,486,4
487,31ceeb616ef362561a6affea12b173b5122679b9c4354c857284417c0a021089,2a67839d4933cabda9988cffc28d8e73c1c6c7e64be423a870631c5e33808c2e,Light-R1-SFTData-stage2-3k,3045,train,487,4
488,60fdf6b6923b304ec0cb4d51aab2ba385d53b175caa9794507499451024da207,888e5646789bafbe423826a2b913297ebc4b96a462d6132024877ee10f100c5a,Light-R1-SFTData-stage2-3k,2496,train,488,4
489,fa2e8532062480bfe2aaeeb7d91f5b62e9f73ebc55a03c68bde0ff245fe5cbdc,026ff2c68990d60a1ba8f375badfc86741be62dd7d1b6258e38e650f3877099e,Light-R1-SFTData-stage2-3k,3465,train,489,3
490,f78da9e491a61a796aae73e23bf76fd3500e9a1fe982efa3323852b4b5313044,607716531e414c1d0a8049619805700ab5f1061eecb5eb81941e84665390f1bb,Light-R1-SFTData-stage2-3k,2434,train,490,3
491,c246cdfda2655c4b26f314df7a850b4a291b24233825a19c12812bdbdee24063,01b73703037002f2525190df2ca2e105dd71b44a2bf774f63fe3e15182ec43d7,Light-R1-SFTData-stage2-3k,729,train,491,4
492,483eff39707b73628783b736a0a28297faafdfb99bad4011078d22c65ea20ba1,5d1cd929c4fa817eeffca94e4eb88b2401f5df3da91a2dede8b530f4bfe6457a,Light-R1-SFTData-stage2-3k,804,train,492,4
493,b7b74d6d9fc005ba010ccb327959fb6b502bf86c3400e4233625d952c8444519,b7d49a982c5d9bd2da860e4e9ef20bc3c576753f72f7d5cc208605b16e723515,Light-R1-SFTData-stage2-3k,2064,train,493,4
494,11db23edc03788d6589be1972e4835dc56c687883df74ddb1ef422a539e351e3,033e5f1bf379d27bc825ee3126d57ff3137131b6c64dcfbe2d11e034bc1dc787,Light-R1-SFTData-stage2-3k,2397,train,494,3
495,9eca2f5f578c943c5ea1d2f15cbd2a72af83709b38fd0bf31ed1a6099cf8e1f5,67035031ffe47803096c4c362234e160fa44ff420803ea542ae63eefbc904e9b,Light-R1-SFTData-stage2-3k,2469,train,495,4
496,83383b0a132968eb537052ff9839368a0fc798201182ad1fda3b9b999ee36f21,c8215efe4b652a9dcb2db7d04e8833070d508960917a8c4c56a89bf9eaf47214,Light-R1-SFTData-stage2-3k,3344,train,496,4
497,f22727104f3fbea16a358abc2411cc466886c8c785b97c3c29253fb2f560aa68,5fcea55db310ec96f560e6e128fb3b35cb0481d677089b16f813a9ccc4f179b6,Light-R1-SFTData-stage2-3k,3492,train,497,3
498,cd573f0ad91ec742f7508ff36dc4c732af0f4d337122db07cfb2e3337e795f3a,34bf26bc59778be1525f3652a03a50a374fd7fbf1662276e72c56661e677ca55,Light-R1-SFTData-stage2-3k,1639,train,498,4
499,e9412cfc2a9067f4a5feaabd43ff88d62a5cba3f420ada818e68db15ab6eff51,1191e7270c35dc108e5c16125016fd46552ffd1cc7379a66db4b951e6412b27b,Light-R1-SFTData-stage2-3k,2635,train,499,3
500,35e3fbd26367c82845dc51789009029e2170e1191973ad39839a734a525bcc16,4df9f66b83e0e1c2fffac6fb65eda8d39a0916b2d492f19cc36393e3e57fe15d,Light-R1-SFTData-stage2-3k,1381,train,500,4
501,eb5d712969bc9df40cca1e433a45650b145faf5da0e2bf2a6743b01e6a6a9802,5f6c0be3ead92326ed990451618c12062e3621e05d5cf88efec3c7135d057f55,Light-R1-SFTData-stage2-3k,757,train,501,3
502,7fb73b6c91bd615e04b29ac4816f8bcfe6fe4701d2cc3079340fba7c1b8e3dec,b132b6b894e4f7dcfbb8abe1e8a6cb6eb9b112701944fe4f6dbbbe9db4654e32,Light-R1-SFTData-stage2-3k,3084,train,502,3
503,3dd986ce95d2f23cedacf8bd9d0b59f1b23ec7b4050c97d9aef21a26aacf45d9,c21fd3f5cc6edceee3c9abd02f539c887263290496b3c2089780cc54cc1633b1,Light-R1-SFTData-stage2-3k,524,train,503,4
504,8a04ecbcc2d5f53553c443d50f0780cfccdedfcfd2b175bc36e154a85d8316c2,c8ec52cf7877bdc3801cfe586f7858de7fb7cc97a5cb2bf9ccbf17cc49367f0b,Light-R1-SFTData-stage2-3k,2098,train,504,4
505,83905d6901a08232df1dd5f15d9420df45aa8a010de4e5f5ad2cf81809f7687a,78ec0b96e811de317c25ead3bc8545453e47a10fccd12f2543266730fbfae2a9,Light-R1-SFTData-stage2-3k,216,train,505,3
506,001930b85c77b72b21c70d5fd51d19e6c7dc29a8685c4b19ce55f9403ff79ea3,bcd249ffd83a4a13b8a9849bae27a0180f82e11d36c5dad0c44e3492b1f96548,Light-R1-SFTData-stage2-3k,2008,train,506,3
507,3dadbcd62b1ee651f5e978e75c612e3aec186147c5d44df2d6d8ed66c47e08b1,2574e2d1d64bd805fc50fab53f2685fc4b54da7e9fcb9e01823ce7848b94fce4,Light-R1-SFTData-stage2-3k,1474,train,507,4
508,a2a41b3a920e9e1acc990b4dad1d7bf34559a4e6ff3f74ce4bdc67157193ba1b,a87a02e329ca213335fad0d81db641bb204a3bc76cb7222c2a656588b177d522,Light-R1-SFTData-stage2-3k,417,train,508,4
509,62097314c4f2b5b63457f07313655e1e5c8a681b0b5d763d8faad22e54906ff6,96230c14e972dffa4f1d454567d7e3d6faf26c96b964968dc189df0638ab74f5,Light-R1-SFTData-stage2-3k,2607,train,509,4
510,caa05fd61efa27169ebd1145d185867eb31febce9d561d0bd91f1fb7777028b6,2dabd2d236c3a76d13f4f6d4e8ac42e31d9f33685815d0720cbb4dd7a65eea8b,Light-R1-SFTData-stage2-3k,2368,train,510,4
511,14291df817ca8820c0b9e12d49b7d3421cd84a895d4bb6ff1dfb772afc590880,12c77b76defe6b13585b18b7a58d4d29107f395337bdeb18f061c193da31e113,Light-R1-SFTData-stage2-3k,170,train,511,3
512,bd73c6f71665cb4a3144d7749c77ff248dd1664678352917f90b9beff4d8e540,0bea1bff098de0cba1025f13e70d185ba3edf52f2861e0cb03e225edf671c9a5,Light-R1-SFTData-stage2-3k,3469,train,512,4
513,5a239f2d213961cea94447ddb261c7a3ccdccbfa33599a3e582b061f6077d834,d0967eed21f4db646728b80b926c95cd170d3e2995553c17c1972427aee56491,Light-R1-SFTData-stage2-3k,621,train,513,4
514,f480c52fcffb326d3825f0853df481e2d959bacf96da19d0f68b1b85c360614b,c0658cd828d5ec81e6dd97947619b4dadc15bf94d93fbd9e0b14f68fbac54945,Light-R1-SFTData-stage2-3k,2465,train,514,4
515,f8ee6112303e2982eb54c1db54ce7b6941f558602808b91a0a654b50e33bc726,15bc4e944467c6705b11d7aacc460e8896f4360de8c7e534e513f634f67f49f9,Light-R1-SFTData-stage2-3k,2527,train,515,3
516,e246a071840e2e97cf9d58a436c90cb3becf7ef88bbab61af88fbf3b62105512,f98066239ba27bbcb0ff69ae7f190c4043625355291e9c8f42f63ee6f758dc29,Light-R1-SFTData-stage2-3k,2384,train,516,3
517,9a6c51756ca48e3e2d6ea9fa5993f1008032ea71a6ecbe7a42aa217716575c8b,70e37e291cbd345185c2b5a3f6d7134424484f9ae89115ea1e55bffd448e4b35,Light-R1-SFTData-stage2-3k,2065,train,517,4
518,bcebe49b1eee6bc47b5a723f4c3e0cf82dbe7c720ac7415a6595dd41291c42f6,d49a87c3a4069d587b3313134b45439375d236bd0157a6f303d59f7ad35762b4,Light-R1-SFTData-stage2-3k,3262,train,518,4
519,f97bd9dee6dcfdfa7bf677b2f10e2f28bbe25f0e9e3ff35bc5d2bff5e6b65207,c1e949a2a9397d1d74ced90406361523315c0e6a1298cdf09723abd4ed9340a8,Light-R1-SFTData-stage2-3k,1920,train,519,4
520,fda550c227ebd4b9204310743d1fdfe57fee628c2dfc174acc3d1410a1652bdc,9dfc4b1c314d927a8157f29730c05d64059745af9016d3a960a56ff990c9e27d,Light-R1-SFTData-stage2-3k,817,train,520,3
521,9adc71ad1eeef4f7ebe195bbb27cd12eac4d691afbeb3ef96b3a0c3febbf54b7,4b3e68d047791ebb6d534e2fb7f792b21dd2c49257f481f9d592bd29e7209543,Light-R1-SFTData-stage2-3k,1240,train,521,3
522,7a687f229a0d3367729eac95d3e07a1e800057de8300bcfb3d3725b5243d0308,7acae87abc9a396a440d0243acb1cc0dce90718a699b22d3545bf54c1d65ddf6,Light-R1-SFTData-stage2-3k,1058,train,522,3
523,5b9932a6331b3bb5e9d3d85811d511d77d8261e8fdefdaf9d3edfb9fc91690e3,831636f05104cb5b925e0750dfd9eaad32da1d5b659d80430c314aeb0aec6d13,Light-R1-SFTData-stage2-3k,3309,train,523,3
524,35bd4c1cae6953b9cbcf39dba8dbc4a80441aaab1e779d6317867808177e5917,f47ac54f32d792e1f50bc36763bb8059cf4a299fe641bd9b8a6cc5e721500a28,Light-R1-SFTData-stage2-3k,2285,train,524,4
525,35f700036bcd8b21325efcc641402449331b78f0fa8a71522c422f0a190e108b,54120b2d48c659245ee9baa551bb9bf3c98ca143cfb5331616f4c7d52965073c,Light-R1-SFTData-stage2-3k,907,train,525,3
526,36bff8516ad562f39c2599c98590f58c819965b5879471b0d29fe0f82e387337,ecbdd16f39af98b1f4d52b380644b8a4b80385195446baf060455a58fa80b581,Light-R1-SFTData-stage2-3k,1307,train,526,3
527,6775f6af869d7a8241c08ef27fcd0379cd65088fc65579b02716bdbff5936c4a,db7e5a82826ee7549c4c0ae4725b72cae7d5710721cf4b085daafb2e514866de,Light-R1-SFTData-stage2-3k,371,train,527,3
528,de1325f1bdb676d990f98ee5fe24844607d5ba7b4b38588455cc2cc9e396da6d,47dc1a36982222482047eb8948ffdc17c598a8cfe9920c2efe0cd7865b2b4de3,Light-R1-SFTData-stage2-3k,2702,train,528,3
529,8c8c0c17d6d8500523404a0755be9d862b9237984180fcacdf8a948d9a9d23d4,a199370f5fc16e181d754c62626a1d168a87173c401317f1b3efa742cbda9dea,Light-R1-SFTData-stage2-3k,2750,train,529,4
530,d1540f68eda250a8e1af635cbaf63d3997a59391ba8e63b7299356826e786198,cc603cf66587f06d3facd0fbc782085a3672e34e5cf49ca24fec2b093fe10bf2,Light-R1-SFTData-stage2-3k,1928,train,530,4
531,2d14cdc9940c40fe2976134a8ef0a280b47703f672bbd225804ddfff580c6a91,f84705895082279fa084cf4f22fc16b9a11313dc3cf7177da8f763fdf2b2149b,Light-R1-SFTData-stage2-3k,3014,train,531,4
532,c467a30c0de425be1193726f3cce0106745e1efec14c669195b4e15469586702,ce182c2c81765b6c5e29ef790b2e09e9242ca10902bf6637c86ca154eb0741d5,Light-R1-SFTData-stage2-3k,252,train,532,4
533,37a3c670ab3545767e1128d13fed8ce80c6c4983553f936f7ed800a0cf0ba1d3,ce7589bcf33f6e184eb317e6379e125d316b66533bad079cf673e4390bb252a5,Light-R1-SFTData-stage2-3k,1777,train,533,4
534,17ad90c2d85f6cb994a7c45a5d35bfe91f74bf0321e08d181d2cae0268b95b48,a3233ae0b0495f9d2aa5e6e38df42c42b7b5583d0a755d2cfc24e684fa21df48,Light-R1-SFTData-stage2-3k,915,train,534,3
535,98821c322e7992f095f740644d7363931b6f7cf9ae254a71f72e909230040504,7becc0a0703f9632219a25cd4c68e8edd0ccc83552ca1fab906e53bacad162a7,Light-R1-SFTData-stage2-3k,1951,train,535,4
536,cb524cb8f817eb6c5301ece808a0c6871f5b2e36b68730ced66e2f1193661dcc,a96ad634fafa418227c038bc047a55af111a56ad303fdac78f7ea01d81cc1a3f,Light-R1-SFTData-stage2-3k,1957,train,536,3
537,9f4b21d8bfaa9f0161f0f255a7627a2c3ded33be139efff72e1b49b706016bc2,452704af983aafd3c36f9c75786d5aa35f591861e831256e7fad0490206f0c0c,Light-R1-SFTData-stage2-3k,2727,train,537,4
538,94384328f80fbe22c40ea2149614fcdb10a4f6680110581e54e075e7dda60ec4,9dfa9c0f7f4d3c550b3f9becfcf1e173b4bbfd20a072f34670c4bcff013f85f7,Light-R1-SFTData-stage2-3k,934,train,538,4
539,e41adbe346fa8928941f76582bd8229d177ce21925e1a0e4cfac3b14e8453682,59b15c0bc1f905f8b1be8a7930c1cf96ff36a5c67d8771a18f6038389ba79676,Light-R1-SFTData-stage2-3k,3015,train,539,4
540,ee9498725ec44a19912ea693dcdb48833f9a2105dfb5c0088f1c0985581285d3,2ab5b0ce71a6733fdb188fcf814316afa94022485b867448b87fef595e387e21,Light-R1-SFTData-stage2-3k,2346,train,540,4
541,11d08e20618152875c796d87d3663e76c0f2326252bf3ade73e45daa5ad730f9,c4853e85f0bbd7cd4662aa6b27fb8c23631fad5c77f7095087fd3396eb47e42e,Light-R1-SFTData-stage2-3k,344,train,541,4
542,0dcbb61d0ae0375f37fb498a2ce9c59d5530dcd21acb0201f0febd5a625c4e1e,16798e25e6772d1b616234fd7e386e414d08284b2dff949f5b9dae8a8f30d25d,Light-R1-SFTData-stage2-3k,1643,train,542,4
543,821788bf0a9a86d3f2bd7257e0a98a367916291b7e4c142884eb97d97fca1862,233cf89973f666c1068825ac4f03ea451772bfde7482f9aebbd1ebcd59c53f76,Light-R1-SFTData-stage2-3k,771,train,543,4
544,cb867ce5548f6591cdb517cff05dc8f7cbe935cf9c6fae03018deeb0d79bbd8b,7405fe0f2e28a1f1ea53bf9f7d80fe5a3fafc286e6d0357af96f4e3f1a7ed84f,Light-R1-SFTData-stage2-3k,1480,train,544,3
545,4f71f0e13bd01caeb3e3bb8be0490ba7a776d20455f8b946b402d26b65d9c595,ff7d7a86eda120e6482e8e2c5c883e7b518c8357828ebeeab3c9120ddc71cdf1,Light-R1-SFTData-stage2-3k,2279,train,545,3
546,8dba2b3995d95e2eb87cb40eb7b87352f05a925bd8ce395d4e5a119155044446,da49c9f76ace30c4546335884bd8d33ce0f835df321772f923e8afc85ce45686,Light-R1-SFTData-stage2-3k,73,train,546,4
547,e2377953945508c874f2ddbc4d24c62dbc3304daea17f5a4e7f84913fe1a11b7,a04d0feb5faa16eb9428e780d5eb2e00ee2ed00c0b790691e17d4e0c8d7d6198,Light-R1-SFTData-stage2-3k,1953,train,547,4
548,9a740d811a27881806750a9d94c4fd27d26869fbf0854bf539e9c44ce5a23abb,5276ebd4fd132d3c52301677d4e2827a5d9582694d53844128dd2eb7f1d29ca8,Light-R1-SFTData-stage2-3k,3260,train,548,4
549,f412663ef24b249fa1ed8f66a2cbd4b2d9b570f6882e432a76f9b38c8576f0c3,6a632ab56c34c760d6d66ae4a1f09ca00d40c6a85a91aebfa7b3981706e8ff3c,Light-R1-SFTData-stage2-3k,2337,train,549,3
550,5fc337471b0e7e7dfc0ebe842a704b194bf19703a0911fa84d11b754a9809226,3aea80bfcee860025da60cfad55d908452ca2376849db41eddef244458b5d373,Light-R1-SFTData-stage2-3k,1056,train,550,4
551,12ff22f4386f231bda98e5ba362cbbf7c74904a8d43a1bbb8286474715d31b7d,ad3ba4f4e559b0ec75f23d3508a10254545381e684e97ee75ae94ec23302dc15,Light-R1-SFTData-stage2-3k,1903,train,551,3
552,f0d1d342e81c92b12b4802b4297e4a96fdf0cb5001239f12163a07ca7ce795b5,8e1c049085c500023eb96b8b756c83d3c0cc6ce9dcd3c9d41151a72f0e881842,Light-R1-SFTData-stage2-3k,525,train,552,4
553,dd367c828482e39b9b102332b9f366f7ff59ce08a378531cf0bb5610429d4f47,61a37b6624edcff0b8940c1e336b152d9a28323ada58fc046d095c0e521a4e45,Light-R1-SFTData-stage2-3k,1559,train,553,3
554,8a25e24663d39838c16541bafc97b1003b8eb9a4650ed1d959200189a9a5ff3e,a1157bcd76164817f2bc20dc45b2d49dfe64fd6a3c84bdc1a1187c4b709dafb3,Light-R1-SFTData-stage2-3k,2820,train,554,3
555,0afd73436f4d4e30df5e9411f153ff3886d6f8a2e8cb325e84ba62ce84f20515,796ea6f8f1c2966eadc43d3b7473a341fda9adbd64897c58ba3874e09635903e,Light-R1-SFTData-stage2-3k,713,train,555,4
556,eff227a53174a061a029550620e9f28bf77a79c49f2f3bc70b58361fa18b1c2d,d49f75cf40cceed55fd8c1ee3906d4c0cd6b7758528d44318685864003dbff8d,Light-R1-SFTData-stage2-3k,2954,train,556,4
557,9130d0493106d246a5af735ffdb262d0005b949d4008a202cceafe750a26efa8,5f1b7c825e249751ed83c40856b33edfcb21ec2bb0f1eeaa7540a002f3c8be33,Light-R1-SFTData-stage2-3k,274,train,557,4
558,e336cd0df420687a7457d0c3e76842d106737a5d6268faaa1c7791a75e121304,87dcf794630d7f4a4f80e2332d5773e9c289a0aa52c63c17082af639f7e14def,Light-R1-SFTData-stage2-3k,3167,train,558,3
559,94635c1e4f7a701bff34307be03d416ae5d7768f62b1493947632dbcb29d5d6f,8f3b0974ee38c31295742a4acc9cfa08a68923f6209d5dea85031bc1f5994497,Light-R1-SFTData-stage2-3k,559,train,559,4
560,702549977edbeb3859306ff8bfc5d569527bdaf270dc0b347184d5d9efa7673c,e92b34ee322d876eb8eac6155c887a0857bc66dbd6d883ed8b966de1493b7e69,Light-R1-SFTData-stage2-3k,905,train,560,4
561,2812687581d4020d6b50dd9b5c7143175b860714564c9e9ffec86bf3bdddf7f4,439357fca5bedebb23eb2e79ea7a6244e27bcf4009d1b6bb7fb297b2e9af2612,Light-R1-SFTData-stage2-3k,103,train,561,3
562,f4f8bd08ce535ce06387aeb8371664658857e8b20f6973525b93938144e8c46e,f8ef4e5e2fd685612c491267ca1c1603007f586d4bab4ddc646d737a281d5ecc,Light-R1-SFTData-stage2-3k,2583,train,562,3
563,36057c86b213653714f2b7083940b5d079a7bc5284cda8453bc79b8e23060df8,91046f880b794b2cea1c618118a4d2e4a29b3619cdb785eba1b98662bd1804a8,Light-R1-SFTData-stage2-3k,1958,train,563,4
564,c029e1e1c757b6862322a038d40c9dac3bc6e467a3a15543719908c88a5219af,733e6b0cd1c6ee3655331b7eeabc5d35a4eb8a518eb3243652a68155222a254d,Light-R1-SFTData-stage2-3k,1010,train,564,3
565,42f960b8ae6ac81a1e18e764e3ff69ce89f7e3317e6b59239a6964c9f4176836,6c5719d8563a74598901d3b86902c9f43693ae6c0635694fb6de1f4bd6ac9c4f,Light-R1-SFTData-stage2-3k,155,train,565,4
566,08c304dc670ebff9c13c21385732d1c0c5e0676fbe9242026693dace4a6989d7,613ca221e81bceb19bf8c4ed15bf67257b0a4a1093cbabaaecf2ad9ae3c429f7,Light-R1-SFTData-stage2-3k,1347,train,566,4
567,312af070b3906eeecf1b8b6722c777c80bb57c738ab8748dc21a70487762dc7c,589326bb4f15ba04e30b54e236c00cffe83d57fc533066bc469d9d8208d4e9fb,Light-R1-SFTData-stage2-3k,1293,train,567,4
568,f94ea8e16a61f3151f9568c9ae298264e1c5c6db4a2a3c362722bd0add9c926a,84a9a7fc59e2598d240e64a1991af05bbd71e354b3c8fba7b0c67aad84668b4c,Light-R1-SFTData-stage2-3k,2255,train,568,3
569,e16c73ccd3aa714d01762a4a29bdd42e14869395461d182d5a9dffa6331201fb,eccdb0227540fde39e942c366ab9cf3cabcbd9ae7802f5d312c92231543d3a35,Light-R1-SFTData-stage2-3k,509,train,569,3
570,e5d88d1ca71c854f98da07a397a4973ac0cac487c7520809c4c85ca241f1e4ee,bb3ccc3fa0121f102525ea8d6763a9f9141148b9ba7999ce4dbdbaed17eaefab,Light-R1-SFTData-stage2-3k,2191,train,570,4
571,c42d5fec668879819ddbed5017e926b4e3a5d73cef1f78b47d082543dcee6b07,cf0c61480a2ef334ed12eac8423f006c689e26567177d251e39a1431d733865f,Light-R1-SFTData-stage2-3k,439,train,571,4
572,eb4d6b07cb8ac2ca2d53a87b7be4296d7e31c081042cdeda394a9cf3918597d5,43b2514cd756d49d211f042367c280751683ba9364930187a5c96bb5804d5fb5,Light-R1-SFTData-stage2-3k,1718,train,572,4
573,754157cf541599331110de1c42e7ad7d8a48ccc9683229a9d78f0c3fa6b55bbf,fa1d2d8a60e08de8b718dd154cc9d636601beb4ecf679df28a2a6f0b8895da9f,Light-R1-SFTData-stage2-3k,1916,train,573,4
574,3d71a3781fb0c5474b524548b48531a9df82d1891c001b7d74dd5fd9bf99b3ff,577819ef676300bdd4c6a61a353da1a86956e83424d0535eeb23dc8f621ea096,Light-R1-SFTData-stage2-3k,745,train,574,3
575,2d205db431dbcd102fcfc9c8d22e57797b3be0ad62103a3a9efe6318bfef2045,1a89401921eec9a81aff7f8137afc0f32a3e5ebd7cda56e1cf2b75a95e9dea66,Light-R1-SFTData-stage2-3k,1169,train,575,3
576,a1be13ef38c5c73901033f801a966a4a69fc86b0576f7f841a8cc4e8b8e62ef6,85e2a2f8fe0aee98ea7fe0ce6b20226e20e9c2bc5afbf0c93e4e34256bb87377,Light-R1-SFTData-stage2-3k,2863,train,576,3
577,11abaef30d5b7303eae8e8ca2b0fef597eef93f39d7394144729aaa056f9c835,4ac2bae5b4feec844bb4d9ebdae7b094f07ccfc91ba98eea359616126d878c6d,Light-R1-SFTData-stage2-3k,1268,train,577,4
578,27c0a704da30fcb1ced7086db7b2835f008c2d2132cc0de091ced300ad2b5b32,fc842c5ec2db047afa9048d994eb5e9bb542057b70a7470d99f830d19e8e231d,Light-R1-SFTData-stage2-3k,672,train,578,3
579,e15d447941a303bd7425e84c48ed9f5787d15606c6bd337f1f2d90e9b094f7f1,1fcc794fe3bd9d8a853c7b73f0dca4e304eea3f54099f48326096b32c10bd4f3,Light-R1-SFTData-stage2-3k,126,train,579,4
580,479eefc06a746cc49131c46bc95494f9b4fb17d44cac48af106a9d6c336f056a,2a0f1f3facc80094e261fbd900380cf11187bc33dbc635ca06fec8a17cfe0d29,Light-R1-SFTData-stage2-3k,573,train,580,4
581,59c20e4ca9552c26406c23300843efb02831865211fc31647bacaac7c50a1c49,cb4b8ad56801b4222889973b1e99d7cff00322725d7a2168f84401d7c9c148ca,Light-R1-SFTData-stage2-3k,643,train,581,4
582,da45c0eb05e23fcfbc67d3104b7e41aa8109a36ebc877bb45c3f60e8c72c6bc1,420653d0426cca2a2280db60e99e29c92574465659283b5389be64de245c9126,Light-R1-SFTData-stage2-3k,2902,train,582,4
583,c2812f4c5a74ae936ea28e13785267676c59aef1ad397bb64af8c2be0b161661,e451416d55327ad2cb279f3440ddbcf24a2e4dbd600757678f452d3988000204,Light-R1-SFTData-stage2-3k,1323,train,583,3
584,d5765cc98e5848910de6debf13c74a17b112f08f4c330771494bb43178c8b9be,a0231d7ac6c1b483124c554469714342e6e75d3daa3988a24c991617c31da11c,Light-R1-SFTData-stage2-3k,2567,train,584,4
585,020f85a43f3767813175bc4e8c92068d87923505185fb695e16ed5cd02786a0c,729e4adeb4665484d64d033e733780d8398b46dac1493ca0ee158152287b2969,Light-R1-SFTData-stage2-3k,498,train,585,4
586,463f87d9700efbba7e25f8eef7bf7daec6c74da0effd33f9d90aedb900ea4029,15d150189209fd36613c59816b4b542e683340d3eb4ac163cccd880b6727f150,Light-R1-SFTData-stage2-3k,680,train,586,4
587,8d1cb71192df60f7b9e1230629424cae4d66ecc95688a2f8ce3f2f6e9676c357,e84001eff5d659e025e45c4fddb93f2c7f23f0ffead8377397e624d850decd57,Light-R1-SFTData-stage2-3k,2651,train,587,4
588,06032c2d2db9ea779899c04e7d91d4bac51157489e22be51bf18f44caee6efd1,d050220ddab3c7c981cb0fb0c715f218841c3b7eb666e5d55c34e78bc6752994,Light-R1-SFTData-stage2-3k,1425,train,588,4
589,7c9132c8fe9df28390e4f1599ee102b9f81e28eeb5ab0a40d764c914f5b2f30a,5c351d90ddebe842015fee5995d26125b1f8bfdeafb815225e7242262b8520ee,Light-R1-SFTData-stage2-3k,1614,train,589,4
590,ee64e7b88a580fc18799efa581b781e85f960eb58490def20fdf8f15c35efd9e,e79b8cf9a51bda5bd2149d229ba39b329715fb98270822d938a84413ae07b897,Light-R1-SFTData-stage2-3k,2503,train,590,4
591,9b14dd384ba897bf14482acb8b3ed4fbd09201917a37aa3ed50dbec3bbd9999f,aebcbd3f7d01e0b5b3bddf5d2320976c2a24707d24a6a6eff3af7ccfeb86c424,Light-R1-SFTData-stage2-3k,1812,train,591,3
592,5e983a265f32fc73e2e5962634218d015d8efb7d2bc0126aa236ecb5126f9fa5,ebfa26ef6cdd722a38e2c974b3925629d59c60dc4dfe0e4440d8c62b1497d681,Light-R1-SFTData-stage2-3k,2854,train,592,4
593,031db4904abd300dfb359679f9f158f6fd654c3b1d34cfd1eb421a384fecd446,7521e527cd55d73ffd3752ea5b18c9805dd71dff733de4dae7a5d5f8760ef426,Light-R1-SFTData-stage2-3k,710,train,593,3
594,83c91a1b1cef193ebb5d95cefa65a2def5569eabdf888a4e4d221ff0b56de6b1,16ffc7185e881fe76ae2d430f29d585e0eb2099462ca4f8bd9b6d924d3daaa00,Light-R1-SFTData-stage2-3k,1968,train,594,3
595,2f9ffb7528c9d32b14a4678f7b8cec42f09b073dea2274a658e9f22246feeee5,17056effd01d0514df97ffc1521c35a5875d20eaf575a86c62bed22cdf770d97,Light-R1-SFTData-stage2-3k,244,train,595,3
596,f78457f7a62749cbbe7b608524d3a672e38d257d983dee2d9c46fb7a494875bf,841f05a54d65d629663554b04e05b6a539872167eca9c02242019503befc17f1,Light-R1-SFTData-stage2-3k,2767,train,596,4
597,b9b41a2ba2f97391d5a79f923b1ec4d17db7574689b0ade1168e6cc181228312,9112630abf958323380ffbf10900960c0d5485dd26c5db6d1c8d5cd98ebc55d6,Light-R1-SFTData-stage2-3k,2232,train,597,4
598,77c4e7916bd0f8ac63460185fbe987ebc4947306129e35c7bd4d2e2093c6cfe7,279dadc15da59e06ba82f8a0bb67b6286c3a74071466327c27477392b5069e7e,Light-R1-SFTData-stage2-3k,2724,train,598,3
599,efb30f9db11ef4c8ea3456b22db819596aac8db3c0fad3104b305e1e87735f84,f0188859f9350023d2cb18250f9a2e015dee3ebf4bd291b8dff1b519b9ae555b,Light-R1-SFTData-stage2-3k,3220,train,599,4
600,1b53e162f05d339caecd747fd158139766de56001da921cceb0a957a9539fadc,b9c55691e13b7d7b18ad43f860fd259c0e5794b132b6ed96a8796efae02f2627,Light-R1-SFTData-stage2-3k,3329,train,600,4
601,0e84fa5779190c69dafe4f27a43cceb1efff154ac5aae89ef9660f1bad9ad059,3cc352ef9e94acde9fe17a677b75134819323954cfea7b6231f6194da75fffc5,Light-R1-SFTData-stage2-3k,2006,train,601,4
602,1db65ca113895132263c1f7fb653dee6d6b1b42f2443e024dfe8e5437cb37035,785c10d64e2b1f3d5474c1458622507e956c1404983b7071afd10440b8a7530b,Light-R1-SFTData-stage2-3k,3149,train,602,3
603,292c0bfa9078cb7d3346dd75e5b76b14d2bbba1ae94e7b5adaad4b06cdb25f7e,16f3f76d799d317a0bbeb9c943c2e01ea06f9104bf0833a75da041d13452e7e2,Light-R1-SFTData-stage2-3k,3463,train,603,4
604,4c620fba471d4817d5d11d3d0142c16cfbb9831419c28dda132deb3782e02595,b5e0de5bc56eed0d5b0e1bea1045aa7d4260833f3cdfa2aa219e9fea4c803115,Light-R1-SFTData-stage2-3k,3093,train,604,4
605,57e87301d824a051002e440df98eeb384a329a2fdaa2b480d965b7145cb354fe,bb826aead29bd005da3c40d8bfea2a3453f92ed38c2a90c86650d9540b71c131,Light-R1-SFTData-stage2-3k,2019,train,605,4
606,6f18529e130083d4f57725ee7e725a3a6e765e5338869194568af26b77129f80,cf368173aa48a7f618c09da6602003535a5a5e2192cbd267cb74516621ed4888,Light-R1-SFTData-stage2-3k,1215,train,606,4
607,6a9eefb312d563eec6e3bf5a14ebb3210e191b8ac6352b0de09c4052aa769cc9,b888b501d319645b891f4803cb526edd5cbdb6db8f23a2cbec0ecbfa90a4f5fd,Light-R1-SFTData-stage2-3k,474,train,607,3
608,a7697b527590d20453afb25375a699d91dc7aa4f701c5b7388b655c056e7c489,16bd6e7342a44afc7ba482ef7da6fbe7dadb51c9d0a0d552ae54e5ba9378ae8a,Light-R1-SFTData-stage2-3k,1371,train,608,4
609,b1f47b8a5a46434d18907474773d00d3fee73c5d4d2ae8214cc59aafbbe69366,7c7b64530e866980a96da3c72145c7bc0db82fd29d08e155e660c355023b82dc,Light-R1-SFTData-stage2-3k,2274,train,609,4
610,dfe311ecc695df2396209f30c119fa1d9e5720d36df3e309ea0d8e63b75d687c,55d82fb3ac32f3d91976c048d89d7f6b130aaba2fc2ff95e6dfab9222e4df083,Light-R1-SFTData-stage2-3k,202,train,610,3
611,13559b34a422bb4a60581d1343b12e2042dec155fd18ce222c714780f939d680,bc0f7e998b41f5e69e62f09ad00b8f240c579790cef132d120dc4e0a661260ab,Light-R1-SFTData-stage2-3k,3051,train,611,4
612,47149ff0fb33a54b176df63445ff557f39293f2310b7db0f178023519019d73f,c7ccab866d5d6b82e63aaee1e7207f8145a2774b0f2813ee25a17bc15b7edbda,Light-R1-SFTData-stage2-3k,1430,train,612,4
613,a64ae298ff29b7060f9c24f47e00661c3451f52bca2bd63d3e5e30a00423beb4,579dfcedda3d054a6c85bbe763ae3e238fb4bb8d0b96247dbe607bba4c9a877d,Light-R1-SFTData-stage2-3k,2688,train,613,3
614,5eaa1640685483d86bedbc5e639a27bee54166fb2447baef5df931764d88b241,5eab4a65275270a66b3d72827be9fc6900c884d5a91cc79ed4f5ae0418167bbe,Light-R1-SFTData-stage2-3k,552,train,614,4
615,04e3494a41dd6c7d84ace37b5c00c3aba754989fb66e3d7558c2ab76e559043d,327b0e7118d6353f1332e15e27c90e830d24f9ca9c84b61dedad8c7e273ab82c,Light-R1-SFTData-stage2-3k,265,train,615,4
616,0b1fbe39b184a9e449a4b1c9bd4b323a759c0d991ae5d5880fa13d0c7f2789b0,9236936256449651fb2a673e393874eac5ee71002a937971b642e55e76fafe0e,Light-R1-SFTData-stage2-3k,3123,train,616,4
617,3d4db8d4b7a633e4de7b7bb6c423e5676741a97816a74b0c15f32f45f90983ad,17a14df8df3463ac881ced8efed8833133bc2d680fd5fdd54654a7ff2ef52387,Light-R1-SFTData-stage2-3k,1023,train,617,3
618,4ed81489076adf19d364182f4b7fbadaa6f0b8e2c04fd73487403d2083ec7612,c631e759323e68fc3105e1124dd5fe353986cce25b94b5f2fc1090cba6c21f36,Light-R1-SFTData-stage2-3k,3186,train,618,3
619,617e45e215d8dd113aef93c4e89acc4a5da6f55e23ea2ba6000e1620ae90ea2f,e130b478b907f2b55febaaabc2359b1c0d828192ccef3d28709e06e1508d7288,Light-R1-SFTData-stage2-3k,1619,train,619,3
620,637225ab536d5e7d16b7ada958e1389dbc5e29817a658fd2b56559ffebec695b,12f2701082fe7df15acabd710b211f2eb29ee5dc73213441d44902780f1ab9e4,Light-R1-SFTData-stage2-3k,196,train,620,3
621,ba462e9cf032694493ced562b36f525fca39d0e57c0a667d0401c0c13c06b49c,7bfef9227de0467d1e5e9a6e8ac3bdb963ca09d2e8855678054c110105c19389,Light-R1-SFTData-stage2-3k,945,train,621,3
622,990039ad153b8c94c3f7b392a473cf0a216b99703c712cb4681d546827afa77d,64e112cbe6641569821b0ba9a13a73ccf522ede95ede82309216c92334966a61,Light-R1-SFTData-stage2-3k,890,train,622,3
623,a892b76d6ea1c7fab48e459314cd1d307e90554fbe406611f58d343989ceb86a,765d8e885a2237c7d0c25165b53ec19bd8be63e42ebd3fa2dcd6a1424bc301f5,Light-R1-SFTData-stage2-3k,2955,train,623,4
624,e216e1c628474391a34ab1663e1ab60b5f6084517af68dd53a57920a1fa8bc27,65000f9d2d44a9ddcf4070f6451e0db39b593f8b2f0ce05920dcdb87d1ae05fa,Light-R1-SFTData-stage2-3k,618,train,624,3
625,54c2f2db300ea2efbc5f105c3e134faf9d9394081724b53e9592e17a15d08ffd,c9442884b2d3aef954fd45594a2dfda9b2d1837fe9e964ef857a284a53243e35,Light-R1-SFTData-stage2-3k,2369,train,625,4
626,6e5f8b17ec5d7fa08a59e8f9ba6d25dc1520d8784d510364229fe3a542d83a35,fb019b99bb04f680a302b02112abc566215bd8a7372b51afd8af35fdbdf1b5e7,Light-R1-SFTData-stage2-3k,2390,train,626,3
627,457dbf71093f4773162015412e9169bff3c86eaa569a8b9560703fffc3e344dc,353157db40e72f9f40785f05661e20f6f593033e8d2fa02e6240e34bb99af8e3,Light-R1-SFTData-stage2-3k,1127,train,627,3
628,721df7ccd30d15253307a306125f3b7bf9ddba4b71b459d7f0e9a6d81ce919e9,67efa096ad1a95297d2fb6c22c7275a9b3e75ca8dc3229fb508af8e39f3824da,Light-R1-SFTData-stage2-3k,1379,train,628,4
629,9f3b36f5c8577efc9a512ee1e6cd4692e22554da5fde89a783ad3a2f4ce72997,45396acc0d3cdad1142fb552f55e61b7152bb6c18f094a5ad1bf05ec4e99e7fd,Light-R1-SFTData-stage2-3k,2634,train,629,3
630,94d98e9fc0e1090958dd47ee38d8cab25b7d62416fce7aab73bfffd41b7a4ed2,19ea4c1988346254e9883f29810e30681cea8e6f3e2513074179799bd5d1f473,Light-R1-SFTData-stage2-3k,1888,train,630,3
631,db55a4108179cf2693fe37a91ed8b58c24afb09e227e24898e7f32c267b64f73,1b792c5d4af5138b304d4f7773ab3620f6f375da8aec30bc4e75b8c8f1b258bd,Light-R1-SFTData-stage2-3k,96,train,631,4
632,8ec52a6d02edd083b67db8064a3ddc6b91d42089b6eff4c450bb8797c14c5129,75c94cbdbe6d8b8e628c152c32df30f010288b3c96cf680cb0d584a918353817,Light-R1-SFTData-stage2-3k,94,train,632,3
633,d485f4ab0cf6b449e6f225504b59678c9e4eeb3805d3ce8898aa64702dfa4f82,1db885010cc8979f192fbc5c7c0f785dd60f7d8f10b5460c65081ceaeee83b3f,Light-R1-SFTData-stage2-3k,271,train,633,3
634,de8a55cdfeb97aeadf31096e20f12cdd9b079ff025190a2267ce1a7d905643c7,d41272f1c52b5cf29b886592299a812a87a392f37ce2defeb60e42427fad4b32,Light-R1-SFTData-stage2-3k,3383,train,634,4
635,c954ab20f963f0972d5404da8cc435ae69a5fc4cd9aaff343d85682881307bff,fb76cdc2538ec2598237eb47bb08d90d36b4698759c1c798aa09dffb908fe837,Light-R1-SFTData-stage2-3k,197,train,635,4
636,81b68529f550bde62ec872eda23a9123be36eb9fb027f3c84e5948c3e5d928b9,491dabf1a7b5bcdab018a532aa02a4fba3b06312bd1973d6fb1283ec81ae3794,Light-R1-SFTData-stage2-3k,3514,train,636,4
637,51f6780dc49866c3cd153e67a3ccd8a974db62c91fa433664a500e2399742bf8,a080622ad3072b2327527ff2eb550f2d01af169e7050d29457a146b3c3fdb030,Light-R1-SFTData-stage2-3k,3098,train,637,4
638,cd3925c8ce1eabda51f9fc5f5a7ae560c98b27771535d39229e23cf7994d5c0a,f1de291ff4f1af82ecea67bc9682de4327fc0bda534e8257f929142f1b0f9ca9,Light-R1-SFTData-stage2-3k,2353,train,638,4
639,c56de8bc828411c5cc3b6a6e5f8fc4b3f19f0d0b7276cc5cb13e3271fbec5272,2413ebcc3b72736b9b3ae2e5a284b753626143514ad49470504503e9e6c03178,Light-R1-SFTData-stage2-3k,2357,train,639,3
640,984c5136fd862adea59bf54a97dad634945a64c4ef8329804dedc4dc2f10c7eb,60e0f83b9ad33e30b4fc06677e2ff831cfa73c822cf394ce2bb1d59eb9a68f7e,Light-R1-SFTData-stage2-3k,2278,train,640,4
641,daf7fcd61f8468dc02bac674efe99c66155084e2e8750b846ebbf8870eb743e3,ef49a641a4935f5111ecc4fa9e21070c985b44d4dcdda2b2fddcaacbf1b05128,Light-R1-SFTData-stage2-3k,326,train,641,4
642,c1ebf0c28f8ff81a16d60926429e3fa87e2c67eb02532af508414edcb6dfd46f,d3a6947440d336edf0a97e2b42d59dc684e052ec156d1a441d370e2c8ebe0b99,Light-R1-SFTData-stage2-3k,2483,train,642,4
643,54c8aadcab2f7c2c62a916f40980052a6ebcd079112bc715e716a77c8ecee161,f6403d3a43f6dc4911ce2141d0907eee4831332a54e4eb60164e506e4369b038,Light-R1-SFTData-stage2-3k,1130,train,643,3
644,fec0a5b55aeb17554f86ad71b2c10684faeeec3d70f347aa988c0683dc23a928,d04b52123dbc8c724d0c56ac912b49bb130602816678a6c260bfcca80c024d95,Light-R1-SFTData-stage2-3k,3243,train,644,4
645,327d91b7ad8caa3569f3437024cd9b7041faa45d2e0de68a331fe1c3d2e5213a,4c0cb6901f4c27f47ddd3e1196ec0ad1c1664fbf7a28ad97f8cc71826576bdb9,Light-R1-SFTData-stage2-3k,2769,train,645,4
646,7272f2e6736dd622190325fdeb393852245ab96672934ec93890953b3fce6844,658bcb621cd09a0c4e4566ef028c62e9a50edd38459a50b5995f0fb27a0de413,Light-R1-SFTData-stage2-3k,264,train,646,3
647,fe514aef5d041dae81ec67d43c82724f6f36aff1e935c0fd4150450b3baa77cb,461eb25c7e99ff08a65d5bde9aa53a2c22677abc3e40df064f0cb3590d46a56e,Light-R1-SFTData-stage2-3k,2594,train,647,3
648,ff630b5d85288d3beb5107090d8088cdb52d8b46be1a4db8d3be7ab4c736a81a,b3aac8cee4b2435e03a197fc52acf95c83d6a8ba8ad5c35d76831d61c4aeb9e7,Light-R1-SFTData-stage2-3k,795,train,648,4
649,baabad6f6100803170441d2943ad5033c3298b121cd99e5810298f28cbade7c6,d5e3df194ef0ac7346446fb6bbb7914643ce33f157c7b96207b7cc2501c4a7f4,Light-R1-SFTData-stage2-3k,3505,train,649,3
650,b2f1b48e6c0d3a050aac637236f48950d967a259d8926786d89f27e8755c7e69,11c2dabb92dc6a7c39ea89cfa23903649209ddf973731bf95bffc18d1cea2cda,Light-R1-SFTData-stage2-3k,2830,train,650,3
651,b6650cf224f01f6c6265c2019dfef2d12a116afab644473df0b6209b9c58d6a5,0e0f7be3f5f651d94cfe53e41798c4d5804990b3c84d49c4bff1dc7e245e3a54,Light-R1-SFTData-stage2-3k,2824,train,651,4
652,0066a60fbfc9f7f186bce19913d029632c5ee09f15112ef2908e7d33efb2fa0e,ba806b593790905e4f2263550c1a3488524bd1f9a31e202c248c7aa892bb472d,Light-R1-SFTData-stage2-3k,1000,train,652,3
653,b384bf370f44b29e55c0071a897794df527614f9efe489c95043cd690ae55476,95164f57f629ef91a918d0dc76700eac64c2a878356890725676f2e67575d409,Light-R1-SFTData-stage2-3k,2946,train,653,4
654,326134e87da2f1fd80b817fa11f91242d3aa2ffc691e1d51e836143f5b56ce8a,e0fdb68afffd885281b44ac10c806f6e6d57d3806390e19fd6bcfe9d82983f13,Light-R1-SFTData-stage2-3k,2481,train,654,3
655,d385b631f6abfc7a4817678afbe0e6d05ac5091545c04cffa16052efd51ad0f6,5cf31929298285338438507d01644eb8a2914695fc9354cd699d80ccbc9e36bb,Light-R1-SFTData-stage2-3k,513,train,655,4
656,0f720c498a0e86ce3c28c56396d3ce9ff28b5396b5a6bc873843f2f662f56417,357416753468041e053db2baeb4182fae1f38e72d5c690f050272e41fbe45eaf,Light-R1-SFTData-stage2-3k,1091,train,656,4
657,68e2d47819e6b8bae9653e8d1fcefd5cc65b066b5b0e7f0adc36d0f350ae7dfa,cf0b16d51ab68fd1805b28334b1b0a16c8876211dfd3e5d52264949c2cf3549d,Light-R1-SFTData-stage2-3k,1671,train,657,4
658,c33bd564f4fb7b8daae031879713246d95989ce154ce09e270a29f04c5ea59fa,9047101e44db8804ae55119d26e2a4b5d1abd8439eeb2eeb882a3dc3290b8e9f,Light-R1-SFTData-stage2-3k,1432,train,658,3
659,1d75732bb90c746327bba04c9d451cc596f77ab7f8377da7698ca6f55f2c2240,9c2505b4b67025639345aac713d73c64b4e7348a1dd48a5fb6939700d8830a8b,Light-R1-SFTData-stage2-3k,3083,train,659,4
660,6c8bba418ffed6d12946d9c2340f9ebeb4b6eb3dd257fcf8eb184d2d679160ac,d4a6bfd0e9c6318e68abaae079ab219df359ab9547a50dec734f0c50f38fe84b,Light-R1-SFTData-stage2-3k,68,train,660,4
661,338d98e0c7c762a7f7cd662ad6d7cef44f247c8d6aa79702fe85f97163eb7801,d9ee6cd3c793f0f3ad74259bed00f40f3532c65cb9f8db7187f3a221518d285a,Light-R1-SFTData-stage2-3k,3464,train,661,4
662,9a9dc11db2ec841201633c6e22763ba3a78e083290baf20d5a2081e4719efddb,44f85bb7fcd4ba734762efe9e1fbb4fd45915bebd053319b128cd776ff97f588,Light-R1-SFTData-stage2-3k,2110,train,662,3
663,f45cec442219d1754df9af1e59fcb42a5d5044e6f0de623991b7befbba097f40,6d7218239aba27d9d8bc63a4521d579af7ffeeee5a4f6a643a0171c7452d97b6,Light-R1-SFTData-stage2-3k,1629,train,663,4
664,36100a2e04143cd8ce102c73a2ca9425bdbfd2b3f7a41f109eed5c5f6cd2fa3b,ae82591606c36a55e7918e8798bb8b8c7e29b0547da4a441af420ec9f6de465e,Light-R1-SFTData-stage2-3k,2242,train,664,3
665,facf39b28394b10026ee6a1f96e3d49549f1d2a8aa06dea78836fd6b666d8d19,fc1d245c83d40ed6f1c32674949d8322e20256cadfef7a041aec7537cdc4c21e,Light-R1-SFTData-stage2-3k,2573,train,665,3
666,87266665ca9ca7b2df1637a6499b7291656bb0508aa70993788eafdd9463e5d8,2189174db49fce33ffd50dddba51a43247b65554c5202b24d2ddeb78ad63fb6f,Light-R1-SFTData-stage2-3k,2826,train,666,3
667,03a2417a33d76721727d1b2082550bd648378927afa6bfbb6742f42dad175419,097f75f042b8c60f79b44973336159dcf46936bc7d4cbdc5197e2728b573cb8f,Light-R1-SFTData-stage2-3k,1115,train,667,4
668,095a8b93f9e0559ec0935ff9496085ebed45d1c286bc600ae976627cad5dc231,527cb9963eb037e41ac0e1c7a6870ca5e5923cad1774bfcacef18868b03d6369,Light-R1-SFTData-stage2-3k,3528,train,668,4
669,1cec2c107e7a9a038644c796ee8f36b09fb521c4e0a901e879cd56d8fca792ee,f9cf96da158b5b4495dcd2a30a3825a1b3fbd5983b681e049f4e4cfd2422d33e,Light-R1-SFTData-stage2-3k,2305,train,669,4
670,77224fb7d944ec571b2f074fc7f5c8008c651af103935878daf7b404b398b64d,8eb915e231c042f60f127dd5b7c9cbdd819cca9412dd6fc56d0b21640a4b5c68,Light-R1-SFTData-stage2-3k,2870,train,670,4
671,a89d4f7c86b9c17dec47e5113829a6dd61d8d825a5569e1545a513717e0bf56f,7dfb7860f4f6687d34d53d189ed67f9454c65078c6d59f3b10e095cb6a12df62,Light-R1-SFTData-stage2-3k,1752,train,671,4
672,9d2df595e6d16814fd3165b416079396f9c19c8f621fdb7269d3fc7e734c647e,c4b3b32e4ad6aaee4e54f99a74c1f2832478625dc81f603eb3c34611b81e55b8,Light-R1-SFTData-stage2-3k,2027,train,672,3
673,8284162eb14cc8e61f9ad5e6cd54d7d8eb6d72d4bc84f5fd1c5891b13906421e,39888186ad78fc4327df55ac755d3f4c30e8f3c161bc7311a63e91f7732ff194,Light-R1-SFTData-stage2-3k,600,train,673,4
674,a19067e691f71683f2fe43d24216b4b8df62ee72ef40ac3e3eebf7f00c79de6d,571bf1f381801399f4e38288c376b1d946472f64f1604ba82976c24c59499c3f,Light-R1-SFTData-stage2-3k,2077,train,674,4
675,870cc9d2ccb2c14af8b7442cfbb383557a9fb9ad178ede3c244a09c187bf0803,8390c1037a29785ab30e187493deba293cd1a3a0ca583f68bf997f2c084c9d74,Light-R1-SFTData-stage2-3k,1044,train,675,4
676,954cc6bdbcf7a61bc9ae22fd1b5ec45bc47bfb8239b97c64be09c0bd85d4adec,bad7010c1c764fab2560f2d68c407539482c61bc9279da437a54c75a005101a0,Light-R1-SFTData-stage2-3k,1374,train,676,4
677,cda7f74f6fb57f30b2d9ae4d0a3c3550f917858f20a882cc07a4c27112e40fe5,0e354ffe71d3c32e9cc24102d23e56d9bebee7e0806dd4e842f02307c7196d1c,Light-R1-SFTData-stage2-3k,482,train,677,4
678,29ee1066e37868809f30e3ca8e5479cd72009f46e8fff2bc3946819fdf125396,cbfc4eacc9f9296f47f3db3bfc69aa42a086732e9c13a2e1f5d766868e6965d9,Light-R1-SFTData-stage2-3k,2074,train,678,4
679,646e7bc5bda46f077eea2887a9de9accfac934c3c7154361abc44cb50004b9ba,f283fe81be4980d5519abca5ed7f53d0edc0b7eba44a0da6577c12d6cb0f0e67,Light-R1-SFTData-stage2-3k,1455,train,679,4
680,15560d82b3cfed5f5876b80d547d6acf2ccfc3ca4964c024431d28006055e9eb,182a7fef908827929aa03ae8a9cb286c06b211f071c7ebb36ced0704d5f4fda8,Light-R1-SFTData-stage2-3k,3241,train,680,4
681,e4cbab27f4ec0d6726c4d89b827a2ef40678e2024d8c01de0a54a534cdca0362,e79cd6c55b4f5564fa8389316bdd991f06b9f2a6e5c80688c6bf954d1f3e5615,Light-R1-SFTData-stage2-3k,289,train,681,4
682,b3125c17773889c2680eec9223d507703a0c0ce046389152f12b0611fe449520,c2e85d080ad66fe5c71da9705f81e48b5982d84f69a26092906283bc1b0048b4,Light-R1-SFTData-stage2-3k,1988,train,682,4
683,d89caa7a19211c2ef530f1bd709c7b547a9ef08e6a28475e4a42079f6a816524,6165942cb1692a69f4776ee791f5567800689c3e1ee3ebbdfb472fd809e5d0d6,Light-R1-SFTData-stage2-3k,1762,train,683,4
684,a1626673c4078706cd0e6e43e3716953c0f318112d768d49d9b991e7a1160e93,f8d19ef1820d7f0bf828306a5e19094d662a4879eecdf17269306d6f1314bea4,Light-R1-SFTData-stage2-3k,1483,train,684,3
685,2b7b9be3aa89bca147b3c2320667e3e839010592c4f152167d3b4f0748316a51,0a6a59de5693e9699ac128e95da07e6d08930d3cfb142914c8f21a63a6c6dc07,Light-R1-SFTData-stage2-3k,1521,train,685,3
686,c6317789c25705df817a68ad6618c039bd73c2aee6401092a77961b8e11afe0b,f27a347c5c7f3e04884d1cb94b890907a1cc842581c29a1ad9807a72e8a68f0d,Light-R1-SFTData-stage2-3k,1219,train,686,4
687,2685a03aaab9137232c314237e222fa4155643e236c077a88c788c511e41d4f2,a2f73340438d31265cb613a3765b9a48311a5055e5cc6775e407979842eb025b,Light-R1-SFTData-stage2-3k,958,train,687,3
688,13aa24fca5aa46aa26273b9c41a1276b8c9e691a2658555c075dcecce9bd4aa2,d6029f82f36c8941b2c8d482d82046370ffc3f08f56a2f91e1bc747cf00c50f8,Light-R1-SFTData-stage2-3k,329,train,688,4
689,425dba5900c4c98eed28a5caca3db58738c1e67d8b1f5e1597ea495346fd20c3,c7c6776f5a0b0e6a1e48ea68e3a81f512205b222fea906c6e9b6b25a8fd19805,Light-R1-SFTData-stage2-3k,2736,train,689,3
690,0ee6925ae3b6e1f23a8b0962cf7ec1989bdab30a5db1d0b212214ecd86b6ba9a,ba6f1f77db5da06cfbebfd3d4e2f63b6e928c1b433696a0caa05f4401e0183c0,Light-R1-SFTData-stage2-3k,64,train,690,4
691,8f2c41bb527d7ef74e9ad701f040a02cb9d53231d20579e1ba5957ba3e35f976,0c37101fc9511b9eb9e6c53c9e9b93fdef3c81813f77681af9ddc8ed3d037114,Light-R1-SFTData-stage2-3k,1216,train,691,4
692,c819e60de5d91c38bea1ff4ec7007761aea36a7f3eba7ec6b6db06cf0066ee92,57d6e2913afccd3d2a036b80c8ed92956ded803f60e66227d30cbe1828cf9973,Light-R1-SFTData-stage2-3k,365,train,692,4
693,5ea2fa9be704a4b0287f51503cf3300293450931c1bd57ef961f1f91b74b374e,762e6bd3933e34c208f34f52a9187999db2fb54907d974baebf0d8d142c142fd,Light-R1-SFTData-stage2-3k,25,train,693,3
694,b3927d5be12ef751822a64697c6dcacb368ebbe908aa7193f073348f76ddfd84,87e07ecf2462797940b70611b6f3b9a6d65529a1b6b6357103d427478f97ee40,Light-R1-SFTData-stage2-3k,1814,train,694,4
695,a0692cfac9967ffa38390d75669777ec38e5c47cee2d44a553edd8c660e52875,6fdc9e2f2c3551ea95aa163b4cb9a7be18ba572f9bc7baa74b906dd827e21e19,Light-R1-SFTData-stage2-3k,2129,train,695,3
696,930adb936ac9627efaa31169bf26c16199484c902d80dfb4927accea38c341a8,17f2c2d557f16cb371db1cbe87c2aa10deaec12c7ac8e4a40cc3b41910c677f8,Light-R1-SFTData-stage2-3k,2394,train,696,3
697,6e7b069218fea02dbe6036c8e8a3df02eff1950625e0a2dda6b069e9d3878c4a,4b95d46a532bcb663951d626a3915b2341cd7c426197751cb8c94eb1cbccfef5,Light-R1-SFTData-stage2-3k,1123,train,697,3
698,6db7587067ab9eef4ad8ec21ff2d173672282a964ae31aa15b8d1055103f9ded,c30579f44275098d9cfb7b226a8d3e2d073c76736e2c692f5ee21fe8c07ea0b6,Light-R1-SFTData-stage2-3k,3059,train,698,3
699,49b955a672ed9463048a06e72995397dab4b7314d604b8844ac252eb599df1fa,19044b090d1c6d90e99fe3442ed419a6640f9527843fe4062b5149c4c9e8709a,Light-R1-SFTData-stage2-3k,166,train,699,3
700,5dd737b7be8b01d3aae3e3fadffd9c8f33f39a57397199d4fca78e5af92269d1,8e162e7748b6cf7d6d2d0d9d66596c452a4fee6a5d32fcc499a7bf3b09e832ae,Light-R1-SFTData-stage2-3k,712,train,700,4
701,da6b7e3ab4a654f6e713c2513fe0064373acab3ca1bdfd2337c9b535194987b1,b1dc4cde018663c29a5d0340ab63516c546fb9d7ab42888e87ab9409793b43a8,Light-R1-SFTData-stage2-3k,2532,train,701,3
702,6cdadb1e757d913247ca1593db65f6200299b5c96a0002828ad8dbe3c7afde07,b765abb2545cb9dd523c3bae5d9828deda81845c5cec58d8d2c7046ea64d29bd,Light-R1-SFTData-stage2-3k,1645,train,702,4
703,0a585bd1b9ee64cbd51664cae09613ee6a547ef6724d0452ea88db35394e6183,a9b266caef3ab1d83d33b7231537718de71a8dc49379239419928e1f139bc1ef,Light-R1-SFTData-stage2-3k,1429,train,703,4
704,d889ee8986a2fbf0e187d448c33487d8d5aa34a27119ffcc31491caeb7e74286,4d761d293e47d3745659c2f601b3344d6a5a98f476234a8d073d7c18de93a7a0,Light-R1-SFTData-stage2-3k,1838,train,704,4
705,e4e762d89d3eab680f6c3134fee92379601f4b16414bfca358618bfaaae11a45,da4141179235bc28b69547f5e79e5a37ec94dbfd18ab81bf689f85eb1413159b,Light-R1-SFTData-stage2-3k,1621,train,705,3
706,5739d1c6eb92813e70e90476d53a9bff6ba47b8bd49b5be141ffd19a9b7d65c6,7f1869eac5a479924f670cd5ddd88e069f4f8f055596882f4a757205b787e3e7,Light-R1-SFTData-stage2-3k,1361,train,706,4
707,4aa48763d9409b047de997a32a4a0d7a61b071a00832b6d62af04fb12b2dcbf6,c99cf3d2fe698f353c22b3df6780564628e1e8d099e53663fc1c89f38b6f0f70,Light-R1-SFTData-stage2-3k,2552,train,707,4
708,02edad097d269011cd97fd9e180b8ed5fbb65c00f79f2579fbac78a6fe73394b,764a2d23742eeb4606723fcf1d572b6edb7d8c08cfb6d4b0bfa3991ba4e5f160,Light-R1-SFTData-stage2-3k,2568,train,708,4
709,a83f36b41a164bf3b26bd71f5e3dfdeaa31a667d66d7a26a93d78220f792c00f,949be9a9980acc17556380bcf71115c4ec087d69c6ed018d4b7e3bb7479c6834,Light-R1-SFTData-stage2-3k,2669,train,709,3
710,8dd02e9b0c1938154c3963c8335bb467cdfb2aba3656f4a5355e3c2d6bd3e64c,324f787ba48643ea37507ea212586a8fe67db05c7d71e89a7d2b3c9de4a274bb,Light-R1-SFTData-stage2-3k,938,train,710,3
711,33f9713c34b757db2f9b95367379d01e23080f706b5a50da154e7248b64332f4,d3468b74618864fea8710a73add63c6d25eec5ce60686b31f3a38864da470f0e,Light-R1-SFTData-stage2-3k,3431,train,711,4
712,03ecddbacacae828524c0ba0ede1ffd2ca7ffefff87a107adaf3664cf6a3ecde,b5d3a7096fb9e4402addf33f3876df5588c0b97418fad9c57e5fbf397723df6c,Light-R1-SFTData-stage2-3k,98,train,712,4
713,19decc1d8ae516dfea1a1581e5602c321802617ab5b09836b5e326fb5e677ea1,5fe1a0fab566030acc586483a5bb10bbbd72d72d7d8faf5f5b428c344ecb10fa,Light-R1-SFTData-stage2-3k,2420,train,713,4
714,86aede1c3cd1dc42168e372408424e6791b5416204bdac781cc5f0da80b976e6,dbef03380e02b552d597740ac3e6e64e0afb4ae391fa617f97b9e946a40e95df,Light-R1-SFTData-stage2-3k,1960,train,714,4
715,b04ffb6777ab7448500b5095ccebdde2f76a75f8f4dc489322e2b53b9389ae7c,d2f46e5345cdeee495969b6fd0b1e81fd241bd609d50aaa8f571ee8de36b7b8f,Light-R1-SFTData-stage2-3k,919,train,715,4
716,8c32231fc8bd34e698092e3b624cd91b7a62fa5aa37f205feb4cff0361326156,8c7bc64f2eef4299fed13c68d3cf129870555bca5fcc91cddc21d8c543f6a2af,Light-R1-SFTData-stage2-3k,3061,train,716,4
717,5d8511c7dad9290795c82408d908d1f45604370b162315f2f2cd74c383342f3f,8fa20ca506cf890d1bdf8943272b9bacfd4d0b3eda3ffcb36f7e75858dd680a7,Light-R1-SFTData-stage2-3k,723,train,717,3
718,03221a7b0deba626fa2ca441f772875963051e15cb55b92bf4759c9a7c66d400,ae1cabba12c4bcb23f985bbc561b15a4c0dcf3dc01cb6ab62fd36edec891e1c1,Light-R1-SFTData-stage2-3k,1386,train,718,3
719,b1ded1ec299db9214671a20556d21c4ff83f59acc60232f41fd243971d05bdbe,bf9988f2e9a3aeb3e2460e56b44bc1615ab92157a8d625a32773bdec0859ada5,Light-R1-SFTData-stage2-3k,1737,train,719,4
720,b019484fb32493df70c48a7e06ac8cf3ab0fad7601307e2008761db2b47a1315,e42db533af779bd56993889d9d58828621c1043be01e54e0bce306ab09eee9d7,Light-R1-SFTData-stage2-3k,1855,train,720,4
721,d2929638c44b4cbd16ba5cb5754b9290902f26e92b7d3f5472b33e9787fda75e,8d738abf5bffb533a35405c6bacd6f667c528e8be7220ee174213c22195dc84d,Light-R1-SFTData-stage2-3k,922,train,721,4
722,06a5398b17cd7943414f30004c22f924936a34cbc0d02933188349f97d4f6f3b,3ce933c9b590cdc1ee71d659fc7ccaa151bd32d4c8e425c571d8db8a85e03d3e,Light-R1-SFTData-stage2-3k,2055,train,722,4
723,3b0ee4e10c322929aa2ba037bdc7b66e99dbee8793666e57e95322c546026cba,97a612b7baa9861bdc4e5182865caa0c863b0ea9b3ede076f2153792da87349b,Light-R1-SFTData-stage2-3k,410,train,723,3
724,03bfe3d7619a16b18ff1dd10599ffc89b948ebf2bde4efd3f3dd5929c03b774a,0be8517efdbdfa72922a54f0b05518f4191c201c403984120d1b28a17bfa3ad5,Light-R1-SFTData-stage2-3k,1047,train,724,4
725,3536db9f0e2650ef7cefb9a5bd7f3023519c24d0dd2820c6aed31f7a35ba8a2b,e1f21e2f0ba2a55a9a4fbb6f4978ba4181f7f4a8d15a19dc664ede4b0f96b108,Light-R1-SFTData-stage2-3k,806,train,725,3
726,4b8c934294ffed36538d0ab507771bedab0e984e27dfb9c68de2dc42ae70793f,221a5152c31cbd27da17a1336207b532459f6e4793032efbc2cb7acc3ca764e1,Light-R1-SFTData-stage2-3k,788,train,726,4
727,95296e6da293a9388d804099fbc6ed5c5c5cf1b8409648a7ac53ff575ced76cb,ab2e1031408ff2b54f0be1c5fbf3f6e2bba117519a0723b6adc269b7e8409e2e,Light-R1-SFTData-stage2-3k,2875,train,727,4
728,9d8c272425a6431e73e827f524fc4e5c1f67f822955ea39f1c664211459b99ea,7d3bf991a3786238595a2fa356a41aa41808aad11bb64c408cf184b6fafee180,Light-R1-SFTData-stage2-3k,3512,train,728,4
729,9c22534e3b97df25355a759e0e32112f4c0617aab2208718bbb970291ee172c1,9df4b879957bf49232c71f712692e1088d5df7735783c55a99e85360d08b836b,Light-R1-SFTData-stage2-3k,554,train,729,3
730,7ef122b8a02d4fe10abcb82a31f4a15d0c92a2f675e15050aba5920b0b736421,aaf52cd208af71fefa9058196d960d8aaeeb06cc0f9197eda801918f891a2f88,Light-R1-SFTData-stage2-3k,111,train,730,3
731,35c0d0276484f4f10bcc3efe5a7875a10f9b8724e82ca864b2983050fe85f8c7,0714c2e7bc4707eb15a7e27be363124c5be660a0f433891f177cdc082052e589,Light-R1-SFTData-stage2-3k,1107,train,731,4
732,3daa0bc0089e325a005a4c22185318a97ee201039a24d85a1638bfdfcfc3f74f,3599ac945ceef29efc44e62c4c5720e382da957c05aa3dd5787a7dfdf3eca18f,Light-R1-SFTData-stage2-3k,2194,train,732,3
733,9790779ba8a91452feaaeac9fd104f9a3ab72cf9fcc1c42c369b74e304db7dec,daa44d58c3e5cd29ce546fccfc8e5c5f053462e54a50f1d0407a40854a9b4875,Light-R1-SFTData-stage2-3k,735,train,733,4
734,0a3d6267e048ea3e66023feda7ceb983b1c80d7c5b485b4100e683bc2d87d504,4b7db67a93dbd8609c41ed857d6ddcb8f59eb22180b8b0acdc6362a4ba6e6115,Light-R1-SFTData-stage2-3k,1194,train,734,3
735,8f78931728c15411d3a8e6399f807f4a439aa724c90477c12f7a166e135b569e,f8e550ee7fe65877cd11b259dad2dc68a9a8b98eee53ae685de972b2cc87ac2f,Light-R1-SFTData-stage2-3k,836,train,735,3
736,a3169a9986da682a445554d3325a5b4e6a8a945652ce0779b220cb94a3f4acd5,a9286575de3336719ea584e4b2371c64d69fcac39829b3e6d28966fb69cec344,Light-R1-SFTData-stage2-3k,2906,train,736,4
737,e2f65bd8a6f751ff4bfad485a96dd16bcd3ebc4f48498367ed4f4d68829a5c0f,9f1315b759fffe17281380b68a9b8174c6bed0652eab3ea172534f413431843b,Light-R1-SFTData-stage2-3k,3341,train,737,3
738,2d5a651ed0841cb9ffa067b0516f9b9bc1b30dc98c01e515a16d2e34e33e8065,d71db4233c19b49b21ec45de6aba629754cc7ba6dac09e6857fba85bb62d5b01,Light-R1-SFTData-stage2-3k,211,train,738,4
739,41d965f5d4edaf99515c5cb3050db744f7cb32a4dcc5bf75c90671eb40b7a96a,67306d53130d7e5c72575d9d7bfa66d5f62d6678e3142ca535da6a7728eab261,Light-R1-SFTData-stage2-3k,892,train,739,3
740,8c5cc81647608d59268300c2e35a17e1262d888fa8664b9d91c7d3b169e12b74,d623ed186087752ec02070e82e20de32d79384d1e5c70f156c45db3ba62ad05c,Light-R1-SFTData-stage2-3k,3461,train,740,4
741,b359f145d4b253a8260b5f019594ed191f3a988b8002d6aba8020958b49a4a43,8318da7a9bafd4f0f8930e0d74efe2a4076dabac42eb90daf764c1b2bd4832a0,Light-R1-SFTData-stage2-3k,1978,train,741,4
742,9fd1fff0d3a93ab6ab16ee0731c3f2c5a0928520d7301472eb9c9d095f988651,15f370a30f6b7020df9cf64cfbcfeeb03e36b7128e11053f9b83848d78540d93,Light-R1-SFTData-stage2-3k,2889,train,742,3
743,a57c29218ec1567f92e2c8aa566245ceb887f0839773da0c95d7796b418d9cb0,916ec91aebf46760ddfadfa25dbd5d87cb092fa07fbe76d12033c11ea9d5fcb1,Light-R1-SFTData-stage2-3k,2613,train,743,3
744,bdc1a9d73bdf90ac4bf09f55fc8fb29d73c043b2e54fa8ce9d4b8b91ce36e84f,bd28284afa928b8e9e0e5c3c3e972178bf8936b34a89cd360f6e30d583bc979d,Light-R1-SFTData-stage2-3k,999,train,744,4
745,a4e0e6722f94547d5c047ed2ec0092a4f8135a4ed1adc2a266bc9abc5ca99488,e5648cfdb1a1538e25b34426ca8d666dc5bae346ad0dc3cb8deb9f1c5aee2894,Light-R1-SFTData-stage2-3k,1419,train,745,4
746,4910a5a128f15d5db85e7ccb4f171ed338393a5a8f38981b783805d64450555b,f1a07bbe27c9f3df987a5b1de42f74af2ffdbf446f15b58e4bbce20103abae41,Light-R1-SFTData-stage2-3k,2238,train,746,4
747,917cc24bc7df893bf2dde1f3cf313d221a9350f536d1e9ad08f0878ababc3a94,85b9143b53af2c71303813d44065dbea42f165d2931a34aa5c7b72bc8f5675e9,Light-R1-SFTData-stage2-3k,1545,train,747,3
748,121df0ec04492350a11c154cd7bf2d5606b1f56d3ef681692f9f93774327201d,7487aa14a7e184a62a47f0bac238135774a0b539349bbce2f2ce688656eb034a,Light-R1-SFTData-stage2-3k,1847,train,748,4
749,fbe55e2b2b13df0e5b5fe88cd9b3b31d22443889706dba8ca8100e6460fa4940,763d030faf051ddc87880f09b50dfc637a9d7200dc425747d889e1e1b0c30441,Light-R1-SFTData-stage2-3k,121,train,749,4
750,0f5a1b51d39b5b80e8842c34ad825c7392b9f978faa1959864ae743b1e56aea6,fa970bf2fbe4cc0815ca14d2777bba8df5f28860fc5f294a8ae666257c6b7257,Light-R1-SFTData-stage2-3k,1295,train,750,3
751,13e6fb821c4b8aca743df6f95b4f5f74450db0caabc6c193ba348a58ad7b6642,ba03b6965bcfe01780bd887bc237a1f194a77ebb7dae42dc28410263bb779b96,Light-R1-SFTData-stage2-3k,1184,train,751,4
752,4dc45573038629a8e5a0b9ce670f29a7c9f7f93ee91c15e3f7883c544547b8e0,273efa050492a7883bd121dc1e1a23a8759eb3c0d280918b0952dc9847dfa089,Light-R1-SFTData-stage2-3k,900,train,752,4
753,733b970725bca32d14ee4a59e19f0a3a924aaf62ed39fd05e7443c9ba78dbaef,2481c072b363db4c4df1d0416628a0d4a38e8abd55ca3e46dbbe82efe4abf642,Light-R1-SFTData-stage2-3k,49,train,753,4
754,aede174cb42a18c121d3231258d92152ed5e3eba1f8182bdf104113ca59abb41,d2ad2e21abcec824dbb5632a738f0f74bee4d2d427b2a8052225878de099907c,Light-R1-SFTData-stage2-3k,1401,train,754,4
755,367899c6a5b89a84dd16a2ec832b57e2a659e2c53ac04dbf10011cef520847c6,d6da3d6fc911309445c1803a7590c748a5840fc993986bdbc2ea31cabc484753,Light-R1-SFTData-stage2-3k,3524,train,755,4
756,41c368a15897a99a826a8a68bc7994524c9b18b01db0feb3b6ff5b97b7e165f3,b18e6fddd34e57ac6530aa5c507cddb733b5bb80db9f373beab61dd0b38a40b7,Light-R1-SFTData-stage2-3k,2169,train,756,3
757,5fb6f0dfb9142a7b13721210791acd1d764f684b193183c85fb517c915b00889,116be276a59ce641febf1d7665be6dda58db478453e4ff2bc566fb3ed97ec487,Light-R1-SFTData-stage2-3k,3529,train,757,4
758,7606a32df3b0ed75b2be1b946a3e9d2cf893ef747fc5e4c0a476c15067c764ff,851f9f9432a775d9ecde2e97fcde2b505d9646d77e176ac185cf1017887b741b,Light-R1-SFTData-stage2-3k,1656,train,758,4
759,462bd11f15f5049a587ab022431f8d58c6fb488219df6c90b6bcbcfc9c6c1f42,c0b83d48685887db9d6871da1676fe9eed2711625978d11f88cb80c0cb3304bd,Light-R1-SFTData-stage2-3k,3315,train,759,4
760,ac44758b79759c480e2b2f7dbafc0f471d12374d706dc39d8123f3acb2a3b77a,b04004297a2caa373f184ca692c5b01283778ed04bfa884fa6d270b5b28a3228,Light-R1-SFTData-stage2-3k,146,train,760,3
761,4b7eb1c0572a201e0efb59ffacc08866021daae2c316c11ad3b0889b84a53db2,1f32decfe4ae5602c3118d8b691744955b1c53f7e4f8d1f30470c39a707bd77b,Light-R1-SFTData-stage2-3k,2150,train,761,3
762,9e1423e6ca785df47075afcf910a8de8ef79d06e8a3585b5bd20ed6a1795f730,570d2ce0a49917fb2f9200b9b2b21d80ed7bc2a10cab24b035020c4e990e33fa,Light-R1-SFTData-stage2-3k,812,train,762,4
763,03db7a8cb18a13a4cff480422ce0eea1194512f83dcc23d25d7adeed5003a273,408046742e046679e9caadbe33fe2d9fa2053a14f1dfc4f174fd7e1bfb6eba3f,Light-R1-SFTData-stage2-3k,2308,train,763,3
764,fc3715ed9af5eef8de284ba64b222fc0c30a72c1831eedb8c5fec63b42c0c6d1,68a4d134d970db3f296fd685af10337ee93ee7ae69170fd82cf6b6d89b61f86a,Light-R1-SFTData-stage2-3k,3480,train,764,4
765,197023c80c3e365759477ff7a2c9e410ddeee6dfb8110729bfc455cb7d50ed14,b143b8d88822dffe0879db6982552ef97055139c1fb1612876d490c3d1589cd5,Light-R1-SFTData-stage2-3k,861,train,765,3
766,a89e6fcc9e078dead4b93b82847e254f43f76cfca1d2f900a37553b8881315d3,f07614e6682bc91cb98b11e8b1073eab137748a54169174a1b0ed81851fbc769,Light-R1-SFTData-stage2-3k,3299,train,766,4
767,fc20c9e2bf9a09b1b19d48ef9f80976e126f5b84a335591e458fab1a133a50cf,c60ab5fa09af3e551ce5bf35a30ef1ebe0c43510dd55040bf98748ec259e892e,Light-R1-SFTData-stage2-3k,139,train,767,3
768,035030e16fb0b4a7b46a4c65f2ef78b5cfd6297e79cbd622af9bf00b69eb77b9,67e4637549a992e338df7b55a89da009d23709dfd87cf5e7529e26e44fbcd0ee,Light-R1-SFTData-stage2-3k,1772,train,768,4
769,326b781d94e71e6450435567665b8a4f2779777848a2b8d289ac33feba8f15e8,6460d11428d9a9aa97a292ebdd6e4859d630e45f25072821b969e065a08f343b,Light-R1-SFTData-stage2-3k,3495,train,769,4
770,bb470293839350af8731ac0da97336290a81e86053b33ee7c53f6eb29d834a1e,8dc0c66da5f381ed2bfa86bcfd2e628dba70eb5bf80e9deee2d0f532a394745a,Light-R1-SFTData-stage2-3k,470,train,770,3
771,25034459427552c13d316c69627490b0b9e975e259981e03da949368626a213f,c9ca97ffdf423b27e82da3bb1aafcf4966b940320f4aeb33c2a363445b7336e4,Light-R1-SFTData-stage2-3k,2829,train,771,4
772,04429785645bb7ece6186602004e665402b057abc61c01689973cef901bb84f8,b17ba87dc04dfecb5c612cc9f4613de614fd3775f470966d689dd70c46d40421,Light-R1-SFTData-stage2-3k,614,train,772,4
773,e627547190143e240261fb80bb52e11558ee552a4016355733c63fefa2045b8b,a3368a0165bcce79ef5a00f0ffa5d7f7e34322367c736e796499ab414957f4d4,Light-R1-SFTData-stage2-3k,2653,train,773,4
774,93f581c96b84eceffafa1e988c6fe5566bdde2b724bdac6db4ac61b679d60943,a4f4fd9da09b9d332bae79d27c3a0ef4949f4c287ebf97eb2d032e4f4c4cfec9,Light-R1-SFTData-stage2-3k,3417,train,774,3
775,1cca9dcb5a20041eac581798ec1a5362197816e05cf3313ea268f2ab01396a92,0af258b84d13046617645c1fe4fd12ce4c04f8bea95b07e02843760f1235722c,Light-R1-SFTData-stage2-3k,2171,train,775,4
776,34fd25153309ac99bca47caceb57db63dd0a7f8fbfd6e5ac347cc0eec399972f,df56df7c40d15826e7bcfdb8ca1b92f65b4b8bcbbd03c7e4d1c8995d50304c7e,Light-R1-SFTData-stage2-3k,1933,train,776,3
777,065ed8fd58fbd77c4c56dfc1b7f7cc8f8675bb461e8c3dd696fa6287398ec54f,53dbdd95f7a58794a35f22dc4fd0eb52fca8815df5c8c99e09cce717c1ecc198,Light-R1-SFTData-stage2-3k,2461,train,777,3
778,78e1563a85523d2ab99e4cab498a7c1fb7b9f06b3b5ba5e6a94a458e803c77d5,0cd77519ee2c6f863d632abc942f368b2b9cf318d3d527ff5cbc0510cb169ad7,Light-R1-SFTData-stage2-3k,2680,train,778,3
779,a5d1919c154a407aa4ea8a8995f31599171e072bcc13e635425493a37099cd76,6a744acaf986401b04b57ec9fdc640ff241845f6218f8812e4869d6a4a1d075e,Light-R1-SFTData-stage2-3k,933,train,779,4
780,472d8cd5e451673212944198a832f3d7d028736cea97c50a397e6ad0a7184048,84acd23bc8b6c288130f6eb4462b7599738990b69688d0889e17015fedd53571,Light-R1-SFTData-stage2-3k,2534,train,780,3
781,90aeba28c12046604a04ebcec3050604e2a501b631edbfea78fbf5f9dfa87320,5883fd4dfd401ca423442fc81902af09bd44789ce1e9c481477d5b6f1d965870,Light-R1-SFTData-stage2-3k,1970,train,781,4
782,826359f2d5041cf9068bbdba4937561dce20635b93e9f1ae4795358689d32adf,d668e2020717aa65202b1bd711114d0114f0172f446e43f3f02db16b292703be,Light-R1-SFTData-stage2-3k,3226,train,782,4
783,c6b25e36c9202116744baa272dcc0fd74532519f5935d093bd3d246a5ddf41fc,a312e7ee80904139b6151c3b58d1dfd6e428e007106d21c794aa78e3d125aba7,Light-R1-SFTData-stage2-3k,3046,train,783,4
784,b28f2ccfade0e2513ae6a9de976efef77feda4fa15a75413d766e95c2e688318,3e3663fb5bf0f2c8d2b92ec6cecee931684b54f67563c6cd66f33584fde2ea73,Light-R1-SFTData-stage2-3k,1798,train,784,4
785,af25fb3e5608809dd26ed67522956884aeb0cfa2b0463ed9692d7499d15a8e50,9b22cc23cf1d176b2df905518c2ed935d1d25a2280ea3890f499633cb7ad66ec,Light-R1-SFTData-stage2-3k,2536,train,785,4
786,ccd8b3a3817a65b74ad232b4c4ba6546b8b523f4b96f877aa4928dda6fdd2153,556b40aecd5fdc73222c3d3632177692305eb7fd4c0d89b676b184f0ccd19989,Light-R1-SFTData-stage2-3k,248,train,786,3
787,ca76a0472c69bd71d465c1d76292988e64b21149dbe7615a11c866a8bbb45e49,eb6e96f6c064d22559774d0252188c0ffdae01aa91e9ce7d84fc971ee21e8249,Light-R1-SFTData-stage2-3k,10,train,787,3
788,96df8aa6c52bbe0aed406123e396f4f8efbddc2cd75adcaf1f53efd08910fca8,b623aad476706b4323fd7c3afe9ef6e567d8da699ed6995642af16700901d6b5,Light-R1-SFTData-stage2-3k,2494,train,788,3
789,f9b5b4a304c6bd588dead3ce963caf426e6763584471571a8cab335a0346d1f1,25cfcbfe0e54fba0dd4cebe73424b8fcd171b63bbcd7f76a653da023b5153169,Light-R1-SFTData-stage2-3k,1600,train,789,3
790,fcebf817df32a9e8d048e5913a70f5290a8b91660d2aea73a7fc72f423225b03,837090698820f4739fbc49dd97a184652199c8fd1243e2b91bb160ecc6c15a7f,Light-R1-SFTData-stage2-3k,3024,train,790,4
791,723374743e4520ae669e0b51a4951dbcdbd34ac13b12c0e2fc52aac8462575ea,6f4792664bdef2abb4d919e83fdc84266a3ff657e91fda23fcc2f0d290a061ee,Light-R1-SFTData-stage2-3k,2331,train,791,4
792,e9bfc3a702f5c9cdd2862750d7e28a99667febcaf6ca911e0c8b7522f0f774a7,83f9cefd8b47ca8c87ac974ff805e1f3824333b505894e657a5dbef88e3dab77,Light-R1-SFTData-stage2-3k,2196,train,792,4
793,d83b170499b652082bae6da6ea3a7c9621f7336ee5237c17b9d9a4bab7612754,8ae460ee4e84701d87f6f55417c4790085ef736e59c4dae2090a958e7882aac8,Light-R1-SFTData-stage2-3k,1767,train,793,3
794,2dad39fdc6143876cbc9b92aa14fa030ea4184a92b8b6659b0091678edb152dd,418d81d8f5e09cb908bf6c2c0317151eb87b0a98c6381804c7798375962cccc0,Light-R1-SFTData-stage2-3k,1131,train,794,3
795,9e013382552f36d91096381052a69c4d7160393b832a89398fa1c813b76990c8,9a6f4bb35a51b877eb5c64489657ee37553d357470ec30b0afc3c4bedc0e1372,Light-R1-SFTData-stage2-3k,363,train,795,4
796,037b9ef0f0b2b9a28d0e8119e5c81ddd4329fc617757c022bf31e83ecc197511,a7a623d7b1287834d32c075964a5a0124f74207cb9a349513c088dbc66682333,Light-R1-SFTData-stage2-3k,1375,train,796,4
797,f4cffb725c9e7fb129a63af1c31d965a3db0b9279d4088b575cdaaee5a31bdca,86888e1f1b90b70d7c9ff7564316b6a2fbd3ce990b3bc24e1be3ac3aa03a73a7,Light-R1-SFTData-stage2-3k,1490,train,797,3
798,cdba182a536dc9824016709569f45b53fe4ee1df88d5aeb297c67e15eea1abf1,3303d449e077606306d83993eac9ce90e30b08ca7209f64b20bfa850335758c8,Light-R1-SFTData-stage2-3k,2916,train,798,3
799,6df904191f0f6979e62255b68de1710f39a202967aed22a54d1272cbe39856e0,d9aa7150c2fd3977527aadcfb407c6ff10d193885748439def45bbbd24774f62,Light-R1-SFTData-stage2-3k,1660,train,799,4
800,a6ff83b1763a058e1fad918a671f27b132cc9881971fa10895a6089b83daa893,1fbea65ea125bdf33509447b24ec36b4894b56004b0432673436c368f6ce41af,Light-R1-SFTData-stage2-3k,1699,train,800,3
801,02d157e57419c3a304edfab9603665b39e6e1ab823f32b53d008ddbd6e8e5d94,0bc554f8313c9964b4a03b03af530a3ecbd72baf5f350ceb9efba333c0e32a7b,Light-R1-SFTData-stage2-3k,29,train,801,4
802,4ee355c95887ecae6e70d6996b6a4e49987b10cf0d1539001dffc7051e8ddeee,fb846bd81de971029200377607634be0ea9e921723fedbde383f09cd8eee2ff6,Light-R1-SFTData-stage2-3k,2576,train,802,4
803,c481d6eb826f861ae7153049d612ad675ffaa1005616c3313c879ec2f50378a7,5ac4b913fa7fa3fa8336034b8ef0e93f82b27621ca6573b1fb9290852b96bd09,Light-R1-SFTData-stage2-3k,1646,train,803,3
804,591c9fe0dcffa6d2edacc3629e1bdf28f4c7f28fa7a8f3574ac1e62c0ee04782,10b14bb0ae5611f9d5d3b0e8b251ce5fd9de1879418db0e6e9c4d51286a06813,Light-R1-SFTData-stage2-3k,2932,train,804,4
805,83e5b3a55822deb30e0c858a57a17342cdbe5ebbe0ada607f912225d07bbb54b,783f4c171e5ec3444b7506d6eb5ec8eebbbca10c06897e9ec32632e62349f645,Light-R1-SFTData-stage2-3k,3068,train,805,4
806,2e447b1a187c920e1508c07da92402e13bdbe60a51c90b142a8299b20c491418,f6277bd49048085ddf42769017e3ac225c1a9f778d41020e9793c917845c0ac1,Light-R1-SFTData-stage2-3k,2211,train,806,3
807,850e7ecf585b8577bd102fc6c445fd94a062885cba8755ff15c08df7f667e0bd,1adb2504f2f9e494932ca3ee2ee8c33b2e06771edc5374901f69e9baf3a88201,Light-R1-SFTData-stage2-3k,3127,train,807,4
808,3ec4dbcd3b013a6b637b7136d3baa0fea6c54b25ac871eec56f6b1c52f401bb3,89fe597c2ed32b6abb91d7794d498b22913ca6caf2c137b69cb2761ef3278b5b,Light-R1-SFTData-stage2-3k,1532,train,808,4
809,94fe9d155c5ccc488859e710b8362f56dac50483ef90d853a532d6c7b5a9d89b,a3e9473a0d65a733d7e66cac492dfb739eae5505387c1160450c68042b3af3aa,Light-R1-SFTData-stage2-3k,3033,train,809,4
810,3ab13ff3931518508306a9fe2ec88d6e246e5a05fc4365c5c3df2ba3c8571e0e,a368aa966b75cb110fe49e40beca348b6b79491b849d83eab3e5116cd988d3c3,Light-R1-SFTData-stage2-3k,3041,train,810,4
811,94e3e9e63550a2397d7e6492e05818b627ebcd92e8d1de0df2b1ed2f29f45a2f,6e4a796e52c9794e03226933fe9d13c609424e4ec935cea373534214eba060b0,Light-R1-SFTData-stage2-3k,2266,train,811,4
812,9a3423a4f190d0da2bd2c7a34c0876524ee791960ce30f4a434022ed699c12c2,2d39e9071b1da94871f1b4bdfb7adaf2916aaa3ad034d86fe9e2d6e38d90bf1b,Light-R1-SFTData-stage2-3k,2580,train,812,4
813,d8b52b807754d1fc414db53ef5889d3ff3205aa2ec2b923fad72dd493ece506f,d003ef619d306d5d4c208d51799e6557e2c0b04e46bc56fd17875d15393494db,Light-R1-SFTData-stage2-3k,1110,train,813,4
814,de03b58a12dcd45f2caa5e6319158eb7ff02040cf809d9124d6889c743a89510,8ea8a3ebb246f0d31ae6247a7546c5928e8edcfc0baf96f318b1430bf87c7ed4,Light-R1-SFTData-stage2-3k,1771,train,814,4
815,d3505b27af1c2487193d6d84548526d06b99003e23efceeb6d7a907dbb84769a,37cdcb7cc2e0ac75a3da6995c6c23ae05e6d07bc64c99804c32acb5a9063cb00,Light-R1-SFTData-stage2-3k,1228,train,815,4
816,ab7f05506b3782272d2eaf3214014403b2b66097d0bf19593014a32bb5f3c732,c06d0fc9e3722ae9fe2562d7608c68cc1e7d77e7035dfd4846174abb40fae8bf,Light-R1-SFTData-stage2-3k,3065,train,816,4
817,a18611770e460428a623be16214013a3bfe2f5788d0f2694f0ae0b0c81104310,0e4a4744aa6a540412994cddba36531b9315911fd9fdb0ed1a94f6638ce9d58f,Light-R1-SFTData-stage2-3k,1666,train,817,4
818,65805deb7fbcb14f9c69d71d82f128bd50327915d8360b1e9c590383358d4a61,7e07ac1738f4ea5e6696a965e1695d8d12746f2b8cefad412a48b9062924bf15,Light-R1-SFTData-stage2-3k,2716,train,818,3
819,c9692193a6432b54c1f3bc1f3498f0b98a98d99ee5a29c080b5abc643e33353f,e43deda7fcaadab57ec0861721c7929de35e616efad5f2b928ea0fcef66df03b,Light-R1-SFTData-stage2-3k,1535,train,819,3
820,3be523971ea3e615ef52b0a063a81d33b593a4e93ca9b24969c8be6d566eacef,01e1896b636a0d0601f241bcfdb00651d67c52911669b67b27ea8386e1cc4f88,Light-R1-SFTData-stage2-3k,615,train,820,4
821,0748cee48192a642ed44ffc32c825cfa77f9d9dc739da6e3e9fec6a79a0d7cda,a1e585e6b1808bfeba19159bf9541265fe2db29c9fef1fc5c4ebb82830b98adc,Light-R1-SFTData-stage2-3k,1969,train,821,4
822,78e5157e6ecdefea81448bd5b58ecada88e97e046d9f42b029bf23382b7c18d8,1f62f98c712479e34833543ba9fdda44e19af4b4493f93b80c10159c5cb4438b,Light-R1-SFTData-stage2-3k,2846,train,822,3
823,510d9ef7e707c35607a5a8a41e226151372cd0e154eec0dec77b47ad7dca6ba9,507a9dd1e9be022d16f3a4a89faaba387b86f09f36de413cdab1148ab977bf21,Light-R1-SFTData-stage2-3k,3025,train,823,4
824,a75ca590eb0ab9868de31555e2f1cec10a889da867658c476debb7c696c3580b,49ebaa27aa7afe5c068148266f4be161d3e8629503276c14c1cce6482c28b3fc,Light-R1-SFTData-stage2-3k,145,train,824,4
825,57d88d581e5b1308b32c66d573e877c2fa6d442d701b7dbad1ec272de31ada76,3aa0140779e027ecc217d2229ac671565d80d7ebdf2dfb3af9606f927fd0e638,Light-R1-SFTData-stage2-3k,659,train,825,4
826,e515d3f9ef0974f51cdab1d2f292662ea2ba41aba2b0c16d732aa50dcb30440e,7616bbcbd7f21affd94bbc83dfcc74fa384086a3dfe342a4439c571fe0ab501d,Light-R1-SFTData-stage2-3k,677,train,826,4
827,e04a46eb104ef0ec27845da7902f3400d02e871bda32c01dd1ee308d67f8aad0,b928692a68843aeae7f2b0304d357b1a3b870bb8e92178739762769f36d11ae7,Light-R1-SFTData-stage2-3k,647,train,827,3
828,7dd850b0ed0800a2fd466c18e8b1713174d61cab9ae66842fa481825fd720324,376a1509d4edc6281a41b39cd0b5f48bff54a54b1609104b0dc1f4bc1f2cc832,Light-R1-SFTData-stage2-3k,184,train,828,4
829,fcc952d5a498775160c3396ea6f2154285bd616c0e1dd13055be5bf3981a624a,afacbadd455990be784874e5890623b4fdd6b48e4527ee7321b97ec6150ecfcf,Light-R1-SFTData-stage2-3k,3294,train,829,3
830,d37b7bef833abd5c091bbdf401863416e8395c32bd5e9730e980d6758f41e8f5,47de8256e25c04fc874c46d0aeed4d51c414739cd4ad8a70d6ca78830e3ad753,Light-R1-SFTData-stage2-3k,802,train,830,4
831,44c4960264e6ffa77bd5cc5df20278bddae2c9e196d09bff52ecae7998515eaf,56a13c594024c299e6b23907cf19bce48acf2b83e8ff01379ec049826b0b65a8,Light-R1-SFTData-stage2-3k,1153,train,831,4
832,4166b11c89f053cb9f6954eb1ad349945ea1f6c74f4cebc0ce5ebb317cdad188,ffd9fdd56b4d5126c289970ae52da9b870d20fa12470c9a4219507f23af11126,Light-R1-SFTData-stage2-3k,1586,train,832,4
833,f91eac15c4490887d4f592780d3cd871b8ce9ce2be84ed266d2f2b4168b3adb1,0add347b821a46f8d9d7cb84dee003b85dfad6ee24fb732b05f7e332051e755f,Light-R1-SFTData-stage2-3k,97,train,833,3
834,29b25f9a87d607c65faf1adfed215b4df4e788f1d86abbb009765d8f52eb714e,07063654e58c863c27f16617542fabb2eb18ef3abc0bb4881ad6c7e879c922c9,Light-R1-SFTData-stage2-3k,707,train,834,3
835,4794e82f6b94c090fc16cbe38a7eff8b173a06f93df4ea6de53e786cd59c4d42,5467e836c3d84127110ba1d091c4b9237ec759df31452998912b333b3eb55813,Light-R1-SFTData-stage2-3k,1011,train,835,4
836,b49b6d0a19e777396acb18950f422ee42860b82bd562237d3cba3c8f5f549170,ec5b1e00ea514119e0b203aed807a98de16d80a1e061dea0f9f3cabf7d914596,Light-R1-SFTData-stage2-3k,278,train,836,3
837,15775495b1006696f15a570bad872f0b8f9daab2885ef0d8f77d9260d5e51da8,3482aaa9b2525959503ac3b77f7811d97b63351fbe146c456eac42ee54d11c1f,Light-R1-SFTData-stage2-3k,1222,train,837,3
838,c0d79eb1d1e8bd0a4d662dae96fdb00e37c165d62f1426f6e958e1e28248805a,022f3cc63ee8340230918b30e98f50f73af4fda95e35137609b06e4a8a1c3287,Light-R1-SFTData-stage2-3k,2300,train,838,3
839,02fb4f7a772ad762229cea98ad91ef0e0f910a41041a3d177fce7eab68f55136,f38551997dbf5ed4a495c9e94375bd70158862dc25bd4bf7cd609fe363e5dc75,Light-R1-SFTData-stage2-3k,261,train,839,4
840,01f6857590412ac9846af096a6b7330083899d5082d73addfa3ae1ce516d3f1f,a604f1e48a5e89202b2db44cf8304d80fe7b48068b422a853c862a8837f55c5b,Light-R1-SFTData-stage2-3k,2974,train,840,4
841,44ffade440ed9eb4a3c8deeaf1649680f8d6b76023e2c1ddab7b30864639670f,38162044369cede57ae4b8a8997019f6f44b5c84103046305e8da21fd2267061,Light-R1-SFTData-stage2-3k,1524,train,841,4
842,c1d75c0f2fa84cbd5df950350872e8f3c00e03022fa5d596e14e21671e21b879,0fcb251d37e330dfbc3aa51633df3a624df1550794f489aee9e9c96422c05983,Light-R1-SFTData-stage2-3k,1680,train,842,4
843,1260d10295c61281e75f82c7d49c59ca16e040b268130e3e766fec7e73af3fdf,150242b5b51aed9ea854a926aae28305bb6356777fa20ef0384b28a10b8734d3,Light-R1-SFTData-stage2-3k,2366,train,843,3
844,543ee1fbea2b858cce01fe2ff2ed7f5065d8e73a09e1cb5610b079a01b4d96e4,064c0aefd907f964086a59928f778486bcd283e07d05b199911f991cf28facaf,Light-R1-SFTData-stage2-3k,1355,train,844,4
845,465fa86900ed6a1be48656c918ecf1320d307c162b540123b3adcf22db4ade04,416e47de8b0187afab32d98c0cc7a2e17bf19a97f721027cc7c9c99af72ce239,Light-R1-SFTData-stage2-3k,343,train,845,4
846,55cad137f9a52723f47a23d0fa4759f43f70759c733da623176c489fb937413a,b57668e8596ef9a64a3e59bd153adcd58f5ff2de1553a551f7511f56ccd0bc48,Light-R1-SFTData-stage2-3k,1384,train,846,4
847,18546894699b2656308b1efa820ccfc5a95d92228c5336ffd1a2148ce05d1031,3a184937575381b8d3218b3f0daed654ca6bd90a741eef840b3514ecbb3fb5c9,Light-R1-SFTData-stage2-3k,2026,train,847,4
848,d0cbc1c4c2494816b58af7f4523073c256c8e8ff22bc4d22b65bb6e4d5e95194,b3ca1aaea1981f78edca8ae18c8aa424cd07cae1f5370e2c4d44ca5cd46fc570,Light-R1-SFTData-stage2-3k,3251,train,848,3
849,e1dc338e600b3e227fefea46c7e2d2fff146c9e2b7e26405698170274a42be79,626689e21860b864ca47a69a65d8b5223aab3ac31be2962bb014f148e3c99e83,Light-R1-SFTData-stage2-3k,1807,train,849,4
850,3532a72c37e26be1039c33ecf584e00fa42b4bd9ea943ee1ce6899f189bfa768,83d4b7d1a4fd2f314f4f18b6850f06881720cd2c16e1fb5973b72002f0957618,Light-R1-SFTData-stage2-3k,3474,train,850,3
851,74312a26c93610e3b0cbcebb071a63266793fa5c6152546e022a7594ab1bc5d1,2ec92068d58dd8025ed67987297ac5e3038e3f340b32a34751ff498c1cdab9b8,Light-R1-SFTData-stage2-3k,3438,train,851,4
852,9fe7f9ea8acc0dc33db7ee78d0740e5a88e7d5627217020dbeb74526c03bcc03,c3e1a75b1c584b5f818ecc729faf1db052c0e4df821c37cfbe58fbb1a29a3f69,Light-R1-SFTData-stage2-3k,1983,train,852,3
853,b7d80ad9cfa0ffe3274d4373708c4f6cb28017a40de3d682a872dfd6fa9e9edf,754874264f7ed884e4f91f40d13288b9cb5b4f8ecdae63c367d1c7829cf9befd,Light-R1-SFTData-stage2-3k,2897,train,853,4
854,8c62d7fb2260ffd14c8ac66e063ff60271cf33888d179c16568e9e7b8c95b700,b978573bb9fedd8d1695b05a8ff0c79ffef3e0602c79584868f37795f9643164,Light-R1-SFTData-stage2-3k,1815,train,854,4
855,72a9894d82dcd983794a4443cddf0d32adc23ffa0a9114fd4f2e42544ca7a418,0b0f929e2b03d03164ce7ac670617f5dacef676b154c1d7a4b54f2c8e66c1755,Light-R1-SFTData-stage2-3k,1694,train,855,3
856,2ae147c171c0cbd04bfbd1f42db662fa465b5b99b5ef26a967a3f64b88e636e1,b3624294f40d478fcf406a4851d53c59ad4bac1f2b05344c8dcddd58e7a70d25,Light-R1-SFTData-stage2-3k,159,train,856,4
857,f42f794c1efa448c55c68294776f035ead2772804e856bd12bd3b4c7d16ee3ff,e784ee7806e9e83eb35c74ac1332b419cfd01e32313e3dc99879d2730908dfc9,Light-R1-SFTData-stage2-3k,2711,train,857,4
858,69d6cf6372fa2f9f2ef9595206f6d0f0e51ca53d6f1177ae59c9e25c92341bf8,a405e4a271e81a4cd519f227f4e1522e09aeb591bdfb01945e3577685a740181,Light-R1-SFTData-stage2-3k,3345,train,858,4
859,373c7297e5f596e462f93230b1164e84c8d50f2e66ed8334a4d2355b77a07ebe,511b45c1272b75e13d7424a826aea51c8bc3b02ecfa7adadba735aa850907c0a,Light-R1-SFTData-stage2-3k,3300,train,859,3
860,a43db2bdcaee459b9b78f15def015a571a94e752260a4a89377c24ea8557d814,f037a0c631fdb7cd58ec2e300f4ec3ad47dc44594425a94ea4a3b949fce7e012,Light-R1-SFTData-stage2-3k,3164,train,860,4
861,14aa53c38752cc2291313c0facdd1ec87a640787ced8b61138af273f3349d303,626bcc7140e29b9637253cfd6d0ba8fe272e8613976f4433fedfe43b12e33090,Light-R1-SFTData-stage2-3k,2773,train,861,4
862,8d4a2fa270102da5d6b44a628576bf8251577c1b2e8e2e933195edb78a532239,49301d787168715dad9e6687aa93c4603221cd3c2172081de0079d4e30a46660,Light-R1-SFTData-stage2-3k,3099,train,862,4
863,c97a66b8add24fe93f6b14ccf7fa9219fdd46598725522ca726e5869dddee8bd,dc4fc05599398897c847ec015a087f1a8ef05d217d2b5d3c7778df505991687b,Light-R1-SFTData-stage2-3k,1642,train,863,3
864,daa2a14c927f19d37a63569fd76cd07051bb0c50ae33bd0f7d7a5a26ea8705f9,371b06286c60ebb6b6c66467c479eb36a9aa5f74aa134b3b80fe50d94732027f,Light-R1-SFTData-stage2-3k,3400,train,864,4
865,74962ffb964fd77b1ff3dbbb899cb74d35527115e3c84637ac75ef9009341c9e,d322f923a4d281125aa922966ec4be918e0e514c6d6771ac9f1fd545402f3bfc,Light-R1-SFTData-stage2-3k,3036,train,865,4
866,2ee9f27b0d6fc98b5854ec03b2f9af29f0047798488707116c605c43ea156edf,457e7ee942cde09320af87bc32bfa916e5887a05b10658e8a22ab43730f99551,Light-R1-SFTData-stage2-3k,2815,train,866,4
867,c2d043870812d7b32140f8641e3030fa2fac8df90e51f1fea54756b25a3edddc,762b25dd830e5b98ad3f3c2fa29af517ec42e5116f2fd3d8340903b56caccc9b,Light-R1-SFTData-stage2-3k,3000,train,867,4
868,a57e04d22db2491de65d523c34cf0368a39626fabd4e78e1dff3ce00ac72b07f,8fd3815e4cf199c889217afc9cfafd975b18c4784c9b17dc1db6a0ed4d9a5c8c,Light-R1-SFTData-stage2-3k,26,train,868,3
869,589ed0b7d90f498fbc40841047dd82f842e976c9b35cd96999f3df3015109934,2501cfdc653fa2b39b5ad9eecbb1bbf948b19b1659e7fbdd1341c1fab33656a9,Light-R1-SFTData-stage2-3k,1998,train,869,4
870,e1fa84d989d40a9768e7de27b2a9677dfe4e42bf80438ce2d1ac1f017508201d,26dfc0cedf83c3e4a1e32d139a03d4b5b050127d93a03e31d9a77968c07ae7f9,Light-R1-SFTData-stage2-3k,1952,train,870,4
871,c2df405bbffddb5fbb86da60dd182bc2beacb0731f1f214faef3c3c804ea6a6a,0754424f0be70ebf0f011b0e513e5de15ea5860a6b3a042f0fc4698fc302f803,Light-R1-SFTData-stage2-3k,3281,train,871,4
872,fd7696d21a7eaf3aa006e00360971a07b766f0ac7636b17bee50993ab27c6967,f3b98af2477667a78e538701dda4e30ef9237a6ab74dc49a97dc0aad65e38471,Light-R1-SFTData-stage2-3k,311,train,872,4
873,2d3f77f31be4a262f486fa4602b3570a8e1779d17af3109c12bc63542d39bea9,728715d31a884f0c4d004a722d9cc3f12db4267e49b6d84d871ec099397117f2,Light-R1-SFTData-stage2-3k,2388,train,873,4
874,255ff102afde8a70a2ebdb1ac3b40449b91604ede784c3d0e3d35bf6ed6c7633,ed827b4b449823f09673eb231db8308c7373c681dbf3d187dce6af672097c6c7,Light-R1-SFTData-stage2-3k,3403,train,874,3
875,07468811cf242583a9fb95bf94afd65de7c04f36271f806d73f736ecb23617d0,258830252be662405f85e90c54b4fdf7b5caa2b9ed59eb65b79a380b977694cb,Light-R1-SFTData-stage2-3k,3250,train,875,3
876,0b24705c160dd0515706fa5be4fa6e2e6ded3425fc604ae868585705ba2b2840,b3dedea72d42bcbce4dc490d3e42be37c6bb9e4c14c886cde265c56117eb810c,Light-R1-SFTData-stage2-3k,2250,train,876,3
877,e8f28af350a04044e342e4e7091dadda22877ffef499a6eb757af79160f24602,922617053d5579cfd6edf705e980be3e6e0785f8e166642dba0a92b1fe501041,Light-R1-SFTData-stage2-3k,3516,train,877,3
878,704bc16863b3fa861355b38888a12f4845fd35a49fa39f01afd44e75eff4aedd,6ab619d83e53a298ff80734fbea952fc24c3418297cf19e4e64d9c026cf285e1,Light-R1-SFTData-stage2-3k,3490,train,878,4
879,014708d8bcd1fd058e52260df3561484e7d582c08eddcb502b0c3212c9b9bce2,3396c667a0c2db379cd47c212b7b00e21ec33132a1fe3619969b657dc129f2f2,Light-R1-SFTData-stage2-3k,625,train,879,3
880,346d26cc85cd1ff7386241d09a064a79588c82773bd55e2342e0adaf4f0ab70b,b744e9c4687eb0f80cf95639b67b3c687674f2e6aff680099fd210a674dc44b7,Light-R1-SFTData-stage2-3k,2701,train,880,4
881,6e9cba568bb13a3f5d53d966fb98f5d4ef0c388dfaa810a06cdde98ef308a62f,a320c0e09d0c576f19943b12a394d804f7fbfc534b75f722b27b1734cc5ebe5e,Light-R1-SFTData-stage2-3k,1033,train,881,4
882,5f2b159c87f57cbc30abec3186aaf0a86a23f5c45c7638f6d7cce05f5861ed19,3f82e143742181c8859fcdd58a76532e02c2b2569c4d9e23545c7b9240663a54,Light-R1-SFTData-stage2-3k,3130,train,882,3
883,83da717f03920a0419124e5338f63fc3c023f6a2501a762cfd159a76b7a354c4,dbda6fad742cdc70af7c9fda29046348d712dc548ec2013da6304c077126b6e1,Light-R1-SFTData-stage2-3k,2774,train,883,3
884,d50131e6e76f291e4389edaeb386b1e9abdc70e156835a02656dc9e2fd1153da,122db52ae8bd59d9de7e27ebc73ae65bec9155285178a9537793d4b529b51420,Light-R1-SFTData-stage2-3k,3115,train,884,4
885,cc71eb40d90eff3ec8cb502a0f074624ca077f68fb425e9300afe5a210229b1e,1cd954939f371a06b688e45c5990a7f63ffc6586491df0e88b335c7abc69c63c,Light-R1-SFTData-stage2-3k,1937,train,885,3
886,696f3549a162d42ffb4daa5dab6489f474117b48562a562864c079968a537934,a7173bffa6298d61fc78ff7437b7f55e8267b95e3554b4ea501525305a63cb1e,Light-R1-SFTData-stage2-3k,685,train,886,3
887,2c91ea9604e9390ce3ab94b453a04a872baab6d36bbe7de6e554b09e267bca8d,d1d84d9c1b6a6135ab48818a65088c29a21e8936d111cfb50b8ff843f77a9d50,Light-R1-SFTData-stage2-3k,1146,train,887,3
888,0e8ddd5005a7eb0fe65dbc5276f355c8c9382d00c820e3ff2c4fcadd9d66a1e3,36cd359d7ac59e7efd55144d03a2b6bbe212f4866ade3a45f1a03230fa58e434,Light-R1-SFTData-stage2-3k,3236,train,888,4
889,a2bd7d410b9e3eb3384666d4ef826d5d132b8134553beee50a363fd03fc56ac8,95d043315a19c5be19e93f38fe8a93cc995ab433a0887f826f92073375e98b95,Light-R1-SFTData-stage2-3k,2188,train,889,4
890,da1fc22d48aeda836901c26799a9e411ff0573bc7d21cb0c4f87e521d146ea00,9d3a506074c81573221d9e754ed9fdac833620be9f119143169b69280d7e9ab2,Light-R1-SFTData-stage2-3k,1628,train,890,3
891,453c1457013857cb64c87491c28b4a6d8789a032d22d431fba64418947edaa1e,528da0cee97b92bf0f88af335283300244013235b53ae3db779b8785b69bfdd8,Light-R1-SFTData-stage2-3k,337,train,891,3
892,8f9c6074a18902957875ee657d1c1a2ad51f1069221e4eecbce11cef56022ccf,85792b676240afdde23b8d94505bfc45641615b78d94c62a95470e2ed38246bd,Light-R1-SFTData-stage2-3k,2061,train,892,4
893,c983b09e1f4e8e60833d60155cfd36aa13eadcaf37e7a5ee22af2a85ccc2c8e5,854d729b3b716abf317f552665caebf994207a9d32e17b50cf9776e71a16f88e,Light-R1-SFTData-stage2-3k,306,train,893,3
894,fd3e732adf0ed5f3f422dc290d44edef37f30fa12a89c1ea5664fbcf6903a6dd,ae2c5bbb1efbdb78c1f06a2bd541b5931f1ae41f64804ab7a8c42cea246546fd,Light-R1-SFTData-stage2-3k,913,train,894,4
895,8bbbd1b0aac29842456c0fd961f06c2f406bdbda9b222c22b3480f3ea7e6ff8e,102e8ab9f76b9c7f228eeb0cd5067bb8e746bbf038db4fc44d9bd85bc2619348,Light-R1-SFTData-stage2-3k,492,train,895,3
896,0fac827d02e12a4c07e932df3c0b23d449392df0ed0259c6b28459b58fa009a9,99230e223bfa58635e54251d78784cbe7c9e2b81dd09c703d4eda79980645137,Light-R1-SFTData-stage2-3k,930,train,896,4
897,13d8291994956419d12c65264c71d81ebf7aa7f05bc1e7bee61d9c836e9deb55,3d5633607e52460411a00d83c53641f61630a3d5ed42d60dec3231251627f8b6,Light-R1-SFTData-stage2-3k,3090,train,897,4
898,83aa0b218eb9cf0714fb9d683de008fe3a2a71a56c7c552c21b7b4b80eea285a,9eff5cc63e7bb5181a101cbcb1894ff11d4ce6aae3c3e9b5dcf7c7c8d8fd6bf9,Light-R1-SFTData-stage2-3k,1463,train,898,3
899,a0ada473e18d764f978e3bd9e1073aeca086057ba94054281b632a5a2aa1277e,56506a3658f88d638d474d81ff3041af67afde2c79e19708c07e4522689cd03d,Light-R1-SFTData-stage2-3k,266,train,899,3
900,144a7aea0cadcc7d194417077aabf1e23d0bd890e3a80f4a339c51a09bea0f6b,fe6f64cc8487562e722fdeca099d93390ec708bf6d5f84f22880c9e223b3cdf0,Light-R1-SFTData-stage2-3k,2217,train,900,3
901,4b9a868ec66716f84a842fbc5946de8d062e08b9c3be962207eac7035f25cc0d,6f60a4e029059555839e9a30afabb0bda8444529022a8bed7659355da4742f0c,Light-R1-SFTData-stage2-3k,3334,train,901,3
902,d66318081a95c39f098531b5f01ce911674f63fe83e019b2608e0d3a17c15da4,536d4c7e253ece27af17693f42da2459ba078f2f48f6dfefc8ec961f88cf18ce,Light-R1-SFTData-stage2-3k,2709,train,902,4
903,b84300d7cb0e4caa1d7901b3ba9ce23f28d91e066c426ff624fb12f35ccb1290,cdf8754b61ac86266c682188b4ea65b7e3676c124b24a14d3f8dd671a83a4124,Light-R1-SFTData-stage2-3k,2198,train,903,3
904,1dcd99f37bdfecafe357645bdc4370389da5ba0b068bd2bdafcf9593b91d5722,ea5312a06d2308a47f1b2a964a44eb53eb1575499d72c96ec2dce3a5a045fad0,Light-R1-SFTData-stage2-3k,678,train,904,3
905,835edf25e17ead5643335686ff36225305c65c9f388315dcd3649b512692a0e9,88ef6efaad8706f8312c926b53194700707c089842ebb319708600f180ccbd91,Light-R1-SFTData-stage2-3k,1884,train,905,3
906,5f402709484b14b7d559138d51d19391593cb0f15e7b1ac93c7784536d8b8401,87ff1029c973c56ef77ac591c7f50b718970d980c0d96f346bbc6b0e259b274d,Light-R1-SFTData-stage2-3k,3339,train,906,4
907,ec865a06df03c81c0dd76ba4c9fb4e870bede89ce5e809f872ff8710177cce39,3e16f33cfc406e11fb53443491a3240fdc88f7ca73458234f0623dacb6496507,Light-R1-SFTData-stage2-3k,2091,train,907,4
908,4c576c2d36a9d2908e8a885ea1c27a4a64914f943435ff55f13348dc6c1fb344,886d9101f89ae48434180df03bf2de500c4f5b8a8b7771f63892e7fa0b223dcd,Light-R1-SFTData-stage2-3k,2246,train,908,3
909,fd397656158fa14f8deacc320aa964514e328d11189c87aa99238d415b9eda93,e87b6427f3e6a69a4f17ccfa68b2d3d904a074d60079ae42002e87359742caf1,Light-R1-SFTData-stage2-3k,3473,train,909,4
910,d68813726380c76c61d6bf184cc46cffeecc6f5f060f25d1fd8a69c6f0295514,f5e5d8ac2753a3f373d1f2b26c1bd9b450f19e3e8123869274e25403fc7d3c19,Light-R1-SFTData-stage2-3k,118,train,910,4
911,8403244b31dc1fd72b899e801b3d1156c8b45abd9386e98c8e8f1e775934b97c,0f3174bf402c322f9103487f86e13912d1fc7454499a68ff3f3a0d119ae42f8c,Light-R1-SFTData-stage2-3k,2878,train,911,4
912,9820abe6807bdbfa3d90543f74ad81ff26faeeb78a6d8bf083994dce6b2c1e4e,f139ad541be0a1eeedf2bad6cabb96797f98915c439a4f7b0fc48eeadf0715f4,Light-R1-SFTData-stage2-3k,2659,train,912,4
913,1542ce04b6efcf0c48f6c3ba5879ade093cd0ef42f6deca2598d2f0831ef33b0,42599d116555f799796a2e514fb61266a3e1652556557ab948456631b67aaf5e,Light-R1-SFTData-stage2-3k,1345,train,913,4
914,ed99464b694a63569fb2fbe767fda1781b8abf9dbd5db2bafbbcf0a33232ca6b,0b1608d3d4c984790d9138e2c63846a5d29071b71a8a279c55834a45ff86fc1b,Light-R1-SFTData-stage2-3k,3256,train,914,3
915,732cb813cad918a622b22300c14051aac1aa6714e92166b9f96316b1be649131,0a84e22a560c0b694bfa1c0f5fde0b6c01c40b97472fce16bf5f2635da6e9f4a,Light-R1-SFTData-stage2-3k,3397,train,915,4
916,b698350d781e8b2cbb665e9d24f8d8aaf62eabdcdfb27242bc354527b0c9f45c,5ea076dc6e9ef2a281b6f7eef92d06e27ad6f9fdb7a84680710c61179b323f0c,Light-R1-SFTData-stage2-3k,2572,train,916,3
917,d5f018d8b8b805ba17961a9874d70897aaf3307e793271108b4945b393bb62ec,9b30daf3ba1d1a322d58d90b66191b0e0bdc8753ad1961297470f499274876c8,Light-R1-SFTData-stage2-3k,1132,train,917,4
918,e960f23f1c72f077d6c211a0757ced07b10756d2382db9fdac84ed20cbf5a099,1c31700d545e88582e4b436557e6ab18cac134c16f5163aed4257c276d227aed,Light-R1-SFTData-stage2-3k,1069,train,918,3
919,0780a4b5e0361fa345191552ed3d887b126ab9197d4f0617a768d155ed704ab1,bfdc765b13c5a6e08a94f153cf3fa60910c7b4bc96cf5fe8867b7f6436ad86cc,Light-R1-SFTData-stage2-3k,1308,train,919,4
920,b5ff1b346b8226f1bd2108284b6d38a0761c3d943c39ec86e6f0bbd82361864b,4babbf65e6b283dec8f93a4ec46b314e1dc8849d7a1a9d71b118559ca18ec968,Light-R1-SFTData-stage2-3k,1336,train,920,4
921,75c952a5c79ea5d35279e6fc066721a2ca7c399b8cbdcbcb12fdc539665598c7,17316b2e660e5f96206da3952efa3227196ce3b8da0663f4fa9e9e8a85aaec64,Light-R1-SFTData-stage2-3k,1564,train,921,4
922,c5dd21f490d28a9358b6f732dbd113235bf47645c400b3a894b77c26260cb197,651dfe99f9b3e3b992127a251d40ff2ab7f16cb732376694ced83a1cf6b17976,Light-R1-SFTData-stage2-3k,835,train,922,4
923,47cb2cd6869e88be1c3f6e19d0d41fa1b3732e519b9d82dca68e7239e96f1f57,041590d5c5866ff9f5b84f84162fb5e304e72c283e48ac727828686fff320273,Light-R1-SFTData-stage2-3k,3290,train,923,4
924,f5037c952f93e567ff5d6558a94f048824082a2e35651485e79263e8919d0c9f,7605df62acc44f5aea6683371b93a273299141390b930e9bc45d55fc265c80af,Light-R1-SFTData-stage2-3k,1092,train,924,4
925,f01818f6d5fcecfbde98b52840e74ded370f3e74be951734b9bce960cade5f10,1a90a0483aa4fbcecc547b8e2440b6fdabc95aa6433aa12ea7e6ebfad735c99f,Light-R1-SFTData-stage2-3k,1700,train,925,3
926,273a6763575768ff464079c6559ec80aad26c9aa61b12440c33f32913cb54151,8b72b89921fef20265c084eb87b5dda6b51518d9a0969253792d7c27e8aad937,Light-R1-SFTData-stage2-3k,108,train,926,4
927,e0af5c97cff662fc9b8e730f5bdf66c76b2668f5dc4e984ff384b9f0a20fbb50,f885d7336f3e1c4207609d551003423f210dcc560272d2b27f6c7f13cb21767a,Light-R1-SFTData-stage2-3k,2343,train,927,3
928,1796bf73232aa570512e1305d04018fac380d6bea8b43e400cb712b034d60afc,f9658ad7fa9af22df9a0821767890178b38c3aedc41c38d18b6b9d95efdcb07f,Light-R1-SFTData-stage2-3k,777,train,928,4
929,165aac0f3616684037061020b157be51ccc57c4fb8376214fc4ac0117543769e,a0a3ead7ca3cc52bf25591e17138d04b639bb9acfc4c40c2be40aa0308bb181b,Light-R1-SFTData-stage2-3k,1781,train,929,3
930,2f14bbb25557c6dea3e97fd2c760a1b01176fec7d1e95912696ddb2b7ddd938c,90cc51b53e3687293869f0e791889e32c1399c85d022efbe4aa9adcd090f4822,Light-R1-SFTData-stage2-3k,551,train,930,4
931,1c251e9d65440e87404787d10c723be78a9eec3b2e507ad34e6e3882d7ea5eca,0364fb8e567afb92006e40e64759d5b8452a825bf6e18e76289cbb646de1db8c,Light-R1-SFTData-stage2-3k,1940,train,931,4
932,5c7a6a0c4f222f8bd0e96ba2f5d4dd99ca86410f603035ee3380aedf421f6a62,853499499b8bdc912ace6542f58dc2144965fb367abc0bb62e94b4d5d729a33e,Light-R1-SFTData-stage2-3k,2601,train,932,4
933,a2493ecef1720b85867d0371508cbaa0efe4b945ed138ae8e7b56e25452b6518,d518712535a150752baa9af1bb801d8011b4c08bf7730a5a71745f4a452be5b3,Light-R1-SFTData-stage2-3k,38,train,933,3
934,53c71596a253ef8bceb13f94b868776cb134d1e4b84fe80e57967153599cc7c8,40bbac276eb5719696d42c7cb92ff36b78ced369b77c9a4995703135be765f9e,Light-R1-SFTData-stage2-3k,959,train,934,4
935,6a6abd80c12df5c34b9f032773b1d61a3039b54fc86951aabfb8dc21c973e380,5e9804da75bd82d90aa0cb697bfc9404f9177d50fc6427f4626ef5929f401e1f,Light-R1-SFTData-stage2-3k,927,train,935,4
936,7ca2700d6612e1c5e1a114d51e9ea6a85ee70b8f95bb7f414f0201427b602c42,af2e7ff8a7bfe4a90942cbf12ce826cee74f2fa532485e45c995a34f2d15ff9d,Light-R1-SFTData-stage2-3k,2989,train,936,3
937,699644e65f48f2c4e9b2172554044eaafef9fd3ea7965fb9ea5445cee999d1e2,938a29377c5c9c609ec55d0412353b2748136652a7ac59f21c836ce94da92e8a,Light-R1-SFTData-stage2-3k,2559,train,937,4
938,e6692e0eb5aaaba6918d1e55f4c65aaafef9ec6210682e9d4dac1b3770163549,5da1d8a20b2bea6b94069ca1a45537b017d27a2b57f287ca238e58903d39d479,Light-R1-SFTData-stage2-3k,1312,train,938,4
939,d22c92871edd1137b21093a9adeafddcb5cb32101349e98403b6065226490d65,cb32ce2332598a8d50299ab0cbd8f5c34b267fb7f960369611da93f802b16f41,Light-R1-SFTData-stage2-3k,3406,train,939,3
940,63cd83c2f4ce42dd9303e5b18a9534507dad00e22a2f37f86fe9c98fa6a71d3a,237af9689edb333d64fe0ae220d96aae1891ef9dc908d3ef1127a29a4142087a,Light-R1-SFTData-stage2-3k,2223,train,940,4
941,d92ff359b5909b366ec918d61d6f617d757ffddfc67d800044c4052d1d4586e0,7533d8e0a2157f9e5430ad809c4cd46b6f87dee2626aec2ea536a08ef46eb5b9,Light-R1-SFTData-stage2-3k,2072,train,941,3
942,ce98eba27e231e9c10d858e26b8e30036ec488530caa46bcbfbe9215d0944e9f,de7e71818249e18297480eb9cba0b590b2351863417821f1fb8b7fa23eb57025,Light-R1-SFTData-stage2-3k,2676,train,942,3
943,4aa2f627d53450e48bae5b769330e989b972cf1b2fc73bde902591ec0b6e8b69,76e0ffc3b28ede59e563379a8990c5a973dff312f9b5f7b98e643e0962dcf8e9,Light-R1-SFTData-stage2-3k,2733,train,943,4
944,732d0b245915c6715599353005e42c4df153ec4e190f12bd59059816147040f1,4cc21be0d85bf0b619af315849a912d2aabee5adf87f29020611b56c504eb65e,Light-R1-SFTData-stage2-3k,2307,train,944,3
945,0f4e503e567d8b0f31c68d1dcd08e81c2feb01316217f177937c82ae94a29b79,ef16ea142d0c2c898d1094d52bedc7db0fa4e4a28f677ed84ecb7a7f3dc8a1bc,Light-R1-SFTData-stage2-3k,662,train,945,4
946,bce773f6889a1e8793747cbf88e50f545a5f8658640791dbc73801ea4e2b2247,5b637d67b1012f98d3ed399c67746180aa1769bc5637acbcc4d0949b63cd1cf7,Light-R1-SFTData-stage2-3k,1221,train,946,3
947,4a9c5d05eb41b6fe508dcc6c53e05d6c89a25ad3f9bda4925aeb2c394a6a65b5,de6865d6b43d2f91650fd324807cbef835296470fa6cae85dc30ba28296639b4,Light-R1-SFTData-stage2-3k,1202,train,947,4
948,b8a9c73fc5a4f3e04959e4b201eb95acd2152a883f57d613ad146dbacb8cabc9,5569d583f1f56e6333afc7a18c7c5dbe081869463a7e5dcd9fa7c5d08cc06faa,Light-R1-SFTData-stage2-3k,716,train,948,4
949,642d27da2c88867edc1c8ce726108618c66ae07ead1f4d6896f3ed0c771cfdfc,45818cd60ed7e1835be1c681400ba44fce0838b9ec01fd0ea9a7f839e68e4d28,Light-R1-SFTData-stage2-3k,3489,train,949,4
950,866d5f64510e9465c8297749945fcd61dc5ffaaeca4687fe8d026476a47c3e49,5f0c830451288feb7444a5387c7e1012fcc5317d277722156d0e95aef5bfc12b,Light-R1-SFTData-stage2-3k,2660,train,950,4
951,d10aa74e107427bb5d3cb8a72a2e404306b5750766b2a1a10b4f9cc261eed5f4,59da49d1dc133e807c5b2f12ac0250a34afd8e0133b3cfba30690c41508b5603,Light-R1-SFTData-stage2-3k,1013,train,951,4
952,1f74db8d45a2901b957481561652e35e389c3768434938409c6329ba39fc1122,0996e3e75fb77decce60466dfb4790b01ec1e59df0d942b9ad9da64ca86d5f3f,Light-R1-SFTData-stage2-3k,390,train,952,4
953,7d1d85b235f0a9fc7084100cd4542f9f688643725ce92b3c9dc710aa86ceab0f,a26c2a6f01a5bb463742374a420c95841cb27fb6be6b86686275ca23192ee762,Light-R1-SFTData-stage2-3k,1935,train,953,3
954,c7ff5dfee54dffa86077df32e1d64b5377582ef7a7bc311cdd42c47c7f3f72e4,ab7f78768446b432f9e7dac41822b0023aaa0970e7e934dc02e6fa97c91c6465,Light-R1-SFTData-stage2-3k,418,train,954,3
955,1a02de2555b1082eeb8fb510450bc3a838aaa8a83032ec476a32b98eeee4ed4c,cb838083f0313c45fd7bd62ec7da9f2b343c26948801c1c31ded32e5f2f2b242,Light-R1-SFTData-stage2-3k,2848,train,955,4
956,1d41fbd0f1eaccc1feee9b1dbada247bc30b26cb54006936a668ae5c86c62104,d3960bac6c30e805528966f9c86ac864417af9507ce7e6fc663e48ea6b8de217,Light-R1-SFTData-stage2-3k,3493,train,956,4
957,eb96dc056f6f366353fbe328c6eeb5603139cfdddbb64e043a9b022d87c74c89,1f5a762b420dcc4bf425b20e33ce67a2d6518c373f30ff648228288ac8767d12,Light-R1-SFTData-stage2-3k,2111,train,957,4
958,ce9775393d04f5d94c2fdd252f40e5968747bf3f0439a65a36430865df927d59,7f83c567394b18aa9820a4f6986bdd7b14285d6bcc1da367f507298ea59a8632,Light-R1-SFTData-stage2-3k,1728,train,958,4
959,8510aa76ef55dc9ae795091314f663c5b451305754346710600e816e4151099c,b85f9c3bbd89e77e919842ad7ac88ad31ccc0a2f4ed8401b7ad55374759009de,Light-R1-SFTData-stage2-3k,747,train,959,3
960,fcd9684072416116c79648e010861e4fa98a3bd089f1991e5a8210a5ecafe3ab,0e11850fcbcd7c76a0113d76170ed457153a60ba7703c8cfc42cadb61e4c6ad4,Light-R1-SFTData-stage2-3k,1473,train,960,3
961,a058412e8409b086817e8782a36c090a18309be9ed6cbc046ba290e424b897a2,6fb79b0e829b5217d5f694fb60d6b17ecf86c89503175346226d414d3490488d,Light-R1-SFTData-stage2-3k,2612,train,961,3
962,25caea37d4cd7c70bbe586b08913ec951d7dcf57dd9e30ac8ae840694b1664c6,ea9a2e3f2cf7b9d12e0fc65369e7852c7c4d1aee9c9dd4586989561027e0622f,Light-R1-SFTData-stage2-3k,424,train,962,3
963,347e0e3791bd7a6fea3658dd4b9625f2b8bd65ef33b49a5a2bd4a1c1f7ce44d3,92e035e4b7a0228585ddb1d82d5c248b7628c91d5f5f96f262dfe5e4aba57e61,Light-R1-SFTData-stage2-3k,852,train,963,4
964,2448caf979a1fff8c1911514585b7afdd1cfeaab8c889a92483cfe4311694f75,b96d2322aa6b495617002198cb871c76e4a89a0450881d99f307f4dac3fe1ef2,Light-R1-SFTData-stage2-3k,432,train,964,3
965,c6caf48a8addd0c6f1cd451c7842766883587c2a31f8acbfeb926a6f4c7df019,87627fdb1e7d6b321fd6df32a3970530596a636df9ab033d440ffbbe5a153264,Light-R1-SFTData-stage2-3k,3367,train,965,4
966,ec8378deb24337e4f28d94034611ebad0ec294f9457dd0a83d21214b2da93b51,6f0a924cbc2c3f2086632d4660b5495879d16d12a6f45f4f0aae6573a699ad46,Light-R1-SFTData-stage2-3k,3377,train,966,3
967,f3d290d7a709f9d5c967f4083c41d6ea88d8f0ed002f12fa59158222ebdeedf6,bf5f678b30494dae01887c47386dfd014117099cf546a4bedcc037703816a0ff,Light-R1-SFTData-stage2-3k,1577,train,967,4
968,7127e6c8a9008fe508dce525372e338b52508fb2a07608768fd1cb4b77f7bd75,9f451025ca493371d02119f30d2f25cf3fc110ed88e450f462c93de3695c22a1,Light-R1-SFTData-stage2-3k,3419,train,968,4
969,2d5c5f67a0b9158240554fad12b5b3ee0a6334a0211a4d4044555453f09077a5,f54db81a984d5425cf2321c84d2cfa7ef22c8ef3e44daba4133277268bdc741f,Light-R1-SFTData-stage2-3k,2323,train,969,3
970,3f56afe2edc8179a7ed51759ecdff4780248e80c17ff3114cf29a04d788e10ae,24cb2f9bc4c8be1b7f189c59ceaa109a10456653858079d6c80649f80e4b595e,Light-R1-SFTData-stage2-3k,2742,train,970,4
971,64bd5e860d19104457f4b9a587e8687c797183318a29bb65460f98d6decb49e6,0052179078bd4f7ba5c6dc8003a34a2139eab50a144bfc3461c51cb43a17ddb4,Light-R1-SFTData-stage2-3k,422,train,971,3
972,bd343c3cb6f172fcacf05c968e08e896bbfce953443ec6d522aa83f55516a2fa,56038586b9229c06e92901ed082414ece2a6b02320fdd4531be1dbb36b3f0b3e,Light-R1-SFTData-stage2-3k,544,train,972,3
973,65624912df39a31ca98e4022eff6ed59c95f7c6eb247c738f6e96165373d6e3b,0f933a93478c0ba1c70099a0c9fa12f7924e2c64765ab8530ae559d7ec9a4ff0,Light-R1-SFTData-stage2-3k,2718,train,973,3
974,56bb6043ba7b9e3802853c4540c682c18b56cb47d3aa2eda62d105434d2116e2,a6920a18e7ba2e6afc5a37e238156fa92411ff4925200a95d8552aca7c0f62f3,Light-R1-SFTData-stage2-3k,1143,train,974,4
975,0b5a5beef97e91d7a9bcdf242dfa48a59e4736d68922be1d10c9b02742e0a365,1905df78145960c6b659473a1aacb7d8f88b85633cfb9bd3c649698fa70b9a94,Light-R1-SFTData-stage2-3k,1359,train,975,4
976,7506acdde08df2fd7a0942da96add7c4091eb25715058c56b5b2d4235c4bcd53,84a9ff5f3650e50b3a17945da4fa79321137c2cae7a8f5558f5a837006ae1519,Light-R1-SFTData-stage2-3k,2789,train,976,3
977,f7f4ea10db23242412c5b01faa8b0165bed6a7fb87dc2cc2880174cdbbba9a89,68dcc86386c49371d918c9bd3d757ac140367c53ddcd5ebe41ccb541dd649c46,Light-R1-SFTData-stage2-3k,994,train,977,3
978,2eb320c40256528fa328da6d3645f7b2295d2ddb6dc2af68a65aaa6b8daa80cc,046146e6081891e340ddee74741eeb16684ced878093e2eba3f39d68d2caae98,Light-R1-SFTData-stage2-3k,1879,train,978,4
979,847936251274daa0717398579b8ed62ad8e99164b1d58700f68d9fac1444deb9,3169935180220491ca850ea094257f4078712689a5df34fb7cb346ec032d6d68,Light-R1-SFTData-stage2-3k,1749,train,979,3
980,3179272c3400c4fb8304a9c85663d857a9d9508340b11af5472b32c95d7ba01a,f07677e162bfaa1a25776466a768ff0e89397dc19f35840ffb70b99ce28f5fb0,Light-R1-SFTData-stage2-3k,2969,train,980,4
981,a4a25ecb52eed82c49f12e66b910d9cbb264d200956da22b0ba09bb0696efab0,a229e159905d70ca8cedcc4216c071c4d46812b390b28ba7364e65429008e697,Light-R1-SFTData-stage2-3k,2157,train,981,4
982,a6f6b1543fa7d4bd67c7c838a2ed739e0c369145ee3b17f8a5da1ca9584f6ac2,30c684378d6e30302138bfb6251e32471237c6e0d289d119d988124274b76cd9,Light-R1-SFTData-stage2-3k,2067,train,982,3
983,de6fbd2f015eb380d610ac3cddd2431760948b8f7ca75a6a9e6e4a8750d1cb39,771a2c74032a0f1857b2cf2dad2221233de0b4f5c13759999e5dfec1461787b5,Light-R1-SFTData-stage2-3k,1743,train,983,4
984,654a22079fe76559cef7187121d1bcc58b606f98aa67f0755abbec51efadef54,d5197d1678c4fdb989f55d2d7ab0a877f69660091aa4af5d06e617ed319e21f5,Light-R1-SFTData-stage2-3k,1182,train,984,3
985,7112596b93c5bc8b567c1c86ef3671eddc2b70daf897762e390e9d92f99c3107,c9d69042d4e88d593104340b1a5c533558ccd4862d002f35075d5bf52f8b1471,Light-R1-SFTData-stage2-3k,2732,train,985,3
986,4c4afdbb5c943174d5dfff7ad923666905023d73d88f3f7d495fa808ad8076d2,50a20773fadc8798729a5ed6ae59f91db703e0b3ed72cdae1a527aa864782bfa,Light-R1-SFTData-stage2-3k,2795,train,986,4
987,413847058261caee5b612eb463279acd85e0f574000d28a5a6fab6421494cdb6,a050e92b0a43800a781b592c3adad3e2a1962be92877d9440c8f2cabd4ae65fb,Light-R1-SFTData-stage2-3k,2712,train,987,3
988,87f29e6f086292762eba919bee10773e617d33e87e1942ca902a95c6becce98e,aabc6d680b6fd6114482012c8bd61ceeb3580ddf90e8022e03ff839d80586f0f,Light-R1-SFTData-stage2-3k,3021,train,988,4
989,2dae3f22eb780c6a7d05b52f92145c0f57eb08efbaa62aae55f58b6ba67b5224,c2e3528f6e00f9765517ea1640f4e2ac67de88ced7fd7b4c8901775a7f02bd9e,Light-R1-SFTData-stage2-3k,37,train,989,3
990,f468dd4e36729c25aea1049455cb583b5ed762e963bf75d6ccd03dcf260f5280,0e38852e59af270856eda05d22aeb2b39c9b922210150fbe742857e30d2886f4,Light-R1-SFTData-stage2-3k,2107,train,990,3
991,43fbd865339bd7456b66b7defecca6356a4af908413a77c42d82ce2a658ed574,b138154b64058e75e8abc89eabddc6da03f2b588aea2ec88d5288242d19737f3,Light-R1-SFTData-stage2-3k,1695,train,991,3
992,d274f4968872a4f0a0b205bd84d66eb7cdb679c8dea24da060abbd4ae7def871,e9806d855c7b7f7afcd09f1c44a7d1dc29f44f5552e14d165a41699a59aca3dd,Light-R1-SFTData-stage2-3k,1828,train,992,4
993,856d754deb949d660ddedea80851893a7999d2c142c7a7a2039a07aa7b6f12df,4a54913421ca58c8b5aef9934f3366bc10dba90e91beddce8654a9d073f0120f,Light-R1-SFTData-stage2-3k,198,train,993,3
994,fb5f0205b0410b556d57b401a10eb9ce66d38e07e0c70d0e2826258ee928209c,a61c78a630e449184c546c27f2654d3df741b53b3543f0a9c07b53adc19da907,Light-R1-SFTData-stage2-3k,91,train,994,4
995,21b1d51344123340dd476ab4ca4e44edc2b565ba6e5084b874c8fa3863216853,efa3b05823f9522d4f2924b3c9937943775c41e8d68128f3056afdc699467205,Light-R1-SFTData-stage2-3k,698,train,995,4
996,9a8c358dde388b1f073cf43480a67408dab9af8d0fd21021092edb7169a8250a,a2e00403ed32223a37db121f4f4737f9f7b10135b59dc6cec1d58cf3020fee66,Light-R1-SFTData-stage2-3k,1217,train,996,4
997,bcb8034a3a987c11ec6eb5c2a8d78e286eddf6c90f00fbcdbb8ddbf62521e9a1,c651ef50cc7f8fbbb5226a255d7daafebcf4a8cd0a700cd36a632b59828abb43,Light-R1-SFTData-stage2-3k,3001,train,997,4
998,82afb5b18823fda91f720e8cf0be33db9f202efbf1cc1c2b435cc44cbc947110,b99febd3997daddde3c9f212eda628f79126044875c756877a4926ac48425052,Light-R1-SFTData-stage2-3k,823,train,998,3
999,6cd1c2b58c9938daf83618fd543a279acf15839068810552432970324482675c,6d1452f7059be15b504b18bcf5528998b1d80327936d40278728fc3b6e3baec7,Light-R1-SFTData-stage2-3k,683,train,999,3
1000,e2462ef48be4c51415ce543c9aa3b2c857b7ae00c4e629ed802191637b8b3244,87e5822b7ff38c9bc5124b95eeb3469502023534fa0c2a1199a024fa154f511a,Light-R1-SFTData-stage2-3k,730,train,1000,4
1001,b18ede62141cd0e6ccb6316e875f8daab58afcfd8aa0b7593023234bee1df229,c7491815f2502ab8a129c714b994ef54675a2d2ce99950cf1a49806ed4cfc531,Light-R1-SFTData-stage2-3k,3486,train,1001,4
1002,db29b8f229fbf312e349ca96420f1883584a2a8d9a7fd9ff5bf07086363a9b8f,66c4bc6f3940a2b547cc92586ce7b9c3277e4bec1c195265ffe95bae6a7f1c6e,Light-R1-SFTData-stage2-3k,1500,train,1002,3
1003,ee56939a0aea169e5ebe055b99537b0dbaa66542dc4252733857fb6848847f2c,9b0a37d79828fd32335619fe387423aebf7cbc6e13b95d158580ecfbc01c8571,Light-R1-SFTData-stage2-3k,597,train,1003,3
1004,da4d5792e40e0aa7d7a31272eda0b17cd61b28582cd4c42950efa9c542eaf967,9664db964122748a38c455130ed416d047f0d9c8c771aa9636f313c86951ffa1,Light-R1-SFTData-stage2-3k,1470,train,1004,4
1005,f40ad62cdcaa2e162cc1852eb876c2b1383078a8bfb322eaac6bbd4c5fefea17,b9c98b4cf7dafc1dad08b39fe68408db8d2b4b5c8915601fc74f1e5b9cbd84d1,Light-R1-SFTData-stage2-3k,590,train,1005,3
1006,1d912bb2325a31a5648f04baef0a3eb44a749f38322b8d28bc01e5cd6f8777e4,e3c871d37cb6f7e6d5becbbbec4d321712c60faba58884d26c99623cd7530aaf,Light-R1-SFTData-stage2-3k,160,train,1006,4
1007,34d06fd96863d517aa485404e17f1db1e40897fc21c80e07f5878735bcd3275f,1a42ea48a83b580df32b9b35510a9af8ff613d75ad0b7d6d3dc7ff496770d054,Light-R1-SFTData-stage2-3k,351,train,1007,3
1008,0a85556173ec6157513b3d35b7cb1f1b8996b34845a68ec946589e862b814018,ca63c9d543e3d9d944b15af520d6108dd51636900f5e72b2780a40757411c4b0,Light-R1-SFTData-stage2-3k,2348,train,1008,4
1009,ba3c690e78d2f289c390c51595f6c06953f6909d61bc5d319f05f015bb64a98f,8e7fc11b5b6264ec6552b13a4c2447cd618e043276cd72a95cf07c71b9156239,Light-R1-SFTData-stage2-3k,3481,train,1009,4
1010,c737526399ad4a880b5c42d89ea2acb304399d5234f44f2c4e1e62a7dd11315c,339d6ab1a0389f4a3e3b3863b2e240d8eeb5c90d8efbdb60aa02522e0aba9631,Light-R1-SFTData-stage2-3k,1002,train,1010,3
1011,ad7a642aa1aa75e73a3a5d7009e0a274ef5a9a347a00d94646001ad9a920ffc3,2aecd45f1c69770e098ae4e223a206cd0ca989ce4226ca1a8c2e5141167d9c36,Light-R1-SFTData-stage2-3k,1511,train,1011,4
1012,0e49a0251b9c3adfdba9b289ad75cde2ca41dd27b5efefc7d507878a4cdc5978,ccc7cbaaf095b91104081407e84de969081d3f322cc3a6c3bf54acc810569be8,Light-R1-SFTData-stage2-3k,711,train,1012,3
1013,f5f5330a9c98aa15d8cadc9e688e9a37bf99aab7334a0247da01f341e1bfa210,eca54469a8c12b181521e91f81c0e6effa8c9db813649c717928dbf7734ff83c,Light-R1-SFTData-stage2-3k,2479,train,1013,4
1014,d8b750143c8c52f3c646be4a359012a56e87a8ba996e3f3762fd654d63adb06a,866ac32bff38b614e92a3e13c232236e8590d0c34aa01c29a225aaa603a6e4f6,Light-R1-SFTData-stage2-3k,2153,train,1014,4
1015,cb6494f8a230d16e8887e1d99f0611c88d7199f975c399edf1d976f283958645,5d40bdfd8c364da6030d602039826bed8af13062961b86852ccf6ea3e760c91a,Light-R1-SFTData-stage2-3k,2539,train,1015,3
1016,68f7a26a10c2e77be27d6a41e8b53de192b62a0937afa30a923f68f0658c7c48,466d3cea986bd46493bcbdc9f9cfd0202e924e1e57d2674381709b9690cc5617,Light-R1-SFTData-stage2-3k,3110,train,1016,4
1017,28eb8eab1a5348c2e685e97bd1c7c6f242ade0706452e1f26124028be26ce11f,39c562dae7ec5638c45e4e8d58e3124c246b8a1d463c937f3f50fe1b738262fe,Light-R1-SFTData-stage2-3k,2146,train,1017,3
1018,a9dca806205f37471957b5cb515a81ea71735d34cffde07917f54713b2164f88,18f1325b80278f0e604574933979019d6749c3d9b8f512ffdeff0ebf7a6133b0,Light-R1-SFTData-stage2-3k,3488,train,1018,4
1019,deba28b0dc7276d8c9a22b525ecb603a7fbe1672e6c1b00cabc85f9540d01bc4,b34b4e3fc28f13826df86d125aefd1868692d1d489338fbef8aa2c60eb22a593,Light-R1-SFTData-stage2-3k,2823,train,1019,4
1020,b60895fae6f8b77a5a41dc6a1665295e1b0ed095eb9d9005dc8360e913964abf,0d60973e8f311c96852f458ddc8e24de0932aec76d2578867a6b9859d98e65f7,Light-R1-SFTData-stage2-3k,1528,train,1020,3
1021,bb92bf5852713ce2a10b83aafd8eb801e347eeb1701b3133de0f7d4f044659e1,047008377879bffc5bea13255f081b9506443dd6521e1fe9d71c178315aeef01,Light-R1-SFTData-stage2-3k,277,train,1021,4
1022,d68b273e5ef6455a0118f017b650a915552a8a6b966f2a6e08b6f185455a4c5b,dff4535e13bec24d62a49104388a9a6c7abce475efb223ae855d6f1782e111fd,Light-R1-SFTData-stage2-3k,2459,train,1022,4
1023,8497997f6091c0537546a5a0d73dfd3fb43e39f9bc26d109e0b552dcee6661f6,2dcd6284743c0881c896108e8c7ebf0b4397ea87a237e41ee36892890b88e2de,Light-R1-SFTData-stage2-3k,2100,train,1023,4
1024,c143a59438718b84847493f95fda22327c2882117146281bd925ac3e0b1b17c8,00a2493fe7d7cf37738e98e500c2b25ff99b915bf4cceac4aa476d626edc7b56,Light-R1-SFTData-stage2-3k,86,train,1024,4
1025,ac9164ac8318bd011cd97e73e8d9f099f651b0b130a71d371b8a545a967c2216,3b1e82dae8bc421c59cbd7322aea90f0bc4f57ee8d5d43109b8a45513c2f4ee1,Light-R1-SFTData-stage2-3k,3209,train,1025,4
1026,6fe5fb19a5dfd2131609367ab09ed8a5f772315ae0d60b2b73d90b781a1861c8,2f1292449ee5ce0379bdbc4594bf9bf5cde8847181fb180a4f8f101db3a2979d,Light-R1-SFTData-stage2-3k,671,train,1026,4
1027,c9a7c73e2bae96b5704756723c821832e949211d9673de7bcc043b625db3ce52,a9c1bfc669f82890ad161b5d9997a34202c3e3e205754cd35cac812b81ce617e,Light-R1-SFTData-stage2-3k,1255,train,1027,4
1028,604bf5811d751b85f439ea30a450a0d6b87df1911a005523e33aa176de14b0ec,99923d60938d235242feb540eaf836be5688a24613f76e0653e299115c36ab58,Light-R1-SFTData-stage2-3k,215,train,1028,4
1029,11f7f3d69a4254590a0c0bae1d48de4ab0295cb09efb2ce0bbea2263eb561c9a,0ef2f23e1e7fe110fce976720efd8591232c25168eb3732d033b7235bc9b7961,Light-R1-SFTData-stage2-3k,3116,train,1029,4
1030,ad5e5181d6b00b4148271284283e92c698d150ba2f10aab335aa0060d1e1525f,53703ed583a02ddc0bf014124420106a16d825a12d7eb7a827f6c69e769374b4,Light-R1-SFTData-stage2-3k,2905,train,1030,4
1031,61d87b82b25152d79d8cc4badc69d9bf75f136af16c4bbf413d5e84879b16b53,5e1ced5ccd5669ed7fdd0f7bf925bcfd57645fb9f8ffc30bbcbf5e96062a0f6f,Light-R1-SFTData-stage2-3k,3394,train,1031,3
1032,9673f23a7f77f9e1e51206bfc855271daccb3702e30603a5f7a50e401f4dff1e,2b1ebd2a7d51e46dd649902d24760a8f063e7a515ed40406a017b2f9afd1992e,Light-R1-SFTData-stage2-3k,523,train,1032,4
1033,aabd25b0395c5df449e0ffb4c8f79ff26c7906247d7eef94cedf49db7b62a0b7,28263f0d7564b04868b5aab3baeacfb3071106359ea270f5857d8bd51aa082d3,Light-R1-SFTData-stage2-3k,3468,train,1033,4
1034,7cb8384e9f84883bdf16fde592adbfe63a01c1d7a69e21d14f7903ec67b0fdfc,8635d160d43a2a53f9c174a15674486f0071c7abcf943cc3b57a60a26cc53cb9,Light-R1-SFTData-stage2-3k,1964,train,1034,3
1035,f1e8f392b5f7ae269fc441ef394a30cdbb5f1a035cf777a4571ab3f7b26671c2,f778a93e4d5a5ebfaf657e6a00c40ddc01eb202796d9dbd79f2d28bbe5cf88e5,Light-R1-SFTData-stage2-3k,1902,train,1035,4
1036,df2fde2dc7c24b3f7900a6541939132b5593d1ba4a415874e93f66a78ddd1d05,16a92e650cad07145d87050456a5aad12b68555b31252a718b1bd5371092feef,Light-R1-SFTData-stage2-3k,2996,train,1036,4
1037,bc228f044eff484e901f3c0567ec04df676e8daca3efc64c2008611462aa205d,ab3ec9216e413e0f000b34bc1f140e9f8a61ec2323d233079962d1297a325b19,Light-R1-SFTData-stage2-3k,667,train,1037,4
1038,5d078b548207f4423519a400e552392ee28d438c859b04a28358c96de7511cbb,687c533afbab4dc3882d1ead29ece3c3fa5f0773f0663c37f755db197b09cc1d,Light-R1-SFTData-stage2-3k,2206,train,1038,4
1039,ce5a6f896d33f95175b3f6627a99d002148427a8b06cc8e782c6fa2318dac743,3572d6a6b8fe6f083151801f12eefc0ff2a42682ffba8f823dc401978ea3592d,Light-R1-SFTData-stage2-3k,1369,train,1039,4
1040,16c98ab57c78e4735be02c085baaa58f4ed4c952b02f5a64f8d981d6e505dbcf,5f3e2f09e9cfc5787d19eace52e0ae764c26c0dcb9d43098dcc9c6c543c95a8d,Light-R1-SFTData-stage2-3k,319,train,1040,4
1041,d3f4ebdde13e2c5eb259dc81b870c46b2c7f2abb5550e279e1b9a24c2c832b9f,3fd71f28de453929e479e84d80dc120ef7186019d10191c57e657348ce4557dc,Light-R1-SFTData-stage2-3k,3366,train,1041,4
1042,3056d782bbd095555d4865d5203c07b2529993cf8242b2ec0a2d04806f66d737,288a25494caa0610c466c69293a97249c6d45b9023507d93ee5b3de611bc0694,Light-R1-SFTData-stage2-3k,1574,train,1042,3
1043,d1d2fbd36428bffe8e5330d5dd35c246f7b4dc65ccb1d0df1e1eca46b251b450,bd06b20370bcaa8a4bc955d72ab19d9db38fca714145ead632540b7560253cb9,Light-R1-SFTData-stage2-3k,1447,train,1043,3
1044,921b3e451389f4501adce6bc2f0bd4a7a4176e4d4fe5f33c100b0c19dcbda350,694832b185010cf236d7d6fd82f18bd726d21c70d53c739d607ef7c64ebb0991,Light-R1-SFTData-stage2-3k,176,train,1044,4
1045,e685955181fe6b5793e36f49d4c7e884c3721557907b636502b7784a39d16a2c,04c805b7dc2a5bf90710e278c3e69b9eebe8fed1743dc63c6ad8e84ede3abb12,Light-R1-SFTData-stage2-3k,2160,train,1045,4
1046,b7b4026858b6bb9e17aa64f44bbf510997c839d7055a183cfecd5d39bf2927c7,f997ddee84dd1f1ea35080e15485566b4ed4e34f064e07dbe12a51c712c25c4a,Light-R1-SFTData-stage2-3k,2048,train,1046,4
1047,d78661f2ac19eedbca976bfef46a35c611160e693b0754c245e8c49a8881ff72,43fb7398995cb89d75727a974b866567de402579e9bc5172133b96630800238d,Light-R1-SFTData-stage2-3k,558,train,1047,4
1048,a34f9ffbf12de75b71f862f8df29696bfd616568470929d5bc1da797ad557f84,e4db9d449914826729f2338f3616766dad92fe7702986aca0dfdb93062f679aa,Light-R1-SFTData-stage2-3k,1539,train,1048,3
1049,8eae7183656e534324a86fb3cd439d07446fb060567ea0fc1dda6ecd241f3bd6,a99b15eb5a85590943e477afb7417ea845ce5b8bc496364d01fdfc631040da91,Light-R1-SFTData-stage2-3k,1910,train,1049,3
1050,50785ef0dada81e4b3e4b2a8fada62371013485a901d12e99ea25b2b10a5d2d8,4f6394c49d5411243e71b0d99d353a92803ef522ec5188e3b9508ac412ba234f,Light-R1-SFTData-stage2-3k,2216,train,1050,4
1051,7e097f6856d848209b0634786f027c0f89c4c36c98ffce758f5b455e37d636c1,f89641b99ee1141712709e7875e4b70601af61f3b222ad100d5945b7e786fd7a,Light-R1-SFTData-stage2-3k,1791,train,1051,3
1052,713157c6c00cb6291ad6cfeb272ca37ac6859f266dd64fe7159bea48828017fe,10094bb2da3c5c06f45058db3a48635b923938c645a6cb9d7f9f64380c546a8a,Light-R1-SFTData-stage2-3k,1417,train,1052,4
1053,5e4d6e6d72cc3d5f300aaed9c3e56f4d664badeeef81d7874a9becf963073056,ecb187e88fd8192f636a0427b3c33f9ec16bfdaa4c3f9440bedfc5daa7d5cce8,Light-R1-SFTData-stage2-3k,1334,train,1053,3
1054,e8dd91bf5c838cdfd4f905a96a0d7afd926c7318ab5df50a4a47ecf440702733,922d7bbc91c7959932be71ae94d2d936ca65af56aba5c5fa21dec708a83ff32d,Light-R1-SFTData-stage2-3k,1431,train,1054,3
1055,ca53835956fb3b6b8ca6ad4a9b5d36c84c6994e0a5312bee610d0fe61bad4170,b8c0ea2f060552ca0c2cd4b3452d0c35167dcee4cb63be6573a4b5dd6be34dba,Light-R1-SFTData-stage2-3k,763,train,1055,4
1056,5dccb859e532bb526497c106927473a6c0c21266d712a383f1831a44b90f8570,540706d52140ae4cc1bc6a37344f5ad66c130db5480098680ce6cebe5861534a,Light-R1-SFTData-stage2-3k,2376,train,1056,3
1057,aef1fbc9b2cf9b3e6b43e7f52472977c058613308682746a0d1c1f02e744ab02,dc0ab934fb1c0ffd1a02c3a81d727ce4d96f8168114c1054432a0a86e2c08c9e,Light-R1-SFTData-stage2-3k,2330,train,1057,4
1058,5517f131c7ef29219483acb31b0e1816f400b10186aca97825b24ca2a90284bb,054d810bbc3b2a0594b19b2bfaad088859af5583413cb923566ab51a0d962c7a,Light-R1-SFTData-stage2-3k,3206,train,1058,4
1059,a9c0713e4fa45ca178de4fd8c9577df62e26830f6caba28ce59180e6aa2f9623,a54177d58ea149c095a619c7499a9f49f25756322d91a0d6f6e8548dc4429342,Light-R1-SFTData-stage2-3k,2768,train,1059,4
1060,0b86f50e352cc2164c80f0e31df768a58ac50c8bdcb6aa4b88d59e353d282ae3,ab8783e9bd6ec669e5913f6c6ba057d21551d4f2493a24f0931036025403fb2d,Light-R1-SFTData-stage2-3k,2066,train,1060,4
1061,b8b07a78966af8cc5d3e653196bf5ca4f8c5a961b2ba25b3dde7008b96860ed1,32397da4108a602b7d9196d17ac1fb3850187b83e5e1591fca0bbddb10874640,Light-R1-SFTData-stage2-3k,946,train,1061,4
1062,725985357e866de16b10d637b19130aa13050959b3e5f2593d47f1e857d7027b,424c64c266c0865910514b76c4b98f76adb6057b8d9de51aead07a2f4d04eed2,Light-R1-SFTData-stage2-3k,454,train,1062,4
1063,ace2c46da0bc6007eaa17a5973456d97f0313f972301be3f0973b58d667e439d,195db3981acb9a08d8175e3b28098f37f498d26f32ed503217ff5be308736f31,Light-R1-SFTData-stage2-3k,2478,train,1063,3
1064,0b389ced01ebe47ec677dc460af59d12ee9aeb2306a844c026e97a6e302cbb8c,8ac214e150def7ea6a5ac3dd065c96602e64fe68893cabb48263bf2590914536,Light-R1-SFTData-stage2-3k,3427,train,1064,4
1065,0b9ade415a540d869b28f455a1990aaf014273c69d5d7161be3c55e9b592309d,93415d86e173cac90802d00e87adc6716ff99664516c629aab0649b4f8422d57,Light-R1-SFTData-stage2-3k,2103,train,1065,4
1066,e5ba3528bace0573ae98ba598e099c79911c3dae3a8082af495a0b8a8224da56,d08d9b5f46c4b9dc8ec23e7e61f226f5fa86c302d0a249edf1618a37b0e03619,Light-R1-SFTData-stage2-3k,1817,train,1066,4
1067,561dd5b391aeaebc8c61bdb66429ef1679eb88401c77e490d35f4b5ebb55dbaa,d30f28db7b0800bcbb3b88ff1a39047adbd2738806f8a1dbf0723dc62705094d,Light-R1-SFTData-stage2-3k,2942,train,1067,4
1068,6d2acfa77aa38cf5ebfb7750c0b1cf7a1cf564cb0d24f3bcb6a5cc86d4b8e189,060990a9688798786510b5cdc401c10ea87bcf4ef7a0fe10cca9b98832ac1a9d,Light-R1-SFTData-stage2-3k,1283,train,1068,4
1069,71c181c34581131434b2f16a7fcb405f4714a1836099576b37867ff739c1db2b,870998781437e58bb04e3da5bef0abc9f431e58f5f58d9653675a5fe0e6d57b9,Light-R1-SFTData-stage2-3k,1827,train,1069,4
1070,3a685a8397095c9c158658d86bdb2e164cf53a7e9bcecdd46ae88fd14770c9ea,3685007e45a355f96d6da70572c7a1fb0244c8e7019c7549a394368fdc9caae6,Light-R1-SFTData-stage2-3k,942,train,1070,4
1071,092a1d938585d649de17f2871b84de0059fa4edeac7fce67b48599e1fbebbd91,1d551edb8f8cbf51219a133b9f910020fb207e19e30c76f747fd3049a48cb3cd,Light-R1-SFTData-stage2-3k,69,train,1071,3
1072,bee6a1c68e743be4b71ef132451247e4c5f7e003dd0cc5e508db85baad034ca5,c06364a90c9c7cf5a7f86148c41073a725575661c724e1ea0393b9b61875221f,Light-R1-SFTData-stage2-3k,1609,train,1072,3
1073,7bd4335bd4fdc62858e9bc2ed4a26307fd03ac11f2234e306d9075f48cce93c7,ff9e5b7c62a85aa35f2a8eb3ae7c460e32b968917f09bc2e3df0e890eb570472,Light-R1-SFTData-stage2-3k,280,train,1073,4
1074,f2e7df69d6012329c79b5e445da91ea33618e9ca271bc661a5fc9d37bc4261e4,5371209ab80623de79b0a20733689e7e5d00573890210d7b2e8965fe909df7c1,Light-R1-SFTData-stage2-3k,3055,train,1074,3
1075,e45d7c437169f82408abdc342942d15a53ad94364db6f95c3d36893033439431,ddabf7871581870e68560b9a60adaf19925ad7035c75807002dff26557de66db,Light-R1-SFTData-stage2-3k,2402,train,1075,4
1076,e7fa0dea91bf50a73c78e5f60a7d4d00007bb0268fff5a7984df00009c83cfcb,ee176c69be339231c488f039bb3131cd392bbcb123a980db3f68971c92bfa04b,Light-R1-SFTData-stage2-3k,3274,train,1076,4
1077,f731f05a38f83ba23d12b41dde9ad3ca4bc235591c1d77311e99d38135dfb0e1,fc87471a2ebfd34d792653e2a3139c6c6acd5f834fe1054175241f2b13def660,Light-R1-SFTData-stage2-3k,2293,train,1077,4
1078,dd3c26236178283704cf1ce27801fb4d5b42ed5790e25d04b2f904631731d880,2866eba56ce3ee41f44bdb3531ad94b68b20f270761667f20a1c462de7f1150a,Light-R1-SFTData-stage2-3k,1411,train,1078,4
1079,40ab76bb53703ac646d7a4b58b01b39e0e99d1ab369413271ab15e25368a2b54,add3fa11b0b32b8ad1eb2756261666703361697ea9501eca72241e768f42f129,Light-R1-SFTData-stage2-3k,1824,train,1079,4
1080,6c256c03c27fef276c220672e71f1cbe401f2e1b66cf2ac9b9a22e0c18ff18e8,1bfd3a29badfa2f5bdeecc561c393836e4864f4fff5c6f24f11b82855241f668,Light-R1-SFTData-stage2-3k,1637,train,1080,4
1081,90371b8071afc1e0fc70953365b3adaf2d3ec3d7bab412058b8522aadc02a64d,379ad873880bafc3559974cd56a160c36b5965a4c072ec9ed02fbac3d2dfc209,Light-R1-SFTData-stage2-3k,1124,train,1081,3
1082,5d5f94b0f59e60642c8acf7130a3feb5add9b1882fc8c11bf9a0437e10243b09,5c9c8963eec7381398558b4b52ba03ea257c43bf9da9b8f09c1162d4c2bb4b2d,Light-R1-SFTData-stage2-3k,2706,train,1082,3
1083,b12380bd083619e211700ead95eacdc2fd047f17821498fb651b40f28646cfa2,d6d25e24d147541df36445540cd9973e56b40d1840b4fa5dd7debf5316a4749b,Light-R1-SFTData-stage2-3k,2956,train,1083,3
1084,9cff05ee86a20c86bc67489061dcc52fe3cad42dd63165142c90faa98b7c80c3,c4bccf57b1dbaa24a6e33dd0707d738272d63f117498b95797dfe387b01c4f48,Light-R1-SFTData-stage2-3k,718,train,1084,4
1085,c93de0dc47cda15aca2d21454dea2f014d2b66dccc2e2a6667c606de9f546aef,709128fccb44d8cf18ad91af5990395ce1985e97ea364950d8cbcbfaad79fb4c,Light-R1-SFTData-stage2-3k,2604,train,1085,4
1086,19b4c269a191b8de0112456bb77c446560d70cbb12e07fddb0571d01e0067e9b,560a182d357dd7551ef1e26088d7e6f6bc0acfbe0604e25a9658b1810d32c88b,Light-R1-SFTData-stage2-3k,3532,train,1086,3
1087,a9bc0f86c1f335d68f68430a6ead9fc6deaa56826c5d0b23389dc1eab508168a,7ac4857db8d2e4b6b1deaccc2c3e1d819ce44ec0b3256110bdb19ab71ed4eeae,Light-R1-SFTData-stage2-3k,246,train,1087,3
1088,0f036d109c9bd5a0d3f06d883b68cf3633932c562214ef45739befbd5870c68a,271792770c526866db5f4f272a0886cf41fee4aa9938d0557b06aecb41d4a78d,Light-R1-SFTData-stage2-3k,658,train,1088,4
1089,1781a974f8ba6ef37b5f911899474af24b6c58c517f7f1dcfcd9b58feafcc939,acf6b3322a74e0069d79a78e63e2a8fa438f550615efa42199d1128025f3e4b4,Light-R1-SFTData-stage2-3k,2545,train,1089,3
1090,ba3499a9cd83e11189a21119e1dd32bc6b789be600c12db9cb892cfae6973f9b,496e387f36544c336d0f26c088abc768a0c3bfbd0b2d8b1e6fbd25994f4e7cec,Light-R1-SFTData-stage2-3k,2033,train,1090,3
1091,4ec7fd9fe1774b0e888893f8dab173659aea245234e0ca5f59b074f90ba1f113,dec3b42d7e13464bf8532aa60ad096135642dd15236944ce363d11bd741b49cf,Light-R1-SFTData-stage2-3k,3258,train,1091,3
1092,b9522bafd96f7ee6e9fcf2d5d204887c87083c95dc2b6d4786f61f8b9ac92187,2226dfdf204082235fdfd342f0f605a2931231ae1a08e85683c10919c9ae8d3c,Light-R1-SFTData-stage2-3k,565,train,1092,4
1093,321aa9c49c8a95d4491c7781de867a799e9c88f56dae1524ad25d454c179f464,96ae2f6460bd19ecabf5dc0af83ae1321bd28717d1f3c9d6792f5f362a264e77,Light-R1-SFTData-stage2-3k,3498,train,1093,4
1094,d55206ed41c4a21d4d929de4ad0111d59188cc635d6bd8ec5129d62c08f7ce01,365c5d75b90494dca824756f714a911c0c7292426a58e3191d948a25b6a73f33,Light-R1-SFTData-stage2-3k,57,train,1094,4
1095,a5d6d729858ce21b89bfbe8428fb63fb3d06b6e124fc4b204289e77a01c888dc,49836bde970f3ddba65879c58aa5e54718eeac1481cfc6e81cc45b421928a3d3,Light-R1-SFTData-stage2-3k,1708,train,1095,3
1096,a5c48b9d2ac6c040a44ac251abc1c365e549e7d0130649363164fd0bcac8e5be,6cde9ec173e2aeab07edac3f7171caa0654132a05e597bba5ed77dfd98829216,Light-R1-SFTData-stage2-3k,3511,train,1096,3
1097,b2dfc88ac3f2a4ab02c8db2f5de5295e3e069ba923192a3111a619437cc8657c,44e8d818983ccf7070b7bf2af1e9c5754c0dd802a09f7393383c83fb68159d36,Light-R1-SFTData-stage2-3k,1845,train,1097,4
1098,720a07d396f1356a278fa2662ab2d0bfcfe7f4cc1644e40caf3f8eb9075f4d25,8d1d908adfbd8b84f18ba7bc11e1c95586dab30f5ac2bcd57c7c9695e31e2868,Light-R1-SFTData-stage2-3k,2052,train,1098,3
1099,445680547bc9ab62e0f6262da5346aa2325bd7b982b5ff54426fe3f26c3787f4,ee37dd2c01be0fff55ce527885302506092bef27eec3dcdec0d0f4ac4b78612a,Light-R1-SFTData-stage2-3k,3420,train,1099,3
1100,701d281da06afe2b38accc4fc986de991515f9476613e535e6558a4e8af54aac,69d26544b819480d0434389126419291d7d325f22e17788e5a3d9fda8993b510,Light-R1-SFTData-stage2-3k,229,train,1100,4
1101,1c3bff234f31e851ddd493a444048bfe0f2296bb4038be372ae9d73a06f830b6,d11f5b8ed958877fc10bab02fc53d7cef6f0169233b38c8859b0b7b46d32b14e,Light-R1-SFTData-stage2-3k,1833,train,1101,3
1102,0bb3fc9b55172ff6df0a812307fafd2b611bc8a665e691bbc1946b605e18b915,8e237b1ba1cd4bd6e300c5388a6fc7b15cc6a9cfc62d4a9d12b2c9c77745423b,Light-R1-SFTData-stage2-3k,1867,train,1102,4
1103,24c6b085b99febee76bba556197627d96b357067ae2ab8d9a8c6003f58f57ccd,f97a36154fef92a7e3d822fe7f7e474d27f4cf3c071dce937dec9535c1cf9997,Light-R1-SFTData-stage2-3k,2531,train,1103,4
1104,f1e440ccdf758e620e8a7a1104e209b0712a00df4f9dc1984d5c0d4b40b8b9a3,34ce52055ac44edd79ba6cdc2d861b6bea6971a0fb80ed042dd836d4ac27608d,Light-R1-SFTData-stage2-3k,2777,train,1104,4
1105,a8ccb24dde25078b5ffa0174465eea5f2cf5c69738defcd717568b1b07c60c1d,2a97ac11c8f355bb589a02e775d0ab6642d14ab2373b835959552327b137fbff,Light-R1-SFTData-stage2-3k,2277,train,1105,3
1106,52e1d17ad96e405192f5d3b01d2e10a9c20c0a926611b46d12f99879269ac18b,d4bd0f0daade05ac96d8516818457b065f69dcbcf5bd7688244edaab3c4ae844,Light-R1-SFTData-stage2-3k,1052,train,1106,3
1107,e28187b415011ae37ab7cdd313b32571e3f4938a33b6b7af37d9b5579b60607e,082b8d0ea8b31cc8842df54c9c09be73152673c71010ce6e58e84228b00cf877,Light-R1-SFTData-stage2-3k,2339,train,1107,4
1108,8846c74d1367073e34a6d02119cb1ec96a540e6840ab7a8b1c809823538e50de,5b1e73e1950ab81291a1f4dc0e60da4f7ec2064d35a2ae94aba45f07f8609b9a,Light-R1-SFTData-stage2-3k,2575,train,1108,3
1109,d8acdff257a51a7e1d461554e3b765f3e343f84fe0ef1e6f46e7538e64bc29ca,1cc21408eb222cea2a5ac63b7387412c665f185dc958f21bd174733ed0ce843d,Light-R1-SFTData-stage2-3k,3189,train,1109,3
1110,903d353292beb0c838d2cc33b5580a0e4896125bfac8818a8939b0a79bcaee62,bdb9c30024c10b460f73ef11c4b2d4bf7554323c11cedfd9fec3e1f4d6b5d88b,Light-R1-SFTData-stage2-3k,2497,train,1110,4
1111,210f26b1deb071ceeca5a1e3c9783675b9b4c3dc5495499a4db58484cb915134,5bc578cfefa5703afe95ee6baeaae30cd5e450f17d334bfbee87d6779ae75c42,Light-R1-SFTData-stage2-3k,1496,train,1111,4
1112,eb7b2e01a109d29925b2435a4eddd139066675082a6983c9415330fe9b14d9f1,597cf6713c843034ed3fa3f0cda095930c0bf2245b9d0e35cd2ddb2929589c84,Light-R1-SFTData-stage2-3k,3162,train,1112,4
1113,4d1e6e556de16c6159a7166d379449f548322f2aa5752daba7814d4219aebb54,a6dd4141bf4bf95c90517e805117c2b98c5d1571a4f17633660492bf7821b6c5,Light-R1-SFTData-stage2-3k,2315,train,1113,3
1114,ce1eb14489835f04209717ada80232546b8a28fe3667746717ceb5ea362bd813,1b0b5f702eaae84581458b52b99f90cbe1de33c3607d91e95373b1c7b87ae567,Light-R1-SFTData-stage2-3k,2788,train,1114,4
1115,1b1f46040ec75700a99b0362638ae9a7df97258a15aa1b170d2a32348ee50136,4921d100cb35c1e88c87ac3a35738a28745d8150c2a411856a82c566f921be45,Light-R1-SFTData-stage2-3k,1094,train,1115,4
1116,c300ac9fe3235e5e5012eb9c866d4f3f7261d36e71a8f6a3283f55d5555bff4f,f10824da793f0bb9bcc16dca2fc60f07ed695cd0c4baa045ea55ad84f0c58e5b,Light-R1-SFTData-stage2-3k,1274,train,1116,3
1117,168601c4ed4036460f350e1b400e5bdecd1960d718e0fde9212e9c6905dfcd8c,aa05b7fb3c8f786cbcd80a1ff653d23745ffaf46dd04636ee352dba226269693,Light-R1-SFTData-stage2-3k,2450,train,1117,4
1118,95107fbde2eaf77f1ce95d0e444c16e43ad384ef29da9877e91cf76eeaacd505,c5bce2226204ce83d9d79d4bde77a37925e5927dde9863c4c75943633482ebc4,Light-R1-SFTData-stage2-3k,690,train,1118,3
1119,b2593341c0862f079dcb183da436f4bdd371f13d6b7846839777aa793e09a580,7e70f9e10f6ad49cfb2596a0cabde7bf94f3acdcd8e2d212d2bede6597e2019b,Light-R1-SFTData-stage2-3k,1673,train,1119,3
1120,1cf0f4dc442ad124a40788b82c6d29c587e4ee3233b7e1af76956bf57aa8dc38,8032259e24ccbd1b0fde29a75755aad6b7abc0a684de02e3d1a15c48ac0cabfa,Light-R1-SFTData-stage2-3k,508,train,1120,4
1121,6d1b5e3b5935f808e8ffdf81645435d96d34993e1ac6166690c37b74eb2c61b3,1f4509b3166a18ef2fe595a087593bbe49b959733b0383d3cef93039b8d85e5e,Light-R1-SFTData-stage2-3k,1424,train,1121,4
1122,f60197b3a1679ccd93c04f20c413b0e71a488ce5ae2e967609c737ec6502bf01,11ca2b5ee462930dec606d815a0b03b00580c4fcee85c3783220b6a0ac43d67e,Light-R1-SFTData-stage2-3k,3142,train,1122,4
1123,6f373007fd973b44a10c6dbaf753e7fb079f4873ec0d1345769ebd45ce53fe58,0afee779ddc8c1f2fdd7271c0e0d40d0d20a3ae9618223ac5d34c31cf5bd91ff,Light-R1-SFTData-stage2-3k,1963,train,1123,3
1124,d2460c4f99cdba79e37163affbdd176bfdb4fd8b727cfb5d373e4e4dfe772abb,c06abdcc18e3357760af5ceee9261c1762fac438b03e0a8d7ad3d31a26654594,Light-R1-SFTData-stage2-3k,902,train,1124,4
1125,5d16e9e648622f2442c212bd3c62c89876ec6c153effabd894f1fa79c5ed99f1,26657cecf2c36a06e4b8d0773269a030dcb68e7d9d9ca9dd4d723423f23466bd,Light-R1-SFTData-stage2-3k,2451,train,1125,4
1126,9012a8d42f602c68804ee640d658226390c838bc22521fccd7f6c686ab53843d,3316f6625fca906776e343effa03dba51fad1e027cb917e58641c86b099a6495,Light-R1-SFTData-stage2-3k,1073,train,1126,4
1127,125d830a8556b3f0962ea4d93b564f9206a8170a9a7f3902a87f9a8900289745,7217bc7b685aea5e688251316ed4de110fd36c5c41276714339dc8479a39661a,Light-R1-SFTData-stage2-3k,2165,train,1127,4
1128,c37631996ddfe5bd7e41841af08e59445b4dc9d0c3b0bec1a9c4bb55248d4899,733fd0c7fc7dbb0ba8a8b3e1a67c8e519c298c67e5b3aae0275cea5033c4fe85,Light-R1-SFTData-stage2-3k,1616,train,1128,3
1129,de2945ba5360baf736982530d94ff0bb1002dd40cc57842c1974edf1820db747,7f366a51be9d929c26066216f718f65ec1c00f621b94acc116df68f431b9aaa0,Light-R1-SFTData-stage2-3k,1301,train,1129,4
1130,88e1723e08b71b125160b1fb8e676ce7b031499f6f4f08085a9cbbbe70d2fdf3,0980aee1982b602ed9161555a8fbd09a2a656e2e4ff1cca8fa9407d0a9943f56,Light-R1-SFTData-stage2-3k,3278,train,1130,4
1131,6de48389991a3c2491df5c19fdebc76b238be5657eecf143926f21a746c1bab2,8b428dc2c0f772a13b7647606488d3c78a26cff316024b4315ad7853ad421242,Light-R1-SFTData-stage2-3k,2133,train,1131,4
1132,7a912b6f212b18a93502761b1d9894b9b7350e4987294529b3f71405b6ed3f4a,d9b492715c4dc8fb67190161079c6ceed8a08eae9d1095ece7169ccdf18ec15c,Light-R1-SFTData-stage2-3k,2752,train,1132,4
1133,b41484f1f1b99bf0028b98e4d719d539e7869f33684aa6ae267ecbd9d95e797b,f778be41a4ad66c333c74af896250aae4ecbb3c3318676aea833017fba61de97,Light-R1-SFTData-stage2-3k,2221,train,1133,4
1134,571832134d3d07154b8837e275eeb83d33c0d42f6ec8ab0f8a4a2ce41716d8a7,2b956578a7e74a4224798e780006e1ed522061a069067f2d08a975f7d2a7c8b6,Light-R1-SFTData-stage2-3k,3385,train,1134,4
1135,39989d77ea1369e87325290b16661e14af9e3084726fea571febeb2a02c3ddee,5d28adffac49e9fd985c805dc70a6c98ef8c9ae43365075c3b242ddb76dffdb4,Light-R1-SFTData-stage2-3k,2477,train,1135,4
1136,2cad4e22260652697836b88cc1fa735fc26ff9e2b40ab7bab08a4d98d5bcc55e,e7c36401c46b467f7d72d28f63f555842cacb8626363abc6bf5a250c55227878,Light-R1-SFTData-stage2-3k,2713,train,1136,3
1137,7169e73d7f6af4641f8ce3d81775b816f11d1344d2314dd4ae9b8c4bd95799ea,1a9ad76678f89c3e5d341a5fae7b308e21084f18f826ea354d1cdc80ec7f51d9,Light-R1-SFTData-stage2-3k,3321,train,1137,4
1138,aecbf06eabbfdbff6db2071108ae715968d4c45c5d3a0774d185289011a7d0d4,840e8491cc24f8939fe841fd4d5791a71230635016eca3b772d93168fffbd23b,Light-R1-SFTData-stage2-3k,3456,train,1138,4
1139,32e6a2f6dfff616c19fb8f954c1346116850d78df579f3933b3d17325cd1c0dd,23ca78989c0be3fd9337abeeb4764da9c4a48a15672ef1e841192b7fd37d816d,Light-R1-SFTData-stage2-3k,2617,train,1139,4
1140,a4b5a57dc1af3ef01d13a481446ced0c59b809fe6b0747892880824279a550f8,081290e9b8c4d336f72554ffcc39b82a9b265a075aa2fdc456d7c827880ced04,Light-R1-SFTData-stage2-3k,2264,train,1140,4
1141,e73e62301a4473abf683ba158556ee897f776b1e0edb045451044fc2ff83c355,5f63aa842de22880c42c1cdbbfed39c5dbd8bca671770917583725b34453a609,Light-R1-SFTData-stage2-3k,2268,train,1141,4
1142,a3d3abd1925522727cc1882f4ed4ca5e7d569c3c32651f872ed00b556c07d96b,cdd0749e44c0a3797ed2740a9cc7f8ec82b89c437aff83b7fca43c0115ebeb76,Light-R1-SFTData-stage2-3k,813,train,1142,4
1143,2ef22888940e291a7080241c012d6a586d985a867465cd3584982e5ba23494cd,bd1d2985691c80705183470c770730014da2881f9e40267936e300f55f576d93,Light-R1-SFTData-stage2-3k,2648,train,1143,4
1144,5da5ea9cc448f5e0ec615d8b6411c09c2440a95621b73e8567dd541c2eb82f02,3fddcf106d6c276ef9729586d92b4ed614ccfa7868b5fd827f056aaa9d76bd94,Light-R1-SFTData-stage2-3k,350,train,1144,3
1145,c13d15e8c6fcd4ece9c1370677ffb72c16256629e72b196079c4f82e955f9236,2d3927d7d78124b081fd7ffa74029acd556b2f993f4f61b65fcfe78d16848e17,Light-R1-SFTData-stage2-3k,1505,train,1145,4
1146,94d8fdbc6fea376230df5856bec71efe7d1b006a1d79c368f2532aeac06977f9,4159a3883c73c2a76e9d41100ffa17500ad3aea75c37d096b88299ad51ab8fe4,Light-R1-SFTData-stage2-3k,1630,train,1146,3
1147,e88c5f12a21ca920385c0352e19fa9d965b3a9539fea78e5e03c732c18cf84f3,fabf667a1853dab8dd11afbafdba718b99d9a2aac655516b8f520177e3a90a3e,Light-R1-SFTData-stage2-3k,589,train,1147,3
1148,eceebd68aecb04887f3a5eec77ca39ee07a31117b47d4723af1f254e95f623a7,8f5140374572085d18c47b237b7178d2e4f9fb959a6a25d349e211e6f8621e75,Light-R1-SFTData-stage2-3k,3410,train,1148,3
1149,c914e90721843c355accba0d99783e4f06e1928fee1ab5c47ff00b066c7c020e,4bde94478f03adb92fb4896d7f397e05d79292e9ab09f1549d2ded16e65a1152,Light-R1-SFTData-stage2-3k,1901,train,1149,3
1150,148e44a886f49598e8bf0dda33fde536850dcd5a6ffa3e9b0d7e698e1c8fef7d,ab582f3cdf985ce2caefb40a9426b18b85ac3d6d7d87c5a281e60a4974448aa7,Light-R1-SFTData-stage2-3k,22,train,1150,4
1151,f9f22cbc3e0546f669d05ec2ac85e021728e6db62aeb840358a02561aa4d01d0,08eea6dc470b2f9a272893931989ac6ead61c74f6193061cdeb01c8c6f9ddd41,Light-R1-SFTData-stage2-3k,336,train,1151,4
1152,3cb1aee9ffebf0fc1dd6a04c7001971cf2d5290738393eafb553ea688be34a26,de8ee8120d07967cefb75e5ca98d7f8a6a075dd030066f90bbf01974d4df9eeb,Light-R1-SFTData-stage2-3k,1651,train,1152,4
1153,3b2a5f003c14d8a19f3092b2d0d1c1be0afaccdcda3fa515f8eddcf31a6b1f21,f1a88de7169d73030ff770fecebae468ceab942b2e5b776bccd246afa92d1921,Light-R1-SFTData-stage2-3k,1050,train,1153,4
1154,1ecbe71afa967e347e3c3e091dc1ee3f78215e2be1456eabc3138c0407882ce2,7e78e68b26fc2b66671349be31bfb9996445fb8792ef23a3d09e994e37951329,Light-R1-SFTData-stage2-3k,1756,train,1154,3
1155,f3a2727f5eec6a17875611d4d903390909cb4a9737a474e99537e32495d3fa5f,0e7995d688349ba22ab9a10acb4916982c22a19b18f71606aca8e1b6c989fbec,Light-R1-SFTData-stage2-3k,1635,train,1155,4
1156,c60bedfe290c29d3b5586a497f6b9f8b9c81bdeecd38304f01def26a40d98cb1,68e11bd445f5443d36dcc3189b616b02aaf8688b134f78259bcec41b927e94dd,Light-R1-SFTData-stage2-3k,1284,train,1156,4
1157,6c245e1839f9a8b8ff2d4aab685e64da9d5d93e943cca79849cdcfb269cd1905,33d2aa88deb9f53a34b9ebf57040ecf0c7c72e1c84508b40708752aa1f6da33e,Light-R1-SFTData-stage2-3k,727,train,1157,4
1158,8889c7ce12d30994e6a0e4c45f5a268ad577d944a6071bda0d65cde258eaff58,62d7f41f416ebd7b8985428b5f737e32fbc541829dfa1b2b7bc19c0ed6951c25,Light-R1-SFTData-stage2-3k,2919,train,1158,4
1159,eca4e0120819f8d2725e1c9e12b4bf6fb0fd8110f75c85dfd2ef0fa9f14c626c,d243997f8847e415d138b6d576fa4f9e0389b045deb728046105ca47a6241191,Light-R1-SFTData-stage2-3k,3141,train,1159,3
1160,7605e0e18ac4429d702966d94e08194955cd1763c8e1d908b68326757cb6ed8a,ee53a5f8d521454aa2e20332d5483029791136a8c99f2c1f6889a92f7dc6b4b4,Light-R1-SFTData-stage2-3k,737,train,1160,3
1161,11bf2d7de12c816dc351a4c5e130f95f23d4343164167c94437062f6148b9102,81985615f84b35985c84e77ba68c606e3ae420433ac6cea129da3c24603aa816,Light-R1-SFTData-stage2-3k,709,train,1161,4
1162,4766e8d70c50d31405cfc7e4a3a130de1a33dcbf378541129b06797de3263d64,38045f7810943f8d8c71c66a4e8e7d6785cbb348bbff2b6113a4a958c4579dae,Light-R1-SFTData-stage2-3k,1090,train,1162,3
1163,cb6afc0f931c7867350e50e8314cfbb7f86c54b3c5097bb907691ecbbac5ab37,299639a8fe983907748e5a7d8a56a5cf57fc8e2c45d0b131c067ef56115f5068,Light-R1-SFTData-stage2-3k,142,train,1163,4
1164,faf6b172b062f40c51ae8e845b1138f13f5deed402488c91ac0dd3ad69dad1c1,41b3f84d0e6b874468514a8d5017c6d1019a8b3b39b6402214af7f4443c826cb,Light-R1-SFTData-stage2-3k,2692,train,1164,4
1165,a92e62b782ce98aa3b091b466c719c34db27a69784a49b68d6feb0a8dc3a100e,e18d239b2ef47af56c17b1f225c601bc3a6c18e9473d927c7ff8d7312ca75914,Light-R1-SFTData-stage2-3k,1529,train,1165,3
1166,607300cb5050cb5695854312ea7cc0d3bb8513c4ed3a1805db2417957d8c5155,061f003f032d114dc5980deeb0e8b63538a7e9076efed73cd75c493406da3880,Light-R1-SFTData-stage2-3k,566,train,1166,4
1167,066d6017d820953a0af7a1ea0ca78c9272b80e7c81756bda51bc41e32b1ae8eb,128686c441a661e69f9a1bff8a312636cefc2c801823fa60a340bd34420d9725,Light-R1-SFTData-stage2-3k,3426,train,1167,4
1168,f89c496cc757d39b2f943c91fcce426154d38184a560a63d63a48defd22e3b7c,94e89ad2a0de515f6a25975656c9ee981967294898973c68c053f638e56a51cf,Light-R1-SFTData-stage2-3k,3125,train,1168,4
1169,f3185299b0946fa631c583189a56410e7deea82d006570c0a3030669c7c820ff,7ef088c8ae0405d2253fa8c5d402b2cba976b3f5788e8e899135a2f493bf0948,Light-R1-SFTData-stage2-3k,2276,train,1169,4
1170,9f59edc039fb8880991c0183daf248d66d3cb374f1ebaa8065eacecbd7e89b34,a9530d5f8cb5d2eede295db079a3c9ffec514eb9922dd892631e4e14df8be482,Light-R1-SFTData-stage2-3k,2641,train,1170,3
1171,95481ba70265f32b8310a331cb26cf31282bbafc10ba5f324cf3dfad4dc144b4,bc45835b66dfb85d32276e16942c67f55d07986a52281d2065114598886213cd,Light-R1-SFTData-stage2-3k,1197,train,1171,4
1172,28c6b9cab11736929b223a7f4178ae9603628a5b952048ea8c7f77a4eca24c8a,c75dff1b6dde24819095fda3ca77e6925ccdda4db5a26bd604257c96e90ae823,Light-R1-SFTData-stage2-3k,2482,train,1172,3
1173,a381d40c7bb74d05848b5fda3091763ab92b8cb55227faa1b9ab80c90fce0413,411d9dbfe70fa22755bbea7241e1335d8aab96570bd8b4d2bcc2e9fd81ec7bff,Light-R1-SFTData-stage2-3k,66,train,1173,4
1174,2c10816e38b716279b62683b25ec131d43da3482cd45483ae15a315001de65da,6f55c8e374fae0c436240c6c4f7df701ea6ef9c29b26d511456ef94889ba6359,Light-R1-SFTData-stage2-3k,3095,train,1174,4
1175,e633bdbd14c199c42a7cda4b1aaaad088cba35dd13596313cd8d94d72f51cd1f,09bf6b48b905814440a4a45205278ff8b3c8ddd6b729ff7597fb51ab72c19640,Light-R1-SFTData-stage2-3k,157,train,1175,4
1176,4fe7971f86108979c328e9f6debe26577b6fba807157e95d7c3823698b84d6f6,4f62fbd67818ee322a8583d579c763490c52a98789b79b627d055de97224d3a7,Light-R1-SFTData-stage2-3k,2327,train,1176,4
1177,f7fd7f32bda4ddffa21edaa36a7bf37ae4b4889cbbd7a461ae8e5d20e57b42db,0958e900ea662241c1dd7160ce620a1220b12c6c380c7ea97e91d7c4b1265d56,Light-R1-SFTData-stage2-3k,584,train,1177,3
1178,755b87ccfaea132ffc2b220cef9c011e0483ee482c9417a4352c2abb7033f39f,bb0591cfe15f897fa8eb6d25cda0922196a130627d69b6e8e3d29c739e5d64ea,Light-R1-SFTData-stage2-3k,704,train,1178,4
1179,d7bc26684d72bd5a4d0adf80508cc57a36fdeaf097e893b4ec0a97011074a923,77900fa1ca3696c0a1463fcfe1cee62bde72927aef57fb81789d2c1edb9a872f,Light-R1-SFTData-stage2-3k,2877,train,1179,3
1180,d3e4ab0a80166197acca41a5f6fd16e739787292b368c34db4d6b52a1026238e,5e9f0a62d71df6a92f91ce5e54c1bdc4459d9c7a962fd09c3bab9c2ea14dca5b,Light-R1-SFTData-stage2-3k,1717,train,1180,4
1181,19b1892fa7dd5e7ca11d0dbf97f349203ab6e7e28da86d3c9d4686797c279c45,c6a650844f58ec8098f15b5ab6049bca4a2ec99614a5909e2bf4a07f450c92bd,Light-R1-SFTData-stage2-3k,2937,train,1181,3
1182,f3a49326b303433cdc0d5cef14bab2df36808dda4b5886a170153e9a08cbd997,474a0de84e77bc1cb79ee7c738a0ac8961bb454d2e4cc989ba8bc3c87b1e6235,Light-R1-SFTData-stage2-3k,2535,train,1182,3
1183,514c0b648e2e2f40654f1f6b7492da3832df3f2597fa42d6c167ec379c4ed4b3,6dbc17829ecb3e0107bcbc88a3d2cf124f300dbb2e63e608ff2067a53d6505f7,Light-R1-SFTData-stage2-3k,2658,train,1183,4
1184,6ad70879513ee8b3dfa09435b935ee42fb4ff99bb3cf94f13b7f734ef3166e10,1cd39f9eb902475def5638ecc25f326b926d96877549559d1f8ebd8b41ce616b,Light-R1-SFTData-stage2-3k,3159,train,1184,4
1185,0e88c6f82177cd8751c0a973dd887581d7e9f3362ac07f32e0c90eeff382bdec,21fe7369dff20a178ae07360432fa930bde8dbb0eef1a1bc2d82f7fef75e394e,Light-R1-SFTData-stage2-3k,3082,train,1185,4
1186,2a0da72f8ea5937167f926fdbb66ddd6a9f419112b5dbc0a52fa08b622042555,e727258054e9f207395da66f15f745d7a0670932308460f966e0397b2f7f77f7,Light-R1-SFTData-stage2-3k,1522,train,1186,4
1187,4aeca550613bfa748525df16ad38db2bfc07d33a75fef64ba520019ee7bc1cfd,1832f353fbbb2cef17637e51e5ed5007a83d08d969a0dce7e6dc1b884d59e6eb,Light-R1-SFTData-stage2-3k,1648,train,1187,4
1188,ffbf15587241a6a682a34311e5197b937279e05f75bda500035d6788af15fe28,7abd4bca2a89e889fe7ed8425c6f56a09798f7425da6996fc67e46ab972dc271,Light-R1-SFTData-stage2-3k,2151,train,1188,4
1189,e3e63d72e9c47e26aa2ceb36ac79e39adae2a14f52fca06b4e3a7492dcef75bb,3122e23fd6ea047c741ac4563ccb7aa263a1056128c607b0d04b2ed3c76564a3,Light-R1-SFTData-stage2-3k,1758,train,1189,4
1190,5f02be8f4e16802441dc16e81eb30e4b7f736067383ffc222f87be4ad317fda1,983896bd8b53c811a54a914b84378a0c2ba0260fc67126458bfd3b13a65ace0a,Light-R1-SFTData-stage2-3k,3433,train,1190,3
1191,010de960a2e26951700d738666344bba5ddcef635b5bbcd2c746f99e8e63620b,f5243b29cdc51aa9d12d2be8f7877196b101a0fa079d97b015a6ddea0242967b,Light-R1-SFTData-stage2-3k,1027,train,1191,3
1192,66ef0a014890978b25dc93b83fa0e4a72b3fa9056b27ca670269e0424dad9825,514cb0de96e58628bd414fe43d24159755dbed8f0d4ff915169af0eee67b2d56,Light-R1-SFTData-stage2-3k,526,train,1192,3
1193,3419e1279c1ed179b8499b29747579e247ffd641b55fd2463de66413bddc6c49,bba987f37878b7e9641005faef9da86855cac3f865591dc6755b42efcbd1d6af,Light-R1-SFTData-stage2-3k,1685,train,1193,4
1194,07666ff44b140ec372f4b8f0817c9393b6586a88e2d4fe48869d2c5ceba6fc40,0daf5bdaf15d130da10f3c3e50891ef2184c4fb0c5c2aa17a6a43b99eb6c23e9,Light-R1-SFTData-stage2-3k,1442,train,1194,3
1195,81a816a8d82a0177c46639d92a9f85924233cba17d3ff099793a6788e29c3c11,b476cc019ce88039efbbacce430bc4b42240ade37e205b70b52879d65a532687,Light-R1-SFTData-stage2-3k,675,train,1195,4
1196,0125fe10895148f3bc137a79a7d77cd3e8722c2166d0101805652ec36ca2249b,b1bf47db7fae7acba385a742d59b4f5399c7ebc2b4087516f56c1611452b2d5e,Light-R1-SFTData-stage2-3k,2695,train,1196,4
1197,5df1b7758d0ba56f0a4bcf72c8b51bb5e89f799dc8d8030423931282edf557a8,4bed1985cf8b634e62931ae9417eb9c314a4e17fc742dbc73e6a3cd7bfa05e55,Light-R1-SFTData-stage2-3k,753,train,1197,4
1198,0dbe55174f1807e84126c97b1f43577167ceff5d075609fbdf98e9f32e94b1e2,6424bc589e5bb7858ca4da0383d4d65c64319c1051b595c32b2b6bb9d83c50e9,Light-R1-SFTData-stage2-3k,2754,train,1198,4
1199,3343c46acc1c4d6d189e7e6fb6cf6989582eecfc7a08217d48edb95460727e86,c2e2e390c143c8f34f2cd06d8057b22e75a7af5b9c80f10dadfbe9d18b728cc9,Light-R1-SFTData-stage2-3k,1099,train,1199,4
1200,26f00da59488fa70a48ceeee6d389ce19adb64dcd364ec84073b62cba9d25aad,f5226e6a7061ff1eb12511ba44e6066a8242b6f337811e5c20971b06aebbd994,Light-R1-SFTData-stage2-3k,1658,train,1200,4
1201,f5dafbcfa41575cf472113d7b2d034b06fd9e3e61b2ac22aac4a0a283601e47c,a0e82bafa4da02bfee2a8d32067a1f3b9504fe875e3ee922676687420f1b8fcb,Light-R1-SFTData-stage2-3k,1507,train,1201,3
1202,5d8ad8c0445d64e2df145cb73367cdb2e1a53f7b8c971b1c41b0d78edf04acc6,700f5d67967d41e06b2fdee8f32e25b6d4d9fd88e4eeefb104e1db67df190f66,Light-R1-SFTData-stage2-3k,3372,train,1202,4
1203,ef97bc62f8ca23bd66d9f7bc89858992ba6f6176cd0ffc75a3b75d1909d0a3ee,a33b2e0008710603dd73a3f85c6d48deb8d0e31c01d022b3d897ccfbc8ba0859,Light-R1-SFTData-stage2-3k,204,train,1203,4
1204,2f1c62f1e41c68d7cffb4141bb588c22e1996fd6417b528b9e3a691fb7d7a01e,f24a067a8f1f64afa98594b8f5708fb1998660f3729d6b8abb0ef7b4484950f0,Light-R1-SFTData-stage2-3k,3297,train,1204,4
1205,98f78608c2701abfcedec2ab296a29e3de5c62d7fb941bcf698db7b01474db6d,2d6673ce0888831dfb74c13b1c196b7658f79eaebd552f14a28ea8cb19f974ef,Light-R1-SFTData-stage2-3k,2173,train,1205,4
1206,a12e5cc2ef8b7b3ea36325c33f17df5984018a67a0d4bb28f4618065a4091d58,bb6b8636b2b426fc713baff6520f292d6ab1ffa31c7c6af4aca3c6540569df87,Light-R1-SFTData-stage2-3k,821,train,1206,3
1207,de7c28518244747a7541eb1f7578c31a1f2c2c83048616a9293172d61a291785,2d98794c07ee4b0394de2cf9de58d61d7e2bbeaf5064020a251f2425d446103e,Light-R1-SFTData-stage2-3k,1932,train,1207,3
1208,8796b40fd400f30ffda789d1c2f36aa4e1137f6b3c1dd2dfc813aa8497a9dfaf,123412f5308a5119c667a49e3dde8f73c068d756473e6e51403163dddb4f7dac,Light-R1-SFTData-stage2-3k,2498,train,1208,3
1209,6817c62f872b87da7b8e8cb2772cf42074f01f8894a668bb055299142900b76b,0e4725b68b7efdddee897f3e3d9318e2f3645f6f2ae7ec315d1f8471b4def8af,Light-R1-SFTData-stage2-3k,1326,train,1209,4
1210,ebf6e096af0ae87d0959b00c9b9af7179b4c14310ff5b45be4f6a3b53ef60518,024cbab8a034c39d79aeca932b1d36b995332f1881509994603d5beec93689e3,Light-R1-SFTData-stage2-3k,1678,train,1210,3
1211,06b1ce435860d502b9b870f9cd312ec9b1b298ce9cb6908cf9cc39e79b589a1d,13c0dcdb26253eb97b4b2f327e085459e384fc92be9f5b5edd376081b3eeff56,Light-R1-SFTData-stage2-3k,2163,train,1211,3
1212,844b2579da8bca9f09cfda74cc02333d0b0bba91a0e15ec77b3685c980ace341,0ad8b282e3e011f0a47a43c443b62efaf8968a4c11c599b4213bcb0d85ef1c1c,Light-R1-SFTData-stage2-3k,2966,train,1212,4
1213,7d8bd70dfe2446c480850e851767edec098bd18bd645e9c8d45c4e269b24e4d7,9dbcd24117552e6f73b82f17db30bf0d7a72ab5089120ddba7a758d6f0508cb7,Light-R1-SFTData-stage2-3k,238,train,1213,4
1214,798391263440f2d852dff1dbbb75c478fae733ce80b526530da94dfb7ab7a2c9,c09cdb611c727ef86a789b29045caf4214cca61e79e22455ed9da1e70966dd82,Light-R1-SFTData-stage2-3k,2386,train,1214,4
1215,52c672261d1e951367328ba09125948935107a8fd932490d82368e0a41666a62,ef20334bcb1cbf0869d3d1cebe544f3fb0291463a0d4e6b42aede897bc3d05ae,Light-R1-SFTData-stage2-3k,3153,train,1215,4
1216,c06550be517ae8163472228f5babbb6fab6aaefccd4df76ed866028127ece466,35768e700165a4a5053914015747c3110eea5741121ad87af8d263567bf9c2b1,Light-R1-SFTData-stage2-3k,1192,train,1216,4
1217,c462ec17e7be3c62b2c4f11d27c41625e646a41b866b9edb5f53a1b9ddf10a42,f656999ac7d941d3b154c3be3c506f241092bbd5e8ead9d10248a3fd27ebc87a,Light-R1-SFTData-stage2-3k,1100,train,1217,4
1218,b1e9e87676c8b731546c20a2b722bf0a313c3b042a52b863a5f597f63266e3b5,45445611afa5785883b4cc0302c84f64e8b52853a40708d140c92d137b5f8ee3,Light-R1-SFTData-stage2-3k,976,train,1218,3
1219,4fe39f6d62dae827196323d35717b99328ee23f4882d24a6129500fb70e49031,318549ef79369aa9cbe8e3bbc1c65d4fd8bafc49740e0661df81b92aeb03d986,Light-R1-SFTData-stage2-3k,387,train,1219,3
1220,14a70d0b3ad8cd7739c2102d47a00c72012fdb2cbc0074eaa5839ce9b39b442b,21a22900fcd76ecfe3baac0e97f167c6221e7308953710efd55349867879f240,Light-R1-SFTData-stage2-3k,3231,train,1220,3
1221,5983fd4b7eec61cde22c7213cb9686eac3348668ae9862feb79ad1be49b9f7ba,2f05aad38cc5d94e3ce6e14234f67ad2523e987fd9620e977d4b49d564ece93b,Light-R1-SFTData-stage2-3k,2556,train,1221,4
1222,309aa2a5516cadd23057a874298c7406aed82e8b8844ec7faba01a7d626d417e,df194f68f5d78e28fa1f19937b77a37cdc71de475505ad2c55b68021452f5e59,Light-R1-SFTData-stage2-3k,367,train,1222,4
1223,cefdf800873f364aca37202df870640ea845780f49549626db48e5486c583fa8,a01e4fe870c6c305bf2ae1fa4160468e81fa83922c0e278a4836d09959ba7166,Light-R1-SFTData-stage2-3k,3057,train,1223,4
1224,f177ea2bc18cde5f43173a34bbdd6d23578de423425d4180a8f07a79b3f374f2,0702ceae91dd2f4e3f4946d01ff60483be235fac67d5928393dd5387fb0fcada,Light-R1-SFTData-stage2-3k,1759,train,1224,4
1225,ad93e1c569b14329255523dd06f5a15ceeb480439a9dc7198e57d3308d268a16,a5598dd4ae75e43adcaed09ba2afbd70d13c048c0a85c8acaab822b67614df14,Light-R1-SFTData-stage2-3k,2551,train,1225,3
1226,0df3c55309e946dc5395e391823aa3e4d247e69f6ba768df248dc9733debd733,57dd724c96bbb35a41107bcfc7549dde708b67d314132f00fed0f60096184752,Light-R1-SFTData-stage2-3k,369,train,1226,3
1227,4ff212b961086975d5c2de309eaea0f56a0f6b6272e7782e2382494ab6e5d720,e88e70160a7009a3dafdd5ce06624494768a105b6ea6e10c0ed4e90cdd48060b,Light-R1-SFTData-stage2-3k,2860,train,1227,3
1228,b0ccf64f0921d093eb9a5721ab227b147516e29cac621cbed948f67af7717016,95b5395ecbe40a91329b831d7e5bfb61a8843803c9534c3b0487aa32137958f7,Light-R1-SFTData-stage2-3k,1746,train,1228,4
1229,e15829fdf9dc37c4fcd0afba338136ff8d8514d98fe53915fcaad7ec54ba9f44,af1d4009df927ef17134be5d9512b9e66f36140f02f0f26f38db9fb6b5b93c5d,Light-R1-SFTData-stage2-3k,561,train,1229,3
1230,866cf6f5a8037b3ffc08d33dbf6dbfe80ce33c2ed97771f024e35d8da570dd54,564a5d0c79525a2ff0d489dca1f7d692f260fa57853b1b1e50b30cb1f0974653,Light-R1-SFTData-stage2-3k,449,train,1230,3
1231,5d06ca1fdde51b2d2691c38c3469b210f7fbe9751a50ec9d4d4ade049842c04e,2bd255e642ee5c123f834b38c4749ee8937fc43b11364c1aee58fbc1feba12c5,Light-R1-SFTData-stage2-3k,2373,train,1231,3
1232,3a93ab8db717923207f47f4ab2edadbffd26ef07cecb8e01a9696306e55a9374,1c73a7bd42973654abce51008564502359d54e9d3e4ed2a4ca8aabdca0b43f1d,Light-R1-SFTData-stage2-3k,147,train,1232,4
1233,833be1fcd92150817d29c1ee5c96b52223a4fffd915623e879a8e0d4e47f8654,d599bbddb63eab6ba58413acec79be5ebce5488dc6107c9b47fbdb204ecc5eea,Light-R1-SFTData-stage2-3k,1204,train,1233,3
1234,c3b545262eb4f0889d9cf40580dae33bb907c7a8db13c17d02d260ce24ddd4da,8de1171557739562c810514b925d626b4e4e0901f7a2cc7b3156b2cb27e8efea,Light-R1-SFTData-stage2-3k,479,train,1234,4
1235,1e69bea3defa25f6430b4f6d7d9cf9b7a685fd586276cc5034dd6fd452955b95,52c59c20abe2488df92c6d0efe48d2e1368db17acf739fbb158562b00f7d81f2,Light-R1-SFTData-stage2-3k,3306,train,1235,3
1236,74366b0e0576c912ed78708b8688d0ae5801c468b4f6a5ad5f9df3a30bae7680,23297754480958078385c83fd32b77105f6852ffce16f76e857d38550b4aacd2,Light-R1-SFTData-stage2-3k,2222,train,1236,4
1237,5f6094ecf01a5433dd0b628654c9b7ae3d6b4f18b3355c105ea536fc71c906d6,59b0978eb3520cd10913e6b671203ff3926d794bfb7338493469b21588196708,Light-R1-SFTData-stage2-3k,2257,train,1237,4
1238,f31f96bcf83ac335f3c90828a046354e3aafd7d694f302db26927049048a870d,51a6eedfd199f0d038629e66ca130974c20cd1d7148dfe6db400e477ee318bdf,Light-R1-SFTData-stage2-3k,3530,train,1238,4
1239,8c524477f9567a29842edea4316e2300a19a90f7590253a500a9fac4950593ba,c906d72880a1317920d012edb4bebfc27c9593116b7cd73bb842e40a49a51afe,Light-R1-SFTData-stage2-3k,1904,train,1239,3
1240,855736adacb49d96eaa3d07a963486317aa7ce91bfe1f4dd164a83d087ec50b3,a28e258cff1f3a251a357b3577240b136ee664fa0a5b3e40e2ab3dc7a50ed004,Light-R1-SFTData-stage2-3k,909,train,1240,3
1241,916f359696a80870bd4868130eebd96be2f18ce3ffdda6d317fbd1fe18373067,7f268711e191db8e4cb6dbef1b13a21bb4ef6659a19e17f513c9960f6e313299,Light-R1-SFTData-stage2-3k,538,train,1241,4
1242,c4c0efa67101c412b5fc6a28dda77c661813087d13c9c3e26f934092a03aa862,cd2a24e478256ceeb04c01ed03132b7b8f47d5687e4ab817eac2a4c4395f1d5a,Light-R1-SFTData-stage2-3k,1519,train,1242,3
1243,a82a57156b5c316ae3b8cd460a9b238fda9ae832b8a3c980b19c46bb9fccedab,5f92a95c522e49b007711a8b8c85072f185fb4bde10c5626d075dbae3188d928,Light-R1-SFTData-stage2-3k,2256,train,1243,4
1244,0b21ff59b3fd00202afa70b32f9b782386881af7ba154d014360a81280cf99f8,a1bb2ce746b37bb89450775fde529a75393f7d2d3585b059b15c83cbb0f3035f,Light-R1-SFTData-stage2-3k,1995,train,1244,3
1245,d774db0eee490c4bc7796c546c1a90d1ef674173dfeeda7b398f9655c3aca8f9,c0ce7cfbf362f07b7bdcecdf52cb720b1e668f5fca4cf90de67fadc59d6e6532,Light-R1-SFTData-stage2-3k,3360,train,1245,4
1246,716e0f23d9c2059e4cbba382ff514ece943ca986a296be8d6d9f0fb0751dbd41,4a688a9796095240de627bd1313234ba1956524d89c228c326a4a8b6338ab5be,Light-R1-SFTData-stage2-3k,1597,train,1246,4
1247,d5074f0b9db86d4607b337225a1f5c56ee0ec42c518f3e3c16e2c3ecd7a4e0fb,117674c087124d56640205024b06563d3ccfb8a2bde1928762050f6071fd79fb,Light-R1-SFTData-stage2-3k,149,train,1247,4
1248,fac8be59b6dd3df37dca967a341d5b60a9aba74a6c52061b2abb2d7e77c8e555,4943ff1ccaa0ca543ac5da2856b7bcc52a402ea58bad3bc8265205c9f89ff61d,Light-R1-SFTData-stage2-3k,394,train,1248,3
1249,10da70bc3bba26fded6528857be24bc078419176c8100cc6aa950326d24ac3ff,11c28e927fe5adb7f38fe9357f6e9d63233f9390897afd5c69297a08e1196227,Light-R1-SFTData-stage2-3k,1883,train,1249,4
1250,fa981d31d993c668f01c5d6d524d7b9bd76cccef2dd3e27ee8b98455036476fd,ad18c609159718023e14857ae41ba77c1e537b508a911a56ee42e1d607f9a34b,Light-R1-SFTData-stage2-3k,2664,train,1250,4
1251,53ebc913c66e446dc8048d413c87a29f1304c1817095beaac01cb897f3099a65,1fe6505cbe7abc1585f61310db0595c7a223cc2309f228c1ce8141965503e7fa,Light-R1-SFTData-stage2-3k,774,train,1251,3
1252,70a5b87429d34eb5e046b9c12808184add1fd19e6a047f22d37ab6b1ba641976,1e7a0c759d316c9a7cf1d0af602726d40303adfad6a7b134590f18dc89b7cedb,Light-R1-SFTData-stage2-3k,364,train,1252,3
1253,8efd8edd0be04eece5280db8201221de0b92662006a1c6ae752cfbf5cb778ca3,73f4f727ab449ef7a51c537495d94385c9664f6cc43005c9d81f6820dcb4c8ca,Light-R1-SFTData-stage2-3k,1149,train,1253,3
1254,86ec44358d3b3fc916664ac91e4b8573a00a73a943ffc6225c6f11bce41abe2e,bf50c870f84565bb6b65d2c691ea025bd8a8cfaa144e383d0e6c96c36bf056fd,Light-R1-SFTData-stage2-3k,3118,train,1254,4
1255,0502039fc8e2e25379414056f932f2acacf75ea525e9b0eda963f5cf618c931f,f3ca6e180e2132d244a3a58cd57aded6821a61d92fb4ececefb29405b44afa2e,Light-R1-SFTData-stage2-3k,1822,train,1255,4
1256,6a9c5103806a9bd4649730b77b26535efb450059123823abdaa9b2996695c122,2ce11e3211607eded93ee594b65f03d05c3461b77bdc98bf668a6506b1a0c3b9,Light-R1-SFTData-stage2-3k,2509,train,1256,3
1257,4371b79148fc1db56513ace1ecba486f11520f3a6a2002cc2c19d138138ea52c,c387fa4294984ad592d256d20f28376096c5e50e668e7a5dbad5ebd1cf2eb035,Light-R1-SFTData-stage2-3k,2704,train,1257,4
1258,78f13b9324b31dc908719766ba823ee15a4b8466b906333f96829957e42f0df6,46941e9cd5f91e99dcfe674030d7d869111be6e450ee10b40958418ae0789dda,Light-R1-SFTData-stage2-3k,1615,train,1258,3
1259,6348a5557d031f9f0ffd3a1f2d0829404aac7d1fa90e117c1c71ba85efc4e057,7c0709ae8bc8f4ffd7f1777ae4c5dd2da159bfc991d40de6c7031873029d5d24,Light-R1-SFTData-stage2-3k,2022,train,1259,4
1260,691a1b4b51caa9059b876ea235c2e143976b97b077139b106d3c3340165c91f2,52fd89bc874d3675dca38d2ab13a1dd93ad3f7b3b03a66d9cf4e6ddf78be4c68,Light-R1-SFTData-stage2-3k,3078,train,1260,3
1261,07644be7baa7c3b7b2388a7b6c92aa2e1820ad031055fdc4be123822938672bc,b89034e8d422a2d09a603050cb7650231fd834bf379f9de026ec98eb789c6a7f,Light-R1-SFTData-stage2-3k,3482,train,1261,4
1262,132da3ba7c048c7244fd5c715e99095a4c04307ccafca8b33a8313489d7221d6,f9b8daaa3739b756d3b251d3a22d73ab9ed4b0bce873442476b437acf5874f09,Light-R1-SFTData-stage2-3k,398,train,1262,4
1263,341d1c6ba1cc8161a87e82e3a5dbb38b02839f4d6ebfd3b6a97a83a8e7243cd5,0242597644cd534e7967afce6adcb0d64dd4db121581f7baef1b791211da0139,Light-R1-SFTData-stage2-3k,736,train,1263,4
1264,10bc2a12932b6dee45e0877e786da7054fc8dce7080fa7b807b8c99fc0076235,9f129b6b27a1111536aceabc4b4c7d91a004c6a93ef81fbd0d982c853c82d989,Light-R1-SFTData-stage2-3k,1950,train,1264,3
1265,4b066649566ed24d5e6152f17160cd815375e5cdec11622af0040536af2992a3,23d30d0f1ada3b0006a91ff8c5e2f8123a3aff5edd953dc19110d57ea94d9ff8,Light-R1-SFTData-stage2-3k,128,train,1265,3
1266,50326fa477b508167602c1b691cfe70262c1587f8830cb5ebc59af54f904fa40,0ef5a9794f17a17730dcf72804be520246feda0b5ba9236ff8e7bfcc3d241487,Light-R1-SFTData-stage2-3k,1640,train,1266,4
1267,2a6ae2a3c7f86becef780ded66452c113dc551298baffee9e51bd537fbe25284,ebca04c5fe69e435674dcb6b4e5ef360b3dfc363c37e8daf266333ceac45211a,Light-R1-SFTData-stage2-3k,2244,train,1267,3
1268,ff65f1bf18e30ff1304bedc28b0661710b98e12e4afa1413922755fcc5bb16df,9d75681afbc4d946d79f14e4ca47b0a13a3472e7c3bb5ac65faf78989aff1694,Light-R1-SFTData-stage2-3k,1620,train,1268,4
1269,0c1a1d9c12e15dda18dbacbdd42072e474d71e469a190b1e0b38cb334ffc6d5c,2383d6ee2d5746f19f9faf14af2d5b1fdeaf5f4feaebe587fb666b32088a9e2e,Light-R1-SFTData-stage2-3k,3136,train,1269,4
1270,32f63249dbb31bfc10fa72d42cbb44080f52e2f91bad99333baa468ed02e38b9,6168b54f1b2048732b9c2e5e02c344fababfbfb9fc46b89e7ce7b73a6a46ae1b,Light-R1-SFTData-stage2-3k,2631,train,1270,4
1271,fbfa046bacac79c1b8e90135b24458a5c0d5d71bb9eed80c95e13c7d056ed01d,b926cfa0318cf0a65ec6f84c74c67f88cac15aabae073e95b36adcbbacfca75b,Light-R1-SFTData-stage2-3k,1231,train,1271,3
1272,89496466ad8337e956b89254a359aecd35b3dbc245458d3b710ede2ae0344a43,3f0166020c71ea40f6fbb92bd7b8503c0db5444f862bf90d2df4119847182b58,Light-R1-SFTData-stage2-3k,935,train,1272,3
1273,d39bc5c5b5afb31e531bbe23187e559cc32a7e4502c30c23d685081390a7cfeb,e8e614419c79af0b32d322503f294ada857c337da37e54685b0dd4a0a8be0aac,Light-R1-SFTData-stage2-3k,854,train,1273,4
1274,4ee0504b8a72b025efcba6e60390ce78828476a0cf944696a7bf02e6484e639c,4ad208c032058e9abbc20ba00b136e787b4a2a44c78fd6ad38f4c36017e1925f,Light-R1-SFTData-stage2-3k,1161,train,1274,4
1275,d279ecc25c50abae4194ac5023a0e6fbb0fb6136cecf9b91779590e739d094e7,4e1d19dbe143fadc40ebe77f5c0fa62c7013f0a1529aaa64a96378398f6ee201,Light-R1-SFTData-stage2-3k,929,train,1275,4
1276,2e897eff677e34eaa80802f6bfd11ebe759b4cefc01293c820a1113de2c06909,e6a53b965d3ffa93e8a812415e63099c8f7292bb582b29b10b391d43e3876b28,Light-R1-SFTData-stage2-3k,2751,train,1276,4
1277,5714e003ca36b1d15dcbefdba593452965f8932d84355c73030a06b7a337ef66,3b7c5c2bfd11f9ea9fa3226fbb0a2e8d29e3b2708e4807d7faae9f2d9e1cef3a,Light-R1-SFTData-stage2-3k,628,train,1277,3
1278,08f1bd6e6400f17de43a16548da3064f395a5d1319398f7bc2ffa85f57569069,fa91283b5c5032f1062706953bd22b2e2722822c49ec6b3385c8223026474d85,Light-R1-SFTData-stage2-3k,571,train,1278,3
1279,55fbf4628ed62d10a0dd05b5ebecafa776d3937d7f728e89604146c3a80c169c,b18f96abbe794db7c6a4261c9cad3ec3d2ea1655a8d1ccba93f50f1e83517758,Light-R1-SFTData-stage2-3k,2776,train,1279,3
1280,0fcbd8db7230b73ff538df07987639ecb05345e19be33cecfd9ddc44bd813107,2fe5577ac0e7017d039a45b9ddbafd2f4b384b65e85d0f0c9ddacf7f64f1b6d7,Light-R1-SFTData-stage2-3k,1692,train,1280,4
1281,88432f0d21b58ce6ed70a54830b88b2429579736c80ddbf2d859e555dbb850d7,d025b7b54920968368ff4a33b687b0beb05f06577e9d5df9fbf6dfb35f191992,Light-R1-SFTData-stage2-3k,2600,train,1281,4
1282,0fe034ed8b35a9812a043c2c68772bc719f2343311c5d2e1c59b254a46c266b1,cd3dec33cbdbcc24a5386f9e819932aead6ee630e2984ef9ecbe6bf15951d8f4,Light-R1-SFTData-stage2-3k,1260,train,1282,3
1283,8c35a63723570bd546fc79d598861bd362863fa35fda07a99e4c3ed5cf3e2d5e,193bb017c7c33d52f9f690065bc40136386ee72522896e7de5082e806caa104d,Light-R1-SFTData-stage2-3k,1077,train,1283,3
1284,a33536a26a229795369316b21885f9ab0cf9ac83739f2f0c48cc243d424d3033,a286bcf71e8d2619388d1d0263491ccebc15c386047cdd8b41a5796660b3ae45,Light-R1-SFTData-stage2-3k,1180,train,1284,4
1285,37dcbcec954ca439b1607296f6236ada832dbeb6fc30b4cd143eda31ea874a3a,5cedd5336a1ad60eb4111729fb9a19b888877a0c2e46cdaa1f46bd69ac2d5d87,Light-R1-SFTData-stage2-3k,2506,train,1285,4
1286,2cc0601d227f1fe693db919806b1e1aa4bee0609f62931a4e792b6dbcaad1d6c,c2460e7facb74ad01248b5c5f13cf9e2fcf0debea2c3f30bb7c86d17875b09ef,Light-R1-SFTData-stage2-3k,135,train,1286,4
1287,513686871874dbdc8bed6196e191865286ce47d4c336583cc2ec34ba7c3f1def,16f9b44307ef4018014331550ad996c4ce354fd2321a9451a567b0f24ea69efc,Light-R1-SFTData-stage2-3k,80,train,1287,3
1288,ab4e46f2e80752bf227516974a87b92291045f978fb6610bd39c9967dbfecb88,7ad48fbc0de20a66b528aa50b01e4bb308d71a9e994168fb0c9b02cf1db7cd9e,Light-R1-SFTData-stage2-3k,1727,train,1288,4
1289,10bab1484d8ef2e96cb26cf9084e8731339fe0218ac4f1ef41029309c061cd9b,73c66d4b1c05f860801455d6c9f39196c63666eb0aba0604d24c2ea282b59c4f,Light-R1-SFTData-stage2-3k,2845,train,1289,4
1290,7174ffd0afec2eafc0721b518327a2910fbccad2498612de7f2308faf0b001d1,ee2c55145aefe90d51b858984f397f0411faa10a83c6fb10f41d25238ea90dc1,Light-R1-SFTData-stage2-3k,2081,train,1290,4
1291,fcc877f1f86b8b44076c15ba5fd313b459ee11260ec5afecdb8d649672a87026,26fa99e8d383914984dbdcf3889b61f6dd48dfc244ea14dab7f2bda7e33ea0a9,Light-R1-SFTData-stage2-3k,1226,train,1291,4
1292,dcf7727b8aaa739e2353d5c8a10c734bd18ec07b27dfad8dee10cea8a0b369fb,551b4ae1d121294351ba9b4a301bee02ae07dfe154040aa55320f289c65fe6e6,Light-R1-SFTData-stage2-3k,137,train,1292,4
1293,a8e57c976975c26459ae8cbc8056ab715940143b8a0b9cc087e5216e80a47707,832e4b3f2df6738d3691d223e3a5e17c00436dd85ccc67021bf56cfa27405d7e,Light-R1-SFTData-stage2-3k,1005,train,1293,4
1294,fdb8a0755981a0a6c4ecd05f056c0b868d338a4fca75e07f2ee47ec30c05ef60,5b4cab7f3aa501bc867787f8a5173eb2e5cb65f77600d792b3599ab50e1c59b5,Light-R1-SFTData-stage2-3k,2705,train,1294,4
1295,165ce3460f6068578d49d78537cfeda43fdc1fa58eab2856f5d5e2942597466c,fa029129759b8dc7a2a5bae397ce7848666a5587f2263d9b1af24120b4e8dd20,Light-R1-SFTData-stage2-3k,865,train,1295,3
1296,8c8fdb9d3edacda6acbc5255d14bfe2501e7be9d6fa1485140af61a26d9b230d,d8ce80114061ecb96e88299bff62fce182f5416d51bd28762efeb8f6d178231c,Light-R1-SFTData-stage2-3k,3293,train,1296,3
1297,bb8ece9ccf66e1befb13115fef1d03809a9a99269392ca471d4f2a9dc8155576,9dc84469f9cb5c24221a56c0b6d83b93484ad19eab85f6d8dffcee516b598192,Light-R1-SFTData-stage2-3k,2991,train,1297,4
1298,9d30d28a6166fd7d6edf1eaecae68b7fba42b768ad046a548446bc5a7b21d0f9,a086e44d16835e58315b6ddd757b80475db77f293d64a816d73b8e34fe5ac4ac,Light-R1-SFTData-stage2-3k,3521,train,1298,3
1299,43bca2b483ef706bf765b6de35f4ff219a5a7a28362713a5e3139d3dcb54e526,0bd47856c89b95db450fd8d7558ce971b0a24e0eb71777f9653d78ad89b3161d,Light-R1-SFTData-stage2-3k,2084,train,1299,4
1300,49d2e8f07e86bb17169d0fdc46f2b39f3ea4ac8bf1e430938961b098aa346569,94e33071e99a4a1f2dd3be352a0ab043f2d6972c2d432f91b270bc4ccf399b21,Light-R1-SFTData-stage2-3k,1795,train,1300,3
1301,01a63236df838f8eaec9cbdb62ca26d116aee6f0838bab92e270ad46951b10d1,4b4b17aa7eb85ccfd9f425945153ff5ffbe82231582e2891eb155446c5d9b701,Light-R1-SFTData-stage2-3k,2637,train,1301,4
1302,73c4b08e8073550f62568f4687e2e0daec19d966eff586cf846613a403b6583e,c16adc4d33fa487be230f3e49d6c0e8431b7e1fa3d7e1ec81abd2c651c261060,Light-R1-SFTData-stage2-3k,1421,train,1302,4
1303,065197274fdebd93a3c49709b5d2cb86d213c79c32058bfb7c2215fa2919cc30,1e47646c86f2ae24c316877edf4b362d5bb172e698d936f16898c009647b9e89,Light-R1-SFTData-stage2-3k,601,train,1303,3
1304,217250078dabc880728cdba1860a986ea3c40eee6c141516684217771dafefa3,1bda1e893fcdb9b1ef42435a1c2e5f474859605aaaadde5296a9ce2e5ce5443c,Light-R1-SFTData-stage2-3k,1035,train,1304,4
1305,228e752075fe38aeeb03a5c9c1a1f0a49c901e8aec01d87f820eb010d6dc6627,7db2e60e5ebc795c931dd005c68eb5395641c1aae6dbba2aa791259a90708c16,Light-R1-SFTData-stage2-3k,1892,train,1305,4
1306,5c805709b224ffc93d5a37836b2c369c2e6dda5623d4567e16689539f0ffe017,24764cde19248036140a9f4d0f58610a0e2ec109682bdc5b2f1e213a9bc1bf1c,Light-R1-SFTData-stage2-3k,1300,train,1306,3
1307,184fc2539d9587016834f25dc967c78bb40752ff620418fcac7553e1a831669d,22bab08f35f098dbd4d333db86bed897e74aae381b04ab7324545a1f0416165f,Light-R1-SFTData-stage2-3k,3430,train,1307,4
1308,5ad311f4b42c99ff52ba2326cdaad4c369bbc3314fe8c1ef1f4f40fad41b49fb,3f792f684295f0cd230ee59f9322f2ef6f33f2cf5c5fc498e754c7fd92b8f8e7,Light-R1-SFTData-stage2-3k,242,train,1308,4
1309,afb1f80dc5f33f9f69f8936f2c1aba62c4222936ae9e9405de25f653b94cc4be,8a797209147decaa5bdd59f99dd5a13f39780530d706460888301cc8c4101cc4,Light-R1-SFTData-stage2-3k,516,train,1309,4
1310,51cf00eba03d393eaafd26ca1e9152439636c356acb2f46ab14a59e2062f102e,34a0125a1b8ee5ec45ee0d6345143669ccbaea8aaa9d81734583869f9ba854f0,Light-R1-SFTData-stage2-3k,3049,train,1310,3
1311,da8dafdc24602f46fb699f823775905eeb3a2f8f20446f5f423966141cb6240a,73bd095c48463e2a132e407631c587908678b344303fb96e4aa56a90dc1f85a8,Light-R1-SFTData-stage2-3k,2681,train,1311,4
1312,fa949f12f6ea7557989ab52e880495fb75f5bc8cbb8ec36f3c54d976a232a565,3bb0e1260e525fb6d2d51b11dfd99b6c82a6d3f3b9801eb491f26a30e4375673,Light-R1-SFTData-stage2-3k,1497,train,1312,3
1313,67381d3f999aa9bd17cd928ed2265ecc813a16e4bd453d9eb961ef6948244228,d2c9684e227c8dc95263ef80ce3564208a8eb7014aa97a4f3ef56e9304f92a05,Light-R1-SFTData-stage2-3k,494,train,1313,3
1314,15a9e4f1d7c0ed93585f827df48f2c86c8d753cf408308e991ccaa6c5f48f422,5f997927ebf350bc40ddf4d79f0ba7bdd56212df309be246f29c7cc6b4010ef8,Light-R1-SFTData-stage2-3k,167,train,1314,4
1315,8f4051af1adb601307ae9856c3603406380bfc6f2a04bf5522a5583ef459ec6e,51b3895ddcfcf58611042bdd405a5ecff8138078d320c9d4f34713ab8393eeec,Light-R1-SFTData-stage2-3k,1273,train,1315,3
1316,f2b11b1937caff09f85526585b3dc43b0dd405b1828aad157de6782c748f2c25,f7b547e418b5c37864e38fc25ca30d60f43793634fecb1dd5351ac1e93b009b5,Light-R1-SFTData-stage2-3k,3326,train,1316,3
1317,a5b2addaa6238dd321fedf032f85dd31d1a896a80cd067e5a66c96eaed5a82a9,fb10c63227bdb8115a59afa9f8d2c5421ae917d1ae96e2e46fbb42f2e3c39f35,Light-R1-SFTData-stage2-3k,1446,train,1317,4
1318,ce9c899842ad3d02a0fd0c3091fb93b219e4d5eb2128d3f6f1c21435e241b076,6c434aded03770a1774931ff8c409793c1d3a1f3dbc7266901fc980033e3a245,Light-R1-SFTData-stage2-3k,2229,train,1318,4
1319,f2b724c649acda1412ee044513d97f7b492176c294b3970bf0ecd4bb1d627243,b6bdab503c0fe8c8f6bcf6fcd11902a74664876726b089dd869f08b06ec35be6,Light-R1-SFTData-stage2-3k,2287,train,1319,3
1320,fb7f9ed92ade3a137bac3c9222123f253603fea9c77cd714453b492e6e6f1a8a,e309e32712b2352d78c07665493c1c43449589260d1fcb42a30e5ce80e6ad803,Light-R1-SFTData-stage2-3k,2892,train,1320,3
1321,5ad2ea0ae32ce62d85fa907edfa1bb1ff1c6db05585646b223678e89ec841a6e,dbc7290d280de639b74848e03fc15cd8c7b6d69e3699579e8870197446729c5f,Light-R1-SFTData-stage2-3k,620,train,1321,4
1322,e53fbe1fdee95bb2847b28e80cd622f769a5d9a4a8c7cd679297a6cdaa4b6ed4,abf6b7b459bee54fd65a59f9244be656ed32427eba6824e1588438177fa412d9,Light-R1-SFTData-stage2-3k,31,train,1322,4
1323,c9f3c52a1604fd394c727759a76a5ad745d458b12f46a0acc03353716ffcab09,23a5781fdc0263437d944518a0c6a48f881c67cfef5626841682d50a150f939b,Light-R1-SFTData-stage2-3k,107,train,1323,4
1324,d15fa600ec575b59ac337b00b67c6d95f991503a6c9936707c93be71288e0da2,8247c848508938df97764b02d0c9f12ddea18899114c718978f51f3a5788fd98,Light-R1-SFTData-stage2-3k,1713,train,1324,3
1325,5ea961878bed29af8a9ebc82c00f38763fc0da4ef3aab525361cccbed7311e0f,26fd9cdfa76780dd7694c95af11501449ee94bc173cbeddbe38c7b434646d661,Light-R1-SFTData-stage2-3k,1926,train,1325,4
1326,5048be36b7cb2eedd22efa8a9b854fa728d7ca26e69a4bb258ba235b35c1ce0b,d7f8783bc6d9b650f5c6bebb96d2b88f37721ea96fcf869bfa48dbe357b70b1e,Light-R1-SFTData-stage2-3k,2262,train,1326,4
1327,54282973802ac704fc3406810160faca61ec1999b3b7ed0ab970c38b3dcad4e2,bfc0323d6678563ce15ca838744fbbd4e5d471420827d9aa423d2ccadce9f46a,Light-R1-SFTData-stage2-3k,1982,train,1327,4
1328,ebc6fb94e5772936fdbda88721e79349fa57106a616e5a48c741be1bfec8b085,f14a694560c3f748d00503ac4908f05564cd903c711aac89ce2079ae7d79ebd5,Light-R1-SFTData-stage2-3k,998,train,1328,4
1329,dcc5ff831f71d8b450e33d7cdff08dc2748e11d1fa2f3236b3bee936290d7441,b4daa4f1e57086ef4f17bfed81ece9b906cdc812887d6f96f9f75e1ec2feced1,Light-R1-SFTData-stage2-3k,3267,train,1329,4
1330,ea564eab440f90a584604dc4552db3b7c876748491940f1e28adb65b0eb1d2c2,48317029090c12c591f71f80d0a8419eab1f4873434a1dbb93726213fb902c39,Light-R1-SFTData-stage2-3k,411,train,1330,3
1331,4b2080be0519e10ae6503b8ec8762069a0ea662aed82884875ea274f4c7beb3b,d4de1a98d7794a9db64bd101535959b656da49cb6f305e61f71ccc4a9ef92231,Light-R1-SFTData-stage2-3k,3062,train,1331,4
1332,f5bae845e9e814a387a68a0b42162af4972a6c9ca80c87d4fc38bbd4c27857bb,ca4e755552485855da50e159211ed3d394f5ba77d3677ebc3a5958dd2fc8053c,Light-R1-SFTData-stage2-3k,3275,train,1332,4
1333,a582cc4ebf474188198f2c7d264d2dbcd3c99da7eba5bd93c6aba68e2ab735e0,3847d19a611077e91669da7b0e871a05833f5996751bbf7dc1fa3a8aa4a6d9a5,Light-R1-SFTData-stage2-3k,1067,train,1333,4
1334,ec597e6717d48e321a009cdaf7373669bc8c5a547499b69834cbccad7cd23e04,cd47f129d514234bc117d27aaefdc19e49d6845f6524df7de63b02c82976cb79,Light-R1-SFTData-stage2-3k,19,train,1334,3
1335,b52671afa4bb0e6bcfe97d0df4e35d65cfb17aa9fe148b0cce90bae00ee7d4b8,18563fba96f8e2a9aae4d7ee9cb7c9ca92cbd1d4b5f90769ba48728648e9b96a,Light-R1-SFTData-stage2-3k,1238,train,1335,4
1336,5af0946ee10839c5e795c5f27cb35b839540260a84224feccc9c89078feda7c5,08debe43f772f11498f8a51e23eafd7852a2492d4ae6664186a7152224009ad5,Light-R1-SFTData-stage2-3k,2930,train,1336,4
1337,3616835a24a3cfaf8297ebdf82e90f4fb0406f2a7a76e57fc4db32882457475c,b83f03bceabfe98432fddb4288e15dce27bcf25e57472d5b1b1ad8496fb27c2f,Light-R1-SFTData-stage2-3k,714,train,1337,4
1338,4d9ff5dcbccf5b2df07bae77c2e1d33cd9f83e4e07461f9f91d9a92b5be4cf0f,0fb129cb4c161b057317c5342a34ebe47a28094d1fb972c34f19b821a9cc3e42,Light-R1-SFTData-stage2-3k,1724,train,1338,3
1339,b30d95d6b65ec4bc8113c01337c54d98a52e73d100980fafe6f85834fd36dae3,7969ea4bfa7e85af9de39e1b71ce23933969c481886a245701ee25aa5dee173b,Light-R1-SFTData-stage2-3k,830,train,1339,3
1340,f4256bf2029384e30ddafba76e04a2099757c50b6e5868bbb6ebc8a2c351f0e3,2b95f55a669b0ebebe964abbc10039d1c724da317addad067032d0eafebc29c5,Light-R1-SFTData-stage2-3k,2178,train,1340,3
1341,5b93ad37ec8996f35a2df02d41bfd452b31431309f089cf40d4542b68680acc9,bc4da3881af603d1e01154e47bf6d1da343e8713e2ecde5de3ea4a938303a79b,Light-R1-SFTData-stage2-3k,2945,train,1341,4
1342,8d5a25abcb6207d9af297b54b639751cb727ab77928489534cbc5f0e692c2787,5c361469e4ded11e792c2e376370a99dd6a80f87fd10f7946c00841e66d1fb29,Light-R1-SFTData-stage2-3k,2840,train,1342,3
1343,d95b9005927a924b19e6c0276b821f52531288168536bb6ba44713094269447f,2747d179fbf349eb91116fab3055ce44c1b385bbf62eb3c58908e53d79acc659,Light-R1-SFTData-stage2-3k,1227,train,1343,3
1344,6037082f5fa5cd0655e9783e488cda22eba8619377c47bae3f0bea2488aee049,ea63b3eae11a72721091d649b083e898fc5bbac14264c5ef280e328f202ea488,Light-R1-SFTData-stage2-3k,3502,train,1344,4
1345,d67ee417599e58e8349ad838ed5cfabc03973f50005a1df7128bc96ce00e6598,6ebfc1a323c369d58a12395dab0c8c6216030b224a8e285d88f11ab61a403b23,Light-R1-SFTData-stage2-3k,165,train,1345,3
1346,336d3f527fb59117947723ca1ab5488925799b2bf0a3614c7a06ba17fd0a4c70,2fdfdee25aee2dee9f32a41598dd555841a1b0fbaa46ea044def69b66e5ecaf1,Light-R1-SFTData-stage2-3k,1562,train,1346,4
1347,88b7bfe5b29837b649fa3c1519864c8a5601cc8742b077a09e3db36624069437,9ea2b5fd61c02439d1338309551487a28d4298c654e08749c3eb4eb9fa594a35,Light-R1-SFTData-stage2-3k,2326,train,1347,3
1348,f7661adea6fd1d731383f743913ae27557ae42ab08e14b2439eb269198456099,80951c197ad869d29dcf083711d49268764531f95c2101a15539a4e0da2eb705,Light-R1-SFTData-stage2-3k,2362,train,1348,4
1349,b6b48bfe6e453b5dd154045e1943780373e6002983f5df0a12b38b68e9e4cfb0,caffdeaa59af1232497b934712baf6d118da4f71e80020b5ad7efe5eaaa9e0cb,Light-R1-SFTData-stage2-3k,583,train,1349,4
1350,6067fa895e9e437622fb11b09ed8cc6be89a66793f7b6356cdcfc4a42d008db6,f7fecabd1f1209f7cad2aa21baf6ddc9534185125227ee9b11c78402d737af14,Light-R1-SFTData-stage2-3k,1857,train,1350,4
1351,8ad9e8f7083b0e758bcf102e4b7ae6421884019171db78dafdd046620c3d1dfe,25f9cd94cb098702d86b0839c928d2e94082ea256b45cf968f1598ba2a0bc3cc,Light-R1-SFTData-stage2-3k,1633,train,1351,3
1352,17dbf529fef15fc8f1c978638041a2722ca082ebb52b11df179efedc3deefc68,5f1b51c1f39dd49f01a8df292d4449f951ae3c0285534da8331fd75dfe578047,Light-R1-SFTData-stage2-3k,2429,train,1352,4
1353,06236cfbae79598373c9cbf46abd95c1c863d3d086fc77c43ee203bd0a4ffce7,b18c993fa3895647b12079db888709061fe8cbc0c3c3fc06aef5f4e4699f832f,Light-R1-SFTData-stage2-3k,1740,train,1353,3
1354,5fca5b5a2978040c106b3b74f33ae1bd0182c6c9a7c1867b0e03ff250fb64718,b4197be017f23db5029177df04bd6a9fd527e1660414b76d2b6b73779f15e2ac,Light-R1-SFTData-stage2-3k,2516,train,1354,4
1355,51767896c6682f839627ae9746490de75a4976a02d1f82ffe132e79a8f37703f,7c2d8e27e40dc34af55ab344cf5eef89fc7bef736db804bcc4fc31244c0147bf,Light-R1-SFTData-stage2-3k,3075,train,1355,3
1356,679c72eb7575f26844d54dadfdf8c6701897b929ffab0afca1ce3de349350ba6,df5b82ef500fc76d818f2d07b55946db2d8135f85cc6efb1f923d0a6d1ad3d3f,Light-R1-SFTData-stage2-3k,860,train,1356,4
1357,6b1d44e449a17db2f7a45c8247c1032d594fed6aee9a0b4706ddd86a5ce57d27,0983d4219c50e2e02e9ec6b7cdb966eb6f2c4cf6d0df159241531336e71f90c8,Light-R1-SFTData-stage2-3k,376,train,1357,3
1358,f9fda2826a38183206031724cf8ff5ae6d8b4c34c5c804f27570819f2a81da81,e2e1b958c3ce73771aede98cdf32b8a0972d1fd7a63fe83fbdb231d6672da98e,Light-R1-SFTData-stage2-3k,2941,train,1358,3
1359,fa7c869da6cfc344db383ee4b25b83b84ec0f63639c4bf849b45aa61e628b931,d996965ba8fcc4e2e02cb31ee8b3aea0185645369bbfcd65f1ceb48145375c5c,Light-R1-SFTData-stage2-3k,1830,train,1359,4
1360,ce2691ec781eadd54bc1aedddffd834c5ea501d34ae84b7b5f1c33c88794de12,94013cd61cf8244ee7a2599e9134c92d51248c70707162a9b00091ef27f19e37,Light-R1-SFTData-stage2-3k,2158,train,1360,3
1361,55a9100c576203dcba92e48fbbf638491dfbffacb7112830533c26b34b0c3dba,004a05893da00e3f929db2ff58003e281c5c930698ca027c5d685ae4f3e640b8,Light-R1-SFTData-stage2-3k,1715,train,1361,3
1362,7fcf891e6227526d729afca9302d2cb8d09dabf64402eb5ebe7dbb65d7e9769f,9c6c9362e1e5189055a0841b037f3e79607a1b04f07260f9d72de665298288a3,Light-R1-SFTData-stage2-3k,3253,train,1362,4
1363,19297dba0dbb5f06a8efdc0ef8ee743438b0d7c904ac6230e47e2a3f670b8f6a,333ae65f1ce8d1d4f68e9e05ec1e5140641e2055ce6474ab2aff4487b28b3fc7,Light-R1-SFTData-stage2-3k,2322,train,1363,3
1364,377880bdcabf89a05185ad92086ba50d61612893b44f3df6892945389b757feb,fe118d4ed95c0e18f39c682fc7426f11e1c9e19cfe4cbbbc802309f5d239f5af,Light-R1-SFTData-stage2-3k,1841,train,1364,3
1365,f2f6ec3a55dbc0c163a9edd6a993b94fe5692b5cce3ba1bdf2b35d450bfe7499,43c829b3f563945880b117faeb4b4d7011e90dcb37bb4619c47fc1b449857954,Light-R1-SFTData-stage2-3k,464,train,1365,3
1366,beb0c677984f1e5970820c21158815cdc98463d3e21f6c1f5537be7aef32670f,f286be3fb4add6d97631f292e483c1d204baeb9ec7c4df425448c4f09bd28c43,Light-R1-SFTData-stage2-3k,361,train,1366,3
1367,ea77fb8c08e1ca3fbe912d13686c68c3ad41430f33b47ed8174d3e79aa043a0a,d91c7a4f2b889b9bec5aff556a786bbdf7f288d230565fd8ed73b27bc21f0d4a,Light-R1-SFTData-stage2-3k,3044,train,1367,3
1368,a6b2b64f40243afaef5d7033205deebbeef28477b2667009e3d81c91112f050a,9b9b42f7ad214dbd46c9622a4dfee9b21048fb79eda518070ebedf8aeafcee40,Light-R1-SFTData-stage2-3k,2094,train,1368,4
1369,67e606d6239ba180d36dc0cbd714b6116b5e26cd13bcd9c2ad40911618c10749,337c3f6e66a2181dabd303fa522560855ff74930530092e7734133fc579c6548,Light-R1-SFTData-stage2-3k,3319,train,1369,4
1370,3cd8dca0a8573306989fdf7b08fca768665a881b98f445eed8a338e66b65993b,935178fea66323ef128e2a436995fde370c01f13f05df30fbfa5878a38c4e3c7,Light-R1-SFTData-stage2-3k,2763,train,1370,3
1371,37deb559797b575cc320e0009cc373aab580e56f4f69e210708e597a1fb37798,9cec371ac69dc2dd42975955cd1c8c2d9688ed4a0ba50f0de5521599d03d2680,Light-R1-SFTData-stage2-3k,2452,train,1371,3
1372,54c2aeb7167c7933ca29a20de2c7ce58c18cc37ab61098f48f5d252518230ead,8b292449e6b0911a9246b69c152a53884b7481cd6c68e6874415f1bc4075175e,Light-R1-SFTData-stage2-3k,617,train,1372,3
1373,6c0ebc88af6f8703c087c492a3f75f185689d2868d813d93f034572f907e9cb5,51a998f8aed37901c46765d7ca43694d4d7b1066540cd875f065a3f328803db2,Light-R1-SFTData-stage2-3k,2095,train,1373,4
1374,6a27819d7f1b8874dbc4772a28d0080aa220ea00a480bb182d111fe15cceee39,3568c3688f1a88eb3dd017af1ddb5c3cfdfe808a20e991b5c5f75907d87c66cb,Light-R1-SFTData-stage2-3k,816,train,1374,4
1375,acfd278ad2f0a3a80627f65d0680c890702c4b193ade29b1e2fe6febc992beb4,19e14e38ed49f8418c0269dfa94f56ba8c0aa8ddd618821bc67fde96c028b65d,Light-R1-SFTData-stage2-3k,1750,train,1375,3
1376,dfb804d7f6112240fe1eca83399a891b16b3c805eb185710057cd62ac9833157,9b78af51fb2faf51b6bee56236368c13aa9ad018290e81cbe663194f0bb17e2a,Light-R1-SFTData-stage2-3k,1725,train,1376,4
1377,374334fc7bb37a2bf02026274da3df6cc0e252394e174f2b2432a7cc46f4e617,7318da893957e7cd126d02a713ccba3ca66c28e8cc164a15b137a1fde3aa3e7d,Light-R1-SFTData-stage2-3k,2338,train,1377,3
1378,995ea384a9f128aa41f4cfddf87685550653e6d6886783b38a85a4f55a89d96a,5003a943ec29f04fdf0d22733a488426d6b9ad1fc5bc628af27387cfc56bcfc4,Light-R1-SFTData-stage2-3k,3422,train,1378,4
1379,9d73fd1a5c4027e220f4ce7ce29ffe2b99300e72d29c12acfd373091862f7b21,0fadbcafbb349fee5bced77b2fa8829a60b78505a43f74ae8ef728e62569acf2,Light-R1-SFTData-stage2-3k,1074,train,1379,4
1380,73234e6081764c432a7fb746a9d3740e9c7c7f656b14a51fe313d49ce9ba75c7,0fef3f6e94a482b9bd6892f57632db2b4bcaea219f15c0813099bf611a857be1,Light-R1-SFTData-stage2-3k,2167,train,1380,4
1381,1526a533600bd9a3d0ea79ab962ac6c08a6074972f1c1016899906a66d0e72b1,a878b41bb2db7ce238e28bbcfbb138096f01dfce12d85d9b739ebf5434b1b747,Light-R1-SFTData-stage2-3k,3381,train,1381,3
1382,3b787d4e9b07104df860f0602155640bc59e7183153de0ababb65e979d83d1db,cb400a370140fef530e54c58cf6cec2c0f9534eb50ce6a0fb0c52154d1bedfa1,Light-R1-SFTData-stage2-3k,1391,train,1382,3
1383,dbe142ae5903b968344e02a0a920232131f0be4e1e848febe83ce51b3c11ec09,8622d199257fc95a01bd88293de012d638a5ccbd20039e08fa6dc53e204b1cbd,Light-R1-SFTData-stage2-3k,3240,train,1383,3
1384,a1ce85eb3788155c3eec8ca6114021c860be8cc0f1d1bbcba4e408949737760e,fa8a1fdf8486442326e026cb2a80b1a1b7a2de83261406e7eaf6ee42bfcb503f,Light-R1-SFTData-stage2-3k,1850,train,1384,4
1385,2f92243cb2c5bf883c134a336b45a2d03ee554bed620c1a18c19ae8381ef6e97,994877e8874a8e350c0887794fe4feef447ddf93951e6139f65be446a84d26d9,Light-R1-SFTData-stage2-3k,3356,train,1385,3
1386,05748ab55d3ef51b642920a94d23344786a234e5dd60069632c4f5dd7ad45131,312ff51a3b23fe17b6b1139bdab22d46754e9e4abdd07ba7f5e780f01bf36fe8,Light-R1-SFTData-stage2-3k,630,train,1386,3
1387,46d2ea49c956ce8f50ea23cae46f99fbcf2aee3a870225b735c59e68d1eb1fcf,41ff8d8783c1d4a6621abfb8f7a8cc8802626ac42f25d1a838ed3e1df35e34ec,Light-R1-SFTData-stage2-3k,2894,train,1387,4
1388,9a35dc74b3bfefab886dc5ffa04c6f0a40a867da1cefc865212e20b7f91e8903,7b0afd06eee8b5af530e8a1b863549d8ef5797662a425f7d0053a99ffaa17d78,Light-R1-SFTData-stage2-3k,1589,train,1388,3
1389,104f1064210d25fdc06e3b24b065c909610da813d761e6482a65827427529c92,31fadca8af2a01db4bec7c4b73a03c6ca02259dce7f1e7dd32934443c5c08fb3,Light-R1-SFTData-stage2-3k,3245,train,1389,4
1390,23157eb5307a5fbe742544474e71adf82ed5d426b978a1592fe850948136c2f5,a64a7a89755eaa6f064e72a7bb3d44c32d76e9d76c66b5584b71508a6e641e6e,Light-R1-SFTData-stage2-3k,885,train,1390,4
1391,74cc76616ff2c5025f223631f87e8ac87c034a42b5b39c32a13af872b6a893e8,66d0a8342cc926aa1d7173e371c97250e7697b66a9c3f6a2786192606fef07d8,Light-R1-SFTData-stage2-3k,1506,train,1391,3
1392,86973802ba0396c83fce08975b34b5d8fa190c40798f06a75aab7fb9594ee743,c52f89e6b96d2d2c05d1f904570e598be23dc79b37019fa7d51b2b0d3f189d91,Light-R1-SFTData-stage2-3k,2827,train,1392,3
1393,6e3cf4bc0d78ea4e452e5cc772a78cdaa07e0024eb19a58f72fa92ea463aee0f,04fda1673ae72a46e41e094b010c0d637caf638418ffe7f5dc728ccc4ebd0754,Light-R1-SFTData-stage2-3k,1668,train,1393,3
1394,00ad8089f260e81dd75760151ea9231257c3d273cbf563f91779df645798992d,602775a21cb0505eb5d5b78fed3fedd151139104de346d3129ea2ef59860626a,Light-R1-SFTData-stage2-3k,1896,train,1394,3
1395,47e0de3105f8a1113fcfc170685c0492bed1c30b58dfb5f5975314c6c6159900,5a9d4a79c87e627aef98ec97691837922d7cb20edcee9fc729e59aa14398a7b4,Light-R1-SFTData-stage2-3k,1598,train,1395,3
1396,2b96cffaad1f503cd2ddbc1c4a7335713351cff0fc446a1184b0280b684285e4,32aefd87536a60f080db7b9374cb6cd05d3a2f470fc3f9f96b92bbe350de66d2,Light-R1-SFTData-stage2-3k,3379,train,1396,4
1397,d1288e719cf7fcf9020ed2af3e711c102785889a4dbfe94ad992ff19f068fc3c,2554ac8f65e5f9c73a57f9b66d09c7b4b8541a205b0dc9b5990a305daa563116,Light-R1-SFTData-stage2-3k,3002,train,1397,3
1398,8b9b2c6f267a481709bdbaedc8eda8af5eb88757be3fe32fbf17f3dedfa613cd,31ee27d6aa3bdded58b795fb54c2b43887621db9c9858e6bb8fd1b40a8e2ef19,Light-R1-SFTData-stage2-3k,1954,train,1398,3
1399,95b79d8361bc36bc8ef310a127a07461179cb3129c74a2b3b4e37404a37118e2,722795b0946a1ca2ff8d1a9e06c7bf0017aa11fa05a0c542e8b6a27b7805468d,Light-R1-SFTData-stage2-3k,3134,train,1399,3
1400,c2078fce6b30ee5a7a3b1909994f8f7a5f44367b30d3ecb42143da56cf2b1113,251f1305e8bcbf2336fb7f5b51975bcdb6f46f10917c461774ba9985250d912d,Light-R1-SFTData-stage2-3k,1116,train,1400,4
1401,1463264af1dbc89dcaa2c94187b7710005de7f26daf128f48176c3f361cfb99e,22f537bda396c38afcf70f6062e92f53586ec8015d81fdbc207f1b47495f2e28,Light-R1-SFTData-stage2-3k,3440,train,1401,4
1402,b76d33c4e8815fcffce56c31c8938fc09b0c490c51ab70f7c41d67ca8e9d1013,851a6884bb8972da3123f9e0f8c1964ed72128b55bd244feb5ec476d7e012fd2,Light-R1-SFTData-stage2-3k,721,train,1402,4
1403,320fc30086f068e0d130c242aa9490b0bceefd534a6023e2bdc48c6ed854dcb1,94cdee84912c5c42025e74c651aba6d2dd672413d1a509457b8ed60a0fd9efeb,Light-R1-SFTData-stage2-3k,339,train,1403,4
1404,d4adf86dc22dcb6ae900abcf5d707c225ec60373dbdfaeae96854c542bc85318,d50c62160aa2c32f9478be7712a784034cfeff9e094325aab7551c4e0fd5d1cf,Light-R1-SFTData-stage2-3k,606,train,1404,3
1405,315f5c43013193439205b4a004a143285740fed18a70365f12b71116179bb038,7df02a1bc9d20ccafa61b0d89670dcbdd6d1df071fe5389d22e4b0b0bdef5498,Light-R1-SFTData-stage2-3k,783,train,1405,4
1406,8cbaf87bd61a4d5e457e542a4f38ee4f77536ac0227e8278a5f925560dc9cdc8,880c8984bf37ab6981d34b04830123276dcc52366d540435f6be9ff6fcf3657d,Light-R1-SFTData-stage2-3k,3332,train,1406,4
1407,6ecf09a6438097a07274b116d84c210e69cb5d49f0f779d3e26e0b0075f285f5,2616e5a2564adfc6fe3e483fe276f7fe676314a6ff95673e419ce8afbcd49a6f,Light-R1-SFTData-stage2-3k,1342,train,1407,3
1408,261a6227cc4ac437763a1f9b020c715132715338c3ebf77563acdf1f939157c7,8118a055b92f5593500b52cd5c31757220cfa559e6a2410afc133f02c902c0a6,Light-R1-SFTData-stage2-3k,1546,train,1408,3
1409,39e9c5bc5d5727dadd776eb3987b7fc0a895282828269464ef3556e32d17f050,bd7927d72975ea141284f3392bc6fa8ccbad2431029202252560ba9dc3f75621,Light-R1-SFTData-stage2-3k,1341,train,1409,4
1410,90dc35de0a20d16523d2e9df93bf781fef305cdef7383ee03562b8d91b22cf98,d8fcbb3a2d89ee0ce9e147a0a0cf515504accddd35b437aa9a5df3ab4e1cede7,Light-R1-SFTData-stage2-3k,1068,train,1410,4
1411,5ad1375a8197888a19ca32f0fa4a505ff0d74b656e7eac4ef16534cf8cb1c966,9d31fefacf4d0003e846fd201d2b4fbb4691bfef5a6ddb54ab72f0b136421c0b,Light-R1-SFTData-stage2-3k,2948,train,1411,4
1412,90bef4d0202ae94d3cef8718b2b43f4450445150df420cc13b07ad711e25552b,287bc333b2e8b8a3c729772d5d838552395a094831420ec9bad2fbbb842a2e69,Light-R1-SFTData-stage2-3k,1373,train,1412,3
1413,6d5282bfd1a22e1c6c20a7e73ea45e0d4d2215a2cc391cf5eaf29f60abaf2d2a,18b94a73b6eb74de5c74783726cae533e2150e3b87d6d7e48162982f87169c20,Light-R1-SFTData-stage2-3k,172,train,1413,4
1414,f8aef161469e49eb54263e27f905ceb7c63675ff084a09277a5a3886d899531a,119accca73cdd754c313992e54bd5f2cf95e43e874ebcc42b3bb48147c04efd0,Light-R1-SFTData-stage2-3k,2403,train,1414,4
1415,de348a7239aa9ed69b7536e7385035956b7552417c07f22d36015aab68a30a08,ad46b52e07338f3eef31bc7e8c34f7ea63d6c0778e96a669e1ac7c9a4fd35d53,Light-R1-SFTData-stage2-3k,256,train,1415,4
1416,4cc2de906cb81649a1d5ca7d415e80612c24e7a2692f97dbb55d541f02c4a308,79ff0e56f2b576f2dd4c47fa134f9408e87dc2206ca5769501a9e27f7bb1c3e3,Light-R1-SFTData-stage2-3k,405,train,1416,3
1417,365f3b903c11b82a13ed51d8dc05824575b83592511fc7bc2eb22d2bad37865a,efc94963b4c2565bcc428fdeb73ffc69aa2080cecf510ed0fd35f44bb97f70fe,Light-R1-SFTData-stage2-3k,1464,train,1417,4
1418,900547ac44e555e2feef06e3b07591a5d085bf29c75d085a6f965e82b84da5e6,cc60f618ec9e6031b267f05494dc89fe1ff8a4b8349f30428c740c9dcd57beaa,Light-R1-SFTData-stage2-3k,1944,train,1418,4
1419,02b78c98362d8460dd72aea2bd8101f918b348464078d61415768da60307d0f5,d4109e5eb3894ffd22635aa660a8e282110ea55e0959c23fe906ef7541aa3cca,Light-R1-SFTData-stage2-3k,825,train,1419,4
1420,a1e1b6370abd14fe75bdc60cb6c02ad6814be94c87508c8991b7d5a325957995,85c446a1b042990cc4815bc9a64941baeb9186c214f16d4384a5aa9beee94a8a,Light-R1-SFTData-stage2-3k,1220,train,1420,3
1421,0bfea049bbcf593fe69c76e40612ee6aab5377aadef79b6e383a9cade0abde56,458fea703f4a667580b65b6d8b591928f639f222206eb95bd71ca5cac661cb55,Light-R1-SFTData-stage2-3k,1917,train,1421,4
1422,e61f63373c34958e28bbec49611b4daefde44dd086150f8c829c2dc182638ff2,27eb9b5d6babe304bb1ffe530ada8ba877570fa18afb0723507a0cf4739ee25c,Light-R1-SFTData-stage2-3k,3247,train,1422,3
1423,87605dc6865aed235542e7677c01334b28080ac4ddf9a8aa340e3d37245d251d,52e94af001dddc3a49f7d9ce7bc49ad48a59424abc5f707708ba3b8cf517d5ef,Light-R1-SFTData-stage2-3k,2927,train,1423,4
1424,1dff26e52f013f865ae5ca46f28dbacfa0fff688cb4164edb57cd541101c3f39,c693490c49ff87491a6873a841f00b4c076e5727b8a4939d5f5e78b285d5e6aa,Light-R1-SFTData-stage2-3k,2888,train,1424,3
1425,61659684aefe700a1dd8ce2b36f68b5c552ce4be64707edacb15bc99402973de,4f6ec3cb822c59950bd07bc26322a27a723628eb066635cc0f699c7c9b889d6a,Light-R1-SFTData-stage2-3k,45,train,1425,4
1426,54178826e13339b2344ddd88b52a42c23228835cae7313bd15175a40ca8432bd,1954a8fe09fe139d16025f76b001cbaf8112a886a54335135f8ebfe62f9f2a08,Light-R1-SFTData-stage2-3k,2075,train,1426,3
1427,bdeae891bc3f4256c965928b5d92bcc38f72ed7f7cafe0222069534b8b654b2c,acfdec9d8c49434f88c8c851ad7fac21f2ec11d3949b182c32208e2e96759be0,Light-R1-SFTData-stage2-3k,702,train,1427,3
1428,ad2583408d0a4eb767627a32633d1f009054c20c8997ef93a6c44e4e6b1d35c9,036083c64ab51f2abddc692870aeed753768701019b1fe5610e55b10790077e8,Light-R1-SFTData-stage2-3k,2683,train,1428,4
1429,6240bc8b472fc7381758e694e3601728722f073c7d0fd1d6c731de44b5671c38,9165fd4bb0c22e593a59c51c5f427b6ca0dce5227b603be01865d3b0417a24e0,Light-R1-SFTData-stage2-3k,2233,train,1429,4
1430,dbd57b92e1636c8eb9292834a8a0107a24ef205fce481e24528dc466fc3b4635,33b27b6a93bdaddcdcdc06ba9e526cfaebf44817da5e03b9a620cd26b37fa319,Light-R1-SFTData-stage2-3k,2929,train,1430,3
1431,a379c3c4ffa8d2746606d255c990c0b60d6f8e88882d6dfb879c3826deb2e48a,deffc7a474d5de3f4fab8fc668c8dd91aa37398c1ee584b42429216b4d459e1a,Light-R1-SFTData-stage2-3k,1959,train,1431,4
1432,b7cf4f993dc4a8a58088978d76d4cae10969a13bde563bbca863e14dc78af6bf,5c1959d3dfaef6c5eba8d1e561b5f88333f00a263c64605a4baeb3729fbf4082,Light-R1-SFTData-stage2-3k,3269,train,1432,4
1433,e4fa4429fd2f7b21e436c3753bb29835ec454d4e9a547c90f7631584eda4de5d,e15c382da416a579f6576b7b08da731bc8248da3b700ee7b6be52e658a90e106,Light-R1-SFTData-stage2-3k,2486,train,1433,4
1434,0b5d6ac210a029898c36d2ccd6392ded1cf424f45dfab6ac76faea111b9063b0,44057286c4c54b71ddfab99201c989ec859b1bb404a25fc8b179817e4ad68bea,Light-R1-SFTData-stage2-3k,3479,train,1434,3
1435,a0288d090fd5dcbab95493bcedc2c7bad968049b151153acfdd490cbef2cc746,5e3c292c9f6dfe53271a38d16c0acc73e2840e541a1fb18db32e9d3188ad1295,Light-R1-SFTData-stage2-3k,2808,train,1435,3
1436,5497b621407a0736a8b8cc05e60a0d3f995c939a78ba4c547a76f5d4e5b5bdfc,04c997c12adc9e56e49a67e6a0a1df6c7597433a80be9e1254a4950511467e62,Light-R1-SFTData-stage2-3k,3527,train,1436,4
1437,714b72270db0428a780a235c8c271e5269cfadd145d5b15a1dc5b5dd93cc053d,70dd61e09892ddcab11172f072ab71afa1ba9c8bbe4fc83eab3a2495f0e91d23,Light-R1-SFTData-stage2-3k,3272,train,1437,3
1438,7f49294b986d446d4cd44de418486ab63988c85192a4d1f701133196864a666d,bfa71f9b8b73361b1d899ac801dd12aaf44e0f4cc4768ea0d49c3a0ef8b000a4,Light-R1-SFTData-stage2-3k,1028,train,1438,3
1439,307f6aeaa1165210afed1f4a48bbf8e038d1fe1fa5a38e2de4d9634439bc384e,3ae4093cba6a0fe955fcc03b503032d1c70dcced5500f9bd43ef1fe3aa1e11b3,Light-R1-SFTData-stage2-3k,1476,train,1439,4
1440,ac435d52e7afbca4edc543ac3a8d2448948058edf0d5b88a042a082ddd6f8f78,78676f0fcdf2156821bdf44e2c27bf45bcbd4eef0ee5f140869ffccf3f313aac,Light-R1-SFTData-stage2-3k,140,train,1440,4
1441,99e2f96b1ac376de0ee8420e71c0ce7c93f89ad07b3d09017b623165e8d86c7c,c2ffb25eb090e7edd47a438828e061eac72834807257b56e16f1a3a549715c5c,Light-R1-SFTData-stage2-3k,303,train,1441,4
1442,b1cea6a9f1cc329e9ac96f89f378f9594dd78895110ccaa6388bef0c9e6811e9,c086ebf444a1c7703c0be2962c7a3b273a2af926665a41cab3c926cd5dcaeda3,Light-R1-SFTData-stage2-3k,2999,train,1442,4
1443,a7a072ec2fa551e00e0c0b48f42503b13e1a788cb62aa449c1651b5204ddb5e0,93c94cd4d25ab25a47c3141c9db168edfe3e460452f43a7ce6b19a08e70ebff6,Light-R1-SFTData-stage2-3k,2195,train,1443,4
1444,db2639bc3099174ac312a5a864bb012927b0d3c6003b9034c86fe2d780b5404c,0980ee1d6adff0a785b90d228935f7306345d66f7f1a00916f2964a055927278,Light-R1-SFTData-stage2-3k,3229,train,1444,4
1445,579b75d616d7effa3fd7456e593bce347060ed21b1ac1ac6e76231c77e766162,6f4cbd652f7e618330bd210965af0f1cae4a494f001379e777ea2359afe8ddc0,Light-R1-SFTData-stage2-3k,2409,train,1445,4
1446,416152b8621e72c10b758a5916b0e150c29122a8663a46cfd9cfce31a8c3edd7,61223059e064bcc8b2a46ab5851af25f994046b1b9549de5ae4a9a2eb3ee7666,Light-R1-SFTData-stage2-3k,1007,train,1446,3
1447,511f15ef4be307428f6ef5ec2bf85b2580a20c603c0ebf974001c0ee4220ca98,ae184d98aa03b668f432df2f1469d1f9421671f7d228b0eee088144a822d0daf,Light-R1-SFTData-stage2-3k,2548,train,1447,3
1448,4a708c3d8f3692775b13b09db25dc9e2407d037fbcca9573a0f341fd8a0a6d3f,99cffa64d418dd236e2db0846333a7758fe5026e4d1d8c2c573e5a2d00634ec9,Light-R1-SFTData-stage2-3k,1406,train,1448,4
1449,0aab417540c383432328a195a48d8a7e8abcf282a0a94ac10078cde9c8449372,64197f335573ed2f3acae757e2e87923acaceb5b997f52287afeee1d88ac6531,Light-R1-SFTData-stage2-3k,3472,train,1449,4
1450,f4a87ebe5b32a2f73acf7bc55f958450e25b304b22c7db9b27a2ef82c020c15b,5723c9d46fafa3f36d585947e7cfde0ac0bbd45ab9957d5434ed3c1cd96425da,Light-R1-SFTData-stage2-3k,3237,train,1450,4
1451,47785dd81144c288a6919dc3a5c8a523d307f9ddf4af4626e4fecfe95adf8a6c,6dd4621f6116392b12edccd5ba6b62d7b9ef9db06a2958bbef8af0fda058aa5b,Light-R1-SFTData-stage2-3k,1900,train,1451,4
1452,0f45c10349f734f20bbbb5566d01233aa53018cfbfe645bb0970e12c5e396b88,8f2e33fab9885b12f014a0b93ff9905d39a94c8654479744d91114ab420c6432,Light-R1-SFTData-stage2-3k,1343,train,1452,4
1453,79b9f5a12fbda715a4e14ee6ddf10c80edaa39dfaaf894332beb17821c030a71,328bddf2cf73ad2c45359dc29686c3da95fbb47c23b3801fbe266e05eb8a25da,Light-R1-SFTData-stage2-3k,1588,train,1453,3
1454,e4da531b93664d346b7cb9a8354200bf5e0f8fab98b81a18b7808b0d724a6d4b,759d675425ad43e18f029d670bc2d1c75b68329536a5c86f7b082105058b022e,Light-R1-SFTData-stage2-3k,752,train,1454,3
1455,32b94fcc42482eff36aaf98f27b5697d7292dc585a52a51782ca03987d8ee3c7,63d20b4cc7f4353e8efb64ca3918f018dcd312d6e11392d5f45efb9e2b602fec,Light-R1-SFTData-stage2-3k,2312,train,1455,4
1456,e3645527ef88e9ea6280fa79d98f622d95449f683d25af351bf5cd19aadebda5,1b1873a133f2d70fc23e2b5d85a4d3e839785d858bf9cb59f3a90ded60d8055a,Light-R1-SFTData-stage2-3k,2088,train,1456,4
1457,2b7909c48c0a477932df3554bac26c8c17446143945730ef4bc7a9e68902420f,641290426eea401cee4273becae2914731e07b96ff2f63cec032bc5fa9f5afef,Light-R1-SFTData-stage2-3k,3459,train,1457,4
1458,1f19f79b348b2ce11de7a4353c7c51f7722a46f276cf37bff1bf7101b04fb35f,82dacf5593284f47ef99b56e1f9a798a083c3907711d1864c9e2efb977cb93eb,Light-R1-SFTData-stage2-3k,3501,train,1458,3
1459,a46aac379be1b577434f453430cc421cc026d7dab30269f7f5d6eca96133bdec,b19a0fe3cf9b6697aaf08eccc7a9893c6d0d91f3391b98b5fba752fa9dc0acd4,Light-R1-SFTData-stage2-3k,3,train,1459,4
1460,052980e43c467bae5519cb49edfff95cd63b7f0ac03e973637f298c08e06b8f0,ccc8545059b81b66d0697837050f17aaec025ba5739e1cc22caeab1929c27eef,Light-R1-SFTData-stage2-3k,2170,train,1460,3
1461,30e6f6e426fae8899c7ee21d1f6b2d06b3fcfaf7f4be367b49af705ebb9bfcf2,324506e71c6642099b86beadfc6cf878d26cf51fe248c094796490f4cd8e4916,Light-R1-SFTData-stage2-3k,849,train,1461,3
1462,872801bed761c4510e40fa9ea674825ce1acaac54825fd76e4cb20e040fa46cf,03221f68bdc501a4762ceeb969ef0460138fc68838e0d504fa12040affbc240d,Light-R1-SFTData-stage2-3k,1876,train,1462,3
1463,d0972ba791e79f7d109f848ef2b7b15f6f3d0e1c014bfcc59af5760e2af02b38,4e5a7c7b0842a10769b524f139a7d8440b9fdefdb1ae5a456eff74052c53be1f,Light-R1-SFTData-stage2-3k,3032,train,1463,4
1464,4110b05adad18687b5faa1db2f3815e58a4ec019a74d047f35c5be034b88070c,13ed755f84cc0ab1199e44bbac958fc7abda2f7cdbd9531ac93e9b922e86c198,Light-R1-SFTData-stage2-3k,3200,train,1464,4
1465,fa2ef578bcd922b2d905152615c4ab497ab2539ff3628e1a06d2df823a382ebf,52c2cc337343b4ffffcb0f7cc22226e0adfebac2c133752163876c7325328cee,Light-R1-SFTData-stage2-3k,948,train,1465,4
1466,dc2775c57702853a41ae1b9ee27bd26e928e17d9410325b9755623550c0c2b98,c650e7d04bbd6d44d46aba45404406b7b3a8af1b2005a82e079da2258feb8b78,Light-R1-SFTData-stage2-3k,2284,train,1466,4
1467,11f3587358f9b03a206760abd97536eab073d65fcdb6c8a2d3ffdb9bcec734b5,b7f215195a014563d7ba0cab373567c83d5a3c2dfabaf4da9965a09c3f3f8d7c,Light-R1-SFTData-stage2-3k,456,train,1467,3
1468,4cd8c9cee0c19a3d46c6ff1070677533fe3e9d7248effb9bc7f728ece4e72a65,b63ca75756c48aaa7b3c7b9fcd548e215d647a2145233ddb82d1cda6b4dc92f2,Light-R1-SFTData-stage2-3k,2040,train,1468,3
1469,d24d9d0517c1c97b5373d42d516fecb1dc4244358b3f075947a44ddd1e8e4f1e,9f55a20f5298bd18f0cf2678131549a4548ef1ae02f9aa5e1abb5d00fe150c4d,Light-R1-SFTData-stage2-3k,15,train,1469,3
1470,c082339cdad13ad34d6768ebb483a19b4cacacf7f219c7663ee7ac3a526ddd3c,95a4ed752678f11bf053758131e86d40bd121420190dcf9183d5e8c395780182,Light-R1-SFTData-stage2-3k,660,train,1470,3
1471,8b3a16d9511600a7d8ff2110537b64049096117e6b2049aad6225f90547916e8,44e867c445726c5899b9998c505cd7f9d04ffb284fe4839a39b0461a45f35a6f,Light-R1-SFTData-stage2-3k,2644,train,1471,4
1472,8efbc0ed3c51160f3b47471d0d4bb79d8d8b95623aaec1888a132e2f01917d04,47eafc57b2d480fb975aca6af00cce927909f9bf5e2100160210172fd43b383f,Light-R1-SFTData-stage2-3k,1747,train,1472,3
1473,41aeebe1b85110f6a84ad3cb9cbe1794bf93cc8edb4de827283a95bc0f38a162,02c07370eb068451e7c4cb4ed2871a46b310f0e5685391b3fb2405baa00257f8,Light-R1-SFTData-stage2-3k,2426,train,1473,3
1474,66f729ce7ffa2ec3ff3059a5957a28557b854ca85ff41b1663ec639488930b17,e911e5aa01e978bf0bab603facc7b615e9261116c7427653d7843eb30f66df3a,Light-R1-SFTData-stage2-3k,1536,train,1474,4
1475,8b8d162e2002ba7f01b0b1b5318167db6c6f190efdc48844e882d5bacbdf8ddd,377dea0d5b67982413875cc224cbbf14b60918750e1fd2c9d8f0ae353a1f03a0,Light-R1-SFTData-stage2-3k,1414,train,1475,3
1476,066b27fb7fe6866b80161d5a463ce1a57830421ce74e9febc05f69fb8d6173c2,f069a06e518d0e9087f766bcd9c817ebe8cce1e78f45dda556b25bdb99c0c9a6,Light-R1-SFTData-stage2-3k,1999,train,1476,4
1477,33e17734c74ccc09cf86fc13cca134fafde0b323eb667e2ac7074d47b43d7c28,e23468fc1e75a1fad89ace3b658a687a849d397d982a758d959539a69c2d230b,Light-R1-SFTData-stage2-3k,568,train,1477,3
1478,869b788633c68dde904ecb811e86823c14f6df448397be54fa2527428428e804,32438a1e755ed65ab9f1990e681820ce6df0b661bca310335980b214b01776cd,Light-R1-SFTData-stage2-3k,2352,train,1478,4
1479,57b29d81ab654bae31b9c570d7663b04ffe6766b8ef0ab0d1a05a07b4d4d5786,f311e65186ae3183ab05fcd4c66f846770f29b93029104551cb5c4aab290e72c,Light-R1-SFTData-stage2-3k,1475,train,1479,3
1480,7c2c6fde3b9f2aedc1b6ff7a24214654124279b959d41eb7b59ed5de17038dc6,4871b3b2a560ad1c2d960559014074ca736e7712b629dd216775bef7e115d57e,Light-R1-SFTData-stage2-3k,208,train,1480,4
1481,8f5f1723a723b92e0b2c3dfcddbb9a83042e6d06c2e94a4722334f339b7541b1,a99969e0fec639cf1d644f14e385a7888b4d7af63818e536546a5b5220ef1d10,Light-R1-SFTData-stage2-3k,931,train,1481,3
1482,e04547bde2d586d16d94bfd3af9cabfb95f3ea900aa9dd7a72a07b7681b263df,2a213884ce4b729d6eafca071c8726c31b1a342dcdf745d3508a66b35906ad8a,Light-R1-SFTData-stage2-3k,122,train,1482,3
1483,37cc235e17b3bf41d57ce9d226d5a4819f5368385ab18a0876851bda2938675f,c33a62b60af51f8a1f04c9aaac7230f4e7d11453864091f74b871da1d6f00514,Light-R1-SFTData-stage2-3k,762,train,1483,3
1484,767cc0efc097dcfb7416ecca9c881633cf90ff9b0996afe2cdffed9f10065c28,3c0b1a8733acb647c72dc13df66c5738bb4dd80eefda77b4868d7592764f2745,Light-R1-SFTData-stage2-3k,1030,train,1484,4
1485,ae58aeee04e68a415a0cf160058d9092daecb181fe9f150f2287cedeabc7dd8c,577177311103aa4c5cbbc3461529da576665e16056cbde5d0bca042c872d23f6,Light-R1-SFTData-stage2-3k,497,train,1485,4
1486,802bffa089b9e378deea147e618b2a9d35c34964b13f25c86928123e3862d354,6d91c606958e7f9a2b901cc42a8168bd3091635f1b3e2f5934f7b8646eaaedf1,Light-R1-SFTData-stage2-3k,349,train,1486,3
1487,03d508d2b24fdfada8cbbafcee30ca77bcc41ef590ef0921c4a3f6e2b2f395cd,f3dbea6197cc527f6ae9c1b13deea0b113df0bb73a46aa2dd5b3b698db4f5bcf,Light-R1-SFTData-stage2-3k,1354,train,1487,3
1488,983ff8ac9b40e64e11788861a1a6a9cc331eb9e56b047d2ac27da082122dd8cf,ade661450450e6e895400201a4ca4198bf20f2efcd2889b947fb62a92b252b09,Light-R1-SFTData-stage2-3k,831,train,1488,4
1489,f52efd422f63da832d5df6e4f454e91d2d5afcc1d3c0aa6c817c98ce5eab6bca,c5ea064289399c599d1c0200e01448fb10cc87954f0cc5830c1b98a3aa762290,Light-R1-SFTData-stage2-3k,3020,train,1489,4
1490,0cf36c6e847c3363f230deb8550fa355ee5dd4b9898bf003be774012273f7525,1e33b6ac2291b89780310b6416791d77426b0d8c32ccf63823e784d493d12430,Light-R1-SFTData-stage2-3k,611,train,1490,4
1491,8debc0164e59091d2c39d5e0e85365dae26fb99e9d0f108603f4d486d5874441,0313d0089e4bcf1d8a8da9af2638945e3bd32c477fe3b7c6d1b253ed386567db,Light-R1-SFTData-stage2-3k,986,train,1491,4
1492,643b890a5515e0f0095e14c334554fd66cddfc5cdfbf1b88502b2f9629ccc2c1,1a7e0521a64a9a0b281f3c749eddd07663bf2f4ba8534dfd25e02214dbb5f950,Light-R1-SFTData-stage2-3k,379,train,1492,4
1493,31ce40ad7a53cde64d9e36170fa5a8f0878fec43ad01cd30ba2261f9745acae5,d151a1468f066236576d5c7d57fc336dcabf7f1f43b0ea430da3130aeb431afc,Light-R1-SFTData-stage2-3k,1956,train,1493,4
1494,35ec1ebf0bec14ae4e4f8cb7583b58aeb632af4efd39b66477af2f4e9fb08655,7c39a99d8c6c351501dd8eedd9b8bba7b418f9aa54a39ddd25bbd55daaba20d1,Light-R1-SFTData-stage2-3k,481,train,1494,3
1495,912096d92ec9b89d5d12b944687b299799a856813eca84113b1306f7e4bfec94,f49b01a3439e8ac759cfc4a752033c60cc847214ac139d2c3eefc25c890123ee,Light-R1-SFTData-stage2-3k,686,train,1495,4
1496,02283731f9f5102d6d2d7b7e8b70719e17ae4f1f735b139bd855c6f349a30dfd,5fb64b8ecd4d7d92ebc7a1f2043534cc23f6967d03c7b45007b0b7c980829cdb,Light-R1-SFTData-stage2-3k,2526,train,1496,4
1497,8a3f8d865c8e54b8cda197696aed6e7eaff545878aa1df31a7c6dad6ea15e076,a5a25c86cf08aad6e982b868bc072764f91f1efb8f73cd1262ee441b8ffb3370,Light-R1-SFTData-stage2-3k,2636,train,1497,4
1498,c785a5ccbedb05ee8559d31cc6dc2cc7d5360597884815c926e80aeb9d5c0298,d9e9c44e83575fa7baede17f2e06e85a701fd31940c64d3299ac6178dc02a2e4,Light-R1-SFTData-stage2-3k,27,train,1498,4
1499,d2cc2a993d10ef59400d3b0029c82892d6ba4443fb1ffbdb7c7edb4bdebbf27d,0198e0befa3c8130ccd57baf7b00b0335c023077cb67a7a20fa3a09a52009e28,Light-R1-SFTData-stage2-3k,360,train,1499,4
1500,7db35367ecf337d067f4910b80e66f932394f4dff3dcb5c71c5afc67e6a8ca56,7b6bfc7ac4484287a2943fc0c7f75f3a666b5dd342f79a671f685b8b8181b67a,Light-R1-SFTData-stage2-3k,2744,train,1500,3
1501,dddee6406ad40b8919815d1eba3bc35a5ce259a466843c95861b4a615c3fae54,0a811b455f29cfb394048ec0f2f4972ecec5bf634528fe50b4f6e2fde063c897,Light-R1-SFTData-stage2-3k,3183,train,1501,4
1502,fac162a7744922a7cbccde5dca096f81fb4a2a6695f5c8853fe0799b5baf6f85,2630ff259b7caec9fe34415b0e837aa6f36ee55a839563a9a0538584ef801eb4,Light-R1-SFTData-stage2-3k,3144,train,1502,3
1503,cfa229ba2523dfed961219d8ae8d21b3f2bd8c40320cbad71645964b8a650e15,b9793a3b00f1a08666eee605e64ffe437ab8c7293f97f27939b125f2eca60b98,Light-R1-SFTData-stage2-3k,1394,train,1503,4
1504,555119c75bf404a596f5efc344c211c4e608aab8c2f30918560e4029cb33e16c,c4200c39aa38a6e3c20ff0f6740c95a52677ee1b66a7d34e7c31d479b39000f6,Light-R1-SFTData-stage2-3k,207,train,1504,4
1505,d020fadd74b0cca522249dd69984a36cda2135e2378c21274fe973707dc7a9f9,38d7bcf4ec729a58068e05539bd68320ced7c91de3b6da7f25b798158570f159,Light-R1-SFTData-stage2-3k,1388,train,1505,3
1506,9baab45085286e3e41f597d0f06ab2fd32bc8626ce9597c3a139ac80943a4513,d039aa1830a910519286a0e7837417bf80e2142ee1db7a333ab30096c7aa480b,Light-R1-SFTData-stage2-3k,1813,train,1506,4
1507,f94957ef2055afdf45bf72e89b637b9b9cbfadcdeb86c21e18e4927ba2d092c8,8d9367067e7b5714e44fd9eb6f14c97679ca501cf631c525a7f8443544c1f384,Light-R1-SFTData-stage2-3k,2810,train,1507,4
1508,e70ae3ecec5ae3f7102545f5f7d05f37a24ed4c090777a949282f7b02e82fbe7,a08b77ea5576b95786a9d369029549bb18a17a9e90b64e2500c2826a62c127a7,Light-R1-SFTData-stage2-3k,399,train,1508,3
1509,aeb04a174527dbd2ae4186e905a0d8468ad1c466e3638c46d6f00169abc0d6af,6a7f574ea6419954b684fd1316120376f2f89ca2530ce6b7ce25dbcc904b6a76,Light-R1-SFTData-stage2-3k,60,train,1509,4
1510,26aab79157e3355a043c140d2b8e4c4144841f1a6bb98aa3b2d049b52fe811b0,de16788dd125c55477a4e3473cfb4e0f78a704ba7c77cb849a94e63cb29cca37,Light-R1-SFTData-stage2-3k,2009,train,1510,4
1511,a1803f0adb59262d56232311f73bb90c7e275ea6015c0b0a2cbeda5a46ea0c21,c0d77e54a5a7f406bc52502abd80520ec156c56e83cd6a5c26de0c2ed0756da0,Light-R1-SFTData-stage2-3k,1568,train,1511,3
1512,3096d476e2f2ca2cb0190f7ac9fd9ec39ab53d822493e84c38565969d9435d67,91b655af341d62aa22fdc7c09a22c301d774394f57351717aa82dd3c4fc6a578,Light-R1-SFTData-stage2-3k,773,train,1512,4
1513,2aae7faf9cc20081618aea07a8028842c12f61833851d927edffe1fde8afcc17,2742e97b32f13eee9f655edf54fef73507eeb88ba214e9deb824c4867c0daa08,Light-R1-SFTData-stage2-3k,754,train,1513,4
1514,25a78eeea63170cd33981bea8e07a9c354005bd4b4cfca2f1860c5f88ff33318,4e1ca693adb2db679cf76add05f390fb890af1d444a9e8beeba93e1ec53f8f29,Light-R1-SFTData-stage2-3k,2443,train,1514,3
1515,f66e8baaa24091feb545013a7eea6dbd40c247e28d12721ecd709d16539f1df0,a1613fd2417e17505602e54061659d1984722da1755b11aab5e4bf6b8aea9fa6,Light-R1-SFTData-stage2-3k,977,train,1515,4
1516,2f62228ecd89f02ed173cd238f863acd8915f7d0359e717a80767a6a6ad76111,2d587000a0da323e03a5c5a481bab3e0c05ced9ffe079611aab63e13c9495730,Light-R1-SFTData-stage2-3k,2813,train,1516,4
1517,b0245cfd8e30cc3403dd08f834c73c52b453b6cf763fba12e09f4c46fc1c4ce8,3084c42369e0afd47e7efd337830f2ad1feb4ef6ea5d56c870191b11572e2c19,Light-R1-SFTData-stage2-3k,2762,train,1517,4
1518,38fb433d56da6a30ef2ad73d706917dd0fcc18d1365559ffd23352da1c9dda25,c62a30ed463cb6115bf9fcfc4fcf80dd32391a354ed25e8d65df886dc536374c,Light-R1-SFTData-stage2-3k,2965,train,1518,3
1519,eb2829851677816375b0e3ac8d8f2d94f0ba8eec612ffabb91d6f795d4b8dcde,7e5340245425be442fc671f8b5532f1e1e8abe572f3f044317a248267c627691,Light-R1-SFTData-stage2-3k,1320,train,1519,3
1520,3f93786293ada25102dc19f353eb3571dbdce2b6bc6bbdef974c5d7b15369424,131579993ca2b9211d16afd9fea6519ff26378a7d764797a23cc539a643be0de,Light-R1-SFTData-stage2-3k,3362,train,1520,3
1521,ec3d1eacfabedf3ecfd4b62833aa48ce7fbfd37591cb38bdec46b640a5881987,310d2423bf7209f401003fa08188718c88210f078d37c5702868dd7448c9eb3d,Light-R1-SFTData-stage2-3k,1136,train,1521,4
1522,a33c44f8c5ed0cf3af032ceef7117c01f5ffdecbffdea231a58d20a3b6d8b3d8,643fdc3fa80e4b4710596aba6e3878feef332da12e747f933cb127960fa1cfa2,Light-R1-SFTData-stage2-3k,2335,train,1522,4
1523,5013ff72b7c5765834dd53b51cb41ad07e4a0ddc97146d23e23256227267b4d5,468c7bca634c070e14679a56bad597f18889c4623166b1627c6c914575b094da,Light-R1-SFTData-stage2-3k,2519,train,1523,4
1524,e200f99d8be59115f3505acbcebce967fe222c6680925a8295eaae8edc68e27a,4bd8fc111985ed30b334e6e323d440ec5fd3d7ecbbc1324a19a8bcc94690fd27,Light-R1-SFTData-stage2-3k,3301,train,1524,3
1525,059ac60ad8039bba79528c6d377710e719ebf9713c8edc7854c7a13074340320,6e1ff29437d580f71268742f59c80ddcd4b31686a58348988dac5e4540c8cdff,Light-R1-SFTData-stage2-3k,992,train,1525,4
1526,42573ced9d84758dceff7e183388ab9d714b4282cdc70d553953908d038b39a9,2b1d1981481d74bcbeb4eb2cbb4888876a4d9e10b38e442285f4c913918963ca,Light-R1-SFTData-stage2-3k,1593,train,1526,4
1527,8d3ed5a9353a426ccb5933e3e1295ea8a50d92d838335a3a7c4870a3f52d6a1e,e869be172cae02eb5b3ad7b2b02a0c300def9c07159500b89dd6aa358338ebda,Light-R1-SFTData-stage2-3k,826,train,1527,4
1528,c555cb3e222a8a75d5061f01626ba9d74c346484f1a96e98fbd9e6ceb5c0644e,4b8d2f036b41e1a1c1ad240fea8a7baa6a3e0079ab7142aaf7f7cd2f1558ff86,Light-R1-SFTData-stage2-3k,687,train,1528,4
1529,5f0b98d0d46b0d819a66eb06c0dcd51a6055a82a1a2aa4e8711a4ce5bb918f39,79d61b7dd8049dd440f2ae35392a8c8580ef30d0a4d4ca923a543164e8db05c8,Light-R1-SFTData-stage2-3k,2445,train,1529,4
1530,79af511684d1feddc83fbeca2578fd927712448b02fc535134fc92ab7d57284a,d80ccd2f3562bdd88d4987769796d75c6d4e8a28734f357d25f161e150d32f66,Light-R1-SFTData-stage2-3k,2990,train,1530,3
1531,db6514ab493a326bda9d856ab1c2fb3f735e99947b84b22c02470c6d568a1c6a,1f579bda0c06e8eea1110f4f394a50f32b11381fb6fd3358ab2335e67855bbc2,Light-R1-SFTData-stage2-3k,356,train,1531,4
1532,3639baf1e5cd919faa08790e69da29d947ffca049b467f661ab1e0855f9f2e5b,3ba1934bf7fef4236afbac79302f408ac19413573c09520fff5a85859dc85a2a,Light-R1-SFTData-stage2-3k,2524,train,1532,3
1533,16ce7d6b9d722d7ed390ea3f2c083096d881860841e7f12d4c37ad588317ab94,254ad1a2841417225c51380e2a9e930c715b85d51f9253b3763ffa24e59f6d0a,Light-R1-SFTData-stage2-3k,3408,train,1533,4
1534,5b4cc097727bd77c27549a37f03a41d595558c2543d0b2f24b3f97a727274a74,e16f185bdea5a9be008c6cc61b85563fce3ada989e05b3a1bd91aeb1ce616917,Light-R1-SFTData-stage2-3k,1753,train,1534,4
1535,8ee01ff0d1ea039c91c232387e19b9b2f42ac95fd8b844f02de206638a4680a6,81b5f35ef63fc4770733cc2c0aa61b627b7ec8380ba99b6d9ededcb05913e0d9,Light-R1-SFTData-stage2-3k,2836,train,1535,3
1536,296d0e01e386c9540a069ecc4ec046994544b3ac159afcd1309e233ae7aa00d7,b1eb965b4dda039359e7228e0e9bfb07688f275a3eba3a9a605984c6f56b1b20,Light-R1-SFTData-stage2-3k,61,train,1536,3
1537,40c6db9291b0df41736cc43fe4d91252ab8e477d97f8ef662513b0503e2f8fe0,37ff1aa2a9121ae85df327cc7298ba66761369e95a09b1174b26499601fe79aa,Light-R1-SFTData-stage2-3k,3019,train,1537,4
1538,baeeb7de484ed59ee36d8672dc294d648a50292fddf61557857014b44a5433ef,a4bae3f913d99f5a029a772e859ba5883426fa57ebf64f71fc4ec9d65bbbac01,Light-R1-SFTData-stage2-3k,1605,train,1538,3
1539,c70be290c1beda9e1184342c9567d8a8496edd9d3e5491db553c0d0f946c2629,b55b12151e4d4a681112b9729fc424642f1a729cc516341cc50b5b685baf1758,Light-R1-SFTData-stage2-3k,2488,train,1539,4
1540,54730ef8c2c69f6bc2e7f7fd5c569689cace48b31d194494efe70eb788254ae8,7675247661a4cf874f5c3d99986a02da58671ed788f0d98ba906370fcce4cceb,Light-R1-SFTData-stage2-3k,3148,train,1540,4
1541,d45e30d1a5859bc59f07d18b48aa63dd3969ddec7991dc22315bec1d861f3c0f,4af8f1b854e917be935f4efc9ff5c0f379bf21617734810613b22874116f2d25,Light-R1-SFTData-stage2-3k,3233,train,1541,4
1542,8b3a8c4a40779fd75316b1e3410c24ac9a5157cfe495ba8f30e20cec5631e423,57774546a364466e5232e50c77c98845986e01a9204e4c602e67bd7f9d7d0cbb,Light-R1-SFTData-stage2-3k,2092,train,1542,3
1543,a872833a5f951c0c68dba74443c9620e7b032f5deab1fa5c0bac3289ef8933ad,83206681e50dd5c24cb08418c81f4bd30290c24726fc97971ebda42d54d3a2db,Light-R1-SFTData-stage2-3k,1899,train,1543,4
1544,eb2e7e7b70baf1f07e8946e1010f60f325f5708872b1f890bb4a0f6db82932d5,92686934570a623a6503f6157a31e99a1d9ca4e6935a5ca2ae570f6b573588c7,Light-R1-SFTData-stage2-3k,1452,train,1544,4
1545,dbdb98f21ad60e48538b5cfdd34775ff7abe97afc0e26a79c1dc4d23eae5ddcd,458dd95b9931cecbf53320458de7e2efa1c986ad3527f5a1be27e9866a49ce9c,Light-R1-SFTData-stage2-3k,2866,train,1545,3
1546,94a97539b688c6b2a371aeba536bb20baae8b37db0a434a7972a2c21199c8f4d,45a3e73d485217e415ca41d58a22b6679ed58ea8be342c7d76cf00f01df2077a,Light-R1-SFTData-stage2-3k,599,train,1546,4
1547,964e5f83c26000cf7219fde27dce319084b0e954bc6bcdad453363cb91531ba2,df25dea8a04a4cc1f321150324e59e2123f73fdef217107e80459c0ab2a30193,Light-R1-SFTData-stage2-3k,2136,train,1547,4
1548,fee3bce5d834ab1bc6b294cd2d3e330badf86fa9096553977341a11c0c3ab9b5,2d5820bf51e5693e508421933932ad5484f7af26c4c66d384f098316938b3379,Light-R1-SFTData-stage2-3k,340,train,1548,3
1549,a1df96eb014ed6ce63d3c11b2da6826a164de8ba438c810db1602e05991952c9,bde1f959231f4468fb42c78586a1b2561fd8334203e3468b16186ad8f696de0c,Light-R1-SFTData-stage2-3k,814,train,1549,4
1550,ecded1ace3c1d8d9f963231ce6bbd5b970a0beb4003e714d2e5b88737df4ee79,6ab93e24c2f283e4cc8570769554e59fde4eed872aea33d65daf368ded3e83d1,Light-R1-SFTData-stage2-3k,3442,train,1550,3
1551,1ed01204c2a425b36bc4ed96e8e1e2b9774a640343e75ada8eb99f060dbf69d2,9518a0b5a736cfa7c868dac499687a6e6ed8b2c41e179e7896c0b709c5c700f7,Light-R1-SFTData-stage2-3k,2934,train,1551,4
1552,88e824b63c9bd8ec66a75557f54f642f29638173c11bdf2f4dcaba8691f33518,384f5bb85abf495479590abdf58971b5a7224c3e922cb651163835febee0b622,Light-R1-SFTData-stage2-3k,1769,train,1552,4
1553,47f0341d544d3f4ad9c6b08adbffe017eca2f6e535b8c9ee881c8caa8ca393c5,9a7a44990bad857a5f8aba94caa9468c78eb740ccfb46baeffda924849c3b909,Light-R1-SFTData-stage2-3k,1684,train,1553,3
1554,d48d2f301fde4b96e7711cb3d9efb24e83347b163d1bbdf346533593199795e7,fc840d5b4546f5bcc835c64a380db32ce5d5e0d41c3490b2ede1af604bb9397c,Light-R1-SFTData-stage2-3k,765,train,1554,4
1555,9bd05299a6dff9f0dc392d820ddfab3b5c4b3e95ef76b2e869e371f9a2e8fd79,17e2c6f2949f1b94cb8020bb21d4f5be3c9b8d6e342408620ec04bffd34650c1,Light-R1-SFTData-stage2-3k,603,train,1555,4
1556,81949d249afe1f9e84282e035874bacc8864c2b02210fe88bedf6187e6afd510,b91b89f7e3629a30238a1fdc5f07e5182faffc34050da3d76a1190d4723b619e,Light-R1-SFTData-stage2-3k,106,train,1556,4
1557,98acaa4d1d3694b231b17a786a17979eb82eb94b4e7f7527eb7ca981f8c146dc,b2265bdb333aa324da5b70a3704c17da6cebcc3f80423c41bc97b3792774f5c4,Light-R1-SFTData-stage2-3k,941,train,1557,3
1558,de90d871f24932487d48860469227fa495b59e5405dc4395e7959757866d21aa,f72e8301415445ad8ced31ec0041ff78cb2dcb962d618ef7d34020b946484e3b,Light-R1-SFTData-stage2-3k,3327,train,1558,3
1559,903386f3c98c7f31f1bf3355facc8c857152d412eb2031f102e677f213f382f1,26de7ddf1a1d376e88b3496b5e3db3271554406d4e78ac601f40fe0c85f343d5,Light-R1-SFTData-stage2-3k,2280,train,1559,3
1560,847a00305eabea7987fcb426a2be9079414c73627fc5e08f55a61345f05d3053,87f7e77227da9b9958cf6cbf1c8b37924d16556081600d6c37478fdc482f16bc,Light-R1-SFTData-stage2-3k,2549,train,1560,3
1561,1f90cf60556931a58a8579ed51dc47a7026ea2a7b9f39327667d0632352be35d,cccfa3215e88f97484df48e0a558308c3859810e3c410e505c6ded1e0cf76c35,Light-R1-SFTData-stage2-3k,1557,train,1561,4
1562,b07a4f9f4626cf4d78d955af16503c66fdbd72e261026bf5ff1111c0192e667a,6d33e0f6fb157597730915d1c60b4eadbd5aeaf156b7a2f4898e0102d0ad0f7d,Light-R1-SFTData-stage2-3k,341,train,1562,4
1563,929b3eb8672770882b45ebe174e9081c97995382f3a9c4594895b4ab7aec3dad,4f5ca0142cd74289bad0960dd8d1c72f4837d209a4868d3413804d8e275102bf,Light-R1-SFTData-stage2-3k,2417,train,1563,4
1564,3349df198819616e2e4f68500ab5c5dea50c3c9ed6c9458df131bc673048b14d,565be8b4da131a8c447249ede8b67cfcfe31a2a91bb6e155588c783a22e45c21,Light-R1-SFTData-stage2-3k,2365,train,1564,4
1565,376646ed9553285917ac6062e9dbcd4894e49c5ece36b6d1dab2f215e6c47fab,41c099e7ebdbeac11ef2d845db372e0aa8a974e2e4146a0eda3abd2739a0f7e1,Light-R1-SFTData-stage2-3k,1832,train,1565,4
1566,68d4b4463b70a85ab73add19492f998dac9240a9cdf18b35ee22d750013600e8,4df63fa02895f1d66bf4e1f97d12f714788d6b3e770e065f730c3478feaee063,Light-R1-SFTData-stage2-3k,2432,train,1566,3
1567,ba5cf3a9717355d24f563797cb8a00925d8d37e53c1511b89356c8d4d72a9212,8ba2529f32e0ca7f80c53adc06b41aa40a5490f13cb46a9fc81e75f95572db4a,Light-R1-SFTData-stage2-3k,648,train,1567,3
1568,df90c1135f35c514dbb598cbf4fcec4badd51a52b538e37f0b175bdacf7c676c,3fa9c7c09e5938ca1a8a6460698a777f178116de613a5958b92bdee881c50b2d,Light-R1-SFTData-stage2-3k,2867,train,1568,3
1569,45594296c59ed6de5e1bb2b0fe8e9cd0b761d1b9d269f8e52474c1d3c354dd55,b86edb85531eef0cb78bb49cb648adc57fb7d0c0024800fa547d4963ce9b8cb9,Light-R1-SFTData-stage2-3k,1509,train,1569,3
1570,fc8d4b105d275d7c1fd2fd68ba9de1bf0a6c43f12c697127efacb5854945ccc0,8533690470bf323b49ca975564ca2a6bb8cff9d456f74fd05cda69881d5bc9f4,Light-R1-SFTData-stage2-3k,3277,train,1570,3
1571,e17876d05b0c927cdc261ff388001fc654956ad603c46769b631ffdbeda4cdc3,615a7bdf228add1d31e94a8684fa2d7d726b8bf128835e9d2cd80b7a020a8c8e,Light-R1-SFTData-stage2-3k,1531,train,1571,4
1572,7ac159aeb07f5f06b68b8cfd20e3f1a08b58d6b39397dc1bea76d6b570f4d008,ca2736c703c596cfc43cc9c3ac077d60d3b4fa21fb57022ccc6e6a0469d59f3c,Light-R1-SFTData-stage2-3k,2947,train,1572,4
1573,134e65945cc1b141d7d85364bb43c790307bc0bab9556ea4885ac806b747948e,28f242fbf0b59d46bd7f9aa7e808104d395da180964534d7b63314c3ad9d4874,Light-R1-SFTData-stage2-3k,499,train,1573,4
1574,0bf51ac15c72e9286cc67e53a8475773fc6a692eb97032313035d45c737541f0,518f34023de4673b5dd723070dae65a224f18d966c805790d07719c6b4d31434,Light-R1-SFTData-stage2-3k,276,train,1574,4
1575,f696185e0e950d21de0c52d516d80c1b065d51cb7e9eee3b5d73eb924dee6d7a,6ce24c7b95992a283da07c4d93cd73b430b9254ed8abadf2525e401749855148,Light-R1-SFTData-stage2-3k,2804,train,1575,3
1576,13c5399dbb8c7ec0c0640dfedfffa05e43372659a78adf8e9b6078d5fee6d5f0,873d9f2c040e5a49d87eac933297b4983203cff3c2bad23389d3d9cf6b6067a3,Light-R1-SFTData-stage2-3k,613,train,1576,4
1577,710a8982fc66f3baf5295b1fd25efb8f90c7dbd6237859d57117e83d6b9a090a,b59c1a66cc2dad346d0b42f0da206bc425d44066789a555aaa972ea6ab06d9fe,Light-R1-SFTData-stage2-3k,2118,train,1577,4
1578,864a3de357d32003deeacb6175037f9e11bd93688a13ad0629b8acaaea0f1b9f,f77b199377ba147bc2de1b18c85d509462cf90054d3de0ee851dddf71f181d88,Light-R1-SFTData-stage2-3k,1315,train,1578,4
1579,57fd11c2a454f251d2bcd86e1175f654d0bd1bd02555804299bfd69d47077642,60d60608840ac7b5c0e4248d33d9ea200e513757a2689f39842470ce87ebc76a,Light-R1-SFTData-stage2-3k,2646,train,1579,4
1580,4a3c208a73ee4be0c088615d0e6b5d3ced5ef9976ad5f82da239e693917e60be,9232bec281427cad60e409567d311e1601aca8bbd10679e424f4524e275eeff9,Light-R1-SFTData-stage2-3k,1735,train,1580,4
1581,635bee15fb15ffc695e257017e53c6f62951af7f836439cffea77e2ca645315b,bac77ea98ffe3a135a38e847fd82b9805bf550760ce65e47721aee51b7ab3621,Light-R1-SFTData-stage2-3k,3131,train,1581,3
1582,1856c20771ac936efa798194687a250b5a538f0497f8288fd441b45cbba0150e,ef8b761429bcfa4d888dc2e8e724668532009bc2438b7deb45840512397c1c62,Light-R1-SFTData-stage2-3k,3418,train,1582,3
1583,0a4d2fab341a8eeedf88ce1c92811542922d0831e8b8722592879bb812b13dff,58cc159dc31decff9ca4665b36964d313b3dd8817f0752b69c67afc4809ac269,Light-R1-SFTData-stage2-3k,2640,train,1583,4
1584,ef27a09bbf816f00683cf850a669f24a2bd4ee50fe9bdbbabca2b3a4d86d10b8,2c148608d5d246053ee851a957777d772e227db29ccdd29936e1497dfcaae6cc,Light-R1-SFTData-stage2-3k,803,train,1584,4
1585,8c40e3b89747e6bb287adcc291171b0b80ae6c16216297591a08bf093dd2281c,61a1d11ebb8159fc284b25bc071675d48dafa48574c447a0e095bc1a50a65b96,Light-R1-SFTData-stage2-3k,2696,train,1585,4
1586,6468fdca6e527431f8caae48bd7ae4936353150472d315a25d1a92e01ba8afdb,d1a07be57382945708e07cb4b2d4f26ac3b2ad5f35898976e7eb804add68c26c,Light-R1-SFTData-stage2-3k,1741,train,1586,4
1587,9579c564ee69feec4f05875717dd6e86ad785de540f1aecbed963c3a2b98381f,4520b3a4e98b2a26f04a1c7231a819a164928366c54b7f07283ffead9e328e54,Light-R1-SFTData-stage2-3k,556,train,1587,4
1588,cc3a2b0c41870da72658d639f70706e3706849323b80a980fb0aed7a21165727,4ca556ff11e81bbb5f082eb4f5359c13d6c3290dab89f420e8cf4d24770298ca,Light-R1-SFTData-stage2-3k,1038,train,1588,4
1589,7c9289fbff141e07fd6711ed63b966e2b736b695c41774e54e493d2e462fe650,e6bbc4fb55d2babbe727470feb67e8e8f4227482fc8775e38e09e1d408b7f58e,Light-R1-SFTData-stage2-3k,1121,train,1589,4
1590,9acaa8f0d635f95ea496e7de9c987135ad6eec42308c423888b19acbbecc998b,2113089658130653f1f40ba3c7c7409b2c5cbe25134db2fc533c3d174f87d017,Light-R1-SFTData-stage2-3k,2164,train,1590,4
1591,6872ea312e688e4f95499157f823abe167e8dc9fd9687e469516b5cd87dc4b76,951d75f3e4b189c1ec46d3e3ad3293df68d62b1d0cb8fa0f1f87508ff1c114d7,Light-R1-SFTData-stage2-3k,3499,train,1591,4
1592,76182f088666284a210074c4e23a783756bf638a3963d7b3fa11c58d7accb557,8b7ecfcd20fbec520cbc9470dbf7b60795b442f62e0edd4c356a2c7a352df425,Light-R1-SFTData-stage2-3k,1690,train,1592,4
1593,a5391c8ac29d0299478b9269b473fb9899d8706411a5dced1035bbf750417703,3dbf46e54a6398281219cb02746e93e781da9949a0e115d34df78d346b1c3b4e,Light-R1-SFTData-stage2-3k,23,train,1593,3
1594,c444a56d1463adaec1ba424fc893cd8f23b99742eca19eeec11caf21660a2572,5d75ca0f716e1579358021296c9f4849a3f7cacc215db110197cbd7e5df19752,Light-R1-SFTData-stage2-3k,1339,train,1594,4
1595,71b61ac468b94428f05518fcfb5ce73a2ffd82f2efe6f5daf3bb8845bb8fa4d4,a0e00f658cd52f964f1d8bb700b6d14daecb1e682826f0b1696a55082072e703,Light-R1-SFTData-stage2-3k,3188,train,1595,4
1596,21240b5a73640cffb76402eb1ace046d40987f667ca0a51eb3473b25a6786290,84da185f01317a8260e81acf46e43b8d7daaabea87acdca88a253bc05d75c7f3,Light-R1-SFTData-stage2-3k,3013,train,1596,4
1597,92fc98ba183a72204790e1592d755aa4c6637d226fe91cf7d0352e9492cf5032,bac32cbfd911917f54447e55e6555caeb380c5af2d5b371db093c19b423af140,Light-R1-SFTData-stage2-3k,3039,train,1597,4
1598,fd4d8b8a3f3640ec2798d65dc9b3cc25d5ab7824e66b3816d08ef3fa2c56b4c0,70c281160e8fc61bb39bb7ab228bdcdaa4fd2fcb21a04028d83e480e47c6a3fa,Light-R1-SFTData-stage2-3k,2130,train,1598,4
1599,4cc17f7f39e2894d3ceff75f1c8bb901b37df71e3dc0a74f78d85fb7d69c2e25,74197b4251d63c63e99129891784ca5c8e3a303deb072d6cb496acb24aa53231,Light-R1-SFTData-stage2-3k,2201,train,1599,3
1600,ac980b120af6d4f83f6b354ccfc10c8942099c8cf6ae65b6754974ca2839922e,85105135521648501d0003f58a495eb9fda9235da688ac6809cbb9176aa1ca0d,Light-R1-SFTData-stage2-3k,1021,train,1600,4
1601,aeedab76fd99833ff665ec3241ccdc6165f39d6b6acf8eef1fefe9bad6c64353,23ad15f4c53a9d044f41b36d152c5771e7c7b4677a2b6bfd54a39a4846013f4e,Light-R1-SFTData-stage2-3k,392,train,1601,3
1602,7b48e74482060e98429a62d1aec0e17f71a1d12bfcb862699afcdce79efd86c7,7582ce504150938dbf21675a0cdc18160aa28e14948d56c60d28281e6844602a,Light-R1-SFTData-stage2-3k,1173,train,1602,4
1603,0e72f1c33f7bdb1d531f9c38a811ce5c0700bb55b33755145003e4c48a0f121c,2abb1ea476aa37015a0fd4eb4c81fcf9758c6bd9fc6beaf5ba71e7239c6a6a83,Light-R1-SFTData-stage2-3k,2931,train,1603,3
1604,d3748b734042950d890d3e98322eb5e314e2569f85ba072b73837382956a86a7,69cdc18e91366c3e153e7bd1b7bb06ee9edc992705d349f47e98dfa49a6c10ba,Light-R1-SFTData-stage2-3k,105,train,1604,3
1605,a9499cdd5e0f3f9ca0c642420112dda25a201e64521e5bbbbf9089022930ec81,a70d7d372d32cf9a6c9c77877871a1c5a91c4a44658e7b2c410e2d518d1c8ec2,Light-R1-SFTData-stage2-3k,750,train,1605,4
1606,e1621bdff34347941760619736364bf223cdeec0e6bcb05e99af442cde2050e7,2839bc5ab4115d5c703a31d932fde114759927ecceea52d65793b07bcc32e757,Light-R1-SFTData-stage2-3k,1778,train,1606,4
1607,580e8ace96e40990b63a9cb2fc995feb493a64ce57426dab2eb0e054e7e45cba,988a62e2f376cb87ef9ae770703ea9fc20c464817cf68354fd555462277c6f02,Light-R1-SFTData-stage2-3k,1925,train,1607,4
1608,63f532d7ef5b4c7871913068890d036293fef610451fcba3ba8c62267bdc4885,72893d8067fcd7249cb82291367c88a020c3ba7c339978c68e2e736713c78f61,Light-R1-SFTData-stage2-3k,1676,train,1608,4
1609,ac6f9672252cabaa269fb09d6330478ffc552becb0c2668198f83e09dab239b9,ee31581044f40422983ec2bcb30077fe77c77c56c3beaab502ce7cf67a2e99d9,Light-R1-SFTData-stage2-3k,2423,train,1609,3
1610,b20aa1426af648035f7314727450cc86f5e5cf7fa930a8fe5050a420a0b73dc4,6d2031595869aa2b8336e1ad3188c51c4d2f1ff78cbd1d1defa9f1eac990ab4c,Light-R1-SFTData-stage2-3k,1410,train,1610,4
1611,dac6fe995527bd094718f8c3ad0b3d032458855afbc50ae41d36aa74df828274,58108a3bd0b51cea1bf7504c9f1956a40bb94437d1395516809be04104132096,Light-R1-SFTData-stage2-3k,2645,train,1611,3
1612,a9fd7257494297ed94c65cf8cffbdd4d9b38aa492124dc57c32869f16558928d,a64016620a9a4815bbe9b285bd27f2950c6e8d6c2b63c346fe8a9e899a57bad8,Light-R1-SFTData-stage2-3k,2623,train,1612,4
1613,0b2f8f137ad2ac31d375b324829f2521c1e27622a807e8740030232d1a68bb22,7a88b164b93f740f542529670b70457776afa19df8744a07dffaee2cce567871,Light-R1-SFTData-stage2-3k,2994,train,1613,3
1614,e93da61e2de24390e7319f3749a4d38ae276aaba9e2a24896646f5db3ce51864,82ab4fb591fe5829508447731ba77db3d6092005da0efccc4a971fb37d84059e,Light-R1-SFTData-stage2-3k,1516,train,1614,3
1615,e813bf72d24f2078859868ec90c90c56a2eb6c659c372ff51ce0109aec619b2a,f4c162eba1b0d1b3c2204640056e523109eae776ee73280a9720aaf892829c27,Light-R1-SFTData-stage2-3k,936,train,1615,4
1616,ad40ca9e6e05c9865bede2b109079090e9726094f62599940586e0c03b08a756,6c8f6267db0fac582cf617b7e930e6c6991e47b854e5edd631d994bc8e1e0317,Light-R1-SFTData-stage2-3k,2437,train,1616,4
1617,1cb585105b9e0e7906156e389c8ebd3554b36617bd360ffb53fa62db0528add9,363ef4d6a18592b814810901fd0b8a0d101a605107146eb9e7395661969c8a86,Light-R1-SFTData-stage2-3k,2913,train,1617,4
1618,40a4eae64a7e7346e3131aa04c24d541a015d65b2b132ec10bc66e0dbf79d791,54076509e2d478ab2ab12e26b9ae4a43e0ec9897c4a7be21d7536641ffe49601,Light-R1-SFTData-stage2-3k,1457,train,1618,4
1619,847b05c9ad033f41c427151df4d7ff80bb7421e9c02f6269e8b509a8cfa4c3f2,2b096b6b15b5615c6bdc1a72ee8178acc9a17d364252940d108b9c83fec200a6,Light-R1-SFTData-stage2-3k,1503,train,1619,4
1620,5813c5bfd439efb959b10e5cbb2fb284304ab7342dd44e1a646dea53bd9e8168,e93aa331ef7a345e4233c973886ec14c59087096b374e4880096d0906a96966d,Light-R1-SFTData-stage2-3k,749,train,1620,4
1621,bde5ef69fb55383dbbdcfa4d9d9a43989775b0370810db0cc2c8e1a3cd280751,0cb449b976271e358955d118bc25471b3157183e16bff3748b6807c1983068a2,Light-R1-SFTData-stage2-3k,2722,train,1621,4
1622,4e73516f8fe1564295f030fdf74c8427b3d42e63ec826aec702889de15639f75,7ce432dd71f5884aabd87a9a0992a5210e82089eef47d7aae7b8479eabf55e7e,Light-R1-SFTData-stage2-3k,1844,train,1622,4
1623,b29bb4da05b362b19b043f02a6e7d8a5074c7d4cee7f5a501fe4b1f1fd04a9d9,4b8abb16b9ec286f88c987944b9de6f4af59f7ea69d1e40b2227b8be239d54d9,Light-R1-SFTData-stage2-3k,2231,train,1623,4
1624,d77bdf3c2b2be07bf357883595e0e4e8d47b27d8a7c1974bcd0e3931a716188d,7c10860da550e2cc9826421ae36fe6a9dfa6a703ac3fcd2abe7ace4fb7baef04,Light-R1-SFTData-stage2-3k,2616,train,1624,4
1625,a96d7c36f4ab4149d75b8bab539b7d24465a69021108d36523d2580d200018fe,26f5c999083a60b7f830115cdb0a629e292a17772f439f8a5db4a05deb18bf2d,Light-R1-SFTData-stage2-3k,1849,train,1625,3
1626,7afc327b8b96e9e20a7cf728c73dc1b2f04f9be60becb6ed1a1268da12014fc4,82e1165fc1e0c959ddece76136915a5149c132020126f4dc9141c5b4479ceab0,Light-R1-SFTData-stage2-3k,2793,train,1626,4
1627,91fdde4bd6f687a580e5e509fa774412461efbae44bcbca7dc5cbe9a2e34bb48,4b41d15b1e7fc8d3112f0c7465fb053046af4fbd8d7eecf48d3ea5c6005d7b53,Light-R1-SFTData-stage2-3k,11,train,1627,4
1628,450331dad30b6c29b92d411029517c146ef79a161c4123bb5f4353b397e135dc,bbe40857458c7d9c4cca46b19ecd0b63c00302b894e37bab00781965f2efe3b9,Light-R1-SFTData-stage2-3k,3042,train,1628,4
1629,d0c5f1b8e9b5adf113f1e22dcb853d91a6a97b7ff7c66d7de3761b87a8107f9e,3b4db6bbc5391ce2455504395cd1df8ee2360026b9c3cd38e2736b4c14d89f6d,Light-R1-SFTData-stage2-3k,732,train,1629,4
1630,f4d5307a3166532932bd8067fab386ee871b9003bc18e4fd6045da81b8d26740,c7674f55b6d6f63cec7a3fdb8e6674862b7d51f3576703ee253b563d2565cb97,Light-R1-SFTData-stage2-3k,24,train,1630,4
1631,9d4b8e3f3c1bf8a9bfb680119a6e4ca5398baa3cbace1a5f5458a93695083e0b,4b74dd5f30a7d86cf5c109a46e9312a3363c01ab61f016ef9d579e9cf04763f3,Light-R1-SFTData-stage2-3k,282,train,1631,3
1632,d40cb27e3bc2d137b249a40669988a7cca644e94387aed35eb7f7c82d01b1802,3f15cf06ecf7468f7889f7a1ff947a264b81080e6836dcd07b2fb4637010fb93,Light-R1-SFTData-stage2-3k,2953,train,1632,3
1633,336c82aa054e8a84d48bbd8e673289f004bcf98cdc3ec63eb20772c391a16561,38d7c8a84b82a119d38df76cb5993642f6b8cff7ab978fbbd0a85382a72cbdf7,Light-R1-SFTData-stage2-3k,3203,train,1633,3
1634,97b5d5296a0178be8703e5e40687ed013045d4e67bb40a12ce825183d43b41b6,06e76e3c720e0e624125c30b8f7ebc031b2b7c9a12f4288b2fc1681718644f3c,Light-R1-SFTData-stage2-3k,954,train,1634,4
1635,1a1a0c1b1e94e950777b794309b7a71a8b0195accad7c8a917468138257f965b,88d3aef6e3a5ca3eea0b5c9c866ae5fcf344ed143997d8cc04925c361920b98c,Light-R1-SFTData-stage2-3k,1625,train,1635,4
1636,cedbafeab8ece34168debc044593c5ecfa08f766ecf68b36f116b430c1daa583,5b4b1c236e5ab48ce3862059282921c3587da533cec9898260e1a0693bc37818,Light-R1-SFTData-stage2-3k,2424,train,1636,3
1637,6f353c9580f27641cb467fd66c4f96c3db659901a0aada16187236f9d0a7e2c3,c33486a12d976d7cec70296367448c547f46e5b3224e0c476f629168c0f2c085,Light-R1-SFTData-stage2-3k,85,train,1637,4
1638,1d95fc7889288c05a3c6d055d965beb2f0cfd6c4d4ba22c8714361c627e0ccf5,700b880f3f1193bad4ebd0cd7ea0e51e3996efab38ae11788c52806845586018,Light-R1-SFTData-stage2-3k,2456,train,1638,3
1639,e544aadef4ddededd6d92b2d2a08751cff690221a0d13fbcf278206575f71c8f,dee53f50c78b1524f5952016949c9a9a6ebab1e6deec72ff8c24990034e00d13,Light-R1-SFTData-stage2-3k,1829,train,1639,4
1640,cb944c933ff5aaff928ee51f247164e60e32020ca8997e7f78d1e485cdbdc857,c41c90152fb04709dad991091d1fb47ffb8f7d2677a89eab9b14fd85619bdeea,Light-R1-SFTData-stage2-3k,75,train,1640,3
1641,7da715ff20ab06e6531b14d5a2d5e1f3ae42b44b5ffe0edf83928d9d06525c5b,d5cd5dfc9198e7eb40f0dfa6059269ab67a5db4895297a1c71da1af369438594,Light-R1-SFTData-stage2-3k,2590,train,1641,4
1642,dc614ceef5abe0ead13366db5fbcb6c15a46851c04aca89edebfd03e89309bb4,9a3c56ebb9e1f51f1ac80f837a0b097ba98fd611ed62a5a6c91663e149219068,Light-R1-SFTData-stage2-3k,2620,train,1642,3
1643,e642290d0269cc0240419fcf127112a0db122303a2c646389292d67bddc1d08f,7bd98eb83b6ca6b0c3e10762182bc26b848e50ad349d88437e1ed47e8691f811,Light-R1-SFTData-stage2-3k,2873,train,1643,4
1644,a7035395e7ee153d1064ef8a6e720111a3832c5c1d97fd3ae2b232917712458e,7d4b62a76d620ca690fe202bf35877f9f7bfbd6afb2fb8303b2c4c78935e5a80,Light-R1-SFTData-stage2-3k,413,train,1644,3
1645,31eacaa7986cae4e1057c53805218bb4498c3f1dc92f70a590a90e2c92d047b8,21198c553b90a64b72e1fe25fec3c9cdaca72e918778d9ab69c6c6bcdd5b6845,Light-R1-SFTData-stage2-3k,192,train,1645,4
1646,65457685b9644819f50c0bbcde511aaff3b9f834432bd3657acf26903c2dd2b8,b6525d3829f0a63d4ee4afe47cf49f41091103b086bc720839acb2d61f841bd6,Light-R1-SFTData-stage2-3k,1641,train,1646,3
1647,a869ec958a5382359b70a87a9a68a0733856f5e23db641344b61599493d0d6fd,8ad9674733185d3dd913bfeb053b293f24ede90ef7d9af5738d505b16ba827f5,Light-R1-SFTData-stage2-3k,331,train,1647,4
1648,1d516d5e72003155ff376ac6939aed277ba02d01d446aabead97ec6a2e1e3865,fac4a28f240edf3ad35b2016a26dea6e8bd9859a5dae88bb3b8b2a17d5dfa519,Light-R1-SFTData-stage2-3k,514,train,1648,4
1649,3a3a4a8f562c3f122cf16a177728c3ef5a544f4c6c69bcae9d3b433caa8d6e7b,165046d25bee4c266ccdcb0fd72b3a77d756519ee996d1473af05dfd1790bb23,Light-R1-SFTData-stage2-3k,1057,train,1649,4
1650,6e1ca17183dd9d2b3c24a80d0156db518c9c3eb8c5a5bee7c9e20a2388e930e6,c9f98cc327773bda7f8030d93e78ef58a3d376dae48b25be0980666415b12d5b,Light-R1-SFTData-stage2-3k,3313,train,1650,3
1651,93becec94d2bdb52cc91690ea272809b7798794fc23a7dd57e33bd0b788241c2,4be86a80f0a63789cc2ee6684a633a389363e7e7c19c6f2cc1c1c012363d1fbc,Light-R1-SFTData-stage2-3k,734,train,1651,3
1652,3b6178bb9c4f114c9563aaa8826d2c6d5907cf125def2080b6b6ea13d256ec17,daf20a428719cef0ee2f47cff1a242da3ef720fc094649554e84a5c77edb0cbf,Light-R1-SFTData-stage2-3k,1232,train,1652,4
1653,bf830c7a73e2f0c8703ade96f33b65975963bed50810ccb82630b351df818d1b,690f588810887d6f59054f9324d0e97dbde41c62f310774086b9af0bf4bbbedd,Light-R1-SFTData-stage2-3k,2850,train,1653,4
1654,cdd5d16f1f902836433370a1031311e82dea629732e6b24ba84178a17b4e3fa9,f5228ca5e48f1b4f7e3de0ff9f5859666221c699494403918b4f94c18b8c002e,Light-R1-SFTData-stage2-3k,2515,train,1654,4
1655,87cccc21474c12c6eaf8193a1335578e489b7abf11f48aac49de04ae6bfd7e6d,36f3338522344dd91b3ba15a87834422ee6d8234d29bab799b2c5394b01fc695,Light-R1-SFTData-stage2-3k,2608,train,1655,3
1656,2c23342e847ef63ea71aec650b1970e6c6fd2e7dd9d88b9074a45ecbd8502dbe,083dd78311c1b9a1d0a5439bc4051e0ad6f593169fb2e731d6e5797e9cdb93f9,Light-R1-SFTData-stage2-3k,960,train,1656,4
1657,32e4d98e16d339def09aab7788df98b7e1ff74fead65a0fde6df9816101f24e1,88829fd1a1d885487f86d9c7ef8fe954d25ed5dbd5def85b80d79496f798e6a0,Light-R1-SFTData-stage2-3k,2861,train,1657,4
1658,30e9e0162d63a40274ad656d2c245157be920be861710b59a759f5ddfddf41f1,2807dd8a9922382b19595908163d16fb065a3a3405a100c42d80fc21ecebe267,Light-R1-SFTData-stage2-3k,2694,train,1658,4
1659,69cb50c674d94e0e9cfa641749d000a6b739f9eeb1de60c62465ffd33b42f716,f5800b800864dce2ffb4395237d3473986fdeb34b749edd528e053cc5d06bcdf,Light-R1-SFTData-stage2-3k,3436,train,1659,3
1660,5c4a375e4de026ce668f0348cc53c269e733d7c13ad16ddd2648451725055c8e,f9093d2da132d7592456d50eb76332069d4f4ec3f52e2c1574c22264d0b5fcec,Light-R1-SFTData-stage2-3k,706,train,1660,3
1661,c20b17cbf04c67f063f4e089367ec592f0f54e87f81d23f388dcdbee57d0cc3d,712c8531482e570ea951b3b50cdb7cd7c8de2492dc773063495d7d800f69f977,Light-R1-SFTData-stage2-3k,3047,train,1661,4
1662,328893986d34605e187c00f3abbe38741e4d00609957a12da3ecf33556d77dcd,cca26716e8c27b010fcb991a6d8dc5190831ba39ce8012943d3b23a56d7af7df,Light-R1-SFTData-stage2-3k,76,train,1662,4
1663,47ffb6d25520e95e05f5ba8f04ee5ebdc795575801f47bb6b507dc7886f94455,d80530dd23e06bb479f230438f1c59373470e6a1b8fe3914721a94fec0f6dabe,Light-R1-SFTData-stage2-3k,1705,train,1663,3
1664,2c65114118a1b6fcb604b9a8605f6f761da5b286e346bad07657a99ec663c40a,551ccf8af16eb550a3bc2b2031bb5b1362282be5f0b45709ad01b62afa8b81c6,Light-R1-SFTData-stage2-3k,42,train,1664,4
1665,792cf08e18a8120d8125674e9b778bb113486c87c71c6fb9a2339acc72e99a01,f389535c0595ca4cc3c0f4aab9fd8a2d1443984f9cde4f4aa3d4ebfff82def20,Light-R1-SFTData-stage2-3k,1114,train,1665,4
1666,3cc6c85801ba3d7309afecb30bca57a10c4935779b5be64220a604a1aa2b209e,68103cf38fc58bdae002a4eb50844c923432478b8b283d9a9b082998f06a1cb0,Light-R1-SFTData-stage2-3k,764,train,1666,4
1667,88b649d348d442b1ec8bbe7fd2c4953ef4f6395af785d36d54ba86542086bb73,51b8d8f7973b8eed7b434a6f6bdfedcf5e5f35080aaf9d9f8d71c89b9c5de12e,Light-R1-SFTData-stage2-3k,784,train,1667,3
1668,ba40b0e2fe305591a5630dbba59faa0a7c075c43838d117ac4ebb54c1729880b,6fcdfe7aa71948e7f6d5fddf8321825d86b4db3fa839eee7bb287cb1b00fa39b,Light-R1-SFTData-stage2-3k,203,train,1668,4
1669,2f90bd59963f9f22d510959ba724eec37e8058a0726267b069191d10bffea3a4,a6f87d7125e8cad866642ef9e158203840d0428ae14a086aae33a5f0d6d6616b,Light-R1-SFTData-stage2-3k,1420,train,1669,3
1670,4394fd110890aec9ca3d997e2b2b30e0059e3aff349d74cdac114b3ad6d93294,c02c77805fd82b26bac0b6d1dde272dcadfc4c4fde2a727d16de181e8f07ecce,Light-R1-SFTData-stage2-3k,1572,train,1670,4
1671,de40564650abf3e62c6d0526471b267274de5ef6f5dae02b0c0257cfc3b9e841,a4d2e262e21805a2a16c5fb70574aeb34604181088539c9c424be7a5bbc1046c,Light-R1-SFTData-stage2-3k,2306,train,1671,4
1672,432625464fc72319f1e2a9f31f1189e6e6c09b40bc256a6cf119766aea91958e,4b1e89f87be283e22b6932688b588381b35662148832efe589c8b1f4d54e807e,Light-R1-SFTData-stage2-3k,3060,train,1672,4
1673,40ce0e16b81b4df37eb68107414221b526351094d989902f2c25210a4a459cc6,732e3404a561b4ab014238878bc3adf3308f1d74b1ef9a4bbcbb75d3f7293dc3,Light-R1-SFTData-stage2-3k,818,train,1673,3
1674,9a1f85abefb394f1c26b9378ae9d84da38060f3017dcd141e0e9cd9640d7742e,33385a761a65f83d252ca5277c61c4cef3fa65cc0d499c5d725eba66d2dceb1b,Light-R1-SFTData-stage2-3k,438,train,1674,3
1675,7e7225589c785748a5a11ee68861dbaf3ce382ddcce6ed5aff008e787aa7cbaa,1ed770561a4a3a3fedf61f71e696e1ddfe0543f979005545b76b4612508fd821,Light-R1-SFTData-stage2-3k,1445,train,1675,4
1676,b242b5d14f8c0460f5994a1b8392b70d04f6bd7d566f0210a5ad11cf4439c69a,10c8bb1ce1983c94aacb34d2af61074ed0b3dfefb3475870f691aac9d932f68b,Light-R1-SFTData-stage2-3k,2038,train,1676,3
1677,16eb9f503124e4e72ef28e3b58b60fde60cff5bd1c73fe08e30df88ad819957d,dd0f54441667e0d96b04951b111cb375253b116844a2325c15b23ebcec7bf7a4,Light-R1-SFTData-stage2-3k,2399,train,1677,4
1678,e86947871f902c1c533a7457c1027562c069ba03fb27359b40c9a338c6fccad8,2063554438bd75c24b46ff8b22952672f5732f3fe2e8568b8b5eb288ec6018aa,Light-R1-SFTData-stage2-3k,2663,train,1678,4
1679,dbe5d75614e096bc1eb0927197194e710e943b3ea355bbd2aa02f73cc6e64561,41778f71eb73cbda37e11ec4a17f6b92dab8e3eb9a266ec4ec4bd416c4057dec,Light-R1-SFTData-stage2-3k,3324,train,1679,4
1680,1fde5355088e93f75a652d07f5b6aadc1282ec8681e88c1f33d62022d51c9c93,73df501a88e5305068b36f23fe742deaa554f18696d4141c3b96cd3d525b1f84,Light-R1-SFTData-stage2-3k,13,train,1680,4
1681,3bd694e9f9377a47d36be2bf1820453d2d7b29d90cf3e8498f800b10acc55023,c33a05459aa81cfd1c27210719e123d1ac74a201e537ede9cf0297de37b31df3,Light-R1-SFTData-stage2-3k,3172,train,1681,4
1682,7092fa19c0c25215426c6ac3154b310c0aff45e63acbc5e344c69dd9ae4b8a2b,aacc109993bd781151b428d6d416c0e0ed2d034f48242f0178c527a3eadf41a6,Light-R1-SFTData-stage2-3k,1751,train,1682,4
1683,53188cd25a8f7588a51d5c4841459a45a95c5f57b84ca0a320d89a96cb0bb464,6cf6257c2cd7a40a3e34e18ac5c1f1833e3884e5c24a9770f784be1901c5937c,Light-R1-SFTData-stage2-3k,1986,train,1683,4
1684,1516c4f736fe01d726b454a498d4c0fa649ba84eabda7d7d5790a656ac7104ce,59dae5a9736e21eb74a7fa87ec4686ecf2ce6ebd396188bcc8944fdf34cd0a5a,Light-R1-SFTData-stage2-3k,2017,train,1684,4
1685,309eb0dfeb35b9d6ce01a5b8606f89f1749f03c3bde3ebd166a89d5f0d00b009,e1b7a5b62e2f4ffbeb2ba83b45af1a500596b0d95b027eb41f4092ebac373dc2,Light-R1-SFTData-stage2-3k,682,train,1685,4
1686,96c250b4b8d2e016644eba1ee44cbfbbb9e32e8b02da79a4851e539da89686ca,94c9a83d47bbdb33bbacf1e9ce67bb578b60f9b2a06fb5d0cee1676b4f036d7c,Light-R1-SFTData-stage2-3k,3166,train,1686,3
1687,18564ada48448a76d51775d899538db9844042513cc83b8e8c59e96dc5b20711,4c0065504c74da1157890d9fe73c109fad05bc1e9b3636b3b06d55cc7892ee82,Light-R1-SFTData-stage2-3k,1796,train,1687,4
1688,520924d0c1b469a52e8fdbb77bf6ce03f172b015753b39bea2ef030405697cc6,ed7419fe9f690a215f4986ba8b0ab9a33f405160a9db9450660280a2565189be,Light-R1-SFTData-stage2-3k,2406,train,1688,4
1689,2e3b6524b7b179c22619a11bd950f3e26bd06f0d89035e5140fa102e503781f5,4c1aaeaee7152024a4783a7ae297792e661be3e1a9ce9ab0b1f01f14fa35f4b8,Light-R1-SFTData-stage2-3k,1135,train,1689,4
1690,42e9f456f3da83f586873c47ad6a1928f1fd9d55c6bde4e5b909ce23f32bfbf9,301ccd66764066a9eb3d67d5d8f68347fdca9ed3e7046bdc939197023a43b053,Light-R1-SFTData-stage2-3k,3218,train,1690,3
1691,0d129bc558d0567ebd5e063124cbd51f99d86ba0268e1e2f42b7af643665bf57,e872c7986d273b4b175672cdc514f8107ae819866ea6a1640588963f3b377678,Light-R1-SFTData-stage2-3k,693,train,1691,3
1692,da3cd5ed5f2a500b06ac3adc5b97e40ba8a839a30af56ab7eb02541474a86c27,046edbd03d7f19a6f816b2ccf96e9aa427937470c0315b55f43ecae6d8262fb9,Light-R1-SFTData-stage2-3k,1105,train,1692,3
1693,2d2d26cb16ff0d9c20e6e8d16809cdf0ea9862fdbb928e129f329bc50ace8d8f,a74d828726ff2c3edc404b36109201aa7ba037ac5f97b8ec85948f74f560f7bc,Light-R1-SFTData-stage2-3k,2189,train,1693,3
1694,ed8d56d9471f4284b4bdbbae247feb52079d2827dbf6dccc366e7d87609aae13,6ec495324375a348a975d1c83fbb662095abf24819b0160bbe0af4c6e06b9f4d,Light-R1-SFTData-stage2-3k,2703,train,1694,4
1695,e06bd86d00c1a7335e48f1b4c6a53a7f768ddd483ef40808dc1e70a68267e938,78f52f3bb67c7f49c30d15f75faa6d52d59bc76e4edf9c6cbaa2bbdf05347e39,Light-R1-SFTData-stage2-3k,972,train,1695,4
1696,1f88d49c0482bdf86971f364c669d5ce54ad791e33a3e74a0ef945adb424cc96,3614d59d5c141b3705d3092171f13ad4986277e88d9636d5aaa84db90f3b7b8f,Light-R1-SFTData-stage2-3k,1520,train,1696,4
1697,9155a86582fddaadc77f0b644a6f2d67e19d690470b4d8dc0d9e0d110fd9d92f,11f74788f16b19fa220f01b383be0fab61b9197e22cf5bad8c18ca09488a6c40,Light-R1-SFTData-stage2-3k,459,train,1697,3
1698,2f34525815cb569058f6e07bca4749a0c4adebb7e865a761182aacb6a0bd8136,09851c0e823c9fc7944cefb2592976a4958b3505b8d229f384254fe39778b79e,Light-R1-SFTData-stage2-3k,328,train,1698,4
1699,b536cb0bcf745a6308ec25c9c3933ea443578279567b6b6845a95deeb13d3581,554f10495a13b489871eb27a269115513f98cbc30b8b02b2ff957ef2ed873c1c,Light-R1-SFTData-stage2-3k,2370,train,1699,3
1700,60ecc72ef6fee3ae1705e66baccdb651ac6b798436f4d7aad523f3a3e45758be,a98b6e08ca00fdf03af1d7685d77aa9a47b098f466980a826b267a62a0ce77df,Light-R1-SFTData-stage2-3k,2614,train,1700,3
1701,59b18330b9cd07b0c8cef97c3610027becf5424636be175b9d163e488db13503,fc3b0d1b7cca9b30c0065e4cb1d97b6cdb7adc464982a6a613d183e30ae1753a,Light-R1-SFTData-stage2-3k,3415,train,1701,3
1702,1aa0f74785c84e5e7c58bedb30337bb4c6276afde6d2ab945dcec08c63243f3d,dfa9b0d7e998c6b4e00e62257ddd7604e39520878f2394cdf5ac8b5d4a72680d,Light-R1-SFTData-stage2-3k,980,train,1702,4
1703,15678c59da89b79ffff8fbd498f4eb4639fad6754ac8cc58851b1538c289f72d,ce739df27bac0848966f94acd78adf32734ca80057da5e1e71d7bd8e98b12ed8,Light-R1-SFTData-stage2-3k,1644,train,1703,3
1704,40bef117867f7858f6df7494702594a3b7b711cc07566ac1f178637bac131562,f4564614856067a5ecae5492c8e385f44308c44fc4007c87bdb7ffa402596df3,Light-R1-SFTData-stage2-3k,3219,train,1704,4
1705,7a45f3c678a629a4be142844624800dad334d5624fcd1cd8255ac8aa12691f29,dcb3ef377655923ef38d38fd335ddb77a0c883f4dded603e620cac8a4a1fc952,Light-R1-SFTData-stage2-3k,2699,train,1705,3
1706,f9d2dee852155d4c5b3b32cf0123a1ba87106ff1da51e72380d0a9d77adb3aec,5b1285f7d13a61fdc40bdc9cc50e148bfa8c60eb7361d5cf8d725ebda76902e7,Light-R1-SFTData-stage2-3k,563,train,1706,3
1707,2921f67c0723a23ac5cb8935a9a0696dcc28199a98627d0ef7853759ffce32d3,d3f97809768c79390c218fcdfbb1f6a0635b2301dba355c9349c52e5c2f35573,Light-R1-SFTData-stage2-3k,2018,train,1707,4
1708,204e74caedbd9889e3ac14cc0e9a2e5cb1206bf17d37263814eb334f4434fba1,680635276c5e579206d77ca8b0b449cf4375d45099a309273e886e6f457f5173,Light-R1-SFTData-stage2-3k,717,train,1708,4
1709,885305461397f40ec918b95dcdea2dac98a777756b09f155e30614a0b3ba8721,efcfd92d67a185b30004ce80f3bb18d1bdf24d70e173a6619fac0404f6177f71,Light-R1-SFTData-stage2-3k,991,train,1709,4
1710,fc03c72e0c4374b72e20ebd47dc6c57d27716ed9ac0fb0fd430c18150b1ec5bb,21eb7ecd1d0cca1115b32a62943d03b56a6ddcdbd853b39a91c3e568656f777f,Light-R1-SFTData-stage2-3k,2224,train,1710,4
1711,fa640f97a2ff290f1bf4eb49608219622632e9d4daece2a04501c457967d4f9f,86e1e0016c53d789503f3cab86294a7282d11e146652130f4021c284fd4cdf1e,Light-R1-SFTData-stage2-3k,1491,train,1711,3
1712,eb6b4e3e9f7b3c6d20f73d77d5fe8f79d79080a36fbdc1ebe133722d20364e12,e9c2c218f7e6b619a33f4fe24bdf608622836c0f5eefcb7f0c711351ba5be2d5,Light-R1-SFTData-stage2-3k,354,train,1712,4
1713,cfe1892b4d3c4068947c977264177447a4229f60357fb3bdab7f90ef6a89f1eb,e42c1472d61e8fdc6f9ab50102623730bc1360caf7b73fb14e3a0d812a1078f9,Light-R1-SFTData-stage2-3k,1055,train,1713,3
1714,8efbd61d4567a3be5874ebfc5e4888a0c0530c1e9668716f85048aab9a5df24d,34b966869e51fde57d5aafa40133603487655a0fa1105ee337fcd9ccf07a447b,Light-R1-SFTData-stage2-3k,1686,train,1714,3
1715,018147d81c413370691d1d227d21f1272cfc51bae5d102a5a34f8dcd4ca1cf49,f295443b936a28becb93562346cfff8119c359e1efedfb537786046359a8b2a7,Light-R1-SFTData-stage2-3k,88,train,1715,4
1716,ff5caadd053ec896937b231fb26ddf5625b45ddc29ec9c070910fbe25533d1f5,d301b9d989cc37ad500be1552c407df29b776f9d5769382c40db12c10884d3c8,Light-R1-SFTData-stage2-3k,2943,train,1716,3
1717,dbcab8f83ebf343c01e746b7e4b31344d25a58b9379778b9102e17de38876010,635dcb40e6bb56d7994b6b97792d0b8af0ac83755a4e7365e141c6810cce0ca7,Light-R1-SFTData-stage2-3k,760,train,1717,3
1718,73f0030c074897a403c5286bc9645045a9e932829703e9de3a23cb8c31b936e3,4075ecbeabbaf0e42513228cb5de9c9fef27ffbc013aeac83d4444c832e098b2,Light-R1-SFTData-stage2-3k,2979,train,1718,4
1719,c6bf118859df1ba03c49ee69ef264a150eb3ce2c80afa83872f88e5468a5750b,3e8b002b375e4401995b56c33f7483a2cb3e387ca7f3d68818ed5f79d571ee44,Light-R1-SFTData-stage2-3k,429,train,1719,4
1720,81991e268918d6591fb2c1a8ffb568899158dcfb4a8c4497754a03d8f16c00c2,f3c6f1ac222ec4d32465cb07b028034f647a959f40f5c57353dc9b5c48960528,Light-R1-SFTData-stage2-3k,161,train,1720,4
1721,f76424dce4643ae27f30cbd852eadb8d8c6d89e2ae8647b733e327f11c9b199c,cba49b1b170ddd28c9acac5d0e2588383e963f4c70cb571343353098dbec0f18,Light-R1-SFTData-stage2-3k,116,train,1721,4
1722,ce3b50b5ec0ec8d68b1c1f2feada7db46cbece89eaaa7d9b58289458aacc48b6,78a47638fdb38931728e9be25930eb429ab0fc55d64b7742406c43f8ed3d4f56,Light-R1-SFTData-stage2-3k,1230,train,1722,4
1723,7bc0f762883e17663f619906e866a9a3dbe7c678a0f27f2dc6dea694c44e241f,dc79a8b8299d1e7dad3e838ff032595d40f754d5c1f545bce62ded4e5d0e77a4,Light-R1-SFTData-stage2-3k,2104,train,1723,4
1724,f18846987d41b9341c108215bbf31490f8ded0bd78722fe0cdd09295a9310ebb,5bca76e3d631a377e1f625f1961e48267fabd9aa855ccddf4cf6ee646621b881,Light-R1-SFTData-stage2-3k,1481,train,1724,4
1725,af76eead1b8f736a9e88a80e83c2e3f1b506242ea840f13b61c84a1488ec0d0d,276342363e07be5f45ff0a2bfccdb1ba773f56c77313aa9e31587125de73603a,Light-R1-SFTData-stage2-3k,904,train,1725,4
1726,f173738a9c3141edd0827611430fb6ab82caba74c4de7efc8972897c398a16e6,ba08af5761394822b0e2227e556dfe0d2e3512815744eeeb2a025f2444bc401f,Light-R1-SFTData-stage2-3k,1435,train,1726,4
1727,6effd06307ad5b87c818b4172b5b8fff57c6dfcd0d05d34ccfe101293f37ed21,c033fa5f988c3f470f70674db6081815f880e3a0e12d8b6230663480be79cf3e,Light-R1-SFTData-stage2-3k,2570,train,1727,3
1728,c0543de0ac7bd3b34234a2e9999ab478a85e6264dba6906715a4e6e3b8a194bf,763c73ccd9bb164238b06d4ca31039092561548d6fea5d4de8be4955fcd8024e,Light-R1-SFTData-stage2-3k,649,train,1728,3
1729,3707f6273f9f1c660692761d35a0d913e6b82cf99050e5152e25de6f1268e651,36ad42ebff7e924c7c59a459e64fea30e716896a2e95aee7821cadde06f6ab85,Light-R1-SFTData-stage2-3k,3523,train,1729,4
1730,3e1a1883a2f6a5491361b1c44fcaaf6b6c7c0b423806e041063f7ba0d428801f,d09d25a23db3c688601d4ee637184705ea6087bb3ffdc40f52441509eb1760c7,Light-R1-SFTData-stage2-3k,1218,train,1730,3
1731,ddde4828171cd645527d44e4e1dfdd2bd84266afdd7d305fb4d415f1ed056c6c,efe4c244947c1f55ad3142894b67056bdfa9711252bd1bcf1e58ec26474b09ce,Light-R1-SFTData-stage2-3k,3009,train,1731,4
1732,aaff7bc6dc7a7ecb0acf74f07d7583900da017cf15266486113e52905772656a,6d4f2fa9fc09c591e013e0b00165f29ed8fd4177d5d41950b4e3829556fc752e,Light-R1-SFTData-stage2-3k,3305,train,1732,4
1733,a95eb38445bcffbbaedfaa6ee63c8abbe78c728d5046987c0a9a1152ac97202d,2cfbe3ae4c3cdfa8c6ecd5920a14cf5772ef2cde36470465e87252c9ab187f8d,Light-R1-SFTData-stage2-3k,36,train,1733,4
1734,4218d28ec05e0affb70e7251e9e003e71027e6e524d127138cdc3ffc44e44e4c,672027de7925d4046b10aa3c724dcb7bfa79a5229e5d6ea0841370d3b2ab461b,Light-R1-SFTData-stage2-3k,897,train,1734,3
1735,804c1b198fe22ae4e742e01eddfa0400306e8a9ee70ff1a3dfd7e8847b531acb,41723bc5e02d9ba4b74bc08f635f3185e1c11b5cd723df9eb1933608cd265389,Light-R1-SFTData-stage2-3k,2971,train,1735,4
1736,0d926c392a8cf8813ac7451b3de95b4000430d491ab0016c4c37f76d8f78c6d1,860ab609b2282e127d23480dd69ea9df943a553c0996139c3a69dcf5e71fe47a,Light-R1-SFTData-stage2-3k,1380,train,1736,3
1737,47ad5e0642033a2069fdbf16c68a0236d6b088208f81cc5ccafe46d45b710821,f0054fec8e819fbd5cf90b7cd825a2d440dc891811f546ac3459931d2fc1842e,Light-R1-SFTData-stage2-3k,607,train,1737,4
1738,8a0227f7d571e5968f761744f4d3ab22d88458f929db7d8762d4dc2c3454f9b9,8808fa96a9faeb8381c1bacb01238710d9751d1eadb1a44e8f2ad530a35c67a3,Light-R1-SFTData-stage2-3k,2251,train,1738,4
1739,ccde5002f31a9d2804c920ba8f621e79dbb49509d8d59bb5d48e9dab3d90c260,030bb6ed611d2ff1acd015efeab5bddc702f3ae99e3a645846b15d9d2274db09,Light-R1-SFTData-stage2-3k,2016,train,1739,4
1740,83f848623d0fa20b75c82faa420888d509948e53f2613bae6c613cfd72a847b6,f7e5cd2ead34d2bc10cafff653fb36e3dd65bbd4f633a1ebed2baf78998a3a0a,Light-R1-SFTData-stage2-3k,1322,train,1740,4
1741,6aa575a1c4681a0292028083afa2f79c31baf8aac12ee134cea1f26299bcfe23,c8c0c739d0d06d196b5e7f785eda975031f5c7908759d97500087976c233a9bb,Light-R1-SFTData-stage2-3k,2421,train,1741,3
1742,8b2888c0b1f3900b0a854754174176c58f55d381989a39f09c9d038f5acec6a5,eae050e1042e717ed6c8bfac94a87171c71339ab2f1f1b8df7580563cf124c9d,Light-R1-SFTData-stage2-3k,1003,train,1742,4
1743,cf1bc5c50b1f53e57938ca2b49ac1051015ca75f0f609ebfeac2bc535a520f8d,207fd1f8385635552c5427d03093341192d8675b060e05888c4e0792c11c2a9c,Light-R1-SFTData-stage2-3k,2028,train,1743,3
1744,bcbda90345e2441ae1b7da85fc3f01996854016a08294ec34b3608b93e934a31,e17f3ffc18c1e4e36ad58669ee69088bbcfe2933b8068918f60f94643e36d6df,Light-R1-SFTData-stage2-3k,1211,train,1744,3
1745,a4c2487aad7fdd3b8826630223e61ac7db55843e892397e7f26aa4d1f2750b12,65d7ca8a50527e7f7827dccad78a2c25780d6056460e301d0e47ac373c7d500b,Light-R1-SFTData-stage2-3k,1137,train,1745,3
1746,c07e0f69c40be22fb11cfe005e401db77fed5f801cbb9bd085c806d8c3f068b9,6c540f2b4386376db705b08efef8d2a0d32dc75eeec5b7ffca9f42aa64c7c468,Light-R1-SFTData-stage2-3k,1031,train,1746,4
1747,1005320754dd5980a612d7ee936d70c08a2a81b3b16d0ceb81efe8d6c8b1b8da,945d273ea3fb42f4e9eda0e3aae2d3090985bfae9750de20f29b556a8dad73e4,Light-R1-SFTData-stage2-3k,83,train,1747,4
1748,d2d1982498a191097f75687523f31109f533e8eaf6bbf31cc7e44a5ec9e4ca6b,b2be3b7c3494fece71432629f850efd187c69aadc13e729310cd92f95046464f,Light-R1-SFTData-stage2-3k,3011,train,1748,4
1749,3ef6f0540a66048c3c92ead315a0c53904911851f1c83613c67eb00741374386,b74e1d931d1a82a3d8bceeb9cc51c014ca53f8c0ba27a5da9a619fbbbffc51c7,Light-R1-SFTData-stage2-3k,469,train,1749,4
1750,2a252ab3a889ceed715a39726587b4c46c144b7c2fc4589ff8e12d02f35dd0ef,4bdb766fc70275f2d0fde0aaa5387ee992c374cb42800afa7aa6afe12d359d0d,Light-R1-SFTData-stage2-3k,1688,train,1750,3
1751,aedf918857a79adabe4d81fca27e8fa586fdf842f41c5ee17374c523f7442bd2,552cc0a22b44e45673e66bb1abf55613e1262b173ea91f48be76dea5bb7c7520,Light-R1-SFTData-stage2-3k,3150,train,1751,3
1752,cbb4893d84360a3127ab0b155e0fab4e1236ee6f09b50a1b702266b89abe9639,8ca3659a79f0516ab9d542dae8c64d8ec3715ac2000b9854b28024a1fc23195e,Light-R1-SFTData-stage2-3k,500,train,1752,3
1753,c019562fb1e2d9d9cf848f56a77c4607e7752196578568a576dfb1b0e161c381,5077630aa2da45d934f2393f4e2a7cb856df2bcaafd9d719959de1070273df6d,Light-R1-SFTData-stage2-3k,3076,train,1753,4
1754,1651f09155316853c44a9806ecbf10be26984117d0711fb7e976dab3c36a2f83,a82f037bb4aa5ce6a9bd4f9b43e6c2db571273c25f3db2640856670556778abf,Light-R1-SFTData-stage2-3k,1378,train,1754,3
1755,0cf0d25e8cb9cffd481ece54bdfc1f9bc5cac976f396ec40943a37bb70ddb524,033702749c19b5bf650d33701b9a2b31717192f0afa8669e975f1ee6d03f78a5,Light-R1-SFTData-stage2-3k,3102,train,1755,4
1756,c65364aa54019572507a314ebf76c2691752ab34e4f8e78d731decd8b911b527,b204700ea2ee57f5d94920eb01ebd0bb5e46af8d83e49d664346fad874c2b448,Light-R1-SFTData-stage2-3k,1994,train,1756,3
1757,2b1d575ce4273b8b2e030ecbd8dc3ca9a74db1de77753ff7561d04f3176ce632,1aabf0872db5097db01fc236cdebfda872916e6f2be6c5bbe8223e2d743cd280,Light-R1-SFTData-stage2-3k,2148,train,1757,3
1758,73e0fe942fcc9f5edfa2563730dc28ee163a1b463ba57bc7624c21bc3a4eaa96,f8de5ab054d1d67dcc8ed5584b2bfa6832a189fa7149e7345125452a92cc124a,Light-R1-SFTData-stage2-3k,291,train,1758,4
1759,08cf31803ef433afe7c411f7219b2a78c18bce8584de26c617386b615630d6da,882b195db8cac5ec9bfe325fa8368a2f737b0afb8a4f00bf803f2c2f8f3b936b,Light-R1-SFTData-stage2-3k,3289,train,1759,3
1760,7d67c411fd8b8e833f42dcf76ca93a7ddbd4a223543bdc3397445a139a137204,268bdbff96dbfbf1f07c4c4b75352e46f710d57f49252f02c8a47cc900e81716,Light-R1-SFTData-stage2-3k,2269,train,1760,4
1761,0ea2ae161124fce20b1b946759682f12a183a78ea0d1fc93fa1b3aceec762c87,aa1023afa5270cfc49c49e6d4e24dd3f3c271885703cfd6f388442de717cd1fb,Light-R1-SFTData-stage2-3k,546,train,1761,3
1762,efeb46377af1ee08284805c4a7f0e3b61b16613632e2da573736dea6a2316d9c,51229d88f7072e3bd38e8cf3fa9970aebc7538bf7ec6377b6e95550fbd836081,Light-R1-SFTData-stage2-3k,3178,train,1762,4
1763,798d0eb1f50f73e933cb139391cdfb4039424580666e524e54ef1535fe22bfbd,5a740c7095841728e44dc4086ac20f3205ba17c43c7707dc6709f504e70edde4,Light-R1-SFTData-stage2-3k,1871,train,1763,4
1764,5807d86a9415fe67c6aeb211be668be0db6b6aef59447b8d79a5492ea6653c75,009607ecbce8ac0a8938e904997175b3c217dfe7e2e07a9c57d7c7892af5c196,Light-R1-SFTData-stage2-3k,1157,train,1764,4
1765,5d9c721f9b14e31f6f9b3b6e352324ffabcd11599c8224a7415728bb0ff9d402,445c10d3ff60d15f9f785fa46c4826a13c82ea81ed6103025ad68422ae5e93ca,Light-R1-SFTData-stage2-3k,1285,train,1765,3
1766,64956b60ef2950b909a5bec33dce8d0bcf051ec3780e8dcdf80e6e46d5274847,57b820178117c2d7723378769d706d328250d96f93ebf9f639bcea01ccd45bba,Light-R1-SFTData-stage2-3k,801,train,1766,4
1767,0544aa7ec1e3938ef3b2a245b58ed1dc55f39ec2553de834d6c356886f222bc7,cd42445dee9020c51c09f3a705b3a96656b2627147d729674192e23dae3be94d,Light-R1-SFTData-stage2-3k,1309,train,1767,3
1768,1cff37a8298292b4b35ea3ee56e455fe58924e13ba10f5ef558388714a8e8b14,3d0d779506a3e1c9e5747e25fef0850e55de9d30d6f639efa6ed1699da34aa9e,Light-R1-SFTData-stage2-3k,903,train,1768,4
1769,6a16004bdff7c854fd3c23005e43dfd3e94604e3b37abeb3394cda82e63da1a5,6bb1a5a4cddf48dd65a28e4bb29a9dd7c5bee41b97fa930fdc7c5af6f887c726,Light-R1-SFTData-stage2-3k,579,train,1769,4
1770,c23e9f31de7b87b9f172e176e5b857b4b2406a45be5033465a65d7b883d15594,b2f3c57c6989c26d445f2a7e2fbb222451527baca6c58d293a8fe02eb4b65350,Light-R1-SFTData-stage2-3k,1328,train,1770,3
1771,99e059c8b0aa6ab0a09e8fca52dd791335c3fe2ae7982d4f41ae5775771d6187,df355e6f27ee3e6bf5a7d71aea1e8bc35bc77c7d94b6c7d22081bda85afd7dd5,Light-R1-SFTData-stage2-3k,3012,train,1771,4
1772,b4b35627dbddeee2ec41b68f2a77c125004aae191e3b5260c095d5673b65c1c2,56ec83936916af19693c973bbe9d000d5c24c62e3b4b31ac31a1b7badb2e0413,Light-R1-SFTData-stage2-3k,761,train,1772,4
1773,f6587366ac31d8c214b54575d1818b44034b8b1ec338f42818df24aaa048ccc5,4e72a6e7e53d419337cb4387936c69d0fff6302d446f057ba036111c400d9048,Light-R1-SFTData-stage2-3k,1140,train,1773,3
1774,db45d766e8c88d9bf63958176db5a1b920d36a685269e3673d374d01ac51130a,7d9e310835c104cd81a2056cc7e7cc59e52d8479b2b6b45fbfd12a8456113153,Light-R1-SFTData-stage2-3k,2487,train,1774,4
1775,e481ab253e08cd7da63e6a9cce951a31f54cba75227b47896bf87f705634dede,ba1f5b8778bc4864575d133df847bcdd333126d8580f37d544907d6d6ca0391e,Light-R1-SFTData-stage2-3k,947,train,1775,3
1776,0d74e5de2a0c96e5a9856a297e6f67d617bfb35d7d49dc19292ddcc6ea2ab000,8832fe879daa63f39e591a55b0252f33e9ad434dca1ffdcb024549261b188def,Light-R1-SFTData-stage2-3k,596,train,1776,4
1777,ffe2369f02a3354adf0f0cba4bb20bd1bad9d8f03546cbb14c59cd18dda39d35,7eaf34b48e339807c66843ca814ee31f5c1e397e5d223ca07a85b8b9d0699171,Light-R1-SFTData-stage2-3k,3434,train,1777,4
1778,cb92ab6738ff33b1d22916bb8618c2e074407b95844c9fd21dfebc0feed08f23,7c1b9465e092a121a10f80e335868ee55d0ddb4435db2dd000063e66d3f09b99,Light-R1-SFTData-stage2-3k,2529,train,1778,4
1779,6ea9a00937e682acece2b6795731e8303c41776f8ed6f2131d87ff2514e0f0fb,ff99afcd53ce7571c607b5b8ef742539861bfe5407137608ef16dc5e2f2bb942,Light-R1-SFTData-stage2-3k,2579,train,1779,4
1780,f79fb702195bda93df9415dbfc35e676fa9c94f4fb4eef84e8b45a7002d308d3,c13b881daaa808772b743dfed07c5e520c9ff2fdbe63343867daf1c7f9ccc29b,Light-R1-SFTData-stage2-3k,2933,train,1780,4
1781,3934f23def11b3a74f10c87c745e8edfc068f58163e051e412d92505c8649838,e6c06e3acf895840d0ee0952c924c4e35c23a895f22b90dfad390cbca0423b38,Light-R1-SFTData-stage2-3k,1992,train,1781,3
1782,a0fb326f510769a71c33d6fe600231ae92e08e92c087ddcc55eb7642b72f740a,cb320c28c53c9932087715f09ac7e1f982af0363a5d2f0eb98f1b8729094f109,Light-R1-SFTData-stage2-3k,657,train,1782,4
1783,5a43952232f8dc9dc66db31167059ce8b21e7836aa48242350525cb6ea90b8dd,d73a2b6b59d6e43c7d226252bbd9f93b586a944b9ebed116552f8724b3c1f63e,Light-R1-SFTData-stage2-3k,2952,train,1783,4
1784,7df1ae8c5f74429b6954b22c9a9c619ccf0b755defd84802106a2f194a5caabd,f644fe6cf678142002638fd44ad89ab61dd0648d387a1e043c051cc99c58b643,Light-R1-SFTData-stage2-3k,1356,train,1784,4
1785,6200af080cfcedc919a48e69cf089e53536bf771e167cb8d4a39d652de2f2b7f,daf262daeba05efa5a6498c7c483e3f5df3a398ff22cdfc4b287e8ed5d543d06,Light-R1-SFTData-stage2-3k,2868,train,1785,3
1786,fd4055b9a03fd0ba09c11e2ca8e2813793bf883cddb272ed2e27166cbab8ff8f,821f409183e31c1b3edda92546f552ccb7f0e0608a0ca5f1b876d9176aea8685,Light-R1-SFTData-stage2-3k,3094,train,1786,4
1787,42e15280be732d22827b147757489a618cfd1ed33a429605517f88848996ee19,cebcf77ac7d9c2454ae2ab71128a63db5af9479a93819291644e3bd8ba0b2622,Light-R1-SFTData-stage2-3k,1405,train,1787,3
1788,310f1eabc40741b4549aceed9c135b72063ee5e47424507815a878374ceef1c0,3570bda4cf9fd7ee20c051e1806f712a98efa7ac8b944043c5542973f5042b11,Light-R1-SFTData-stage2-3k,3416,train,1788,4
1789,9c77122fa76c5522446aca75ecb4818dd8f5e63382db6d224e1622723fb23a04,47d384a04a5a6f651f5ba3d3fb9c29bd402d3448e2628d54474572cf78a9d6d1,Light-R1-SFTData-stage2-3k,1213,train,1789,4
1790,6785d683521510e470f72f43908b587d7a0a7f28c8be5fa1d54ca732c5f4d8fa,c9736bfa8bc7943831749c3bfd199e1853b70cd631c1b45c6dcddb4796df3d0b,Light-R1-SFTData-stage2-3k,1594,train,1790,4
1791,fe42fc40c165098245a969848ee8db59eceb9df44cbd3be2307b91a0fb6c2e5e,7b37c71e62b2779effcab6200da2db28e7d90c5f4b13920850465e037a9abd38,Light-R1-SFTData-stage2-3k,2319,train,1791,4
1792,f95cef9d83d36c03835a2daecd818db6b48262f99615c73c9e0b1446d8d11308,b38a80af442156363bfa99332503a8f0fe32949304dc86b2f4d85cfbacc2e34a,Light-R1-SFTData-stage2-3k,2199,train,1792,4
1793,15c2b5585c585a472e7940cd8cbf7204c21aca8a73519c8aef4a7c8cc9a5f643,b5eea838a2b10fe9a2d851fb1914276d5e7110916e95e9f494c6e6d424ffb495,Light-R1-SFTData-stage2-3k,3145,train,1793,4
1794,4e9955fa1e3ebba091c97e651122d942ddd0eaa1baf9a5cffe1630e01ec86f6e,a5bce0f917322cc1e4710b1ffadf901bf34c09fa48239dfc49f3484add9b93b6,Light-R1-SFTData-stage2-3k,2758,train,1794,3
1795,d76b90fe420dd154e825db4f6de876d3a75674048e0df40ec6397da6b08fa97d,4768d938c4d4eee69df50867ba3e56f977dabf1b996a6c5d2bda45fd533b3328,Light-R1-SFTData-stage2-3k,2467,train,1795,4
1796,edce69801196d6f989214371659724193adf2fa06a640340267dc5bdb07b2f97,bbf1d0cc81804672c9f68d9c5770d6ce128669a0724129d88890b6cb9d997618,Light-R1-SFTData-stage2-3k,3351,train,1796,4
1797,db3f1385d4c889ba3f5196f1901b2e3f0092676074747155d895097af24a2b2f,365e69a29b3c05fe7841f8e228e29e715543298f745e95728323f604fd4e4e18,Light-R1-SFTData-stage2-3k,2209,train,1797,4
1798,29f8d8544f8a936d7d505c3a79122ec7066842824582229089509206bfd088dc,304ed2e7fc97180013696a749414d4c7c16714302f5eebac46df51671e289de3,Light-R1-SFTData-stage2-3k,490,train,1798,4
1799,6b62f90c885d6c65a33b49651fb716814804894e6ee86011820b935f22c28734,28bd26fc0e981cf1839eda4c0ed42f6da60fa4555ce7943a36b4727903489058,Light-R1-SFTData-stage2-3k,1707,train,1799,4
1800,e8a13381114e09f4e1d179cc1fb9b1472695f3d0afce02b53a39ec5e696f27fb,f0e9063249a87e746ab52e2bef536f6959db5e92dbe45dba3379f2ae54016df8,Light-R1-SFTData-stage2-3k,258,train,1800,3
1801,04a04875d3085b63f5028e3f9fd7494f457490749d223dab8ee17fa288f88d68,0ccf87041499cc877ba0e1fd6cce4d3651536972c5c29046f91dfa51f1ac5d71,Light-R1-SFTData-stage2-3k,2666,train,1801,3
1802,a6765251c2118b75d5a61be83dee8dcd222841e3a92efba0bc1b58f646e3d21a,5c790a06106a7ebd67924375c5612c8dd1221ecd7674925e06b03e0a78f32cdd,Light-R1-SFTData-stage2-3k,1150,train,1802,3
1803,f44c8c8ea3a8ea3d69776a6371fa7dea41dcf06167075449fa37023e775b2ce0,55c4f96abb0be90a961a423effe716a0123c48d9d9072055b3ed1c3be7cb587f,Light-R1-SFTData-stage2-3k,138,train,1803,4
1804,a7d7819c0f573dd40c970f2cebc6604441e929c738c502201b81e5b08f268924,70b9c053ab7d1a7e0097619b256c2ca168c65cfef684ba39ed20c29a4ea85bed,Light-R1-SFTData-stage2-3k,1190,train,1804,4
1805,edd834a257cae179faef6f21434e9658ccd8d2a13a805358f88930fb24ef29c0,9dd22aef072823209109b6e59fa175422f8fd822fa7a2e4b0619a508ce98a755,Light-R1-SFTData-stage2-3k,296,train,1805,4
1806,ca03cf9a9189edb6ef9424a1b064a2866c227d56badd1fcfec9bf99697772081,283cbb8971a4e3f79ccca1bf53070fbadb751eead0f8e95b6a6dcaf33d3a3c2e,Light-R1-SFTData-stage2-3k,1008,train,1806,4
1807,a6f20f79323675b7cccd5d6aa9db65d15b470ac22be784abdc27f860bb57621e,162ddac9e7a5d9210ea2f265f58367da8f55d7ebee331be7561ca7a48dd2f3d5,Light-R1-SFTData-stage2-3k,1874,train,1807,3
1808,1ce51e2e05021cc69ddbf48a6b21b41aebb74d2609a6f58bb9a846caebac5b77,85371349fb16ca73b8ae837701320fa31a660bdc08d3fd5405577debe9397c2f,Light-R1-SFTData-stage2-3k,288,train,1808,4
1809,274537ec527994681dbe5c61400d242fffaca6e61b60d5d5d01eed623f7daeac,fc2a5ffa4f3e474fe5476fe594cd58f36b8d8f026b66f80138ad87ddb6cd1976,Light-R1-SFTData-stage2-3k,574,train,1809,4
1810,8b3f15d9145df50bc3b90fe6316a11ad35a9cf8a30eca0a052b32b4ab7b61540,8c80da40f92f06f96fb73a2bfbee13bc1e5f85ca155f077dae571c9105adca64,Light-R1-SFTData-stage2-3k,869,train,1810,4
1811,0b8376b78891919b957873f66aa8d5df1d167d060f52210926aa5c813e0ac8cb,2929ef426856e27775b84775b25b733594902dfe0ae7b0d61b29db61a1736ad0,Light-R1-SFTData-stage2-3k,81,train,1811,4
1812,7cb066710f301225818c7983437045ada2ea6d0c768d7e052dea37555d701301,bc92220d4b3afab12871b190b778fef32c33c345ce566823f0a375df9014fd24,Light-R1-SFTData-stage2-3k,2700,train,1812,4
1813,fd3d2d84d09c035466a640018f51c4303049927c4d4a656515169d14b9f2f38b,4b9ec0d510ebd82cd03f698a8b3318c60a26936bfd96ed4f1dba227cbd642524,Light-R1-SFTData-stage2-3k,870,train,1813,4
1814,92ef58e8c88a9fe242d098cc5f3c5cc5d488012521cb67bce6f95d22cff7044f,7638a91aea62d712246fb376d94b5de83876635248f889a429daaf86b2a060ad,Light-R1-SFTData-stage2-3k,602,train,1814,4
1815,05e172333f23cd8fb873537d395a175a76efca279d776c280a655c517ddab43b,22ad9f1b85fccca48fdc27ce00469bb85d2363a0313fdb4e9293e65ac7d7453d,Light-R1-SFTData-stage2-3k,604,train,1815,4
1816,b8a78f285f97e97fa010498c275b0d42e5e4af7e04b157c19feb4c9b19ea24c0,5a84d14970e7b6af08130b7025fafa9ac1117b0b1efdc773d33c90af47806187,Light-R1-SFTData-stage2-3k,1780,train,1816,3
1817,1f436e9eec55d9b6fb7501210c780bdb239f25a51417b9c7e37ed781dbf4d3b2,b36ccd12c8cb34200ee0c8f32aba6843aca2a88fc2f778e2df1c68d62198473c,Light-R1-SFTData-stage2-3k,874,train,1817,4
1818,480bc71da47b02f9fb137a644ebe7aad3e1cc8a1a5fb7e4714f4dc9519984d4d,c4773219147c31641cf849f4cd9a1ea20dc8e730a36d4f7c4f15ec986cafb747,Light-R1-SFTData-stage2-3k,2957,train,1818,3
1819,83fad5c3102ff4cf499c13535d1673d6e6c358f4fb597d3ed64ebc8de8374e29,e2b207e34c2a0b098b5fbcadea819a220c069cf214734d6f6dc0d9419c856262,Light-R1-SFTData-stage2-3k,272,train,1819,4
1820,a15fb2ecbf0a1023e22e1e01a413c55985c61da9947eb3b39d919cb4acae3d8e,e447cdf9bd26a399c60bd727b9db221360d2bc0e517b83e66984fc45242e91f8,Light-R1-SFTData-stage2-3k,163,train,1820,4
1821,45b6a46271cff7b63c37f219db9a2d6e2b922811f946ebbc42061fb5bc9edc61,3bb0994232a173916c389671f69cdee7c8e71f2e6bb0576e5aa3d306c6f918eb,Light-R1-SFTData-stage2-3k,1098,train,1821,3
1822,f4c722b334f1bec33a8f5a103ea402d49ff07abce89a6fdfc957e1962e149519,b86886d26325fbe7bf0cf956b6de831d11c49d1f29bc28dca8953ab36f3a34ad,Light-R1-SFTData-stage2-3k,1842,train,1822,3
1823,d26e7fbe81fb06c64e59732ae75265af16e893fb53d1681e570c915ee3016fe4,44d237ad0d5144db16c3cb54f5df06c1d0babff919ac21605307d83d8c199e93,Light-R1-SFTData-stage2-3k,507,train,1823,4
1824,00400e71b110edb2c7be925c7bd6f7e093f88b7445d9681497830ff3d9827c04,59cf2d4acf91a9b70e7cac185d81e84a58d70f60dbcf4f70117e39d2684453db,Light-R1-SFTData-stage2-3k,2341,train,1824,4
1825,351f3c0eb2a68f573b4b7db9ff57dd740a325410296d1624a1f193b55bb36b81,4552ecad1fe542320093d94eba0259ee38701596d7a06b201d84171299a0f841,Light-R1-SFTData-stage2-3k,2792,train,1825,3
1826,a0ab6c9da3d8c8fed702c76fcbc5cb51f8914d60a96fa0daa476da06477b52be,0a56bf70b482250a1d9443a4abd5542f9a32f52df1f806eb01b3774b627fc3e7,Light-R1-SFTData-stage2-3k,294,train,1826,3
1827,0453ac2b5a0fb5d7711da7381fd91ceb88509ae22f2a7b32160fcdf6f697f112,55e3de8dc4e703d2cef83d6fcbf081523b6cfc99d897b5355ec716a35e055da7,Light-R1-SFTData-stage2-3k,921,train,1827,4
1828,1b9fff1b64dbd0960316e9ce1acea12a04517f75fffe100afdcfbd5e7be13885,f9c44e9f6aee76b108bfd52588371b00370c9aa844b58df98003ef29cad6af20,Light-R1-SFTData-stage2-3k,2176,train,1828,3
1829,994738eb1f2a9d18a593be1a3bf3efcb1ec991f53ab152de62d260102caa49d0,0c08d3fe0426f8ec0a7910f051ca7ffba8fd4b66017fad1d904557e423350bd2,Light-R1-SFTData-stage2-3k,441,train,1829,3
1830,34fcdd508422b8a092435ec0cee2312ea8f43890585338e21bda4f1c7d998526,7eafa50696f81e5055a0e8ca21ef6019453794bc7e1b27d439f0ce1077db18c4,Light-R1-SFTData-stage2-3k,829,train,1830,3
1831,08bd8d89b0b0629d8cc2f4844f76bd0e0af732a09595f8c7258e59d0e45847f1,102faa7d8e0ab3943aabea99df0fdb0a3a70fb381815acd2b1cf0b6a71c9d3e5,Light-R1-SFTData-stage2-3k,767,train,1831,3
1832,025bfe47e4d72a584b736a26d99603c6f4e5ed6c3f3963a6781768467e2b7daf,7858f01f176cc4469d31923da9f5560c515873c5bf5dc7858af651a355cefc2c,Light-R1-SFTData-stage2-3k,2192,train,1832,4
1833,ee48961a58180acd646a0fe4b22615dd1b3c9b13b49d38d0b04bf126caadb715,b705537d7fd142cdd7dd7604a73b88796e85de701db2972df6cbb41e2d45fff2,Light-R1-SFTData-stage2-3k,59,train,1833,3
1834,67dd786037a16083c95ccd17d4ea163663ea83fcf3f76b2eaa6a45f7ac76e8d5,fa0029890e6a071f422db1f278b3eb76a314c2fb947d8c3e0933026566ef6d73,Light-R1-SFTData-stage2-3k,807,train,1834,3
1835,3b8af3c868b959538a5ccc100caf85c337bf8c5a048b58cdf934fdfb9a34974d,bc0984f0d14b2b8fd1d13658897ef5dde3493e8e710dbce2806cef90b58a5208,Light-R1-SFTData-stage2-3k,1626,train,1835,4
1836,1efdba7d226bba92fc26fa97e2f80e0a119586a0b409d992477de7bd389e8cb6,efa4d8d5dbff97c18cc678ad79544b6c87b78e0be2e0d79a8d50a3d487fa66e7,Light-R1-SFTData-stage2-3k,342,train,1836,4
1837,d5f8600509454dfcd4fffe815935b1ec8150cd5cc11ef3bcbd2dd8d86009c7ab,16c6e260bb5aa71cec56ddebfccf28e94926e14121148664c148a4d86c638a42,Light-R1-SFTData-stage2-3k,1151,train,1837,3
1838,4f5226632001d6c537ae34df90bae12ea6669c4a02c562b9969ab2c1252bd73e,a98360851faacb64563d40aa4e1fa7ecf3972fb88a9f32145d5ca67aeb8550ac,Light-R1-SFTData-stage2-3k,636,train,1838,3
1839,80509450cf85f33088e02f2a35606cdd4a7702ee51fbb442b32f5454ed91a0ca,7b84be8936d5e8600588a27ebcfe9b6cc341c1db1b9787e7134d305489e0d9d5,Light-R1-SFTData-stage2-3k,2202,train,1839,3
1840,00284b9aa12b8d82e55c3a64fee5aebb9f4372457e33debf81f7094f018d7d45,e54f306fba492224148f2288916e1a02bf220f5f5ec24727ce3726e9e3884303,Light-R1-SFTData-stage2-3k,227,train,1840,4
1841,1981df8d91bc93c41a3f97068f0a6e6746bce9cd0e1c26f1daefecb5ee38cd5f,2cd6d788e7ab920d8497c407df499321829412d5799f2bd0c59a984e7c0811a3,Light-R1-SFTData-stage2-3k,2340,train,1841,3
1842,2847adfd961a5813623de9ed72620ba47d67d7de65e34f9fc858985c112c0fa3,31d42a73894c6abb68528f5614ca9fa364609f098a2b32d17dc40cf41687d9b3,Light-R1-SFTData-stage2-3k,487,train,1842,3
1843,2775c5150f793e1c32fa3d4dd4387268cf0090e80c357ad45bb0bdd536a0ef1e,c52f582b9745774e9741a086936abb0c4f1819a4c98458602760be9387d868b4,Light-R1-SFTData-stage2-3k,199,train,1843,4
1844,fd627469f6244270e2b66430499e1ea051a98cbd2f7bb675780a855a6d32e212,f260dce0f5b556d2aa3d1138378fe8283157c403194ee326b9ec5df4ba0378d1,Light-R1-SFTData-stage2-3k,1175,train,1844,4
1845,96e98ac691474a6f3141d35efcb4b9fa8242713387af943aeb2edb235f097539,38235fcbf151edd333e632d2cad0edcb9a8be453e73ec79b850c818aafd8a620,Light-R1-SFTData-stage2-3k,1319,train,1845,3
1846,277ba093b2e715c5921435b3a98a32b81cd00c0d66f0f61dccdf6e7eef41a700,b12403e214924b4aa2066cb5e5772b300e08c12bcd8d21ab6d7544be828a9f9e,Light-R1-SFTData-stage2-3k,1395,train,1846,4
1847,e510abb57bd41391e232df74f84d77ad20325288f21fb245967d324f4abfcb20,83ff6e4b136035afb462f0365f895ca0fcb7f64a89e3eccfb76a75036b40832e,Light-R1-SFTData-stage2-3k,504,train,1847,4
1848,e2690f4c16d35d7f104b7f4d5f4016976a3662a08b250ebca3aedf88d6c728d3,6787633c1dd38619330e7c8161e0a548ac82934a7023904b4f26653d9c67628c,Light-R1-SFTData-stage2-3k,2137,train,1848,4
1849,b3b4bc59b5fc1b7cbca55362e06a6fb1a64fd9bb5f0e645749fcf6613bd8d763,324c73a74d806e3c2c7b6f66a518f85e3022d37a6c8dcb6da8633afbacfbfa45,Light-R1-SFTData-stage2-3k,2582,train,1849,3
1850,b486b0f61183767a3ebfc6c4216620b23cad8a39bf76d53f28da2a5d30a85abc,6d48e58788608438213d5265aa5767791c883505b095525df488669c25ab2a37,Light-R1-SFTData-stage2-3k,1236,train,1850,4
1851,30a0025972bd92973915a1ce391c9c79434ac7a9844ae6acf8ad9ce76f9efc4c,8bdd6e2ad58e62eea58f9fab810bab2d981b6262b8032b5ce3bccd6ed36767f4,Light-R1-SFTData-stage2-3k,1972,train,1851,3
1852,1dac4f59bd817161d65f8b38218378e7983064b80d90c4564a5471dac6ec8feb,61e28690c35119d3ac12b550fa93b6c9580d9fcb3bd07a9b430d3e3d41af1a34,Light-R1-SFTData-stage2-3k,1706,train,1852,4
1853,33c5ed400908aad3401c690855cc078be7ea6a6e14d61ee369be0fc044fa428b,a8674b7e1ace101c6c12b7051867953649d4baeb215e7f5af76f47f2338d3fbc,Light-R1-SFTData-stage2-3k,2859,train,1853,3
1854,0635e554ab4fb83b35791799c51d6662923f77458f1c7156a8a4c724300835fc,2df1119dba2cd823906e86dcb4cc7b9cc6dd358daa425332b8095ed232283815,Light-R1-SFTData-stage2-3k,1286,train,1854,3
1855,11b113d16f5e69228923eda6932dc4a16809c595ac22fa2462c955fbdc60412a,4bcd354bf534a032ee643716467ccc5efb34947ffeb4b5016b7657c49e77020c,Light-R1-SFTData-stage2-3k,1076,train,1855,3
1856,eb79a36b3d3d49024a4810b260f726553627482d14c34fb094ef078b49277b9d,27776e99ca37a0e9a30b247768df2c8de9c2d1391f84e8f55b6232cb1eb11b06,Light-R1-SFTData-stage2-3k,586,train,1856,3
1857,35c2f94cc5a870cfa20adad351d772196f3fae672a65a899165d03dc6c207f93,54a0a7b3a85191d6e7ba47f6df0caf31c2a9702cf84b538259d74a12c8e3ee02,Light-R1-SFTData-stage2-3k,1674,train,1857,4
1858,8d357717725ec72caf3ecc8570df16533a95ad8a4798ac0b8696c3b6cabe7d3e,7194e06b43ea281a0026b9339e8e0e8e7b498397852e800c799701b5a09c7c21,Light-R1-SFTData-stage2-3k,56,train,1858,3
1859,521a5e67bf0fb73cd66fa18dd75338868d47f420c8787a9cd15765b1e8f8c6e7,7a061365f5bc33c250e57d18f3d58a38d599075636e02a15a266e02a215aedd6,Light-R1-SFTData-stage2-3k,2168,train,1859,3
1860,8377d59fa32b85a6f5cd8112598cce33a2046dc39a22a9ab201cf5a85b73607b,2494e99f07d2c345280a60c1a7ab0f94d4465e4b63f065236085518cd87a439d,Light-R1-SFTData-stage2-3k,393,train,1860,3
1861,1c9a8d40c160e5deb1f78d465cd061fe4edcaeba216e560d36b4e88cce666021,08a0dd41316c3016aa593c7a32f6ac5245967201706d3dc0633672d7c4c78858,Light-R1-SFTData-stage2-3k,1141,train,1861,4
1862,361eb57f4db38a00a969b9ef40dc089a07c6e7d7f004ec149810c5fda78a45fa,a1d943889adf1d957816764deed196c85ddc9bd2804607ff98480f8b761fe177,Light-R1-SFTData-stage2-3k,1469,train,1862,3
1863,de86febcc968a39edd1ab80770592de4d6c6430fb64ed4ce7aeaf92186960e06,f865a89e95ef27322006e933a0442d9308bb434c897dc40da8750f866af3d6f1,Light-R1-SFTData-stage2-3k,2367,train,1863,3
1864,beb575d7695758ec5697ec2014e1210e8ed4d8d5a3458bffa41f341d05160a38,11640adb8bcee86888b18e8e601e66afae4871bc6ba5f711b42289771e3e2886,Light-R1-SFTData-stage2-3k,581,train,1864,3
1865,337e57b1700ac45a3961cebc107e9bbcab1b73716942e4ad677fd6449d8cf219,7712bf82defadc1b756e28e67b5f7fd3f532133669add157248a812c5631e02e,Light-R1-SFTData-stage2-3k,1358,train,1865,3
1866,10d91f1dbcb66be56f5f762a1a44ebff3f45179a08ba162f2e0effdf4020dc52,b6be2670370f497161621d8ad88c900faea8d8ce204a18441477e234000eb35a,Light-R1-SFTData-stage2-3k,2977,train,1866,4
1867,a21a00b86ae0f8a7d9237807735d55975c047cc0986e532031f83d68ab844a71,6c099a6beda14a5fff12940af4065a0e1562e2905daa7aeda8a596b37396f732,Light-R1-SFTData-stage2-3k,226,train,1867,3
1868,a3d9613c120ac126e86d16f0df35d63415736f681c6646c2aa1a734d2b5b4646,adaed50d651ff5479cd784a04b52adb6a1a13d67e91abef08e7ea43d6774678d,Light-R1-SFTData-stage2-3k,2759,train,1868,4
1869,8ab9b8f21ff573fad5d666d9a6575facd65cb59f0b1edeba5fc1bedb82aaef96,7f9a50775f0c9c8cea18bc04651500867d5a197fde4ed45a6563eb3cfa3c4ab0,Light-R1-SFTData-stage2-3k,3454,train,1869,4
1870,900e44463f23480eabe3db1ca0a2a89779bd8289994fbafa17193418fda28f5f,9b7ffaeca95cc4c1ce75e75187a11f0376e57346646ed72014bc135f82e3eb97,Light-R1-SFTData-stage2-3k,476,train,1870,4
1871,018e71ef75a1a1daa95e809e49b21bf1a89917200cdeed78ade412895769305f,9c33d75dae3b68f499a7c63cf5c3d2abf80e698b866007c31db9239a3755c320,Light-R1-SFTData-stage2-3k,844,train,1871,3
1872,ef22538823227a3263eb020547eaec01f6d7e613ade67e7c1fd4d00640f70110,5b43cdefa4c7b5c16a1037b4a964105cb2da20483901153e78ba3059a777eb8d,Light-R1-SFTData-stage2-3k,2013,train,1872,4
1873,0a272cf7979de1ba7c7532c2d57ca5268ef48c84d89bc3a638e63e38c6f6e4a7,d1d8899b464653e59533dd32a8f89b6636839298018ca5505de1707efaf713d3,Light-R1-SFTData-stage2-3k,3361,train,1873,4
1874,0f56160a80a49ea43b8cf3d1e606837b29f292c09ae9194dc8e244f8e67ae18d,1ded4dd4913ad7cc1aa619ff290566ed005f841d89097c947eda39427dd95c74,Light-R1-SFTData-stage2-3k,1726,train,1874,4
1875,c4d8a1772edfbaa8a03bf6aa3457892164bf20fc6d089dbb1dcd703f07f190cf,c01b94e4ba1634744e3dabc750d2e194848c26c254612a9faacc8d3df9534e56,Light-R1-SFTData-stage2-3k,1357,train,1875,3
1876,81f3a3225724477472eaa85ac87f30c95bf6752883ea0566bd3c3d9b20e803cc,dd3776fb32d48273d396baa4db65e762ecdcef816e2bf855ccfaf41f8dab53b5,Light-R1-SFTData-stage2-3k,1158,train,1876,3
1877,98c5f1fc94aa78ad53967decf3e1d441660888f6828b255d0658f44a19fa4e59,7dec5aaac30c4682cdcd60c847446c7624ba68bd58b35618f2746cfd06ce9f5c,Light-R1-SFTData-stage2-3k,1665,train,1877,4
1878,92c78ce1c67b1fc4cb0dc4236efb2a9d1faf72b779e1c00dddf4119e4b705a77,c7098ea8a2b43c054eb964e070e1a3fbd860929b4ce8264872732a1695f44eef,Light-R1-SFTData-stage2-3k,1826,train,1878,3
1879,95b5e63adc3210739586a7a2e3fe22a1a2b1d25575ddfb07679244009c870af1,19681cb5d2afa2d3131e32dd11bc3252364fb74ed8800d8abc6eaa8737b5ffdb,Light-R1-SFTData-stage2-3k,2442,train,1879,3
1880,3c0bb1ade05b671b40b142c95bb4daa153ba86095ce62e1d70fe3308d993cb60,5ff04a92900ff256b446e646f93c4cca446032ab62ccef7a708fd77976369dce,Light-R1-SFTData-stage2-3k,3105,train,1880,3
1881,2f52334caa411a9fddde2f9e860ab5e7bf43afc7f4c2a96e7014e77cdb10f52c,b92afabd7462b726d6cade782440d36ce66cb436ed22e6946cd2a219b7732832,Light-R1-SFTData-stage2-3k,2632,train,1881,3
1882,bd1161519ab0d3fa7eff02b62d22d6cc50bab13462ae67244ffdee2786f54905,2fe10c1162dca543501f0aeff2ac48d35a7cd160f343c4542d4ee2ecfc7e1d9a,Light-R1-SFTData-stage2-3k,2301,train,1882,3
1883,0c406bfc23d582dc67295873f1a6a13ee9b633a8b4c4cd69098ca2370b973769,8da6c97527fc579d97c28c66264ebbca07cb59d6a0fa9b43f30f8edf557a4433,Light-R1-SFTData-stage2-3k,3444,train,1883,4
1884,7b28d4a60eba12630003e58774875ac9423aac59a8ee081d4c34c133753c1075,e281026cf737207e6c870470bad7606010a5cc38b5911410f4215e14c67fc9f0,Light-R1-SFTData-stage2-3k,1734,train,1884,4
1885,ecdc4c7f9b973e1c4b7b36fb76910e7f7971ae3f9f4a8953c8ab411a75ef563f,b48ea22b458ebd496cc1cfe00463ad532f0fc14f87066c1157037244cff3c410,Light-R1-SFTData-stage2-3k,924,train,1885,4
1886,ac568c40b2d038c9326996f82aba84d5a7b3dbd2bfd3aed44b5eef732f549bf0,ff88636bef34d2ae6fda556893c3d0f0b1069915a2376394e36451d03b766535,Light-R1-SFTData-stage2-3k,225,train,1886,3
1887,7630b413e6c00c55668288aac59fae5088e3c3cdff29a33b0e067e23caf19433,399d9b16899099296f5f3f63497071ee41184b91e7b3c6b3adc49917e5124868,Light-R1-SFTData-stage2-3k,1444,train,1887,3
1888,ff4b8650cd1cf75f86dacfce65400705211153ef89594877e1f539387ab522b3,9f5b0d7df880a94ef86c56edff8f566ee2e4c9e7614934eba1e7c389f2af0ffd,Light-R1-SFTData-stage2-3k,3156,train,1888,3
1889,78cac2a65d3f31f010b89fe6d57098d94bbe2a28a4a5f89f3c1ed621aeb7279e,f21121442930563449d807d5bf4035dc1c7a2330f8ef1d47a299bb5a35db2fae,Light-R1-SFTData-stage2-3k,3475,train,1889,4
1890,c05fa7939b78448c638def36885295326800b9af1fcf6b519dff02970022ab7a,d39c9af925218943a7176103c29ec288878355000b6364ac7c27084f122b23ce,Light-R1-SFTData-stage2-3k,1191,train,1890,4
1891,56e51a8ebe44b4818e8c85ab6eb66ffa7af583dd3cfd92562c4f130469a799d0,fb7ada4e47092b90de18a11a5ead4ebf9d9a4c2cd826167ce5e7f2c8f39ef362,Light-R1-SFTData-stage2-3k,853,train,1891,4
1892,f5304b02db01f4381eb531b7179a3f3323ae16b83c8b7db5e7f114a8893bc1ce,a0b56c3da3b49841b6926daf82164c6698e61a5e32fbc963a28965c7a048b885,Light-R1-SFTData-stage2-3k,102,train,1892,3
1893,4d4b902a532b220e047e8121d642b5d0d1b61adaa20374e1af4c9b5921ee5a30,440d311688fbb81f8a305f687d9d85f51a8e6bad0217acd5a1e2462bd953e0a2,Light-R1-SFTData-stage2-3k,834,train,1893,4
1894,a03b1a5675cc67fd68cfacd0d7778eb0701de1bbe0773ec7fafa5378eecb9bb5,e892e276e1e794927609555ca718d6b26dc3510c0fe6436a412e46d34a17a971,Light-R1-SFTData-stage2-3k,1985,train,1894,3
1895,7b53defc4fb2403e1d7028e4ae4e6305ab627dd50c6dccc8a9ef598cb41aaa68,0dc8ef10039e5228a4b9a4a13fdecccf8e3911addb15898afbba6fccf0db620d,Light-R1-SFTData-stage2-3k,1792,train,1895,3
1896,82ae4e4004e69c7a2319453e3d5616aefa7afa36bd43efd3e26dfdfb02e60052,d81f17de252c251f6742d6bffb7cb152a6b12a6b132109cead46de7b0c7615aa,Light-R1-SFTData-stage2-3k,2540,train,1896,4
1897,0f7b4c0b57917da3e1c100757dd2fd14b4b337af07969f71c3e27a0aabb43acf,f539ffbe3b5768e797227b363514393b07f253e6552a3af87cd764768565ae6c,Light-R1-SFTData-stage2-3k,2803,train,1897,4
1898,cf09c57109788a473dd36ef086f5f885953b14ea022a48bc57c783920b84a025,62222ea277817400f33b1cf7f0316eef7f0e1ae7dee08a7123c57c8ddfb55de6,Light-R1-SFTData-stage2-3k,2139,train,1898,4
1899,dba1077b22e70d70a7da1dc0df568521dfb086a57d7df13ee9122057f09bbfc1,bd4c5cac9a66b7576f26bccc77603bf720cc9e9e9cc5d2e22ec1dd635b18fa07,Light-R1-SFTData-stage2-3k,255,train,1899,4
1900,c5484f79ebaa3fa9815f6f2a6f8523bcac0880f4696c24c14c5fdb07a89a5ced,d4e694a270b83ff1b4432897e25323b1bcf4b5b223a5634e3d40f3dbdac34eab,Light-R1-SFTData-stage2-3k,230,train,1900,4
1901,7b04dbaa0db1ed8ba49e8f154cca70721b7733f1ff60eb042cf00c7bb8768d8c,91d867652ac8e80104da68f2ef1e583cb6619fe2dcbafa01425ff7cce40fbf3f,Light-R1-SFTData-stage2-3k,1702,train,1901,3
1902,3a66b1b3d11b85696b8030919a8d43007323531c6f0f3d9e601398facc958ea2,a149b1af5726243ed339a805a65f780aec3b11d4937d8127c1ba35e0393834fe,Light-R1-SFTData-stage2-3k,2296,train,1902,3
1903,7e901e5479a5ab1dc5434571561dc3a89e23bf9ccbe60d7defe580911bcf6d2a,efde2aeb0ea5c8921be02a189ea28109bca18479ed559d58b2bccb7460707826,Light-R1-SFTData-stage2-3k,798,train,1903,4
1904,f94372a5ded3bc2716a8163257c6d72f13dcdb93c1ec8731263ea836a9181678,b346bbf14b60a3117f69bbe4bdea4fb7c9a05d565ceb543ef82691b672fcac8b,Light-R1-SFTData-stage2-3k,920,train,1904,4
1905,2df734195bf26847af389c838633be663691958ac0d1d156a19b07ca8aa2f588,870c6594a0956b74f955f9f8098258a37717184a55b7f1de8092c4c82e201c51,Light-R1-SFTData-stage2-3k,1922,train,1905,4
1906,236ab9052496f10bbe11fdcfe08a7f6390a3573e6a4ae36f676b7d71023d43c5,d3ae1006386292c7921ddad3c25e22e111a245a6aba1c4a3f17dd89aec078b86,Light-R1-SFTData-stage2-3k,3443,train,1906,4
1907,71d2cd00a08500343242a843b4401c550e883443b3e0403fe97749691f552554,dad6c0a8bb164c90c1508bed53409ab5be10557d192d24a281e7574c1fce9a5a,Light-R1-SFTData-stage2-3k,467,train,1907,4
1908,ca4e18951dd7b04a07a793cc1727b3d4b99f86ca4440e4822b8dba802fdd2336,3d25d1e4fbd76fc1d23d0d677a944e2b7fa9961130a41ca90cfae7792bfc6f2f,Light-R1-SFTData-stage2-3k,3249,train,1908,3
1909,c4b918cab2a3144ae94883e0671fa6838401b7c878ed902ebfad9061039dbcc5,b6e8c9752a528445f2ae290297fbcd464fc687ed585154d8f08158516bcec0d4,Light-R1-SFTData-stage2-3k,619,train,1909,3
1910,91730a9ad719116f1ef05f6691fd5c3b276e50eb57327563b490879b59e0397d,3581b9e41690854bff299773b79d29d5fac3ee6bcb62ed26dc438eef8fda958d,Light-R1-SFTData-stage2-3k,912,train,1910,4
1911,9378acb601ccf24d29c27c17643864746d707982635030ca9e923918daa96c06,73582880c567d144bad97f59784ba43aac4e73fca2ea0129464336943df6cf2f,Light-R1-SFTData-stage2-3k,14,train,1911,4
1912,e75d16e88187f54b10694e46b0d9165ef2ce55ee905652ef03fb58a15dc6c498,25dc95f006801032f8ba7862c10ad6106f28a0fa4baf94007b8f1b68eaef76a6,Light-R1-SFTData-stage2-3k,629,train,1912,3
1913,ce846b5175bca9cff31db0f5974414ce08922e1d536369e3b80007fd9bb54c1a,6c0cf88bd15da581f1eaba8f78ed86dc30e4affc73c3bddefa28d2dd33032f3b,Light-R1-SFTData-stage2-3k,2360,train,1913,4
1914,73100aeb59de7a9214a14a172dfd3de3e6f4421730ff4056a2e11381554c1351,0efb01aa81eef2b6e9fe86ae9f3b3b131aa41a6150f13222e10cecb5a1b2184d,Light-R1-SFTData-stage2-3k,1570,train,1914,4
1915,deff7ad70ce84300df3a2f852463aa99f9d3e8cc53d593843dd90e4b753a49e2,70d47eff1ef6e6b5536082ed0bd9592bb40b2ae13967d98647e37d6021708032,Light-R1-SFTData-stage2-3k,906,train,1915,4
1916,6d8238cfe50567d6359462f0c761b9de3f46968056a3628ee2496a0a2d07532a,7fd005c6405457f29fd15c99f2cbf7559cf0a48503ed030b0c46c1258809add2,Light-R1-SFTData-stage2-3k,1836,train,1916,4
1917,c514d46e09def29d90c0f60b0b05f436b7cedbc258f7079b6d2986918e8535b4,3adad7f6ff8f726c70d45f6f4132ee730e3c17fb116916519e0b5eddf0bbb6e8,Light-R1-SFTData-stage2-3k,1675,train,1917,4
1918,b6d2f282929e8f06c008ac0212ed655056316618cd18ad798e7732736f4f59c7,869f5da2ceec7dd2cfc3a9d75abf639f76497c60e3ddd14ec4ade789b56a5af0,Light-R1-SFTData-stage2-3k,3103,train,1918,4
1919,abfb1f42925a2f15e82c9f0980bef4805e46445f8e8048075547a1757ca7ffab,b6745a7aa96ca4e8899b5dd5c5de80dd1a5f1addb29c86524b5f9599b8c8b1e6,Light-R1-SFTData-stage2-3k,1294,train,1919,4
1920,adb4a0df83650e9214a3456d8c6641daa0318e762e0d92658b1e1f4e2fb437b9,e33900be546178de458e61ae7b7e76ca5ff285a86cc7f0aa73590ac14340d11c,Light-R1-SFTData-stage2-3k,322,train,1920,3
1921,4812edd3f355ed8717f0769e6796dfcd89bfc860fc3984e62dcbe07ab32e2e57,c72e5da7057a75ec6f21e578ed8b2ade69f7bf763e03cdef9130c108b3be7a20,Light-R1-SFTData-stage2-3k,877,train,1921,3
1922,0de932e89028b1c8709e3c678cc4a669e4fefea28b7e1dc3b8330512da9bb318,2a4bc83cfb3ffab56176def757354ef72555ea4e27496fe548c3490df8b3a772,Light-R1-SFTData-stage2-3k,2982,train,1922,4
1923,ec6d465c6e59559205482d4ca36d5070265b88f6b9729ada014ee0f673085df7,4ceca5f1a5fc5c430484b4e821b40f855b2858d2d08f703bf6cda7f457d2e80a,Light-R1-SFTData-stage2-3k,1864,train,1923,3
1924,2bfffb01618dd9a025a103d800883f3a0e47f2c2af9932705fd001f6d41f2e00,d33457e05f90e07dc58a475320f662f457b02d8f901900800d7e284fcc8c8afc,Light-R1-SFTData-stage2-3k,120,train,1924,4
1925,88a6b7ef42bfeb30c230ed95b5c94b7b514b257ee6973bd96d3439a7fd8381e2,3b093ce626589d5ef3b6484a4f7ad0b5da7e7318fa17075bf6ed4de239d00ef4,Light-R1-SFTData-stage2-3k,320,train,1925,4
1926,7ac6d2884e8dc78b3764ec25b176380696c7c1c4b1cf986722962a550051a7e9,b7f50c2274d305b53efdbba508ec3a951327247dde7e346a3d5e0a1cfe59f33f,Light-R1-SFTData-stage2-3k,822,train,1926,3
1927,bf380ed7e18bebf3aab8529b4f4c62fca8b4cda5d4c1bd3c9113c664a26d933e,086b8265bca19a2e87e069ad3c78814a78fdbb7765ebf9bd4c339235ee30cbab,Light-R1-SFTData-stage2-3k,847,train,1927,4
1928,42e9e27e8d4d8053d39946c9e6ce1ed687a7ce694d878fff7390a3a55b1fbd71,d3c2ed02f0ba25659b8eb3ac5d456d8094a76ce855edbadbb0691f9ceeeb8f9d,Light-R1-SFTData-stage2-3k,1856,train,1928,3
1929,700e73f99ba617e1669d6c20e13dbca894d13206b460c59aa7d1e8b65a327a87,afe9def20f7631b0409f4d2e96970c765c075aee2bd195b73878015a8768f098,Light-R1-SFTData-stage2-3k,1120,train,1929,3
1930,5c3671752b6b4526881378eeae5d00f1bbb9dde41ad4a88013fdc9b7157b1509,53430f206fd2dcd9b5fff37e0dfc4c7d9c74247ae9217c62d6b7b8ae70322a3d,Light-R1-SFTData-stage2-3k,150,train,1930,4
1931,85ced1e0c6a6835f5459145cc026345e22f5ecd51ae34429de196615ad1eeedd,868e9912b7b2e7d6695c0c2e64ca4f1fcd775aa63470c4db182cfe5ed9b97544,Light-R1-SFTData-stage2-3k,3411,train,1931,4
1932,1ba1a6d241690fd83f97b7b2e5ffa45821cfe61f87edc31645082e059b4a30f8,932c7fa625066ae9f9b8391eefe82679186585f5c22a9b434b042c9231f7cf22,Light-R1-SFTData-stage2-3k,285,train,1932,4
1933,83233c4935c0d0311253436c42770ac1946b15891ea4b88cbd3021e24d875d0a,e497a32418c8a95181bbfe47e92378edc3d8bb4cad8ee14d64ba3e2d360c30bb,Light-R1-SFTData-stage2-3k,3302,train,1933,3
1934,a24ac97649864078704533263e2cafe1fa35440301ef421461b5a238b455b487,5120f3750317fcf4a85a947cbc41ff42e82c4fdd6618e63eae94101c6e70c9df,Light-R1-SFTData-stage2-3k,1820,train,1934,4
1935,985fb6400871cbf90b737530c086220f30eb121630d77718d32e057f771c05b3,dae1dbd731edcba155d1759aa65c3d4aebfdaaecf90479bad18b4cb9bdddc5f1,Light-R1-SFTData-stage2-3k,425,train,1935,4
1936,db0ab24a7cb53a9760cdff6d9e921139ff8057a26cffb9624e8245bfb29d1f4b,dd781ef92860302f10946105a1dffdcb2a79eb48acf891359100066ec857d6b9,Light-R1-SFTData-stage2-3k,1278,train,1936,3
1937,23e0ca776779f6215108c3a5f0031eed312231ae954e9e64c1278683e6f71c06,8964f91f6ae17debd755c6a8fc00723f986f891d16ecc3c474b49d06735c3760,Light-R1-SFTData-stage2-3k,2518,train,1937,4
1938,f51130325e6d311c7412264f8d5e00fdc7a4b5d6466db48dd87dd34391d8fa4d,644d94a3f81a1ca437eb1e0ab73b30b4c200473a4fa2e69233e51264d750b413,Light-R1-SFTData-stage2-3k,1253,train,1938,3
1939,97f4cda58a638e66c65701ae6e1ef5fbbc4087010df898f54cb6e351f5c3ee7a,185b8cedcdf9edd3d613cb58bc872c17a8d0c011a1cb1f5c93c1ddbddc78ca26,Light-R1-SFTData-stage2-3k,3171,train,1939,3
1940,4b6b53eb7797372ce3e41f45d416aad0e69593f9f65616e0d7152812b6933275,2e4b006042c309a7e74b1b53b91ec462636295d92fa788652bedae546f556b2d,Light-R1-SFTData-stage2-3k,2087,train,1940,4
1941,a8c82887e905774eaee1d23f20216a25b94c836707c73bebd7b4f0ef9d5916a0,1db7b53818a81a5a24efa2203192c0ea20979b51531e21c73b2333a735cd300e,Light-R1-SFTData-stage2-3k,742,train,1941,3
1942,d08550bfad09eaf6f3fec28b4652dc6d5eaab8b22aaa60812c7f1e043002397c,f3b47382ee055ac69f36fa4e012e26debafe6521298bb0b3e07291889733cc61,Light-R1-SFTData-stage2-3k,1365,train,1942,4
1943,e545c92d69544b3850a286f7ec71946a0821b39badd6c8559250bc5b2387a290,a4e0a20c67505386edc6c78946410b5fd41cb04129e9b81a269a8edd4c6e802d,Light-R1-SFTData-stage2-3k,2833,train,1943,4
1944,dd351b5591ab904c27b497a0dc065f68c63d38049c941b73c3497e49a2b69d48,d1c279f7b5c4b9138d6d2e77a7fca227bffcfcb257e8a2c4cd0f84472332d110,Light-R1-SFTData-stage2-3k,316,train,1944,4
1945,c395791c5ff30b7ac5e30b45d2ad5a969cf8f3a75e74716163faa91228f5ca31,23d3f1907e993daf79334dff552e5dff20c34297697c058083eadc623246a4f8,Light-R1-SFTData-stage2-3k,309,train,1945,3
1946,295e37ca0489fd9e08338a5f4dbf1dff693accdb13f9a825ed7ab37b13052423,f2fc5bdb8ff0feebff22f12b02d722572f6c5f1d9fce663561db7847cb7aafe4,Light-R1-SFTData-stage2-3k,297,train,1946,4
1947,d0a5a762a3b306bfb275b75ebd8d6061792e45c53ff634438158bf3f0ebfc2e9,a11cfd0db09d2f538230891ac55feaa3c0a671d5935ccc5df49e7e131c0bf97f,Light-R1-SFTData-stage2-3k,446,train,1947,4
1948,15c48cf5d61dbe6371defbc6031b33698e46b2b7dd2c1f1396d6a82c10f6322b,2d64c5d34c803e65fea301508969dd550f933d20733af110c17b495d64d7f845,Light-R1-SFTData-stage2-3k,2152,train,1948,3
1949,1ebf80d680b7831cdd9bddf50e571d20f6aeda432330993c50e71eb14d05d9c3,c13b5868a35b740104297b99e93fd8058ee70f91f69e5b2b71cddc5ec60435bb,Light-R1-SFTData-stage2-3k,1377,train,1949,4
1950,784fa35ab9bf9820e2fd5347765ec207433a1b6d79c37d4ea0514a3f9a4d595e,9a0fefe9b06fa6c5a53ca7854e72611a6909faff0506be2d943de0c615982aea,Light-R1-SFTData-stage2-3k,1138,train,1950,4
1951,175b2ef30a60f50aff219ba4c3aad6f85a73fbc33da1c0283e0849ad13ebc3d5,bdf51ce7a8c5663d91a0f0f9888fb8bd0aad734cb78450c36f669e27e9e025ba,Light-R1-SFTData-stage2-3k,2585,train,1951,4
1952,336122d1e2e6d6bb58f70cbbd0680dc1737077946a76462ec08fa6eaf9e43e33,d1d6203df0487b9bae573a47700ecd5fec3e6d4051d9e56b22639d7aef51d58d,Light-R1-SFTData-stage2-3k,2260,train,1952,3
1953,d38381abd1b3c4fe6ab11f4db2efb98ea802031b6c248e0b274a438228084ed1,926ab37e02851fa3f97cd0697f95c4d9d8c55f68e5c337b3ff53e3a7bb380007,Light-R1-SFTData-stage2-3k,2364,train,1953,4
1954,151a343d9603e5a6dce8f4b3be9139b16cfadbc7def583d0522f0ee04b62ab5f,8724c5dbf5ca9bf35d3f0288e8ba5f787e93c02eca9c267781325f06907d72f3,Light-R1-SFTData-stage2-3k,987,train,1954,4
1955,6adb75d948805ec8f080bc7e571c3340c7cfd239c3dd12fa0a7ca3d1adc0e1eb,bd7627acb30181ab3f5a65b094796656aff4225798c46811ad13e7090d46c175,Light-R1-SFTData-stage2-3k,940,train,1955,4
1956,d665d40067d0df88e97eadede1a41ab6b5d0531d0d84dd3aa607dd5975d23352,63d7a95eab4e2b136db33fbac8e535c07c95af70e06b4b0a115b86f99b97efe6,Light-R1-SFTData-stage2-3k,1402,train,1956,4
1957,3bcc82aae9909ebd399d0a197cdde96dea536707eb45653eaadeaabd86a9feef,9bc106a205c78b55aa3d2a22899324389136eb7601d39486108b53b4706ee5b4,Light-R1-SFTData-stage2-3k,2541,train,1957,4
1958,3bafb9ba2a3729f65df6e44ec6908df1e7f02a3df0588eb9ae4892460d556533,0557fa2cc45318f5ea2fc9ecd0666f8e51b5d6491ab3c9a12b39b98c2053953c,Light-R1-SFTData-stage2-3k,1880,train,1958,4
1959,9e86158eb39df22ef6769ecaa0e41f091567c2b14e878b7f8d8b8d2a1b79b293,1e5deeb2df42c8cd4674b9271c5e1fddc0e3f90d53e8d441d4d4855c7a7c639a,Light-R1-SFTData-stage2-3k,2197,train,1959,4
1960,8611ba7163ff9c3ca0c78d51a46e45121eb852caca200b4ebde504d519d3250f,32b072a6edaddb46cc8b391acc252e03a34f3337e215549be849baf267d1f5ab,Light-R1-SFTData-stage2-3k,2973,train,1960,4
1961,ee09b6e2e68039f8a572fd18f2748a8ea60e34d5594e6bba8ed1ce0f6f6cdc41,9ab462e481036cd2c5291140f6080ec0c5c1cc0357889c20ccf0936d8152c84a,Light-R1-SFTData-stage2-3k,338,train,1961,4
1962,2c08716aaff7fecf28b240e7d7d4d58321f24e6aec43bffba7cdaeb4b4dbdc4f,735246b3942d593f42bc88669860598029c38604f9491795e749d64993cd5d32,Light-R1-SFTData-stage2-3k,123,train,1962,4
1963,f1a851e5d8d03fcdbe0cfefe3754d26a346a187fa7500934b81e6ea8882ad350,152015f40fa103ecdd8a758689c03859a0cd68bff1a90bd39e4b9d7b7574bc9b,Light-R1-SFTData-stage2-3k,3207,train,1963,4
1964,3cd6e5dbb297d52051c39d045e350502918620588e6b73bd8cb9d0274bed9837,aa313ea2c2587ad0bb6c45dfe11ae0c050b5b48cbd107781024c2ec20d3f17a2,Light-R1-SFTData-stage2-3k,2286,train,1964,4
1965,13c5201eed99435ac0ac1421e446be43d5c25498345724e70764da4d88920900,13bdd4335e42853e61ff154a917eea7335075e9015060f4f7137d7365ebf9927,Light-R1-SFTData-stage2-3k,1886,train,1965,3
1966,a3874c39136b4f74c7f3006c4d8b70405cdf5faf372970106670a5de6e18df2b,b0ff1b4d6b66fe1beb7486ef1be4bb06f1a87173dd5a53fd640548947d160494,Light-R1-SFTData-stage2-3k,1269,train,1966,4
1967,676beb043a771e7df64f41c380f06938ef7a3258f1d54d796b038a1be1d1617c,c090f8f5918c897e7bdc54fffb822dc1ade44d37e6f174c2840bf3bb81b498be,Light-R1-SFTData-stage2-3k,862,train,1967,4
1968,c128426b1ff97ae13186136e62568aa4fb0258081c05c655926e3c63308efb21,dae748d71b5e7d226515e6fde65dd4307dca77ab0051402ad86b86067d1f8978,Light-R1-SFTData-stage2-3k,1427,train,1968,3
1969,cad21390a44871d5948c04d4b980738af71209b2d39283214f646fc6913655df,e7379ef6572ee1c6a49f49249eceeeb6e3d827d5f6a5498f4011718af4446f13,Light-R1-SFTData-stage2-3k,2822,train,1969,4
1970,5f2dc0d44ee8b51c861839da7f3dd0d2e8d0a770b7b57e3675577aa3e4d84356,00c50819e60438c957dcba3eb72e01634a7d0f0e16897e5429c5752054856991,Light-R1-SFTData-stage2-3k,578,train,1970,4
1971,1a3bbd60d645f7e4cb06ebd9da736decf36d02992f43f57abfc74f015026a60f,412ca793798c9c23c6f05b0df76ed4cc279af91ff996251b7379d2ec5e013ff4,Light-R1-SFTData-stage2-3k,44,train,1971,3
1972,792e36a4c20c1287f94a3028b9c2225c0e977c1254721ea8e0d4e2a9304e9ebf,3585f846c549c33b67334aee7c10f1ca95b48f33bdc56a7320be76c8d9071d67,Light-R1-SFTData-stage2-3k,270,train,1972,3
1973,6ec58f557397817e9d91f939f776c1b59fa498befea45d8358609f199ae585a6,32f91eb3d6177900563cf6345ef5de477acb9becd18217f3a3bad2ae714acd06,Light-R1-SFTData-stage2-3k,1786,train,1973,4
1974,6fc1eaf627e57c63d70c7d39b8d9b19a91abd6dce16f318fb8beaf9c53bc34fe,e52994e1acd7a860862e6b8ccce050c83fe3fe80d2ee2619722c6db6146c4646,Light-R1-SFTData-stage2-3k,2082,train,1974,4
1975,4cfd7a256654ddb31574124dcc7e76050c85ae3c3b6bcedee19fa8f2718ea030,8c3fe2e054e6ceb312987b72c8105059b3e21023bd5b1af7a42602d985d0b9cc,Light-R1-SFTData-stage2-3k,129,train,1975,4
1976,50e11acc68838be169062a1f4462fa1d1da996449448eefbaf6d2d805ead752e,b22e7704b6d01fd0bef4360262482722b45f65004c6222e9703bfb75e776a6a1,Light-R1-SFTData-stage2-3k,549,train,1976,4
1977,9c6a3ae798923cc146d70d597e579048a66a639c0e74f951765ba2bb25ef21b9,4b198df90ea7bfeb287e4f50090c7351ff76940a909e9967de9270e34d9318ca,Light-R1-SFTData-stage2-3k,2116,train,1977,4
1978,c53c9ee5707a7bf78608dcd1da433d6c7fc85b852ee22b3d6e2d6127943a6215,513f80993d6fae7310e3ad0e011ed16bd8e3cee68b94a4836a183b88207a71d7,Light-R1-SFTData-stage2-3k,1802,train,1978,4
1979,9c982229f0ff3dd5e0bb2eeb8f39982bf82bfee1baa5de95bbe8aef906ba7a4b,43b60d3b968603ca9721ec325bc524370face344345a031d389e1abbcc7dd971,Light-R1-SFTData-stage2-3k,2215,train,1979,3
1980,d785756255aef9c233d92fca6d0b4b8465b26a634d6d334e699b2298a36e6516,d0b654b19aa5e715a634aa731a3847dd188c490e84d61ba934a0025f0afb93c8,Light-R1-SFTData-stage2-3k,3121,train,1980,3
1981,517feda44342ef13e6244911cfc883e398ac620b2e0fc9f428cb17b02e05bdd5,28bd0dab1f91ce15ab0f5bf1bc3805198614efc4f03e6c25c01f80de292c6869,Light-R1-SFTData-stage2-3k,2697,train,1981,3
1982,7b6fdb5a741dc5c8f9e4c1e95a0f88c37cf06a6d0f4a3a3b446c24a29e51a327,1b7643433b8a92b386c1c316a5d3e115df3c8dad7aebc548e1bbc9c60b145800,Light-R1-SFTData-stage2-3k,3064,train,1982,3
1983,fcff8536c120fc0544c9325068c561e6c5f839e2b57aa74f1a7d6158d880fd5a,df2516e57dcb8fe8bdc93c43de4be233745583e6e9c3dfc1c97f5e8998c936a9,Light-R1-SFTData-stage2-3k,3128,train,1983,3
1984,2ad66b68ed59173fff7c01b1e404e5446e447871cbef14bed0cdfbc5121d6fd0,4c76baa6727897c729bc28f4ea645af82c4fd3b959438764daa5d8ed27cc20ce,Light-R1-SFTData-stage2-3k,2007,train,1984,4
1985,6cf568c2552c84083baeef5895f443207550d4ceb38587e4df9b61b2723c55fb,a90d3df7be9181fb3becea74029262c7aa890dc109b4b4be7719aefb983d0826,Light-R1-SFTData-stage2-3k,2723,train,1985,4
1986,4c278fb5782354d288fed663a6704c9856fd318aca1319bfc4ca4c80a109fbbb,31140b0647a261ed4501d28ab05e8276bc21ffcaeeede57aa068209acfbff9e0,Light-R1-SFTData-stage2-3k,2131,train,1986,3
1987,373bcf682bfbcc4b95270c5e61f18f88d646ef3255dce75b5a5401a93c292ad7,4aebc7df0c618bf8964258d42cbc76e0d9c356406f18d1ea25e47aca19b90c8d,Light-R1-SFTData-stage2-3k,2400,train,1987,3
1988,e4d3ffd812b49df412a1b4c7942cd86fb4d70b59fb452e25de7fff4851e574dd,5cc7f6db5216be2cd8ae759a554e7c641e30cd7d813ddb2b7f1622dc70387f22,Light-R1-SFTData-stage2-3k,3204,train,1988,4
1989,834e4f9a0f4eab0ea08834a3de518049d406d9c605f57ef9954be7647eadf60c,4006b26bebe9d67207f96a857428b85fcd27b64facc654ae650dab33972273f1,Light-R1-SFTData-stage2-3k,2588,train,1989,4
1990,75881eb9cce26f55d7bafba81a0d39359ac285d1718f69d25310f8c49b81b4ed,54df3de3800ed4d8609b9d4907c2ffef751d32a8ffc8b0b4c827ccb51fd12d0d,Light-R1-SFTData-stage2-3k,1282,train,1990,4
1991,ea2370f5d03347c1ab4b4b1cf587d267959790a107df7ad8ee758b004e55ef52,dcfc4faee39f0fc8bd669fb53185f80155ef090e2e98f638dc074355313a4231,Light-R1-SFTData-stage2-3k,1632,train,1991,4
1992,7ef34ed019d9c4c7c2dd620f06559b499d1429056b9d3bf94d543a21bf205f6b,523f8a62a1ece27c42248b0850f22a542272c35e912a24612b3412880ed7af10,Light-R1-SFTData-stage2-3k,2557,train,1992,4
1993,b7e7a17425c4be2964663d897d237fe4364360a1a79c3d8d80085c969d415f3b,dcb4350e79ea5ff0f2e5012e3d5509ab606af12b6112c2e117a24153d7723557,Light-R1-SFTData-stage2-3k,2128,train,1993,3
1994,55a54f289f13b28696b08ac11b23fe8c43513e947614fdda74e66a1973602633,9103fa67d739ee70b7c1d7d5de1fe2cbeac09528aaa3612dc6953ff948dc0b81,Light-R1-SFTData-stage2-3k,981,train,1994,3
1995,8d248d753e8f629b5b06c01d733bf48de89841c256e899745d1b5f7447d660a6,3881b5e9e619bd602128b8be580c6e8e9b23aaaf232ec590723c5b6984d71472,Light-R1-SFTData-stage2-3k,3471,train,1995,4
1996,0cf6e62ce2eb52625ae90e4bf28c8a39bf826673f1ac855b898a87e9c2e14884,7c4cb2c1ed91fdfc1e8e0e543e6ee00e5477347c0082c63433524c607e572191,Light-R1-SFTData-stage2-3k,715,train,1996,4
1997,e291adb78ae8c42ec3f715993c609d939375eae0735637c6af20456f0a391f46,dc898011d5dad631a5c6b5fcdad42fe99aff7a60ba1d54e2f47bbc04de243290,Light-R1-SFTData-stage2-3k,1302,train,1997,4
1998,88c3be9d9d0e06af7fa02f0ecd3fb50d3dca9b1c3f35380fe5ad8fbe6463502b,1fbeb337be242a80b539bb3dd9496ef2d9dcd135d7a32ef5f4a168041c5307db,Light-R1-SFTData-stage2-3k,2760,train,1998,4
1999,d14344ebe45f205791e78f4881cd468ac498e91b6a16853b0205022da012f00e,bbc1aa464cd62b2ed3c03dcf4d612f0d90001ddb791dc6caf852bfb90fe93fe7,Light-R1-SFTData-stage2-3k,301,train,1999,4
2000,884ba6104a72094a09d9a63f92935cf75b3912a5d58400a41c502c01c618e07d,c77a274e548b0dc2039ce57c8c3d826f8b352512f7822706a7b218723091477c,Light-R1-SFTData-stage2-3k,975,train,2000,3
2001,c502ec0902c13dd7c6a7e7ffb344f8ab22ac2886fedf7971d0b727bbf8f2c703,73e14d1cd628bead1f36cb6172572a97729a1010d65caae20bd5f7a771bc1b67,Light-R1-SFTData-stage2-3k,3151,train,2001,4
2002,c1cdf8e0bb133bf7140f9a8833865e832d97e64558fabcd19534cbe2d8950b99,a6fe8f6f3f3b903d64bd6a441f0e2f54e56b7d84567a328c6c7b4526ca69aeda,Light-R1-SFTData-stage2-3k,236,train,2002,3
2003,23f5ba8c3b2b3cbc6fca5f3433418f969b1be34dc4fbcf93c8e9ec9da6bb3bef,b3e605038db1d5617b225b70123d5dcbd7a091b0ccdb3f2e7172193f1dd54334,Light-R1-SFTData-stage2-3k,2832,train,2003,4
2004,2071b209c9e89a16c13f34863bae860cc97abea380df1365481e8a1b7f40a0f5,7cd3ec86f301e80363a0203d7e04e0f4a2797fa8f1766406cbf23c81f3764e0d,Light-R1-SFTData-stage2-3k,2001,train,2004,3
2005,d0d8e0bb5deb1223ed606121af104b258f29b77a4bd34974b2be339ac499a327,4832ce67026f402b6031572c0ed51cb7956345e1dd02dcfb50561f0390575a44,Light-R1-SFTData-stage2-3k,800,train,2005,4
2006,d2517a26111c1e404c3612e3b2da3d345e3045d5ca62d47cc61bad20fbfe3786,9b3d1db1475ba2a83344bc048b94a8ed3e994b1db89429569c5ea8177854be14,Light-R1-SFTData-stage2-3k,2166,train,2006,4
2007,9f80c7140b7d37e5fc05738c7fa4558937ac484d71f4aae709b0f9e31e73b498,c1109a76f0a23c503f3254fce8fa3b7c918b82134c89884a263416b293349518,Light-R1-SFTData-stage2-3k,30,train,2007,4
2008,bc91349e577937dc989922fe47ae20c4b4ab14ef54be4cd7991167cf86c50e89,a3eeebf94e224ee42692ae842ad8583114c70efff5b53b2e43f8cc3e71a58625,Light-R1-SFTData-stage2-3k,95,train,2008,4
2009,88b06d204ac6ad72665567098637ae96e9bd7293eada4926f526ee10b583c7c4,e6dc0bbd4ae585a8ebf5a6e40e33d5a944789ad61b78b25d44249b9c18f4795c,Light-R1-SFTData-stage2-3k,1097,train,2009,4
2010,c575892e61a928b0eb245ae3c7b757ed22f08cc0b8a4658d86cb4f82970bfbb5,938a45889f469cb9e8dae890d8eb2e574416edb0b3ee1435b10337f9a3ae03ca,Light-R1-SFTData-stage2-3k,206,train,2010,4
2011,b89df404ba8af2117bc33854a65d6c367bb1d849dc19dc65ca790e682c1cf05f,faaa70c8f093f34da0ee75ea8cc459c7399006849bf8d00abb8a99471835261e,Light-R1-SFTData-stage2-3k,3063,train,2011,3
2012,658bf3acee1a147027d41ed7e0543fccd9cbb62e27688ddf7e99b0e26c6b84fa,ebca725ca6727bc28769f22d3694a56bea8bb363264ab00331918e2f1e4f0228,Light-R1-SFTData-stage2-3k,1244,train,2012,3
2013,4c80be135fce3cefddbfb8f877efbea459a2d0bd630279a2cde9bfc4e5d30a1c,b010597bc1e82bdb9fd67e7b0b3febc1fb8f1a0b10aa751d16b50c84b73e0311,Light-R1-SFTData-stage2-3k,3295,train,2013,4
2014,0ac88bd31b952c35001ae47eb39eb02031ef4a4be6627f6644ea1efe260f4df8,23c093713c646210e94109d14158603c4f90cd5837f7ca486f25894f74130338,Light-R1-SFTData-stage2-3k,937,train,2014,4
2015,71a3e3b07a0e4080b1e068288b24467c59ef415c540c2c51a98d82e0a3f8a4bb,523c70e9210dc3caa79c89aeb7e63a6c12fc79c686af0fec7c5ecea70e1458ef,Light-R1-SFTData-stage2-3k,1017,train,2015,4
2016,cb38ae744e356758c8ab88dcf221efee63f82ee7d3f3af0bfb7393143345af45,6f4c0fa76fdd42981f79f9b2831626a817fa5ac799a6492df962bf8eb5e4df6b,Light-R1-SFTData-stage2-3k,1459,train,2016,4
2017,81c6fb726e50b88e55238dad5b97f1879f2cc5df9183c1df026df986bcf9d379,d4fda084e64bd25d62de219d8c2b67168fb1e21041cb4dcf4b7d9ca394d37706,Light-R1-SFTData-stage2-3k,447,train,2017,4
2018,da6a9393bce7549a18f4618e698887295b27ef5002dae3f4129bbfac8d5ead3f,75c82287553a76022defb21d828fb7a943be5c8113b34e9b928b6d7aeb389f03,Light-R1-SFTData-stage2-3k,1862,train,2018,4
2019,30293540349b6242bc8563dd380a2b16b3ae379dbd207f7d166809e970e2a3f8,b12425e5d1ebf82c8ad443eae0dab3fb7a3ac1f96f4d92d51bcff81e135e6c85,Light-R1-SFTData-stage2-3k,180,train,2019,4
2020,41ef4d9366d8d8c747c7924d1e7002903f31444903f68edb727e73c4543b1ff1,5afeee4cc9b06bec80cb34730b0a10196927c2f2adfd9917d78ce393cc9d0ab9,Light-R1-SFTData-stage2-3k,926,train,2020,4
2021,8a3f765cdfa3516cb6f9557a3b73cb0dfcb1d7b3bd99cdac2c33bcbebbc3ce04,b879fd17029ca9cceeed306d371f691f77ed21964715ccd337a2ccbd59595c5c,Light-R1-SFTData-stage2-3k,1416,train,2021,3
2022,8e6ff46fec1c1041afd346290149c9b430cdf425bc6472cabaf49d9288766680,93094568bff6a9c317cb6e22ea6fb4b2c359931b7acf21db0629bbd2a092bee4,Light-R1-SFTData-stage2-3k,2354,train,2022,3
2023,559ddbb507ae7c61559341b7ba4a49a4aab5c2359e41978652f33cbdfa1664e5,edd4b509688bbc6a7be30f673c498716ed5c4881dd5a7c77ab291683082c37f3,Light-R1-SFTData-stage2-3k,2501,train,2023,4
2024,6aa8f367f0207666a77fc880b8933c1f38bb2ceefecf108313c2af12a07e740b,809c95c344fabf0da694339bca4cdd5e57796f09d58f417a708ca25177126a3d,Light-R1-SFTData-stage2-3k,3509,train,2024,3
2025,ba9dbb556144cb48df27a9f2d92c67d85b36f0847c3f17d658a19539122e632e,9fabd4332ac42ac4f011a256b54a9ffbe6e3b9a1c7379b8209c8aefbd5243ca1,Light-R1-SFTData-stage2-3k,1408,train,2025,3
2026,0e60af66a07408fadf288a2309a3c78943688f1009791f2af0d0aebc43c228eb,61bafd5250295a7b36b0b16c82e7bf2e22e3fea910181d2b36efed5c486d2bba,Light-R1-SFTData-stage2-3k,171,train,2026,4
2027,4752be91ab01278ffdb0baa88bd24c2197580c1e75e8a18b6efec550f21bab6e,c64353cc2eff62dd2585335166fe76e68aa5c6d877e4457bcc9276993559b9d3,Light-R1-SFTData-stage2-3k,2563,train,2027,4
2028,bfdf0bcb272da13601a4dd0e621c88935b7dc72592dbd479dd07a82a8b7b331f,75f82e0e8bd14da5856aa297d57831b590e025b35aa02d01bac09ee7563d241c,Light-R1-SFTData-stage2-3k,1234,train,2028,3
2029,6f7e54343f704ad5a97186c4693f2dc0d80ac44c4a15617f48cfb718c693471f,f0aefe29373e60f80529f97ee03b042db109ea2121d664758c7e0d7cad86a079,Light-R1-SFTData-stage2-3k,3531,train,2029,4
2030,9ff81a670043fccca29b025caa18b2c0656a04c92f0b6b71b771078940044339,b7217f888e32127a35218f1691cf619d858b9b38ad25b1350918e64ef6fad3ad,Light-R1-SFTData-stage2-3k,1554,train,2030,4
2031,58f3d4aefbcd3242bcbf877774621526b6daed0b7c74c862993edb3a9275de08,56790c521f277acf7df69b054981cea1f030d316d67643410dde04ba3d906a69,Light-R1-SFTData-stage2-3k,480,train,2031,4
2032,a0c9054ff31102891c02c80b99ddb4a038e793af20b7b461aed769b3f33454af,0056dea3067095cbf1f5cae02a75188c53039d1b2d200b53310913bbc365208a,Light-R1-SFTData-stage2-3k,1514,train,2032,3
2033,9bde8daa81fb92167dda3607a1401e3c060d94ad3f3b054759f0d1ca39a26a5a,e4198f3fd7a77979126c3f184be71dda4225c6f215318556924d70fe15e4dbc2,Light-R1-SFTData-stage2-3k,1259,train,2033,3
2034,d4527cdc7f17a88b427d4070a042b7a500ee10c292809eb2bda985e502579994,93ef9930a49f5c83ea6f94a8b5240b8e670f19b00ee2a6d4f86ac462f18fc2d3,Light-R1-SFTData-stage2-3k,3227,train,2034,4
2035,91fc98f3fd173c4ba5a9a765186b234d1e9c38dfcd4183057b2d32cdca42d7bc,50194b6ebcb3a9ace5b18c8d5c5890dcaf735c4980254c1a9a953503d21e4839,Light-R1-SFTData-stage2-3k,1990,train,2035,4
2036,a0a6e3a867046d31d834d946491ee4dbb21f0bec55bf011040c5e5aff9ec5aa9,e865d6c8bbd151e1b5a1944ab4078feb15e30c7d1aebece0c0c49268a7f40aff,Light-R1-SFTData-stage2-3k,588,train,2036,4
2037,442fa8a93e3f7b23366169b1dbf1d99eb15f9d22566f51f2c7d255ff04d326b6,b955df45ca54f746d93b28364b3d4a13357d44930a60450b1b25ae1de7fc3fe1,Light-R1-SFTData-stage2-3k,527,train,2037,3
2038,1b24102b2190e888a7094daf42105fba1fd10810046961f396fec6bfe1e41549,08e44a837479ddca012cff992a9a915596121f1b549175c7e918dd33f5515365,Light-R1-SFTData-stage2-3k,421,train,2038,4
2039,66062975f218e4e537604dd8ef3cdf01c9214bc2b003ca019f6bf630655535a9,3c26fab412bcad3bcba7958bc41effe56f88aed587386262cbd17a06bb6f8c7d,Light-R1-SFTData-stage2-3k,1566,train,2039,4
2040,d2c22e8adf1b421919640c26df496055e096ac75d2f8ba1ddcf81c147dc4ffc2,9fd202fb035dbb9f0029034174840ce9780fc03459d1e57675e47abff7b21855,Light-R1-SFTData-stage2-3k,484,train,2040,3
2041,167ee036956a486405c5d59725c4f2ccff59cd90aa16d53fee92277b0b005bc2,5254f45fde0ce97b16ca1ac9cc2baa4543402d0527b2627447f225b9a88335dc,Light-R1-SFTData-stage2-3k,3388,train,2041,3
2042,9143fc9860ee8dbe8b7a01f48eca5eab9850d634ae74f3c0d1382e2a16eec7af,767e8d1f6ac216e13d0943d3a7f22bf49da5916f4171f80085955a56395399d9,Light-R1-SFTData-stage2-3k,3242,train,2042,3
2043,61ffeaccc41141d233144feb1a834d796ac339022505b92aae545689adfee884,3cc142bd9a3ae65b6d170085f02c063675a2dc1d90fef9ed2390e2ed6251a1d2,Light-R1-SFTData-stage2-3k,1117,train,2043,3
2044,258ea3ad92882a459e95bd9db62cc47143d4223ce9b998c033b53fffca3e5653,0750239da9b0717983992d81665d6a4747bbc5f0089eb30e22dad9ade2cbb9d6,Light-R1-SFTData-stage2-3k,3004,train,2044,3
2045,084b6ced4db26d0ce05f26fd15f6d58be8a4550bcc5da2a7c9998cbad8542aab,3ff8302b6ff37d047e8a6902491e9f5ba145d31463801f5a7511594a621606b2,Light-R1-SFTData-stage2-3k,1513,train,2045,3
2046,2e287326bc7c80b1ceb8c80485f0acdaa68db5ab62e1bb467e1a5a95340a3d2a,b764ec9070eee42b5218974409dc8a11494da38e03221078e2c8f82fb3392d8b,Light-R1-SFTData-stage2-3k,77,train,2046,3
2047,0ecac8ca9d3a5ffde30a6faa38851beef6f3a1456499179882c519ce51082dfd,7f4b52f71f499526b9a594003250d2e1cea72ffa6244671a8fa17e8d2e7389dc,Light-R1-SFTData-stage2-3k,2900,train,2047,4
2048,d949b0c388417c97f9a196122034a44056f4e24e46c143bc1cf7eb7b01050168,0359cf70d8e36e154e23e07ab98715a08e52e971a7a6a0c790dd1d5ad803aca2,Light-R1-SFTData-stage2-3k,164,train,2048,4
2049,5b564a6485241ed52275ee695d02fb3d6e7529e864b3fb0b49c22413de4046ca,10dd63c58d641edce0855b4458b15d723fa6cd2ff0aa9758f8feeb594f37770c,Light-R1-SFTData-stage2-3k,957,train,2049,3
2050,f1b55ee9b8d68aba2f7185488162ae50720886174e04f019bae73f272a23ee01,f2bb3ab2dbb1faa9c38869cce7f94b87a7ff81be619fe1f1389dbc29b02b13dd,Light-R1-SFTData-stage2-3k,880,train,2050,4
2051,4246885a10cf85c1cf3e1c6037076f9949aaefe404206e117342c95d9485e96b,608c1cb8cdecd1263386b62dbe7cc8bdc22955646a75cf8318ce5efb18f14e05,Light-R1-SFTData-stage2-3k,3154,train,2051,3
2052,b32fa13d1c5defb6267de42ab6a914ba60b98b82be106c16755e3934ff5fea7e,03a51e06318945c68586854bf1f35ca4bde34b69ec49ebfe5afc4dbb778ec5a8,Light-R1-SFTData-stage2-3k,2132,train,2052,4
2053,5f730fa3bc70d784999130d9c1c4f14266d2b9ad84c61866eb1cf3e433bdf3d4,096d3e58260d161cbbd0811fc5e8d4330557ce8f0e8d9799b145dd43782528f2,Light-R1-SFTData-stage2-3k,1337,train,2053,3
2054,0c94ca063cf34709b1d4788383fbd77dfd4a1764a53130d0302d642e81fd4147,7d68d384af665986d5140969634ec2bd3996c0138206212a6eddf22069c359b3,Light-R1-SFTData-stage2-3k,2595,train,2054,3
2055,70bd0f89880c7d7c841dadc13aeb92065ed878c59fc52385ed4105d05dbc517b,7f111f871d0c73177b4a156d412fcd15f8d86ea81c8fd3a2ff64224da3c2c4a5,Light-R1-SFTData-stage2-3k,997,train,2055,3
2056,b50ee9886a130726ecc0dc4ed924b7c83d7e70459f08fe41e98af7d3914404a7,54a349b0deb71ca53b45f99e429ccaac65187328c3612f677fe192f3be4c2ff2,Light-R1-SFTData-stage2-3k,3037,train,2056,4
2057,4c00a276ac1cd06d804218f0af9ee532923c000a22b764b69acaf3d3990937fc,6d38afc9ee824dae0bc7e0a838b0abeb72e972f83402f110cfcd0e976d747762,Light-R1-SFTData-stage2-3k,191,train,2057,3
2058,f431a22b0fd497365933adb4fb3add53d306d3478625978297fc5bca039c0614,a0aab90e1a527a8d2e67e3b67e3acc672d8f0e48699172b74652720c215ebbda,Light-R1-SFTData-stage2-3k,89,train,2058,4
2059,83c9f88fabb2fd327b3b32a8ef4308d36d9c9c625e321fc1ab4f8b0c4e3de3b7,eeb4627509951317b16c490a5877c30fccb1c76ac2afc2cd2353c7383a8fbf1c,Light-R1-SFTData-stage2-3k,3157,train,2059,4
2060,08b385ab8e4cce6fa78a1495a7fc456f366c22fb8086f20aa0b946a29f945f75,5bec7b2b58a0e34d6c99db34ea6a453ea263146e6ae8b6caf92647bff1cd7ed2,Light-R1-SFTData-stage2-3k,3139,train,2060,3
2061,eded7d995c1cb1e70c8e757876f43758facb8c07aad983e0ab44aace683a219a,86fedb37f989f3aca3db440ead4b967e6eb56f0d151dc3545023802d1fcf219b,Light-R1-SFTData-stage2-3k,1433,train,2061,4
2062,223eacdc3776cda12f7f98bb6b76978e8df8f2a8afc7acc9dfc997e4b78f0a9d,152c26635825499faf70219baf4fc9eefb336d8b70ae2289e3181104fc03d45b,Light-R1-SFTData-stage2-3k,2883,train,2062,4
2063,7b47317bcc520b34e8ca158679495410e59369ae09022077958b6990d3caf68d,f821ea3796d3b213f3f8688e755d36804938a4a6014e8c04fff1c748b2b61c03,Light-R1-SFTData-stage2-3k,2207,train,2063,4
2064,6d8c26f0cae24a9e72be6701df85a592f891d2376a671af4c7a62ca70e60ac42,f166a339a3f1528f553b46f802e383bd9e977981e2bfbca4d94b14b2b1e482cc,Light-R1-SFTData-stage2-3k,3506,train,2064,4
2065,7ddb73b3e4948a89ae6307bc243da2995dc1765e22e4ac8854f2f56671794ee6,b8fa378d17327968356d2a1892ea418769bc39405e0d3cd511b61e2e36703852,Light-R1-SFTData-stage2-3k,415,train,2065,4
2066,192e97de3c4ae55102184532bb7c62f0a26b8687cf3101c27238d3c4634d884c,8e681a9e37a8ef9e58b6884f9033dc6ba95d1d76523584a68f6e4801f0d4021d,Light-R1-SFTData-stage2-3k,3038,train,2066,3
2067,52337bf8acb05d0382a47de48b7734e13cca22e113d572e14eac81af804ab97a,78e8c7f23dbddc230acddcc70a522533d94543a1ae6ad894f72c5970d09d8188,Light-R1-SFTData-stage2-3k,1062,train,2067,4
2068,4de7f39f0073d91de29194ef96aa932a1b7e6e747c17726281a1a83be9080b0c,313d441cdd46d7c0031d8003bd8ff84900888dd8e674a3670cba52721f77e3ad,Light-R1-SFTData-stage2-3k,1670,train,2068,3
2069,0982c3872fb149fe5caa538d8f6586c4178814b9d98deceaac97322018bae30a,ffecc121e3400517d26aaf809ad234a0d98d47fee89e0438dd71ce57172be062,Light-R1-SFTData-stage2-3k,310,train,2069,3
2070,7df5e87d94bc6c101821962a8da17faebe12e04ee675eaa27be9e12a7faeeabb,a1d212a143547af550b99a1695e2788912b96e742486b70412680aa9d18e259a,Light-R1-SFTData-stage2-3k,1558,train,2070,3
2071,8c0b3c183f33b054a39300c3f1a121930b532b2c60288e7045a2db355e263d59,4e362370c3f037cd7ba5bd2f65c51c320c9d22f2c8e96976ee520d1260e2ea5e,Light-R1-SFTData-stage2-3k,1012,train,2071,4
2072,309e5e94e002088729f1d368ac69b2002fb396b54bdb8f499e3fef78e207992d,cf760e98bce060b7d7d669f9ee1ae9b650f3ff7983b49f0f57f0edbc5d539eea,Light-R1-SFTData-stage2-3k,1887,train,2072,3
2073,ca9e693b95ce3dd3eab4387a33273481e1d614e355257e38623b93da614454ea,15667602c364de9e2d3d3870b8aa162d997646ff8dc8f8ea0ad99ccd7c1e950c,Light-R1-SFTData-stage2-3k,3212,train,2073,3
2074,19446b2c1041521702584c193023a8f5af14942d453139c06b768673743a5aef,e4607c4f543400622aa2654f7fa8ee301278f855bb102508e798fd75ee5ae916,Light-R1-SFTData-stage2-3k,1275,train,2074,4
2075,fa3f9f9cfbe982d7a69fa98b168b0424aa913c1d8d6fdb74ce05e6c8826f76a5,b66c2de63936024bff32662b553443308329b7f8681e62b976cf8ef2c249c580,Light-R1-SFTData-stage2-3k,2949,train,2075,4
2076,8db8bd10ce327252d69b6a4ed5d79607f4652046279dfec918bddfd806c443ab,41c53473faa92fad1819cd445acea7d653662b8bfd2af8d7a14ca8b50b7f1c1b,Light-R1-SFTData-stage2-3k,1801,train,2076,4
2077,335226e7df09bb7a723ae34fe7a624a414c515f45793cd928016e7425d475779,a93ce715d29034050ec54a0b789b2d726fe6c4680cd9d92c1352e28ac8bb497f,Light-R1-SFTData-stage2-3k,2624,train,2077,4
2078,787cc1ba3428304ad96a8a29dae9aca21fef001b27d65c311eee3d614a95ff82,633d4edc3935050d71556351fae509b08cdb4be3eddaf85e9b6f0fa55a7ba885,Light-R1-SFTData-stage2-3k,3320,train,2078,4
2079,734fea70c807ebc9f56e125f747c3a1a3264b816b60894bf822f179594a2740b,d5ecc26951cc35d55b6fc90facbb125d8c5dc53a11a41a09b0a49a0fa5f79df7,Light-R1-SFTData-stage2-3k,2708,train,2079,3
2080,acaf8c6049438f41d69470dba8327677fa4201088e16f7f5cf4a92dbfd68ff19,15dccac580b12dbd381d7be91aea759462030b2565372ca6c370d0b4a31dac45,Light-R1-SFTData-stage2-3k,591,train,2080,4
2081,521d77988ff9b12d2ef8c435fe9c366fd6fe2d37996ae793993e29550770d1c7,d6bdb655240affe56cf2b3db69fecf421c954f509116841c94ed18343b8f445d,Light-R1-SFTData-stage2-3k,1279,train,2081,4
2082,b3c70c08514c8c35217e51dff20522182e93438e9aec47e5e43075d85fa45ab1,59adad0e45244ed1835f537dcc4a6e887ecab1373316870823a2236ba279aab8,Light-R1-SFTData-stage2-3k,1072,train,2082,3
2083,4cce5867ee41d6560011b070ae30f42b4fc50f080d6d593a88f3c8322ee4241e,f12358ca16608c62b2b3ece90d579e013c2e2cd4b23a4cc35c200d4677ec416f,Light-R1-SFTData-stage2-3k,650,train,2083,4
2084,6ef4e34f7e026d894f775de56e692769df253dd3d23e85e82867454fc2e266b5,e8a6a36c27e38d8495b6802370c5995f7e9f0d1bed7298cb21178532042c4f65,Light-R1-SFTData-stage2-3k,3008,train,2084,4
2085,6d35141c1c395460138f2d321f8c831bad9045a13f0cf5a4f66c007439d11ac3,706ec5bcc1a4e1fb93ecc867f03bb82785477cfda7b31f73010d1a5c75f1c352,Light-R1-SFTData-stage2-3k,2123,train,2085,3
2086,c417d46284efac9fabf47224975aba8c78af5180edd36eaa2c39f95d54883f4e,bc9aa85fed52d99c56b551923f09c7c7c9337981365ff17ba5a40b1916f5e514,Light-R1-SFTData-stage2-3k,766,train,2086,4
2087,66ab4b95bc54ad0c2310077b16b5624775c3b6fc4d41a02829509d997622d797,689fbfa4cf25d2af5a8a8e914b2f40c0cd5e32b22b3838d2e0de2ebe52916e37,Light-R1-SFTData-stage2-3k,542,train,2087,3
2088,2caaf07a421757bf804b70206df2fb0bb4198ef370b05fec4b8334b9be56542e,e5087c6c653ea314585278c2375346087b917bf016db227278a6dd3aed0eb462,Light-R1-SFTData-stage2-3k,2380,train,2088,3
2089,ef2be98cb6537b206e5866bb5cab1bf5addcdd9230c37caebcd3c524abd1f897,2cddd19b352687553890f38d62295e138c9912700c4b945126c395e1dd0efa3f,Light-R1-SFTData-stage2-3k,1468,train,2089,4
2090,867246d39588ef479e082c170fb16adceb391f0c8adb89649ff71a0b8f6750aa,182903151d765c54d27743eac18eabb7604e4d13192abfaf9c5bff012f9fce8a,Light-R1-SFTData-stage2-3k,6,train,2090,4
2091,ecaad2c109cd2568207c666cd09ac829148832ee48d366d8b41f6cd682b215e2,2353ffab905f6e2cacffa500dfcc72965c38f1eca4718bcc5506df5fbec82943,Light-R1-SFTData-stage2-3k,3424,train,2091,4
2092,4e7e59bdc2f17d3325c5145249ff59a41333729aa51758b5cc625feb8a4a3a16,b06f9ea15abc498ee7e0e277926da94310b62107a52360511c89bc9acef91738,Light-R1-SFTData-stage2-3k,175,train,2092,4
2093,ba004bc46ac947975a9bd882b63b891eecafe6bb50ba61784f3babe4bd8f7641,7f2d0364a5e51a18533b30871a72e5bb037651906918dbb7f76d3206361860a9,Light-R1-SFTData-stage2-3k,2689,train,2093,3
2094,6da16234a1ee6d4ed2c174a775768777eadf45b983315b73952b1b19f615acb6,23dbf7db5d77812b43b074fe5f2fe5ee3da21f06362894d983852bf98a2cb916,Light-R1-SFTData-stage2-3k,2389,train,2094,4
2095,cfa95ac17a2c278d67a44fcad3e843e6adc875b4d6f9bd02e935fce339a1e6cd,97ba4d46a318eb989a27d41efeab49a12288692d6d600200e790d269ba376553,Light-R1-SFTData-stage2-3k,3322,train,2095,4
2096,f95e6d45a15fc5adbc84d0546024436be4b10313a1b40495b931d38afb860eef,08e5690177e94a1b1fc0d18f70c8e60830313ba708b2e93466895a356fd45a9a,Light-R1-SFTData-stage2-3k,2281,train,2096,3
2097,66900ae4575042784ee9fdd31860292ae9afa2382f8f777f7df936acb15d88c9,0f56a2ab27f34b11c9d0a6a12ff8969cee59b43fd5f0f743b4edec02e6474465,Light-R1-SFTData-stage2-3k,2782,train,2097,4
2098,6605c39438522a2af5649257b4aa384de6b08f8b6279a2c3e1b4f22f1eca7628,67d71c5271800c4584c259d9e2efa6d7bc8832ded7a35ba32c3223215ea319d0,Light-R1-SFTData-stage2-3k,1264,train,2098,4
2099,43bb801bad523b106ef80b8c5dfb548364190a2fe5f6f18de9e0b511eda3aa57,4d86c53d659edd30e23319376c6ad75c7115a1f5f0bde8e464a722b10bcf93bf,Light-R1-SFTData-stage2-3k,2475,train,2099,4
2100,089b50c7c497452c213b154cfc3b21f53e3c7f02bd3aa29bbdc1e033e65dd224,29aa00f5d14fa5a02a4fa0b86d30574226b88fef80e5dfa0a599c60444f183cf,Light-R1-SFTData-stage2-3k,475,train,2100,4
2101,898657cbb55cb516e08814a6e49c30886007b41d30c50bdf67ebd77992f17d35,0b6c080ae488f42ff18b418bd1cef0068558202f484b0e75bb7b876283a7d8e5,Light-R1-SFTData-stage2-3k,770,train,2101,3
2102,3c87728395848744b3bec751dc18128475142379dd52456f62c9d42133442aca,c1af96423c650d3ca28a1dca82b3d5d89c7788f6ae36620001c1a2220d4d39e6,Light-R1-SFTData-stage2-3k,3035,train,2102,4
2103,79ab101a477dc07428e9537fff5b7c12679d8cb331e5d0be84bab8383a3ac3a2,f62025ff1c8389ab0292a20b19c4f30b501b224c9c8c546797a0c86709924b08,Light-R1-SFTData-stage2-3k,2345,train,2103,3
2104,ebd2614665067783e67e719fdf9ee35d1773105bf5728f39ed1abe8072a179ad,aff3fe3f9166fbc8bd2701adfcb06c3b3c168cc4195f3ffaeba7803b2c475de4,Light-R1-SFTData-stage2-3k,1650,train,2104,4
2105,ec3fabf6592d69fa1bf2897619211ec7a520b831e95ab4781ea12cdfce16d9da,189a3666ff478929f98844e74a25266db2c3680b93278e865c5569994e6d520f,Light-R1-SFTData-stage2-3k,2090,train,2105,4
2106,408030e589b9d7a6afe2f0a92c46b81a702ec53be1fa014a6c6c22da7b897487,16e4ed5f1d447494cfa3acb43c8746c1cef7848ddfe90489763a7215dd698ed4,Light-R1-SFTData-stage2-3k,856,train,2106,4
2107,200d89116b3429840539a661828fa3c6aee6ba72ad9e1fd6a4a328e076104c6b,3639c55aeca8db733148b32d6e8ceccc53ee0e380817d637e781aeded8028818,Light-R1-SFTData-stage2-3k,1948,train,2107,3
2108,c866640bc899b3f41749f7bc208ddefd261ba6e36bca2c5675670475121b9b99,ef4b368c9b492cfcbdd7955accd0e5da38d09db18fead2ea7e4a322be12c7b69,Light-R1-SFTData-stage2-3k,3447,train,2108,3
2109,bdbc9d7609c054ea399511c8976d53b291b8625903f3cff9726b576661e3a425,f02f185f4a97fca4ebaf6bc5cb58d26c019f9e1ac1efd926b11a952182a7f632,Light-R1-SFTData-stage2-3k,3376,train,2109,3
2110,5a1fb18c5eb8d1a7892bb10a36472843c9c8bfde2e123b1db54bd7a4adf735ad,fbc508e1edfbee82ccc236588f9b793fc9ddc68bc8efdd7c9910f777cd76a6ba,Light-R1-SFTData-stage2-3k,1858,train,2110,4
2111,bce75859febe528bd44d9f50434a4375b47442eb6a4a9b2391b90c944d6e9568,e6cf36d1e6bacbc447b51bc9cea502b5745afdc614e8f935bc3a2c9114c51ef0,Light-R1-SFTData-stage2-3k,462,train,2111,4
2112,06e9b1c878df84cabd51a2deb4c348beed4e07c34e18e80c35e48df8b9f90354,c2a1811f9be6a451cedb7f622884fdece2398551e43509fc889927c0a8519279,Light-R1-SFTData-stage2-3k,3271,train,2112,4
2113,2193ee5bf790918db76f462d7cd225330aa47c463304f11e461d9bd7991d34cf,e11131dadc58cfd0c125a854a3e594fadd0b4b47ce2e4f1ae199fa2db7d93646,Light-R1-SFTData-stage2-3k,1272,train,2113,4
2114,359d7831c9dfc328bac8e9ebd7e60f7bd745b93fc45441bec48598cd7dc59ab2,2febbeb63e7f5e1017d3718a46b8fd26ea2596f6bd3cccf7506d2b59b7026096,Light-R1-SFTData-stage2-3k,3391,train,2114,4
2115,5379cee9d36eebeb639586e74e102e2e4afa5cb5e74e86964e8cd728efbd69f7,b9e938b373ea62dde884422edbeb3c30df8b243cfc83b4229ad68290290b2040,Light-R1-SFTData-stage2-3k,3248,train,2115,4
2116,e83cc5f9ea14b51867c41e61882e28bd56e236799778f6048f934b2ae7499f8b,046eb68b427db9d164896ccb67bcc5f11e2319af1da30d6935720d0f5cbebb8f,Light-R1-SFTData-stage2-3k,2985,train,2116,4
2117,95d1e85c2e9331c15208a1c7a9d3a1802eb4799ab7843275c4b19507564fff36,f26f8f8bc3f5346e1f906fe9c604512963029208d92d6dd00e964050022bec14,Light-R1-SFTData-stage2-3k,2023,train,2117,4
2118,52058df3da7caf843ce1a959ab7ae8bde74e8b8ec1a5d914c15099b0e9775b32,829422f59170858a1a0291026922d0f5b2ce08c2de92eb99e3f63d33ceb09d89,Light-R1-SFTData-stage2-3k,2070,train,2118,3
2119,8dcb72a4e1c6ef04b0cd8c1763e3a1222c33e07a73f04bb00996f4b30e2058cf,12deb46af4b1ab6115d301ecf807a86d01ab570d6f1d5700525fd1f3b838d7dc,Light-R1-SFTData-stage2-3k,1258,train,2119,4
2120,6c5d4f96e06fb6bf105bcb9b09bd14abbc43882de3d1b4464c486e62a9ed4daf,6f991264bcc831ad0ac9d616e910ad346cf1db72d79f4e8f561e5aca5bc922a6,Light-R1-SFTData-stage2-3k,389,train,2120,4
2121,4fd381e39b62823114cbd776beb28156544d4fa14d2a7c2e31785382edc6f459,f62965fd205085b5ecc07a7979e8f5e4da6f7e52d9ef6de24c6966f201304b3c,Light-R1-SFTData-stage2-3k,608,train,2121,3
2122,3279bb4992c7de63945d135f151191f25afbc11a65bf3e8b69134ff47d7fd56b,f7c348441055cc85b4ecfeeb09c7bc7c377ab8f508b0e8b8194c535ac8b67f0c,Light-R1-SFTData-stage2-3k,775,train,2122,3
2123,14a23affb326b98e72517c874758c407e295002068ca0886e51f710564332efd,45ab59c8e4c2efe4164f1c95c88a39e33c05ed58cd445cdfa17ecceaa73aef23,Light-R1-SFTData-stage2-3k,3086,train,2123,4
2124,bcfe2f241b78dfac5780d92f9b3ec1c3a954a2512441225b623d578a0054ee5e,0ae706195fe971c540e61dafdbda9c3385d8722e973408271b316719d912ea9d,Light-R1-SFTData-stage2-3k,1698,train,2124,4
2125,beaf42a6872f01eab4985dc16680249b89d21beb38248fb01233cddfe564b932,6376671d779edaf220909b67c21685cd4ebff2cae7f2a5879cdb7cf65477a31e,Light-R1-SFTData-stage2-3k,2565,train,2125,4
2126,09018b3c68aa2954a7568fe1c38502dbf3ea774a0a980b9b26dcfca6c8d155db,a2f8b6e663c3ed6bd24719afaa4b25fc322dbb0141470f3389ebf85f0acf2600,Light-R1-SFTData-stage2-3k,2936,train,2126,4
2127,ced1bd027440925739c408c4ea00ec975810ea58558ba27a65d1a5d2a08cf412,6277dd7322d0d65ffd03889f55afcf37b2a34593c23198037d176a71d1bfa3b3,Light-R1-SFTData-stage2-3k,2605,train,2127,4
2128,cddee708dffff844c7046284f61b9348f098574c587f1fc14de1c37c002fec12,55e9534ccbf3da0ba959b4d639819714527969575b5e1551fc27a1e55a89b66a,Light-R1-SFTData-stage2-3k,2031,train,2128,4
2129,b6e4c3fe3229168aa9efd41ac42da2a660699cac67e343725b6b16878e0acee6,94de45d66b2fa282ae986e9b6b70f60d555ddf158483721cea8d9564de0a1d97,Light-R1-SFTData-stage2-3k,237,train,2129,4
2130,2a9f3788a7fc69264da6d78ecea55a1dea1118dcc4d9fc90e52ee001f7ec3ae5,12b4e1635fc9eed51321242fea5be6c2c869e956240064cd9b31607956326f3a,Light-R1-SFTData-stage2-3k,564,train,2130,4
2131,81322e3d9b059e828643dfe03ab15ffda6ba38a53337e5cf127aab75696ff4ea,b7c96eef0a53ce183d7da8f49263a48ffb53c7ae2506a60b6f9b6fdd7b8547ed,Light-R1-SFTData-stage2-3k,1305,train,2131,3
2132,de4902810997d0819a9519a3b295d7aca9038e13d2c88939c3d1ff1147891248,6b7489afdb8f4462340a9672dae59e8fca8bbee42f6bda8e875a1d9ed7075419,Light-R1-SFTData-stage2-3k,1270,train,2132,3
2133,d823cf7f81b88cb6d6dd982226ac3a9c0fc87ff1cb77e47f8ebf8fb16718fc0a,cdbeee22cd2ab4708112f1325896d70a6f955693f09daecc52d42fa2d3af2d81,Light-R1-SFTData-stage2-3k,521,train,2133,3
2134,bec14b14a6cb0028c0ab738d3ee55bd353dceb1866cdc297d37719f35eb14223,e6b012c46a58b8fe466c562f51e0b9b664f0a55bb708296fbd9bb78b0d9a0cf6,Light-R1-SFTData-stage2-3k,592,train,2134,4
2135,1cf95d0c42846fc37a4ab35d2ccb9ac214830b96f169e49a34eb0f622c63f6aa,007c9f4d15241e7b4789c35f35cc8e48945edad8da5970b3a906d2d85e93d733,Light-R1-SFTData-stage2-3k,1518,train,2135,3
2136,78fc5c80b5eb68cf661397c3d6fda286d86b2b953226e0af0983301c0e47a57b,b5287b1bffce19608786e4fa88e35a4a75f526ed7d451b093f3438cbddd8b319,Light-R1-SFTData-stage2-3k,2141,train,2136,3
2137,0264fa65555a8eb232c27a62b85ec944e0755877139417b2cc5aa912ff71dcb7,4d1fab273cf761c486832ba7b991f886c744712c2dd03d5d86746a2fdea2534d,Light-R1-SFTData-stage2-3k,324,train,2137,3
2138,6afd29c08d6a2978624e57b7a832cca396806aee21f45ad0b6eab25a0cef2d9c,80ad91c48f6842bc67104c8d77b41c2058e03ac30676c1e9679589ea037354c7,Light-R1-SFTData-stage2-3k,412,train,2138,4
2139,47d262e5cf9379e443ca416fc9f55dcbc703f0d749342ab3d18f9deeca90edc6,f015a955f2808cb151797f9b611b8434c8ba5d8638a21e9924858118e0365649,Light-R1-SFTData-stage2-3k,638,train,2139,4
2140,b32ca9fb95aecc2ed0e73b9698342d07f604695e42cf997e1c604b923f95e1df,dbd10423055382a87a4c4de3334fc651d30df4210f2474f0831306a8619d7083,Light-R1-SFTData-stage2-3k,587,train,2140,4
2141,46bc4c2a3436b666ae21979ae3b681bd5dbff082f20a5d58ccfd266b103ad24c,2072350b04a3ba18ac8a855a46c3e52cacbbad171aaf51ec272482db94702bb7,Light-R1-SFTData-stage2-3k,3270,train,2141,4
2142,c444aef44d67b82319c0eb363976a574953f56855827af7cd79cf98b335b851f,a481be62eb322f9148304f1ad08cae130091faa88f356102f2a42ec9c81ac6d3,Light-R1-SFTData-stage2-3k,3006,train,2142,4
2143,8168d9977f90c3c27020d7706ab49fcb1a288d6fb6d89f23844dda674397781b,20bd9d3840e45991c019d136a7f5f5e489dffcb7517b9fbc0e9aff4e0ab20be7,Light-R1-SFTData-stage2-3k,2780,train,2143,3
2144,45424fbf2082b9e08d7bf1c49154f1f6e3a1d41a3b9fdc13fc01af670801ebb4,97b46f5d603bcb61b1e49f4daf5fb3422245566fa4f0f82aa31e73c5fc27a426,Light-R1-SFTData-stage2-3k,3169,train,2144,4
2145,c1afabb295cb5057a1bf3148a6b4c47e0e4672f6cbf8b8b3802214332b5a1c2f,ad80e4e116d8a002d3026f2dcc7bd01e2902d45d5265c5b064dbd5b7f98c4ae9,Light-R1-SFTData-stage2-3k,2329,train,2145,4
2146,b2b481b246d659e81e0e6b825fe94e7f42227e3576e8c4329d8a51234c187cba,7dd7678cae83c62e234813f4800bf43187605a49f0d1760c6ebb3bfa949e82a5,Light-R1-SFTData-stage2-3k,1495,train,2146,4
2147,88a97ceeb0efcf94c2fa4b2b53ed36331b2b8127093c3682ccb79063f4d5dd59,86b46cbe26f6ea739280b9d96cf4beb44d4c238e6855d881331bb9b7a33af337,Light-R1-SFTData-stage2-3k,1575,train,2147,3
2148,0b3f0d2217a66633aff54673a66814e51f8212a6ab3e2079ee5694200ce06628,e10a67a70b2608ab3575371495fd72c5e13964b34d19d69fd86c5c03f702d776,Light-R1-SFTData-stage2-3k,333,train,2148,4
2149,d246b4a8eb9804b049cc347dcad58d948c3e3808614cccc7b9d2d63ebd73c989,d3d1390ec8ca078ac41e31ef482d42bc61f7913cef226278c009cac38c99256e,Light-R1-SFTData-stage2-3k,372,train,2149,4
2150,f637d33f57a25017d3d13a9729bb4163cb8d6093608794e2fad691774f77396c,2f2b739980212794159c48a658ae38a22ef0500cbc32d59f1c79fbd9a663ee8a,Light-R1-SFTData-stage2-3k,2037,train,2150,4
2151,cacfb6d9173c233d4ec6a692384820fcd5958db552325cd10720321cc3c10c8c,1693e12d015f0bd5f6180a362909180f9ec6e2ba6d5945cdc33ab51f3a118eed,Light-R1-SFTData-stage2-3k,72,train,2151,4
2152,4dd655719501c58918a9e8e13d85b7d094893e81dda3480fa226dab63ff7f552,916f0d8f6b85b89f81c7341c81d35bf7f9db0ece24d80a2870f70c6e9ed4a206,Light-R1-SFTData-stage2-3k,2043,train,2152,4
2153,79db517858371366408853a468546d5b72eb0269f421b9f8d061341fde96d049,f5327852df56a0a021a6c049958254863b2ab8de2703d00a2b28c64801564a52,Light-R1-SFTData-stage2-3k,1093,train,2153,4
2154,691a768b28f5a7754e7b0f245281f481835a2be85284c91675047437d4df21db,45325bfe218a6c6fc2ca28fd92599711e36c5f14f869b44ec54a177069a644f6,Light-R1-SFTData-stage2-3k,2083,train,2154,3
2155,ccf0053ca352633fedb8e142afb7b1b752df406fc3fa6e562a43249e3e6320b9,97b2d3d83031be17f7deafb07df24b0b724c9a43dc7d785d532584d6e058e9ff,Light-R1-SFTData-stage2-3k,819,train,2155,3
2156,1111b95069e230639331abf4b9ea1be5d0948fe71d6e3930e05a91af0dcb40c7,fa7863da074997151341ea3b286e3157c025128321a21b9100ce43d2231d0bd1,Light-R1-SFTData-stage2-3k,964,train,2156,3
2157,212a52ed85bc03096aeb16818151a73b84065133cc0691f3276cbbb01f64b2a3,ce7f8081ca513005af42cc09bffeb76cad7d612e68f4370a26aed84d3d64598c,Light-R1-SFTData-stage2-3k,2805,train,2157,4
2158,b3320e256eee61382151cbc2f2ebca0ece09f090f287af073ce282dd3b7229b1,300bd797452bc3b465819dd7400b19e16b494648bd40d6aa58029a325a18b8d8,Light-R1-SFTData-stage2-3k,3152,train,2158,3
2159,c5e2d1e9caef27aab17ea3df62e35059f1c9ec3c8ae2447b1ed247fac7be6e37,e197a8d8c6f1529ad2a0b841f4cab8a73672548d284173cfc2c52e510c9c7f31,Light-R1-SFTData-stage2-3k,40,train,2159,3
2160,928d760ee0323a9af9b9c1e6d3cebc4b1300434c42392504ae3ddb4c1d0165aa,043f7744bb5e6cd8cdf57d3c419239ba7c4fe6ccc19e08557d3af3bffaa222f2,Light-R1-SFTData-stage2-3k,1387,train,2160,3
2161,9d1f54289bf60973affe0b72a89553c35db243189d0f0764c162487ecc817e3a,1d0cf4fff63f5c918201442aadfe0e68cbf4a295e710d65e9befc87919ce0acf,Light-R1-SFTData-stage2-3k,3176,train,2161,4
2162,51dc950d6092e26ea7c5febb53bac621b67a1d4843b9cad1e9a62d03639e7609,0479ac2cfb3946fec461a58b6fe62414b01fdf1f427fe8655241b1182abc35b8,Light-R1-SFTData-stage2-3k,751,train,2162,4
2163,0c7094defb42a0e3574c1650141084e213d94c4b47cae1068cec0c1ffc1f91df,c1eddc909b0de6a77fe949ece0625218db1cd48c5b2c5c80edeeb60e829905b0,Light-R1-SFTData-stage2-3k,2117,train,2163,3
2164,b557c97eec8a41b7a046b2446a8bc3a9e1faed6d572aedef1cefbd31bf7564f3,63bfd6a54dbf829094f73579ca023bac0413bb22133e6b30a6b9e2e62f35a34d,Light-R1-SFTData-stage2-3k,287,train,2164,4
2165,d28b4bb53597adb442dab43746ecd53a46096caf2226d329d6b244579c10371c,8090d7931c01bb02adf5886c26485e80890bd4c6360b316ad4964b83fbb21159,Light-R1-SFTData-stage2-3k,1634,train,2165,4
2166,02fa40206a6328b39ce23f9b782300cc4e9aa4ede7fe8200a47cef59870a72b2,edffc84604d64ab011c8bdfb1b1d25c8092edb7c6fd8e330b336e58fa0f5d02a,Light-R1-SFTData-stage2-3k,3112,train,2166,4
2167,a56ecddef84d48ff69caa1a75cd2654bf019bb8021fff87531e8e26ba05b4f2d,bf7f62c937baba3f1460c6e1203b117d3708436ff76c31bbaf2f448414425ade,Light-R1-SFTData-stage2-3k,843,train,2167,4
2168,269a451571c54ee6bc891fcef8ef55fee268074f7d0b162a1e5aa80fe030813d,6ac977b58c35dfc8d97eb4bd7e3cdbea2fd386ecfd59de543b4f8e7e17f7e886,Light-R1-SFTData-stage2-3k,2858,train,2168,3
2169,d212c8b7672b36f38780025ef339b992bd9f85d7cc92795a73a58075c170b587,c1bae31d6f40663a2dd57b9e333fd07a846155216f1f5c8bf43634dc1a24daf5,Light-R1-SFTData-stage2-3k,151,train,2169,3
2170,cbbf5fadcfddc89b8ca812563e961dca125431d5f7a7b232b144f14afa9df384,03b62ef377c612eda2e35e897bd00bee285562ac2e1f6c2d43aa0c47a369ef58,Light-R1-SFTData-stage2-3k,1450,train,2170,4
2171,7bf81cdca883bf8d8345aa601654a70b82c0e8ba16308aceb4e92b0a8a92dc1e,675e0e1468804765135b2a8157d991867af3f2a495a43ecb40131524d963619b,Light-R1-SFTData-stage2-3k,3043,train,2171,4
2172,9977e31ee06b0ed3ab24072c662522578c924475906dba5897cd201d915da103,a53d35dc6077f4d365eda82bddfd1840fbbdb2eb81d62315da4be25cd62f43df,Light-R1-SFTData-stage2-3k,1818,train,2172,3
2173,2b3610286f71d951b6cff9c2b5263277c4f5bba3e7e874da9cdbbbcb020121d3,7a7253f8a83d96690dbf7c6de55d4970ac2ca3b91a136daa7c9dc5fd66d4a130,Light-R1-SFTData-stage2-3k,1485,train,2173,4
2174,0f7cd2f56e6338bd4ae01620ec3f88aff38526fb4cb4bfabd2e49af1448efda1,e9c45de8bc86d00634a32c8993d615237c1320c8146cfada6d7b09631bbb3fa2,Light-R1-SFTData-stage2-3k,143,train,2174,4
2175,ac3e69f62fafee878d44fc0fd58a34e978aac746f71ef77af9f3b2e371b8e06c,ae2284adaa0c07cb9b9dcaf47b8626d9c2cacd40edcf3d456a74fa03545a6941,Light-R1-SFTData-stage2-3k,3133,train,2175,3
2176,67506b9d9ef586dd1f59c8de08dcdd70d6382420bee9fd09423b552abc5cd78b,50c1086e1b1c50280db22022760d61923618e2940a3a90fe8cd38160fa88da60,Light-R1-SFTData-stage2-3k,2175,train,2176,3
2177,d0498090355959dab681fb6c49321ad008cd1e2890378275c6cb3f3de47da7ae,f7a7d186a7afd2700ab7731f76a607c45a1c2f91a446f78a6987ad91252519f3,Light-R1-SFTData-stage2-3k,676,train,2177,4
2178,c0775eb33d7745216ca9fb830b6f1c181e09d919401aa527dc099210b026d004,8addf8f0883ebf437dd235bb5a17ebbeb0c943217eb1a93e6631b5a82795fa00,Light-R1-SFTData-stage2-3k,1797,train,2178,4
2179,b76a81bcd6121d284f1d034ede946809b66d7813ecdf14266ac23fd2ef55cd30,556cc719bcf9547e8e422f0d9bc3c997afec026102e7d268bb8e6f0c8ef67901,Light-R1-SFTData-stage2-3k,1075,train,2179,4
2180,ed925f1c0530ac6190aaefc7f2b9e1dc379abe8aea02d0844bd4e5ac7a5a57fe,8360f5b418ed90a3e8e8b0cefcca1fad2978b32c055d2b794485acc3a84239c0,Light-R1-SFTData-stage2-3k,1946,train,2180,4
2181,453ad62d07fd22e92f7f02259915b6241b95c8786b202d992d2cd70769fc16e9,e90b99903704642aed8442007fde73e4631eb9a863fce30693b19976734990df,Light-R1-SFTData-stage2-3k,3340,train,2181,3
2182,cac6c32c99d2eeb3c8a73000c99927a6a27432b1ea0017434e8829779ba25654,bdf0b9780ced044e57af1db38fdb9feb870c8fccbff1b4f09d01e9d01f056980,Light-R1-SFTData-stage2-3k,582,train,2182,4
2183,78042e4cd18e4d77eabae457bca34ae2336334a4d4fd9d648a9106bb6cb82a4e,cab7ca89a7d9df904f1e97813ff26a0795eb46bd460fc98643b1806e63db2e15,Light-R1-SFTData-stage2-3k,1129,train,2183,3
2184,c26330436eb925674bd00a27bf88dad021ba413e2665cbb39a0bde3e06b0fbf2,fe45071313f47376e4384e29dffb5b277122f9e24638a7b02939aa29e9889fcd,Light-R1-SFTData-stage2-3k,260,train,2184,4
2185,595ab646b8885d5653f412de641d4ed3bdb549c8fce6c17821408219708f5fca,f7d611fe5fc8fa166949ac22cf2df96e6d43ed796b93ed23e46d1a54d9bcfff6,Light-R1-SFTData-stage2-3k,950,train,2185,4
2186,fdc8f15050171428db7dd54b3ce9dbbcc9fe86315e160e4f2c1c9b9e79e3596c,13b30c3eefd0c03fa12e4a2c12224073467c2916640f8269c77614e34977ed6a,Light-R1-SFTData-stage2-3k,284,train,2186,3
2187,1e41c79d9c261fec9132e35deab3121ea5c768f723eaf1f3c6ed9f61572b9b18,254b1015ddfc41f40787ca9e57d1ec44cc62e20725b03c2cbbcb8b95791ad010,Light-R1-SFTData-stage2-3k,633,train,2187,3
2188,43a29741e7851a1039bdc9b0323fe8799c7cddfbe74d2a03b306233f53a0437d,9982410c77973374903e9643a9f0552007a3c4db3d99989d93ba33d0d73e126b,Light-R1-SFTData-stage2-3k,3003,train,2188,4
2189,feaf9bc5410cd1baa0d9dddd35cdf785aac90de9425f843f04646e2e147072dc,931ea2e0a1be61c56828c851b5b5456ee6fef89db8db6b8f0788dad5da14036f,Light-R1-SFTData-stage2-3k,1471,train,2189,4
2190,d07ff03ca95945dc1153046477d94704ae18a3a6569ceba787bdad16d9dc0fbf,ad2097c00cae639f9c14996eb14db4a6e10bcf424a4efdaa63909bee9c106f09,Light-R1-SFTData-stage2-3k,2282,train,2190,3
2191,b7854ae7309c958a2375f62e54a74490375f8e21aab2831d5593db8759f0a694,4d2d7e473e7634620e432fad5da3772799a0f4b463fda471b8ca847aac26fa2a,Light-R1-SFTData-stage2-3k,2670,train,2191,4
2192,49ad626077504478784b024431b62b3f121cad43ad109636ff92ef1b871753c8,d3cd26f25a8dc849252cac59b4498eb5b9299005bd055107cf0955474a9d1636,Light-R1-SFTData-stage2-3k,2184,train,2192,4
2193,d526ba473a94296e6c9c396b06fff3b50109c6afb80285d4c59150e4c60dfa0d,c8fe64ac5860b648c13ae7456490161ea5d660deb35bb0dd5eb7ca357f24f67e,Light-R1-SFTData-stage2-3k,842,train,2193,4
2194,5d53298fb00c6747d87fb13b11a9cc6389d5707e73dd5f8dbc2743424b38a5fc,e33eb9eface45dd179b5597307ed663158fe8886ba4799233ccb849ee4c18e72,Light-R1-SFTData-stage2-3k,2673,train,2194,3
2195,0238079e985a17b64df14a6b264bea96ed20ccc479aba6cb2b28e6fd14ab68e8,7472777e9d3820bdba3e5523ce3d187fbb13288d3c677f7f77cb8d3343b7cbcc,Light-R1-SFTData-stage2-3k,1701,train,2195,3
2196,cafed1b24eb573ef00fd9f9c4b2134e618e743f686e73f30fe5b2b1df4451c65,a85930997cc067c6d769df8921d6eb45a5193edea15483f6ebaf86d155fedab0,Light-R1-SFTData-stage2-3k,5,train,2196,3
2197,ab95ac53884adb0f37e563f5cd6f1f8743e62c4b665e01fd17e9ffe7edc0e7c3,f7248fd36106f601ce65373da5e2fbf064788a5dbbd5d9186c765eb5f5996bd4,Light-R1-SFTData-stage2-3k,8,train,2197,3
2198,9f678ffc3e45c318b1f198c2dedcbadb0181419190bb80b26ffe57a2e84939ea,ed51dfb908e77b56229b8dc0dfc02233fa79a272e37b091b6f5a3ad1c256c0de,Light-R1-SFTData-stage2-3k,2909,train,2198,3
2199,772d40748aa4b150e82b82f3aa044b3b944df1832be673a7ee2e20ff94e0fad0,49b295a30af4dd2cc10640801d5ee7cb299cb8d940754cb3ea1d52227a067efd,Light-R1-SFTData-stage2-3k,2940,train,2199,4
2200,75333394b5ab7568182614027086ca4649d483fec0b6b4d25fc90c9b8eb9d7d5,63d76dd9d7ad38a53fdb3645955fbc6665581ff82ef38b41d605ebf70311b5c8,Light-R1-SFTData-stage2-3k,1882,train,2200,4
2201,8f5f45d69496126e2f595ece2f24a99d117d627edb3e59398ca8a2cbbe5e38ab,0c2d930c5669ec2151c0ed9faeb1365e35af44e2d05707e4b79dda75f1d568bf,Light-R1-SFTData-stage2-3k,1229,train,2201,4
2202,6ff237012c0b23279d949dc68570720fe0a05f2ccb9926891ce101d43e45e8d4,e68d8cf65ebedb87997afa8e77f50f59a1a3560613991102b3af895136a10d5e,Light-R1-SFTData-stage2-3k,1843,train,2202,4
2203,7c1759413d0cb8982edd5f6bbd1d8fc8f1d1325258e86e9e8d550022580cdf63,5e8b252f5ab8fa538f975eeaae4ba01e19993a9a211625517fd004ccacbb5023,Light-R1-SFTData-stage2-3k,3031,train,2203,3
2204,ea236cded64b77f8231560eefbf71c31dbe36014a628ab72a32ccca705098797,4eebb6af51025818f319e2376a0b67ae124f4d0f3daa62f60ee31ede18a10adc,Light-R1-SFTData-stage2-3k,2372,train,2204,3
2205,9574bad90dc5af76b3f56d7481dc2a8834de3d26f2eb19664f400047a3a406b4,f2d9d58359690c950d2d1b21459990967f2e028728e6d34ebc3300ab602294eb,Light-R1-SFTData-stage2-3k,2926,train,2205,4
2206,e6adf85433abcccb0d39bdcb3aa4fcfdee8560dbb11dedeb566d1a873cc08677,2d3064194b88f711aecfea27b0e858db762e1526d6a16420a80ad2ece44c3c1b,Light-R1-SFTData-stage2-3k,2853,train,2206,4
2207,eaf5a61cb1de7b7daa377cf41f7688e1d3159cda9bedd0880b452fb5995197f2,c209070d1e39657ff0990e395d7683fd1930c07670759383361a1803c7f03dda,Light-R1-SFTData-stage2-3k,875,train,2207,3
2208,ac1f8a66583cce86a7949af391785841bf60f0206c0abe84c040101b2471346d,3259881f92720b1b4c602c286889072425e733cd14877f434a0b6fdefc9ed118,Light-R1-SFTData-stage2-3k,1657,train,2208,3
2209,3981a733bc02dd91f7fb075f3e0e432ca1b15d1c65ff670662054dd5e89fa2ac,2f1522c60a2c253349fd8c4937e28370a0bcd63e2bd2a69bd2414084f64926f6,Light-R1-SFTData-stage2-3k,2464,train,2209,3
2210,05d992c18b7f7aec97f9c22200bf2cc407c88fe1515cd91c8deee733470d7e2f,b4af3b4bbd95b14a1bcff63f3d81b4891d449a2181fbae4c0155504272f6cc8d,Light-R1-SFTData-stage2-3k,1878,train,2210,3
2211,3ce702e0abe51a04fbf69adb2cf614c2deccac2bf7b134e2ded62756696c6f04,e37734599960903947be4d2abe21d6630dc8d84301f97f58557a72883d6d9964,Light-R1-SFTData-stage2-3k,48,train,2211,3
2212,a32d72c16d4c657640d5cb09d6c3c97f6eec38ef70f3e90999b4ebd6d76ff79f,0f33663cc91c429f8633604566736d444db7b421eddf2946d00065ad6488a890,Light-R1-SFTData-stage2-3k,3445,train,2212,3
2213,ee847c430dea93da8d215ee2e45737015600b9be59df6d722a7fc7871e0d0702,44ff5ca4ebd64565c8a9bddd16086a6c6ef4668a45d30f18f3c05e432de7aff2,Light-R1-SFTData-stage2-3k,1261,train,2213,3
2214,164e558556d8d138d06f79bbec944c3a73f236c06d18f69723fee3899d2dc3cc,7369216c75a1f3239ce974dcc2ef641e912496836895d68a8f0cce135471c6b7,Light-R1-SFTData-stage2-3k,691,train,2214,4
2215,b1fe1227ed2f8e1ed8f49fc54f751fd79795b77c6949a934d50cd9ef0af1b98f,993ada10033046d18e14cab7ac2a59a50a04be89f2fe8f3cb127062535f56952,Light-R1-SFTData-stage2-3k,93,train,2215,4
2216,041338e76549a6b72247a91c40a509bab9ddbf954d4b8c4aae4552a5cf95081e,5dd610ecd9de285d63c680fc5c5b8f43f91336a78f6ba9aa17f5daebc83881d2,Light-R1-SFTData-stage2-3k,355,train,2216,3
2217,3767bb98d1f2a549debcb0d11ca0640e5f8a6d1cefb5f58cc8321032fc5ec43d,f9d6657856b78af8d02a198b78e2d4dff21b34bba3d50237acf2baa15756a3dd,Light-R1-SFTData-stage2-3k,2214,train,2217,4
2218,fe80fc3ffdc38f8f630a4f0b9ac4fcebabcf8e4b93f09c92aa68ccf8b4a6adf9,90ac0ceefe80058a99302771d2aed3d80bb58fb65861fbbb7ae4455599497bc9,Light-R1-SFTData-stage2-3k,2044,train,2218,3
2219,88bb6f3c06c17a93e55e7be8e46626dab9cc626a5c5b969ebc1358ef9efb5811,885b5f1692f32d905944b0c6f3b8aca06cf5d4f9b6d04256bb2f3c08aad4014b,Light-R1-SFTData-stage2-3k,1997,train,2219,4
2220,e3dc22cb1485687b070f3309a378690157458410fb299daf2191b7dbf6bb8895,39354916097a9ebb7ffaae28e7c6afe3fc8f4ec9c303dc38b21ea3c366bd71d2,Light-R1-SFTData-stage2-3k,3005,train,2220,4
2221,f457baed3cabd6810612e7c646f1b221ad2963224f68e9e22c9a66e660f3064d,bbe1c4896513e396406ba4a774919d81d516963f7b796417bdab0fd142c2c195,Light-R1-SFTData-stage2-3k,2492,train,2221,4
2222,65176980407e56f797ac48a5049ae17d6706d6bac7216619928bcb384fe992db,b32bec9764319fbe261ed8e88bd405ef52a20454ddfee889f8bdb30be526b9ae,Light-R1-SFTData-stage2-3k,2299,train,2222,3
2223,6dc4103b01bbfea1bc236dddc12e074fcdb14e209cb061f914033a59102265cd,31546a5094e3455706089e914ef2ae8dadcc01d847626d387a3cfd13ae03aa55,Light-R1-SFTData-stage2-3k,193,train,2223,3
2224,db21e44bec874c23037abb4b0021da62a2b6f9c600b7062b642e5e018e2e3eae,5ee4bc3303f146d9af46b2bd24417f31432c8a6655bb96a5b32d71e624d1a0f3,Light-R1-SFTData-stage2-3k,2185,train,2224,3
2225,f637c027c58050a5c1141955a083d8fd753de1942716dc9f9edd29ba19c3b4dd,92b2c356ae50e758a14faf13445c3b41b375b522a19238e0ee1e6b1d0cbe50c2,Light-R1-SFTData-stage2-3k,302,train,2225,3
2226,dc57cf794b7bdcf76750f6526de0f201a282a15d16ac0c3ac6305e9ba4deb07e,6949cdfa1d2435fe89a7a9399ff7b398a78ec28395faf45901f7b5e246e3ac4b,Light-R1-SFTData-stage2-3k,2828,train,2226,4
2227,92b7f6039bee3b9df1d6a9edb2736cff93720d118b4c1bf91428d3681fce9abe,d89fe8f7d84d8a386b7dc88a443a6f314eb1f561985563e9304062304b5517dd,Light-R1-SFTData-stage2-3k,359,train,2227,3
2228,a84ed04c0ed4d7603855d9515d79597816fd50020ea0036bb57682d40a435efa,9b64cbb54a45f46911c60be6bf2b8b14d2c826b8b26c70f6e4923e40cdcb36c7,Light-R1-SFTData-stage2-3k,2997,train,2228,4
2229,0bccc575cdee6717d992679340b133028bee3ba373c77844e4ac45b86544d3d0,9d5d242f87536791b645b2f00c77699d0c3af8a34a13c4cc05cc4a824d93f6cb,Light-R1-SFTData-stage2-3k,2564,train,2229,4
2230,cd86ed1c57aa93d1d7f09c6cb6fa156d66058bb2d2fa0614fb8c4e13879cdad8,d0be5ebc6daab8c1a690bf42858258eb8a28aedcfcd6571ac57edabaf28d5640,Light-R1-SFTData-stage2-3k,1947,train,2230,3
2231,24d85544d026595ca8d25974bb7a25009e473bcdaa07aab37b0ce8a05cf9a6c9,1cee56ced874c29bbc494b8fe475b8e4bee7d77f2f9037f11eaa96b59cef22c4,Light-R1-SFTData-stage2-3k,2654,train,2231,4
2232,5fba0373cd55e305a6382e6940c840568db8d58e07b785b9fd87b534f98a83f4,2faf0c312fb987fe358cf8a3f9bfa98718373fe97429cbf20f979141b6f03b2d,Light-R1-SFTData-stage2-3k,409,train,2232,3
2233,7c337dbb200eb15b895257388c2f1c1c398e8bc82cc43458c438a92ed36f06cd,824306c004251c25cb1db85f409e01d71b6b1ad508185b078663991884728cde,Light-R1-SFTData-stage2-3k,3317,train,2233,3
2234,35d67250f10a08f6c904139d5bc8cde0e44dcb6fea198862e50c04b61aa9a599,dbd9ff9577ebfe18481be577063e78f966c6a419e40825b3df48e187a58fc1fc,Light-R1-SFTData-stage2-3k,656,train,2234,4
2235,1e6e725472f4aa75ab41a4bc7c7a83502cf439a622c25da2e02ae0a498ec697b,8da7da9c2741395ca609e8246b8279a90139d068f5d3776885bc9d6f07e39ec2,Light-R1-SFTData-stage2-3k,1889,train,2235,4
2236,9d29f33e1cbf7ef16d7f7f5a444919477f0fae89fc6c856603921f43cdc03c65,8fe6afab15fc32ea219cb83cbf7ea71703240cc6ac62c9f916f61f999e13e84b,Light-R1-SFTData-stage2-3k,2002,train,2236,3
2237,fb35373e1fcf613b26a7000154f2ab2aec5998806331f454239853824e68901d,36442f4fcae26c7709c19768e57272e8ab998dd1cf9ef84611bd1d38b40a0025,Light-R1-SFTData-stage2-3k,3016,train,2237,4
2238,790f430ba72f16264a60f398f4ab61460549b6092f7dfd93b92d4b9d7ee370ed,610d65722ac0626059c952e5d7f177e9a6b631516ade0f635aa45ba7e3aff8b3,Light-R1-SFTData-stage2-3k,748,train,2238,4
2239,6de95b61f214a42ff3fe3b0477af0f8838047b0b57b6970616fa5fed04d6e084,d6d14341e83fe783456228e544323181070ede55a05a5bef125532644b145d93,Light-R1-SFTData-stage2-3k,281,train,2239,4
2240,6e5cc7f84aa9478145d7ac58c66fc6ead7d97112e928af21e1d5c56fc846c555,90b4dce81eb4b19a2f18115fb63f223d6ebdeaa7c49c25136838f8181f17fb0f,Light-R1-SFTData-stage2-3k,2000,train,2240,3
2241,cd4eb1b87f1a0d453ec6f6d3165d92dd89473264fdbe631b555aa5808281e904,c0ea6b38b1e62d22ce55c2637815e5ef2704d977ac53b8a01f9a7092b26bc37f,Light-R1-SFTData-stage2-3k,1912,train,2241,4
2242,d99dca4c9373ec5b2333bc51c7d9cdbdaa5cf6fd194cdcbdda29d9d4e4b86109,284028766b1e5c01545a805a89130d2fbb2c500553d4ccd6f5b98c17d97d7726,Light-R1-SFTData-stage2-3k,3401,train,2242,4
2243,db4fd02f6fe958f247f984e3716954119f207c5e7794f774277f2692eaceb741,0fbb3ba804a8f1f5323d9d6ba8cc05d8a6a0e398d26e58f0d6cfb79dd57e4547,Light-R1-SFTData-stage2-3k,2210,train,2243,4
2244,2cc2196c5d2fd4dcf1ddce0bbadbd142bdd04c9daaa8b663f17eb15007b0f7b1,fd57d8e5d74b1d23edab4802da931def66d8e224dc8a0bcd3e65d384d158e1ca,Light-R1-SFTData-stage2-3k,35,train,2244,4
2245,14eaf3e952118aefc4b55722c011a93409b9273a2d7455d3ca9e5cde96548df1,35a55d42e50de05bc2a9ecbdbab4552e152075d193f07b1c7c67ceffc7e603d0,Light-R1-SFTData-stage2-3k,2140,train,2245,4
2246,f6ae1dff8ed629b09159ffcee1466eb45f4a43e451df3a90534d3aab73a1c301,bfd17b02a72be78324232d1c43fbd1e4c0fc94f78000564052a74baba87b4030,Light-R1-SFTData-stage2-3k,2599,train,2246,3
2247,0277ab794a698c6e21bfdc1b4d4fd16ab90075d12566f9df3f26e940313d7bbb,85d014c42cb5b9881195261a7a760938a41bbf85091ab4c1e23db2f2e6ec9add,Light-R1-SFTData-stage2-3k,444,train,2247,4
2248,2ef7e59f8b224fe97440fc95c7bdc2ea0af12a62e1d1a69856e29fe82cf22b01,05fe1a3e10f44d95ec8a91ed1aacee4c8d2a1c33e7ec707434e552364aef85e0,Light-R1-SFTData-stage2-3k,2063,train,2248,4
2249,73faf05038d88a3fd06fd887330f4390048cdd7197bd66dd18ba0d352d9f6bbe,ca8551d5b5664e8039ba65ac868fe216545b33722625c672e1825ed3fd64af8a,Light-R1-SFTData-stage2-3k,304,train,2249,4
2250,7f03db802720e0e5427913cc9b7b32bc56194654b6e41a2986562f631a5701da,e724f1502538910ff6a19e4f770d30593ce89e9cb25b2e9be1382ea10fa142b8,Light-R1-SFTData-stage2-3k,1209,train,2250,4
2251,1d9e8b3646f08b160927bfdedfd25be08d03f891fc4b3c57d35a4d78403d2d67,ce06330a3036059b72f3d1eb8ed2b81a2e2a89352cfb41cdc893bdeb77b26bfb,Light-R1-SFTData-stage2-3k,859,train,2251,3
2252,7d250b0940ac9ad181ef390b01ab92e7f2f75b7c4daa6cbbeb8fe5583f3dbbd1,c882ff7fdb8c911da0fc57d94980ab75ef9ba8d41a466ac2f511cc5749ae4585,Light-R1-SFTData-stage2-3k,1976,train,2252,4
2253,5609137a9cf6f2388d41e835c211b4fcb0e80f243eb110a48eaa46e2dc931b1f,8f858814764b8f7859f7e0f0b17548519fd17e8fbdb8d42a7a485505219ccb79,Light-R1-SFTData-stage2-3k,961,train,2253,4
2254,1f417f697b4f92f13beebcc407fa4912fb263e7c91fab37cef0a19d4b0cb234d,f2d1132e1115db5137b6d7af0dcb2d1572accdc256498fe7dbdfc2c055e6425e,Light-R1-SFTData-stage2-3k,1647,train,2254,3
2255,06de07473b3bc9f44a86dc0275d6edf2afb6477d6f96c5dc952bf56e1217e084,16154a7338d21b5acc918114f07030c63e0aabd7fe8e4dfc6cda511a6babe74c,Light-R1-SFTData-stage2-3k,2764,train,2255,3
2256,84fa6052538787817031d8c852aed84d62bc2656b3521f7e3abb988ca45c8619,a0f3a5388391e03c802092f94aed4c8ba47dfce8f154e39f0a11b69bb4dc1a8c,Light-R1-SFTData-stage2-3k,3232,train,2256,4
2257,247422c7c297d719cb390c9c870c651534ca1ac39d152c65ba325fd1b9a2797d,63ea85a9fcb3a03966e8c9d2c4b8c2d297d28f224c0e8c98a0617e99e7bc76a3,Light-R1-SFTData-stage2-3k,223,train,2257,3
2258,2160941a98f8da8e840ddc0c0af4f1afc9398391dfa78927af7680550f831286,4a6227c7144ec54f3938f0ee750c2d6dc0a1385c5dfc8f24f43df5f9c0df6e19,Light-R1-SFTData-stage2-3k,3413,train,2258,3
2259,7965cc43f6ba586e1e97146322755690aad76a05bc689827d86c4aa9424d3591,0d505bb4f1305dc6440610240ecaff55b938f9036b5b8d378ffeab3dc879e9ac,Light-R1-SFTData-stage2-3k,46,train,2259,3
2260,48304b4dcdf287e4d6c1811e782d3f1207571a94e1f28110bbda5afc116f4c72,119e6c20e86221a8e59d4363c433f2103372f8d06586e1c0a674390e99c50396,Light-R1-SFTData-stage2-3k,3091,train,2260,4
2261,3cae90538bc78646e26791306cea96f280e536a74b19bb926876328afe2113c6,40609095cd637900bc6c4101c5e1b600c45c4cb94f6c1e12a02bd105538c06ba,Light-R1-SFTData-stage2-3k,3023,train,2261,4
2262,724fb1edae71f1850a63f5c494e4bc2ab5c29697d6233f75ebdd7991ab956a03,4a54146fc9989bf0e0db2e16c652d9090d3a33420a9bd429ab5eb3207d407ce0,Light-R1-SFTData-stage2-3k,1865,train,2262,3
2263,ec87bf4ecb6f6e4fa972ca77a983c37d5d51229dac902ddabb32b775f3849aaa,256ea5282c2bdd7c3583829d4707372be117b13f42edbe74aaee4e2d988b5d73,Light-R1-SFTData-stage2-3k,738,train,2263,4
2264,3816d2c063313c9d6cfca267f7cfc62a92406e411a7a3c356d20233efcfa9925,e006cb9a69e8f31f672f22fa8418b6c4712154e647f63850bda4cea513fe181c,Light-R1-SFTData-stage2-3k,1193,train,2264,4
2265,a064757508a1d282c77d699ac4d6f15cfb9719edc23700de37c700711b01059d,d96baa6ddaaf12fa765bc6d1d0418a84ec296eb7309a62011b6bf1e6ea74713c,Light-R1-SFTData-stage2-3k,1174,train,2265,4
2266,ecfc3b2e56fc8cecfbe1d91f9d4d13a671e0ac721b46727b9447a3ef3d7d4b95,9ed153890f512665d005670d0a9e570d3b3e7fa6324bfc915863b5dc9265feeb,Light-R1-SFTData-stage2-3k,1015,train,2266,4
2267,18fa29927d617b278a314894ace6aee9f1caba814c79503905c046cd54249bb0,fae2e2fe5b1b39b2f74ad0d9ab94f09bdb36c1c738b60044f1da2d12d9a8c29d,Light-R1-SFTData-stage2-3k,2011,train,2267,4
2268,cd79bb3d150511b3211b68a1fda8783f9afaed2b485fc5b1946c5c13b7b2ffcf,bde37cdb302386501a6bd945b1db947203833726dfed3339ffa3c23c4a6dbabc,Light-R1-SFTData-stage2-3k,1306,train,2268,3
2269,6a75f520f0dd3e746e609b9ea2d3dc6fcae2428db4e6868e310abaf46060962d,475e7ff59a4bbfce8c96a0b8124bb1c09b6c7e59de2f153d82ca16b9d1217ba0,Light-R1-SFTData-stage2-3k,1276,train,2269,4
2270,450be88b37c1479e414e59f36ca8753ed9b843ab11004b65f4d4c3faf1824e9f,92b02c0659f2e66399fe390fbf42ccc1b530555200aa593d55e6cb3972c7e23c,Light-R1-SFTData-stage2-3k,644,train,2270,3
2271,6e45a8cb3667d71eed56cccbdb8ba02e78772420c2a104bbc62aa251d52af24a,e9d2580977eba7c644c0b40805ef0935a6ead81e1209c30c8eac9ef562c52027,Light-R1-SFTData-stage2-3k,3399,train,2271,4
2272,25bc3bc42d5facb071e1e05e55e03d8b28745cb2bc61195458b782f7eafb5212,ffb2d716c6bc8484a7d281fec9143195424929ab0b1da0a40d36300e63825cad,Light-R1-SFTData-stage2-3k,1428,train,2272,4
2273,a71680e913dcfb6b1b9e4f460da1f96d7399f4f3c0d91b961ab21b43d6f4d8ac,f6da016b05a05348ccb27fe0723023d56858481b9da356c30eb71cdbb38d7148,Light-R1-SFTData-stage2-3k,414,train,2273,3
2274,eefa0c554d79d06cac56454dc660e67db58843d799b52a5fc2964d9491f3362d,1ec7fd6e93c3a48442be200792bdc5b013dd7ebc25d2d0a381df800e201ae8aa,Light-R1-SFTData-stage2-3k,1530,train,2274,3
2275,65d993843a3acec03df44b6476cfa7ba5484ad3c8d22243a0fb43409984b0cdb,ec3910b281ed93cc05c5546d1346c8b9f00cd9a724f5bde42e1722913ac8eede,Light-R1-SFTData-stage2-3k,1729,train,2275,3
2276,ae33663c609e29174b5fab71494bc6036e01bcd1085033c016c31dde30c508d4,9a052fa54106669c6da886987e23cd53bc4d001442dc9dd7a83570acd2668e67,Light-R1-SFTData-stage2-3k,2627,train,2276,3
2277,a5dad6dc16f95ea4efd85c37403157b01155709f9d73204e7b979e916a5aaff5,ecea0a4815ff447e9a039a7a6f323016ae0b6f889689a0309623835a5bbbcc05,Light-R1-SFTData-stage2-3k,833,train,2277,4
2278,39dd926e4669397e4ffd0686525fcb566fb1298711bf22a41f4037adb16b63f8,5f70740b2bc4246e72d9e57beb86a68f1282365a3aa071b6cdf7af08b356e7ba,Light-R1-SFTData-stage2-3k,1024,train,2278,3
2279,9f99e7c5f39a56c6964eec5d671243fe49414944d5858dd595bea4f9be8e7c3a,eaeec343a5ad2b8ee5eec0cafb336b47abab928fb16a898d524b3c9b418f7ba9,Light-R1-SFTData-stage2-3k,2078,train,2279,4
2280,cbbedd9af139dcb2a82b277755d56779c83d247f77735ae65dc3053a3b374182,e4401800618a5a40fb3f837fa542a6d4dc7d32288476ebac4f75bb22f067454e,Light-R1-SFTData-stage2-3k,1581,train,2280,3
2281,868b88071fa1c80dc7c94c3ce2dc745fb3819544664700ead2b5f2daa16d42ae,3e3515f6456bd0301961bad2780260dba9f44d9b332b3f46da7b8e975ffeff03,Light-R1-SFTData-stage2-3k,543,train,2281,4
2282,8d77d4028e179e8ce3de066fd6cc41a54108cf05338d3722c7cff01a30b6fe46,8dbb71578fc59f2493a1714ef268b1872e14cd6e5fdd703b1743f92ccdd5523c,Light-R1-SFTData-stage2-3k,2661,train,2282,3
2283,eb36b492a7891ad20a8c7646ad1eb63b16cefde6d665ffa4bc6328997ce78baa,c97246acaa5c1cb64f48f070f97ca29a7d7ca2e612b9b8e7bc96aff6fe75f2e3,Light-R1-SFTData-stage2-3k,2890,train,2283,4
2284,c3cba55ff9fa77f2967b08f42bc0f5ba661573960e65fd608b492424b0a4e389,3792f37d08bd712cb670b0fb619a90c4998bd7dbac4f27b5ae708961ef3619af,Light-R1-SFTData-stage2-3k,3314,train,2284,4
2285,de7dbccf2454aa88eb7fd31c154dfd83637067bb5b6d0ec6fe966f2dddca2640,34ad6b93375aa5cfabfdd76cef9e4b02014d2a7603e7ac968aeb3ead819a4d2a,Light-R1-SFTData-stage2-3k,1977,train,2285,4
2286,17f5951ac9690893dba3df12243f4e1ad07b15742df908804da136a42abb0faf,6a91a0ac138227017a826fa7fa6e35dadf254a3d6fb31fe1cca7c19ad859e8f9,Light-R1-SFTData-stage2-3k,1064,train,2286,4
2287,f720a8b39b241317d9af676351210372e512f201014126cb9c80dec5d217611e,be6dbca11082cd31c57e233c67810fbf4ccb3fbe999c0b832a403d04230154ed,Light-R1-SFTData-stage2-3k,2618,train,2287,4
2288,332e356015ac2ed084a53b5e8436e03f2d697eac175d6743ffe70deff9036f7d,caa482cd2d2efcf947f0b839475527041d89aeef02603f3ab18cd1eddce70066,Light-R1-SFTData-stage2-3k,2499,train,2288,3
2289,b1aa007b32eaf948b715e701c2a05eea9cf9a54b317f1dffcb241dfe2718a766,f6f4a193d34c06e6c8f3f950403732dec04f0587ba7e570c93bf94cf908a7b76,Light-R1-SFTData-stage2-3k,3452,train,2289,4
2290,41ed77a43ff82cd6228e6f213cdb8f68c90aa1c87fc4d6d2ef332c6519f40bf7,c52e49df4546997567aa3ed3d5930a6fca738a976de03b0556afe8efc5cf45f2,Light-R1-SFTData-stage2-3k,1770,train,2290,3
2291,f1f367332a28fab1b5900dd007449c6e8f0c5551e6717c732d060ca8b1ca95c0,9ca267fabf9dbf6d8cab5c75abff768e6c2d2c3a37d72d87549193249b921ba5,Light-R1-SFTData-stage2-3k,1931,train,2291,3
2292,e6aaa474df488ca90d208f3debcb90968d368ebfe487758f14daadef7951b8ca,639cb8b36727fbf6866cb5278a679e68c71c04ca4afcacbf5ef5953e3c10fe8f,Light-R1-SFTData-stage2-3k,1045,train,2292,4
2293,9b423f1a5a302f310583b46d2013e73818b45d71c5e116419ec612559b036f3e,17ae015343c6c187014b46e107d4229ff1574caea47aa128b332d03e4c4ce993,Light-R1-SFTData-stage2-3k,840,train,2293,3
2294,5c0399c554618769e62c412ff9c7f85a347a5f3b4030f943eac61fd85116c912,0943d67c711f6f8771409f481ba34171cc3fb21045a3c9dda551b82152305955,Light-R1-SFTData-stage2-3k,511,train,2294,4
2295,7a31b73d08e57075a198badc5ea6903bf9a6ba339c8655746ae26cc85a907c73,6e7ba50ca64c3d3ea935de32b1ecee03c0f0b91a0e6e8135bdf89de3f17eb353,Light-R1-SFTData-stage2-3k,3179,train,2295,4
2296,742bec6a82220dfeba6f6005c0dc112b7f84eb3be1b2a0650886536718bafb03,31f724d99af47f39b8f797bc0d7acc2c7e17de9870bdb6c35e19be112adca30a,Light-R1-SFTData-stage2-3k,1991,train,2296,3
2297,b2dc3c939f9aa013af68f8c7165b23bdd4446f19d7a3a487b698687f6da4242b,ae9dacecbbb16a6f25ab751531218dc11ed2b44358a31a7b5fea6889d64007aa,Light-R1-SFTData-stage2-3k,2609,train,2297,3
2298,a0dd76d0797becc1ed3625e34dc3683a5048f355617e33ccbf6306dba45bbfcb,d5e3bfe640b290e5b2d08e846407048be903d9be80370c464716814a461983c1,Light-R1-SFTData-stage2-3k,2682,train,2298,3
2299,ffd961a94a448e91c2e4308886b673586192cb3966b45e1bbb8c202cc5219cb2,cccca4246e42d5ae12e77466b3cbb066f12a33a806d0a52164156156d1b77da3,Light-R1-SFTData-stage2-3k,505,train,2299,4
2300,f6667c795ce2e046b6ac0d5daf58cd9e0be32b5a6d1d0cffb2e24368cb4fac2d,ccebbc4111ece25e5df84aa2b27743d7680ef2c4154e045c75d4f72dcfc32ad9,Light-R1-SFTData-stage2-3k,2271,train,2300,4
2301,8a64642b443e65f1610b63e284d1fc38e97631da8ab92b0a230eac65b5ce20d7,dab6ca2c8e639fa349398238853f164d11d00f2310a7dd2f84708b4f8d1ed5e7,Light-R1-SFTData-stage2-3k,1768,train,2301,4
2302,9d157361990dd60a3d5e2fe358762ad7b4f7439ec41d94f16b8667f3449da6f4,5278c2927d6a8efaa6034e7e09c58f2e40bd9c6d7e1d34ad46173652c69e8141,Light-R1-SFTData-stage2-3k,3288,train,2302,3
2303,8a8c4a7aec1355a030b728e00dfd405b3eac08998277e1643a31f8d9a08e54fb,cf9c903be47b1979318baea3dc8305631fc26f83529744e97c5cfd9520bf37fb,Light-R1-SFTData-stage2-3k,1066,train,2303,4
2304,7500a505206ae089c5f15fca0047870bce8a6dca6ceabbc7df98ad4dd25bdf56,03f7f8fb01f26dcdac79a82bead79127243fe0b8d12c87754b0fce938cb82042,Light-R1-SFTData-stage2-3k,1596,train,2304,4
2305,ed1c870142d6bbe1fc1b6d261999ccfa6e71cf667e4d70e7d92e01ffa1d0e72d,8ad368616692c59aac71299e0a29750e3d07aa8df626ad94744a2a6309eeb28e,Light-R1-SFTData-stage2-3k,1026,train,2305,4
2306,a7a77f38ee76eee364a5847d8e892fdddfbe2e8484f0a2d5642eaf84af467417,e430e078ae86bb25a14e5043f1a46f86182f985f356011f5c269eb86b550e930,Light-R1-SFTData-stage2-3k,2363,train,2306,4
2307,3274459c86488dcda098224c41adfc6563d74ded2442d8a7d5ea41cfb328fe1d,604356a7f518d68b00b68f540ac1bd2d56b57b14eee1d94965fa313e3f385889,Light-R1-SFTData-stage2-3k,1494,train,2307,4
2308,cfcd8a026709b1e08c6251a2010a0347b812664a190efd17661d79a88b7ea677,6967de012af12062dac23d791a45e73057b413c0ccb19ff04a5637818584b91f,Light-R1-SFTData-stage2-3k,239,train,2308,3
2309,51f96f88166698a5cbb353dc8a0977d3ddd6edd05297f25c1f4239326acf646f,81c50684526b7ac3b9b2bffd44a304ecd8333e4779d1a4bf7c56aa1756650159,Light-R1-SFTData-stage2-3k,2458,train,2309,3
2310,f38d9f1873752f43e263d6d67a9eaa2a08860d69de15277baa907a079586f2f2,d0935acc45d687d74f9bd62aeb2bb5ae9ec21bec70e28214acd368ceffa989d7,Light-R1-SFTData-stage2-3k,3359,train,2310,4
2311,c1a064a049d6865e1c52843710f8f6be47cf40be3e88d074679fab6ae33a5917,b672ddfd8d5996a369cdf408da64e695b5ca507265d12886d5817f319c63e5be,Light-R1-SFTData-stage2-3k,1927,train,2311,3
2312,4bdf2bdf5d0fe1bdaf156258aa221d85e52a35453443d69ef17ef2f4ad5659e5,68895db3acd053e5680a8bddef8cf89c865d75e23fcfa39a892e5f32ccb82375,Light-R1-SFTData-stage2-3k,845,train,2312,4
2313,50658d7b84e76392a688699c08d3de4935632a8fcb0c1f10f597693706657e0c,fd12baa53dcbd6495aae7cbe8aab66ceb429a5dcfd2834b0700f694bebb81530,Light-R1-SFTData-stage2-3k,133,train,2313,4
2314,296040bf3c48b79cf7baf4ec44172a3e5b8268a62be029893d23a09da44336e6,53b5194704cfa998983372267031ee16b434b24467e39a12380d6c2832fb8df9,Light-R1-SFTData-stage2-3k,1177,train,2314,4
2315,35316e8530c1bda783b6f09d3c0fac13feb0af759d5aa85ef0c916867f49851c,b9ac4a19ab5233b10381e12a4b78a8cb90a5d812b67644a00d59636f70b19ba2,Light-R1-SFTData-stage2-3k,173,train,2315,3
2316,6bffabb3482ad7f9ed3c387a2576a49e554b159a4de890a0ef853ca187943bf5,b82d41fdcfcbc05ab58ec84ff98584f628df38867208038915613ae4db0ca7a9,Light-R1-SFTData-stage2-3k,2249,train,2316,4
2317,20ead4382bf6218420040cfd13ca757642d86a5cb7b2b8b5da70dc374a09dceb,d48057e31719247c82353fceac0a1e56b6c0208f7eb302cd435d9f6c13e2d9b0,Light-R1-SFTData-stage2-3k,503,train,2317,3
2318,8d8f176dfff4b0e4895740bd34e17ea147e5e68c3d7635cd531c3975eeb4ff3f,6f6e846f603c49ef58899dc804c3168b912a12054d0a20f2145d45a53bc019d4,Light-R1-SFTData-stage2-3k,2114,train,2318,4
2319,8aea5803dbc387d983bf39d1ee8084351b736003c1071f8609a356541ddeef06,af7222324026d2d8598fd8df9a6b0b69b1a97b58371192ffe71840bfbb85d950,Light-R1-SFTData-stage2-3k,50,train,2319,3
2320,25701a6bf7ec8fa31713401e9716d643718decb60599e6b6cfb9fe99aac17377,3557b008305c98a2d56b4cb5d09b0295efda4b4145dbbd5e7f5cc9dfd79ceda3,Light-R1-SFTData-stage2-3k,3279,train,2320,3
2321,2ed09e29da396b7226e35a8d08253086b90e3074586e0b6106a733ff68747235,5c205dd2b05f6e94a4402419267dd67fd8119cc9901ce71cf157b2d27f99057e,Light-R1-SFTData-stage2-3k,888,train,2321,4
2322,2b005d469774d02227b114dfac821bc92589d92bfcc7b52b7be63b7aa2ddb080,493b61e6ac341a30488e8898dde4c074a11e47761a0b3e7363531d5f70dbf4f8,Light-R1-SFTData-stage2-3k,640,train,2322,4
2323,189567df8fdcbd1d9ba14aee30f060b12d47b10c690127e696263b4821d2f243,1ec62c648a569e8f576f19df64bd843fc3d2ceaec37931758bf3b16e65f6719d,Light-R1-SFTData-stage2-3k,2615,train,2323,3
2324,2068d3157cb2e16d48902ac61ef4fd7a92e51d4746387f5a0faa58279dd0050b,42a1d3d3abc530d27a527acbb9b6dc82b247157cd502c49bc2125667039bc1f9,Light-R1-SFTData-stage2-3k,2528,train,2324,3
2325,1d3403d66b5fd248355d935feed2749be672609aa007b31e745e56cfb73519ee,c1a3e66d53ca3abe9a20660fada835c3b853359637f535a5adfdd1a750b85f7f,Light-R1-SFTData-stage2-3k,3311,train,2325,4
2326,cb3f68e81562a23fa3c94897e3067f2775ec868b299f88cd2c3fdcf043fbf778,ab327e23d739fcb1e58d0b68747d61f0e34d9f4f27cb1f652ba0a58573c6eee2,Light-R1-SFTData-stage2-3k,1542,train,2326,4
2327,cfd6f4131f9ae2ac2703ec2dc6c72ed1436ea8ff31fa6a7642c6c62fc5d9ad11,b345e1f816774e2ed0114ce8aee0f4399337b587488f0552ed6d63a3575390c7,Light-R1-SFTData-stage2-3k,3087,train,2327,4
2328,59d4a2863808c94491070190446bbe5f405286833b164769016b2d2fc575404e,8a4c710cb394ded8a330a41ebd07441685623f5b2ad9484203142186040a2d6e,Light-R1-SFTData-stage2-3k,1515,train,2328,4
2329,768f54b0e1832eaced348f05129932e8dffe623ff4fa0017dd0bcfa173f4073e,c53db423ed8923e2eea54c5ecbfdb85a5f64637a3e998c0d48f56c795d346b37,Light-R1-SFTData-stage2-3k,2408,train,2329,4
2330,48f974d72336eb710d5c31c1f5080bfe725f55f90d842623da9fe664fb539f32,6d021e4c12f0c8e3c72d2683d8d9c20dfb32003fd2fb3c5c0303e80aebadcc54,Light-R1-SFTData-stage2-3k,982,train,2330,3
2331,29d74c07071d81b2e005daab01603e8d5cbbcbbecea4d112803d801534eba483,d5e935e6d0e34d3c4b08acc1217aa6c4ed77c1fea4028250e01fa39bfcadc882,Light-R1-SFTData-stage2-3k,3393,train,2331,4
2332,95f34d2078fffc8cf6937eb9a4837d699b34381d8e266e1c6bdaba82bba50ca7,953c1d681a40d561beb360aec4e23ef65973ffaa63178a74529d03687a55bd2d,Light-R1-SFTData-stage2-3k,312,train,2332,4
2333,1d6eaa729920447a1a7c12a7ad430b63e099ecbc4b31f8ddbb6663694f756102,178794f2d9ca3f0b4e502832abf069afec1726d04b9ba71e0721b81e5da25202,Light-R1-SFTData-stage2-3k,17,train,2333,4
2334,54e0a3b494f6f5e124460020a71b0f563feff0e489d77f863130f28999ce57d5,0c117310e9d809cf27fc2280d5cc432f6b17d1c1084fbdc40e01adb872e69bf4,Light-R1-SFTData-stage2-3k,809,train,2334,4
2335,147f8b7f2d9640496c85c0ffe8d88fc2f72aa2c088195cd03f5edee3c823c565,e9ba816e4df87dab18c996111ad80c7d9151aa37ec221b1912e70be8723364a8,Light-R1-SFTData-stage2-3k,598,train,2335,3
2336,90ff74d0367c871e5e7b954f2dd75d7dcea471ef17c5493ef2a1d3da81cd02f6,774faa117116ed08729e2c2ac54989b9266ce86a8669f31b132f9778daf3519c,Light-R1-SFTData-stage2-3k,1418,train,2336,3
2337,9b115f9ba156e9ba451a02c4724f24f6dbc7f920c9add17de02b8f1693074673,d4a7f6ce37a0d514fd8c338ab64891d6248982d74d9d1a6b9ad26a2e94b91584,Light-R1-SFTData-stage2-3k,247,train,2337,4
2338,0c692da9443dba1dcd56605062e883a7aed041b465a5c9952258061e0f0a1a8c,9f365d33dc26952b9043525952c446462b75c14ccc408256989f3e34550bb094,Light-R1-SFTData-stage2-3k,1510,train,2338,4
2339,2cb47d90d1e87c2f5f8ec1334c509c1b03f62c78f9a87b453bdfe18a8d6c9eea,5131741bca424a02702f90a8cbf8899ca8d081deb16f37784ca1e54c15df960e,Light-R1-SFTData-stage2-3k,3449,train,2339,4
2340,43d4786f0b5126800aca79506a9b8559ac4cf48876e28dfdd6d653800182c7a5,4869c9a2810d31263ab6f6baeec9302bd482944659ef092abd9631d1274c6d89,Light-R1-SFTData-stage2-3k,1885,train,2340,3
2341,5ae257d055b81056293490dbba9d0c6930570da00b5eef7ea9096b82233ad1a2,c9b16090c3aa865645940def16b93f66e667833a565c0ca3d34202374337ee07,Light-R1-SFTData-stage2-3k,547,train,2341,3
2342,89b01f72f95ba70532917f999200d2ac47e61b4d00ea5a9410451fbec89757a5,e6aa7126676094e617a990ea334039e44fbd6d04058bd9c46f9aec5ad74ac302,Light-R1-SFTData-stage2-3k,1736,train,2342,3
2343,093aab074ffe56f6a3b085fc1393974533443ea3fe4a0955fb6a3529204d7103,1a954ae5f2ce4c0ad2619e72ede306b00e7e2dc91024723bb6aa00fdf9ac1a62,Light-R1-SFTData-stage2-3k,2993,train,2343,4
2344,9e9dacdd85a84e70dbf88ad6488361035a35fdb28c4d662cc606d6040d29befc,b813d8574717b859ea68ad138fc40fa0a076e4eb3945ccd50fdb7b6b4bdee418,Light-R1-SFTData-stage2-3k,2267,train,2344,3
2345,74274ae2bdd95b90d9f5ee0ebb80adc6b1a36c9328dc31c2d70919c40242624d,9859bb37a82a3902b7501939f84d3024c147205385bc671fb5f35e38393d9b6c,Light-R1-SFTData-stage2-3k,2981,train,2345,4
2346,e19ed5a99ed0b823139a2254c67e8aeb2f2248f323fc46e5af3e1d40ab0f30b1,9fc5e47ebbc0cc11250c87e296418552405148233e0300c45b160434a253d616,Light-R1-SFTData-stage2-3k,148,train,2346,4
2347,7ab31164c3cc0a27ead544bc1cb990405cfabd636483bacb6bf195237087b6b8,cdce351d3693c1201e18101f9b3b8611786e99c57e78d96b15b7b3be274003d7,Light-R1-SFTData-stage2-3k,1512,train,2347,4
2348,99c738a991ebeaa172b56245ced748172ef4bc2166dea0464496760ffdc9d8c0,598d4a62d1fce2ae29c6050936bd2b7f310a7d6ebd7ae31e549eb1b4d5156bea,Light-R1-SFTData-stage2-3k,1364,train,2348,4
2349,fca2ad55b4b440256d0f36ec71b4e3e3bac04f488d755ac173be18d009a6976b,30cf8ce09c18556caf91d81eb9fafe1bd11a39d70dc0ea6740cb6ed69c31ee4c,Light-R1-SFTData-stage2-3k,2316,train,2349,4
2350,ecb1e1677e8746b7dd3626fb19576963dc2ff839be33ab906e115810b8199f88,a6429da1c590cb7f0ade44dc6ef77b158ebf064d7dfb368fc36efec2b51f3439,Light-R1-SFTData-stage2-3k,3485,train,2350,4
2351,35d324aa1dcf148c6763802d71526ba3b21af7ccb54371a96b533d232014b1d6,181b5aa9cd391c247f7855213dfbb1aa8dc2202081e44e79245652ced24a23d7,Light-R1-SFTData-stage2-3k,2809,train,2351,4
2352,a83d5006542bdcc2a7be2172b92200ba35d593464b1e32e3b79cd64980cfcd04,7ba7b020c1f68dbcf9cd54bd87ea8092d76662ee07cb206f7e90f9c6a63be579,Light-R1-SFTData-stage2-3k,1548,train,2352,3
2353,da8c80d0e2b96c01b71164c831d4edc5cf40de1719c7b6bd7089d6164adc8a55,a39e2c5cb0cb2c000cca9bd28565f8f3c3ea9e170a5ccb1e7f1d2be9be2c1a06,Light-R1-SFTData-stage2-3k,1351,train,2353,4
2354,12c7a2965a43101614c9f7d81c4c75573020b4d2b1631795e190739320e3376a,2349c2a4a2695ca8eb44727c56218b8dd19214123185b910644414ecb98aadba,Light-R1-SFTData-stage2-3k,448,train,2354,4
2355,1bf8a9c40737af8889b3fe71fa87f83ad83710ccfed7fcefcf4ad9f6cf971de6,bfee6b1ff8ee443ae1d85d8ceb58657d056b88b983ba6d394b720a9a5b5332c4,Light-R1-SFTData-stage2-3k,2105,train,2355,4
2356,e0d93d6a92e58a546388fd6e9ba6ddc9a0e04b56c07639ac9a9d5aac3c89b4fa,f7b7cd9724b39757ee88908b70cd4ee0aa5d659a5ae583f753042eadb4a00466,Light-R1-SFTData-stage2-3k,2831,train,2356,4
2357,781c7e75c8c6c207ce39a7f39c026e80e68f65c06b32140c85a19a8ccaa00eaa,7d30a45c25d98ff834d0613684d5a041c526b937323f923f3cefed8b8f9ba4b4,Light-R1-SFTData-stage2-3k,828,train,2357,3
2358,43d09a00f80e6be5e97aa8e61303fd05845fc3c3234e833d967a5e375b82bdf5,764026db63aeb9dd77cc92ffbe7d223290a3be7d1e41a7387a53e48cbc5c2b81,Light-R1-SFTData-stage2-3k,1591,train,2358,3
2359,f4006579355ffd0da9de6f7f116b3f00096e7b7bab2820595493d7ec03f1a28f,2555c25c4605f162084f27bf4eeb4b09b02ed5c556c4598d4abaafd9777ea387,Light-R1-SFTData-stage2-3k,2427,train,2359,3
2360,7370d753d45119c98f56d38c10b4b3b021bd485e701b52185bbc2d9c6eeef3e0,afd55eecfec2b095ca6338977d067ce3ae8715850499694e5223e566676981d0,Light-R1-SFTData-stage2-3k,1207,train,2360,4
2361,ae9f2eef8b4609e31487438c8b34016ef027e037f0d2f61221db84a70d8ea474,2aed41965550e87328c9f2ad3762ee11adcd7da4d45653686470e04fdb400301,Light-R1-SFTData-stage2-3k,435,train,2361,3
2362,c2917db95ecc1e3f19d883a097ba24b6c92c6be11517138d6648d910fb36b41c,146598edcc13e78c010862bee30869ceb0c60e39919ae98a99d82d55202b6b7b,Light-R1-SFTData-stage2-3k,2690,train,2362,3
2363,5a4f072d981b0e7bb4e7f5f83e4f58dd564f6914c84662f61116cd5b3a3a0740,1ae5a1115e0557dd27f9000e5e15040b1d99708e71e263c13f2486587c289190,Light-R1-SFTData-stage2-3k,1748,train,2363,4
2364,bcdf0485b71586a3693784165199894cf2fc0c7f0f7a27f12909655884f05655,c6447be77fb0976cab700e8097d51d72bbaefa774819a8ba5799e71dce0a84da,Light-R1-SFTData-stage2-3k,2254,train,2364,4
2365,fbec767d3a7273f0921517b18f488e53487c375a8bb3851f7083535c36ee5593,1d0200d06e7ab7100d4b46a196e5215f3bd2a8733eca2ed41f46f2d0e0cfea87,Light-R1-SFTData-stage2-3k,2182,train,2365,4
2366,1009ec65ec885dd043ab0b7eeca0bd171dcc1ae48ef3cabd070b6797fb59f2e9,159d1678b536229f3e6b4f1120da5485b0e96a8ff186656e14aac383ff4e9e99,Light-R1-SFTData-stage2-3k,1915,train,2366,3
2367,cb009ff81469dca605015895c8845eb4407be57d53da03f088f148513c545779,3043c21eb5b8f8cb452fbf951de75611a9d4a28923904b830d41abf349578c8d,Light-R1-SFTData-stage2-3k,347,train,2367,4
2368,81ecece4eb30f4b8f640e6f135e6c330cd16dca81fcdff3d28aee34a95c5d868,0a6ff5eb89c02674a6d87863bbe5d6cc9a8f65c438717bf61519e1378326ea50,Light-R1-SFTData-stage2-3k,3398,train,2368,4
2369,e8191a9901ab8e37f31747c970b1114d6debc83d88c2bbb9f409ccfc0bf235b7,d662390242556c169f26883cdac0d821c4865cc0468dd5532271a42ce805ae7d,Light-R1-SFTData-stage2-3k,1389,train,2369,3
2370,71f647c29ec21cbad19340466abe444d13779b5f9eaa778f76631b244f03f56d,65769c574d69ec871a7b01e340b6ccdce1ac61241ffb613d45734d0e0b6bbae3,Light-R1-SFTData-stage2-3k,2219,train,2370,4
2371,2023afd68da9c2b9cb988b70315f369de804a542ab930fbb657363811ebcbec7,3c61eb709f4277d1fcee01a33137a16f5b874919290240a0b7b066d7486442b5,Light-R1-SFTData-stage2-3k,2344,train,2371,3
2372,be052ed1de3610e9d303b62f0b443c9bcc05a49bb668579dd3ca939b498b0653,ac004a0e4f490afe40fdb01ec64fc9b27ad7e8c1ee46430d6d046804134914c8,Light-R1-SFTData-stage2-3k,2471,train,2372,4
2373,ea32f6d89a8d55c9ff1021938c9c2ba845b5e5c17be16938be81cd9b0ea65ca6,55c1986377d89cbe8eb807812090d4b02a2306911933acd714b58b04935d4e02,Light-R1-SFTData-stage2-3k,153,train,2373,4
2374,9f4a7f17d501e74f693f6e2ee909721ad5125afc5e707440eec39a41d13ddb2c,28bc5e45c1e4f69b44ad8269a6663070d8bc71d3a4e8976c0e058a1923cde7c9,Light-R1-SFTData-stage2-3k,1393,train,2374,3
2375,e9209f1827ef1e12f0690210528bd005eed48c29c2ef965be44dffa52a5738f8,0484fa7c2605f4b712f7e644f23fc23a3e4da543eaf0d8c6c08fb453a11d9ca6,Light-R1-SFTData-stage2-3k,2988,train,2375,3
2376,493393099fd074ba7cb96c59744ba2cdccae335fcc69c8f35b57b0309a517ac1,0e97cbe1e4f2e5dae517f05222dafc2c07df7cea52f31b86f62146071cc56bd6,Light-R1-SFTData-stage2-3k,1324,train,2376,4
2377,75126ee5b2664aec0a85d47a71c26d8b1763ede0bcf721c415e7294c1a76c561,c19e4309ea3ebcf8106f845b28a47a33e271facfd5bf7f30e7e5f0c469a32745,Light-R1-SFTData-stage2-3k,2811,train,2377,3
2378,6149672d7ea2719dab07b00575e1f2e25a5d548a39ebf6a8e7b721ae1d60e6f7,09b64c2b6d026e98324d21a07db26fdb4e36f4be18ccf78dd79a6bb6a0ed1413,Light-R1-SFTData-stage2-3k,2161,train,2378,4
2379,555d8b07f7d4347fb351ba1875fe8c26b0dc644a29448b280222e45dd2368605,942c3b5e44e7de11b705cc68726513e98a50cf23a0d088cfc2fdd572546859a8,Light-R1-SFTData-stage2-3k,910,train,2379,4
2380,5a8c561df8b82cd83c2a96e82d1655ebf4f2a38e680586f13121ffeef446545e,7d0ecc85e4076fe15773e1da7ac18100c8751b47bbb99e0ded4368c95e158ffe,Light-R1-SFTData-stage2-3k,332,train,2380,4
2381,b1afdbfc464c3f485171530a04bce193dc7dc5b9556caf0d0aaf65e7a3397759,a4f2952842c53da59ea392e017d22ac6b447e242934a83bd0486b25223d488e4,Light-R1-SFTData-stage2-3k,200,train,2381,3
2382,fa1d06fbecf78f897a6e09f487f745ea55cc922877116bea240097942b6ad364,1f2c34cdeb8112ffbbbab8b30ee73fe2e75053ccc81f0427c783cf8fec0811dd,Light-R1-SFTData-stage2-3k,486,train,2382,3
2383,fe4f61a937dadd4fb0463c0421da9872aff5334365a4d3797e7879d1af3102c3,b9cf7c777281757dece1bf4b05d12a3c114c55fb9ecff94c2280350c1c52dedd,Light-R1-SFTData-stage2-3k,1063,train,2383,3
2384,bfa0dc0d1a466bced9d1c4e93e146923bf94dc531b0bbe9b488457828bdfef22,d3a61d8c6e0136ed5f92bcc18e75123c3691ddb248943422f50173e43ac95e91,Light-R1-SFTData-stage2-3k,612,train,2384,3
2385,cc67b1e2c6ea8f7774ee8e4bb8e6179f90bfc46ffece34fb627ead57fe156e72,71c23d8e227dbc766c57182b5ec867282c8d5184d0bccfb00bebc6c4c10fda43,Light-R1-SFTData-stage2-3k,2507,train,2385,3
2386,fb4bcf5ffc1ac6550ada41e235468ed4e1e790f8239afcd32b5fc76701a81ea7,5ead41c39ddd377e712a15f62e9500b4286ade1e9c9b10f16518399f5c56b293,Light-R1-SFTData-stage2-3k,3114,train,2386,3
2387,643472a5a809f615b799feea2db2551d84a0ba0a98e3a1ffb4cbbb6d844c1bb2,3a9a41825fada9c46aa30dfe975af76e497ed9e40259852a23d46ccb4b72af71,Light-R1-SFTData-stage2-3k,370,train,2387,4
2388,7cb4d7292b182751a926edaeda08de12e4b0fc603b1eeb36ffe8e7153422d2e3,7fe527d9f1e621aa67efb10bf4b40082e54440b6d54d5236ac62d61404247eec,Light-R1-SFTData-stage2-3k,1984,train,2388,3
2389,bbb8850bc805899e5005ccd98126d883949d778ec7deb00ad17aa91b5cdfa8c4,2f71ee1ded89c81117ffeaf1d5c1e9760089b336507febf66a26e7f9307d2400,Light-R1-SFTData-stage2-3k,3268,train,2389,4
2390,6423e7f0e9d63b2635f284bba01c77a14cf99ba0213e4bde6de37903d68e9948,1cf5feeed907add07cbf5a825cdca90975512dfed200dd1af2d8eca0bab4c6fa,Light-R1-SFTData-stage2-3k,848,train,2390,3
2391,b85a75f167f93cdc484a91fee372fdbd0eb13e7d2581cb64ad9441d8aab97f84,8930716a35cad8a1a5d601d46b46d82aa396d64e836da856da267fe0f62433a4,Light-R1-SFTData-stage2-3k,375,train,2391,4
2392,898488b005fae5e82de54f3954929e9d71b63e627fc3721f3424ff2d5e4c5de2,ee3f6883cc55937107e382050b22e88e71626d44f24bb0524164a6a3a3065281,Light-R1-SFTData-stage2-3k,2907,train,2392,3
2393,780ec601357a53613b8b01826c58483a6d0181112bb13c3cd2d84aeca247c5ee,a74dc3e1e37210d99559849eaf0c0fe565e5c269ab7ccb84736feac7615dab8a,Light-R1-SFTData-stage2-3k,1122,train,2393,4
2394,2220161519be072158c3db00c113e1f214708b68a98d8a7969a89db4f5d0cfbf,6821beccd6290751ff47e455904d771b877a87dba92bc32f29fa1e1ac6f02f6f,Light-R1-SFTData-stage2-3k,2097,train,2394,3
2395,a0503452264b5d5d57ea1898c50a43a6f04a9092c4ce96eaf6efa913408220b6,05422367d6a389956f23862adcbd79892b6c85af872541f0ee712b856f07b344,Light-R1-SFTData-stage2-3k,2917,train,2395,4
2396,d4d16501a17de9a24ade4cc494bb9ccfb6840357b7e1df3f49adc2e5cd32f205,f5d9b21a8bc56e5f757579a48ed2ac7b76130c97a5cd46a198feedcd42e1e414,Light-R1-SFTData-stage2-3k,978,train,2396,3
2397,eaa95e0c6ded9f04a3b7b208a19748f07477478e826b06d41da752c13828e150,053de2d4cb2412ca4f795aa9906771fa1cc2dca68f0c95e6414ad88b59eaebdb,Light-R1-SFTData-stage2-3k,1980,train,2397,4
2398,74cd3ede6e7b6954d6d9b64fbe1852fab4aa64ee33fcbc12200e445adade22ba,102642fd8ebab9886f10eacf4c84647525b8e562406852906c0548b7374e8167,Light-R1-SFTData-stage2-3k,2684,train,2398,3
2399,0b2c43607d9a3b3da1aec20adfb4029282197e6bae022dfa2b80aa736546870a,8242bb324f3c3376dae33447f585f8c6f60d1679f848b4b7fb52140238400dba,Light-R1-SFTData-stage2-3k,384,train,2399,3
2400,0f30606085a5b8006c99760f67a42c8f377e45df94b6b8e98b78b3735defba61,b4b4e4f83b4ff4edb769fd2ebfc17aa850028f49616e256e1afc8643c733b159,Light-R1-SFTData-stage2-3k,3331,train,2400,4
2401,393f01950b95533211e1d2607acff5bfc68ecb7a6c142a71d144ab92b35a20f0,b2b0486211149e475ad801b464c787657ed6ce62e5626ea22a640ee0ac43b591,Light-R1-SFTData-stage2-3k,58,train,2401,4
2402,79f258fd6606939fd8217cb025e567fe13e5e7d5a39919958d44088447c97a6b,d7893c94c211ad0013a0d8da78d53cb8a8f5d48a019eb109b6860cca6af73c5e,Light-R1-SFTData-stage2-3k,1773,train,2402,3
2403,490193627c8a15c4e0f7b5cf15a382f0ea4d5a8aa04408e9a16c1d9901699574,e506e8da37fb1740d194a698a77115787c24f7035d2edbc0b7841ddf2dac4a36,Light-R1-SFTData-stage2-3k,3070,train,2403,4
2404,a4d349d2132b2a0efa21b45e0bafb12232e947d3256d4e9ddd0bb22ceca208c1,02302fd435802e36a7f84871858a403d151e6e5c16e62d6095506e1a284492a0,Light-R1-SFTData-stage2-3k,3119,train,2404,4
2405,13912476ceaf6c426e29599a84aad0d8253446587b625eaa71074a0e849975ef,59ce69f591e9d32074cdb9ed981af66717ef4888104930ef2929983f24ef4e5c,Light-R1-SFTData-stage2-3k,728,train,2405,4
2406,1dc5ab82e2155a036341a0c73224db3953ffcf015de92f390c9bf3daac26c8d9,7afec7f4e6e9aa5abbb1139c6ecd9b2cef4f80b29adf282af648b79b436be5dc,Light-R1-SFTData-stage2-3k,1256,train,2406,3
2407,c3798313b2f239b4da983659f1ceeebb9b330c6aae07104c7ae2e02d1d7a857e,64ce6f70d2f629e2cc98c08274e20dae0ac4e48a3f7ecb89af0ce93334b50e2f,Light-R1-SFTData-stage2-3k,1443,train,2407,4
2408,7804872b4c5637470a901645ec5b5f079791a5cafd5d5484aadec72c44ae01a4,6a59d09adb8ecbd02650292e66fde122b92dd50abd121e628cf9e929ff3af8a3,Light-R1-SFTData-stage2-3k,2234,train,2408,3
2409,450adeab7322bd7dc7bcad76d1f00f2af0ca2ae80e8df6daa4d6d59487c7958f,0e0733a0147e080a2112f3f8f44837ed898ddfbd8bd2c266d55d5c41c4405b25,Light-R1-SFTData-stage2-3k,857,train,2409,3
2410,7c79e8dc0b0ed4618aca288e896ada13ea79486cfe23597b595c10e1926fbae2,c910815f70657a00d69dbd562e6b741641c762d425fca278e47ccf7098e7f665,Light-R1-SFTData-stage2-3k,3238,train,2410,4
2411,a11527ab6690a27242d703a0a172c2dac5264f1da783019db59c2d9f206a619d,e5d9e4637422c778171a278ea18c539f0822f1d9612eafdc5c2c3fb71707dd31,Light-R1-SFTData-stage2-3k,867,train,2411,4
2412,4552665fef1ca0e7a4bcaf6d726ebc0d307cdc4a2e29c40e83107a326f68e6da,6becdab82deacd54f520f88f8d157c154eaba52953feeadbd2e81ab693f830ef,Light-R1-SFTData-stage2-3k,403,train,2412,4
2413,7258d6c932dd39b459d6f45f452847a023d4cea24ab9c5b9918c4d9acc590d3d,7dea0aed558189d87d511ba92dbc0d7359099f0cdbec0c94e1f90e44d4c5830a,Light-R1-SFTData-stage2-3k,3111,train,2413,4
2414,c54aa7cf169ce7b822c7217e11eca7f6ae1ff35a9525c458e2018d3437bfb0ea,119e4ffa72dcd4d9d5ec5586437915add042aa5e7f9a94760a61fcf71aa90c80,Light-R1-SFTData-stage2-3k,3088,train,2414,3
2415,bc457439f08e166bc188b9181d8e8301a715bee70e146841ad44e1c29b8ceba9,bab3cac3b4f417058932c0d2255a3e71cade7dd8c328ea8c64b521184f0bc04a,Light-R1-SFTData-stage2-3k,2550,train,2415,4
2416,064bc05f1398b9ec3c6ff561b076940b657c674a02c6e9cc4f9f332218c78eff,a51f32fc9c30a0dee92ce893422f23fcd44c168034a549a2dfd7877e16b0c2cd,Light-R1-SFTData-stage2-3k,805,train,2416,4
2417,980fb6cc5cbfb119015d70e13111742f41983861072bd4012bc0b62c5ee0ae4e,33c61ac79053b97706ae835873f273fb6d149de01ae18f78b1ac64b38b853e52,Light-R1-SFTData-stage2-3k,1618,train,2417,3
2418,cb063a04dc295f4d699daf81976f04c360cd6a95e007c31cdf2bd984907e8c09,16cf9f179f0636d01475f5eac6f76782e07a652d862ff0e0b2ffffa09c28c8c8,Light-R1-SFTData-stage2-3k,1163,train,2418,4
2419,88e6fb023dd7ecd560c3eccfa8ffbce545b5423eb739c5e9ae62acdca6c92571,a0deb75f380369b2e109b797733c0709ec336c9efeac98fb7b66d702cd3ef114,Light-R1-SFTData-stage2-3k,141,train,2419,4
2420,9ad568c62e7c8a34788b89f6d3faac61b935e8ebae02a027cf5ebc29d1fd8d38,0ac3add5602996cc31cfa6d293edddf3031e9cc25ea2a4323ccfa36072bb96d9,Light-R1-SFTData-stage2-3k,286,train,2420,4
2421,773f0ae62b02e9cf731d692e5fcf3c637b4482f2dddb03474badda3f903ca12a,cd9e8aa9e9346d88fb499dc1efe63705f7ecb3e4c3b9cf68a2f732392d1b7f7c,Light-R1-SFTData-stage2-3k,2056,train,2421,3
2422,b200b352811eceabbb6e178782a22ef26c50e2737368dd5020867145e5de120f,cc8ce244f5dfeb189a20cf7fd99c5d706eaa329e23d60dab61819a95712c3ef0,Light-R1-SFTData-stage2-3k,557,train,2422,4
2423,ba4e9b67bd4bdc52340df0012222126af70b9ac80a33de1bc06275481377e9ab,8325bd47857f437615700c3dffd0c31a0d433e78f8ac5f285f95ceb9ff1e8dc5,Light-R1-SFTData-stage2-3k,2986,train,2423,4
2424,b301e54ab6047d375239849277e86a464ab2cd09c2fb8b566ea0dae6306b9bf3,bf54f766104061cd9a213f4c82e8a27fdb42351de839d45e30d2b475f39c1d27,Light-R1-SFTData-stage2-3k,820,train,2424,3
2425,be58766ffc2a9d1036a983fe14b623a8b96c83a66276bea48a75ebeb2c26151b,66f0ebd3e0488a7baf035ed26d75724ecb49bec4d7412dc586bd44a25aa2e740,Light-R1-SFTData-stage2-3k,3455,train,2425,4
2426,d349f0f7d8f311da1e154a202abdfaa30c2791601e47cc88ca466b5d0697ff01,94234e19fb3b3bc350e927ca68429f91636466e00d573b2077c229997b641beb,Light-R1-SFTData-stage2-3k,3191,train,2426,4
2427,9d02c3581d5d8ab8261872cc13205d978a1d08da0b9c48d2af1c5cb412777733,821d89edd06454850f200a46948ddb901ea5b4d61bcad6bc0c7b687213d25f32,Light-R1-SFTData-stage2-3k,705,train,2427,3
2428,a9d4e931881a23df6684572461dcadd38330e9223e312e4196d3f71c059dff34,b48d40b02da58335d51c2ac55a01ea4542aad3ca0681dc6a0417fd6134b4d525,Light-R1-SFTData-stage2-3k,2978,train,2428,4
2429,ba3eb54bdada2b86190883a0fcace3dc8d726ce98102e15b815d1e74be282dc9,1482505b949cf2b1ed2d030325a1a3ca27d4a5920938f024760995fa64dab7a0,Light-R1-SFTData-stage2-3k,2200,train,2429,3
2430,2e7366c699bb5318c125e62e0b63c2d24812281b0af103286fd96e1a8182771c,a8855ea51ecbcc624d22aa2c5c0712c201f8f16240323fcdd12f98f6175ce214,Light-R1-SFTData-stage2-3k,2213,train,2430,4
2431,ea3b647d45513c64f7618e72deabe40362416ecd41a8b7b1af0959e9fec36547,3c924fc42bd467b6481ac69b95708e5c959936f47cf184bbfa561a159cb1e708,Light-R1-SFTData-stage2-3k,1187,train,2431,4
2432,30a990b0d32f1712399a748d08998cb4956f3b2d7de97149fa1408d3cdf7cc07,b7a93287de9ba512e337995eef67e317e0a4f224d1a8ac64d2095aaafe492c50,Light-R1-SFTData-stage2-3k,2514,train,2432,4
2433,c7497e6d4216875786f26e05cc40f87766dd31cae8151076d9fceed24747abf2,836b254057c9231294ba73e0973403543efb6af61299fcf8676c492194b8b45d,Light-R1-SFTData-stage2-3k,1819,train,2433,4
2434,5ed8c81f9988ef4ed4693a76efa64b781b7fdcae8291b163cc5a199c0b5ef398,e15165da254a09c9c34cbcfba0895d81d6c0321bdfb9238edc1950966aa12a03,Light-R1-SFTData-stage2-3k,3342,train,2434,3
2435,c6ce0ebd945cc3b20b4aa312325abb338e036e84adc36b716b75b8b1aff8ffa4,50c564029058c8b78828be1abb88a7caf53f90fd78ccebc6e39e57475bc16990,Light-R1-SFTData-stage2-3k,2686,train,2435,3
2436,108645079a61dc18b555385aa461a2ef214e4e24d4b7a05ef0ab4c6acde2102b,7eec39847b7e220ed3e72c5748f16b7e3ea173d4ab9f9b388d93cc104289107d,Light-R1-SFTData-stage2-3k,2419,train,2436,4
2437,f77e0bb42383e55d9b46a6c46caeae1bca07c512fa65c4dede27bb61232b3906,5536001259b89283f17a75b2ad61dcdad076a782dc06bcd9bc96ce7622471bb1,Light-R1-SFTData-stage2-3k,1133,train,2437,4
2438,0a7c9cc679aa762a03b86377804e0567f181058304f81b040c33df58026d9d4a,7a69e13121c5edabe92eca02b6571a4e43c729f261e700a20fcc7daa0ecf1aa9,Light-R1-SFTData-stage2-3k,772,train,2438,3
2439,e11aaeebc77df484d016dbbe080480b8750a949a9c0dfe265e1f3898c95177d8,912f141fb2c1622c08d5fc52228ad2cf99f403e372d28f56d97143b4c71fae67,Light-R1-SFTData-stage2-3k,113,train,2439,4
2440,6ca9eca9d05afa2358c8c13172dbe7a2cb8adef523671f8e356b809b20992eae,01060dd8da58ebfc5e3f7acd36de5d6092b59a6e16828fa0b08076b8b314f992,Light-R1-SFTData-stage2-3k,1504,train,2440,3
2441,4b99f399632f9b31ddd532dff012c3d0d6b9a144d1ae6343f40c7d9903b86647,bd0f4019bf11a4f391d9fe4981d54d954174673c0f45cf3e1ccbd2c821bbac76,Light-R1-SFTData-stage2-3k,2838,train,2441,4
2442,728e5f3d4f9acee4aa8fa8f909783089296132064cba60caab01d30017ce9611,8f077a68b1d9af650d5b1a758e2b5f56f9ba29658a7066b1e772d3c5d9464654,Light-R1-SFTData-stage2-3k,872,train,2442,4
2443,b56c59cc4821bf4a6a51bab47bbbe052ddb7af7143cab1e3d0330d09d6c4c08b,ac5be59b58a034ac4024b24ab62e2d903280a21c1104f08bbb5878dd6f6b10d9,Light-R1-SFTData-stage2-3k,408,train,2443,4
2444,7111b781b728def351405adf8949244b38efc58b54188b114de43939e87af8f3,51eb615634c52a44947e77a002b2893a46a2770c5a3a69d13562b518d805cc0a,Light-R1-SFTData-stage2-3k,3284,train,2444,3
2445,3bbb0a47f609cab3f21fe165d1ec8777ba19b98692efb5a64a21d97acb20a465,6b4a660cbb417517055f584b257bd58f66ab079e0c65e53b0cc25694b50b8550,Light-R1-SFTData-stage2-3k,1340,train,2445,3
2446,694e2987667c9ac19892e6b3efe96b0c83c135ec489fb41deaa5df73f5e21356,7681034e8f12c262c3411d45942f1e686a74b37fe6567f4b75cffb13c00597a7,Light-R1-SFTData-stage2-3k,20,train,2446,4
2447,25831ed89e0ae2bb9e08e7e1ea3af0d11cf1759d930434c4f26c2561c7d32d01,4081ca180483af5fdae53bc0f84fd95403a3f1f61b56a32f945a1061a8e319e1,Light-R1-SFTData-stage2-3k,254,train,2447,4
2448,0cb501f1d8e52a3b3f5add31368447eb96d9469eae6d53664d1c125cd17766e5,7189f7003d9dca416b41bbdbdaea0d2f7fbcd36c585a1fe882e30bd9a465ab95,Light-R1-SFTData-stage2-3k,846,train,2448,3
2449,771c7d157c24ad4dee0309bf3f48a6b8eb51d7eb130e241f6d2bb2da55b6ba51,c20968a61387b9a5bc67746ab54e9fe307f7d7e7d2d667a7aa276e80f84aebab,Light-R1-SFTData-stage2-3k,637,train,2449,3
2450,d824baa3e1521d393322f19a801410f91ed4630a321a429d9d2491b26f857e25,09513a16a22f69545f61cc3ade97f818b55a5a6bed22c566efcb2a2040318f98,Light-R1-SFTData-stage2-3k,1385,train,2450,3
2451,c9b829e0c9afb8b25759defeda14c8a1aa477e89737f68ea03c6a6161a5eb7a7,c48cf9ab96444322655481fd586f7a4a3b0092f418c449abb4d8d2b5d3d0c242,Light-R1-SFTData-stage2-3k,1241,train,2451,4
2452,a23ff7c588f8f165fc41bf885537063e976fecd1b46cbe54b3288a459d47cef3,6d10362b2d31c27bb0d4854ce9db48c5cac700d0d51d2487418ba0e28c8d20ff,Light-R1-SFTData-stage2-3k,1582,train,2452,4
2453,0cfa916528fa1a9e8de89a03a6fb78462bf0a87aefd8804fba54cc560ae277b3,736aa53dd30cfea5af07af48e50783ebe839478db7fd40f1a73b28b01b489886,Light-R1-SFTData-stage2-3k,3423,train,2453,4
2454,1376352c6f36816d7a823a4c7d2ba96f8da195b5e29fb7402a11abe21cd3ce0e,ea7e06effba3a1e260fce6a4560c69576414041c18b363f6edefee1e047af2a7,Light-R1-SFTData-stage2-3k,2439,train,2454,4
2455,7da2eea2f186f24f8e7bc4d0532e72d7207a471cd5211df431fd608cd4c085e5,f0d331994bac710025138cf0dfaf1347187cb993ea5b20bed55c75775f2af19b,Light-R1-SFTData-stage2-3k,3069,train,2455,3
2456,faa8e9782dfcfd55acb06a06e20e41ea49f70fed18c6ae80ef7ba8eaba596f8f,de92de52290a2bfc9566e5651e2ab50f9b5f135b881492d51f2f508e9c9f77dc,Light-R1-SFTData-stage2-3k,1316,train,2456,4
2457,38812cb2e9eb896ad5779a08c75d63a63d7262bea1a52c50f5fe5fd82fb961d5,a010b1f7e3f010b2733bed14c8181b0436f076d914fc11349c815396c18cdff9,Light-R1-SFTData-stage2-3k,43,train,2457,4
2458,a3b68ac080cef5f248796cb69ded05843e779a2ebc517df37a94880a0b80b27b,e0fb45571f42ae3afcd747fc39f73db05952a5025bc0231c6c52db605835495c,Light-R1-SFTData-stage2-3k,383,train,2458,3
2459,bb511c22c065910acecffc8c443043bdce2814f112fbdd827ceff34aa2f6c398,c771ffaad4e3248842dc96106fe613884ffe62f99179089790dc5f616c64ac61,Light-R1-SFTData-stage2-3k,1397,train,2459,4
2460,635a0d2af0ffcd08dd12ae7111cc66ed17b734bc7ec37962ba4237e1729da434,540c372d1f16d8fe35ecfc2527e7aa75fc4bc8263fddb2946f26f2ceae22af71,Light-R1-SFTData-stage2-3k,1617,train,2460,4
2461,1efd8fcb52f9c2134b77868af8846bae77e9eca8e02e0895befe3dcfdc7f7e28,cddd3b231dc51e8109dd9a0b7280633d377020063ebca170145cfc4f74ddcecf,Light-R1-SFTData-stage2-3k,2485,train,2461,4
2462,4cf4c352bf834a2a52e029d3110792f90bf940bc021f98b730a429e8e1f6e3e2,7bc2ffaa60e99f8c689b85bbbbb7d6087e868797e05c391d6187bd0ad0116256,Light-R1-SFTData-stage2-3k,2775,train,2462,4
2463,cc95b585614f9a277fa0ef0d07bffa279bca3b0375585e455efef67caf57b7c8,2fd5e443ea7f5b57ec5274e464f41bbf2d4903bca0e1eeeb448ec616fd4d5d67,Light-R1-SFTData-stage2-3k,2674,train,2463,4
2464,5898697c318f327bfa8a406427bed746b3331781cad5aef33a1c2e9c97c775aa,b9be687755e5aa0ea826cb81eb6dc0953c16e9a686b5380d9b8b7f23913dbec3,Light-R1-SFTData-stage2-3k,2597,train,2464,3
2465,57a2c08f8e62201c804c27ec8f788f4c5992f3384301c5053f5f07d5ec5b71f0,308df44101deda40d61102a0bc54f8051f35e6f017139bcd1c5219000740a724,Light-R1-SFTData-stage2-3k,3439,train,2465,4
2466,9bcceaed2a93fc6f15a3c7487d085adb0b5fcfcb85e70b12ddbeb300a55e912f,e1a8cff4f98af4511336287dee3516273e26030418dc74a5fa519d1bd6e55854,Light-R1-SFTData-stage2-3k,1189,train,2466,3
2467,bfb464c64a7da7362773049027484cc1780687545c486c4895d70dcaa3330c37,7c8786bd56721e2ca278084632fffda1c79b2a7e2a3c8679cdaa5185f4d0890c,Light-R1-SFTData-stage2-3k,3491,train,2467,4
2468,6a24ce7b34f87c05cbe53da98960d5f4cb4870acfe36d511254596027c8aef6c,12608e7260c7419acef6dfd62dcd214813b282b9a391cc9211a3ae197ef4ea5b,Light-R1-SFTData-stage2-3k,918,train,2468,4
2469,75a533cc88b724392abd098670cca782cffc6277e233104592a9e61bf74a3d2d,9ab06f2016ebfa8bcdbe62b8e4992a5a12afab62ea60a229bc5f8775d6a42225,Light-R1-SFTData-stage2-3k,3503,train,2469,4
2470,f79f08754f66cf98bf3733bca386d5f1e6f39a8a5bfdf3f2743c899705b8082c,8dd9b10f10f897e45318c7f96bba354b96ae0221d33272dc8f89cc040497d4ad,Light-R1-SFTData-stage2-3k,1716,train,2470,4
2471,e51b3e33c6a0c384a80706204c07a6c172148a1090434334b54e9bfc282d33ef,ce52ffe99e0ed70cb9df3c9ad337024604da2b6072ff815f7c3e4424ec970aef,Light-R1-SFTData-stage2-3k,2068,train,2471,4
2472,bf45f3880d536d6d6fc21750ee0d6796cac348e76a06133bbffb923671d18800,3d77c20e175ee0abb9afd8dda86246d432f3fd79eff628de00770ffdaeda3d33,Light-R1-SFTData-stage2-3k,293,train,2472,4
2473,979e561efe0d9d7862d2b03e7af84de0ad302f80fe456ef029822323cbaceb70,307b1fc5b4bffefab500651bde76ba2b821b206e0128930aef85ba20fdc1388a,Light-R1-SFTData-stage2-3k,1246,train,2473,4
2474,5452a2b3cb140f9deab33c35f51e597d624aa85da572e0c1cd60a61df7c17496,a75a89d73705cc89fca1e91ca6869024a514359b985ed84e6feac986d7ba5d81,Light-R1-SFTData-stage2-3k,232,train,2474,4
2475,d7cb7b38353b8f88d76859afae2b9d06d4b806e84508b58ce33e8e5ba6670f7b,f910c5dade0e8102f71b26015757c9d1939f3d130db125e52c02e8852b152748,Light-R1-SFTData-stage2-3k,653,train,2475,4
2476,408ac4f18395a2ccd8a86de6de471cde378d4fbc202dbbb46de7e47abc94e008,1eb002c33b2b33db5ac25cbd8cf43824c525048a33e008a7590448e2fcac459e,Light-R1-SFTData-stage2-3k,3298,train,2476,3
2477,427530ea5e0f769be238e4cd7368c032fd7b483255927dbae82ed053b7f6eff8,ea27dbbe0867ad8885cda8d1bc87f3124b35fe31e02ba514932ecec51c61b99a,Light-R1-SFTData-stage2-3k,700,train,2477,3
2478,cd68d11a6ad9dd93af88f2e147fe0524e7bb1453fd1cfc58ad55378cbe1abc7e,8fd4e3323cdeb772b7ac75bc464d3f812be1e05958e0c15a7d002f5e03d17ab6,Light-R1-SFTData-stage2-3k,2227,train,2478,4
2479,e482055e68250abf2438eb447e168001ad291c4db677e2179999f4a6acd8f03f,df09324a3af3fa4fc49aa82062ad6af5f04d37c0d5ad4cbe77704158e5524b8a,Light-R1-SFTData-stage2-3k,572,train,2479,3
2480,0947518c78afb344578bd1fc292624cc45e931b6df343b5e11963ef08b094bd2,6bf66e585d33965f47e9ddc28c22663e937e3b77d4809dd4ae9dae02f0cfed64,Light-R1-SFTData-stage2-3k,1016,train,2480,3
2481,f0ebb71dcbb3d6a6daf5294f09a23a0d15b1056a4f17bb341cc891077149d881,1a2017eefe4181d11d9e1994ba81ac66c673e8c7db131bf67b607592b3784c96,Light-R1-SFTData-stage2-3k,651,train,2481,4
2482,02dcc9a3e4be57e31c71555977001e7645c7711eff9a83d10d226312c48fed73,1eddefbba1a369aea7687bcc7d8af379d83ed22246b73e12d1611929f3e59ed5,Light-R1-SFTData-stage2-3k,2841,train,2482,4
2483,ca3d91260a15092b8e2c66d22b7f3372fdbba43e5da3d82e34b7bf0db7b4eb3b,33de9420e57fc18c783fe43a85acb55f1002995ad93bf91e19e87030060f30cc,Light-R1-SFTData-stage2-3k,2781,train,2483,4
2484,d45dba3dc5100f4b9805045f3eb1bb41d3269be5101ede06cdfbcac38c629c54,fc8f0917d06ddbe596d24ef85daefd5a1e0a173670102ef83cb5e8e3602dea5c,Light-R1-SFTData-stage2-3k,1303,train,2484,4
2485,ee8084f9ed279a68fde74dd533983357853f3e44dfda7ede115c18bffad2ecbf,c865daa74469e85e9c49ec74fa6cb501811f48ddf5053323e72235968df69fe3,Light-R1-SFTData-stage2-3k,3027,train,2485,3
2486,f31bfc150003148d2e0dc5f912b506fdfb30fa03ca949ef94f0b44153ca57562,3b6e9e35a3cd68d2285994aeb957b24554c551fc36ab288f70273e23a1844b22,Light-R1-SFTData-stage2-3k,2667,train,2486,4
2487,49bcae2de2f32c36c82cdd356dcdeebcb0bc5041320c10c78b877053079acec4,36ccbd84e4187a3d9ed512fb764bdd9d4d220fa3d4a17f9319bd65beb167ece2,Light-R1-SFTData-stage2-3k,1333,train,2487,3
2488,236c2b13a629e7d315ea3803f51f14583d4561cd7865c65ded193719c54aa0a8,165f131f253b250b46868d9e3d9aede3b814a951f0c5e3ae139af87a4f453cba,Light-R1-SFTData-stage2-3k,307,train,2488,4
2489,a287c11dbd8d75cb023651d71b4807588052251ae655caeaea7e503e849a079e,e0a084073b418a1e2392103c15098dd04d9c7a4367c4213194023f1ee119f2fe,Light-R1-SFTData-stage2-3k,520,train,2489,4
2490,7ae39feab91a2e3d85dc534e92bc53ed64bf80679dd68b2d2bad223004bf8cc9,595ab25eafa3acc06c9f1e0c5908d3d9b5e95d0289d7abaed14f247fad4b4b70,Light-R1-SFTData-stage2-3k,402,train,2490,4
2491,94e40da896c8be55d09956cc4862c806533e757361d5be4f74e78dae7b06e79e,ae319b3d363071aede6bc90a7c46f086486cc6a545fb6c7a077d2bf7bca9d46c,Light-R1-SFTData-stage2-3k,2283,train,2491,4
2492,828dbfd54f9cb1a39d09b1ed77f1bdc12516dcedbaf4cdcf206f4dbaeb9e73dc,5b2f6f98319821f6710196077851236d1eae00c441a18dd719ed9fe8249acfcb,Light-R1-SFTData-stage2-3k,2987,train,2492,4
2493,5018c84a03947311f4b35fee4bc9adc8f2a1e15af0a30076c6670f70fdfc372a,7ca4b4fd4876ecee9032f922dcba0441bfc4bce1673cd33327c3e4ae280220a1,Light-R1-SFTData-stage2-3k,2896,train,2493,4
2494,cb4a1a8e6b300796d8c08080eb5e2b1a670ea43ddeed78aca31a26d6b51c1cea,6e9e6ebfe3ba8a89920710adb7a7a7378296f1d68af94d6e50ff6d5e6c0a7822,Light-R1-SFTData-stage2-3k,979,train,2494,4
2495,24f2a9f0456982e82dc57a3cd43aa02ef02bcf320aa321130a3b3529daa0fed0,7aebc092ed52ef4497af83c02377ee1cea09aba12d05b19e1fd8faab58fd9850,Light-R1-SFTData-stage2-3k,3108,train,2495,4
2496,18fc3196e457d9ced153053709be097db9ce7d265246456bdfd97108379e03a1,d65ff48cefadc288b214c93dae3b6e90f3d7d50bf68dc32c520ab54a1fe61f39,Light-R1-SFTData-stage2-3k,185,train,2496,4
2497,eb72fbbcd876e0994cca76447b6866846ba5ff1c75344391a1df8a1a02852213,1bb3070e9bcf6aac537402ac0cf646384a6e8f504b72152bb595fd7c0a355485,Light-R1-SFTData-stage2-3k,209,train,2497,4
2498,b7d5ec203809fcf6b1d45e55255f8cd92b2d56428c537885d7595a8b3d4b2827,f68c6e8518e6b72eb4a45afc1414720073c47e460df44dc7bcdbcf5f97a75ba0,Light-R1-SFTData-stage2-3k,3384,train,2498,3
2499,ef05a61981a72ad7fe71a27b3ee212403cb5e3284ed19183d75fc079b2768c98,209300be3ce97fede338a3cc987312dc1e1d10826113f513b15b33958faea16e,Light-R1-SFTData-stage2-3k,1848,train,2499,3
2500,1ee16ce61ab1002e68c22da86b9334fc75094d455580f9e92f9b4b8a1426ef48,2a48dbffd461fc45429addbb42fb67a44e99bedf0c4903e239957e6bdcf7f8d4,Light-R1-SFTData-stage2-3k,2891,train,2500,4
2501,8362e1c0e5d16f55f29b4ee4cdde1b85bf337a32f9f90dce3a56be84b5f2e0df,1e24458e1150cc511ec0efda6d4325a28fdb9400dc5aa4b891abb45af4c03fb6,Light-R1-SFTData-stage2-3k,1070,train,2501,4
2502,e2db0dfcdb74f359ac5631c8a3cb27ebbc50aed181b00d3fa597fcf1e8d03774,6bb75def300eb4bfd952ded1a216eb3768bf526bc1911fef47daf4182261c869,Light-R1-SFTData-stage2-3k,2321,train,2502,4
2503,8986f6758579929a6d94cd2e662a435b13e70ebf5b0032f9dca3bc5e913991fb,6afff24daa2ec0671e7840e7ddec33c2617a7d19a35dbf9907855b113f0a809a,Light-R1-SFTData-stage2-3k,2025,train,2503,4
2504,ea274ec53fdd21d447aceb8ffb58645b9e61a88af55bb685c23ca973df4900a9,db07bd6a0838f85d7d7f67732db7eb3e432b3db92e879837d502c9daea3c6281,Light-R1-SFTData-stage2-3k,1113,train,2504,4
2505,956edd838e2f19f5fab118d8c01e1c3bc991d8ab8cf3efc12718da7c6ab6934d,aa93bda266ced00c1391185cf84a227488e1c1307f43023400ec6233f0aa3788,Light-R1-SFTData-stage2-3k,1811,train,2505,4
2506,dbeba8fcf5f80ad2ce04ac6fc2f71b99b13ad9438aeca93015591a08e7f9b4ec,87446fdef41a9a6fa29d7475afb9fc10a7f89d741d7fdb37c64f588951728349,Light-R1-SFTData-stage2-3k,181,train,2506,3
2507,3c57dfb488c8299a7745f24732b3f5b3a0452390ff7d400533ec9def09433628,e247b6fab2848919f751e4a30db6a03c47892412410b5564f7c7fe3f28fa66b9,Light-R1-SFTData-stage2-3k,3097,train,2507,3
2508,663bd9f42c0ad14f73ef5c41f02a1821bbb5a257288a71ae01af8cdbbe8960a0,1a73f1ed75ffd5454251077fc2b5e57caa34a7b11fdc756830ac34a606a03efc,Light-R1-SFTData-stage2-3k,1606,train,2508,4
2509,4defed818b57f91337eeebfde5ebd5a4fb5558e8c7205ae1aea3e9bce6f89f99,129d304764eac22e82f164a220f5cf0cac9ea1401ce2786fa8cf2bbea9222d0b,Light-R1-SFTData-stage2-3k,2851,train,2509,4
2510,a452f18d5f1834864f6ff698e8570a76667a907fae130c62933434997a3c9e19,e07e914b99d7752ab9db7e2874ebce1174b528b3ba33696a370347e25b1da3a2,Light-R1-SFTData-stage2-3k,2147,train,2510,3
2511,f712f7332571e4a2f47c22f284d5759e41fec64c90d2c477a6fa84d3e7b2bf85,8a695dddda1949c46d99e19a782bb5f7f1eeb86e57ec3b1c0d827b8c9b144ccf,Light-R1-SFTData-stage2-3k,2045,train,2511,3
2512,00375ec32f4d51ed5744cfc22fe29f8dec0159c54e1f769a5d37312a551a79c6,721b4942c5de21371bda7ef251978e72cd2dd3fe1cfd3e5129d41f5e0a0cfc30,Light-R1-SFTData-stage2-3k,1549,train,2512,3
2513,2ea8c586dee3ea6ac4aac69e1720a65427b21ee926d69f772c25d917cb3ed413,b40ed2d0fd84ad37386780cac538f76ad32536fb21a6f6628847166e711a8007,Light-R1-SFTData-stage2-3k,381,train,2513,3
2514,8145f6e69e5ef7ff21468ccfbf7f96993b66bce288b5641cf60585bbeda3fd58,95523d3f9285bf975b53163d4365636a305c275e8c313d375caa9da10b47b820,Light-R1-SFTData-stage2-3k,878,train,2514,4
2515,842e0166474678190be5f5d6c71203dc22d757b320fd1eac625454e932464d0d,d32f875578dcc6ae9868937e709c3183c0094213053e88f5c5425e2693419398,Light-R1-SFTData-stage2-3k,1001,train,2515,4
2516,b11574fef7bc77e0c1cf35e74c10d495321ddf683d5c0d6e8b0744f7ab99af0d,982e33ae2af34d93327de945f60c81c237526b67fa7e9828aaefa8f7af3528bc,Light-R1-SFTData-stage2-3k,1731,train,2516,4
2517,ce6b6e6e3d8225c98e657976320cfcfc9e5e4a592038e618f7c37a60b60eaab3,f92c691f7743fe09af8d9fc6fec803b28e542e5ff4c45948fb2b2ef1d2a362e0,Light-R1-SFTData-stage2-3k,2510,train,2517,4
2518,afc6562131222170685db048eb6f8963a0cea42da81d0730070904a356d7be31,a1ec7795c44c9f8e478bdfb408e50fe76151e91085df71dc3d35d8d3c4731fbd,Light-R1-SFTData-stage2-3k,3100,train,2518,4
2519,125b7743811d2ec2962a8ec2caed2327730b0e53a9ad18e571760ec7f0a9f128,d203a201562ec5b8e55aa50b542901273aaacf75876233850357029212775a53,Light-R1-SFTData-stage2-3k,3193,train,2519,4
2520,69d33a9c88265a4e19a39142bfa68ea0f6cef74a2c88973bdd44bdae9a09b014,dcd9b1ece9bb706b2964089d32ead54fe9837c1239f3b883f6140f8cfc842efc,Light-R1-SFTData-stage2-3k,1623,train,2520,3
2521,5a341684f7425ec820b02fa92cb87f750bf07f7bc610022e50f04ba3869d4dfc,0e612a30d79c2f87204a1943e8256f5221e2609d2994e57936f9ec63a1d0830d,Light-R1-SFTData-stage2-3k,2058,train,2521,3
2522,b546b5d20aaf0c874c9de4c27225fe1e1ac914a5488eb356aaaf5f4df039adfe,078cb91debddce8028d45eb473f2157c4afbb71ab11089b413df9477945b72db,Light-R1-SFTData-stage2-3k,2924,train,2522,4
2523,eaf99d1beb9643df8845ef7379ddad9bb02ed6309a708110e3b9310d822628d3,98ecd740485fb2626c399faa925f0690cdfafed29d850b7b85f86a9a9ed1cea9,Light-R1-SFTData-stage2-3k,3287,train,2523,4
2524,fdbade594a44279d57cb6fb964047cbfa4537c54efecae69bbffabda39b068a1,1c968ac928f2751063f289a303bd8c8d3d7cf0b90a308d2bc9a1f33ef4bdd131,Light-R1-SFTData-stage2-3k,623,train,2524,3
2525,589c6f1be21ede63af9abaf23f0d13d016b1744524081aa7c56f021faadd87ce,9cf6206f10b6e6e7d92259f9f96f85f8ea2e1da077985ff450383ff28074bf57,Light-R1-SFTData-stage2-3k,1083,train,2525,4
2526,6dec4f13465cbf9d2cf53b1c581a06a5aa646f64bdb8100f20bfab3e3a99e973,008442bdd23ba7ffbf5909a1d8f2caa9dc32b04f1527f1eb1cc36bff17901ad2,Light-R1-SFTData-stage2-3k,2355,train,2526,4
2527,1a6d3adac56d88a36915f76cb13df5e202a752e3199b99f7ccd5e2454b7fb00a,a0fdf295739af4237d10a3beb5544bab653395d1da29210ae0cf60587c7031aa,Light-R1-SFTData-stage2-3k,2963,train,2527,4
2528,8cc9118fe845c5748be682f00a252c427b1a58735a3709c52a03c6235f7d83d3,a993f905e47908c51848c23dbcd4da1fc9e3a0b5fb21b5013b054ed405d4ed1e,Light-R1-SFTData-stage2-3k,110,train,2528,4
2529,af06b0c04cd6c532fa236789d95cd2a6f267fbd8b3cec7025370784cf439c997,f68d641db6a6087dea481250b7f11a6d150f5f3d33a6748e010d2c94db83022e,Light-R1-SFTData-stage2-3k,1561,train,2529,4
2530,dbf6a7722ae573d294b982b407a8d5d37124fbdc427d0b4a2594de6f07bf0fd5,b6651246c798c05506533e376500df09cb6e2e8f1cdc27affb81c68d0b44603b,Light-R1-SFTData-stage2-3k,794,train,2530,4
2531,9ac3caa7ec5903cfb4cb17f7cce23c4b20d6128192e32500c578d0f300567543,6ec4421eb172f2419b5dee588225de4613d06bf3eeb7e37f91b718b3efd3be1d,Light-R1-SFTData-stage2-3k,1709,train,2531,4
2532,67522f8fe2b8ef753d22f2bbc75920fe617b62ea2b552b30cda6ffa3d33d54ba,3c00d014553cc237d03a91b011b2806918ed87ee39d8fcec64a02fd4c82dbf62,Light-R1-SFTData-stage2-3k,2797,train,2532,4
2533,e0fc5b8655d206923a090f9dcb4705e19105ab30a57d76b8293923705f03ac59,de24e20b27ffc3386cfba84388ba8ca9fd682b843f2ccf4938a268252603c1b3,Light-R1-SFTData-stage2-3k,1465,train,2533,4
2534,f4d9f17c7bee9e8ef6055071e4800e49156362ac751da745749db68f21823bc2,0147326f54076c80a6975445cd6efabb453f209f972f137091bc196d182e56d8,Light-R1-SFTData-stage2-3k,2639,train,2534,4
2535,6545688114f93ada1fe99f88d80e43f98645c72e514c95b9897500ec7cc0f4fc,6aa2f109815faa10894e07dae8725757d89dafb423a0aef7bc6447ad74f54a83,Light-R1-SFTData-stage2-3k,1413,train,2535,3
2536,76bd3421bb18383779aef4ff4e98305e87737bbd559343ab42cacfb6ef333136,f26230bbda46d7240e02f1f7726271630b0cf77bb568630a678e1f17c10db9ff,Light-R1-SFTData-stage2-3k,632,train,2536,3
2537,1e0c4d40c117fd05168fc6cd488ef023488ff28748b843909fb3f408dacb8301,cd5e4735e1a8065d85b0027e560ec684f170ce8f79f8a44922bd8c95ab2ac43b,Light-R1-SFTData-stage2-3k,2745,train,2537,4
2538,d1ab7ab8549fbff08184a2d1f845ff4aefbb79947c71e6988f07729f29ca558c,c18f2859d652bca00268d9f22d3b8a00c5ca3d93428c23b7df34a8dccf7b3e46,Light-R1-SFTData-stage2-3k,213,train,2538,3
2539,ffc20362f77f44a7393932a943e8433efe22afb9801eb23e083ced689a8835a7,976574c40675be798e2057314327fd420a9f63e263a8c6efdb0d458796bb6702,Light-R1-SFTData-stage2-3k,925,train,2539,4
2540,84e7e115650af792bd7171142a226e1581f0ff69c064f556c632b1252a759ea8,d681581a8d365e40aafe8e87309bc0fdf2e7e0444450102da9366acb357ac776,Light-R1-SFTData-stage2-3k,2177,train,2540,4
2541,4e3ca88d9ca75f6609eb3c47e4e5f77c582e5557a187d9746603ccec4f941450,ad7a7a36be18c3d86bfd2ce261cdbf3ef6ce1f60c7fb877fac26a36ec5f3a18d,Light-R1-SFTData-stage2-3k,3282,train,2541,4
2542,64ac9a3a915264eeeb90ba53eaaa0c52340dd475bfb0927699ca16d6c6b78cc9,51ed8e5584d927ab8d1b9066fc4f21eb3deca201bc495d73f1e213acb1a1b427,Light-R1-SFTData-stage2-3k,2553,train,2542,4
2543,104ef9d2fcfcf172d7f9434bbacb4dda511609443253757a507f1fb2a19e6185,7f08d113ec59ed0b3fcc3e6f0a71ef8c4168e463c2bc692bd0a395b685964af3,Light-R1-SFTData-stage2-3k,3177,train,2543,3
2544,20c1c2c6d857d0243b66e7c5670deedd2afe7c0ad4ffce1924c3759955aaa917,fb5371f79f64e6b71f41ae1d4edc8fa66598844b2c7ad3b755229128b65608c1,Light-R1-SFTData-stage2-3k,2746,train,2544,3
2545,9ae145a4f221be95b686b66d602f2694dd149ab70cd89079f00bd76ee0f94390,701e533ff22dd467a53aa48689532dc3eb1a5131f883a2d87c68a4621f154b9d,Light-R1-SFTData-stage2-3k,3382,train,2545,4
2546,a6bfa8301e359b23fe7cdb1b9d38fdb38966bc0f3b90dadb7db7903df51bc758,ff2a30df40dd9a8e6d3ecede35ecc80ec7e66a311240f374367ed1d2b5771be9,Light-R1-SFTData-stage2-3k,3056,train,2546,3
2547,c0446d7360148d46fea8b708acc9c785cf481736e669dd189008f7579776dade,2635b79ad652157e7c7daa474c759999595402e61966fbd2b6137a70bc8137dc,Light-R1-SFTData-stage2-3k,989,train,2547,4
2548,caa169cccbb79253a0e00706265b6c821174b97661fd63b6c359bd98066ada9f,3c6252d53c53778c33f4889a83ac14c42ac34523af6af11af891c66f1639c054,Light-R1-SFTData-stage2-3k,1550,train,2548,4
2549,4de2d4337209d0c70d45fe2c88a6bc39e9df818dc831faf4c097b3035c23f6eb,efac02cdcd304054a36999fbdf8ef6a5de588977e832c9d923511428becd5338,Light-R1-SFTData-stage2-3k,1987,train,2549,4
2550,b4e2f76c8ba354492a8bca18d9cbf83a432a83a6624f087ae3f721adb6d7b1cb,3db7a628176655eef46fddb429ba63fdc45b42d983a64bb7017b30ca7effdcbf,Light-R1-SFTData-stage2-3k,1971,train,2550,4
2551,d39392e7bea193b71a6fa270fa26efed27c6aa25897e92cab1479d2d32a40696,21f7a10ae1ae01b09c0358e3073aaa1056c1f5448d542ca39e913732e6cc2d42,Light-R1-SFTData-stage2-3k,1653,train,2551,4
2552,fc12c1d547802bcea4b882fb6292d0a3476164b1cfec0e2b196d23aafc1db4cf,9d6f5bc8f296d12fe3507b44a7df0de165fdcc689c24c6dba25c597f2b1fa38f,Light-R1-SFTData-stage2-3k,2893,train,2552,4
2553,599a4f8238d250da17296d268337b23c4141bafcc46eaed3f0257d0f7bfefd5c,d6416ed3950546f665870bb49a4705b9da7734ce046474e16064e97007fce032,Light-R1-SFTData-stage2-3k,1382,train,2553,3
2554,c971b2073394168eb20683559bce6a30269b64b7c5a141abbb6c4a0033ae2eaa,42ad52e11df2b7883a206e4a0776b5ddecec6d388dbc4b2ce3016208e9e0d0db,Light-R1-SFTData-stage2-3k,2903,train,2554,4
2555,462f19e5ab2d8bf9506fddfec2150045416a2939d625e0a7998df89486fce3b3,d2a3dd666ffdcf0707f19c75872c2c0f24778475851eb2f51dc57193b80d925b,Light-R1-SFTData-stage2-3k,2756,train,2555,3
2556,1e8dee17252469e61a6d8aadc3881ffb22c90ae6daac2e1ba71f6a8ab3cf06fa,57f647d26fed9413cfd9c11a8980b34b41746932736b85583f29d42b54fa7837,Light-R1-SFTData-stage2-3k,1967,train,2556,4
2557,03d0595f6dc9a93a58d83cc7fbfef47e3f27f5502275f7b926bea5efc98a4fd2,885cdd07101155438e8ec5a1778255ed7cbaf771708152045161f37551db6cc3,Light-R1-SFTData-stage2-3k,2073,train,2557,3
2558,4822eda8014ec8d04686ac6a5c6cc3395590e3a9890a4751902f469a04f2f536,8b5a6bdbd2a72a335d7460a697eefe46e974deac5f52922d825495bd9436a1cd,Light-R1-SFTData-stage2-3k,1875,train,2558,3
2559,5d3b61867b0a1454a9ac312eae870428806cbd907786c85c97eb2a626e447cfe,bdffe8d99794edf919dcda34dff71efcda41d00514f1c9e945485db79f8d5c6d,Light-R1-SFTData-stage2-3k,2291,train,2559,3
2560,e1fdf3c952e9a507e9525f3b7568d08d709807f802f415539d6465074d4b52e9,463aff8194b903983677da7178f78aeff5eaf8e015364d42d7dd7fce90bda478,Light-R1-SFTData-stage2-3k,2662,train,2560,4
2561,6bee2236bb809d31cf5114562e5b0849431d058f75a026b19064091220204720,fdcd2a53fbf1d385833cfe3b86e170985aff70ad3dadba25cc527b1ee1c05c03,Light-R1-SFTData-stage2-3k,2405,train,2561,3
2562,70e13361fc8e05aed4953a5562c0f6931eaf323630d6e70d5b0de0de504eab81,dcc1da76c873a10d7facbfafa2b235574ba533fbd7af0eeee61ccdab2f64afd0,Light-R1-SFTData-stage2-3k,2555,train,2562,3
2563,14c4600aa452e45950b9e40c470ef1355b39791b91172bd1c15f65c4b3c95611,2bc10df0f680b8299780b33cf78944d1afa7f4985df66ff5f5a9a739ecee9963,Light-R1-SFTData-stage2-3k,967,train,2563,3
2564,6e9db80f6ea82da0609792c153d79d8aff1181bde25254c9445f1cd2548c38c6,1ab78a113b12ce77ac83c9147203557c867285847dfc2be55099359a987cfc8f,Light-R1-SFTData-stage2-3k,2205,train,2564,3
2565,abd67f57ee0e32fc2d764a993994957a09112becba4c0c0c2350921a0012b366,7b8027e3284880c41d79a6b254bbf15ac4454236e993b105d684ddb537b11b81,Light-R1-SFTData-stage2-3k,2806,train,2565,4
2566,19a03e995275d250195a802444b0452ea6fe9b2dd699238e944fa26bd5779a0d,b496e55e08bae01aaf20879e287820e9bebe7b39a3bc7015a9766d09e71502f8,Light-R1-SFTData-stage2-3k,1014,train,2566,4
2567,279ddaf123bdd146c7adecc42131d513f369eea54ee3fd6dd732ec1bd0fc2802,f2f1ee1c6e29165b5248f06a2bc2771c7557f622da7caaf7f085743b6d285393,Light-R1-SFTData-stage2-3k,2359,train,2567,3
2568,06046a93a076e5c30c2cabe9045590416071eaef3606a57b9904e7fbaeb5287b,d9aa9fef86a6770e5220902af63a20071e01579205b62d3a913f1db0fc0c58b5,Light-R1-SFTData-stage2-3k,796,train,2568,4
2569,eb8d9d135e2a3216715df31645d67e9c7d5ed1150c0376ccfb2f455bd7cb37a8,ad779e11b08ec53bacdf5beb1b40349997fc03d0247dc67c80cd3ff7ba841d2a,Light-R1-SFTData-stage2-3k,1966,train,2569,4
2570,80f81709f5f832f457a61adfd8f096c5b8bdcbac105c324e5d2867a5e1f244c1,3a9742c71f490d4200b55669003f0ce82bc8be93da05414fe9e62c0a00acfeb1,Light-R1-SFTData-stage2-3k,901,train,2570,3
2571,ae7ac85060e2754eefddbe1e5db0e4f165d7f7caff0d70ad3643d19769361668,4c9ed2dccd43a5cff2454b2014fc2b8f7a819ab1a93737aeba2c744e9a11ee28,Light-R1-SFTData-stage2-3k,84,train,2571,4
2572,47b846da8bfddb414df36c5fdf231a6cd23c029daa607b1c04c83b79b3a88f22,8d0911c96d78dc89b92da6a3840ff1a092f2efc6e6ba66a835dd920ad3c9acc4,Light-R1-SFTData-stage2-3k,741,train,2572,3
2573,c9f084e788569be9d24f475e69ebe97c234e909eab9d99f4d10aa1a2e433d241,ab5f3f4aa955ac8fb0df4c9c9201442dae56e6e5d49ae09686b1bf29ad5f39bc,Light-R1-SFTData-stage2-3k,3155,train,2573,4
2574,737ad319b51944bf928a10ad621dfbacc6cb246b5e341edb22543daf9f836a36,9ded2786e5e141b1c0e219f84bf9ba1ea2c28b0e971ff78d9d07f1d30f7fb714,Light-R1-SFTData-stage2-3k,2755,train,2574,4
2575,74a23822d4514c0e730b7df0aa348bdc06ceb513899c6dca8e5da1821b12496c,59848940d53c368ae4fd91d288942a45df8f506caa9ccaf321ed830e01dd9469,Light-R1-SFTData-stage2-3k,2872,train,2575,3
2576,96f178b666d3cced08373ab0ac0b102d077f26c0e409c42ef0b7b9a9a9aeccc6,ab3dd884adbcc65045923b0716e9505b1c90bb86bb054435750e0658f9adfe05,Light-R1-SFTData-stage2-3k,3073,train,2576,4
2577,0c08cae12283147c382049dff4781aaf8007dc4e0acc5b698c28b06d8cc86766,e15f9e0648778be6ac2761e16c9ab557c5897d9b6a91131307d1f6c9426e6e46,Light-R1-SFTData-stage2-3k,1101,train,2577,4
2578,de35c2e6c7f0b142a38b532a137e10ee7be3361be36b6899a62c8d22b3e05aea,dfd51eb0d939a18613064394979242c8755c20e4085334ec1a6882bd1a0b578a,Light-R1-SFTData-stage2-3k,2444,train,2578,3
2579,e137bf2494d7a840b6e007d26696fa5bc36c019b5a22635c245508e56397d5ae,f8c9af5bffb64f62cbd6083888a8316fd01d15fac9533ce07b78775a3c245cdc,Light-R1-SFTData-stage2-3k,1025,train,2579,4
2580,d77103dee487fe5edea9b431924944c8707f9f66f735b300d11bfe0ff5310f98,9e92d9ddd30e8a05b180d5006c1cff5edd7bac64cd39b5a526b17142ec803bb1,Light-R1-SFTData-stage2-3k,3497,train,2580,4
2581,2eac3389c78890803ddfb17708083b4f11a589f84cb246d656ba371761f25ff7,98c60f46338fe9931e2d4bd457b5454ee2be7ff6effe5ac9443c83ae07bc8a95,Light-R1-SFTData-stage2-3k,1467,train,2581,4
2582,93d697dc0aaf6983d598a0942c878c6c9fda9fd011d28eb10c87ccf4b4273bda,087bb5514d159e03761adb556a60cd7c0fd1888c92c018ac7288d85328cdae45,Light-R1-SFTData-stage2-3k,2843,train,2582,4
2583,34c748c3c2502737a35de537dbac6f50a174b8fa957bc3765ef5e6072e16021b,4d6bcdc7ab51f8ba0294e38b4b8c6326cdf932a33f8f0703265a76e8c6dee0b3,Light-R1-SFTData-stage2-3k,1840,train,2583,3
2584,05db319dcff1cca44182d84453208daa1580f7f678b758bed7ff5d85d2005b8d,c23125f86484e8d7ee78b99f8cfe46c6a1fa52b54f9e6cd08f20581a6211f529,Light-R1-SFTData-stage2-3k,537,train,2584,4
2585,799d583c13dcf76b279998104a600cfb6f66e1bd5e90efb3f613f1cba9a842fd,de56593ea8c71805bfc0b9e67ee3b65b2f1ddb52707887067006e8f7b798b168,Light-R1-SFTData-stage2-3k,996,train,2585,4
2586,4509897d904926ff63dea56597dd5f856baad0c5add7e16a1e093f1f45b3b363,25ff6c73816b666da164c7a969009e04f4ddf9152eefa6851c92d793613d7301,Light-R1-SFTData-stage2-3k,2980,train,2586,3
2587,0584b49b28b1b797d8d61f25d2d83fc806d16c585686adb07f5efcfd343f74dc,499293554eed2d95203dabf48ac92fe82b2ae69b1ecd5d2ecd5de13043f7e589,Light-R1-SFTData-stage2-3k,2328,train,2587,4
2588,49158079e117448f3d6f028be36b07b8fd29ae0f4ea81d1da007cece9616c7fb,5f6b70c76adf5721083c479e712fd3d3b308be1da74328712bb84a4c59bd0371,Light-R1-SFTData-stage2-3k,2290,train,2588,4
2589,ed42a7dc68831dfe8ecc6a86f11104346eb8a655ece59fd162395910db44f363,1e941422ea90a1b850d3127effa475378c1748a02095d9d7fa351e40e7ba1c3c,Light-R1-SFTData-stage2-3k,609,train,2589,3
2590,16bc05a43f29c67ee1e82e388e0be06e17fa3dd1fb0cf043fe6b3de3a03bca65,74574439676a5045bd263a6888d780c62c793449bc6dc13ff08fc59272d52a1e,Light-R1-SFTData-stage2-3k,984,train,2590,4
2591,c42a49021feeb38fc91ddf7a084f43c5dcaaba2011225b2c53126a3b7c226f28,91f29dd20d36edc7f55832a16779cce228b21557634c02a0be0c7c9735cb4c19,Light-R1-SFTData-stage2-3k,396,train,2591,4
2592,046563969d896189a66ab292416283f48e7992ab8c7ebcef78a1aca0f21a7497,4af63a515fb4973071c8271aa039191541db753b4e480556582ac19b9c6995f7,Light-R1-SFTData-stage2-3k,3230,train,2592,4
2593,cd8d0848ca33cbd34d4d67d761f0ecd7c996487e819df3283d50abaa710755ce,56733f15b6e202e336ca0aa687b1f9c3360931a38a4854403ef482f712789854,Light-R1-SFTData-stage2-3k,3462,train,2593,3
2594,f440901aeeeb2b154e6610bcac1ba2e1cef766542465427b28d2f7a4ecb522cb,47fa60ccbf05a0d4549e8ab1b9111d63cb956512762e2ce0a444fb4bf5273ac6,Light-R1-SFTData-stage2-3k,622,train,2594,3
2595,51c5a36c2c179506ec7a80b40f7e1024f4109e00efefe9a607de1f93b5ee6374,0068d3c93a1abc79e167c6750295b246a1e82d7d4610f969afb658c47f632acf,Light-R1-SFTData-stage2-3k,3276,train,2595,4
2596,ea7644ee4191e84875683ca374c795b491ab15554bfc322cb5d89d808ac51682,e1e62f06cb66f2832c7ac1dbf3d1298c9e4f6c31f83630421121c9da84118443,Light-R1-SFTData-stage2-3k,3124,train,2596,4
2597,7a95e1d59f101ff2581cc67d9033b0ab96fbc55217a0e4de624c20e146a7deca,4c79e5117d4cfc44da183ab919f3bc590bbc663aa22594720c7fc404d4bae514,Light-R1-SFTData-stage2-3k,585,train,2597,3
2598,ea3ae48ee71e7d9aa47617e1fb5d7d56b9d2b214cb4f135b837e0faa16c5f810,36866a25e24c2d57090f0f1b12d931c0eb550edfe57961edece547bade17afbe,Light-R1-SFTData-stage2-3k,1839,train,2598,4
2599,d533ef8e6de0c35b129f9a5f988dbf9c70343a4af93f99a34110a94db6790540,58bf236aa6a651015895772e1f238f625553af97ceb1dfacc7529d0fa62e4ecf,Light-R1-SFTData-stage2-3k,746,train,2599,4
2600,afa7c11bb9118a4feb3b6d67ac0d37acbd9cc95c93c6a0bbeb210a4336eaf6d6,514c9ccdbd963080b5720a74f7a6f8784397c817f69755eea69dd3bef747b614,Light-R1-SFTData-stage2-3k,3375,train,2600,3
2601,a5ed02bd06e1dff74206778781fb70afc460210aed155d0f5791954932c5581f,739aba91edb602c9aa93b28a84d08d2411415034457583579984467ae89bc373,Light-R1-SFTData-stage2-3k,1664,train,2601,3
2602,7f32e5537d95a51587ff4f1733f0041121a50446b887efbb5178aefd82c5efd8,d8978348fbcfb1320e7a6932b903c3ab85b78a327dd22b292cc22dc380a5ab0f,Light-R1-SFTData-stage2-3k,1744,train,2602,4
2603,558ca06c4a3bf7fbd1b3a552ce7661ddab648d5692c97226683f8f8b2068767d,fd297b9b3e126373bb1e3f6f16a1a8bb0d855ca8a12800d4e15318f7e0f94664,Light-R1-SFTData-stage2-3k,2771,train,2603,3
2604,0afeea7a6fac86e025fc0cdfbb3cf5b1c77b99e6c66c919e60852af360e90cef,d9b6867e9c3b32d0787ec33e8318798320ff96ea779ebb719be7adcc371291b3,Light-R1-SFTData-stage2-3k,2502,train,2604,3
2605,6a79e30aa1aadf4b0a8d877a6a21297d645c896a158f13f727c22aa236a88823,8bef7d71bfbcb55a5c9d593eae36efe1a8ddf85a53fd39a3e9259c618045b097,Light-R1-SFTData-stage2-3k,3135,train,2605,3
2606,9f54921a1fad603cae5aed9c6bc578749a3c915b41677964fa63b8d16a03df63,4d18e6d8db8898f934c4032a8fcd392df39b55139d34136eb56e1659603ebb4a,Light-R1-SFTData-stage2-3k,1042,train,2606,3
2607,47cd4cf9086a77b0f3ccc75faf1be10e8dfdb35c75bea6a28b9f32ca113c8738,ec1a69cf6124e87ac35dc0e3bbeca3121086c05e4e406a05f0d804d8f6697303,Light-R1-SFTData-stage2-3k,896,train,2607,4
2608,01921fade2a5abf295bf246c20e181f4faa33d2a2983bbebfc7eccfb4994ae09,4897a44e327166ad483e89e81ca454b500a3b854611e0dbf5393c895c936a347,Light-R1-SFTData-stage2-3k,3202,train,2608,3
2609,36f797578480c799cf319c89d0fad4771a7d572b6a125f6d87126885f17dddaa,5a919a3f566855ced58b21eb1247183ce3d95767dbd0e0cd6b31be05361b0a3d,Light-R1-SFTData-stage2-3k,1327,train,2609,3
2610,c73318c44e9af4da847de453c35439f7e9a06de9af309827a23bcb95ce66c008,3d571376861e85c3617487848383d867edec2d7db32f30da7f5682aad3065e84,Light-R1-SFTData-stage2-3k,41,train,2610,4
2611,f235a05603712e82e44e6ddb723b7b457feacdafaa8e799463fff82c09316a64,c355c5802b0f3a11bc00e5e3c87a8dda819a20714d96966de34ef11fab324bdb,Light-R1-SFTData-stage2-3k,3052,train,2611,3
2612,4d15270614e576c95bce5354ecbc550fadfb5b8111cc1b412a8844825dbc5ae5,5be919bc98474d16bc8b3ee0a5b860e91e722aacd44eadaf6591a232d5c13908,Light-R1-SFTData-stage2-3k,3197,train,2612,3
2613,e48f3efec6f03a83eda0478da0f2f2cc3e33ad5b2ef0020e66b3d41f95bed059,38e94b9f1ac87e2cfaf0daf242cf759e70df72ebc51d68a4d093da6bc6bb8f51,Light-R1-SFTData-stage2-3k,2012,train,2613,4
2614,164f2a66f404012e484a1ed6438556ae5ca896d111e4e4e085b4408d47925d6e,1bcbc7f3e00dab241672fcbbe610425f5da779d423a61035bb6f99c729da92f2,Light-R1-SFTData-stage2-3k,3390,train,2614,3
2615,3eeafe9f0ed34a102faaf89ee331a1579b2dd7551983f6b4a3bcfe9522fab05d,22ca587696cee45ce8ac66e87ac860bac857fe0afd49763ec4b501319fb5bcb6,Light-R1-SFTData-stage2-3k,1662,train,2615,4
2616,62492f19502e6f4a6d86756ba72f5110293a8d9c8d2de6d73f8d5d2c7292aebe,3d5d2f017352dac492751967edf490747932a2dbb0cc4db83629d48e805c77e1,Light-R1-SFTData-stage2-3k,1461,train,2616,4
2617,5f65b5814ced75bab9eeaf2a54c25570ba6e93b80a14c173a88bbedc5f887496,3a4546dad23cf098ad7502098d103fec243f0b74cfdcee4b8d49870eac38ed7d,Light-R1-SFTData-stage2-3k,63,train,2617,3
2618,8731e6a3e04e7a44e200469bfee74f34030efa5f33f7ef48b7adc57c297240af,5d38b183ac12aca60bb2e39bb8c3e0ef432d1bb54b6a03e4eb894d7342e0242f,Light-R1-SFTData-stage2-3k,2546,train,2618,4
2619,10590c69762c23ee8f76e923b476128865a566ba05bff8dca8f05c7962ad6b55,21678dfa71cf8e0f009ab4ef870ede3bb8998f8fe6c15cfbf18776d80346aca7,Light-R1-SFTData-stage2-3k,3325,train,2619,4
2620,2405d4958c3e5e6b8cb09c71ac6efad6ceb8d80724953c80e9e8ce9218444d40,0fee568a6666bcb2cab87e01dd8ec2e26d72b36249fd5fc761b28d41d070faf0,Light-R1-SFTData-stage2-3k,245,train,2620,4
2621,37411b37af627ead8bf58232d6e709aa6f922853b563ccae558e6d0ca788d878,02686d6d22adcc1dc769f3ca2eca45499371e3f36b12cbea094e6b62c6db5622,Light-R1-SFTData-stage2-3k,534,train,2621,4
2622,18d7c2c9bfed8b08e1dab62eb53198861d875a9108f09b3b9bea3a49db352a5b,6fdf580aef05e6b872c2cc886d8808b39da8bde19b3cd34c019ea31a7b24e909,Light-R1-SFTData-stage2-3k,1368,train,2622,4
2623,68d99ca41ac69e996151e130792233738026c7e26ca3aa08368227ad21204e31,f4cd64ce981cdf4bcb096628b48e2a3196d747342db6dc72171fd09f127429e7,Light-R1-SFTData-stage2-3k,2115,train,2623,4
2624,f56e7c3e1cbe0cf04371d4e5bd8fdf8ffc998143bbdd4e9aa34490da30b55075,b01d6424ccd03cd84985e6fead0fb5ab0d68ee7720c68a8ec9c672ecc49e059c,Light-R1-SFTData-stage2-3k,2466,train,2624,4
2625,ace11ae2cba0bb05eea8aabcfa1a760263afbb0924c91f26775822cb0d67381c,dbfbfd9ad031841e2e0ff6e853b6fc678a16897e254883ca79ea544c3f06eb0c,Light-R1-SFTData-stage2-3k,219,train,2625,3
2626,52071a3bee0855f2102d46ad047c6efc9b9d01cff3e302f97ad178209a95bae7,3d8eec1c6ead47b2c22b43c5837531977dd5025c04d0a4018ced60d6af203cad,Light-R1-SFTData-stage2-3k,1043,train,2626,4
2627,cf49579e7638d8b7c4d5a0bbc710982b93a9f9f44c9f7b6696c8bc6b98498268,bd434b93ec65fd92781d1a3649c1802b56e3ae7810c5835bce05119893c1748a,Light-R1-SFTData-stage2-3k,2735,train,2627,3
2628,d5e42bafb3aa75c1ae335ba71d20a5d817346833c52af00d3ece3d1b94635fa0,1773409d14b2103a9b658610515ad815e2071503d9f069d956c3c35338c51b65,Light-R1-SFTData-stage2-3k,1918,train,2628,4
2629,f26fc6f0239f1ab1da32e8bfdba96449c64294fb050d4ef302a891d0094dd3d3,e125ae9c784de0e2d3b40021258fd0893db740afee784cb8e0c530a329a96a22,Light-R1-SFTData-stage2-3k,1866,train,2629,4
2630,6dd771f2b6f62132a04f8d052fc8aaec2d0cfccac2fd9faead6e2c3241ad9187,30989f3e00c07c5d41f72ea3758dd38c45b4eecd367a2dcc6336e3b6e7b953f3,Light-R1-SFTData-stage2-3k,1996,train,2630,4
2631,3882f8e1558ed4237cbacdc491d8fb23c95419d904b21e097ccfa752beab2ea1,8fbfa4daab827bbfa5d4dfaf8b24a5397893a88e3c7d9f6862f92cadae05de3f,Light-R1-SFTData-stage2-3k,540,train,2631,4
2632,4b8d14f228ef78c7dc52f343826d053054362452645c72525747b998a3971b50,336f9cafbd2cfdc8795f6514ad9a837435f12bfd403363cd334ab808f8a177c5,Light-R1-SFTData-stage2-3k,472,train,2632,4
2633,50223231339135987fa13cb72c05a82b0b49be4118154a89af6763e3dcacfd60,8d9d43ac4d891a341e3f7966c7d9a5fbcac0c0839b21e8dcd7bd62ad646789ef,Light-R1-SFTData-stage2-3k,3373,train,2633,4
2634,7c92cc8f274430e27e59eb4f1f9ac1cf4a059ca80c6a53452aca0d2106733550,431677eedceea1b9faf455dade8afe35564998e4c708efd643aa9c40f427bc75,Light-R1-SFTData-stage2-3k,2156,train,2634,4
2635,23cb0bbfd7388815d3169156938bb19925049e4d8125817a4d3b1aa45c8d7d15,0df55d896aa97386d278aeb94a1ecbf2594f5da9b1eb607c41f036f09d029064,Light-R1-SFTData-stage2-3k,562,train,2635,4
2636,7caffeb66e097dc698e6c73e02a40fa013af019f7aa9926338d65d95515c6505,ddf5980434f07d6d39224b2f0dc56099e571babad908ad72b365e9d9d9fce8fe,Light-R1-SFTData-stage2-3k,2592,train,2636,4
2637,3fc2c7decbb3e0cae8d9b52609a98f9ae4d8980927cb3372fbcdcd4a6155d214,554f5a8b5d16cf804fa6495d1a738a928c4b531f638018a44836e0dbeaa15ffd,Light-R1-SFTData-stage2-3k,2252,train,2637,4
2638,ab9b1ae9d4056423f924014aee4319c5a959858346fe248c1d7c739de6ceff8a,aca0746dd67c2ea79a758a3c5baa4c36eef68815deb6d42ef0f3d77420600206,Light-R1-SFTData-stage2-3k,3187,train,2638,4
2639,2f6a46488664b0c3a36f59f6e1b5a66607d3ca041c3058d42cbe7b21b6275320,d26fa607b54e083bda901b009cbb18bb27c9c6a04c508c55347fbedbede0b606,Light-R1-SFTData-stage2-3k,2753,train,2639,4
2640,7def57c46cc73f4b92243d6f4f29337a07144377eb215c05cdb6592c2a43b944,27c55180ff93f36f44cd324dea6f579931a1178824e6a777af7a1d959e09ed8f,Light-R1-SFTData-stage2-3k,577,train,2640,4
2641,2fa8cca06dff354f3aeef17d94d497dec1c01dded773f2cf4dd8ef72a780471e,09b9e292d8aa871fffbd6171b97f784e4ad710b0a6b078345b1a978b45a8d053,Light-R1-SFTData-stage2-3k,768,train,2641,4
2642,6e53eed024996dfee123b3b5b0ed37bc0edf3e1ce56cf6a2d4bc56fb07ff0eec,0e43b712c80e3327b844e34acf52b6c2a5dbe894a6a225365b1eceaa7edc3f70,Light-R1-SFTData-stage2-3k,2598,train,2642,4
2643,7331c93cd7d7ca912b0103e01841f94fbffd7a2ba5245bc250fbf8165e6722da,eddd6c5d5e151b169364366365353de368d0afa814dfb5226be468dec816fb52,Light-R1-SFTData-stage2-3k,2,train,2643,4
2644,da75a4be5d5fe741b433e1bf39375796edca230c51437bb3e844c07dd6b9e6e7,a8c8d735a91b93e024f51a41e7ce4b9cca27828ac3e73d992769228dec2cd6cc,Light-R1-SFTData-stage2-3k,1869,train,2644,3
2645,72ad5b9f33da6e4281073c1dc0bcbeff736ec55438bdac9f68de0ef74d14fe9b,536e44ef424430a2c1e2e488afd993e518cbd59128b5df20c46bb6ed0fa38f9f,Light-R1-SFTData-stage2-3k,1051,train,2645,3
2646,2f82989b46fc21ed9f7d1acb1dcc3c76d085d6bc8cb5c4db810ee34192540682,9ea0c5f5bb0c380d757d1e604cbd420609aab5e9e45f975ed999a1eb3d2dc0aa,Light-R1-SFTData-stage2-3k,2668,train,2646,4
2647,45e68600db14a913a5461197889893eba28c17c699ba16aeed665172b2c207f2,317ac1909d6d49b55a4f016898ce717b76feac8ad33127999a3653e63c5d6ced,Light-R1-SFTData-stage2-3k,787,train,2647,4
2648,08de650a6b2b432128179ab5b1edf81f0a7dcf151172fbb67e4a8f256145ecd1,4b3c5132d425d261a067f414bda15873a842d088c402af4df854c09d0241f705,Light-R1-SFTData-stage2-3k,3292,train,2648,4
2649,8e16849fea3c4b6c478c8dc30146c8fbad2afd6c0d612e4a87665f7ff4759e14,4bd7261ac3cda1b267242b001a4669f0471b34f40f19f47c0e7f739b3f1ecee6,Light-R1-SFTData-stage2-3k,1783,train,2649,4
2650,678750e633a453a665a7d2e9f51e5f4c98e3c0e11395a864dea2ef26209efd55,c455d505be1734cbdbf0311e397ec9969a0902ec6604f3bde995d6a0211dd2a2,Light-R1-SFTData-stage2-3k,3029,train,2650,3
2651,706c41d74bf39f4fb4b181608e454a76d49490f743e3df55ea3b2be9f82d8461,d0445442f2985ee9001827dbdb157f32f2be509f6caa8b6a9d8e0ca36d988f6e,Light-R1-SFTData-stage2-3k,2034,train,2651,4
2652,372f7b1469d6cc712fd3c755143d4d6ea95301591c86c5828303b84436343627,805b5da004160e43f8d2d19607c8613a7d226aa95dfc7bbc777e486fe3509092,Light-R1-SFTData-stage2-3k,406,train,2652,4
2653,c1b3de496d4ffc8cfc66b081fb65bdb3b11f47b1c97d23635b434a6b12121f82,1b4578ce77464aba6c0c2819a3aac1a9d7945eb94e3dcfdc6c1328788bcba456,Light-R1-SFTData-stage2-3k,2253,train,2653,3
2654,23b89640790f52320e42684bf5e494899aae01a68c4efacf1d7a50f55012117c,9cc1c1b669313dc87a4c861e07226c45c7ac9e557c855dc5388629215ea0b08d,Light-R1-SFTData-stage2-3k,162,train,2654,3
2655,e8b2708a3a0ba318402a0fb05a7458dc64a6577cca5836df6cbfe68170496daa,304383502a20bbb553efc23786714a9d9d73bb0b3ddfd3f736795d856019840f,Light-R1-SFTData-stage2-3k,269,train,2655,3
2656,195d7f4fb0bd6d0cb36d53d7547c7ea8ae338aae60c006f35c2a490457529fad,9d038016be12cf59a46c8d44975ccbd4fa18cacd16ef1e90a6219a4501cc6e83,Light-R1-SFTData-stage2-3k,2992,train,2656,4
2657,1d9a2873d33e5c3fc8e87215b5cafff061d1d3d32dfd72c14ccdd0edb20a27ad,7f3297a7e789c34bd1a67024e10137acef7691c91da16ac2b10a2d74d36da372,Light-R1-SFTData-stage2-3k,2239,train,2657,4
2658,5394d32754047255ba906793ba81cefc5211bafbc8a7d93f2e9f6be10bc53120,b8eb75f15485a6fb926942e177032c4775842080af1b8fa427fa4fd0531820ed,Light-R1-SFTData-stage2-3k,827,train,2658,4
2659,a31a1b1db640447a037a525a5b69042a69e4eca56975a4934bc4d79b6400d9fa,7a197c8b113bb51ff84ddfab6388349f0c249e9b38e74e22634c5afd0a2d15bf,Light-R1-SFTData-stage2-3k,2318,train,2659,4
2660,abd90ac85aacf73f70d95c4b1c618cca2d0782a92f20741dadbfcc6285efaad4,110ced8ab5f3531e9b43691d5bc26f220fc393ee5e2a03cc3b9304c84a1d9940,Light-R1-SFTData-stage2-3k,1181,train,2660,4
2661,cf5ceb28377184f1a9db9961a0215174e912a5fb8d09a96bc8edb1f93416e362,5597725ca9d0f412c60b06c024507dff1f75ecd8baee7e3f44b74fbb7da4db18,Light-R1-SFTData-stage2-3k,949,train,2661,4
2662,8fefb47e547b531e6f44d441b41418151fda5a9cad7f07883b63f8d560be9956,9da244d075b09fd64eb2348e7b4f5591fe7f486dafb0e47b1f95fa0aec1e9c1b,Light-R1-SFTData-stage2-3k,2086,train,2662,3
2663,f616c988b35faee732b35473ff01e574d2e10bf4766a5fe9766c85a32f1282c9,a5fc3ca044db90084cb9b4419715aed6288068f6a0f5837096e070150a48b929,Light-R1-SFTData-stage2-3k,2433,train,2663,4
2664,c29ecb14a5746d669ae6ce31bb515757ad41b92c14ba5d51daebb1a90376a45e,129b12c296c97653ad0bfb5d4728fde1121be0a145bfe731bfb0848fd0ad2bb4,Light-R1-SFTData-stage2-3k,1823,train,2664,4
2665,5f20af6ae0cec8bd538cf7e5986bfd837c6885965b4525d137b559b6aa2eb18a,23d0e92a5169efe4392a4362961e19ed95ad2d48cd72983318a54ca8c020e924,Light-R1-SFTData-stage2-3k,3205,train,2665,3
2666,c45d904afc843ad60a63f53c33c63afc3874030605ae4664b6e5c600ec1a3ccb,834820e38bc6a7bc1b405a52ebc8ddabb8b5ac69704b3e803c3b91eb685893e6,Light-R1-SFTData-stage2-3k,263,train,2666,3
2667,5247c210dda0a4744045fd2ab2b37f4fe7491fd65b7272035c34e23b3e7d91ef,a07a84b8725380fc38a40382965acbfbf80a8905d1a87d42ad45983346c37ddd,Light-R1-SFTData-stage2-3k,1061,train,2667,3
2668,7703a71110a525d0b1802d91e8495ac79cce0d45a723a6cd0f4618787f1b84da,26ac90dc2f93c9b15b432dbfae0b7574a804484110638b1d1de5d91aea6580b2,Light-R1-SFTData-stage2-3k,3074,train,2668,4
2669,9a2e9160863c5b0db459d959aaf824103b2d03fb5d9da0ee5705e0d1290fb8e7,26f6212965f69583d517172447d013b8de6fcb8763f57063f8e3bea8cbd2c8bf,Light-R1-SFTData-stage2-3k,2962,train,2669,4
2670,cf21027f1b46203f034d86df3c920e872f2569c3f34613d64ad82f22ec15361b,c16f8e45612f0f81d1f00050c523cdc12d7cc23bfabba22b806e429347142992,Light-R1-SFTData-stage2-3k,2258,train,2670,4
2671,b5a6e8655cbe0dec60e775b64b04d1ce9a1582096caf52c0b07268b13ddf3ca8,412eba1833f11cae204c1621b64ed0b7d4fd1a9de8521ef758a67641e129d2e5,Light-R1-SFTData-stage2-3k,2801,train,2671,3
2672,16df5210c782f3f0082ffdac1bce1e5d2dc9e36049f60f36f8f12eddfabdf1db,a43a36941530c178472b46e4f7e46ec1d8514f01164fbf9c79e3930f77011299,Light-R1-SFTData-stage2-3k,1147,train,2672,4
2673,210451115e3fff5751e9a113a1f3c8cfe696a7d368bc6b969c1a1cc733cd75a1,30b3009a5038249a45d499babd8a311a3f20f63f224f264310a840ac9800b422,Light-R1-SFTData-stage2-3k,1235,train,2673,3
2674,7d62bcf9353fceda843b0f77e7d70fb8cfc7ac88aa309b45dac9b71d05be8a62,2598d1f62df677e6427921e339fa8858a99e8645ad61d0744605a0933d6bed1e,Light-R1-SFTData-stage2-3k,3264,train,2674,3
2675,5ee81c96ef9b1f84369b54e7fbd9fb1eb5eba2c5f6e13e8084cdc5a3c76248ef,bf59f418826979058e38ee5e1d1407017e909c482ecb455d16dc0eb658069bc4,Light-R1-SFTData-stage2-3k,944,train,2675,3
2676,772859569d1c329b604f67bf04d7510d0ccc680e6f30ec0a52bab3d79c20db56,3076484d9cbdf0d6c2593705274aa39b87782458f68295e462d56bbcf6c49301,Light-R1-SFTData-stage2-3k,1563,train,2676,4
2677,3c7f78d8515e5b9e84cda20e8b488d2c171b6d476881a922efbb0d347090589f,173b2a2e1a6d2a79c725a709b8c31e44d77353689b852c1ffaf6f247e5f85f07,Light-R1-SFTData-stage2-3k,366,train,2677,4
2678,44655a64cf0d96c2ea7304bdd492d98275602d7849b52d6e93a26c3095832cc4,3e780ad792c825ec42a1d9f51f085dc7c97f5df04a26a72cac75d2bac70734e3,Light-R1-SFTData-stage2-3k,2679,train,2678,3
2679,a3124b144421fd35dc60415588cf06057f9eacab114d0d5b5be790ddc083f1a5,3761855f0460c6b82b2caf0fc9837f5a373cd792e6975ac5b9ed1e462e67876e,Light-R1-SFTData-stage2-3k,1891,train,2679,4
2680,7499fee73fc226dd5e52e8fd85705a123f2714a94fec787a61eeeb17d211cf6a,2ac23b2a4748f62e99081b521ea5593cb6e7a7af7a6039e2dd64a5834c344685,Light-R1-SFTData-stage2-3k,3352,train,2680,3
2681,710a392503a30c45c7147c44d6c7b8a889d5c57cc700ac5abe917b6a0567b6aa,e0b8caf375037269a02e0684217f94fab44d91c979ba38ff5c2dfb5e985692f8,Light-R1-SFTData-stage2-3k,1084,train,2681,4
2682,41af544cd29ab2c1231f11f2a2b8b44f55a69709edba9e4921360a9b7f8cc404,2d7af9278f69ad87828b90b12269fb9d6b33cea66a884a0885e6311411d44d93,Light-R1-SFTData-stage2-3k,2324,train,2682,4
2683,0becf5d59d8f509205ee12e8d8285a120ea4d459bfd7c234cb9c8601ac7e63e1,a57ae72a4ed4d064827b84a1882ac8086c5c42be6fa84c12fc7c2fec675bcce8,Light-R1-SFTData-stage2-3k,1543,train,2683,3
2684,ae06baae9bd0f90c58ae610313c8f50032f5d2ebf5f18046a75f60d1c881185f,5eeec7f88546f77778a526d89aabdcb16a1ee259205eb94bb604cb74f321af68,Light-R1-SFTData-stage2-3k,1636,train,2684,4
2685,45cd86a5c326bbec78659c2e2ae603701e51ee23351e81552d4e0cdfa7ccabd7,76699536ee60235a25217737bb7aea66cc42fddac1287c1aa23b4142f2200e76,Light-R1-SFTData-stage2-3k,2543,train,2685,4
2686,92fbd5fa2ea62a32f16e088f40d1263ae00769c7b7c3422dad643b966ca08c9b,e45b9e05c4913f361c4d1fdb2ed8af393919a3196f82f3839ca006b85788d70f,Light-R1-SFTData-stage2-3k,112,train,2686,4
2687,51bacef39aa1240b43d6de0da5c792ce2381b207f7f3d6b7c986761635387e51,505ab6d7a9348c8594c14750053b59674dc93fe5b795432958077f7491d4fc4d,Light-R1-SFTData-stage2-3k,1078,train,2687,4
2688,39c75b2af1899e5d023892918ec6b1267c4c387798219b3990d7cf55a78cfcc3,8f12adedfed370ce1e39d5dfcc22a160259c492be980f45d5de735b9233e9e1c,Light-R1-SFTData-stage2-3k,1223,train,2688,4
2689,c078e72f5718d1d6d17a8836ab075382089d12258ec235d87059f10992262b53,27303e6c17da47b8cd8ffc98a24a799722fce6068ad8ce600657a6fee332e585,Light-R1-SFTData-stage2-3k,3018,train,2689,4
2690,ed758a9b32d19fdb2418095b9c7479bce348213e6438f9b3082aed381bab9d60,3fcce947a1f49734aca02e67fc680e314c463cb72931a8410f41a16f0525e23a,Light-R1-SFTData-stage2-3k,3328,train,2690,4
2691,77dd0ac74421cf16cb7ee7fbdf88329840ab5e60bd67a5e28c45666f5b0a436b,57c1072598e1e53c2b52c606a200d5cee2163c65b16bc733ddbea3f54d187bee,Light-R1-SFTData-stage2-3k,2561,train,2691,4
2692,f02d5ed53c7ae82db4a94cbbcbc88ce4c44d462fa903ac98576c8de2120b7f86,51640e87a307fad80378033fdcb75ec488fd71e01c2521e936e594a08a46b634,Light-R1-SFTData-stage2-3k,1776,train,2692,3
2693,596acc57a4696146e0ee013c3722cd389624bb3e0ce08f85b8b3d11c843df2c5,bddf17e2c44cb1b0b00b5bde1b60253d81c5325c006f8c1f99d7eac54e40b780,Light-R1-SFTData-stage2-3k,1477,train,2693,3
2694,ceb30ee0b254544c2ba0b16a516940686651f82741beed486fd3ed892cfdb84b,a99427be1e2ea0bf7c3ed79e4f677c5abcb1d6d694a7b46faf7c41628858ba09,Light-R1-SFTData-stage2-3k,1794,train,2694,4
2695,6b27f65374b1c97c1585468751a3babc8f589e44ee7ba60f1d3b4633bdc0cf83,9ffeab9b9bda53cb8ad886739c331b53254f1ecad70551f538ce11e52b09813b,Light-R1-SFTData-stage2-3k,243,train,2695,4
2696,ed6723c0110cab338422e1472c12f3cdc2bc09d49b4a052851beeb2ceda65b18,9c191ea06b3052996ed01a21e33048ae70f11a55552f7e6b37def286f0ff552b,Light-R1-SFTData-stage2-3k,1608,train,2696,4
2697,71f9c9d74ee3064c7b073a9e8330ef754461435fe0f7d7ee969abd489e3a8877,29b947b76b8787b2841fe385bc33980720c2a8808eb6454257c03b2f85c30993,Light-R1-SFTData-stage2-3k,205,train,2697,4
2698,e01fe614a63ba7a4d305c37154e8984a8562bb80788bf2449cd0327ddd02ba79,4ba039b0fddf82a2252eb558957338327bbb34c743992cd1e1ed6ab85ad09337,Light-R1-SFTData-stage2-3k,1287,train,2698,3
2699,29e6deb9c4aa8a56204e55c2e06abc06e3880e1e2aa2c9d2ceec48be0be58ad0,7de7f87ecf6fa7a42c523be9559a394884ea1b8a98ec402ec24dd3c4ffac278f,Light-R1-SFTData-stage2-3k,1742,train,2699,3
2700,06918388ab5e07d590d4f240cfdd03436d0d412bd83b16b6343635f2eab554c3,145c0eec358b6f5670d08cf0c2754768e22ece9300422e548f569fe061542c36,Light-R1-SFTData-stage2-3k,1456,train,2700,4
2701,3236de89836aab37e6dedc54af11caf0ab29ab20972e26e271d77bc94448fd2b,a827176d4c564cfc66f3b57e531e49d217aa82add143e34c6d3242c1b564e7c9,Light-R1-SFTData-stage2-3k,177,train,2701,3
2702,6ac1846eb5e21d2e7ae7ce86b75bcc8bc8db1ada95edfb5de360aa4c583bafc9,85dcfed18c05cfa580468ad27a7b44fc9cf53494de732e3237bdd11e1ad5147f,Light-R1-SFTData-stage2-3k,1638,train,2702,3
2703,482ab8ce4d727fc6ffa5a748fa67b212af1f0552d6456a94f961422f332210b0,29c2f1b72696c366ebe7b3ba85d7deaf66002e168efb38a9fdfdc003255fbfd7,Light-R1-SFTData-stage2-3k,299,train,2703,3
2704,1844d8660eac00d13851897f3e012a12c752b7862ee0db94e4cbb8fcc2dbe15f,d75505c68f9917c01d222c43b57bb2b8a8b7b4074ebdbe08feb1a40a5e43d2b2,Light-R1-SFTData-stage2-3k,1834,train,2704,3
2705,16d26161642363068307668e076aeb35422baab145a12bb94574e240e739f264,49f0d80264e9261733a0a6ca5455de3fb789c3bf497e8e6b080ec18a93536dd2,Light-R1-SFTData-stage2-3k,1059,train,2705,4
2706,4edb12615c51d7a581cf8ac2de16196d4429c3ce40143e3b4bcebaef0be94dfb,164d9e416be7b81d9c51fc081a6c9bcf7535095872fa8072c278c3856648d4d5,Light-R1-SFTData-stage2-3k,2480,train,2706,4
2707,7e673206671f24afe6182964eb15d22a4fe59aae8d46a85e50adaafb762f1b4f,8887498bb10e9176829af9fdf10c4400c391614e4f3d7fb5a69e070cef4df7be,Light-R1-SFTData-stage2-3k,1029,train,2707,3
2708,4611ce3f995075148e009d45f45b72e2a68cc5bc8af187930f0c1c7f77306422,0c93577aa23295a6ef0ecf9252a30b4e6c0d9f9d9118880deca70f4ce3e32aaa,Light-R1-SFTData-stage2-3k,3285,train,2708,4
2709,13265771044ddd066a599a4577301211b797aeb18002f4499e5f5297eef09ca7,aef956379ecdd46f24d01a86c5a5cf22e961ed3e321eede07cf361b0a7b32b8f,Light-R1-SFTData-stage2-3k,3174,train,2709,4
2710,8575525cf757890e1713f2fa502c28fd783d708ee6b26bea15befaaaa5ad382b,24141e96c0adecbee8b2c4106d6b3c9ac5efdde7e6bbcb58c17f18f9c4ad2ecc,Light-R1-SFTData-stage2-3k,2547,train,2710,4
2711,0214e736b1580959f681d678f9b08383fe6ab1963a29fac742de122290672687,97760e39f2dea007b9a6af1b9c4c1e94d944e547e3358561631023aaeaf7e9d9,Light-R1-SFTData-stage2-3k,21,train,2711,3
2712,fd9c305bafdb451b60d8d94e8bae9988a027ac44012d20b08dfad0e807478899,13cd59ae1fb3942c47b72c40ec951dfccb89ef4cdfeaeda359a401377b289afa,Light-R1-SFTData-stage2-3k,235,train,2712,3
2713,78c03afe6c09af7bf4b93b0e2ac7ba3d3fd87603e0a5458a63524d3d508acdb2,49c8b25bf83297374312dc60aafb19dba3004e92c89049c952794463e6aa89dd,Light-R1-SFTData-stage2-3k,132,train,2713,4
2714,d0cb338489d95c8bdd5b866204ea5a4c67aa998b31f9236f7fe695cfb72949e2,ca05c06bf2ec23d7033246fa6c98988a0213ab9cb78039a96a2b6c0d082975e2,Light-R1-SFTData-stage2-3k,1438,train,2714,3
2715,55d4164a164fb5ce074a5457f09ba087430b277f198ac08ec458032bd24bba25,d1ea0172f99de1e79c98a235ceb23b12d914d0643906609b81276393d881c6f4,Light-R1-SFTData-stage2-3k,815,train,2715,4
2716,22e8aee893c22455c348072d2557f802a2de1b6d944834918e2a74c4ee52601e,21940b369a83a8167d4f0c06be41c58f8e54a96241a143ec044859468f1e2408,Light-R1-SFTData-stage2-3k,1761,train,2716,4
2717,a0e4c59270567cc703d7b2b1ae62296bba806f3f396e387cc10331e6b9ab69d4,b940a5d476d30435cc5b78644782a28685a5497688bf62709e58f0df0d30e3c8,Light-R1-SFTData-stage2-3k,2939,train,2717,4
2718,cb06820710ebde2e63812e3299d235ce350d018550ad9f012f27a8f55ca14ea3,83bb9a52e3945160b233a5e2a40586f110582649e72077de3be1013dbf5d052d,Light-R1-SFTData-stage2-3k,2821,train,2718,4
2719,cc557cfd3175831d1b4cf8f0ad1e58c603366705b38c98f7dc2de184d931dcab,6a49a8da7148ec551b12f45ca91b1924b50d462775d13e569fa27e29b9117c6c,Light-R1-SFTData-stage2-3k,250,train,2719,4
2720,ba9b6b849b54509fa89875008d21147ded23e2ebb0d1936babb1e732e70e9480,b3818f133f5522c62a55393a4fdd64101716042e51e185cbffe5e32e9ea41939,Light-R1-SFTData-stage2-3k,2430,train,2720,4
2721,91bad9b919b744704034d7ff744880521f23b478609ee8aee4e4f7eac0ec911c,4da4859e57184d32bfd57ad08350bcabb7d15e1beaa2e35278937c33610036f0,Light-R1-SFTData-stage2-3k,3348,train,2721,4
2722,ae5e1fc651b1b9d43a684681e000e538815efcb5514772394bbeb89e2b34364f,fcfe7dc4c17f1d66dfcf0720c8124aa402bf4b6a281f85f604a5c47f5816d299,Light-R1-SFTData-stage2-3k,2228,train,2722,4
2723,b9c70307742aa268f5fe93648ecf60e46eda0f7694ef7596ce52458cdbcecace,08d60d294e3842cfbd6e54bf5e942e697e43b10102cae9cfaa032638380dabf5,Light-R1-SFTData-stage2-3k,1422,train,2723,4
2724,31e1673104f90fdf361eb1f4687ab698dd2545704155fd4edeb4a4157dbda3d2,8594012328dc2bd5b40d62978e17ea3bbbad266af3edcabe979e95dcc334d358,Light-R1-SFTData-stage2-3k,1367,train,2724,3
2725,fcbd17ca927429e64e606aa5fe6c1c8a40a4f56da68316ac62bb981fa3b09dd2,f9c46f95ca533056882d97200147da8d066e7b213a2fe367e4d5ef9425c5a491,Light-R1-SFTData-stage2-3k,1754,train,2725,3
2726,f69ed593ac4ed93b2ac1e0faa380c379c0a0cc28f12b863c684bd5c8ad369ce1,ed61cdab78766deae42ef2c22f56592bb3f85b663e026e9026abc57f8aaa947f,Light-R1-SFTData-stage2-3k,1185,train,2726,4
2727,42b3cca00a9c80c2f4bf951abd7743d31b6981b6dd74e55b2509a388f28c265f,6d24f7c625b87cf91d6399b3285671a306c7bae36934bbfc425f0ebecca2c929,Light-R1-SFTData-stage2-3k,1071,train,2727,3
2728,5ecf86ef25595abd1646a9b8ca109cc85ef5ace4479930bbe50c487dfefce179,b8a0fe07e5e11a8ab832291255346c673b37168cf978ea586ab9c0a1b71cd42f,Light-R1-SFTData-stage2-3k,325,train,2728,4
2729,9ba8ff5e9a5ed2cf678ce3c76f823c637dd9cd77a98bb9311c2a5ffdc863b9c9,846e99c455419eef3f9bc7cc70ed457ac9ccac39e034132ff3070b3919fd54d5,Light-R1-SFTData-stage2-3k,3409,train,2729,4
2730,789556b551769a224be56c3ef9cf5c0579f7ffba7e45fc8e40610ebfc1463bac,9bd8f5251d4ac39558a272754e33f5f49f8f46c8733dd813a96067c18e9c5b54,Light-R1-SFTData-stage2-3k,1154,train,2730,4
2731,63c676109dde6fc1c954fcda469629bf7b191cdda4d9df4d2883c25c8bc1102e,2b01fd3b57c912514b941571959373d31c71d4b7d4d3f667236ab3e055faf8fc,Light-R1-SFTData-stage2-3k,1104,train,2731,3
2732,df0ad2a78f488c8b49ca81f22181b04c8f44bb37ba484ac30c8d2d248c345163,e276a726dbd405349e0b4f438f1b8e90ad876c9f99ae3ab0a81c053b032457dd,Light-R1-SFTData-stage2-3k,1493,train,2732,4
2733,b11ac26fb8f9eda513cb2d6e0ff9f981632afc2e8a9823263faaafea0d75da94,91f70bcc56e017b1068be71a78a2155728d7df43893797671b469bc651becdef,Light-R1-SFTData-stage2-3k,1436,train,2733,4
2734,0f768b5141999101541430c69ea83a4b0450773bf16b0b757ec038bb776d3daa,d8a7deea6db63ffb5d333722600124c828472d736919a368784453ccc6bb8686,Light-R1-SFTData-stage2-3k,3034,train,2734,4
2735,0c24391051697d4dc330d99c5b985771a0f3e3ff0dc288a97ed0f1a88fdc9c66,7da973d61c445c588b1b061230b01b32011ca85dba4132f60d89960729521fe0,Light-R1-SFTData-stage2-3k,1578,train,2735,4
2736,5cf3d090a0aa72ff6ce431da8d045cc14c03754b76c3929e4eb21ff1f868287d,9e59d9e41d11c6c51d58d86e681797daf9ab1d764399060bca5490a5eee259ee,Light-R1-SFTData-stage2-3k,2493,train,2736,4
2737,d3db91883d5b7b0af6ca48664109398c767fd10f22f202e0aff283818431e8a5,2e13de06e1b55c6f8ee5092b8ed0cc1eb884fabb53367dfbaf711ec002a41b5d,Light-R1-SFTData-stage2-3k,1460,train,2737,4
2738,5f13365aa99b3901d78e0c61af0fdfc0d1e641d6a30c6901552aef9461ca06eb,78ef305e25d757b502d56e11db0fc38d286757570b8e8d58215c5dae3cacba97,Light-R1-SFTData-stage2-3k,2633,train,2738,3
2739,eb8360a8472cfb02522bbf1782162f5ca7558ce89fa1a1b2122f54bc79c36f92,b76a70bb86ccb051645740500eb1f648f607c03dc733c648c158d8aea74e805e,Light-R1-SFTData-stage2-3k,78,train,2739,3
2740,826837c265efaed9c710380ba38eb20bf7a573135c295eec78dad37a2ddb7c95,875f0dcad726c1eafd42226d4da210a9eee3121f1fc1f90dc47c3675bd81401d,Light-R1-SFTData-stage2-3k,2918,train,2740,4
2741,9a9db9966f66310c0ff774864d774f4d81715a59864a60d526aab7ab1e1dc19a,6dd54c23655b5b23ecee288e674529b8a8a0cc099e426ea63d7e50a0d1911949,Light-R1-SFTData-stage2-3k,838,train,2741,4
2742,11599a08b736299790066cef908610f7169d07d87ac13f33edd6b28253ef8ca2,a1edc1d9d0046d90316ccf9a85526cbc7c408f91bed634d65ca554b9dfd79b10,Light-R1-SFTData-stage2-3k,3007,train,2742,3
2743,e78682883bffd9a8995ae7d56da78feb21b2964b332fc25457e3689109028623,992602cf5b5b82f012136c720062a2209beb0282ec0f46aa1c11bfdc519c5a1c,Light-R1-SFTData-stage2-3k,2665,train,2743,3
2744,8897246cb176890ab21b44c88e81daa874536f8fc65bfa216ae85fce285a5209,9c60895c8b316b70b13cb2414236169dd2f2916fe46266292d119a62058c55be,Light-R1-SFTData-stage2-3k,3470,train,2744,4
2745,1da46fb4dbdd77dc119ddddf92560f465f6456e258f6a32bae506079c7d655fc,991727f6b21f86178498ad44b8bb897aae002aa6547b07562ccee988ea631b7d,Light-R1-SFTData-stage2-3k,3421,train,2745,4
2746,c3f9af6191ea7eab4285d93beaa7a05bad2c9061d18a76cc407cb5c8da44a793,4a2916ecbe7365a92c73f48a84087f7a0412b8bf4c6b7bf96e0cf120d5c49bbd,Light-R1-SFTData-stage2-3k,427,train,2746,3
2747,92ce9f91519fba0fa61c233bb92b61f596bf1c1211846204cc05d9748196056b,131f49f98c8dedd31e1e45f7b8b4f61472891e84afe19249bbe15ee2caad80ba,Light-R1-SFTData-stage2-3k,1009,train,2747,4
2748,ce009c5a9f84f3846988fe356e831f06c7493a699e6408ee04684aa25716cc4a,efe236fbf864481c39d2f3da12f42f3124bf6ba5072f216b72d1e8594e532e58,Light-R1-SFTData-stage2-3k,2235,train,2748,3
2749,f3851c5f063422ef0c2e0670b18377acace402c127c008d1375d472af22b1e89,70a86aa31c416be49d8a604f61e5b0ff470407b7cda9cdd6815137bfb2493e87,Light-R1-SFTData-stage2-3k,518,train,2749,4
2750,6f2570cad2fa221900393ea72c87144af563188d013663589c1f83dcf5283e44,5a6b81f00ad54a11d7d6064c4f22eefb5582506463307558c94c3dbd8406c89e,Light-R1-SFTData-stage2-3k,1837,train,2750,4
2751,0e07a8e64a49948263994c978e1e2d4d52a65ddbf0b44dac19385a577c2cb4e8,ae7b4f471ff5c43b46b2d8829f9451d6108e8d679b1f3e58c6d1bde790e9312c,Light-R1-SFTData-stage2-3k,1939,train,2751,3
2752,8505666218a9bfc878d02e54c538f59df6b93339fb9553916113dde77db8cd11,8d3e8bb7505c63e81107b0a31c0b35e5414452f7ae6152564203c3fca840fd70,Light-R1-SFTData-stage2-3k,3310,train,2752,4
2753,84131365a2b3d54db015186562526bcbabe0c39fec6428883d7aa9ebef732c98,46344eae64af8fae80a5eaaf0252e1d3573ec4b8e5636039265228f76f68ec42,Light-R1-SFTData-stage2-3k,663,train,2753,4
2754,719673e952baeb46bef6e3f80aa8fbe3d643ccbc731e5d86510cd510ae8b21b7,03b97675c6268a406f11b4b83246273ee651af395ba3050e9d7d6e968506a555,Light-R1-SFTData-stage2-3k,2525,train,2754,4
2755,7a7d95a1d09e29e6508103222dcff13e05289030fabde588a2d79d45f5412344,221dc05f2a4d19b390262767f4f4a131f7b670ae734a56ed0ac304249ae0ac93,Light-R1-SFTData-stage2-3k,792,train,2755,3
2756,938cb5eddea94d23356dbf77e5d341358d43d4a9c788ef68743304e5379df03d,8084effbb314ba8919b21f3a4b88b3ea80cb6b2175ff235394d4779994c7bdda,Light-R1-SFTData-stage2-3k,433,train,2756,4
2757,a07fef72c0386e7d54f702339249577723af608bf9dd45be8a291464e68b6db4,5168da9377ac556a6a38d58e0978046df5b00c03d3bddc66f5eda8782d42b1c0,Light-R1-SFTData-stage2-3k,2950,train,2757,4
2758,9c4fec958dc30e0da628a294c12741ae7d61b69bb6df431d7fa5f1e69a882849,33d3cdec6a0981173a64183ab2cb2048a5c87bf548fc3fbfdacfe1acd060611a,Light-R1-SFTData-stage2-3k,2721,train,2758,4
2759,4eafa17b5d22cb0d2310086510a27afafbe51db16cf16662568c729501e592cb,ca522097aba29e70471c1de347e8b1bfdf367d9fe8b61bd28d0fa99ffdb42f91,Light-R1-SFTData-stage2-3k,1929,train,2759,3
2760,7933b4cdf6977dbec01f16eb5cb6484af0cc221785dd9325d60b87119b273a0b,8f363dba31009b787f5c6708bc980b09596638677c6523b676994aa0b49dacb6,Light-R1-SFTData-stage2-3k,2513,train,2760,4
2761,9634e7d27c96f9296fd618c71a2c73bf11b1528574d39c982064da737646efb3,87a4010208b01973fe950070d26d34d1c794c6b837a89b620c3a8e872b37276c,Light-R1-SFTData-stage2-3k,851,train,2761,4
2762,ca4690fec2c39c5af56c5cd0d91147da19d19017a64fa446af184652637b8671,3e4b6beafbbebc2b9fbd57aef79a7fd2312db8996e15aa61be3be748b365a3bf,Light-R1-SFTData-stage2-3k,445,train,2762,3
2763,39778618ff25be00e02e60efb8466bf22715e30648f37bf61960a73c7f7d4fbf,3badc5bf364dfe740a809e1641ace8d0039de4a3f9ef5620d7b1c7f04a9b46a7,Light-R1-SFTData-stage2-3k,3405,train,2763,3
2764,9fa6ed07ac4ce5d575653a52b0b7578f19b597a130d448d4074d28730553272b,5b87cea32f36159ffd6b29e4a950c71e6b674d5803d4ca4ee626c14bb999ba64,Light-R1-SFTData-stage2-3k,53,train,2764,3
2765,6d0f871eeafed616d256e1fedfd6c38eefa0ec8477b34086e3faa6009033dc0b,757aecf45892f669b4e79648ecf10913d77ac37c97f626816f556333371a1d73,Light-R1-SFTData-stage2-3k,1265,train,2765,4
2766,58cdc07a77b0850118beadd6a0f8a68280167617170903ede458b12d245ec54b,886a94a6155dff0b8556e02f5824b0b042bbcb77bb769b00bd4aec795ab03200,Light-R1-SFTData-stage2-3k,626,train,2766,3
2767,3ab067d474d6ae4e9e668f8a5f92e5b1bf523857f794aa9d2b41869487a859cf,7e2f3c2e136f372b350965930fd0ce20137c4f62b13bef0d174a0cfccceafe78,Light-R1-SFTData-stage2-3k,2455,train,2767,3
2768,975a81c89211cdca613958459fd9c9c4c60a7adde08c5538996383f25858f78e,1a43303df96af98e21004321d3e403164567983d94b397a4d47453a85df10299,Light-R1-SFTData-stage2-3k,758,train,2768,4
2769,d1a63bdc1bb4b4c1882fb8590d23cbf61637847d837dc04f75eac4748f638406,1a5cb7060507a625056f9469f7c3d1f9e2929b7c965b723462fc9c1d120d2770,Light-R1-SFTData-stage2-3k,2998,train,2769,4
2770,6357634dabd2384f637a478966453f16df1a83cb253a1edbc6d6bf8daa7e9122,bef8ed46bc92cf7f3594b85a6c51bb94ad27e5d7f35be6e993dbd285199a0646,Light-R1-SFTData-stage2-3k,695,train,2770,4
2771,aeb69fa1cfa550eed784ad0aa4d7b09283b42c11caffa5a95076f34f0c10b9ad,0c8dd54e19d1db3fd6541d0954f953979e18c394b24930a372f2caff33d3da81,Light-R1-SFTData-stage2-3k,463,train,2771,4
2772,46a46b8686b8f417d4a73f0b573da13627cdf0563112b1367326154d696f737e,328f8489143516b3d2d1fd5b0cf35c9ddecadba8d127bd8baf76057220666992,Light-R1-SFTData-stage2-3k,2218,train,2772,4
2773,ef5e9cdf6308b2ec67bc63fa11aa54f058764bb38f8569a77cb55a59d256eb1f,e89245a88d1ed1c836c20ea365bf847d42dc73d4bbfb595b6979817b2374c5eb,Light-R1-SFTData-stage2-3k,868,train,2773,3
2774,51ef5b82db957a733028ab1a24589882e3055ce01756516e466274f1ef10e313,db1e34f63d5250867b289225325ebeceb09cd3b3a29b1cd4a8e53dd1dd0cfb2d,Light-R1-SFTData-stage2-3k,124,train,2774,4
2775,ddb86321d000e30826569a2f1f614195e70f98063cde39ca7af020824c036bd7,7cb9218479153ca4ea3dce971ba6b69533656e23c672d491f43bd97d52f98886,Light-R1-SFTData-stage2-3k,1245,train,2775,4
2776,d7f4214530a2aafdc06a1845191e6dd967a5e03bc65c08e673a30296a9ae516d,0774b874f0bc551d3cdc4197c7f41f63bac77081d1fdc45be8661c046ea90ab8,Light-R1-SFTData-stage2-3k,2036,train,2776,3
2777,4c3b8a8bab26601c896854ae2291db30f28f9327a85fde1195784b51726613be,e2cd8c0ff71a7ee82d316df7817c1ad7e016c95512a4d9453901556d63bb441f,Light-R1-SFTData-stage2-3k,2122,train,2777,4
2778,7974558631d6cff97d5e4cd8be64f19a2b322c06c91a2b9ddb17f713b7973c9e,c14dfda1efa7772e72ebc012ff04ddc614ccc75d59b375ac5fdafbef94050a5c,Light-R1-SFTData-stage2-3k,1352,train,2778,4
2779,9687fd605649f7fc8152c64e08ad3fd62a1f7aa8bc96efcedcc58d879f2b1be1,40ab82d63c10c2765ed4a93afef4051e47d2b4ecdb3db79e274b57066d5d77ab,Light-R1-SFTData-stage2-3k,2375,train,2779,4
2780,6b1d14f6448c1e539180599185a1f06ff14317defe2addb1f355b27d67fb9ca8,0c17295c5f34f2b61c6d67293a6462ab093f378221501c35d661da77135867ab,Light-R1-SFTData-stage2-3k,3446,train,2780,3
2781,f246032d29b001e4fa86e4a533f1eeea0b82efd18b160d2cc6eb804f5b2c4fc8,59f78aad03dea4e752ce5b3115b7e8c15b9c81ce64a3f27e1ddb7b2188a090c1,Light-R1-SFTData-stage2-3k,1981,train,2781,3
2782,f4eafad83b854e6442442c636f4932d62a349b4b16ed078ad57dae82834f140a,f4c22da45584c661d0a8f948e1bb9d5bc16fc67c73fa89fe591ad3903207f7b5,Light-R1-SFTData-stage2-3k,3380,train,2782,4
2783,ad68a05327c270004c05a9d3caae673b96fb3202b4ff6146fbe1c38ff571c03d,a87a0cdef11738140bbb86ee4cd36e5a8e97f496d029fe88cb6404f124ac9158,Light-R1-SFTData-stage2-3k,1624,train,2783,4
2784,b2720d4cdaf9ef174f78cdbf9c73d0084745c8eb1dbc4af17bc32758e55b55d4,10ed28483e64a37e412436b181844ecdd28e67a4eae480359c712340034a575d,Light-R1-SFTData-stage2-3k,1199,train,2784,4
2785,d738245530c08bbf76eb4a5390cd306e013ca27392dabf9ffef31950d89aad56,e218f66b8eeff4df54292ce7fd7052f6f959f3e5518c4c6cb2f540703cda3307,Light-R1-SFTData-stage2-3k,2622,train,2785,3
2786,a43a0c1360494a5fae678e05eb30f51fc5ef38c993196ab2a72983ddc9fb6a56,e17026a2e8ab04d7e275dcf3b8b5cdcfe91298c91b7262787c8b11167f6d0673,Light-R1-SFTData-stage2-3k,3132,train,2786,4
2787,953ee7fc78d7a8d6371a6afde661a1120a8c327c2d17eb5d335e30fefb6f98be,90713737251963912b932a15b8896b55a2dae61aad6844d91bc83e98493bbfb8,Light-R1-SFTData-stage2-3k,899,train,2787,3
2788,b9c360c1e792e2a35e2a76f36c2d61df935bd016e556dc773ead946c17407f8a,edd0445aa0a7614558951da8efd08aea0dd6841d1236920ac0507547a8073c48,Light-R1-SFTData-stage2-3k,1086,train,2788,4
2789,e6390c968a08b45c2b2f8dfc265f422dca673d979a3dbeeab1ad78955079f4f2,1b6f1e495688984a4e6348be81a129277ad262ddaf444a9f773da1d52beb7f35,Light-R1-SFTData-stage2-3k,3184,train,2789,4
2790,cb92bbc9bd7d5ed8f25902674a0153db97a3b8d415f904e24e897c5400403e61,34e0ab5e7045befe6cfe27201fb742751bd4c59c0b94a058d9fe7eb3f4b8c157,Light-R1-SFTData-stage2-3k,3181,train,2790,4
2791,c378b34a16cf19e52fa40026e567cbf3d8183f55279125765eae84f021e7b668,f0cb75ba6efdaf2d8e79d007e73f61e05095c3e2a246045ce6689306be9a8076,Light-R1-SFTData-stage2-3k,2522,train,2791,4
2792,0880e85e233d038f86a6ddff210b682583b7db74f27bd1b8d1c5c13ee61dd7ad,e6e87e0d83ece34efa8fd9b1b04647c2723925440315dccd9b55c3e3e309d3df,Light-R1-SFTData-stage2-3k,131,train,2792,4
2793,1a437f1332f728580135dba09748c3f1dfa99cdcb069076540783f13a1d34d72,14b0e7cf6ca7e8b7fbfc865db53aa3af3bdb9e1f483a9d91c093aa21b2ac0867,Light-R1-SFTData-stage2-3k,373,train,2793,4
2794,c9a99dcf99af4cc58bdbadf25a6a6c3efc1585b2ba5ef55507e5c474e085b8c1,731a8fb615ea95f0b286371fe24bf3276d8de713466d3dc86a6af30650b747f5,Light-R1-SFTData-stage2-3k,684,train,2794,4
2795,adafe77693805e6cb66033236c3e0752577fe146e4d950442dd43ad767108aa3,6ed3b1d5a198a3c72c39162687d70ba66de2ab69e1f690ff61bc50ef4b9f1369,Light-R1-SFTData-stage2-3k,1955,train,2795,4
2796,c4ec14c98ac3f04558fd7bccc55ca19bbdae30fd2b78f84d682ad30bd214623d,3cff2e786237a5aa9b8addba4254ac4ddf342f0cfd76b3788eefc33ca4fb6140,Light-R1-SFTData-stage2-3k,646,train,2796,3
2797,148a618e1c3fdf134548006cefb1357511db65fdcd8c01af78ef05ae437bbc26,16a56cfd64296e49e7ceb561dfeaad9a64310c1d3fa432811af695397fe30d2d,Light-R1-SFTData-stage2-3k,182,train,2797,3
2798,c105ac8dc6d5ca6194fd13a1b3388aacc5f20fac0d73bd16a87f29a88da05405,01894a82759fcdab6f2468aff79d5f704cea3190a3817f5b2f7477b0135bc202,Light-R1-SFTData-stage2-3k,1049,train,2798,4
2799,fe9713d777025ad9616f1c6f1e8911d4d5d22833dd0c042431255711ed8562f1,fcc07d809206b2dbd3ded78f77ef174bbffed8b3913c86f9cf15244df46a6c4d,Light-R1-SFTData-stage2-3k,2995,train,2799,3
2800,4f01dcca313ca5e8d9350263636b39c5b6e25d1fcdce98793b9bad28d0b8a497,922ebdc4ce44bb17388a494c499cbbc0b07960086e6b614a5a9223cf1c900815,Light-R1-SFTData-stage2-3k,2093,train,2800,4
2801,715f7e13420ee5c5df486bc1885a5276f3dee50ac5861626151e2242f8e7377f,bc778abeaae6de77538262504602e8386cc7e2ba1b50af1f474ba4dc343d6f77,Light-R1-SFTData-stage2-3k,3363,train,2801,4
2802,9339571d3fefc6473a886ae31c601e86050b68d68c2e63c5bd93c3eb4e73a061,19f05f6e0c871fde00f99e0b15d0e205a6b174d9d147023f3a17716406be6264,Light-R1-SFTData-stage2-3k,858,train,2802,4
2803,73b341c885b1f4184b80f98bce567693f88f3f20747573145bee5f6792ca0809,e5b2f998c977789e1844970268ea29ae0c01cb464ad57b3208f6f594e97d2da2,Light-R1-SFTData-stage2-3k,1919,train,2803,4
2804,bb7562b6cda2fbb57fc9a6c72863821e5f6803f76c83736ff8a497df018a1516,0937f1c591abd36769630369c513655f95833bfeb0d3dd82dee128504d7278bb,Light-R1-SFTData-stage2-3k,1825,train,2804,4
2805,cb58e31099c758661bb548e083c02516a4b80f98ae18b93a498b87889704d286,2c6642656463ad1d622cf9ee4db33108987a2300a2c214fc0a929cdf81b0f4f6,Light-R1-SFTData-stage2-3k,1314,train,2805,3
2806,3f5e173968f2a98d7ded7150ce99a226384161b854534ebbcf622101792863d5,b816e010cffbb1c6237846a6318ef68b24b32d9892f411701353cd5e41b4efde,Light-R1-SFTData-stage2-3k,2395,train,2806,3
2807,421a0ae275bdf0292d2f7ee5567b3998cd1b80a65388a7bdb52334e7179b8fec,5f4ac8f515308e7ba384ee9f6aeb878cc3ae863fa49530ca37b2cf812d847342,Light-R1-SFTData-stage2-3k,3478,train,2807,4
2808,897af578b31838a426364a99aeb6e8a84ed91b3b00556a4545f4daee63bf574f,0024e32523d5cbf0cd59c8990dde80d675d810db03ef4ac8bb2cd08a1e3fdafa,Light-R1-SFTData-stage2-3k,3346,train,2808,4
2809,255a6c02e8bf19c27eac6f8feea09a0d4a9bbe9c53f6dcbfa727e718d8620ea7,97beaab665f145a2a09544b78d71b8d10a00ead10a83abd44c8145154cb18c36,Light-R1-SFTData-stage2-3k,2898,train,2809,4
2810,318af900c15b3a424e029613af24e6b95ab45b198af2deaef5a8740593545687,85e4d256964d180e70280f3dfd7df710239cd1cad15cbddc644a010644ca33c5,Light-R1-SFTData-stage2-3k,3457,train,2810,4
2811,1b5ce21a9445290bd24675be70311ec86897785abb75af024767a154b5a2adc5,eb519b53cdde13c7ab20a6f34dc833de34d34b598d4c756ba407216e3201b365,Light-R1-SFTData-stage2-3k,605,train,2811,3
2812,495f579c7648ffaff4ebc6c3f0a2c9635ba49fefaa580ebda31d0e90cb0bdff2,0b242ef4139514e59238e15a2576aeeba05ce537cc717f2475a4b077aae32903,Light-R1-SFTData-stage2-3k,1961,train,2812,3
2813,d51b67cbdb669162be3c1ee2af3a525d20875dbbbd6615f971242782273b6e6d,80c4243f074c83ffe2adf56af8722f98821cf68b6253735c5f11dcc8fb27e7ee,Light-R1-SFTData-stage2-3k,1854,train,2813,3
2814,0388541a463990940fe90a7d792bac8065c03a62c3d936372c59e7743de64151,578d3f011a5293c844704dedbf0405b8b93b6030f31b619b618d2b90e55b1c2a,Light-R1-SFTData-stage2-3k,3194,train,2814,3
2815,11a2372a27f3db1d4b0b337f6538f82c6e1012a537299c5f2bc0487c18fe929b,71a86c3b9d402a196127d4aea27748731a46426f0cbb50764243e1182e4cafcc,Light-R1-SFTData-stage2-3k,3296,train,2815,3
2816,2855b4bf497c66ef59095354638951159f82a04f37ba1c63e4c612ab51e161cd,ed6668027cec44bf0e17a366d56d536a76b086f981cd3031aa2b19decb2fe7ae,Light-R1-SFTData-stage2-3k,268,train,2816,3
2817,cd20f8d11d29699495e4769be28778172e18dbb898a166d558eff3e29d42ef51,191fcbe67b266567bde47675fa1816ff293ec866e18f8d94dbff8749db986937,Light-R1-SFTData-stage2-3k,3349,train,2817,4
2818,af6be2773fa7c73a2bbd45c878a8c6cdc645bac688df0b9dde68b98375dab874,c5ff102a1e8bff2a0fe8eecb1ebfd37b536fe666a65ccfa3f8fb49e98988fdae,Light-R1-SFTData-stage2-3k,2784,train,2818,3
2819,a577e6ed8363445e1ab6cff916b6d38cf0e6885135834eeae8b526ca24f91348,fda31fa7c02e68e7346d6b5fce65986e89aa57045e21121308cb0d19f1d3327a,Light-R1-SFTData-stage2-3k,2295,train,2819,3
2820,075f46ee3a747714441332e79664ee89b5f7875dc3671d40bcfff133ddd5cfb7,34c2405f9ea14f41113541e7dacf76cc608e707ee738d63c2347e33e9147af41,Light-R1-SFTData-stage2-3k,553,train,2820,4
2821,4da3ea196bd83ebe65f6679a1a233d37a5781da352fc6a5c475a08d7e27c115e,76f1e73817dc83c54f6b339c804c31c03b5204dd898c6fd92fb2ce806f582489,Light-R1-SFTData-stage2-3k,2411,train,2821,3
2822,0fc44bb7950a91a658391d9b73d7436cc654f3f355d25da6368b11e0afed4e1b,47f41a62a4ba3833eabad3626b1240553aa00cb1dd358eee8dd93418d2bc8d0c,Light-R1-SFTData-stage2-3k,555,train,2822,4
2823,72e12f5c97864fa66592e522f4aad33b4f3ce2d9abf96a034ba392258d7a1205,a058af2116f005680acc6396162c6c88649c71217815c76f1a47f8926b8136c4,Light-R1-SFTData-stage2-3k,1499,train,2823,4
2824,de58cb7222446c726d42c7ce2e7146838874732e42dcaf2aa61fbc046b252c3e,5a556e1d74507458bd34f5d4f8e9a37fd24d5e74c31301e479bd1e14cb290f5d,Light-R1-SFTData-stage2-3k,3122,train,2824,4
2825,32357503b0db7e07d97b360caa406bc75737f990f9b15932871cadb884fde06a,ab2c149ba20817f402c43504be6ddfba1216e6ef951336d278282e55f324e0b5,Light-R1-SFTData-stage2-3k,3347,train,2825,4
2826,ccdbfb987f5439b64f29de0a9a31cc654329b6bed92a1b6400a5ddb9952aa445,49f2dd4cb87cb0f414504d8c1f4e9939241635782b893e613d01efe56d80c2b8,Light-R1-SFTData-stage2-3k,2817,train,2826,4
2827,cc13bcaaddc963c9f166f29709324a5f7f916a361c72654ed9ff0842d1aa6d73,1e8af1b3b14f21a674f193229b51c6918b4552c0b2b07e15f3fb97e924ae7981,Light-R1-SFTData-stage2-3k,201,train,2827,4
2828,cc1338b555ad157b84dc26a593a3625a631df364aae2f33c6a538b0f58ca755d,545b1336f344fb6a557aece1eab05685d2afbda96f9883f4ff86401ff4a6baaa,Light-R1-SFTData-stage2-3k,3407,train,2828,4
2829,3bac55972f41b8a92ea11fdcbe8345424e6e41ee686b7f5bdd5189a9be09e367,ff98bc7585a00a5309177fa9fa4981dcec9492bc5592a7a86f2726cdad4c4ef1,Light-R1-SFTData-stage2-3k,2675,train,2829,3
2830,ace3a3496e6559e41b27aca79156f6d188bc767ecbcfa9748825043d7d35e091,92c723125f60ea4c50e4417355a6c7c004b037b743955589229d41c4c88bff7b,Light-R1-SFTData-stage2-3k,3368,train,2830,3
2831,604f24d080a1a277ecfe19342d2671d789d0dac683cc746fe4776d9ce0a77627,c769f761091bfa866fa3b8b6a8d38a52a2d134334df2be2ee8d43feeb4cd69d5,Light-R1-SFTData-stage2-3k,1764,train,2831,4
2832,cc9d2388219351d290cfb5f90b1bb58343fea090dd61539c706209bf826e0ff0,738f79345571dd899a7db5b50730967fa3f75f4ac84da8569263646a266b292e,Light-R1-SFTData-stage2-3k,2425,train,2832,4
2833,38d1bfef7b1c93e382419e0967bce492dee1f27577e8be2d8fa7727e2e2accfe,1187a305e0fb0bfd633201923c2e4de7074d69ccd21fa896b90f23cfee8ce4e5,Light-R1-SFTData-stage2-3k,811,train,2833,4
2834,97b2df3490f5f508a0619ff644ef3e7c34db74f4795d33072a233fa707ead64b,fb75581ed7bb08e7191407afe1b0656b35bcab4684ebeae9684c773a7e054688,Light-R1-SFTData-stage2-3k,1974,train,2834,4
2835,297f880fe1fc0e36758870a9082421b00990dcc9416de8567d387b0337f9c24e,62ea15444fb9e2b357d40312797095b5a028699eafc9ec89e49a677be30c94c1,Light-R1-SFTData-stage2-3k,2383,train,2835,4
2836,2aa3640612b3a6ec84430f3b3a2ef6b7b82d164daef6c98cba0870f67bdad78f,94b015806287a28afd4d458c164535cd3e8f895a561ee9ea79adc440d15e932c,Light-R1-SFTData-stage2-3k,2749,train,2836,4
2837,1b21d8e15eb1a2f11db2904650fe1666831f1163f394ebb2aa138c1978d6f8bd,b74cf0a9e92938c1f4010dc290a5232fcc5da3701c4dbedba60ea73d418885c4,Light-R1-SFTData-stage2-3k,2053,train,2837,4
2838,b5afbe805cf33256a4fd89d4a5b5795a14b15e127b066da5a0cd02c05b7a0b5e,fb43802170efbd18b7a564355baf72b56d304a16b4f6e4edf8cc3f6949f1834b,Light-R1-SFTData-stage2-3k,724,train,2838,3
2839,6e7f3bac3508d350f6031f0a9c7faace6bd73a00de55ebd200bbb4b849e32f3c,b020c5df5876fa2e9188252adb77891a250476eea2ee3b5eef68069744543671,Light-R1-SFTData-stage2-3k,1949,train,2839,4
2840,a57c1490c7e96955609560ea04c3e7454ff8301be8fd981a50dc107ca73c11d0,0d0cab695830cab20623ba5ec679cc7962cb8f75877a4974a75cd59d578cb349,Light-R1-SFTData-stage2-3k,2761,train,2840,3
2841,f114910ceefff2f8305fb0f355e88cba7763f92f81cd9b59b86f46c5578ab136,1a4229337ba083e0d6e93cb2e5afbcd8454377decdb54988c25b7270996245c4,Light-R1-SFTData-stage2-3k,502,train,2841,4
2842,abe8653f3bebd05db4c62ac499b952da3fb25a6e555064ea61580ed146e592ae,693273ee24a81960b821b7675534f7d9f43d07fa4ba56ea618256cb75cf029ba,Light-R1-SFTData-stage2-3k,353,train,2842,4
2843,d0a8f0b35c5ed2189c0f53e44c3184cc936eb8b92eaf86fdd20dd8fbbfbccc91,1fc1e321eab56d4e5e7177affb038b43840a2462e8729670a659a76b0bdc9d8c,Light-R1-SFTData-stage2-3k,1439,train,2843,4
2844,4065607ebca8ae8f12bd32fed0f09ca7a5ef21e328bddb530c15c304afa114f6,f901971606169bc33240b979f3f104f82a8b1b8aef9c9c917931b00eb68d0e98,Light-R1-SFTData-stage2-3k,1032,train,2844,3
2845,32d43b058adbb44285c9118dfbbed92b05ebe8b2b66013b3123bfab6f1ec52b9,e20e9742daff5353eac8d4bfe63549aa562f825ede9ef58aea5f3504389da7e4,Light-R1-SFTData-stage2-3k,1538,train,2845,4
2846,fc890cf82031d73c9f5748f31f10675975e0f37782edbd9c7207988cf9e12bcd,bd1d32818b03a808d8d6e89fd6d187c0be3a6ccfe055c14d7a0ac09e819b484d,Light-R1-SFTData-stage2-3k,251,train,2846,4
2847,35fe8b9c06c62f8466562b04fbcfd571379dc3bf884195002e143d2edb419f82,0e6161107b424f46f2e60e51cb58f475aae5112374b40fb08d623886cc732ee5,Light-R1-SFTData-stage2-3k,99,train,2847,4
2848,f9e65c802b2caf06592f1314649805dd6bea66d35d87fc524bec425e117124fe,45ecb59764dcc2dd31ee65b5e14763ce66e9151b805a469d8d5ae7a443d57288,Light-R1-SFTData-stage2-3k,152,train,2848,4
2849,3530df2af4d2078efada6899e3cfd01712a60e14ee77605847ba2c8a5cf16167,3c0b028a189c1d9405e81d2c5872c496763e6e75c284c56fae2ef34870ae6071,Light-R1-SFTData-stage2-3k,2970,train,2849,4
2850,4b7aff170e74aff095c08fdfc96d2f6631fb8727424cbf9244a2f0ef1f4e5a6f,5be3c24e3ada4051e86f7781159c41dbe66170d80e790660b5e378a32c58bc7f,Light-R1-SFTData-stage2-3k,2589,train,2850,3
2851,5e237421ea9e167f0f53f87b4bdec6978bb04afec8f6659cf2b2a4f5c1892d03,31a1fec955a80d4491ace3c3a7f6ce6b7e9dcda3adb17160abc583d4744fbe0d,Light-R1-SFTData-stage2-3k,1257,train,2851,3
2852,7e8a0bf9cbfbeb4244000b88f1d02b746d6396364cb8a6f2d2872d69e7442b98,6e264b0b55d6b25f62757c33430387579ad2f3ddab5dade2e5c3689e414c91c9,Light-R1-SFTData-stage2-3k,1719,train,2852,4
2853,cde843280af21f6ab3f0a1203ca09c97a7a59ea216c6f9d8fd1e3d28154adaff,1ff8f5a93f7327155bb8c506a66c443c968cecf5d6165f0fedf25cdf8cf6ce52,Light-R1-SFTData-stage2-3k,3487,train,2853,3
2854,741ec74baafab382cea41fe73cbbeb5d092de8c35c70597ad3fc32730e3b9bfb,b7a7fc579617c103a0dae9f2b310bb4dc0e65d5790fb2f9c246c3a74c819b193,Light-R1-SFTData-stage2-3k,3508,train,2854,4
2855,147cc1f07e9a3373e9858548604f82992284b049cc9622a318ed2b50c476bcee,463e2f003940cb619e1b908d8c13f730e33cad82d7aba90794d14aa98abcc5b0,Light-R1-SFTData-stage2-3k,1738,train,2855,4
2856,190198b5714cd6d29a2cd0e50c0c4adbfce018a006612d23875154ebb421fad5,850856c3b774cea7c8e40792fb14863440b9bf5019b2daec36f0e6dd9a218b06,Light-R1-SFTData-stage2-3k,951,train,2856,4
2857,519ea3033e61b8f32d1d68dec1d50a2209bad339abe44c6d2ac0215d6c055eb3,2b6a946fb9405cb6914b3de9f2f14731c6cb279e1b53e4976830d4cc17606225,Light-R1-SFTData-stage2-3k,220,train,2857,4
2858,e6b64cf4a13b681ae76950da722e2d9bfdea67cb3df6bd754d70336f177b7d15,3ea0d066a0ed4afc8f60431ba37e42ed50c07db23fe958d7cbf6c2793c5fce6d,Light-R1-SFTData-stage2-3k,187,train,2858,4
2859,f49b7af295542bc00a1ee5e7ccd7731de7e7eeddf583a40b4befd007f99a7810,16a61531c43389df1a6bc9fd8f10a0676d5bfa6b908ae497abde311f310ecae8,Light-R1-SFTData-stage2-3k,3215,train,2859,4
2860,08547074932a41e3f5b10e6c6f2bec6b41ff71207a16c06fa3536a939424380b,59f849ba97981ec8e213e6ed2c3da5458b65733b442605f310eadea77d2e79b9,Light-R1-SFTData-stage2-3k,52,train,2860,3
2861,249e72a96825e2161e83766c2e04d0eeaf777cf6822bc52e4dc5b184889ff397,2c7410f2f0a32e21a3d59db2b5598e4fbdd0c8c80440c38bfda0d7b135b16c4c,Light-R1-SFTData-stage2-3k,2294,train,2861,4
2862,9da88148b32ba3c611ef3b20568c159080645600ab57380d99d23112e399a06e,f77ec94b754b3aac1c3450c9e72bc046013fd80364bc1f02928ed8d9c83ef37b,Light-R1-SFTData-stage2-3k,1930,train,2862,3
2863,8f10e83553d3e909b35f1bc3d469e9c176a2ef742a0663ae7733b0504aaf27c8,96380d59509ae58951cbd2ba6a666f0f7583fb1fa1d185a4c49c25a514fb9fb6,Light-R1-SFTData-stage2-3k,2273,train,2863,4
2864,5d02c2d23a223e54de8033852fc3554acffb343107a7a5247173df8e085cd055,518d1261ea327cb4e6c8c393c6d150b3ce852fe7c366b0974683668ee979e1be,Light-R1-SFTData-stage2-3k,1398,train,2864,4
2865,68871cf872da26d59afd8f2a6114c7adc43aac8169bc7a18859133e6460e830e,5a0a6390a10c84ea4b78b11ab3044239245910a7095df9e67d3832ec7c8f614a,Light-R1-SFTData-stage2-3k,1159,train,2865,4
2866,1cd492d534510a07ba4e48b9ea4a1adff2202655226f6ad0a78214d162f14dc5,f579d0e4a59fcd61246005d6828f8369e52711e10fc029775b2dfb4bdcd41628,Light-R1-SFTData-stage2-3k,2740,train,2866,3
2867,88af40c62df3e3dca512101dbec16dfde32ff17bb596c7b8d2cfe86026f9f1ba,ab3c37a794ae865753cf7664507985a45d1ed78f0b92fd126da2de2ad9537ba1,Light-R1-SFTData-stage2-3k,3185,train,2867,4
2868,644cd2d652a6d9f02ce76aafea345c70ebd81acdbf969e7237143e62be9582ed,707b89c8376ab855525b7372cf1aae7b29149aa0aaf9a6068077d5328a5d2b3e,Light-R1-SFTData-stage2-3k,221,train,2868,4
2869,3e325d4d1ff8a80551a193689f71172ed7c4ac744750ff4a93e670abcac006e7,a09d9c1a1147c62362b7a8ab8f182c9ecead9d37e1e2f6f200cde116a7e96be9,Light-R1-SFTData-stage2-3k,1962,train,2869,4
2870,0117b89c9df58e0e747567efb4c4899924dd776ca46f516574a07574be00babe,5e3d9da4c54b626ba0b51aef235a628988352a09c82d63ad3a7aaa7df19288ee,Light-R1-SFTData-stage2-3k,725,train,2870,4
2871,5bf9e17f84457ef36e4d87a338b9ee10d48c752dc3852e50b92128b7af35ce4c,c1e38dba550cf9dd88ef874de308129841fdff265ff0bd33e5f286d0bd557185,Light-R1-SFTData-stage2-3k,2236,train,2871,4
2872,1666acbe2feb81e82b47a7ec9b692e1293df97c29805fb97a631168c7a27c45b,48cb3c0c19b1b341283809a8625b96d8e310de3304b65c446756c6b6e69c6441,Light-R1-SFTData-stage2-3k,593,train,2872,3
2873,f4ac3f688d0421724963aa2783f02a43d1eaef63dd1c6939b4d5bab77f555433,f7dfedcc3458b464d09e9bebec91c7dca887644a4767c4333fe04750d3a1b614,Light-R1-SFTData-stage2-3k,790,train,2873,3
2874,9b3d1a106470ba9fbaa034b17b87a3bf85fd1a3b7a166b61a10ee652fb7c5123,23fd15fdc270ac88004e32f1796f2cca1a36807efc97cc46c600847e73ef4d10,Light-R1-SFTData-stage2-3k,2530,train,2874,4
2875,c98af4ebcb8d6930b27dc0575f07b33e7a09ce600c37b47f4666d2cb9ecbe000,0de13c7f602964f3a3209a081e71b00a5a7eebf6c801ead73eb1ab5a1daa001e,Light-R1-SFTData-stage2-3k,2112,train,2875,4
2876,530b47cfb2450f282be924c81b0ec8cafc3caef75704bd3897566da9cfb8dcbb,0b99697b5b4720e3afcd40f65087ad5f623b0bf1174f10b8baffda74030455d0,Light-R1-SFTData-stage2-3k,2984,train,2876,3
2877,1a9cb62b79117973c8747ec6cb7ee835ed31e053e411eb887b680795407acd74,4e0bfd05faf78b4ce74d1e45d91d9b7ebc79e9e324c2a142bb0a8ee8a7511c51,Light-R1-SFTData-stage2-3k,3217,train,2877,4
2878,ee7ba39b911283712c3eb526db839d48242caaa17f78c3a95c3e08e2b02de0c4,7aa90557b90b82bb124e51058f115ee7aab8dae7798b5f72644041fbbd9f709e,Light-R1-SFTData-stage2-3k,1263,train,2878,3
2879,f91272075bead65d2b294c387a6f3a02b6b5e3b2bf9e8dab8c1d1539688067e1,dd9e17ddbe6794f2205ffa2e65ab47c3478d353193e9e7ab7e54e5469b43c384,Light-R1-SFTData-stage2-3k,2881,train,2879,4
2880,0f372ae0c7aeaf6187ddc7495e6456c61f8dda645eb0314cd6135b4c9681b714,5a0fef17410ec9a8413464ea45ddd2a695e76fb0d1ec31b19630f0113fb605bd,Light-R1-SFTData-stage2-3k,2298,train,2880,4
2881,489dbc3e5245fa2f6e2afc82f11a1f800a628de9eeaf1a1dc426290da8241630,2938abe992507c5cdd127db64e6302fe9b6910ad66022e266caa0af3ab0a151e,Light-R1-SFTData-stage2-3k,2181,train,2881,4
2882,0db3c360b0ed754f9958e575067003ca74e9a45eec5cf8ccb2d1d617125ba3d1,53e447fe48de4ef2c999f8b829b8baeee820b88151b9da2c2606a6ed1e2674f5,Light-R1-SFTData-stage2-3k,2476,train,2882,4
2883,4a69ba13d3c65b7fddc0589f78368fff128a52bcd6470d15ce2de4edea97cc9b,f505b9a8138500477a847c7fc1acd19e78577cd4fb9b1a5484083e9ef0214e8e,Light-R1-SFTData-stage2-3k,1208,train,2883,4
2884,d5cd0611576c4d8c043fb385bd1c1cb10b94c0207b3abd0762e36ff803de22ef,f062c9a0fd0fa8c9981c7267b9e1af067f6674a5c6ac6378303912c0f54a1dec,Light-R1-SFTData-stage2-3k,2798,train,2884,4
2885,63e021ec5ece0e57b90d28281150fe6551f027a76d10850a97a418e3d4dbe85b,61cb5fe6251c81645cde222d1c027f2abdae84aedc5b4e5d0d801043c70e523c,Light-R1-SFTData-stage2-3k,2538,train,2885,3
2886,bc7b88e64c36e5c515cf26d974c6df37ac59e4c20905e304f2556d76fdfac94b,4cc726031c54c4e6c1635795ff56afda14835b40e62130e9969da562fecaf315,Light-R1-SFTData-stage2-3k,65,train,2886,3
2887,54a416f996ba93fd92a8f53e137df0efe47cc2980b3bad0e3e4376aa7b5edbd9,b5ee12f3fe6ea83c09832050cbb1410d24adc6e71aab9b636007d7da3cbaf44e,Light-R1-SFTData-stage2-3k,1553,train,2887,4
2888,4c5a89ac42f6e2d08847ad9af6a2f6a8905a419cb2036b147024384b895cb9db,df8a6d6efbb732558c83c69a191f5c4996207aa6020778bf5ae8eaf747070de3,Light-R1-SFTData-stage2-3k,517,train,2888,4
2889,5d6d23e54435cb29d5a6f860b58263585777e048fc90e4215dda82aeac45cc40,357379a14916485e067c7993a086e3a8612627a13edf6afb67121366a1c6d631,Light-R1-SFTData-stage2-3k,2657,train,2889,3
2890,13f18b743d1f791c5d01488b2cb6909d34f09861c116a9473f72b4627a220428,89764f66b124be7ea4f7ff07cdd8eefd7de8696da1675ec1d632f2d46be7416f,Light-R1-SFTData-stage2-3k,471,train,2890,4
2891,695089232da5d08a2036b67dcb7a84acde57d2690f8a6dbb8347a1fcacfcf0aa,9b9b1faf411295a8e1e6da5c42a290ec130da4f828b8941cf43888a00494d8a1,Light-R1-SFTData-stage2-3k,2387,train,2891,3
2892,ff021352e24176b5ddbcbe1e4e419100fbe1f4930686c8c5173ba15f9ae0e97f,5c2f081b321fc0343d8f376c6dc5714124f333f305b411ded55db7eb1b7d9008,Light-R1-SFTData-stage2-3k,259,train,2892,4
2893,57cab0556841ce7ce180f0e166195071d65ebed4ce6aed1c1c9f4e7fc1938f1d,6cc62607954ff2b4ed85606343c9fa839739face4758da5f1a67cc81156e89ea,Light-R1-SFTData-stage2-3k,1034,train,2893,4
2894,e23b3e8f8ffa6a2c205ca1338aa2c6d651aef7cd2ea49970a311caa2a8a93377,b5aa3cfd81e3458014687663563af1ce753f9ae2554e85738c8b909d1d258dc3,Light-R1-SFTData-stage2-3k,2533,train,2894,4
2895,20fc37bf1751f05e12b922a2618d50d7ed5271f659e863b7e1d79225335f618f,11dd84be974c0523cbd798c94eaf62a606de435d02a5a8c952ae80c8d74de2aa,Light-R1-SFTData-stage2-3k,3477,train,2895,4
2896,f47f35e196d99060611cf1ca45956e14765e2f8c953c845b2fdbaaa094366570,a13cefb012164516bd96d8c659cb08d76b67448c4f7ac0960e92942f0a5adc19,Light-R1-SFTData-stage2-3k,1923,train,2896,4
2897,3acd76a02ca041097d35b72fd24c4757ae1ac16310d5a18dae50d8294865ac03,f3ff37b5cf1336e3facc2780b79e8c1859299e3ff7766dbb639eb71e45668073,Light-R1-SFTData-stage2-3k,2849,train,2897,4
2898,2f320b0987d3d944f2f2a17b959ab573407ef973c64e9e805d196a284d4f0f3d,6a45a614bf7dff71cce0707359446b20f2f20872e6758474848fe58beca056c7,Light-R1-SFTData-stage2-3k,2960,train,2898,3
2899,20b7a6c0d24e008b361e644e8e97f79c6ecc43163482c1b4e34d94cac65eb806,91d97c246a38767db6053ebea29d0adcb68d82868dae4929321ae2f0f1ab505a,Light-R1-SFTData-stage2-3k,212,train,2899,3
2900,1f91507dccc29afe6f870a7424a9751ac6805b9e54e5ded4cdd5da4f499aab28,106decbb232b2610e82d3266ca230acc5cfef48394f8df873fe8b561a6473008,Light-R1-SFTData-stage2-3k,2610,train,2900,4
2901,08a7fb6c8d1e5a8a7587680dadd3323685220ed2acac45d1627c448bc20903c4,75852521ecf1ce1b7a58bee911d3b207f7a4e1d0f293eca79ff759990e0376c6,Light-R1-SFTData-stage2-3k,1517,train,2901,4
2902,dd7eace474805a0431b0fc49234bc3af8cd5e96bbf08d1fa462a8e74bd020a97,63d6b2ba0b3e13bdccbdb226252097c38a1d8c42788cc889917b445b02b65772,Light-R1-SFTData-stage2-3k,2143,train,2902,4
2903,120858dd826baac037f0b6e4f9eebc4dc1bb54e03e6c75fa72ab56ad01c859f8,128a10fd33bbaba2e217d4cc00311b8f6c608c7246a46f3961d606637dd3d1ac,Light-R1-SFTData-stage2-3k,726,train,2903,3
2904,fda013b338098abf4a4c866ff7425c368315f77d3f162d030ea5ba670911503f,8524abd8d5ba9eba3cc48edea97d6dbc732c037574ce9b25f60ffcaa50df29b7,Light-R1-SFTData-stage2-3k,2625,train,2904,4
2905,a657ee75ccbbd7ac6452585430adba6fa07674c4431aed765182f97abef97d48,e6f90aad311adb08a50047360245ac146467ec33947f86a3ce362b5b4446a3a3,Light-R1-SFTData-stage2-3k,2124,train,2905,4
2906,52d15bd862ded971daa4064a759e5023cc42be942fcd71988744cc6f09641ad5,c6048775257e32fd014b36c06701beebf2c4c0aba28faf828be2ddd6cd3e2b83,Light-R1-SFTData-stage2-3k,114,train,2906,4
2907,6541b03a5e0fd9d0a4123c3dc5a2f7adc597321f842e80e148381189e4562728,12dc8647f6e08dcf1b64820a1bbc96bb4060f534e25c89c8e503d7fcb89efecb,Light-R1-SFTData-stage2-3k,1590,train,2907,4
2908,eb47d5a168f3e1c664ddf5ff74937954262b290b9954497ec5c25c63ec665639,bf015379227e46ff93b7e36d8f7e040578a3a7c9414df31d6b5da15e9831e808,Light-R1-SFTData-stage2-3k,386,train,2908,4
2909,4a04c06f164623f005cb297fd4df84618a5c2e03c9648a32ac1abb693761cf56,a6ee43b2ac1008daa10f66dae4f1a0fecd05900fc529414c39f5c7dcd72ce96f,Light-R1-SFTData-stage2-3k,2342,train,2909,3
2910,0787567963cbe5458aa3591d489982a789c6fd0c1228867130674240d4e86804,53f84be99a27ea74f67c6571460d7a921d38878a54cbe409a53b7cbaec1cc700,Light-R1-SFTData-stage2-3k,450,train,2910,4
2911,6fd913a1fb05a5e0314d2e99790feccbd737605e9741237bd2a6e0f8aea6e371,78e09261f813813102e5cc5a2df7572fb721ad30f29f8f238ff0b17798589fb7,Light-R1-SFTData-stage2-3k,2457,train,2911,3
2912,89a68340dfeab367662bafd1b769769326008a2163d7c7bcb76c7cdd4676be7a,7f8ffc56a398320083544a16bff0874de276e3c65304a49b07788c8e256a8cc0,Light-R1-SFTData-stage2-3k,1534,train,2912,3
2913,0a500e86563b81030cf85661ce4bf32c52c0061b3da513057ff9a13ae9bf227d,57c11e837a1646c1cbb308dc461e411572c4f5294e4db3894c60df7cf2fa1c2b,Light-R1-SFTData-stage2-3k,127,train,2913,4
2914,7d3b657cadcfa9df7b372dd6969e67f5aa53d5073f2f18c43d68379d0f35fe6c,0f32f9bb91966c2d2ab82bea487fbe2f66e07bb610af2c54ef87635ab508d32f,Light-R1-SFTData-stage2-3k,1344,train,2914,3
2915,9fa0c3abc3bf31c906c8273c840912f1ac7f5e71c676b670159235c6b76b179f,ba48bc2e8f2c9bd754e200982a42cd497c8ebbb987538dc3ee2f1e5cc9d98ebf,Light-R1-SFTData-stage2-3k,665,train,2915,4
2916,7a237cd19eb9fcbcd48ac193919700913668d559c6e8a6021835b12c1d343472,eef529ee28b27d0b09c353618fe4d19ffe304271851f07bd4b81532eea397c29,Light-R1-SFTData-stage2-3k,101,train,2916,4
2917,c2b6d7d445cc104908535427f829c0d514ae642d9117a6209fde5efe78e27530,3ecf52985c6f799427bbff66f02aa7c362c78e05f88d594b64f363e4b4621f43,Light-R1-SFTData-stage2-3k,666,train,2917,4
2918,219163c07dc93f96c93106f487c742efd722a37ab808d7857b0ef77d8fa56a68,22fa4904ca1006222465afa09c0f9b5ad53b5342d87e7827c108a2af16ddb96d,Light-R1-SFTData-stage2-3k,3138,train,2918,4
2919,8818b5871725cac54e7f984cf38fb10da0469a0e9c4fc81d0cc14bc343b5f924,89f7f718eb1fe6442605965987182da3aa16debd54f39a7ea2cda07249f9d813,Light-R1-SFTData-stage2-3k,1434,train,2919,3
2920,e163d603cfdabe1ce2e80ffdcec2289e32cda1e1e2e0b3a9a1a535ea9e047b4f,26dc60ecc162d6284759dbade2a6eba4c92a1ecd0cad741cd6bf155064dcc39d,Light-R1-SFTData-stage2-3k,1938,train,2920,3
2921,ac0b0dd35688270cbea6f2d7944f7bd0dfb248f9146f2533718863803e8f03c8,0ab761896df89d33333531d9e17fcb61ecfbd6c52f5435f43bdd712d960be2de,Light-R1-SFTData-stage2-3k,2179,train,2921,4
2922,744101ff8a846da063043de4cc58ce06e47836aa21f56e4580c14102b899177b,b203036d18f99f0d2a83e4040171a239bfbe7f5c7666ed8f1e0216f77d75327a,Light-R1-SFTData-stage2-3k,1156,train,2922,4
2923,a80f1f6ff4da917f0a0b25df26941b7c319abd3c20aab1faa833a746b637c8a4,267d692734ad7cb81d65b4f898448ab6b80b372ff8b1644883868815dca30725,Light-R1-SFTData-stage2-3k,2837,train,2923,4
2924,484d6093afe0899313132190747c2e79f15d1a41cc639b494da0ee34a370d4cf,0b80b87fa782959f04d407966f9a19524f67bea6314d2e2f659155f4cb7b6917,Light-R1-SFTData-stage2-3k,2265,train,2924,4
2925,ccbdd6867c35195d1f80fe86ec2e4dc1290ac95b27933ab3d0ceb2382396bf3a,8a510189b713d521f54a2ba345f2a6232ae61238bdae9d3256311532e57d825b,Light-R1-SFTData-stage2-3k,34,train,2925,3
2926,4dfd90352e750d33f2b78a2c5091923b71d414279b1a845a0ab0ad123489b824,b5fa157fd0c0d29a756229c084915e7625cd099af9bf2207c21ac3f1dbfc8578,Light-R1-SFTData-stage2-3k,3395,train,2926,3
2927,7862f16a4bc1ba4e719de2e4e4d29d51a9fc0360791589be4461a08d2d3f2b41,63b6964d7097e62f4e53e3c74482837839d16d0d71891bd90efdb9f95d3d3d37,Light-R1-SFTData-stage2-3k,990,train,2927,3
2928,7bd2e1b5aae034d028f7863b0a49ba672e3561d86dcb44c1fe821c65c661d481,0dfc66631eee6de7db81721c13eec586172142789f7a37a2bd71586cd4ed78a9,Light-R1-SFTData-stage2-3k,2347,train,2928,3
2929,8b5cb4c84dc470e65f4ddd25d0b1368c6ffdda4094240c3aefdfac1ad9015aa2,42337726f57711ce3aa7be77230a817d843214826b651f5d7d9d1b54d20fe5a8,Light-R1-SFTData-stage2-3k,779,train,2929,4
2930,4f51cc46073cd1cb6cebf0e6cf5c1db1c7cd4ed1aebece79b30a241ddf9b1c51,178ab7c0f4dd7379e3d82619bc7ce7aeead3fccf9ddaaa6551923d8d0aa897cc,Light-R1-SFTData-stage2-3k,3235,train,2930,4
2931,f1ab8225a4214f6c896663e8ea849fd322c7e6d80914dea96ee3ed59c9d4a275,aabe7d039a937c407a562c318cf18f2a19356164f40f4268ab15d50130772388,Light-R1-SFTData-stage2-3k,1808,train,2931,4
2932,dcecce0fcf525f18491659ae33e2779973329ed6cc84e100fd27df4eb4bb94f6,19f32917b0669a2f711eeb78072ae8290cfef4e06f3d3e95c3ed7f6659136a6e,Light-R1-SFTData-stage2-3k,756,train,2932,4
2933,f0db67c8b5747196ae3b03218e34d383b260a681ef514eeb5a7173ab0bfaeb3f,13740186cc20ae0333f4b0f9bd4e9e8b711cd5e9e350d62925e860c5168920c7,Light-R1-SFTData-stage2-3k,1200,train,2933,3
2934,89b0d636f1150a665a6e4992a2f0b19dd064a4bf84f31e706048cf8de540cc42,096cc2ee234f4ec0cb8ceb8ccb72b8cd08902e043ee688d28ff2bd194df53e7a,Light-R1-SFTData-stage2-3k,3371,train,2934,4
2935,d9d20b6448c720e44b342f4894052718490d8d52657e9c190918ce9fae4e7826,9e60ff446a9cc2b71e6123ad4eea56cc90f4ba236f0c422d379ed21f4e4fa427,Light-R1-SFTData-stage2-3k,2787,train,2935,4
2936,b6233697d91ccd3f72a7f5168f151c20fbbe9bf54c4b0bf745beed60aa68fdf9,ec9fff4c4a512457d00ffe1bed2c9f93b57962a26de4b80bcde7352646bf1276,Light-R1-SFTData-stage2-3k,3048,train,2936,3
2937,9741e942711c3ff2e83bd16ed2b5a2f57e61816e7918fce97e5bfea2ce66d129,8b759e89704dbabe333ca1bc74bff7ddf82ea3710aa78240fa8592ea78947bd7,Light-R1-SFTData-stage2-3k,1911,train,2937,4
2938,cb487803653f7628257f6253f874a2753ee50008db58664cd67fe6129828db0e,947604fc3d1f32f4d12a49631f31d95f5b5cb32900296c0b80ca12f62f1966f7,Light-R1-SFTData-stage2-3k,1249,train,2938,4
2939,9ddc76cddb96469c576ba8d9e5162d37946cd4332b12a03f39326c8f5aa231f8,647948002caadcca31c957c1dfc35c9de800fc335362b91163794c2e9fd7b8b6,Light-R1-SFTData-stage2-3k,1426,train,2939,4
2940,e0d2bd2c692c9e215e43a7b9632ae14ee5401054c92d1258bae427c599c09ba9,34423ce87422e0c0fc9b8e5fb728e7f5b2126b9671a27e0b9633b0b7a223b587,Light-R1-SFTData-stage2-3k,194,train,2940,4
2941,01190ec538b84dd251760082cc1bf96aaf14a66879bea0a0ab595b025f5e405f,a4bc6702b922330677f282130bbfdf8c090e5e00523284aa7c32523d0c61c329,Light-R1-SFTData-stage2-3k,1560,train,2941,4
2942,01fbb41a6e513e341abf17444be21e4612d39e093d667d29a2c1c4945d3f7535,deae9f0a32827bf0dd6f79a66529a5cd91d6ec946e609d7af05fabd863bb09f5,Light-R1-SFTData-stage2-3k,1383,train,2942,4
2943,7e66e7949a079e78399ef038330978b673199dd4db586e61908f2485567e2713,c21c51384e2a17b10a1522dbd7a105032625ad570dfa177a8c87aa85bd272f6f,Light-R1-SFTData-stage2-3k,780,train,2943,3
2944,e29c6079540f9177a27a9012110ee04510eb22824686a3dbd5b272f086388b7c,fe5ee260313946cd59fdf6d70f6bde5621d375617928c73ed85ba09f32a490ed,Light-R1-SFTData-stage2-3k,1338,train,2944,4
2945,f1760990c4115b91b6cbb790ca9d90c8cff1d82388b1229f804966be8ea9163e,86ea59c0b0a7b6f985152c5bba0f93cba4ed820aa010ffe91143be015baf8d96,Light-R1-SFTData-stage2-3k,3221,train,2945,3
2946,7b430f2da69d0b18c734443c0ae4cc9e43036f8b93dc5d5b05ff5c4821b1626b,8feabb117a282e0acb09550f6bd834c8094b4ce58f239a7aaef7f35160bd6a1a,Light-R1-SFTData-stage2-3k,400,train,2946,4
2947,43ae08587df5510f3a3c4d64e6c51547f109f9194e92de6747dec462dd595424,343925b1233d3b5dd37bb91b43574feb07cd0c7ce868a97e7497d4770f2b80f3,Light-R1-SFTData-stage2-3k,1329,train,2947,4
2948,dbd9a37ef7d3fcd59dcf2b3cc16d50ac98d8f5a53d0c6ac52f5742f650136392,1d04342d0ed7641ca7a7fb68a2fc744ff19ac8f64c77662b2c2ca22492ab38f4,Light-R1-SFTData-stage2-3k,1924,train,2948,4
2949,c28352c294f10a5cc52057907f8cf60da1eb4a32e593834c903724024525117f,c6e63da59f8c4f0f7f129a3ba3ddfc5b3271db17235ac7cc8f110ab1a8a7772c,Light-R1-SFTData-stage2-3k,1787,train,2949,4
2950,10feaf82340643082fc66fb93de141ea622502a1351ba0bedba44aa526b88509,f645fe4ab28c330225e2b54cefe62190e9005d106c905cf47d821b7bdd46483c,Light-R1-SFTData-stage2-3k,1224,train,2950,4
2951,1f318185afdb9051052bc8d8ebbb1e902648476cfd9d574e5d15ecb5e75cc353,ca47745eb656f3d5d843e593a12fa5fdf2b4cc1ab261a95701db6fc420f38cb3,Light-R1-SFTData-stage2-3k,3107,train,2951,3
2952,1710b4d9e39cd60f3f6b2ba9b953407ee3ec5923ea220f4809a51da13a46ab9f,50d2d6975dd7acf684646532418c7b84189724e101ba803a1ed201157937c84c,Light-R1-SFTData-stage2-3k,2071,train,2952,4
2953,60f14d673884b38b90b25e23fd86a24d2b6ebef95db00cf30badc2f0be9e6763,c6e2b38ce3c517412a4bae2b854dab8139e0501ab1d62c01ba3ce871df284e62,Light-R1-SFTData-stage2-3k,2134,train,2953,4
2954,77cfdc90a5b40bf3dc6500b9ea530918b3268ea0813490bb046a8d2a54cb40da,22f4d6510fabe4c87211f98f1dfa3ea1917484a775f18f9d4ea1a99fc567fe07,Light-R1-SFTData-stage2-3k,2876,train,2954,4
2955,5820134f2a0957c63ca015b27bcf407f2bf0d719b30164175aecb99bddbb2082,f7d667b6c5ab4c1821f318c1958f394e089c38cf5108e5114d80ec731d24a990,Light-R1-SFTData-stage2-3k,2574,train,2955,4
2956,2cafa86295cbf19cfc7c4747be8c7311aec2c4ffd753df7b560e593f03fd436b,fcb24fd86e3c37b44312352fa7d25294d735885dc30f6f2f5033fc3031c99b53,Light-R1-SFTData-stage2-3k,2880,train,2956,3
2957,7f80a56655501608f7ec1efc6adcc1ea7774cf555fb039bb0cc11cf2c072ea05,6a32371a782ae242b5ce24bcb676a92dff673ce0efe26e3199d2bd0783eb754a,Light-R1-SFTData-stage2-3k,719,train,2957,4
2958,6036015affda12662ec3c1bbc875936fa21f18ad518c296b9d73195b141a018f,5c8cb71079e8fa1913a73bddf38ee8209e83962e11d031b194b3b13f7521b7d6,Light-R1-SFTData-stage2-3k,115,train,2958,4
2959,b8a8fa15e8ea1d67bc80ff22173d7f6ff984dab628f5622241ed218cebb1d6a9,d064356f612fa84ca3ca8fbc14e14f528604b076c4f356e45da3ab9f2dc82bb9,Light-R1-SFTData-stage2-3k,539,train,2959,3
2960,2459a21fa6a734195dfbe0ff838227fae953c72c84ef04195a02e36597a44716,2ed42b967a0c395b78a1affaf12a67047d17be7e9866dbd4bc3ad5d57dece3d3,Light-R1-SFTData-stage2-3k,2154,train,2960,3
2961,4530ba32df63488b2c1b8058a48d79e9e0079d56c4fe74bbcaa0fb5ac11e4761,ee8739fbea89c1508dfc09d6a3c0a1fa15b9f0fa92038ea0b23a018c2e8fdf9c,Light-R1-SFTData-stage2-3k,692,train,2961,4
2962,164ba173952d721aed5b792f7e209d416177d81799fce838f6007210e16c0dd6,0c58b1c7ec18c07182bf43291ae5b59b87fb44a44823e10b6cc99f97556baa36,Light-R1-SFTData-stage2-3k,2812,train,2962,3
2963,5b5b07f91bac99328f8ca95ebc9320767239bb574e1a204d98e7b4c29f2700bf,eb6b96c9955c820c49c6836a66cf72796ebad6cb7b8773f8a6736f898c8f0381,Light-R1-SFTData-stage2-3k,850,train,2963,3
2964,9679e1042b5d5616c9342bb659175f5a973d333602df26710beb7cfeee7a5fc1,ed7bd6ba71a955297e58c29768c7241164c9262fec5a009ba7e7b93a9d48448e,Light-R1-SFTData-stage2-3k,962,train,2964,4
2965,617150b451b4b75d75213f3318b51b9360743dd40e0a59e766d5dfb3b7370d2d,c51cf346fddab8ccd464586fa4f1399159f37251f61fa34b74e68c25599cbd32,Light-R1-SFTData-stage2-3k,1482,train,2965,4
2966,db3bbc84252a58f80bce0c559cb047c6dc00be23f6bf9a96e5ea3dcedc7839c8,3bbf7fa9ea9a604b8a47d3a09cbffdf63b96aa5edb8b939e52d82ed38f0e1f91,Light-R1-SFTData-stage2-3k,1599,train,2966,4
2967,16b0e4b5c8a5153ee18cd77e7ef28857238b81c86412308341f53bedc6a3e004,02be5ec400ccdda1c28fc0962e5ec8c78f081791454ca45a6d923e67f27dbc04,Light-R1-SFTData-stage2-3k,1437,train,2967,3
2968,dd5fd90a68654aec1e7c23cd9d0612cde5dbcb3020c8ec68f8fabaee5fbcb695,690f07818010d231fc180f9db19cd67ac7ea5ec00fb5fea9b59c1eb57ec46520,Light-R1-SFTData-stage2-3k,533,train,2968,4
2969,0acad345b86cabca7be06ea3f6f544ca74f0dccc4aeab269d1190afec6d21443,2b2ff9da42712d4838371921420cfc1de5c7bff5be2cffebe942fdc3d188321f,Light-R1-SFTData-stage2-3k,156,train,2969,4
2970,d3f4de51ab1b738df6a0f2585dcdc42eb2a4819ca1b4c31cfcb326ce28d15902,8c237812d9868fe0d612945b7a7a316b80b6a7cf034683d4fb619cee4a020b37,Light-R1-SFTData-stage2-3k,1332,train,2970,4
2971,0cc6378944a8d14c39803d7c251dd08a17b4ea8f66803bf6cfb38f1506b1072d,51e092d097bc6d7863d85dbe5caed7bda0a17b1f06c294c76332fd3c1c809abc,Light-R1-SFTData-stage2-3k,1139,train,2971,4
2972,e1468184107240a01af2dfc7570c375b023de23a56dfce43871735c50c9793a4,210a0694c07ada434967fa1bb6540a7ba3b9d9cea15603f733cfb5c3ef1318fa,Light-R1-SFTData-stage2-3k,1775,train,2972,4
2973,232ab72f875dad85c68da5dd89cb7e88d5c5058426163aa5d34cd317f4416d66,a38236ba7a707ab4fd2544d1726ea4e7d69afed7c35a8027f7add9502f2bb18f,Light-R1-SFTData-stage2-3k,1160,train,2973,4
2974,c43b082e3eb74d7560bca2b4a0c6bd47a548e247c2b73242bb5afffed81fc39c,ebab12bd677fa0876d47a1165fea37a16615e37002474463dc07111e943ff4a6,Light-R1-SFTData-stage2-3k,2144,train,2974,4
2975,96620f2005f17185ced0c25526bbaa33a0b52becd2dbe1759087be9d2b48ad79,7ef36e8e243f5c105209af198e65fb386569996ee85ddec8a6980a0250c23bb7,Light-R1-SFTData-stage2-3k,2693,train,2975,4
2976,ce81be6f4c6a159de14a961fd6546ec08fd042ea0de8d8f3fd91b8a25bc7ea48,5178e1a01dc36c167c51f838907ba1d5b3a985d8261ffcbf3657bf3a0d0c810c,Light-R1-SFTData-stage2-3k,793,train,2976,4
2977,60a7ad41cac50185f9b8095485416ae48317903902ba0a55cc9ca9f9316ebd84,87457835cd9ddbc765bc568fc1a95ce8c6acf207ec4194e186e9979dbb58416f,Light-R1-SFTData-stage2-3k,2799,train,2977,4
2978,1c6683fb1717c326fed95f804463960924c342cee37e0182991c27317c3e0d19,5e74bce553cad078e02abd740afdf94c7a0b025dd7edd748c104efcd8e1e0054,Light-R1-SFTData-stage2-3k,1488,train,2978,4
2979,1a5a62b9717e55489b50e1f2f28b2a8e24ab831d80e2bef8d24e34141d74abab,7553da5b0449749f535953125e52ac515a45ab616a8368a80834e6f13a13fbd3,Light-R1-SFTData-stage2-3k,28,train,2979,4
2980,2c35173c38b2c505bb011b5b277342e85d49f1f33503dab25fdaccf64f50a62d,1b3a1af78eed6b54bf72600dd16d10657c3a8517c5744780939d350e5ab72981,Light-R1-SFTData-stage2-3k,2060,train,2980,3
2981,02ff03a5410039e44214a13249d9d210a03a01cde6c8011dc615caf5a3c1410a,54a91e2e26f77af55635bf15a154f5cde0c7a3cad692efdb99bca8c48c579652,Light-R1-SFTData-stage2-3k,506,train,2981,3
2982,dc3379b802ac7bb21b802f6345599c2c4896797e38215a1bd2ad44d8c25fe0e4,aad47fa44dfb86a2836eab0a59d3c336111f90c98976e508ad267906e11fed25,Light-R1-SFTData-stage2-3k,1527,train,2982,3
2983,959796e99f4e60f966262c605b100cf503a015266a1a1c648fdac9fca7ae589e,a58844d8a4121ca12b7ce4a1c676024ba41e4588109139715305fc6502f94e27,Light-R1-SFTData-stage2-3k,1095,train,2983,3
2984,c64e3655593d1eaee13001bc28f537adeb441574a251457c318816abfa535374,376f60cd0298dd9eee01256312529cc14db23d9c58011a2ddc4614531b56d96e,Light-R1-SFTData-stage2-3k,2593,train,2984,4
2985,38ef7207d8464f7c6154e18407d540b92e049de7dbd9be96694d280350d823e5,ed641ba8130eb887196aa893ca0923953b9eb3cca2057f9d57a91faf12d33e62,Light-R1-SFTData-stage2-3k,988,train,2985,4
2986,a7782c9e29914bf5d15da786c83e6c7313174935048c5c356ce152186cf99c9c,3e598ba5d75315bdf7e07c3a656af7fdfe2aae098ae8ae63b15382641ec45bdb,Light-R1-SFTData-stage2-3k,786,train,2986,3
2987,617aee81ab639ab46054e888b4530e821390dc4785d96f78b80a2150d2bb3e5c,80401aa57ffec12c1c46eb4e553af39eadfc5e242ee2b92b87a606d8174cc7f1,Light-R1-SFTData-stage2-3k,1251,train,2987,4
2988,f21c2fdf4015eec05d1cee78ba345457a8a231f7e1daafca06086b768075b404,65ff975c6fe5b30bb04609db4264ce445307561237761416b5b52e657fda95c2,Light-R1-SFTData-stage2-3k,346,train,2988,4
2989,f3af74cba713e473eccd26eb251cc8a14ba540fded012caeb0a23c0a50ede1d9,d11e64b71019be7c99ba901ab3509ad7f666a342fe2980c4e8543957a57fdbf0,Light-R1-SFTData-stage2-3k,1803,train,2989,4
2990,072ee56d7cf0a5b3afc4f0a70341ed63f74abefaeea4ba90e0fdbec0b6a72075,84ae595004cb43196b7aad40a4b7dfd7346d51d985c8ac230422ec4a1c5d1c7e,Light-R1-SFTData-stage2-3k,2422,train,2990,4
2991,4672ee994fc39bbe626a94ea1d75547b7eef14fd2e45457f4f0a9ff1ccab3c03,df715ecbd2bb89828c6e7b71a6343a8c1e59d7e0d4ade412c663b62d3cebb5d0,Light-R1-SFTData-stage2-3k,1119,train,2991,4
2992,90c3be6820297c119f5c05bef978ec2e9c415cc987b202f4a247637b96e9d702,161200d5625fea9eb24a9278f6f2bb438db39ab5ad5bc7994742ce636c4e8a84,Light-R1-SFTData-stage2-3k,420,train,2992,3
2993,41b5e7796ff824c4c7dc900b3d95c39b4c785716d1b365c2f7652f7120f35285,d78073655d2de68631473251690cbcbf1bd1c2f4cf2fa7589baf450244b9724b,Light-R1-SFTData-stage2-3k,2560,train,2993,4
2994,3a81a6b6498a4adb9f3a7f290526594346ada2ed2614dab69fe7d726ee3b6133,4b62ee1f279c43e616faf5b7cfc91d0ffea5deb86f80926390ea19b320bbc603,Light-R1-SFTData-stage2-3k,1317,train,2994,4
2995,db89c238cea6037ed7892210d1ae5da2eaa0b0a211393f25b30d5aa434fd9519,5e43c4e728b4c87db45bcda8511ff45321ef5a2535aaca6726171ea7c373cefc,Light-R1-SFTData-stage2-3k,3496,train,2995,4
2996,606fa513cad1156bc0d8984f992975821d35cc9c02729ae85a1b31a9e901130a,428194a31fb9600b5aa901602e883754c15b4dd2408d37e769bff260595aff10,Light-R1-SFTData-stage2-3k,1089,train,2996,3
2997,7c7cd12046c2092ca188d408ab64a894f9734efafd10c775d81c261cf6660236,e3c801b89a7c1c678bf4aa22c8418efd0f0be298a84c818dcfb69f0a1fde0a9a,Light-R1-SFTData-stage2-3k,1296,train,2997,4
2998,780ccc5778ff3d56358d4bd2058b5be418bf0dd5b2d5cf227ac135acfac907a7,1a714d39249b12d33e6134d3942b4f73b133ddadad1da008de0b9f93d516b3a3,Light-R1-SFTData-stage2-3k,1179,train,2998,4
2999,6b809a7f8cae8377f18f2a772496e3462d494f9d1d6b5c9e7b560351be6f4d97,91effda4766d00a32e1008da741a7b2c6eb1f543ba2e2612b1cb32282ade8bfa,Light-R1-SFTData-stage2-3k,2730,train,2999,4
3000,e0fc1a129005fb1f20fe127ab54c773b9001a2abb25bb46d110dcaac80ba4cf1,0f9fcc9ae15227aa1f9eac8be98689191c37823e224993d56d50cd90b2695db4,Light-R1-SFTData-stage2-3k,2741,train,3000,3
3001,e9964b2f0f99e099c4f134b946d6725fc62b5f998ca7e78127551498031d9fda,a8a175add39243aaf188efa483cb79e4aa5c80b238f21b9be4f470998dff841d,Light-R1-SFTData-stage2-3k,1454,train,3001,4
3002,843ad21b59dc73d36480a38741429bdd92e68f614d8f246ad63c9d4fafe8df22,07c3b4ae4d22fbb620e59b1fc988b85c49a6e11871741f10a94ff2bf9984e814,Light-R1-SFTData-stage2-3k,1321,train,3002,3
3003,de1668c961133fd695635c277e702805d70a5152efb25e793e57ff58ae26cdbe,dd7cd5020f84ec667923ad2f58f4fdaeea35923b12907397b6d02c5f8ac76d6d,Light-R1-SFTData-stage2-3k,3441,train,3003,3
3004,5592e1393562b670e4178b037734a83bb6d472daecf7fd66c434a7ec115bf3fb,39f645be47d881a3b9746447009ad7f37de81d10c7a6be0a4e517f1be49510c5,Light-R1-SFTData-stage2-3k,939,train,3004,4
3005,098fc058126ea77539ce0ecd3a4e96f3fe22b1e0ff8f7142029861e5adc1f246,6bea3902dbe55e1072dc1d74e10d4dadc32516a78286cc7e6a793cd102609707,Light-R1-SFTData-stage2-3k,1404,train,3005,3
3006,9045dad5ad5db07aa9338daa1cd19c2fd1da292854e3a06e3d3f20336e2629db,0b68fa8604b528269b99da78494b8ace97f9370a6ccd1b222f94aa734be35c60,Light-R1-SFTData-stage2-3k,3522,train,3006,4
3007,12757367120690ac6deff7e682a8720c44a82c4ac69dd8582f5b060e3556cdfa,404f46d8061e2af19df2854093a5bdeab8140566eaba9edfb5649460c0e7988a,Light-R1-SFTData-stage2-3k,401,train,3007,4
3008,52ebb857b18b75d9ec618ae52c7796e048767c60e8995bf93de8c86dcd591a95,b60c2b5f5bf6121e5bd66e7f78a7cdb36341e6c2a23459d1264e5c1e7d44883c,Light-R1-SFTData-stage2-3k,3106,train,3008,4
3009,2be84e9cb66c74eb45a6c3e1f3c386048bd56676702ff2bfbe6dd8c93aab11e3,8ce86bcd5895d24c20fe1956cad78e4d9daeaa4f80573cb509e6789069f0ce17,Light-R1-SFTData-stage2-3k,9,train,3009,4
3010,c1fc32e1b26bc92ab1a18365aeddcddd2d0ced0d63765f22010dc3d5c9a66383,330587b991fe9bab36a1005d3cf96a949156017422b1dfc4dc126f97d5ac2394,Light-R1-SFTData-stage2-3k,1409,train,3010,3
3011,86796bc08151977cb5458dd6d39acac86334c539f36952b2eeceb021b1934a61,16708566ae1a37a00cc367f9dbc8b6566d999735ed174cf3803a7e47f2dc66b2,Light-R1-SFTData-stage2-3k,1595,train,3011,4
3012,8a32b1094d818b11042dbb4b7b80b887986c2832794bcea0f2a5193a21b36315,55e2452a896e635b3ef7b2d16d75b5daad3a4a59e5f5924b4f10a6d32281f320,Light-R1-SFTData-stage2-3k,2562,train,3012,4
3013,63ab81add8c926f1dccc08496a2c4f8abd1ff7193872c145d54c7aaeb28af99e,37584e5bf2072f496d66dbb665cb73ae9ec299b1f69de0565ec33a0de1f07158,Light-R1-SFTData-stage2-3k,1060,train,3013,4
3014,22f367d333f5fd7aea19603727cb9b60ee28040fffac5aca8f48a615afbd7b99,47112bf5ea54a11705f5e023d7ec2f20241af5fa9c2ef0b8eb02d474310f9763,Light-R1-SFTData-stage2-3k,1852,train,3014,3
3015,d3d7466f131fecd53339a4dc472b2d3db4e2736a41f3ee1d7f9dbeb2f4520b2e,da112faaced82717ab3cd5f4026a4784fd0cb1f37104d259809b04a6270f2eb3,Light-R1-SFTData-stage2-3k,3198,train,3015,4
3016,af3a777c2aac2d9561b8ce77c7810df351b70f7282e604019407dff3318a59d6,62cb062cc3974e3d490ce9db7714be418e436a1a9562e6da37cb4eeb6a412747,Light-R1-SFTData-stage2-3k,1018,train,3016,3
3017,5c12a293f011485140eaa6474302e35c76c8238cbd5449f8622d7d6a9e570577,56226c88090799a393e7601e1cf350889e6c9cf2ac5756fb139d625d10f4aa4e,Light-R1-SFTData-stage2-3k,1895,train,3017,4
3018,c0df91684a35c4e98a6ee71423cdbe60bfaaca17e17563e15262c18f8ad43c7d,0693009e20cf658c3c6f78da3249a853e30047c7daf5324b5b7bfdea5becda32,Light-R1-SFTData-stage2-3k,382,train,3018,4
3019,5c14ad344d435b17ceddf8e45fb7d7b98c94b0bdce869b82b3f70294fa9a2e42,f4ef8151857fc6baf82f972c8c69307359d1aa101fed4210b78c19ec5ff347cd,Light-R1-SFTData-stage2-3k,428,train,3019,4
3020,dcde7759330894ef20693f4290fca7065fc72b7bd49f40cba14bf13a3a50dd70,e19c6b927f9bca381ed0d1d2b37913ccc9a02907688e93c00065bd3aadfe33f6,Light-R1-SFTData-stage2-3k,866,train,3020,4
3021,e7bc990ed58b1162a7f9a4b75d4f91588ea2e826c83eb61fac28100f407c0f3e,31ee17749b34ab855201e8adfd2994bd0a150b3c86185404c9111c0ca7e7db3d,Light-R1-SFTData-stage2-3k,1267,train,3021,3
3022,19342bd91afc623bbc774e36a56677da71bb0efb7ca7ae33352686b11999ab35,555fbcbc5674a609bd34c18ada94b3f6cd96b65339a1e30238bb7830b7861912,Light-R1-SFTData-stage2-3k,2904,train,3022,4
3023,0ed6d67cacfdea637210e73fc575a1422802c82d6720aac027d1e87e9fc692ac,a39f7fe2f1f75e32f47a3435c3ed5ef31802f1185513e8a9549f7974fbc922c2,Light-R1-SFTData-stage2-3k,2243,train,3023,4
3024,735bd4c4439a59961a638ec928aee41a9113d273f23f3273730849717ebbf7f1,28a02e4e61acd847eb055c1946c9d705d89749f3505785f6a904a0e9826458f0,Light-R1-SFTData-stage2-3k,2393,train,3024,4
3025,03391a0a94de7c23bb91383031f10383ebe4cd45e9f72cdc0f1e7ac8578173b2,1b290039b61d48ac59b1bb189baf0fa824c82802d4813455df7e9320e02b3aa5,Light-R1-SFTData-stage2-3k,1487,train,3025,4
3026,b2917012c61dd10f8e9cbab142231887ecdad99ac0d6f50e8997e1c513abf861,09fa65ded208420d2e77799b8029c967772d1d5dea967a7b28d4bae58f7c8d65,Light-R1-SFTData-stage2-3k,2230,train,3026,4
3027,73f2f875155f35e1401b7b92b150580a25174e4b7864d61cea364257aaeb4ea6,df66bb2b6cd1b844ad5f2c8a4587353b71664595b51b00dff095ea903b246b01,Light-R1-SFTData-stage2-3k,1544,train,3027,3
3028,f04a0c2fb17c4062ac77aad5cd9716c420b85b5478d318d6b614e36647f00e5a,ab6d3c92eab708f2ca9e235995f3df163ff5d815223307942d7053c8f00da73a,Light-R1-SFTData-stage2-3k,3066,train,3028,4
3029,d9fbcccf65bbcf8d4ec554ac40069f61a1485c7532a0506224b4de676179fb5b,8d1b492089bad8222002410890af2101970299c9d27a0c39aa33eda03e244f42,Light-R1-SFTData-stage2-3k,966,train,3029,4
3030,19d2be53526167136bbe554eed2f1887f549e8eb4d741cdb1f60ddf0291e3135,0a7c838742da7ffdb0925a4b1418a5180c2e5e1b1785cdab0fe1ec8bc94b3e08,Light-R1-SFTData-stage2-3k,452,train,3030,4
3031,e05252e21c81c0efc16c977f390dcd2758dcb2ac37b9c8a01c6c8d929eca9af0,9b8d863d6be8a759e94eb5e84039abb017be4736e0b6fc7520533119861f5ddc,Light-R1-SFTData-stage2-3k,3386,train,3031,4
3032,523d74f98fa3edc3c32ac2fc9bd8d045bcedc95d7342def5089c23c77c8c393e,28101778e43d91955a046aa1ad82626e93cbf52a8603f9e43b570662f44c5be9,Light-R1-SFTData-stage2-3k,3453,train,3032,4
3033,69d18247e19fd6471b1bd61c1d6277e76b1c8f8c6574e8556e239b1109c235da,37cd6d9c2f0ef0bfe561a3178edb6c12f3dfbc657e094d6e8a2acc4fec306383,Light-R1-SFTData-stage2-3k,781,train,3033,4
3034,0aea73c0198980f37ac30f9550e3252d114a6cc546615c8c8062256a2a616740,f2d6eef4901c8586562927848d0e1b657926f0d6f4323475adcda017a4316cfd,Light-R1-SFTData-stage2-3k,18,train,3034,3
3035,d38c1c8cf133a68521d4f417a7445d132ace6ad0dc47c9845a81dd36656035d9,0b474c05cc2a487c3de238065c8cc48d3563b3d350f2e2e23f07fbd26f816d41,Light-R1-SFTData-stage2-3k,2203,train,3035,3
3036,c6fcdbd03a19b9be20974829283a4267049a35186df6a9c10a1e93ccb62711ac,6a92a693ce87531013b611c83d8f7972d397e8299d71e76ad0574cb77c398f4b,Light-R1-SFTData-stage2-3k,785,train,3036,4
3037,2fa1e839a91613010028509e6209dadc3433a17854a4138dd1f1ae627b786c39,6b9a48bd8cf6a65b7135b7ed7e5c7c9a3294d001b98cc0a2014b3b6256fd19b5,Light-R1-SFTData-stage2-3k,645,train,3037,3
3038,513bfd96ed08f5b8e5dc0b77bb8ab4ca9ce17de74bd478dcbc4721d190fb113f,dba9e0c76fed9714d2413d72c2a9434aa5db67660fa1b529d39d026b01ced184,Light-R1-SFTData-stage2-3k,2225,train,3038,4
3039,18a0d23ff62a17e138293e0e3df2025e5e34d28120f5c6b42c51fb8bec31b00d,a6f9e18851fc7fbb9a60ae58e711363b249e26a6ecf8452a00b386d7541a42a5,Light-R1-SFTData-stage2-3k,3291,train,3039,3
3040,0b0dcdbde59fc24a46f24408ec812121adab257380a6620dbf3c7daa06d4c3ac,e28ed15ec0e59427801dc8754240c10bafc07184bbde74edda1e5ffc2b48138a,Light-R1-SFTData-stage2-3k,2126,train,3040,4
3041,fc1eff05ba154f39350612d7e2a52b2e02e9d22e4b0d86ac7e31a7c6260c44b9,7f97f26a802029079e2332d19e8ce4c60fd3eb2c2db0a6adc2103523ac959e45,Light-R1-SFTData-stage2-3k,2628,train,3041,4
3042,52e2fc0680b39867883d9d0e9f32eed46199910cae8e709f9f9bda6a7d701385,1548d7235ba0c89b13c1c3f2938c3c708c00464f2d5df87e08390591a6ee2128,Light-R1-SFTData-stage2-3k,2374,train,3042,4
3043,8145c014d5889a88616e582045c290e24f9adbda57fff01d565a307e49860bda,586a31935101469b8049284b7ee97f4b050e2d6d1204f9caca7a900df23ca5c4,Light-R1-SFTData-stage2-3k,39,train,3043,4
3044,eed4750311f7e696f26ef4cbf31ddcdc3b3c230ae830367c4010152ca89a102b,c4e0e249360d335c9d239e84d442d12973aa01fd1234e04ca1cbf2ffae03f177,Light-R1-SFTData-stage2-3k,491,train,3044,4
3045,df135b75cbbeea241e0aa0ffa5827a8af246007f4b0b0a608752c07d34fe0197,dec1fa3f91f165c9229176440bcd90ba1eee9b84079de58cdc1dcf954ab08dbb,Light-R1-SFTData-stage2-3k,3010,train,3045,3
3046,15ff4ba942823e5020ff2c83b01e778d130b070a5104035ed75a342aaeef6543,b9c7fcb86f083a343c041b46643155ff6cf50a368c2c84d17b25bdd2aedaef4b,Light-R1-SFTData-stage2-3k,290,train,3046,4
3047,21cf7a3617a3c56029a7d2a328ae0dd9f17999430872dc1f0c0f69f9adb9d7c4,ce1398ed6f2d25855efd8015fbb41eca31cbdfafbb38d43cedad6d7c53f6599a,Light-R1-SFTData-stage2-3k,3028,train,3047,3
3048,e49af3d989590822595d045c3d3cf02090b5fb40d8833f6d6a76a24b72856825,4aa98db593c4cb30265f5df8793c8a4e72c686fcc2fedea22755655bf797c32e,Light-R1-SFTData-stage2-3k,3080,train,3048,3
3049,50f69b3fa32c7fc47ccb435126c6d05c25c063a91014c7916192e057f92b1def,a323c9a76e7db301e08c0fde11aaddfaf29e39fe1856ab0a27abad62926d04b2,Light-R1-SFTData-stage2-3k,2707,train,3049,3
3050,da0267836f00acf3d1a3aa5abe261246641790ff87d369a6f0e3b6a3620836c7,e845a47a9961d6d36f2aa116a6a9bd378564ac4ce58d7683014e4109d7ccc03b,Light-R1-SFTData-stage2-3k,300,train,3050,3
3051,04519afd17b3917439413a301354ba57871a6d22b22b6f320259892c35d8146e,275315888d9739d78caf4c59293b25b7cb63c3c8b8be33d77cb73d9549c48edc,Light-R1-SFTData-stage2-3k,2186,train,3051,4
3052,b89a2bf15c919f6d709ddd3762e4c12d4aeaf091df4602a1696b6f48f29bdb37,6044fb63ac3a0fb27e20cf6ce6b56f3968d06cb404e1909a362420013614d04b,Light-R1-SFTData-stage2-3k,1704,train,3052,3
3053,8d9507690c7d921e1c6cf3983979428d3e71edf5eed0883ad70749a6e4242fb6,a823a1f0edcaadec202eb6cbcecb05ca6c03ad82cad17106e0e501ba00639420,Light-R1-SFTData-stage2-3k,74,train,3053,3
3054,e29355a387cc7bacaa4539b1c930c72e11751d40ab92da161b65b3214e3b1729,9f8b6669eb19cbe6cdf59e3150a734b33f752e7d28c818a6dceb144b832579ab,Light-R1-SFTData-stage2-3k,1851,train,3054,3
3055,b40e02ec7017cffd45f5329d2aa1fedcef31743cd42cec2e7066b0b77bb3cdaf,c430524da8658ecdd9f651bb63a0bc4effe28b20b0d2028b3ec42c1bdf5fa7bd,Light-R1-SFTData-stage2-3k,1297,train,3055,3
3056,2ec3cb0d132246c4d50bf83eb6c03a08610cd830926c7c6d0e8034bb5d5d107c,b95a8747888d8c5bbbb2791e3d8be2aac16f9f680a06db60120ce4ad3fdde9fa,Light-R1-SFTData-stage2-3k,2292,train,3056,4
3057,007bd7ad161fefd7fc6de224520a550c4c8e367adb1e24d3d77f8204b17efc66,439db87e7a049d0d31d7d41430900c9a66026f1ee0499993f72f7e18eacb66fa,Light-R1-SFTData-stage2-3k,2765,train,3057,3
3058,7f4ffe7328b819a1d3a672fe69fc9fb3e0280f2ee246a0c880510b9f274d5070,a8144d4dea363942cfbb95d14cd3cf6396569f903925d3584b75b6685ebe731c,Light-R1-SFTData-stage2-3k,218,train,3058,4
3059,6f503c71ec853190b9c9bc50c315e60ff3878ef778b79588ba667433ba4eeaac,4c7865bff4b43de86a60a1a5f91689ec1ce3dd03a89963a7d4c249c9897d1644,Light-R1-SFTData-stage2-3k,1552,train,3059,3
3060,cb0e833b26e34beec5cab881a43bc69500380038b98071a7c5abee60b9024fd1,9e9e3a1d540c1b132d09d800d249b6ccabcad272d2f770d24547538f957d3f96,Light-R1-SFTData-stage2-3k,2944,train,3060,3
3061,58d215820adb192f6d1a42fc4b8bc5efa90b8e843cb071238cd4e4e222417213,9a8e569332239cfde339063919541e04411bc647a774f5ec168d18f578abdaef,Light-R1-SFTData-stage2-3k,2240,train,3061,4
3062,83cc0e0642b87eaab57582e6f18241e869ead06ed3664bbf4bc7a9bb05defe34,3e401d7a6b23ce83251567a5bfa392e8c69b82b1bcaa99e26a3e0d0c62828793,Light-R1-SFTData-stage2-3k,1118,train,3062,3
3063,f52ca41eba445f9177c24503b15f5cf8673bef8fefbbcefc824cb7b747ac4acf,f453a6de5f7f70492cc3d22747f83a9ba09a62c599bd20d559c2513737641c40,Light-R1-SFTData-stage2-3k,580,train,3063,4
3064,0e88dd1af1a3a527ac274f76d4656854858a5c6bd4be027327ed0357f7ed978d,4fbe12261109508b3c41e62f0ccdc96d23938fa246592cda9d21da28370ec2d6,Light-R1-SFTData-stage2-3k,54,train,3064,4
3065,20a8b8e5cf14ea8780dca159a0816a2d6994a6933a59264ce06b51cfe47049d5,f51eb084396a3614e98510137cecbb7442b3006a0d9e867fd4aa64b219aae1a5,Light-R1-SFTData-stage2-3k,2024,train,3065,3
3066,9aa43ace4e1451e9eb206a24e214beb96a2a11be5831b7300700007f5aecdfb3,6d2028443bbba3372f4f16d32a4739b9b84824ccb8dd07bec40fe3fb4dd20891,Light-R1-SFTData-stage2-3k,2517,train,3066,4
3067,13aafc9474dcae5146658cbacd85f21cfa9023a062d790fe7aa045795d7cbcd4,a756f7ae23087ddd4f869d1a3adffdf8a107c76723de7f1bb0bdc318c97fbcae,Light-R1-SFTData-stage2-3k,2895,train,3067,3
3068,f8abce4ff5c3dd1a835e67af3af4cf4a2572d9cd2ac1df0665988de4cd183b70,d9b86fa34595b5db2010e6fe80c746cdbb787c376b41fc7625ebf3157c0ce4b1,Light-R1-SFTData-stage2-3k,965,train,3068,3
3069,adc26433ff9af8bf6329325c4e99e8a3b427d20649800cef7f3a8aca5f03e816,b2660705dcf9914f4a16bd8a873a58aecf22a578310bc03fa6e1e771db9199fb,Light-R1-SFTData-stage2-3k,477,train,3069,4
3070,72c6bb4903574ab698aa35cdf416df4dd171af00a92c9141020b6b55b60d4f83,1846dca83961d161e51a4d9f6b3709db1b5671958fa0c49a038e9200ab7d33b5,Light-R1-SFTData-stage2-3k,323,train,3070,4
3071,595eb6bca5e318985d687f9553ae59319e68d7c56bfda7e587e66df3d4892ae3,73f2c05d6d4abebcb99abbd6d789cba3231581175f2f2829d6ae37b28d5f9683,Light-R1-SFTData-stage2-3k,1466,train,3071,3
3072,fac891e0110c7a1a39c09a3bfc4d86a9adf2e152a9a4bb6d00e103c4e1fa2b4f,bc48b325c7431163abbf93ce05e12dacff471ebb39995eeb1b27a9b95741dc03,Light-R1-SFTData-stage2-3k,963,train,3072,4
3073,204e1a091710a6dd9ccd402b41cab99dddb6f9fe8e05cbafaf36d4e94d6bb3c1,d58443460a756769ee57a6e2c9777d31ff385ad8138340c6b8a7312bfe9ab875,Light-R1-SFTData-stage2-3k,2778,train,3073,3
3074,6373fee3783b1f75737b410388f00e3ad82b18ceaf007282017f4b8498d5146f,0b68b06f4a0eb2be5aed53d37cec35e98f0845f0818d6d94df90efd18b11adc0,Light-R1-SFTData-stage2-3k,952,train,3074,3
3075,15bfbe51e2d91d9dfccdb04912f428959372605c5b1879cae87e09ce67f41bba,c858a29976e6250b31d76760b70fdbd0915fc70e9238eda95e0bb056849f7c2f,Light-R1-SFTData-stage2-3k,1019,train,3075,4
3076,9f09a05c954608a68cfacee6c9cf36d9dc50ca871712ee89fafd4c4e7b6484ff,7db736de211d637f26ccb45574f4cc4a27c3bacbf90a417db23b4462a72130f9,Light-R1-SFTData-stage2-3k,1214,train,3076,4
3077,3f24874383dc255249b160680094d53aa106d5f6e2c1aae3c4bb4b8b9d79ab4c,9d2c27c5c51d0ce07e2f16b9b797867c7e585d2118cfc5185abe5f186aea4ad7,Light-R1-SFTData-stage2-3k,3113,train,3077,3
3078,542f6e5a7f3f1990b37c004ebf046d9212fc6de8b4dc26ff1807757fa6f2bb3f,9f608e3dc9dfd66dbef8667c5b93c29141271290bd7e8a0cfc717ec0197874b5,Light-R1-SFTData-stage2-3k,1440,train,3078,3
3079,7157ea903002d8f4f196bcc4ae780405f5297300d872ce81a12a50e094092748,2e9c840a2bb51c4e7f61a437ce75a9bd55625648a12c8e529eefb4da4f93ada2,Light-R1-SFTData-stage2-3k,295,train,3079,3
3080,93f81d3639547f3388218ad992b6265e79d08a845233f2f4587931eda18408d9,1bfc22648839d08120e7dc8bfcdecb523db9fed74ea780a1ce1bf862e4f3c59e,Light-R1-SFTData-stage2-3k,744,train,3080,3
3081,769aeefae24d5ddc44984d7e3ab5ba492dcd9a108c20f8317877c90120266b95,fb1382242fdaf269ea60f1f9a0f080e5b79f8befb97987f65a6fb3ca50cab935,Light-R1-SFTData-stage2-3k,2581,train,3081,4
3082,dee9f4e6851a8d0bf681581565179453fe5f78aa18d9ef39cdb74a615833dc3d,a31007b2f5741ba6ee8349ad95e268fd6de728c204cc8a9cbbb7ede68c50755c,Light-R1-SFTData-stage2-3k,943,train,3082,3
3083,0bf029e8293714c5eeea7bc63210503ba855944fd2b3972fd58da95b9bfac6dd,5092f2ec7fc69452f636384c262821c3381c8a7ab9602d12e8b78ac87af1e594,Light-R1-SFTData-stage2-3k,493,train,3083,3
3084,e55ea09f6fa136a1c252b733c3f2266c30968360d8decda01775041d0380b79b,7b335110c5a5887c8d54ea419a7526a44891de37a76050a7fdaf204e6cacae94,Light-R1-SFTData-stage2-3k,808,train,3084,4
3085,2e154fcb23249f91d64790fc0058efe334fe65a346b30f8a06281ac5d2e77f49,ba289e4736db740647ff5235d7b15ff72d90531027e2dcc06a3a41691ee5ca1a,Light-R1-SFTData-stage2-3k,2358,train,3085,4
3086,7ca79c911f615d262dd23379542687eca9f0569d48139a034dfe8c4761b7f95e,3d7eedddf282e01aaa1791f707e81a5aaf0d267bb0476c5d865e61812e8fd7c3,Light-R1-SFTData-stage2-3k,1458,train,3086,4
3087,25c534ed6326413bc0c713781de5b0933906cfc6f5c7bf763e2d1b4af49bad04,899dfc0d1d773c4cc346c1ce853122acd814c51d3f1180bf6bfe406cb05e575d,Light-R1-SFTData-stage2-3k,634,train,3087,3
3088,a86ec2e20ec72a66eec7e4dcc1d255c288c8cb768970379460432a40912f5900,add2a1ed067b42d0b718d470cb9a5a21ba6d92b6a031e6e57be58279bf330dd8,Light-R1-SFTData-stage2-3k,3210,train,3088,4
3089,14f6421f1268abb3c20c46360a64e169f10bf259ea7685224ae560017ce7221d,6e98356ecb57bdc82bc68c3304e1ece01c9ea95e5585345dd486d60957b5d65c,Light-R1-SFTData-stage2-3k,2449,train,3089,4
3090,4b2261b0d39f39076f7b3c9f70df511bef2cc49e8ed7b90cca40518d5165ca81,77f638a1b1c822070a82346b9e7ac265d30091efaf95eb50f31dc7d397a60c6f,Light-R1-SFTData-stage2-3k,1703,train,3090,3
3091,2925d32d56b11816e0406ea70b9353796922ec504c9b0871a5eb17ad658435e0,0694e971244a0cbf1f390f1fb57a654fe04999be63467414e8c845882af97873,Light-R1-SFTData-stage2-3k,3337,train,3091,3
3092,ed1318d37113c7875932996a3edeeb8c31d71211cc1a227309f072a68d39f26b,41c7bd8dc8b04857ca7032812be5403f87309333beda4c57adc23b557d9120ab,Light-R1-SFTData-stage2-3k,1655,train,3092,4
3093,49175614a15c377ee6555fc39362f49100a3f14643f7a684ee1f44d7d01534e2,88406c5925eb62143513f24547dcf8207dd7208baf8affae052297021d423e9c,Light-R1-SFTData-stage2-3k,3244,train,3093,4
3094,127b6afceffc414ecb14d1f9715b2978b1c48aa7dc5c4bda91f634994d974280,a95de8b49a8050bae18ce3c8cbeb824a69a65cc075394b34078bd0d8e7c1422d,Light-R1-SFTData-stage2-3k,731,train,3094,4
3095,eb191b4712e0f87ade6033707a19640bce5fbff50e983465bd1f4c1cb454b899,34ab882d18f4183a61b83d89e6755966078a23313f7bcd1f75dfc66efc01e218,Light-R1-SFTData-stage2-3k,1006,train,3095,3
3096,94d7482e3bbf6664bec3c7aeb5732186f3ea372b2d1b1307fd6d3a9b2db6293a,e6567685618a0f8bc1d1cc433041feeab07c9ce9cc656ae477d8136e0528f7ef,Light-R1-SFTData-stage2-3k,1112,train,3096,4
3097,b8359feb380eb7e9f8adf6281b1d4226cf2d3e063f6be455fa0d48cf8a5fa0ff,66f8dfc8119394a04f4efcd35752edb887195eeee2d184358ea8a0014bc820fe,Light-R1-SFTData-stage2-3k,119,train,3097,3
3098,55b5a22c0ff4fa33b3ae8595df8c4e45e0de3e6502f071493ae9448c21cc07b0,543e548d0acc8aed84968fe95fe6a4fbe5edad0e0221c96c4243107260dff7d2,Light-R1-SFTData-stage2-3k,2309,train,3098,4
3099,e63bcc5dbeeb4c81d670fd9d13109ecc85522ee0e9a425001cd57e0b2de20f5e,e962b57f68ef017b4985ee9874ecdda847764ad0cf9594526313decdf8e98153,Light-R1-SFTData-stage2-3k,2719,train,3099,4
3100,2247a08bfe87a8ff782b1e067a7810de293e294f21937d29384f457d7bff53eb,5df0c762682ecd2f55bc3fa645d11cd77055e332196e6ed22fa97a801af4319b,Light-R1-SFTData-stage2-3k,3307,train,3100,3
3101,e7cc88942f8f87c8eead7cc04030d50fb4da2ae701eb9c1786ee0aab478eaacf,4793fc2180eee3ce1ec7e83fded064f98a0d3f83e78fb11326262c09326ec079,Light-R1-SFTData-stage2-3k,2959,train,3101,4
3102,36dafbb3cbfacff4080894b4460f8951a6123e659147efccbf812b2bb3e70ad6,83f0ea5a198109c7e4403a5404aa3bf50af8ae06fc55f0c67c5259149d42432b,Light-R1-SFTData-stage2-3k,2413,train,3102,3
3103,de6c7a3420f8b08d3b848e865820bd72012ab1a5cc5d3730f5be15006f1a2abd,b9e56880190256bef2285df7e05214e5e1b1ace646e1fc22d3088f5b9a20a083,Light-R1-SFTData-stage2-3k,92,train,3103,4
3104,de3ebcccd68afb615f50c45b065cd254c6218cf8df068db8bc88b5cb1344e0a0,b6b4f93da183e7dd6baa96d0ca14fce89c162bb8aa1ddf3f23da7cbdd4578d00,Light-R1-SFTData-stage2-3k,2336,train,3104,3
3105,21a68c0953c4c66090879f5b37fd71baa3502bb75a3709f793506d5e318a33dd,01598a63ec620ed5897fdda90739aab11fec17aca9ee94c0276560619610c692,Light-R1-SFTData-stage2-3k,460,train,3105,3
3106,91bd613202d5aa5bb534ad3c59896d6b69594073d1005a71bb819d0aa5cfa66d,55aada4f5934f47338ffa7ccbf64564ee7988e0d7a180451193b61083bf841e1,Light-R1-SFTData-stage2-3k,895,train,3106,4
3107,8555ea39ff2f22a3e35f72164f75d3975934abc666b5ef8d6d6dd85b506b675f,e9e01b3a2a5b3e6a42af4a054b9761868a84d759d9d1c7de4f4030951615608b,Light-R1-SFTData-stage2-3k,2728,train,3107,4
3108,0347fc08b86f7da0f5e941e70714a72ca66c1460e25bed31d71a55fe2ceb3f1e,9e4b18a29f1a7d3e5da3215902e1f3f22e1a93678011c79eba8b3e7651b78afd,Light-R1-SFTData-stage2-3k,2783,train,3108,4
3109,42476cd875da8e8133c123154e5512693bfc455b72a89b4c22b004df342a846c,1586e774b115e1e66ce410ff3bf03e1df78606415bc2a3523120fc829615a8b3,Light-R1-SFTData-stage2-3k,995,train,3109,3
3110,27b3cc6978c32bf8bc38d8033b337c88aa80f98e51fc5e6f2eaa3c27a8de714f,7aa9bc79633173921a232028acfca42744c5da04ae3dd73789ef1d76ad3f5229,Light-R1-SFTData-stage2-3k,1022,train,3110,4
3111,62cab934e2c2685066ea04ad6cc58c1a7ce7de7ea3b927267f0d0675abd97c5a,74e7ee99d74d79c1681569d6df22e5d147df80ebecb143715777b6c0446db3fe,Light-R1-SFTData-stage2-3k,1525,train,3111,4
3112,34eae8a000ae650b775b0f5ff316ac33bbd91bf7a01fc89dc8f9f02b8495453e,7b2edaa96f89fa99c003d287d2b17be6a9c1cb70c9b8ded88297acb4d6177d07,Light-R1-SFTData-stage2-3k,2155,train,3112,4
3113,97ce7501bc0bbe366fa8c3695922974bf22e1b9b0e0fe47e2cd09a168d1fe42a,03e6b76dba0eeb92abfc6097e1e1c0f514e41d021a9ad84a4514fb66a912b5d8,Light-R1-SFTData-stage2-3k,2193,train,3113,4
3114,b6e76ed141f1c2b58eb1d7df0a1728c0914e310c23c249df79eba0aba2cb90d1,8e833946fdcd3e0977492d91cf2b141f81ee5c763d6d64e2234036ad34fe40a2,Light-R1-SFTData-stage2-3k,1677,train,3114,4
3115,e4d35733140cea29e74033e4516d3535795b222eb032519c3d401f5ef40400b6,66257be9ca5c5f5a9214d6aa8f2f78d154f75ea98a1ee14743c8400848897602,Light-R1-SFTData-stage2-3k,2779,train,3115,3
3116,a6990d4cbff07e5a9bc066b422794e178ccc6739ddc3df387fadef0e9c7f3c71,491eec92051c9d10f5eee7d8c7bbeb5a8ed05b230ada08e9e3ca0d1fd32799ec,Light-R1-SFTData-stage2-3k,855,train,3116,4
3117,449a9f77c8e4ff1a984854fdfcda5948dc97df4e2f5d6d05a671242d561c54f6,b81cafc0ed0370bd4818857815a1652acf03e3c66d6ede6984241283320444ca,Light-R1-SFTData-stage2-3k,4,train,3117,3
3118,4719ce8a573cc6f97963de8c3ec9a625f525139bacff2584a067f0b6245ae861,669c305d643a8663461ddd578892a5a39e108e02750dfb128c9ac06f0c374070,Light-R1-SFTData-stage2-3k,2508,train,3118,4
3119,2a4d1a9334b0234c8b24d5f690dc11f633fe3d83a5438ec9364b27a8b44719af,224a517948f7bbe75ba2d3cb99f3e89ffbcb94a82f65eaad3f22dc2ea4bf9482,Light-R1-SFTData-stage2-3k,1733,train,3119,4
3120,5fd446f442dafb24baf9ad595f5fb6e4d2f8c43284015e4424f4484fee1406cd,ef23b5ede3b1a19d4de5a745651b0e1d5f285686802556e0f5ad812891484f27,Light-R1-SFTData-stage2-3k,1498,train,3120,3
3121,2944baeaee850b3742c98fc4b5f819dd32619855a00a507dd71bca51715f9548,d328e8dcb4d5d53b2d92c628117fe9a619aaf72cd721c757681bfbde2ed3a1e5,Light-R1-SFTData-stage2-3k,3213,train,3121,4
3122,5d60b110de2613043e3cd1e31b1ce95750b8919a50bb1bff9f88cfbf0fe1fc37,1f5684fac9567f19f660e58c38ea0516329c83b7ef3f905846075a7d52613d36,Light-R1-SFTData-stage2-3k,1366,train,3122,4
3123,be1452e26b2e8b78e5061a085c44ca6cdfe69971861c7ea4acf80633f5395508,253761b842dcc3a6dd9dc2c98fdf8ab166d908fef1dde206f6f0e8392ba7faa7,Light-R1-SFTData-stage2-3k,3163,train,3123,3
3124,cea999eb11d2e2a93c7068fcb40f9d16b320a0319815b5c7c94d85e6ac294321,3f652d5d532646762314f25f5b0e85de23d2ae165d75d8e78c69efc2a57d4cae,Light-R1-SFTData-stage2-3k,1979,train,3124,4
3125,768a133831f342577fdff31f527a89b263bc5615dc40391fa1aacd85089baf29,c0d4eee7689d1996d8c911da83ff0bf7a79a597d2306cdf3530de100046885b9,Light-R1-SFTData-stage2-3k,3494,train,3125,3
3126,69e98798cfcd6b7f433adc7506abd3149f8a502ba13bd3f7169a57d46a1b71c4,cd35b15fb889e62f448a129c419c6337b0e79dd8c77e4aa7ff61d9110050942a,Light-R1-SFTData-stage2-3k,3365,train,3126,3
3127,29c358d6606fca6a3c4efc2aeaef1aac87bc1b72a4d31b6f301a2ed8c16ad22c,bd3e50e22026d56f87d37646afc5a014b99a902215112548a0c435e035c9b181,Light-R1-SFTData-stage2-3k,32,train,3127,4
3128,37e7d96d9d6fd2af5a97697a6848ea9bad1c83a4bb93f2f2394484917fb63b96,c7b34dbb39d248b8a9955cda7622fd94f30dd72b86071138e6da9b07113a853b,Light-R1-SFTData-stage2-3k,1262,train,3128,4
3129,32a01e17731b7bd568a233b6139e6fb839b3d75b41b14d795a73385048dea5f3,1b728241155c66cb7092a6461ad409865c69f65b8956944125827659a235b842,Light-R1-SFTData-stage2-3k,1835,train,3129,3
3130,a4841495e7001db51708e22d7a9d3ec06bc8b3bf5e7dfb7a18d93cbbc88660cd,c1af644aef4aaf46f7b987c565485083932d2c68ecc25b26946112f8d13abf6e,Light-R1-SFTData-stage2-3k,1349,train,3130,4
3131,2a2fa61725ab21cc9c0bf4ad6503836c95f0a592324aaccea93299411cb264ac,0af34838e5801936cb13351951c8423ebf7367c75c9b5bc221d8923552479381,Light-R1-SFTData-stage2-3k,1415,train,3131,4
3132,958915ad5cf72f4ac12a811fcbd429eb43ba231d71ed3bbde1a029c66c2d47a0,a0f6f91aa1a8a2293b5c6b2453afd5ecd592605251fe2d4b630365b07db94fbb,Light-R1-SFTData-stage2-3k,71,train,3132,3
3133,8d533bb672e93e0dc039956319747b415763c3fb0a9ef6148fd4c771a9ec736a,a1fe93898eb0f744e065ed1e1eb94f63044ad56d2fcf4ae986eb75e8b06343e2,Light-R1-SFTData-stage2-3k,1225,train,3133,3
3134,0a7c57a15a67d4f22ec571133075401b039b30eb5b43d78619f8d8deca29009f,13d3963083f12ac7ae93c652d10fadee3390adcb634e21f9dc802bbe1a16e9ee,Light-R1-SFTData-stage2-3k,1533,train,3134,3
3135,b080f2b18f663a8bb846ad7d8e3896caa46917fd5096043de62f65bb35c72c3f,0c993bc182f9a828bec69e7021503bf7fce96ba3a68bfa4c0ff6a80343f07f1b,Light-R1-SFTData-stage2-3k,3414,train,3135,4
3136,bec62c3315b1898950fde52fe01ebc88d525aa25bc9aa309fd2f055abe5a902b,70888ab618ab46f006eabba98b4884dc0c89a06e5e998060aea383507636230b,Light-R1-SFTData-stage2-3k,3265,train,3136,3
3137,feacee6e58fad7966a55ff1aee069c23609438acd6a68b86c579ede8f0693c12,9a6c27daf800886a8bae45fc906e5f578294b2efa84a819eefccd3a3b13302ee,Light-R1-SFTData-stage2-3k,3507,train,3137,3
3138,1bb4e531a6fd71b99d301bc8be49e9b36da92c36914415e6126786e89aaa9763,d2e505b81da7556cd4c4f973deba0e0c978e4c9c024f97d58a792dd96f2b545f,Light-R1-SFTData-stage2-3k,733,train,3138,3
3139,dda1574da59fc07b5ce8b506d2d1a79005ad436e9981e82336d009897f0b34a5,458672ae0e7ccf62183b379dd03b57d227911d262c38b3cbfa68295b1eefa45d,Light-R1-SFTData-stage2-3k,2816,train,3139,3
3140,b9d731f96c7213ba2ee63cb11ca860a2fe7b8cec76b1d36776bc1c0b8fcc7ca7,53a7e235f8e43c254220b5ba7b9dec6383a07536e768f513dc993279730ae38d,Light-R1-SFTData-stage2-3k,222,train,3140,3
3141,a71fac9daeaea6fa539d9287797756a009562443937714295660f3b5d4a38f35,7b57ccec2742180f8c5617c48eceeeeb8c414d82b5a6b44bd644edafd51acfec,Light-R1-SFTData-stage2-3k,2864,train,3141,4
3142,ea8d31cc4bcd4a87a21802c8428d5cf0c867fb1831662f31a770ec68db38c545,4652e3e4d8ad06bfe9ab5af6c6a1cd54d2ee18b8fe0455152dcc44f83a497357,Light-R1-SFTData-stage2-3k,699,train,3142,4
3143,3a229815ace8f2e8f7acb4395008cb7deae676acd3c258644a9448f24ace6e17,575a10ddade3f138c66806fede3ced873f9f559ad30253996dabf2d678b28711,Light-R1-SFTData-stage2-3k,1298,train,3143,4
3144,c14c15784686cb54a41aaf3737d79a8e126246b7545db9073220b1dcb3408cc7,20be3bc2c1e8e2763bbf029629cb6249d2346f0556fd6bd5b15771c54d882e28,Light-R1-SFTData-stage2-3k,1921,train,3144,3
3145,286dd5186f8fe284cbf8d458dfdaf690b4159f89eb22ba549408c77a2dc67095,8bcfcb0ed3c8cb13082b8891fa64d27a90d334e9879179c941b63846a9509e66,Light-R1-SFTData-stage2-3k,1144,train,3145,3
3146,d64dca12a0cab63c16e0047f59c155592041167ae48ab2f83e31673c155a3116,a52dd57b22c9fd76157531d0ef8e674f3e9098e198b332daa6d4bdbf59697b13,Light-R1-SFTData-stage2-3k,2474,train,3146,3
3147,0a00bf42a5d72bad3b45c303f143fe759f95e229e7c6c6affcf5f81b5a732b64,25989264b96fed9044ff13c8162e3236a39a37e4c9d7475177bacf6cd7c90b45,Light-R1-SFTData-stage2-3k,3160,train,3147,3
3148,326232b2593d85bf4d481397f4553a0979f769ffbb18d7808099428b0e7e190f,535e8a8e4a4ef3bd6ebf287bd5c4c506860a319d9200897ae3e0a5a5592987cb,Light-R1-SFTData-stage2-3k,3173,train,3148,4
3149,75192bab2a8003876b3c178fcec902f6da0e7859b5718362c477009f56617fe9,b0654f54bcd01e7919dbb8156d8fde044b2b2b9136415913d964211ec9f38884,Light-R1-SFTData-stage2-3k,1353,train,3149,4
3150,a9fa87fc6892d343743d8ac485c323a58b2394241edb0502d0dad7d8f8d21f5b,361acde0a46c15eccf7b2437ad2694f3dded628ad5b70cbd66d85f754c95050d,Light-R1-SFTData-stage2-3k,3476,train,3150,4
3151,2a13fe3cf9646d3752ca5d05a2205ca883342f112102ecff2d99074b45de9698,f9fa545c1b6ada8ffd7f870dae727edc5d1ce4763e8a7b851a354b11ddd6d2b2,Light-R1-SFTData-stage2-3k,769,train,3151,4
3152,e95a099e174f78466bfd44b59072c940ae1d97274571a56906278e3c536e52e2,452d7a2c95ec86f66757506395263b64a4dbbee4f0b05ab6bbc3334f8e383284,Light-R1-SFTData-stage2-3k,3030,train,3152,4
3153,74a044a4f331f73b7d63fa5a2a5e2624dcd663cf346e07e2cb1bcaa2bdc09fe2,5bd13cd54068919a1f30fc74886a34b9c71e0f7a61dc10a9cbd21d774d98f23b,Light-R1-SFTData-stage2-3k,3435,train,3153,4
3154,72f1e18802695e35876f3d8dd860ce91dc52833beaf0a705b071c930efdb7f91,e0851a39f2e4d4e68932a87881087638a72548c106ca177a110d1cb448b43bf7,Light-R1-SFTData-stage2-3k,275,train,3154,3
3155,d8ccdeb066efe3c52957d76724330e9a11040fc2464929aa66f6d7c1262f7079,09d344fe63c05d9804246913383add23fa7f1d90a98aa8fb9e4d8568e94acebe,Light-R1-SFTData-stage2-3k,2747,train,3155,3
3156,f12a205f884a74df99cf0aba641c6021ea30dacc0ce9c89cb4d85d1a74f5206a,3115d81e653542565f6745c1051234d27e8d8f954a6b7145a258243d3aa00670,Light-R1-SFTData-stage2-3k,1335,train,3156,4
3157,522db487fe99a5cca1a61b5bb0b75b63e6fa4eb660a686da5e2d8fe4f97dddc5,46bf9fad349644788aa451a5ac6266efa3e706f420740e03d2b0e2aa0edd1733,Light-R1-SFTData-stage2-3k,47,train,3157,3
3158,9b380490c76dd954c61f08843d8a0900b1cdc53bb75ab406792ce0cd47adc99c,6750c5403cf995228b2c7573dc98849c3fbb79e161eb925c58a44edf49416e49,Light-R1-SFTData-stage2-3k,82,train,3158,3
3159,1ab685335021982563ecf467eb01a89e0efcb3825101d0f26776d58abedd56cd,c52364f2ff846b9aea74b147c3c5fa369ec7e6efb480f1ff05e68e10d462be14,Light-R1-SFTData-stage2-3k,1799,train,3159,3
3160,f1e04cc20e45d9a97d337bb97e40b2d811606d2e3044c9be01a5c48eed4bce2c,8fdc0aaa021409d7091aa60dad5565ebca7cb6c0a6b195b330f5caaf3b11dea9,Light-R1-SFTData-stage2-3k,186,train,3160,4
3161,5d813551c278a2cd117e0db14fc9cda7cef97fc1cdaf2a88ddd8e5cac60c51b3,b9b1bb8d8111e37a3c5a2f2c02c88d7e10c12d7fbd4d4647d1863799cc565b4e,Light-R1-SFTData-stage2-3k,67,train,3161,4
3162,38bd251e850f60af09368a7a47dd32a4a1c9936a631191aaea75da6aa27b8496,8e68e9ae7e98e892a73b328dea908644e39088dfbb1b44bfc77922f30c18288d,Light-R1-SFTData-stage2-3k,1610,train,3162,4
3163,82a8fab52ecdda38285dce8cbf665501b5a7c5a032ccd1837d0f184fd6a17c79,eca0df7e4f9f8a6cf9646f4152a0409c76adb148ba421bd6fd9e76bf31530803,Light-R1-SFTData-stage2-3k,158,train,3163,4
3164,764d388600e5b115da85abb85a4f4766fbcbe1e33f4461f27deb40b78d5fa7aa,0ad1357b61e207d5af2124598f9f4749ed0f80548d87e1b0d88f2e558ac5f797,Light-R1-SFTData-stage2-3k,2511,train,3164,4
3165,dfa94cc057bae50832e6be0c4767c976fe61f1bfc8d5ff5af7fad9bcd4a8ac36,015fd06aa806fae6a78d795c085663ff9450e3f4c0cebab0bc34dfe96031cfe7,Light-R1-SFTData-stage2-3k,2149,train,3165,4
3166,61fb707fe5b5007da95db74164f843f422739b965fda88b47371877348cef4fb,b780072629bf1d5501f19af6b38cadfdeca8e4463528b62aaa2a97f9c13670f5,Light-R1-SFTData-stage2-3k,419,train,3166,4
3167,c86ca8a8dd2ec793a93769fba7faedec76137b0cf7d005b76c152cfcbd66bc15,c55ed969093fd93f420638230d8a9019a38080a5d72e0323afd6144a3f835f6e,Light-R1-SFTData-stage2-3k,2204,train,3167,3
3168,332512d8a74e059b9616f5f7c01034e5143ed67404c88190bbc9547e90614b46,109d6ddea6a605b5f58c2d65a0eaf113bef61b0db4478f840f551bc93025c642,Light-R1-SFTData-stage2-3k,694,train,3168,4
3169,d73d339ee4beb5f71ff0ec3f0b3758697c278d01abaf878875a95d5355542be3,40ae27aa5b0bc12d1064d587142156eae6960b70475f1daa7852b6164d0d998a,Light-R1-SFTData-stage2-3k,1170,train,3169,4
3170,1efbf685e6dc3bcc66c0981009e85755d1c176826b3742bee64c7d3e457605e2,a8944cef15d89d73fa1c0ed6cf639e71b7b9c325da426a4064ef4db5f3b34c4e,Light-R1-SFTData-stage2-3k,210,train,3170,4
3171,491c72b199ffff0b685efdca56d30c3cdaada8d4b50e3c5665541b2ada9a9f34,3f894988877fdee6e1acdffd313073b29080d0e31cbc380605ee8ee0ae0c5a9b,Light-R1-SFTData-stage2-3k,2418,train,3171,4
3172,60ceae82e92c12d96930defa4c6f90a6e08cc3decb5e3b245a40d312cf5e2f6e,d63166f7bbde7e691cde3c1b27efef26effe2fb6a02f7aa753cd2717ccd7307d,Light-R1-SFTData-stage2-3k,893,train,3172,4
3173,c8bc36bd4cc9afc8b91cbc466d4dcfb1142123d45b030be884e136da20c6a8f4,1f8fddfef03c778d89dcf11d0fd167e830db8affb502827e86857ae8f320a955,Light-R1-SFTData-stage2-3k,2448,train,3173,4
3174,d0b2b9e6ef2825839f6ab0641cb4cde9aec3b958c639ed01f7d8a1aa39513b1f,9a8cef702dc1549ffe3df6e910b9cc852e716d96a8ef85e669bd7793ce2f0cc3,Light-R1-SFTData-stage2-3k,109,train,3174,4
3175,61153412061f7db1758f892524f60dd1ab834d30472a6845f31ea0eff7f6e634,5d2fe4f8a3d564e8e105cfbdd673fa5fed1a97a7b581a520a0b479f29709b31f,Light-R1-SFTData-stage2-3k,3079,train,3175,3
3176,d69d1f9de27a2f24a951903f01926ff9dd973293fa81a99c766461ad0ff1b822,dd152613e4e2ee55181aafffe3e5318ef9bfa3fa0e8620c16f916198f5727155,Light-R1-SFTData-stage2-3k,1569,train,3176,4
3177,0b2c617d0491ead2e6514c140aa7301dd94ee9d1a078694ccee1ee74dfa24572,56d57fa335ca46c64770460b23e091e12b3bd9612f3cf8a45609008d4acb8d2d,Light-R1-SFTData-stage2-3k,1739,train,3177,4
3178,8d8ba20b0d8210bcf06c9a257d2b873ae03c1d3b8780218e757f83572045db2b,4a6c19ce0effa2b83a404b1ef3042d1360a6df7c8e417c76567ee38bc06e8cdc,Light-R1-SFTData-stage2-3k,134,train,3178,4
3179,3ddc6e282a39253f27761b295757f36f91429da5be35cecd7edbb6ea18db783c,199dd0ae47c9a8b861606e05ab6b2830baaac5745f9fb7f2fd4ecf29c8ed865c,Light-R1-SFTData-stage2-3k,567,train,3179,3
3180,b32a873dc273e2017fde0369788af67c2aae9c98e28a18b0e102e2533b5e0dc1,c4a9b99793255e3bb7baf2eca4a04b9bca6a09cacad10fc70d9f58fc03bea724,Light-R1-SFTData-stage2-3k,953,train,3180,3
3181,c68bdecf4cfc9aa40b9465eba146e9dc3bba05b33d8b639e7808de773f672b0e,b15b2c3d06b4cf13f739823c25eaa9a4994d244a3d5429a15472bed96eeff4d1,Light-R1-SFTData-stage2-3k,2606,train,3181,4
3182,a40ea198c4d74dd6dcfd80601efa191ac5ba25f9958ccea14090782596dc08c1,40db017e3c63f8a23656a6a927a701057f00bafd2577fad6c3953fb8087a02db,Light-R1-SFTData-stage2-3k,1360,train,3182,4
3183,5c6204834abd7aec59ea14173512b1d5a2d4ecac161f9199bc43621485443b4d,98e2cb5b3aba0659b86834187c62f9fbb544f4b3a4a41b3887b11b8f39370244,Light-R1-SFTData-stage2-3k,2928,train,3183,3
3184,0a75c2361dae615ffc81d16301aa9423cd900542704753edf91d1dc149df5098,5e6a399b0f4ad5bfa2dd0d7672fb0495d5e69fd587af7ced2783d10f8edecb2e,Light-R1-SFTData-stage2-3k,985,train,3184,4
3185,6a70a7671f3c59a2e519e662be94b239f2a6c95e3617a138cfbd80bfb312eab3,efa951abbb0af566daaaaa41cccf2d0c9838871ac69eb5481c507aedb62a4c2d,Light-R1-SFTData-stage2-3k,2677,train,3185,4
3186,777c3721e43af8bf44bffcec456fa14de29f4bb592ec590f8bbd16e462b601bd,a851977fcb30797490abc963013a8f7f47d17f74b02f078f6ff2d87284e056ba,Light-R1-SFTData-stage2-3k,1696,train,3186,4
3187,cea8ff074a7bfa30eb61b65519670c832b6a6e7f303c12a8cdba69ad9f67f229,8248b43bc88b873e0369fa561826d234d02b3a58a7f3eb4a6b8ea2e02999fbac,Light-R1-SFTData-stage2-3k,423,train,3187,3
3188,c859edcc9ae96b0fc8bb97ce0971a630bec63acbabc46a945634ab4cd49c75c8,a1d03367dd68306ae8f978b39d6e576db77c018771c927d23a8a5ed27ffad08e,Light-R1-SFTData-stage2-3k,3182,train,3188,3
3189,33fdadbd9ac5e31ce03ebf8cff4829789828a6566568d46ed96bed2b5472f2ba,c118aeb8df5248219cded5ef650ac612976f6ab191c57c352be8548f21b378b4,Light-R1-SFTData-stage2-3k,90,train,3189,3
3190,096d00d2be9408a895be02928c6c46b33605ed3e7de8356f27719179b32a99f8,a27d8939f4df56270fdc2ca1db88cde70965647938e84680420d8707ba6a5122,Light-R1-SFTData-stage2-3k,3387,train,3190,4
3191,dcc1497820fd27b9a3f37b37a436b2f589e38b75cb04d7995ab8ff258e252d21,43ab7492bbd2e6fe56dccf4ac6e7960df7b010e2b42c893d0635c09841ddad55,Light-R1-SFTData-stage2-3k,3239,train,3191,3
3192,47544aa06c86664956c0de41290396cdd24e6218241a780a8af328c129e544c5,29fafe0fc979aed4839b707c1efc8bf46f9069a690888affa0df0bca69543e80,Light-R1-SFTData-stage2-3k,1672,train,3192,3
3193,b7ecb9f993c7052c1fb186f7a2813101a02c851612d4e1fd5faa27140525fb5c,a190a0549c0402eb708a8d7460eb52a9e98c26515e230fbcea8f8cecebeddcd1,Light-R1-SFTData-stage2-3k,2099,train,3193,3
3194,51b55e841327e1ef37019ecf912bfd6826fa79f2fe18d650193cdf46a7f7dcc6,ce6758ba3c831fc5041b87b42fd50fa2c8b1bb8dbe31a11cf075887333622808,Light-R1-SFTData-stage2-3k,1243,train,3194,4
3195,a95b7a5edf25f4b46710a17ef131b5ae5fdc1b79c0262ce6d653dafc3b32d3d1,f6116a3e0157122a00822565acfe3d4077c69dd992db9d42bd46c472fc5c92cb,Light-R1-SFTData-stage2-3k,442,train,3195,3
3196,dd57c3714b4a37cfd46f4117a0d905ed56cf9bf3d07b80a508ecbbca097b652a,941b768098161654921b1e06a376154d634657ad8566025ffe2a4fdb8ae4746d,Light-R1-SFTData-stage2-3k,1290,train,3196,3
3197,ae416929b514a7b4e08f1ea6a0bf7ced38559a0155870ea10ad3efb85e0f509a,77f04da92bcfa107452973a5061ac6e9ccd750f4a56a2afe68f45b1f3bb6a860,Light-R1-SFTData-stage2-3k,3050,train,3197,4
3198,b0ca533ef47ad7747f65715505b748beea8c914918d7b987c0921a7434012518,0a6fdcea54a851c3b870343f943226aa5fefd0714f9473492033adec40920409,Light-R1-SFTData-stage2-3k,1853,train,3198,4
3199,1ec8e170fd40c3ffd23a0a31c2106238e5fd25c2bf4fe64a6a126760462f7883,e538bbd1bdd10ba449c80b269fd71a4a507d0d2539f204c8120bc6a8368cc628,Light-R1-SFTData-stage2-3k,1390,train,3199,3
3200,44fc90f08e5c392db77db345ce931228b6c29c1b363ec8af7266a9b8ae4f01e7,a2f60b07c393fd037c2e7b0329a198b40e138a63978e824a1a07ed3af4fa4531,Light-R1-SFTData-stage2-3k,33,train,3200,4
3201,87f6eb73a55d31b3d9f4a064ca7ad1c03b0332f652551e81be55f03966f7d741,b47c997b1a7b37f6d38b46a8f9bb8c454c406c66c8636861b04fbf0dd7f1bf7a,Light-R1-SFTData-stage2-3k,1423,train,3201,3
3202,2f7b5d495a475c894ac9e3a7286de6127792be71acffca45272fea98605bcb48,017cfbdda726ebf0a0ba38c5413852c39c26680a63397cd46652065b7c05a4de,Light-R1-SFTData-stage2-3k,0,train,3202,3
3203,f331f5c7c461de259f6291b1c345eb94a4c41926e34b0e66daddf6d767e12e8e,5334f72d8a091b51eb680cacbc73e8b9677b7c9a174615bc68dfc556d00cdb26,Light-R1-SFTData-stage2-3k,2005,train,3203,3
3204,5d86597ff09167511e191b859e9293bbed79128ffa83ada2e28070d66f8f75e7,61850c3bd199cb2d10bf6af2276b0cb1ecadea224347e5ed98bde4b82e0ea28f,Light-R1-SFTData-stage2-3k,3374,train,3204,4
3205,b82ba2f3292bdb00101db9e9cbc351e061eed6f93d818d1dd2565cdff8098521,dbc6b8584bdbc47ec09ef21963c3e3493bc8fd1d7df7e47599ed40f1724f2d0e,Light-R1-SFTData-stage2-3k,1687,train,3205,4
3206,7c90856756e9375b9e0b9baf4a4bd61955cffcbab127e2c90e7db564ebdfe733,e426d041587d1de906ca45389b4b0cf382c079ca265bfca329bab10a413c7bb4,Light-R1-SFTData-stage2-3k,3370,train,3206,4
3207,0d28bb19440af88fa4ac5d2eb2e1cba0049cd48a40abaf9b0a866dd069180a79,997affbb552e871bbdf6eec019f1c89d85df61d00433dc548572fcb8272c8ece,Light-R1-SFTData-stage2-3k,810,train,3207,4
3208,a093d344c49b212c4b8d9543d62121df66965c574b670ee82b5e273521071591,86c999ad16617be15a10b8d26bcdf3067aa7b683646dd224218d0edee0fe22be,Light-R1-SFTData-stage2-3k,2020,train,3208,3
3209,f5eb15ed2eb7d344a2784429f291ae2354019fdbfe7ec389322f9fb0254ab900,da5a4b5bf74d05017770cd557901328b9c92a96c4abe2431b4b94691e1a4c9df,Light-R1-SFTData-stage2-3k,2062,train,3209,4
3210,b17f0f802ca4555ba8314e39e53fa4f28ef4c23cc75206c223b4770023e7c515,c137c77b55dc1c8a5ac7c27d70660b5b561ed28ec7a5de882c99fbc1cdabbde1,Light-R1-SFTData-stage2-3k,529,train,3210,4
3211,a833c62342a1d82fdcf19897de4595980edd830c8091f303fca8f438720ee715,4c6726198d2c7f3f086f9d3f3b9c62b9cd6cfd2f357fdf21a188a9c10861f42e,Light-R1-SFTData-stage2-3k,2856,train,3211,4
3212,4ff4466fd0e43d7b15076b984f3e2caf6e35f75dd24aa1ee95ef5754b74826b8,20300ecbcddb76832fda2a1fc10150ab8c531ea8201b0e66019cb3271f473e99,Light-R1-SFTData-stage2-3k,2463,train,3212,4
3213,f733893cbdc09959ce5515c9c856d06788e784ea61964dc6148bd2e554d8131d,d61746139512f0781f9334f1f38bb84e7472f5bfb66cbe51f2214998c691af1b,Light-R1-SFTData-stage2-3k,1547,train,3213,4
3214,1b986af07ea0dcc273afef9fe699bd488aace48a0bd24e83c39ee600a9532312,47ec7d51399ead31b3508bfb581218adc3402337446e85a90e976e4c946f4c99,Light-R1-SFTData-stage2-3k,267,train,3214,3
3215,ebd6d6fd7a275b115cd8663a658ae639b98a7bd0a8d9b2c0b5859e990a44ca85,fd442b2a04ce0aa172c21f9047eb94a728b1141fa390ca4d89fe97dfa0eb9a44,Light-R1-SFTData-stage2-3k,2051,train,3215,4
3216,311fc9809882fbcb23e15a527c39fa3b037399936c1ad93c07c4fb70d923461b,c5ca5fd0d91166def37a566ca1d6f3746d676d4be663d51f6dc6bb512a755224,Light-R1-SFTData-stage2-3k,993,train,3216,4
3217,35cfc0b3cd7909ce7ef75272082e4cd14db3b55be2b5348cb042f794d91d009f,2b8540501dfda05cd0b2e97740e8d7ae2e3372450006e6b2dcc4fa81a08be8e8,Light-R1-SFTData-stage2-3k,3404,train,3217,4
3218,e0b9852609fba89e16e6569b0ade2ba9b3749d9931382711ab9fa112632f8d04,08e579a364a04969675a826ea78aaf13f37199efdb4311162845710dbebcac70,Light-R1-SFTData-stage2-3k,188,train,3218,4
3219,6d8ab85333cfd468ba425428c2dd293b4e3a2bede4dec66a24d83595424a1ad9,6b52580d3e89beceb6e22f922e8fa2b8325db3b64e26ccefc3ca207c77562483,Light-R1-SFTData-stage2-3k,1579,train,3219,4
3220,cffd4372c4ce4b86bf6995655e855c0326aa3453eb0b71ae11ebd85057102e15,8b5274582d7e6049de436f9fba25d22c10296a8b63918b1f0a5ce7695e5e5b53,Light-R1-SFTData-stage2-3k,262,train,3220,3
3221,4308352ce7683fe15ceac4b0b9e4b8f34a11dd4ac2abde46167a47d88d270002,be7c2f40995631f23888fb51152eea04b469e6a393c3230a1f5a6aa8d2cc56d5,Light-R1-SFTData-stage2-3k,1661,train,3221,4
3222,5a790c832d296db6b8d5d195f3a80ba3ebdc280aa75d180dfe5ba25aab8d7976,7a930215166aa818f0838a0c10d965d1e61f18f5a67d2c9afafd48dd3dda20e4,Light-R1-SFTData-stage2-3k,3369,train,3222,3
3223,e177f86281d45dc9a9f0d110595aa244c232f59ffd3086bb76a809f2cb7e7d01,08e38182522d600f8801588452ce8862de88eb559bf84a49224da55f00e21d08,Light-R1-SFTData-stage2-3k,2125,train,3223,3
3224,3d468eab8eba27c005fdbb34da24e3e676f2c1d9f6ce1846f338170a870b0f92,1770e120478d7093aa9db8e8e712af1654fc7575e4d6b64d67e371d7869d17b6,Light-R1-SFTData-stage2-3k,1363,train,3224,3
3225,82dd6bc6a2415d3ccdff88bb9712d353effb005446d1a48edb47e0d13d0583b3,ac983cace525de63eb9db81da977fedd4d143fbf1a98b9374dc9b402987a39bd,Light-R1-SFTData-stage2-3k,1601,train,3225,4
3226,4459bb1fec30970dab39861f90b085ac6347b5674b7f9c07bbf8f17260bbd025,e900fb2e1a3aa5e510f9922bddcf0ac189c3b615b824e5686ce2046108642af5,Light-R1-SFTData-stage2-3k,1178,train,3226,4
3227,392d419cc9b513261f677419a7a33f2d0fac3aeded4c697c18207bbc27e49339,7f5dd49652ec48ee0a646150908df16aa978065e365f80670704f6839f1dfac1,Light-R1-SFTData-stage2-3k,1289,train,3227,3
3228,12d62b239fe1b419758e70dec311fb0fb9a353a53e051ff03d711501faf59b5e,fb7bbc5e33bd10e62747dd968f05f7708a8dc4f9f5756aa0ad702a808d3553f7,Light-R1-SFTData-stage2-3k,595,train,3228,4
3229,0d29ba90a0b54e9533af2cdb5e99f7e8b5741d8b83cb13a2fa815ebbac9c0d81,897299a5aab39f6301a22583aa9b8f88567ac54c17b50a42f951dfe97f2f9c64,Light-R1-SFTData-stage2-3k,2717,train,3229,4
3230,16bcf16fe65c7a669e5c025a811750626a2752d73be36e43b66203163257a6ac,3a4917bd977a19fdd1d43e3e0112edcff793c2e52117e01afebecb4b1e89f598,Light-R1-SFTData-stage2-3k,2642,train,3230,4
3231,c185ff9620d03e0da9bdb0ae6efd6bab90617f7f4de044589330aa6f62da961c,83d485984f88e746393c2e91f9fa8a89b826418e295b6d90c72f552d072862c6,Light-R1-SFTData-stage2-3k,3354,train,3231,4
3232,e2dd7ee6ea3e8f24a25a5a0b496f58ac3f5018c145194688dea77e3124f6dde2,68216879aa7605f0ad960307d810e88c082edc005f0b8437b2a4d60acbcfecd7,Light-R1-SFTData-stage2-3k,1096,train,3232,4
3233,842eb2fb0ea0c818e01a8a9aa8ff3c99e3fc94e3bd7d0163d8f3f977ab02d174,857a19ebefb8c5360b2a3018b236445403586e5dc431c8d6c5ed62695f045b32,Light-R1-SFTData-stage2-3k,917,train,3233,4
3234,412934ba25062146a62ba0ee3f996aef21e09cea09b0c5b5b2fbcfa7a871f8bf,4525752df9a7877fa58a62ebfce619372c0d2d17c0d58e8a8d75ed599d4614af,Light-R1-SFTData-stage2-3k,2332,train,3234,4
3235,a66acb04ef31812180b7391d95cac8d8d9f7422aea8df373e589cbe25a8487fe,104786f735cdf2cb185507d8fc40e3565b1feb116bac5169a38f0622bef90459,Light-R1-SFTData-stage2-3k,1065,train,3235,4
3236,321f2539d03fd310d062c03f79473d958141e8a6378afa3f54c99a55868ec2eb,37cd443f0a84b7f392be7e9142806f7ce3f7fa623fd9b2d09f047e251025246f,Light-R1-SFTData-stage2-3k,2351,train,3236,4
3237,622501d0e5957e28d03c32d76d34ccd214c18556aef01594eadc65e1dd6f878c,cf26dce9822d3428a37acf5b7b6db852e759f15aee4790848e101a1caf0ddfe5,Light-R1-SFTData-stage2-3k,670,train,3237,3
3238,3ca55709c716a003bea6b7a7ebbdb6b7db2d5c5151d3132f90eeda48ef3df276,21d581ce5083c9f1c962d34f3882789bf4570a95dd205092de62a124e9e5219e,Light-R1-SFTData-stage2-3k,465,train,3238,4
3239,ded253f871a51f19b6cbb59d99e4c3f77676b24098d6e95ced6e73f22814d59d,9ded08872a93c4e8a30a63a6e3d57e5bec2eeb684a1a5fd5dc2e374da1827015,Light-R1-SFTData-stage2-3k,531,train,3239,4
3240,c498e72e7f72971d60275e41bd7865d53a35d141f350ea73f6ccdfd65db05d15,1c67fd3cd237eebd93c2b452ad7c73c1e53f2d33108c21978fae7ed327f19d63,Light-R1-SFTData-stage2-3k,7,train,3240,4
3241,e563838599cdf14afbdfea0316e913101670e4c3cac202967df62b99fefc1357,2949ab1ef45133bd9508b46fbf4e30b096e3fe4567e5712304aec6039a47cd7e,Light-R1-SFTData-stage2-3k,2569,train,3241,4
3242,56cdcdc6c3a7214740888f1a7fa876c6b770d1c97e2b681eed560894de2ebba6,edd50d94470dd73faefb0578720f6806bf435ace002849dfb20a7835536365d2,Light-R1-SFTData-stage2-3k,3147,train,3242,3
3243,cec6eb9a1329a26f0f9d309ac7353a654658e0179a7f94d5b6a322b53426f385,43dbeba7067b39902e990931c5236d7622b9f2937ad4b86ff3ad461142978e35,Light-R1-SFTData-stage2-3k,1604,train,3243,4
3244,675b5757f8012e33b21637e3633ec4b34192d381f4a93dd249bd66c767fe13da,7eaed2c17ceb7f7417c7f64fbd2891d8aacd39cf3b49eda7c16f545a3810110e,Light-R1-SFTData-stage2-3k,1697,train,3244,4
3245,f16cfbab36b7688c03bc8beb983a08fe5f0ec355d33f5e77a69cdbb58406a6fa,510b8e963bf954af9d3c70fc7f97c44bfd0a66279bac4388e9d3669faba42895,Light-R1-SFTData-stage2-3k,1693,train,3245,4
3246,4b55924d05f42eb7ca86c0871c69628278eea6b09d7d41f9959f9daea8ad679b,08f6733b429817ef07b45f2fe55ade4ffd78585bc0467f9d7edd37097bb1a43f,Light-R1-SFTData-stage2-3k,1868,train,3246,4
3247,d1682542dd3cb1287ed49996d5b2607c94e280038ccbef4a2fdd7a0f8287f34b,839fbe6e9b97c5d2634100e109504c101ad5e79513bc04eaeb9344e6a57c3e90,Light-R1-SFTData-stage2-3k,3504,train,3247,4
3248,3a42c536dafc63ddac57f84ac904ece00593b21dfd7e582ddb2bdc07844c863f,f78c9f43ed78e4984019bbddf2718146f44cbcff97478a536966a225f2d6c364,Light-R1-SFTData-stage2-3k,1111,train,3248,4
3249,a89f313811b2b621cf1c40413660315675806aabb08fd286ff90d77f7dceefe9,a3ebaddf17278bfb023f6973c53f0f75b5f435ac49d1ed8a0edcdd5ec7fad166,Light-R1-SFTData-stage2-3k,2714,train,3249,3
3250,ed5082d4c6e9c2d60df2a7fea68659f14e29e1c1170393a250593fb6387c95b5,40bf2b249a0956c82ea34ed81c804b3c13eaef700b00e83f5eec08b38a814aea,Light-R1-SFTData-stage2-3k,2887,train,3250,4
3251,bb3a3be56a92d6594899b5d8c9319c2b108793f1c9d8ad900eb4722e9034aa2b,d3af72d36a295baa78b3f9652bbcc01f90f11a9bce06371c89ccb57990fabb6b,Light-R1-SFTData-stage2-3k,2862,train,3251,4
3252,25ac23a60f5df6e8ad4aa3881dde6d77835b4f84b665c03eced02cb9fbab79e4,ac0b354af4c0d8b689e2101caf8d945c47cd4c7d3c69dc0a28064b009f1cec26,Light-R1-SFTData-stage2-3k,183,train,3252,3
3253,085115b22c6d18d630e8327c182b8195c5dbe0e58886b37983bb1073f861c7d5,ee468039942ddf99d8b1ca8f7c0100af8825caf678b92e2775950cb18ebcf527,Light-R1-SFTData-stage2-3k,1399,train,3253,4
3254,a0bdaba48af6cbfe2d60e43c1fe85bb5e4586ed4569e51f30ab8e91c148c4bf9,6c9a734d96ce45360fdfe5e6dc8fb385e31b2b1f372258e51fe24d5292c1c5bc,Light-R1-SFTData-stage2-3k,1372,train,3254,3
3255,c64a009fb81ac338e68752706f70ac24d2a8b936ea073a7742adbc29011e3933,e00e9e9d7c2ec7b1c4996be8edc8aa5a451f39bd6fb815ace7c8ec8787998729,Light-R1-SFTData-stage2-3k,2964,train,3255,4
3256,cb088cbbd08e7ccf80a5cfa934d4f6db781a2b6910698cd6f93818183d56595b,673a47bcec8820434ff125caa153ca74e56fbcf32739df5ddad06d6f05ff3d87,Light-R1-SFTData-stage2-3k,305,train,3256,4
3257,1357bbc288b8fec9e02f45a807c14cc215c011c45a5fb1bca813926f2b1bcff6,5b7bd809a688290e0cb0b9df353c09238a6af65af382785aed1e5c530107988f,Light-R1-SFTData-stage2-3k,1784,train,3257,3
3258,40c7f068f79090474abd9b1cb068bc4f235a6e00e97001687d6a915e6f9db5d2,5eb2b6a6ab7b2c12e90cc0fbdd933254c9e423733f1cd691256cc8b7c067b3a2,Light-R1-SFTData-stage2-3k,368,train,3258,4
3259,ba2a1d9bb87551ceb90b2bee2ad142c5ff48675ae4cecf98cb866b9825b52cb6,1932f30f34724b6181422793473c7830de26a3e669978d6dea2b133f4241f9f5,Light-R1-SFTData-stage2-3k,214,train,3259,3
3260,9f54c589fb2b7d77dcf1775d9d29a54ea2ec64d9ccf5d259598a9bae4a1653a3,391fde9d37a057ed1cec4bf8c8736b2960438cda3c0b287c91bf37e356eab097,Light-R1-SFTData-stage2-3k,1914,train,3260,4
3261,afbad25fd61e91b80b25f8be30871acd06f6c07ae7460b0a3d51eee5314ce299,5da414265ce4a722a45ffe7d9d0d619f852c412ed3b5e29ecb698b7ccd9d66ff,Light-R1-SFTData-stage2-3k,1201,train,3261,4
3262,3ecaa8ea2c55d3672fd4d8816bc9ee1d51cfde6771143beef414f2da5ad21a1b,6feff711c32cbce56bf4eced1a4edc010362bab463fdb8da951c1da9474aa7b3,Light-R1-SFTData-stage2-3k,1711,train,3262,4
3263,b6fc9ae9583bb4a6aa16721025abf7ae48111bf9e6dbcb0e8cce67b2d67a0b68,2b6793e9247bf1d3b4e94dfad9a9aa28fac76576dfcf895674ffda033e26ed9c,Light-R1-SFTData-stage2-3k,3211,train,3263,3
3264,5865ead496069c2d55f3cd621c6d6bf3aa465760dc1185ab1085a3b4dabc0752,fabea2e1b24e8268fe3ccab990d67af3f0b0a0a4bc8ceaa40ac73df730d7e6c5,Light-R1-SFTData-stage2-3k,1082,train,3264,3
3265,da5c2a7001a67d039347029f5484b92e11d1dfb0866e617cae266ed81105c40d,426a5e5d04ba799bbef59c504b112ad614dd2d60049dd56427d84149246b0c54,Light-R1-SFTData-stage2-3k,688,train,3265,4
3266,e91410f8169ee04ac3adb1f7f8d596e2852c2445918cb58c7e0cadc57e4f0ca1,8d5eaea3405af4fa10a32c1df32dfb0837a0651677c83092a7d3b612142caac5,Light-R1-SFTData-stage2-3k,1088,train,3266,4
3267,b09965f1c74dbba32e611071887760b4c8099bb1891d746577d82fad5b4267ce,acefec9746603cae9bfb8384ae507aef15b2fb193b58739d09beecd0ad7ed30e,Light-R1-SFTData-stage2-3k,431,train,3267,4
3268,fa5a0166ff333eefe4e0a5d4dfe3aeec0a5e2b73ea871ef7ee7964d2731716e5,510c7a38b01d595acee2811b710a69de692f0806a70dca117c457c4ce0107041,Light-R1-SFTData-stage2-3k,1048,train,3268,4
3269,95529e4f640ca9151be542490439c322a5b189e719f792c0f7fb7373bd8ffc6e,7e753ad5a290c10edb16b0aaeb07fe898693bc5255c7b064d2e4f39066ba0b15,Light-R1-SFTData-stage2-3k,2289,train,3269,4
3270,ea13787b9c290853ebd48e4e2d44aab23d7c9775cd06c88b83b7e7188a2ebcf0,938923f94077a3ca5187e75c323caed80a0003f4508debf358a1aa9491158d64,Light-R1-SFTData-stage2-3k,2922,train,3270,3
3271,01186d7041813db7f3afd4be3964124979edca57b6159947643b66e874fd0316,ec00c42d72dfafd74e75d3ff81f1c5395e41ace5bffcbd01ec0d9a06492162f8,Light-R1-SFTData-stage2-3k,3143,train,3271,4
3272,b847ce8cbc257a194ebda95515b20e0522e0d155391a4f0e723a3f707fc70a3e,0c038b02c91ae613789a976a7df9b9618b7a46fcfb2c2b018f584f4896befb90,Light-R1-SFTData-stage2-3k,1250,train,3272,4
3273,6795bad6d3e1a974fc8a6ec24a66f13679213c77093615175ee9ab17208cbdf9,8b8d841dbcc5d7e2944c761697e8c3368ca8c64735c4657f80655c260e6dcda6,Light-R1-SFTData-stage2-3k,2490,train,3273,3
3274,1509b83dc11cbf94204e8e4779479f6e229b6cac447b29894bf60e2aea19f87e,318c4b7cb54ede6542f4843ee5981636031f1c5a860e721a78e814e88a918bfc,Light-R1-SFTData-stage2-3k,3026,train,3274,4
3275,6eedf03b7b4f7019cbd3c00c1aa081e60c0db965e8c9f4e5949e49f4130a1629,f4f972c044a386c81348a8e1d5f5fcd1b6dc502ac3f69ca439e9c74423d7550f,Light-R1-SFTData-stage2-3k,3257,train,3275,3
3276,c196810d42dc0b43eea87746da1aa0f3617e3e9bd8e7acce8584b5ef1b70b76a,fd0f44fea102acacdc82978482565a6392ad8679e49a5012c134012268ed8281,Light-R1-SFTData-stage2-3k,2446,train,3276,4
3277,3ee56dac20dbd259fcf138abae8a73e4c005a76dfef3708e2bee02a4287a1e18,a4eb614739e174e391d4a1f679f387b1c9a58de14b7ae126e42bdb27d7ba17dd,Light-R1-SFTData-stage2-3k,2248,train,3277,4
3278,119431f282b4e5865dbc035a0706dd70b7f95a15ddde49cdb3da9d83f635729b,dc0bdd639d5989e266fc8721a7943ce29920d743ab17a0f810d3b3e8d27d0b69,Light-R1-SFTData-stage2-3k,703,train,3278,3
3279,bca375149702f6a185da8bd50330e8778ec05ea58d623b8786f490babb5c3aa0,2435f73e45541b6a55b0ac95b0676101cb4276a1aa8388623a9f657dbbcc4838,Light-R1-SFTData-stage2-3k,2865,train,3279,4
3280,253029cbe0fa9b85bf2c3b64c9ef35e5e8fb7113d90fa5fb4cd1cdc4425a8645,1f18d1951638ba409684bc0b27643e259ba04ce0a2c00b38217a0a9359b5052d,Light-R1-SFTData-stage2-3k,519,train,3280,3
3281,2358e649a34d44a9047c4efa18fa0443a005db69f001e97a88f0209e16ee0d6f,42d785262d6ef87e14d03c8707ac87735aff1c52d11242ca3ebfac90ed5b87bf,Light-R1-SFTData-stage2-3k,2734,train,3281,4
3282,fbabb769aafbdbd3ce7165c49965967bcd1e9f8730203d897b810ddcaeb51d37,17cdf7d7e062bf97696bbb43ece1381dbcfcbbd3196067245e5a9ae466145508,Light-R1-SFTData-stage2-3k,2054,train,3282,3
3283,377f46ac181125778bba401bd27220e3bcc680868d841656b94eba818312717f,1cc4dbae5711da2c96d29739ee125be8b9e69e1fd17cfb3723dba90f955eb603,Light-R1-SFTData-stage2-3k,512,train,3283,4
3284,bd6c8a00622efc1ac1f3d2df4df42c727d969e467c26cb08bb4222fa806a28a9,c66dec96f7fdfdd11d1a199e9507a715894f2642afcf8163124241d3ad7dd0fa,Light-R1-SFTData-stage2-3k,2119,train,3284,4
3285,4cdda8d6a3fedb392768a9cb80d6c544b5da83efc2fdd69e94b1d07a95665ec3,7ce78568629e316666d466c3ceaf299de78b06bb6be06588de6e4bf14e69f209,Light-R1-SFTData-stage2-3k,2470,train,3285,3
3286,176c11a55c3ca775387972d681b8b599da99fc5a10cfb3a0177ea549420b6c79,fe79e9b507c302e9032ddb2f84ff5f36a257a971b8c510bc0fe30e68711fe66d,Light-R1-SFTData-stage2-3k,2818,train,3286,4
3287,b14cd328f31cc64c8c6be5c26ac1da82dcaab696b16cca5bc3f043ca60c1347b,d2dd052ef263f0f63cf91706a71276143122b9d06bbf38d5196a39bb2562e80e,Light-R1-SFTData-stage2-3k,2047,train,3287,4
3288,0868494ec26c70852c09669feefbc8e8fd503c08aa5353d799d188f287e64fe4,d020aea409929309da8d6dec1fe332307d4fff8e4306aafacd72e2a1a87b4f16,Light-R1-SFTData-stage2-3k,1453,train,3288,4
3289,b0deb4df99dd12abdc54e23f1f37b1e2e915402ec9098640b760fa788bff71b0,1ae986971cb59d9921508a8ea57009d1e60972740e5ef6b0e0302db5192a6ddf,Light-R1-SFTData-stage2-3k,1407,train,3289,4
3290,aeadb3247fe883d21b86ac663862b087e36ffbec4f5b82afea8453586c959825,be7c7911fd8e4bb81ddd2785795171f2159cc2938f02f8d54c1cbb796cf2bf06,Light-R1-SFTData-stage2-3k,631,train,3290,3
3291,a3be155e53911849200167b494c9b0e5545daa022ce30f48eaee0339b2773bfb,479dc31a5eedf7ac7b42d4b8cda0caae5cd758d3e642359eaf099adfe1b3551b,Light-R1-SFTData-stage2-3k,3520,train,3291,4
3292,08fb444514d12dca66127f82f1877048759f91758f111d22869fdc38c862f7b8,5fc008e4d14e05180ec9794b394d94538d7312b3295df4e2d8947c420b62e04c,Light-R1-SFTData-stage2-3k,1765,train,3292,4
3293,2ad699483e787eb5d7456ad1df09e2050d399bfa2401320a9cacb4b4145ee93a,2adcb214d27d8abad2caa74b972b2d1e66464168f0b318bfdfbfc63398b07e47,Light-R1-SFTData-stage2-3k,217,train,3293,4
3294,e52a0fab6df79b30174163e635f25172db44c34cb10ce7096818ba5c99e7a3cd,7529c30824fe83d4145a2a66b8cad03a21677d1549e66ee92b44bc25da621d99,Light-R1-SFTData-stage2-3k,397,train,3294,4
3295,aa0c4ba985097161be169c6f96a49539552a78d405b2ad2d852a5183c462b451,199aec71d7bce2f52879e579ef3c9ed05e2983408404139eb433b419be6c064f,Light-R1-SFTData-stage2-3k,240,train,3295,4
3296,5f3c66473eebf40afe67fdfb6327cd1ce912e332d69098c6f72a8bf779b36047,a67d3ca2231fd968a27f154a15388391293bb92b195904f525d11102026a5bbc,Light-R1-SFTData-stage2-3k,1943,train,3296,3
3297,6ed79984059fbef01dab86f29b56f6f375b4e95c2c1e9c57188c839458b6fdbd,1b0ed277bcd8e0773149636121770dc9007c13a09a56bf40d2e6b4ede4a1c64a,Light-R1-SFTData-stage2-3k,1085,train,3297,4
3298,0e611cd467ea70c9b3caa88b3ccbd91151c468bc6d18c865a5c1c0a17830f4ec,feff13eace844aacd05a63eaedcdb04d2e0b0f0d18439514726e7c1395f89a84,Light-R1-SFTData-stage2-3k,2039,train,3298,4
3299,07499f55d3a934573f654ce533b65b505c4fb01da5bbfcd8e2192a5798ec4876,9edc1c910e58d93e92a609f3e1d1d584499715524575218442825a83161d8590,Light-R1-SFTData-stage2-3k,2484,train,3299,3
3300,f1a296bbc6bbb5d2bd92a66aca600d05fb9014578466a969a0a078d742b51a2d,91a86f2c74ab910d66fb21b58313845d14636e676afada7412921b4c6b2dc7ed,Light-R1-SFTData-stage2-3k,1831,train,3300,4
3301,ee1a63d1a0786dec5f9ba6dd7c91f52824aa74150e13b13c05e6e53de7d77393,7c1a1d1b23d3c485d701cdf0eb179adeb99c198d15105144d5d2c43133841dcd,Light-R1-SFTData-stage2-3k,1567,train,3301,3
3302,c92058cd93044f50468976ea75bc86d103615d238da412dec543061356be99fa,bfa51b46fab3625d0112a3480d015f95bd5d22440081363709c5974b5cf65c65,Light-R1-SFTData-stage2-3k,1449,train,3302,4
3303,af1a33b5198f40d34c74a5359f975cde8150aa35027466564629d0c39504146e,6755865fcd505d014f5805a06d4bf6dd201a3458524dc3826c99c5c93bba5da6,Light-R1-SFTData-stage2-3k,894,train,3303,3
3304,c55da2a719d96b2a48f90337b1dc18d9a6c55f365971ebaf4dccf25419928793,50e566ba50236f0c9a2a8c17cc7123325dcd83e72064e20080b69886a13b333b,Light-R1-SFTData-stage2-3k,1039,train,3304,4
3305,daf4d0bbb6217ed35beab77a4597d94b33aaba2af1c3177ad1bf07c5152bacfd,96fa1c159d0e9a1f95772d2dd85b7cbec7ea2d6a755e349df2d478d434a4db2c,Light-R1-SFTData-stage2-3k,426,train,3305,4
3306,b6e634a39c0f02399025e700fd4525e65812947fb9b2a73805e5c5d11a70f41e,4f25cbd5fdc51f4def529f0684de22bc60772fcf62f5de45454a3df8d34db94b,Light-R1-SFTData-stage2-3k,3201,train,3306,4
3307,7bb5713d8f28698fb19219e280364c8f47e53269c1e2df3901bb550c16a251bd,86f0e4f85e86a8fa400ec82bd117b33380f496b721689fba7fc068a1f0ed9662,Light-R1-SFTData-stage2-3k,2638,train,3307,4
3308,d6e35267035b211bf4391bfb4c81fde747ec4d242e7e7c9ce625b56f0f7301f6,8df628b8dbcc81da2d326f4778ef08d07453ca664273c8479583427a1aba37dd,Light-R1-SFTData-stage2-3k,3280,train,3308,4
3309,efcf94771194b90e40d2b077d53dcbe0394f589b43b39ef63e014cdc6f33eec1,b84d44fd7cc39abc38fd8264fe63340a972e8be0ee30bf883b93b939b9de7c71,Light-R1-SFTData-stage2-3k,1602,train,3309,4
3310,870ff4d324cadf8dcc70403c0df949cb9561c0e30e545e841e70212d0f77b24b,cd9b9a0aafa6e1a54ca84239ac4ccbf8a3096964000b8ba01e39bdcd160f3afb,Light-R1-SFTData-stage2-3k,3429,train,3310,4
3311,9c5ce5cfda7a6d42a649c74cd7f14915bd9372d198a5856f57fa787eff39d419,756d2a4af053e6af54452205e5adad18acdd470af00c2a1e8c1de2bb5200ffd3,Light-R1-SFTData-stage2-3k,174,train,3311,4
3312,9e42e07278a6039e183457b2f3e218af98094d09ac4b500fa4ed96b46c6b88f0,c2275a25c010441ac61b914c0ec4c88d7d4aa4a744fc1635a422c5fc8a3e354d,Light-R1-SFTData-stage2-3k,2757,train,3312,3
3313,0fcd5ae0b067be0c2805b6cda504e4d4b01e054987bfede120e42b9ecbc3f1f0,d79a41e0c2061a7611ca872bf2c1ae1286c91375c656003ec8e5039779f1df10,Light-R1-SFTData-stage2-3k,2208,train,3313,3
3314,7f58b728119a02b8afc44121e1699b57c105f421f068d3c80bc163ef737ec47e,30436b2f626e135cd54877d11992c8b0d3d48b3cf3678af88661da39651bf5bb,Light-R1-SFTData-stage2-3k,2021,train,3314,4
3315,5089307239d05c5d1224918ba07c9ecbd08c7781a84900d5858b41844b5d3223,2832e339bac9a929c305f939f72ccb281d863077ac23116b4382a3de15993cbe,Light-R1-SFTData-stage2-3k,642,train,3315,4
3316,792440b96d129d75b8274ff4f3cd2d7dfba9e63c79f33bdd571f8aab19acbc90,1bc4a37e3ac8a7a5489bab0f34559017e185ec28f3be5046ff2087b84b755096,Light-R1-SFTData-stage2-3k,3255,train,3316,4
3317,580f4031c04afaed916407121a078a626232a7c602f73211e14b1c8d2f25224d,e5994cee34ac08026beb79072b72badea47ce1fa7ef3b34d57d6996a51b025e7,Light-R1-SFTData-stage2-3k,461,train,3317,4
3318,ff30c9807de232050803ed3fb50a3e7c7b549a97b6b37be30ff1926e64568fd8,708ef9bca2ebdce0a23d1f33769eea92fe7d057c9da1b04456d8251420b0f369,Light-R1-SFTData-stage2-3k,136,train,3318,4
3319,4797831e0c19bc2a06909c9290227621b8e58efef3c9b79ceba993c0d6db0bb4,ad6b32b72ba95ea531868db24db8c85c55d6e5c408e9dd9b44d5c65978a20d44,Light-R1-SFTData-stage2-3k,1145,train,3319,4
3320,ae13fb240fcc7dd3d209381039dbcccc9d25ce06923acc48e1811d2209c4dd8d,c80f7a2d942d3737289f7e680a2188625fab4a95150c871db1fa167358cd3aae,Light-R1-SFTData-stage2-3k,2772,train,3320,4
3321,eaefde45efcbc1cbbe2ccce024c7533a51d2d01ff280ac66faacafb5f30abf94,988345e368faf7464891df5d5935761c67159939d0172656731b427726115d0c,Light-R1-SFTData-stage2-3k,1941,train,3321,3
3322,42b842200a1a4182d5061f077bf139ff73740f7487458b31f30a16a02517beac,8eea04a26ba8fb543bf36151b3ab950b40aad73422732c70c60ba7587ec2bb9c,Light-R1-SFTData-stage2-3k,1898,train,3322,3
3323,d1cbfc7163b2b51fed65d4f72eca84ad207e3ce25b00f96dd32ef3f1f2290ddb,1956fff10f5f1786263e546a4b29faa3b6316de10fcfef77a7f30b5320233ba7,Light-R1-SFTData-stage2-3k,2069,train,3323,4
3324,c41049786ec534ba018550cd804d8d228fba02cd02934ddde517b6024fc562df,df0600954a1e8461adcaac70dfc02c11550c2b7daa433bdc8f30b07d1feacc70,Light-R1-SFTData-stage2-3k,2739,train,3324,4
3325,9b3650372d2dc5b26fd054f3481aaba498d637f57b2ffa7a2cdcd66019f6869f,5c3f6451f862789e31971c00ea5046b60d370eb786f43af200c981f4ff1ff621,Light-R1-SFTData-stage2-3k,2398,train,3325,4
3326,6a684411ec5a74087a75d1d6edb8874e7f00158c22c434dc549f286c0254c47c,ffbe5e2d41670bd6f09cce3f3f520d03dabf347cc1f27a0fdd46b53513558bf5,Light-R1-SFTData-stage2-3k,1195,train,3326,3
3327,2faf1e77b6352214f4a1fd6ed76bbd6c58080b7b15382548d91208c5a8b680af,839657805000d4f7bcd3486a464b1dccf328d152fa8511d6a31c72be9a8f35e8,Light-R1-SFTData-stage2-3k,2109,train,3327,3
3328,51af367a9f5724d3bffe41ad5095b853c78c99605c6de258553794598d49cc24,cef2740e492b1a4e46b8fca4ccd9b51759a9c8a139350c7daa64cbe2295bd51a,Light-R1-SFTData-stage2-3k,104,train,3328,4
3329,3d61470d9ad7faaa44014694c83e5329b148281839d85217e1cc38994b6cff7c,9ac498054089dc595b00540b1d46e6a70f8deeb3ab3cef2dbc01fc3daaa85fe5,Light-R1-SFTData-stage2-3k,2014,train,3329,4
3330,773039caf86cadac60a8186271e8661dab815f7f38224ae43b644f79f22c3f7f,ffa7fcdc472adbe804da7077c753d688d281e0ab0385b51840b64c0be3819fca,Light-R1-SFTData-stage2-3k,1252,train,3330,4
3331,9f4465d7386131f8d9b0e801452691f8b182cbff0731dd4f9bc18d94679629d8,0f98d3614d6ed42c23f7faeaa7d1166a5ad808a0f648bf1fcc5d1e317f286daf,Light-R1-SFTData-stage2-3k,1555,train,3331,4
3332,5153640b442195de59fb6008827f8bfa6be1d9bd545e2ab9702f3c3fe4805a5d,e27358a9a864449107b5e9ed2b47e582b2093c6ac54c19cc74b00861cbe23a4b,Light-R1-SFTData-stage2-3k,1462,train,3332,4
3333,c08cda9fc52e82b03a4b7a469e140bd03c6ae1636d9003c1133d0159c88d2594,16763c499988e270a4ac54715c37f46e3dc8081d146fcd3555459c62eee38f68,Light-R1-SFTData-stage2-3k,1046,train,3333,4
3334,5c3af61891fd79728af0822d232f60967483796a5d55094ccb8e0200f00a8f25,7d2064790c9f0664c1d61e7398464a16bd2fe257c3d14d8e6a3dc9370090288f,Light-R1-SFTData-stage2-3k,2491,train,3334,3
3335,ca052125a18c4100017a48535e2f36b744dda049226877327c04dc5664ca605f,80fd51e39c7be571432963e7bf09eecf27db53cc1b69f1669eb3c5dee081f7f9,Light-R1-SFTData-stage2-3k,273,train,3335,4
3336,a7df1d99740008da8fc3ee7204b891cf9e19eee09fcef3c8468c985b4ca23298,b4d0ec8f2340799fb2926f579a760bf30ed7e9d4f0786a5b41f675e421d7fefb,Light-R1-SFTData-stage2-3k,1167,train,3336,4
3337,d292715f986d341afdf107822d722e63960e15e109594f38232b2f4f8604fe41,a54d5cc3383e3acaedf146510c076c5129ca437148ff6366152b95d0720e1dc4,Light-R1-SFTData-stage2-3k,3526,train,3337,4
3338,d12e067dd9fe60e06370f627d93ae131d82ba31e8715dda3c89f4d4b82745dbc,161f3281a7c0b35129a76225981fd25fae53d6b7036a5d213b4361611903b965,Light-R1-SFTData-stage2-3k,1860,train,3338,3
3339,caa48ef360f7278360cfdd012739aeb32d982533131649e7c1dfc8655b2b7a45,86741b3c1da52cb9e3ef7c842669d163d80b0fd798db6eecec69e61a5b70d7b3,Light-R1-SFTData-stage2-3k,3273,train,3339,3
3340,23c872eb2c21cf275a193412a811193bd20c866c0a8849816504ed9d5ec70651,a061e0044320a80043b6929d13588e5b3918495ca6014d79521049d18fa47a15,Light-R1-SFTData-stage2-3k,2392,train,3340,4
3341,cd7e7fb1d700b70c1e19c7a8b76fbea7af2a54142d5921b4e231a0b69c437740,1541652cb723bbead6524678933b8c8ae3efece32e022c0f3c888b3b23dca0c0,Light-R1-SFTData-stage2-3k,391,train,3341,4
3342,8c24d131d9ea6d87e59e736f57f86a4c9da25871f412d02250456e6fd17a769b,c00b3ed24098f9cec7bb57dff2681e7ea4662020e1b846fe8983cc26b5db4092,Light-R1-SFTData-stage2-3k,1508,train,3342,4
3343,41c56f723feb44ff31ee6c3d99b9f6bf8ee5cc3585917a25e5e25c3ce958e56f,8fff4946910b5f408c9647d47c15c9d7557761cb5abe3782ecca56b1fe57056c,Light-R1-SFTData-stage2-3k,1993,train,3343,4
3344,3e7ea3ba82b3f480231e53c0e25b3b37d007fbf838cb62308358800986a273cf,8b54cccfffe82595d182860d37ad0b0ed3d5ce35a464a5d5c15da541a99d571c,Light-R1-SFTData-stage2-3k,515,train,3344,4
3345,f186b3c69dc153f203e35364827aeaf1d1d81549543cf459f6f81c678f588e8f,97fb4ed098ee0b8e7360434fc729fc7c3c1c2a4c55747cba9f31ed1a8a723b44,Light-R1-SFTData-stage2-3k,1489,train,3345,4
3346,d1daf9f190f8638f74dda442e60c2a93f2fe144bfab3ce400a6e299a0b6d8137,e5319e4da0dee6af16501678b45d596caba9ae305d8bdabf8f3688037d8db71e,Light-R1-SFTData-stage2-3k,1176,train,3346,4
3347,7b1488628d5390f52a448097f4e86377dcbc69c714398ab5c8ccd3a53f3b3c95,09deea0c9a4f435919340dc58ddec5ef6e8c9425842601b0435d5f99c586cf37,Light-R1-SFTData-stage2-3k,889,train,3347,4
3348,f776a75aa708d5c245ba9bc818cb83e98b7ec58ea21bb240b7ecf82f15fc4fd9,9fa46d09e44573c6a102b59e60cf1e924f6f5c154fa52497c15fdfea47bb9389,Light-R1-SFTData-stage2-3k,722,train,3348,4
3349,0dc56741e770687602c094ceef3833ed0b25fdd7b2d1745c8ce32edca3397afc,10c9b0ecb14927588f26c2b354c4d949287e7c82398871164c6e2a1a366fd691,Light-R1-SFTData-stage2-3k,3333,train,3349,4
3350,edb439feb66a8b6701aa764156e9dbe45b7bc8fabf10f62f70d10a066ff89ff1,9f953e902490e7057ac5b13cc5ba761a96a0e5a4b6b2e7e799abf4bf4401b7ce,Light-R1-SFTData-stage2-3k,3425,train,3350,4
3351,350c8cde2994497ae0645e0df5c827df73dd125d67af23dfe34078fa20a5376b,79649dd7b7473591b2d4a609f48da44f16d7453512a6e44155e8bb5401386aa6,Light-R1-SFTData-stage2-3k,1266,train,3351,4
3352,a2795d83a6381daa775a7b69c5586093f05c6a1e3bb74785b621cc60c122ba9e,07b554b721783ad244f0c5cde59f3b027db3fde4c82e4539218461f3bcf900c3,Light-R1-SFTData-stage2-3k,2901,train,3352,4
3353,8a12d270c9d0b3259a7704e857bce46301cfba96283790bb41b1c6a7e75dce21,684559963de964fdbb335c08a9910044f653f9780acbf2e94b4539eaed5f9d54,Light-R1-SFTData-stage2-3k,1659,train,3353,3
3354,01cfa3b25cf500f168f9c4810b012163ba36a669703fd9f007f310da1fd40ae6,95d17fee155a8a2caa6eed4502b8723f776a2b96625b5020c81bfa19d93c3ce8,Light-R1-SFTData-stage2-3k,2220,train,3354,3
3355,e4513e05c7dd17513bba58abea5894aec3fa56e9f1272a8a46d71c8c8b095c44,8d16aa60a124f6b72c7d59f76b72fcb93b87f520e475420a18451b922e41eb59,Light-R1-SFTData-stage2-3k,876,train,3355,4
3356,82b7d28fac66cfbc594d1773f8258a453b6c5b55d9b85fa33927b4deda5ad768,608b0a905d06ea734339ee19f123d0e205b55a77f18b22c794fcf43a99c4128c,Light-R1-SFTData-stage2-3k,923,train,3356,4
3357,0f0e2ff2db13e991b9caf649aacab4834050f5379f6ee629c94d554365f28e5f,0a73ee3880097919cf487eecb029bec0627664bdf184f0c177e7f27730455850,Light-R1-SFTData-stage2-3k,2835,train,3357,4
3358,a4b6192f060a1d53279399843d7b44b2ab96e5ba4dccfec653156e629214351d,564ff9a72ab948bbb07c463e14dd8024e91c739314f3379330dbc13496293e84,Light-R1-SFTData-stage2-3k,2377,train,3358,3
3359,e452f8d67a1df5aa07d56f5f25388819e7a83d91f4fa5d65e9af9468b49bd4c5,ceb44170a60adaf70fbd32fc0b94d2a30b8e7717dedccfd6d7e66d64781feec1,Light-R1-SFTData-stage2-3k,2102,train,3359,4
3360,9a7b80dcca3655f8f2f1d82f0240f1addbd549b2d2c75a03471c1f643a3bf7d4,067919f19c9e4a69cf50c6f6b47a35c1e29bf2b92ee35aa814d7ebd6876212d0,Light-R1-SFTData-stage2-3k,466,train,3360,3
3361,5f218feb3c9d0168e322d237f6e6d33aa450802e0a5e3c54e3458845eb5b0806,90cfac30688be2bcab5c874d811c844282eb3481d6dc982e1fbac5f9920b9b05,Light-R1-SFTData-stage2-3k,2630,train,3361,3
3362,4e28b70e659433e81b8949e67e1b2f74fc0525e185b2d02512209c10483d9cc8,d3afae47a079fd6998c49105a4b982b19ae16bcd38eb0be0d422f09a29c7aa54,Light-R1-SFTData-stage2-3k,2302,train,3362,4
3363,8fbe42a4f60e856343b076d9d3f0f9a4ca106374f268f8a27a60068d21af630d,60623575d2b2593ed8d2a46e558e74c7b847819c1e2c723048c7377c8745e620,Light-R1-SFTData-stage2-3k,3165,train,3363,3
3364,4acc8ad143d9a0f34f71b620e040c02729d44ee8924ab5b8965cce564d913b7d,a719ba81ff9943748e35c7b6a7718fe8aa014c236669c681f2984d87e4aad85d,Light-R1-SFTData-stage2-3k,2521,train,3364,3
3365,89d769ce6eef4933f7a22edfe18498710a4416b1069363e6f4eb68ec2a1052b9,c4eac897795d6165876549437006711188e97c800608e78d226e3a7baec0c097,Light-R1-SFTData-stage2-3k,839,train,3365,4
3366,adda8fda37382863952ef13a8e83b41a96ecce2985fae656aa270f3eb37c3a9c,b2cd9fca3a32d9e24e2a858418853da38ff9d3000733af9c3e53e4e6a4c57f53,Light-R1-SFTData-stage2-3k,2685,train,3366,3
3367,f9c58d7d09c726df1b062914ed751e6e148eb19ec64af070f7630ade778b7a19,d14647c49a07f132650883c4ee39228464db022808ec153b6955cbac08e89772,Light-R1-SFTData-stage2-3k,2915,train,3367,4
3368,7e2ae77552be171791e6e4a1cfb31953fccf2d4e8e21785638b215c003935997,f02d0bbc916b60824a59c7490ff76934143f342437b096068b2385611ef9a6fc,Light-R1-SFTData-stage2-3k,1789,train,3368,4
3369,8c5eebbb83b62aff7db68c1c399c6e57abbe59e495c59ed5b32ecc3841b42adf,ed3f3c57cb7af765b17eb4127b1e8b70ab030da6ec8d85b81afb539a4c5e7e04,Light-R1-SFTData-stage2-3k,1870,train,3369,4
3370,8f24851787f03091cc37740a70fa7da9fdb0dfc329d05eab8349d5eea1daaef5,b7ebe2c97c36d316ad973168cf1ee7563eeb718a60af992ea09c508f3f0061a2,Light-R1-SFTData-stage2-3k,1551,train,3370,4
3371,5c7103502473258654889022bb0ed883931ceb10d6d7dba94b23d9b9b02ba111,c1938d61a4a54ba0e622f0385d3df474fcce1d60bf3bae861f100d233f16bcba,Light-R1-SFTData-stage2-3k,377,train,3371,4
3372,b42ab1757b4f0d99b401a2675927f0172d14a58f738e9574a9fcac527826838a,a04d3e667b92ffd682914464bbd0f336de03ffc3780b432b217fc336118f1d25,Light-R1-SFTData-stage2-3k,321,train,3372,4
3373,671bb399229e563078b559175eff9884bd9013fa70c3da43ddb362766ef1c420,72e1c6fd26031770f58d27dad5a1227087b432035077c6db7e99c4362832c902,Light-R1-SFTData-stage2-3k,755,train,3373,3
3374,eaac407662fe00157f1d44753a0946fc8d97f3782aa7d4c35cbb15eea4c2d9b3,93103ff0f4ba4fc10bd8b12b74b96756db0f134640a862fcfb04197d72b5bfbe,Light-R1-SFTData-stage2-3k,314,train,3374,3
3375,34a7030123fac8858abac0dbcf17b9b31cbb14b2b99ffbf386f1133666a2c8c7,890b4f4d7243605ebb151a1215a1f40966acc2ce978434647c8bb8556bb42e2d,Light-R1-SFTData-stage2-3k,1037,train,3375,4
3376,4f6a74306d2754f8b1cdb63c43cebe14204743ba7429ad9a8a9f35b660db4850,9d721c931b85a7876a9309d695fa8d8d077e43126b56383e3a6860f79e23d24f,Light-R1-SFTData-stage2-3k,535,train,3376,4
3377,955ce795d175ca3f480d73fe378b04fbfd432e24f545c5309d69eda7589641f9,45169307510542a9216472c1fe6385b9d0920aa42537ad60e35925370980e46e,Light-R1-SFTData-stage2-3k,2172,train,3377,4
3378,081c8415256230cb4be7bc144b07d36d5ce5528381a2eac7cabe1b9f3059ebbd,dc0e20a823f7e07ccec73364223a2c6688c28eeb669a32fb324dafd53f4e4eb1,Light-R1-SFTData-stage2-3k,1281,train,3378,4
3379,b7511ee020d37580492c013889f170c498438b3f6f81ebe7f221eb4cefa92706,5e67911e6bda81f1676a1623021f33a358348ed41d1af21856c13f4e49c01f97,Light-R1-SFTData-stage2-3k,2101,train,3379,3
3380,ece23d1c5a0b28677e2388efbe55565acb4d34ff2eece8292360d4321d2fefbc,81b76b0946c7e78316d679fec62c171eba01eeb8c0988168d776625480dd4fb9,Light-R1-SFTData-stage2-3k,3225,train,3380,3
3381,824d8ef8e2066eb71fa88819e9b993920e0f4ac4a21d23335b96a1a781c1d9a6,61b610e79e5d808acc12546091a2469a63adb92dccd1b61238d67abf4360b25e,Light-R1-SFTData-stage2-3k,1403,train,3381,4
3382,baa1063dc1e5afa201e4d210f60eaf43afa76873a746f1a14ac9070bbf26635e,378dee7973a171809547121d0b287a40736150ee3fb980cd70714c652366a02e,Light-R1-SFTData-stage2-3k,1863,train,3382,4
3383,b2242b30631853831a72e78ac07fecc93276373b8f63a5f6e410cce5c4930dae,d0f6bb81e9234071bb7f45e73659f8b4f6d5d4838fd5f2c6b5f9c362593b23ff,Light-R1-SFTData-stage2-3k,2162,train,3383,4
3384,4f59d1de9429cf182d2542707d39b2e711531a752304d215a2944684598b8980,50c9767c50c1ef3e49eb805c8384fd06a8e0ead79174ca878a53702fa7723875,Light-R1-SFTData-stage2-3k,1350,train,3384,3
3385,03cc97ecfd3217664e79ae3f1c8ad8a8e827277f90e82a481182f785b6a51ecf,b6217c8d8ac755b73d5ad6549fffbc7d45597c276d719cd87b0b0031d48ea127,Light-R1-SFTData-stage2-3k,1188,train,3385,4
3386,f4d3c6b25e76ccf9626a57ecff777e5404de39f0f7af252c00a11f729a2d9fc3,74b59cd07d40cf3233fcaedaeda57f2c9f77ca780077b869ce38aba3cb0d5a7f,Light-R1-SFTData-stage2-3k,2401,train,3386,3
3387,5fb863e72d3424399985a5db5e66f60e86f49a2b67cb4ad9985293c264d083ea,4f63ceb87ba2a87d134b7a9499614bce27330ed07efbbe13f29b9f4fcf5984f5,Light-R1-SFTData-stage2-3k,2729,train,3387,4
3388,76fe610f49b668753efd77f82e235b0b93e7bb4a4cb32a82d7fbf3f450438baa,725ec6b741dc9bd59200a22040fde43f5525698b1159f4a4f1dbd87cd150b263,Light-R1-SFTData-stage2-3k,2174,train,3388,3
3389,94c2b9ffbf74b8455bd265386064f47241d54a2572540af81080867ea4b22d6b,0d66d949e949aa60008f2cf36d391cbebb5bb68205756c5b2543084c6b714cdf,Light-R1-SFTData-stage2-3k,2378,train,3389,3
3390,21943a84148377d197759e2443f8d0c00178eea2f4a90e4685517f675230ffaa,57858f0566320292f62cac8d383eded3d097e822639d2c59df0bf691efa92163,Light-R1-SFTData-stage2-3k,3196,train,3390,3
3391,2f03edba62024acd0a8d829b74604ec3601467de13793dbddc2982576285ff8a,932e6f94651e76ce7ec6ec521217c0b625618bde81a8e5cb55a428ee83fd3711,Light-R1-SFTData-stage2-3k,2935,train,3391,3
3392,76c482620744680511ca6b67dfc5979f8b82cf5a21d9449e5abcdcc342d51ffb,2518271c31376952459a8f9cc0a0da22550552ad8d1b10140310e9b9ea583bae,Light-R1-SFTData-stage2-3k,914,train,3392,3
3393,2650f87242d774884ad42fec2c657b5129d10e62a0e6b0b89fb714928020377e,1e43b832176dac95b2e72135e3bf3e2e3cbc502faf61cffd5ddeb5660e0f1e31,Light-R1-SFTData-stage2-3k,473,train,3393,4
3394,4d4a28bd65e1a9ceb7b8fb039b48289cf9a91ecbbf1e42c05df96b24fcf422dd,7ff01ea981aa03d6bcd2c6ab93309d44b7acd6b9bb3705c28f42175419ffc563,Light-R1-SFTData-stage2-3k,2914,train,3394,3
3395,592ae9d880af964b986a31fc28e4cc872bf1710237e8574a784cb6245534a705,61897e09dcdd836f7e76eb6b5a05112a65d9a0e76eb5194b032f744b7486ab70,Light-R1-SFTData-stage2-3k,3519,train,3395,4
3396,070c44c67f0c3006bdcb1836588eda3b8b4c16653272cd7fc4529df50826015b,1f33aeae88a54496c06279518a283e4cadba12aa59f538df744dafd7723c3b55,Light-R1-SFTData-stage2-3k,362,train,3396,4
3397,acbd6c0f768974ff71c614153779a12f2fd8c579c9fba9ccdd30bd3b4a89eef4,f46bfdb83e41f53a29180eacb4b6eb732c1dbcfc70c0e850ca7d0f7f8b2f4e58,Light-R1-SFTData-stage2-3k,1134,train,3397,4
3398,f213fee919daadc8839a6b178a4c1850cd571a79057d58e7d2d44c4c02c03e19,e680106e50b17d5750a669e698e2661dcfbd0213a7b428412aabb5cc89683a78,Light-R1-SFTData-stage2-3k,357,train,3398,4
3399,e4744aa43fdb4653ec2097bce3faef0d312441391ca4e2bed5a1c55135b16bcb,8958e1eebe33bfa730f0de25657ed4a7cd1af7aaa8d3a441ee0626aeb3ca8f27,Light-R1-SFTData-stage2-3k,1171,train,3399,3
3400,9bc3f29ce9994f0d4f94feb6cfc6668c071ac83ed7d3e616117aa389d4e0dc1c,e3c6a1812adef96e6163b35bfc69d3522027149edac90e8dd5941a642169e836,Light-R1-SFTData-stage2-3k,824,train,3400,4
3401,55a88bf88fb9e0387fade80ecb5693a79102bdbe9f628120125cc8dc69f40a8a,80e1fa34b4de45595bd071987623d0e72090f2c4baa7acd3568f50bae764c298,Light-R1-SFTData-stage2-3k,1652,train,3401,3
3402,2b79a83d6d69e41e3cb8c2b679f5090d27f1c68e248f6da58b28192fa7c0ef9f,b019aa59669c6984b1a09e767dec5e24e24895f7f7c02558f526be07b6c63f84,Light-R1-SFTData-stage2-3k,3402,train,3402,4
3403,d0b80c3975446380d6e37f249384a90706acbf1df7bb084dd94d45853c5230c8,b57be4a385ccbbf8d96b88f69cd44ec0f8907ed5661c2369845cbedede8d61d0,Light-R1-SFTData-stage2-3k,1162,train,3403,3
3404,b77893b8213001ef9729c097e20ef905b49f4589850c0f91ab7c70aed982c5f3,cb541457ac4630292cf72bd1199004e981478ca94ed24b23728d4c004fd6fe26,Light-R1-SFTData-stage2-3k,1396,train,3404,3
3405,43fc642a0eed01bcc34035008dc4f71dbbac6b727a6e57eac329ad9614c79eea,809d32cc4d68e61c51b0fcd5511f2494901994ad44dac36a9f0ddeaaa34354e8,Light-R1-SFTData-stage2-3k,1248,train,3405,3
3406,08176fed973abd1603a1219f8f3d5e12ea606adc07b272e049627802bffd8a0e,f5d85caeecef8a25bc60b8fd96d857bf14b5b3be05ea77f9bda07c9cf6e24bc0,Light-R1-SFTData-stage2-3k,1631,train,3406,3
3407,7542599f053be1c89f00ade75172fa36b5c6907d43da61ab5b38ed72b025e5ab,e21130be8cd33a8b74243ff20887fb3fabc430e38624fd4b97b221fd7ecce2a8,Light-R1-SFTData-stage2-3k,485,train,3407,3
3408,972cf6e96f8d16f1f742d8b906813710be1046f4836bd677271cd76153e7b44e,9cf1d965c0363bf2dad0d9279ad272056b789383b0908df6d7aac22478b39adc,Light-R1-SFTData-stage2-3k,2911,train,3408,4
3409,90c423b84435f5463fb1363967ecb726c18c43ca4e314209963b18f40366714b,f9c2824ec65c24bed17e347ffa93ab683f3d091ccd08e2c457449f4789aa098f,Light-R1-SFTData-stage2-3k,3515,train,3409,3
3410,da9162063f0afacd1d85222dfeb1e647463a6ff34e464a980d26cf0225a65a5e,6aaf70bb34f0885ebe6f757efef12d96b402a064fc2fd83210a21f9573523d37,Light-R1-SFTData-stage2-3k,1155,train,3410,4
3411,ec558260b66c40e4cc9c1f242ed6e1555fe4d1784fead54bd7067caddb899347,301389bcb385088e83fe5dfaa40dd404e82d0dca0247a21ad368f84ee00438ad,Light-R1-SFTData-stage2-3k,3234,train,3411,4
3412,7edecc9543019cfc2821acffe0e270d12a99cbb41e46591b0008f74ee697e25b,70c4de87fc021c50e3e30463790ab39ec5d1b99f47c58dd3bd9d8a052b7be62c,Light-R1-SFTData-stage2-3k,2495,train,3412,3
3413,eedbcc8e40058047584544963a093da1264d5ee3a27ff272937142365e488527,34cd5a24f4f7f16ae1c761130c7045c9079e602c768ae2e5a30835af3648cb38,Light-R1-SFTData-stage2-3k,532,train,3413,3
3414,401541e4b2271b5be7cdb718ed41e40fd0086df68b113070974aece68d9965b2,e3e5fba8430878b893ab6b267138a0fe41881fb7feb484de6a6a3ae985fbddbb,Light-R1-SFTData-stage2-3k,2743,train,3414,3
3415,1a86540238d6b9aec2127de36dc711bb16985f6501f5e810ee16d300145265bb,678d7f6e4c3caa11b2727a6f8e0123839a6bb9c2cd97bc616114941f5e749f6a,Light-R1-SFTData-stage2-3k,1168,train,3415,3
3416,44736ae7c51843ed43e3421c496aa13e74a2a40dd9b835da52789373aa2970f9,acd73a84938f46dc69eba44ce9bb3bb261fe5b26f141384a643038c551062182,Light-R1-SFTData-stage2-3k,2566,train,3416,4
3417,03a7601ad297e981f7772c786c1714022400f2215050f240eef313e061be4eac,8ff0f2130f160f3c0af83a7f91e6013ed24e3bdab720e7418ca124e85182f655,Light-R1-SFTData-stage2-3k,1081,train,3417,4
3418,f6db8077cb6f320cd2dc821e6b49882c85327b8e22178751dc13e7e0ee3b74af,afa9b5f9a9c7c93964f7c62d9e342659e5b10351a5514b49e4a552ebbef38279,Light-R1-SFTData-stage2-3k,451,train,3418,3
3419,411deba29163c19cde4faf6a88caf78938826459243e87a862f52ff268ceb58b,2af3ba674e57f69c98aec908c228d898034ee02edd74eeccbb7b9bc21929e390,Light-R1-SFTData-stage2-3k,308,train,3419,4
3420,1c9c3eb38027a4d6d13e16b37c5c794c7865173cab4fe1bc6a70233514b2fc55,7bbf0e417ac981b67b4e1c699c38dffa39f17de044f2caf4f4a065cc1d2feac8,Light-R1-SFTData-stage2-3k,2106,train,3420,4
3421,4285166cd23894e3f4af182a41da0dbbcf84c2d12bb3a90d36a03a6d71140bfa,7cec232c91609f2ffd072e3db2439fbfd085bbddf15dcacbad7305d211723e4e,Light-R1-SFTData-stage2-3k,1763,train,3421,3
3422,1fb2d96a45fadd4af9cd83545e0fc2f17183e0d5c35c6918e217796556c183eb,21e8ffb21dd206147c23ea8db42416edabd40583358b90119de9af7dd30e5975,Light-R1-SFTData-stage2-3k,348,train,3422,3
3423,af119d5b666340be23fce13bf89d3e44fa00f714b81f6c8fdcfa53b2070b889e,6585749c5b9c095fd90fb901292bd15d37dec2d6dc4f9c9890363a9c64686980,Light-R1-SFTData-stage2-3k,1304,train,3423,4
3424,2956d5a125455e723bbbfcb418a30fdc5faaa5f70dd9812aa9fd990d8a635136,a2ccc9117aaaf9c3a2718a2d253a2a541e9127c6a43d0d64e26f801ea4b09986,Light-R1-SFTData-stage2-3k,799,train,3424,3
3425,8d1b0caa58e14aa5905e4eacc75bf0a22a1f77675d135649358c8a0f174deade,e79d69136948ea606d39feff9ae683ba0b031918fe8315b0dfa88410bba2225c,Light-R1-SFTData-stage2-3k,2726,train,3425,4
3426,69a58fcdb81ce4c6429206809ed029fbff033d441a32d14ff161b7f2a57a604d,e89a0281564543ba85532cce437ba6af5c3648da7f2cb7bd03eb2b1e31d334bb,Light-R1-SFTData-stage2-3k,2961,train,3426,4
3427,39994fe11f37db058fdcbf3b54903c397644095c39e906abd0cf92777965cf00,a8e878d861a7d21313e2489acd19261788727e0e121b7bd79a5d4a4fd7d9cec2,Light-R1-SFTData-stage2-3k,335,train,3427,4
3428,20a4a88de1ea2afd7bc7bf63b5c9b725e33795b415def4c921957fd1ef9383bf,bc612ca83453e90f1aef351569ddb34c1329df7319ef70b9bdba7095f4ef330f,Light-R1-SFTData-stage2-3k,789,train,3428,4
3429,5275eed87480335cc117e9b830eb01684ec69818197f1977f7a472c9cfa41328,a273e6d83dcee7c573a43cbb343d08bf586560d57f80a446788487478567a7e5,Light-R1-SFTData-stage2-3k,2611,train,3429,4
3430,4100e6bcf0adea9fb4ee639004252950888a70beef1cd0364b177c3b3f8d745c,c6239fdd9236eb1b4d3ab71b339724bfdb0f697016c42c3d8c3ea3fdab422d80,Light-R1-SFTData-stage2-3k,3283,train,3430,4
3431,be5d432b466cf45883131c3297f0b9ee557d41e892274a1b40d77057968513e1,7d1a8c71580c97a5c267e8b974ad440f03359041d6c8e7f44ac5fb4a319c35db,Light-R1-SFTData-stage2-3k,249,train,3431,4
3432,7937ed5a1a04c5d9c07edd596ead7cd2d4abe9a364fe4304b096184834d2c666,6ddfab6878110c6c3007c911bc228bb42e7b879138e543f0cf8fd1961a4fd5f6,Light-R1-SFTData-stage2-3k,483,train,3432,3
3433,53e059cbc330a284c14dd2d31d937f5e0e73fee0fcbc8c59555f143e7c43f617,69bd7dffe64ab238ca37c37bd15929470487a583aee992338ec84402d0d1d563,Light-R1-SFTData-stage2-3k,1809,train,3433,3
3434,ebd1014b22013fcb9bb1b8868d87802b2b2118a7ad30056ddbee32e6f0942cc8,f87d5c402350a64cbc4f015926dfe4e9744f932a67ee9682e8deafd8cc8aef02,Light-R1-SFTData-stage2-3k,956,train,3434,3
3435,5d3cc37fc8a1bb0152806d98cd24a62dde192a7ede393ecc2999dc1047c3c13e,b7511e8fa5b3b01b9797505073d818ec47aa9d0042eb484cd0a1eef7a99b335d,Light-R1-SFTData-stage2-3k,1103,train,3435,4
3436,31af4a7ccb84445890d34f8cd0e92d34dc40396574e8d6ff358c1693877433e8,e616b560c1dd187e4232518c9a9f6b12ad0851838dda213ffbb6ad86882ba783,Light-R1-SFTData-stage2-3k,791,train,3436,4
3437,0496ad59c440a5ddaec6192a47ebb8f6b9324071aaf56c7f381de8d6dd180cff,b150eeafce4e8d0b969428c74ca7e366cb9c0d8ff4fbbad20ecb81892c98e7d7,Light-R1-SFTData-stage2-3k,1164,train,3437,4
3438,e9d23ad4697fdf3c202823c0b3e82971fd0495690e3a11c3d8b2202494b0a61d,05e4e96a18365380751ed0175f212bfa2bd887b5ad41f4347f38ac47e0d2157a,Light-R1-SFTData-stage2-3k,2819,train,3438,4
3439,a49ca3161b14d94ee81a33eb6b80dec716c6f8005534934873a62977f83fcf5b,f0c8fb5493579afdfc134aacc347c24304640a136de2042f3cf2690c3b860469,Light-R1-SFTData-stage2-3k,1757,train,3439,3
3440,37923aa1f7ce109f661439466fafff9178ab9bbd5841fee4587ef9add1aee058,2ee273f2d1294c53202663bbbbb0c0ed9f799dbe441650bbec0a0a7f568c69cf,Light-R1-SFTData-stage2-3k,292,train,3440,3
3441,03d3f42f446c1574927c9152860d82083e772767d142c136c2e2fe97a8d2b07c,9e5c15dc5c03d0ccf6ca03ccd2188b7aa4472ef5f264aceee86dd17f1a4cec14,Light-R1-SFTData-stage2-3k,2096,train,3441,4
3442,a92dfdace977b5a05bc565053992f7e131a56035950de7cc4629dbc1f7b79aa3,4cde2a1eb2fa6ce2a7c9ddf04e04670744f6e411230f7892464070e091381277,Light-R1-SFTData-stage2-3k,739,train,3442,4
3443,60fe51a0386afb524ce1ad70969bcebf3fa0f3ef2dd379b5283b53e56827bbd7,426c6a554db906101830f3c4985eedcb664ff3d5963ad1bbe4828657e270d21b,Light-R1-SFTData-stage2-3k,2619,train,3443,3
3444,f0ecb61ec8b366de9eff8c0bcd6dba36188f8fc7e9b982152bd1a36ae2574a7f,dc13779f6df1c331df92f79d29e51e1659bb689b21a55164bd7ac7399f69c32e,Light-R1-SFTData-stage2-3k,3175,train,3444,4
3445,2e82cba24e3d6ca680f8b4fe31f3bf1d3d7695820d47bb9e894ed53e32e4abcc,f69581402ead8a4cc5c208f69274fd08cf7fbb33d6022bd827f331f6bbe4e398,Light-R1-SFTData-stage2-3k,1774,train,3445,4
3446,24a4c41eca62aa6aedc80e4d09c45b3e10d92b432b5371070af0f5c4229e9cb3,9dc6393433254a743c768e1a15cfc74bcd4b6c9c14bf059f2dc0abf57cc6d80d,Light-R1-SFTData-stage2-3k,1186,train,3446,4
3447,4be35da668b526846d58aa160616da457f5be4998b77d4223474c6b4601c1a78,aa55f5bfc012cc2c85f19e79a2b3029f08f5fab70d49e12c489d87601eada099,Light-R1-SFTData-stage2-3k,1965,train,3447,3
3448,f6a25e355de4cade43a10831bc96e68aee129013efe5a4887aed8eb68bf7cacd,0d04ad2dc0184d9ee9208986e1bf276ce169aaab783feab33520c8653f471aa4,Light-R1-SFTData-stage2-3k,797,train,3448,3
3449,57caff9096be29f5b5484626ee0620507d822c381703154fc06dd2af1183736d,3f1bd77104d123c8dc987300b31832f6abd8d0ba5e2b9cdaead9ebd5d87c8329,Light-R1-SFTData-stage2-3k,1502,train,3449,4
3450,de1eb41f2152986f513515f20e30224864a47c56d92921982a7e1ddb6b40d8c2,bbc0cb2be98ef856ca5fc6984308d85e3e0caf3a0c50f3fa89e488ee23cd13be,Light-R1-SFTData-stage2-3k,570,train,3450,4
3451,e86fbdea0a630cd482a23f40144fb6bae4238cf946e2d8a657b1a3af5881fe23,cba3a98dcadea065625d6b1136f4e82d959ac26de2de3a363f47161dc4186348,Light-R1-SFTData-stage2-3k,1571,train,3451,4
3452,46cd08d687094d8d27128cb96629098c7df5c6f1fdd1e7be60a33f205ef9b421,6b5a579b622c5e9615268a39bbad42f3b82a887e38bcca578b004389ccbd5538,Light-R1-SFTData-stage2-3k,231,train,3452,4
3453,2e391e5e25332968904e56012661cf4c3e3dd0044f9a084ca173532c32be16dd,befa649a254f65120eb503dc586d897cda295c445a649a2e56f6abbc8644a211,Light-R1-SFTData-stage2-3k,3101,train,3453,3
3454,0e7a2e37e18c0c3ebaf80ec583b088bc4c888a7386722ab154143e94208f4473,5b1b883934a2fa65888585d6cbd68a44a1d45ee6fc62bfd0c58dbd1eb10abe95,Light-R1-SFTData-stage2-3k,2571,train,3454,3
3455,b0aadeb4b2900dc466cc94d9e85710f8595c547447e5add95d2f68f67301d68b,c22fb5875b1ffdc1d96eba3b9a4206c3b0c031688af7749255f1e16143e1a514,Light-R1-SFTData-stage2-3k,2108,train,3455,4
3456,bc946e5807d3fca91be3271c4b33e6c3dfecc9c800743b6170b8e6abc400adb9,427d43d07d9a078db481b75798862a3bafcdf309095a8b8cfeb930613c7da055,Light-R1-SFTData-stage2-3k,2303,train,3456,3
3457,6ee5c58d2092219983b52afa0920bfdfe06d3b0fe311519caaa357057597f95d,e1e0d6b58522ae52a128d2a64f3509eb6a431dc31a8d0152c55c71d784f1b52e,Light-R1-SFTData-stage2-3k,1484,train,3457,3
3458,f6f5172e22679caa90c61e2f10d863a6040b9521e497c859c80dda4d3e371d77,8a8b7b500afec73e9a681e3d311b6375acdc7f04adaad1f56ecf8c18d4e071bb,Light-R1-SFTData-stage2-3k,100,train,3458,3
3459,b3c587694fa85f25e0c6360ff105d8c39ac4c8ea0d470da810031b167a736d1a,a7dd8cdc7d891b60f7a740c2eedd24797598df1d5049fea13f512c071f1f47f8,Light-R1-SFTData-stage2-3k,1237,train,3459,4
3460,0743606fdf81a36d25d80fa2f766aae8f5c6a4ed833b5e33dbcac080596b140e,6678e9f38457522f8a5d0598f272c28d449bce6541f50025503bef65a5a432d5,Light-R1-SFTData-stage2-3k,1745,train,3460,4
3461,6e6fdfc20d93021e531890fcb83152008e23e2ce42b017cd33355c132917aedd,9eeafb670d6c5367ae98e83b64296b8863c51e9af94d06ac88a9230102a315f0,Light-R1-SFTData-stage2-3k,2520,train,3461,4
3462,9bed9bebd61ce09cf7a6fede76d954c8545c87dce7d7fc379436cbaded506241,8a59562de79dae23a1cf60697dcc38092e586cae44be3466255d459eb177697e,Light-R1-SFTData-stage2-3k,3081,train,3462,3
3463,978908e1ff58340326abf19e33c612abae4a7ae3555a7eff3baa8b781875e18b,0edf01d1a4dbe24b9d6e8e48c71f7ed803e5cc4592c16b71e923d1f234a9f97d,Light-R1-SFTData-stage2-3k,3058,train,3463,4
3464,143c01aa5a64dce08d4edaad66c6afe9caba39b048a5d59c7efd852f60e403a9,6fc9ddca18e26716f0bbcd40de5ee562f42c92bc8d6ea5c0b5970eff7ea13f54,Light-R1-SFTData-stage2-3k,1280,train,3464,4
3465,d7eba8026dfeb2e9660300ea2c60274549af8daeab550999eb6fa4bcbe474b8c,944590c1026990e02056b88015f8443cc9724e2b873a99c858ed799eedb8722c,Light-R1-SFTData-stage2-3k,879,train,3465,4
3466,0d002bd70eaf80159f3ce12e7b5f28bc4c6a500675b79966ee285853901e19d7,ce24fd91a617078a1c5c7d8b3f9df2dd0217a848858a15e55ed08b7487350498,Light-R1-SFTData-stage2-3k,1622,train,3466,4
3467,d184a547148f32100ba07e737b552d241ff3f52322dd4beae4817ed4f2cbd3a0,b957de03682917491eb576a41c8577f49723fec18cda778810f3493870206e52,Light-R1-SFTData-stage2-3k,144,train,3467,4
3468,ce4bd8e1aaa1e793e4c1261c40d2ef5fe9755f1f858e2f3292104a511ea0bf48,7e141de2b7bd98db7e24517bceaf57151f90b225d127ea577f9496ec1d0f20f0,Light-R1-SFTData-stage2-3k,2320,train,3468,4
3469,792823b2ce99574932532ad3e2abcecb0c393810a4d98613bd0fae9d9777b27a,e0aa6df7cc588c2bda2b3be121c46809dd9cce77d339303f0f382b76a51385e0,Light-R1-SFTData-stage2-3k,841,train,3469,3
3470,ed984206b23a82d6f2d3a4a4cf59df0479d78bc37e4dce08180f2654aad60130,76f8ab64776b51ce0dea76b3421e5a0af2b956caac77dbb9c5baba7c72bc17ad,Light-R1-SFTData-stage2-3k,2436,train,3470,3
3471,46e0a48dbe2608b4e8cc9b3337a91bc58818f82c551e99886ce55e88adb6008d,c7a4796d4ef6daa0fc63f93ad3ff3606f8520dd365b0bf9a0ad968a5cf8dfbe9,Light-R1-SFTData-stage2-3k,1907,train,3471,4
3472,fb490c6651acb1e55ef09771fee191875728c1d230fbc8c4bf154161a95c1dbd,0378fea3f74b9f15ed7413d3755752c26cd509cd7e99f7ea5f8cae5f697708e1,Light-R1-SFTData-stage2-3k,1908,train,3472,4
3473,00f3c4fd23ac4471670f7f851833f6b554a5b879aa5e3884fc86d17ecdfe869f,8a81b0baacf5cca03f1a2d4be20c007beb31a4b92805b5cc9e2831da3d4ee54d,Light-R1-SFTData-stage2-3k,1580,train,3473,4
3474,1951b942ff0a9342b6b46f4748c73bb378f33fc8bfc0e22bd6955defb9b05f5c,d07a7c938af44b71d99c638b687f928e88f6625e7049386d14a82ee6d89e53b1,Light-R1-SFTData-stage2-3k,1203,train,3474,4
3475,1ea1387b97e4403becb86dea5df4dd65e999badb4b5f2d4c6d8bb95de0ad52fe,6df7817b3ba57a63d574b577bac922307536201cd8632597925e289f73debe6c,Light-R1-SFTData-stage2-3k,528,train,3475,4
3476,744c9a6f9d6be43e2474567b6737230e20e83f9ff8c1593a171f8672ca37866b,a47817d8ace41b696d3ee0b450a7a8494f126a7b1f34a2d5e8564dc8b739cb4e,Light-R1-SFTData-stage2-3k,1233,train,3476,3
3477,b098a214c187001715b5a0e41b9b554b815f5f1d8a97aec2b600c6acd811b599,fc9aab5160d48d2cecab4a56235a6f2d5c5313b79445b6fd67765eda7b48e625,Light-R1-SFTData-stage2-3k,545,train,3477,4
3478,3555fc4c28daebe7521374460d01af4efb7ffd14104c888149fb36cbdebb3eca,47d72d2da8c515802db7505cfefb65c83ac818a156961d8b200f6e3fcaa03fb8,Light-R1-SFTData-stage2-3k,864,train,3478,4
3479,b0b7865275abaa57483cf4142443d42d81aeecafda26f666c6d4918234358112,7f56c4b1a9aa817da4fc21b2c21aac07071485ab1ce0cd938e3057c71507331e,Light-R1-SFTData-stage2-3k,1649,train,3479,3
3480,c621e45a0d7b95e2298efcec07ce289487b694efd2fa176c758fbe547a017a74,2703f56e4d3934113f3fedf507cdca2ba49f0bb9d6b4a0415652b9118d978a90,Light-R1-SFTData-stage2-3k,2453,train,3480,4
3481,283d29cdfa1ccecb9b12ace66887c71385a5b69838cc46962f2c6b33232ac119,5a9878c888507e4782ec32ad97cb8aeea47cf8bf1ea4ae87e6a9e8fdddd57dd9,Light-R1-SFTData-stage2-3k,2923,train,3481,4
3482,186945671a65bc696250c9147f61cefb6615ce1ef0e69917c62fd8564cb0796e,9754051b535a7266de3aa194de6f688db097ed07be49dea719773dbf093a8d09,Light-R1-SFTData-stage2-3k,2885,train,3482,4
3483,324ae676e3c1262fd6dc1fb48aae96947a34f82655201d98d1d8cdd318ac7e2d,686eaba48bdc9c50e1022ce0fcc255a8cea657e1ebe3c2a4e7057d46c8f36e79,Light-R1-SFTData-stage2-3k,1667,train,3483,3
3484,4c17b987db45f3933c95dd6c9e841e9601f3931d0bec9a66ee49aac3a20995fb,176d904f75172ab1c27053a4876a71dc7b8e7e47c74c60b0a5fbd3a4b76f63fb,Light-R1-SFTData-stage2-3k,3158,train,3484,4
3485,4b61a16f5b8d23991633d817ba1b9b62d3cc2cb969f90a031175766dae06c7db,8f0a49a92e7a6e9825d3f4517b873ca6c0c3652ea2873e690586feac049e0113,Light-R1-SFTData-stage2-3k,2786,train,3485,4
3486,e8b900515b3caf41992cb4ff705b2766902beaf5df4b580f3eaf7e2061f8db64,63d911cff128e7239a37e21b23b1ddcfc32f1901b661441136e0cdaacb674a14,Light-R1-SFTData-stage2-3k,154,train,3486,4
3487,e56d8a6793a843f9cbbb5a2ceabb0898a7843794e527d7c976233012551ce329,4b901abf70725a36edff498395128190d2436bd1f47089884612f6318cd6043d,Light-R1-SFTData-stage2-3k,2183,train,3487,4
3488,98ee745c3aee7c0d6e9e0e46880f0f9cb76bc9b22c4d973e5d4b23249c8524aa,9089ff238e02b7b5728c1bf2bf755adcedb7a1943aad29ecb32181a1485d208f,Light-R1-SFTData-stage2-3k,1663,train,3488,4
3489,7d1ec6f6c2444c13bc1b6c69b7f45f6f9c37d98feed57f7c9b383cd81d4d9532,e7d12de576b44cbdf41ab72e01bba7d7cfb26f9110a1e2c0bf4d15dc9cd01bd6,Light-R1-SFTData-stage2-3k,1755,train,3489,4
3490,e749fd6446325ac981504d3df684efb1474bd4db570f1c1cf5544b2e77d539a9,818ba102c6ca5fea3a860bd43f48981291bf265429e302b3e70802bbe13a19d1,Light-R1-SFTData-stage2-3k,2748,train,3490,3
3491,c2ca13904b273bb0197e5914ec146391bc681b1383e3b7cf68c04926c5fbee5c,c86da415f801d51426ce12509d9a2174a99dd50c1fc85de2756c70b2da7994b2,Light-R1-SFTData-stage2-3k,1370,train,3491,3
3492,1a6b80291d6ba7135ff9e87d7fdb82160eeca920b79dba0a1eb8071825081426,c576239b6b3f768fa03206f16605242ae2fb298d3af07f7338e4ac31da31bfea,Light-R1-SFTData-stage2-3k,1730,train,3492,4
3493,0a84630f03a88af95e64807fb77bc8e009799418bb65e77b61179d374ca0be6d,6f4ca6f339caafac4fde07506174fd9cc2d4b88aaababca9f1f366abca5a0705,Light-R1-SFTData-stage2-3k,1683,train,3493,4
3494,5ec03d76de77375ba6c298b372c8e6ec5f3a432c3f5b68362dab49cd353b21c9,4e99a4acfbed6975d8a9b11763a56d78c03264c9ebb10c40cdc5136cc0fa52b2,Light-R1-SFTData-stage2-3k,1292,train,3494,3
3495,7b10881392ab7242ecd4ca7915dc2c20f0550898f9022a8def19fa9936b03cf0,558e2d4c703e5c5a6da990852cd6288d3469cc4ad5641d9b2d7983a41ad15c58,Light-R1-SFTData-stage2-3k,3137,train,3495,3
3496,c26c416ac453c460f66ff2eee105818c803d097b38032b108b78f56c659cd7c1,d35a3c29c32c282d46cc14735e0e18ad87efa1b5f0c11370f4536b808b7c9871,Light-R1-SFTData-stage2-3k,1722,train,3496,4
3497,3116d5a6274cef27d95b1b83eeea6cff0149f97d89afea891c947a5268fa5fbc,115d6c9123635408f0e236ab4f65ff546dda524ed85f69311667831d1f29adff,Light-R1-SFTData-stage2-3k,3266,train,3497,3
3498,813cda05d4adbcea168e9fd1325e8c424ea8e3981aa0ea465db539cbb40d214f,ece4a286b96d755cba0789d138ada3fadaf937e59d6670417b17f715f2977d8e,Light-R1-SFTData-stage2-3k,2791,train,3498,3
3499,f83be72e2ada085e796f26aef4f87758936d9839113bfe126f6513b1a589dcdf,0e16c774431e0fc28590efe2d859761edca642a65a5ebc4a7f8b3a1f4fb97d00,Light-R1-SFTData-stage2-3k,594,train,3499,4
3500,737dec42a6fa6d27ad59f2f0864365d973ab03842a415598421277c58d54b0b5,e65ddbfefd2b68841899cb8fb43127026b36a4243730e4f4ef29a3e470eb59ba,Light-R1-SFTData-stage2-3k,2587,train,3500,4
3501,0fa0156083c0b6c748a0d0892dc332cea4a9ac690159d625f67bb3fcd423c924,f4481d62ba8773d93f2fe6e3f410875441f74b0f23e2888edf18d1431f6a4260,Light-R1-SFTData-stage2-3k,1881,train,3501,4
3502,2c8e1a8d666e840dc30c7fa6020ab766c5be4b5e2add434d44d6964c340b4eda,d373bbc83512367ec7f076a9224fc30f43751b6137b70520893d61622667b3dd,Light-R1-SFTData-stage2-3k,2794,train,3502,4
3503,a7f6016ed88b380504e17f71ea5427b812980dfb879090ef35d67e88f964f944,1019facc94e21a911f214f6b6b4f8418b316a5a34d0b04225552dd1d3ea0c556,Light-R1-SFTData-stage2-3k,407,train,3503,4
3504,da69263c2c8ca566e680721e8a3863701b13509081a5b3b7dadde38eeae85620,a6d86e9eaebe3eb53b04fadcac1fba0c1fa0d132d5771f7be16b59910901b7c8,Light-R1-SFTData-stage2-3k,2972,train,3504,4
3505,68135f542f9be7a0e4f531165e89b3d04df31128c6ebc18d84e5cb058cfc91b6,d8f53cb63e19c5a9b58adad46d1642b6e9583f405a9f440fb070653b314de6e4,Light-R1-SFTData-stage2-3k,1810,train,3505,4
3506,262a596ab09117b185276391f521481d403e47ba986b853dd3d5d3ff5757bc25,356647e25b94cc68a7699594102e5a96c3dc1261afce3e976076a2c6eb2d3362,Light-R1-SFTData-stage2-3k,3120,train,3506,4
3507,66aa3d0ce201016dd5a452918dfa5a0642bbd7add2063a50d7920520efba3064,38cbea6c5a6e40a82eff9c38325cfb18ec6f8492c9cfaeddfccfeb7c4e4eb13b,Light-R1-SFTData-stage2-3k,2226,train,3507,3
3508,5b0eaaf200f65c821eaf77eb11de799950b4c939447914f1f0c1ba8d6af2d631,854f6f53b41d6bd6f112838be669e240b63dc943fa064f35069012c3b9adfe15,Light-R1-SFTData-stage2-3k,478,train,3508,3
3509,edb74b1d400745d55f3f71b4b9249329223284881833f9568c543791a7f18733,1ea96968e521100f6c3226f3c252ce58a71191a65a3ce2c594c68be22c0293f9,Light-R1-SFTData-stage2-3k,1573,train,3509,4
3510,69bc365863f8aa6d0a01e0370ef3e3f2c8011d99ae1b3f11b6fb08b7d25accd6,2deb1967b0575e2d11e2a45627711020aa35a1e1df927178cd342705aac1a40a,Light-R1-SFTData-stage2-3k,1584,train,3510,3
3511,2f0c279d61e2f2bbe8c36a11cfdac4ad3f8e36d386ae8e1f4e293f8766f65e33,e1711aca24239027a2416ae531a327cf918e0ba036cd3bb9900e5f6029417253,Light-R1-SFTData-stage2-3k,2621,train,3511,4
3512,feae0388355dca8caac34b12ed70e58f830c58d26a1347fc6a723b46e02e738b,9760d88c9978b7d7b001de4e552797e6dd4365d1dbf8895c95ffd12597d829a5,Light-R1-SFTData-stage2-3k,1732,train,3512,4
3513,2b6fe52058d909c3f7760005d4f9f6e7f14946ca31ef1e8e9a8cb7dd2f37ca4f,138c6d2f83da0b83c64a0f8d34efc8c717ee50ee519477918d28a44ddc31f154,Light-R1-SFTData-stage2-3k,313,train,3513,4
3514,fd1b4c4dfcc775b39cc0f23de280d2d3e209071345757b0e62f0f3681b64d7f1,43459c49b46e0b42e926ec9e72d1e0ba4125535e0c1573e959d1e97d188e0932,Light-R1-SFTData-stage2-3k,3022,train,3514,3
3515,0501d925f4b2f35631de74e6f20b91fe623b88a5fa70c688b6e0e70284489b9c,f2e644f1811379d51d3d079a7904a516e2a43e8b1cfdd1741198bdb78bd2c277,Light-R1-SFTData-stage2-3k,117,train,3515,4
3516,da7d4e7b56c781c2ccfefc1ecad53d60604ee72e3b1049729377c21d8e5f05c2,1fa8b205c1c188a8e1545ff4f5f0fe45cfa484b650cda80b4b50cc0424a030fb,Light-R1-SFTData-stage2-3k,1897,train,3516,4
3517,c2d576b8ade29c20494047fd4f542f6692e7b57d1184b0bef1518dbb144ca8f6,a4cc8e68895241caebd1b26a8adba9b2790274d02fd68362b0853c82bc8c7db2,Light-R1-SFTData-stage2-3k,679,train,3517,3
3518,fbd2c48ae670a9a20164ac41eb2a941bf7340a7566dd7e8572836b0966951f26,2dd5b8811fdd91d09f2106d74fdd72b583eaf4fb31c52701cf5cef9f4b93d3b2,Light-R1-SFTData-stage2-3k,661,train,3518,4
3519,866f21a8783d9311023f7a46829d99cc1e51466fb84b354744aa0eaf580f7887,41b046f2c4bb3ff3fe8c7434dd0e72941f48326fd58448be5ca05b054f3a04a6,Light-R1-SFTData-stage2-3k,3104,train,3519,4
3520,7adde7f1cc5b4bd48a029440ff9cc1f0693a22d5c3d14135d1da6dea71950b92,68895944ad9d1a7c48a5717eb9ea2553be2df8d328d8c661cd26c69cd371e5c5,Light-R1-SFTData-stage2-3k,1020,train,3520,3
3521,386d6e5e4d5240d2a497e373f3f4b23d0ee8e305e6fd74142c65c9f88c134698,3d4308039d233b100ac7308e261d1ea2f1fae6e8a0e1650bae6b45ad9d24deb3,Light-R1-SFTData-stage2-3k,51,train,3521,3
3522,b8d9c76f2cd7a86aceffaff273df543875f0e81170a31c7171e5f3420dc10926,367b1378defe5a14afeae27502552afa7a1d41d628cdda230663d044cd0456fd,Light-R1-SFTData-stage2-3k,624,train,3522,4
3523,8e4fc7e9dc2ab26470af3ca4f6012836339e1dc5d40d1acd399f9fd51731f4ef,505d979ae2f038acc59931d41ed6c32b8a9448fb483f644afc9804a4a0e42130,Light-R1-SFTData-stage2-3k,1277,train,3523,4
3524,ee3b10c951f2d36104ef4417aa8bd01b15d4efa03a2a2a797872588351944af7,6feaaab2c3915606acad8c8e8a88c41c3c9d54e5c3d892c44ee7f737f4b110f9,Light-R1-SFTData-stage2-3k,1172,train,3524,4
3525,c8aaf3e43f71d990d398b76327b554edc756c5175aa97245fa2c7bccaa6a460a,e061eb8ef624cadb0327bc86deec36dd2fc70754fce35f30ffa1666900cede38,Light-R1-SFTData-stage2-3k,2245,train,3525,4
3526,417b9ade068dc57be201fbde71ea3de18102e3f63a166bccf907176620cfd069,d76cd82756f36eceda61fdedbd0835efaf43c71ad0bc6c01dce61f849472bcbe,Light-R1-SFTData-stage2-3k,1872,train,3526,4
3527,2816a3d75cadab93086d9c42c46af7f89d525a4d060efe7ae7d3549068bbd5d4,a92aa530a594a4e0d6f04589c8a3563f0ed6083fc37f149c1523ed0d6326e060,Light-R1-SFTData-stage2-3k,1331,train,3527,4
3528,38d1f2ce30142af3aaa98876d65021162450ba0131558cc50ca0eeddc0fd5639,9bb0bc48b62d91724259424b838e649ff33f1395e012c99518288fdb1f3314a7,Light-R1-SFTData-stage2-3k,70,train,3528,4
3529,06559e7d37e99a1bab6d07d58814691b9d555c7debbb6efb465412cf43ce5ff9,f122a3a2003695c7ebb8e637edbb7171acb2f6c5c116e1e14c57d62b2d6be40f,Light-R1-SFTData-stage2-3k,575,train,3529,4
3530,1ad94cb938db6d6f87a69dba155a2b1f312e93e8a5b9777e6f9ff5e9b2c36a4f,af957673782850b972f68d55ccd6ef5ecc2469c9df03a7598f9fa08b2223baf0,Light-R1-SFTData-stage2-3k,674,train,3530,3
3531,fdca1104ff2aae19f05badf2bf1f7e4d63921c2f12aea5aaf4e1601ce7bdb8af,0ceceeb806fca9339801bce21dea9cbf576d3196203b7bf3956417354b04889d,Light-R1-SFTData-stage2-3k,1790,train,3531,4
3532,9be1929cc0c664606a62422589d6de062a03ef8a857c9937416c2356333e4978,2e9cbb49eb621c1238982154ea7788b60d9c5de85a38eae5b7d7f4f3fb2d22d9,Light-R1-SFTData-stage2-3k,1004,train,3532,3
