rank,item_sha256,prompt_sha256,data_source,source_index,source_split,first_position,count
0,b8fccacc08b84bf752d3c51d63ce84ea195a16b4eddeead697c734b83fdaa1ad,e2fb29e6e0021c56dbf46c9cbb2176d43d214b6b3ef664c263d930669da9cfe2,DeepMath-103K,27313,train,0,1
1,60e2a44c3ea5e781dafc085a86d47f847477ed3bffeaa6ad193c61cde0564761,d6679898e51e855117a59c6ec8b70ffa846158548d03d299dbfba182bddceaec,DeepMath-103K,711,train,1,1
2,a52026c007650b5a8053bc149ce9d7117f08f8d29bc676973e29940bb588a130,cd863c197fa06b0708dcf9c04399d2d7c5ba2336a1cee6ef4694a8bc5ee5c01e,DeepMath-103K,36293,train,2,1
3,cbbf1f9786974b8ccc754b749512b6acf725de93a575624703958efc0a9c288a,1dd66ba1bb439c511602c30b0f1d064b9362a5fd477eb76450b9c78d707f0771,DeepMath-103K,51861,train,3,1
4,7728d85bd9225e01a610d9a09c5fd4b2f289aaf2ec658f32607c19c74b3783e4,d2c83f3a207766747e8385ec2cfdc578ac30d59d720221ddd72863fd290610cd,DeepMath-103K,8868,train,4,1
5,3da660679296765973a7bf977640daf7406926ff3c8334b4d51830039602f9c0,9a4c41b5921d52138633d9259c9e65c0b7aaf7b51ba8361c2b3acd259bb81eba,DeepMath-103K,11598,train,5,1
6,641d31432d13c02f844ce53f3b1f7b64a0aaad2c6b7c4dd05e5ae617da0c9537,4cd1e9015afb108134ac5c8c98d7ffa0e4dd8e09e8b75d023c56b182b155c66c,DeepMath-103K,25349,train,6,1
7,9fc5af2f6a6f3a7c99cca498c59cfd74057f64190f690e9573bda0e76c8a525e,fddb2f8cc5508bff4063897adfe696638aef556f56d1bbab29db52c3dba5df87,DeepMath-103K,13831,train,7,1
8,7ca50b72bbbc578af3a7423d3f1f72cbf84c7c3befaff1160b47f42aa5763dfe,60411055efff533cf4a29cfbb7d0280ebee4df54dc8e4ff805cfed8f1ee6fc54,DeepMath-103K,6721,train,8,1
9,c6cdaa07a631639685c7377e33f89371a28d04779cd9cc850509e7c52daab02f,50deb8e3d4ada7eb1687170d308be6325a0056083ed3b7649c0156790bd02adc,DeepMath-103K,52264,train,9,1
10,72dc83df2badd0dda40f49e63b4d142b14f1f49cc328c71b70673ba0a4704707,f503942ab92a5a1b7f73974c2afd4728ad7b2ed5ef92e44c63f9f58188aabd48,DeepMath-103K,1727,train,10,1
11,df2fdfcdbb8dc4e9d86db5ee6d296249b2fcf690a1e4caa746b903b107f92d5f,f7a3c1884453e5faa7c19e667d0ce83dfde95e8bdb9b7ab0111277d8b53f40ee,DeepMath-103K,39926,train,11,1
12,e4e74591170395a636a6598a7d5b77fd5e6d60fa7d730ae863b6d92fdfefd6b2,82523c04af53821b27275f67d140f6d4261f673d9785be31253d23add8168311,DeepMath-103K,25637,train,12,1
13,affd9ae830055091912a7e9f8b656a49b77366b59c5bef7d79555366d368cd68,7ec968a162063d8611b486a238a4516dea816a38cdc57ebc53aea6b25698eac9,DeepMath-103K,5772,train,13,1
14,cf7b4f547295303564c0053177dd227e0e4491fc44f9fcb89417f05900489cb0,36881d9fa1cdd73f235020b5c6bc43433f08dfa4abb07e9a67af2afcd5ac0bc9,DeepMath-103K,11805,train,14,1
15,4f5f60850de632baefa3762e54b4c137ce9f1323191dd7a7453dfe8003b6c74e,1974bb05ee3b398165005cdb80b9ccfb0db8af772a09a094dba046ec7fb479df,DeepMath-103K,3219,train,15,1
16,a422dbdd4d2334cbca454725b35bb7a2bc961fd4e4488e35f33d7b2a16606210,d244e12e60e39d79f237202c8f27d4551e3931e3d57ebb1a4aa35356368c9b40,DeepMath-103K,27110,train,16,1
17,277e418c966331a2332322014e01f3d1df9df6dbc7403c203e2fcb750c90d317,da2ae6bd4175301a1481f2827dffc5bda37e4d9b64c03cc6d8bb1bc97bbd5b03,DeepMath-103K,20303,train,17,1
18,9582cbe7705304d31c4b472403aad7ab256a3d9bf23b4804d59a65ccd5bddc2b,625c89276a89d77e87ac84644942b20186d216139d0943cf13a1663dba48ff1b,DeepMath-103K,18855,train,18,1
19,1fbde060aeb14b44fb10b3ce4ee37b661b2017b94df94e908221e1cae266e58c,e58447c211fd08845459151c7afa7b9d71e372fe89cc0493b7d9d28c0c9a05bb,DeepMath-103K,3299,train,19,1
20,659794655031c79969856c537677dd88c74a8adc6542ec716345a57588d9fe64,ea779b399e20abf903d031bc4b433c247b404eae4c742b1c57615ff8c6cfd8be,DeepMath-103K,44397,train,20,1
21,d1f825be510fd69f7350c2a9caff62c3dad58296e6e678c39a102a0f50c115ca,49d090b09c63b190dfff7defaf014f1dbe93b8ac67c353947de119c9519d79f1,DeepMath-103K,33550,train,21,1
22,dfe56fa60ba73884909bf618fcb0a1f29ecefac91dd9da2e50a83adfc1bd3fd7,59eecf412ded8527cb6dd33d78f57173e06d8b6fe4add8f44c1cc9aeb30237d2,DeepMath-103K,9231,train,22,1
23,5583a0244af9f2d93331a23a30586b874ddd9616800dd888a67640e47b33da78,f942fd4b5188ec7a0c47ee3f955f58741948a1e4f800cc923cab75a1b4a230ce,DeepMath-103K,19801,train,23,1
24,b0e6445d7fac93b2aac193a6067768a0aa1a682f7b478dc7d20032f9d55f9a75,903e82f78a429464495d97e73fe1c1bba4e5062744d212bdb7eb4d413773f637,DeepMath-103K,41927,train,24,1
25,769285742f5f2e7b91e4a515658187e47d24b28350c2f898b108d66dcf77c8f6,d4e64cf66deefa5a75d77869ce9324b98b649dad96e3ad4eae7e21e0036939a6,DeepMath-103K,52038,train,25,1
26,e4481fa335c0fde485bbd647d4681614905c8a7886d01bd87f789d038b82aec3,9496da1f4f73669d4a6ee1042dff5576c6645bbf8034c82dd2ac475cebd85859,DeepMath-103K,34189,train,26,1
27,bb0375811b1e92ee08e077125f6362a987e4e50543d6c0bf1e0a6e8f62730169,e371eb26b1fcd8ad1306d0445c728bae76f0b5a5b579766a7b53f0ed82255abd,DeepMath-103K,9640,train,27,1
28,c8c713813637e8d2da778a52c26aa935d4e888ea3ab1a751c929b4f954fb8900,cf0c52622583593b1783b9aeb7af25babfa4106cf7f2a7068c8dbca31fec4ebd,DeepMath-103K,14765,train,28,1
29,1030c34f414533ceca33c914d4b13a9e2fcb4ea33d8c3bf9a7b1883a024ad575,f45e2521c824e898789e6f19d78c60138973bfafe47396cade3b969de9a2c88d,DeepMath-103K,37662,train,29,1
30,d4b1162a76b2171acfe500d891f140f8e9b9805b225bcd140a529fe438487a0c,18d164e6e9fb0ac2d90d0476a10b35e94491ad8520aaa40211dfec31b697dc10,DeepMath-103K,28398,train,30,1
31,2b0f702f6685a6db3c47576c045c521275f1e72f7f15c2d5de8e933d56568318,8577007a034bb90f055ec3b042f56078ad49aa09b8029754c1d27be5d70ef6cb,DeepMath-103K,51262,train,31,1
32,847238e60151dda86d12b52af27b8138891a19205c34a600402d2b2eafe2644d,8e74c52bc5a6257027ec76cceaa73f9c08db0406989373a9c58f1fd7395a4407,DeepMath-103K,54653,train,32,1
33,341986fe664c5bbbdfddc3b7212fa4b42c2d6fc6f99b7fb354ccb3fe94eaa257,7c3ddfb51234ad9a62523a0cf7c1710f9cda53d165e3487135f7fd3123f8c121,DeepMath-103K,22038,train,33,1
34,ef2e494114daa7ea87496edf8755f8395bd05c922d6748507326b6e54815a599,ff0dab95e86c1b033c1e4998e937269c54fdc6de6b9c4036ca91a15f5459f5a6,DeepMath-103K,11524,train,34,1
35,35db45cf2894399ac1c43742f8a1a20ea07dc3cd8735321ded91928f04c42996,bb3bec6e1955339524af8ac95e627caca19e7393db2cf7e80767e2ebfdabd602,DeepMath-103K,41640,train,35,1
36,3532b2d8c09a11fa2967a02d83525b2c9bbb37b3c39b9d0522f4d9b0bbff1739,4c735e42add4be63fce5b57d41aaefb15e6c592dbde500ec77fdbc414a87c3d8,DeepMath-103K,56924,train,36,1
37,195ff6843a762baa30ff5f76ba636bca6168401b74fdf166851e13778aaceccf,005e580c0dbdeb179f88ffe4909069f0c0f85b8b70efb445090b88d6a1cc2994,DeepMath-103K,1813,train,37,1
38,c57b8a78c3b99d66927b8b15248927435be9428f508900efa07ca6a083385d1f,66bc814710925e8aa7bef19b8a4e989766e566c5939a6f7e3dda000f9dea586a,DeepMath-103K,23958,train,38,1
39,ec22fae0f5500292515585e57f8601f8b8c9b448e0b36b42682e66b09974832d,f149bbfd09545dcfa532cb1fb7b5ce9dc5a7b18624691baa9be7a851d4ca2960,DeepMath-103K,20219,train,39,1
40,b69e9c8bfbc010db0ba969929e940225852c3f5f02958a787b22768bd1793d66,0ce1d222ffe8d4c4f78eb76d12aa99742e1d3eeb2d4afca4e1451e3189e0f6e2,DeepMath-103K,17010,train,40,1
41,ab552de2ad8c44b4d27847c813dd1285362b0f893128d288ee55a0b7112b8fd7,adc8151ec5c84c3c9003f8617fe71a0cd702e9a7e0758040a37c5cad5aa5b833,DeepMath-103K,33567,train,41,1
42,82e0113459435b241afd5d502c012bd121109e8dd298468ef80a7a88bc4d6244,3f7a3105b8286c7a8cde64151b6c5778e3bb353f0e2f86a33fd72d17dedb19eb,DeepMath-103K,53346,train,42,1
43,f58a3aa1475f84e12e56eaf3ba00431c1e5e922b59e7a60778791dc472672116,e10edd8dd3a13062cdc26a2895ba2f24a43d1038e0935b1d11eb9f1b23a84972,DeepMath-103K,34075,train,43,1
44,90be1e810ae06a6e5269a3a9fb6ff68791189a7097fbc8b822211531ec5e7916,5083b510c41a6129ee4fa8580e9eb8834f778a3e34760d38c5afeef1bd964fe5,DeepMath-103K,9409,train,44,1
45,36688ef0b8dcee338bba6a2c757132246f3df7bdd1ba21c2badba963a4c67968,3afa8abbd42aefa4f82f194674063aa8871805cefc3d54352b41657fb3c31d85,DeepMath-103K,10771,train,45,1
46,a6914b1382022c2cd0c974242f7eb30aca462e73c1e4c7a8b7e05fe51950652f,6de54a86cc3be79e4eecfa4d4714edb8b1f3075cc72bdfb564cc0de9008c7265,DeepMath-103K,40034,train,46,1
47,0a5250c3687a6a93a72e1e44fa46b071a7806a4faee0fe8964886487ababe3bf,eafe4d835b181c4d78e4bc122b0a98acd70e387d60db79039e6a31e964504036,DeepMath-103K,48671,train,47,1
48,2c64a22003d3e98ac1a471e836c276bbc2190379bce53d182840c92c10e20f18,b563377d6bec3246acdbb392897d307201515b41ecf6bf4dbc5f927c5f73a92b,DeepMath-103K,26449,train,48,1
49,a61881f3262b107d6ecc3bd0de16c3b2052aa899efaec34211b8a25aba7f73ea,6ba209ddfbb734b9e894500beec8a85e1b9424cd9144f3db35935c6d36db4c1f,DeepMath-103K,34368,train,49,1
50,cd8f1c58683002930491ee7592b34cec75e9646503e793f3010c8c2f26567c0e,9d22f951c5d5daeef43ba36d25b079f577d33d0db6470a2d807c232ec00eae4d,DeepMath-103K,36696,train,50,1
51,eca30bc87536fbdf7183f276173d2b316ecccf4d75bde7c1b720756a7b4026eb,fcd7fb136cbeb77cd36359f7e12b08f381465aea90ec0edc6ba903c337eb5e90,DeepMath-103K,52885,train,51,1
52,47ba8b38db595086935688ad751e67bfb1be33a7911fca929495b2dd95d7aa55,f4f9e73e2b0116c161351072cd9b24bdbe4af22fa311f46016f5bbf48570fca6,DeepMath-103K,5955,train,52,1
53,cb8bcd310e03cbecbed4ae7c996f6636f2b06190d0f095fc6e3c0241f7c36005,ddaf8d7291f45e920f1d4f9fa3ff35ea219f2f31a9f0d8406cb152879cd0823e,DeepMath-103K,22372,train,53,1
54,d05159d7bfaaa2f4bee4dfe851801eb08545387a4393f5d7f5b66bb33777acf0,48fbd9236e342a2f978d237c5311c6a9732ae03b6fb5d927c12e3a39182ed783,DeepMath-103K,57041,train,54,1
55,0c9d96b78cfe304c0e84382a5d66f91bdecfb5a06979fe5fac2f738693cdeff7,dcd2398f41dc7227d98d29794861f7cd26ea821d25f11c65a3317ec94f96f3f5,DeepMath-103K,55955,train,55,1
56,b9436cfc6db6b4349817c528e9c9eb1d1fdd93acf8aaeb7a84f7ae74a35c1ef8,aecb16458a9977fb3ce8a58d6cf6b7836cb01b878ab304794a2cd99686bf6167,DeepMath-103K,31803,train,56,1
57,27bdc471553de1bf3bb8f19b67bda1cfec9e857f3822c1074fc1c2a3fa41ea7a,c68401462b1663fd320874d94ec16a150417aa77067a83a78c45ffd48624c385,DeepMath-103K,48176,train,57,1
58,2d3881fdd00859b69a7b6b108a65d1d89128e329a2945671b4d5963ce2e7c8d5,f78d0fc9a81dfeb5991759436620b10c8c6bb26344e3423f0395b7a439f78816,DeepMath-103K,38571,train,58,1
59,2018a7a583af46318c62f6bb0c491371cbed21db8b7eeb6cf1e06f0e6174f19a,4b6dbb6c6f7716b6e40b6cc3de4160dbbc0a7fa71b1f9839a37ff0ff4175d98e,DeepMath-103K,45540,train,59,1
60,cc3e52ae9653df51ddff6395045cb2a691c9cf7235993e5bf51de7f8ad2a089a,b760b161b0817046d58a6522e874e66b9c884251e977e05f7959b3cb8bda9e51,DeepMath-103K,10592,train,60,1
61,e0580b270ca3bf9fa1ed6174bc1110ffa3f1e8095ee95e40f925d3782caa5b4c,e2f3c432547ecdb1528d9af24756f70a2cec696df50026a8bc3acea5cd5043eb,DeepMath-103K,8444,train,61,1
62,a307408b7eda90c1d02c4b183dac37704e090c51dda8814fc78697aae949b570,d3b8f8f88061c3dde21e352159e8332a93e0e5470ead43d832a4162316a085a6,DeepMath-103K,55431,train,62,1
63,1bd3db867b7037af2b3f338352e222b4c92261e54d7efb9a7c6dcc4e06488b3e,36f3414cbb6c39a1e58b34e33d51361184044333bb33485b4e03ac2868b25420,DeepMath-103K,40786,train,63,1
64,6e55f56bc5f861c68f1635285988af89facc3cce0bd888cf46956029b50e4d94,1714ad60aafb2e32d2bbdd334af5218fd4da81afc0e10bc3e3ac037cb40ad5e4,DeepMath-103K,31798,train,64,1
65,92b5e3488ca0703f9ff32ecf67b7d615514aca0abc08a094231b544949b40cd4,b250fcd19491eb187bf2cbee1983411631dca7bebced5545139d44c8ff0bc895,DeepMath-103K,40401,train,65,1
66,e7ef61e95e4d40ae71f8cedcf6261d52f65ae01c947b1eaf160ecc7da74729d0,e770151b5b76d3368eccc6bbb77e5299fe05a3c86c3c1ce076ca95240c8defb0,DeepMath-103K,18968,train,66,1
67,d91929c735148bb43381ebe83d4538cd469045e913974d44f812e97e6cb3d00f,cf69b1ab92f2f658194834a09a726a14d8502c23641f45629d16d6e8e7bbb649,DeepMath-103K,32222,train,67,1
68,0f86aca60ba2f142c37ff47c1c353c49380a9e77de72b67dd98a2956bac012e9,6163aedc9dc96619a47c81755d6f63c8999843bef3a20ab9d967eef1cca40538,DeepMath-103K,42712,train,68,1
69,169694ea2d93cb14d990902d67f4618954496090589187afa72f1775a1262603,c64fc8e49e0b54974ace76b12eaf2549992502973cd60711d62c570e813e54fa,DeepMath-103K,45488,train,69,1
70,db8d01d5e7f3232a56179e9bf7656994f7539a0a57c89f6d4f88d3fe7581fd1f,15c6ce644e6faf09b0da4dacd0bb9a6b76558dd7b5707ffb357db316ba755fc3,DeepMath-103K,55986,train,70,1
71,b90e2769486afda96a71accd3fb5c8de59a5b806c5f72c0b08deb3689df7fbef,230c86a60d0a8ae18252613fb987ab9591f839b5ef9eb86435c29a56897725e2,DeepMath-103K,20207,train,71,1
72,62b38f463d18eb6e1aecb09befa4fbe3b39b8b3fc62a90c0ba04b0aadfe8c158,e8a7e11f6ceda0f339eea7b5dc526185fca8a3fed57e4ffdbb333735e23b347c,DeepMath-103K,1087,train,72,1
73,3d3f702abc44e7d2658c5c905cbc4e88e3eb9c7afc374dc1d40ade25592cb4fc,334cc88852bb6a766ebc743ea2d4078a72e661c90bebadff15f848def15358d0,DeepMath-103K,9472,train,73,1
74,67b8d48e453f02a111744485c0df39081060aa549440914fc7a7e31fcb80f5e6,d429169125bf6a71680c04c8030450dce6100abad17fe71b2de6172e2620ff6f,DeepMath-103K,12482,train,74,1
75,10ae434d9685e4a8115349d44d516ad31d1fe73eb2132fdcfab327b1b34d0e58,547534cbb301e6ffa7f855fc10f3050f566b097ab99768dfb1130b52bea13c08,DeepMath-103K,53250,train,75,1
76,4a7bd8cc65513b2b5177f89496539a37eb7955755feb5573abff145eadd599fd,087737ae84a5c81fc82ba29cacfdd0f083c703aa30b1cedaeba915ff8c4df0d3,DeepMath-103K,48255,train,76,1
77,2f0e1c82ab5291f414337d815c2b6e02a30ffcc3e1125c0445b842549c77d8de,599d7392f6f3a396997eff7f79e5f03fbd8951633233a1ad903e8169a83d8247,DeepMath-103K,54043,train,77,1
78,34c270ec4d3f579b66b6bbc89dc1ddfab8062e76e73cbae5080b9eead46fbafe,3a86db978604d670659d7c06cf6b05eea43d60590658eed8e24dabd064270d56,DeepMath-103K,17920,train,78,1
79,ccf82e728ef78508d1b8def3b1cc708693df4ba3d8dd78fdad0a920a1ca47e89,bf4788f550270a788bffab872006ff384e62ab6e192ff423ae2288308a412386,DeepMath-103K,19468,train,79,1
80,1139aecbda8361f3d8f39bd11074d5b1981369da053411b34f94d63f7e25fc47,9d370b26f9754f017004e4b490e1b7034c9b81c5bc3a9a8288930452d1861a82,DeepMath-103K,20190,train,80,1
81,88cbc4b0f9647bea842a83f07954f2a944728eb430ef31237caf690740f12986,25625890dd5c6e907ffb495728864c9245deda942094d72947f229a210136053,DeepMath-103K,2955,train,81,1
82,421665d807daab9ed50ae654ce75682e6e50528e316d44a2c5d57ae536c2db8d,ff467ba568844fff53f7facc9f10a9ff0607d5be05c5674dbb5089ac8de481de,DeepMath-103K,5093,train,82,1
83,0ba95e40ab070362541f0a5582efded4dc943d606d92612d4126f9cd675f8df6,0aa9d2d9b6064241b23a125367545284c331f7ee535bdac23aec6d2b3df49f97,DeepMath-103K,38039,train,83,1
84,5440235f6f8fdf7c3e8033d8b27b2151acb821be45992ffbb03fb4820723ed8d,bc5b52a07f986bf2e04de3b2d75930d808ed3da96420c61bdc49a61b88f513a6,DeepMath-103K,28001,train,84,1
85,8790965af3ab6ff3986e21a7cbb33d45b77476bc46f5150c2a3d4dca1833c707,a98d67b982d2c139c5b477af9d2293829e5d4157ed24cdf3fd335433224728f1,DeepMath-103K,5307,train,85,1
86,e17dda6dafe46c22b401abd46c19a77524421f9ca03b9fa617c7ba85bfee0c7e,c9dc8736cebf0e678632084fcf23819de7e53be0b5ae8ed65631fab4d20696a2,DeepMath-103K,28123,train,86,1
87,2cfa73d0038c63ee00c7f92d50aa550c3bd4f07f4a75a48f616e46f4088b2b18,072701762f37a17f914d63e125847d191bf9198a723d3fb711e4710688e0a484,DeepMath-103K,31096,train,87,1
88,bc8c2d7afa372df159131cf14372b9ea43539f1bf7a8469a0d9c4aaba3768540,3bc398e9efc38eadefe8517d7e7d54020578696e924251d3f9bc745bc2bd5b75,DeepMath-103K,24319,train,88,1
89,a53f13fc06174c9dcdfc9d52d1d6dc741ab7952a008fc8b2940df7280b6bbe16,5cf43a0fa1c9b83010eec45ea37fbf5dcce1e163df177244442c6af82a2bb85b,DeepMath-103K,30079,train,89,1
90,4d7222d7618ca476c327443214a134d4e11287910f2da6c48f6d3c42096514ba,b64b87b1e4b6f81832a49d125a48fec6b7ff3c45ad649139673928075518a07d,DeepMath-103K,4897,train,90,1
91,e76bc593bd07bef51c0e0c7714ad5eea9327631f1287aac0c4e2e39d0c353a30,a2d0f0c2fab178bf3e73ff62ce0616e30b67ace6a33bdda81b882c0cede9f807,DeepMath-103K,45812,train,91,1
92,5232f68bea9aa940ff7bbd02e20501fd46ab70025f4b24501d805e6324cd031d,561680a5ddd13cd70fabaedc3684253f1b3fa1db7878c7164b75f8255d430ea7,DeepMath-103K,44050,train,92,1
93,de11bf6dfe451ed2bb4ec64a281dd3c34e1333a6bcc0ec537691dcf7eb4d6bbc,cd2ef60c72454dd96e2ce596dced1224f665e47a146b9a86af6c5cc76b6e107c,DeepMath-103K,33903,train,93,1
94,239e5fd7969f887c80abeb6cfaea40cc6abed7d680aad04918256239149f1611,5ee4c95d95f8c4f09aaad1f67e2a0ecbec3635c9644251c0a348e46a4b7df113,DeepMath-103K,28204,train,94,1
95,e6d0a9e258d033caffcb0e6344eb065af2f4739f08c11dca9e206f2925ceb56c,659985e8c733cdba586ede1d5f1228453e4d4c62c6e7387746d8f5125c94a839,DeepMath-103K,7961,train,95,1
96,e9f3e1ba3e90c7b1e2a0e5a3bc05bb0e00df446e64e285f94e7f6241e73724ba,a8d507a3b872c59d01e22f3c62d7d3bb8bc51da2f4e50e5076464de8241db9d4,DeepMath-103K,45770,train,96,1
97,1af6c2b17f9f3c297c153e4b2dbdd0ffdf68be793123befe1e21c7132669dbf3,f2bccf6d478f52b6593f154d0fd5654fdc82e01ec023cb81d8c0671622b2905d,DeepMath-103K,3148,train,97,1
98,72872fe5f897758118b6ec670d1cbf777f9bd2791d7725bb187a647e6f460ffd,38d919a82ea99d0338ef3c19deb2ec291c85dabb0585aea6ad6418c273eac915,DeepMath-103K,18466,train,98,1
99,1996e8044d861f8edcd2116d017308ffde1a526cd507f3442a12f69ef6f776f4,47a99da2ae59b62422abc9dd3985bdd5164d10239da80e49465d20a94ac95a11,DeepMath-103K,15676,train,99,1
100,39e935a80b0241b22a077fe68d962473e6fa6fbf7204af66070ec46f5396fbba,1f264bd51491aaad25f670e765959fca69f12db6ab5bd542b4afb190f37a2171,DeepMath-103K,24292,train,100,1
101,713061a65d4092b702bb8ad1f5a9f0568abe61847f5b8b477d4bb86b430d9d2c,7177ae7d96e2d7fe6c93e85909ce1af07b6e79039dd5f473b713eacf86874b70,DeepMath-103K,1267,train,101,1
102,99252d10787169fca35ff18103938c7785c1692d5ec3dbe9d9ed50bbe24177b1,8c392b318c130b6d9a199f902591fc2c2ead057f3914566f8a80c8c3f4168c23,DeepMath-103K,5833,train,102,1
103,0e51e0c74f84ee4be3e51f24ff2ad00c98f8fb63bddb31d734dd88f0cd637087,fd3da2eafb231dadff61942baab0cc287462f3571fe10bb3644f1c1d45872a86,DeepMath-103K,12436,train,103,1
104,7bc7a52b5224035d078ecb87fc4c2cc4258efe52def5328d180d96ebdc8f42b1,e85ab78577c3ed69ad12555cba23c0889594b40c0d72f0d927310bd0c2c298d6,DeepMath-103K,39602,train,104,1
105,d4598bcc180871d4d30ebc39321093392e2b23349a3ff260dc27e11e2245a507,93b157917aae8da59541227fdbb99d977f873fd3f050dd85c593a7362b58af12,DeepMath-103K,13873,train,105,1
106,3b4d2e7293f2df72391fc1200331c3a15a71b85d372f8af46eacfdf11ff402cc,4d1aeb22763cca4bdc0c0417616fc102ded47efef1299ad139b371c9065e3363,DeepMath-103K,41672,train,106,1
107,e296e8ea3202462cd703f25f4dfed5c8127ca4dea153a1cacd379a9d17b179fc,8b763bda2b4ba4f4be5b41dc4da1ae8397ea3159eaf94684de9485c7a74b1f33,DeepMath-103K,31204,train,107,1
108,9ba9f1fbcb17506b7845128e39bec6f0f325599eade867749f74f235734ed4c6,1c82dc2bd2b957c6aa2888ac8d9c40ab92e76da9fc52717e23c55b8d0dfd02d4,DeepMath-103K,37863,train,108,1
109,70c9434926791b3d6c4908c91839dbd15ecc39ab439cb214f8cd8cc44666a758,a14f3bf9bbf944df9ad51d4020e449f9ae96120423f94f91212096e8e64be423,DeepMath-103K,26634,train,109,1
110,d8eb03b36ae542e99f0f9763c5d8a9d68df34e616906d324ce908063df9662c7,73bfc3d66d45a45e6f0c33c26b14052553fd264f0571e63feaaaefea939ba4fd,DeepMath-103K,36697,train,110,1
111,6a01e6b2a801ad73bb70fc333e7524f46dfc6345e86a720d7de133b668ebdc89,3c9ab278e9eca59be88a449eb97c49e229c3b580009738e19b3b39d4d0d03bc6,DeepMath-103K,48922,train,111,1
112,a0d3eded3cbf93341fbd9555798956b5ed635efb14f9022b7f7de27ccbd15329,9defca32ff8e36f7f291556ab719b0c4209cd12a7afea4fca16b890ae5b5b90d,DeepMath-103K,51538,train,112,1
113,eb65eb32af1b0ebf6bf861130a75bac14f366c953f72dbeeb82bc1fc487b1b87,8bfb0b3f8d99d419ffd004d4f25516928cfa214f808c634fcba91cc16ecc5172,DeepMath-103K,39296,train,113,1
114,213f2d065ffbc86127a3caa4e2d18883ffa79f433c0389b09151f22caee0ebcd,f56ad334ed71605e976bf25490863164a631530a979b5362e3fc50e900cf513c,DeepMath-103K,49064,train,114,1
115,ab6fce31cfd1296b6a80d499ca0ae181e2ae5bb295729719027673335eb10a54,d88dca36a5ecdb510c5bf095b45ebf325e27d3aa96adea491dea34630e4bacf0,DeepMath-103K,40073,train,115,1
116,8f6be1f2a2cfb56898c7cf2ee43cdfd2082f6068d12d02ea0954b37fc00b2a07,d1bcfcf5e348baebc8af748ae4a189e8e21bf6c13d4519cbc211b81b80f97c31,DeepMath-103K,24257,train,116,1
117,4f231be93e4309829c50437006b432654c5b73d5c0758c6f408110dc5d618def,245b2ee6a6e912afbf5d0fe60001deea70de84a9231fd9845e2a5ef02904bc7e,DeepMath-103K,53715,train,117,1
118,3884334bdb6831feb654d5ec537a60eeb4e513f789841ca4562a9a759e1c2d1e,da858d66219bb3257b5cb06f480dfacfc299d2e42379144c499a8894f17f181f,DeepMath-103K,53234,train,118,1
119,4f61eef0a7ae96150ee8c30e12edd7d2dadbcd784e97730b97ce91ff3b0dc68d,a2c8f1ea204308abd0096db8ddbd31501f3dcacb5862654fbab7b52a5b4e7e3d,DeepMath-103K,33744,train,119,1
120,fc860ffa876b021663367d232ab27ba9e44c0107623a96ac6517e4102d5afc04,d56609982b3a03562336e283a632aa94f1842b83b8f794b358a684bfcb5b50ca,DeepMath-103K,30535,train,120,1
121,14d92f874fcddd7a13b0169e0c06f76151457f47079e1b26a28a415877481434,2be64da762fe8a2071b60bd3c8c1e6198c910cd5e26aeb76bbe677d322b0b560,DeepMath-103K,12528,train,121,1
122,db5e756ecf50c394a571d756428667d4125d1c9bc8d9011c16e4fd1c084de1f6,bb032c209d88847493abcd48d1109df522299609965f02eaa13189607f833b85,DeepMath-103K,10417,train,122,1
123,28c62af8fdd67997dc358f4edaa491d4aa3ca6a4100f555ee1e9bbea8d0a88fb,52040bc3df277339c4a85532470027d5dc4ccb930c9e7090c6327d4dd787468e,DeepMath-103K,30877,train,123,1
124,1c526a14c177cc30a0a3c1b22eeb6133dc88d607f3bd14f44cf0f023d70e8dbd,159d4d733ce8359f3889d4d3f3873abceb6ed5ebdb390919b90face8a0259254,DeepMath-103K,47900,train,124,1
125,334a69d202f8e8d4e28dead5ae8b9947b2b510c892655d22e419002d7cee4f06,c70e3301327bb986d7fbd007f4b289b4fd5fe3a9927da33b96a4454d58745782,DeepMath-103K,3164,train,125,1
126,9f3d4f853f829810fa54821c865fac5a21704b0ce7e01051708065bd69c91113,8fe5f456e57e120ea246009563450799604bf1f93746c3ab4b36e54194850f9c,DeepMath-103K,5953,train,126,1
127,d223524f4c258cf52d5b20fa5b8568db6192e6430758ab8379d983b429fb69a1,3fa4fa1076c0bc79c3770e8cb6700601b4ad417fcd042cff6aa6d54a3769e0db,DeepMath-103K,16167,train,127,1
128,b3e42a9256e5740ee993fd6826275b34eb8b8bc0f49883c85cc60619f3e27803,bef787693fee161d8104e63eec8ff06fcdcf7810fdc440f62b83e4901437f3c8,DeepMath-103K,43399,train,128,1
129,6323dd1c609b1d72ececf185f1b7dfe45218c72b54dac2799c89e8b47a550fc4,6b42dbb44b5f95efa0cb3377ded565b6d12d0b9eebca9a6de9adc5878ee2440c,DeepMath-103K,22125,train,129,1
130,b9fe6c1312dea6a0cb2fbffa5991917ef86e499dcbe42b69293ed90feea48ae3,109bba8a7a57efb082e905998701ccfe5b503dfc3e4fe7d70c70a3135705018f,DeepMath-103K,25614,train,130,1
131,3208f8a75ea80efc340f9ee5c07beb51b39af29d0fa61605137eb161cc1b92e2,d0f8f616ac00b1d5f70740472172b643474e3d4620435e69526ce1e86883fa0f,DeepMath-103K,8160,train,131,1
132,7d8d148fa3f4f66dec06b57b3d076d488207fdc97a2f3c616e32d9ed16cef115,2b742d3584a6b8f63beafd090db3c37c857fb6eb28e872d69e5b3686a128117b,DeepMath-103K,36819,train,132,1
133,124cc112520b0f09e6b6c4eb75baa16af352263920e4d75d58ce06e643165708,e15396ec5c61172106a52db1206d47e463ebb4aae406f2aa56c04a7b59e9e9af,DeepMath-103K,50371,train,133,1
134,adc0060b034b22e4f8dbbea14de9946cb37e1ad97d1f827df9fbe0e6a1645e21,e0f2c35dc2b8e6673f9b9ff35afa73e4797bcdaa11c35faa2f8eebf15437f3e7,DeepMath-103K,8746,train,134,1
135,813be78bd2d70e5cbc2e8ba8c734d1cb421c27fd81346adc35da6e0c829f7468,1370eb471743dc75f370f45e1f712be6f1ed823a154c7501018412d4fdb38357,DeepMath-103K,46297,train,135,1
136,410c242819e4f8f8cd0d4ef4feefefe27b750120ecd74f85e20f31dc82915fe2,be03fd13630372ce06abc0678249ce4e7454a341dc45bdb39463b740a15d02fe,DeepMath-103K,34158,train,136,1
137,61d6ddd74a6454202382a7117511bb8ddcad21f4d48130f17bc8f3e1d573e97d,b24a30cb3d498001db179413892077967d390a3d29b6f31151f50ba490d49463,DeepMath-103K,25834,train,137,1
138,eceed30b1481107722a029871f6fc27cb4862a57913fa8fdd84f53004a626c20,4ac1cf19f08aa4b9de7333ccfcb3b6af72e2248b2e85fee1e113c9dc4da47af2,DeepMath-103K,9795,train,138,1
139,6596f7337767f98b9420d500a36ab420bcdaf1bb5a5b44faa80b5ef39cf9d177,eedbb7e3e477feed98ad0d9497415df2a3d84f0ef96f221869c28df0caeacd5b,DeepMath-103K,9146,train,139,1
140,219d54bb6a4591f6875b0053ac165f14f7eb4feac2981049b7f0f0aaad3cdc89,34f01818b884cdc9f1edbea06a7c642b81f2a8bd73df031c54a2b3fc1b868c00,DeepMath-103K,9193,train,140,1
141,437f976299eb6886364f5b00a9fae54af1f944b61c4fba2d427a578177b10017,c525f825d29d4e7c79a5b5513b5e540ebe290d8079133f79f80f2ec3c88d3222,DeepMath-103K,19822,train,141,1
142,19da56db02f7c5975d8322ec7690f84ef936bf4cca7bdaf63847933ff1775b03,a8d0baac41d99c7cc0c4924e103b0ca3e46a94db542c29ce1ff6e06b553c39f7,DeepMath-103K,52357,train,142,1
143,4033800d3569975668f17e0c3a554b16533cd5e0e82b97b1adb1056995966e9a,92693dd381493235e3a40fceaeb58f657fd86fe2dabe5404c280e4fd9fd2fc64,DeepMath-103K,26843,train,143,1
144,23e66202755c61a92d05d0e551f7a40096aeb9d7d6638e3b340ba388649c5162,afdd492d94f69de4e1c48ffbf55b5c022250f108c4ff9a918a48b9037b912868,DeepMath-103K,23533,train,144,1
145,efa7bf2900138562426f87add89c4c24804ae07661892708f3ff70c6588819ad,b8021b93dde44f8b4bedfa805a6ab68dfe07b9f8d598212c1720d0b2519ebc29,DeepMath-103K,40845,train,145,1
146,ed3867572a3ebe55fdcda5ed080b0d8e4362eed8ffebbf77db5d2fffc228a93b,22b512e64fd20077384fa9040894ea21f3b15ffcc34103496b3629775f3f494a,DeepMath-103K,24644,train,146,1
147,a1a6199464e324c8c1b5c382f79a852df2a618e214a6f12f62f86bbaf751cc33,3b6c76e3ad4340c7596a60d50c77d4e9dff1484d30f52b28bb2b64681d2caa07,DeepMath-103K,30139,train,147,1
148,9b557742f1e3bb2fd898e60a3926d634544c916316a4549a5d2559309afbb05a,1402dacd72a5e66daf6929790bcd53fc4de1b5cd1d2995b43b457063e92a3417,DeepMath-103K,38206,train,148,1
149,e6ce08ee9a3e121e63e6221efcd3b5981200f1ad6b0023ca2fc194cb62ee21b5,983138aeb97dfc734ecb466aafee26afe7077c6c086091cb2ec301b7680e9012,DeepMath-103K,46479,train,149,1
150,2b7684bad5f118b14c5729b48abec45929c7e8ebc418537d09d9255ca5d19c5d,bd40d6a5c785023e0480ee51bff6a51518c24393570a1cf33f65ef8e05b3f6ff,DeepMath-103K,39567,train,150,1
151,2d5fea5b0fe15567b512e34769014bcfe9964b3a2f2e3362b541281adebae1ae,c0daaa4b751bda5059092a48128cd5acac0cde2fea5f0dcc5ca7c8b37253f6ec,DeepMath-103K,43585,train,151,1
152,cc979a89f9abd230708ea868a1ba5329ac96f868d4efa32a4ddd790e8d51dc07,eb7056a38f24de1bf44100922a82d7a79f9eb1178902292dfd231f19f57f0cf4,DeepMath-103K,43525,train,152,1
153,6e67ccf7de9662cf64e6a95d0829138b43c68ae69b40c2886640c8737fe5841e,47ecf01c27d0a765b14becb36c784e9297b48078132e7712e02f020ea7eade2e,DeepMath-103K,29902,train,153,1
154,f41394d5c38477cb427a1dfb26c6b0fe1b9f99897ea2e1fdfac57489c759f90d,5be247c7412c75ce9e5e75561ed4d067acf7638b9e85e55c2b38eadd75dbe9cf,DeepMath-103K,751,train,154,1
155,e87f5133c1646d2a7e15fccd0fab91fa62007c047fd59a6a8d8f787f30db9751,aae7b5c6d7ca733e716f49b44376669723de77036e73b7e2c53251e626444d1a,DeepMath-103K,34604,train,155,1
156,e335ccada517fee078c5c86b4d555066720cb5457cea32f68ff3d76d1d63c7a1,e8bf74d899ee877b43e26a4298f1ddad70372871a7d3fc805a25ba6ebada1c32,DeepMath-103K,26116,train,156,1
157,e7dde733121b6fbebb9838fb568f152a11a55a1f7fe494ba881727139ccebfcc,ded16895a457e0c48591b1543fc2555e73cf484107c1c10d93b4190dea8165ed,DeepMath-103K,9462,train,157,1
158,962e67e38a6fbadfab83aab66f5c04602e8af60596ddfdac4546011b1187c49f,1bf440d00e9fadf677a0999f3bd2192b07e7b625d918e9a0a6da70fda687a4bd,DeepMath-103K,56661,train,158,1
159,5bd2e4d39686ab2fbef5d3db0ebbcb95c29ece07cd2fcd0f8e82985d9ee99c56,6dd0a1b3863fa34c5cc00930d2c97fdaf0a09bae4ec3ceb5737d21a0112ae85d,DeepMath-103K,50923,train,159,1
160,b8302785c382196d14a7f9a983210bbc7ed2e691bf044e0f3bb4d93494dd5d8f,ff799bbe3fef13013fb2ed5a1d664332548afc54f1350bba62168beac073fcbd,DeepMath-103K,12540,train,160,1
161,478eca3302d13f1a2686b7e644a93ee72c8d1a533d11b576714c3b826d972ad1,dcfc92031fd7d9d789a3a17641c84f4b9f14498d5c959f3d5dd0c6256b3198a0,DeepMath-103K,50466,train,161,1
162,6ccef1147f808a781cf7bebab0adbd2c7fbfb220e63d2d0346a017d24293f920,bcd8eb6ff9102512e8d96ae6ac89cd0d5518abd96d8ee2c759a5109ef0c801bc,DeepMath-103K,14962,train,162,1
163,f58a68acfb0d3abd2812469f6314993cc4c90777aa0cd755144fff2ed14a0fcc,b21139eea474197e58012bea0f27ed2552696785b2fb77ddd02c3d5f8999c77e,DeepMath-103K,9114,train,163,1
164,6863d268187ac6d20785097f6feedfb58e64f22e1a6f3a1c5bc5b9d5bfafaa8c,ab4f8cc8ceab2d86f94fe9ef590475e5ebce7e81b89a8f46d6120c52842a8455,DeepMath-103K,11196,train,164,1
165,eeb2cdac3d1929a73dacc55866d38797a784604c72c1ddb6036b3a0a5f23cb91,d6a9bd7459bf3e027d6d2c663c9b0c1560d6841e126d053e86da76ad58d873a7,DeepMath-103K,11089,train,165,1
166,c820e23013afbc13be18e8384b59e69d8adbb8b916e9adc8a2c005212d27341d,c9e18d16c4c861fa02975f29c227fcd880f9ea7efa57d4a7f0044d63037269c6,DeepMath-103K,2651,train,166,1
167,6416512dd1b51c0e363eed9e6f38b216c047b41ca9d8eac068c8b1071f19f93b,a22bdbdf7bf9c8c095f8adb2a346fcf66df995d5b0ebb3496cee58279f12f7d4,DeepMath-103K,24097,train,167,1
168,dfe3a8e1af36cc4e72f4c659b01fbb76fd0932f2f15aea83771682093ab3efac,c566ac6039c22ca1fcc27fd5e6ef418cfc829dd25f8a86a270cca934b0ecc1f6,DeepMath-103K,15022,train,168,1
169,d156fafd2c6b0e7ef7ec26ec3161ac858f1f05cf034c52458f241865b3ece7d4,df81b8930f4568ceb207c8d6266fb0d36ceb3363681d2e95fe834185581d4fec,DeepMath-103K,41103,train,169,1
170,35b79e7d2000b3b11e21316aea062bb15f01d65b78fac75348c2bb6814381312,6af5b3a81f8f8d8197789710839d7b356b2819fc45cc36b2dc699fbbd34d846a,DeepMath-103K,29623,train,170,1
171,6219e20f111638207118cbb24bc9bc9faa77976760eb79c80b94551180c6b7a4,473b8c9f87a6361708f0dd109d3c94c641a2d1e42f8969f72505802b2e7c6733,DeepMath-103K,34820,train,171,1
172,6a554f454d8724662f06b2f6ddb135841480d28988c52919bca964079af9572c,30589ee83bfed880b8a19fc01140ae3f390390d7573fcecd47ec74d93c8eb3f6,DeepMath-103K,13351,train,172,1
173,cffe2fc7185795a18d616da5b1adbf1a80b4c81b4675e0cd6560eb049ef58db0,5ca1fdc3e984ad47cd36c73e381c2397d268fc6ece750618b1b3d6e2e20d0ba7,DeepMath-103K,36156,train,173,1
174,105d5e3dd7ae1e0e057a20472ec5fa71f75c77a33e0e5fc270ea6c99526b7823,373176bc0c2a6e519fb80f0c847d26751e645340deb8f4b8747d62f5a8b7fe0d,DeepMath-103K,56275,train,174,1
175,eb0df849b3cf0f83e022e87b837f9d8a3333c79a697ccfea96a2f867fcf7d20f,20df4c6fcc191f16e3b625006cdb42b30473199e07479aa0af0ffd815b6637f4,DeepMath-103K,51744,train,175,1
176,12ee7c5bcd1c769bf58fc9cdd8a2d297e576f44de9e2d52602f9d5f6dc581050,ffc44d250170505c0d90b51800d9a70079cd72283c8ba7673204c2c108ecbd90,DeepMath-103K,27697,train,176,1
177,e8734aae919084f8abc0aa90703eb61082f9859fdd878d1bf14a91faf5ed0a3f,049aff08160222c85fb343418511a0783c2e408881a6d3acba18b96142c954fc,DeepMath-103K,49520,train,177,1
178,e4e811d35beeecef0959134c0ff8f0e15781e48a684c58d39d8497c340ca7ab0,bf7e06939d56ead194743e4e2724d1c0439534acab62034a02c16998b9228ede,DeepMath-103K,44499,train,178,1
179,a7c5f4714db910e0c1bbd84dac2533e536bd449fdeacfbdcecab0d3a09bc752d,cbd47af8fcd3e55a7c41c5a06eb444bb0ac71d6bac23e24df89790b0da3cdb9a,DeepMath-103K,11354,train,179,1
180,ad5c2a44b8881afe032a4806facc69fa21b6d45008716c4d902bee9184630b59,e11b6799a47b45db89e50e2dc717d14f5296fa6fdb84fbe87319f6ffc17b00cc,DeepMath-103K,19537,train,180,1
181,0c976bcf2f8187c72fa606a8f460d05b46068113cccd3787e93d6c9692fa4362,0f8470cac97a605a7b0314161ab1918a3ebbeac0f0e9ecff7d55c90068b12eed,DeepMath-103K,45274,train,181,1
182,78a1eb7168be264656d095cf19cd093352e3df80b44fe581688aa4a0cd03250d,cd31116622a2612fa68d78ebe5e5ed0ae13d5428f82e2a37c354ddf9a2fedfac,DeepMath-103K,51612,train,182,1
183,29dd2dcce34183df2d60903d68a4381b8319bf8a713fd06693b33eea6dbf0c3a,f5dbd9983519ba34665318178b8c5812c5dcb528c5a20debee981d009caa5446,DeepMath-103K,2266,train,183,1
184,667884573064f7dcd6ab810515f67fe21735e6aeb7a2cb0c24bbc1fe7472b4d2,aeac96fa3cba77427dc94d09d2d1e2224cd01a91d9c38fc9217a57b8d789e504,DeepMath-103K,18702,train,184,1
185,80ebbb64f7319434a004bdf239d6cfd260931d2dea4727b34158eeb8b7ea2c72,149fc369b6fe97ff731fbe2e68a97ae0bb98fc91d0d97ce485b93e94be2afb5b,DeepMath-103K,4693,train,185,1
186,d4ed30defad7d94c38864c6fbc31c70fd256aac5c384262ea1338d088ec05cb2,4ef791121f8b7215190207e0120bc6de0208ccee80bd0a6512b411000a45ca15,DeepMath-103K,5143,train,186,1
187,9d26b0d3cd7023c90e42b63f71130a084030ad9612161b28be1b8592253a2e20,f909e5ea4165cd1e0905b621d7b623578398fabeb2a523bc5a9e2c9358fc5c87,DeepMath-103K,26113,train,187,1
188,33dc7ab8b078447f6f990f3676dc86aec1ec98ab802e5acc47dad457bfe19a20,530b86e81703e0e4da0d214b2de359c3467690643e3994b04cc40f8af020fb05,DeepMath-103K,29311,train,188,1
189,feddaff124094cc7ded02284d14d185e44b9f315279ee48571e692b6d9263b8e,0ae801fcf745be5b53d0325589f512038d81f19baf48f69af526c93d41325967,DeepMath-103K,23908,train,189,1
190,8c674c78074955de137256ec38d2fd1bb69b71d6f56b285cc6b69a53603d5701,d82206988658ec5db11175c804a8da79637af7f50584956ef1564c6a34cbfa41,DeepMath-103K,26738,train,190,1
191,d1ce175f49d58d18898f2807d358b7cb1afeffd71c901eff50a82aa2b196b893,58873d58864319987a688b5faefe0bf0c3942b1e0982993b4b150edd1c525943,DeepMath-103K,22786,train,191,1
192,b1600c0e53b384db80f97aa05c33338dc0ec2a0ad1bc3bc8c6a7b38d8c563dd5,1e32102d44c06114e40cb12bdf94555088233d867a76c76ab4a4a542659505af,DeepMath-103K,5304,train,192,1
193,88413bb191e3be5592f118538b931f5ffa314f6af30855e4d6ba26d2e32a8943,29c1d1fdafc1339febb82253dcc893be6114131604e4f95489479cf0d1bdb2c9,DeepMath-103K,3977,train,193,1
194,7c0bf008523581345e5dc0f6e30295d21ce839c25a94db7c74fdaa15e5f46b8c,d4ed405073e30b4a155eb3cf9e7bf1c025b86403661fa9cf4b789014c0342016,DeepMath-103K,44971,train,194,1
195,c70123ea6f76935210c1ce94c2c0d958cefb43dee515b6e5d8ba6a88855ba2f0,e0e7cf2510f2afd37c2fad8cbedeaeffabba6bf53daf01c97589518a116ffbbe,DeepMath-103K,18044,train,195,1
196,825270e980e5a157c72f31d38f4dba2d0bb9188d130b43453cb5b8c76534cb6f,37cced3b717eb6d2ff6773e134c520dcfac0b73b5e5dddc6ebc87d5b5b57fc2b,DeepMath-103K,45316,train,196,1
197,05ab91b479e3617406e204c0e4f85611d7f7f16e83e9ec3ad0bb5f677cbac685,9bc3b54fc868f49831089583aa2e5193054d44ea2fe23bfb5de892f9fb594bfe,DeepMath-103K,21251,train,197,1
198,b4dc21321d553585580d1f6443750fa75abc2dd920aa9d326728a9fd04295e54,1dba01ba94886d6e04b7f50f0c08f555d6052c0176b7f52911d478e7c5d39641,DeepMath-103K,47021,train,198,1
199,95e7a8c1a391ee356173e89ac09d822ee6ce1932ff7daed926bac8985fc6a1b6,e96cefd52c2019384f3a1bdadc9eba5acd4405904bff46fee719a14a008e5a51,DeepMath-103K,36998,train,199,1
200,f87ec6122a12f242027e89e188b1d048acdd7a47ff3009de790c25dcf3fcaf6b,e9148cde5bb06aa75ba62cf7302ae5cebdfa6dafb96433af0d213645c20da6cb,DeepMath-103K,26673,train,200,1
201,5120c8897057b47d5c911e391e7697551a93448b1b5701ba3c570da639ab3a02,e302a9bb073b416fc8e08c48dc0398c3b2f60845088500e238606e766afdeb0d,DeepMath-103K,11498,train,201,1
202,1da257d78545d4284a31ea183f6faf7117010556c8d3c44ae228152cfc0837f4,4592f7470a35aa49e6f422a76ec6098d9366edd82600c7f416b80b6737daff93,DeepMath-103K,37872,train,202,1
203,cc814d4855b9e78fb53417ec0c2490112e22c8c39bdbfc2903b2ca08528d07e7,f7eeaf0f9d161dd4594e2c57cf430b0b999053127162142cbf3a113961cfce2a,DeepMath-103K,10701,train,203,1
204,e99b0375f63fb77c5453ac55c0cd695dc4d48c153839318053be5121662eb145,53f6f4a5d41219579181f1173a22099de7e0f3ef88091477d24f8a0d51e36e55,DeepMath-103K,19771,train,204,1
205,2ad7854cf22e7ab09917d4efc244eb298f3abbb6dbd7362ce1bdb48fe1671568,9e947311bf766ab54475b406052b3ea9dda6fb2c5326f8e5253f0d5e58a3e73d,DeepMath-103K,5033,train,205,1
206,77bea585388d102231c4dc2c93e71af770de1ddb108f5c9e90e9c8f8bcb17488,7fd083bf7ebf4776504a573df8cb9803fa952d84eaf5f65d40a8b66924ca7438,DeepMath-103K,55284,train,206,1
207,049f8acb65146592c72d2c4d4112646d7b6a556523d0814466b34f6b2385a5a4,04030b297f88c4507d66aa66bcbc375744c437b651d045848808eed02b7f0f0e,DeepMath-103K,56764,train,207,1
208,d177ab7920a9ffe941f243632e3c8a6e18ef204f9438aa5847697028f0999b89,11b42e51a2146c2a8c02c70b6b9700181f355cd46057f9b09b2b09f920dd48a2,DeepMath-103K,5117,train,208,1
209,32864ad2e2aa6425058e27df50131e343c3241db25bba8b9a5bc78f4f4602804,c1fa19e71987fc41bc9ef9a7e800e1730c3ced9f3fd92cc51230112b888b7ab3,DeepMath-103K,39968,train,209,1
210,f60f6b47dda2bbd2f27a2125bd8c0df8f14012c0df7bb73616b5659a2ce23cac,eeeee6eeb23dc9885b740468ff1d7d58f70884e9da9f620f4097728d8c960ac8,DeepMath-103K,10691,train,210,1
211,68fd8d2b0891630a06f4ac1b02c81b52c475570e99554d03da9185ea1212c083,4cad5851e5ac458afd4259b05fb594406ac251556f42e7dfb36cf971ab7716f9,DeepMath-103K,54368,train,211,1
212,07f68ea803b38d004f01fbdc4294bcf4934b7e625217e000cf2bdd71a23f3b2d,e1bce94643ba21368b5e026f2dae807dccd061ea539cafdaf120963b77656942,DeepMath-103K,13852,train,212,1
213,3e4c7ac8ac5e3178f0e41fb7e96199ce445fd05fc026797cfe4c8fef76b288d1,5896634aba180184905083718dc0e025a2de6e10e3fe0ce932a6fce694cf568c,DeepMath-103K,47877,train,213,1
214,33e521ae5a87ac93494be033786602489bda696ff00a1f59d57c8ef45bcbe496,abae719ee58b598d70162b75efefbabe5e0ff378fc61c1532e56c6a51974bed8,DeepMath-103K,13792,train,214,1
215,d52f51a4dbcf4f61413341624b358a929ea27c261426bbe42e00659c1d470563,41612f92200f5db5a09218cadd2f6a80ec1ea2848c12cd5388858561542511b2,DeepMath-103K,54814,train,215,1
216,fffceb1bef0ed22ef29577027f4bc802c5fe0645e7d87d6c1dac4d67fd1955b1,dcfc3a44fc82a3c85de6beb2f584fb961a263216800e0d389b606599c597681b,DeepMath-103K,42729,train,216,1
217,b233f92f7f64fc2c0afcdc4265d7098e92a9e5e9593cab28ae9c11199875f2cc,4e2abfb694be020c71c7e1224d5b7dbea3b433128ba14d8e18158b4ad61ac0f0,DeepMath-103K,24316,train,217,1
218,6a212be9ca27d9979791dc0dab701e89a584b48eaa0d8c51c75749aec8adac06,48b690510d0b97d399a38ac21b7a58cd737b37179195a6d8017bba82ed2cf636,DeepMath-103K,37939,train,218,1
219,aa766e613f8eb68a2e04bd2c3d264d3b3090d56c5cd8d391d0b17c702ec2f510,17da60491b8fca2d98fde8ad561136c6e0983d85b491535e3c8b3f0612db8791,DeepMath-103K,21015,train,219,1
220,becfd4b1369dc0526e9728cc153eba948328807d2ac0d632be6b7e4e32c9195a,e2cdca5b5cad1d1a5de60550f607edeff01930660025c4d01105aaeb60f69af2,DeepMath-103K,46778,train,220,1
221,ee874a5447093e0e16d0a781f257a7a6961eafe2a23df1fe162c8135f16ccf65,6599cd2c09dec285dd6e863844256402c43d4149f0aab2c10d2c0faacb4f42fc,DeepMath-103K,37536,train,221,1
222,575fcf1ffc6298cf938140b236adbea1a4334049216f63e4e1d3e6010be7e202,8c6cbe17373a7bf7df40842fa2cae589e485538493a1f30aa1ea6312604b760d,DeepMath-103K,52225,train,222,1
223,83f04191cc103362f5ec8687713ceb50f31b1611390a044c87d74dad003b19f1,755ef517b346f11c58f223a309ccdf65ef951ad9d91a6c04e3051b65124eac0d,DeepMath-103K,17550,train,223,1
224,50904305721fdae0aaafa3c9f653f6515a7c4177ebc4ee2ad26863baf4a41b4e,2437c254f2c3db23b44192638e83f323d482a3fafb2cdf3b28c3cf7585c392fc,DeepMath-103K,45898,train,224,1
225,ee424c93e2c61f4d681472da4d3fa9e6956c3c539bc9fdb7d0a9b8559ebe62c3,6fd6376a3100434f5a96d2fd00d093a9951a0f715e37e50bfe8ac6f92a34dcc4,DeepMath-103K,43677,train,225,1
226,ef2d94ea7292d644fad78e89b6aaa427d666546b080cb100a945cf6cf973afc1,e5f4d53a45d1a79e2620b2cbed78e18a19273426b8047dda0e26877c1175270c,DeepMath-103K,37816,train,226,1
227,7decceefa61e00f2292e4d846d05ed8bbc0f3a2c8392932663d80639f680fea7,40da18328438aef43f433d8dcb68c1bf1b4dd77137b8cec540081be7e9a6b32f,DeepMath-103K,28138,train,227,1
228,5bcf5981caef24f8a7db8781a971dcc38df06ad7066638994991f52f7a9bdd18,9b0138345f61dc12c2942cff76978060a93d422dcacf9893dcf11561ee171a74,DeepMath-103K,33026,train,228,1
229,2a3b6c601eee831ec1288428e771c592a136b4c818556ceaef00a7a5d2637920,fece73dcf9e184113b6a6a4c2cc79c3c47e7797f343379cbb19671e3c5f9e451,DeepMath-103K,18509,train,229,1
230,366f0654fb8ab739ea96bcae3e82dfd551a664947993c154eb05595278f357e0,9d605dbe01495aaa5dbebf4434cc17a2d1dbde9f4ef14872a20247e7c0afd77e,DeepMath-103K,20317,train,230,1
231,23cb6e9975145b861d74c168e7695cf85dffb6856d1184921a5302f0d698fe3d,52e215721690d574d19f06680aa4c7c6798a725a4c8d29ee7c818bb535f6f2d6,DeepMath-103K,23021,train,231,1
232,8673ef9a1c2874e4633f1ef44113db4aa4b9828ed981f7eb047928858bed099d,8f10d50f56abf58d7aca0eecb96b4de7ddc8e991c6d5193d0bac9c5b8f34c24b,DeepMath-103K,8340,train,232,1
233,85985d3806e4d2f13b839a6f7d2c58f29a96ad68cfb65f45e1223a133c576ac8,034ede8556c4ab05fc12acfdb2353dc41e953e881cc80144873d6023b7234c41,DeepMath-103K,43530,train,233,1
234,4b690b1d638a1cab1f5efe3f44e968e8b924af725b1ebd8f801238142f4bb778,6b0b53dbc4998e457128423261f6f9a7916fb4cc3bb9abc549ac6aa59c4d2558,DeepMath-103K,24396,train,234,1
235,0cea2c75904c0506354abfeba072100d7f8e7ee8166a427655f3ea13e9adba4d,4c81878a49023aaefcb325df9fee4114bf581dfc65575a580a5aa9c0e854909f,DeepMath-103K,36826,train,235,1
236,6b434c5c27e9ec05b62d4c7cd83be75d42f629d4583168b19c1e63d04c82b810,fe0e82875ad0d304c3efe8c7f173ef69879a9778f8c1ad3229ed6d83724b0568,DeepMath-103K,35286,train,236,1
237,cdbee632917617244a6c5d43d26bddf4bba5d3791a45913621dd21809d8976ef,da2626de9cf6920cda0539df1a55cbfb36dd171b46ebaa4eb3d0e084d541b33e,DeepMath-103K,25205,train,237,1
238,5726a30659f4a2b09cac88d099a43c9841c9b9ebdb9ee6cf478ee5ab69544c69,6b9151987b5bff7009bf4ac9848ba14fef36b6fe5b8d8690786d1fcd4a92e38d,DeepMath-103K,35382,train,238,1
239,24e5fa798a632ac9deffd906e26754999ad511e82c03f20398625b444f38dba0,9bd750da54112b26068997c52aaa5e9a7134a7d2c53eeccc8b197fb8440ad098,DeepMath-103K,5153,train,239,1
240,ac3c14b7e5042dd567a09f440ed10d3f6be699a5a324b80f536ac4aa82f889c4,5ad136b0b00317757f8d8347e8a291a924ec797973b3ce71946d9f0a4ad67924,DeepMath-103K,31304,train,240,1
241,f6a16bad4e960139e1b00c6d3610afe33de840cfe13872d304b0a0c778191576,ec5faa35dbb09c4842c2afba02d692485654c232e9b41f5c0708ea08ac18ff08,DeepMath-103K,55364,train,241,1
242,e6c07c111c6b9ffd9eb0f897841bd8e386b9909602e8a92b03cd367a011eebbb,030d82c549ddd702eedb92348c74bbf7ff96ecc35425d60d28aff1a3ca51205b,DeepMath-103K,53602,train,242,1
243,91aa6a6b641aaed9cee11f6abb7eac9d4a12f1f21c244eff31bd2e9856f27ebd,b99848c44751b00ecd42831ca2736b7ef11232fc47b1d6d0a60ab8d89180f9f6,DeepMath-103K,13287,train,243,1
244,30c7c729a1c1e6475160f39f871084f7dd203e9c9eabf11ef751478aa7227cd3,5a6334c959b8e7b705182456a24cafb11fabdb180f84ee3de7927177b6649901,DeepMath-103K,28747,train,244,1
245,2d6de16709e8a5cc4d8b3946b1fe70b9ae4eb34b9db46a65c287c1e3814df49d,e66f88831672060237f739a82ddfd08033766408de128f470a178778f21c8c8c,DeepMath-103K,4780,train,245,1
246,7da0e5d446566c00a4b87033859c2a671a1bbda191f185b56687d66b7ac0fdf8,e9f0bed8fadf285803fed1f398f4a326be3904d44223801c68704bbdb75884f3,DeepMath-103K,17469,train,246,1
247,6d9c36a0fcedb513a274a9359987b68cbeb2335ff3845651c846d13d4a97531e,2c6eb13c5a6ec889741783f82da6b9706d955e86080b05e378f281bbab54292f,DeepMath-103K,21773,train,247,1
248,9fe01f6332b40c41db6e9e8b62585843e105e37a8273cb3512d05423882cac19,c9bdedc9459b9944e0aac4ae3634a178aaca4590626f3ee2ec5661004be2f434,DeepMath-103K,10188,train,248,1
249,6808fa0960ecba2fef336aacf9a71332b57454dbb8df80f6d411017b4529c6a5,43c726f0dfaae3003f45fcef83982c681ca3ab11bda083375d1b431888905047,DeepMath-103K,5731,train,249,1
250,c31bf930dc32ee2e868b9f2f93bbc0eb75064235e6f514c90f624a210307b820,85b3e01a757bfd6cf91fea015e7fac58be9653803a49f355b9435425e7d23bea,DeepMath-103K,7304,train,250,1
251,a15e238623807f9f694365430e13c3b0431a15c0ce17056955088e4e126d1c6a,12531467597b8a1ccc8753171d243be1a7f06a91bd122e04cd7362b53897f2ee,DeepMath-103K,31689,train,251,1
252,3835f1faeeb8f80ebda4ff2a7fe699d2ad9bb2d2f2fedbea8fcb947336c77806,d004fbb051995ffcbe4169339e33e1c8f1ce9156e10fd67462908fd8d4ad76f8,DeepMath-103K,15268,train,252,1
253,967e84b0da8aebf0c5717c28a9ba198b455d62ff57c582b65670ddd91c2b5e3b,d09483a2684700b413f2d351c9c974642c22d1ebc6220ce724fe6d2d278550d5,DeepMath-103K,43841,train,253,1
254,c4273bc2bb66dd9cabeb14ec7b16878dd7e6f5a88b9640907a2af993a4991ddb,512cc4752d867792e348f06e733d9ece811bb1e1397ee1b1443e142fe5063259,DeepMath-103K,35908,train,254,1
255,ea7f4bb87c9beb99d882a6a1c9b057bce9c51d04e2a873f0b1dfc57d1ab7c964,30b60ae370bc68f096c2e6cb5100742a5a92c591c423f40f9565a99a2b0b3676,DeepMath-103K,26759,train,255,1
256,a939f260ba6056d77140dbca12603d5c247a838342447014fcfb2d57e6e12abe,09df111449ccbceddc55775e6f0c5e6792f434f45bcc68e40f959e000be46659,DeepMath-103K,32399,train,256,1
257,5ab56be66eedfbf4ed6461200023e1e8c29aafd220a6834c2e400781bea52803,e3519859555524b31b2e380881bec6743ce54872a1c0f4811c4fd7b8c6bd1d4e,DeepMath-103K,31165,train,257,1
258,a9926fc6e5f885644dead8fce1f983746b368a1b36b17a30d64797d49108a881,1814b9de9cf1e3b2f209be4fe2e484178dbb6b7021a0c32fbb1751448a9d5d98,DeepMath-103K,36316,train,258,1
259,bf4803fc5f55e577542fd2c67317fba78f9edf792e36e01eaf759e74682d91ac,f8d2aff86536e4c59e436b15353c01565327eb956dc53c403d70588da1bec8c0,DeepMath-103K,14824,train,259,1
260,ecedce4e0579030675d043d20152746b3e83c364c50a4cf5901a7fdf32333ab4,55b473c4def5c09d900094f0111539504bbcb7f76ab8c1738220068ed7e568f7,DeepMath-103K,12220,train,260,1
261,576a46195014a44190d7ddd2f5c85b90cbd1d26a317eb000e9423a7f0ad4f348,e3a58d2cc0c34455547b380aa5b78da1b9c1eca1389577639a62cb79b2ef98b3,DeepMath-103K,16831,train,261,1
262,b3b0f30a8ea707ca53df6cc725c6b5d74c2cd543bd5f00abc2f982888f350513,b9ff612069c9449ffdfcf9cb0dbac0972d293158c7f077018c627833793b1601,DeepMath-103K,6591,train,262,1
263,0da9894d65e28a4f128e3c6b1c4781fa1f91f9ea846e106f41c8f119fcde0e4d,19f1582c80ec115f7d7761837edb29e4c2b55f1835359b6c89d8c1145a891026,DeepMath-103K,31445,train,263,1
264,7747030658f08fe23f55fab8146fb9e41318c65a4c76ed08cc841978640aba12,b7c4dc270f9a7b8998ce659386e4201bc680a34e61e73d94094760f87df8d1ae,DeepMath-103K,39782,train,264,1
265,f92db50078ca5d9c218d7939f57c899de62a0b22f27c55dc8e856c4d9f63c3a0,4d4691a663bde45fb0fbd4b33c05642f0d36ab01cfb5cd49977258bbd925519f,DeepMath-103K,42076,train,265,1
266,e89e7055b86cd8010cd013f701d6de1dad9ab7abc984f9d6007c06e75411cd5e,5b50853ca5e0505bbf89b62efe7878951edd71f71a995dc3595c3372923f1427,DeepMath-103K,20268,train,266,1
267,6e10283a82f20e8226a439d02251f8972487f170853f00b3f8e1567484720f81,8696cae44cea081c5146f420712ff722eabcf9cc5acf23b887a8bc9c1486a9a4,DeepMath-103K,42732,train,267,1
268,ed80bf87c0b34ef088ab5e2d8a35b5cb6d5ac256ba11d0242329905d8ff184ce,d6be737b897d20d0022710d4bf0979a45b551f72ecb1e3460f417823257ee52a,DeepMath-103K,50788,train,268,1
269,11dd522cda15d907d168a2fa050524e2afd63f9fbfe95962a478d7f6b8fdb9d2,19f1d50a50f4300e62d9d86496de2340a85a056ce46b840504fb76a0935599b3,DeepMath-103K,13968,train,269,1
270,6b192f2df3e3abb64ecc9ae5e0a258837e8e9918138c79716845325aa7f68714,3560e3b970e1f81c8c562098e5e7982431f8f778069594f080675ae32682f85d,DeepMath-103K,22308,train,270,1
271,580562b81d0bd43e9ef2938cc667813d67eb84912d4a1afd681cecb334489fbf,93d4db0d47c2485732d2277c0ce05718620b96333e5b77aa829aef01c020105b,DeepMath-103K,37398,train,271,1
272,8b43cc1e0a80638ff9fb4e1a13476b8e1074a0a48279f57fd3cf2b219d08952f,efc565aae79ebf73ce809ea19f489cc4d18fd189195d9ad7feceebcf295f261c,DeepMath-103K,8847,train,272,1
273,f0d516e806babd457f7c300ad2ef6980e48025109b7e477aa4779eb645fd3743,0b7722af81b3972babe6a15f7999c2659b94f2ca963b262d5f4c9ca404819029,DeepMath-103K,2448,train,273,1
274,f5748fdc65d93f3b43d3f5d95a71bbaffbe48bf37ea8eaa6d527ffade008acb6,a895ab50d30d754bec299d6db0c22acb9920f80bc7346aacd71675f6dc6f509e,DeepMath-103K,24473,train,274,1
275,431aafb6cb43d1ed20013f3ca8efec663ddb17a9a5c0d2197b33bea81f389892,5899225ea3a103a3aa7e93befffac41a3c44530cae305bb61ff9c6a897aa20ef,DeepMath-103K,24895,train,275,1
276,a44b103470290edf10a23f7d3828d544189ab512944a3e4defde7a000ba8b38d,2118b00dc3daf2f363c7318a26ac0e07ff20be1f679eaa062e9325bd54d5afa0,DeepMath-103K,42940,train,276,1
277,3af9ffb3900e273d7de7295d32f4e6b2da94b05ccf3fd96bcee20fdae6092007,483d1a0218d031e58260d7e20b6f20c51441522daa475f5cd9a54989131203ff,DeepMath-103K,4168,train,277,1
278,671c9a1859a97dd80df9505f2eb6138db827e89381e61cfa8602e243052a5348,e6235102915c9fb7fb07f7fea7fb2ac6db325fecb4d0c07ef29f6ed3e2c5763b,DeepMath-103K,54499,train,278,1
279,3fc402f2449ee439b983555d06dff215e14ccf70504c03ca02d588a979c62f8e,b1b377db271d8aff25c36a73ab297bb4d42a1094816b8b3f20d29d687d3b2f5d,DeepMath-103K,980,train,279,1
280,3fe3faffc947d0db3f02109ec84e52ffa95938f0cbdf9b901bf5edb412560dad,8746d68ba279bb6a3f70c360da060cd2432a60bfe9ad7ab8e043960d4a7b24fd,DeepMath-103K,30585,train,280,1
281,b320f6cce0757825872f7881b6b0e3139be64950e3ad803ce359d7ed3f80b544,4653631fc6aa8f4e1b15639e92e0ef0603d99defae9c371c977811e87d32ad75,DeepMath-103K,38660,train,281,1
282,a5b138586dd51701d23fc534af49fff32786ee0e8543716b83c0e980c25a33a5,81cdd4bc63cc21d9d79a92453be4f7fa65ef29fa9d9dd8ca6588d63bf2684d03,DeepMath-103K,36756,train,282,1
283,1b21940bad9be7bee1ce408f4e6eb539b542bf58f64bbf435e8a7db3d6ddf302,d3cd9a0b104c2d97ad89f9c2d3ef5acf239cdbcefd1dad3fae3f08a48b931363,DeepMath-103K,19703,train,283,1
284,de622478831fea9fef0e0a8863ac92d19a46de30e48cf44247b88401505fd3f5,2ac299f5d87ce6c958b1991ba59b312d254d62aa8db802a978ed5e9b8bae5f63,DeepMath-103K,20617,train,284,1
285,2112f132144e7b6a4680fd871efc14b8569fb157e7141413f08f3c7636ee5ca5,9e84805b62e2230e0787ceff3ef9c009471030295cd710a21375689b55f00b87,DeepMath-103K,47383,train,285,1
286,5ddebec6ca6b3e3cc3551ad698ba15a66197cd9621d648f7ab7f6fa0ff05f4e0,b65fbbbf6df64de38f05ea8c5cadf9f57bef240125d33636248f9a4412038d2d,DeepMath-103K,44862,train,286,1
287,563e527a91923befbee6123b3ccec9e44bb613176604fe9fe0f21f402e11f215,6b0623d5adf84c1793da59d2961aea45000ee7b99a433d202a4961e3148ea16e,DeepMath-103K,23090,train,287,1
288,f94f94fedd0f5ab7aab95a65a45a2b905373db6152d33b18b534a1237efb2630,fd4ae5152c84b3326d8124913d8570bd1e3b987ea61b1acfce894c43d02f1fb8,DeepMath-103K,447,train,288,1
289,7e85f2ea71f3ae9336101c2a4549246908e17d83565b6bc0f84e875d39968832,7409e9c1d014a22f027c8bd57c236cd63ac0699833e2ba1e09ae715e6fd99f98,DeepMath-103K,29294,train,289,1
290,1549e84ae46346f3d5e79e3638e965d8d7a47cf736825c7780213e2dcc0d5b69,835ed46f158e15ac6d542b6747f029e304daa8cbe7227fb0722067a95909969a,DeepMath-103K,29695,train,290,1
291,468d0a5d3ec009084f5cb4960ae1654041ced297bc4eeb51841d611a7eb5aa23,1be64f1b6a3c7b02e087046989a75d8f11220e0a036e38e4726bda907814d9e9,DeepMath-103K,38290,train,291,1
292,fd9bf3192c9f783860c553bba0c30462a07dcf89199514a4a6ff0152b0726a13,61ac60e9bdae7a2d1b0681e7b12bfeabb6b5dfc8fb2c95b3486a6b92a0c24327,DeepMath-103K,39687,train,292,1
293,0b6bd88e6c9b7bc39cc0464ea6d1db69a45f6f1d42f29375f358eefe586e8d43,bc7c89392462001450211607acdbc44c8fe93a5d790439b10c2e66a6fe6ec19e,DeepMath-103K,20265,train,293,1
294,5f9c6af762d0e55eddaa9f39ce2b2c71af77f5aebf8bbfbd4af066dd5ae83cfd,357b1ea65d0419ed4aaf9001aed334cb7e398d554476c8e8ecb76d9996515252,DeepMath-103K,30915,train,294,1
295,ca9585e2783f9e9288b29b96662cbf169113cce204902b20c400e3e247575e36,92cc88f5961ce1a9e6758f31b7ad77f19e2d65bc0876398b885ac756a68175b7,DeepMath-103K,45844,train,295,1
296,4ba793f589600ccac8db145110c3183ad0d465a473a4f236e174ae28d5b691df,10212df6ceaa507aea51d20dcdc8e542e11994ae5e03f85dda6bf463b8721f2f,DeepMath-103K,19818,train,296,1
297,e5641e9ab49c32b29de5c9e0f47d660e699b9d2dccca832599cb4e64e33094b2,420e8e3d769e0743fcedbd5374a64d4b038d1415d39899005d7e228479089110,DeepMath-103K,27646,train,297,1
298,e881e32ed6d6e9cf64cf2736234bfeb7da952f088e956f186e3d9fda2b95d66c,25c421ae773dc4dd2c5daa38bf109516140a70cc78f1cb1f20252c13c54c7fab,DeepMath-103K,27424,train,298,1
299,5beac5e38fd23d04d3701a38caa4c0a91c8327a8dc283d637e8609e6c8c8ae0c,edde9bf777594325452823638aa6d687c670e40bbf3f33d6378d7f55049bfaa8,DeepMath-103K,45070,train,299,1
300,da93a8aa58bc46b42e2458fa0fc600e0d270a53d2e8dd656c2d575e0759ac8e8,89dd1633168dff7e30bf8f4fe3141a2846733c06c5ffd2d8be37f7999a1e63db,DeepMath-103K,11125,train,300,1
301,8339742598519df77064f5717e14b6c7b6ea8dcc01a7cd4cf2377de0a20b5a97,9eb0e5d0611442eee96743da1edf0892df45572a2a14b58a4b5615cd0607a0ee,DeepMath-103K,36345,train,301,1
302,4214d8b62da745378dddabc9e9b88db3eb3d223d3cc34f16d797c2515c963dc7,68c6bb855d868f0dfd88ab9e0026a995ef4d4f8a0b5b3aca183ad79881ae3c0b,DeepMath-103K,18433,train,302,1
303,788ed58003ed874da8ee4a650e512ef47e6ad665019cfeb7555ba1044932cd23,04c60081e87e0c9ce1ac333fefa93943a571142200f0e7e3650d5158c1247642,DeepMath-103K,15141,train,303,1
304,61215520f394e798ca363c30395ebc72287d6f745f033e45d2b57eb7fca7f1a7,9835eb3886fa6869a994d9713d89454a555bbed3226dd4146f71772e15c760ec,DeepMath-103K,40358,train,304,1
305,6adec7b48a3f9a573e586264cacfd195ace1755caec0bb433e7efc88cee4e2b5,d2243a21f6842fe394ada78ddce5f1cb703dc140b13a9bf7d283d50fefcdfdfb,DeepMath-103K,29076,train,305,1
306,425f6c211c88d4066ce5fe0fd990edc7e8f6a11efd0df2c51a4b2f99b6b88f5a,6f1f721c28ec79e159a3855e88f89c310fed47851f23f23a6148b28e286ca5be,DeepMath-103K,3784,train,306,1
307,bc54c7ffab85e0c750b682d443c80c292a0e350c7ed310709e3934022b4b6f79,6faa8ab3b1c358554812e1b98c73418e21b12d5fdf98362e080c4a30eb4bf19d,DeepMath-103K,12532,train,307,1
308,b82c2ded5dda318912d0116c6c3844d4a303b1e58c9c33de5c713c5f34c9f2ca,7d0c50d3059d5de07b2fe64c0927afaf40708482ae318850428841366f535b0c,DeepMath-103K,34573,train,308,1
309,fba2ff445ae092d34b54d3b3f9003b77ed8eca38bdd9b1665c297ca967cd9e5a,a9ba7ed634574429a3be7519bc1af1c149e219089ae67256466c6f4019727c93,DeepMath-103K,56328,train,309,1
310,3822f28c4c246acf16a2f21f60b00ca5268ab870bce7797de4e1304aeaf6c587,0e3eb34f2e792e55f34c1b384aa524db6cb3679ae86ee87a147098a4564c4dfe,DeepMath-103K,35151,train,310,1
311,0f26d828c86d311001ba862c4f3217538c7bcee39089e3b7cd7cae43cabbae69,a21681182941b3aa85db4f3baf1f5d7a5c8da664c062ae7acd47d972938e8a6e,DeepMath-103K,49989,train,311,1
312,1a966a1daf2cc9152232d300e2d40175d69b8f66fee1c0d425613aedcea799d7,b217344c5d963527c787c9362f88b173a2ab428474f594f23f3caefeb674e156,DeepMath-103K,43085,train,312,1
313,1794798c2ee2ec3d6f0f957ad6281bc6d1cba5a572881d130b6d1559df55f52f,11bb679ffc7fd1c31c05381ef470bcd69dad6bb3352ff560fd4efe87d05bb917,DeepMath-103K,35060,train,313,1
314,fd04e1e3f321a5925460f7554198746b265ef189deeebe98ff76653822244794,5d7c53d5b210a8da89b20543fb171a27d7a7ce735283798a4eb8a4ff8868475a,DeepMath-103K,34832,train,314,1
315,85698b3e363f23cac3d0117598a05e6fc2413fd5d33ce7795a2751b826b58ae6,668061fa9d106dfaebee5afe7356385e0dcd2cab00175c5304e73a3d7aea169f,DeepMath-103K,17075,train,315,1
316,3f799d7fba4de49a91c880597a8fe901552a9ba480ad796403b719e3587f9480,333946a201cd368f8560f0a908831fbb8f8a8f1ab2d1ee7e5ad3fbef16316e9b,DeepMath-103K,40161,train,316,1
317,4fcafd15ebd34ad85b54e850c33e57074ecbdd62e8b5a913f109bc43785cc2ea,5b50f874320b21127842ff7c9bc9209f794209a51394ca47d0dbe1a0f77b3020,DeepMath-103K,7273,train,317,1
318,542f3f8d47bb8c864f418a3ac27a411a178108cf3203f5bfad76daeaf22a11e8,5432c7516e9c2659c087c8e473b27988dfc9ecc970adb198d125f7da36fc8b77,DeepMath-103K,54121,train,318,1
319,6fdf3ec010f6e45240b85766096e5279d949d272a0fd47b09e944fdfd3314f09,a21c3d29dfe1087324b46c7a9b4e43c5f6e5dd432f727aa39c915209da968172,DeepMath-103K,55021,train,319,1
320,9576b93cfbfe77a8ac4db1903b329e33298a70fcaef3b1ed2aaebf4769ee9935,26e9e15d2a1c105b32a3abfccff63f2c343b383c279f52e30be3e81d3f8241ae,DeepMath-103K,51997,train,320,1
321,63e0e322aa172ce6240e10d309ffb0e2a5b5b73829ba42e970da96834d7129d0,a4642f59048c5a9e0be6ead79c9e5d88168c81008e9a267ace6e0eff00de797f,DeepMath-103K,2836,train,321,1
322,a7db42d3ac746a0f3d619585da1e42dde3304a6bb61afe6cdc96cfb241bb468d,2a0bffd22d34cdfcf4ddba42f9b8776cc880a5397a10ef6353ef54c2127cead8,DeepMath-103K,32122,train,322,1
323,c9b10ae091c2f0bedc7f2bafa80814f7f7b7808afa4d9732daa8bbd87c7418b5,f1cb78df6291babd998f8cf9c5155f1ce0afe6a7cfad31d773ce383e6f9e62f8,DeepMath-103K,6361,train,323,1
324,26ec9bf1974ec39571176132437df0fa91afb33109d9aa151f38aa9cbfe89eb5,cb8bafb79d465b70f3106ad76f7cd8e22a191cf2d9b5f74603a556254c68f61b,DeepMath-103K,17259,train,324,1
325,66e80826430418284c0adfa2fedf65707fd151d1309d860c4450808fe32d24d5,20a7cf15a8f009ab80d5501c183920f560281f90aa0d0c2bf712c1913d1b67fc,DeepMath-103K,41735,train,325,1
326,11d9f0c42b41c77461e0956160e5697f0f1d9d7280bb21889d9903ce31aebe7e,1316faf1e433d8c68c136aa54cdfc50f2d9e2834f0ce12290a055f2bd63588b8,DeepMath-103K,6999,train,326,1
327,a36b0f98b1d12970fd5ae5d93c1d2a8e448e7ea19037b4b08bb7ca5d2e53d526,90c7628a07a6ded5e517c7cad36e89e5e7e39140f60400fae18b1b5777a7a0bd,DeepMath-103K,13892,train,327,1
328,96047fefe4dd3e9878ca3c5224fc7fafd9470e348b3b0e07f4f23cef4bec40de,95f13c236fd37e6329824ef9aff1e51606a2c17a1728e5d3e8875c5aae18d12e,DeepMath-103K,36001,train,328,1
329,4005b32d0375e1e49e1c81732068e4d7fdf6a2af81d3fde7ca5f8f6a96adbcec,ab579d6b5e6dac8fdf7fd52a1c5a91a7be62b10b29f99324ae19da596e9483a7,DeepMath-103K,25719,train,329,1
330,a27de922d8a1ba14689c4b1a5b1232e7297a27c1e013c2e8111a565ba2fda28c,7b816f48a1330143ad631dc9bb29bdb7f4690c5226c7f0bdf1922cce97afbd3e,DeepMath-103K,1326,train,330,1
331,8eba488b4a723f84635fe076932366689da4aed7306271a451e24ac060ce4184,cd4daed46a8a8733c2b0384084782c0dcab99aee115e9d81d5f98d9d79e8d4b2,DeepMath-103K,53375,train,331,1
332,3f87bda4447cc9d6b925a4e1039d6ab24669ac7aad1ac3e3112f36f8f2e3ea90,96b0e30eb3753da9e62f04ca7b8190c733d4fc2470cd1151706210210a16ac38,DeepMath-103K,31149,train,332,1
333,7beec2de105c2b323486d2f171bd1138b0f3165e30e88755b3941a1ef91afac1,8ccf1ddb11301dd0490e1fac207558aa6dde170501dfa99c27d6c26c1f7dc3f3,DeepMath-103K,22535,train,333,1
334,7e414231b67567620ad4f481217b92d8130bfcfab4cbcd3e70fe4ac23727cbe4,4221a70e524b05c509a4e38d632d274b0036ac4d1a036b7c2579f53b29307149,DeepMath-103K,1285,train,334,1
335,50107f7465a13177360d5afb90f26bb365c80336eff7896e2281587e8bfc35f0,eaac0a57714191549760cb2fa812c7d418872887ecfdd5b5f848ee7504d28968,DeepMath-103K,12993,train,335,1
336,df18f5019d9e9f3c897cc9ad81ccf196b291363d7b451138c4cea659b5605c20,fed45b81f920bdaa5a878b6095983d4450db6bce24a652d6dd96e8f5f9b643e7,DeepMath-103K,9151,train,336,1
337,22168005a6e444ad63578c50d97c542b02b46a4f500a3f977010a15104a9352c,96fde6bb79425f7a6be10d25df19da08a2e7a0d59d39f0f9e441ae960c8e9d1e,DeepMath-103K,909,train,337,1
338,ae57caebb824df2b5239abf99112d030ae2c8c1614c9b2b7d7c88b26e2acdbb8,e42cf4d767af42f9f16874a584267a8f62ea4812b5c836c18166f9568d059611,DeepMath-103K,12578,train,338,1
339,1d583ad1c82b2ce4887fb262879843272b4292d51f4878120fbc9db41ae69e8b,9a3ba6ab1dacce579322f8393a8281efbf14db87fc1eb765b2dea1d5e51bf8fc,DeepMath-103K,25094,train,339,1
340,212f735015450bf60875bff59e704b8ccedf126ad3b5078b2d9d7c8f3bea6866,d23a2ed54acd6c9d1bb6a6fb1d5112684c2e2e1218c0451a6e416b6fe519ebfe,DeepMath-103K,30318,train,340,1
341,30f66f933db76e4a6bfa7d2af2667f3162ac8f72a6586d3d76a21028c0ceb1bb,25c03e2a7091aa2b0ef553f5cde3a124ce63c8cd2fd2ac401133bd5d349e866e,DeepMath-103K,9068,train,341,1
342,0ebe27114fb0a2c241ff747450957b11326a0ee243c913542f40aa2f7868f04e,d74f2219042654a003832ecde0ef2cbc11aec55133323fa488042c9c51723f1f,DeepMath-103K,427,train,342,1
343,545f34148956ece44111b933c5eafb796286a9ff9a81dd9e3acfee906f7b7471,0c5a2f3920e8d7e0e0a7ad1dd847a04d39acdba01b14958049d05e3e66999f63,DeepMath-103K,42920,train,343,1
344,1930ad24ea0cf97933307e960a7f75ca217e5dc9a37ef86e58384b99dba112c9,d358bf859ecee912386000fcc2c7287e2165183b8d99a8717328a9f60d077f17,DeepMath-103K,29643,train,344,1
345,26f50d23851ac1caad72b7df1c3eb3e2c7579df502fdd991e348f4d43d6f8d6f,96121453e0cd571ddf161eee11c828ca9af67fcb37adafd20dff9c21c77b28cb,DeepMath-103K,9823,train,345,1
346,1d51bf1d2bd5542e0c60051635703b9bc6a428f18232e9bed5fa0ca0e4f5de08,592d86f11c450f8ec0a2526b56a8630cff0bed7501b257a14b2cb2a5b839c2ef,DeepMath-103K,10176,train,346,1
347,cb77ae1e5e8cb6756c5b58aa7eb1f6fac6fce5fce87c6faff68946b2b4e4098a,5b8d41c7f4417ae2e0f87dc08d4e95982c253e34768ce226c222d1a3b99b1454,DeepMath-103K,30202,train,347,1
348,6e2c207afe10cfe4ba6b73ce2dc55e1447c6121890c80e85aa5ff6dcf0239728,79cbd73a19def0f79d691baed1c599a6356235cc8316643870ffa17a1e3dc2d1,DeepMath-103K,40651,train,348,1
349,b5f33b150a6fb065f42752663213ad01b31052fcf47856886b9d9f15695589dd,ac910bcfa8c6d6f44516851224cba8c80ba98eb4a9c08dd474ea6b5c535f75a8,DeepMath-103K,49341,train,349,1
350,651138914e18d827ae14c16c75887d325de52048321ccd61e22dd19bf4aa2887,31fb05cc55edf9d31462f1a3a937ce8aee0f4b045526a64a86985e47b2130c38,DeepMath-103K,37887,train,350,1
351,3481b14e05593a3fce346a1d8f69e3d9ac6d70fb8e306913d534d552f082fa2a,12f8699bd25ccaef36d3bac003e692af345f9d2990882832c877f56328ad9959,DeepMath-103K,12650,train,351,1
352,df469f711caac3f95f470655adb6b9767e3c6d590cd5c7a855cd73a6410b691f,3355c023339b7125d2c1680604ccd943617652e1cd297806d92a8d465447aaac,DeepMath-103K,50606,train,352,1
353,666f5b4ec222b49a6035987da0c2703aaae03da27afcfa2b7c2fef33acde412e,03afc8205bbb8fe258bfce6e0662c22722619c3859d5592ef565dc7d00def0fb,DeepMath-103K,14413,train,353,1
354,61c33bad2c3a6be48fd52b071301dfc553510066e7ec01a1607f2150c93764d9,e58930ff33c444cae821b4e79e6c833924253545cf3f2d8199c08504372f4db4,DeepMath-103K,28969,train,354,1
355,a8e18deb3d10f60c66ede17c90dbcc0cfb834f996e0ef62b9a6ebce4b993c15e,ce990dca8e0750fbcc811e840ba7c439c229cad4ac36ecb91e33a55ca784c59e,DeepMath-103K,6709,train,355,1
356,03cc8b195b693891ec40fbb41cbf47c75ac36e47513ea06ea726e4b127d4856c,6d03ee5cbc966c445e06ef5da1af24a319547ee268663de40b01718808f984d8,DeepMath-103K,33752,train,356,1
357,5076e5e1423c310eb69ebefbeeb1cb78c66260182e15dc456f01096e04297f0d,062ca058aaf4546f137ac8191682066f7f3ac07770308f2302665265861c818d,DeepMath-103K,35967,train,357,1
358,44f1f9c1d9bbb41d82486bca74572fe5a5070358f8467e0718118cf66df125ae,5b7416ff1f1bbf4832baa84e1893f976500e0e39444c4052badcadbaea18d08c,DeepMath-103K,19187,train,358,1
359,bd78625c4472556f53726617d09dc3d0a4859299b0d5020d452c0c428fe93876,b08ad29b0e14e1cd882c1eb993576a0b863cac9a25d9b7c7f24c14c78ce39a70,DeepMath-103K,19567,train,359,1
360,b3bca9a1fdb68cfd29f05004efff94493ae79d621feb05955c55ad896666c239,0ba4a267f265f6a80f3d5a4d3a4d6663c9c3354e7ab427bacce8e2edf855c54a,DeepMath-103K,25140,train,360,1
361,240b348316bd5c4de7c8efc4d967084f34c1e8cd0e40e920afb7173e92aa2ddd,761c9318d3c756605e9692a7864445be6e9231a67fdb2d59efb8e581ddc6f4f6,DeepMath-103K,27744,train,361,1
362,f29558ed81f28c8d9dd236552a908dddb5ff2158317955125b3c14350152c905,932ec4fee21a6ef5737019603bb42fef609c13ebd76800520b342df70d596419,DeepMath-103K,9673,train,362,1
363,5b533a140ea457baa2955d31753c4f16f5cd46b28a5eded12d7bb12fc0f658cd,d4bd8a3c00a2153f4431f7bdf43ecc17a0987ed7c83daa5c9e965fa1dbdc42b6,DeepMath-103K,11618,train,363,1
364,3a9748fd3fc69c3dc909bfaa2bb270443691c3db830bd424390e694b131e7ef6,dd09a9894b794f3c1166534f39176ec3ee101d7af2d4716c1b031d6c8da668c3,DeepMath-103K,12004,train,364,1
365,bf4aca6c868d811ecb4e510041af9b2b3f0e8ca10fc57920c85e0f9a06c60211,acea2c87f221b194146357ae7662e070d75a6f42626566fdbbe2e051cd32ada1,DeepMath-103K,48041,train,365,1
366,7490fdee90cf72f71047d339005b6a1d9b22edd0ea81213acd905e89f8dea491,dd3415ff74f2a6bb9fb040d85d3aaa250b5e4e87b3a180ae01c95704fb384297,DeepMath-103K,28263,train,366,1
367,d3ac81dc6beb19019c5c384c3ce06b181fa7c65f05165dcb30b66274b4e4a229,6e78c5ef896741c8c63013d8f5b942d0462efd5a06c9586af7f097c26578aa6c,DeepMath-103K,43848,train,367,1
368,39638a9781d3e97fbaf93c5464bb8e9fafa44b51c94e6019902229c07d204e0e,18253bd598adef665dff2a7db8db8ea92d0eb7043f5eb331d6d2db23cea2d68a,DeepMath-103K,36916,train,368,1
369,7ac8700927c555061a8bc4ae031cfa81822201371146ac560df322cc6bcd4867,3cf3c713f6f58c79d95e94f41cb1c082cce9473f0b2cbf2ec9fb0aaf00418740,DeepMath-103K,44520,train,369,1
370,f07e49334e51273ef6ade4c11901a498776d60a73ce8d3514336f23c1398e541,b9d70bbbf742c25ca231a1295f1b0026d4352102d1a1a414e7b78083d6b4c97a,DeepMath-103K,38915,train,370,1
371,b3c4a2b7fde8b36215fe9302b5fd26c791c96c6fd120bbb736560b91bc79de29,9b66d3c7c759000da3e57acd37953fccb4334c07d5008b81b1e7b0321041b0a4,DeepMath-103K,35288,train,371,1
372,fcfc6ac5e3b22b99aa3ec0978ade444e2316837928819c4d77621c5806b25b67,575cc0f217293ce7ed6eea4a99ff86c6c9dcc2a4d00fe68f2920dce6c1297a34,DeepMath-103K,28871,train,372,1
373,f655e2716c15a484f01e143f964d5aef10915b2ee62a977cbfc9477439db7a96,013e0364afd8296a4d0321affbd021f550b568afd9c153d846bf8c59e8c379e6,DeepMath-103K,25078,train,373,1
374,e2bfec249aebc074cb82575bdd2b58ed4a0690d4e734c4849fd76433e6f0f0a5,50004b4682f1eb87ad5ee341dcb2ad6d43b0997fcf5a15e83b1da9dc1f119729,DeepMath-103K,49105,train,374,1
375,60a09bcf50040fa07a7ce2f62b2f6fa6382af44636d00a9293aea088473a765f,334a974f6009afb49967c04e8efc17e2521dd0d63161577cd4e98399a806fc0f,DeepMath-103K,15517,train,375,1
376,3747f028ce2db151cd7aa854d61cf3959fabe32792355d31a28fe2640ce0f931,9be3cc58541836643490fb584d2e88f30ef57e274ba2e86b6cc107d041bda08d,DeepMath-103K,26338,train,376,1
377,2dadddd2e6fcfcf892b114c1bd460e9124c8afa426a0a3dc3f5ec05225620c20,8100ad49a6d53ef43c562cd4bd466b691190488f6c9b54da3525a84cc075822b,DeepMath-103K,38389,train,377,1
378,3d027cc60c469983cb5e66b84015fb244602da46d6b69c2787966f5e789bef6a,1678fc699b140511ed2ec33833435d7d5b55720c064c1ace6446b3cb055587a8,DeepMath-103K,21129,train,378,1
379,06fa0a8b07889dedb860b51cb64b8fbc3475abf89261768e4b7e79efa509e49e,f93b4788a317c607d06f3048a65c06b6daa15821959ae8f3e82093d98ea44cfa,DeepMath-103K,26387,train,379,1
380,fbff85775e06c77341e95e750e5146622ed1edf320d85eb88f9492fa24a5bca9,78537da21fd4f7cd3480b3a0b3f936904a2de74aa813f6bae3b34d93f3812ed8,DeepMath-103K,39299,train,380,1
381,796fe801f3dea681fe66f54af30e18f86b9ddedac2f16e3661cef780137f585f,14606f0b58d52beeed67bfbfef0ebe0e4ed3d20dd8ef751a9ca35f7b403fce9a,DeepMath-103K,15219,train,381,1
382,efb4e4895bfe21610133ac082af117a932497fc8bc4dbf14396c0571cdea6150,c736f97cb0a9cdb4da06845e13052330307c7c1d7dc9f5c6bebdbc3b2c60bf39,DeepMath-103K,40930,train,382,1
383,e0e7b045e7ac564efced7a64b7b84fd9ff9ed75ec405e4865ccc1bd7c4276953,a90ffd23db98f0a4bde62790ac7b3696960177678d4e853420e140c54ec948e9,DeepMath-103K,3932,train,383,1
384,3bf8aacd9630dd226b10c79c2b499038f6357f35c6bd2797824969a900888280,39c37221e7d7aea3283fbedab1ddd63e1e533a8ebec435fde68c1c08e43d622e,DeepMath-103K,32479,train,384,1
385,7691ef8ff9312e39a3bda5cee28896adbd1534fdfaf2a95a90edc5d7703d4cee,d73cbe9eba0ba06b4acdba15bb6c6cda192f33c2055d3fee41c65cbadfb902df,DeepMath-103K,13826,train,385,1
386,f9f380cd82a6fc3bfca5f5a18ac18d11a71687e0c1f9a1bca23cf8b5ac4ee048,8c055351c8563d5a73397fc380d2f84c8f8738da94bce8f729033c238b2a5de7,DeepMath-103K,18929,train,386,1
387,723cb4d4a91bb46f7d7e4eaa025bff1acdd908aee54afe69de93139b609f28ff,42a69cf20957b2053162cd2ea1d4b41e8280a9a88dc430ac5685f69c28319d49,DeepMath-103K,12347,train,387,1
388,9f1763e7bb225b45fee7d6b2fa7fc0363eb0560e2319b29fa1435366214e5f26,c4b30e0dc826102a283bb596742d40d99e14c6cd128048d34d59d6297bcbd5b6,DeepMath-103K,41559,train,388,1
389,da269f16f7aaccb453ffef9eeb666ed46cc5fac733cbf09a75592991d84e94fc,59eb70190c8aa29f7fb61fa0f66892d82faa4a5a74bd1b1fa19118eba8c60b9b,DeepMath-103K,7429,train,389,1
390,36f5860846ba0bd74e55baedb913b20611b90f62dc77c33f430df2f3549a67af,184a94a81c33dad964d434048329c689d2624449b77b9f3586452eea53ad772b,DeepMath-103K,28485,train,390,1
391,c347b9012f641936255d016b70c59095f9e2e2b84945133561187dcfa4255166,d9b349c7140230834c4d1fc147c37241c8247ec014fc7326f6010d75100e075a,DeepMath-103K,20169,train,391,1
392,d835e36bf40addb0f9a7b586a3d7d9da13976201906b90212fb51b579397d060,8299495cca971f5f60cefc5d112c636a9519ece37cc9ee6e86a2fef7f1e36570,DeepMath-103K,22586,train,392,1
393,b92930ed6e58664516b7fde8e0b37dc17a83ec11654386a17353efc182f817f0,71fd560a3c3cfbc05a6990f62d6b0a6594cf6842efa2199ed1de441ffc2cf544,DeepMath-103K,17212,train,393,1
394,5cde5451230f44829242471344a9cdccf35154f8e09467811b478ff63a96492b,066d8f8b7409ea27643bc7919195ab5f0c28b5b27cb385d918f544d166d5b9b9,DeepMath-103K,35403,train,394,1
395,ae70db76955aecb79f3a1000c5381d8bfd95e519f1afa9597091b3ee104a4d72,999c90ef14168f4166e3e5b8aef1f76b6f11e051e15fea8f8c6968d06bfab49d,DeepMath-103K,47486,train,395,1
396,397b7b9cacaa5a59fc4bad1ecec4a59a43081c1d78b0a2e43d130e775059ae1a,8b97a106760e2c16401a8a4f10a2a4b5717e056d56bd1a5649a045c8660dfe50,DeepMath-103K,31062,train,396,1
397,496cbafbedcfcedc170de94bf22bf2aee2007701871836b3850faad18b415f5d,a7c754a59802533bf2a1c5f97f64f34a9ddec6121f07860d00ad243be9a44d2b,DeepMath-103K,22414,train,397,1
398,43ff8e54b4e3e0acf35927583d728db55fe1f2f786f2117d6fabc509f88364a3,8a61f0c3d9d511f5fc8c4bb700d0819c1455782c44d30fcfee7b59eb210e23d9,DeepMath-103K,39421,train,398,1
399,f7ec5ad2c358e64ec759d65c87e58616dec72de1a26272fb998f6ee6ffa50812,01604f6be67ddc69b0c84d72099553d1e70f11ff6bb2189c1f8fad9419f10246,DeepMath-103K,38549,train,399,1
400,8af29dbb591ca7b06fde38429f35d5c6964aa5ac4b583acd422f2bbeae81863f,522cad66c18fa4966b23bd88ea843221cab3b68bdbc8f9037a60b8113f64d689,DeepMath-103K,51646,train,400,1
401,c9377c78d4329c2bf107fc8ff5d8c4ad6e9ada92f3111db39c9421b32c25439f,71ee3c88cf2f24d630bae759d96280dfc965c1ec811513d41f8969cae9474582,DeepMath-103K,16753,train,401,1
402,1a7e38f7d422c3bfddb2f0c3deb8cbc96e0f00a3a7b2b9cbb9c03b8d52bc5343,5d48a8e8281a2b8bfe8ea51e4fcecd0e3b6ddfc26e6b118288af3bba38b4bcef,DeepMath-103K,49368,train,402,1
403,495723c76ba14dcd3d4240e7327bfb2d0ce3ac29ef3b63168877060c42b00e55,b4ebd3aa8beec5d850dec16428b4e451a4e0a067bfc2cc9e87a77f53c924d01c,DeepMath-103K,30483,train,403,1
404,6c10dea1e6e248092608f82df9afbd33bcc72e180504d1c5f8d420968ed4ab1f,29b489b8fb450f18f260b35c0d31535f9a13031162acd7e5fb29eb91eda42426,DeepMath-103K,6584,train,404,1
405,5595d6d932d0482c68b4707163eee968a96a2bbd2a0e763c75cd043add39e393,f26241bc94027bdeb89e6edd907b612a78b231d5ada904eba27482cccf617507,DeepMath-103K,53462,train,405,1
406,dc6c8f2c37006864baafc84a80792de2120f39c8d8696707b6d0ed2af9b42b67,37ac5ed8ea6ed0829ef43c9fd2e716de2b2fd2fca3c6b6ad3c904537fbebd6f1,DeepMath-103K,39949,train,406,1
407,696dca500ee8447871cf49f880c8ea4a3217303b7aac898fc070c4d501f15524,60877c59a7ff5d81a226588fdaa6da99673afbc46f70f4217b166dc3a8a05270,DeepMath-103K,32211,train,407,1
408,49d6da47ad53a44ae7dfdc31b0e557a1e83cbac4b49f1f437abf6fc04ae79328,163c66aee91f3b5cca70bf8f83f06192eb2277a42dd1afe18d91154e2dd6f0e7,DeepMath-103K,14435,train,408,1
409,cb577672cac5302e6a92665e0d1a018905e862d0b86ccdc7160c218f89259c17,942b708f665f477ec9a9d5a4b758d637cce501a78e3e92400733053a2b48a702,DeepMath-103K,2639,train,409,1
410,a39561a1a33b5681e2b8a913bff98076b2b21ab357dab7a644cd20664bf850ba,08bc4e7f9bfda47888633e5c05a5bce0c72de52640c8d1c49583c1fb69af668a,DeepMath-103K,14522,train,410,1
411,1b07f089d9e6f3176125086f05a920839f81c83dfcf8d4cd9b5c04217bba675b,3d915e5b964de2dc13c9cefd50c6db313521350a0e626b11ae0072f117f0e746,DeepMath-103K,13294,train,411,1
412,e0d6be17f2d6093afc6f4e484e8e96dcba371d4e80cda014e93c9ee700d8a245,d08d6222fdafbcf7738d5f131c41898995c2fd6bf94e012912192842c29a6e1c,DeepMath-103K,28418,train,412,1
413,edd42cbffaebf0af5949b056abecf2560aced5b08145003d466bdea1af05e8b4,ec5ba47b4e660ecfa35ac3c5fc7eee2095e960169b5010b54ea0d9dde69f9dfb,DeepMath-103K,27918,train,413,1
414,dc4b85aeba64c7be47c67896275452fcae28ea6972f3a54c5d506c51cf2ad022,b2b8259bf9b4e257440112c9336482ee659e4ea65216dd147ac358b19e14981e,DeepMath-103K,38487,train,414,1
415,b1099b82a078cfbf13db2646e84ba9f7b94379e10d3b2ffe53a2f019086ed194,a26f4917a11a353b03d5e81018cc837243f93d64f3099f5270f5570d919fc764,DeepMath-103K,21927,train,415,1
416,740d4bd25d56409ab4e2714eae2209c86a23b825a66c915adfec1fa783406299,fd482d7742c048e25fff99987b4f6acd6ca735758248cc5b7af2e3835543fabb,DeepMath-103K,53693,train,416,1
417,0cd02d284155513b78b8bd196e0df5b73d986e2bc8df5590d5d1c5b9c6db2267,8c0f33090374636901f6afb22a552573e81444bab574a2244eefc6b149abc423,DeepMath-103K,56344,train,417,1
418,e97dd0e465ab410d89a0468a1087588bf64a6ffc544e4b316a0a215cc4551a7a,752c7dd36962568894c5eef3320d664192adf6a5bb530a2d4e337dd4591d6605,DeepMath-103K,38715,train,418,1
419,8ee3436be9e8ac314aed4f2f9462ccae875b3e5744f7fd48827b1a30ed9165f3,87994e8281f5cfab216404bcb82b394fc5161f48775fc17be446f9f57b15e79b,DeepMath-103K,19841,train,419,1
420,d7fbca3c7e869d64dc94b8a9be16088c0d325a35ce071878df75d839004127f4,684bfc584d51f9ebfb5825ccb6463fcd15ca8c09a3d3eb75213528e5976625fd,DeepMath-103K,5181,train,420,1
421,8fe20fa14c22304c14e867311698b7829d502ad88772fb05110d25beeb2d6bbf,96b49e2801026842930a08559ed3ade2932406eae6a79bd6cc7334f168780856,DeepMath-103K,55895,train,421,1
422,4100a5f5a81f61852ad1a5d8b35b0d68e4a7a2038c3a2fd7fb0c76076aec3e7b,7e73ea098af4e60839b34aa776f7157f0aa5685541d0d79a65134278269fa546,DeepMath-103K,10441,train,422,1
423,920d37ef32a2d3e4b7ea80706321e92a6c7adef95c8b6724959e949f404331cd,806a9ef64150771e10a937841f2994e6b01943a78b21c925905d23d816613ebc,DeepMath-103K,10996,train,423,1
424,c17f7d7eb6eb01ed4904ddaf9494105082c916082978a48a7c25b41e9ac15a42,4e9a2cb1092b120384b4438d5576006db88e86459cb583824d8394bfcc2db96e,DeepMath-103K,22541,train,424,1
425,189e71d259cd466611a37a2ae93674100b103f9077aa7337c17a75830d3f8c2b,e90456eb11e999af795b7746bbf0175b55006a6e17a44c75711394207c10cd3b,DeepMath-103K,49303,train,425,1
426,9ba743a296b30e1c39422011ae1d7cbb37f93eb833728fe991fa1c2db8a11686,dc1e906bce1db8b07c312e2584ac94bc3c7c9b21479f4a9cb23c0458d80d59e1,DeepMath-103K,36074,train,426,1
427,485657c077c65d5f2cba7c3e242de7c453a660aa9cfc415832ad82c1888a72e3,e088140b69412d4c03d6081eb66b29488d2382af43e9b7163ef3ab401a12d053,DeepMath-103K,9587,train,427,1
428,9ae8e471b2763358521ece9c87c17a62b5b434187e46ad045435c43952cd7649,b8180cf6d9c6be48f1330348c55870081e508c59ae71bda820d8b5cccaa92933,DeepMath-103K,12416,train,428,1
429,5b8e275cf987ef3dbbcf5ef4eedce2623dd54778440f179fe11a7e32ad5aa844,d29fa690aea7b26b5cb81d1d6126fcf51e0dc82133f8bc8e079eafe6c07ba3ca,DeepMath-103K,16826,train,429,1
430,23d5dcecf7331536b08ec8062733637702e5810a322dc2c39842dd1b0a10e309,a5b048b7101fe1f3acca96409166dc6bd7350954b60165ce5808a514255025a3,DeepMath-103K,17067,train,430,1
431,ff9a53ec2ae2b921b94eab71ae0268003be4cc9feb0f5fd29cb23479bb835cf9,69d7f547b64e5fc973484fbfdd96c7f8eee0d40093d46e57c9f988fbb43cf06c,DeepMath-103K,52958,train,431,1
432,1dbe9389a8c9544b03f5694c856870c77f787f03c8a3d5aeb00bab925edd1a71,8ebaa445ddcfd37aace435cb8e4b3edcbec6eedc4662d012fb93039853dcf1da,DeepMath-103K,14771,train,432,1
433,4cfce2fc501c530992958e838d311ffdc04a10bdab89fa61129c45f8516aa339,1eec241a10960ed8bd9b51253cbd89ee19ebe5476b31df16951a8cfb46df5f28,DeepMath-103K,55392,train,433,1
434,94b5b674e102539fd3b613d1c79778445982b0abff446d22966bf8b8ce6df045,c2e78dfab2e949b5ece4688d0fd385fb1dcf710ad5d57246cfa3b48a1c69a448,DeepMath-103K,51127,train,434,1
435,83c3e07fc3f3d535fafdfebe6c7911b074390b84fb890230502165bc2f099995,7134e8159aa3638ff84cfa195f9be51baf12a9e5d15cc8fe55e059a9c54f9425,DeepMath-103K,24915,train,435,1
436,8c5f3b0c99fa294198b1937e289afe81ed9af6cb96e82822550d782b3b84b85d,f64b534405236d2ab0b8642bf41ae42092d787f4114aabcfc458ccccde98e19f,DeepMath-103K,12643,train,436,1
437,e9e248881358e8711bc315cd333d9e9a7b08229fe603d80e5e2ed8ff5372ee5c,5e1b2d00fbe1b5aaf6e708b69d113a59740aae5b6284ed37bb95087923b89851,DeepMath-103K,16425,train,437,1
438,6193627e709a96da37a911debed83a0cb29570ff60450cdcfbfc5624f8325249,abe7b0b80a401683cd42c611b7c6e139ad285e24a5200aebe7927338279075eb,DeepMath-103K,12594,train,438,1
439,40f6d93add2284fc02b435eed984f8d7b78401eb5642fcfd8991d0991bb44bbd,1589cd6686e2347885227014f763b9bf22215e3ae78d9cabced71d168847ffa3,DeepMath-103K,36721,train,439,1
440,28a0dd6399e9089531e0c44c9431a3a7a5796919abbc8c1c54c84d568c0a7815,be8b2ad4a51d41711169afabf703b470ad3e1e6adf0306eeeaaf6673a0d8097a,DeepMath-103K,56347,train,440,1
441,9f3ee74cc66f620e1d256852816b5c10a7fe90041f6a61ec80a95489dd2259a4,73a0052f7a4e3b39820d9d6aaed854fe901d34a40234e60739a304735d3a545c,DeepMath-103K,29688,train,441,1
442,3f729f207282859059af2f8d53a6d4b35400a4872c76565a8679fa1130bba25b,f840fcce062c25ae3c5cad7bb413c03fc1ceff36dc54360bc441525c8db3a8e6,DeepMath-103K,30635,train,442,1
443,a3040ba263c02c270b8d1888546cb9e2532412122a191186508b70836bb7d86f,1d698e5065fc3f66dde7fcd56d650c05233dcefc6740187cd1c685c6b99f39cd,DeepMath-103K,25723,train,443,1
444,b7fdbcc4e900fefdf0651ec4210658f9662a0e3272e86674f14241234ad8645f,1b5b1ac885510346ee8a7e9ec0fd29cb367f577ab78e6e51b92248802700d8a0,DeepMath-103K,13256,train,444,1
445,b9d911651988c1d3b89fcf5979682f9b5051c187563bcef539588e3e5bd61bb2,54f780431d64b77db3800886eac32facc9a0ffa158368b5fa04fe1a7d07c6f5a,DeepMath-103K,44724,train,445,1
446,c3c72bae5ff62ca7407faf6702b15b3895056c718ddc3d9d6402bb61ab985ba5,ca9171d7920e16359f1b290a74d2567c8026a4df100d643660b189360b0c50e3,DeepMath-103K,22809,train,446,1
447,bb67d3d4e42b41890b245512250b70dbe0e73e17339abd52a35eca7c93cd4e07,373332af30eade06ede57b592f67762d68a1a83d2edc42502f76a55d7ba16668,DeepMath-103K,32344,train,447,1
448,f7758f60daeaea5c767a32f0c950342cce865f77ed075863e9100bc3e92729d3,5dc21f79b2296c8991b0754c80c88f433f219d3a7654b7926ea696c4055b9fb5,DeepMath-103K,35742,train,448,1
449,d20a881c75c8654c8bbbe0aacf2f5425bf1e325b830c457e7b3eaf59566ab5b9,7cfc8a74d59087712afc672a5e803e44f07e48ec11696f26f6b79a5ac27219d7,DeepMath-103K,9692,train,449,1
450,0b9cac29d6ca51a690b95f1ffc96e936ad7ed28fb5a8082c3dc429fbbeec6945,8b7c2575e5a22ffbceb4d180a56de0f324ce3037ee931b74aee5170ce3c7bf27,DeepMath-103K,17318,train,450,1
451,d081b841dc59b8141f3462ba66637647edb872f403d12bd0cf60cae2040924b3,e939bc38f269973c5e04d8b8de47912d638f6d49d3d65e2cdb152c084ae53a8c,DeepMath-103K,42007,train,451,1
452,41c0cfea7ee45896e41e55a009789a9b4a8a2976f170350f3e41cae705b186b4,1161e1f76075e46f7a7c058be57fe4b2143a8e1fcbbf907a1d2f979221efd12d,DeepMath-103K,53423,train,452,1
453,08d2927b264142b84cf0aa9a110ab3c9307d8d417070fae0086dc9fa5962ccfc,cb434e63e580a0a5752d7354bf3c9cf565cbf5938f620e0fe59129481913305e,DeepMath-103K,30076,train,453,1
454,f0a443aefcdab7a2b62cf7ceef44d86f333bfe35fdbe67b70357d394b506071a,a64bebb97a8937850053e0d43622f42f8729defce621d5b932454a3d0480f2ca,DeepMath-103K,56727,train,454,1
455,bf831f350298dc7689af5e748bca7d10a9f097c45da1f7bad39395ec463fe7a7,ea0f07e2642f9cdffc051404797eb4083fb9eeba73a397490abc63d190a4bada,DeepMath-103K,6035,train,455,1
456,8346f59bd52ecb371a290927f84cfe7cd2d3367088652a855093554dc7484244,c7933d4aacddbf1b3db1d5c15c31c639d219824754507417f3cc1e10f64a151e,DeepMath-103K,10380,train,456,1
457,22a9e9fcca3bc73c764a5e87d52c0c57b06a265a4c0ac72a8321bf85a54fd23c,49148dd74d35904dd97b0ace61a8a296fe800054d85e59ce826292689d5f0b3e,DeepMath-103K,56547,train,457,1
458,151b0c9ef967450616c5755239865558cac1e4ced72cb5d03e68855347750a75,d5ea7092aeb9abf7b5135e7ba26a2f0215a20d0288900c5c0392f092018a8a1b,DeepMath-103K,23472,train,458,1
459,da2b04786a9076df80df601395da66fddae7ac94c4dd72d8f4bd48c9cf2dbeec,1f1b1998e8dc0c31cc0acb92913acf935bb5fe09817ce261e6fa89892b3ce6c5,DeepMath-103K,53386,train,459,1
460,a5f70bfc90b98eb14a73a3d8d2ae128f49ab7c0b4df66ec95d5d46c1ecf7e408,1899913762bc2708fa1631fc4b5dbf1ea70957a48ca00b6ca5d2664882d76e0e,DeepMath-103K,40992,train,460,1
461,3c7338d9e29423ec04942c1aaa3e83d6a0a410ba23a4cdf670860fa2a87bf439,6937890e155847df81f754869fee466a3246b2b05f0e136c155c3460c0be9c9a,DeepMath-103K,2959,train,461,1
462,511b42aab313b4e40138ca35d26e16bc51a3f475a04838fd3c3f6b0dbfa18ee9,c530359f62ec7475e9f88d03a896d6d7fbf66dab6f34d784134d86ac57926365,DeepMath-103K,55900,train,462,1
463,4144bb816802cbd63cd27baa65d2a16a50356024ab1b371895cb38fc984283a4,0ea73359f353a4e469cc7c41462140ad42e43b2fa7ca4c6410228112544465eb,DeepMath-103K,51784,train,463,1
464,b28644b396f0bcf09c1de6feb073458ba5a9dc6d374ce4f2645aa5cfe6e0ea8b,dc6f775854b5694e81f2a14263237aa053e9b73798336dbc9c0a2b94e06b193d,DeepMath-103K,22835,train,464,1
465,9620c49e2b91a94ac2e305635808723eab046c2064d3ace318674b0a3e0e4dac,66e76f6e45e1e071275d4d69f19eed566f33eb6b3fe4a766208c26d2aa4a7657,DeepMath-103K,52879,train,465,1
466,9df6ea31b51c879a4e0d23c02b0a049393f93ac0f25af928e4496300f0fc38f9,a412a56917bd7ed884d7f48eebfd1a4dc6e3493511d330a0a2d511dc18148e37,DeepMath-103K,13916,train,466,1
467,d6dd0ff73fff6bdbf2609f6403f0d7ba88488f5daa57fe216a782c74efa67242,d1b5315c2451f1539b35feb856950344bc81d745f527210116a4174fae3b1c77,DeepMath-103K,29387,train,467,1
468,fbcd185f20d3c868902a881e75f47aef6d56239eedb523dc6600553804a1dd7c,85a8df8740b2362079bd5f0a941d3b687f16c23c96dd82440bab1b2a208745bf,DeepMath-103K,27956,train,468,1
469,3db54a814469cbdf39a525017d11cdecbfc107050ce80e4e87706c30fd3596c2,1071fa53edeea594722558686de51dd086dd76ace97854ff911e32ebe990cb17,DeepMath-103K,34467,train,469,1
470,2e055d4fecccf5d52dc93b3b8223e08a467706d3410bab8292ca167e15b5bb66,88ae681e35556e848c7e28a89c63953d92c8a158385b43a3e0199f990e948712,DeepMath-103K,36421,train,470,1
471,fb7c034219a07b342fe9e2c8fcb675210f30bd8a3515acbccb229f1138bde191,2e9d5f957a18f1507cbcda63f33ed6a7cf3a635bacea3d7277cf3565eae793ad,DeepMath-103K,40373,train,471,1
472,a7ad056ad6fe4f52a9d0c3dce012a5c238ff2ed45a346c72401dd8f6c3d86837,c71590a984994921e44f4471ed78ed7d8b6854548c7350acfedfe9e1c0952e37,DeepMath-103K,35237,train,472,1
473,a7bcae95c287bd3f5b57957b72b2dd81e65b8780ed7cb262462d2a359056a769,fccd0e985ea836ecc37eed926106c920423d7e04c4754c7f9e5b644088def317,DeepMath-103K,48506,train,473,1
474,31bb57071973a70d0eaf5e3fe879f29b66087c9003c6bcf046a6306f766269e7,6024e367255384f66b8ec26bd96481784e1b65fff15fc5a473e724b805e2baa2,DeepMath-103K,39064,train,474,1
475,90fb0c4cc1bb26b2c46f7f8028d3e9f2975b5ccfad05d2257f37769e0e7b485e,8ffabef9675ef5fbaff29710122fbc1fcb358a6714ece7006795e96fc7df302f,DeepMath-103K,16598,train,475,1
476,fffa43e846730f9eecce631b29545414c3ae9d4473b172a7a25ca8b96038faa3,5b0e783b3afafeda805a1e7ef1da40e24b55242ed9a1c12b945c296520750f54,DeepMath-103K,41645,train,476,1
477,4cad0ecff47781c2814f9baaa9f5a62fcfc17fde32c9e0d3c3b2ffcc57eb6a59,3122b1ba4a0ef893191ea45ef9dde6643a91c748ed7d6212bbfb99f967104d8a,DeepMath-103K,53058,train,477,1
478,a1a47c89b0441e84f522d0072ad1fa3b04f15340a288d6ebd11f5ee0985d145e,d60aa6d9a3353f263400df1df2de6391d2796f6c22c0c8280f4f6a33799d0d4f,DeepMath-103K,17061,train,478,1
479,b250f711abc527ea7873c41f22ab003123cfb7bb0d18360b6d0bb5f04af045f9,d9f979b2d01832a924a8ab5da6cb5c0885d766d6f3c589271151b603f73c881d,DeepMath-103K,26775,train,479,1
480,60962637af8ab1ee998ff968ea50124814784d79b832652aee8c54f74cdf48c1,428307be0b29b67de59e2afeb75cf607dc3abccdf8a8f6ea2c633f031639b2af,DeepMath-103K,18446,train,480,1
481,fe5b5c9a60ebcc8593cd2a48b74095687705e64d2a5287d24e5b1ad4b3eb9c39,3338d27bca00442d8388a2c18d0071e1c750192cf13a22571418644759064e57,DeepMath-103K,20865,train,481,1
482,fc4eb7aa3f5e812826454db9fccb627ca81d6b72133fe57206a68db5f5afc81e,2329172a0fda04acce1b810a4234575090fc6976edf074adb676c3079f2e916d,DeepMath-103K,6258,train,482,1
483,2037cd9bd56d8e3f55780a93831e02a112f8a6745813fb0554cab5ac33120fcd,a5ac3559ab9f4062b89777aceecb23bf6ab5087f690ea7b14ee75f2bafc6d406,DeepMath-103K,15795,train,483,1
484,100680acf04e758d6fb8da0ea919c17d3331f7ec6d076276ebb1da4c6efeba2a,46fce3a1a630ae0aaa4e4058d0e965ad85076c08ad66352b9b2c02892b8acc97,DeepMath-103K,24370,train,484,1
485,cd729bb9da46ec18b365aed13e9719318702e7e0fc1846ae7318afc747034f06,b96fbd350164d5789fb9d6c88af39b9819c92f0b5e64145d192245c7b6c7beea,DeepMath-103K,42433,train,485,1
486,a436afaf0128fa5f972548c6bf334bba99fbcb4d60414680d4e11b8860899191,0a4fa7f1dc634ab338ec542391f8f38f4b2a32cb77316e9bfa21675a5817130a,DeepMath-103K,11048,train,486,1
487,f160890af17d3035f9e7e724fa741e896c2c373a410340faa9eab1dc23d6a06b,4e399b9cd6d9f7af36914a93d95de20d9cfcb388cd73809753a5bbbead91f1ee,DeepMath-103K,34294,train,487,1
488,1f3b66d7a6a45c1d295858cd692ab63f0a03588825e9711e193e69a098ffb790,d7e6d0c2d518ef5a100d3abdbf2edc63a646d4b334a1caf57b48fcc91f8e9221,DeepMath-103K,29059,train,488,1
489,2481b1f044170a22f24128e0257390ae820ae435dc3eb9de0dab149425099305,b678bd406cd5f2df8b0b5a8d5040fa9b3799a5186413af76c116fa39978b90a6,DeepMath-103K,39483,train,489,1
490,d8bb6a27d665dc3b9bd7d6f16ffbd1944ad806bda95e6b42f9d6ced8f3def92b,7769d49e8fb016f4bb9ae213909295c286940f206e8aa52967a1d4e53e33dfcf,DeepMath-103K,49362,train,490,1
491,c09e5a4cf3fbe246755e4f89f003f88dbd423faff8f819f544f4230465d66365,a143892a105575144b6ffccd9f414e953b77d6ab3a0522d08bfa929b8ba67aad,DeepMath-103K,53309,train,491,1
492,b8fb770b6e129507c23b3c182bf730a682947c421b9eb85b706bf5ad2b085c04,e9759ca131b3fdb0dc95d9fef7db2fcda6d173d0abb205a3d952e0300b02c027,DeepMath-103K,6502,train,492,1
493,ae761e4bfd97442ac55108c9b550120e4be7c982cd375b1b37710708cb02c922,36828b11483af67123c3f74db0d585b89beb2a2e4c06876542a6d394fb876423,DeepMath-103K,31468,train,493,1
494,af3fad2e344dd27d1d441e0a64f9e8d1fc5923626dff65129d15c72723704d86,462260a6661d32f22e80a9d9f08eeefe898ef313886dd531d7bb199201a75bfe,DeepMath-103K,14433,train,494,1
495,5c7f90737f203ef5ba9a233324808f8bdea0d8c75f91b487484a694853c8ee5c,6fe15a9aedf2dabe6c0f81f950f3000c8cbfe1cc04d8752632c12077d0f48024,DeepMath-103K,36574,train,495,1
496,ec6d6db85297262b182134c90fe9a842033b536e50386b026834849f353a3582,75d63605a640d214bdeb08e28de24a46be8d2cb60f3235ac8288949b25b84d02,DeepMath-103K,51163,train,496,1
497,6deb88b444eac8d50163e52c1e65e428998f00650f81d6bd1932e78d9d52560a,c96539a729a3615b1e78ecdf53cae9c87cea8547e809b4c4c6d6a841d24449ea,DeepMath-103K,30278,train,497,1
498,90bbe6d5c895031fde51006e7073aece9ce16761d9d99d36b0e93ec750fd77f0,3e6ea484b16220bd28e02a566a201718f33b8e1eb4bcc5aca9dc0d75bc3c7e52,DeepMath-103K,7965,train,498,1
499,631bf70e35bba892f0be11402949a7400a82bdc75d120fb2f21f807c7ad94335,f374748e30b458a707a78bf87822eb43e17cd408e44c1065b805a94d168072a2,DeepMath-103K,23998,train,499,1
500,620b6750b24b53d2c84ea6cdcd87cc91d97dd73b62e6c6a9d504fcee44a6dcc0,6934cfadaa1b504a6a085073dd52d631acc89e75e027912c418f7efb3f441ac9,DeepMath-103K,51084,train,500,1
501,f23d9eb24ea41766c44f58d35384add25d8081ff6b62603e59fbfd7ffffe1bc9,b600278ed11a0a0f2412d4a3234d6c92a062129aab9af5512bc9f23917901af9,DeepMath-103K,44756,train,501,1
502,ddde58f3abdbc347270e2c988ce108f73021b6507603fe821c561c7b184e474c,f3a457f569860dddc8ae320092320acca7885d5f980e610bdabcad00b0cdfd3b,DeepMath-103K,17732,train,502,1
503,91f9c78c745d652a4a999f6d6b27a88193818da1d8f41d5b061ae1bc7a29861d,630a2a8d194064571781a5216584738c80b6d55b495ad51f2128c85c436d0146,DeepMath-103K,11364,train,503,1
504,a77dd6fb501ebeeb466701b8731fd641db600883735d95a8e5af1fc618b10db4,f6d3cf4f54b510a58b02af5c1919a7815b3b79154b721d9eb288e44a480c69f4,DeepMath-103K,42247,train,504,1
505,c81dec0664840d14a32a5c523c9af138c22644c441cbc6c15a26056746042df2,fbfe0ddcac08fa7da9ad7361cfd17312a564dc6672514b212735dd33a177fe90,DeepMath-103K,18450,train,505,1
506,ada8ae910367c4b3325a589eeed44effd50dfced67327d2d91c77cbcbbc5c6a5,4ebf4b84faf42f10ec139bdd644d5d813668d7c9b3af568c713fc3b0086c6203,DeepMath-103K,43648,train,506,1
507,ee4439349b809fb75847ef2515b69a753f19c15868df0eb1efc1d0c69aff0c81,22b94710cb2f0e248e9b0a814f69029fe636b109b39fad4ae6eb7bab5d6c46af,DeepMath-103K,31446,train,507,1
508,07bef83f408dd37f8a96b617f391679c71fe2f1bf777799629cc878003991f55,b1ee6beb5bb6f9b8f743001da8af96629eb136980863bb4718802f2c47e2814f,DeepMath-103K,40622,train,508,1
509,5147a008b7fe62e723931d054e4a338d8b20ab74070a167254cf6b7acbde3c0b,a8ed032c7a85352326af25323fc05aa41494a0edbb0bf9438117b81bcb4cb16c,DeepMath-103K,10816,train,509,1
510,9148fd4d15f14b54db102406f4cce5a26fd7309b8fe75be7236d0e93c41c7a20,013395566de82f0a8c3faebafd859eedae4ebfa5504f229c80026b638b5e8021,DeepMath-103K,10472,train,510,1
511,0efb1c38df9ae9750f216a04cde94619369ce43ffcc032e2a3a615b8f9d41b76,0f36e808b36a5553f4bd2ff97bb18bd3b1d7827412467057388b128c93245486,DeepMath-103K,22918,train,511,1
512,8ff07b5dcfada0ad8257e44cd7dbf8e57a6f8852ee74b64b9a48f7b933f383c9,36086987e3910c2affa185ae83b0b209ecb195ad98fc8c32eb6543ca3e996f8d,DeepMath-103K,8027,train,512,1
513,46118bc8273b833f0f15acf8565915b1546282acab627aec982461add7e07184,09363a37eb70b0d9a72344df925f0c2eb43f18df6ef78603b8d3cae8c1f9c046,DeepMath-103K,23721,train,513,1
514,34d13fd1fc6a90e52ab327c2b1e1ca4ce3d8d68a51d784b6052db79c24509ac0,bbe3d40ae4a6f0a9914a5c3fcd6aa7798ea4c3277be57cf4647f80ed23ffa776,DeepMath-103K,4986,train,514,1
515,dba93d7a7a5b1720e182c58668bdeeab819621c4b76d1b6aeba577256f3ed465,54e969cc306852f6c05cc717f2ae30c2a77bdaed45f4c5f4b896a64c56c2a639,DeepMath-103K,10177,train,515,1
516,944348c140004324b0148b221421135d02b59f5ed4bfdfeefb9dad20b8897757,71efd95d7f2472adc78719808afe55d318ecac146f9290394bd95273be0827a3,DeepMath-103K,8401,train,516,1
517,86a861253d941049b46b391a922796c3cbb2ebb394d4f284a874e56621ff924d,d288456dac2fb41014bb0e341f135e36773d0c0afa31086f5a6514c7f07a7134,DeepMath-103K,23910,train,517,1
518,e3809669a5efcd2ff66019e9683c8854d72d3f42f68b013c0e3c238728f7eeaa,083f4dcbe644cadbbd724a59f82ac352174327c7341a11e94a10ee8b1bc975a9,DeepMath-103K,28318,train,518,1
519,08f14e54bba6217f99acedd241a0f84dff2541dcf8a533dd4e4b56aaccb882a6,4164f1a4e4b0e0e72caa4b2cbfbb3cadb338299dac30c305c55ab14dc3f473b8,DeepMath-103K,12316,train,519,1
520,dd03229caa372d1b2032c436275fb13f5a019b7ce8cbac8722af9f2c1b723f98,34252db493062d5c81ae266cf7d42c7f13ea9e85b1b746b0d6058f429989b032,DeepMath-103K,38426,train,520,1
521,cd70fba73876d50715fbbc60053811b22c904254d5e75dab7be738763c3e1482,ab5824e61655549281cdfef49d9726950b839660817c42c8a769569557bf0e2f,DeepMath-103K,25815,train,521,1
522,6ad6bd20a02dd4cf0aa3ab87afc1a6018ea4f654f10babfee5ea61d19ccd8cc8,b18f1b4da8649008a700c94ecfbde1f3a0d73b90e964dadde3027c26b0856e23,DeepMath-103K,29113,train,522,1
523,e9238bf289991f584bc61ddaa793139f78af78e4a6540452ffbfeb2817b0c141,cef9ccf21965dba67e62c36836644050aabaffeb12293e998e7ce570152bd465,DeepMath-103K,14253,train,523,1
524,b377092daedbc43b7d120c48bc1ef8250cb9ef5efefdc192aa5f6e675263423e,b59e9615db08485c9ee1341c5f21782b4d6de4423ddb9fc5f01c56506795ea65,DeepMath-103K,10947,train,524,1
525,938a0e435d5673d92e0217eb942b962acfea80e71727b5592a21b50553717570,c5f4f91a5b644e6f044fa5c8af50c7d6d5377e68f3d49c6bbab072643c15c2d0,DeepMath-103K,7760,train,525,1
526,f78df13b2462dbb636cb30d37aa7ba5c0a6f2119db8b4dc86c0116c33934cbd8,f143822cdb66bc1d9292f606146c9cf356696292ad7becec8d75a59a6e2a0ce2,DeepMath-103K,32764,train,526,1
527,10adc9c42c8a2fa72197523c3b567ad3cc4ff909f3a365d47d30e7f39398917d,bb0d06d1745b3db852d3411a24aa4393d7f06bf4fba556c4578554e195b3d26d,DeepMath-103K,17900,train,527,1
528,69b291ca07d9df07120725f2b50daea5a08cc3f588ea723496b3ac9019ad4dec,981f35bf3bfe828ef0a44cbe26aefeca4c186da4222b164a6092bd693973f6a5,DeepMath-103K,13063,train,528,1
529,7a2033efaec6b292e5b701505f2b5abe49aef9bb16020241498fbb669c09f924,23252ee95bbc28881ee9ffefadced0373a417577bee1c8797a3ea1441e559533,DeepMath-103K,9564,train,529,1
530,6d7ec62960effe15147c69596de941424a5045c0ddda996241ebb336b60c93a9,1dbefdaa76ac12246e003d896d872e581b6ecf9da0ffc5d4e13e37a22c193332,DeepMath-103K,18263,train,530,1
531,5a89a4048d6de41fba9ba3d40bdcead3864776e71c5dcf76a0d07af4351ae87d,db37c73989a62ee3db69740c5c37eabfb2d07b0e7574a368c3ea2dbd056fff5a,DeepMath-103K,47343,train,531,1
532,b3b032944ba974f459ccfa7a104dd9eed0b882fa1ffa45ec4815f123a53cfb68,f4d3e966b22f8f7cfb1c0bde55eb1aa23bbf2a49e685b91cb8ad45b20d2b3fd2,DeepMath-103K,12244,train,532,1
533,2ae682fea13a0a3560af96f0b4c12ac5318ec798379c159fed3dacce3bd57df8,79716010bcbd9bf8c7dca96d5cb16b3821c81c303d38406291248f7f53a0b6fa,DeepMath-103K,36738,train,533,1
534,9fd4e8186c089f24886e19aaf8e73adfc4b101dc5abfd9f48c3469a42861e6eb,8a794139194649d7483856fa0ea12fe7e289548445f13121b5d868cd7edf3ded,DeepMath-103K,41414,train,534,1
535,fe6af90862c185fc0d8ef67573bb9870a32d4a5ec77ef639cea0b63336b6aee8,99f3119d8565f432460e5b610f8599deb6ff5bcb546fd60080a89ab6b17591ae,DeepMath-103K,32181,train,535,1
536,c26266db8237f42c5de095ecf54c67fe69c00eaae0bb50563e18620232419109,ccc37392aef3168e2fccfa057354bae6fd537f25a7ec851f17c9fe9e631d8127,DeepMath-103K,9341,train,536,1
537,cddb8672e8655c5a027890e5c10708ffbbd6109b42a1ad83a116ebf38d105464,d9dabcd20125f3c2b51ddd9efe75c39d58117ee2576f85bf5ded3b276755bec4,DeepMath-103K,9360,train,537,1
538,9bdf6a89674684e2c4589285ee2c3b270e326d80b78d5b233fb0fedd0b30ec47,e3748bd597abaeca7d13959e095291b51b793e216f5ce02ff5d65088a784a268,DeepMath-103K,18310,train,538,1
539,333b889ee0eea810d32a537b6042cf0fb5c6c642d4befae1fbaeee96316c661d,934aa8161fa5a137bca605c088cf3777403df4aef37574d28027489c5c5836eb,DeepMath-103K,55949,train,539,1
540,170542251bbe24c93013f5803661a116d7cdbe2d3e847e9940224eec43b13945,716d9662072d9f39b077184b97eef923fc824a45e3b6eb4363d18265be54f338,DeepMath-103K,45285,train,540,1
541,dce98f64d403edf34a86c74ce101eb5be771c9adfe50473da16234ec1a634031,30c598db5903142ac27227a971a24877334c439383727ec9f54a8b0ab5164f55,DeepMath-103K,24203,train,541,1
542,4618b092a893577bca6c127ef89c3a1bfcad15766a7193b0362b01d07e9bd34b,5360d8d5fcba9e2ea0fa2389ac9f68fef6b80ba70ea5fc915b320b31cf74f0d0,DeepMath-103K,25641,train,542,1
543,78aaf0fe343610f2c0f4617420da9adbcdf7f057db275d95f851511d497762a5,33041497be7b3cd52c8f6b2c7df4502066d533506c996037e1899016a0927589,DeepMath-103K,44387,train,543,1
544,751af09db0b7bf83a6f1739316b0d610b730867b16f285e90b0f4f14eaa952b5,5450106af4ad40d9895cd5f3004989dbecc9c6419bbc73c20e6072373211d5a1,DeepMath-103K,45893,train,544,1
545,aac8b05680660cbe2bd81714607397f8dd676f56e8eecc47e2e15f962eaf4e74,a1cfb6d6d367ad04ed92933d78f99aed0f8293e81519c2d3baa7beecd0fbb819,DeepMath-103K,48944,train,545,1
546,4b0f28f13c95349c1ecabfb7de94132280defca50540835a33f34f08a4d27b27,8e58a18d2926cb83531590bacc8bd23fa2c6bc692b1e5de124881d36d376adaa,DeepMath-103K,8277,train,546,1
547,6ea21960b545dacdcf8c39b5d8b6f4e4c9c65d371b41d9c3917cd1f62033c4ad,30dded9df4c86efca5e7f4cc033887356b04b2290f185c540406531223bd4fca,DeepMath-103K,12470,train,547,1
548,7ec5ba1a2c3a83dd5aaa4d121b9d1771e1f63177f90b3a86b7fe8e8894aeeae3,c92d35ea61fc43a5fdafaf4f7ca222bcfb691597fdab2fefe915326def4cfd49,DeepMath-103K,28890,train,548,1
549,342ce712bbe8d56290913209e0bc237fa2b36308eefa636a4ae7154b476e052d,9a36cc03b861e53577bbff186371386dccc28c69cd492fadfeeba667caaf84bb,DeepMath-103K,31571,train,549,1
550,7eef4f7829201d269bb528adbd2a531960215293320750c2d94f9cc01e22d74e,3d7dcf3715143fab850a370bbe71c55beb9bddde28cbc7059fe962fdee86d1b0,DeepMath-103K,38953,train,550,1
551,36fe9a20747657a3040c0675a981639ae9ca414c40061630bb0f4956a399470c,c404bc9ce347601fd63e2ac91232ca2118fd0485c36a12e4cc79387abe58848d,DeepMath-103K,43421,train,551,1
552,e6f4f28822ccb09354e1480b4ae83d914957f34150340c3e9ace2561b09f602d,fbf8ea50acdc8cd84205fe756517c76f2ccda8046b1b5ffa921bfd3397e1a470,DeepMath-103K,18133,train,552,1
553,0b5dc682ae3054920edd90c8c69ba3627b7fc7e5f4814cea373f909847446180,6061aef30e19eebcfcf5d2222148657cde7371f8870a895e0de6b97f75830224,DeepMath-103K,51887,train,553,1
554,21c246954dc0d86206f5aa1989df17bdc2f5334de1986ebb0fc4924415fa4764,4c5950580407782062cc1e163557271de22250ecd89be369417d0bba0905b62f,DeepMath-103K,9755,train,554,1
555,abcd31c933c2a904b535a6ab5c9dcf385e160a548f5298b39a51272d592b8bdb,5fe0558678c025ddcd5ba8d43edb84a72d5ff4099942714fff26a270da179b70,DeepMath-103K,44045,train,555,1
556,c8cfbb4d28b4dfd115e6d523b37889af5461391bdb077a29ace2cc3cd54de9c4,17a03522b3743038e30c4d6b75b0f8aa5b52dba8a32dd74c4e29a5ba307271c3,DeepMath-103K,43430,train,556,1
557,6bb540334ae9ee7b0e6eb41c3c39ce68aa9d278b8a4dde213482277d02a89e31,5d361f2301590bb6cd93fe7e86e7d979c989a2573ab602aba499057cf2b261b5,DeepMath-103K,53311,train,557,1
558,6e7b7f681fb3b9ee31a9fca59978de9f4490391235c3365910d19a1b004a85a0,8b87dec14d04a6de5d5b74d8d568b5dae688a81fe96dbc3d96c8a69a7cd5e2f4,DeepMath-103K,41275,train,558,1
559,b007d66894cb793d686f4a45044549077843be3886342980d61ab816302bde37,2afb26d7ae73cdf5d14a92a5ce3b708fe7b19455252181f9a6fbab5858ee3d5b,DeepMath-103K,21284,train,559,1
560,a33b4fca3529d61eaa3563c0a395ca260e23f9fc597bff87c5c9199045f3aca6,092d136f8130b9a389c09946e8bfd5cda0e14d23a58cc7e6c331b09ca8c931a0,DeepMath-103K,24025,train,560,1
561,eb21a47f647f6cca704316aadb694a7b9fefad6a22bdfc7919b729d45108da7c,15ad42624887c47c7319b34e8c4d25bba85f60e2413c6899347645b6932919c9,DeepMath-103K,49985,train,561,1
562,38cae00092385560d900b5bf078220746b335b7a63be7c6c3025c1ae6a89fe6b,0a6b62ec7c0a5ffe83b294cba9223a89be893bf19059086d07806a939baef91d,DeepMath-103K,31854,train,562,1
563,e1d955b1ff7a36786375dadb813b5fc175f3238534607d525d82751d7ec07eb0,3fdb7ebfeba77dafc886a908b18b0383076fe30d1ad50cc9d70aaafc71c9acbe,DeepMath-103K,29385,train,563,1
564,0be15dfc1010346571d348efd7909f02a180a02a57a4c30ae85804a1bcc3818b,c984c1b43cfe855cb3ef43225f686ed6a8039ca9f400f36b6d19e8757baa0f19,DeepMath-103K,10123,train,564,1
565,e38ab84310c904a44a1771496886b11e212290779ae2c66e22806c0c05def89f,7b6039d9b68877ce3a4e133c4acc45a13e0999178007a6fc6c791009d174e31c,DeepMath-103K,27505,train,565,1
566,a7a929c29d94934160d5512a8c7fe7d8c99950044371b3b3e9ef76f8ebc3196c,37e5f9ef81db3a165dcfd7098910a2cd1a6132dc083caa4641069c5de36897ac,DeepMath-103K,45108,train,566,1
567,c49b0d2998c22d73ead9289b867f2ba8b294eda1d95e4db3718eb3f3593e0868,64f71a31b4177a0371e3fffcb013412a60b20a6f3332f28909270109b9b448ee,DeepMath-103K,56226,train,567,1
568,33231c96d48d4027c9a1f7537bb538e2a9597f799c8c9991bb6cbdb15aa30448,68c1d18b9e2dd85a9eb951165ec8c62fc32ab7a2eb8e9026b0ed88b165509b9e,DeepMath-103K,23191,train,568,1
569,8c55d443099d9f3f6f1edd7852681ec4802b84252dde47ec972fbdec65105a21,43582e4f3ec36d1d901b744ec001fb9b340a1483dc36077208d0ddba5f873740,DeepMath-103K,19763,train,569,1
570,0583b4c4f6adc9fcd0e4b49a7beaa56b3ee707c301ac55c33ad1efde1f8610aa,ce18b723eca87f512c9356d41573dd7133318ce6f6572adfb0ed560af84ec0ab,DeepMath-103K,45544,train,570,1
571,3a7bf73f9e77158ab27c4c4e24446c1e32bb731e2dd76772b674396927958054,cab067c77fe15f37ed69d451b3663341db81c7477c362465ed7dc2c14f54f46a,DeepMath-103K,5683,train,571,1
572,1bdc5e2ff7374677cd3e3f26f444dc6f79fa311912217abed29686d6440b954e,4555692d89d5a74dd167d0f26392d65e306ccad8bc59def585168d1fca9a516d,DeepMath-103K,54853,train,572,1
573,d3034a26bcbef6594a3462c0b76a776178793ed0cb2c3e7ec31efafe4ee775b7,72638e36083e78d8a5808b0bc6ef355f4af285585f112d5d9e14776800caf83b,DeepMath-103K,191,train,573,1
574,2b1348bc0c944d8d34d37f655543c27ec57b5b34d717b09268a15db180017786,4d3a41c479d3e732bd6a5e3399936e51c819e8aeb1853c8f980e4e8c6172ad2f,DeepMath-103K,39793,train,574,1
575,62f13dd80ec72e7374d8b8222837146c75cb4ede00628e7a16cee17d380ff973,c0c2a0538555469b1a705991a1dd610e026548a3b3638017c5cc8a62626336e3,DeepMath-103K,44240,train,575,1
576,c15e48ec93d8c563abc23d59cfd39a35f0a055418f81637fa9f9edd68798e242,08e860c4781dafbe2ae0b1b254dc1ced31d85b4a6e0970c4ca57db1e3facf8e8,DeepMath-103K,8219,train,576,1
577,f7c5374e9446eb8295c1afc838d6ed444b324dc0e4d11987e32432c2524c061b,4b9395f0079fdd0071da8c52c6926d85662f04a8c3d7806f51297d77a7ff6491,DeepMath-103K,55989,train,577,1
578,b4daed8d326120d8cf7211564b578cceae295ba2fa9a4821ed101c1c7c31fe9b,07e8502cee7edff778a4e6379bd55a668036deadfc0bc3557ea26b2545154304,DeepMath-103K,33126,train,578,1
579,8728f2a29b795c34d7b6b0208655039c19fc90fac577349c54fd4948ea26e707,90f6ef7543fbfff3a2d72f088b331409bd099409c0dc22278179fc91285903e1,DeepMath-103K,21440,train,579,1
580,a2ddea8b39ddad1ca6aa9970cf3f145d91c56abd4bca1f2d2f296b6492a58c67,623a23132d6142213e50bcd68675be0253b1bad3150baeda9cbdc9d81e620f46,DeepMath-103K,46448,train,580,1
581,d5f3009760c766f01697a3bd430ba3cf7c794affbb1a602f96b257432621e77c,5f7f9447cfe6f0e0e862d1fcd89fedaa1985855b90826f43805f9c28d5d8bbfd,DeepMath-103K,26114,train,581,1
582,77809fc5e33094f23d47e3d328aed4d220d7fcab83b9c436dae423e18cb6a609,ab97bd60655fced1fc431d45695ce4294010d86103545a86c05a5596de36044e,DeepMath-103K,11957,train,582,1
583,4fb9412f65d418642f4122cd94c2b51cfc1bfe9afa04c89241ff25fe1a02694b,76f7f1d6f5bad520afa46c24e91540a569fa9a0f2ea7e056fb72c20eaa3dc5a6,DeepMath-103K,47364,train,583,1
584,1540d3da17048f2e2f4230bd62e343eaae73c2859f0bd5485cebca372d90d074,c4b3d325f32989150325b31987a91533baf30485867e6653f6c690957bbca2df,DeepMath-103K,45392,train,584,1
585,4f4aa779e33eb65bd169e98620d7fa58250baadc6054c41ab4c0d24ae33f3095,72aee65cad2f167d7cd482bd675e28567e335c8a46e166beb287e464d8cd4040,DeepMath-103K,51987,train,585,1
586,d0cc760c9a6e78c3d27850165a8b55f0da8b4cbb8ed53fa974470201e5c005f8,37c6e8b444068e8a6b6381d93e0f6a9ae03e1311250abf6c63f663f2a95aa7ac,DeepMath-103K,14705,train,586,1
587,60192e585e763268b59e1aece3d8ec0197edc51e05ca4c3512a6bd961c279f82,58dcbc32065888ba446ff198d095c1723ec058a2173e7e5c963b89b775735367,DeepMath-103K,37647,train,587,1
588,5079676599de94076a01ac103bd6fc2f009df06b34f7c916b0cf2f98dc41a5ee,c878baafeb40910ca552126bd674b00e38d00dd521e2b1f6ed7dc8c4c35656e9,DeepMath-103K,50222,train,588,1
589,282d8b676440d838f72fa4ffbe3eed9fda78e5091e04aaa80231b0c4d24d150c,bdf7d24a773fba607349df00bad0734a1109a2f0f8663e45219a00e7194dabe1,DeepMath-103K,14209,train,589,1
590,78af63831fb60582ec7d071b7e3cb81f78beccf14111f9f3d2d73ed6863c7a8c,eaac487af6e7c642401f17b19de1d94d21ee58f7b892e70c9876a3a93fb2ab04,DeepMath-103K,24388,train,590,1
591,1c98f2af1de342769da3f6a1d13c37430d7f67651ffa7a3547358485d86c1b88,b40f9da97b4f1a5156dec4b47a3d291a63ed00e2a44204c50a620c911d2a2da4,DeepMath-103K,49302,train,591,1
592,8ca80f1de13910b9bb9b2e56b387480bdddf62a6e2f7578ad7bb1c702fc0e781,a22a9b6754ec46d7b37c393490cd649791587ae0a79ede7a41ce5851dbec84ba,DeepMath-103K,17375,train,592,1
593,34c3384bb32363c26775f10a7e84aff85f2d4f2e7906657290a2a8515d85660f,f1a35d4b41c68bc900f863703164fc09509251a6ff0ab354bcb9ba586c434054,DeepMath-103K,45092,train,593,1
594,2e5b3dcb54da303b8ccee75f5d66ccae465cc39f5f763d29e40dff716da85eb7,8961d875557f201206c9890acabe650cbcc8d9aae259e74a1b2d40056c92dd54,DeepMath-103K,53468,train,594,1
595,c4b20e1af38ae6422c519089d1136b92633ecbac49e8cc654b97b81509c2feaa,e443d68d7bac7cd81dfde4812fffc7cde94255a8b09389ce69a6db17cd03edef,DeepMath-103K,19581,train,595,1
596,27c259b1ba72eccda47e8607a443735b93d4d10378df3cb92eb6382cc2bdc267,c2bc876a248e0c0e94921c520935c816403bb6c8728b4ff803ef834aa0c29392,DeepMath-103K,22378,train,596,1
597,077d74bacbe520041474b25d25d1108ee5da40931c70d13c60e3537dc6c45efb,b111b6aa4f4f7989a4404509603cc6286770caf86f35a3519fa7638eebd3b7df,DeepMath-103K,51775,train,597,1
598,44703a8f2b54559cedec6a009af42dd1cd5b905af48f30b0a976bfc07cd6885e,d5dde5fbc8e6c9fec48a9c361670835dd67e8c5a07f6e197c50cd92b0c198dc7,DeepMath-103K,51683,train,598,1
599,3c8c87bb28c6497076c5a13a0eef91481df616b6554f2b80db0206619e2aa8bb,1c8511037ec9921b6ab1a6adf72de303c22d817652feee86c521c97364f4a0ad,DeepMath-103K,41438,train,599,1
600,aa06e1e3cc154328e8a116fd4352d1252afd984fb16bbc2a7fe9b03d4ddc8309,208c8cee25d3c5aaa089351ba5960b762e340957b59b3f4bbcc3ef958c0863cd,DeepMath-103K,20438,train,600,1
601,33353effa1d821e30a6da164ada99366f4e05f08f145bb1cf774861e8b4bfe4d,d83a5e80a26f84f63d77c76748a0445dd98b5fcaa8224bcbe3011bd002ab5f13,DeepMath-103K,23549,train,601,1
602,a27296f5fbcc845a2b176d05d2e8308310abbea318dcff123a98eacde19688a9,4ea5539f83de848e1a4ab06e28c07abc2e4eba74c8e9868303ca2c890951276a,DeepMath-103K,14295,train,602,1
603,40030c0414458f390414091935222c1f9067dda5110b3ee4b93fcda1af386d66,24b4a8c81ff70bc10e10ef82e01c79985b34b7cb1b37ec172c012326e27be9b7,DeepMath-103K,8493,train,603,1
604,44f47d876148e749d4c92c787f5f566d540ce4c0d46b4acf5bdb4512ebc9a60a,e325dcdda7b1e414f0f23f70ce60e023422bddd833e04d08c7e1800cf9e805a3,DeepMath-103K,47840,train,604,1
605,da885f91e95ebf453077ce756f64a542f18330ff25d2dbda538d9928adf03997,a679220c8348f73f5c7e345ee5554ccedb9e6f5f032784c3a8d805fcb5010ce2,DeepMath-103K,42704,train,605,1
606,55e56ff5a56182472d4d9747e45ee892e72bd1018b1d846c4d37de44b00b1855,d3a9cab3eeef63cd8062667522cc086d55bab1fa1ad132dfd02ba00671ff5cde,DeepMath-103K,2325,train,606,1
607,b6838364c9c4d4192efedc069593664ef035f5402e9b2ae211619fd628ec19d5,8ccde37e49ea03ffa707db02e79f2242333b30c4dbfb8df47fcfd97a5393f20d,DeepMath-103K,47719,train,607,1
608,6adb9ef244394058de20762838d09836ae43542096b2319f85901d410d4a394b,ac97b82c4cc50b9b3d4550b7582f13d72d6e70d0d4f649f049320a75a17359c9,DeepMath-103K,31755,train,608,1
609,33c746251d9d295c3086c6e976fd7bb0958647d33be86b79f8fe514f2fc37dbc,9fa48301aa3dbbd8ed907356f448354388b262ad70e1116fc2c0c53b76b2191e,DeepMath-103K,33658,train,609,1
610,e789f9f54bc9c0e55358e35af1f800df8f034886ff569f9c79341323257fd96d,5fc5fdb8debd4561df9107f1be3e4b0f7c8cf4924ffbdafb7dcbc65bae71905f,DeepMath-103K,4555,train,610,1
611,2007d0aac8e1df1babc1df05b4fbe9b9aa30acfa94eeab22a98181cb68afbe76,9e7acc74be1d2a041f1dd9dd7c0e6abe0b45ea3caf7a72e67dc5d5ec8f2c20b7,DeepMath-103K,21622,train,611,1
612,32db424165b56d32ca2072fa4ffb6790edd25c87d78cd4cd08aa1b9bfe24a34e,6fe023f5d9938d14f3cab5adbfaf3ef141fc5ed00e4e45ac4faa42f8b1419b3c,DeepMath-103K,44272,train,612,1
613,9b0ec18ba8774d3910d629582a0d1ec49f3b10bf4baed8cbbd40037b49718707,836ef254db96988534fda5df03b462f66cc930c2d3cb285d0c2c2f1f7d85356e,DeepMath-103K,20814,train,613,1
614,ba7c9b5832b8d22970cc49610b21f3e680e01912ab9c8c41479179f73b7129e0,6a9854b148cad84f4a82f485dd5f2599d413025789ca8f2150a8492d2673e4a8,DeepMath-103K,14685,train,614,1
615,4a49f7198df2b88f170a220d90f09917074b1d435679eda04b2892ace3ecef85,daadc71e00cb5bb352d74d80472ce67b8badbb4182f968bd02032f14183984c0,DeepMath-103K,47102,train,615,1
616,7741dad56be4ec0278ab0c8f0c7d543618d4dc190e7fe1c77ce4f208daa477e9,775729d69f1aaf768221e01a31386325d0b1ec5059766e059c4baf365bb16c62,DeepMath-103K,25877,train,616,1
617,b6076680b11ebd0720812535b1f65bf285a2681f8ed59ab236b2b73374dca20b,9924862388af81bfd9b63271cdd14bbf84b48ed1e944c50e52840a37e2b0fbd0,DeepMath-103K,13659,train,617,1
618,995ee0445a6677384c4bc1bd8ffe57f7e7c3d607d0cd1b47d3794f856b7262dc,bddc6906897fbe386ef9ab99c715f0760a3ebc22de087110e8d57ee99ac38d23,DeepMath-103K,49071,train,618,1
619,23b36bad25140b38335ed46a0890bd7fd543a73ea998d497e65e770ae3ae6a2c,f4d7396cc8c1bf37efd7ef70734cbc5fd81e13e2e3b16a11b452177f15c8fb5c,DeepMath-103K,47153,train,619,1
620,d1f351863f4b04b27690972ea0f7fe9b58f0e9ce3bbe1a3d71ad7303b36f9366,1614f76db8642e62df548bd7fdb7cc4421ecb32dad078850fb6e09381b015617,DeepMath-103K,42392,train,620,1
621,ba2e52f0c3184ced1ec3b0900f9451e447966121c502ff368aa9eab5b395654c,68ea8b232e7018b7854ed13b724affd108db8581405900435a4593b1bb46efa2,DeepMath-103K,28666,train,621,1
622,aa20a831518e1f1946be0bd40fde845fc16e0b73e8c3692410196739d63a594f,b7472419d4aa76aeb68ba60e2dab99c50dfa9ad5a637cd80e7e73632718d21d6,DeepMath-103K,24961,train,622,1
623,bc33a4a2b502672d612794bc1c09bb8e8bed054fd602d359882b60c7dc38fc0e,238d2660942be00fbca0a6915c47fc45fda72392d927dc4979d3c612e2a04922,DeepMath-103K,5288,train,623,1
624,d0843512b02c54df07dc961ae5e500a0746fa6eda3bd2b9df01784ea8f050c7e,c28ac707ab9011b7cc6dccad16c7b6f227edb7ee8b275cebbee2e0e4f2977ae7,DeepMath-103K,17669,train,624,1
625,1b6511af48e23ec6f41b4c416903e76f144a71da9bfde64c9b1e826fb5e02368,f29de69a442c31ffe2c8045e9b3e5b0fb1f4d8426d8e88c1e95ab672aa42096b,DeepMath-103K,17931,train,625,1
626,c236050632519f9c947c29e1163ee8cf45da309637f661dbfd968956e0070647,6aecbd670c3cf32e286b1e01bcda9339c22bc3c2aa771cc0b2e4ebe4df337a50,DeepMath-103K,52138,train,626,1
627,aa946d72f260b2a9aa75b9358d24e650208c6e86c1211feaf916f637b958c9d0,e6e6c97036764f3ddc3d609adf9f55436b0e94c72d0677c6b0b219d10509e7d7,DeepMath-103K,2386,train,627,1
628,6e6e4f16e9a61418784313ca4312f81fe0c75c64c6de14ee0c62a4bb4f0843d0,328491fe9b399b44eb208134895f2f76db6cd608490133119c3f97b6fa5cf07d,DeepMath-103K,22965,train,628,1
629,c4b4cf06bec1943d0b3f0c10d46c093372cf246cf47dde3afed03c11bf5766ba,f12cba71ffe3b35ddd3d2d448d0f7c3f6a60f3d74d84b82db8e95e27eaa4ed56,DeepMath-103K,31228,train,629,1
630,68603604aae1dde65202702ab0357162c0111008ea297496cf8ddc3fe0366538,730b3566396d10bc970e81dd5fd07c45bcd33902538618facd31e2300e1935bc,DeepMath-103K,50049,train,630,1
631,f38ccc80aba3d4ed8e2bf25c4d9d62826e8f9e7fe232e4234c4f03d78c11f6fa,7971d0086ddb118ecd6b8ccc79689f0efe84fd83412d2010e0eb7fd2a90a7b67,DeepMath-103K,27037,train,631,1
632,95711caae80d183a8cd7c2849f27008eb778cb5bedd8d25d1d6d593207b6e722,9c0fa82116da35157aea84e33993691fd64b4db46e7cf283b4b0eb3acb674e70,DeepMath-103K,27602,train,632,1
633,85ec76cedf8d0529163af37515a87908d836a111e1aadb50deb8788f7136acc6,a41fc188fd1cea4d9eb411d55d69b2487a54e5847e5718b7d3127d83a7701b68,DeepMath-103K,28468,train,633,1
634,df7108b7c10d44df282aca0785be487e8bc9bf0efcf0bd8d53ddb2ed27f7010e,9451153189da8cdf7c442e1e35c714d792680ed7481780b40407fa9cfca4d9fd,DeepMath-103K,41200,train,634,1
635,c54a7e827c24823250a3001f114a32ba15589c78664af53aaefe0fb304cdc7f5,a1584bbcd53ad6d645b883207b121980836ffa9774578d5b9e72f989b89a801d,DeepMath-103K,1061,train,635,1
636,92746ab4d38ec2e1530f2f25190099fa5b03c239b2ba24d3f6ee58c0de9bc85e,1eaba67fb86ed6f3fd8a750bd54e936eac307c260e097722af9266959f520c4c,DeepMath-103K,49828,train,636,1
637,561af6e26f4cced956c03a5f48858c5c679293529004e817d1c129c80d3372cf,57390ca8048e2736f4959ef51a276fcfe604468ceb9f79990dcc10d11af2a5d2,DeepMath-103K,11999,train,637,1
638,452aa05c3d4153e9a400cd9249c0676e3957bbfbcab0535b4bf0dd634488425b,d3b2820862e2332a8821719cd23f779df0b6bc7a1c4a8fd32c670228a135886f,DeepMath-103K,36214,train,638,1
639,b610fca26d9ea1948e88b75bf67c332bb99e0d265e7e4dcf6c036a5c6094614f,e359137a212ac85fb40dd0542306fcbe206c8537e960072262e494ac65d650ea,DeepMath-103K,52469,train,639,1
640,9eadd2e63e78c948e9d6cd04a2a895cc21fde1f68244bb7505329abb427943e5,ef913bf31048c35d8560b1c142b346427565f2d83a59c297592fec50bee4b60f,DeepMath-103K,46483,train,640,1
641,15252e7fa0f97eb56b1dc540e77dc41255f9fcd30e20e71562f3dc357987f4e3,9786c9cb3c863d737dadc3945d387d7d819220eb90a00e327183250c59b136cd,DeepMath-103K,30447,train,641,1
642,28c355e4a2913dfc6f59e2b7008147c7f4ab551b123cfd86e96027b3fe7efe89,b1014c34a16621fc512ad1fc020865d75a3c89a29db86f3e32513e8353726fad,DeepMath-103K,45505,train,642,1
643,2dcc43f355b120a9a8d9cc3e97b11d15697a8249c8ee561fad40f7f8014c7b54,163155e4e712a3a90020e0e49219221b6824db2939d1069d03b76e1255117866,DeepMath-103K,25403,train,643,1
644,88ec32a20819940fe0bf157436bbcfde5f96823fdfa788dd6944d9fefaa939cf,d91e7748851f6869c374ab645f5f2d10400f6b41c9066b66bbe97758823d12df,DeepMath-103K,33781,train,644,1
645,73bb6f01c1f2b22ff36640ed16b44ececeee82e9be399c756af2ee1e54bd1524,84e9b5e1e76cc0974cee4c496f3bf692254a9990991102badeb85a473cdee979,DeepMath-103K,22678,train,645,1
646,97f1e4be5542886892ebfd8d2643eba66add1d03e89495614afa70eb6d3a4236,cfa094049c7cc55ab1035b6bd04c2ffd6594f47996d23f585afadf2706dcce2e,DeepMath-103K,29104,train,646,1
647,aa8dc5a98785090be414ad11dcc0e356b7e4df8300090cd6ea0314fc3451c974,68017b650217b6e12c9387de26646f3e9254ad9fe564df621444b9a720048b90,DeepMath-103K,48519,train,647,1
648,fb4aebccf2ecdbacdbd6fe0d1cf23810a0aab5b57ff17c8d117882ad25057302,1e2ac4375c3b368aaba987b77b6c992690f54fdb01f0775f38ad01a5812d6c5d,DeepMath-103K,51184,train,648,1
649,f2694afdaae00a9483a1a3c9cd9ee3e0002d7abef029b198f4fb5d653f3cc855,56c441c2a8c12d0a7d4681d1bd8b9c0bdd3be2b48971453312f30a5050f63807,DeepMath-103K,29820,train,649,1
650,31b2bf1ad21069a0469dee2e81fdbfdfaf5e9fb9f4cbc6b5865790b42deef74b,071b8ad380d0c0de6ac64709557f07aeea50cac773915a28077cd97342cc91fc,DeepMath-103K,40511,train,650,1
651,24e0568bda72d9fefebe2b499c57b5d6578ced5841dbc3827332a343b36661cd,c02a5641e98ab20a06b2ebd36b3a69fe68988236c3d266d9edc4995dd362a34c,DeepMath-103K,55473,train,651,1
652,57deb42ef91d571ee33a49c651b52d27ac6383a9bcce7973d930b20b775109b3,2327cef35476ccf3a33c573489077ad42a5bf16f4d51dd0d1303d0e10b97f4af,DeepMath-103K,42517,train,652,1
653,5e20ab1e6b2cd8fd069b2f96ba72fa60df74cb2d30b02e89f896f987f1c53a6a,07db51cb54eb5a1364d7bef2269afcf0e54af5b9c12f73693554b7edd0d5d7a9,DeepMath-103K,49415,train,653,1
654,806b7d80e2d2ff67a5b2a64e40b45c458f9f7e48e9e55083efc1c047f9006e73,153bf3279243a7e9f6257ebd2c2bb5b3f54a43af83b08f0bb6cbdc9bf5c29b33,DeepMath-103K,50727,train,654,1
655,4b4997b37e2e7c069809a3f4e1cd43d6b165d7b487df0749d25d00a68f26f95a,43007f9da7d31fde08091fbefed6a800c9c3252b773ca414b9c8824a76e8f8a1,DeepMath-103K,13258,train,655,1
656,94f4e5de7f16612858e3a58ce18e16bbafebfdf7b0fba3d9e13dbed131bf11ea,6c8fee37fbc90cc880815d95ec77c86cefb4df44f3d6f39178c08d96586ea0ce,DeepMath-103K,32120,train,656,1
657,a376fa4eef47701dd86f2148b5388e3f2ece15b83c91360619aeb3e30f3e34a0,a4189dbfb5f28ec2cb46c938c0b04133edc7471bb44110d5ffe403bf56117044,DeepMath-103K,38220,train,657,1
658,0822d44f5d2ff447bae3344eacc581aef15b82a9d6bec0cb186ace72a0e5cff4,9cd0e0c8c629f3a0ee249a26fd723eaab98ea6a10ef1164f468cf20bcf8cd432,DeepMath-103K,43087,train,658,1
659,27a3095912029f9668d1cb1ba841917da0a0441c46d48440b47796ce0af5e78d,81dc9a89ddf82630382620a16f89294eadf44035f1dcf6303fedd2173f839573,DeepMath-103K,4441,train,659,1
660,f565da06fd814134ef41a243bcf1f9d45be8b969e71268ad5886438fad6161bb,2c4656f74edecad9802de6015661ca30e7442a6d668bcdcf75604c0bf1d39447,DeepMath-103K,13598,train,660,1
661,5cdf9fb08c0a091feb7f53c1561118ad42292e8f6df8aadb488f463246ed2e04,291da118f39140bfe9b840308300e8ccdc674d4ac20d6ca0341330c455bfb064,DeepMath-103K,31611,train,661,1
662,cae79827d0adfd9b6756df29852fee95a2ebf282d0ec95cf075fdc7a90d82c3e,be296f5c891cbce08bd38ac9f7a83f298a1153078189e254a3448adade2d3413,DeepMath-103K,45620,train,662,1
663,5345e63b1adce27dde3b2cf77bc1aa2b7a0ddbe1406819aa81d4d5bab5e5bc75,7707f4dae4e60572d4e72521689ebe84fc724be348679577ad579b1988b4a2f4,DeepMath-103K,53583,train,663,1
664,2804e276835f647cee949c8e008da8c211cb9b347470b4ed5277fdaddcc282a9,5120d12fcb8d516046041c1277cd2d684eed19b1d08f2974222642521dab087f,DeepMath-103K,12283,train,664,1
665,9c7b9bb898fe33cb0fad331467b00cdb8ab55f742d290b5e07a5f342f067b3fc,59cb3d77efcbe1a94bf6c758706ff53357f419a9198ae303bbd7d8fc384fb531,DeepMath-103K,24794,train,665,1
666,ddd65a1c50c29a7197ce87db02da5e24b756e23f7469bba2bf5342bfaf2a3150,1cf7a797765d39fe362d4258d04544a37fb53761fa8692867e0be3cf9b00ffc1,DeepMath-103K,2000,train,666,1
667,3831a1d61617ce3cdb69e91f5c716134bce862fcf0edf63a69abab2188e90ed5,8d97764e4b727a2a708b6d88671a2e501a83e369f9751725276915cbda107579,DeepMath-103K,37488,train,667,1
668,ca5870b3436df3105c676a3fd9eba1d00c5d036470e4908de0d752cedbe17a4e,947e5726511ef30ffca86b7c5413e4293d4d9db19ca635a22a5b4df4bd47c5dc,DeepMath-103K,46267,train,668,1
669,ff0999e7757e1ddc5ec1cc144e07290278c24e3eba647500f3e374a85cd51a2c,ce6c6a112d351111156a25aa0704e00f1af535c5e8f6565d0d13029d36627072,DeepMath-103K,17748,train,669,1
670,b6fc36aa944c4300f6981245fa679303405458fa9237240bf343ab484e6f0d79,57344dcf18d9b6090e5a196cc6e629a90d7e05d1db2233afa43084feb27538af,DeepMath-103K,49357,train,670,1
671,becc77438b92088e707f93948213a807dac1ab31394d1b2e160263ceef615b74,cda11eb7bf02f946430c1f3e96c45f26829b595927020630692e5d85b520606b,DeepMath-103K,35628,train,671,1
672,cc5451c0ab6667ab8e49c1b556926bd72676c76735eddd38dc4527a1dc5e84e1,fc7a9ba7052955134377eff8bf911ba510b07fb10567f1c38f72ea4cd801189d,DeepMath-103K,6920,train,672,1
673,0da018d05b7aa670048f1a471a0bcafc0bdb15f19305d2cc6e7d14656ef66931,34f0875452e2321e3ab0bf8e00136d045e3cb3d8973edd53506e48dec7be48ba,DeepMath-103K,40980,train,673,1
674,b85fccf9abd93eb5ab861d281520f311c2858e0c79f835a70a0bd122bcc36940,235280e5d290283daf202b9747dc3d6b388faa3cd6d7a919d47e8b1b38d2c0de,DeepMath-103K,15734,train,674,1
675,f94f34f32ee3253d6afa61449ad905d69085ae148ef3e54f8ae4cf6744629a3a,e2efe14e3dbf855682be397e6aae5d1a4bd33de3e426c64d46b6b1daf2c240d7,DeepMath-103K,47278,train,675,1
676,65558205c66a0e88903edf8129e7067ac008ad9bbf61c00e036cecaa1a1f6272,09e1422f21cfeb102e33a9d3ebdc3925b8c117353a724cfbd3023c19fbf1a46a,DeepMath-103K,16336,train,676,1
677,b79d00f57bfb186672f4e16fb7674bbe2a124b6653e249e4aeb80d038a4e7ca0,5ebff34f997fec24aae9978e56139d85116a0b99748c7111e795d7791c78d3fd,DeepMath-103K,16377,train,677,1
678,43405ba12b352cab92c46c124c8662ffdc89c70358a26d1123000b4cb42a1e17,139aade71dbec87581986b3b18ac4ae42286f181fa8a7f1892ba26c2470eacdc,DeepMath-103K,45830,train,678,1
679,e78e95ebc37f0b49c131684a097f0139f936b1be111328092ceff2b39c672e4c,fc2357f37f761196dc3bd254f4a8aa777ab810c3a5db952f87ebf57cb1335b55,DeepMath-103K,47749,train,679,1
680,d35fd9ec4fbf95d85456cf2c67cd5bd139559f40f12b7a5d4cffd2621f2afc50,66e27b534e7a4989f697cdbee7c7f6c96d60fb7029cd9383f602c8277f42a4c0,DeepMath-103K,22393,train,680,1
681,b279fb991ec581ff1aad3df0cbfc9d878effc0e296cbc3548f8544ebb687b376,33527ca0a0335d135d5f0b9e10335a42c3203f2ed318eed4f36dde618fbcd98f,DeepMath-103K,53902,train,681,1
682,363fdfaa51e2578c664400661c90e1dcd24c3adfce72c24bca635e3d8354289f,30492cf3255439112b337220245488d573c0b27fa08cdd460d85a8a17485e2bf,DeepMath-103K,56619,train,682,1
683,983f6d22327bbf314ce73d2b7f1c86cbeb323990c348ebf9e4f1f507d23c77f9,768ed261652cc86e256d780099ddc5de45e9fdaf03010e4e91a1860cf63eff33,DeepMath-103K,56363,train,683,1
684,921b2ee7cb982e4604f5a6ee9322b2a9a9bca9bb611b582b205c7707557f43f2,04da619ad0f689e7fa301bd2cc725e45e0c7ae19de0c09ff9a719801013ae5dc,DeepMath-103K,40965,train,684,1
685,67da458eb044d3ddf5a25379c07509860d1ba2f1ff62195f7dcf4818d67d3f95,b5c80f86e259a0fb69d51ec3b6e0bab94af4b670f14d98931fc07564776d668a,DeepMath-103K,40685,train,685,1
686,cd726051d2716f694179ddddfc405fe367e1c26f4ac63f5df4ad2f1939273ec4,451866d26fad82421ed964d14c0b74615bd74757c2092fc2b57c2daab8eb197f,DeepMath-103K,53050,train,686,1
687,d29074f0d86354aa8097d2d57a64987bd26d82e01025be90e3bf0585357ed221,58fea4e80436c47728717e371fc2fe47e415901698807207ab5015091c85c2a1,DeepMath-103K,46115,train,687,1
688,00aa361dc5772e3bcfb61f6d73580ef5eeca2674ef239ba687cfb13ea0676812,c4abaddad7e55e6ae83c378dccf117a7d1c51512806625c45543200153f191ad,DeepMath-103K,6422,train,688,1
689,97d587e838878a40f0f768e1ab25f15aa6a0a891fd62c1f63177db3276ff7eea,6e4267fd9e63ee29dda7a4c0a75afeb85d158505d47d390cfa9d6ea0c51bd304,DeepMath-103K,8958,train,689,1
690,ad42826dd75245f1e24fc85cbbb61f8056cc1bc846537dedad5604d4bdbb2f76,4abce37100d89e642a0506f87c121dda71203b3f1e744bb8588cf598760d9448,DeepMath-103K,25730,train,690,1
691,460f7abce7010711d01e30cf5304227fcb9607ec2eed43756de07612e7b1122c,ba5447614642d714fe0204acc293ee520ddd2bcd4baad485f4ae25cb555310bd,DeepMath-103K,32891,train,691,1
692,e8a6de4bd17cff0911a4253f69cbaa13d1b9c581ec415cea87b441cf17fc2b78,5bf03ce6c2a7f8cb228ef305fed8c6df4f87ac0dabc325ece3f9d874876e74b8,DeepMath-103K,36102,train,692,1
693,8ce37e38b61aef061eeee8e16a6e239dbc23fcb906f9edd5ab883b7fb8f53ee8,b0dad334aac33c117ab296f0ef49328037ccc038d5e0b29309aafbf3e2ffd76c,DeepMath-103K,42035,train,693,1
694,771431e8c1d9d4aecd7c178a638eb11460699810e648c21776e885743ddb414c,9ad0b6341a7471befa66f882268a21725fee34ac78cf2109291a94e0a2738916,DeepMath-103K,42646,train,694,1
695,b6a363f23fd85b87a84f4d9368a960603705611346297fe09225e630792b426e,1a85d744c88b61106a35571d04e8021a6a2a7244b9bfb396008349ec3bacafe1,DeepMath-103K,45690,train,695,1
696,b35851b9fc675545d739d3d89ac1610e27fc5908ca1411bfafd76361f4ce17d5,9298b2e0a214f66031682dcb540543ef9047b232c4cf0685c4475cf3f4a8b836,DeepMath-103K,25099,train,696,1
697,bdb5556254610f4ade8898c552ec7459758bdd08f0715000f5eec3dc43e29b42,97bb003abd6ce9d87beaede5b06971eb2e23f3e0ecc6966585d5fe0af56d474a,DeepMath-103K,6818,train,697,1
698,7be442bfcfcf32e8075d610e26e839ad64010d0958f35e39f7fe857e88316af0,65ac14dd6e6dbf8d3e713a6d06426ab0874903b37f1c39a810f145f6abe10656,DeepMath-103K,56284,train,698,1
699,a25c9ce9539f1d64b30d072da8b8dce69976b87a321efae0e3658c908e3c728a,92260c3640a6c926f65f6b573cb6615e3d0890eda34ed5e66c6c1aa01dac29b8,DeepMath-103K,52485,train,699,1
700,e81a145f00e6cfcaca3201d47df2544dc370ffc8c39a3f21fcf45e6df4f31ccc,24a68e158cafb617ece8cfbd2d0ef4cd709e99c89d61c6d409fa196d4af64a89,DeepMath-103K,44519,train,700,1
701,4553d899e35c54be3422573226155320efb4ab0e5123324dbed46347862a93ab,9c6f14c6ce3d455329a4e51f66de8a8ecb68dfa3b3861185deef4a3e64ee2024,DeepMath-103K,37056,train,701,1
702,5f7b67da3f67160f6b4918b814509f6f8afd9fe7441c7436bb8c4a514e944907,cbf58595040ec52a2de336c00d0afc3ac41a24ba00d5f220e18d5f905aca3636,DeepMath-103K,31292,train,702,1
703,88e45f2eb434d6f38a856d1c1f8ec6817eafe61266b35719d7cd207573e43170,7052aba6093a9664f0f4f4e3e2a313837ffda11eb5ea7d2729089cf0304bf4a2,DeepMath-103K,5075,train,703,1
704,74cbadd497b50dcb0b7e90df3391ddf2f39d90e83ed65aa5077e534ade93e0ae,5281fe63524f7731c0508c031309887f537fa98443b06e8a72fcf40c054b2045,DeepMath-103K,15799,train,704,1
705,9c7667147707d3aea661425bcda618990acf8acd23351d8c0d8343d7b87f90ba,d26a115b7d7968a11d6ba3779a44afa69fec10b1bdedcc0babeb30f2cd50bdbb,DeepMath-103K,621,train,705,1
706,fb5a33d3e5a5f513121d413cce3bd17938091ba97db81e3dee1607e79446c4dd,49583fca1580077081136d890487fcc38aec7e6b750badc0dfe458ab4ab12c62,DeepMath-103K,25196,train,706,1
707,b536d0cde90ccf09479f42be9dc95f0fc2940ba659d1b5d52d00b2c3c8813919,0d7e7aa65caff98dd5803e7c0c4266d382f029055b7658809f7d708c64e1e4a3,DeepMath-103K,40765,train,707,1
708,a4315415cbbf8455ea172ba687128c6563f4ce80c8557bdc18973d3870f0090d,6746d9bbe400624851289acf55d1966907755f95514f4b013b1e624c5b6308d7,DeepMath-103K,25219,train,708,1
709,c3bfde2a56404a87e7e31db9d11e6cba486783f56dc1af099a649a8b34484df8,5c152dfe00969ee64734400221ee1450ed3e8dc7023b4a2cd2730d8a07665086,DeepMath-103K,29599,train,709,1
710,05ba24a0cb5a9faaae59866c9bd9f5abc01b768016f7de21bea21c5f97615d90,9674a67674bf5a81237871d7e0df28daacc812e087f2ddf4622977d63df9ceb3,DeepMath-103K,17989,train,710,1
711,f9308f9e3756ee0ab70b48c8aac6723d0f97c07fc1251b649e6d3492236a4353,f6e58207635d0bd92c48a74d64c1f8e3bac20e74fe5ad303856716cf5bafec9f,DeepMath-103K,55470,train,711,1
712,007d473887b16c6143d6b9f0a5f0b0f98e38172c8e7ce68ff8dacb63ee4fa961,167f4b81868292fb766b4738729fd1338e6b18785809c38d57e7159f2f23ca3d,DeepMath-103K,24017,train,712,1
713,80cf166980c5193ab4f7a15d9db220cd215ee42d7e02a2b437167cea9b7233e6,db5bbd30012518fed8d658dc2243f2345c4d9d1a255ebace278f1a5bf588c0fd,DeepMath-103K,48077,train,713,1
714,3a3fa4d3440b0a8eaf60f46d8bf1e668b98dc0d25995dfbde855280fb8547be2,a46fc2cf473b37a38a38423ef576b53a5505799492a4c24017a5511371081400,DeepMath-103K,56879,train,714,1
715,e5f1bf810a005df97bbe04d11e76581ba2a0272b0ed7f10908501d6003104b96,e832e2122e09caddf61d724abf5db94f96db2a10540393d98569c07b1c8d8efe,DeepMath-103K,39423,train,715,1
716,bec0eab22d6bcad16729c82261771b7b155a74f37ca5d9090f0aa511c46486fc,e04472f4a4878376d2ef18cf9204665ce69d20254579b7579c7c405696c979ac,DeepMath-103K,50224,train,716,1
717,176fbee7a385e722989edb6e1d1579ed142abd82218d509917683f9acde81d40,ac5632a56c99c89917244a57ae5454655f90400c74e2fa1f7813504ddceb882b,DeepMath-103K,51728,train,717,1
718,981c1d9c6b1823b24d439eb3e479382df3f8b925871760423170cbcb3e758af7,5677e39501881f8f891bcfda671c6ee1d973b862d820111b6d6d1cef08d490cf,DeepMath-103K,21592,train,718,1
719,1a9f1ef06bd7a8c7855dba8f679368b83a3c056c852a26622800b537e89d19d9,ba4ef70be83ef1f7944813409398cede9053868dba4e7034ba83b44b51df1c25,DeepMath-103K,15134,train,719,1
720,a29235e66bcebb0b4bed2603c9ead0f07e8bcea8a9615453bfb3c8055204f8ea,5db256fe0396433f0e99cdac3dd66921313f81c9617e65d0eb2ab507c9d2c163,DeepMath-103K,9974,train,720,1
721,2840011e38f96b16f43622581ca39625adab88aea7d6eeeec0c33f1a667f0d31,8b27b9b6912376f57865d8bbeb0d5f2ca92f5be0994df7e4183f0ea0ac5c23c5,DeepMath-103K,40271,train,721,1
722,21db88d121136674a5a9fe4f952e7460b5c79ba0bcd17a3892d6684ff163d70e,a0260a9304d24defdc442cb6e064a40013997ce66c9fce61d9dfb029030b2490,DeepMath-103K,52813,train,722,1
723,ece7318faeec04fa2c508f42c71a2923fbbf7d49c65e683ea81fc21e69a5d653,8cbc35dc0a85a2737f4882be3abe5f41edb02364ed30131826c582c1ba7d5a6f,DeepMath-103K,11278,train,723,1
724,5f1227dcfe9396a35d42c20c444d12da3980309dc84b75b6c41d1a6ec83781a9,bba1687a27daad5cca918b25801916d76e3f279f02a44da5586f87b5f25043e9,DeepMath-103K,43307,train,724,1
725,8b19154ee33383e361b844c81f7ff21ed74750e0fb281f9304a2dbe30a4528a7,ef58dc888eef62e666361d308e2bb784440ac71596b8aff34a6095d7a4034d3a,DeepMath-103K,3014,train,725,1
726,da4786c09842704b48f2b5ef21a56cc2647b45aa35dbef88d5c67dbdd4022cdd,ad060e9897bc115540bf9d451e6e0ad3361b5f3e3d4fc0c60cc4eb8c92c438e9,DeepMath-103K,48458,train,726,1
727,0bff58f2d96458c1472bddfc97c0e6d2879eabfa64d58ce5d2423bcc5309f0bb,dc616789ed7c8bd389a5db31af6c712b40766ebbb940165d3fea575cfb41ae1a,DeepMath-103K,32976,train,727,1
728,6ca498076366ab16fdb41b9a04849744ce20ecfd6979083a760f338dff24b13f,94ad6425763845db57207a10ad25efbe8970dccf4c2c8da3380998210a3b9907,DeepMath-103K,10278,train,728,1
729,a118889e7d82cc6a86276feda7044296137cd154429daed96f3a235cad142ea2,7a1281e7c08caf30f5aa65f6fc4fd1298361c63ef3da4d961bade13d19e3884f,DeepMath-103K,48150,train,729,1
730,b2abad7e89dc7f752fb6f0248f2c8185602918a9000045dfe17c37e62f62c8b3,4c4f19f3e79b73f5c9b607ee0cc5b0afcab1ab7e88383324292e20a1d8c2e835,DeepMath-103K,10478,train,730,1
731,936f24a1f63801d77b10dab50508d9b293e19ab62537839f23f529894ef4ff11,9938d575e20327a1895d6597609ec3062b0bdd5c9f8fee39c92b79bdff4b6f75,DeepMath-103K,20904,train,731,1
732,0ef5212c0918d12aacaa74e4cdccd4f34abdc74a820c9aeda431ed9fa5fcb2f3,03c3ada99db59d9f0329615a89fb60b0c8b0cb85908b6537820c4aa796658e8e,DeepMath-103K,4742,train,732,1
733,939e941bc4a5c8593eca5aec4ab4a41987de47d6d3fa87e3b1cc5ebd75479622,d98862728c400c747fd01a3d89a56f8f6689f5863fbb32d924283e3c3fe8a34e,DeepMath-103K,36874,train,733,1
734,82b156cf4fc4ca0b1e598ef6f9ff9ab10df7f9a5129f1bbf3f434b23a0d25bb4,713965879eca7ba73ac2413d93bd4d8773d88ccd12c1797a9e2f1fc452518458,DeepMath-103K,33114,train,734,1
735,310f9c634a4ba30f893c0f9411a752adb831c24f145b0e015503ec7203a97df7,bd6c4ebfc6555fa3b141c7f676b5c436e57f1f9ba381acf6370348fb22c424b8,DeepMath-103K,39285,train,735,1
736,7d99999d353c3c334c57d669494fab4c2afaeedbe53aa2620189a50090f21c89,aabfface1737b196fef9e9f1bc0054eec994bb9697cbeab90a2f834842264c9f,DeepMath-103K,23981,train,736,1
737,422215ec204ac36fd2c2e52173e57f82809df0a46f5f6dca6fa67ad20a4b4a6a,4852d8207733049229e25976b845b12a4ff25e8ea71ca02e5f2f80d1c6608fa9,DeepMath-103K,14605,train,737,1
738,258a0d49ff00198c74205eb83e593c935e19dc39c729d638c513b1293b766261,2940f1918b21e354a1b398a751d0b321197beb6f225a3027e99c1c07fd4c835a,DeepMath-103K,29809,train,738,1
739,33ebac076c58b53e048e3d46885ead6aaeb6394dc685d7bffdf615b48ef68394,32d77816c2c58e2f0b3a7cb1df6f397888bede11e2823eaa30879af50c65d275,DeepMath-103K,14027,train,739,1
740,e783919241c75d06b6df73683e969262ab0b3b53f218006bb69d206b28f8a7e3,98279136d6cd52bbb744982d2c88211a8dafd781c1fd8a83b7c00feb8e951f06,DeepMath-103K,12094,train,740,1
741,cef15e7cd6ba4379a3e4d331a2186bce441de2d7656b658f902933a1ad14901b,a5a88a0803578c07b695e16e6a786df7b34e10fb4441e37a1fc0a826dfca04de,DeepMath-103K,47895,train,741,1
742,77bf9583f31c5e02d4ad14cb62e584ec4fa42260762b7631627da74d330d23f4,29d0de8be6ef97e9f7d0c3159b5a0b9df60aa12c5430bdd5c2ec3ed619d21bc0,DeepMath-103K,49676,train,742,1
743,e0a52a6eacb1e31963abc9a0896d97bb111a377350685b50c4f202e393a6c558,0dd008bdc74b1fc4fb734826ec7e64f484c96acb524439186ddb3c98b6ed41bf,DeepMath-103K,45602,train,743,1
744,eb581001ab342f9dc31f18a54cd3053dccf310fccb82c33c4256c32d3415fccc,bc8fcf129f08d61f45df0b4d60c95a5e0c778c975c06e388f1e836cfb6836699,DeepMath-103K,30824,train,744,1
745,13f06296c95c5c64db9333434680aed257e61b47efe6f98d92c41f48e1f03c07,e9a1483d0d4b99d8ca5b76e23e68abbd6396b3bf8fa140c1e55c1236949e1c50,DeepMath-103K,26242,train,745,1
746,8a89943220a72966e20cd6cc4b9e1bc3e97572b54386ed24fffdb96cfeb993c2,11f90813edc96bfe026b7da99529ba9dc72ebd713d3c8f0fd8fec867af806628,DeepMath-103K,5830,train,746,1
747,e85c4d9cce58a5b3bbcb82e7fc149469abfb285669cf323ded09b7778bb00cdd,a4bfd6af76960fdbfe83e5254a20887d7974f8a53a51766e9e3a9226e04cf4ed,DeepMath-103K,16367,train,747,1
748,7f35c708be50560bca446e0791414835861f3d106e6ac13f655c31c0fd11feda,1195be6f6c21f028b258942254aff076bf1803a6bd6b43b15f1898503340f2af,DeepMath-103K,24868,train,748,1
749,4469da0a8d5eb2e3c6eafc3480088860cf1ccd3c9d005198f4125b71be52cc8d,b8525a3a492178da7d92e41dd074513e073312fc3a8bd2863f9d8fae99bac3a0,DeepMath-103K,22466,train,749,1
750,9b0781b4bafa8df8501e52492fab9c4ce51fdca42e5f0ed134eddb00a223743d,a7f9d505b12e2fd4493ef9d4eb444e990bf8254c1bbad451ae847bd937365303,DeepMath-103K,26956,train,750,1
751,dc2dc5b23962f6085c4d8b0afd62a94e69f332b992bf426b8c1821af80a0a795,6f4189731456182efdb0393ae07096394427b455778cad404ab2d01425e7a348,DeepMath-103K,20984,train,751,1
752,3bf3d277a93b8156acf5abbb4e6815b56d1c24cce3d6f8af27e5aae236c8f26b,cfc46b2e5908103a18cac7c91e27e86356bbee25cb8a46817927dd0bd12db293,DeepMath-103K,22914,train,752,1
753,8f0d2d267879b4db1469ef050f6ae70c1b84c681b9338e477beb6b663b294493,d070a27d1307344cbe7ec57745b350c5cf96a92c01e23ccdf58002d429ba8d39,DeepMath-103K,41013,train,753,1
754,145e0e7a53ffbf0aab19cbae992b7812a1545b7a81eeac858522f66b3ab57f70,7af27dea35932d7f0edda12dd8e1f7ca2d45b6ea784b2082e2848bd9a10ce2b3,DeepMath-103K,42603,train,754,1
755,e2a1dcc381dd34def549a96694f9df9391859e7cda727a2849bcea6b7c591c31,f3960c1ecf313fd8be1f50980b6a9ddc894beccc01c1664cc870063d1fd3e344,DeepMath-103K,18557,train,755,1
756,5c5812567822b985027b98cc3b301e89e11b38ef215e8c2a633124c22113d0b1,913082426e368889fc193e5ce31d8370203e124ed23cef0cbebe09bba7bb61ac,DeepMath-103K,44516,train,756,1
757,bba156de472d08a80e9a99df5485768692497c32ca9106bea6ecb59c4745be4a,b01c712c9820f725d0cd0a565aac973701b8eda7b515423beb3d95eea4ad814a,DeepMath-103K,49688,train,757,1
758,82c1654eedada244c5689e7b53a2b96379b53f7c031f7b5e44f47ac186cd2308,a6df58cd8fcd7463d4abe39144acb4b641cd3fdfe186c3a0671d23313003c993,DeepMath-103K,24448,train,758,1
759,7194b7de7247f6deb4ef557f3e609b56d540a620a8c3f43fdca30549925fa46e,d62825c71e95aaeeaee7fa7c1297b3c1db3ad2f94d7d66a2ff7d25b94426db82,DeepMath-103K,51234,train,759,1
760,5080c3007f6f8efb7b9e4696e10f3b87921ca62248534ac2a171ac36402fb5ea,f8c9b035492832ea7ea25d4817f4d0422393596ed37d1b5c0a40dfb5969407b6,DeepMath-103K,21313,train,760,1
761,395ba3ca3a43f97aedad5bc85fd2557312c7f18ab5233f475ac53a5d062e559f,069669a3750909b8fc426a127143d51fadb94c94dd3d786b005377c3d479bba1,DeepMath-103K,51108,train,761,1
762,b24e402607997baadb7120015041abe5f310d8e02f9d38de4cb0be71e4f2a327,ea0b9f7359ec2060a509458d148f7c7d108bda794b5210744cc9b5fcbde9c0e1,DeepMath-103K,25472,train,762,1
763,20121969b883654340df5159a9dc37feebb9bb428e2cf3c6726ed47d5cb50fc1,a122ce78a96e1de4213187b0d5cd009bbf100661992c6f67e40fb1167d73fbeb,DeepMath-103K,18765,train,763,1
764,65c62f04dff13fb850ad50af6aeb589487e2920a21c5d75a5f7071faf6c74a48,9bbd73099999d049085655bb53e4f5595316fe97cb4fbdcecc31a16ad5964eb6,DeepMath-103K,27156,train,764,1
765,b729e53acdcc8d72d91b189d20098278722596dc9b06923b958e563ad9a68103,ad7fbc6943a453ce243907cda2c622f92a341b40e8040a94bd1cad9102d76909,DeepMath-103K,8874,train,765,1
766,8379e2f568889350e27af7a2b7cc27a48cdc4552aa0bb824ddfdf5259a2bf576,6e291e82f17c0d8ef98f2bbbea8cbed3938b7a2d88f8e60319aa3849805a8b6a,DeepMath-103K,29620,train,766,1
767,63ab37574ff449d5ef78009a87083e051eaef229d9de6762713686a3ea0da33f,07a3492ec7239185fdbdf468d93831873558baf127b1d8f0b16b157bb7f00528,DeepMath-103K,23973,train,767,1
768,03eede611889f995fa25bbe7ae74b4478efe02b867ce903b51b65bb6e7ff2275,38f3cf79167f2d70e744d3704fbf489e8b66e96cd717e1ed0261a0cd5c6d3a84,DeepMath-103K,15627,train,768,1
769,0bfccd4c4dfb3fe5fc30abf85f938d260676bbf10d53caf8ff6ed7b30e4a4e0a,8f59a33d65240e1bb53a7ecfb0d9296c0e7c0643cad912e203bd7e59ad7b31ff,DeepMath-103K,4973,train,769,1
770,4cb62641a06f49e64f2d24f20df41abd2b1a976949602a4efcb660d0335f6441,3339600a62d49904408900d26a7bb4bb3040b8275c1c0c74ebc764b7319e972e,DeepMath-103K,17155,train,770,1
771,c3f5297ed12cee0a4bd6213cb2158e829ae593cd05accc3f27359a1d442f25b7,b5dd456a52ba307416579fd8fa706140423eee8620aef08ad5696064dd144278,DeepMath-103K,35881,train,771,1
772,ad81cbb1f6dd511302a65932c29f4d403d19f87eb7f29c3d99cb3c3fdee4ce37,b1543acc414202fe932ef867418946fef9aa9bb6a18d5fb214b45cac5806a35d,DeepMath-103K,32727,train,772,1
773,c1e8f762484d6085260c84ddd6bbb4e08c4a1eda9f31429bb76eb342050ea2e2,62cb359de1e6299d5d7d260cd87f708975f635b37cabdcfa52d9e18234b3ab49,DeepMath-103K,52206,train,773,1
774,f239bcdce983990c5fce843590cee273caa460ca7c09b9e6f8ba2373d28da259,43d5bd249a2f763e20367dca89d727fb7a7639c44a7402bd972afd7c926b0413,DeepMath-103K,1763,train,774,1
775,5064a15598ba3cfe8e248512f97d570e5390bbf640b2871910cdc3308b3e1448,acd47409e1a2650aac87965e6217e25423b6e028a230b1cf3e42ff14ac201810,DeepMath-103K,1918,train,775,1
776,bbf394832d1ed4c9b15cb7e2b7820ebc6380d5e74e4f4776b5bdd99e5b5902de,c11c59d56de7c8e1fe750ed88060707a91a397ada67f2772bb6912453bcabfd8,DeepMath-103K,28357,train,776,1
777,68080d175a39775d1c50d6e09dfc5e416f7e857f4dc10e58c7bcecf5c78c0a24,458f5afa655ed1b068fb92b74cccb49761117a80ea36cf6a446981ff64100e08,DeepMath-103K,10531,train,777,1
778,e6f81c6abde040b6f3906e50ec45ec74caa41373e75fafa5e8e9813f1ae8c887,081d328d709cb249ee561d91d27b17ee0cc77c2d86e9d9ed411fd0b12cc9e9a1,DeepMath-103K,31906,train,778,1
779,f30fee5cad4b558e8676c95f5e64974ed724b9271b7d3a8c27aec06922d966c4,732a052c15b33014385dd3658a9e2563452158fb88030720aaae47a00982007a,DeepMath-103K,24117,train,779,1
780,3930ac245e9397fbfa02eeaeb6fe9cb30ec888d52b8f21284eed8f07d522b3b9,ffc81cec3e438d4388dc1357c555e2e79d8ec5c4482e53207c966c5fb93d33d3,DeepMath-103K,15005,train,780,1
781,250319f06529183957989a75de3a3ce4bdea4f8293b82861949ba54784f862fe,c9869cf17a539c78485b8ce6ef39191e8e2ace703bcdbb4b6007166915924174,DeepMath-103K,22924,train,781,1
782,394d8d8998fef52348c2c08ba54da45caa48e73a832f8caecdba8aa52356405b,ba4c70f12db8f21c56faf76df5c345e89030b8c85ea19b4374abc89ef9f04297,DeepMath-103K,45629,train,782,1
783,e0222d34b54fe881ac1f03cb67d8f627c3c18a17e4b8ff6510421eb89f78cecd,2a558e27f273fb136f98349f44f25f0c34b73f864e93d6b6e0e7c897b02467a0,DeepMath-103K,36468,train,783,1
784,f70477ebdc2d8484fe3e76b9d4e93cc10715d8b103fe3b84d646526502c6bcaa,0237837d8f54d7e32451b6c9580bc8d778beb4de0e14f691137e980179ba2734,DeepMath-103K,30592,train,784,1
785,bbbdb10a9c1f7512d53f33d6397dd355256b5011c8e954d3e762cc7cf35088a4,54b219416dbb85ec0d595e09b0c66f4be5d99d8ba6cd8270d02cfea5bb24aef0,DeepMath-103K,50155,train,785,1
786,6ade990b0b5ac49e0c9e0b9a2741d986d60e0231097c1056b17d6e97107ee2b8,f15a806ad5895c8ce9ef825a27d8352dabd5e4eec51f1bba082c32c2ed89976f,DeepMath-103K,31100,train,786,1
787,3ca5717fb13cdb6719d929b89019249e6819e18fec02e15950475ebd8c3c6170,bb82ed9dadba46c0c92ce61ae6fae63fd9f85eafa5c7dff0158d7780ef143d2a,DeepMath-103K,9352,train,787,1
788,92076fe9fe2e4852a62483f88189418658c6060f735c673caf19a33e5fada7c2,fe80a3a9ea91a3c227e19e1d77979d30277ed73b3fe71c63c62f568bec372251,DeepMath-103K,6459,train,788,1
789,f8ef3b730b16fe2af743265403cba62686fa46a68743ea2064c17a7fc1d9cce2,0b82f67658a6d084a3981954b8e1d11ba356185cc8ec00828542d959fa24a91c,DeepMath-103K,2066,train,789,1
790,2b7ed80b8fe28024ee8801c94ed844e986ef6d997b144512af3c94bea93611a3,0a9900fe3e06552e97b6723e8f5f37b42416c44c58ac438954ce422ccd0ed77d,DeepMath-103K,1743,train,790,1
791,79848d496f43486c152e8fc172dd278c6411a9ad9b32a32fdd37ce05f1b981bb,314d7fc4207bf787c09b4e0058ca9b467068a8f4a9012025b74f2c05b56de091,DeepMath-103K,12485,train,791,1
792,5d1b8c595c6188593065a4c195aaf5e9689197a9181d1754d1819696e474422e,719a0c54ca7acd10037a1b5831c7719197d64a6ae24e9e16fdb0d203d1a6543b,DeepMath-103K,13523,train,792,1
793,b55dcfa47c6da415dc2431e02ca55aa8a8eb6d3a601a0b29c58decfb188a5f1e,ef97e46e5751bca2196b6d8b93f90ab9db1ec4e36849a4a6f2b2b0058a1207c3,DeepMath-103K,33483,train,793,1
794,b17e9706e607195bda61678e4c5e3974e6a842cee412362a2267d05eeec815af,2710ce18c429324e1672b6bd88a1340e2e9fe2502c634ca6565b76074a9027fd,DeepMath-103K,49150,train,794,1
795,c5903da9bc11d75415362bd1420f79865020d5830866a3d874e29fc4f67bfd29,9b5619402d9819c246485f0d4c6da98579a419c7c46513537db32221bc9c252b,DeepMath-103K,33345,train,795,1
796,061ad0f312860e162359a3f01984a3b75ebe62a10c366d94e96d7ac06a977d35,06289c6c7a5afeaa3fdf98d193a7f0222b00c9ba65925370f123e60eadd43013,DeepMath-103K,38355,train,796,1
797,f72c91a71a8bf989df6ff3ec252e9369134ff72d861267d4a50c9a5cf1996985,d4694f1fcdb2f1c8b879d91f9fdb64014af04883c0406896f19471a7d0869e39,DeepMath-103K,47799,train,797,1
798,0180800fd06818f1472a1d1f2cb470976fd87383887463125da44c2b9ab2c27b,3838a2ed2e86129b3ea3f3fd29062c460467bba64e18dccc8da40ed25bc00372,DeepMath-103K,4406,train,798,1
799,8e47a22f8e60ca2539357684eb21dd388ecddcd08ffbdcd59c301fc24232a449,f4b67bbfe52c1381b2d74642cedb32be3790518e35fb8da5f5d559a7206cf630,DeepMath-103K,56019,train,799,1
800,061a1cccbad47dbda47025454b614e07d0b651a3461702679084d2209237979b,3efae2d4a300ecb4f6a4593c24b20e354e0bb0d699e4fc72c034241a9e155d16,DeepMath-103K,9636,train,800,1
801,0a0e80a7475d0deead92557ae1653bba59ea544d2f43a0bb3373d9579267cbbf,074c3727b0a7058c526d42cfde085b5b01f48d3a403da18b149c0587c3fffdb3,DeepMath-103K,20698,train,801,1
802,a9dc2026473f2bf4f24ca3013936a419f5a7b4916b0b6d129979ab5986c17ed9,c9afeca9d8b2f19536b52d6ff734468c22e49963a0b1aa21909b6d50b45c2fe9,DeepMath-103K,11736,train,802,1
803,34768c2cc08e4946cec32e088e00cb36602645636de88d79b69113056d4d2aa7,4997266144e09af95c0349a8fc1f91f88a72cf6b477aa895a79871a395a844b3,DeepMath-103K,13749,train,803,1
804,b55dd05cff9039430628c0b1409e9af15cc4cc4804b436396e1c958921a27bec,922d8e9981a25e4557b7808a10be660c4ef777d93c4e37887da677423077c7b3,DeepMath-103K,50285,train,804,1
805,8b7578a054e7880f953fb9fbb76db4f9c8141eb310ec263695be64fbd60ac8cb,441ecacae08625f23cb9221aede68c7805e4c9c1f3cf1f3a8ebe0111253db13b,DeepMath-103K,50342,train,805,1
806,468f7f6b2c245d710df8b1cfa5a61d6e0c421e5a1d65843ef1539ec2d099629f,0668d35b4f7f01aefab13fe3daa8b397d72e97fefab94bf03153477b8defd012,DeepMath-103K,47609,train,806,1
807,27499d68f8aecb89c13fe474495077414696a22bfbeeae3aa7608b106ad67f08,95f37907778e76bc8b6d4ccfb5e9825bd2a8d8ce3f28cec5f05acebee48d5674,DeepMath-103K,17008,train,807,1
808,3ea2219c0922bfc1bd8c44b2f304c7fea5ff629c3e107b38839159cf4065cca4,23b87cdca74e00cc987525d49267d04b951e06a884d3a7f247324da7986551bf,DeepMath-103K,55095,train,808,1
809,2cea98061d7edc04893db583eb7f32df016eb6df479ae4062c5ebd688ca36404,c9976eb4d16cfd76e048fd749bea78d3488707799122448ff658d8f01ca3fba9,DeepMath-103K,24282,train,809,1
810,14a0729fe6865dc3bd52d0bdeda9347aeb3b6a3679f8794377fa367be4fa5fbf,0b9122aad5a65a5f109b8afbba2373c5f8c1b7bcf74f30c5d33eea4b05b04ddd,DeepMath-103K,54219,train,810,1
811,c378d004adcb9c23c1e8bbde9c3b0774e64d0009033a266c9c85c078a2aec01a,b1247dc19566b6b4eca14e3641397a88860d06133206404ba7fe61904a2af7eb,DeepMath-103K,27202,train,811,1
812,7529612500b273abfb08b34363f0df906a2abd10eb42a84d54c8c7b750b1b160,3bd471410987a8d21201923b76d04a08fe4cf621c111f07c71b105c366d91645,DeepMath-103K,13142,train,812,1
813,a8dfc9f2646dfba719418dc06b216a6e849c36e7fb15cc9b483f6b6c0d8c9dae,6fd8c98e928ff908b993132125ae1efbb6cb1e311e493d8a24fb47379235cd13,DeepMath-103K,51960,train,813,1
814,dbaf4cdcba6cfee0b7c869006ada205ac1e276cf3dac32b7983fdce51fb4bfc2,41a6dc79e2104ed0e3b5920f7ff12fb740a44db0645a96e72432c4f7c60cb2fe,DeepMath-103K,56412,train,814,1
815,3c88ee3fb44a64e7ff5c1fb6daa8a4e40b7f1c69e5db561b80152a9389e5448a,3c12d89b43d1a9fef38e8209aa92862890a3f8b2224e06c6a40dde700914e7fd,DeepMath-103K,14017,train,815,1
816,7f8186110a1b1fcba3dd87cef053547c5c2f7365e1c2faa89475296de7cd76ac,39bac7754da07399a6a731076d1ed65640928a94070100702095d93efe9d54ef,DeepMath-103K,18376,train,816,1
817,2f0da719eadb16ff7bcb32e456b85b7915020f12bcfa19019727b1ef9a5f360f,cda3e2dbf18ff51f011395e6b617202874bb5069582aedebdd890e8622122b37,DeepMath-103K,41045,train,817,1
818,c612ade3763b56face594d598d659dd6d32791aa40848a20d53167799b12de46,068246427dbbf27df673afb9580bc6d38471adf035911999c97a6158ed82215e,DeepMath-103K,26479,train,818,1
819,b191882b334dad7972a94ada67c04e785181e7667ed90ece167209a4fa9c74b0,eb3f07e769585da3b1b33d50d8a3ec3ffc8062d5f1251ac5a8c61247e135cc33,DeepMath-103K,15493,train,819,1
820,58b3b7c18aea438e7b2158d697c305b4176446ac143ce25c6c683fc3aae3c0d5,4d06caad5a9ce44edfb1e7194d780cf379628f48b96dc9b1244ed64d21222cbf,DeepMath-103K,23550,train,820,1
821,173e72fccdeff270df45ce7408ca64e60c9d02358dd67c1bdb1033078a434224,9b631dee7d586aa27f471cf15c901958264cc248754291136dfa0f5aad829757,DeepMath-103K,56067,train,821,1
822,1720fa677abc0829d649c358bf9b1136f73a8cae21381e140eb10de6fb0200d7,b34208111ae61e2afa38d9603ae9f098d1a2c000c447208694f39ca48c551ed5,DeepMath-103K,45485,train,822,1
823,59b90f20a811f9e28c369559f500998b70e9ccaf0f098107245081e8a6caf2fd,c2c0666e0aaa33e6049bfb1c9780cb3cf29dedc71772aa6a8bfabadadeb46349,DeepMath-103K,26287,train,823,1
824,cb26225d17aacb4a1ca7dc0eebbc7170ba95cd9f5d70bc05edbc69b91b5b0865,47f3fd5201e8cb7b5d026e553c1d064c35366f7d36531de2651ebc87ac90a11f,DeepMath-103K,14507,train,824,1
825,fff6d92844b3e9c73d825bd14b4fe15978c4e7473ec08fdf8ff50cf4b58b177b,40db4dc55abc956058ae509127b8de68e461ae228891a3c2cbd9c990ef74364a,DeepMath-103K,13531,train,825,1
826,d89eef1ba05b72804da7b27cb568dc4f4a8e427b19b311abc796a35ef981627a,dc78ed8621fd949c3ceeeab7bc699d9c7cb7d07904950beb9c97c81cea083393,DeepMath-103K,37877,train,826,1
827,89aa3df7e199457a2bc251ac0492b7bbd46de079999cb13c9851c3e5feac5dfd,3ee7a8e9ee20928dc99fb18b950c6b99a083cd937006e132b4a54acf12ef2a3f,DeepMath-103K,5175,train,827,1
828,e0c6a7458719dab8c8f16355d1d438294c638fd9cef20cffd1b883efa06af5ff,74dc37c38dcdabd4e38ee9835ce8461368197553bdd3eb92497c0b53e37d499a,DeepMath-103K,41010,train,828,1
829,20a9bd0aee90a74024c3d699315867dfb02d109f08aef0df7dedd842d47e013b,25c320cff52b30211860d6615ab6d3c311df405f6e0be87dcd6e202b07845e87,DeepMath-103K,45625,train,829,1
830,c45f99d3f5e8595de865cb737f9eeb9648bf0d07aa53a6b0a5e0c9ad5a0e813c,c91e474d32209cfab13b69044b6fce9db2e60be2b10f967197aef5cf2f2868d3,DeepMath-103K,45579,train,830,1
831,0be8a0cd344f76442fda577bb4ea3c2d48058f06427f87a313a5da223d343aaf,16aa128b3361e23fe47ee3189742aa70a0640d7dd561de45d91472d8e4f05630,DeepMath-103K,53444,train,831,1
832,6fee71ffbdb0dc503945ad21cf3d85e28a878b7402ab06e2f7a4b1809f7b3ef2,3520800fdd149eb252a47f917f2213dca3529b5bcb4b0c6791d3e2619c8c1129,DeepMath-103K,55351,train,832,1
833,a3920b1cee6bec154673de34cb91ee14aa16b40991913d31dad8c1f13de82430,ad04acfb96f59bfcfe769259857e99221d4c494aded630f582e566a76598a38a,DeepMath-103K,56654,train,833,1
834,f20f437334aad07157d5f4916f6790ed96aea7195178ff77033557639bf41183,514bb7bac010ff99b3719070fbe356a3abf77b58e92691a881045bb9a9ac28bc,DeepMath-103K,918,train,834,1
835,b17ecaff0a25c1275d538e50d29e01a99c101c06f0cbfcf8df9b1712612ff3e0,2c6033909fdab741287ff42c2ef289c648fae964d1b6130a495e63f3c7fd12f4,DeepMath-103K,15453,train,835,1
836,fde68a570b4dff0122e6c59ff5bc839c7285591fb98e092d2918090921ac017f,2b454224d0db510a4a7cc4264167905290e294c5a5427d2a3c0caab0ecf7c757,DeepMath-103K,26188,train,836,1
837,9ab0a9541d9ef82e47b89b82ff7fc6861a994a9f2c86215e9311ee7a85d0ad83,fa72ecbe4b23b163678a6a559b941c4af2ddd0d427043f711572ce3e40185aad,DeepMath-103K,12155,train,837,1
838,18e9151830faf6dead19003947f49a1beee81acbe43f8d5f9b88d1a8e14f05c9,06fd41395d20da490892e78cc16c72c247d039b175c5de76437711887bdcf453,DeepMath-103K,25435,train,838,1
839,2b6dec073c68b2b9770cde9014c6077013eeabb4253aaf2a6982faa3b369fb3c,afb23c40e8e41a32e88e2c01c0a26ccd0e0440457d13d4ca0ccf6a6e310043d9,DeepMath-103K,23244,train,839,1
840,74f810a90bb5e8b04cbd19a10b46fff28f7c334183173d78331592e115bb86b0,5189487b9e2b00c2efc81a56efe3b0559280d82d9f9cbbd01544507a24c89d43,DeepMath-103K,39947,train,840,1
841,a852a28225ae41358b7b7fb3bdc8592fde3f336a7bd029dadad6b7e22091c485,5e8740f6c86b18dfaa519a54fda81cadd889c000bea4c0f25d7d4ceffd6f48be,DeepMath-103K,48363,train,841,1
842,115dee36a8fb5055b41287d33da66aa033f2aa76f46a79d4a1d929c8ea408861,1ed606b035731d2b4e5dc8d5995d3c7f3499c20ea7fbc7e0fa8399a32852e0dd,DeepMath-103K,11794,train,842,1
843,e3ab1496752c443be92b7b47a2deeb37553462572fc3a96c5980bfa77dbc59ab,fd304349e39a85d9ff231a1fb3a9a6ccfbe62be3d16bdf6c1b421b7904b0e62d,DeepMath-103K,36082,train,843,1
844,9fe88797557974c6e4460ca06f290ca29848fb4fe71a31e8f0e33964642770e0,fb704e46d946d616ea5f0511d0719370a97c48f1fdad64ea4c5b1aa41eace3a3,DeepMath-103K,868,train,844,1
845,4d5a2355590d897e828b8818d752feb8361ba599ac39064a31d1ea7ce1ef73ee,d1e06b122d9d31ad165a4898d84d2e22e9ba6f4e658e3f29f8c862e3db482417,DeepMath-103K,54862,train,845,1
846,5ca605406688535497be5d30eeddc102a2f6140cb2b32d7cb03c397f0b1ab445,4b366ce7ba51ebcbece5e3621eb5d19aafe9799592d21483c10a74f86717d0c1,DeepMath-103K,26445,train,846,1
847,292f49f21b47ab9e04ed5277b5a48a936b56faa2f8cc515c2ecbbb408a5fd2aa,b296b92710ae7555cd17f80e6b04645f2dc520af821157e7cde7ec5742721999,DeepMath-103K,3807,train,847,1
848,d159521d29a33935eef3582c041020682df00159e70f8496f7cda44435051159,3f355b8fbd96f29f9e2001969838e06009ee57d7a433bbadbff3eb3591f5fa5b,DeepMath-103K,9340,train,848,1
849,1db0bca3d3e23e3f2e43f1987d8345adf2eb360db35f50a0fdf962c5e00d3eff,9afb0b7e498fc203fcfd9840652608e7effcaef3c78dbc63a36f4cb6d90e68dc,DeepMath-103K,43385,train,849,1
850,2a08d3ef9f64bf04cb31265ff27766ea60a60da5c1fffb93d2ad31305f28b8e1,cd358f31808a6e6e679df296329750def280f8f179488f6d142be43a98e9998a,DeepMath-103K,20654,train,850,1
851,1a65dfaa392070733d90077f59c82385360397c4dc9635fc14a739e183b11566,c8113161547d93c8680764c5b98d7190eac1a6cdda848ce489f48dea452e4a22,DeepMath-103K,38668,train,851,1
852,a611e7ef440a1a760405d3ec1688190a669ba5cef200a9f81efd8f41c22f32ff,f0e0b085ff54103c8599554f19183d282de82a23638a5848639b94bb06c5993b,DeepMath-103K,54422,train,852,1
853,9ea7f0b6458988b937155ca4e9551fe0405f26c47cb4e1ca7bf442f2d93e3a47,23c75dc7e71d6d277e2a375150a56b5f67d9515b30e059f1c85c35b4164e35dd,DeepMath-103K,8539,train,853,1
854,bcc1f1f2c3a83bee4e7e300a386e5feddda015321e8a4e89594f710b5ad7bf8c,e5ad076399d1078ea8d5b13ba51de338530f3b961810a88cbaf4f13d843834d9,DeepMath-103K,50898,train,854,1
855,3cff54fde8a45f8672003bb572b1f53e56ab10f7db2deba177cabf0bd3810b8d,6ba92db6d76e3c0cc922fc9b47937cb5ee938eeead31dea793d044f7685c4a2f,DeepMath-103K,41777,train,855,1
856,78c88ffa0ab0f1668c6b338ea49ecc05f07c7c4004d6089406a0c3a8586dd9eb,a034257434fecbc235e78f7a8cb14d35dbaa158eab93ccdb28e5d15c8dd58aa4,DeepMath-103K,34661,train,856,1
857,38af9cb70a1493e0dece8418287dc790d96678b914dbde0f1f68972282a95e59,292a3f7f32b90f13181f752a96f5bb8c25ab2f50bd8fbd9a3c1330bec9bc8749,DeepMath-103K,51853,train,857,1
858,b62c1ce0970d079dcd71391c65fcab7cb636c543151047ba728f5c4757a34a4e,c02d41c212239674aa79fd4f898c99064a986aabf0b6fafb3065d3acb62a6431,DeepMath-103K,19372,train,858,1
859,2f26767c2d906c58d432c0911e10dd91bdfdbf5e8d6ed10afbb68421e0bc4354,54279d1a1821554b2abbf83e51780e375aef9e63eecb9a2077ea927c86e205bf,DeepMath-103K,39022,train,859,1
860,89c4167679202ba33142fa9d19b7d9d8cfb650e3e44aa5974f84333e859cd92f,a49fd870e9441cb2c0fa18fc174c29b8c5ee5bd98c7a12e6ba1d2f51c614af59,DeepMath-103K,31554,train,860,1
861,39822ac4ef5840ba5ccd82e0fe7f3031b5148355d2fc74d139c618952d65413a,eaac72284a29fe117cd0c719281b0c017ad345250e1ce9394d81bb6db5d05aa4,DeepMath-103K,52335,train,861,1
862,2c05630d0f9dd370b799541cc901b1ca4b44c0322e8e8f8b5ef5a68d42fe7772,04c12f288b29bb91a087c23f899741cbcb0ab0d40d3f1878f7b1ef6d281b6ce4,DeepMath-103K,34842,train,862,1
863,e016b48378546daebe87dc4e68289b1c465e88afd4945169f280ea8e24e24c39,1536d5c3d6fa18f7e7aefbe4b0e894766a04ec5a898179a4b880b334393b1337,DeepMath-103K,48502,train,863,1
864,943399cddc2094ace82da45bbb5698e1545143392b15dcbaf0f63875db90075f,37a4dfa47853fa0c1b31298a1bf4e45beb97f254dd7d31cc67247a7799a8368b,DeepMath-103K,41855,train,864,1
865,fa78fdde1771252d473ef160b0679168cb13bd29434d9a597f3a0e441d8765bc,0bffc93acef656e14f154c4fb0c02e10f7ee2f3685216b0c1a8c6ce67b5e611a,DeepMath-103K,11153,train,865,1
866,aaa8abb3e56589b65238f6170e0addd34283c913d69c23278d0a7ad5a021ceb7,97eb767b7f02534af947549b36f79ac4f0c670e551efc8cf8117d12eab824a56,DeepMath-103K,50773,train,866,1
867,b50d3ab4eb579c6e6f9b4312d4d624322a177629f9a24987ab1bf2624d4a84d5,98c62d85a9baf71573c00a333df3f96a0ef0770323f725754fbf4a8f7c0606b5,DeepMath-103K,12084,train,867,1
868,79ffc9d1c6746f59ffe348e96e629097db73478419db457e637af6648cbb5639,678afc39248c8949e63778defb29f2d4779dfb4e90d92c7f3005fe15d9fbb9e2,DeepMath-103K,40336,train,868,1
869,ee4ec555f0bc44f703689705ee692562dcc94fc6bb874d77f708a37174974a12,519558dfcfc57238a2f9a7ebfe474e097419f31995c55dd4351e2ff7a0d533d2,DeepMath-103K,46431,train,869,1
870,437f738e86b16d4d83e8851189d4ca015d3c904af922d2a25fd72919ea54b608,7d09422bedbc4e04300ed69efeb98f021e382c15bff7c4791a530e2263706885,DeepMath-103K,50394,train,870,1
871,37f6a2f7dd002496e31fffc6be81fa2127daff3795c4b54e849e47eac760eb1f,10557e3dedc7e57c650a36c2f4a252685b5c15c3b0ac4a49099e915d060e0fd3,DeepMath-103K,34921,train,871,1
872,cd54c9c6039bc0f6687e2ebdf5aacdd1340d497567bb80ecd2d6835c99466013,38eccec2a5e89262400b6a7efa122ac7ae80d4f898b103e308ea60341b06e4d8,DeepMath-103K,9190,train,872,1
873,3b2f456d14a1823ad78799cf48218d91b44536d1480404e9642438ae66eb2fcb,4df31e057b647c48780b8d742eb65740c9d1c836baddee3f1096b976f2aa19de,DeepMath-103K,19890,train,873,1
874,b6bb8df770c396236f008ede04ac542a5a50c7addf5f0bc912a9f584a477d541,f5ca00e55811766a59fceb5ed2251700bf48ba5fd60fbb0c0693bc4a7cc64511,DeepMath-103K,15323,train,874,1
875,a5b919a5d3dca70ef392dae7207c5824c6dd8b24fc2a4ee045506b829527588a,f43f732ed29d891ee007bb796a8c30d52d76939418fbaed21a958074200eceb1,DeepMath-103K,46234,train,875,1
876,cda238061e624913f30005527f80e0ad0cd3cbad8ca666dba3f6ba30543bafc5,55f33549cb01091e2f81631993b474c78171267444d165876d986164c340e3a9,DeepMath-103K,4763,train,876,1
877,17054d5b6734fe4b5503940bca0a0e324af53f45d6c692543d6fbc21ca0ebe5d,17cfa138c1252372e4698ff004d5259f1538be0ba96db06c84fc6dbb6147619f,DeepMath-103K,4737,train,877,1
878,23963270596531bcf9f59474895717224d50cef9a7d10ec327eb90bbcdb7edd8,ee1380ff79a231d567b305525fefbadc7626314bb63993565d1c50bf3bd26709,DeepMath-103K,1500,train,878,1
879,4905814dfaf25be90ffd521e9518f67cbfc8bf00d8f8efca7caf78526e8b704c,7166a08b6dce728be34aac5ec915fd7467ce049b0689ca89d71f17c7e0502cbf,DeepMath-103K,9787,train,879,1
880,ecaf444aab86d77aa2447692023f913c51753515527e29ceaf03217d731b9af7,f56b22383aec50bad037b94e0c66ac1e218eaf3a9051cbb478905f92acee92c5,DeepMath-103K,50448,train,880,1
881,0d540d036e05a40481718bad6c8858f3a08ceeae43b7951fd6053174f3e4df1a,5eb9419ddb45a9894e76b0435458ecc178cfa575dc73fadc0cf38f1dc7e32341,DeepMath-103K,26903,train,881,1
882,dccfda177e190ec03ec871f2551136cf045eade9e1f09f06b4ea510279acf4ad,4c1d8a15b5d1ec59ad61befae6fa3fead72af7922de1c62011f2b3043e5400c6,DeepMath-103K,53896,train,882,1
883,3da8a49c6429af064035223e66c2c94d0d673e623aea4f565dee9bc5bf63e026,6bb00fbb1bb470ca072f1f5774101b6d3924e3a74daa0d0dc91fb118c6648fe0,DeepMath-103K,31945,train,883,1
884,c917749080b695c123786ceb2479f505c29f1e81f9504f68fba2539b50906633,f1bf84d6c9f3d22cc2e5abe0ad8d0a0a8df69e10e542c441c021e16ae0769028,DeepMath-103K,18067,train,884,1
885,4e49704948e66c70e397de69e32aee2ee150a1dc712f520a3e66f475d8fab5dd,cb4fc0c06fcb3695464d4b0c0dd78d2df7252ec2eb9791596a1032bfb8d762d4,DeepMath-103K,31059,train,885,1
886,0ea8e56602fb42e506713c1a3e4fe1035fe5732f4eebaf5ba43a9d4dc2780e3d,f00dbaa9bf3723cc9c8dddd67afb0257de721b1455b3b54f023905458c528263,DeepMath-103K,20745,train,886,1
887,a6ad350729d6c7f5346b38d24b5ece6acc54d4e20c73c71413012782bd316404,df2955565c1151d5d2ea426a3cfb36dfecb38b390a387cda0610e919ae31ae7c,DeepMath-103K,51096,train,887,1
888,3b25931332308f921433af7172232f6e7e8903b94a14a8272695e354771385ea,a8fedd2eb1c3377ca1a6356f5f67515674a960e6b35009852e6f947440f7916c,DeepMath-103K,41216,train,888,1
889,bdde3970958e36d0701dd8daf4a7ee7ae52586451b4911cc6fc11536fd116c13,96a84d62199cd7022605f9b260a8b44a773bf444f74e7c25bda9ef1c76526a79,DeepMath-103K,52691,train,889,1
890,8d009b1468eecdd5385c7a432f563fbccc38d00463bc2b1bf077da0e00e143f0,e2c5fee2ca804078252c2ad7f5731b296701d7ba07a5a6a3cc9fde8d050e0ed8,DeepMath-103K,43266,train,890,1
891,fb6dcefd0dc4bbc024291ef699d91e576b4a4cbc57c7bab052b376962d9172cf,d5973eafc55d4d8d5a996b5b0b4c69646b94bdea14ad076372e1d93fca31f8ef,DeepMath-103K,2605,train,891,1
892,77f741f0b22483e51c980654b9768a2eeefe30774f1cb98864da7ac9cb4219c4,b366366d468ec52385597a7100491b33a4b50c19308531da3968ec9eea1be30b,DeepMath-103K,35313,train,892,1
893,1a82d8417d13c0a36b42ff6f4e0e9a68bfdd9b377cbd784c517187407dcc6a72,1db1001e58609e246fa171695a14e00229fce45bb927495c8ec40736729e567c,DeepMath-103K,35977,train,893,1
894,961d7facb8ccca4e85d04a9c4b44b47b30f85a8dc0278ea159813ecf8fa94685,b186d852ad3c58582151cc21bb07b3d27dcbb5f548e2e9c56abab7010c7d11f5,DeepMath-103K,29254,train,894,1
895,23899b314f81169b9924a41760140fd2aa58ea9d27b76d34ab6f804d60fa300f,be21a6a0b9dc317ecf77c71c4b39c46b4c9fe3a508e038c82acafc4a4d6d482f,DeepMath-103K,37744,train,895,1
896,64b3574ccfcf250b62c03e0319d7bf07a7c2ff24048c669f48b968eb9c899e13,da5808f0c97811088c282a4ec4a9e1ae6a5ce2c8feb2119aa0c3333a7ba3f863,DeepMath-103K,13630,train,896,1
897,dfb4a2e5b2c78caaef277fd63d97e697f38310261076e0704409d0bdc801491d,6d1d2d578d44bc9d52e36ee48f62e8fa83a6147e6cae68ebd7375d855d502272,DeepMath-103K,22024,train,897,1
898,b4946f22a09012fcd304173745c61b268fc06a510d01aef107ebebc2b3b33b77,06b8f21d20f843ccc2d35ca1cce51196758b366b34318880896813bbb6612e59,DeepMath-103K,30571,train,898,1
899,2124998bb61893630dbbff748296f48d619b1dec9235d4dee079cb4a658e5d81,7697e5ce25b7ac283249ad7ef3845aee0a38226ed6480a41b0eccd2d2c6e0f51,DeepMath-103K,6328,train,899,1
900,c3deea030fd94c8af5ae8b0da9af65878c3505d049458ddb89c06ae6b7765693,6f45c8854309c293a79c2afe9f0aced2dacae29ca3ebb5d9ac6c4011a5a05163,DeepMath-103K,14665,train,900,1
901,c63d4cb5dd3dc83e0b6cb4a58e2fd1adf3945ef06df210b57b090fc4e428be6d,7b8d8c5a2076b6b69c2cb23950b0f2e69002cacfe0587c716d59177ab80ac362,DeepMath-103K,26508,train,901,1
902,22e2d73a79dbc43f4b12006d140d50bce98497f566364c9cc49dd5bcd4d3c66c,9c35121ee592ccaeeebe7c35145a4b1087ab7e17112ea966f1bb111d135ffd07,DeepMath-103K,6728,train,902,1
903,13c6c7182ff17cee2a47228fcf874f3d217264fd4a89353743f83656fe378d16,f278d500bd03b735d2a7b7cd3b7947161fbb139f5e3253817224acc92dc5857e,DeepMath-103K,17930,train,903,1
904,06b4641f713984f0c7a6362245844c330ccae351e7a40949b6f8527f04b598ec,b974247fed2c17195519e20a68db7219d3dfcde0114d9d12541a99e2514d9309,DeepMath-103K,9264,train,904,1
905,ce2f3b8345e349b3f2cdd88d20a7b8aeceac784bf9e156d3401ae4e57156ce79,323f1082e44e4eba1922245fee5ded0395e160c5a4f4b8125e5295296a8a5850,DeepMath-103K,8582,train,905,1
906,4fc7f32d4e8903752be0ec7be6af8501c7d2152f336b2928cff1b74c0c0fe264,8a686d9b6a8f6ff98244e6a251c28a8abf815108871b287892b5c67fe7f759e5,DeepMath-103K,36860,train,906,1
907,c6d8a65afb1b2b39fac60617b8b1481347192e7734e1a7dd277bffb4bffe8ce5,122b3e1f3b644079150a329477fadb1a5721e0af85301650ffdda7f42e97c981,DeepMath-103K,30472,train,907,1
908,dadc64e09a73a6e6586d4506603bb79145cee30a51adaa3beb7cb3c7f418c2eb,79a0177ab8a088884be1b2770033dea1893d848e580a36aa4765a2ec57baa097,DeepMath-103K,36470,train,908,1
909,b54041fa3b0a71323a5c128a08c75d7c28b83f18c05d91ae4d8aff8a966f0cfe,9ecb633a81ae3afd2fe6b0e6c5ba3f3921157d2fc3683cf721d02db41cec5a5d,DeepMath-103K,11543,train,909,1
910,c4d0e02f6e672fe5f6273792110dcf74e623e219cfe2945cd27c867548270a80,f247ad8aedd0780237021681d3dc13d4ee8855c9ba43efe2651591f3840fa7b0,DeepMath-103K,13872,train,910,1
911,972d1a22ea0aa553f068d3639883ec1750aee492105e534fe07c906351ed3f07,1ee0adf2b7fc192d071d79a09456fdeccf22c3fa0900cc75b033ac03a79a78c6,DeepMath-103K,5207,train,911,1
912,2afc62c85a5562de13cd1d3b91be28b7f47eac5d644302a4ca43d00dace6b058,6740a894f1ba6456c7006aaa712fcb118e31e244cef683a253cd581ec58280d2,DeepMath-103K,21000,train,912,1
913,f83ba5c5c0a58bde8f5355a65f8593f45cbaf63c7a0c8aec646e4dfdb3412710,e6b8d8af9383598e161732c2c8c7cf3b52079bcab58e65af686386eb47528d44,DeepMath-103K,11351,train,913,1
914,e8a06c3d56b6474be5db05ff6a82874ef9f4cff2a5e8c4ab471121515d8f120d,150d82dbe742637ee2c2e2f7c2fef1992206d8952827cc8c409646d358c58f5c,DeepMath-103K,18730,train,914,1
915,2bc77248bd74304b9c45e30b8101d56be2100d69d858a3ed1b17bcb7e5d1f786,302f98ddf082f30a1d6bbc2f6cd088a0e5bc9babbd352cadff83e2fefce68622,DeepMath-103K,4801,train,915,1
916,ee4b5d185dd75c1f54ef4ee7831bed9410906a441b000775c57c1f4fea55d556,de26a27fc9cc92694159febb2c6fc336d668d8c7fadf7ed3df7e952e3dd9b585,DeepMath-103K,18543,train,916,1
917,9237346f62231714a72a8f45c5c51943cbfed8fc6ffefd1baab8acff0f34e21f,834a5878f46a73b6a16cb25e476bdfe5557b05b51710eec2ac82e7e7e143ff97,DeepMath-103K,11560,train,917,1
918,1d283421a02adbc0a26e7ee0a7986e5b41750cb0c1c52c82337a966882e21047,7883ed222c365b01b58ed9c46c9c1808cae51517bc98c920047c16278ffca7da,DeepMath-103K,17180,train,918,1
919,534262f9e95d45b33c5275eb6728ca28098ff5f6e2e2cc6db45bb8f55a9d3da1,b4145a19cc63a20345a29300f7e485eebab0577eabdc6331c4538f179b88322f,DeepMath-103K,51288,train,919,1
920,93e658e74071b7f1c5231e1cef5cdfcffe2ec777bb05263a6e251b9d48f5a01f,55fa93d8c0eee2935b40a65d85dc5e4ec03be53e4e5701738c65c41116f7047d,DeepMath-103K,33748,train,920,1
921,2f8fd8081f3ccf29072d849c4bfec44682dafcbc0f860662b1f29a3f1059404f,29f62a3f85b5abab6a7f6f8d5b0b23453197c37d668c37aa14a3f6ae7c7bd050,DeepMath-103K,16768,train,921,1
922,ff8e42f5d7e2f412edc9337daed04c8b538e12cb58b089f86d7a4a9c543868bf,5626a91fc5f93570bbcc21be6619548fc1f0990fc50478f7e5dfa19c0be8eaf3,DeepMath-103K,22767,train,922,1
923,2445d66496750af9eb977b02b33e9bd7d8c7166e0b2eab2090f5e54f13fcd483,8045450e0eb45463dee6b9082872762aa3b5ee2f1798df83dc99cbef9b0925d7,DeepMath-103K,31643,train,923,1
924,49cdd899d6a287b7f4a7ebd09c97dd9dd6f3dfff8e8d8722f503ada25a5a4f62,2ded477c983cba23c407f6e4360131a2f2d9e933df3c5f7a46e34f27a63d9165,DeepMath-103K,3100,train,924,1
925,f3dbec6fd286d1e55d9f428272932a4afa0dfadd50e0ea27cf08cfade0627338,5e9bdd4f305e5412165b44fe1945cded897b145f4e68e71e34c46e9f6ab96813,DeepMath-103K,22850,train,925,1
926,bec5724abc0a6867725a13167940d004b3af0e1d893b64c8b8ee77988bf94807,9af38b5806176a2e1a00422902df6e518229e5624599fcd1249d8fc505efc1c1,DeepMath-103K,21200,train,926,1
927,8d3a4c49eb82ec78639c502c8867ef28d27863e7d9cc0a22dc46858b60f5ed73,3893133d5e3b87fbc889a96c94efb4f4a4900738e16fdf9ffbca77b49a9789cd,DeepMath-103K,35241,train,927,1
928,9dd6766a46e1d44318cf81e21da7c2ca2166174c31d3e7312b97d75ebacb8387,51ca37e2f67f1111383ac26b564c63c06379ad194d624fea70f0a22350c95ff4,DeepMath-103K,10110,train,928,1
929,e1f968fb4d4f912612be992a3436caedd1f89858f0fd5d0bd6daad0000874d6c,3b11af030c7e0978ba3d744aaf1afae01470c715f6d66f50d1f805fb8491e2c7,DeepMath-103K,22905,train,929,1
930,c74df097537063ee2ff416868e13504d3acfecddc7219728fca4e91decc75be8,a8e940c630845daa81a5b2ad88839ce188e1d0cda9a3e95e312945930e91ccbc,DeepMath-103K,18423,train,930,1
931,69781bbf14772b56beb075d12b45d9d43cfb93a6cdb70d7a443234526efa401f,cd07071e9639dc0cc03368fa04521cbda27e47814cdd4dfa9c99763710798044,DeepMath-103K,32261,train,931,1
932,e4d26915715f14b707567a87f34415eb0743f2eea982a69f515169cdb2e17970,b3a78f3097f215f8c39a69748abffca3f2ffbe64da4cd1feca3822b1272d4b3d,DeepMath-103K,15381,train,932,1
933,43c4f6616f505c03d16b7a65f4ba538a20f2a78e1b549d94c49f44b5a2e79b25,6872b3f6cd7849133bee8606afad36ad56e78eece33c48d757b3effcae5b0d3c,DeepMath-103K,22731,train,933,1
934,f324a33d14e7251b44ef2c26e188788c3e24451a6e6052c9d0c2cbece302afc0,bb9205c947afb33554c81188a7410bf57cbdc72f9173fca436dd97c78ca32a02,DeepMath-103K,15767,train,934,1
935,6cbc3deca8e4eaa8a277b86236bd26183962e2a17084db6084ada9ca788e89cd,d2fde11c6514331c965c559f1f4f0bf58049109c012d646c4a6d6598a8537656,DeepMath-103K,36267,train,935,1
936,89296e7beb5ea2d3d44a0792641d6d7ef185f84da26bd1a91164a7a5e7853ec7,7d5bae2c959a72c07b319fa94f1de7d2d1c30e98904f5165d0f3be5e2f6f717c,DeepMath-103K,44169,train,936,1
937,0fb97597aa797ab1c39e23dddf6202a8eb5de17e53d27316d3195b91ed531c16,4141f058cd04b92050fd9d19d0a67451b1c5c7ce8783dde0aa3be9675b1412ee,DeepMath-103K,6048,train,937,1
938,00c553c07fd3f3e5679fa4ae3f1b9140e29d428d2a73f8a97a275ec0eff7b8ec,51669000b0ec30c57a06f7081a100c0b566a99cfa0a9ef49214b2ee84a7000d0,DeepMath-103K,22891,train,938,1
939,82571dbec2ab262ee8b449c990e664dfe1878323ee1238101a01b38c23c0b10b,9cd3d789ee526ad09297907b7f3dba78085d9b9c4bfec34cbbcdd7aab236ae2b,DeepMath-103K,42961,train,939,1
940,8e85e78741978397b6dfa944ac9cfb77f7f71a181c7ad064902d41a5741933a3,b8c9ce0ecff0a55997b8e9096cf73ee1937f0f05a0738f743e795812ee93d463,DeepMath-103K,44875,train,940,1
941,d4a5aea9e75674e4e8b94841fd7124f2ca87ab5a2f4caf80e3463989d0c07f35,b884de43d1152fc105c3aadad35bdbfbe0c43d8155e17415f0756775f09b1720,DeepMath-103K,15968,train,941,1
942,f3b4ea9b31c8ecdb8b090c7db2d7c5cb3fc502f267d36b508eb41bae633c4ece,b88e43401a769ab06fb944f687b97bcf327432e6bb86026a13c8ca8ef6d9a4ee,DeepMath-103K,2915,train,942,1
943,855eafb26589f6cef880a8a571caafe7a55f431521c01cd3dc356b2e06548c3f,c3c904412eb8e52335f6a979195859ba10d54f79c3fca3f6123ed0585361a515,DeepMath-103K,14640,train,943,1
944,61e618f5001f9f1a516855ad331ae288578646dcfb6951a5ecd59169b058350a,eb279aae54734ce458332ffb696175aaae4f4027a4898072b535c269283c2334,DeepMath-103K,38765,train,944,1
945,0b305fb7f14c53491788abe32d3338785ef31e3a120f4d8f9268f7163c0980ef,4fdb077a55530552e9f3e49a7524cd2af3a5cc27594c27d14e32f533aa628e22,DeepMath-103K,56772,train,945,1
946,e6e99dbd183b186ad1e89b23bc0255864694c78a64fc1e8f665c5bc7c96c2398,4f5833573dd808994083823963b6a96857afb72637e52a619cc415424ca609a2,DeepMath-103K,50456,train,946,1
947,bf91ffe6c6ce6887a5ca563f6b2c30ea5a8cfb536c91e91509208ef63b3fdcab,3d2db829259a349720c94526419ef399118f284be53996d85a23fdde6e2297af,DeepMath-103K,42976,train,947,1
948,bd040ef75e6c342d9358304f87c0a3bb7cd456ace746c3b7701eeb64a63458b4,d3cb5b5c90fe52611e42d9ed92cc6919cb4e3fb14f2641156523c50c39ccb671,DeepMath-103K,44167,train,948,1
949,2a19a5625dea803a478175cc65f63762b644d9f9a81bb383bf7d2328e5e7f5af,fb62843351d440dc2d26eecfa7d59543635eb2c70296bc433c06aa03be570957,DeepMath-103K,15726,train,949,1
950,7290c8455041cb01083200e6f17e62b4f884e47b5cc860950a6f6c6718985663,3bde2422b65cc0c3172e262e587b37fe07a0050eefe6a564356ca3293a372d14,DeepMath-103K,54927,train,950,1
951,3ef93f51d83a95a7bd151948db2896f0071cd0c489aca379fdded337d6506bce,aee2eff0c756a077b6f3d711f4d4e31a4a0fc7abc93ead9dceeac576dc9d4b9c,DeepMath-103K,17978,train,951,1
952,18711ab6e580db7b82823288b1ce89a80405cfb7c36b2211f3cff68e158d9cd4,fe949924ec2b2a8155450b8565c5ca385098eb176313f12c6d6a16f07584f5e2,DeepMath-103K,47946,train,952,1
953,a681e660992e9fb6aa135b053efbc82457b9c77ddcd618d1f46e9979fcc13886,7136440285fa2b8e9c3b0f94016a892b53b6310dcac5a05c97281f10b998ce9c,DeepMath-103K,44551,train,953,1
954,8e6a37a9a2e53825d340e0fcd27378d838cddae27d8b4cd9ec99fc309d19ba99,1738eb4c055c3c3286d351932c9cb39b79cd4a103dd32a19fec6746ceb7b205c,DeepMath-103K,16804,train,954,1
955,23eea2c4e7f19d63611164956f0675b516fc81c6101ed0e14986dad89da59f5e,13f291506470c8823850f3ae218560b5df1e7eae061fd1a856824692317ed6ca,DeepMath-103K,53063,train,955,1
956,6ecc1050fc76679701b0824c9aefdcfa2a146df44703b7ebd820a904a83c6743,6a9fd83022c4480154637b30fe563c94132e89343ffa6944fef26a5ae32d04fa,DeepMath-103K,55256,train,956,1
957,199ca8594456b3fcf48522e92a15577d9cb851dd46ac618bab88e47c18081e41,262221415f9525f348d020e4df7fa5bc1b54f91924d9980d81737f55984ae6ff,DeepMath-103K,47330,train,957,1
958,91906ed0bd2a4f2ef5d669744facd9fe0696ea153b2efb25c465a199602e6e14,3672af56c5ad37fd5ba7cc6263de89333c8086168a29c5214442b9b689c4aa7e,DeepMath-103K,2464,train,958,1
959,73d2e36b9242f9e15832ec41e385c0efafa034b4dd60e7d418e826026fb1f1b7,2258361905564a58c0a75d95cd8161a5cf947d2d490046afaf3682cffb541206,DeepMath-103K,25516,train,959,1
960,60db512b216ff0430c064451d0a1fd9ee6a1288fc05530a278b47e506ef6dbc0,77dd269e7a4a2665115d6d57679f5b44976ae18676482c1fe138c85119507295,DeepMath-103K,35430,train,960,1
961,2150d289be570c5258f2853a55ef59c76bca0cca6a9ae8b6956439d090df52a3,5384391acbc3fd74f44bcbd73e762513bf4324587d0f38661c189b39c1a35d38,DeepMath-103K,26312,train,961,1
962,1993040958d23de94b699b229a5a294020a9d54904cf3c710827f6419ac6af78,8f66503726889f149e5afaa76f8dbf8fcf02019f3cc4dec926be5e911cc8ed1c,DeepMath-103K,1617,train,962,1
963,64dae6aa6cb180bdc4ed854b5e1162e7c0d912438852c6665eabac264a6fbbd6,2244dddb1050ea93c365ba5990afcbc45e55d98da1983d13b4ecdec61b01c8c0,DeepMath-103K,3320,train,963,1
964,e4d31ff36fbfc2cfb4ba3e36cd0614dcfd2a594ab234b83bc636f35149ebfb44,7c84a2608570fe17695dd3698a8a9ade8dbf1d80746d0e1f2ae1b3b0c207439f,DeepMath-103K,38024,train,964,1
965,d2b77c952d79e223e96ac059e23f1161299078cf72845d02dd3f27657a268650,4c413453f30da2369d7f8a47b3708ba59900edc35dcbe250f38528b9a8a3b9d6,DeepMath-103K,36409,train,965,1
966,d55eb111506143fbecd0e3c3d49b5ebbfdef96bb51f2a579046bae3724af082f,58ad180a695286a593bc3b0bef2c087b051dbfac5a7eb4d2812222dd7b9bc219,DeepMath-103K,1165,train,966,1
967,97f5f4c0cef520c3c053dbba684e3bc89f3882403102cfda1ffe90ed016ca8c0,5111c51d3b14a249424fd3141989d152e3c26300ffd2666438f321db12e2979b,DeepMath-103K,3643,train,967,1
968,002765e28ed8e886f2244b29f38cba1aecabdc838edcf64d1fe553f7dd1ed3bb,da9e246ab2b86c2781320383472bb6f61dcdb30e043c28400b2ed1756f81f257,DeepMath-103K,55833,train,968,1
969,d72372ff9cde9b24783e23aaf3621a3be724d6ceef4fe9a6e514e8444f8899e7,c072250774efbcdc78770b6c33c92f6d13496119508e0e491cb0429f9b953f5b,DeepMath-103K,7004,train,969,1
970,352b1fc33b626ba25bf0e6f92c230df9d10e6a8fed7557a92dfc3156b1b124eb,4c697fab9c88bbeeb5354f35e354f09b640336ab90f9ac9d8d389babb2e1788a,DeepMath-103K,14953,train,970,1
971,debc98f5090195212247d09db1476d3eb014427ddaa217d9b3c8e353b074eafe,518499e93964e980b801b8590058fba298e59275c86065c2af3022f51e25e057,DeepMath-103K,46616,train,971,1
972,b0a10c6fe6636a9055514105545be355d482bc286c099b98dd287c60973e6d47,75c21a517aa92430da324b59b469dc5e2f2c2934b6db5004f1acb801f833bc73,DeepMath-103K,22972,train,972,1
973,bd3658d1ce56c9c70df75a615232c5e4ad89816090c2cfeabcc21cbc1c6c9648,620f964e947d0833d2c7191829fc6b7d396faec17a717702a65817976711d966,DeepMath-103K,47535,train,973,1
974,45a36e767c2424be570eed3346815200985dc157ec491391280955fd49950ee8,d2679f0e2a9e5b2057c8ee05aab3a9f28378056decd0370d793967d2679eba20,DeepMath-103K,56296,train,974,1
975,fe18ee2c52ab1aa19ffc61bdf4500b124aee130228de94d6765ca0d7b40b06c4,cbdd35998161849bff4b15c871e12eb2369864e4542a64d3b560809970b506d8,DeepMath-103K,638,train,975,1
976,620bb584d3fd9931a90eb1a4859395c8404f619fe5f15992c09fdffa3a16d101,e10cd01f58e0e3938042d7a2a44f8563efd6e3ee3b828d4061df2801672a2e6b,DeepMath-103K,43759,train,976,1
977,4b26b290c2b8b37d339b1d1f32e82004ad768b8a983c102cff585ada06bc9ac5,512c9828ba464111ff7b8ba9520395dfd86aaeaa97ad0f011a766d98cfe8ea59,DeepMath-103K,21817,train,977,1
978,4ebccc09a2f9d1888030aedb14e42dec4e0a3fbd8003c22469b3f7a7d1380b77,0b83df54969e94629c9492712e2106f5d0a3261f603cad159e41144e74830950,DeepMath-103K,41136,train,978,1
979,60e2b979f514bfcf71d984182cab27d247230f2c943c5e0a3ef1e762550dcc97,3bdb10297b1f10a64577e0e70347b156fda599ee81aec9acec091c0eea84357a,DeepMath-103K,52192,train,979,1
980,eb5460a2b576adadae7bf213a77c09d467bacb8d38f12e6b6a0b0eefee1a5747,778b26a1b18b28d3a8ec37b2bca426d2f8082fc17107b88e81b97bfad5e3d541,DeepMath-103K,38808,train,980,1
981,f630f67cbd3dfa92ffb4a19ca3af52a9a994a5f79ba59ca86046f6f9a5987905,32abbc7cbf6a953672cc243ff8523a2fa00292674abd5a089d02d6fd597625a1,DeepMath-103K,47230,train,981,1
982,cb67b03badc092eeb3df327a005366096788208b0d9fffd1096691c5ec927270,704c6084472dcd1c571267c90f6ddf786b3b490419ba53508f7a44deb2dd02a9,DeepMath-103K,13361,train,982,1
983,b7ccb1e95bc851f49d26119257f3cc394e7ee4669e36f1f022624161967a0380,415ffa2d2d901b618602adf810fe42e21381cbaf128575e0c15d3e05d8b597eb,DeepMath-103K,21484,train,983,1
984,25e665f3cfd7bb3ce025ea0c9a3c3666d6ba32f3eee0125b953114996debe0c0,1a24f7ec09e95041c41b832d5b9cc82e7437683912e5e8a2da4257cf2c292286,DeepMath-103K,18084,train,984,1
985,16b79acb627b01adf6500c942b7dff7232b3278f0a69702be65262f573a1668f,25bdcbdc9c46ea4f95a3bbedc3606d6db2ecb20e733f0d1b81808d81e896fbac,DeepMath-103K,41779,train,985,1
986,6d4d8a1db8d877cc3ed303f386fce295c459f6b66f479c7630ad2f05d0dcd9ed,4f433fc38a98b7c65dab1f7ce99fecdfebef587f0e1074483005708f9df48442,DeepMath-103K,56945,train,986,1
987,1d1b5c1322b4be35b79b660c52f6044f2aa3e3b13fa5128711737171e2f496d2,9d34f1bd9540488ec4008d9d291c22261a80717c73976ed920f0e697982f6ae1,DeepMath-103K,28884,train,987,1
988,de96bd6af2a35e16d29878d8cbb290db0a5e9e63f1177ffa5a2cf35ddead4ab1,d712bccefc83fc618fa4b134267302a5a49c97725f2572b61b204accff31053d,DeepMath-103K,32502,train,988,1
989,e3279b1c9ecf9fc5f73570e8fa86469967a12a6387ba3244737c32084ae10f43,e8574a2910284478f54f3282501b057ab9bb2f724785309ecc2730badccfa7b7,DeepMath-103K,24818,train,989,1
990,0a3e82b75fd3debe7b654b8899748b860c9ee1662419a4280f3d7939e3f96d59,aa2017b100e20f7731afaf42eff75888b6624c96ebaab73246d4acd44dd89042,DeepMath-103K,39760,train,990,1
991,832b0de5305c11e5e5adfd71410ebbd63cfa8ea7a81281ebe56ffe0401c09feb,c68e8f15362a73e05cfec300ad3b24e0239550bea6aed811abf0bc2a73d88b2b,DeepMath-103K,51043,train,991,1
992,d512d967ebab7e4f9834fd233f8d3aeddf6f141b8832588f87f3079141f2f595,8b31f303b8c1160f2edbf104ccdde1560993d05a64e150120fe254ac6373a2c2,DeepMath-103K,44528,train,992,1
993,8c9a7b1c28adcfdb1430039006a2ed1cb695cd3d2a7187c929ffe0984f1c3b79,e5baca14197d605272e13326f5122719e4f014aa3e8b29f11d28df24b6b6ac8d,DeepMath-103K,21778,train,993,1
994,8b6a2327317bc033b3be1178f4dffb90a4f844a718e8a6812bebee2299ba68eb,cb22aec195371084ad30ab6c12e66da13a9a39dcbb100f5be831443e1b1e04e4,DeepMath-103K,371,train,994,1
995,ad68b7ef07067ca072c251bd5523371508032d57d12ca68dc82dd7cb90ed8aca,e6540ea5fba507ca41422514ad9b34c4c306050126fd6f6ab3bc2f4e7b0dafe3,DeepMath-103K,42789,train,995,1
996,9ece965fa42c5f80ef6110d8abc109ae5026d44bfd2e83f8d0be5f8306ae6e05,741349e3e9812df4a099bc9dab49d6394ba23a5f4cffb9a1345ccffa7e42c150,DeepMath-103K,50352,train,996,1
997,27da83fa15d71f3052f9f3215ed133b9eea5539b9a461b6f781efe2476299c83,ec736377eacdad2818fef61e0154c6a333251684d3ec7d88c721ed6fb2a588f3,DeepMath-103K,13463,train,997,1
998,022853e615ae779c700e702431b9f329100d85d1e9f5f02dc5c0faa54d095143,fd29cc9427bf335c53376641bdfff1d0189064b09f8f4954d73b521b5afd5201,DeepMath-103K,19653,train,998,1
999,b1a28fab32c4357aebf4d54f6aa72973d800afdca646df87805f250fbe2d0ee5,53219a7017de058562596142be644ee10ba74d129230c75532dc1a7752c5646a,DeepMath-103K,22892,train,999,1
1000,c25f476c4b80273d539479861b3dc6aecfdcf82cbe9372822f5c803084170fd3,2f9c69c655f68abc504fc8b0c3c544b92c74f17d35bd00d5a7741b7a3c5d5a08,DeepMath-103K,4131,train,1000,1
1001,e27f8be9d679c126565b7a7f05847558547d2535a07ca3ddffe46baa729e1f7e,ed3b285b81b64fb2a3b1b11415bad19c251dd9ce275720dcc3e8ee43165b6581,DeepMath-103K,21754,train,1001,1
1002,0e3b58ffca1f3d7096985c035bf02f2ae8463bf08aec4e414ee065fa3e1bdf26,3eebfb94863b374ec8c19863ca900273aa70b58f287a4dfe0a780bc4b02a3683,DeepMath-103K,25830,train,1002,1
1003,22e6e035a0dfef2b94cf6195a2f6f2ee9b4e172d6873927f30ffd207b0fc969b,07c5c8e8c6947720cfed65d826c6e5d9de658077312bf3978ed53b0008aee0bb,DeepMath-103K,1524,train,1003,1
1004,a094627a09b3df739fb73ccb0c6b75a56e7fa94690e5581feeefdea69a59bc8e,2e4626ad3a2850662e99ec0ed13e992762f25bf4da5588988c2a34e0baf5c31d,DeepMath-103K,23695,train,1004,1
1005,f5c204be3e0f3a85073afa347787c8aeebb1ed19f82a9eb93b7fe765c8a001ac,14a8d62bd3abb99726727a9922bf59d5b877c5609c073966ec28fd4770bd9e21,DeepMath-103K,25117,train,1005,1
1006,a08561127ba8e194288877b2571c5bdcd0940e2fcf45143f7b61156020cceb48,4ef1d0e1d37f23d89195776ae8e10cfad5e983fb36b43c6701d0f5856f3e8fe3,DeepMath-103K,20581,train,1006,1
1007,1488f736fedaff004a9cae06aaac2e7ba16f7f01999f5f74e88aafd8a70ec1e8,a610839e5b0d18e89f75f232f6cba00cddbbd4c6f5dcbe34a53c41dd93fa3796,DeepMath-103K,1708,train,1007,1
1008,2674854638f6b45b4327c142d454ccdd5a1bf83ce22c2178a0c72ec7ad5642e9,50eb1fe9b1855647327c2340f5ae1c5eefb374b5e77e622702387f66df3f4c28,DeepMath-103K,1809,train,1008,1
1009,e94de672eaaba5d82bd60aabce2d3e7f5fbc395332f7d6dd71290ca4fc635e76,673c8b44a5cde171f454a81163521a898a526f2ef84f7c51441c98e644c80fbd,DeepMath-103K,25093,train,1009,1
1010,fbc14ef5a99e3abf33b63d9766b91d7712c5b3a4202f5728c899df74806643d8,4238489bda6ea342c053c1413538a1c49e196b436205e2d40206acf2e07a4d09,DeepMath-103K,33977,train,1010,1
1011,29423007945b191524e5d3e43c35478f688a514baed96adf266d1f8ea12c7e38,d8bfaafdeacb19340b03dff95de623b7d7c4043f5df661bece23df20da1ff63c,DeepMath-103K,34846,train,1011,1
1012,ebadcab1c5c814f3381384e4c022f11d80d1c187ae7aa7aa247d5d61d985efe8,a36b97e78269496eb50fdde1389be2bb793fe64169ca843947d7a861a046a8b0,DeepMath-103K,42995,train,1012,1
1013,13e340ebaba6aebeb50806865c0d877e11e8a98c5411fa0c3900cdb819a4fd63,3745f998e5fcfdc6fe0692800173baee3ed0400b08fdccd0555a3efd9470fa59,DeepMath-103K,49109,train,1013,1
1014,d05c672a7fc61ec83fe6d362f10ed13a24dd0d2cbe5c4b1d03afd5b264120775,a552d4a5432966633342d1e2f5b25c947b22d0deafe0bc018ebb5aa6edc6862a,DeepMath-103K,16512,train,1014,1
1015,02bf86260963b16903def7292d4f80a847542361fe5a837474aa77dfcf99be10,723aa3a5e90031a3ee376dcc201e02add1821c21f4309a67347e2c71a1e996d1,DeepMath-103K,24799,train,1015,1
1016,88936e42bd735157de26caa8b7c8888c08089801904ea9a75c5745137a48c3f0,4b01bf613b77e4f8b3224a6fd300e90176ff020599c1d373bb9e67c869f79e22,DeepMath-103K,23923,train,1016,1
1017,a59c212256c5d0cbb464d4baed7f0de82b112891ee9bc82c616c4f75e9a6b184,661e14ea6368b0a2085bfb03cae98805883b10b7d3db5875343f87e08e776d1a,DeepMath-103K,39027,train,1017,1
1018,8b1b5ddc42f9867d41bf6c780b0be8cf3fa03d2925668910734e7a23ee921557,4b2736dd92f3cc26d448835701a00a99721f87855413c08c06ea668de07f1481,DeepMath-103K,17734,train,1018,1
1019,21591bfaf1ee37724bac6ad56731fe2fb1f1add7d55065ce4cba6be9aa3a2b2f,0f71909ff84a2f24cfe1003a93029a0e062f5fe0c61c08970fc75cc3e25a067d,DeepMath-103K,31081,train,1019,1
1020,2dbfd8664f0280f1bd864330f9c54863430f0e25d0f119aac962e3365c293ca1,bbc5d85c95ffef7b6fd310e313c6eb1e009cdbb1e0358a84cd09e757934cef7d,DeepMath-103K,46520,train,1020,1
1021,b719acc6c90516d795363b741e740dac35bb744c177ee4c7abfd435746fdd79f,34dd8c38414702d20016a1c047040464006c2d9930160bf8db1b87be903d314a,DeepMath-103K,6432,train,1021,1
1022,d70e3ab806e4f7beb7f488af1a9fe96754223e2012c08323fa60ef79cec23439,63c48330f5fa1939c5a4fcd771ba612847a4e2a66380bbb8ff102e02e9d9cd31,DeepMath-103K,48940,train,1022,1
1023,ccdab350b4f2c4bd3a3be81bb44fabaedd5604e3e98ee4e23efb4984c2ea7969,553399e321f24395cb2bdd465f83e3e51f8319608a858273b201e2d1b8d751fe,DeepMath-103K,31110,train,1023,1
1024,7d5e03ee8fd0a65d0999582c2a52dcc37017b079ee86f0b8b4bd19c3bf4e7a58,e3a9d2c10c2cb2de33b1d691a7316bb977eaaa50c77c793d6a9d8f8d72b316e4,DeepMath-103K,49615,train,1024,1
1025,bdfc00d2868e668fa86c8489afc894e50fcd96d5375b4616dd9519bc97a74e7b,b26ac41d244651f5062a84888ba059a95c108513330bcb75465190a000606cc0,DeepMath-103K,42899,train,1025,1
1026,1c2eb4a7ec3c44e410ce6e102f1b34776c9aabd0fee06cf183942f80f92731fb,01d5a0c05d65fe1d58e602df4a73e76bc6c5148632e13ae90cd615ad5620f731,DeepMath-103K,34985,train,1026,1
1027,b487fd67a17fefaa9483025ab3ea42a0d6f0969fc59c364b0e19bbaf256f2583,dd22a5615efbfaeaa49d791e5a174d4549ffb3ed553affb836d8d3b2126bcde3,DeepMath-103K,48844,train,1027,1
1028,7f7076178629ea591254ac14877c887c4c2e700caba376bff6dc0bae734c5083,be40b5aaab8879eadcdd562544257ade5e7cfaef1f182213108ce03427dd3c6b,DeepMath-103K,18115,train,1028,1
1029,5c5d8d7a6b33c565ae27833a74ffb3246a3932c203158124c7d935f21da35f17,cfeec02cc912cbe99fcfe978842d8cbbed9a200fe0c9cf41850e52635bc0b410,DeepMath-103K,9542,train,1029,1
1030,aa0bb76996bf07fa1fe4f34130caf75f49c8c55825c3c697fcec92ca0f401ea3,a53e015c6cbbb699692998a80136910ead381a02571bb3767c7dfff957cb0682,DeepMath-103K,18589,train,1030,1
1031,dd9456d9e4a83e06e2274dbb6c03cff2abad2f0df88eb8bd6585bb1214b7ee9e,5ec0f13d8252704c26e179e21c80906e2e5cc181932e843b180d51c831a3062e,DeepMath-103K,17980,train,1031,1
1032,b5c1503a38539c0b96da3a6d95b4463ca3b52fa649d4d5e15630f28b3d2d160f,26402b0e8f983e4d1894a88690b05d6a05c22c04e6382b0e5e67c82dab7f8adb,DeepMath-103K,13676,train,1032,1
1033,be750707da89cdc2952ca40fe3fa9d288ba0d9ca672411bd7d2e01e46a12ce93,0fef80eae3e26afca1043b0b8262bfd098fad27a6de51b889e286bc8a80ecf38,DeepMath-103K,1613,train,1033,1
1034,86445490987cc9922a18849c820803f2f9e911ede81595f795fdc505b4616128,a12caa001bed8af4a669d92492347ee21f2eab7f0dc94dba3d29879d86a2f6d9,DeepMath-103K,41946,train,1034,1
1035,951670d7ccd522cf91e1cb0ec2259a0fc735735cb2ce3c19b0226b4130448b76,d36752c211142c07afe6d1ee6984c7968c94b807e171214de4d55d9085b33f40,DeepMath-103K,5023,train,1035,1
1036,fba5d9f09115682bec5f5e789057cff69603deddc8dfc505828364713cb05912,380a40855ab879e37a2ff68e2fb15d9cae36ecb563e6f72db9b49d19cc0e6af8,DeepMath-103K,49691,train,1036,1
1037,584acebc72f2044816b1b35bb1a2e9108e8a30ef2f793288bc2b8295f66aad5b,91eb17dfa4d34045978bc098c20025fd9878f3a2018a3477a6ead07f380a420d,DeepMath-103K,19692,train,1037,1
1038,1e1e2d65caf88aa297e3ea2c4aa07c07fe28851b3e75c2c1dc5406fbd848351b,ee3553f1450dfd0e1f9b903023feaba4807dc0043b17c9fc4935a438bd2217f1,DeepMath-103K,50184,train,1038,1
1039,c06567651f072746e24694ec52df3acdac88936a36c2cc9e54266011ed0994a0,64ddb73efffede0bbb15d8f35678d744b53b69b571837aec92faeb8c8b67facf,DeepMath-103K,35626,train,1039,1
1040,633b265e075207301fb51994d8a9fd3a63ff3980e44fb908924c5bee3ec6202f,ee2b1038d501ea3e981cfc0f5265d8e979ee6fedea4d72eaa5780e15670ceef1,DeepMath-103K,31471,train,1040,1
1041,5d79a3acf4a9131b04513307be2df77c07abfb0ad9ac2890870487e90fb8502f,89442c1439eaa0b107db4fc138436ce07eef1fbe9f3e96e604f9e1675d567f27,DeepMath-103K,51085,train,1041,1
1042,2e6228d460075cef48f46a4625fdd17ed49d6da700aad3bcdd96aa761b2b8a65,44f44a3241269308fb2bba7d8f8d6c9047b8e5671b53d069d2b4c9ea0865aa70,DeepMath-103K,13460,train,1042,1
1043,2bd4d4f8e625b04c10d5a97b212b45dc4506eb7c22135e9a4519e81fcb1586e0,b77fb83ae41a88b5680e28b90f752163a02f006edd246e8e4f2f5e1080aa8487,DeepMath-103K,47786,train,1043,1
1044,3935261a57947595b5174988d83c14433315a903b3122367b3f59f01c9dd2e9e,fe65d5b4cd994e0bb677eee9f88958d0ea9ffd1306b1b2f5c5c3bbb1ce8d6c81,DeepMath-103K,55732,train,1044,1
1045,8356981a711974292fbfcf3055d8b17d367b5053566f61ea0c868d2fd7b6fc17,477444058b576eaded57894c41170692a71ad12dba09a8186a0e77b7a1319c6b,DeepMath-103K,36764,train,1045,1
1046,7b99f72b823abe3ca6a5b1fa4461c5d5a27ba07abf686640fc51278c858bb304,531149dc9a447d25312c07c92280c311c226b2073682d6556ea0dd2375f7b56f,DeepMath-103K,28032,train,1046,1
1047,695f867afa7ccac3f2fda80c5770ba10019c3d99a3d020eecfb2c72a5b1a0069,a551977899bf8348e2b8d214f43dc7842535d35b29573f8c41eccec92333d4cd,DeepMath-103K,49581,train,1047,1
1048,b4cfdeacb9d6b3611b45d855338e9039324933e9c406b2247e52d98707d1c90e,ead13d8cb08928a2c3235ac221f72a57f5c743dc4c088e084ebf89fbe28fd062,DeepMath-103K,45464,train,1048,1
1049,03294cc7905b963618922c210bdd408708a5bbb92800dfc4f3529605e7b6ef12,9c33c2f117bd35a3ea14d6b03a3fc45f3f487bc0cf542d4800803eec4d793cc3,DeepMath-103K,5697,train,1049,1
1050,46b2e50a9d54719be9f0f669f8ef0f15592a6822e09bcc2bc1d3702baaacfeb0,677a27e9a7cff5300eca0f5c785c8720ea3b99a94a97aa6981b967dbb40fe580,DeepMath-103K,30227,train,1050,1
1051,3ba73ad70b7a1c6061a14f71fb6f78fd0ba8a74158bfdc57f1cbb0cfd3767c12,6853b245655bc1f099eee97e29d9a51231e6b62673ad45a5aabe0930e5fa932d,DeepMath-103K,29635,train,1051,1
1052,192ef64be46b968647d751dca0a0110d17d7e2b7b2064a23b0d5d130a375a5ee,78b9ce5000148b40668ffb8ac88456a7e7b58737feebe241b51eae8013c135fc,DeepMath-103K,55222,train,1052,1
1053,f3ce9deb54bdc552aca131d0789e9be9cb10ac4b6a9685da9818a616b16f5941,b7b77aee64a2eccfd2b7b12497616ba8e3907338e1c0d9e9617136ee1e5bd6e4,DeepMath-103K,48149,train,1053,1
1054,002c9770adb6d648a10aa7a098f6fd4e6f137b6ff16ab7989ddad44c0519ec70,634c49a39fa0baeef504a784e2307b0e0d0ed9a26a3bc33c2cc50c42b831d51b,DeepMath-103K,21348,train,1054,1
1055,c64282e85a0417742a8b299b9980c161aaf86c14ce11c0730aa774487ae8e1e4,f83f8f6e7910ab291080ff546625112277b5cc22c196f9c87509e85de2d0987b,DeepMath-103K,55316,train,1055,1
1056,476edaaac551294d0dc7a59ac1b831dd2f12d766989258dddbe0cadafc00c1b6,f6f9816a2fe32cdcd8366c57160806386d4b8798e6acac6a5b4433b442020b31,DeepMath-103K,52563,train,1056,1
1057,62217d8f10057994a88c0bfea3c6fec596947429a7e233f05634827675ed454d,b495d685904f0b56d69f7582cb81b2f12b72b0366287210577d72d8077bf17ba,DeepMath-103K,12317,train,1057,1
1058,4bbb2249df8e968a5dc1a037bb66695a9f3a4904c5767c2a58287b0442119ae1,0f85ad657e9098280bd7928871282ee167786fa3d269d6d7792a8c8c147cffed,DeepMath-103K,24044,train,1058,1
1059,53414bb7eaa9fd6acbceda87621de85f71b28b6bf7f63332785c7c518ce3e888,e883d9632f4f335d15484b175e648b1b61a122872bba272434d58b4135cc5d62,DeepMath-103K,36525,train,1059,1
1060,a3718aa09a4803c3469c2a23dee4fec8bcf0453d12e5fc55738610b4b57de77f,4e9b0c1e13c7f5a013f1ab44d2d0d25ac654e09768ccf35b7b6971181849dda1,DeepMath-103K,43384,train,1060,1
1061,78c85ce4a9e89a01ee040fecd8328367fe565204a47bd924ce4d2f7d3282c302,8c0c30c791f89fc9fcbe2537d973a26d7be39bf16466bd547bd0b954b75a2ba6,DeepMath-103K,28140,train,1061,1
1062,231f90fd1856da4f13f9bffb5418332836dd2e5651abaa681dc49ab8c422625f,e36a4297412f6392d6b000c3116340e624061df914f177c2575a1f9483358b06,DeepMath-103K,3384,train,1062,1
1063,011da91b48ff8f9864aacdfa5ed37a6ab59e856ff076065331f11b53c0ab1630,6e65cf14eacd33d77cd0dc90061c1eb014a494031eb7deecfd1054cce548701f,DeepMath-103K,28709,train,1063,1
1064,57a3f6ceb1cfc907f14c97d5178872e90eb65df25f204f20b60cb2bf4f05aba5,c71f3193aee3e30f75faa0ad721c77ecdd557c523f693b3db78f5add3bde1b94,DeepMath-103K,34450,train,1064,1
1065,e9c892f287f7f7bbddf213961cf8ac33e5f2346314ecee0da875a8a8c9ffcaab,01011f642e70cbd1cce9e3a25e2f0dcb2244a0c6f40f49775b071975b1065012,DeepMath-103K,2629,train,1065,1
1066,5c38b611c9ad6fd2446fa1ca4f86f1d81e95792f59d8f7a6c4d4f51157bf4897,911ba3c4bfa723436cd2cb43484c80892d04f6f5740c28a687d8070f812ab284,DeepMath-103K,20428,train,1066,1
1067,96e6ff79da0d497ede002c9b459fba5407bdd9cab1d4d2bb45440f678c49b6cd,0740aca7a0248b3ca433efb9c03136171614c79fb5b5655b07aa14e5f25f1835,DeepMath-103K,50677,train,1067,1
1068,9ce4cd339db74dc09b30f1b9940d13b0800cbc6cab169c979ac2fffb70e75705,6e8e2277b8baed2357a95835110b9690e636f6d2d91692ea2e55225f5cf17a1c,DeepMath-103K,973,train,1068,1
1069,033f06c3199611f29d88b4458c6dd226f9051457ec89a787b968ca05403feab4,16e631e0bffd71678f73f92098e1884e9b8dbabbc16d6f1addff93385906b21d,DeepMath-103K,24847,train,1069,1
1070,789bae9326bbf5b998efbb98375f17d2f3c0fb2abf60ce24f61ced2e9dafb925,ee35f5c51f1c16f7bf9475087515bb42651c70da952cee3763277e964436dfdf,DeepMath-103K,54537,train,1070,1
1071,1dc3c66578868c22728a6e833fa889aaa63ad08c1bd4938c781710628fb11d08,6f07a2e63e5a5098bd8523ba8de5b0f0aeb37b2220c3b14bc1c9806c60ff3ae9,DeepMath-103K,8371,train,1071,1
1072,9929889f0fb1ebd5640565001c9088ca24e6c2cf9418b9550de0643e716d0dcb,bc3cb103c7d740c9755ac1cda4f417e38356ea7c0a70c20b80efb609cd864b23,DeepMath-103K,45637,train,1072,1
1073,5ce9df26950ebed57efb4c623c86f40ec75ac3de0956c4cd124d5232b7e66a95,d69636ad07249633c4e8aeff2bfca6d5fd6d49082997709712e46230fe8a396b,DeepMath-103K,6355,train,1073,1
1074,c0eb9228ea859a3e7579a449840d0f1cd8cb7db0ae29c07bb2d81253d87dbe13,9025ac723446658a8fe6763f578f846e80be68470175424176a6fa2aeb16093a,DeepMath-103K,16717,train,1074,1
1075,2016696eec5338390c42211fd5f38f1a0e5a2090c3c21e854f5cb67ccdcaf486,690cf7df15fdfb496861dd958429a5b4e50f128706a3cbd618e487d082c99a25,DeepMath-103K,15061,train,1075,1
1076,3af7aab0c87961075726b9af7ee591161276034babcc9a60990d2ee5ea2cc634,056048b790c452a54e9b2ee1032aa667847643ccd05c568fdf72f9a54645c146,DeepMath-103K,39330,train,1076,1
1077,6e3fbeb314bf696bd3a14f813cbb440e0bf39365541b03e08fcc5a5b21917cb0,6449dac770f86cccf5a70274804362216d5a3b2fec38f837a14e749d1b53f59b,DeepMath-103K,32343,train,1077,1
1078,b50ed70700b0b5188d99f07c5beeee2c167145f5653b8682e9af70c3f9f43212,d90e6c754645d930a3f87f2d35f67ed8550fbe94bd762b120875bba4a014d5af,DeepMath-103K,25979,train,1078,1
1079,816a108f1a9feebcaee63204a2362e0f56f0337afaf5db5ff65cd78db32ad34e,90b30eb9a0f0538d9cd1bbc8922d633778c3f2a7211bedaff454e1d5118ca6be,DeepMath-103K,32759,train,1079,1
1080,abea80f4f6be7f960d4145f0c72cb9e63334ca75724e3e374460665cf3ab8d88,2f2e41b10e571c993c93d3d24b8b3c8c24e8f991f6c01a04d3ea10a6f71007ad,DeepMath-103K,48318,train,1080,1
1081,387e8815118195dcf127104317141214948f4373e27d940d46c5b4a07d536b03,f8409688cecebc67819299226303faa59fec57c4180d881540667445bced6b26,DeepMath-103K,40946,train,1081,1
1082,9c50dd8a392c5fe76399e87bcf7b093bdeaadf87ef4c32abb89569338da3f778,91dedad87ffcb7f859efad4b902a79ffe24eabd4469719f123a01979106b2d80,DeepMath-103K,1099,train,1082,1
1083,943d7d9050c3093d6b5e6c2c737ab25239e07b4da2b0e69789636e3b0dbe3969,cd269f5023918cbebe4d757cb7740be0598683b49284c72276b79d477194f3bc,DeepMath-103K,20000,train,1083,1
1084,589680719c2399e6a718244e39b4043efab65c44ce5cc378a6cb958f72a29323,360d50c571b218874a0dd8e54506e51a54403f72c2737751f28661c073a2d387,DeepMath-103K,27084,train,1084,1
1085,e08b77fb54d83711b99cd74c42918c7c46042f146884586242f0891dbd080318,a492e6f20471f31a5b25085f996e729563850f070e78f6c7a8d58a1ae44ca2f1,DeepMath-103K,30772,train,1085,1
1086,0d7fafa525529b924b637c34e8fb52eaeff00ade690e5922091b6679e0ca28f5,d282108b659a91dd06afd67f5a5c76e89f69b6934bb75b52505e0b1a39c8b78c,DeepMath-103K,3722,train,1086,1
1087,4432b2eeb073db5ddd650b498b75f4e7f12d2118cbdc2edc4e111b8b5ddff70b,7e32af26fc34731303e0a4dea67abd9b164000da6971d9c30fa38e1ad4e2a264,DeepMath-103K,47034,train,1087,1
1088,d9df5d045014e32ab3bcb019e9d545fb4328e747e952aced4a33a98985e0438f,110612d575dc7d5d028489c2fbe71a3df7d3c77f880b028789f16bbbd0414c5b,DeepMath-103K,43083,train,1088,1
1089,15f465a7ab6048eaf75102725b57c008f596f38b617d6431cfe11eb73316f8fc,5025b70833314aedceda15ca3c77c782a77e9aa370a03fdb32afb086d737ddfd,DeepMath-103K,37711,train,1089,1
1090,c822c58056baac6cbb7e50da1c905c51686f90ed044548773958b24f5d0e4748,f3388da10ef51ee8b170e7d7a98f224792c40fa76929e887c4a4c9bac8c496a9,DeepMath-103K,313,train,1090,1
1091,7851d4a078bd58060a121655a20c350f18ebeae0020486331d47dabff3b4528d,7ccbe747baf8c47bc7072ce99b7724ad734044c8409ba8b7cc8ad387ee6359d1,DeepMath-103K,25976,train,1091,1
1092,4ca76619f5b1de55dbe9ea072c86871a35a0709fb7ce8ab01094190d232ef3ae,81db16ff7d5df1360d59732fae56aa823a513d342205e5048aff19ef90976921,DeepMath-103K,56705,train,1092,1
1093,896dba0ba7f16b373a07635318cc381dc720b98e289cbdbca7f3d123f4a7fcc9,a1db8514795eddfb611f696ec5f0ecb09c7701c2e081bd5c57780eed6f75ca23,DeepMath-103K,40656,train,1093,1
1094,abdf9c93af985a663f757c3c763f391e23108a342c8901ae0fbeca68406aa96f,755c9f3826402fc114b9c07a5ba6f25e9c0d9136bcb4de6735f30cc0cb7e6cdb,DeepMath-103K,33009,train,1094,1
1095,14be385baa132b75656c006f557f3dee125b599aac0f6748e90565b6deed3ef7,d2bbcf8d5068525ebba66891c82cea006b07a4fec23af29de8177b036f3f5ac5,DeepMath-103K,27641,train,1095,1
1096,00081fc672b9ea789eaf694a789cd63ed295b82b6cea908737c5f49213ec3040,80588f0df2f95ab129e9ff24df731b11ae06cde65f1a21ccb4440099e2e20dea,DeepMath-103K,49418,train,1096,1
1097,605162a1929860d5122c570043721e01b275b0b08d5a0607137c7a250d6e6079,abc0d1e36c2f2bf73b74f0286b64114bc63646f95d46629c7a3ea4662aa7ebde,DeepMath-103K,7307,train,1097,1
1098,04a8a9a6dc990ef358f2555d7f3d6e9a473ee86c73b07457054f1d54a97d468e,ecf2a2feb3038231ecb3fbaa19cb06b16c5932d8f95689744c16c90f02e1b205,DeepMath-103K,21109,train,1098,1
1099,18609ea14fa91ec94dbeafecd6e167b6e1cdb13a36019017498d30e66e622613,2e213e469b5ea7e836f5fcf35d618e8d46b645739dd664077f525b8c7286dd7b,DeepMath-103K,45986,train,1099,1
1100,139937babfa382a8dc5663c658811e61d64973312714f33165c317482b267e22,ccce3797433a7af265e984f41472716f5c57c337b28c63567589d7a39f4065bd,DeepMath-103K,28345,train,1100,1
1101,c4c6e3af4869aff19798834f9a0a9819ddb67bd9a4b14b4bc2c33aa65dc2dfeb,efaef7d80142d0af2b2aeaf07cd9cfd7de73693e7a59d084b6101b59e2de53e3,DeepMath-103K,37215,train,1101,1
1102,5ddd4c71276f7f7f7617143bf3d0174d67567f688d5a81e4e6f6db641b09cb21,144211d5474b5168246f34c09c94994b4e7dfd28f9dcc0afa82890d1364e39de,DeepMath-103K,11815,train,1102,1
1103,cff605fa14c6d84a076822687fd6e0f8af60ca4334560596b204e51e2b6d11f5,2273b1f686a61af6cc958fc2777ea0d94a20b7e60a19ce30eeac6286654129be,DeepMath-103K,56236,train,1103,1
1104,cd6f9c59ca84be3c88f89253fb6fc797ab8b6ba6b5c54507a2ecc9b74f545bea,2773d6bd7d7f569cc5a809c5e77202745eb77222566441b784ef8f919e4bbdae,DeepMath-103K,23570,train,1104,1
1105,ea7843d7463b2e239d9ea81789e331cb0e771d0cfe01eb2089b1bacb0fb696c0,b561c35d370e013a02a6749b6dc97331f490dd12f619d831f8f0911616ffb449,DeepMath-103K,53581,train,1105,1
1106,8968dbb79bf383fbed86a1537e829a156c48b5f9e8e419e0c44c6cfa1d3a34e0,b7419637dcc3ccc44e7a7f029e3718201c1df043c6c5707cf246981eb284ff23,DeepMath-103K,29002,train,1106,1
1107,235a8a80f0a6f1cd47c4de1567fbf82308e574e9a30bf2cdfdbddb5aae85570f,8616c511f8f539e2457d02b59efbb9b42e05a67100794d84950e3dba99a3363e,DeepMath-103K,30302,train,1107,1
1108,467e83f4063a9246c02d6f58d8ea6e121bbecd29daf8f10f597c89328e584238,8c8cbc2fe4efe530eb237620e7c760bc978ddca3ed631ad05d2adeb613e4b345,DeepMath-103K,552,train,1108,1
1109,0fc69b109b0a38f053571a0be40535d419121216da09dd1f9c892ebbc2ae5e11,c263f4824bc8278760b764384d450270484f3e5869dd44f1a9cd4407bc5232c6,DeepMath-103K,14711,train,1109,1
1110,c7c62685734adaf32c17ddd79003918aad8efa44abc1a1c55d04e2390a94af29,8c0f4ccbfe1c782848f5b2e4af12159a545b599a454c9f3fbd7fde4e215b85e6,DeepMath-103K,33728,train,1110,1
1111,96fd8b8b2d892706a637a76e10c398481d2316f623eb7289b869f23d075f9e2a,0d44c0336f65ffb8d11451a6594b0037b716716036f36c40dde0180f8dbb6c50,DeepMath-103K,10768,train,1111,1
1112,dbe8d7d05f18169bcf1764641328b5ef1f47dc8bb280ee37d1b9b4647161daf4,0994c740f3cca77adc6d7eb4a842cfebe5f66c2e12db9ce41ddcdddb6c6c51b9,DeepMath-103K,55574,train,1112,1
1113,9fc2511360775d70447801d724e5737f4f71800216730c5120b2161f8624e765,b8e48bd9ea63423db4cf5a3f2e5f8351e8b9d2b2de78d35d99540e86ffda40be,DeepMath-103K,964,train,1113,1
1114,961546797a4e2e1bd8af17a13978fcebeb96a48579c549544cc5910cd5b3a15a,90949ce04e9003dee39253e76934641819233f949d9c4b77cd685992d45602e2,DeepMath-103K,34486,train,1114,1
1115,9a22f8a130581a33422a29b51a398267a8880a484090ddd870748e0ea3e23784,9c2711bada7bc6f09133270365abf47fb83213177e70bfc3bdcc718163e92960,DeepMath-103K,21598,train,1115,1
1116,7bee18bcf20b6346b0c7e00499a202e0d1dced93bd7d06b3392bf4acba210418,84469ca87b6974972e226057521f1db8753cd8ef2cade63d69e205b6b04a7d25,DeepMath-103K,479,train,1116,1
1117,90a3e741ed10df67ab6d47cba00bdbcfec15d855d74dd392b6b6672100265956,64c67aecde0b9cb843c1b074bba65f736ebc3d5170bf577124ae16623b7b2e44,DeepMath-103K,1184,train,1117,1
1118,e14ad1efd1ae25c9411e5b69975c7ea1296615b49e93c4d60662fd86af9b6a2e,78b3eabc42a238bdfce806d06e0dcf979e05ec2963dd5459218fad1fa33eb779,DeepMath-103K,229,train,1118,1
1119,62b390cb24de466a017fa11461318d155e72ee0b4b5d75adf6caed1d03df18b9,fab943898b089515e6c532d2a58757a014336e2612281410af7e7458052bdd2b,DeepMath-103K,45252,train,1119,1
1120,7678473d3d0835f5f42ae61b9490a379397a047b4b99513fde7fb35da65694e4,e03112f5dc1af2c4938ef11f81a34f018f7873c23f8926fb5fe7402595dff973,DeepMath-103K,39551,train,1120,1
1121,4de90b7c42516120d9296501fc6557e1a77583d66960d39669c727b68aa833b8,03bf76a8ee99b404aaa78269c60054372cd9bca14bce0a516ebc5db8affa0e07,DeepMath-103K,15520,train,1121,1
1122,2b48e142f1fda80dbc9c2ff89921efe75b736a130ec21eacca0f9ca8d5c79af2,d4347bc8fcdc5669382cca47b5a91418113bd7589db4c2634a7af7a53f2b1e82,DeepMath-103K,35585,train,1122,1
1123,50c1cabf8d33a323faadd0c79f676b29a29ea13dd21cb54697b43b75a313b354,eef4a4e9e6171c55f1f4813375dd0bbc284b7ad4868183ac65b771cd02fc18e8,DeepMath-103K,32766,train,1123,1
1124,7357cea8773cef1fe17ad55a51dc854d18a8d77270b764ab149aa484934570a8,e7f9dcaf765136b08ffdad8951f5b42f60bd03ab9bc04772ad5a938b30836993,DeepMath-103K,49492,train,1124,1
1125,ef60f771bb27370023e61a4af9f3c7083e55b58f1b956fbbf308d38106980486,2cd3f006557b277c74c06828560eb0e3f1f7e3531ad4503eac27168f3cabc54b,DeepMath-103K,52161,train,1125,1
1126,e75bbb8e80745ddea2c9725a7c18cc30372a605578645eba9652831d3d122352,74871a1285dfecaec5927e9e28aca49bd071f79c472a62119ca02d0464d3d45e,DeepMath-103K,51622,train,1126,1
1127,8a4b59833e17e2b9cde56a95dbd0f8390076b4d9bfd283af0ecd3a3e4dfe7603,e206deded0072cb6db96897d92fcca4326fd43fe4b8fe010b5a954f3a784374b,DeepMath-103K,34596,train,1127,1
1128,13b29d551a42cca6e926d723d122c0b072a9f266549f86b5d56e2b661cc261a7,3bc35eff5f0ca45ac37518cc5c07f0208f6ce740f922acda20baa0e53ce96994,DeepMath-103K,24235,train,1128,1
1129,1339319b301c07805ae3270a0004b8e4b058d4e5687347491e9a75c233958c87,2255fe8bee0408dd9e27eb5c33fba22ccd35ed79261fff9e3d20f60cb113114a,DeepMath-103K,22723,train,1129,1
1130,6f43d858d1ad6a5610370151f737686f09f0009cc59eaf80b9473043f2a4e34c,9806711128f9ca254d03e3060cfdda5cb0e5ead7aa4d76ae657f5d0fd1334f3f,DeepMath-103K,14845,train,1130,1
1131,61b4e1a79e4723e1dd45f1fe3097bfcb470b511871758dbfee93849f1214daa1,b6fcd867f0d192b1780b930ea9f8bfe1e82d831caeb7e52b9ab00144e7cd3706,DeepMath-103K,34602,train,1131,1
1132,3beefb37c58accc8381ea0c4f02545ef89074085083c81dc1dfebd197f666a83,8f3558b59e3b3dd22a2b8f0b01d03c6b637e87144d4a00c90e2993dd90f93bd3,DeepMath-103K,44388,train,1132,1
1133,6e468d6454f2dcb89fcf9ef3f8d79074947e092afcc89656136a7a945910457d,ef5c842c42d56e90e3e6041ec80449bf969cd9aacf3035818249de00f794cb47,DeepMath-103K,9553,train,1133,1
1134,eebde11e64948d30b8b00128a0609a0a37f6c1506cd2a94126582f08a3b2b98b,95ca76a54319ae8c0bafa4b1079f79acc9862bfe45255e3263da437acaf40021,DeepMath-103K,4122,train,1134,1
1135,626f9c0bf9d54357229afe071f348f10ade23ada579e6d8b0088b287ba19dc6a,225fce9a9a7fb2ab7b8f6680dd75c096092ac83bf9e3fc135045c5b25787bf9d,DeepMath-103K,50876,train,1135,1
1136,b2ea96ede5b3cb4ae5bda8049859cdaca6ebd5ad83b822b2640bd6755cdaed75,98eb61a50fbfd80fdbc1136f138f084839d6fdfb31e2e5634323c4afb9f408df,DeepMath-103K,20542,train,1136,1
1137,9a2b4653ba3fbbe67c59ad3d13aab4c0f5dc557cd0e5b5ece961c7abaa31e794,21338a3457c9cdb599c28770325fc6040ea5fad72bb9106f436f6343f145331a,DeepMath-103K,16816,train,1137,1
1138,2c6e7291e1f902ec70abc66a9c8a52e261cfa5ed6d7859971276849ce2a9a8d1,866cf410d73dbe7fcaad9a7d1ace4e26a26c0f9a10919c48c75472bf931c9558,DeepMath-103K,40957,train,1138,1
1139,1c812d163843ba5ad01b86384d57ac2c2b5fc198777f9adfe46e519364ddc192,e7bfeb9e7e4052eaacf242f97494ca4f5b3fa0e35cf280fab049f6fa37a8e120,DeepMath-103K,20188,train,1139,1
1140,232548f08080ecb02d354070cc350d2a7c92f2cc15fe8204c6c745c10cd125f3,325614327fa1c315db07e4b71bc5e6dd53631306b397e097b287209c42557352,DeepMath-103K,40513,train,1140,1
1141,3b12bb3e95c2f8ad19b9326f34f8317bd05fcb314c295728b152edf88fc04cbf,3e6b901fbc30a16a76695c79851018beadabbbedffa22a7e6aef71fc3a7f6703,DeepMath-103K,26996,train,1141,1
1142,6c27c516ad4928e58b48765c9ff759a8382db4268335c1f18709f27a9913d410,aa2c8f52f1464a71ff741c99b8922a2d3a44a7d641b6beb449a7667714fa8fbd,DeepMath-103K,20860,train,1142,1
1143,538a1f3d524d4710c776ec87ddd47b341e4cc9fbebfde67799c5b7bfe18d3f2f,f46dbaceddeec79710c57b4533e61643d158067e47e86417732778d304f62ccb,DeepMath-103K,51249,train,1143,1
1144,af6c5b34b16d68c4eab0306a9e20d232ede522f0e933c9b892dceb77d1d40391,97f1afa6a401e47bee6ad7602d73c587b20cf4f4ccc2454fe788736127e4e117,DeepMath-103K,4819,train,1144,1
1145,e29891a01c45575a0c3284cebcb1ded62b6f0c3f9f32cb17b924c4beae16c9a2,18b7a5fd7c0646f693ef2db7e2b28a795ef9c729a405828037701c984f50ec62,DeepMath-103K,6431,train,1145,1
1146,ea476f6ab11d4f503674e5a9d82ddc21f04808079111e50f5fdbaaf8c42e4868,fac602423bec9d090a15fea26e28f380acad1eccddd827b74033784f03548f6f,DeepMath-103K,13402,train,1146,1
1147,862151b329ca92bd96194327502beb81d1cb4f1ab8f492554e02cf55095da442,e896044a96ba9bd4a8943f616d2b17b04c06f209c854f5c6aad1767ff34faa1f,DeepMath-103K,41258,train,1147,1
1148,c8c9fad67332f4509d98233551477f06920a0d34f223382222e10f6defc0dcf0,5c2fb816e3940d8cdbff7561fc91590b620c33d3cbb5d835177d5f71526c6943,DeepMath-103K,39176,train,1148,1
1149,de24dc6bb0c840597594095a16c80ee0a81c5f5302f2a089fe67db2abb960a4f,1f4431743be8354a495fe92f30cee1ae0721569b314438ffc0ddda232d0794b2,DeepMath-103K,42189,train,1149,1
1150,b44ea57ba38c6d838b020ccd506c9dfbd33273743aa146bfae27a11715ef723c,66c44236e30881df603d5a2a8b41e5252774a9b18f0af6381d553910da9bf463,DeepMath-103K,36934,train,1150,1
1151,dfc974f4ca6076e97bcbfb08cc8c1c7c15ebd2f31efabd3a43112626645eca8f,36c35d96ce83ec596850da441b57737afa5725f4623b3c96abd6233d29bf98cc,DeepMath-103K,33655,train,1151,1
1152,e9fc6572a88408f06c86c94ed1f249079481ade72671c83dda07be6d8b119b4a,c8b226f57bfa0ddbf6e7de191ae237373e3346c51fb88d5fcee07503aa12ae23,DeepMath-103K,26485,train,1152,1
1153,a4642238c9f4e0a819780a0faa791943965f9d8c4fc1f7fefd4361f53784582d,ca32b8c963fc9aa1f1db0db42d2c8e3b20a31ec59ee9f783f60086a5700ff77d,DeepMath-103K,35455,train,1153,1
1154,c13e99f224193cd5657c1e758122430eb548da7dc82f1d630677a8ee33e5bd6a,7d231ce84ec1b6e0bab89b096440e585746581ebafb1e98beca4ebccbf89c52d,DeepMath-103K,32272,train,1154,1
1155,ac40ca4eefff4d8fa1725f8904f53dea17dc469ff1ffb11a52111040ed726389,e815320a60042583f5f3a62cc2f63534f823c98d6389879e0ad2bc6fe6e52af2,DeepMath-103K,51520,train,1155,1
1156,bea54740333a77a8668a56279ca65ddd6625486205db9663ff816777ecbe40f0,2162ed15a85efbb8f07a19ccdc6da730e0eab9a14bcd25f33bd15aab7b8f9b35,DeepMath-103K,13199,train,1156,1
1157,9d27427dcc9005747e62bf248c5a79d294fa8b2efad7aeffe92957997f750b83,b5cedcbafa93783c9bcb97c47c92cc6d5b4a590082fd1e5fd849dfc839c42295,DeepMath-103K,34643,train,1157,1
1158,9a91cadad83bd5876a9bd2ad37720a5dacbf0007f3f66129088aa6e7e3efe042,7725bcf2ccc6ddfceeef376b97760e1d021a54e675047a4870bbc51dd61d950a,DeepMath-103K,36667,train,1158,1
1159,a6dd55224a2a56b3a6a0d57ef520c84943c78e46dfb956e5e38e6c05b398141d,0156f6bd74efbaec2310413a1ffa52783c94524711552b17ff0f65f7dc6326e2,DeepMath-103K,7291,train,1159,1
1160,c0a4b7189d9487ab6bb6f1b3bc56ea53d8d54ef7e4d559cf73a2319cd3463f85,3c77a6c768b424672facc127cf045e82b336e03f820c128eeeba0df3b580e30d,DeepMath-103K,47049,train,1160,1
1161,2e4fcb1bee6336ec3d7bc9eeaa9233fd34ab20364241e4e62242a7cb54fdaf12,e49814c1c8fc7b3f4152020d5d1f992a361c87b77ce5fb51582a75324440aab6,DeepMath-103K,27624,train,1161,1
1162,0184d8e56e88ed2af02e29cad8030d552a521e2934ea353039872b4bb603c81d,9f9ac3784a6e51dbeabdd37701392af737b5eb7631e1b2e4e4f7a8d2d96ac70d,DeepMath-103K,49921,train,1162,1
1163,365b88d7c351796d3b1beb1adb9826fb61788d02e97e08c9b37878589eeb9e5a,cfa4b7b79a5a3b98bf1c8d73c9bfe7891fe103ac8a19a04acfa27177b7b9a55d,DeepMath-103K,41650,train,1163,1
1164,c20b94f1d896cfd7994376b86ced4fdbe687158cab98430ca88af464e3b29967,ddd89ff9c1914ba7fd07608a5f54bec064632a93f75bbbd2bc82d1bffc79ba0a,DeepMath-103K,22702,train,1164,1
1165,c90d49da85d0d6fc74674d4265d812f017f0e6c39c91786d9985d9c94168293f,6c9746bc29be013a1e0af3f622c394da6981ec87c9b3722d52ed9754e8ea2a6d,DeepMath-103K,46731,train,1165,1
1166,e6ae30cb564f89954195723e80a3f4fceca1b1301e802c760a809aad1593e2b2,81684e35fe6eb988685c4727cd1884833f79ee977755cabaae48495dd72c3a41,DeepMath-103K,12565,train,1166,1
1167,c0d039ac8c9deb617e038ff09ced88ca014c564b799ec75bc47ee3521df23026,85f653c0966389e9f39fd0f5a189e255b38c0c82f34ac9299a095310d3d6e23e,DeepMath-103K,8986,train,1167,1
1168,3241a1f4f9b1d0fe29167e265a5eb6882c344dfa34cc3021a3efccb7c34b8b28,1565ad2c2d4a4c20001eeb7b6cc87e6ee69444af9b9369f21901af79c3b11ce6,DeepMath-103K,5142,train,1168,1
1169,a53c14db5489d0cecb95076a68185cbf262936cda586556041a0e3cae8ed6101,29ffd225403b553b7a08733a9afba0e629672fcfc4f5418a25410a002d84f402,DeepMath-103K,29182,train,1169,1
1170,4a601c5de71fbeb6613e4f1d91db04b6ede9cc05e4fe1044960f1d1793275a2f,00cfe88faf97b35cacd82b46864b12c24d7bb002a8c2943494f37d0fdae1be30,DeepMath-103K,2155,train,1170,1
1171,454a4c72d054d31517e0d0221750cd4132a67af7075485b904ae949a301bf06e,cacba66345ba21ee6e661a3d620d0b242a0f5190a77c844f7f23f43d25c06104,DeepMath-103K,50869,train,1171,1
1172,c9be3dfca023f7df22b9feb23b9c52c331ffd19492887cd7d1ee6f8683fbdf73,b9673c96f30a6f91832a190f20cbb4f71a00d443d336c38dea622c9a9b73860b,DeepMath-103K,30618,train,1172,1
1173,23a4faa840abc50b9dff22cf46bec6c48e5774037410088b859ff695c84fe95b,646cdba2418671d3a3db19c4831f0a870382a29a82d1456a61e568602db623a6,DeepMath-103K,29711,train,1173,1
1174,583d9e4b23b24fd5997de72c7ceb43102f797f25997ee54534f6077c0332d4b6,1e25278a5743fe2bae285891a831bb43008053532a36fefd710899508bd3c748,DeepMath-103K,26659,train,1174,1
1175,e0f740de85da47989b558eecc8430763a692c74cb308a325a2c1f9ca7e3dc258,e5374d28c522f45aa201987dff082a836a4149e0fdf7ad4334e9d4e482f0e290,DeepMath-103K,31762,train,1175,1
1176,f8f3c14037c0a2c86ff5edcc67f40cb2667370acf2b8a7ca8bd97a1ad33651ca,27925dc13598536804b79e090a5e3d8a4138f356e6e202686793c72af32cfe16,DeepMath-103K,31703,train,1176,1
1177,1cd833a4adf772dbad54dfa5cc4cb81ebefbf8fc2579cd1de97f9638de6505ed,99d223f122b4a2574dc7121d4998c93562b78ea9c658d133835e20939908fafb,DeepMath-103K,1175,train,1177,1
1178,15c6b7ff0e9723b5cd17354e250f60f59a625ce074f9296bc6b27e05d3909a18,db6907f2a4ca9119ad18e8c53df2aae1899cc5cc966571b1276c5a2251ea8220,DeepMath-103K,48590,train,1178,1
1179,352f759d23d2d0a8a81ca82e14382dfc2d81457d2df949310339806d814d894f,cc7381d9a1d16cbfc35d6eff719a9f0f26aa3254dcbfe0c78d07c6dd45f04bf2,DeepMath-103K,43114,train,1179,1
1180,dcf8979e2acbcea2b93246f73c3a24a7862cbca7823c0ac4b9c7bdb0749b9f66,d9943c1f051e574e4e7dd67021f98382ae51b290ee185ea797ca2519d172497c,DeepMath-103K,21371,train,1180,1
1181,849d31b4572a87d5e9169111ef779adb9c2efb4979a0a7457c6137598bb6965f,8ac9e4a87cc9349d11dd3d9ca56efd8269333c507622d9811535916b6f240098,DeepMath-103K,51922,train,1181,1
1182,e5f6b4d02e1dd2047fdbb971b354b038522acdc72d9192971998c7d8592d6a78,871a5f42e7e0bbe98340a714faae6c3b1bb7dd8efd9943ebffc999308a6a6814,DeepMath-103K,17408,train,1182,1
1183,08a9301d52f212d2748de5d6e77e9484c0d8c02ca6da04e8b981f6bf558f4bcf,cc8214f6275fd86b74d9457769e92807bd792a98d8507087c17aef8dbbd55c1c,DeepMath-103K,25805,train,1183,1
1184,ce3cb2ad01b0c28c256f675238b683c6d96c1ea8af0388f2fa90e70bb90c271e,38e825437bc087924a200e908bd3bb31003ccc4d1ab505867c7155648ae8bbc2,DeepMath-103K,41747,train,1184,1
1185,e5414e74b6ef35205f8677a70e3ae75e60fd935121fef282b4b888f8e2f6c13b,bb74f0f0f592bde43c00669073b496b3eb8ab9b675b59808f6a7da4cfb2c4568,DeepMath-103K,19094,train,1185,1
1186,e6ad3b9574ec47b96a7a715dd5bcceab9a9df2541d2910f38f58e8373673cff1,54fcb088a8e7233b8100a0ae2a7ce414c6aef338374297e64d277ed4b3805f21,DeepMath-103K,23702,train,1186,1
1187,a263588489e17da9ed8133bec6338140a38c5c2ccbb85052e2b0f4852163a351,71fcc3883d61f8c99aed9692d783111453bbe7d33bcfbd2ef4280bbed979bbdf,DeepMath-103K,36628,train,1187,1
1188,653ce919a4ede6b7765525d9983818ddd012fe6df590978f83cc4db107269727,ce43f6582c24297714ff398540fe81ca762cd216d8075793ce97e3d6bfd1b8b2,DeepMath-103K,52866,train,1188,1
1189,fe4832fe73cb939e1325296e0fe0cb04b9d608c63c037ac4f4f42586e14975aa,1912e2f1aa7084fe0b6493c0e35ad0b4521511e12fae7ecafce86a6073844979,DeepMath-103K,37153,train,1189,1
1190,432b97603e5efa7edac2f35ea1c52807547a0a87a4ee3b7f4899948afc2855a1,3f6d6e973591b4752ca84abeba09d7f16d1ed6c0c82a28e7a8ec2fd9ab44f132,DeepMath-103K,28171,train,1190,1
1191,1187464d55a412b9a3e0a312a2223951651a48772655ac5022be8be8b266fed2,1ff24140d7f3c4314aa23d239e6ca500d34a842db57e27085913ddf5ad5dba4b,DeepMath-103K,37163,train,1191,1
1192,3a825025480bdf9a86f182edc23ebd133145cb4e3064239d7af7a5c85eb4e473,900b7cfaa7b72b882d20f99b1e1446c8a299b59e882ca55872463ffa018e164b,DeepMath-103K,46827,train,1192,1
1193,dd725af8a5f06065eeee5a83235c12a9e0cfcd0cb0fb4c9250b3529079c24275,2f6b4ee6b3d4e5f2860340fc4e2ca5bb74107201039165faa942837fc791f74e,DeepMath-103K,56903,train,1193,1
1194,9dc6a1e71a528a404983296f20f95bb77204db54140290c8fc9e9176e48ff155,4183f73cb1476f3dbebb958981ece5a2210926be8a322dcb07cf1181dc1ad87f,DeepMath-103K,35094,train,1194,1
1195,6c13f73fdccaee8d668c67d41ec0f1d8a7f0c92d2c52729b585e5bb47f2d66ee,2af291f4dd0b3839351fd7d1773fd96c1ef13ecdce65e43afccd4d79a5a541c9,DeepMath-103K,30030,train,1195,1
1196,ffbef1f727b6a651f81ba7ac7474c10dc40efe80a89ed21e69106436d043f2ac,96c355182b4d05de13f6ba9da57e1e51f58e2f36b6012a10cd86b66b81247725,DeepMath-103K,7233,train,1196,1
1197,905fba769888bd403aca73588a06d3118b4f3d862675b76d70390da9468c5dfe,fc1f48afeea7617f63c3d536559f2cbcc3c05a0d29f641e93c5562e37a0badfa,DeepMath-103K,32048,train,1197,1
1198,d27d279449a4867a977c6c73a1102f000ec56bab517d20eecd5909dc172f334b,cdb83ea5c8d8567b2a1315598cb6ef6b96e7215188b2e4f724f60752f9ce3b89,DeepMath-103K,41179,train,1198,1
1199,8fbb92d50a4043fb3777e70183cf8756ca6c8aba5534035e809f27b941c20cee,5c2c6e6018a1b9b284288afb5a62d8302aa1676b4239c037aa5148a2a28d77ce,DeepMath-103K,19881,train,1199,1
1200,ff4ad3533ed6fbe67a680247a60cc63a46e6140c51a496465bc7eef8f3d3cbcd,aff010b6e0e32fbf2949a043fd3b07ab2766b1be946c11acd54e405e0767d1b3,DeepMath-103K,30050,train,1200,1
1201,f1e28571a1b1602c415d5bd2c2d6e5db81930b208f12eff559dfce7ce3197049,dde6a5dfc8df752c2e666bf9f8dc665158688b487149ff9b8c145a5d0dce9bc9,DeepMath-103K,39825,train,1201,1
1202,f9b555ba689af1b51f4fd21c3923b8d5865ec1c88e4a498bd24e06a9206b8bff,ada7746e172275a6593998ab3a2b8f6a2d75b8f603e455861b1cec228a00c89b,DeepMath-103K,6462,train,1202,1
1203,b6410794ebe4d8d501deed3ae3c650c067543d3e992dd0de91d212ab35e6e37d,ab3d33154ec24fd53634bbec8fd8788452c5ccce64dfc65d5d95569896aabb10,DeepMath-103K,8012,train,1203,1
1204,df70dbc39d9425c06f27dd131129da03731e9bf4971a20b6c2455b68a652ddc9,14162106634d3bd58d458e7d3e52240d7612c44bdc20c74bd32e0b6ac2653411,DeepMath-103K,48754,train,1204,1
1205,ed9916573e678976e914fd9daf8d6e6d1b8fff6830ff74793e28c8075ac61707,d1e9f33807532dde796a205b3ece40fd3911c80de5a7e23290878ee5f354791f,DeepMath-103K,3707,train,1205,1
1206,a0d8cf24caa6a1f945ed66300f5cbd56edbcee54a34eaafe58706d20adb189a5,632e33846b2ba6d24537089532388a2d6237461ed4928acb7b92ccc2b1b70b6c,DeepMath-103K,9937,train,1206,1
1207,5bef22a1f486730badd3a301bda1da1b89667ec0c0e2925a7321ff1b4c11ef08,a24e741d5ca532650678a6a9cc7a71bfed9f4308f56c526c2cc1a68bed382dd9,DeepMath-103K,34253,train,1207,1
1208,018a170e3b243eb9efb63f70574a6fa01b59275205a140ff2b83035f5f482508,172cb4a8b9683a5195b18b5187564c71fdcbd7d103aee64c83915320c7890830,DeepMath-103K,35110,train,1208,1
1209,e07127b9a80d732ee5c08ca19cfc24c2a4360ba03de504ea45392d4b855b92b2,71b484a4a75a6331fee7918fb5eb55ecd3caba051418e1a597928b566f93492a,DeepMath-103K,2431,train,1209,1
1210,75fdc3506f841e003d3392c6a332c620bd4af9626704d7e8ed96fd87d46ab76c,ee35530c4912b7a0675bc0e4bc4d81f89ac873d4eaf7f9e1f6ad591657fa851d,DeepMath-103K,32984,train,1210,1
1211,58bc5a416e1634e081c97fd74184995d78e38ddab613a6c3833fbdaa4e1a5a8b,805e011238217d6f6602a22e007d4295fb1924407b2203501773d8bb53b6da7c,DeepMath-103K,25981,train,1211,1
1212,f1a559e7d0a04be6182b55016b13b20f78664b3272c4a10b6c9e00a38ba5d62a,b7a1eecbab19a46a3e0bb75b356688d30ac70c38e3f675ce0457a10484c0cdd5,DeepMath-103K,5190,train,1212,1
1213,d3443c52e5b076ea5656915e888155676274f268d1f3c74a1e19b2cc10dc1727,0c46b5fb08af578d6605bc013218302c43cf777859f3875cc03c1987ba1ba5c0,DeepMath-103K,13273,train,1213,1
1214,f016cb947b3d5ef8608ceb299db84b26a3b93592e831b7713022cbebac45fcf1,676f55d6fafbc345d759ff3d3e9f28b455bfb24341eb526787129808e189b291,DeepMath-103K,28430,train,1214,1
1215,d624d4f946e218f065b1b7b5204d432a4aa4199eb72f945b93509d7c968fed40,d102665f52c598dc12c741387228cdd0e7bb5b23460ae105ec03a25a7d2cbe9c,DeepMath-103K,53197,train,1215,1
1216,642ff6fe04c6fb9a77b9a7b9394007b9e8c92dd68e4b851f58235c41dd9ae2c4,b69517fee23366e59208e70d578f6fac5a885433ef12c59ad62598435884577f,DeepMath-103K,1345,train,1216,1
1217,2cac43324361de202e3992729f265190fc0ef03d2cbb94a668fd62d3a884808c,2c7a899a32d39ba92d0510eddcd67c4fa1f619b031fb3cdb34567ab30074d507,DeepMath-103K,53213,train,1217,1
1218,86e638b8f4d2eafa9ef886ed916f0d39ffa218255cf11224e97e44d4bd561ff0,e1504378b90558449cfbf80836f4e8f4821de80c6eb77a4a243fb4f824dc682b,DeepMath-103K,28458,train,1218,1
1219,6ffeb227e2ae674db3dae7179c68fc48347e1e2ce0892a9197a9fa551e3f668c,0888f12ba5ff2ad93c65b19d0fdeb92fab93d5323f1200376eb254ac32d195bb,DeepMath-103K,11628,train,1219,1
1220,db4e17e88ae57fbf6a93ba702f6793f220420ddc741173c10cc5679022b79b74,783a6cef52f11f94d16204aa6220f15de120cfa25459fce1d53cd01de70faf8e,DeepMath-103K,3609,train,1220,1
1221,f0d918d39e06ffaffc4fc53ca097bffb55e413cf867f83cc89531e2a6345cdb5,130a7aadd8e81bfb4f72dd75f9aa032242970f293be1545f688730d2b7202598,DeepMath-103K,15284,train,1221,1
1222,f84a36ebc2810b8c2b907a1e4fe90e9729f384e130da498ead4e06dca0ed0ecb,27301360232418fe148b6f93b08b645168f9490b829d7dfb79f86f66c8e0034f,DeepMath-103K,1983,train,1222,1
1223,4dc4447c43bcc530aecfa34774cf4af186d9dd0f102ed671842f3e0c35c8e105,ebf91832df1ba0e9661c88b2a85ef1866da76036d57806b7f8d1773f0d8768c0,DeepMath-103K,14850,train,1223,1
1224,9b62927524e2221ce8c3272fa1b2edc0eaff3416d7ec876ac61fbb17eaa8458b,3292ebac4c5d9e0d0ba4b736453e13c818cc5fe9f8547800472a9b24fb63d163,DeepMath-103K,45031,train,1224,1
1225,82e56b25b5aced993f260773e8cb31c354ca1db709854fdae18c72d9fdf718d5,ba1ae616d0278c2034c8ffd99a00cf1c4beea26e34abad7e1b319a552a23dfc9,DeepMath-103K,30528,train,1225,1
1226,137aa8807b7ef68b34631997ddcb4d5637c9d7dc36378bfc84d51cd33d6a0e5f,2e7cd66c51235c3da40c5391ef88ba4265df63e3188936c4eb272e2085f33fe6,DeepMath-103K,20977,train,1226,1
1227,a583069327faa0b7b4e7f03b58a00cfe6b4bdbed0f2f199e68c3c27493e29564,5056fd55f166ec9cf115760be2086afc622e26af7c47a59593ec17786f447ce4,DeepMath-103K,29308,train,1227,1
1228,78b37ff27f95232ce5ea49d8fca4b4fc382b9f37208e4bafc6d486fd1d99655e,232f1b370c2de261b3a37e24ee2ab363f4cdcb56bc4dba303c858504728d1dfc,DeepMath-103K,53348,train,1228,1
1229,2490f2933663bbd51e4341efa0f73facf891b3c7089f0bd02e316f3c2225ce8b,957c01cc86dded1cbc8c66e174f550fd48399e4bfc7ba49477ac161c93e63d93,DeepMath-103K,18247,train,1229,1
1230,331ec6a5b2589db320a6354b26d68f2d088d40b883766ddf2dc924942046d353,57aa7231c4e74c6bc04437e5dcf452c25d728a7e6aa8e445ef731c41a547d07a,DeepMath-103K,38722,train,1230,1
1231,03ab3f23c7084f4272eff08a83237b159789ce21808446aca9f98442b86de5b4,8262ddf17dac8c8d51e356effacc5ba294b231b4efb08bc49934f3ed331c2e25,DeepMath-103K,35087,train,1231,1
1232,ab4345aa2c6e7f2ec701367c2abb5e0390fe65c597df295a17c37ee34ee0b6ed,82a513b6a92ea1f883feb38a1b526dbdd3033520102f12120b6bc981e2d861d2,DeepMath-103K,26746,train,1232,1
1233,7d50de7de4b76cb1c1e184d62edcc3988e72bd0846965b3785f76f35e6eb1777,3070742d8b213d5e4656e73d0527d24d8e1f789aba240601a3bb9446bf22c20d,DeepMath-103K,39529,train,1233,1
1234,311699ca01884463946835f963084a359dc9099b6748edcd5d9eda99f1a6638a,ee1041028ddd59fe3a79cc4a94380a9b3cbc95d6067d809aecb756c99000d155,DeepMath-103K,53337,train,1234,1
1235,08d283ebe84d909dbe21ada32b51f8e8e75a610a65560aecb97fab64c38251a1,b594db61902d4d095c05d16f87d850d5e71868b2060c7685786755101f767775,DeepMath-103K,8229,train,1235,1
1236,32a1c2a33c68431ce7809ab17aa2680b2a47345ad353fc5169d0c6f5ba860890,c5212e527d36ea326620c0a89b6625545b414331f93fe23ba6e78c5443943716,DeepMath-103K,40164,train,1236,1
1237,4326058a21a914c3ebf43c455a6fbb55d859bec295d7f62f12b464b8840b41b2,3e6c301eb9c9967d4cb0d65ddee5a3968e18aaf6b37ec3b9e6b7fb5d09c0dc59,DeepMath-103K,13332,train,1237,1
1238,770616ec3e90d0e4b2e148be43ad582ebd905320f12893519b12a363718c7e11,62969b5fe98285925104b5572e6f9f1e774f080268beb2bc282898acd08fa0df,DeepMath-103K,2115,train,1238,1
1239,f529385bd8414a45e9671e32f2061f4f4f5876e79b4dc4f2c10122ed663bbad1,d049d2668b4b0a0a0fad7ea4d3661120a45129eb2358bc2319177a04cbe2c7e3,DeepMath-103K,41851,train,1239,1
1240,7aac4126288355aacebe48f3378c7402f604da1ee1a8711c18fe460c010387af,42711e60652ce6db0bd5da4157210055068165da1307358444bd169916692ebd,DeepMath-103K,48258,train,1240,1
1241,d47cdc4dd1d6bc73c304b01382028873edfb84a53c8052dbee83eea3a594b144,d3b7b3bd3a868032164d7d7e208c8740bb2982448bfa5a76c1298e7b9bc0d00c,DeepMath-103K,35325,train,1241,1
1242,9089cb040fe2a6711f4eab827180a9080d228831ae4f45437992ab140d9be3eb,4d1e2b8b8daf7f66d48ed786fe788e52081a2d1b200bbcd808362a1b24e00aa6,DeepMath-103K,33587,train,1242,1
1243,e0e8efac05a5b24a43da21f67f9f24776612c8f44493f5199964e68b601eac2d,653340c487a39bc7f09b1525ebb29602c866e11c2fb73c10bc203a0d229fc8e5,DeepMath-103K,8668,train,1243,1
1244,75d199486040d3234584e8c661a41395b7c70b6bf6389c8f2cbd50dd28f4fcd2,77920c931152cea4ba645fd3e834ebdb017e9bece359da8904ed755bf4ac49eb,DeepMath-103K,30574,train,1244,1
1245,af426379e709633b33b3d019665a647d86cb5ab01bc0172dbe002c4c5ec84814,1c0af4a64b8dfb3eabc7f68fead30951e959fb72e0c2c21ebcaf82c42ca17997,DeepMath-103K,29522,train,1245,1
1246,d36cc86eb426f24109097d1783a4fe35f8b22dc1cf3727aafb68e4487e3fe5bf,c6824ad8b551ef4fc25a8ca7ece84a45d0b525af851c7ccafcf903f9b00ab18d,DeepMath-103K,50156,train,1246,1
1247,5e5390d09e66d4f7d4fc73ea8a3b18c22407c058eb0542777ffc44f748ee4814,a31ece8cd2b7ed4dcacfcff7ef0fb5a0e23531e65b305097aa3535518b2f6446,DeepMath-103K,6060,train,1247,1
1248,d7ad259a970d1f0340c603a8d60ca042a8c8f4ec3ec276858962b50c972c36f4,74331e5a20f221125c4e2558b5caf8f6e74adf74e5299985abdba7f57e3a2a4c,DeepMath-103K,4211,train,1248,1
1249,f788bd7c74dcc6807c6d5b34b952110c39dc9d9d5cb34d00dc17a607c91a59e9,71d35745f9b418cf2d1829137c58e8446a866f99aff062fab3c16176b2f2e09c,DeepMath-103K,42252,train,1249,1
1250,6827a8e7225289a67eeca80f376bb5c5f16a40f5851e419a182ade80000632f8,a1aa5cb56befb7662252f84690a4bb73721c5e41d6a9fe8fe710fbb3cffffcec,DeepMath-103K,15357,train,1250,1
1251,9b13eec81b8e97b3b8bf4562824f3040e8bc390cd7f63829c28373659c5a4173,e74c31faba60dc1ca506afe5afa2f178e1fb3f686eec9bce1b2d7da928c08fa0,DeepMath-103K,27197,train,1251,1
1252,489b54fddb5971ce62648222b8a412713639e4d7e56a648859e384c40a425b02,a7dc9950bb3e40a84856d9846abb8d2d5fc9fe49180a30ee525dfc3eb4c4b930,DeepMath-103K,9383,train,1252,1
1253,9b3764b576421618392e8e923b100d5350d6504ef160897bf1f25bb921eafd6c,c1d58a72a2e34b82dee4df1de787be8c411e04e97aec0d94136158bbf0b28369,DeepMath-103K,6693,train,1253,1
1254,6c7db9758f438ff7c1c2c120a52e6621e93082fa9f06204be4cfd582603526db,86b061242e532aa020c45f6a516fed067ac7a35d14d166b9b878b7da8550d359,DeepMath-103K,16074,train,1254,1
1255,9fe7765610829bdd71eed3f6c61655824443c3f08a86b10108f1e29be161aa61,62b8d8adb20d5eab2bf081cc672f59b3ab82521a5492224be4325f43cb6a7b23,DeepMath-103K,39212,train,1255,1
1256,9bb47a13c6c97bd3c011f22fac12346cb91840b855704a56ba1cf7ba1df40f7b,53bb48f61b7fc3b19225baf7df47d691633dc8b6fe500102918d263a3c42a1ab,DeepMath-103K,7910,train,1256,1
1257,e827f99f9fb06156de10e2078dda8acba61ece28d2d7ffbc9386d4cebffc8103,af24e8666bc0ab73471c5d7ca5b0eabce943accdaf9534451356745577eb62b3,DeepMath-103K,22729,train,1257,1
1258,849188d037b6ab4b533a38a582ee249e4b0818a22b23d7ce4c721648407278a0,46d63f73d4c926465eae7320cfecdb09e206821441f1a1144e1d3d04b43b8d26,DeepMath-103K,23730,train,1258,1
1259,191fe06f99131392f9a635380dc61c3b69b1208b877fa7feb9616da27bfd3d94,ff77420f32c947304a563268147052e42ad2aabc31bb86ad3495c5319c8ca5f7,DeepMath-103K,20915,train,1259,1
1260,067223a80fbcb26c741594cf8cdbc6caeeaefc2d78674fc635800b42c461d724,77a879f64a8173a3570847c336a216b7cba0ea8cc5ece60b803b4c6461a806e5,DeepMath-103K,5071,train,1260,1
1261,e41bedb10cb8c936deb224bace4422df630ec2f8d2e366d92567dd3c9858a998,d7d021711854cde50e41b47b34637ad95b870976fef208e0b0e191e77055189c,DeepMath-103K,46179,train,1261,1
1262,b584ef08f1e758b1ed3e2a0032d6af31f15401aa6ab1e6b5f16866b196dd628d,b7f6dd3013751682099cbba906eb1e6b013182d2a6e2ac3deac436fc9df56157,DeepMath-103K,29557,train,1262,1
1263,cb1e024fed0c63690307fd78f1ae6ea51d9dccc8668ff2fbcac63fc8826a241c,2ea136ef9b7d1b8610df16666240144367ff2f5e50c232ccdfd80d114fa52a1f,DeepMath-103K,40140,train,1263,1
1264,283ed10415ce867276f74fb2f2e959e3bf59e8b515ca25ec5f4d59a396b20e04,bee9b3a43df6b55306af528c99c5acc3931608f0046c50d2770278c9fab6af43,DeepMath-103K,36326,train,1264,1
1265,1ad6e4a9a4b6b39b0d3f59a2a388b80dd317f5243d72bc71e1db653ff9153571,0c54114f7ee50cb5d2d6ecb9279ddc230658aba42a87119fe8fa73e3188df045,DeepMath-103K,50469,train,1265,1
1266,fa65a69fe235e443ab9bca3f22eec97c6c8020f7b53bb60de8c396e64da7d117,5e5f66593ae89a34d11f1727434cbc875188d7e46dad264f08c7eb72985039fe,DeepMath-103K,51281,train,1266,1
1267,e9c8ec82e165fb956a79ec90608ea7dbd40846567a691b8616f2008b84bb0f37,acc3cec843392c8ae9d1d63fcf735ea040ab7b227ad2cebf14ae7406f73a5c58,DeepMath-103K,559,train,1267,1
1268,64ef98d9ec9a28608d307680152adea09c6d19ae94da267da39e1dc5313d5dac,c532971f80be0f8486ae97653cac40d5711f6e43e133a62c373b22ddc08e26c8,DeepMath-103K,27251,train,1268,1
1269,3162733d978919511a7372cfc47b0fe3692d7f26f68e380da788c3f572b37fe5,fc9ff8d0fd7d31e0335a105923f544196b3933993237e8a9d619e2f3b269ecca,DeepMath-103K,46374,train,1269,1
1270,d6eb5bf6b293ce8495591aad357bdb0fb37b42d4f3cfe2f604b811d53b43c895,88552df578dfe6138da01739d120bd07683e0ffa59f0fd22fc741bcba67192c2,DeepMath-103K,25963,train,1270,1
1271,7b91c0ed7c7b9f80a4ee124e09b74cd6e06cb7905f51ed170c8aa509b1b9e580,f3f05fac8273c124ffa0dc99275a5bb03f4234b9a98041d443c816b08b3cdd18,DeepMath-103K,51745,train,1271,1
1272,ce2f3c73fed96c398a9a0d32f49198750a7fe24b6e1230e3503b9c31d84ed2fa,dd9ecddd6586d845af6784afb6bbc5b74212bd45a77ad03b989bd64aa9d668fc,DeepMath-103K,10679,train,1272,1
1273,b5f1e2146d45e0a54a0c1f03f24ecf9e8658221d8e18083a12de5f2024d2b2f7,a9da14e31a1aaa604daf0630bc12e5ee033da3d6e94e5a44a1e1ae5919bdfb75,DeepMath-103K,22454,train,1273,1
1274,3182d93fd7c85ffbe9af28a253fc24c2a4b78ff70fae8080a60bcd91810eb479,b5daafb2aa1d4379fec73f5de2c91ec06f38d1e921c3eb412c5f68b7ed0c13ec,DeepMath-103K,34838,train,1274,1
1275,7eefbad61c208babe033b7ff0cf81d6b4e5d346e187ec5479099c877aadf2276,7c345ffc30f1f07a671530284f60285aa957f61933edf4d50673fa3297b52466,DeepMath-103K,7532,train,1275,1
1276,66f232b04e0bc58807d08a6e4a8e54e83498d19cb6cac5dc48ff73a931f0c8a1,6eab8599148170ecd7d86fef964be72d13e0ad2479855bc6f62fffe4e201c4ec,DeepMath-103K,31032,train,1276,1
1277,c17f18b743b7e331739ab28c90f1fb0f1ab1e6c8c187dccaf56c82d5c11f0d88,8a8998ea20ab10d39372e572f6aa8c30bb946126e534cf5ae7ca1c89acfe0990,DeepMath-103K,37373,train,1277,1
1278,dd5de19eb9942fcca876273fac6235d0bc6040d81657856d53fc30f5e3007dfd,97847abe2a7dc8989cbf013a8f6b1ca3ae7f2e0388038438021aae93ef2f269f,DeepMath-103K,37448,train,1278,1
1279,4d2462fb863e5edfe5e9570c9f04dd27a564c2a1c9040cbbb5cb7dec40bea499,22d52ead0d49be7707ad462c562ea54b3f10c261d74dfcb28bea2583d8bffeae,DeepMath-103K,1489,train,1279,1
1280,cf6fd7176f33074c39e5d66c7373fd071462a4db3530293972cca91e3aa832ea,423bcb983d817de0c450f61618c24111d7b7de36e0c5459f595185bd9f70424c,DeepMath-103K,42901,train,1280,1
1281,393a22eb8428dde6cf57d22c9d8d5688a3d91fe8cc8db2794c89bc6cd2d3af30,6c5eb193183d33775e70ec74f98c9d3635444e7725aad6f059e8a0953ff07100,DeepMath-103K,25170,train,1281,1
1282,2ab1f509f034dcc8175ab11a34147c44b01ff05b1775d98ee404e68546501fb8,124b54ad7d339cf631a45cc09d6bc5cb583a977fa153058aaf98ca0115d9c09c,DeepMath-103K,18809,train,1282,1
1283,6631227362516aa3061f688e10e3d2d91a19f2cc46f1376a5cf19a08fe97f926,9c1da2ef86ea3d481292bf3190a19d7ef34d98bf3a72ab31b40876db00457853,DeepMath-103K,24048,train,1283,1
1284,88fe35d409b494f3ce92d2287813aedc426cb5bf9fcabebd69748f0580922ebf,1e2cd1b1394cfb5f82365d82c7c19ccf95b90dfe6e044b5499e89fe72d50d6af,DeepMath-103K,8264,train,1284,1
1285,19e4193e17c2db878d894670a6218e70481c1ae71978cbd0076c4d5be5d12200,7c83b09922d936e0f507d4c5ae42d9abc621c936010b79b75a645fa2c68b2cfb,DeepMath-103K,50411,train,1285,1
1286,8fee3b947cb4ac16f92dbee614a9da3148d1f2579fd8ae76f8637ae32b68be7e,69e33177f1543465a90917ed521c1b52b293c2e94027fc105045464f7073a990,DeepMath-103K,40880,train,1286,1
1287,e9747dc7e6a81145f2c8562d8e445378ffe2e0e1a8b90dce05972da268d07b26,bf3d40dff42fac347f8d9a2ee5d68c6cd63c585dda88286da8db92f46eef2632,DeepMath-103K,25130,train,1287,1
1288,275569cee4906e9a8415ee6411ea1ad38b5c143042da7c1dccc73aff7f1fa016,7c41a402c34b0f9287774caa00d9c81bdcddcaca0be743596fe900ded1a2037a,DeepMath-103K,38856,train,1288,1
1289,a2bc6f4804b848ff7d487ac077bd9a645b11c68e4de10ddb61f8ad52a160758a,21c1baa15910a85538dbeca89a8eca2fc997ddb8b71b5ad0b1e1931a94d6d4fb,DeepMath-103K,38444,train,1289,1
1290,20c386a3965e20240945216124b1c113a5de2b0032dec8e39564985d25fdb9b2,233963723da49fe063c3f9067fc506a56ce647f605daefb64a200e551983bba1,DeepMath-103K,772,train,1290,1
1291,454c673b2d87261f06aa6369216b9eda284e23ede2701f2387e9449ad0566e10,4e2bba469e01546ee9272f0630aecf1691b3069299d4de0f8348cbf9de4ad99e,DeepMath-103K,41356,train,1291,1
1292,49e10daf163b29f9a55eef92bf307f61548261d30c4c7fc0ef5863de7dc708f9,e0ee5afed910baddc21608b6024bcbab3202526f253a2bd8da3884419ca7658d,DeepMath-103K,16295,train,1292,1
1293,62a91cbfe8e918725415633ef96e9158ab6b2d4da3150116f312722a2d34db1d,520fe58b723fa7fd2f2b84268312b78a29e637e97a8e0bcc9c1b29b32c21851d,DeepMath-103K,35165,train,1293,1
1294,184ecbe334c3ca2c4123f19b649743e0478214c17c2c1e9123fb1f64b8b9ae6b,8a15e0875a25b9030b6ff3b028e3bcadb5e2cf3d0bdc010c2f884479143bbb1b,DeepMath-103K,2101,train,1294,1
1295,bc590e1087560245e7a95c499b833471cf3595842fb7b69c78b64bce545ee7ca,3529b7fbca4a0b1d238c20dba0364a104839d1e0a8bf478b978c992990f8521f,DeepMath-103K,44197,train,1295,1
1296,cf4b4505bd664d9b8493c715d66d4ab7cf73025f5f323673798b9874c0e9f081,6958768a60948c31ce8370247efcf3f917eeb656d350c4bd1f244357395fb837,DeepMath-103K,5085,train,1296,1
1297,c204e4bfb5f3f65eb9ab539372b3ccd977f49d648e9bf6f093425d3d197fc67c,290f588f75afeb8a4b9cb8d93bf653354a84171b0cf8d8fbe4dc4c2634528caa,DeepMath-103K,51083,train,1297,1
1298,4a702a91f685b9edcd4b2bafbc8e1a48508db01d770853cb6da8a6dece4dd271,81307bb9b0ac12dcb8056e770ae2d617326374b931c765b06ef43009529e1548,DeepMath-103K,54549,train,1298,1
1299,5d4f17b63bc2023d3d50fcdaaa098664ae94035530055f8e96ee1be18631166d,7471640097f2b22ad704117eaf425e37b7ceb1f4c015a7270be4dbb7f18349d1,DeepMath-103K,18639,train,1299,1
1300,2e131f8cb606763a1a7c2cfb69b69f3d6255b8fd92753ddfb70f7fad0f12170c,adccf47b40a1412e4360944073edbde2d77d6b268a48ff0ffad9afaa9a6181c4,DeepMath-103K,9977,train,1300,1
1301,5a84763d96fdea83182034da587eaef7339b435a33208f0d08bef60690287067,81a50cc87f04d9d17383fa129df1804b1c14384320ec83c9fc78b71698d7a4b5,DeepMath-103K,22560,train,1301,1
1302,a926514d83c08991dad9885605fc98630d9b2c8b25237657ff2c226aaf064a48,8ddb41aa8fefee9df13b85b107b557cd357e02d9398efe2a56fd64032bc81f9e,DeepMath-103K,26611,train,1302,1
1303,347dabb504889cd241ce999b4eb82c7a99e204f072aee2ea6bfce7ae431b728a,250cf0153c9b925fea21d80080d2fc4aeed8d7f7e4ad566fa221dfce2a6a49d1,DeepMath-103K,2863,train,1303,1
1304,681651c9ce9048a64feb1d05d02320e3fc18fdaa8e50fff0dd28835451e5769c,650ff0ec87e647dce8e0c51a89a6fe375e7dff51fb5b0b115a5f8f25583f3344,DeepMath-103K,3732,train,1304,1
1305,10c48bc97d6237e792f218334d6dbb0bb41a7ea4b8608ebb9103194f6f4d0156,12f8f333ef3e78d561560b33f94fffe78c81be600fc6581146d2971c88db03b4,DeepMath-103K,23124,train,1305,1
1306,9b117fef101bb460370e58a4cd7e35d87fc89f59a03af63dac666ae02b96121b,c4c636cde36ecf5b7d0a43d7b00b1a0e27ea9a65529364a695f08112f5f00674,DeepMath-103K,47607,train,1306,1
1307,77f7da938806a3984b332e3b2b176d128cb41c55204282e5a6f8fc28ac8b3dfb,fd5fe4c5ae99c3e179ca93f94f88f47ef8ef801bcd7864f6200f5217250469a4,DeepMath-103K,41808,train,1307,1
1308,adf856da9ac043ac1112d41ea26544690d7a730d1e1ef07ca1326fe69d6248dd,50b4078aa2c9e352306afe724c1f2991acb63913d7be402f54bb2a077dc95567,DeepMath-103K,47737,train,1308,1
1309,2f1516d70a4fdaab8c4068df9474516dd62aa8da48c387fb5f5333da4177bcfd,2385139d3422e8a509885f5d6fd7d6ffa58b1309f290990137074c7c583e3c2e,DeepMath-103K,43985,train,1309,1
1310,cfdbc3c1f8ecafc5d06190b291e7be6b15e39c0ce218ac00ea31f7d6febb1fee,f89ef8706d6316d2bfd78905928884463223d0af72b7f8e6960fb7854bc71e00,DeepMath-103K,11514,train,1310,1
1311,4b3150311a270c4f47409b298815350337ed360b5ac88d999f60a169d831da37,118e9696964ed15db5b00955c178b6ced4467089ab841e36c744654356a2ad58,DeepMath-103K,36769,train,1311,1
1312,3fb9da12f06d7da58aaf59cbb9a8e22e285c4645eb93e1ace8ab727f8c6a84fe,f7924481b125bf0c1abe12f992acbb74ac58431da0603230aa569da219b5f0d6,DeepMath-103K,54985,train,1312,1
1313,ac10a45fe23622bdc61ac934d7eb7e4af35d8c270f35b0662b83db19b98917e7,88e9115d66080e3f98acf3d2d3f291c12f48761dfdc77ca947cc0f9f25018628,DeepMath-103K,20220,train,1313,1
1314,c75db84c955849cff5343bd03dab5c78d832fa706aa1e9df8010ed19dfd6e023,8a201513261f78e856d858f4f7327a5a8aed45f1ff0be7121baee671bb5289ad,DeepMath-103K,13904,train,1314,1
1315,d1d79bb8f50321f76ec9b4f290f0a7dd5dd1c515cd462b2b491ef1f57166411b,a3aa15537a2f3e29f73ff668ae91118a638a1e6b28a5a21fff893a65102fb878,DeepMath-103K,10766,train,1315,1
1316,4f8345ee4ca3a78a67e9acfc14d6390cb41280af53c76e5336bbf4c6e4d5e8fa,9fe703a57d7d7eddd96279bb4b7f41694ebd46f19ff537570558c81892b1f124,DeepMath-103K,48806,train,1316,1
1317,0c586daa43d709111df8c1976047c124eaf06ac7173dd801bdadec3fff771fa9,af0452191367c052d4828c68762dfe192c99377cb36079a22b33a6727a167410,DeepMath-103K,23932,train,1317,1
1318,a93c14a819eaccb232c6f4afe1078b8a14e8faf3728d65ca69a786fd874b3204,76716afeb0349b0d443e32140dc200e2dc8c90bf67f6b6cc6535d9caa46bcce3,DeepMath-103K,54208,train,1318,1
1319,990b3fe6e1d73bb0dbc86e857f1db97cd6129ca34471715c2f1ea65f78e0fb1c,bbda9aeec897ce46b12b5a553f7aa3ef98b59dd4b5a6457d341cd29cd76673b9,DeepMath-103K,15895,train,1319,1
1320,8f03d75dd6d9d47e0b682247f70179173fd042a1b3bb6ddf26273f2eecca0317,810b7cb601fb16b6d876e2e103bd18712506534035853daa35947d4ba5a61f61,DeepMath-103K,27272,train,1320,1
1321,01bc9c6171315e0418ddf8869b30e1350e5d754e196fcb1fabe770c716f0188c,81171bd9da134c6e501c46d820ff7a3ff63a46ba76e425116f8420a049f8def6,DeepMath-103K,22329,train,1321,1
1322,00604d7cfbeeae37fed6b1f6a170bb30efa47039e232fa24321b5ec7ba2febf3,514087597d733b76dde075b0b964675664acfca2328e298c1ac29856de8eab2d,DeepMath-103K,31700,train,1322,1
1323,b6e729790e28be7678efca782b383d7765b016dca7e73509a012cefb654a4ee8,cf04876323e334ddfaca2eed5e54bb3614ae63bf612262ed262eec8b4c4fcf09,DeepMath-103K,52946,train,1323,1
1324,a1a2b805d05d3ccb9c735ee5b13918a3f3b70016fd37534c6087ea71768a379e,5841bd58508b85854f4b75509ecab5d10b62f2c39130c46442559a368aa5318b,DeepMath-103K,19008,train,1324,1
1325,4b46ca837f589ec9b712550f0e15128d83f484d3d1af88ac6f34340956c63557,60ec38c661688d825199c4bf8cb858537f6eedde07d353201fe14acdc3169d57,DeepMath-103K,16089,train,1325,1
1326,e7b9622d14f150af4a590707563003c4ea02154380ff814cc5810f555108edf4,096188205c65c66d9be9a556425509db0ded57d4ed5740e82bedd871f50dc644,DeepMath-103K,3661,train,1326,1
1327,66ff29b495fa37715bccf9f11d647400886ece621997e0439b9c984eb02a4e49,a13661f6e9965dedff0163a349c45202860c84cd6b77c7bc316ee86a6aa8e9ad,DeepMath-103K,5136,train,1327,1
1328,e7b8e80426dc7980782102c56bb2d40103b5f68d59c12e12c675da6b6b631de2,1bc44321e8e70205e701dd7260d690ad5d21e58d01f37645919c57805958f6e9,DeepMath-103K,300,train,1328,1
1329,aa6fdaa24fa5d2b361b79ee4110dfa44a42f74ee883dcfb735ec3f926b85caa7,3c4e22457ddb202d1b487c6d2f84246fd310ed595f3c15dc95e081541f047c02,DeepMath-103K,28723,train,1329,1
1330,76369988639c9d5e3984f6ca1a228b5c1dd6bb74d8d7a36e4749eada7afd4449,c29e39e385fab5c8c944810aca22c20c450ca0956dc6768f7f85277a91734351,DeepMath-103K,13882,train,1330,1
1331,4d790b4bcbe4440584bbbe64915606baad83e5741144dfb65d72fd5491b79b0e,1910dbec87db227e0764547613e103cbad609290cca099037c8abd2d77257d8d,DeepMath-103K,1691,train,1331,1
1332,970850b6c21f47f055fa1fbac617ba1cd91b5bcec0733dc6ed9b1f8926d7bc13,ce46462f850c53f1c1b7e100731f2dd452655055ea5f2300ce58fc53f21190ac,DeepMath-103K,8410,train,1332,1
1333,a9f78f08c74e52efa3fec830305ed045076eef090f4c9085562b3dbe8426db56,1fd165968b5b52534fe3b437516eb88eaf74640a8af007581aa91f82463d7717,DeepMath-103K,40958,train,1333,1
1334,f16974cf351696f6b21c87068ef8a457f87a1583569d693cda7a30aed686c16f,98b43c5c55708db9b47f9fc2893b071c34ba952b9dcf9704631b5977228f19b0,DeepMath-103K,36065,train,1334,1
1335,80f54f02e43b1509fb4a2e5ae8cad0050a2912eacc2f1b52b53d5bbc4fe46d0a,1a0adde1e21b8fce555c6860c1a4d3941ea7b964d81f97e2faa14f91367abf5d,DeepMath-103K,6456,train,1335,1
1336,3c6a2105fadebfb18e08046c3c09d7b014f899a02694be7fb59599fdbddba38d,e982d92fb1b7df1c1f660146a14a602fcec10cb951c3d2bf84d12e52f5ba7473,DeepMath-103K,16288,train,1336,1
1337,26e1dafa432faaec8f14cbc184bae9683b804e341883766118fd054edc613c0c,8bb0fa6dde65fddae69715e9247efda96fb85204d793f1af8852fd513a55f816,DeepMath-103K,1349,train,1337,1
1338,3408bf9c257e76fd795075f7e2ceff9f4b204f8561c729bd8974afda48b350f2,35888deec27cf34ff02554bd4424945f89ae1429bf8bcf371d886876b1224043,DeepMath-103K,43614,train,1338,1
1339,1022b9725379861fd952f07cfad186fb43abd257ff8422c79f5c1d91395ffdbf,fc44167aa44188843c468df997c128de45dcb3f9ba75604db65bee93b943e1cd,DeepMath-103K,49291,train,1339,1
1340,d501a591f79692d68211d46b3ecbc14106ebc9ffe1ba854499ceab1bc0d7908c,e5dc83ef073967b7ab74d5be344f13bd5f0fb88649a3e72d45e407148ebe0c00,DeepMath-103K,12168,train,1340,1
1341,02cac31655c3baa173f52fc056e04e1c88a2210ff21511f755b6a1814e028a44,53ac47346829ba15ffc711fff856600cc592e7c3b223f78f235d8d788e7592b5,DeepMath-103K,22210,train,1341,1
1342,0eb98da9146faf777cca1508c5fccabb5360e48e53fcca8c2bd0c326bc8e37dd,9b2c86181b9f5446663ed48e03b76216f2259d78e9e0d30eefe53647d9888d4d,DeepMath-103K,33369,train,1342,1
1343,50f514ef01168cdbdee4333ad8ae6b5aabfb38123032bc129f581688be7b6ee4,e856f1294a616572a244519108ecd15c6988559982e6ea2fb34704cb886ebefa,DeepMath-103K,15704,train,1343,1
1344,34f8d59b839ab46b85e7acb773807510d0aa4e73e2b1d3561bb23fe082da0f6f,380da46585a867f212a9522619f36aae0127f9a1a2e156bb62c3162c4471c2bd,DeepMath-103K,17743,train,1344,1
1345,2f314e898af4cf630abd41ce64095c53e9912edc4430a7cadbc8b73a4fb2a7e7,24157b1af6d8b6f542eaacfe2dad08e1a3692c4c75490916d2419596484e4ceb,DeepMath-103K,19046,train,1345,1
1346,41d1d6210c2bcf6f4d86959d0f66b24ed355b3d966eb1014337666965feb04e2,ddcbe61761a7e59bed1bf80f5fde5cd42ac59fe3c20b78dbb38f8a6b9fb3a6fa,DeepMath-103K,55079,train,1346,1
1347,7096660a40c4d7cf041d24532dfef45adb2272bf283af472a560ed0450b237c0,906acd45d560103a773988f0833c48e0713bd6167c99069d8bd2978e56c1d14c,DeepMath-103K,41621,train,1347,1
1348,d4c4ed12e8479cce621b930beefea77bd47ebebe1c8e330815d90513e96b614e,d5f926ea8496e26e6162db641407c8d5fd9178917183243e7f3c64123bc5b0e7,DeepMath-103K,28790,train,1348,1
1349,8653ea1b44f363cdd019780a9a320d401f6191e53935878d96ea9cb650e9082b,d1092e9d6602839b56e78af9f7114c1c6b7297e2dd3b11a9e66175a7fab4f3bb,DeepMath-103K,22354,train,1349,1
1350,efe5bb1de2b937dc99b3078b236b004b9ab56d534aa9d8d943aa04e5a48ad780,bf5aaee36873b19f915dc6e9e33412cfafc4cb36d5b5aadead707215aabf204c,DeepMath-103K,18441,train,1350,1
1351,b5844ac7d807a9de3c00cf25dd0626f1272a722335f2753900a8ed601a0937a9,5f91654f8ac3ddf7d6a11c73690f72249d0c8d3c6977e657e27f4a1881fa0de5,DeepMath-103K,38587,train,1351,1
1352,53325e3c31099d0b8359f9598fc2fd29e348020779f1dbae7805fbfe08ef576b,1b2e8c35b49ad6d1afef695ec3c88bc5d9e63a0917e5ceea133ff2fad4ccc30e,DeepMath-103K,34744,train,1352,1
1353,57bed8e37450a5a59319bc9668e8f5bfece6d9f46849798b104049880cef1062,c66b325161ca05802e55421ea0607692b4f7302687291e3eece50ee8364c8b6f,DeepMath-103K,34868,train,1353,1
1354,324b6f7145ce949e6ccb6f65cda67328032bd5972ed83e1d5279ca4cec8d92b6,e5dcf357619dccad1e6144ebd11eddf228523c1fb3f62b775f89a0c552f6af24,DeepMath-103K,10336,train,1354,1
1355,5464be5394d109fcb3781436383b8f99803dae229e581b8767a2714e997e9f2f,f3b1c98ef8fef0ac49b39acabd3d26f2247b4c59f891e75321cb01282c4174b5,DeepMath-103K,25306,train,1355,1
1356,251ac0509e6a4d118b7e478f393f43d506c97c7cbe56de7199f6cb1dd05c3ebd,06f77a4875f19d5264d304f640bac748f0e31dc630cdb1cb5da697737bd00d33,DeepMath-103K,20562,train,1356,1
1357,ae247d35bd4753cfc51a1ab1d06a527688e6d91ac3992d5a4824d9453228c888,c312ccde9f8186ed1c05a7defaeec789616009741ee3303f588b3099d8190c33,DeepMath-103K,26608,train,1357,1
1358,1e8c5abbef13a4766edcef57e0e0283ff70f21e3f18d1568300cbb763dbb2993,086201580b37125bc2009e9852c01807ec3dc9dcdfffb6f1af811ca3e1b83acf,DeepMath-103K,24693,train,1358,1
1359,a1846664995836a1bc86b167e286e67577e2690644f23289c90098dc55e98acd,cd978e159a8da4ce648711b7473a4fbefc0fc8b798ebacc7d1a82469c32ba947,DeepMath-103K,53145,train,1359,1
1360,234c54964a900f8a9b3002ee2a1a10150173823290ae6397c0324445a0e7ebec,5a86835507d5edc72d79fc88bc18f63a760672852de4a29abab6b028c8451b5a,DeepMath-103K,56704,train,1360,1
1361,d186d10798dac3135ac078e350f9e091ebc4563f57afee3c6210b6a630e79e86,10a38b4fe2ec0f4cf9114cc5d729f8e24645b8b22ab129b5694cd5ce31ec6696,DeepMath-103K,53859,train,1361,1
1362,6243d768530a090cd6dfeace7f1f7413a00add4cfca7793269d8657438dbac19,9df70b5054c15895b200664f1a396184941dcb52545a49e9f51063223b91c71d,DeepMath-103K,750,train,1362,1
1363,d79d64adfba6a746380848c2b5632e8a2a78998ea6f454245af569ff9f2f4214,f801836331c923267579860282d007ed5d8a914b23c64538e92ffd640bdf1ebb,DeepMath-103K,22886,train,1363,1
1364,dfb1b9fc082cfba52addb1e0f48fdd56bcc7393b175cb8c82450e04a9d7423f3,96d2571dccb15eaf2a73c325c6247e52181274db08da16eccc7e58a2bbb5ee5c,DeepMath-103K,28097,train,1364,1
1365,a1caa5ec394256658921837ca2a46f7c5f4a28f95b9e11a3782710351b32a5ae,6f578d4fd0876e1677c36ded07ab50c5951530fec927dc0bbcfe6ddc94b34199,DeepMath-103K,22942,train,1365,1
1366,120ae730b46dd44ca535461c9f07016ab6b445bfba971a5525e020cb693d7385,8b826019a89d28cc470e0e75ad1a92eb618083e83c9f7cd9a10c957611e48ffd,DeepMath-103K,11790,train,1366,1
1367,1c5c8b08974cd9b165d3163074d67a9ef3cf828ca1eb5714dc25f5568c886c74,0c20f1781c2dc4f7a6f09ea384c644490733c25bce805d79bcff508e5097bd20,DeepMath-103K,19428,train,1367,1
1368,d6cac893b28e01333db1ac2dac9607f103974457b1214a17787156d5ae997dbb,e1f155a25f0c48f5335c24580fe6ec7d9d91494e5b462cbbd30358622abb5f63,DeepMath-103K,14899,train,1368,1
1369,ba3fc1a9e1f0eb743af6902acd620b56127ba7b5f09b48818d39f994877e2170,0ec6b6af9b195043553219dd3a7e2191956e9ece781d37993ca9596c2ae3c311,DeepMath-103K,16955,train,1369,1
1370,6edc41a5f0b71c97d467ef0c5669394440b30be435c5eac87c94043e47980b1a,cc5adf82623c25ee1a3322fe2a0064baee789da57261dbc7c2b3d2c8cee771c7,DeepMath-103K,45589,train,1370,1
1371,cdfe956928626a8db2a78e1f64f99847feeb1f89ba26bd02de06cb9f6d16a59e,7575c445bee8e4ced93a1ca16d1a769efbcdb811c31d0b7408acbe892563e38b,DeepMath-103K,14846,train,1371,1
1372,1f720e1c8e31b8b5b28d376c814d7b43f6130908944cb71dc1d0250d7054599e,4b94865859b614dbb0540e1058dd4b0373d5db593e477b4a9f0797f460723ea3,DeepMath-103K,309,train,1372,1
1373,51004d851d91b45e9523eaec445d29c9f7069b4231cc7d968a84fea982ea21f0,1994502f9d14dbe00f1565908e72417b4377b16bd752641cfe42a3d24076b8c0,DeepMath-103K,39944,train,1373,1
1374,5d6683638d52a6b3c542dc8d1b21fd48d2776a08c9d6b49bd1270caac601f25d,037642a4964ebece2a9dcebd365bcdcb4bdf29a299583adf86bcff5b654d77a3,DeepMath-103K,835,train,1374,1
1375,1bafa702a085a8267c184edb9564bcffeb22578616094b942933616a37841bc9,de080a5b2aff8b7c7407e6423f6cc21818703f3cfde075f3567038ab0669c503,DeepMath-103K,29498,train,1375,1
1376,a53ebd5da36af12f710f698791ebb95f815c41654c2e81122a185a72fd3615d3,76c5053184c1f2ad53073fa4f33dc7e2d20b63cf70959253c6178f3aeb3dc291,DeepMath-103K,44636,train,1376,1
1377,d0b7c92e184c7c5bdca8ca8df94e889ac0141f45a00880daec3b7505df06608b,59e78a8f74940ca4d3ee97490b5242fa35ad64feb2963733c62806abc4b9bc11,DeepMath-103K,21151,train,1377,1
1378,35b98e501ecb4341b1ebbf3c22fae6e146e3ea5b34b48b144c585f9e1d680efd,87f630641e76a178251ea80842fbd27b8761b06574157e18daf36bf1297bddfe,DeepMath-103K,63,train,1378,1
1379,722c09a79d5371ae7483958e8a9dcb01700790dc6827587a8801446a6015104f,9eb5435f271e29eacdbe32088451fb7e14bb2a08141aeec5583cb9030df06783,DeepMath-103K,37440,train,1379,1
1380,d668f66d2ac91980193e8340f03974911eb76c735bc3f109abfdd02e4b479400,6a1cdd56331c52688fa4bae8ef94b8b6464903cdc4e2a066529f874d2d07cf44,DeepMath-103K,36561,train,1380,1
1381,0c3c5a63185d94b1ff57af9bce37c9d347020fb4f4b91245c78839420efaece0,7cf3d9f861f74a0e9ae456e54e93e08e286018a621247ec06744de69819c06f1,DeepMath-103K,32897,train,1381,1
1382,3d6f477aed27b81fdff06336b6ab1857a596a043c24b0d76a57a6c757f6f026c,d80eedb7015bc5439b9894cf62aa934750af51b73246c19641fba71fed84dc85,DeepMath-103K,8078,train,1382,1
1383,fbd4b0a25ecc0beec59cceedced8afee2de07267d1f7e0fae907e38a3b354df1,c2f9d8870f321392ac5e9f12e3790a76b80b3fe877e0d6ad932ade3c142ca07e,DeepMath-103K,5394,train,1383,1
1384,5e50e475c90815cc09a1b52851ba479d49591f0afa18a101b33f5ae40eaf4ba2,53a647ee15ed20e80f79d9fbbf7b638ffd1b5645c16fadec333e27d42fc80209,DeepMath-103K,34856,train,1384,1
1385,c662ce2df4d2e0f31f71103afcb7db072dfd4a80e0cdc6483cb828d3423e5f4c,2e1c01d642564a3a32c693a1259977177645483332e68cba64fb1d6ec0a311e8,DeepMath-103K,19617,train,1385,1
1386,5bfeb003dde968b946646c620bb095b5242fba37b7afca32cbdc9dc60496d3e4,ab04680ad60e1c34db46cd587076aab47fe8f5531ccf8619970e9ced7cd3e712,DeepMath-103K,20204,train,1386,1
1387,503865806cd55125e91c7ee36f9c4d442f77045c562f21f632c6d530ec3c9484,f4715b0d8db455504d18dd91cd1bd47a3952d92e1598e4c7bc3292e55385f5f3,DeepMath-103K,55151,train,1387,1
1388,b1fd30fc936ec388696e522ae5ceb6213dcb1c2c7da655791e9b40e9ed22c25d,cdf6d495ba83f9820b8049aa8bbd6b0295039b5a5f6f1abf10d9ea1aa6748d54,DeepMath-103K,26638,train,1388,1
1389,8198a158f51067a6233ee0493e49be08cd2cd88a4c6c5f34ad70f3260532ed7a,e32fe329c875f88a5556d98bf69a0981d6229bc1c26005e3441f3e6a32e34ab8,DeepMath-103K,24928,train,1389,1
1390,dffcd86e21a4727c50ad54aaa817c2641b9b3604d2aa0cfea50635e4e55ee207,f9b8bdcbbbb13438224f000937de59f3176d170aa809d729eadb68a1d09de972,DeepMath-103K,51598,train,1390,1
1391,e4070b211aa138348fd760c5339234c7af1e219437133daf981c9af6dd0a1654,fbe92f904a069147fdf0ced35885b6d588dfa667a0c22c71a54c088248df7f38,DeepMath-103K,29468,train,1391,1
1392,0cfb214aac9ac6abe9de9fb95f7e0598ddc02355c727fca28a1e110510127b5c,b8042cc461e9929f310775b51cd4d82cdc621ee085bde8d87d6ee0fa062510dc,DeepMath-103K,43032,train,1392,1
1393,aa243ec35d34a534ac2235a64d09c5c5f4af082cf2a0bfcdef28d3f43d3d0f9b,23b115aac0cf48de9c3e28a61acc0a9070f6eff048b0cbdcec560bb6af637d59,DeepMath-103K,11724,train,1393,1
1394,ca7c396bd6047756111e8b3257dfdbc87b4ce514b1c7eea3eb3aaa5c94f32a12,90bf360f7bd397cf96a08b82c248b3d55c260f9437cc540c2bd5e00802442ce3,DeepMath-103K,47614,train,1394,1
1395,7f9d644cd54d0dc0fb6d64d95e5ac4e07f6dad1a357352e2c53f33c5e5270227,e0742bf1c2a19562717820402614b44fc8aed7d2085c6419513c2adeaacd5f22,DeepMath-103K,7240,train,1395,1
1396,891bcef58475df4a176c506abbb4962b88184212a2c6cc4d5378b725660150af,ad101c04044e1a9d3f17515285e13e0864a3f1ef916ffadca8f468ad55b29fcc,DeepMath-103K,8803,train,1396,1
1397,84b8afa07830ae568e762590bea7e88f0e792de93af478e4ec7d4422f8d21e79,bdee5d6706fbfe9f6415fc3460f9551005198ee6a801a523fc3fb4a7cfb99423,DeepMath-103K,41177,train,1397,1
1398,04d3f12d7d57ba3501afbdd1ec443098125aa3b90d08e64cd1188239fd220e59,bf3625c791fa11b1539474e3afd0226eaed5abc7c93383e9e16e2b8bd97a9eea,DeepMath-103K,90,train,1398,1
1399,1e7866105c4f72f5a84585c82d301b97461eb8b73eeb9c4f8543f9e6e5bd9218,8b2ff1238b4565a86f997483e5dd087aa489d621404264129236d8ffdb4e5ea7,DeepMath-103K,41459,train,1399,1
1400,708e4f39d1b784a5589ff61f89c89b4b204814040b0e0b7b982b27d89f9a45e7,fa72de2ce2843780d723983e8053b485686054dc6de8be0b29a2d103ec251a74,DeepMath-103K,16892,train,1400,1
1401,d936fd204aa2335c035136cb5fbeeb3b9a209f7c7724adca4f4cc9387ea2ddae,bf3de011f1f78eee8c284c5102d505d4db4c96bcf208f4ccc4e14ad6ce85ec36,DeepMath-103K,34568,train,1401,1
1402,186c31a9d805d6a76fc1fad766a889de01f7649406e1a7fc6079e1af302554b1,f0860b41dcc6d7327e1fdc96af9718208c3db8c7821d52970b4e97db4d9cec86,DeepMath-103K,27661,train,1402,1
1403,f117578f512512afcb813b6ae4c15d5f94afd2aac222c8fb6fa6b2f2a0fc230f,44310a17dbd57e2f88369ff726caee0b55146b94ed6fa6a435c5361f88e1ac7c,DeepMath-103K,30248,train,1403,1
1404,9646c352b62eb9cfa264a2dcd3cee9d70e09331863f53700318d4469b75fd688,50d106b8b4b041512b03eb981a722b9e0e232d71bde683246e28c2cff0c6b248,DeepMath-103K,35391,train,1404,1
1405,65ef40669cf7ef4f994a1477193855952266b934a6ae218f1824d0e78f36d513,809c11a2b88d215a69d5ca4cde4a35b0329d3989e1f72fb36740a88ce7584a4d,DeepMath-103K,29078,train,1405,1
1406,e45dfa898e76d8f44fcae74a3b710292c7f0af5af1721896fa3ae0481e812cd4,96c8c337e4c49df057d5395e4ceca95d0e74db36ae9a66e550c69f7199301bf2,DeepMath-103K,37776,train,1406,1
1407,20694e68595d77c4529ed895810f5bcb21a30e62bf5dba8ff10e9b949814800d,b629128be5b230291328d2bbf937d692bb7cc1a74a3ba5ac749032d38f8be0ea,DeepMath-103K,29596,train,1407,1
1408,61e18c931b645f09fd5a74465528ba9630373cb3307f5ada8945ca70c34b4613,1ff770b3a9ad108db4a6c0ca2e5bc42d6cf10fcd84417f0f7ea5266ce4467c1f,DeepMath-103K,36272,train,1408,1
1409,f01bea1cab799b8c8faadc28a2989586e9be73f9cfc0cc91e779894a6049196d,11f2ad960f68ad804ab9118f311021b9fd1635509a49c3fd21096ba514ac25d0,DeepMath-103K,32938,train,1409,1
1410,7e6fea417d55c210a9655c0e6bf7e0b13a179c8d289910e800e60bf4bf8807e6,9155abeb43300481c7c05e60ce9837780cd77d9400c1e72d30f75a68cf29b004,DeepMath-103K,45569,train,1410,1
1411,29f4f2c43334cca0caeceb0909b544461b44128a1f3c4f3228c7015688392e6f,fe8a9d42987ebee43f396301c89cedc4572834b1c79f6a3a74ecc697abc9f67a,DeepMath-103K,39596,train,1411,1
1412,eb85a431e9d1005d6ebac6ba8d7a58d9d0a8f0918ea97cf986855e588a608a72,4d07d3148bb537231e1391af089cf2592649f84b2a90726f26818a4a936636ca,DeepMath-103K,32625,train,1412,1
1413,e2c1c3cadf3cabd78228016d971f6446165bdbd044664b4662bc614740e0f2c2,17b075f0877074d1b0748959b35bc1365751fc1495ac919cd17c0be0fdc0f86b,DeepMath-103K,18405,train,1413,1
1414,66163428d32915546841ebd358fc20bb44a9e32bcc597756316a15d17519eb48,22bbcf97bca6936d00c569d2bba949d8177803bdf3d3db3f1101364cad46e7f0,DeepMath-103K,37602,train,1414,1
1415,7f8ccac3b5e968b9fe9ac931228c7ff4fa09772b79cc33d897548f6e59c4ec50,3783e087081b16758bc7ca981470ad0d2219b23566f32ebd8f67b974150c6429,DeepMath-103K,1957,train,1415,1
1416,45ff840b3dc9fbb9bb148e73095e5b86bc666bb1eade72c9db6a2459b1038789,1129fe2f79f59b9a0218ebd6af9532f04b4a7f3e82347ac0b57e04bdd753fff1,DeepMath-103K,5641,train,1416,1
1417,6071af641465d30bb7542a9a32858cc4af3b8a806928e233b71c04097201c28e,a1e890349e8fa31121d16ab61c7b82a3c224aa4798dbec1ad7d5069565c87074,DeepMath-103K,21665,train,1417,1
1418,c99e7b39f0ac688c5e5bf96773cafacedc3736eb27a227ae069331654cfa300a,14805c7970d606c5e2dbada7453ae369e0af827624a6deb4c4fc1ae973aefe98,DeepMath-103K,17479,train,1418,1
1419,890caf454027adcf4fb6cb841a40f1ff7c762f38c61fd12100dd48068ec55377,6960ac1ff2001d463b2aecc1b7bae32e03a7697500ffdf6f540ceb720696d948,DeepMath-103K,5452,train,1419,1
1420,74288d307ce890798c4be7c2b10d0c21737045213196fd5c0f750f07a6dd82ca,0bfaacf330b18f7bf41b4b55da88877f9b971af0811e4e0541c622281596f28d,DeepMath-103K,21354,train,1420,1
1421,b1e8e62076e0f5ecc5cc34304f75e7cd1ad8c874cbf998f7737ee7124c8bce9b,7f9389949e4412dec218e3e1204bc5c7be2bedc4caa71615110a6dc63de971d6,DeepMath-103K,18095,train,1421,1
1422,e24cdda7b2081a6a6a7a782a3a2a84eb24a36f5b5fb4f63a0c0e9b3acef0bb09,7bc66b9235430a2e48ea74ca4aaf50cf0a346f4242ff4ed5822e3be3622b26b0,DeepMath-103K,43383,train,1422,1
1423,127bcb652317c1051b5c778175219de55af71c74b9dfd3eb3004884afcefb767,f75e4d2630c6c2f2fe8b411547d6e91c4f37823fd0acd6c0ff801333e37c332d,DeepMath-103K,11973,train,1423,1
1424,9bfdc157e85ffcdd7349928bc38bc35b82179c0139850185ee6b428cdfc8747b,6368ec6f3de9d51945daa609d7230fe351dbdb1fa86009e26d168a3b610d56a8,DeepMath-103K,3540,train,1424,1
1425,724282fab77f1d392eb10d6a0fca1397af49c64269ff190124b61b78ad73456e,c42646a4031fa789c160624f7fe34ee69dd2779e85d356d3c2c14ec721a2d617,DeepMath-103K,19064,train,1425,1
1426,347ed22622149cdd89c7d218ad304ff9284014e9abb70f5b2a95bd51a9ff46a5,fb9a19ae945be7928f238cb407b9f0745bf2b156cca38c15873a75ba9442ab85,DeepMath-103K,1042,train,1426,1
1427,cfcd2e95279411beb07008dcc932001260b60e5a9ee7202f5ff9404d830bfa1d,3663470251fff6e1a4ad5d507392ec86df9e8f3b1925a1c1a6b1fd6f0b070428,DeepMath-103K,45154,train,1427,1
1428,d146b9e7affd7d58b328c596dc4cdb86ad64cff1779d07d35884f61ca740a54f,828090405533b02fb95d16bf716be6289abda0013158c13b38e00e519703d530,DeepMath-103K,41646,train,1428,1
1429,3df2b5bc3411a2ca86ab0ae931a7b7862f6f4c0e9a15c8b21ff994b4084110b9,8adbb15ead0c0fe7bd6cfdbf5582c0fb5ea438a1152af05f0a674221737e2f21,DeepMath-103K,34039,train,1429,1
1430,5605c938daf412991cb5d9d8b75f05c4f9e36bc1987830d35159dd6c9ae68786,e7e0e5d8aeb91c3e1ebb0501db5d53264b6e47d69f825f1de0f87f62b388cf40,DeepMath-103K,4651,train,1430,1
1431,c2c33da6538902f2c8685e9a7397f8b517e43c4d4e86575238395144727b5341,6c0e84c8bcee2efa9452e849b18e643872eb54b5343fe9e98c53b442e30c6834,DeepMath-103K,7762,train,1431,1
1432,598353b245b9a098de29c99373b06ea57fc60ddf5490f47cb8bc1edde85844af,9c3a654e926c547e83f67bfdf02f7f0250291ced24f80a7908d688dc020b5d08,DeepMath-103K,23204,train,1432,1
1433,017fc6dbe4e0128e0410a7365e22e72fb89764e281b16a0c12449a3c8f9ad6cc,87be967684cb36eeed37fa92ab01e6fd303500f483c8bc55373463c072d5a98d,DeepMath-103K,24994,train,1433,1
1434,26a36392b3e750f4d8f17b6fa0c4e8572b40edd4c27c3a72b8929b816829e110,a2d32a3547b663b19b327555620bf537488977af3ebf136b5891ef41b6da02a1,DeepMath-103K,33214,train,1434,1
1435,dea05e3faca7a802f095bdb0d4d1664bb5f6777c3a00c0d8486c38c3c33dab82,d275d5d0fef99b288430a0fd7358606ee1a9d67e9c7ef2b9707e722d1015ba6b,DeepMath-103K,15396,train,1435,1
1436,2dd54092a418287db2bed0b689b3020795788dc0844def473fbedb9e8367a467,acabc4ba42f379113aa581622964309a8e8b50aadc246af3373b10b88a5894f9,DeepMath-103K,28921,train,1436,1
1437,f341c2400921f189f3f153e79335c71192347864e32e423f5b2ca28519e10aef,6bf21409ca1c38cbe21e839fda5aab44b23ec74b056520387979cace36ee19dd,DeepMath-103K,25126,train,1437,1
1438,55ecab777ac73392344271e533ec391d538362cc48e9e40296f456616c2c193a,7062fc277a6c0265144d0ac4ffa324d2f97448096b1e0a67a91e9789537d1a40,DeepMath-103K,30250,train,1438,1
1439,27618e79c0d33b9d339bbc98fc0d8356e1f23e9d3f9f71215fc53e5613cde61e,2f666c051487428faef7a28e82ccc9e12936cece87d783e96ebb9f10c6b0aaf2,DeepMath-103K,42040,train,1439,1
1440,e2492d27b1e0515ddc4f37744805b8b137dba751186e0e6021f6600b8cd03f69,2341e73cff181cd93497ed2da20c5849d934ba3a3c2722585e0d89d78eb96ddb,DeepMath-103K,23172,train,1440,1
1441,7e62d6f1e2967e93c7dd09255582fdd1acb3a2358790c4ed98b1ca8b9780f7b1,a3fd09e1491b64219ecf1f63ea7be2f8f04f21ae4be72c7f00128e8b0175b945,DeepMath-103K,23391,train,1441,1
1442,078ab05149acaa467fa33a43d61da74867b5e9f73ebacc2cf342c4379bc02fbe,ac48812f6ff11c154d66219d8db122f0dd7fc58a885384dc0b0f980ead068391,DeepMath-103K,20585,train,1442,1
1443,fb2e2fc0b3ce5f169806b506d66c9f4a705df951e52d8c8f51be8fa1e6e52665,ecdaaada64e885df07d79713adb2879cba7561cf49b641331110192ae701f2d4,DeepMath-103K,28196,train,1443,1
1444,e1d76b0d6dc47e39305078cce05f70ed539215317c3a660ada26323b74f77967,6df47f45def6641ca4a62200d29756c199e02732027ef38f511f91638ab6e983,DeepMath-103K,26408,train,1444,1
1445,2ad1f062c0e46fb2fc5bc56c5f053e8fcbc2081309952150f8ca1732096b78b5,dcfc4aeec8821502ccf30f89c760d19e5d7a6a2de780522e92f29ba1bb517c0b,DeepMath-103K,25582,train,1445,1
1446,7274af3aec39b012658ed165ae60cf6fc3169f47b56a223d92d6edfc6f2fa8ad,82ce8f93f2afa191dfaa671d3dd98418e206368c21939babce26c3b4d6f1c8c8,DeepMath-103K,26476,train,1446,1
1447,1505624ec1deb1f0afb771693d50f7db5bbc9a1d2ed24fc18dbae7f9ad1aa565,d86edc5009b873caafe76ab6985b50c9ac2fa6c63b4921b7635e4d96646ab1ac,DeepMath-103K,7596,train,1447,1
1448,1d6b57091ac78fc106c4cfc324b839b19fdab0233d371f1d9a431fb10293b5c0,0761791bd8988e0f91e5f3dd45c5f70b1d8569b28856f23ad9945166144d4499,DeepMath-103K,49129,train,1448,1
1449,b0632e2db71773cd7124447f98f18bf2ca159ecc5de804514b38987171a369cc,6328586d02dd795b98c790c834f0d52d84711c5ebc563f26b4a0112eb2e04c7f,DeepMath-103K,34545,train,1449,1
1450,73c2392b0f70f22a4930c15c74407da9fe3bb9a70528f2eed42287466214ca22,a78172a74096f866bb79ea43ce99603768d1183bb83a0c373ecd919b09077958,DeepMath-103K,50235,train,1450,1
1451,7dd17e43696e3cb5929171994c98df327fdfd9557d85b0823acf34b2666e6f1b,5b06d4dc63a56b973af31f993fbd0dcc0b6b95197fd3afdddab422cfa6fe5607,DeepMath-103K,30625,train,1451,1
1452,9810ebaaf83a491c7d21a26ccede3db95ec3f7293f0d3f23c12720033e84e7c3,e2751bee0cd22fa9fe9aad6290b659db4aace7e4469850a6384ca157f91d9f72,DeepMath-103K,38377,train,1452,1
1453,26b11b9a1f9dc0855383afb4c5d8f3c001b1d2ac1fbc7d21a17c0297c32f422f,84aed2e0e103562bd2b7a6e7af0f92db38d06636e8dcd9a9e9e10deac8081a63,DeepMath-103K,1802,train,1453,1
1454,bcd6f4448f1af19950366f5439a0a8b6981d2e4d84e78710f07e9da2f9b3ab68,d3055358f1f3785b7d2aa809665400b31f4b01d6fbe432e18ef0f9cd971c6d25,DeepMath-103K,17682,train,1454,1
1455,67fc4591b3cf914893c421943d5d7fa85c87f0d904340560821c131fcff931f4,5db419f4b136e1ff69c1f7c8c0bef95bc30f58ef48a63002a0aac4bd24e92422,DeepMath-103K,40556,train,1455,1
1456,f21bdcaf17d2e6732d13946c1e4a2cec2aef1a6ad9a421fa66bdaf2119977991,14e108885e2bd16b61df051bd4abfc98c67c52f41f9a28a89f7ebce2b0a4f533,DeepMath-103K,55788,train,1456,1
1457,12fdb33e4d1fbac79a36a494a092ca61f638103c5d4c5d28d8618128a845c66f,f3f9dc5ba38713bafe04edf7491dc1c2c36aa0259a420a0126ddfdfbf26d7dd1,DeepMath-103K,41769,train,1457,1
1458,df32b0830d5c5129b065caf07b667dc91c19f9c73e89fa77d27931c2f4efc2a5,8bc783eee2b1d58e3b7af505c93164336f2078ea63db7d16acc77f69123a109a,DeepMath-103K,25293,train,1458,1
1459,912d408b494b1014f8790bbc2c45fcdaa14d8b8416310687b782fd3a91eab86f,0f6118869293bb451c85d053552b7b8bbef67a68964ae8b8a212e3d4b6257229,DeepMath-103K,13428,train,1459,1
1460,e9f78c5be40cb9e67a11bd4e2e0cfa688600db84b04de942dc29a58939fb1b08,8960b6d187bc7ff36375a728316eab3a9b7a8741b047ad631389e89f90311d0e,DeepMath-103K,50553,train,1460,1
1461,c5b89b4472a9c1435a43ffba6610ae9103a87012e0c658e9f05c908a74009e7d,9052ac6a6f1b6d563263839686d05d5f4a8e8bdffc753e8c7b9a5aeccaaf00d6,DeepMath-103K,2499,train,1461,1
1462,f53303dcb2ea9d080fb4f817a26ab906fc9a90e1a1b2055e890334bae375e851,95979de1a2a6a67f109bd2b5631e2c105238108c7a223fa2646c712ed46aa75a,DeepMath-103K,40729,train,1462,1
1463,82c0231d26add0d00751006ae67845a25670b006f287841f198fc2a420b292b2,a89d27f31f379ef75b75304230913d2a7aa37092153142ca15e895338cc519bd,DeepMath-103K,19394,train,1463,1
1464,ad6d7461fc562d8ee162569760279c95f82f8967f1593de76baa228196dd1e9c,d267153545b3fb91e66e0dbddd28ad4edca3fd37eeba3ca895c939dd88f2d455,DeepMath-103K,31593,train,1464,1
1465,b99ed3052f2951df1f5b0c0ff13e3cd5df43e694bb3fc8053c11260f7ad3c85a,2a8501cc9ded1ccd396d41bdf2f16ddd1fdc4d6fad47ce3a8230c146fab54fdb,DeepMath-103K,12305,train,1465,1
1466,b5b41d0ba5951fbe3e466c246a4fc1c498f5adb1da7fbc778fc51f7c4c54a758,bede4e6aadc25511929803b62c44126452ebd935d75624f6329c83541d2fa9d0,DeepMath-103K,13233,train,1466,1
1467,e3e828e1c85a002b629a97b2b821790a7a99ba051a6c1320fbf02921bff51a9f,9177bf1890533a69da27a89cc1c54b18ad76778a0440258d558b6ba592ec4dc6,DeepMath-103K,52782,train,1467,1
1468,1aac0524b7b446cc90a6bbc87669cffa63edbc1c60fcea6c24c042b5ae592632,358a6fe7d9b5065f0ff41c58d7f67ae9087dfbe782242ebcb4e39b1885d87fb4,DeepMath-103K,20382,train,1468,1
1469,89c61faaa5dbcff6d7e596bc5cf42ce48f7b55daa09c1dc9a9c88bac0245f69b,8c2f98bf1390f24a170b8929e45813f7e4e049e6d87a1bc5858532647bb8d10b,DeepMath-103K,29410,train,1469,1
1470,af5af0506bdce9a7dd4f64b03a59b6fc1f8efd083af79c02e477f83ec26de104,19bae3769a874642cb78667e64840b3ad0e360290fabce60a63617c8c7b2b660,DeepMath-103K,56896,train,1470,1
1471,8725c1a829f979ce6b784b1e1b431e44a0dbfea0a44454d1e9361dc736ef859d,fa21fc1ef448ec4bb638ec271c057cb27ed6b6836489a2e5eb6b49a99ac4274a,DeepMath-103K,4362,train,1471,1
1472,ca675851fba3167ddb22e8647fe2160a377832bc78f39476ba339eb21d05ec42,5b80012f26adac613bed856ab60d8b1b8650bf4bdb40cf7592f69630632555e1,DeepMath-103K,5065,train,1472,1
1473,cb438abb1730b8a48825d23bded37dede9d0dc934507393ff062f66c732bf2cf,f8177acaa13003719fa620b0b877e4241350ef4c805ab209fe575df009de9df4,DeepMath-103K,41168,train,1473,1
1474,6e2acc91a9d56a7787eed3b95879191c50f8387f556c6035e3745e2bfc4cbf10,16f0f86035faea41f38113177767cfa411ce675eb01386868f78b909a2a3601f,DeepMath-103K,19723,train,1474,1
1475,666f81995a587a539c3f7a258e527c2337283b975cf0c44d649cacf83f818d29,c4fb7b59ff1a74cb7e9767e222fbd349819203f9589385a27fd77e9c1fa2d870,DeepMath-103K,2807,train,1475,1
1476,ec03363bb0da3832a222f2458e26da0ba3b13cb5aa700f24e4cf7879367b4273,b63e22f167a07d1bee66b85a7f2d76c11ce89f589e318cb23157a38845412be4,DeepMath-103K,35649,train,1476,1
1477,38709b25472a065ededabb3d6ee0636753ca31a21d9517ea4c89f7fdf60436c6,95255bf47b02b56af2a9d4d452d021411425d581273a1a2330356957113c8fd0,DeepMath-103K,23299,train,1477,1
1478,11cbc878222e33e119a49212d3540ad83d8e0f17ed859e1caaf9014c23555647,e2b760d038a4ab02e53245fe898fd5f0c2bf4fd303f0b2f9696feafa6fbd1503,DeepMath-103K,41466,train,1478,1
1479,1b20c74e21b4d0dc17dec8e49120d76a508002aa64c15acd41566d4daab61640,7796115b32f3cd24f9ef8c3df81bec352faa5fbb0197600190aaf7f7df905c0e,DeepMath-103K,31723,train,1479,1
1480,123f705fe87002876fe36d5ae89aa513ec48d3162790ccffacd3c5622221afb8,4df7d60b59d01ec57d02ffcb98d4db809c5355167abd488f6fb6177394f9208e,DeepMath-103K,51906,train,1480,1
1481,d9f2820d97ff80c9242ec5456619b9d1f2b31bde862fa6c69182a2ebbe100db6,dea429f8c3e4be1ae0a3b80758b6d0fddab09b937831acc9040fcdd9d999f35f,DeepMath-103K,37267,train,1481,1
1482,7276f9a09321e3d2b4ccf644930c6f40f840f7168bbaf33daab18c13d4b65a49,c3ffa3ade98f8ade4c65b18e5c3c80547fb8addcb0fc7114156bc615f32b374f,DeepMath-103K,27897,train,1482,1
1483,8661cedd7b2c6288aeadc7d98a62f6a9495af256b477e754d3e5c62dc286bbfb,c1b72823823021279bac64a864a06f94f542c4bfcd5d54abc01b4451390e01de,DeepMath-103K,6124,train,1483,1
1484,891bbfa8c92a6c1b9d3695b6c2fed55128563b8a1e95b1da3ef469e6cb188c43,33d49bd5e736d8fc8b89c64bd819572d6441aca978b8e517c53510eff5bc12db,DeepMath-103K,20465,train,1484,1
1485,264ab46bce899af426e6159a5ba866e3264dec4fe179f8117a21475b6cd1478a,b868dc4ceddefcfdd71719dbb1f4b588c55ae5e2959a38428dfc2f007117d375,DeepMath-103K,11738,train,1485,1
1486,b5367e7d5dda5c1cd4ace2d1ba9a0e8331c054a8c8fe777cdc8650c65e00e39e,90c41b9f24128e4f3823bb0e55bd84311b2051f24c66ac5c0c9367690edeca91,DeepMath-103K,53308,train,1486,1
1487,aa9d93d30f38fddf49c9ca946940b0a90a9d928baa63ff092752831f033e4546,e1e74f908777a08724f2d636924863d4d86b218b80bdec440edc9d9521fb441a,DeepMath-103K,47086,train,1487,1
1488,2281cfc5bb7cd6aefda3e89a6cdae608f257a588c173a6e620167ce0e55119f7,3fa495bb6c59272428959d1837d7440eb2f5d51ecd3c8b07a94a660accc02948,DeepMath-103K,3383,train,1488,1
1489,aa77f819fb9d01238f21eae0429899fe2d8af7b99e9d1a1ad04e566ca960f194,2e8d2b55508693a836e07c528792e4cca84445feb22fafedaec5d15c5e5aeaf6,DeepMath-103K,32693,train,1489,1
1490,cf191e79423b3bb09a5284747bb6a9751a012cff4019d307e87cd4720dba5dfc,cd39967dd293fd9377aa089ad3d5785bfcd5e2a40e05005bb4bb78710fa21e4b,DeepMath-103K,53242,train,1490,1
1491,a7be11a1e4b4a827b3306adc348eba9f5431b281b4de9e9ed00de42cef0b48f0,8632114357086a55ebba5f6cc2be2255dd5c22663aa9c8c4dacfeef1815fdb6f,DeepMath-103K,32682,train,1491,1
1492,93b8c47bc49d36188a31a9d2cd10e2692831e40c4bf4563b84420ebc58ca0d6d,96452e7bc7d86fa9487b6a722bbbef86dd5eea7aaa3eec8ee49116ee83993af7,DeepMath-103K,10720,train,1492,1
1493,c0d3f18eeceaa4f52f93d2248f18c26cde5f5deea3c7a619464e61e61af5bab1,9b031a18fa7bae3e925764aef3665bdd9912af1e0c9c9c42941fee0dda35ab81,DeepMath-103K,8541,train,1493,1
1494,59febb507d069459bbd9aeda4d18481830235b89997b6e97f8e1bcd0cd6f2f6e,98a2473deefa377a56ecc5175ea465ff22097ae64b95fc0b38d389b2efa2e1a9,DeepMath-103K,5828,train,1494,1
1495,537c0fdfd8de2b1235fc3abb265d0baca157423a9d77b893d3d4287f239a8cb2,f524946d04480057d8610e331864736042932e94a3f1d87df1d2d7a8ace3c405,DeepMath-103K,50834,train,1495,1
1496,a7936c30e06625335ec3c2a2e36e77bf479516f8f30db45116964c3cf07be00e,b341374c62a278021b12e2391eba42767b358e6bb1aafdc7167dc21ce20646de,DeepMath-103K,33647,train,1496,1
1497,be80cbc8c6e5f24854b54616b580272f083a219eef644f651dd4e6d1801935a7,a43ac6a55fddb02e69ea592be938295b9866a7183af7b980272f3f7ffc02b668,DeepMath-103K,8639,train,1497,1
1498,85348187b63a5b15c579f0810378a72f31fa9d0210973cce31fb5d6ec09b145b,35e4f7f7d6e6bd40d9ac132ce3008cce323b88d3de3ddca5ca33d3fa5ce75d58,DeepMath-103K,39720,train,1498,1
1499,18556a50e0fb88b16da2403dc08ff4609774cb8c31f58921d4565a7718f680a4,e8070ad337b59cb51a3a7f8aefcc3e046f6135b2347782f1235a155f5ec95bcb,DeepMath-103K,51427,train,1499,1
1500,e68477f42b4db67191544e770ef284e145343e343a3e918020a8b965040c7921,c44ffcd391ec6543e1510bf2a564dc94ca9d42c72112f32a65fef2893347e442,DeepMath-103K,8932,train,1500,1
1501,9846e3accc0a30b1796870226b64456b3939af15fcf515ead5819bab4dd2838a,d53039b53f7b3ff891ade222ababc3e5d07d98703d0e63b08e6180b8b7a59326,DeepMath-103K,43052,train,1501,1
1502,13c88d0e5fd8fe9df5014514b78c574dfff837c8a640ea58b46677e39fd05d7e,7c2b9ef2031dd78f4c660a5b639e98ecf8bd73d591e038d5ba842eeb178c2176,DeepMath-103K,11773,train,1502,1
1503,791b4346d078805ed3616e1b4e70a1f2f44394a77003e36763b7085216485381,415da51659be16a0014a33401c0a034fe28e85ac4aafacc70568d35e69556535,DeepMath-103K,54296,train,1503,1
1504,5ce00e75cd6b55a5d43fd78b5beff2d06a911439c67a3fc8b867b11b79faea25,6332efcfe1318a0c85b130b938a862303f0ad6ac6b920ca3ce2fd3a8caf55f46,DeepMath-103K,15555,train,1504,1
1505,56e3c1e3150af30b229ab70dbf2787ca2346c64a1f65f000883d7f5865517833,44e78a1542dd311bcd07bef9468533008b53a1650dabd5126f878d6a06ce67b4,DeepMath-103K,23123,train,1505,1
1506,c0665277b24dcf107dd6ef4470e2b1ec34c02d03188b761d4ce91e03353fe9fd,4d97fb950d72065d62ab42a8999132d7152ceb7cd7b5ccc23eb5726e971000c6,DeepMath-103K,48682,train,1506,1
1507,8fc6737302b58a4d38956fed2712b0f48d8404516cf68f52fcc819b6824755d9,4ede3a379e4080e9d7dfa96637af972c8123debf81a384f70ad81a16562ff7d6,DeepMath-103K,6113,train,1507,1
1508,1db451c83d5ce2607c0862f0c56f84a60fd78d4998a82730e66082a6793ad3a1,a977eedd73ccb463ed5267e114313a88192dd87970205b11b73ffcf2d22f728b,DeepMath-103K,34170,train,1508,1
1509,83b36bbe5594aad8b29f57da7e9c244ec1d2064c34cb9418e29a612335382196,9787d23d4493feb4b27d80af18bc030f297c4d0901d20357c6ba3b65e0141436,DeepMath-103K,14512,train,1509,1
1510,b8874a3454be83437886a6be6eb10cba4b0ee1e577f166342b8877c8f87f2b74,6873f7a2dcf7da629d4c0a431e19cd2697a878a8e621b36a1e53ce12f1eb0a9a,DeepMath-103K,29179,train,1510,1
1511,013a2f9615c0b98d7a417c51b175a50b0dbbe5a71f1dbe4ae063ea89e89564c2,872cfdb1c9acf8bbfa6475f72b8a575abd37eb0caca89b62f2749254d9bdecce,DeepMath-103K,12889,train,1511,1
1512,716723336e2f267d6b8e8f053d630e57d0a9d359f401b62cde324cf6958bd4ec,176fd4de03eccf3a8c118d0188043635f1a05b6fbdbc9adb5714b278eb47a761,DeepMath-103K,8274,train,1512,1
1513,9f5b5e98d400f9bc4d12fc1d389fe64b1a41363240fdc077aa8d7135a3f8d7ca,5025e34447de8e07f1af3a0854e3b5a512fd654ae60f9ec48e6980b0bb9bc730,DeepMath-103K,45828,train,1513,1
1514,4c7cad8e0d0cedf326abec04bf0d8444b1d80141aaed8092fe560eabec85de31,9f116b7b321b214f36bdcb596da0b78a5cdd51f694f398ac7bd4752806129fc4,DeepMath-103K,3622,train,1514,1
1515,88fae1121450a4c9f97c1c17a47a979961653bb979071f29ea59ab828490468c,fbc42f0ea48e65a06f1a88b56615ed95e1c6f3569d61d251dff32b74ad624458,DeepMath-103K,47754,train,1515,1
1516,17e5d4404f02c8b33e2369d585dbadd5452e8aa3e7da398c5ef37fff5149dc68,35d32e081a49c19164e2b600632fa81d6230aeed4a31f259b373be5bf4c76212,DeepMath-103K,38182,train,1516,1
1517,efdd31a7f22d1e585e072868d62f24778aa4c45b58ee85919985a930b57f46d0,9dd62155dd13a22f0b938b13625fcc544cf7a5e722ad3f610bbb3ec33f83b588,DeepMath-103K,56937,train,1517,1
1518,b1035e584851f9a97a798bb540cc3eba92ac3dff7a0743795bc88ff2a087f06e,3bb91cfac96ca4c55ecf742733c304372bafc038a4e9acc8b71b8d317883fbcd,DeepMath-103K,40231,train,1518,1
1519,5d94de36f98bb750142fdb1e3ea23358b5411ec90fed8b0a11f8c042a01e95ce,166e542fc73a368531dc58167b5d79877ee4a268b8952bda5ce4da7696d3c72a,DeepMath-103K,304,train,1519,1
1520,66501271db2ec1af507e316519662abfbe64a3cb9eeecbec8fc9f39c8dabd8d2,e16b52c1b36b14663a8d886e21dab309b6de5e75de0a7b8d60d427564abcc34e,DeepMath-103K,21921,train,1520,1
1521,b09a56b4441b9a30cff07a5504ab93596c648788c6279d3f573e3aefb7ca0137,5b42cd22e4b2eab346ad7ca814bd0547a9cd3f3e280992437708858e76f7ade8,DeepMath-103K,51102,train,1521,1
1522,d68ba32660eda117b7a6ebc6f9d791a77c5049d22ed6405bcef45c58ef50494b,e865f20371b5a985506a77643e0233f89f57ed2c248007459b18b86c4b2707eb,DeepMath-103K,22956,train,1522,1
1523,d1c96451ae8af0b6dfa15dec7f79b4293a641e915673d174566381e159fca09f,9b4bb87493d84c88433dafa4fa5a5293ead82bd4e3f0acb0172499724ae01ffb,DeepMath-103K,19677,train,1523,1
1524,68998156e99ada8d69ecc26e44db5f22cc1dd0d3bb418e9a1313fdf5b8ca6a83,6293a4f1c87d584ee62a68b4fd1c7accb8fb6beedffe65ee048047510f5d74f4,DeepMath-103K,11659,train,1524,1
1525,f9bc52c5a3358f709e174863a07dab339cee0110b6728eeb2edf026c311e4b3e,b1186cfae60f55b6ea7c28fc7908a6380d41fe368b780a406dae2aa255f6c8e2,DeepMath-103K,17803,train,1525,1
1526,93efd2c56b6019a34215db89f4ff1969ddb78b2c324001d8e25b545958fc780e,91536fcbbddde485d3d32bd94abe85703c31e7bebc915754dc93e704321406c8,DeepMath-103K,28798,train,1526,1
1527,64f4b516c2571b536e2f9a2ca1ec1fda97d9a58f77eee31441d0a4b2a4f081df,7c11d6617dc7418007a3b27f15a8df6fc0163055853a6f37c62e5feae3bb6c57,DeepMath-103K,25713,train,1527,1
1528,642d512a1c7e4bf64a5510b93f5aa703dda3a6037b4306377af8a0cc71e9b42a,8b79115f66721e78f8d62086c74c5316e28499319abdb03f356df570a562d400,DeepMath-103K,44422,train,1528,1
1529,9594e6c01f96a8626e5833cfa54c22679d095f0f38773800240b3f2f38d9b93e,9a806b23890bfb89c57ad79be424eed7636bcd18b4ed230d4dabef504a955bc4,DeepMath-103K,38392,train,1529,1
1530,f7f876d308ef660b65f3940177cae523631e37729299dbc50f178518f4b2ae64,cf0b480e3a1e42fdbf6688c8e66e88c92c034298315bf51a8dbae27fc8be8257,DeepMath-103K,6688,train,1530,1
1531,5e5935a16fbdb20d6218a28de24f99cf16b3c25f40365f2aa67dff7b12f86463,06ce0dfc408365bb104671eeee71f9e84d192451ae924a29f9007f0728098dee,DeepMath-103K,31741,train,1531,1
1532,524e3d3baf13ee6820df193240b3c00fdac5d132909da433f86d4b77a5266ce1,860ccf16cbdd7c90f7f2738b46df206458a028677eec53d0d88fd21c6d135569,DeepMath-103K,35952,train,1532,1
1533,11d55d2fb24a5820991071528922dd7a2a1eb3a4c6509f3cb40e031742dfff1d,6d753bd41f11b078aa0021eee837904e06014dfd820a32a3dfac928b5a2603ca,DeepMath-103K,33635,train,1533,1
1534,a8d5ef4fd2c7199d66e5570e71a4eec5da63a9f1572b2753d068775579b8eb89,801a1e1721d1832a1d2d83f1525e0676d93445bf2c06010b4bbdf18358cbe904,DeepMath-103K,25434,train,1534,1
1535,3e469699bf36a1a701029e637f218eb0bdd7073460e8464e9bf068f5cc32bda2,d2834977b20a848abfbdbd66be0701e97427cb69d6e2bd8a254e427f615c601c,DeepMath-103K,6248,train,1535,1
1536,2466653a6a4d167609d68b1544409395bc22d7f61eaeb356e315a554222a5ccc,795d41854c1e7a72eb423c8f2a202b9d3dccd0d30374ecf9b9f73b867304c4ca,DeepMath-103K,46780,train,1536,1
1537,13a6a6b304d4bbdb20ff3435bbb246cc4f3e091075c35f306feede81a8ee6c51,aa6d2791e55447128692b69cb59a81602baf8816d4417d55caf90b4ef6f3eefb,DeepMath-103K,21616,train,1537,1
1538,527b6e439bb6116fd6edfb42a7c4f665d1afd90cadd1920cc7085b316f5ef898,ea7d35db9ac912620a1714403ead9484d0ae0e2ec35073e952a6567410eb65bb,DeepMath-103K,46766,train,1538,1
1539,02d67567d475b1f0fe82418ccd9015a28d14cf560ab1ceddaf8ee2e7d04c9d87,b7dfdbe2ca4cf55f1f1558bd26a23ed9624c581ce041bea0a1ff8f354e4b3e7a,DeepMath-103K,33145,train,1539,1
1540,27148b2dc2c366c710e8456e72f547a31ee1621a8790085a4f4105afb5608951,65860a496059b60d011263b4f265aa5e64dbbeb4476bc9baa05eb23a9482d18f,DeepMath-103K,46734,train,1540,1
1541,cb0be9ebc3816798f330df1295c6579faa323c4064ffaef4058a56ebed84b4d0,80124ec33af248223371907519624f7ca5314e8a1dc45aede361196c7be5ffda,DeepMath-103K,48416,train,1541,1
1542,da08a433c1fe68b0329147858b023c90bd08406ebc05b8783634ae0a4f3e3d10,c57777b633522b7cbdb6b998ddb8adee9728200d3c940edb199ce25100f1e55c,DeepMath-103K,23023,train,1542,1
1543,7d974ef94bd8d22e690cd8f34575ed4ca1302d76bc74eae5156869da9ea23f46,d159fbc13d8723f86616fbee06c8f38a19940c8d3a842ad6217d57ea510c06a5,DeepMath-103K,27118,train,1543,1
1544,287641b3c05eaf5a35e0f8afca1bc0d9d4cf9f231106a7cf805b56c27632bcdf,114da14be1d4b5afc1fe86c00017ab6f68a6d0ebfd78210cf4fba4dcac9fdc87,DeepMath-103K,26093,train,1544,1
1545,37f5af968588fd0da1014e42f668a17f4336a4a69bae4116ede80829c6a113eb,ae3babb319fd16694a9952a6f3c03f04a065d43d942ba8294072b401e66230d6,DeepMath-103K,2347,train,1545,1
1546,60c69e1ad8c0c36b4c3499b435a0259b316ee588b7a202ae933526a32be6f819,8ab598185df2b948e4fd25b20d7e264fc3bdf56f880e8a25cef9ce7cf703250b,DeepMath-103K,28279,train,1546,1
1547,4f5a84d1029cbb5c303866aa7c5ac64bb5e29ac0906abfc2e20db54cbffb85ac,c910c67f7e71b21aa80285b538d68c97dbb8a057a1528bd140ffbcc417a05db0,DeepMath-103K,40672,train,1547,1
1548,3f9c3f7a98ad4162fc4e73fe49eb8b361b4b99a4169bd621a95961760c5e018a,075ce13b9c9c51f542d0ce5d658464ea35b410170b72aebab6148cd78c572248,DeepMath-103K,14545,train,1548,1
1549,950fe4a6ca25e44ff7a6e1b58a5974c9cab1fe2fda213a22aebb16eb08648280,aa060fe4487b740e7311cc558eb5c453f3dabd9f5729ee18e907124e307d8da4,DeepMath-103K,41226,train,1549,1
1550,11da991c07db1e50e9e11acc3868f4cd2def97e73d7d67fd13f7819cf6a69cf6,ca6d7f58e15e4dc2d1a4912bd3cefe9d6d588702082d68345aca4c2052a5d060,DeepMath-103K,14925,train,1550,1
1551,02106c10c9e6fd3ae30f6217c35068cb21a9149c3c20b7ebf8606a5962603718,a6c228d942e2c1b6d8c82963abddbe9089e9898297630674b423f1c61186705a,DeepMath-103K,49032,train,1551,1
1552,641aa8b1fc047404a8a9c977e779bd13b35984e86985dd6e1c99be570625475f,f99fcdb75627095cb0543feda1c92b062c6f751cb64653a8077caaf0836314b0,DeepMath-103K,4691,train,1552,1
1553,863adf75efa989b2213bfe8c1b333f4efbda3a40167354ff7e0a3a0a253cb4c7,1d0f8072ceedfa46a479a83c8c3e2a884df8d34c5308247fb45e7009a61f3c2b,DeepMath-103K,252,train,1553,1
1554,5de26bf6f9c3147192421e1fb2374e93c00a1a0d46b3bd6f23db5ee190567cfa,f4c3ca1487d4513029f3bb29e76bc5cc4f8c4914c78838d172b89588a2d21c29,DeepMath-103K,3254,train,1554,1
1555,fb2c96ff3281a55a43d0f98650ce32b5985685aea82db41bb499c8230afb1b00,0c31c7f49dc26249f19cbfda065ae66b705d7023fab477e0bc288b995151a0cb,DeepMath-103K,37733,train,1555,1
1556,bdbc948caa5ba18dd6e99c8a18e97d1ab422c534486eb53be144b9dca3e5b2c8,5b61181a7c297213a377d5a2b5960c8fe1d42da3406130b2664ee21a013a589e,DeepMath-103K,42431,train,1556,1
1557,c29fae0431bacad91a3cf35c3ac2611394fdecd57276fc854f8b4366d9705d6a,0d03ce916560afb2cd81321ec99e7b813fc2c294c0a31c64c394915b9a9d567f,DeepMath-103K,89,train,1557,1
1558,c9baacc19f8a74a0c8164f1b6dd186675521857dc68012193c499386b23bc66f,c06f6eba422e4f3143d0be59f4d6c144e3c0590061a10da4b6f48a1d5c708578,DeepMath-103K,21237,train,1558,1
1559,ac46b8bd391b68c838347767ba49c5dcb27fb748233d256ca16721c0e97d6a95,15677c51acea8bf99dc71f8daffd8e4584c58bee6886c85cb18dd795b6acf536,DeepMath-103K,45941,train,1559,1
1560,37cd3a98bfb747c7285e4261fb66935bd6600fa5381a9699c0701aae74743a14,adbcfc4094f75d2d7b955d4eaff396185d0cce56510a980cbf193517e9f8d542,DeepMath-103K,20613,train,1560,1
1561,a55220faedd927bb2e868f73400140bffcb39937b14d626878bc4cc3c6639ecf,e67f6930f8af4b1c2b6f8d7d0c10b2c1c33933c9d80622bfd580e12e23601dba,DeepMath-103K,20300,train,1561,1
1562,3a9e72b9b68193184ec5363949df1abd97999c774886fcba08b22389ffc88a03,e129147737fb390b6ba7cbad54bc9cbe2e34a188d66f5aaf9bc1eedd376f03db,DeepMath-103K,9224,train,1562,1
1563,6ec18bea878c193b10c0933d28ae5f4ef24b218b9bbaae4dc85aee5791b5a75d,c473420d83e80d729f2060469da37e5700121cfa40dec8d1decc1c7d90f9d2dd,DeepMath-103K,12724,train,1563,1
1564,86650a5b5385d7139d90ac7d80e44f0c0f38364e30582ce5a9d7c24a4a436943,6eff2c1ff6386e6c515a2896d62458ed046e589884743a782aa61275eb131bbf,DeepMath-103K,14273,train,1564,1
1565,0727ae2fa059145413c58257ddc05f1720046321f2ba580f173cde2c0c17cee3,36d6cf50cdb96579eaea987ddd51142b0886423563d3e93b1baa945a466d0673,DeepMath-103K,24767,train,1565,1
1566,8a65e30ccc8c0e2976c36a22404b960526244ad32bf0fa9d49f16b0fe051dea0,c80aa60f02df0d654895b19338a2b9120e34459243fb615afc8c082212f6145c,DeepMath-103K,52056,train,1566,1
1567,59c3878d7988255f93742ee87b87d240bf13d9a1b690910f56ae2e7a6976f0be,8b8c0df2ecccd88bdf7552f8093939684742097b84589b352af4cf7a9923ca57,DeepMath-103K,34363,train,1567,1
1568,60b1ce218facc9d21976cea1df0d204cbc90e8e52b8b8e9f8f6feca6d9d3b9b5,9d6e2832a0460d82a4a71610f648a54c1202d0445c95d653f2f9886bdc7a938c,DeepMath-103K,12437,train,1568,1
1569,5839b890fc8f08f5bd89d6e1ed48742871d227492cc532423701f977faa277b0,88ade14cf659ced8cb8d8385124f61a7544c5b50a9d6351ff81c5abde525121c,DeepMath-103K,2349,train,1569,1
1570,a0990e6766b3984f7888a5073fe1577a43537456b13b479aa80e14536466d735,52b7fc26389f278831ed41dd0b7b6cf1bfdf9e1f48647c137b48bec34fe33918,DeepMath-103K,22109,train,1570,1
1571,c003b625dccaedd38964235100910eb8982809fa6f2c09176c2921bb2667c218,d421d10ce654755ac9fcf2a1f7340e3b6c7eb16965bd9396ee7954b7561e1bc1,DeepMath-103K,14801,train,1571,1
1572,fd36b454bca3f7464a2e79619c9ab6a3822a7b4fe01adc38652d762b4ca56ced,15a885a45d0d3b29e60b6fec657eaf0a9c7dfe76ba4506dfbf2910956af357dc,DeepMath-103K,43300,train,1572,1
1573,9db6cd4f2b524458543e1dc0cb03455d6b5287398cfcc5cd8028e1e01a90bf78,e7ebad908e57fe821724dc7f6201c2e82b571c1c64e0219f1f4c885ac668cf4d,DeepMath-103K,1299,train,1573,1
1574,020ee8808a6b14f1e6cd385ca85b337973b743f6f45643141e1f844cb46652af,80fc1f6f00839facf131cf543dd7e18072cbd7ad4947a942d7525b054f01d13e,DeepMath-103K,48823,train,1574,1
1575,a8ace0df3fe3a19fc6ce872a6683d5626dc83d5b4af67e4c7b3014c95e73dc1d,aaf6e0207d8d259d14028ee90aa144ce010a2d6853c43fc0c1ac8424b3104152,DeepMath-103K,42369,train,1575,1
1576,b47c04303d3e0cc8640e50b06c42112a78a30139293d7f3e368bc2233ac61f11,e30dab5b0d948e61b0fbaf3140286be83e6808c90829b7155762789188ad1aff,DeepMath-103K,20361,train,1576,1
1577,642d56791359ce72b6933ce0421090d7e3ae5d7b687bbee4c7702fb2e3a93e06,4d9b7e994f2a6bcad24552ad9b1c4e8460f290f90bfef3c65128ca856a17f184,DeepMath-103K,43183,train,1577,1
1578,ab86b3ba9b2c61b50a33c9484e34f12b136af53edb28fffb6b6920dc6a15c7db,c94ba00d37da69c265aabbe27a9993d18419324e5b8bfbc9e22995c2f3a869f0,DeepMath-103K,39766,train,1578,1
1579,a7fcce58c3a0e6cff99fadc2d20171b3a4bc8c7bc96fadcaeda7d44e315d6cb7,f7c6ffdefeac6e2b25f540fbe044b9988dc4c6193e5285f30258d6419387054c,DeepMath-103K,52918,train,1579,1
1580,fa839c7f2b3d249a22a13ef8d0dfecac1f25367dcef647767c6ae3faa6941948,ac993771068e02afb29c1d419507ee99f998e06e67afdb53c89d399841d66a24,DeepMath-103K,4121,train,1580,1
1581,e0e7f31a55c1f0424d09f665581c09daa5571660877ed0c09c59a6c724d09e6a,fcc170b84abb685bf0589ccdc15945b39acd0b0d4264fc28da7aaf29565f5184,DeepMath-103K,44683,train,1581,1
1582,fc0b158ef8d7505dfed961de6b8ec41aec3a9a2cca9131eaa3e3cefebc39e4cf,f3fab9721718902231384b48c773fea2c4305bef0db9c97f106c49210757bb2d,DeepMath-103K,28366,train,1582,1
1583,7f0aea50275cdffdacc6a18119d2dd5a66db4b45b5b52072c1833a7fd2f68eae,12172b71d4f7a28c605350aced957fc957ac5637069f1fa3ba599461f8fbb959,DeepMath-103K,3095,train,1583,1
1584,30bdd73d546f667f0307ad94c64352f7e49fab9b9b524b8e11d827d618e41709,50da7c9fe17c34fcdcb062176e6eb8570c5300c3eaf45d86ad8d77c9b1150a4a,DeepMath-103K,51814,train,1584,1
1585,e5e6108094f8e9144cb59794ffdc8a833ef0fbf4cf4899addd655decb36896ab,bdb818cee119da8a6fd17889c8f1ef5394137dfff62286cec62cf0157932970e,DeepMath-103K,42966,train,1585,1
1586,d136e37b13b04cbe7b44446deb7002352dafa9bb475eea3e7729194aecec9826,0a86e630e4aeb7817bc298f2c68759bd1a0a61cdff87d0803b88f689e2b5714b,DeepMath-103K,17208,train,1586,1
1587,5f7c7a86329bab3670f1feca0fdfaaff13768520f43f58b0c3fe26e4e3cc124a,4d6b5f5419708d8210ff2daa4c732720d153a79dbac4b6e6d35bf83952446b94,DeepMath-103K,52830,train,1587,1
1588,df1be0f241c4447e235d1db76f6afb327956110553c0a54b6bb4105f3c24c8a6,5d0b3b252692a15ea6ae7ed21b9bffbc3177c9ff46ae45794cf1a20922a506f5,DeepMath-103K,56583,train,1588,1
1589,7dc2949bc570f9ae4fbd5f3afae983286fd3d2c3e2a9c7e57d2af24870458be0,0ec5d37723bfee847d3be47bbf2fa2e2be60893702ab920fd832ffe4498ef66b,DeepMath-103K,9131,train,1589,1
1590,e10392a1e2d98e73faa43aa1779b7161604479e7a9f485a1f4e54920c2a6a27c,38f53eb1aededde387b3a30cc0a36d2b3a7763f508f67324f5b0d87317324e09,DeepMath-103K,53195,train,1590,1
1591,a4fa3f5f4673205940e5734c8e146be274a638d40db41827b1a50ba8c6c917bd,c3b074fd7552438ddb27267dfb97d203001c7a7a390424aec9bf8aaee6d18c80,DeepMath-103K,48642,train,1591,1
1592,546a74623626799c04071ff15795b9019597fc9999336125f1bd19b4aa6d8720,4abf6c414813629ce9674d961e0586806f08934ea067f0ecdd4d99018c417e74,DeepMath-103K,49837,train,1592,1
1593,1b9ad32f783b95bda6a7cd89821c8b4f17b046b2fb7cca016a828b7d4be5dd7a,1f879935223a38e158b2440e026e04e3688aa413a51787adeba7076551bf18bc,DeepMath-103K,22275,train,1593,1
1594,6cc3a14193ebef62033ce1467aea6c1cd0ea08e73ecd2e4fa3c3b11b4f29e457,69941848d96d94ae2110396932802e6efb07d4c90f6be0546eeab8c591263240,DeepMath-103K,33447,train,1594,1
1595,d8d83bf1e4f8d406af73f734774c748459af2e62e94084b686802276efeb543e,ec3d9bba056368347a514a3365afad60481e59210a624c736fdd82147f7ec8aa,DeepMath-103K,3536,train,1595,1
1596,925acfe69de375e154d92ec25aca430121f7e23149353dc8ba1d8888a78b3e67,a4f2a6c75367f66895650fb33db5ec3be9f7b0d73dc323429084ba99b7418083,DeepMath-103K,45595,train,1596,1
1597,286c4f4354c134eab37f5f3c489d39b21ab5bd044f56be2a5c90c620ab367f55,76315f444a8b2ff2b7030ffbf837c61d913d3f6e85419aa89d8e637b25b3b1e1,DeepMath-103K,27002,train,1597,1
1598,efd9deff3aaa0e85eb4e9d9552ee7a2a0303d0d7e327c2afbcf928fa2f7f872a,f317c00088265681348a30aa89f5a0c5d5629dd4a55c6cadc56740d3c5aa056a,DeepMath-103K,52177,train,1598,1
1599,ec9a72e143094d3d771fc77d488780887596d7624155869859b0b23295f16757,cc6cf75d8a3da9e230c92f8dbfa9feef88b472f601903670c9b6077fa269f586,DeepMath-103K,32877,train,1599,1
1600,7f9930655fbe1319d40b1665d8a2e661bdcb0a1dcfd1de1ec77a3f9894f274b7,8b85f69dc5cc8763e686833289bc4c85af56020e9a62cd810cba5ea7d8a58b97,DeepMath-103K,56877,train,1600,1
1601,652cc6eafd4afb64276f20e9af71d9bce0fd648681a8b6780d83766fd7d55cc8,d9d6d320dc39b674a65889c06c82cfac459f11f3e99607924c0feaddb64b00b0,DeepMath-103K,43193,train,1601,1
1602,66587b5611fcb33a62bbe5fb93d91d71ce2b5a78373ba191c9ae108415295515,a3259d93997a557630e095458f61195a721482b552564e150a525757bb0695ea,DeepMath-103K,18515,train,1602,1
1603,d576df497242412e595d408eb6439e3372a7372b61889663a98ae2af0587085b,554d7fcee44ad334d652378ebd8e375d13a27471a4e3fe80ccd48f53de62ecfa,DeepMath-103K,55112,train,1603,1
1604,de3e097176dae96622f78b1b96884d3eb3064a5ed08628711b4ed2b0618dbee0,025ebc6201f57a1a313def1607aacc65639d2e8b5ced8c97e40f934301f93096,DeepMath-103K,33324,train,1604,1
1605,55a6476087e9a809e4632d5ef406590ecaad35170176f970858fb0aed5fcc0c2,fd4674ab428ab402ddc507c358f40df5dae64e9c0ba093ce9a148f3384919a57,DeepMath-103K,41506,train,1605,1
1606,cea85e89f10163361a991bd0dd615dfd7636046f3295c0ca203c7e4fb557092e,b6efd139393d26b8dea36e39615eb7611469e54ec8f3085fd9c75fd1fa2f0c4b,DeepMath-103K,45314,train,1606,1
1607,6d8a0fdab2fbf2c27bbece194dc427561ccc1ff7e9aea5dec0550492cdf2a969,987694f5a30143259a7a650212c9627cbd86e0819c20e034f739b98427c44181,DeepMath-103K,36411,train,1607,1
1608,a8bd801c9863a4a969187b4c05ae81dadb31de63811d0a7370eb9741551ed174,bf80b6615f20ee23add828f2d60f93ad0f55d959a5cb47e755a04e3f5213593f,DeepMath-103K,15995,train,1608,1
1609,0f7dafaff7c14669e9c428a9bf466e36763aac8eebb634ed0013c3d1b33aa4d5,098e8b38cc9810a79f46c94c452e07e39880d0cec3b1e3cebf228c8aa906e84a,DeepMath-103K,44763,train,1609,1
1610,505c7cb159af38396f4d562298b277e6541623475e0b999be3fabc7125433a42,2e546e122fe763d0d7769e09b29566809126b1db69ae4e0c1db937fdc9f0b50a,DeepMath-103K,35599,train,1610,1
1611,29b5f97c6f2720d18a5b200039363101236e98550970c7f8ff30b9c06f9baf97,2fb9bbdfc72356d7b5ed09963390c221f95ee15568a2cdc335d31d3d9d68cda5,DeepMath-103K,2422,train,1611,1
1612,180fe09417c21741d015dee1a345eea9eca813d05dee49998d1b473ad1e1671a,5318c7b583ed013e2df0121182ec18c1967fc0af70d50ccb87253e1325db5002,DeepMath-103K,44126,train,1612,1
1613,441d5f1c7585e3b0f918a85a8c66718ca88427531b2623186098c46743385a97,9d158cd24057df0bb32acd9366400054852d451130fde03cc40b4a5a30db6ca9,DeepMath-103K,42412,train,1613,1
1614,514ea687d8f5508de6555a6d7feef69ede4334e6d7c3b32e63d2246755f60c50,8643c4911b38e31f752e055a87d85db41a38fb2764abc156ebe75803bb42a7e2,DeepMath-103K,55246,train,1614,1
1615,8f4bd8a1eabebe1a2eae59943ec350b7e5c3afb5c08d0b2a12baa246d822fca1,1d8aecd5775c351be1ebdac32abad11f7094817a169cc5d855e6c512a5c032df,DeepMath-103K,31967,train,1615,1
1616,a9b49dec20ab151765c1237860de10369518d2a9a2250cb20e749715091d839d,389cd2efd5c02fb83255457054aa7040f993aead8644b096630d602dd4ff1686,DeepMath-103K,19790,train,1616,1
1617,72a0acef19cc2bdfa7d4668cce75ae7cb92066c44dc640df46ca8e221a0f2e25,e06ffc936a195006b7fc561e94e5526f180e1c7a913aaa2057cf9569ee455508,DeepMath-103K,9941,train,1617,1
1618,df265b720bc254a39f90eb4a9261737c9e8f367f9cc40f63b0ab6caf13885f48,14a5b5cb02ec7877cd657a669155efb842323eafa8b2a94896d9f8e33fae17eb,DeepMath-103K,51644,train,1618,1
1619,10ab6c453e0e201d9f7d1d2df827e48f1bd5cefbf3999fc01c95bd25740254d6,5ccc7f9fdc9b5bb1a46620f38c8d5609ca28a0a6498bd39f0a090ac4d675ee4f,DeepMath-103K,42274,train,1619,1
1620,c11162bdbc3e6d303132c9a62e6186ce919ac3c56c07449c943e8e4cd83bfbd0,5a0f96df2eb5fceb77b52e9ac1db67afdbf142d5321eb07b29b4d94b6cdd6a65,DeepMath-103K,26980,train,1620,1
1621,4e7f9165680ca6a55b944356c5da58930f137567137fa12eee98ccac4f1cb1a9,a4bbc06bf7f75d90888fe36ca7e54919d77d6846bdf4fd1579579f530d69b972,DeepMath-103K,18457,train,1621,1
1622,5a7d98ee67270e76c303d97931417928191b4f9513ad7fc1f4e4c4b0856d2a2c,0f124cf50fcf17fdd02e4de4e8fe6cf3dbcdb02fed5852f5731dc4857ab78fef,DeepMath-103K,54517,train,1622,1
1623,a5fae64ad36b305d6340d709f4327202e420bc0a3ca39990675d6ec2dfaad192,d06662db1ce82edc9f2d1235d7dc6c6ba9d4270ac3d37a67fe27904b3bc9bb47,DeepMath-103K,22325,train,1623,1
1624,b2fb7d8eb395ec4608b21f3ee5168d03a58cc20efa556553d7444e1d1ed764c1,0ddf52f62408af232e38f4470984186b549f9711078b1e33e7b8357e05fdb224,DeepMath-103K,11293,train,1624,1
1625,2d7d05617383b2e88594f2255a8383646191e840ce17aeb9eba4418e3fa0e969,1a9ca2c8be2f04e8423702baff8c830c68d909199138cb7ff222d8dce211d105,DeepMath-103K,22484,train,1625,1
1626,b09a21b073fd3513c5d95bd723739ca8fd4dd859fec0d60e38ea823c54f6b90e,2f8e2fbeb314bb7c82dfb7085d9dee1bcdc40429998073746e316fbf482e66d3,DeepMath-103K,1004,train,1626,1
1627,89ed7f62aced7ab30605d07372d9e103925c3c722bcced416843e52859d321f6,b6c4e43d00f40a636c2b6804a3cce2089818e9256a38ffcab319fde93b861cf4,DeepMath-103K,36305,train,1627,1
1628,ea6e190db49d4fa00c2373fac12d8c402f1a76834706cda7dba511372bb0a72d,e04013b4550d0736bd0d37cd26564a6aee4eb2926a76e84196996470d92c83d7,DeepMath-103K,49783,train,1628,1
1629,169f7ea235bdb78efd975c7e35a02ea84bc355a9702c40a97a37ea2d0d813950,75714f74c3fe4c1a965354970672716deacda5c4ce3f512929120b6ddf3088ab,DeepMath-103K,221,train,1629,1
1630,dccdaf9d1e736064f86017fc83010b88450286d1de48f033754be4cbe97120ad,32093698e225baede92791598cd0d7c67d046fd90bd596f79d4b1770c127bd88,DeepMath-103K,2005,train,1630,1
1631,9e7f7a8f54b8c175e343193ebc7fa1a71d7195f36526db76a0fcac27a9def251,f060fee9e28573f3aa3200fcb20ff3dbb5fc9186f47c82c40901c4039605e5ff,DeepMath-103K,20748,train,1631,1
1632,d8aa9a379f78eb85df1d458fdbde8fee381cc502ac90de86dfce16fd690e95f6,6563efc9fbd3404e20911e9d9ad27a5b2d2666e1d8945d18feab66b7fed0d8ce,DeepMath-103K,12695,train,1632,1
1633,81a96ddb7e8b71669601d3f845e1bab04bcbf1660d4265bb61694f02061c5475,2871e40cde1d11afc36d24724e9eaaa69b9a881f14505e052c5a8ff9e4683fd2,DeepMath-103K,1028,train,1633,1
1634,54a10f3732e1cb78346c42a29cfb1aa56f368c34bd844b3868c3ccdb4aa2075a,8706c24f6a64f3ee07293f140612814202d1b382fae71ffeb8ae91d6860f2370,DeepMath-103K,49972,train,1634,1
1635,8ab66cb25008c33c89012712221c3404e33326aa62dc80daae5015a558d821aa,75a8fcdba4d8c848d9808e8bdd8e0e6443096613f251025e0cef9959de5508a4,DeepMath-103K,997,train,1635,1
1636,959e6752379faf284b40fe235d70c68bd418359a0d2a75879efeee69e761bbad,b2487df439e05cb8e1680043093cd7473e8c6a4111c718ec7efe9689fc7e7d16,DeepMath-103K,45055,train,1636,1
1637,867bf19a010d8bea47a51fd83fe33a0466c79dab6c83f7912bf3566cbfe61a41,c4de1cc0daa7fbb977f1d707b70f880b1a67438dc1b2db569a210769da9215f9,DeepMath-103K,46650,train,1637,1
1638,a33d7df093e9ca197fe38ede839774a8b2875fb6f10918406bce598cba964916,f9abb304e889d730dcbff4a520a123cd750d51ab0281f9d854129a25b44aed06,DeepMath-103K,43229,train,1638,1
1639,4fcde962f4e78cfa3ed4d1ab6da36e45d1be0f41d51585b7a640d4764dfe2cf6,4fc534cc12c2869ba75470fa9f299e09f82198822ee20299d158b99470ac5ac4,DeepMath-103K,1171,train,1639,1
1640,371b167997156fb14d28e66e57507ee2dc441770366c8cf490d48f70e5d81013,a4acb7600778a72efd948809e4c55ddbc856e57e8ad950d3dd7f6be7d84b2119,DeepMath-103K,43820,train,1640,1
1641,baa33f8632a960e533099ec450cdf9f2f9a1e3d39439eb7a382150f2f7a3f590,0d4fc9b90c8fc74ce4696d3317df6023dc6a95f5db04d786a2f699a6b85e4ca7,DeepMath-103K,4617,train,1641,1
1642,8bbc056d06bfe29bf5731a035370b8567daa52c8c80b0c27323221800032df8c,4e6e579771cc27dac0493905a05ea4c13bbaae09f0c6c4a69b26c30c34dbc4c0,DeepMath-103K,16577,train,1642,1
1643,66927bb2d83252e14ea81694e6032a3818e75747630f699fca03a546db0ff06f,c02fc9f6357f224295ba143d2267ef6113e963e79e1c6df934bae0ce76ecc143,DeepMath-103K,18838,train,1643,1
1644,07ca43fc6c4fdcfd7e8929a5f77722156b51b397588990ed54c543574ff84758,7a16e27dd5a15c8a6f3b6afc85aa3e2865eec5057d0645db1121b3ae399f26a3,DeepMath-103K,637,train,1644,1
1645,e6154e2b27a873ecde8f34943fa147018204b40efaebb2f61e2d57671a754194,722d846c49df567788566fc8cdf4ba3c069cfbb0d1628d2d379c70384556f981,DeepMath-103K,28199,train,1645,1
1646,821cf2b0fa446d0fee76c564cd84ce39fa6382dbc2376fa5a7cf243d581a2f62,b18e62e05da700aa30c85f5c51708a41b81580a6d087a14281bc1a0a07256595,DeepMath-103K,2532,train,1646,1
1647,3ba6a56b1b04ad3fff3f8466bc32309abd434d746db30d2c6d97f5d4196b8485,27ca07f4089ef234b9602d4731adc2ecb0d5ba91770932029a3f402c6bc7d6ad,DeepMath-103K,19500,train,1647,1
1648,3c3ee05ef7355feea43bb8dfcd63de490bbe4ee3267bc0580f62bff70b8e0944,d3f1cfb77924f1018a991ad2abe9e2ad296fb032f491cd2bed95cdba1daf26c4,DeepMath-103K,11204,train,1648,1
1649,9f9effd14e187749faade0b8de6e2e1e0ff130278665aaaa13f7e13c08d2d97b,506e3f923ac52ec00b42ef6fb3754488bb3f6b61a7db3be030e7ea7371cfe623,DeepMath-103K,29018,train,1649,1
1650,b0110245ffcb05212a513fa713c17693f7235c53a9dec1d65317dc00a1400424,db8efe2d6fee9e75ca0e0eac8b2ac5f17c68c52629cce421fc9fdadfb25f4940,DeepMath-103K,41212,train,1650,1
1651,356ac64755f769c3085bee7eaf760237d38f97beb2a4d3c5526181fd7355710b,3cbc6ed148827d2af64ddddc071bd2f0d7a74493db6c7c6fd960dcf2468e9690,DeepMath-103K,34514,train,1651,1
1652,bd9047894132f0d4cce907eecdec695c56a457c52f62643a81fd7b6f7041b0fc,efd76f040df5b8500ad805573c33bb91430f642273e99969c308b60c1c6d38ba,DeepMath-103K,47487,train,1652,1
1653,1f51466dfca1c4f87b96522c31faf56e9adc472747a13dee2347a013cbdf71f5,fe6449e7c200dab0d9507eae75d9db6f0e458e2dc0f2c337d4d12eada81eefa2,DeepMath-103K,1828,train,1653,1
1654,dcfab389aea8de15e73221170ad5e2ea135185aadf8e3471216eb55a78e277e9,accf46d971f0325d22129249b203b25fba72839d3ae0b728907be713513d372d,DeepMath-103K,39868,train,1654,1
1655,5d174413db0e2926c01814dc6784e76b177a7a412a811056c0f70db6bc913e3e,871860683732cf5bb9d26dca8301d8cab7ad47e0ef6eee80bfcc284f08e0df41,DeepMath-103K,4015,train,1655,1
1656,37091c73759303f5b158ded4da4ae8d18a2183d2a5bca4794a454e93e45d18a5,f44a801e5d852f465616aa023350f93461ab96ac26176d3b3c18daa55017a960,DeepMath-103K,31479,train,1656,1
1657,9aa280b852f28b5497b20743a73172036f698098510bb0d1537c37ca35618fa0,cfa2235d25264c78cc322c0d287428a025dee8ef29159fa613363f5ebb8dd935,DeepMath-103K,48985,train,1657,1
1658,8e5d66e6ba8332c8cbdd3c5f9c22c3233690b8b5967503f88661face8e58d65b,a358f026a3bf0cc099ec6a677146e57ad2fec22380d512971c7f582e3ce38bcb,DeepMath-103K,54510,train,1658,1
1659,bbf37f69d0b75caedc2b9dfde3e1c59a8f4a41a943d4258f5d833ceba7023173,0f25b2dfc5522ad4a46074bfc2f263c1a5c443d2c40c29efdced20bffc02101d,DeepMath-103K,12701,train,1659,1
1660,fba38075ea3b4fd200a30da7c597ed702eafe978ae311b9b31bfbb8b6d9712f7,689bebdc034b5eb3422492f34b95eceb7a03a45736680dfda2a1413c6594db50,DeepMath-103K,35883,train,1660,1
1661,9f703e00b97cf213f3b9697c0014486caf211b492f3bb8b459b831d7d4f31046,e7dacb41aba39cc61074c85fed2c16a7fa4cb1adc1896a99a5d718b8234e18f6,DeepMath-103K,46531,train,1661,1
1662,6c0295f58d8a49581e2bd2a8dcf815602a504f203a8cefb955c90bdcc975391c,6b1bf0f59a54cdfd2f19dbc9cd089d2dc2f00d3c03e8e232e47aede9ffeffefc,DeepMath-103K,43557,train,1662,1
1663,0c9610adbd33e81d6a4232bf60577d6407e199dadbb88f81f1fcbfcb8af0579f,7dbba098fc31fb0440952c5d7bad04c325b82b043ac3f660df8c60782c1b79da,DeepMath-103K,46779,train,1663,1
1664,937d8142708af60ea38854a19d7862b28668dad5d6b2085e7fc5c73a13d081fc,1ce81e83070f34c099e741de56f92348487e2b5c964a42233646e9701ae6272d,DeepMath-103K,41034,train,1664,1
1665,608fa6302a070b721907e8065a452d98cea9f0a2be8f98e1be7a312071109e52,af74cb6d6a13b9c92bf6563041133403bccf0b9bb6b130783307d1e628ea0956,DeepMath-103K,33911,train,1665,1
1666,7ac21f0b5081d8289b4d268de7f1df8e9ce64b4fbe6726d04cc4461fa1d0ac30,3c87822732bfca1d3a746d29dafdcbddb99e22df7e77754a832d938197578f1b,DeepMath-103K,12448,train,1666,1
1667,cb7030cc09fffd46fee475f9b333dcf276ab8240af0492d81fc919cd422a6989,17bb688f4a440920cc5f2670b00de6289164eb74f0242b6ffcc067a32392ded5,DeepMath-103K,12579,train,1667,1
1668,438cfe7a5e4f506375445e793d3b5e7829ed6ca1f01040bc1fb577b6ddefd745,d8c86ef7da9da855a50004da83a57d666ab9d3d651ff9431b22000789e8519a1,DeepMath-103K,29591,train,1668,1
1669,ff3041666b7bc7cf9a5e6268f10571748222a17d476984c4cc9332b9821b34b6,52f02a981dde41bfa4caa17b50018cc678c9a88da1844ebed4f0ea66a6d127f5,DeepMath-103K,21014,train,1669,1
1670,5dc9e621398dd70d5e6a70defbeb3ceb4a3dbd1621768fd7b866c2dfa197e2a0,60014d5682db69a15e7eefe108a14604c241b9ff5a73fe453f60f94bb56108b5,DeepMath-103K,38867,train,1670,1
1671,04be15a836bca87823da989f3922e32cfcd606b042fff3160d8152d92467d104,5a52810a457646033dcdb8d442f2b987d5adc2b6718af6a908ae3b2108f60dd4,DeepMath-103K,17390,train,1671,1
1672,228c7fa834df448d2e7aae04df7ed0fda84bef7f50a62bdb0f8d7ef58d38bf1f,6610a5dd71b4c54b8e64011aae3dd26173095bedf87a99884eeda67fd684ef3c,DeepMath-103K,8759,train,1672,1
1673,b04e2b153b9469939be3e8508b328fb968e49349afb97de4ce8e3a529f00e8d2,589868ca13de36df428c0a3fb7aea0cb8f6ae77435d85184fe1def8940c7d4fa,DeepMath-103K,2558,train,1673,1
1674,eb61923b06d70add64b7fdb0ef9adaa251065f461b4ba8bbd6f2a1ac919ba724,f7d347c6d9bb238a1839b6d3d8a7b1aae100756e7f59fa4ee04790fc72ffbfd3,DeepMath-103K,51037,train,1674,1
1675,15490f6b5582b949e0d3a7ffc7f37c4e3ee10da85ccc1b6777c72a0ce011e9e9,1d600362ac6feb76bad33dc4a55b45585ba03bff0382a1e42b3b2b83bf4f72aa,DeepMath-103K,7972,train,1675,1
1676,4a79ae865702d354fdc075d0e01173d405fa9706a007fdd87320482c6ca34d30,79a927a4d19237e2435f772c75016a00810c45ad66f759d7dd56a99b1cc3c9b0,DeepMath-103K,15609,train,1676,1
1677,c302dd0d5c4ba86dd3c18df22b2f3c3ad5d86f1592ce8270743841e52499f9d8,98d16ab9a8dc24fc36a5ba66ceb0cf621b14230702f7ecb3a6459c691f635786,DeepMath-103K,50056,train,1677,1
1678,cba5e651c7ff927a05aa28fb1b28eb89a73b0b86fd1940389c0bb8f149d92e7c,3c2f2ea3e2f1ca533cd84a091b8d7ae45680096c12b1c58a8052993d3c2f4813,DeepMath-103K,29585,train,1678,1
1679,794353d2554216c92f2a82fb12ea9a5f9e13e9bbac95d807d90324728d718d18,05d5237dabfd9252006e95cfeb77691d3cc119302c9f3bb540b51171d37fe0df,DeepMath-103K,14550,train,1679,1
1680,8d622d9a76293181ba682669fe47a01b5067f091833eb5a1daa21b3e6ced1763,c4770b642e34f95fbde135a4efd6ec0ee72a4f5ffe2dd4be6e5cf8bc8229e784,DeepMath-103K,45136,train,1680,1
1681,e9a9c285d39bcaf4529796e22bb61a9e0274ff6d2f5263d7b0b36dfd712eb848,3afd1f4a2e4936f08fbe1fb79d4b5a11f4d77256a34ea06bffb2c5160620a053,DeepMath-103K,693,train,1681,1
1682,8591b10cc37ae8e429c0281325a8fd5e7a5124756f5e2f4f8e1e1f72fc74a890,4074046b22b4b2bf12cb29b117b698d99f7c236417477885b9f92facbf654bd9,DeepMath-103K,38544,train,1682,1
1683,21e8c62d12cc113de28499b25e4db8a8b461a18285ff023615c6063abd64c482,d32c9c45de1713cec65214f011bca8a9b7f5ca696229a999fcc193d820632460,DeepMath-103K,49222,train,1683,1
1684,486498a42dc152253d804c92bea09da81a6aaa1abd866f376b9a660d41d49b1e,69449692c4760ff4925a6f0cf8558afbaf2acdd28fe96c56ec1d54ff8d029d3b,DeepMath-103K,34137,train,1684,1
1685,2cc93e6cddf893749d6278170bbcc1bc9b95125e0c8af0d44e80ce26b1c74e7d,bfffbebd0e2179e876f72dd0b091ba019be17e7e5d229a415c6be794369aaa15,DeepMath-103K,35981,train,1685,1
1686,b90fe18127d7ee4e4148afb2664a8738bfafe1f5d5d565a9c26abe7e7c7dd17c,2662d3ccb7a10ff6db8d770dcb85f6216cee5eb210011c4a0636f0efefcd41bb,DeepMath-103K,1337,train,1686,1
1687,290e48765b0a017fe0b95dcfc92a7a37f64c8b6a34ef476f5ce25f35a169b415,ba5ad0bc6241340bbd0d597cdfd90851fa24209241716a4183e94b806e576a05,DeepMath-103K,13042,train,1687,1
1688,c68407c4e175051766d2d67dbf5b113603cc4655e6b524ca2348299d26ac7214,0c83d2d31184d7b78e0a76ece8561242e106a94f2a19e5d7496a8d11604bb8b7,DeepMath-103K,26036,train,1688,1
1689,3ac3f050e80ad81bb56da559f4c980f51c5ff95af39eff3f7e638d290c04a858,52efefef132c8b00ffd2af5cea391c12f5ecccc8bbfe3122852b669ae66b0823,DeepMath-103K,5687,train,1689,1
1690,da01f8226209979f40feb4d576436d11f7336c6b35e516123b77bf87d69ada9f,d5393745e9da1a838c6279204d84baace7ccf710f3d33b408d95126b7404428a,DeepMath-103K,39950,train,1690,1
1691,4194edbcbc36e23127638eb564e0d89caacb2bf9545a309b9f891024ba6189eb,6d9ea9c0ab349febb6e449fbd54c7007d0b32bb5b69034300740460939b92769,DeepMath-103K,22727,train,1691,1
1692,daf1cddbc19e57f5f8f451ecb96f0259f51861eeb7ae27d5d7b58d8d83c891b0,2c4be00124615ac7f3e23004e2c074f0bfc6e46f0ad5578ed9a7ca34b416e4da,DeepMath-103K,48624,train,1692,1
1693,c50d79acb410b79beb35f51fc9c05f9c4a93817191ce5beb69e32a7346f27a9f,daf7a1c2d12f00820d459a6dd9d5440b7fc5e81430f37761e27b95541ae60148,DeepMath-103K,36853,train,1693,1
1694,89a62844a57dea3b2b758dec95458794459a564c2cebf85a8b00e708dbad76ed,7b2a64165c23c5d5657585b1e6c32e01bdb32e94b8a5b9ee7b59bd08ae2025a4,DeepMath-103K,24616,train,1694,1
1695,fb680a09d32dfec28eac887a841994c28b399f3d4dbca5072d7a7e3272fbdd1c,f199208153b1a3383c888a0be341e8b967b527bf433955da70255798d116cb3c,DeepMath-103K,29790,train,1695,1
1696,7b8bb30fd5f5f7077af4a2812190306ff23d938f760641b4154294f5f6fb6ee2,71b3f38dc0e95d24dfb18f0855eceb6ec26eff1ae353e378847f241c1b40e22c,DeepMath-103K,47468,train,1696,1
1697,e8b95025366c6d2f2a5c925ff5cd13829a41472e2823e9004be63eb568dee573,885f90cebbfee4712d79d31962d7d16433b9557f476bd18d7d9b286ea0fbefe1,DeepMath-103K,24668,train,1697,1
1698,6cc5d66741dcec8c9e833f2e75b73180427700e2db1e98d1c376b8b44a8a5515,4711b7bbf96cf89588911c4cda708e9882000104c69c47dcef9f54bf30fe5a71,DeepMath-103K,4169,train,1698,1
1699,79190197fcbab0dffadaef847cfe14c61318f2c13f1a145056a7537e85e13078,8862b6d972029736aba492c2a5161d545e94bdf732c370099310f77af972b1ab,DeepMath-103K,32598,train,1699,1
1700,2beaa275c8ff33b339bc3e9d4ca75883ae9689791d5383eadece92a382ec0716,1de61efa47f4dd6e74ee0852d668b3ac91fdb5b4306ff458523537db88875b3b,DeepMath-103K,8341,train,1700,1
1701,dd98f4f00225d415c72f4d723d8ddbf6e664f8a7817a80dcf06db878ca3bd057,c0853c3b0a884d5c3859b62de907734f3887e75ced9db2c4922e41347c32b1a0,DeepMath-103K,9870,train,1701,1
1702,f173c161d6d5606602d3264505f3b1cd8797cd0a8a77fa308bc24b55e1947665,e466505010fc7bd33a2452c07651eae39c24333f45ab2439b8d5cdadd2b52db1,DeepMath-103K,19962,train,1702,1
1703,aca1005a9bffb6b0b56b5eefdb773e96cf7099c6a20e4efd066117ed9ac4019e,9e1afb29d3ff26c1ca861e96ecfbc8c4c3813a7b55b49d6e35455b04fb32dab6,DeepMath-103K,31965,train,1703,1
1704,80f4820d2c89f9f7c46a4e6dfd799daaf0c1b37359101d38d8ccebcded43a698,c03dd0cd9b712a65d94eb874ec77d0399baa09eb6ae18d12b8a633b66096ffd1,DeepMath-103K,53767,train,1704,1
1705,cd30a26e686d1833b0b4b2bf6ce18b14bdedbc60e89f7c74fe7aae37fa9da004,89ec7beaf7cc8eabd93122a8a89d06d40e9c8ca8386419b86b2e2501c5554888,DeepMath-103K,18850,train,1705,1
1706,1c416d0c43eebf6acd5eee069d1fffcba36a3295f3e264c22a8d0c56425c8c6e,752230d6561e0ac99fb673e08b3ba7d03d53a3eb93c86d249330413f398f14c4,DeepMath-103K,18961,train,1706,1
1707,8a7c71cfe77c08b36594c0f762e1b1fcafd4bd2a8fa13b50507eda1798c67680,af1e2fb870a1af00aec4890c41d449e97f9d24e13e2e9ee3167914a676dbb436,DeepMath-103K,25339,train,1707,1
1708,dc1132333b7a726edd61cb0f3b656e47a0a43d8d4eb0b0e2b91ca8b235bf6311,f42aca2a19f6140a6f45258a77e2aebc30580ad371673e661a1a44edda9e5bb1,DeepMath-103K,28824,train,1708,1
1709,a1658fdeda6f32443f57ecab85062ca18518de0f582b4c2e053101e32fbf2e4d,337700d7c892c0028dc0461fa3d680890164ebd6ed3143ac24e0502fdcbe9f1e,DeepMath-103K,56662,train,1709,1
1710,91787385e2e05126f75e806d38e9c602fde390b8c6fb3e2a93b09ed0744b8ce7,adb7ce4ed5c4977b48830a3b48f6cf900a03f6bafce77c4968d2228ba03c6c83,DeepMath-103K,6076,train,1710,1
1711,e88366520c31f70e3bc3700a08446c5d959d596db52ffeec1a3582e7bf30adba,98095714547c7090f76028899e71f8bba1f96232e26ec8c630d19539c72cf061,DeepMath-103K,22654,train,1711,1
1712,80b27838241c984b4ebb466d9b39dae680276aa4d9945095cc46bb92e4fdec65,144c97490cdbe4a7f0db6f7442e945638dbfe073a1077dddd9e14706f4255d91,DeepMath-103K,51504,train,1712,1
1713,eeb69579319208014a54a392a7dfc6bc1db8784f589710e42cf4e923155b9efa,f032f704a6a375fa4c271608fdb0a2cca77971e0f49a309b9d823c282e2f01e9,DeepMath-103K,43829,train,1713,1
1714,7c7c3194ea1bbfb2ac1e836748d56176b85f863f5fd5d8173f1270770b4d45d9,7754349bc58d9b9ab337b13e7cf5aab8cc6b29bc7abd7490ea9217b5ba363775,DeepMath-103K,51552,train,1714,1
1715,3bd90ac396c9cf0b0b8c7cea487e67fd3d1da76ffabbdcccff547ca0e66ea12d,08ac5f883ac8a502456a9148e9a44771d11627d372170ad0bac2bad2353c7e91,DeepMath-103K,7845,train,1715,1
1716,06a623272ebe2d5b1e434dcce61c466eaea8ede14016a849cd775074c1412067,c73101495b72968d9c24a3fbc5f9114ebd6dbe64f8406ce74b4c65912e49915a,DeepMath-103K,8112,train,1716,1
1717,440112ae91c0d38224b0a888f0654807134cab75c8bc364e56d77cbf2931c16f,1b9800ec1d702b6787721c526926c897ca9507a7174cd0ff8341f3ecc1a1a4b1,DeepMath-103K,8009,train,1717,1
1718,f6f6ee39846931b2946107fde58782657e874fa643c38dc76b02bf05917250f0,436eb2a0983438d7a1fa59097442ebc63df6a00655f7b892b4169d7dff737c64,DeepMath-103K,21660,train,1718,1
1719,fb4ce901a051de5b938c4429261774274ed1226f28c54ec388ece33727a028cc,39ee09fd54792d22f888d6a58a3b7fdcad8c4df5b28f1a21bb942b313998ee40,DeepMath-103K,17693,train,1719,1
1720,13f127f1f8d79113a6899049e561711f6191d4d8ea5f0be399913728aa3c32e3,f6e84bf5fb3602124b37e2eca2eb452986e84cebdb245d592f6b8f03a2536340,DeepMath-103K,21836,train,1720,1
1721,a7f0ab8dba5a4e813f583260fa3d17617998e2cf5a1e460141714bc8df3c3bcb,cd80188dc86a2ce3ce1cb0f822a42f7979a8fa9df0996647303b1acd85c818c5,DeepMath-103K,30075,train,1721,1
1722,7f71b442e8244e6adf1bbd2b91c06563da661e4f6b2a8dabb8940715139029e4,14708fe0ad52933974c85d4678611869384d52c54dcfbec9314cb42072698be0,DeepMath-103K,37148,train,1722,1
1723,0bff5734a6dad127d1b73a1cd7d3679c2b179fb46253a70d078c439865f39c16,47ec344e11b0b4309eb6a54587da84c3805ca91ce5c938d8e78177ead6c983cc,DeepMath-103K,31309,train,1723,1
1724,358a8c0de8e8d2d16fa4dd1013431db97992b321b7ce57cd040bd6b862c7bf88,16b95e4c34da76dc1068d98823d0a27514f78b003b0cf66695c440a5e6a7c7bb,DeepMath-103K,55616,train,1724,1
1725,63b47d71e4c0780691d32a3c634277b666874392140bac15f654fe1890cdd112,fe7483a3c22d76aa36bb56070d8c9fdb991fc5f1e64c35c0913ae44d3eb8a3ee,DeepMath-103K,40928,train,1725,1
1726,32497ec0345dc9fcd07b61316e386e2ad88e98e3fa9da4f1a7ef3c6a83f1163e,4a54600797686cb1ce03a9898facc5ddd4e0bac74b848ab8a25a66dc0980f9d7,DeepMath-103K,35799,train,1726,1
1727,2388fa766b547e6c2f5661b5ce1e5e6b839b9d7e5af939482fc06b3e5b8001f7,a0adeef2d39179ad0f1344676831c71abf15bf93c379d2046dc8222cd70b5c30,DeepMath-103K,9921,train,1727,1
1728,5e645241bc6f46c77abb5967bb8ca7d1a4e3c39d9b0980cf571e72a2dcd43c2c,78346e2a097db0a6df80bbe4b06c68466601c30d8c6136540ba679bb58218f0c,DeepMath-103K,40616,train,1728,1
1729,7aba6a0922ee370ef6afbf1a05715db01239fa8c255d33d10f672ad28b41c980,2e23c724524ff46108b56888b33c62c2b05bca4b9b2b38c59f990dbde693dd9c,DeepMath-103K,52905,train,1729,1
1730,fd5dc46dffd40a886d801964a44c6e5de8545f2a36aa1a069e04d4288bb628ee,ef9ca19da2fe22f96df629caf5d8627175d305795d8fdf817e26c469d47ef167,DeepMath-103K,43111,train,1730,1
1731,f1762116b94bfab88e516d639c8fd9dc9c5b7cfd78622b27d76cea3c2aa9a6ed,97235b5ebac65af983c14a90ccfe1efd285f211ba45bd7e79c17ae6585eea549,DeepMath-103K,44252,train,1731,1
1732,45f3860cc3ce34f443ee9eba4ce1bd38d3108cf0e32ff89642dca8d2cf3bb6bf,f698e9b36c470ab01fc49c45ce73745c1841c2485e1f53e44effbb9b2e1a1c78,DeepMath-103K,13864,train,1732,1
1733,ad51cfb496eb8c05c53c9016e013ab1d6f961306da3d6d3c4fd0ca46a13505f8,11ae70ed441a7a3a160757ba433d55f9d0caf7de8fe98ea1bae94c720a6d85b7,DeepMath-103K,9159,train,1733,1
1734,a31a98e5e0b665b80695efbd6a19e93bd0cb7ca571623d0f105f3e8a1613909b,9e46b5fdd921a5be3caf359d9e1fcf679552cb048077e94a976cc20b198d74a4,DeepMath-103K,36474,train,1734,1
1735,4fcfa2523dfef0cd1c29573137b064538c2f54f38b878a571fcbd38b3666c3d2,361bde8292a2c00023175c80f54f0c0f666541dc177c80800d96ea9eb6129660,DeepMath-103K,53390,train,1735,1
1736,cbaa1dd9916b87065f634773696e2c59eb0c4c4ac786cb7a2d5344f141a2c7c5,4f59e68db41d9c576c7523ff667a4afa6c6fa0bc3f3b50a1ea111be5f6457a63,DeepMath-103K,35499,train,1736,1
1737,4c7c0d08f0b87d050093e959184df62e8f2ac4c5d382fb9f8c4460399f8966ff,e8d600f3333f5ae07ac490cfe2ef8e5500ffb7634eabf9b53247e2d6a63958cc,DeepMath-103K,47182,train,1737,1
1738,a9d0730c92e7de45005377855c79ea84ed85314e9340d5e11f6944850c8a49f0,0f51dfda7e3f8bfa7f9d63cd88023753f02ff0a5dacaf577501b60fe64302619,DeepMath-103K,5550,train,1738,1
1739,dd6cc6f9bc2729ec394278a59a610aff357d18dd393071360cc41b59aae6357d,5eac350686c4b5e1988113dbc5d84bc4fd7959b6a1fb3a9981f618f2fba87c0d,DeepMath-103K,1355,train,1739,1
1740,0b8def08e7245337a0b175748aa506336baf43a4013e01a10b133e7ecb982914,c95c9bf5df59b0ffd5113f35d66373230d92d4b76fac2b08022130c086ba6816,DeepMath-103K,26797,train,1740,1
1741,7b09cd7b53f6b916972b9fce1383a8bd6003032ac5cd6bd1e3bca47dff26075b,6bcbc8090004c59e810f7d550f0e02681f77feeb7ca021c247a30372c5d1195e,DeepMath-103K,32491,train,1741,1
1742,ec4f6f0943817963120f602ade6c77d5c403657f8571444d6b5e2647955340c6,4ee816c98151fb8926925e4093218b13e78a25e3f0959cd8dead5831fcfad822,DeepMath-103K,2098,train,1742,1
1743,c11788e09b12aadf4354ec77198b7489ba9073779ceb33012c5504ac904b84c0,0a6f63a3cdfe6c213c81edeaec1609517bc3a905c43523a859187e1cfeadc84f,DeepMath-103K,49072,train,1743,1
1744,300322e41e465888d638be5aed50d3fda16d45283e462c7722d5fb52b74196c5,fa0d0ace62258f4a253d6e1121449f80d6cf72b3f3f999232bcf23587c4d573b,DeepMath-103K,15393,train,1744,1
1745,19d2929a0d292ec93614e7461a371476c761dce7c32b77400f244cc6ba69720e,bb65c0d8ea2082d4abab88b5093e45984f7d2b9bcad21b21a041daacedb6491f,DeepMath-103K,52826,train,1745,1
1746,dd2d37a9b890e9f7144b725f70320096983bb7751c590043c2883242a3f6a650,4bea8800a3e884719da5ad0918aae62d90b48830b5298868236532b34c07b0db,DeepMath-103K,22584,train,1746,1
1747,30551bc8b80153e83a43b3d93c383b8218347241b9b120ab15a3e888207f1659,ab0f0edcd3e2bed7a6461df44f72cf3f63865e0c6d58236f9c3d81b34fef94b5,DeepMath-103K,47599,train,1747,1
1748,51f75b1087c0e6f24f0f86737bb9558632eef95195038f5b972b0896449fd32c,241f9c7ecbc3fb1cef794a7da547e606232daaabd3085d138d5fb8f6e15a4cd1,DeepMath-103K,17231,train,1748,1
1749,df3af3c5992fa936a3660be80378d5f52f9afb33b72238d81ba7457d713e6912,50d25249cfb64e15b96da2286e5d0152e3aea06328677fca7b8492112c45ce04,DeepMath-103K,54403,train,1749,1
1750,46378b3d6c02abf7567d848644ba72c1c49e13e4863f3b564a3c36e0a45c4ac3,936dc9c198f49722e93bddf9d2c1f3eb232ef885000dbec877334495c7c69411,DeepMath-103K,38344,train,1750,1
1751,70e04577ff05ad750d3c1ec2403d9680b99a57fbe983077575fc8c8f8b2e6806,ca294773ee646b205c012451d2563094d7529c344aa2116eed1450549e6f7a44,DeepMath-103K,9250,train,1751,1
1752,d3e3b31e402c2457c9e8c705f44cb4685b39233ac20ebc718b376157f16972c8,a0ba8def5489e519ec01df0a03fb8f1e0283540a19817b1e17d163ffb1d7cbcd,DeepMath-103K,23294,train,1752,1
1753,8b58dec2ad57804d7779515816cc1800e515888b6d91aef58f68879680e4b0c4,5adbb4bf955a1a0b647c30400c1ff22bb06ca215d51dcd04b876fffda86e6788,DeepMath-103K,48701,train,1753,1
1754,0ee75bfcf3363a7ac9fb8e662ed308cff3a15a6d8314a531654ff7f5523aa02e,d3647e679f8b9d5feafc6ac0df0d41c461858bb331618f40476246b775a80fd5,DeepMath-103K,29487,train,1754,1
1755,1a79e829c8d8834caa612c94754a3df49b6c2e50dd8964af5cb809af1dfed4e4,40292dfbb2f60067f1d5e85916c508add6b303448d36b07bcd83d670458d31fa,DeepMath-103K,15087,train,1755,1
1756,98f1f4b4a40a9ef12730a1ebe083f4edb9c24dc1d57d229b842232b594361906,387356df615d003b8a88e17276f5f2b7e2bb0d99f99ad0e3a0366566a398492b,DeepMath-103K,42615,train,1756,1
1757,69edcefe1de4ed39e16d0edd1a61f87cc0251f30a1dd352c915e891b4192b27d,4319b2985565dd2aeb2d3d0cb29497d1e6daa7f4f9b129026ad22b932b745dcb,DeepMath-103K,40932,train,1757,1
1758,8ceec728ca629cb16ced57cb33f0d915578dc260fbc416dcbc37ca5c319bc629,ad9e6ddb99181f62ed7cb1517502ecc0130ab8c600ba0e53e25db4aecfddaa48,DeepMath-103K,47488,train,1758,1
1759,ba5395696e3b91c8c98feb8264ead1135a47ef1c3d72f3d044de94124849e167,48ee4b5507e96e83ae2750a6fa0e8359dd443f91c98b0e9c7ccb7b1c1ccf96cc,DeepMath-103K,52076,train,1759,1
1760,cb6d2cd1e4135b517f7e3e964c56b9f57554006a46f2c85d4ec78562d23d0804,68c492f3efd2dac607fa6cb413ce6a9b23f1e7d413d0ab78ab86e56f8a91a16e,DeepMath-103K,34757,train,1760,1
1761,6c737eb88b143e28f6773c942e1343f58008d3c63da70d62211d5bc29615b7af,87a6190c72f54f76d93dc5eba295b8b889a3e7d64eb85df20f07d322aaad56fb,DeepMath-103K,37332,train,1761,1
1762,7e49ecfd6c83fe014821f720d75bab3af7ba36df1ccfd171fef2c96a696427db,f4736b9ca5f60e5ad81fa0892bce16a31ec148dcd33c4e15c0eb4c3d7920fa7a,DeepMath-103K,42080,train,1762,1
1763,9a7388995a1af4326b4f3d64c8054a707df5b88cc0bc77718e06a455edec2eb3,474bc46f4afeafeaefbca6c48dc7c29f7206855f573c47624d9b96e1e97bf9f6,DeepMath-103K,13645,train,1763,1
1764,a0c24c0dda7da98ab98bf053a85b55445015f96254e0c32425ce6af05793fef2,b63eae29699b80dcccfd898a603cf2d8804ee29bdf4e23dcf3b60bd633b12718,DeepMath-103K,6592,train,1764,1
1765,777449db7a2bfc1744db583a58b7a0bdeeed26f944c1aed5c1384cffcf7df894,95d8a63b6faee8551081688afe3a42673956535b5c27a1a68fa72174cab67483,DeepMath-103K,38526,train,1765,1
1766,311b16a236d201ae0531543d20bb5ff0c7b057b9f99656f8c3938a72645b84bc,90a2f53e1e0b10062afe0ce1f67940f630854b1d65c4ae5171aac3d2be237e3b,DeepMath-103K,56825,train,1766,1
1767,b3de0fa8f80141cea96c28f577f8f3c961d9716b9d9318bbb0e1fcc9e7807aba,f1f8218f0b57dacff775ddc2389c41f10f8e20d62f5462aa91439cb981c695b5,DeepMath-103K,12929,train,1767,1
1768,6ebcdb44ee4f46c3920067aee0416b6bd5b6ec4a5d56a70e6781d7708703c2cd,733879c64da885f5f72aa8fa0d1617b19dfe968aba482d6fc0b1161cb8a9b39f,DeepMath-103K,52271,train,1768,1
1769,0d9074514fdd0e8974d7070eb0ab60a6f11d549c7d6336a6a7263ce7e7009a88,abae434257ca49a753db8d6808f67d3a15545fc6bf17f9c75d3249c68b3b5da5,DeepMath-103K,55057,train,1769,1
1770,bebdead7b14046691089c082628930aabe18a1efe96fb50950194361d73be256,8f86e31c5b54d7aad3da7cd91da479226b7214d0aef502dc6c1f71086822fd5c,DeepMath-103K,15494,train,1770,1
1771,a75e1fdc445ffdda80c004c0e34f69a847ca79de0c1f59029c16baf8d7b7a998,aab5abda1bbebb8fa49023b70b2c85995cad22e48c130bf17dff86665facbbad,DeepMath-103K,38778,train,1771,1
1772,04eb27c75f346f42198f238721df44e37319ec6ec4f2e82c4ffbfda96eeed2a9,338536512377df9e8b310b63dc67fa4c571c787936f154e4482344266fb9eab4,DeepMath-103K,20133,train,1772,1
1773,f762fff0a94ede434fbd580e8ab93a6a1e326e768347d2d85fb483ecea275432,8ad263c37f97cbbefcc50f671dfb42bd7be749faa8c88b2efe1269d416e16c8d,DeepMath-103K,26642,train,1773,1
1774,6326de1206a97a06c2b1adef7e325451229852a59137c95cf9e0363a871c28df,d4f80e05023ad522dbe5c96ce9f9512cfa899371bc21b9d852b7500c34b830a3,DeepMath-103K,26040,train,1774,1
1775,b9f5652bb1aec1161180b4d99f9126f0747d767dca5f29a7165f224630871f2b,a6f10a39ba9f2879ff2e27b82e45d2904e8b35bc2355c0da7c9fc69119b9a86a,DeepMath-103K,41469,train,1775,1
1776,f51826ae827dce4794a9e117150eb6e9763503e8f679479db9263f47d0b9c259,6b65b402762ef21478d8d70e4a5f09bd7e571bbc7254f8e49cf9898f35753ba9,DeepMath-103K,33507,train,1776,1
1777,854edc7b16f4f99875a2a231a145bd31e2d9165ad126150d5c47c8169321560e,f3d824e0306461bee6e1358ea194838476ad18c4c8ae1669ef3029ad0b80d33d,DeepMath-103K,27119,train,1777,1
1778,cfb35dede69deddbfcc8b86e8d30b57909dc86b6f293ba3f7a9ed3c63ef4f464,7e89ea3d0f6045db9b25d0aa1d2a73811ed6e89f71e7ad2e0d6f20d0d07ed0ae,DeepMath-103K,42135,train,1778,1
1779,5a24c668053bdea01c9bcfb5028a591445c4ce338b755a818990f67e0017c409,b4cc83e5ea62f98c3b4688980e38c1798fc3d9c45a2e12b56d6c40274dc61716,DeepMath-103K,32898,train,1779,1
1780,e9619c08c3f95a6695fdfc890194c3d1f2297ae8157bb3ce1ff2629469f8ec54,3945f6969aa00d293ff2216d2f3993c7606d18f3b831c6cf71712ff5f32d81b2,DeepMath-103K,26157,train,1780,1
1781,56cd4dfaab1fc9a3ef5674c7a7535d2979e45bd4636182a823b0784db688d420,29d833ae2a5e76881110821114a2b675084bf1c2030db3328f7fe2ab459b2ca4,DeepMath-103K,50772,train,1781,1
1782,99be9096549d3e6e1ff1c3ddd7c88dd5bb1842f61f84e3c8f845ae105cc6e167,3c50fd4b158b4783d990a408658262e913a34722b4c02c776e81a95f5ec20b26,DeepMath-103K,5220,train,1782,1
1783,976ecc4b1dd625eb10d16b764d96c536b895ba06b2ae9369bfc45a7253f464a5,6cd1f9719bb7a4b265ed43c253be64674706154c8c323fd6a82708c28ebfb879,DeepMath-103K,18667,train,1783,1
1784,c85baed0da3780ba64012c05e4f7d5ceb4edb8c0c078497bb97ed6a8c94f3d45,3229e6077693d4b136462e946c4826c7408b822ab51f3361ad77929197e6ae46,DeepMath-103K,11273,train,1784,1
1785,34e6adaae6e00c789621d01c1ca699546668db6e35f427aa9fa244b7a6a1a2dc,8574c26fb2d9c6ba5ab4dcf746d8331557c9972a5ec8a782421015856cd959ee,DeepMath-103K,39538,train,1785,1
1786,192f490ff41bdb070c8fef9fe0092c73c83562f1d7b7d6bb920ea9837fac3cf2,11a1d16dbd9049317b1de813cf10da7e5b09ed0d1e0a724f3f9577fe1629d1a1,DeepMath-103K,49080,train,1786,1
1787,e30d04921f96bd57522f7d17b27968c48bb89779d3ad926894673636b377f037,1029d2317064607dc469dde3e1c9a02ba83e3ee49056118a31449329cbdc9ddd,DeepMath-103K,24897,train,1787,1
1788,0f0091f21b99428a39ddf565be02b5586f1ea7a4ccecdd6dbc5bf56df9cdedaa,9f38ede5edf21481b49ea6bf1ded48d9ae2ef9ec3203645ee01da089ace4b701,DeepMath-103K,6058,train,1788,1
1789,3f82f50f7635e3d0432a0b3e8dd3eaa81d69fac3fe683230b488a108f55f88e6,8a73e80a0a991a384c1f69dd52b6ca61bf035b0954949b4750968758d1b1ebdd,DeepMath-103K,35024,train,1789,1
1790,7fd9848aa6265ac76e1d255deb251a42045e9446364c00b0fdd655165da5c6fb,e2259dfc6931ce1d77649839c2aafc81397a40a6cf74dfb4e50306ebe3235e80,DeepMath-103K,1248,train,1790,1
1791,5ce91837d3063bca9835c5af3a79b1e00b6bfc2fb13f8954f2de57062324c9b9,6d1d1fa626ea6cd95a014f8eeca3578aa51aa6c0b5f91db5dfc442a423127063,DeepMath-103K,48652,train,1791,1
1792,59d0cd2021c233aeeae6353326502332e90afce44d94699791d9ceed07a22d3b,ebd286671864f868142182b6c3982b4441141468689db3ece0b22881dcad43b6,DeepMath-103K,40724,train,1792,1
1793,94503ec69d4aa3de23f93602ab7f4f33a13431ae9da9cecd1559e4bc7f48ec89,fecb6aeeb7be30f3eb369345fc9f3b68ac00add98336c07c68c725eed44d750a,DeepMath-103K,35989,train,1793,1
1794,e99261537b8ae76fdaaf51c9158e24e03931b1c5f54b964274a1beca7fd18868,5384874d153ffa5c39dde34759973695d9f6180e9bd48f78fa5b26db35fded19,DeepMath-103K,49012,train,1794,1
1795,690d5f855b1db2f65bb8db69d3297d57014c4fd06c89201b3d52a41b5f6738fc,1f28c90078c234f2c3657453ed671319432d064876022a25e188e31c13f02d56,DeepMath-103K,27310,train,1795,1
1796,0ce5402df4b35d53dec336639645600364b9db0917ae0ff2834ca40654db8cc1,570fbc3dda0ad143442805cabd1a252859937ef2b7598d6a72db46fe284a123c,DeepMath-103K,39960,train,1796,1
1797,f54f6e66a73b42fde778143cab6b28f1a61b9a2681af3b16ce5c5678fb0e91d3,736bcb6402dc1a55782f695bc7aa4ae6c6af5781db7b697f01b98223081e78b6,DeepMath-103K,39882,train,1797,1
1798,e271921eb92fc8a9b356b83cb3a51ab96109f2dc66c08a895aef6da9f87964cb,2f5266bfad222257c99d254a06bebba0ddb8e3e54eacd1ad4b65a3187f4327a2,DeepMath-103K,12961,train,1798,1
1799,e86ca292c4c003663bd35f2d2c0748d964bece5caf571f725b1717d346478e6a,e330e0daf55113ef38c642d24c64f9705a3506f1ef47f902e7cf06b72311e337,DeepMath-103K,56500,train,1799,1
1800,6dfd3307f8ae7ab6c603268cb553e2738b0cbe40e21ade20eb632ec9b16730b5,65119f4a569440fe10b19020f5a3395e4b50aeaff75a4e405ec9928cf5c7ffd1,DeepMath-103K,5620,train,1800,1
1801,97307a40cbcbd25ad98d8df3c65e912c307313c9f483739d38df156e35204e7c,7fe88019fa508e4fb37dc1a6e7e69e92aa318ca6c48ae89456876f3a7a50de80,DeepMath-103K,31048,train,1801,1
1802,9e0b9cf9104e45eaed2b97f8973c556b37c3b1a570a6b0c9b131ddacf8919fbc,f3208218db6a5dd885deafc053e4b2bb9a6e8476d8746418ca7ff859021e81be,DeepMath-103K,5768,train,1802,1
1803,0ee6a39e0db685d3d336aff1edd25b7f7cb03b92b8fd303b159f090a0efd589a,543f025ae2328841fac8d165107b51e84d4ebfac3b552d82537dfca2fe798be0,DeepMath-103K,25987,train,1803,1
1804,aa38155dfd0822d476a72bddce9f894f14e1392d64e748c83c2fcf5e153daa4e,1b3a51a312b86e1df73f85f66ee35b9a44dbe1a34549fc0b90b0864df3a84a1f,DeepMath-103K,30600,train,1804,1
1805,e1c199d8d2ad24149f522339e73e6385bdacf709471ce00c14527387586bed29,52f43edc9b7c8b5c44f0fbd41ec16bcaf793165965f35745d8a139de90face4c,DeepMath-103K,51385,train,1805,1
1806,f35658f930d8bef23ea8a92ae989f3ba2aca7589adeebf03fb8d5ea7bbfd8a50,9420dd88a1716ac66da9dbe168bb07cf2f9f1d2aeede272c3e407392276232df,DeepMath-103K,3729,train,1806,1
1807,63134c2c24e3beee15d863216f94fffc658ab3008ecbad9eb6aa25feb75769d8,12dc66fd6e8e4655cac64eab5f7f7fb8d59150701ecdfd2065d09f896a002a66,DeepMath-103K,21823,train,1807,1
1808,2af2144acf9cde3eb72ca3c9f1eadb11fa84d86fb82df52caecd8cd132d80c2c,7ff861e54c6eb4e635b7304866cd04531cce9c32becf98f6b25075d23d42709f,DeepMath-103K,1515,train,1808,1
1809,bab058c2ee8de985d25639b8fa4458b4ca5c1a264469d1b3234ab3a000fbea26,ce13f80b58cf8f9fa9e786ea048c9a30ea7a3b6537bd6e2a5534f4e41943a6cb,DeepMath-103K,9173,train,1809,1
1810,83d3612b1616575722e92b65aeb31e909c7fbd6f825924ae7941160de6f369bd,7fbc5fa45a2f9e25ca0db41405bd2b9d5f03a0e1abbeec16d27908d7c07ef819,DeepMath-103K,1127,train,1810,1
1811,6793dd8061c014e0d540c3468cacefd62f431e67e6b5eed3d30026263beb3811,7966806acc8909470f9a38c65d18a264125f32f90eb0647be90ff25316c3685c,DeepMath-103K,44308,train,1811,1
1812,8a3f901968e0030e8a3b9e14091fe297ce175b2a456a3cb421da6e535a7471e2,ce3c7a76f081bc9e4b7ed50951da8671b74f7863cf1385fc652db9b3f93cca2a,DeepMath-103K,7493,train,1812,1
1813,6357b93a1e221f85f063ebdad938808696c9dfe170c7f8f1f0a6a1c0c11b33bd,fa75be68a86e8a4b4da65a70602cce92e9e72059055d51cca3146866f6609aab,DeepMath-103K,20495,train,1813,1
1814,2609cde7e51613907c4ef8a5940f6e11cd4b2a623d1a5206b76d97387234a1ee,850078175427cebc2f441a1b0930a714327b12d9b45cdcf754f3cae386519800,DeepMath-103K,55861,train,1814,1
1815,a012bcb8383237cc7cc6e772fd760b8ce0d1c76fe3240071689d722fbc1f775c,60fc9e8c6f785d4c0232afb0fa1df6114795f727b403b0868923996846571e90,DeepMath-103K,28061,train,1815,1
1816,1a973902f08daa212057ee4792c5a238f11aa31b20bab245927d90ab87d34fda,4c99f6cd621eb1a5ac979dd1d03cf345be2426c00596cad5d432b00c5d503e35,DeepMath-103K,34756,train,1816,1
1817,97d203e5068f55a54649baf37f93acb03f685b834ad3e6ccf4a6d7c1d1f326d7,33d8e6c06b9384514dfd4236aa1d750f2f2470bfdf62ba7ee61551e0cbaeef59,DeepMath-103K,36993,train,1817,1
1818,e6d73ea6a404d5f964dc2d815b3c53fefd0a15b82c58ab7f65dfa0efeca6a7ab,873e23459ab54c89a1b5a27354c05acbdb8acde8fcd62143c0bae26fd31cd8c0,DeepMath-103K,43736,train,1818,1
1819,ffe027dd01fa6eae39fba27d253dc4f6a44193646fb90aed0e8da67c388d55ba,c4b6e1bda488a80cbea746e906dd4ae89b62d1a7a4e85ddc573756816a867e2d,DeepMath-103K,21359,train,1819,1
1820,3326224df9f0e2a1b3c75c2ebaafea3f1ca9dfd2918c91e19f48cd9fc4c16372,31a48e8b4e097073c33e750ee6ec0f09b44ac24f8a3caca9b867f49bc1b697f2,DeepMath-103K,30759,train,1820,1
1821,069443b16989c2f5a055eb53a021203c793a9351b49f64c59564ce5a9949e3a8,4b48ddba09e6d757969f76500d06324e61b679e349323c984568d3e4d1735e70,DeepMath-103K,18824,train,1821,1
1822,bd46a3912b560044f8deb52fe333c8456b3d74f4513cac40419dbd00f0733f78,3f9021590d10bd89470e13a9111347203a2191edf034020dcf21b6daf9a00612,DeepMath-103K,50433,train,1822,1
1823,3c855202fdb04cca11fe93d5f695f44861b9630e98255092d0f58d54c2ae14e6,dbcf132fd79a3ae811615758974d095205f851eddb5988639e32e9e8dd071340,DeepMath-103K,21547,train,1823,1
1824,50405413d4804d1847698247bd412b10239b7573cebd28cce2281ae56acc0f6a,1e4e25b0db41029eceb68019c4c75496fb57ffb996d4ee5e04e23ebf3f47a86a,DeepMath-103K,51343,train,1824,1
1825,2a1302a55e2e0170284efeae737a419168c54ebf85cb075dcffa15915def75b8,8af9df50167489aa28874a2467dba2cd09f2ea88c955a5b501dbd3cdbafd78aa,DeepMath-103K,11503,train,1825,1
1826,86aa0ea890880c6a1d51f93d318c751b188e0ff904b6258a3d9cc17f2f55f847,25849079239d7a7ccda7aca67d7c83e678e1a6c9696564d466c88e80e016082a,DeepMath-103K,34507,train,1826,1
1827,42273c8000fca34c108ab1f51c4d703bdd973dc55400f96205a65b86c99d43c3,2083c384f00b3f561123554305b240770d5dce351924d75b1d8889aecd7b182b,DeepMath-103K,22615,train,1827,1
1828,290e8fd8c8f6b87f398a3bd50561209c79f0d170e4a6248195afbc147dd43ed3,06f6053c63d79a4fb45fe6abfeeeb2e2c358758f448694752965115f65e27102,DeepMath-103K,34711,train,1828,1
1829,ffa6d9eb1f1ec45f4c9ca3ff5861dd009e95b0b58e1fd88542f1f4b9ef51d4fa,1bcfa916a792876e38cd5a29988928cc22f60b837d7851622b3eb7b51f05ed2d,DeepMath-103K,6526,train,1829,1
1830,d8804848cd7193c33cdd8e84193bf942b1f461f49f48e17ae063ea1ebd029275,7ebee251c0bb034fc887ac1c9c8c43217f1d0116a94a72dff28e14b6e420004f,DeepMath-103K,10487,train,1830,1
1831,d4c227cc97fb9ee44992535b582d07f94dd3dd61242af822a16c1785c0966eb7,4050c9e64011c2ba15ec8c75001ecfe209c536476a1c7ab91e1da7835a07766f,DeepMath-103K,35112,train,1831,1
1832,b6e6ddfc44d1bba35b490dddebae7ddeeaca044f7b610d885022ea0bfe107692,d146b0eba17a7c6974b0dca140bfe57a5f2c8d58df035392cd03abaa81d11c0e,DeepMath-103K,35037,train,1832,1
1833,8460c4667a62218bd1f31c3865dad57c9066c5c617101d531151c51f93eb4cee,c145973526b754432d4518f619a3d2d917b2a9162e3dcb797b86f854fb9f4310,DeepMath-103K,21518,train,1833,1
1834,edbc362cee166842f4b8b00567c3ae86ef2c57a88ec668388afc21497c73c088,bc4575f16a7e35f7f6b6f75a3d3aad18add0abcc04fd390955ac6e62342396e9,DeepMath-103K,26810,train,1834,1
1835,af3b29852f776c55f5d936fba0dd1e550c19c04e166b5b98a4fa7cf8c8323bf9,bfbc0af10c31442019183399ba20548efdac18ccb2fea5068940abe9fc20d90c,DeepMath-103K,17876,train,1835,1
1836,fb627d8f050e1aecdb68bdd8e1d9d7d121aae0bf1daf5219cfa9c1f64153e882,9c08721904b9e2bb6c39241a2d30a27f6436d296bd84e6edf48fe1f79a46eaf1,DeepMath-103K,2603,train,1836,1
1837,ad77b33b06d28c2a36c837beecd99414e30f7a32f671fa6ce0f0b1ccd7628f47,cb5b8a23981b4834a03950cc5a66f656ec2a01174b322a18b07ef246bb3ea66c,DeepMath-103K,11249,train,1837,1
1838,065f913798cf0808fa3abb23c6fc9358b3abcaa3625b69fe63d4012b4b112b5b,6d8075717d84d8e8e432cdc35330c659660db3cbb933a090a7ba8940e628d511,DeepMath-103K,8520,train,1838,1
1839,9111acd6c2f02c7c1ced0d7ac17823f481484176370eca190f136a0509d1fea8,715ba1790f1fe167404109f730351bc6351aff7aa812abcd748326dbcb785cc5,DeepMath-103K,42816,train,1839,1
1840,985f4d84f3505835228079172c424061ad8f4b270ca2d3c3842a2f909e932266,048cb4dd2dd7ff2d0b3571c4ccd2ff1cc749fc4b24c27ae623f93c5da60241f0,DeepMath-103K,35039,train,1840,1
1841,9abadcfa5003253d0339c6c5c3c2901f524ee3b11071c04642b41ff64958b9a3,84d2a7bafe0997708e946c8e7381b07d9efe1b3ec3351c46cbd80b983ace56b6,DeepMath-103K,101,train,1841,1
1842,1e8178244647188819c548e0d74560846d15353773e41681370ace179487c079,8312f4e4b3446bfe3eb6bb17e975975cb45f052c22075968712807f3d81bb9ec,DeepMath-103K,29336,train,1842,1
1843,2b8ab65d128f5f21e8b960fa7fdb68560e76eea827dba312df99afed11c7def4,3ffe3c018001f05079e89b4fc31ad4d26b588fa6ead61ebe52ff7d52efcc97a5,DeepMath-103K,32617,train,1843,1
1844,def02ba46d0424fdc418078515731602b228096316a6abc4a8dbe1334b62227b,3621493f11d051cd468a3c61b93d8ddaaff535bb802c63e66a8b8ef98e22242e,DeepMath-103K,53122,train,1844,1
1845,c2b45b7057b0c54bbfa8c9b579870df844d6160b1a180d7705a3047758416606,add10bb1bbbcde7b2c0d0270fbad033b346057de4ca1154191f7df1e12464505,DeepMath-103K,14377,train,1845,1
1846,adbc10cf237bbc1def70e64bb87439189a4da31c585e16eac1112bd5d891f7b1,8f96b406b388808eda52b4c3ee145e1bb7644626532c07b34ffc39ec3dfe1ad9,DeepMath-103K,49660,train,1846,1
1847,4a29825121cd6f76fe40954ec479a564d8dcba0c6f4da0a4e5b6ba02a4032b0e,de3e2e6f91c41b89328772666ce4777f79cb818c6d1886731880c67439a29fae,DeepMath-103K,19857,train,1847,1
1848,7e579edc2e3d2f3ec29e704e65115680f3e9681f81fd8071a62894e1c43f1e23,b3f99518c9f8b2afe14899d13bff8571f667961c5dd4915b7ee2a073722727ab,DeepMath-103K,3070,train,1848,1
1849,a4809e971d49e954807b85d52f004930511a52de49b5279f05855940a883c081,a9c7f766715367449343ed1dfe6d88b430a36e229f48cf31edf4c15db15beee2,DeepMath-103K,11416,train,1849,1
1850,165fc3b1bd3d5baab96e09cc676ee7494e16102b952d1146a8a0cf1b09cd3c80,6c8cee6567e5d0ad59ba0874e935a8fd8f79595b07a5b50c0850fb5e33bec489,DeepMath-103K,26769,train,1850,1
1851,9588a2fc618abf856d02d48ddedbeb2a478340f9580b12fc7cdb0f18bbab2f16,b903057136ae44bfa8b77b9ba42508a7a434e68a85d539f9d4996c5c2f54b731,DeepMath-103K,48584,train,1851,1
1852,90be5b6c441a1a2bc84c5dbf6ed53b7220015bf503a7a3627b6f296c3f5219dc,4635c7bf1cfe7436478c225e2cf8a39b8195fe56afd813c2b20174af9ae9e5bc,DeepMath-103K,46717,train,1852,1
1853,d3e26944c9cfc5610f89704e950ad704a6c66b85374f0887cbd5b2819ab93396,5fed7e32cb4f44802f31df6fe4de4ded03cbe888412201bd472dc639a4c9100c,DeepMath-103K,4623,train,1853,1
1854,1124de576ccee9230828899055004345427c596c8885c76125356ddc0fc2bb6a,68aa65e150e6db8b79cf6aa9831da45f72ed0a000179c8fdd04924a5370f6c82,DeepMath-103K,48025,train,1854,1
1855,eddce12120fa38315b03ced69fddf5fead8ae90593ee9af35ea627ebff43109b,d40b44cf34c355c718073a724136e105d61a98f40102b770ccc6f6fff956e938,DeepMath-103K,4509,train,1855,1
1856,723907716f41fc4d7ac1346c5791f8ecc2d11f05d83a3895ff719a791983526f,316f0997c22ee1a5f717c6d11b95cc45de6172816a713e11371a8ee864014b9b,DeepMath-103K,35120,train,1856,1
1857,841654e799e4145c792ae3eeb951a1fbd19c368f0668682d1cfaa6e5858e78ac,16bc220330c4c62db10f752c33dc256c05d13af01f57c7ce630876a0429e7009,DeepMath-103K,32322,train,1857,1
1858,d0e9fcee1037b5f7adc8e74f56ae3c1cac5c97a75eca1737755183600e5637e6,9c98346b87ee022159f3d5ca2175acc2df2a6bc6f683717e2dd29b38a4cbe1b2,DeepMath-103K,55067,train,1858,1
1859,c13c0d23bdb5f1642247eb2f95c2298fb3abd50aed9408dba32f89bc44905277,12f197d5697dcf1785677917ff7fad2d4f972279e35d3e5fc6c903d38c9ad141,DeepMath-103K,55340,train,1859,1
1860,b4a55e1fbb3673e04f03c44b7f962cce7a6e17bb0f67ec164745088f9ab04ffd,3e7fb031145bbc4e809f510e1b74e5d0b94035f0ae4c335c867da300d6a8f887,DeepMath-103K,27027,train,1860,1
1861,f42f336295f4da7213ad7b3fd3ab17944fc004bfa474c5096fd9dc01cecd7b30,3ff384cb4cb5b7e9fe5102f95cb3a46c2bfe92bb805e4ef391e593be552728d0,DeepMath-103K,56190,train,1861,1
1862,6cbfac1b286e948275206e2d34d7f08217dd8160144009c12aec0d9150c2dc03,ea2fc02b2a1f4ea0e11468568ac17c5c146039709c623840d5f3fb40a8b5c171,DeepMath-103K,26583,train,1862,1
1863,3553717fae8decde2167430e2424fcce16b5c15b4f6711b24344672f9eb72a81,c9c6b5f58abcd7b256875db00e43321ab5e6cece8ce7744333cdb654b17f923c,DeepMath-103K,13213,train,1863,1
1864,a0b8256881bedc236ca0da8864012070df45162edcf2d7a612c42f3ece26a1ca,f4e650161e0b88f126eb72b4e5b9cd1883eb2d354b32d3f98e75e003a7c76f0e,DeepMath-103K,15263,train,1864,1
1865,4cdde85355900e9cfbc5ce4cc6c7fd7a73bdeaa23be6f2a033456ee17d6ba578,628e98761a2cb38c9af46979afca25526c2fc4a594a04c2111c050f99d465af0,DeepMath-103K,38702,train,1865,1
1866,0f92a6b52d815452645e7ed9682a612361ba75d01a4ea260c8d551f364a9818e,817286d58ef8d2aba6ecdc7cc5a4d158c1ee84a412ba6f936cab755d9470a44a,DeepMath-103K,56644,train,1866,1
1867,09eddda9e3780325ff9895101e462c78d1a130f6e86a933cf6009b73116c2632,05375ed6056e61b524fb750446b193781cdf63a563566416e866420ebd1beb00,DeepMath-103K,47065,train,1867,1
1868,4f8c8a7afce34fbd33d5d32855261cfc51bea67c7d9427c2703942dbd59e62dc,1a281c07566e45e6b745ba3796e9ae2c63fe5ceb31c112e9bb9c5d1c2d53cf4c,DeepMath-103K,45953,train,1868,1
1869,ea982d068a5fb65f79af96a3a8f6146b8b02cca32e4f0012ac27360a2df181d5,08b488d2406a2e3b1c3e3d4771420f5204729dffa939f3814295044d8d1fd8f0,DeepMath-103K,14645,train,1869,1
1870,4b05c358b660e1dd9f5e01e22a946030d392180435f8f4bfbe1fcc93066c98ea,3e1c6302825ab3762d305eaa496c31052e5b3d0198e974f4b682c4458bfac7db,DeepMath-103K,8743,train,1870,1
1871,535b537a06a4dc3ff4d4a514eb81bb004dc9917a1b35f27189681577806baf10,58e61d697bb2a4ee9599c5fe07e4024aa59a79e764b35b89cca466606f6d1817,DeepMath-103K,2810,train,1871,1
1872,de3184ab8d970ae8fcbd269b22ae639137de0c229afbee91c22d1e4d9a99120d,6b02a428e3da7c63ca36e4c2bc7391854d9d331e8560afc4a0d31b5ff30be707,DeepMath-103K,5133,train,1872,1
1873,205e52b528eb99705eb3493491a3c52bc3fe7010bf423d57ded77dd0932f4a96,bd91e7c00a85c4a5b857705fc63b285b024578396fade84c02b48bfe5a968508,DeepMath-103K,49723,train,1873,1
1874,fe73a29ac261337aa4629a115ee7d6573fab218c72da050ca90a6b75af91792b,3caf81e17703d3484f7b1ddbc07c0373c91f2d396ba3bc9993bea4fb92dcd685,DeepMath-103K,11554,train,1874,1
1875,0ad1b33857a97263e69983b1ed6c06f6f364537cf8b5c5041437587576b8e8b0,853ba2efbed800d7cbbfabf431753fe100b7e156ae4bd7d3f1f6a03d12a49f1e,DeepMath-103K,431,train,1875,1
1876,7af097c074022d3d04e9f615d990321152918b899e783fc7e6bd089dc093e6bb,29edaee24d50570b3d15cdfbe07cd5c9f60fc21eccae3e4ad9595079f5291bc0,DeepMath-103K,39063,train,1876,1
1877,76e4c00536f732de01247da7139a8cf6d6dc0400dbab8148119dca9aca0b819f,bef666f203132600b8ce5864506398b566fdde3288dea060f7d29163a4a53597,DeepMath-103K,51367,train,1877,1
1878,8c1da93c751f0171fd2397ea39f22ba9482be7af1bda117f5c874b69378e69d2,1b21856d6e0b46e75ef5380ab749a1d766b1e1cf77828f67268bed7ff30f2d1a,DeepMath-103K,46955,train,1878,1
1879,c94c60da704c4cda0d3694eff4d9e67a97f1c58f39e4d86b663295dc4030fd3b,672f25bc6d7ac3e862d07ad5b56fbcc72987732ea172c0a10e96535d89435bf5,DeepMath-103K,28238,train,1879,1
1880,f2e87519e3778d90885a363c61de32cae8a0d29de72f88b4c6549e2609f80f78,4b35716e344479f1c96d3a97344628639eb662a6f53846d02fdd45717d87c4f2,DeepMath-103K,45964,train,1880,1
1881,5c4e0ebfff0e5942a7009622bcb442b480d574d04fe6226f34de684a974cf86e,87fecbe861e5e436c7aadf40d1d9a5bf93e8f213f6fb9a459614059d41ac4161,DeepMath-103K,17936,train,1881,1
1882,ec28206227197feedb0591dde30881452e14fa0d03af5bd17b33adc7537433d2,093da46f1ae5ab7d7e2c977ebb5375f8a61b5b7c05b56079df8863c1195c6390,DeepMath-103K,50961,train,1882,1
1883,e1d0053c5863d4760f8f5ff9ef7a6c7953757b37e9d66394a9dbcf40a344989f,27af7cee10f46bcb7c4d7ae9e2221f69faba8c5cb00bf5b10d84407b4b3372a8,DeepMath-103K,37504,train,1883,1
1884,ff9ea5a9ad371ceb5e633773ca0dccf81427c03e52cec4e4cc5d223e827b3e21,534e3b7270547fda6cf8374de8f84d98e84e02172eed25aad1d296ae0b323ba3,DeepMath-103K,3754,train,1884,1
1885,4fd90dbf0df227c196de345b12934e0b873c5d9ccd3ac5458b2d2627de883dea,c0880c90c4c1ef9f9d1d44eba4f6af6fe4db24591127d852a1cf8f1f836bfcdf,DeepMath-103K,7805,train,1885,1
1886,4b3a0846181f6ff2f0f67ea0f2ce72532feb691f4ef9e9a70185ff2636be5597,edac5e251445f8327c5fba7a6d82b51eeba8c1d9bef452e0b4bdc65d4a4f25e4,DeepMath-103K,47608,train,1886,1
1887,8f8d365eee537e6ce63df4f250f244fa448578d95d77576a90a5e44f0cc80f1d,b723a2fd404f5602441ff37202539fa74ec8347169efd5b4f093ed8ccdeb4f76,DeepMath-103K,27805,train,1887,1
1888,ddfe32fd01c6981ddd074f4e0234f432ee8703682f116fb091dbcbcdeef1e75b,555041cb3c6ca09a8c9f2a91c5238940df518c3ab1c4338fe4fd004a0c628197,DeepMath-103K,4910,train,1888,1
1889,34418a0919a16f6942101f68b013471a66def049fc251da72be7034322d08c6f,3414d3062ca124688868fb5b3dbf1b0b738644ec754168a10008fbd6352a69a3,DeepMath-103K,3824,train,1889,1
1890,0fd5e967f3ce51feef93bcb52198633782f031a0f0ad9054c505e4025d6213d1,09bdaca30293c17f6491ba21e078550cdfbc8c598b69be229fb80a456436eee6,DeepMath-103K,51498,train,1890,1
1891,f11cbf265b51825e4fc62c72e8b8d54b2ba8f3e8fc4d8b0c48395764b047d9db,e73a094f049168e3fc81ef09170acfc6277410c767b1810bebf3d33178feb2da,DeepMath-103K,36238,train,1891,1
1892,75554167333bf4ad29d1fb8cd1b5b7681118be95912259e99c3d29812f16f294,8adf274a8a6b118bb5763a742f28b15eee02ad741b434e92015f025847511c79,DeepMath-103K,43118,train,1892,1
1893,38f59cf56690ac6083763754e9e5c52d5b70356cd50388cebd94d31619c5c0d8,17b0f181c953cc3fecf37bb801a6476c8238bfb3187ef24749e3624eb83da324,DeepMath-103K,2142,train,1893,1
1894,35e763ffad8d8ef271f29e1c4313dbac67ada5dcba242a61d2168f19d01a0a15,fa126fa2998f38eb79789c911a8b9fac1f3d1eae35f60e3ccd1c6f8681a0c91f,DeepMath-103K,23679,train,1894,1
1895,e3d4852f88df6cebade3e3f5e7a224ecb564bfe386f7194e157beb749ef7cf2f,939ef811288bc0c47809e8a819c24a10ec2c2209ec0717f218c5158f4cf8880a,DeepMath-103K,19413,train,1895,1
1896,7d38001244b5336333199ba1e68d7276d5d31b32550e32f44614e7e499c805b4,731c0d4f7841967d24e18f5911fbd0049b7ef82637f534bee90f02f8106ba2d2,DeepMath-103K,11800,train,1896,1
1897,42471d9c68eabc8aca04c6771b7e40a4182e4df5cebd23cdb23b09d2abde4a5f,af2627dc407d48c1ddf0604bba4fc3b526a7f754f61ed9334f2db7c938042ccd,DeepMath-103K,17838,train,1897,1
1898,c88b4d18bf54e6921963a73e911f1584326141edcd94a5915a778acd7ce563f2,0030244485ef534de0f7039520e3cfa9c5310f734e78d776e691e810d076508e,DeepMath-103K,8903,train,1898,1
1899,f05e88c1f851975ab9616a3e8fe876908ad082e46ca47e99168d7044e6de3b44,b2cd5cefeedc1ef16a16e6a08753bff9f324e864f1a2cdca4b90c266c184101c,DeepMath-103K,45343,train,1899,1
1900,4bb52f090c626c0ffbeab9e5891c09245e48358d5a9f33b293c3c648e1cc327c,94c883dca4700909195920b6da88f8b154afdd1f645d39c7d7ed0be59bb827cf,DeepMath-103K,24248,train,1900,1
1901,f50af876d5865245ddfe7b1ba9c8d602f4ef35530b98424f47102198b3a73d29,4b5951738fec17246d7c78526fc0b27b038242ebaaf1de9824bb3d53077a19e4,DeepMath-103K,23816,train,1901,1
1902,952c418aa74551c366d771f25f801e86a76245733f91d79edbe244e16decd49b,419237ffd40949bd7781e8c2f8e24357a5c1fe08e8e9bd78b69738ae8129091d,DeepMath-103K,28493,train,1902,1
1903,868636d7241f756be0f64d88c777e86acb1f1b3064d1eb22ce89bbc67b0cf40d,4bdce8f9591c463026772c7e30a5560b46bb50afdb583ace1e5cb7bc35ac79e9,DeepMath-103K,32599,train,1903,1
1904,7419df26a0880a6e9f1c07d9c982405438a87734a38e880bf34d9f3460caab20,146984de792b8c5436f82bb8aae0c2c18f5da86b232f527fdfddcbf88e49d3a4,DeepMath-103K,14382,train,1904,1
1905,04792e4fb52f9f6c7b43a412067a6c4b9e15dd57d42066f028eab7f5ce410ea3,bffd1fdf2c68278a4274a783929e167eb25f957f1bb3ccedaaa2ea9ea3af4cec,DeepMath-103K,52142,train,1905,1
1906,cd72452c008309e68445f633d79d6b76f52e671a452286355500bffe84710970,2cfd354a4731a53b9c064d262fded4c6fca1f76004a3ba4090f1c61e4ca844de,DeepMath-103K,29841,train,1906,1
1907,2b05753ed2a20449d02f1505ba0b5d483d03e90b58bad1486c0aafddef15181c,7d6ec6bd88e3565b891d895c108fa6589ea2f88b396fa7875a0235b6cf13c12e,DeepMath-103K,37973,train,1907,1
1908,47256aa4079ddd4c43cc14eb0e62329bdb53374ffdc0b7e8e3cbe3833b485f0a,551deed0da7628aa5effa78ea15e7ca5a80cd485ccd6ed77bd9ea5a01f0c2ba5,DeepMath-103K,273,train,1908,1
1909,f1525c06a54780f62082701039f115a3c39c69f82fc01937ce0bea4c4053a3a5,d54d626831bfddb3038a4527cd8d5c182d633bec62145739cbc56b6b38974969,DeepMath-103K,6440,train,1909,1
1910,16755f2f75c9796a250ae2c4c8c40741a7d78023acab00accf4f1abe116f7dd2,d0fd5fc75e39c3c8c87775e7d3b3ce35452539905e5fdbbbc5ac1d0d2179130b,DeepMath-103K,36520,train,1910,1
1911,372d9b17276d5e4bd9366bd0f60176117e518e086fd7a7de4e1bb22e4fb10653,bfbdb534956440c6a6a54b1f390c2a44196cfef215b6eb1d0051d8a937f2cdc0,DeepMath-103K,46677,train,1911,1
1912,800d1cb5e74aa9c1357187b66ca32a8a672280b6e9dd8e66848c07d1b0b3ca57,cc18dffb2c52dc55bf090e2d023115184158953438a38f12395fc830fd06ceb6,DeepMath-103K,45736,train,1912,1
1913,aaef79a2b3baa7d178666a9933a9810142ca090b4278f15e6f60c8d45cb0a429,075a3d2ebf9852b5dd194fe6b23395455f0490954fa894c3e85fd693ad01b793,DeepMath-103K,5803,train,1913,1
1914,f3d342aa7d4b9d181b48438d7fdef2d563d9b87a104b6f77a6ff27417b254cf3,f1796092fdf9b613ae983eddc01f10ca4cdc7ed6dc944a2426990ef7175ab7cc,DeepMath-103K,48461,train,1914,1
1915,7b192f5c941a3c9a12ed50ff07ac0ada143a9b9536179cb7f502c73f78608d44,c15ef6d129bfb9839de37734d2566494e3a14bdfdc5eb89a9c6723b0e6cc18f5,DeepMath-103K,16013,train,1915,1
1916,045df49476e16e7c10d0593ac1a9f7834c17fa73e009fd33943b10d7c9897eb3,cdc54868e26016b5b7988113f2e00f6c94fc30d4168d6234161d7979f030602f,DeepMath-103K,36135,train,1916,1
1917,c4e73bcba8c2490b1f71fdf07f1382c0f2624b9d1d2ce6a8c2aeffe204b48acb,d66b3f10fb6817b18ebd224e5206f5e1c1ff8bdffa75d62b5dd6a556e445a512,DeepMath-103K,2556,train,1917,1
1918,b280782fcf88b5149782937dff97ca8cd73411f3379a35dcd3210410d5c8e009,6cddf19efefa5b2a6c334b4ccc893801c2712765fd5a359db6dbec6101a3f635,DeepMath-103K,49758,train,1918,1
1919,da906045a54bf1b9d78fc675834582c9de7f19ce36cb3e61c472056e264b2140,297fc12d1ed70b426ae6a5325c6e483dad2a1300a95907f9701295f47c304fb1,DeepMath-103K,51226,train,1919,1
1920,1f73e9d13e7e70a0b6d9aa8553037eb1cccbbdadbf19133868b825f77a9c5d9e,7e75f266722fa0f2f988629cfcfe7f54180c733edab9d21283ca6d9f6ea30ef3,DeepMath-103K,3310,train,1920,1
1921,964cab4f88c5b587bed0afc4d704fbf4d43a3ed3c01cbabf94d9c5ad13e00860,105d45d3940340b53d4174f9cac140de682280800df0a8828e80936f78a0d1cb,DeepMath-103K,52785,train,1921,1
1922,addb00f367026c28eb1e658fed06995d44331872546cd528af004f748b3cfcc7,d1b24fa17f46f6439d978a7ebc0cfa312991cb9bb14c61a86ac193d6b86f6c3b,DeepMath-103K,33652,train,1922,1
1923,f3aaa77d81d20e8739c4163764a53fcfa24c6144395a70438c18c92f439251c5,d6dd820feb0b602251f8981f2c95391cb85bf77b2e04851b6085afa9a9f14920,DeepMath-103K,15873,train,1923,1
1924,28c9a9d722a6fe06e8a1dfabaade04866aa44e6c5d59369abd37ecd8512f566b,da7da50d4ca5016e7dff1e34eb774e5c89c8f8b29651261eff94dae887dfd657,DeepMath-103K,52531,train,1924,1
1925,46e670191642eaa0e82f8f4d518ce8f8ea2abdf533de4fb446cc76858a132400,3af44538de83302965dc79400505a63eba94334e20a4ce1ce55f3d6dbd8715f0,DeepMath-103K,22536,train,1925,1
1926,9c0dd01a7df9a93ba3a517338ea03e353d6ef075a3205435ed8051c0437c2f1e,7f842ba56b74f595a7ca315a91476f6d133b91d93eb2e84c96d7e80a3631fb06,DeepMath-103K,45679,train,1926,1
1927,3fea3e9138b0d56202513dee5cd87a00d9489356aec6086ccbe56b788ace11a0,7df78777ddf1bbf4105a6c0b11d3e5989a67379f9cb63d16dc1eec7559d7a751,DeepMath-103K,7858,train,1927,1
1928,fda2909b1c0598ca127df2dd5e98fa62224190303daec58be59219d97f403145,6a1013987cc061b2f70471fcab4eff31b583edf70504815b492e92234e1e5896,DeepMath-103K,14117,train,1928,1
1929,5cdc69e4e538bda2cd487f22c5e17fa5d016a88c199b208a7a3c9e7603799fcc,7c5dc9a553cd2f7588d1d1e275b1d72661fe9cbdc2ddbc0be69a5800facedcf4,DeepMath-103K,19815,train,1929,1
1930,41ba2c16002d2a9cc7fd23ae3d9ddc29a3618cb1176b5209e638437784083e80,daab7230d37f0ede71ef825d38e7ce9fe45092002d9c3c1097caf7a1547195c6,DeepMath-103K,5202,train,1930,1
1931,b658483f9ed568e793a2984bc00ac52c0cba57e6ab26971846eb21de318924f2,930eb7c95df533a2909a15f193048802111fe03d31fbd49750190636738f26c7,DeepMath-103K,18237,train,1931,1
1932,4d6633fef07c39420cf6e9ad87d8aa1c99f49caca405ed4d1f994a9319c8dc16,87a70da2e5495af13868214560157c6bf25665d95f2ee3ab305a46b36aab5a6a,DeepMath-103K,30235,train,1932,1
1933,94302d88b50449583b3e967f4b5d6e15a2171cb74a437699f922b8222b7795af,15b5cba35da9e12a7d23e7ddb4ce66283bee4e17c6b457c4bc7bdb6ee9573c68,DeepMath-103K,24164,train,1933,1
1934,b959e33ace5dc779f25b96c1dc5e17a0d36ffc9ae6291a58f3f9411fc63edf76,611252d497beb9d77f1648e79e0b03e2e3617753cc55e034a67adcf61c2b302f,DeepMath-103K,9442,train,1934,1
1935,f0f8884ad233f9b54b15e9975a3b239cbb031683b864dc7c6bd044b0df348df0,4fc358fef34d08014f25d3a43e1a8cf8ef9c53e04fa7aaac8ae5bb803dd5d1a1,DeepMath-103K,3623,train,1935,1
1936,8b162c4883530ce73add532f5dae41f04decd3e99e5a11ebd711f8a1092ba2ee,b84183a03a81771d15eeeaed63d5b4ef212dd6d2c137cb44220ba565dbf26614,DeepMath-103K,11545,train,1936,1
1937,4eff7b49580e2a3a6b07adfe3fc6f8c173a72ee7f393fb195b0a6402587dc0f4,02d550e520abdf438632b8b8457c51f34d3e78e1a156f59a4e2915acea7295bc,DeepMath-103K,38153,train,1937,1
1938,c850e0c5396eb1b861519e273ef4f5de65857bcacc2f5269768bfe8370cb1852,d247dd759120edcb48e69f692b057a08ad0a908371277994956daf56d6b4cf46,DeepMath-103K,43899,train,1938,1
1939,0dd6ee8cc8eb0b1c6de2189fb3ec8fd1243c3fcca013180d2ce4576a85e216cc,e6079f376eb2ebc2ec692e38ca927cbe0a2f15af497de2cb584f83deee619229,DeepMath-103K,15737,train,1939,1
1940,66d3b3b0b4173681507f2f17637c802e7773c1193be837fa118ffc83267770a2,0e5c5837e58c21674262627c5e75f9fd65b864cb318d32145875831e39796b85,DeepMath-103K,35468,train,1940,1
1941,322385726013f8077935b346b5819aaf7f002a295e015f5c36e4cfd769a6a6e0,de2ead6948f4278a7ad92f7c5b57260e74e027c74a60ef1f412bc01dbdaa14e4,DeepMath-103K,49112,train,1941,1
1942,04c219885f9a6682e08b56992fe7736dc731b403eb144b8800d9bc91071b179c,6e67ce2a314555870c7d6f661472d56455f704e9dfa8d716ef501e450772acfd,DeepMath-103K,46668,train,1942,1
1943,9f724925f8324d4247fe77eacc9d6ed09f123d7f5156a5c546995031261f65f5,d7fdb350fd6a7264d022ec54f838acfb542235acfc411bbe7a40b8b45a889603,DeepMath-103K,1219,train,1943,1
1944,7474b555791ec1130455599178d40cc48ddb8d5473b4ab92448ab7d6dea8e0b5,ebd100f96303aa174309a88720b5d49bd71a1cfeb27f2cddf465eea6e8b9d11a,DeepMath-103K,16680,train,1944,1
1945,1bd4aa19257ccb92f02ac1f548c15a9a17f2b78c62e5e8422c0f50d8222a9306,0cd6a1dd71fe8e4f4351ce3f8138ecbd00f2639de2b701497232b1281890bb7d,DeepMath-103K,47059,train,1945,1
1946,d9091304d714ae306669a62a3029747c4cc3afaa9ad30fbb2acd37bc9546cc0c,2044e2d4489b702db50ffc7ec9a4b5f1e3767344c5402fff4eb677fc23112230,DeepMath-103K,42325,train,1946,1
1947,02ea79ef9c8d7993e67690b0da150ee338e3a9178c8d93682101218b96a05b5f,864297a5bd4c8ff61790ac3a7a8cf44b18c38ea4b7324c051c6c97a651cfe025,DeepMath-103K,34472,train,1947,1
1948,e299f18056b527cb8160b84b44aaa56da3c55c71f3e9e8dee15ff2c65161b6fd,e9a2d0041231a79b488a46ece1acc39914184afc6004020d8c91a336b996210a,DeepMath-103K,26977,train,1948,1
1949,705c9315c115eb29150cf2d7bcf7e1cfe146133fb954216d411179eb09645b83,b2d61ccdc95884489aeb5df4a584ac563396072b8b0af7bd439f70c9de4f255f,DeepMath-103K,40551,train,1949,1
1950,c8cddc529002b50586068222c44ae8e03e3bf4ad090ed51e329e9e87957221fe,7d0780ae23de1f92e9ade3ad9efcc1de91901a76207bbcd6edfa11ebc6975f50,DeepMath-103K,38217,train,1950,1
1951,d35cb0fd5a1ee0a123b19d54967fe6a7da62da6c1f0ec11f28e8311dbf06497f,89b5de4b6718ebee15568205105f3d6a0465110906f7ecef6a4e84b6fd194b5f,DeepMath-103K,36583,train,1951,1
1952,05b2c98bee0bdb05563c21f08d97ed94ed533683278561d225942986c646e3ee,cb40eb9e190d8501e6b481dd226d2173d27057e4b973ec7dcaf55a3690f096f7,DeepMath-103K,48,train,1952,1
1953,8b5b7eb467e1ecd9b64e64762171dca580d740766e1cbd7821736e1b9be65c25,58c840c087301430c666824bcda7ec8fc51c5e8bdf00726fb99d4b7234b513bc,DeepMath-103K,2677,train,1953,1
1954,9ab66f42bd52b24a071cb9473a7cd57f98142a6ae5335f82d7ad23fd090ddce2,f3d9776f6e0207ea3669463874db9089af7f305a1138385b369892136aec9285,DeepMath-103K,27005,train,1954,1
1955,43bf2889e1986e043ed22021a839863eeaf763ed3c27ab48e7512c192b51bfd4,336b3902bd744478cd6ab390f6e72e135c233e7a2b65d4a78aeb0c9db3864933,DeepMath-103K,13575,train,1955,1
1956,0b10863b9268dc442f3f48097e85a3a0873d573c90dc417325ca10e7661a074e,c23b571bd641305ac8aa0ece2f221eb9410c9bc80a0443b3d0219bdc80aae8db,DeepMath-103K,3543,train,1956,1
1957,9f9686097fc7a0956744b92571da62f662bf247badd9615db26705f6cf776cb8,71408385098e25c6cf0a8fc69dc5baf8baa0e602067e22a2f71bbd1a69addefc,DeepMath-103K,15130,train,1957,1
1958,2f6b194b61ba65bab6fd809656cce70da44b5d35f74c2ef7fe6529f3da0b918c,85f5057780a6787ea1c7b0d7440db6fcc316d4fe6ed1bbebe46f4ec73c866274,DeepMath-103K,43871,train,1958,1
1959,8cf2d2458be4515f407745b31a740e1e4c63a3460924a900240430f0c28c52aa,1fb681c6b9bffa2f028146c27f167e0a6303ea9e3b5dd9a4193618c33900c8a5,DeepMath-103K,47490,train,1959,1
1960,718678a03b51a3ed6bd414afa97399dfb2346953c3836997ba95786d4d32a561,d04a0e7e80206d9c7625f522ef2661ae80f467b5ee694a255bdce2d5b46b8a34,DeepMath-103K,1346,train,1960,1
1961,4924de0f28e7267361648c844b17f277928c95b22cde9d8a396e7ac708f6ef58,27e54de475893801ab43fc68d114276a25a2bb52349e8372954af12a9f6713b6,DeepMath-103K,14169,train,1961,1
1962,8ee3de45f957f058e5a818c7d68fb76a50016c0ac6beb72b8818099957e413bd,5fec8edbcc245c903b2668cd6b6da13134f15e909b4274665649175111151152,DeepMath-103K,30396,train,1962,1
1963,1e1806c3d6915d8daa77f4ecc97862c3284b8bff5fe633770c099ac05ef1efc5,fc415e79f5700dc25982c16ca6d92f48cda9d61db16c40eab251e12925a8c45f,DeepMath-103K,52382,train,1963,1
1964,f181669ea2cd272808e0da78ffb2b2935dfcd8cf4b62501702e6d1d776c23758,a2ce9c474ba39f566f21f8945c12273dbf748a809dc17d3a3e11852e2b37457e,DeepMath-103K,12039,train,1964,1
1965,60c8d876dd940c404fdaaf6c476a513f6c608c122c5894dc147a73178f04e2d3,b9d169741a787e3e952694d08d9a372d47a475e0b22bf43c02f7d9d9f14e3005,DeepMath-103K,34191,train,1965,1
1966,59c856b2ac0bc8b9251fae39e474003c22b1685daf423d9bca4c0837b4d6d69c,8f88c13f885e83354d65e330fc8e0ec7b8f26662b4bca735260379cfc1d5558f,DeepMath-103K,56843,train,1966,1
1967,8dae036a78b38369018277c8fb3c768c42ff03e082bc2a19a27646bf0c1daed1,004279c4cd3201dbc3b8d3e5eac85938bebc1b07a50843257f201509bdb84c38,DeepMath-103K,39342,train,1967,1
1968,d645f87564bbdb850219fa6c4ebaac0b807e8cc041bd173864595a8936d436a8,298dc7193a707ee5789f4d184d782f78d3c4828098dd47741cc12f0a36c7b8a6,DeepMath-103K,16709,train,1968,1
1969,7f4f7e171f9d0ee1790176ca89fd21d03f41df919c29c28cf8b4472da118fb01,510cc74d3bc7529bea5d274b57dc3cc3a39f0f2f4fcb84f23edc4500ec4d77e2,DeepMath-103K,20521,train,1969,1
1970,7074942da39996e3dc014a3ffb2afa7f14b1243500ca47177dcc299ad15713b4,8264386ca7b058875dcd0a6e6a0dfd6f59b60b4ced56fc7cf34b2f7b6e0813d6,DeepMath-103K,56432,train,1970,1
1971,e0486960d36dfb6fb687fff761bd23ee6df1a9a67a40d63f4c7cf89ad543006c,c5aed29d3dbf0409643c258aaf06fdd0c30076b99e859d063fda25da80391e48,DeepMath-103K,33908,train,1971,1
1972,85e06ae6ea20e29a8b5801771bda3e621b445072ed87f4145d9c96335692d90c,45c458a99baff56cf84cffb0cca1f237e868d31b860e7640e6f53b558c7f8368,DeepMath-103K,53430,train,1972,1
1973,7bd506a2e6b20e3f088b07684406cd562e669dc84b2744c5c1b75eb96516c5e5,894d671cdc0782343d9af799b54768fcb9454fd7e7ad66c578f66233d24b4512,DeepMath-103K,44703,train,1973,1
1974,d8eda743ae9232c15f986a05fd07e79297af8f272a1178a842fab61470eb2dc1,e15672390910b56dd5f74923ee07ab826446085aad17da4573287995118f327a,DeepMath-103K,32583,train,1974,1
1975,348790a9ea0e0f9c6d37b161dfdbcf8d1334f7792545a4deb2b586ff432a3303,2daf866ca61d6d78a4fc24840334dec3370930454da0f9cedc1f0cae85f0e058,DeepMath-103K,56536,train,1975,1
1976,8f7387f4d98cfa6f19ccfa76661c3230b91cddac5cba78a35fe27e9bf697e0b4,b8ddf498fdca1644219ec258945bd3cc1c5a8e43a89dbd76fb8d8942119d4251,DeepMath-103K,41499,train,1976,1
1977,0f68019d5b50b6421275ae03becb5264446f99fed0910f2bc9b87ab0249e36f0,a162622dda26cb190e09a69dc3e3088209968253e6d6e023b19369ddf4fb18c9,DeepMath-103K,26291,train,1977,1
1978,fdc87d6ca5716b49baedd9a659678005dafae0f432442343941501dc717c2167,1bcdfd8f1541230a519f81821ade6bfa07bbb074bf659c2d7ea94ef7b6d414c5,DeepMath-103K,35117,train,1978,1
1979,542d98e21da9b8d446273c36f8cd94d14c3de86a08429e45ab31b1d2ce8756bb,4b4e4f16d6353dba8d0bd1a610c118b820061e2e207fb0d12daede18c7456d61,DeepMath-103K,433,train,1979,1
1980,b9ac51f8474ce545c748ce0442d4481515e2fce0d4a119bfe5174fa1022d8818,78051ee502e60817e13a317ce6560198fb2212f6f2900f915930900ba41e89af,DeepMath-103K,24445,train,1980,1
1981,46b5c672d3db28ff2e65be02907ab1b6f4fdaf57092e83c6537e3ea03fe08a31,1bfa19713e922268e81f2a33cfd559401eb88befb635c061a41a9fb32ba37feb,DeepMath-103K,20074,train,1981,1
1982,d590eb5dcc0fbffee2aa71ace9856c599beb599317abbf490d24af9b45989f2c,3eafc9ca1ec26c792ebdb4d678df55e0d313a37f8be5fc66d22ad820ab6d9aaf,DeepMath-103K,23291,train,1982,1
1983,0c64bc99d47b0231f2a2ea728289f16f84310167e0bb25814bc7dd82a66e4db6,2262ef71f7dee1204cce7e3e859c33239329153ab81258bea8566d2dd8d17c40,DeepMath-103K,4262,train,1983,1
1984,8be9fcb544c323b4f1c37359284eec2194162f2c7651d6b4473820594dba395a,d7f6c75bbf19e13a5b1a6ae788c33cbb5cc79d8bda5407f7f47635ec0afc5764,DeepMath-103K,34470,train,1984,1
1985,fae8324511f7949ae763f4a4d6b660ba4227e54d104cbcf52ab05b32de39a6fb,8066c851a25aac910ec8aec962a73b73715e162babcde5e4a0e4236026633849,DeepMath-103K,669,train,1985,1
1986,4629b0c4e12552ac2b420a24395829874400eaf88014963e6a6834978473b95b,72aa9c9294d36f2f638e7ec374b639a5f404cfc5ffbe9bb19e0860f4191e0b0c,DeepMath-103K,3,train,1986,1
1987,5efb4ae9f125eabfa60c9adc6a13a4533bd6492f1513a3c93efc94f7e8f9e411,a6bd9f406ff595b8621c0c411dc52a4ca7add7bf160ad458fed7d69c50d55f8d,DeepMath-103K,55049,train,1987,1
1988,9c713bbaedf22aee745b69e6f1ae41412070432b58a25038aedcfb54cfc4ac79,93e5d18083d91ecad77f41764195c161864cacfa873f9040cab9e3b69be523e7,DeepMath-103K,33754,train,1988,1
1989,00331e6a94d22b0cb7a1b7727f3e0bbc78a7fadbc647a5aaa9f6908280e7f49b,c2d319c74ed2b6022a93c7e81e9e7c7b938880df3593ca901abd2276c55ff0ba,DeepMath-103K,25298,train,1989,1
1990,65c5c69d3d578bbfff9eadc4632365733658faf285c19c51a2173116e7e874ba,6ddd20f832e162c6b12d57903476ea6a7e047ee875d9ea6dc3a0070ce8930484,DeepMath-103K,18369,train,1990,1
1991,fa5b0867acc8f81fbe0662277a1361a2a2e9c768aa246d56a79327a7763c65e2,5a2daf81e069289d494a55540bfab4899403907f952e142ab0175e55ffcea615,DeepMath-103K,24604,train,1991,1
1992,db6a28a32f2388c0be35f8f7f17f74015e0fa6f1a5959a62dc052224dd9d1a4d,4e25b2bb424aaab09a05fd544306c617fdaa21ce8eeab0686a1a587d5e5b699f,DeepMath-103K,13240,train,1992,1
1993,15c44dc8208b37bcc1d474019a7d3b4d964c557e30c73339eeec8a6f15c63abb,502afce08b8141cadc4f62112e3469489645b818b08a7f005a43c22fe36a7598,DeepMath-103K,15287,train,1993,1
1994,60fa7ad2df1a8de04a41e1ca5e147254724f60fe15b3cf0a532d49e27ac192f9,8deb7747f620a44f2f0f2a3e6d961165c6413db07d15dda939cdbe41079a6b9f,DeepMath-103K,55923,train,1994,1
1995,bc78abfbd94852d608f6ff55fb2cfeb701870937ab86c99a54e31e0f24686010,20abd91b3432681ea5e3a9eebc1e9cf133ad56d26af1cab833295a849d65c811,DeepMath-103K,26552,train,1995,1
1996,9e2a76a28905ff045563622acd87e913af14ba9401a785cbdea296f443926973,7bd4e84314015e9e67a358d9827f73cac5d864e9536658bd3e57d37e135023c9,DeepMath-103K,16325,train,1996,1
1997,18201201f7ff6f93537077b1a502db07fb5f50232bd3a91373795a2e4f892d94,c5e623701ee04eddff6d8f7096fe0682e89e32c6ff2ef1495d1ec654f68d2c59,DeepMath-103K,28579,train,1997,1
1998,11489711b6f850eb5d974346f72e47b4f18486185ff6db40edf6cdba103e022c,aebc551003253cdcee34c0a90fd9d129b38294cf84ae2eb5464cb4c9828326d5,DeepMath-103K,21594,train,1998,1
1999,115df0a07780d84233f4b1b37eb2d2751cfc7f8ae286f3ce0af473e0a8dacb44,048fc9332b2c26798727a9008bb3162b6c28577197ff92438c52451136813345,DeepMath-103K,42651,train,1999,1
2000,66e42f272a16e43571ad6c7bcb9e8d64df26c32f09d4b4332a339378fedbbcd6,1fd573a88ef4e5e6264618bcf77b9a2eadcd1ba3e9ac97e951e172f604d8f64f,DeepMath-103K,55664,train,2000,1
2001,7dce33f50024c48a86fc53bfd4317c6211bfa944524d60b93fd64844606d5b4c,f538d9ee0e331f9dde895af72bea20efd52a8c6ded3a0aec5c28cac3d77fa3b5,DeepMath-103K,37386,train,2001,1
2002,bed187f5fb170aef7442afcf2206fe53d8549b6537a991ca732ebf397b74033d,d34a400175ebc6cd3390f8dbe2bfa2c1f56856173875989f96e5b72658a24d23,DeepMath-103K,13945,train,2002,1
2003,b786e2496dc2519d5bd05380241af183cd844ca5fc97c02822f196129b055552,fc40cc6058f73e3ac9707a4ba8df2e24d98662d766ceea52f763e079a29a00b2,DeepMath-103K,3494,train,2003,1
2004,e5144a2ba568d8e591bcea5905ff16ae9bf197f93aebba4290d568011777327b,4d8f82eceeda83a4eeaf2d1ce8d637d4c441321b2aa5fd9e712b3ce288332feb,DeepMath-103K,10444,train,2004,1
2005,f7513469e6e8a2fa7d31be5721a30da0a30c6a0a5d2fc1863d086a559f6ad042,013ef3aaa5999d41dee50fe309795530b004b20545254d9ecb977bb74c64c083,DeepMath-103K,1336,train,2005,1
2006,1ff80ad9ed4ab4ae80b7b9c7f4b85cfe4c72a5cf34f3c1da36dad8633f00d575,612ec41b2a87ef1592f2096fa33645beff6de0fd7e4c2a87c6806de38a67d3bf,DeepMath-103K,7407,train,2006,1
2007,1b781bcf76f0c035be458735ffb9ee5d4f2eb869df54053015b68dae14516ecc,c665e8b043af0c168f51c386758be1148df232cbb05492ebb7e1d2feebd36cbd,DeepMath-103K,37748,train,2007,1
2008,3dbfe81e6724c76bd79f884cde41c86cfefc5f727bf3de1d704b32b6ddd8e168,d5f448f308d692c6e3cd5417c4662f56a00c40955afa837c789cdccbafa88e4e,DeepMath-103K,53394,train,2008,1
2009,59240cd9ad314785a8087c07e2a9791c67a0b716b1281261ffa6aa8e023d7660,9b7e05afc402790544036a31c4e1cae6488a5469460b4711c690f1b396c7a699,DeepMath-103K,54948,train,2009,1
2010,25f2624b328ec320e0ae8bac2bb117a30cb1343ff8d4926d38fa7399b244055e,1983a0212ba9110ec82b8cc52c17d0fb60eafc066cbd39cb89942943ee312d50,DeepMath-103K,11180,train,2010,1
2011,6c30141f65ac871fcbdb0f47b0cbee9b95804e8fba8c99aa9a580df2d795d2b0,5156a25cb9e7e175c5bc7f133e3f762855e2f6404d915fcf3aec770206d2e005,DeepMath-103K,23288,train,2011,1
2012,398e069cc6a71c291de089eeb06ddf17eebe56b6652a4f0e68275f404599a0b0,516dcde04693b348b7fbe0a76da9841f58c9f14b72271ba41bca067925de804b,DeepMath-103K,5664,train,2012,1
2013,9b95f8987427f83eda504bc332f45fc0f0c1fc1d0475649e550f339c74695d22,b9323f8a6783f01229ae4649182967fd2ed9b0600166ff1aa5af4680ef1c5644,DeepMath-103K,42690,train,2013,1
2014,3aee65f29e4a3ba20d12ff01cd874dcf213a87972fe62a070f73115912893a76,b21a2728a8dc5292c8c75cf95b2843102bffb6cd85a06b184d3486fe6c788f67,DeepMath-103K,42823,train,2014,1
2015,9d98abf817e5fd2715ffa289d2ac99b91afccec273b7bd39325756a56be46af2,23a66f099d3966541bcd331bab68ace5711bf0a330527de1621fd201496da599,DeepMath-103K,445,train,2015,1
2016,4283e0ab767772ce6fef2af1e57ef9fd312b159d87a63d527d30ccbe56ad6328,126f33f04dc55db25c6f138663ab75c3920fc5560de03c1e52bffaa9e7065a5a,DeepMath-103K,18553,train,2016,1
2017,a355178c14a13e483f9f4bf24f6465ee258d0fbe87ebaefa1f7d66e4ebb31ecb,1f9216afa4784694e447463e366b0d5051dfbd23025426749c80c30a4c05aba6,DeepMath-103K,29070,train,2017,1
2018,33f634017eb1eae191a1ad60f3f87c69136a68d14d7ceb890e4b3b39fa3fdbe7,e24e61224b5ae2ef73ea9ca5194574a0c1aa2f509a2c8e2f787a76ac73761432,DeepMath-103K,48696,train,2018,1
2019,fec5d7e76b17e08845e3ad302de4be31cd3ef1fe6c69c36b85b73651eb9f0e99,e1461f27011074d4f536bf72c914ea54ecd44086efaef15f3dc6c7fd11ed88ea,DeepMath-103K,21729,train,2019,1
2020,e75a64a4c4bf22a7a98a37a50383d76ed567fff4e533f8daead023ea86ee0996,14d98fd6cbde7142581d7bac27aff2cc7aefd7e72babf6858899008448f1d81c,DeepMath-103K,9065,train,2020,1
2021,d0ff4d10268f18aae2ccaa5a954a3e68b6317484a8bcd9ecf1f85eda8454b1ba,9d5d4a1c93a6465e5d1713511aff588d6d9fdfb44b9948991876c1565f7d164b,DeepMath-103K,19028,train,2021,1
2022,02be859c8f3fdc53591c979168cd11ff8b474616bb8bab723633ff09c7128999,984815f0d57165e1e4851e8f33cc269161a01954b2c83f3a06438bd95fe9569c,DeepMath-103K,32130,train,2022,1
2023,16a0c35fa23f86edc9fd6767eb5fe1873f6dfb87224eb4e858d8fa6818cb0a20,84b702813a2cd5e84daf765a52e804cc921d7e724cc63b5e348ad67c7e15a8b4,DeepMath-103K,3989,train,2023,1
2024,6ea9e5e7fa3dbd3df698fe55971c087b79cc533485a3b0a19a51633e460fa6a5,24020f7804b0c5e5c8b707de9d16a7c257f570b4c76e9ceb66538ea8f2d3d206,DeepMath-103K,16989,train,2024,1
2025,b669b5ff394fcef4b38ed1c3660b905c2b2d5162cd8ac997409a1d2f2674dffa,f303505e1a00f1ac227060a0bfb55fb97371a70e33c6be2f82619bede6fda517,DeepMath-103K,56053,train,2025,1
2026,2d25e94d90eceb4effcbc8d52f17905a991ceabf94697d97eeb5d1be69204285,c0701a3d615d105d89d26f386ca9ee0429323942324b39419651a70f275e4899,DeepMath-103K,20850,train,2026,1
2027,6b6744d484f83b23a67a8e0e4e58a8dc639d1c7fa56c6a1173a004ee00030caa,4fdb3406176c1127af32a3fd4d5e2424648990048dc4d0bb44337d42a0ad2cf7,DeepMath-103K,46680,train,2027,1
2028,75bafa6be54246195fa6ff07c5250ea62ce717c9d954f7ec738e3a52833a41de,8523bd26271f040eb49370519d84b30aed5c486d0ad7022f43bbef7998274a2b,DeepMath-103K,53905,train,2028,1
2029,b5697596e8ce0deb50c435c1c53b8fe2ba14d4ec043c81ce57532b8e0a20e391,65f2599c9120767aa11f7719f102632c53a5abe8982620d3a0a57ea5cae174ab,DeepMath-103K,10,train,2029,1
2030,4b14d01923cc8e7845c6a076a516947ca50245edad1e6cd196a54e0c0a2fa398,404fd8d8cf9a1f05fb3d6457a440890133a13e7ec7e3806eee4fd3b7d44ed230,DeepMath-103K,50903,train,2030,1
2031,f81dc32e8625044193d66657ddb52e3f95650bdcc59720ba149755892373e5e2,f46b89c19ff5c386ac6d44cff66788709748970068fef5768701d1cf70ed6a04,DeepMath-103K,41509,train,2031,1
2032,2b1919414d4539c126cd3dfff6cd1ca61f6f5e51ced3052405ac4a3fdc009c07,8e0573d35ad1006b3087127cbd204aefa2ca85f170d7f9b1c7f053cc1102eb45,DeepMath-103K,4765,train,2032,1
2033,c9c02e9a3d8a6c6d3e39b959f9798d06232edc4e75104593439566eb7326a218,d5877dfac23e3907122db2c501a42b5ea477b99bcf295e413bcc61539c2cc5fb,DeepMath-103K,4303,train,2033,1
2034,f7a567b9675e74b18fd378d79218aedc201d587c5cbe700cdfdee8ff0651402d,154db2f371e497ef1816b9795867c1cc30ca8d72ac396abee653a2859b041ad8,DeepMath-103K,27240,train,2034,1
2035,2404f69a109b3a50167f82756bb23a0c6d6d77d874b6cfeb2df3abc8740934ea,d1e052030959bf22f4911c00af3f5f44aec8bfb352f6cc75ce0aca47b724e32d,DeepMath-103K,47192,train,2035,1
2036,29bb629feb1de690893b99459b20dd14dabd1bf2427ba62cfad29f157df673dd,c8a97db86968ab57a34ccb430e77bb56f04f3e3c5e6893c6d99c5284a734cd0e,DeepMath-103K,14955,train,2036,1
2037,ab77ae4b15189c353427fd27618644c6b743c7d6812b2e0de8574f717dd44cb0,c5a79ef8363759cf1c33cfcae42716c9c17824fdf7d9c3eb0b60f182dd52489e,DeepMath-103K,45924,train,2037,1
2038,9c78c3c8d47d071023fafcc40d44cd50fe1cb49d1cf87f9b4f58facad10b8d7b,c7d21a73670523dee421db1b3cd44cdeb89efd3ff91ea33ae0ccb951d40bcbf8,DeepMath-103K,5116,train,2038,1
2039,1b303245ceba4267cf74284800d4739cbf3e97c4bd0a4fa7c51fd0c30f529069,f944d02c53db0e5e26fd497a9ec4da93d4719a94cab9c96cceaacf7be9a88366,DeepMath-103K,43708,train,2039,1
2040,12dbc840343be1ec5217e21a64246f00339a7f0daa33a8fbb0a0abfbd1ff24b4,8a737a40420b475824cacafaa2751b0d94c644ea2b2337b11e54a28272992aa1,DeepMath-103K,50527,train,2040,1
2041,dc2d1635b104c4450b245c63d5d4d142551dbf6a9d63ddde76ba66791452a02c,b0c95953426d4ffffe013b5239d140038adfa7e1e453fddd069afd8236cacfb9,DeepMath-103K,30526,train,2041,1
2042,2add743f99ccbd1ebcd10875c923eb5b218942d1062e09b4b7e8e4d1a9ec93f4,59ce716780a560f3c40f19af2d414f2d8e14c3ee38db4fa052b9c328c850a957,DeepMath-103K,26430,train,2042,1
2043,bd0c176f707ffbd340dd0384de82cacec254d0282fbbce0ce1de029f09ce0dee,b79fbbfbc266ce674b628944cd1856a9168a2a1a77ad2fef182bd992fc47c817,DeepMath-103K,44884,train,2043,1
2044,e1058b60332ae910b2e84ecb94e6912cd63420730f9d70b3dc79def44ee2fb64,2e86696893245aa67b2b1dd667ff85c288c75b3d7272a74fd921af264b3664de,DeepMath-103K,44402,train,2044,1
2045,c06ad9968147bb94fe869847f68ee366080cb6c6bc800471a98da4ef95e7a139,88eae0d0f961f070a666a095626a06129226e228d520d7296700e337e0aaeaf6,DeepMath-103K,17844,train,2045,1
2046,058169c3398b6d022451e4e9c590abb1071d2308a95130163abaeaf0bd5ca721,377e501d6070ea2dc5a080f5a5c1dbd9c5aacd117c0c60985a4b22022f2d76ec,DeepMath-103K,28958,train,2046,1
2047,d0b3a5eb13ed0d2c9feff06036f60b3b4c2d2ea17282603310f0600af4bdda69,1f3eafc911a54bf9943c441cfbd3d1789169ecb86d54fe96b556fe868ad568bf,DeepMath-103K,23897,train,2047,1
2048,0bbc14838b29231e56cb3bebb970628db911d73530ccb2a41dd2eb2596bf6e53,65160e6c80ece2c3ae2adf383bfe6be5043701f73f6c934b5f0871018c2c3fb2,DeepMath-103K,10656,train,2048,1
2049,7b62d8b94420b76c22336b52fa1033f3e9ebebc1c3266e56787464949a13595f,ff53f3f0334c105830377bb9262d1abad2d1c0e2d2f015a458626dfa8b9d7a99,DeepMath-103K,32636,train,2049,1
2050,ac7fff9740a0d91072f3a7dbb81bea0c36c38a628b5dc65567ce3964640bd83d,6c93d7f0e78f3703591f9cad99e381fa0b0201e8baa2a02ee9a9869efbf75616,DeepMath-103K,37663,train,2050,1
2051,7263d7eb79ff7af4725c2d9d1974c09e4839626fae9e3cbfab76210fc7a81f93,0f22e97eb07789078ab7c65eabe8f1d854a0b0e7ec6089f18e82319bb67a82e8,DeepMath-103K,6988,train,2051,1
2052,abde429469abca9ba80c52c3f90a2b56bc5f59dddda41af08bfe42c91243f6b6,280ece2beadb6cc7e82b1c4753a2d4a8bf5b019f8f1e33d5f6ab51492f916c39,DeepMath-103K,36336,train,2052,1
2053,a82d96b947ed5e95b44fe655074be659cd36dba9ebcc94b2ada111e4b11970ed,a2949acdfe086ea16e8c20ccbe8f5c8ba33890fba38fdf5133b05a19e3a4ca20,DeepMath-103K,31778,train,2053,1
2054,afd5f30f5ec9a55bc0bc935260be78b19909ec460dbf363f9980a1031f23d91a,40f09c36b50831ef891976675a9854476eab0cf89f014d6de2943356b266d6d7,DeepMath-103K,3449,train,2054,1
2055,ec9489b20eae0cbd86f5975bc85c8cb6ac11784b1577e269f1545cc15f473d45,e8fe53f3abc7a0d0119b9c1a105e938b836a491aa55bda57ca2414962e7c6c7c,DeepMath-103K,32400,train,2055,1
2056,5a4c9453492bf8e4ae2a768c30655c97d8160b0baa734c2ab75648019f65ed7c,a4c9f1229421a5cdaa8e8090393658069f54b511df68f82b7037ab07b9107f8f,DeepMath-103K,46412,train,2056,1
2057,12f8ca7565dc4b63a2e684558e1e448c5a751b861709eced30e1a049293218c5,a620a05b205e9eebc8395c677ef160a94fdf23c9cf749de1abdff7ffd94634b4,DeepMath-103K,1811,train,2057,1
2058,19f3e7317cf3ba36800cbdf5af7a1477927c8133a0f241a2f691f78d705cedea,b510855dc68a6692a7ec4e6cf29bcd265e04be8b7c3fef1b398972a7153fcaf5,DeepMath-103K,31704,train,2058,1
2059,c3f613295862cd9605128d2fad4c031cd783f08ef14ecf19d779d74ab46af2eb,a0ae87b288ba224e5970e927d5870b92dd872b988ca475de1bd7a5b5ca62333a,DeepMath-103K,21045,train,2059,1
2060,dec5fe4e72ef40491a42546a394c483c4ddb0ceb0dab1464cd511ba2b59216d4,d5cc34495bcf7affc38cf9576ae21556be240a6895124e9af24f963e8e73bb9d,DeepMath-103K,24285,train,2060,1
2061,5983e15303ac8215cc5a651abeeac77d01534f2b64e7fffb8005eaf2d336afc1,36249f35ed0965ba7b76bd9cb03dfc3dd879aaf7a5d309ad4c1ef85ca68a7db7,DeepMath-103K,18773,train,2061,1
2062,a2e873d4c93cc409d4094757f468e91400ba60340ef7bfd4301b212367cd8d66,1d21af5076c85a3d5bc201e38c6bda0c5bb7cc73f806a40acaa17f9c55e0a5fc,DeepMath-103K,27700,train,2062,1
2063,54e52cfb5de6a29f07f051c2ebcc9a11fd55187db2d8ddc9e2678f48ac347f51,7167a928bc0a05bb9ea360c21c1f792467388156e408868f9e2f0e1c3ce4a607,DeepMath-103K,30650,train,2063,1
2064,9255e71ed0404a9048cd5d057f99c3d1306554634d43b1d0d81bd1b34cba92b5,ae28ef7f3841fd4368c6126f1f1d20f3197c803efe866a9e5172899d53f24051,DeepMath-103K,40273,train,2064,1
2065,1f1a7aa63cc67a064ca601796b352f374156d97eeadd937676ca480f8924c50e,55e92fbe650c390bf4096fca6eafcb27862f535e045ffb85b7997ddf1f445b30,DeepMath-103K,46363,train,2065,1
2066,b3ab2bf1f334bf94456539fb8c0c81c75a04a96347d35410b5272d2fb3ad3072,9ea2ffbc1abf9d7c1052ce62f07740c30a0cc48f289dbc2ba0c4162702464696,DeepMath-103K,36095,train,2066,1
2067,fcb6111923046e2ffe4cc299b0dfedb997559c2c1c5cb0f0ce07347e51811377,4261f09374e0063e4cf24cf76388a9d7f8e8c2cedee806fe7981fd4e64afed3e,DeepMath-103K,46462,train,2067,1
2068,09371aa4042d95f804e4330fa61ff61f2b21ce0371ac51f47441a2ea009b8c40,fc733baca04b407f7ba2d2e6f6c2d5fbceccfb9d8f3167614a0361dff7615ee8,DeepMath-103K,42318,train,2068,1
2069,b4511bdd14aa91f98520a62b5b24866838b68b6bfa4817cbce57f89f74a25cf0,047a093cc549d98d455eb17ad23152796e96a6144a0e11ab7b600528f30e3a24,DeepMath-103K,17718,train,2069,1
2070,59de010d10000a38562d90565705577b552e5d4e3d25111bf5b7de4309a0cebb,ccacf96df07503dde74cc2fff4e9b3205ad2e9aec1c7cc962301b19d667e4117,DeepMath-103K,24192,train,2070,1
2071,936a5e98a47bbdc4f0b6589067f306e45145cff15e1c8b7fe73bdcd88e1308c6,332cd680802fefc11cdddbf915b4333293e1b01cf663af2f6d1c8986083358a4,DeepMath-103K,37460,train,2071,1
2072,a0453817b7bf5a84c571f0a7a75c9c88b8c00e71a71326d116b50988496abfb3,b6c8a7ef1f0c4e9901af0601de7ce31c27437b9de9eb5d709a268fcf87d52388,DeepMath-103K,32560,train,2072,1
2073,111512519a6e524167e4a678d62bf68f9622a88123e0b7a844728e6058484544,532d280c1a75171d8cd4c0e17f96dcbed2df31925a1ec411e1fb74226b6be8c6,DeepMath-103K,37384,train,2073,1
2074,ffd1193783193708e970cc9bc471c4b415717ebda48c32dcfe3c3537ee2420e1,4e945efefed1a817a0b7d672f6bccb067a18a41976ea2790279a643f3bbc1cb8,DeepMath-103K,16237,train,2074,1
2075,a6fdbd960f7b27e82bc7199f6b12c50d01ef332b8ca93829603eb713d30eb142,54cbc3c8c0ad56e91ad4dac52d18542645f86f29b018333df7239c87c9b3fd4b,DeepMath-103K,32511,train,2075,1
2076,d275a0676799627b6cda3accca1ef94c95bd2ffe82623a19b673936709877870,efcfd939262ed4ec60fd2c0c684aefbe9225d1fa0ea14a421bc480ee8dc31209,DeepMath-103K,46671,train,2076,1
2077,a25e3f741bfb8e5e12a055dcb6c8b8579f84578f5e9595ff99605ae341409d31,196dfc0d31701ce72a936a4e7b2052850dbed075756f2540abd7af2a8dfcda3e,DeepMath-103K,40941,train,2077,1
2078,e9dd1b6f83f35541e62508706ded9c49b8192d1d99c81f35606e3df742d4d308,de6f243abcdddf44bff0d69156d413626c4358f95b74ae468ffd10767e1cc884,DeepMath-103K,35887,train,2078,1
2079,ff438843a76ed7b1398232139104443a1400a617f94c6289cd6eb73bbdcd9b31,72c6eace9293d8c6b025440e9cccf51a7138e504b7d1f1be4fe0b9160d271847,DeepMath-103K,10376,train,2079,1
2080,bb1584beb7c942e2b37176c3d0ea5cda988a482a30218b1a6232f0e85ac5c8a0,d0c31255b7bdb87231028a6a39322b1dc4fa9fc99bf5da49c10e6f80cdd6e463,DeepMath-103K,644,train,2080,1
2081,052bbae5ecb834e6adad7a391bc51886d0ad3ca539f8c666f7047acefec4ad56,95abbf2d1d7106631593359822922eb7385580a07eb99be279874de78cb2e9d2,DeepMath-103K,35698,train,2081,1
2082,412f7df7d927834caa2f43c6246af4cdbbd5b3acca2520eabe718f964b08816c,093c5effba7e0558a711d8c09d4c1c19b92454b26c1a6d93e689996ce27890e8,DeepMath-103K,54285,train,2082,1
2083,3bf27951f1da45c148b5ed455c24749c287243c8a89f8938813ee678ee23c403,0751b79732437a23c7d2a1598f8febc9862f32d263b01b10c41cbba2d0bd1b09,DeepMath-103K,52369,train,2083,1
2084,ffbdc792b43f300351a41a631103c1a0e2b475004d5228ddbf8db6202ca55e43,9249dedef4348a1b525ae6bf3a8fa5ec8ce77f34a139ffc8f1747aa74d676109,DeepMath-103K,12273,train,2084,1
2085,1818c545c63b440566b6a4e199ee5bfe93314530f92370dc154154318bfb4639,85e4cf9943d79faac999f492b9495163444db7cfc1aefc19cfe3fcaa4561b7fc,DeepMath-103K,12131,train,2085,1
2086,8e18239ce987154e6e0e09d423054da81e0fd69e39c06fba0b0559e18e01cd4f,e83ef99d3b6db87f4bd36d93a08417a9076f4e7278fc6203d9d5fead2e7b2d49,DeepMath-103K,28124,train,2086,1
2087,0962b9101ebfee8d853f908e939c08d29ff991cf89afdce5dbb2f8fbc5831fe1,906ec9f4505a7cd6c5b4004303acf65e2dd2e97a188e3fa9e0f28134e664b590,DeepMath-103K,39475,train,2087,1
2088,e7d6f9a76b80772dd0991a6a97da54bdc992a70cb4e442100b9e08a26d47181f,ba000594a0f39a92b5b75e0fb09e1d5f8244c05db5a9519a4f0aa27906dc8e88,DeepMath-103K,46547,train,2088,1
2089,acf8d60d3747e345e07c4d20f2040b50063e5d1c6f0a31adaa443c53619910e0,cfb9e695a2c4a6f15f31dd2eef1b8e681bd03eb2bd668bcef259a54fe23513c6,DeepMath-103K,31482,train,2089,1
2090,c62fb771115802103e6e41cdfebf6a9b4d5879080100f7956465b353c175e21e,af83c306d5a7a0fa961cd2662a2f581cd4ac8ce1a417c3a4859c03ba6cd2ce1a,DeepMath-103K,31558,train,2090,1
2091,7c946ff3adf086d94fd540ed2db1e902378aea1f1257bb294231ef4c7af3de64,71eba8f8d74e4effd52aaf47459b36600d29f9705d4ae4ed655256dc43f231a4,DeepMath-103K,34054,train,2091,1
2092,d83fea52889f82e00205677c58667a8cf8d890a8ab1d32c0c621d5d4985ae183,2221bc3cd4e5c57353677c4437f483eb800e635408f85ad694712e1240537bad,DeepMath-103K,48060,train,2092,1
2093,5354b37c03c351bb424e5568563f4c3ae78880d471d1e108665c8cce68d21e32,f0bc374dad3ba8ae44af9cca2e1671d5977b2cdb3c64e1f0985f9504ea847087,DeepMath-103K,54402,train,2093,1
2094,535ff398efcae6be522f5bee0fb07d669c23955dce92777fc359766db59043d6,e4d87a7c8dbbd04fea4d7470535e1dc9b5ec31df51c6e6a1073adcb71433e2f3,DeepMath-103K,16628,train,2094,1
2095,5883d9150f7ff1d076f5266dd5d2ade4efbdb1934d02cd4f90dea30a4e5c05de,99cac92725a383c1c4a63f9a2711e2e8dc7e693edc7fdbb76a30f9cd51b848d0,DeepMath-103K,16077,train,2095,1
2096,bf6a37178fb86d2bf180368ecf1770c245010a87b0b8e6417ba5e822eaa28a0c,a0dba59352a6cd3e0f00b1ea77a9b078f6b56575089f516f95232c3785f63a9b,DeepMath-103K,54063,train,2096,1
2097,e374797d27657c3cad21970df24e20f608ed49cfd8b1a45c887652e421ab92a4,c7a4630432fdbee19de57b9a683003f6859d565713875ebf7c178e31d1ebca56,DeepMath-103K,25814,train,2097,1
2098,a5fb7c00ee4e05b659ece8a42903c11ae5f1fc4922de741d85b93dd9e9de6c09,8a16f97d6174d89fca39e8885692841c37424ff59333b318661bc341ff65524c,DeepMath-103K,16430,train,2098,1
2099,041ba762c2f4f603a479e50b67945ca769a00dc9cb65f1d78aa030f0ac95f00d,ec441a0821f4f5d9b49176588cfb7b4573e2ace81cf99fcdea8de4265f5505e1,DeepMath-103K,10105,train,2099,1
2100,d813aab8d5b5c54a69e779a6991dc45985706cb290f7cb328fddc85250d42604,dcae96aa4e9de2bafd1521eb571e6a1499614b86c6d779fae5b93399d2c19869,DeepMath-103K,3909,train,2100,1
2101,80936eb840ae5146d3e6fb50c07da05a7a52aa4b69d37cb52bce8695796adff8,1816d886773ae976e6747314a985b61239ab907bfae94ab4861a64e2cf4c2ea1,DeepMath-103K,47722,train,2101,1
2102,94102bcb93c08ec23fcf915ece9c639ffb0c109d2d39914f3c6bc1bad05e94d9,386870591172e13fd92d1a58a57d49fb31be46ddd9b2d528e2790afea1502c73,DeepMath-103K,46250,train,2102,1
2103,0f9d28642005d4e4dbaf4a71937ca316a2549c12dd2d6602612d9ea3d536dfbf,0e8c4b9a0df00e4336b03a2d0496f34d54e1b767f168f1825398269d42871c1c,DeepMath-103K,5670,train,2103,1
2104,07727397cd33cb04111fc39b33802312061f71067b2dc16d1af3545c879d6e97,1ec6264de94e428b937f00488207c9f0eb4c0f14331ca6f01e811520162fdfb4,DeepMath-103K,9984,train,2104,1
2105,113a69364dce5ee83d7d49619b2c80c3e131864215715035efd78404060e0a9f,00ff4ad2b0d9a56de2b8aae1809b83a19e02137fec0b2f83197f7fbe7a135527,DeepMath-103K,39189,train,2105,1
2106,08ae02a4e79c1568dbc8ea75cb3e1d2e55aa8c4332f618b6a5872a458dd1a86b,88eac1f5e6cc6b8ea92daa3f5cee4c9e0f6eb9bb405468245702d4742f8e1be2,DeepMath-103K,3918,train,2106,1
2107,3c4baceb5cbe3731270b162c35743507a2294d8525417d8b936b1b1648d7fefb,3e3ec689ce714c70df18eba4086b5aa52f7b7224b979301b0d3c401f8f52a296,DeepMath-103K,26582,train,2107,1
2108,e8eeeb2b284bfe50abfb060cbf5318a7e4737b02c28dc8c34142395d8f77684f,56a9b6360fead9144ee4954f2afd0fe0c0cd187016ed7f795b292e249f14a271,DeepMath-103K,24221,train,2108,1
2109,750b2467434077bb38c38c3d410afc3cc303cf38d40ead314ba4a50646bf73c5,730edfb5346684ea3c978e9148c8535bf82d175764af12f7e3c1bf38e45391e2,DeepMath-103K,43198,train,2109,1
2110,3347da62b0fb7cd19e3990e26eaf31e20618eb39f22b8de69ce537d3c84e273b,92582e5c1d42c96153020f2c15b19519fd5624c9fd81974bc71b10f0970debff,DeepMath-103K,20034,train,2110,1
2111,3c1dc740ad7918c49fd04069dcb84775dc1519c6bad137196e7a6a15b34a2563,4344c67723cd88fd3f8ed766c75643fc4e98321dd8ff525c9198888109e52c93,DeepMath-103K,37569,train,2111,1
2112,f5cc8f2f90656698924ecb44b74b3bd8af62b0ec8e2c22e7c08f6c81e42e57fd,7420546b9624f7681180f73dd171838cc4748af43e3ef9eb49a50b715a9c0c5c,DeepMath-103K,25120,train,2112,1
2113,fa7c3786b1aa3d74b22499b241f6d2dfff9b438e647a96c50bdac31fea59f01e,063b524302c911aaf0de44208137443edaddc2e7084c1d13126933a658ca24e8,DeepMath-103K,40329,train,2113,1
2114,d9f2793b4459db054742cbe1d710d9ec7eaa84418284612eff559a3bd9e56581,8a59aef2ae53df537db24847d8b0ac761121e0e5b86989c4761f145ed445656e,DeepMath-103K,18488,train,2114,1
2115,25ea67f13bea9de1563d891ebf5bfd31e245b6e07e1869fb600d909c549fd36f,ce2612d6873d4ad231237ba7838800313087d96e178072ae91af3236a8e4305b,DeepMath-103K,54647,train,2115,1
2116,c422a06ae0b854116bc9dc1d2664b3f1680c384a6ced9034e49ac2dfc02205f5,6c83f87e7266f4ad58c2ff34c5ec7a2e6efdb6e4ed88255d70c27c4916b0fa30,DeepMath-103K,29315,train,2116,1
2117,3021289513dac79d391fa4b2d5ea538de87b4cff9d8acb92bc2084fe307f5b7a,8f2504285296db3b854eacfe2c13f19609a3615babf879a010bbf235a4f3f1ff,DeepMath-103K,20214,train,2117,1
2118,96443f2c07ad7be3ef7debd307ea51d53c4dd6e96e39c479bc00c8fc08e496d9,a72a472ea63c11697fab75f777f0f378a7cb5d2fcc6db58f8f61a2db934c9a5b,DeepMath-103K,32577,train,2118,1
2119,ddfbfdc48d378c410899134ecdf3cbab30e442d2adbefd752a39a30ae1e68d89,9bdbbf72b58a3ad27f8caba96b29ee6d0ba7d29df4a7619e6460f9183c49a73d,DeepMath-103K,34016,train,2119,1
2120,c0c3075516e9a81f8a63fb7c6fa7e3577a2119e15ea6d8951d51cb31edc11ad7,0e6ce64feaa81c918deb2df09a5a3f18fa31798c96ff691052c5fc672a99357b,DeepMath-103K,380,train,2120,1
2121,303b259db274fa1861d4910ead255eb54bf7828e9c63387c222f70fb2c03ad8a,65a5430169057f18a63b52db653240c8f676f1fa6ad13d0f40f624a9934b06a3,DeepMath-103K,52827,train,2121,1
2122,1247a3824b67c1bbe500d8953e2114722df7994ddab119c8582c8809208fd456,1dd7a006be259b75aa5a2dc43dd56b83ba6d763b2360d0182b9ab66d0b29363b,DeepMath-103K,18152,train,2122,1
2123,0172a0d517e8564bf7ba30cad3fce4a8244ded1dab4411a860baa00671cdb254,b659e7838bc6695ce406c461ab836b82bf6c1071464cd16ecc4dc5bf0c2fdaef,DeepMath-103K,2080,train,2123,1
2124,ef4f453c39205e9014cc9d2ce460930176a5714c98557abd15a8592a671b075f,0a6afc6d66e3862a259a38bd929f72db7f443d8e81cb75c25ab40f576769c1d6,DeepMath-103K,55661,train,2124,1
2125,4c771b187ed9284c41058126cd9f1f03970a0fd9f5f9e6cd4d4510aaee5d9b9e,3cf71f10e87e56fa74fddbd72738253d367487e3ddbd895774e54b6475771a49,DeepMath-103K,42685,train,2125,1
2126,f56b4a6dee804dee902d0292fa556895800a9031af6fbf2b2440a35ad4770383,e7264b320f0ff4ff2e54673f2a899ee2ee1e630752e636f6411f9b23eebe1925,DeepMath-103K,13899,train,2126,1
2127,dd6ba8b98b54dc24ecf2be007d860bb8dcb025bb1133cc570c71fd16658fee8f,e8981a3ab4426fb410a385b24ef7d6d8f07cda65fdba30a275f7c2a076aaefa2,DeepMath-103K,42817,train,2127,1
2128,c873948803bea58d19c7921b8619861e041521d8616c10c03e7d5b635a1add65,3fe3143f775189b3478f34cc72c146812bc780c41f4c577d736ff66508db63da,DeepMath-103K,783,train,2128,1
2129,d3b2b2cc232d3e1914d7bc7bfe35c4e5e2f3cfbb89460934bd85bcfa5f43a4b8,cb1c273d56581cca5220e410fffae35591e6720c7049b9c3f8af11df26e8e568,DeepMath-103K,19003,train,2129,1
2130,27844e87d485d7f474339972418391646420742255d637d7823224a6366fc77d,4e7dc1b44e869b99d08a56262b7fccc94833a71391708c4b187ee744e8e7c851,DeepMath-103K,21290,train,2130,1
2131,05bfaa364a14f2a7ffa32a6503b5977c0172cdbb129520838457d9ff4f40b302,5803beaddc3dd2a708f24d2ae6363c00c6c85ca85a94c6e41d0a6a00416fdcec,DeepMath-103K,11758,train,2131,1
2132,5c316b22ec3c691ed9ad7d1cf7023930026cf9daad31c84a5fae3b11876811c5,741370c1e4391e5eb76fe23be7969909f24a95c8b30a43f088a216c1b6560195,DeepMath-103K,53078,train,2132,1
2133,d806336eca69210a37945462bd1dbca72e3b5e7d74d5f98eb7b21209a34b41fc,caaf6b9db74060a9cbb4dc2a51f44b7fb2fe22f20db546191c1f16108f0dab51,DeepMath-103K,34146,train,2133,1
2134,111c45061ad5f074edb831d1bec47ca92ed03daa44a3a5e76db32b865a72bcbc,7c7db6ee1f952b62e6cd2ee6935e7f744b3d75470972edca86de63f9d8d3ffba,DeepMath-103K,7214,train,2134,1
2135,271e784e7c10d720077ec6f11aa080926fe1e5cce8ee0fb2d8aa12d3b215a022,bef439ed1af1f8dae775830611881a1e3ef08355e0e891d35728ad95065b0fef,DeepMath-103K,20880,train,2135,1
2136,b3bb6655831d01506d4abb9a14e9bab2bb78a0b0da376e8e4a98edf1a7152867,4208c44bcca141b5d2993cbb5dc6c4c138fa918597265d3bdd64dca62aa2cc97,DeepMath-103K,48662,train,2136,1
2137,2bc13bc668e95ca82b9c0f467086c1923f157006a8ddddeb17f0b2432fbae4d4,5a7674a46b4d9469effed2b7956c51a5438bbbcd4da085fa8415ef71886c549a,DeepMath-103K,37954,train,2137,1
2138,4e6e8a2c48f3e97362153b53f170640159a429323a544b8c8f38536a12be42a7,e7ac23f384c1d357b496cc33632d2984334e5db5147ba254c6d4feb3f876d841,DeepMath-103K,2534,train,2138,1
2139,d39022fe9a025c8f0c7e9683681087bd0b1531efb3f2fffd93d20c9a6806b5cb,9a38b83e4127f3c3a2848a863115d336a5bf14cc5683bd49667af943beae5c23,DeepMath-103K,56443,train,2139,1
2140,d3fcee84b08aeac6ade0ccb763480ba955518167c7ae4297890169adc2218a80,8351c9ba0c48e09363f542637f3bdd635b04f8dc7abe1b2886a4c84d162d3be5,DeepMath-103K,34317,train,2140,1
2141,c9c1d7feadf864229a5b765436949c84e13ceb8c70d59693d31cab345e741e06,062abfb2d7539656afb236d2502a2f377de99fc852d0ac4ab761d50a8bbb4237,DeepMath-103K,23500,train,2141,1
2142,b9e87986c133c3838287a31c739ae06c4f2f6bac625f9cadcf149e26f2bae13f,0fb12a4e85b7a04ef2ec57ed16b6e49bb93ef097dd57759f066d49892f0634e0,DeepMath-103K,25034,train,2142,1
2143,b85ee6defdf4fb1c911aa6db4ff47d20acae4e52166554508ffc7c7e23106759,7c5583631ad7730f4b5cb364b3a9ec5b43e6c112604bd18b082dc9e863b1fa5b,DeepMath-103K,48003,train,2143,1
2144,4c2be5ffcdff910acee932ec234a0a79ffa4eb0300ff4f7c4d8915865078adb2,3cc7b8aad1c985b2e998477927164bff5b0e37c1da601e323b41c6e3c6c801ed,DeepMath-103K,31982,train,2144,1
2145,87ba19e2b1b9f1cd1d6d6be6264b778bb2d5a68854d1e45bcc519892beb9f4f5,3d6323cec6393f14b382a921abdd84504b55cc3d4bc3acb6c40f35687bcb21cb,DeepMath-103K,54879,train,2145,1
2146,ec4f3ff93f8029fc13b9b9bc0e042cf59e45872298b0a1ca6f957d8d9c36cce3,65e4b4ab4268d570c98069d54d9c1ea02cd26b6eeba1528483d282ac7c226397,DeepMath-103K,33343,train,2146,1
2147,50b73b62292274e58d821eef1e8a5b5444a883caf73ee1e4c0a78bea524ad8e5,11540f307a11320cd566c422fa673093c8305f8d64518dc66a8624bd21c2460c,DeepMath-103K,48677,train,2147,1
2148,60677e6484d8b19a370417ef718cbafa2a35a21a26a0832ec2b0f25a52afb1be,dc206cadd591c98030e8da8f7c883f97d6df3a9015d846cfbfb5f62118a14083,DeepMath-103K,43826,train,2148,1
2149,9808e48b3ffdffe0f0774fee1b5a3d078b700f6e04f656ad1f059bd40a871fbe,b43dcf1ad35f2b34c0eb00e8a3f903e3fc4203066c86611146a4cbb212f0267b,DeepMath-103K,55650,train,2149,1
2150,0dbf70a2dd3b1008a7762ed008254bbc890dc1bab83cb25e78dce21459f912df,5b1c83b8a6fe058673ea2e433229c15a1955b6be7ccdafbfc774f93c9d58cbb1,DeepMath-103K,10311,train,2150,1
2151,5e08a7d3e698f0870f98dc9b41d3a134bb849e22efded0cac50dd35009d12608,7bd961602915ebf6769a1054f4dc3710db4c31389cfac32642f7f861e90913db,DeepMath-103K,615,train,2151,1
2152,491279798172f0e187e3a2e27e339a524cef7a75dd9c5a6974a7fd042c551619,96a84b3cb99eb2e555a082350f00686e5b34739a3d522fdc90b17caf11c6d5a0,DeepMath-103K,43428,train,2152,1
2153,215faa404184a3e437f8ef18224659401fb942b42d6f05b6a7ed2dec5fc68964,09c6912671aaf92b7bdfcbc376e6f5ce724d9b325b970a5283658026d9b54493,DeepMath-103K,32741,train,2153,1
2154,7bab32597a3099cc617e96da36a0af31e049048a2ee7248f199fd71cf4f7599b,466d24a2afcb4029e68b1605477182cdc95f76cec54d5e5bb0be7b88d162123b,DeepMath-103K,41223,train,2154,1
2155,1a2c5b8c572133fefc50e699877d9b06a1250c9d0697495d0440463449f72092,2cdae8f501acbc397a0b9b56ccded8f932d8bf7ee5d3722edc37616250c6c935,DeepMath-103K,5036,train,2155,1
2156,d918857de32dcea726e3586a691f8e2aac5d2eb5c8c22a6d73f992a4bd999d65,4d7439661cb9eb2ecda1b3afcbb974a698403de88309dcc4f55ba6246c31122a,DeepMath-103K,19264,train,2156,1
2157,a55ce9f752c94e30ed20bd1d4d94f6206e005537900601c302fd14154f65a382,9dc192d6f80ed431a266f16e7c8d8397fcc43f414b200e9b6fc6f6e4045ca9b8,DeepMath-103K,35978,train,2157,1
2158,8c02bee13b16b939d5929a6ec2d72dcb3a4a4303d2c80143e68ea952a38fcc9b,38c14825689d8edcd446d8e372a55c1e9f430cd6628c5a1ec5839c0c396c3e6c,DeepMath-103K,39515,train,2158,1
2159,fdf262fdc772408504d4c4c7d0343cab687848c100d0758271a758c2a2664d51,cd886f660859b7c8c6451f5631363c29cc10733c3d8f75b5bd0a9e779150692e,DeepMath-103K,569,train,2159,1
2160,fc3208907e8edf11213afcc48fbd9266f913426076fe25555e6e2b3a254ff301,6609ab733cab41ca18dbd20610d5c32015456a93815d45ae99b22a85e73e087f,DeepMath-103K,44718,train,2160,1
2161,bc0ec61214d8a5e4cf2afbea5b44b95592d600525a9736b167753c62a3c547ac,fca099eeb215816dad8fbddf0dc7dccded181a115da97b53822bae8e37576ca2,DeepMath-103K,7620,train,2161,1
2162,6f2ca0278336ef26dffc76bf903f657f9f3ee1bb5ed1ca6d5ba81b9050b86725,875f3950f07f39e53c0874475bd7a36b79b514590656868d550cf615a4e901ab,DeepMath-103K,31690,train,2162,1
2163,a496986f748fa89e2bd2d519a230ff519224bff87460cea10e303a759e7042c7,105ea10801a49a97da77e532d8a0806f0ea2e54f313a451f0e88c5e09eb5d444,DeepMath-103K,37901,train,2163,1
2164,a42c16160ecd1d7d90caea71f32824c3fd4e0c2377c9a6e9ad85df15569c62e9,9e4b348994a6d693f3bc46fd761d4e952b8debfe1d371ad5942fb6b66c0a2e9d,DeepMath-103K,16736,train,2164,1
2165,3677a7e272a5c6b9127fb3f6e8e5240c70c77805dd8908e827b357e147276d17,913a9b5a4b3e9438b8530dd9318e481fbf31eec1c81e0d554cb5b639291b3121,DeepMath-103K,24167,train,2165,1
2166,65545eddb06b3a16c6a7647721e894f7564fe2e579be0b65fd116edb0cccee6f,9ffc78fc9e408e755af949c403b9f81bb21c9a6be683059c1c2262960241bc15,DeepMath-103K,28637,train,2166,1
2167,60c7fb0b57db6089b27a366d44b52523286e3ec2e01cbf0c8160328a761eed7d,82981777eb605398a7ea6802b62d10033867a7e3e45fef414f1dbd6cbd4584ad,DeepMath-103K,11227,train,2167,1
2168,39c5e295286e42e15cbbb67d97bb8172e7f4222ad8edaa8589cc7ea531ccd10b,a39b0eda9c2042cf260c4ca0c1a928e76ca52252c3e6b0e4ad5ab4e6d10ffdf2,DeepMath-103K,42674,train,2168,1
2169,4c8690d402ae368f5a60eef08a5e448c2820ab2082a0d6d2f646f50e5a8637b2,ce01d7126a7893f4586056509e5d37e0c716deb6f8a3215f85274f9dcfec0ec9,DeepMath-103K,38949,train,2169,1
2170,d8b16003ddc3d423c33c5f277e587cab389e5e9768cb331c195408361f77e57c,e749d6e4903398f86d26f9c7f755d1fdfea9fa128f1632f9437abd8b8d47d28b,DeepMath-103K,32859,train,2170,1
2171,19256c54154af44b25ab99bb151a654bb4ec37b5e54196c2d337c10b80c408e9,08a57ba0c8311ff5d7a4b91e40f63d02e1df6c9053b5f3fab21217018155067b,DeepMath-103K,11587,train,2171,1
2172,a03d7cccd9099e1364062fc99497c365fe7be68a859e7a73030c314e8aaa81bd,9c638f76607991db2b5acdc7cb9ea4b0a454d97f92e68e8351ba9e3bdb9d2e5d,DeepMath-103K,34519,train,2172,1
2173,ef4074940d2c2417723e27f67a72c9dcc38b2fc25e664ecbd91293550a32f0c5,f66a7c7146bf693bd02d72f00474f29d30f95d3a08292aec6707791282c82fb6,DeepMath-103K,44738,train,2173,1
2174,38c5435414bf3c1f9fbae5093cf30638a12635fdeea0605fc74285c8b79a677d,5f852e8760570fbd0c561e0abd330a9e16bf7aaf39e4db669559c512af115954,DeepMath-103K,2952,train,2174,1
2175,35118844fa9c969f92d0a3ce103f2133d3399b5e9bacdfb75edc6a840e05122e,df6e22efe239893b4127103c15862fa809a2fc6799678c20225b06ef86dcdc82,DeepMath-103K,50599,train,2175,1
2176,ff377ace68bdedbab9876a48e048f9a39c1d32d4d478ccfc62775644014095aa,20961539785ef36d9735a5e647d8d7fcc0dc8ebecd7ef1aef2dc739a4f42a73e,DeepMath-103K,15608,train,2176,1
2177,85ef0cf2b9cc8fb142bcdb9284732598dbe7fb4e80d1dd46a3ff1b0267896085,9fdd8a5d0240b3d5e3b40ac306cf7aa4d80f4cf5f9a6c697bff3b8e783d97509,DeepMath-103K,14185,train,2177,1
2178,b0e2933c87180582005641f32a6338e0d2fcd5d7a8868cc1b9913f3e0906b263,99372c1879cb47c03214e8c12088a3c8a4c18bff06daea7a72c477db622cd5d6,DeepMath-103K,2288,train,2178,1
2179,644e9e827e140bfb380a30d654db4d887e2b430ecab0243748ddfd0bc7941f17,9b708f1ad3fea32a06dedddcce0744b2f3d3217450757a55e8656db4e4a17f35,DeepMath-103K,3865,train,2179,1
2180,a1e19c55c45228b0a4c2c494995e082b9e61625496da2023419a0cd1ff0738d2,55baf0f4b4a099d6c3354d484df9e8c86475dc2668ba665dfcfa942ac81b270f,DeepMath-103K,45363,train,2180,1
2181,1ef609099eba908d0881b0e07badcc72d2589f13b5e98ded93410a48fa07beea,34c504be0807daeea58a4f9e9b471cfff1e4a9ceff2a8bd3566ca4b5c56e3a1a,DeepMath-103K,26458,train,2181,1
2182,76cdc033bee726a048cc2156a8696d8797d9bc49bebfff1d5724998bcb1a3537,049f7e8ba573856e2160bebe6af13b0521aaabd1aafb644444f0dfca9e7e0e9a,DeepMath-103K,22127,train,2182,1
2183,277d9f62a3d1f5b352caf2f098f78572c922e8ba2f1153bf0ac5ff0a07cf2624,70043e107b0b8ca0e5cd71b572585c98246a53c82c78475ce4ea8a9c9421c1db,DeepMath-103K,33770,train,2183,1
2184,2af69193e00040ea636e442d060b2c278558ae36ce4c1d87a578a88a34bbd444,b51b623763de848d26d3876ab68beb0ee3122ad1cf48a039a58989253c76d7bf,DeepMath-103K,25531,train,2184,1
2185,f7fcf1a36d7e9df3394dfddbb2d4f30f27929613bdabf72e94a0d942fbba0a6a,bec6110a530c8c0af26e4ae99a00f6f35529a198f3e9683201b7e061d3f24f2c,DeepMath-103K,14168,train,2185,1
2186,7945e4ac7006dd39412f7220157b9ea00cff32fb7f577508e16c2ad495ae47a0,92c17c70ee8b8c1cf4be19a9402111882facf3a0c8b052ed12f14545b5b8a49e,DeepMath-103K,45196,train,2186,1
2187,63c3403304a0debb8995c669eaa048a2622661453e482aa8264810f2b0f9b7ae,cd1c85fca5380e3d843ed5478bc8763f4ef939c4d6980b3421ef7ae7f157e9dc,DeepMath-103K,7942,train,2187,1
2188,9dcf0ee9aa903e12e6dbb573e961db0e34f19a2fd052dc98960830d7538a8a11,b116a1a59e0e50e5f57430baccc3b3ae450ee4619a77d82d47c3fe04892272f4,DeepMath-103K,40472,train,2188,1
2189,2e7d4771152b1855f9178e907e5226a2546cd65cd44f1fada0477a9046946f71,90bc009836be547937d11612f3b5a2d97a85910bb0ad6120c01c0ba877fd1961,DeepMath-103K,14604,train,2189,1
2190,8e89bed69c27a7b85050d64dd7cef01311a08b2fb106dad27a4fdf8a51192d08,b0955e86112cbc48564d7db814854730001d676bd23e9a3fc4c9208df1314b8e,DeepMath-103K,29356,train,2190,1
2191,f9e3353d53f7779ca1d6475a7996854d011dadfac2143b8ad7a58cf89a5ff172,f1ef17bf969f06156d9179269a98794aeddc0b12b00195e75f426fa33b943caa,DeepMath-103K,16999,train,2191,1
2192,6af693a1ef81ca100a34b1d7d5ae087c6d72e3f8b2095ec37275bbaff9dd5e7a,18634779df8e00b7ec48530213d357269fa9e979e5aa1e07409bd260daa68973,DeepMath-103K,24989,train,2192,1
2193,638af3ddbd081c9e42e5c4007dc695a511549284815fbe6c372a15f321f1dad2,b7767161df13203d1ff7e2a2f2fbd976243e7b798eee6a4a76c8875f49ee2a4b,DeepMath-103K,46755,train,2193,1
2194,d5d6dd20ba45cfb98c4cce30bdb78897347c39e1093b58f836cfa2c1048f48b8,6d0cfec9574ab84bb6a5037e6ae0058c2a2de2545a2412caa1782332d3f608a3,DeepMath-103K,6960,train,2194,1
2195,7be8b297d7c499baf936535ee7bdef9c601420c8e63bb75998d417966ebb7fca,16e12a52fa3b467dad648a1a965482e3312acd1af5ca86474f904ef2bb61dea6,DeepMath-103K,52859,train,2195,1
2196,01a923938c4ec49c945857c382685515b64ae0a84c507c0028da831127c11119,5d1e839bbdd57a4bf1b08b103714e63e02147c5ae2a318ab6da2ae1e1bf10c94,DeepMath-103K,30209,train,2196,1
2197,54016f10c1bbad37754f4a54001620f38baa8d6a199c5ea8b5d95a2492480035,be4f6a6146d90eb3c670cca2ae8d3fbad2458721cf71c34a592a88f0f9cc087b,DeepMath-103K,4433,train,2197,1
2198,b9671606eb20781f6cc6a13f8d3111395a6da90688c275703624960a122ee083,3fda8cb359bca61aae74706545b0f6a764ae7a473f02bd4fc8abfcb608a8e976,DeepMath-103K,25053,train,2198,1
2199,725cb64a2f9816fdb56e62bd8f39624f0d07d5aa33c5e35c2c82b6f25d0e2f69,fcb63dec293edfe9d65d8a5a3dc5ad625cea56b8a79d4ba87ef3ddf5a5b81c75,DeepMath-103K,29603,train,2199,1
2200,7d994154b6d8e8fb72a66388e0f95dbd569cb543d3ed2835c18a3bff268ff598,ba758270a0bd58fcb135c0707df6848b56d1c6f29b87124d63e76a0b8abbacec,DeepMath-103K,37152,train,2200,1
2201,f8c8ac56e1b4fc51389343ae10d69fc2269ff46e99fe26ceb2c4a405d73db780,5af552050336938443c536316a6aebe14e8c3a3f634fafb55113708c5e660365,DeepMath-103K,12819,train,2201,1
2202,cafcd97da4a8f317c861a6751cbe1ab260505a5da4d33decfebc6fff2e305a33,262aaaaf48d778058f25f499888b779b5452e5409afed186509c162498599435,DeepMath-103K,15032,train,2202,1
2203,2dd848f031436449cee4fece7965573a20e2710413753a7ffa4b3f87cc408474,7e2ead387ccf8dd5f4501a61174a87ea9d3c4ca2d9117c44f9f858bbc1a3b56e,DeepMath-103K,23057,train,2203,1
2204,cec3740b9d90c19969a45039cb985c77dd2afb7c7f9496ee42acd41bc7b05265,692057bfcdfe671d5c43d4c4e59dd8124ef7b7d3289e9460a3b2a17920d43635,DeepMath-103K,20095,train,2204,1
2205,d51e646ee34e2a9ca329d1e0eb1832b46fe3a456b373cf299f0a62fc8c10959e,c0fedebdf9a7de80dfd812070fa20cb0423c8f615de493fde32f2228d4a07038,DeepMath-103K,49749,train,2205,1
2206,57d8929410cfa2755ba6c9090fef4ffad3fde39be53a45c4794d334b1dd5db28,580f52424a90c38847ff07e2be37d34ede032124ef41f36a4657542afedefa79,DeepMath-103K,46814,train,2206,1
2207,e66b1c8c345f6b80f06e848f886fe1eab6723c7ef65389e8a066b978abf864fd,9747ecb13e8d8062168872cbb843bab247ab52f4badd40ee9f14c28507b1f099,DeepMath-103K,32631,train,2207,1
2208,1a0018f4eefd2fcd0f284337e74ff09cedda4315ae183ac1a60ac72a02a5c9b6,cea9e7b67809b82228682d15a953014a24b92ba71b1d864c6c61b466218a9082,DeepMath-103K,31281,train,2208,1
2209,e160deaa927ce4bd80adfc63973df6afddf4b37322e9b2c2c191ad1e5f30e287,e1311adf2eb9e6e14c7d691a182febbdea9619e0c7301e4f523d0e854e988ffc,DeepMath-103K,54795,train,2209,1
2210,e600d821b9eccc87a4dad4014bf6d2ee3d5b6777927adbb96de7e9b1e9cc1a39,05808918cc5ee290556d80ae0cae217deb9a133e787b46bf3323a4c6f6c2a1c2,DeepMath-103K,2578,train,2210,1
2211,624e5da70a9d89e9d8fa4ed17b8eafc65a434af0a99759fd2f52598997246179,2399cd004d0d12318f7b0e077b4905656e358f3066c97b9c4350152c1f3163b1,DeepMath-103K,27558,train,2211,1
2212,07f66c80627302ee8759162c61545849da1789c03ac98b938cdb160ebddf1d0b,1cc9999e5db6b1eb9aa51b3ae85a49ce776d39c4ececfcf0724ae134c65e7ec4,DeepMath-103K,37580,train,2212,1
2213,dd8d99f12e5ed1da07194123457265bba5271547dad3e6415091a9fb8e7bf191,37ce8bcea79dc2a47330c6007c6eb21660a5e965c95c389c55c9b9a2dcf9a13d,DeepMath-103K,35642,train,2213,1
2214,787621cb45b297fa4643dddfc127b6143ab2e60ee1031e2bbf65be17dc78671c,36a357e377f550481c06860a3ad0ceb26f0b9477e1606d1f7b6786c43dcaeb15,DeepMath-103K,10831,train,2214,1
2215,e5135885c852dc0820942ec0e6a7f52e92bc688558d9607ec977b3b7e6b80412,7b058aa8da1c2239fdfe854c669594c92a7435be4eab2e7fd7ac1d2c22936b7f,DeepMath-103K,18679,train,2215,1
2216,82bbc8527cc1eefc25c767d585ad2877af310017652a1d6f8aad3eb528bf7a9d,5c1f7d6fa59de4c8e4d83f84baed0596e1302845af70cfb1dbd997f19549ab34,DeepMath-103K,19487,train,2216,1
2217,c97e367aa6f7ff21fba800ba3443d5ec11b32b49944bf24f35d0989e4d1feb42,73daf7cc6a619ff4321f9618f923d92c63e2469cfdbf80d8708e15bfa6dee714,DeepMath-103K,1348,train,2217,1
2218,52572bf110157e5593c4d931bb4718fd7d3c19bd1c6228ff670bf8b47da9b9e5,2a82f1c16433d3d7533760cdb4f4da833abec70c87c24a986688517d27858648,DeepMath-103K,52407,train,2218,1
2219,26d219c6f9c4a690ca3c50fd75a9fc44541d834a36541228b930a84921cff56c,e867b389f5536901f753e209a229f77fab59c473fa96a131bf57aa6b3dd0a961,DeepMath-103K,24333,train,2219,1
2220,80aef03ea23e133a0c19f436b34791ce6d4e43ba3f33d6c2f12cd1a6d07ff0bb,29f69ba92688828c49fbdb693962dbde749e21a9a05705e88bdc8ef619fe8fbc,DeepMath-103K,18525,train,2220,1
2221,7878c065161fb5d9864d8436df1757af112838b2e07e2159bebaba4696e8ef94,ac97c15ed14993b888de617f27a7254c3c27fa54c1f3b7c35677b09e11311c8c,DeepMath-103K,34297,train,2221,1
2222,1682d5783efa197a71d3ef067ce9b48fd3f5a76bda2c1e56a8bd02ddc6f59df1,845a811d5be58e30a158aae3aa8884dd657ee8d1ff13ddc48d803316927a818d,DeepMath-103K,9690,train,2222,1
2223,5907d7cfca31ab5954ec31fd4548dbc0273bbdfef8896b37a7bc421fcda5d347,5f6c5dab855a1bd4468cc0e93a6cc48ff80f0cd77815fce52fba3e6be7001741,DeepMath-103K,9767,train,2223,1
2224,60f659f7f5f6e7038d7bdcd5013c5882832dbe580f4f8bc7a1d176e83cff4d01,a181a0804425deb10982406bfb70b811b27d49f6c1690d0c68e65077382f861a,DeepMath-103K,24279,train,2224,1
2225,e5371991cd4fca5971ad557acf1143b989309a49c8ea5a6c3ec5c2ce2bb89009,34d6ee45d3c9811375783720058ae0695d1f0256c104ad489fedf756a4bb5d26,DeepMath-103K,61,train,2225,1
2226,bf8b3494f8bd0b608135c8ed72d84d189ca3cafe46ad1dc33b4f8a23c5c6c86f,566d09371667485aeef00907261d64dc6f54005d778f8304e09e7e454b3a9f6b,DeepMath-103K,6491,train,2226,1
2227,1d1605087be8cfb6d295a8e5d91ae10f6196bd64a81bbe3f896c39391b67f7b3,9497e867a4967e9af51bb72264aa0a3d9d8dcf7b2875897b68271dc0f2fdf321,DeepMath-103K,17127,train,2227,1
2228,4be8bcc28c7aa488201875dda68398347668343e3525b263db90ef8a8e7ef51b,0bcb9c72a63535c2349bb5a77d12221a39ad6030c17974bd9bb5c516ee2b479c,DeepMath-103K,53616,train,2228,1
2229,5f9486f9fe919b5020b999b9064b2564051a93373ef89ec6151222cb407660c7,ad2503d26ec88064000dc795b5f40822d1b6d4b2a5e0668444f232be0dcf7d76,DeepMath-103K,5657,train,2229,1
2230,178e95bcdb8e059192224f6b97157b7a8039c37461480b5873200829ecb9ea24,ffa930a6cab92d5447d02dcc8d311a6b2aa538a32b19fb69b03d1d7d61c652f0,DeepMath-103K,38286,train,2230,1
2231,05de0a1022d99e4f79acd665fa0bc98aa24ba3541871613c83248ea63ef55fca,34b0ae9577b94d4704688bf94071db101ddc6c148554bf71c2210ba12871f808,DeepMath-103K,11165,train,2231,1
2232,c72350ea16836955e1d1329264c6d4c5f6e0f08384f94f087408567406ba364a,ae29f95648d386184649c5e938c68b6dd10515418365a319514a6a94969a0d70,DeepMath-103K,9746,train,2232,1
2233,d8ebce897a030125c58ff12642ebc8a10ee8c6fbce8b99e040f7bd89c4ffd8ea,5108019b741a74b4c4897fef785e9224855378a046426758f454f1da2c175929,DeepMath-103K,38005,train,2233,1
2234,5b8f37990b18f3e06428d8c4598ed202dbb50e61e780b63793b4782b994995ed,0e0ab067742933cf8904738531ddd5714cdfb494cd586d5b748cd0f42279234e,DeepMath-103K,41052,train,2234,1
2235,2deb46ac4d557133092f01d3d67bd5fd05f9551766cb8997e60a99076eda3318,4d7aa73884d8232c3d37725d0754f892e094153a0d3445e04b3e565b5361612a,DeepMath-103K,4714,train,2235,1
2236,740672194c2d6d7893cafacedaae50596538d42b3dca14ae8ac2ad0375831704,ba45c609d51427e646b171ad728e97d39045b0699be4fb7c4e98357658653854,DeepMath-103K,14720,train,2236,1
2237,c79a21d7e8846e067570fa80025406b6d8177d835fcf567abec021ec6ce33d93,4c1978849a450a15164f2bbe9d34f12f005586f9483eced8b2b4147446745ff4,DeepMath-103K,26580,train,2237,1
2238,8e5b495a1208786a3106725f638ebf488a9c8668cb32a873ec006ff8917f97cf,16ee2238c885cd4a0d5062383ef53552e8ff5ec3a7633f236ccedda7d37c89aa,DeepMath-103K,56437,train,2238,1
2239,db8607f17d681afbefb2a28a94354a4702b9278a4fe628d3a1f99f449ff7b661,8e6a6eea84cbbcc8e6652ed9f14ed554416a260fb2df4a79d8561b9e6a737fb1,DeepMath-103K,8199,train,2239,1
2240,d81af7386abec6171ab7ffa1ab1b458783a5e0db52a0ef69c97e6bf9be729370,a1462d3776775d2038339d51ccdccaaf0403cbf00d71b2dd887ddcf71fd9a44e,DeepMath-103K,55305,train,2240,1
2241,4e67585bdd3b26b6b267e358548a9862ab2a33bfddfe96ed963381d9ba1f60a0,7ce7dab4ff2ea6ac50b9ac221caeb15cee2c7db32a50dcf9dfb6109f3f540dc9,DeepMath-103K,23321,train,2241,1
2242,2c3118b19a2267efa9e8233f9bd9c31754cbe298c3e01249d9311ba94666b289,7198028e8c014b35d635d23aade6a835fada78fbff7977b70480d8c8e148d3bb,DeepMath-103K,51306,train,2242,1
2243,60a5b1e5e700a86156497fd59e41afd60e7a9bc2aab78d8f3d30f884cad2ed77,2ad4d15359c5061a86d2df745daf17480d352003ae84cad7ccea7c883f142211,DeepMath-103K,53441,train,2243,1
2244,d452de2288a782fd5b45159a620662cfd2fd7637b5cee6a080fcd46702026f65,c31f45b3d6f3da0581ed05fbcfd6fbe93b9b9c636d4203e8e1dd1a4afb58d0a4,DeepMath-103K,14092,train,2244,1
2245,6ed936cc17fd10ead53b77d28cafbe8121d3d278686b01e81c0fa78a574daa74,1e2929d067cec96c0a725cc1bf5dc64c6c9917123b7af7f0b9307e7b880f9606,DeepMath-103K,12340,train,2245,1
2246,65de2a01da2831093bcbde9bb97ee16d7452e831b7b294d351254c470635fe47,db6728e36761a8e89bd9c75aebdc1b15f2819b2cffbb8a3f6b919f8150f7d92d,DeepMath-103K,13987,train,2246,1
2247,8c9b84da278dd350726a7682f8f9dae28c6475c28b29b6185445c39ab58a2814,c56ee34efc39facfa948e6b6c862a47847fcfd0ce2f4a9797704f919b02f97bd,DeepMath-103K,6241,train,2247,1
2248,8c1ddd4631e8e56bc6a275fb15a6495a70d6348e84e0a8018352a8c9921da1be,377884234a3c9c965250d441e13983068c06459fa18950a899d833c449bcc558,DeepMath-103K,50124,train,2248,1
2249,a8c42a352542fa568b7b0ab23f386e988ac93cb6719d83d712606f49615e0061,06c44f72535b79620676fe5b68e178496878704be2ddf082ed4a6bac42dedd49,DeepMath-103K,54721,train,2249,1
2250,66ba4aec72c042c8d64a9ea8f82c500ce419e23cdd489c13defef8d5b9d3b413,2f923d45e5161334fa22903f3de1a9f73a460935ce7122783ac045785d771bd6,DeepMath-103K,37864,train,2250,1
2251,a86a0a5fdc958f45615ad7b6e1821f95efa6d0f1640b9133f77d4f094fa3bcb0,d2fd06bdd31b31abc9dbd8d3a86695d205c6f64358fb4bcff1b8cf5e1ce50fa4,DeepMath-103K,6349,train,2251,1
2252,bbb7b94f7801df649a08929d72e5ac7ed905fce3b0da981b40560fac6f7324e8,12dca9ca14168f2d296d2eaa2ee69c37fc1d2b5ae0a32d1188bf174a696395bc,DeepMath-103K,16557,train,2252,1
2253,e6374e4e0d54885e5e4a6faba43608586776945343a5f7c5cd2fceff2a6cd0ba,58793515c458a0b104314494ef40c20bab70ca6674809a3db1ea0ab2438841eb,DeepMath-103K,18069,train,2253,1
2254,77908a3dfec9ebb793197073e41ca2ffd6942b53aa4acd7d492be6b933c94460,c6125ece8719bd7d0cab263860f8b33536bcbf911556d5799a7dab82d8b661c8,DeepMath-103K,29050,train,2254,1
2255,f2f4ab870790c9305414971f5b1609aa0bcc0fa07526f12adf098dd9a5304412,6c860c0cea4bc7ba3e8e01f758a2e20d3000610f41d4e0d62d1352278d968127,DeepMath-103K,43814,train,2255,1
2256,5d3daa9f1e6ae6dd18a94768f9e8a30dce4c2d2f660dc2e95f97412c3362da8c,23e61e2dfc654cf7796d1b69908098be4e8874fc31cfd7810c8a8fc59836854b,DeepMath-103K,20732,train,2256,1
2257,6eb12a47eb127fbf787fdbb0729657b5df9a1a97d7d24ee0108e9ebf160ea018,49f2d5e54d9fa533ab5a672d82d8450965bdc41826d8188599bf8ea2b9ef0e49,DeepMath-103K,12998,train,2257,1
2258,2f065160bd134e6087f53995804598e41d01bc73fb09b4e7ac80ee28938fd4d8,305fe5b60377a4ce3c16a8fef17ce0d29b7d458493f4b4ef1a3081bffe727515,DeepMath-103K,54641,train,2258,1
2259,dfbd842853e7005f0e1b8e954039188dcb339717d670c60c19d936360f7c9141,593885eafb8c22562e15f230e5b24130ff1e04091688b85e2d76d52e7034793e,DeepMath-103K,50625,train,2259,1
2260,88e8bd454fa66bea934680f64f83bd21f2bbfdd16d7bed0016dd5b1fcef1e669,48b8705c74ad8d767e45734c5bced77312a4878343548bdfbd318b4d110d3821,DeepMath-103K,47738,train,2260,1
2261,b64cb2bc9feff78b0a1fe0de0d513dc67b6a12d945542b0b4eb5afdbf8e01581,404da85e812ce66df1ff84100d2e4e4dc4c1b72aba4395d3a3a65dfe25702270,DeepMath-103K,35555,train,2261,1
2262,aa688a65c16058c1e8af133f94cb5365d8fe103e8060e037a77fe0ac9f00375b,9416458dc0fa0758021c20d4eb92c88e1db2ef6773124fdaf38cfef988c89a30,DeepMath-103K,36158,train,2262,1
2263,5427f30a63eec91046c2fcc1b50470e3ba81170b1f0852f83a182d53a858bc9e,0aace62f53a3980249850d67818a06bcadf1c484f0614b80978cc3d32df7ea03,DeepMath-103K,5150,train,2263,1
2264,257b79555d79436df430418939553895d0aeb11bde82c259fe0c594ab83bc3d0,c1ac5710b54d0f4694529127a186255ed9a16dec58d10a75409a5867ca896de7,DeepMath-103K,54936,train,2264,1
2265,d284c52ec63a16a998553b886bdaab8d779a5c608ffc3946400266c1cfeccc45,f35ca62dda51200e9fb53f043a73247eb9a427a13903510df7003b97e87b75bc,DeepMath-103K,28543,train,2265,1
2266,2514a64ea03dca86409a231b542641c220bfbf5db02863804e6e1967196c72af,c9cdc61f6467b011fd0f0c299f594e01309101f634993cd3cb315bc1d7afbf69,DeepMath-103K,5434,train,2266,1
2267,573d574018bfd492a0c49a65252a1050a2db3ec05eb35d518fc7719e0b29341b,b2306594c5a004e7de44548dd8fa9d75a857238b3faf10a0e9429289be9a4d70,DeepMath-103K,52893,train,2267,1
2268,dbca0d801a7edb8e600ade55b6a563cb6b6dc4a6fdb6e43606e2805a64e045f3,592552454b7b7afd6769f2d60ac8a30ca6fa422119f0833b3c4ce0cca4685d4a,DeepMath-103K,23681,train,2268,1
2269,ed9e4e96eea2259613cb2d74d549101c390a24836fdf141e4dbf2393428363d5,71cd0faeab09ad5c0918fc39d13e1d818a288293b40966e31972a9a87c5f00f1,DeepMath-103K,49358,train,2269,1
2270,87a3ff3ae9dacd6a05bc8b7ced55c908ea0d85046e8c0ced4f6fb65a33b1511c,1cdb26acae01ea608473f46cf74ae8743d963846892671ffd16321613187deb2,DeepMath-103K,49914,train,2270,1
2271,14559441506697b90dc2864fc7c44cb6633fd8a3aa0cf8566e54b423da5c5c46,d15261b010c4a50b6506a85893c8797949f06c947f0c772fd516978df6e51a7d,DeepMath-103K,26255,train,2271,1
2272,584aa6d8aa8709d011ca1cd4bdcb99f484d843e14dd1daa3ede2e6376b9dfe3d,869e6255846b19be4465b40e8553e3045cecf55354bab023b3602565926f4e3e,DeepMath-103K,7831,train,2272,1
2273,547e9f3c708be3f70f6b1646f06d0da9b0bfdb8a9d0f3b6eea860114f4c6ba40,6476e2a5302d54c8fbf32ce74451409512c2f126e8958bdf0b5f2b84cb8c7509,DeepMath-103K,6932,train,2273,1
2274,6c5d212255d168864899a7a1a191f3d277a099758451c6f7ea8758c4fc217057,bc98f5732e803e9ed6c627d1e22c2dfd7e8c32602dba2a04b2c88846ef2d9ea7,DeepMath-103K,27207,train,2274,1
2275,6c3e58a52e051ed1ac4fa94fa5c10d29d593f675ab923685e8960c839ff611f0,181860fcfb27ef8736ab8f065a8c2981edb238fab224e90b6a7e97f34b4d6563,DeepMath-103K,24108,train,2275,1
2276,90d892af19b9a26b844a3fd01183c16fb0f5892383902b2e40d765f0dbad3095,63733c9f11f96f5bec5499ff9ed963dd88005916c90d6896acca544a91ae8890,DeepMath-103K,46001,train,2276,1
2277,2d386ba563e18851fdfaefea066d411b2fba7c3ef4c5fdd991fafbba8944d28d,d48f10a3bcfc134b3e30a053ebbf13d9fb8cda9220fd2f35d58dbe7e445c4585,DeepMath-103K,48389,train,2277,1
2278,90803fdb081ea5ded39f3b43066163e0e030ca44dde0643b01e257afc1212dff,7cb54e58981354b3ad0f6b6251927a95727867bae4c46479d0068ca3363714c7,DeepMath-103K,25682,train,2278,1
2279,5b206d83d13ea5c9cd8cb987467cc2e5fb21b484cd35e1060bd14bce15e2ba12,bd72153eb96c3471e4622208880cf81362d2b7174e8127d66c715aeb38e868c8,DeepMath-103K,22988,train,2279,1
2280,026b90ef04c52d68802e2f6a30982c479c0949a646e4f3cab5a3c43234b7a8f1,a7f41f8cb236dcea3fd3e25871d867654661323a52fe0ff932dbaa63cbc369c7,DeepMath-103K,4281,train,2280,1
2281,8deff7012a8a30795e624f4cbe787341a6ef2901aac11f28a6c55e50b1039999,9a46d22001e5b6eac3909ed9123f0b2d59f23dc44af2a1263ca0ec7fa7783a6e,DeepMath-103K,17946,train,2281,1
2282,586382b731831475f211765804014be14ab448605ed8f084e6fbdfdb3ce84f46,d7af749d79ac3564284428ffae4bd0e2f9ebe1c3df40946d530411e87c35428f,DeepMath-103K,5363,train,2282,1
2283,e348a18084b5089ce3f8cc75f6d473951afb07b19ed9f53f66285c45233a560a,550978f6305be57749b00b6f9f8a6f4d5ca16e5328b0eefdf375f37486eddba4,DeepMath-103K,49821,train,2283,1
2284,d18d89c67f8cb200e017d7dee1266cba71702f9e7fd45394348bb038fb19fbe4,c3a33b1463058e1235ff9097f848f96c231f37d1786962e25ecc3b18e81be38e,DeepMath-103K,41299,train,2284,1
2285,e8f088705b1ef17aac4717943c30daf752c45f70078d43b0af924e389785a4d3,6065845b652bd25b23a5aca446602968be408508bff484646228d662a144efd8,DeepMath-103K,28806,train,2285,1
2286,0ebb32d9b94b563ab21c23625e7d521820292df7c97e7b2c160c99a20fde2f98,36822c363eca19323516bacbec66d95eed7631cde212a81a113df2fed74c478d,DeepMath-103K,37136,train,2286,1
2287,a66563055bda73fb852b0ac34cbd1d32d414e4b660d5762cd3ae3f13ac5a8875,5c46b7c4901a530ed27d9d54f00fb6a2643300052865ae73a2c38cd66ff1f8b7,DeepMath-103K,43308,train,2287,1
2288,70931e7c37d6a22fd1a85256bb7abd0f710afe369cbb8af96cd4c195116687bc,187acffab96e6c7db0c4d038ca30a2dc89f33d910f13a3685a94fbde621a4841,DeepMath-103K,20334,train,2288,1
2289,9aa25f04c519be48b8b628f69455ca70c7fd42468b8c1f34aaaab9461a197e0c,6a78758ac1ea2fb6c81c5b5a6c645e6763ad4c5e0dc011b179e6e631652e2333,DeepMath-103K,53220,train,2289,1
2290,a9eb4e9286ceb51cf14eb126c2cc8b2db17b35c0b134e5a627cc013a063a3572,fd55a42fbb42b5ad775e9da8e8429ca4dcff948048effd06edff2a1df68b1305,DeepMath-103K,35473,train,2290,1
2291,b7ba0a9a2847139989c930f400eb5130fdb8bbb3dd486ee94cc12a724cf0ab9b,184c236a1a5f8036a6393966a42ffe28c3cec25081650ea374bb927c793f63b2,DeepMath-103K,41470,train,2291,1
2292,e257731e971e4e703f82a787c6ce6442a143d4031ec3816d5012d5ceddbfa0e2,f2f9d50eab66420632da64c30edd693eae76b0e94afb9dac63794db19e0c5f4d,DeepMath-103K,15224,train,2292,1
2293,ea95a9292482c6d875020d65820ac4561d1f7377407d9018a50afe094ee299f4,4ff1d52389187c5fbea33a3c2b404f0a6553604ef52418c666f80e364c0f37fa,DeepMath-103K,4444,train,2293,1
2294,3c20712ca7e6e857ab5691ad6d2f495e51bc774ed9997212e1013465e3f6683f,039a4796f0597eec7224b4622bf5904b2e281ee9716b4b6ab50852ffe88cb648,DeepMath-103K,34073,train,2294,1
2295,8e087f7005f19a3304197130c6af9888415001a4643dc2cf30e26c8697e518a0,5d98d403858db5af87eab242137c18e7328cab9a239e01a193dada8a2eefb35c,DeepMath-103K,47532,train,2295,1
2296,e44ed3cdd38c1c7f04fb78f5ba0e13d95ca3ac913065b432b6051d0db1e42b84,bb48caa083a63041374f44d1dfb6c867f9d8f203164ca9a8bc362cdd1e8db454,DeepMath-103K,31782,train,2296,1
2297,15f0dda8a46a12769bfa1c65f591081fe2d82954a364713afe605a1de7bd1577,9ab6ad7422a550dc5010edf35ec51a1e4c3993e632aef8830ef9845d1a000cfd,DeepMath-103K,37730,train,2297,1
2298,f857916ea71fdc14786c2254581a6beb406c3ac086103629d200e4e3e4b44cd4,3b311dc5583856bd63abf1b3faf51d357c03db6c95bf8c3d9a8178d20803a258,DeepMath-103K,53240,train,2298,1
2299,485e64c6d1a8b012ff63ff1618f3c83b0685afd5adbf60d21fe2f03410d50dbb,b3ebf9734abb60df740c118796c579df6c94f12f06ea80c4471e124886c54f71,DeepMath-103K,4091,train,2299,1
2300,69511d7114fc34e03964a8760f879c772920b10a1d1c19a385e63159b2f61a1a,b76c0ae8ecd2ac24454e929b4bcd9cca032b54717acdf0e0c1a2aaeefd281833,DeepMath-103K,33212,train,2300,1
2301,64e9b05051b5167799755f6a6367d53d7149620ff76e1b9ca7eadfbc0b1d2514,be6d2e8dd98e0576513a510a6e3ae6daf8617b92cd1f9aad5f99dc6c78617a5b,DeepMath-103K,51406,train,2301,1
2302,7b2a05599b3341703f8d4cf47fb33c9d96c792caf89385885aef2237e1ec1c34,6762f4bcc402a5702305171d78a00abab202cc08df1986bb528add1fc94aee23,DeepMath-103K,51151,train,2302,1
2303,652e32f18d5502cf69a708bdee13767a61a4fcc5bd12408440517583ce2cd044,992c45aacb2c90871bfbf40bacd5cf21f86ca364a8f62963b0a65f787b54164f,DeepMath-103K,29322,train,2303,1
2304,89f284a73c74b4173c91ea82c958d3097c5d9e78b159ec1606027c96a965cb28,58d31a436c396f9461963686795b65b1281f848e2ffdad32d19b2bc908ff7059,DeepMath-103K,49770,train,2304,1
2305,3865f94a913fac40bb72e751075a85a014c2254f3f3bbc408a9c9cbd21ccf37c,0bf7c7f2513e5ac0789ef950355ded41ff443a656092e221d6f6b59699896928,DeepMath-103K,9367,train,2305,1
2306,346a40ffecb6a566835d1a0c5bfb42ae48ac2f7830eb3efe06cf26a18bb98e21,97f8f70f459fde53acc55bad8c860950bb55c83d83019bba5a0831e2314df817,DeepMath-103K,28229,train,2306,1
2307,215ba69c265252a2c76cfd9fb20da594560d5fc7b6d3c5bd02f627b3c2c4e505,8c624757542f72f358ba4b2c91bc720bddbba6a6f9f975e11149772b539e105c,DeepMath-103K,19675,train,2307,1
2308,218566f0d6e99e7c5e46ded832d3103fa3aa1cbcd6536427032830fc0b7881bd,f3dafd2748fa1549f2ca2169295e9d7b169a3f875838d53f66b7aa32aaa49a48,DeepMath-103K,603,train,2308,1
2309,6afd080c58ebb512a50b750ec10b8224c0e679f5b95319b822edbd3f954e6ec2,54b77a40f2711bbefe289644ff11d4f7098690cb3e4cf32424a39cd5c99354b7,DeepMath-103K,3855,train,2309,1
2310,c3aa5d561d86f38bcc51cb3672acf9aa32b3ac83bb71af6ec621615ee506e2d0,75af729aad7d5490a4d07ea42f9594120708d659bdffee4a2bcac75fa3c8fa81,DeepMath-103K,40999,train,2310,1
2311,cb317f0f3d0934ac786262cdf72f606b1014c5eb19e55a8ca5e249c978181f89,483c484357c632b511839bc946faf8faf687fa241654da008c9dbbd397aa5f2d,DeepMath-103K,8571,train,2311,1
2312,a8bae14420ec7b5df8364d22dc435c038e72258536e6817f7b32dee308350448,63028fbc6a7702966a533fb85632ce390aa8e94e919bce716c37a4f1ec0efde5,DeepMath-103K,14407,train,2312,1
2313,43f7183988e3ee7bb380e20320cab0d2b41c50930029a9a067689a8baf0bde9f,cdba6645ea9646a2049cf2bfb07d2601f763ec75978bfea71c41caa7e4ae6a3b,DeepMath-103K,44395,train,2313,1
2314,5e0762fd70d3120566e895b1ffef60e920cefe404fdb111fdf2f4b6888d00c82,55b63fd01f86d5754b8bc8d610a10249715da41933571f8a6dbb98e08e5dec01,DeepMath-103K,1205,train,2314,1
2315,cd4d017dec4f454953e474f0c70d8be03956549e7f8f67a6b9d8caf60624937b,bdb7f06392d09afca10b88e63e58c264e807e906c50ec610ae2efa826285bae5,DeepMath-103K,31046,train,2315,1
2316,b906f34c60488b32fc7e05af33c7276b5101fa115ff474fabdd1bd64c2f7e76b,7fe7e72421168c4c40769e078bcdb88a36e8695b245a01ab0c88c106cf703065,DeepMath-103K,38653,train,2316,1
2317,70a79fae4b2f1630a0ce572b3d6a6fb831d8e62e40a7d1eb6b039ffc8a63d684,e82ad8b2b483c374278666abd38a86ca99ab201ef0c9ca5e4b82551ee911484a,DeepMath-103K,1204,train,2317,1
2318,8e55d7c76ba386615aff324130fe600154d9ede87f50558a250e9fee24087967,285f8e086636355e18ad195cd3b4f179b5b0b83860d3d165bf754694d84e7442,DeepMath-103K,34145,train,2318,1
2319,be1de2391ad78db56e7d378e0c320d58fed928ef86ccdf265c25db6fa66b8ae7,f97fcb252ea60081704e24a076b665fda903c103881199de3d79f8f42d38fdc7,DeepMath-103K,23180,train,2319,1
2320,dcbb19d935a3e8937818b398f3c9b570cb9f67dbd37587d9fb98215330a67590,db6e414664eb0bda432663841998611603d4c0b588af30d2e00f370145160e03,DeepMath-103K,51876,train,2320,1
2321,35829147a4082a77e86d2249d02b1136b851d0d407dec752eeffb6510bfe1c00,e93c5c08bd958e93f65f70c36edbea7b37de13631ae807de6a6c67a89cd99598,DeepMath-103K,38150,train,2321,1
2322,13110da2ee94acedaabc7b8073b36bdbfb032ec0678a7c7b53dde76e86af29f9,a4d018cf8b002134cdbd1df7f4f969b8f6ec08f8185eb940a0ed9db2fe57fea8,DeepMath-103K,33282,train,2322,1
2323,3616422766fc256543c0812f3be843a2b9a6316601dcb9d9e76890aa083a535d,459783ceef90df32cdda780eab9471266d24781347c90630eded6eb8f351897f,DeepMath-103K,10884,train,2323,1
2324,fa074b97cc6ae44af9c1c11c4478d472010bc12e95eb6c2a981a0a539ef6cad1,f9f09ae92fe2775ab62d07e35c35dd1461bbe1b61b60a6dd09e6c78ecc10b129,DeepMath-103K,21433,train,2324,1
2325,e3c460a238da1cac9e6eade830771df57bfdf0d4c4124cc67f36b53769b721cd,097aec2db8a9b064f86bbc9e5fa2e6fc27e09c4e0e68543385840f8f65a509e8,DeepMath-103K,25773,train,2325,1
2326,2760f14d281696b40758e5a15f8381ea89cb8a121cc26bf9aed5b0d1ccabdaf3,a063723106762a091f568544e813ade412876f80ca439deb2a85dc2928b730cc,DeepMath-103K,29164,train,2326,1
2327,102338b4c19ee1fdd1a3dc4a35472e0d305ccd03275d21009ccfe6fa74e5faaa,306c4bb020b304a4b9e4b2c4c262d4976973da242dd52ae3ca150d691ab8539b,DeepMath-103K,30919,train,2327,1
2328,cbb520f0788d77939be0683728a1c6ed2061ddbfbd3f674359cefb0788ab602e,33ca4bd71c3e45520890958989cb8d8c36918aca809761773341406ee7a7e071,DeepMath-103K,32558,train,2328,1
2329,551f6ecfdcc05d72957aea5c9acbf156574bf49796f550db98ba2ca1052b0cbe,2eed14a1b7e8ac67cbfd97ab562477687a9915f68b764ebb98c116a9e31b3169,DeepMath-103K,18527,train,2329,1
2330,8606fefa5d48a6731a863e30e8d87eb8c95dac47ab1b93ba68e0e3d8315147d0,a8e7c56debf5a3e683a84628ed62abe84c9269501bea8f480dec3b6f9ca7b595,DeepMath-103K,46353,train,2330,1
2331,42ff2e0da2c1e4012862e8a03fd2cc779ed30e530f4e5ca4724ffb2069228ef8,10f79cc2a5b0fb17600945cbac485d3805a4deee99ac6c06e15adc5424bcc9b5,DeepMath-103K,668,train,2331,1
2332,99d101b6d487f5c9435392d9e12be33ad53a61b0ad1cb1902c744048af5d0c2b,58254590dd623b78c82bda5a0bc80c7254246b0a2bec366f7b535cc74d3f1f48,DeepMath-103K,11631,train,2332,1
2333,812cc7b0047318589e7546edb80a2b8ba66e0bad3e898d160a90377c5bd134e9,71fd4a0d1643f33bc2a4c711f2f9fb894398e76836893ffaaee8636ffa87a63f,DeepMath-103K,16507,train,2333,1
2334,1520967749e8d980858417e02d277a23f2b3dea6d36b85d988301318dbd7e197,81ebdb933dc55d6fd7709a8936f57fa7d49820e3bbf8be0868a63d438e5c583c,DeepMath-103K,38588,train,2334,1
2335,9c5de1dea1dd2b90e822b18068e75d1af048e1ffdefe00f278937145c71b69da,37c15d4a7090f7a25bce24f569e710794676c08b7d60a3138641165e417418d0,DeepMath-103K,805,train,2335,1
2336,cc5cef5e4784a7779499bdd664b63a3f0790e81fe042f41d8d2abd53c04ed5cf,d36fe4feaf20776a69629cdd9e9f6017fae942fab48a041ff3e78f75d30a0707,DeepMath-103K,32042,train,2336,1
2337,30a4024c5f4440114a7e4046e26b48f4abcfafcb7a6a74865662b6b27b985beb,9a77c6a3e130506dbb2d4a8baebf0d6333cb5ff510c4fdbcd073a36d9574a3af,DeepMath-103K,28210,train,2337,1
2338,e1dfacd864eae9f18c8b3f57d9e85379c23aaddbf1412f83efe5aa8c9b8fb8d1,e17b1a2190814f627b2f626f4695ffbce0230f4051faa87902c034d121c0c408,DeepMath-103K,51954,train,2338,1
2339,2aac736a89431a29ce430bcb4fafc8e17373accb1b5a21249aa213d834531172,be1feb1e00879c9be202e61c2af78d248f6551853f51a1d965641b1be8b36e00,DeepMath-103K,9400,train,2339,1
2340,8372f816d3159639a04efb29417b9288c8ce66e0ed4f6058b9c6771d72f75405,e5209e224a70dabab2a07fa81d8effa012a42d970f3409a572dbd3d68db61ec6,DeepMath-103K,25487,train,2340,1
2341,7941ddbd609ca9e5b4ff6cfbcd24996ba0785684cef72f2da90f85750dcc17a8,20593da1a0083d2ac3107d8b6b10153fa91b115b04e29a987713ad66a5c624f3,DeepMath-103K,20312,train,2341,1
2342,9467cd4a4464698c5234c4c4cee7e5c26bfd6a500277726ca5e642d04f1a7f3f,ca9222d1c0bb4e082c50fe5139f3145814eb11c1bb14153d6b9143c6203d4ea4,DeepMath-103K,47959,train,2342,1
2343,9bde2d99980a62ee47d54b05ba99299ea79fd85fff7b7cce6d8e1330220cf3f2,636b882fe68ee944af836ceb4e020abc3a4f1bc0055eab086f7fc7d14705d883,DeepMath-103K,46557,train,2343,1
2344,0c2d5a58ca3c88ef4847a186ec55c11746c229e7ac086c0e4fe3ffe3cce374b1,973f74096cea25199123f820528d32ad5e39e48063646db398c8185c708b2a2b,DeepMath-103K,2592,train,2344,1
2345,389fd5b7411fe174b6cc003afcf8310b8ec81af823de75be9e80ef5428204b18,8a15b68bef633cc1e995b76171a4701c222558c2447b6e05a94e562630a4cc8d,DeepMath-103K,2842,train,2345,1
2346,18762ce5fec759ca98126059fd4597d3d6cfd5715c8bd024650b31a44e1879e8,5957f76e45bd6c8552637c901695dbce6005741fe816f239b9de39952f301b74,DeepMath-103K,54918,train,2346,1
2347,cac38de0e1fa3af5b415a913583f58ebf393649e12287fc10f8ad34592a4f3ef,5e5396828822964bf43f9ebb281f2a6790b34484f0f1dc76d65e0c9d388652fb,DeepMath-103K,43609,train,2347,1
2348,51d69d0093518e7e88b5a6b764b056be7a4953d2c2b927f2da0bdbff48784faf,026db8da8228ae0a348ad34c32c996ea4a14837fb10a3567d00fbe547d20b8d4,DeepMath-103K,49902,train,2348,1
2349,551ee9bd1fa8b8fd493a3d6f001f57be6777a94849bcc3f35069966ec03cec4e,facf6f9a9240d07f69b48c7056b1dfb0d3a1e673def7b1d39fabd0cfb811fbac,DeepMath-103K,37818,train,2349,1
2350,5b5da0e0711227a1046b08afb022f84f5bdf5ff7afc2e0b1ce90166724d5d4f5,1897057613f0a0c27ccb3ecd00973c518808e3db9af8c404d1c4751027cfbfea,DeepMath-103K,19019,train,2350,1
2351,c951468bc2f658c7d37f2fedc308c2d51e0a54796f56e52188e7c68da323019a,090d559ac5665efa23d1a0657ba8dd02915069de5bdd67d38b79bde1a9eeb7f5,DeepMath-103K,55503,train,2351,1
2352,4b409d50463c09beff439a7f173031771221a02fb0339be28a7cf63282517d13,5e991602f959d505916306eee48481cc22755b563cc3446328bd62f3a9fa1c26,DeepMath-103K,39743,train,2352,1
2353,02263e43a9cefafb8418b5571602c1a57201ef9d9ac26101e0bdea34d5efb3e5,f82e9a76847975fb1e7955b28636bd34c550dc08d17f5b150bb2a0a49c2f508c,DeepMath-103K,23110,train,2353,1
2354,a08ca17818378e59dcda299fd7e9e4ee0bd1a0fe8e99d53d45e877b1ffc7f08f,6a19ef3a9677c00c9d217696ac1e482088e7d92112e857ef599118aab5516f54,DeepMath-103K,311,train,2354,1
2355,443ae126044484a150cf3664921ad3e08a6ac3cd42b79164ff17df2e1463dc10,54800eae10632331b95962055d5b3f46d0df71dfa777cdf78051cd5935a040d0,DeepMath-103K,52684,train,2355,1
2356,268a5c8a08efd4cc37cc6e9c33b101daffd57462b00ee46e0e281e5354f6430a,8317d763f7c42d0453e6844c9383ae30ebefd05670e53fe4d7129cf84f0f1f4a,DeepMath-103K,42246,train,2356,1
2357,db2ddd6901f20032b330d6acce434315116929440f64752c479e55d0ba79b922,ddcaf50619201677da02404d0b478bb1bd778e3a6a565c6b93ba2db96b69a48a,DeepMath-103K,33261,train,2357,1
2358,5913968e52e227a0f768952728b0c4a474d9405f2972f6e39a7b1c72ee9f5b44,ab8a1d18c593504384a691567eb425584925e1f7b8df01013cdc6b7879441cfb,DeepMath-103K,11257,train,2358,1
2359,d1cd3a9cc4c74157e88d4ff55b25e73be75d691ad16a6213171a322e5e04f4e1,8fbca3fdb93c3bea1287e06f5ed29fbc6801e7a1d0c04bc7c80379707a99870e,DeepMath-103K,47467,train,2359,1
2360,67b15fbb5bdce58d08191dbc34cf2b1d9ff65ae1785ad3043566a7b4b1e973d4,356f813468afaf226f580e537c8c1ea229bb9da156553f68cf16e0696bf375f7,DeepMath-103K,22887,train,2360,1
2361,dad3c5ed6d537b5bae6bd587886a25fa43e874b4f26c7feb3f7e94a9793e8093,f32fb5cd716e8acc2e13657cba4fe7e4bfc71d86293a4ce3253087f3e80ca9dd,DeepMath-103K,7279,train,2361,1
2362,c70a3eae5441a8bc67c1fc294fd01387f1ffbb0b8140a7a8be07b77110b5d945,0d2b611a480404ffae8d5df2f92082de6d1eb9541ac7c1e14242c33abed97f29,DeepMath-103K,31258,train,2362,1
2363,cb969ba8b3f029abf703263522ad9a53b3e069dc58aceb2816984d30e2892521,8bd0ac9639801e4cee15450a0dc2a4689f2b83978f1b66e269f538c87abed951,DeepMath-103K,18407,train,2363,1
2364,5ac01a3998989a4b69d6d3f0b36b8bcf30df24c9306252ae16baef89519a9e13,1149e5e17a6183a970c300371d64f896cf02f895be6eb482664473600954d8a4,DeepMath-103K,39534,train,2364,1
2365,0a458334c5944c1ecdab967043d39f51176d75e716c29e7f4ca3fe76fd28f7ab,459ae56093605ef90e27551127ec3ef82fef793dc008d214e6f5cfed819d322b,DeepMath-103K,16500,train,2365,1
2366,53039753a096299dadfec2473601ba1e2abd4416f6e82e983be601e0e8890bfa,7f618944ecd77c9b59137a061acf54e9b978bded5761687efcaa3a6ac04a1c6f,DeepMath-103K,1976,train,2366,1
2367,b3f6739377aa9d6cddadf7231a167128f12bb06f7375513a1b7504853b4dc234,4c1c8e4ba7c01d43d47809f96f8d7a557f91bd6cee84616ab9859b47c4991502,DeepMath-103K,23142,train,2367,1
2368,ad275dbc1e8d921f1001efc4d1ccc700731f4ebce690b2da9a4bda916ed841da,21c4ee99a42ad8e47521f51480e1ba1d0c58903d0297a5ce69bad94339ca9072,DeepMath-103K,54346,train,2368,1
2369,6e9654a6d7efda9c4a16617fc0db74e28f8f2f137a56b497f7745e3821296e3d,b459eeb896b6a638083775a676679e48d8a075d7b16c2c746efc3fc82211a0b6,DeepMath-103K,25843,train,2369,1
2370,d5390a29155561e98d3a837ad95ee668997e8d556e60fcbc8ebd6d50a2aeec59,bedaec9c63ca4bc132ea3b7e8594499e5ca651e82df821a7e9ab62cdfb27f62b,DeepMath-103K,14035,train,2370,1
2371,951dbaa634bb19bfd05e3ac87e69a2c201f1ed907d2e676a2a6ca96e1f522cea,56e65acd0645789b117815fa5352af2134e04dc38379509bd669da084aef6a3b,DeepMath-103K,28801,train,2371,1
2372,35ac8ddd791478f95bf6eea09d36e9962cd4250e4cf83c9257c77e41a1d3a57b,b93588f49d1b2cc5ee78534edc6b3cdc5077a80c28afabc7efba4932322e1c2d,DeepMath-103K,55142,train,2372,1
2373,ba8e56c84d4184e40086d89722768b4de4668510c2dafa900dc7bf083a9e2261,4993cd3e9c1ee70c7baa0fc439e156d33f1204b133ace95cd7d6eb3086f1e4da,DeepMath-103K,23103,train,2373,1
2374,0c7d3f7fef325d88956e9bd6f10f3f855b425f10df14028b4753340032960111,fca00a6a25249caed546b6ff718e5a0c90fd2a65b00d29851ac2bf01fb453af5,DeepMath-103K,38025,train,2374,1
2375,21b85c26a4b40ba58a9a0f2fbb4915cea1436169111486f2314f7be89f466ab8,42d0557de20de8ef18655c6ca2c1107b1152e3f3989aebfd89b396286abafe71,DeepMath-103K,9540,train,2375,1
2376,a84cc229a1350357a565ea7766ce96f735b40d036aac0dec0cf10c1748d88190,fe264700835b09fec8ecefd7ad270ae230cdbf3f2df99d978c08f675286464c7,DeepMath-103K,33205,train,2376,1
2377,a967df6b7e6c6e781024a7e7ef2b2748ad114729264ce84e7012696de86480d3,4ff39b36165160e8416b8f08e47d5b68e3447d8d9729a913eb9b58feb59d14f4,DeepMath-103K,34652,train,2377,1
2378,a6323d9005fa69721427ba9d076e22573d51aa3aa958459f40e78c162e47aa5d,9465131e5686addb5ec6ae3780133c428595b39b2fc95dc24f1d7974a5cedd8e,DeepMath-103K,4954,train,2378,1
2379,e79f16ed51b1a5388cb89952e0753e88518bebfaf231b6f391b914a8b29d37b2,a98b512d944b1cc1eb060b7454c2ce36a9f9a7e1e5a558dcae7dd596ed1930ef,DeepMath-103K,35017,train,2379,1
2380,6154a2132abad5f29a0e542975817727a4551730805b54ba2aec128c600db5eb,6412e9571a454fc3365d76a48ee85934760f68ebb25c24dec3683dd375257c9a,DeepMath-103K,36035,train,2380,1
2381,b26ac9e071ab9c8a4bc77d776223d36c5ea88c32597bf3aca7eef4e8f71bb9d9,6aefeaaeaef7f1d546dad955f83b7a5f03389e1e4ff6a9c994a1230bbeddaea7,DeepMath-103K,27988,train,2381,1
2382,244d57f6729f6f4a3c0baf3d48a1ba4cac20a3bc394b01b5bd34a2629def2414,66c293bd38773c22df39d420ad43d16f2192ea41ea4cd57808d49e31f753edbc,DeepMath-103K,23640,train,2382,1
2383,d425f504036f3128ed61be69f9bfbb1ee6ccd4a7ed49067e0e1aea11b4ea07b6,53d084474a9ca6a171a2e754d9039913b64a77846c93609b299a5edb93c4ef9b,DeepMath-103K,9994,train,2383,1
2384,bfaffb8096b68b73a6c4183d453118f91ab5f1b921d451c3decfcee7e31facb4,7fa622e31c5c20ecb7bc7e6b97d506212c4a3d606715d9f34c615576c5908f96,DeepMath-103K,36685,train,2384,1
2385,96ef84ee4a66051d845dfbe5775f3295d70de267846eb4a0b366e9b7aab4bf29,18527650f9094e87d8d61652b3a1def7f1a5dd549421fb8e756dd44344418ab7,DeepMath-103K,7182,train,2385,1
2386,eb5e6fd62d99b21f227f1552af3fbda10a445c4d21e621c3bdaf308e16e37ab2,807fab189b2c9892947be7fa4e473206671778d5f036ba6e1a52aba94af9f94f,DeepMath-103K,23272,train,2386,1
2387,319d6100af9af29ccf0c432a0a2f208c6747a532f58e6d7ac7d1984a4ac13c85,e2e6e1e94f56da6ce6aececa56574540098457c26eb2c9ec92424ce14a7b13ad,DeepMath-103K,7114,train,2387,1
2388,3a85f1a8a70d7481c94a699573c0336cfe00296ee2170421f2039ec879de51ae,51d497ef8c35c62df91bd604ad35527f806299088915fe5207c23d21a3a6be44,DeepMath-103K,42180,train,2388,1
2389,5140ff6b2da29845aad022d4a07c811ef7e2e139a31570459cad8d95ed66d39d,c38cf2c0a6f7c03f5a55448c86d9774cd0af93f4d07a637eb6686a0e7d8279ee,DeepMath-103K,36917,train,2389,1
2390,ce4acdcd4698d04b8915fa7a43017a38cc90f916e977bda2d2eca78d775cb818,bb44aec118824605282a765a525974bbb9410e3e805c7a0ea262e764e5c0890d,DeepMath-103K,22943,train,2390,1
2391,a5d5f0cfd78dbb9aefe4bea92a2411003cafbfaee52e0ec488ac1a5eae815f1f,42aa4d2a9395f13c3bbcd2a718ed9d01c3d8c420729c3cbf67205336bf34e23b,DeepMath-103K,23394,train,2391,1
2392,1463864c08cf7ae4af68507382de1ce8e6db44c2543febe411be5de1c4d0823b,83c0bbcdf656d01569285500cf0c1dcb51aaf743bea90a06f4ecf78588f8fd73,DeepMath-103K,55972,train,2392,1
2393,59d0688afa3ed869ea88ffb29c39773884087e63a4887b33996ba90283305fe3,8795c4314086b45718d0dd59d7191b3a270efc1384e90fffdfb7a7751295a1db,DeepMath-103K,28933,train,2393,1
2394,d659e6f827de515dc350816634c1d25fc2b85162c2114959fa156e5834c14e26,d166cd8a7854c329898b376aa325a6bef5eb4f62816b7aee789189a28ee8071b,DeepMath-103K,23114,train,2394,1
2395,09ab95e2ab010b6cf7b7c34304e9d0848da2a01702310490f580224038f1c3dd,3be7098f7664f59890fdadde6efbcdc6059325ddc1baabe1cb9324ddd074805b,DeepMath-103K,31481,train,2395,1
2396,30d3d66b77a36a6119e771714a2568dc4ea81d4403227bfe79c08f2c0f92f56b,6fcb214e1e9f3b81217bfea8a3c05d1700e41ce55b3abe0fcdb86213fb9289e6,DeepMath-103K,42885,train,2396,1
2397,a27be3f60cf098d8d115ea3144152a4ad846013c6a1f59481e494f8e277863dc,b8d729a48a3bc130662576031f3e26ea694c721a07dbcfe38c4c2f7584e77c09,DeepMath-103K,19933,train,2397,1
2398,46bccd16b2f94cc7b3e87f1287fce86556f8a0dc7b10671e8c423172895c8f97,6593580aaf405e28cfa226f0f7d163451f7896686a3426835f91da7e49b76678,DeepMath-103K,45528,train,2398,1
2399,9866c05830f1471aa4efb22c9c8a177a7b1c43e7a2b884107ed01e1239074eb7,3e069fb805995ecf9afb48f267a3f75a6fb09ab20f78ec0438ee676db370d80b,DeepMath-103K,55233,train,2399,1
2400,0e8a89369310f231738d4612d12327a87600c64817f3b62c4964ad82a5c6e2fc,6e45a8924896812f37f3e17c5cadb268b1c037d2bd52631ab7682ba3d0435599,DeepMath-103K,6852,train,2400,1
2401,e4a63fae98f447fdb36bdb206ecfbc2ca02dbf8f3b800adfbcc1a85449e2e2b7,c4fd0f8e99ffd0c95b68972c3fc8166a037db0bb7a66c66c710f03e0940dcd9f,DeepMath-103K,47574,train,2401,1
2402,d2f745ee2c424f0c8a5f472e7102dc65c50e73f79e5e21073183c859039bad0f,46858b61f4a60f8c81cc04bb5fdfe59bcb45ad1c13231c725ecfb844099bfea9,DeepMath-103K,13929,train,2402,1
2403,b3a50485d4a5e24d533350c63b2ebb98da9756c0056e3966d5620e075044a53e,a7501951b8f1e83addce712975bb08fddbc041e767c6817ed674c3f5a1834fc3,DeepMath-103K,1666,train,2403,1
2404,90e53aad7b2b9e30ef1118f684cbacff763c99f12a007fd1439be504cd514bcd,630004818983a756f92e9dd93b5c644af0eba89fdade9f6012bf79e00e801211,DeepMath-103K,41473,train,2404,1
2405,dd4f723fbe54cbaba38b43cba006fc064a5c3fe4245b6f75e50470ef9deae939,5655841f506e22be3059cb531f11ada32778737a93ec5d2c834ac4090ae1059e,DeepMath-103K,28410,train,2405,1
2406,809efb1ef3f3327b8bde24049799cfa61ab6e533f4ee5ef63b1114cb7ff65ffc,b8c7907b542abd9d9193965511b5c6b67acac681c10d2c44f264d657da8c9d2b,DeepMath-103K,14380,train,2406,1
2407,7448591e4dcdec42436250e0a81236070cf8e5eccdf685468724258605681146,053487b61ab228e53e84da795798858cf239bbf31f21828fed1de389c1e5d2a1,DeepMath-103K,34954,train,2407,1
2408,2aa5bca6afa34f5920ee58778c65e70e582985148365187247362e5cf2a895d3,47776a3b092fd23cf6e033810126b8f2ac5cd20a1599bedd0856ca2b3f092843,DeepMath-103K,45383,train,2408,1
2409,5e651e937c33391a537eca122c2b9858aea12899beae9698d87761731112d007,3c0079eb3fddf69905fd93c47123fdedd4dd27b164bf4ff6a238754d72bd81f2,DeepMath-103K,17432,train,2409,1
2410,563048d660f8e94c010dcb1a3f9aa5f7e26fd39b7906f71771776dc5c86ca944,d91953f131f5fa46093ac84816680ef85f7cb9e35e9a947eb234ecda3c5fe308,DeepMath-103K,50582,train,2410,1
2411,f25b185fbf110284b8d6327b62890c0cebd096b1a057d9a0e014aa70b809b8ad,561c859eff44e44df578c004fe08a016c5042987ca0cbab755715b89964cd31f,DeepMath-103K,15884,train,2411,1
2412,33562438ca5924446539e77e1becc5859267a1b1ace69b2d3118a2ded6477c27,21814956e657df48e609525f6c8d2d7b0dc0cd532b25829c775e47def5b6333c,DeepMath-103K,16073,train,2412,1
2413,94644d2fe9fcf12436b134710dc3867f22c67db80c1887431b07384e6c80a0d5,3be3eab7bb5ef7d86e7f21722907b6efc89dc1087dff4a6428fe1a0c389bab0a,DeepMath-103K,9222,train,2413,1
2414,04956bd68258d3e90cd1bd56c65eecc906b4bd281ef379bd3e40b502582b36c4,6077c9a3d882dbb9bb0c2a51c2838cff208506eaee8a9f890466653f6e2410b6,DeepMath-103K,16112,train,2414,1
2415,34cee0d65e87e3e4c27c78b95e5e6999ea8bfd8639d177807aa6db48447131fc,95d4f86c47cff9a65e27c5262965b80c46f22b9fcfef88028c466ac3595c0cda,DeepMath-103K,8169,train,2415,1
2416,6edc2aa3d0f45d9adbf200b35d3e8d2320b5c22ef2870d7e201094e81852d972,c06ace8a8cc3198a64d61483b8f837f926d4de7c997f38ba03536f8d257ab87e,DeepMath-103K,15336,train,2416,1
2417,4e06570912074ef7bddf4c5948af8938288c3fe421d981e924417514b49310ba,16b4fcc45f012787f15456c41fd056ec7d1956d12fcb666c17948a4eb1f59763,DeepMath-103K,30198,train,2417,1
2418,1637877b89834df13d49733350f949118dede05b1c17677178dfee9bb5f3ffec,123e35360b312b8453ee4d3d7da0afee85a6a39ce3fcc79d08663795c298ae32,DeepMath-103K,125,train,2418,1
2419,70ea69beed3aa1b81a67d653d426ee70100673c2d24b7936c4d69f67a63cf4b0,db0b02daccea2ea8246945b0b4e9d4e4e2c0f5bf4fb5e1c16c450e704e2866fd,DeepMath-103K,19278,train,2419,1
2420,8ade36f90910f0bb34d1d4988e3cb48324f6a7157e294b7f8f76842aa62cf0ca,b3ec74992e1f2383b3d38b059eaa707de335714e341155c49f7ad958b0167299,DeepMath-103K,38279,train,2420,1
2421,c35edb7c4ea7cd6131d5e9f9f268681a407ea01b7fa85b3eceedeb33e167cb1a,aa709fd587d11446be02dd6c62e39889a5dceb0b4dfd8c30cf60daace833edd2,DeepMath-103K,39557,train,2421,1
2422,a4565f567f0f36775d216331ab410c456a1c063c4f2f24d29f4fccb0359759c3,95a6631ac604a26a582553191ec88717206e51be6a82eae8c76125919b172b57,DeepMath-103K,55630,train,2422,1
2423,78d4a6e1845c34a25484b181b79e818878695bf1ee745fccd735cc804899b455,765e488f67dcc2493e2c6cf35cad058d7df68a4d2002f66d204a0a7b9e5d0748,DeepMath-103K,28027,train,2423,1
2424,c4d87bb90e85e187bc641edc9dfbab975ed6f45e8f805785e835021ae75f308d,68ed8e52e4df285dfb79e564535925698c05d3147ad7d1d63be969958e257f09,DeepMath-103K,6528,train,2424,1
2425,559a864354372193dadc03e2fcca6bf672f691c1962a040f8f341775e168cebd,9a1f3f140121104b5c8b1c7462d0c054b379f35c5d7b9f3580597ed531023489,DeepMath-103K,8679,train,2425,1
2426,2c3407b8428af86dd63cc9269499b2875b2a12db2b7502c2c969321b2fe1e7b7,f22285a719c327ac36dd5c91299a4627fe0f90862f22b9e2d832e541ef862ce5,DeepMath-103K,34446,train,2426,1
2427,aa56dc26d26ccd166d7d11ed8fa331b0e7df8ac6e2545c651d0fee165fea384e,dc65170867101cc75f9ecc5a8ad748d449a42c65d87df7d556f75bcb86c8bf00,DeepMath-103K,8030,train,2427,1
2428,def4702696f7f04fec33b68b73697c3147b2e2347dcd0ef95fe7147dfd1902b5,a28a9457298c010d6876b33041374878194ca345fe85edc297086dcac1e2859c,DeepMath-103K,18114,train,2428,1
2429,2280b4c55e84a1690a2f37189a3a414c0ed6aa7cec5949b2a169ef2489b6700e,a1d18e61af388a0d70dec4baf00be4b02a3b447cc30b9edefffac9a23fd3faa6,DeepMath-103K,42575,train,2429,1
2430,293c50488fdf7592781dab04c07ce6c565a51d71c8a61b651d7c5f04ca60dcaf,d3c556a8e8a83d10130b5a5f721f4e87c3b21eeb785ae9f4184c14f3059820fc,DeepMath-103K,14980,train,2430,1
2431,9b93dc6fbf3adff2a0877b83c7679c09d871147cfd73fb91d92b4292e8ea613f,46266abc4f5111141667250bd52e649eef156b43698a25ce08052d8f2b01f55b,DeepMath-103K,2619,train,2431,1
2432,2999e56a4ef044a3d4828db037c9d789f74b9a7ee5ec6d9d0ad825d09be6c476,6a4d89c5a70cc187100c653bf3270e9bdd9325892c2ab058b878cd9912d0550e,DeepMath-103K,41567,train,2432,1
2433,0f6109f76978fd8007e33372a3244ea831ce141052de49b5e90d88fa974f23bf,5dd907466d6aed864e3f479afc409b2bc0ed1978b4262ee0f627face6089b823,DeepMath-103K,29780,train,2433,1
2434,3e5d42a03deee628277d631b4f5b635dc9642d35ce4cdb3680ebb7c8a7de6bbe,40c067b4d751044cd51a0f97723563f75a704471c43caba7702b51a9082ddbea,DeepMath-103K,48296,train,2434,1
2435,1069b5a3c70830f1bc9d08135c07bbb9b3adcb453eaf47e8c1bc3bab5965ac0e,31e235db901975318cb9e300c749c4adf26fdd51017d84a55484a0b1b5560c8c,DeepMath-103K,7459,train,2435,1
2436,28c0b459245cbe84b029d33f6698f322d685701675b174e71d6f4b86cc8bf3bd,a4820e639c372dfada502951b4a36f0ab8c997302afb54ab6310480cce9f7fd0,DeepMath-103K,29578,train,2436,1
2437,6af943524f771ee878d6da1fd35ac5d44b5eacc9f6f4ac6000a43efafa06ed27,c601445810f8ad2e5dcdb4f135a6ebe58e5be1554f08523cb67514150c58b6c7,DeepMath-103K,36426,train,2437,1
2438,b7d3d90e6c6f0098f73a894d8417243be358176afab5886683f28aecec334d43,36ce8d7cc13c922cb5eb55a86a6a8dbef81277555b1a91482b187623396ad134,DeepMath-103K,52546,train,2438,1
2439,a3de3e75bc0bfe6dcb858858890837e6ef117df6d1afe0192cdbac6fec062a32,39a55b6c5ab4e7ded3f23072625822178767e62a01542724d098c3d60798e141,DeepMath-103K,50799,train,2439,1
2440,48f047c7834fa430c8b943e4187c03a0c3f087e6eeb146c02bfaac112af34db0,179dca2a4ff1f7bfe97ead8bad127ff8d8c4b16c55470a76013005af71b37d5d,DeepMath-103K,48043,train,2440,1
2441,f7428ad8fecdd3766288aa80d38cd6fe765d39a9799adab368836e3ede54aabf,e4c20527f2ba4db8746cb26ee209a19fdbe330e0d26d904c335a8b6684b4787e,DeepMath-103K,15568,train,2441,1
2442,3c81c6af2a2426d03aec1f8b9bf9680924ee062932ff65b7bb3576d7df5618a4,4f4a6f8b33721a1a17a023375f2bd99b752003b2426ae50ed589308be5bd9d9f,DeepMath-103K,27568,train,2442,1
2443,2be65453f478ca72f574910ee156de9ca8c5e2ec2ce64350dee09ba2b457c991,2f1096b2feaa252e1e93567152b7fd22738407e306c8072be7cd20560952a43f,DeepMath-103K,23594,train,2443,1
2444,0e2aecbeb2e0def5bb3d8d5458259bf8c023b5df73bb6e1f304a7dd0051cd1f2,5ed11857d0bb547dc0524995bef32f2244b5dd06e1dda8c7815fa3f9a6823c2f,DeepMath-103K,2942,train,2444,1
2445,d66fcd42f9ec823e96670510f6210dbadff946356a09325e5c1cfee4afa650d3,dae7f9d4df933d2a25d97ba9044431f221535f238b552b67da1abcafb59b69bd,DeepMath-103K,39445,train,2445,1
2446,46786bdacd0ade3d0d9c0e438c452bd8ae953811fcdd1a0f61ac322e29b94d42,9ca70cfcfdf3a64d25c6f6d51d2d08560a1a85fed841dec2b7b4a798e3121a24,DeepMath-103K,41643,train,2446,1
2447,6785da9f8f247b97dd1ea090ecbe0e1c3bc705d9414680b96f46fbac0d5ac6a5,e2c3e5e8bf9d2dd0f77caf6d15d41d54a5201620bf8b48ba9cc25a57fa309863,DeepMath-103K,5152,train,2447,1
2448,9635d2afc0277a52e6a2eac0aac685a9214945bc81d67a11b3212ac0184558cd,f46d2e10a631a94d094cc7b036b36bfe70e8dfe392cca92058f4bf9e2beccd5b,DeepMath-103K,49470,train,2448,1
2449,d0fa188720644b0d34475118aedd63eda89a4be188d9271a1b1a847783aa790c,e77395b1300d628d1ad4b8cfbdfca2b7558c64e8197dffd00c03b8b74710a52b,DeepMath-103K,27531,train,2449,1
2450,61883cd05d18860067d541bca4cbf478aa7a428f021d0bfcc2b93b620c3d89cc,465169299f8d8bc04e4ffc4c3b68af0377bde5aac5649d96a5e46db2c970530b,DeepMath-103K,46597,train,2450,1
2451,4f29df8fe674755f3d4770f69c9a9547fe36ccde1e989f1d5f90b1fe4060e452,b1753c87253f3c4df1868cb9e8f354fb99281ab903384880d05b8b953e35f934,DeepMath-103K,1170,train,2451,1
2452,f51be004a2c842c7abbeee3652a5c8f9dd15405c7187d0344d7b8be54c771327,55a8eca42f84a600fcd7b407395f42af5d0446fab0bae59f263b31ba2eae6107,DeepMath-103K,9287,train,2452,1
2453,bae92caaf8551239a7703c253699268b70a403d012082c3214e4867743b40b95,9209260a5de9b33dc1b27283f46895378f04bf65521aae2edd7b0f4dc71784cf,DeepMath-103K,23426,train,2453,1
2454,51bc1fade64c42b9a027d635f5d23220ee2679bca4f41138cac5b444b9093a8d,afa0cdcc52b985e3ffdc35f7fac241f1cf4ef2d1273368d7fc790c0c0bd15e98,DeepMath-103K,26817,train,2454,1
2455,819cded1ce39db33b1c3c10a556003dfd65870140389bd446cba221313399bbf,eb6d2e277ca7c591777c7950721e0217ca45cfa719031cd56d3bc4c7ab2b8b97,DeepMath-103K,12690,train,2455,1
2456,b767d92cd7edceda94beeed04b1259c36e5ffb44cc742f3d9a89143560dbc626,6101c5c3bc4e5f7c916b70fa2f363cae172599c99c7459649a225b35e0240039,DeepMath-103K,56439,train,2456,1
2457,53a2567f4c5136b9891e9974e8f83cb8024288a50f8ea827f1bad02acb2627cf,65e1a5214d51ebb804c57189676841012f44b02cd06cac9ae352c5d18f0936f2,DeepMath-103K,27149,train,2457,1
2458,0e8c5bc1bb8fa9f9bd5f3bd0956eae7a61ba119d688b5de4b212f81b8a95bf55,7d7fbc01516d140b172b975208c916263b06b326d4154599daf9e20052877327,DeepMath-103K,40735,train,2458,1
2459,951b50bc7c3ad369ce9507d20bed48c316fc9d65f83812293936d73ebc5fdde3,49ced4dec65e08a3680ce20947c7c03f05c34d5d7adb4f4cb8b8f8335b49a876,DeepMath-103K,5638,train,2459,1
2460,30cbd8cf5a34392ed2ecb8fe01a95e0bf378c2ad1bae665b115b96fc7576261d,6f81a0df405b6c964dca8167764b311768d8b07cd51518a9a65286f7b3079740,DeepMath-103K,55796,train,2460,1
2461,9605bb1c7cce680b22f76ec714f2df73c88c5c0de530808b1dd6f5f905b5c157,97b9d1fdc6a7866c8879a14421cecc58233173c1ae20e600f8b0f20de6c67ffb,DeepMath-103K,47315,train,2461,1
2462,6910ce910a9e65f9dc51f1ef7b74030e249c707f5b5a8e27c64a02460e74e08a,522075c02d249868e3b5fd92422337b19cc04aca3a4a345e7066b554748298bc,DeepMath-103K,42095,train,2462,1
2463,f54764dc6074edfff9e72967ff00fcb55c15936d674659dff03925d310c24866,be5b5aa6e27743432828459f81cc17fedcd5bce8c52a25c778284544c6e1cef8,DeepMath-103K,6484,train,2463,1
2464,650e871c73c006297d80aa5b43a5648467aa3da80aeb8d41d828505bd47cc19c,5aa736fa2f331228a737f5b974348ea1b6550545e3c642de8b0a259e0019168b,DeepMath-103K,50217,train,2464,1
2465,1adbff31595b277a13767b45e48333f47ac54a923ce2fd1d9689a568bb9b67dd,3c843c007ceb2da3621a4c4af37ad8e7e8b263ae68eaf32dff261c6b86163ac4,DeepMath-103K,34558,train,2465,1
2466,403ba359a6211ebc42a43224a149ad8103ad9313d9c56835c431f553144d3874,29db1f9832ed4b2e441b80948df55d423c56bad00dea4e5c0e34dd06de26039b,DeepMath-103K,3423,train,2466,1
2467,1ed06ca7ca7f8e2c91f6fd7ac9b5b8e8b1ffad20ff0bbc5bd0b08605e35fa612,8a9389b03bed1e7cc41762bc9516f211498323b866a1ba082de3f584e5a8a4de,DeepMath-103K,22045,train,2467,1
2468,e13fc28e0d61a4be68f786bb74346ba09cfb7cc0ce59289b5949fe538f635dce,fc88ccf5132b1cea0a05660006c6726640971620fdd3a32a49b831077bda56cf,DeepMath-103K,55212,train,2468,1
2469,f44f7bd8c1da740b9260575d34d2e07cc87b3f8c3db28db351529dbbff12ef0e,d1320023aff4334a14822dd01e2ca463df2730ea965c1b3ffdd135ccd39435c7,DeepMath-103K,55632,train,2469,1
2470,bc456bdda58a3ac34eb59c61f253a164fd038dfed9fa16d21027df7478253bd7,fee0fba411faa28995612908e9782cfcec0c28b746e704fa5af95ca5bcaa86d2,DeepMath-103K,31766,train,2470,1
2471,d33699305a0afb34038bb184d566f52982f3a3f5fb4b6ed26ed0e7ed41e8ffe7,18f2b5aa598f890a2635f95eb2f780b8c429e0415736e5ff6f368b6abc80d332,DeepMath-103K,16115,train,2471,1
2472,97c024efeae7f7a5d98b0cc2d2c788ae6cdad15b860284d4555cff3dde90a574,362ebbc5701362f60be9196e5ff345c2a05867d9e5a3cecb78f1ebed749bc05f,DeepMath-103K,45777,train,2472,1
2473,0b62f6c59edb666127c4264006525d9d3e39c59b1a511867eadb05daa4b0c3e3,e0de9ce314b89d08d85e51d921e8f2691093ed80991865443a83908d04084183,DeepMath-103K,43571,train,2473,1
2474,67d22791e6e5ae40ae4bb6a440397492722a1e6c473558059c2749ad53b1137e,8f7ad42105c3c6a76876811aca0c6100d2b52c876e2e6162795d60b08e76b5af,DeepMath-103K,39761,train,2474,1
2475,3561665f9bed96b9b39b2f479b8154846d151042404af40cf60c7441787a0fd3,aba1ff8f834ae6d9ec778fc30fcdb50b0a653d5083cb7eabebca6bd42833c60f,DeepMath-103K,18425,train,2475,1
2476,e9e66971292d6091006f33b4ff9535c8ab9db7493f26a6e46306d6b0f5140d87,e780f03950a83d8d9329be722641e2522923bb84f3cb982a82718a8b78dbbdc1,DeepMath-103K,28623,train,2476,1
2477,f023647a870c012e9016c6f8722803e19c542effac44379b8bb1a3f063ace466,f33580b12f0fe1f645c4a66af35d4cfd501e455a65f1f250fe8c0dd9d7c454fd,DeepMath-103K,10952,train,2477,1
2478,6ccef485a9ff5504660681b5643371ed79425f66a630c1ca138cdf4e06aabeea,20503ac9bfa76597c45074142e8a6641d9f97b0c99afe1a35f7981243626099b,DeepMath-103K,54956,train,2478,1
2479,4c2f149288a5c43f8f834f453cd3572c1e8bc028bb40580c52ea71332277c82b,13eab52c2a3d0703e213ea92d51ca3f97a3d2fa0e4f4b75911279094bdb0e407,DeepMath-103K,32478,train,2479,1
2480,fb1325c98f243106139d9eb1c196768081906ef307cb3460c60eed058c375148,bb6dcd55ec4aa4f93ded4270d265451cc4b77216bb2bd32ac938ea600c46d651,DeepMath-103K,5369,train,2480,1
2481,609b8ab9fb061123000ed21f32818de7b54100f429dfba990a1a33108e5f7eee,ac035f516288a479666de4d705eb6a6439f53dbfbc4ee69ebac8a667038a7c9c,DeepMath-103K,28575,train,2481,1
2482,fc51170fb2cf03050841d21d21b24b308002b8e169a1636dc34b6fac113088d5,10020664246a4342e65915a5b5732e479b03c81f775fb75aecac04d82b0f3763,DeepMath-103K,12467,train,2482,1
2483,5b73df06449e4bd2c70fbcce73c902c294420a739d032e58877566f562cb00dd,d76810275466f69301c3e3083ee073a18f8205737da02a2921cd1b06f22e4b7b,DeepMath-103K,53556,train,2483,1
2484,a19b3f2be13245c69ac2a35ada5de9a2f90f80d689bf3742d76677dd593dfcf0,f5f222390f41c533417d805b42450c53d757ae38f229d3bc39e339313662a8f6,DeepMath-103K,17673,train,2484,1
2485,2d8f4fff93be93f483a5aeb89d90cdf983baf52943e2b4790cd20717a0a89874,a9937ab70571da98f68aea2840220444d8fda9eb992339741ab068379120b0c2,DeepMath-103K,33765,train,2485,1
2486,8ea9baa8fa5fc34ae44157746951978fc9af6ce995d7d5752c93fe02d6e128cd,15ad074373b1c35d5131f6eaefced37eb8cec4c54b22ac404cf38b8f3d434105,DeepMath-103K,55736,train,2486,1
2487,7cfa240828dd24e22edc638543d2b47e917376a0fded8d0e106bcd96bcd553e7,9aa25eacc4347d37ac3ed64ca0cb372a24c389b66bad514214fcfa7846755f9f,DeepMath-103K,50550,train,2487,1
2488,dd1a9301c7fff26ea2569e16e31b8c182aa0d0827cc627740eabd535bb2f9bbb,9306133fb3ebf2e33b2c9665f302f618aeac5998870fc91a61e6c31b7e177dff,DeepMath-103K,23544,train,2488,1
2489,05928b98293d289c645b122ce31f573c016db8d11ef935a13de73eaead4773e4,bb12a627d159b621e8b14fc4820fe1997d9ce21471be8cdd3a18dad6b6566d01,DeepMath-103K,33611,train,2489,1
2490,719680f981708eab5221fea38b325db68ebaf41b6d045d8e65bc4bc44ae759d0,30aa9d746e866c8b7c23e820d2aba4cc72aa415b7131aed348bc3df9f67626c6,DeepMath-103K,19015,train,2490,1
2491,a3f2592a6c43e9a1d536f043ed735a464fb3cfd5e7640065dcb5f7af83b66a18,70ee28d3c200aaccacb2cb84b50674fe02c2cdf5457fc3962348ae3c7a1b665a,DeepMath-103K,45796,train,2491,1
2492,f986ff22eaf155aa2187c2ee502241a0c5387a0b6dad6ba2b382d2bc41278b18,3d43a5c0683433f10ee4a58ab662f7250c050ec91dcca2856c15bc24760f9d4b,DeepMath-103K,28749,train,2492,1
2493,c718afb79544d4582b13a5b2775e1ade4e890331150288e893a278ce374197ab,e441a395d4b2bef83515f9f3707d8b6036b876c782b7241dbcd56daa3a5e3111,DeepMath-103K,39050,train,2493,1
2494,aa194be2c3a0bf338118b91b9bf1894b594195ebb850db5b511b9e5767b2a425,acbd4802e9f8f93f6f43f9ff0f6bf5769792a8434c585a5b2adfcf9f51f6d86e,DeepMath-103K,20476,train,2494,1
2495,5c392405848dfe561d8db9658306feb3ada9242383476f0167c4cdb6e0de9b2e,d8a7faae7c91ac8d6e1ad010f2af73daafb369eb148b6a589da6e07af1668f65,DeepMath-103K,3817,train,2495,1
2496,df7f4593338130039053f901db4013c784de106913eaf1a5c88810f582d5c908,9c0e40ccca6540e162d5757a3eb2a255765ad2e6a28475bec0e0dd2014c3ba66,DeepMath-103K,10437,train,2496,1
2497,f954da1af7dae3d525526dae1f0860ab5abfcf6cda11609ae59bec3551f5c045,367a87ff29468181b6a840bb1c20ab2f183abdf631b02a67336c0b1723d2ad26,DeepMath-103K,53816,train,2497,1
2498,7a98f1616c365ae3f8fd411b20dddff9063fb50c7327f4aef4a69663ee1e0bcd,33d04ea8cc850da099d41fb15eeed847ed22512af00ca2278505402a8fd099b3,DeepMath-103K,47475,train,2498,1
2499,a063846e18b9d55b9f6a59c7f388b76412653b936bf0e8a8cd9e4d5fc1e00c5e,c3a93f1fb6282043fc86c922751a391554510f7ff0ce2b613cd056f305ccd3cd,DeepMath-103K,42235,train,2499,1
2500,5f820166413879dd6718627945a97656153dbaede875270584d44f666f5fde8c,760bf69076424efa2d5dc3e00076553469310b86bdbed74a86603010c5ad821e,DeepMath-103K,14097,train,2500,1
2501,f913448124219d21785f16158cd65782bfb89703df28648bb1d27259c0f0976e,d17da9fba42f602eafc7c92b53fcd279a8355660f0d8ba8bf14808135ac76316,DeepMath-103K,5608,train,2501,1
2502,9195387d49d4841c3e0d5d17a16dbdb51744226f6710a0d4843079f84f7508b8,a2e6bc4cb8f4e4376e6dc948a5f8e9142cac76145740493e3a8be7804635bd03,DeepMath-103K,34080,train,2502,1
2503,38704c656f64b00b950c196039e6837fd091d16d50b4c0842ecf4dc8eb180e01,93a034b8110efe245b792f7086dbf51ce67fee6daab340db4b3b77f376a6ca23,DeepMath-103K,54302,train,2503,1
2504,1e5ca981d645c561f4fe605ceea1049d168d458818fba5b5f5546ae3e85a5c72,9553a2b79db841a76188615fcafcf604db8f135d494187cb6cbb4e5435ec84a3,DeepMath-103K,46222,train,2504,1
2505,1d566fc4ee2ba56bda5d39c4b41b479bb9b6cc4b6d3c74fa6ea1085ab3e9cded,51863322f62396367e0ea66b818c03787277dd44884637dfe0f30eff7a2a4248,DeepMath-103K,51114,train,2505,1
2506,c4e0da8ba0209585f7ecfdbe15cc41ccf6e321cf9034f13cfc13c050a2235348,c3e34cd7622d78373093f63bee8efc4502be20b6c31f62856e7bea77d2c3e431,DeepMath-103K,45647,train,2506,1
2507,e69a4d1e3a591f61bd792edcafb17927b51fee158dc275cd3eb2ac2b8f673cf2,39a75b7fa4d4ac3190808a7092ea05374517be671460eb9ceacfce1ed7017051,DeepMath-103K,50555,train,2507,1
2508,2f76d1d3483d347430c0c84e1be7a157fcd5bb74e719180994a151b3f94f2dd7,4287d739421931064e480547cacf76bcb8381d277c485f226bd66c0553c25b0b,DeepMath-103K,6689,train,2508,1
2509,bf22b1d955555e72adc44ea4e6bbf59afd90d8640197058e659c394e6d29db73,c2e24ba03ddb67b09c3291b9f3b374e88afcc04c191544a70febad5d8a65682c,DeepMath-103K,43382,train,2509,1
2510,6c323e8abdd0636c1170a8f58b3836b03aee035b54906d41be8ac850c17348ed,af7224e4135ec29a12d6df110585463d03a3d315a3f19c3f1e76336d505b107c,DeepMath-103K,30425,train,2510,1
2511,ca53482bfcf99eca57e2aedc9ae964ec0e9635385efc7f134cf21c49c668089c,6cf9e66ab9629301b1521aa72304b28cb2c65abdea0ced02191b38297babfce6,DeepMath-103K,16382,train,2511,1
2512,d9f7552a5db4c5517e8fb729c270eb12395a2ab3ef4582aab3ed4d53e439795f,4299d5aa0beb67cd2e8e8b637238331e620c6ab891f50083c9b8e06707744dad,DeepMath-103K,12062,train,2512,1
2513,87e7a9e9ab112a779f33c695e489e3ed2d654008266b39e8eaff47b5b94940b6,4f2dadc3eca02a5dc666e20ec282490694c2a5e062a2ca40df7b69d041240814,DeepMath-103K,37677,train,2513,1
2514,b8371ed819cd0328a37ae78b5cba0424dd660c8c6af42e8d1d4a07d3f00ede3d,1c5bc8f84efd7c408805087fc08446869936dd941cf782d982f26496620903ca,DeepMath-103K,2652,train,2514,1
2515,e3b49223d11ffc7e1d339e3b55c6340f0f36fe619f571f78cf484df74ef383d0,b3ccabbb12bded8f4244ea3ab293d995b15c6f95d64ada5cfa1ccb52ee7593e4,DeepMath-103K,9805,train,2515,1
2516,237090f808274820200b12aa5e9865f831e527e127ae153df4e549d18d2b2c15,37bd56c4db6bf3b7c8d24fb1fce860ffd11745a6a8f1b7363c1c9e6d8eddffcc,DeepMath-103K,8062,train,2516,1
2517,f177233dbc0cf785935a20b5dc7e7de1bfed6594e4e4208556d71e92a103648e,c45c6db93b722497263f745b31b8d73bd04ec202da42973acf6d94a42c0acbd1,DeepMath-103K,20785,train,2517,1
2518,cec64631951b880a3d186d5fd98c09762726c14bfc151dc92551cae0341d6ca4,8737995e4ec997783bec1e51040044577e87cb015a71cd2af20cb19094afcdb6,DeepMath-103K,28759,train,2518,1
2519,a289534d7a49fdf14ddbaba8b1640c36020b9e001a564c73d491e210b29308ba,4634225be60bd43549f0cf4c71ba8c7a76d63f936d83c072fe5132684e03f86f,DeepMath-103K,16757,train,2519,1
2520,fdfa3663fb3d7f21dfbfcad939ca7e75185fc510ccafc9720a6a4f535032eb28,ac8e1aa10d126874b9ee1876947bc9f96e7bfe1a3fb5e324a3aa902623c47a00,DeepMath-103K,28195,train,2520,1
2521,070b857188f4a1e942764e66ffc263b1c6e29926692801cabfe807037f2b3f57,c934b6a4d34f74a5eb3db2919a19d526ff84e84bbdcd6dabf914b3ab445413ca,DeepMath-103K,24162,train,2521,1
2522,26905204f9ba58e1e6e124473fefdb10d96460fdc7777373375955fb2f58434c,e6f9dbc50fdeb348b4066a9531bdfd5079e08d8032408a3258168c41eb0d9e9e,DeepMath-103K,50874,train,2522,1
2523,c0b2a48f1f86910771eb40ec63da18bd20bae70d6753fc82a103a08d2cc7aeb4,a9c8c475f4b73058022dd49ea1af0aec7d3a6d302d8fb3c561e2658a87e28dd7,DeepMath-103K,45301,train,2523,1
2524,05a4e65a80005177aad25005f3ab8b361b3198e45df9ff9b3cd55e019fa8cea3,876c62a8d5df5879b97b39b5fe128afc382ec3bb0da7a57267f988db8830f82a,DeepMath-103K,3551,train,2524,1
2525,5a6600dbc7a01c82056ea1683196ae19b3cab582c59f7a659a404ef87bba387c,3d19743db73fe34a9f722786b28d46d1f4c0ea06759c18600ae6bae927917aa1,DeepMath-103K,56758,train,2525,1
2526,ce00d6f24d5f1dab467ddb0db64e64c46ede249b1ae2376f3abf2a80ff2a7531,cfa9195b2074ebebe94bb21207afca4ac95b6676646aeff0c99dac958665a858,DeepMath-103K,14412,train,2526,1
2527,9f164ae40d479bbda3d684ee7648a3f4ce0885f39d2088966e416d29315a3b95,6a91dce3581d8d32e10b4c8e669267fc333aa107a448a01c1eb1ba20ec0090f7,DeepMath-103K,42631,train,2527,1
2528,5c0c1b3db3daf5c8fc9848a8b3b8a4689ca91e7a73eda82922491bf9470ebca8,c8d47053493a1db7377c27602b64d751515513f556b10682533b94b22bac86f8,DeepMath-103K,14234,train,2528,1
2529,33f9f29a24c8e988bc3420f7db6b1ab0a3cb6efd5ae9c591b753346e9f8cef55,a586120d88ff298031dd51921768842e88271416b3dabcfbcbae7e1c20aab3fd,DeepMath-103K,13913,train,2529,1
2530,ca554047659afe0e137b8a4bdd4e76833ca93a7ffbd1abba6afe2686069d8485,6f564f264869c97d369f9e9f9a1e546892c6b49f842f08ad6e3e9e6bea05a8c1,DeepMath-103K,6092,train,2530,1
2531,4121a1b296b94c1106c2862cc7a4298df936d7a4a9c317edc89a8f370a38dc82,19abc0def5d8f19eaba20b01e78d9f1b5c4c08b7d29d9906778f9059e3331e3d,DeepMath-103K,4186,train,2531,1
2532,16fc992ac0af67b889f2a0513c0ef72fb0c0e7a49fb766cbc8f26ca7d9a821db,aea5b17b47a012916ecec0599c9796bd583dc084b23194eecae15dc3100f93e9,DeepMath-103K,1629,train,2532,1
2533,ca45a75341ba55c24ef969fa3675073ee5ef8f54b5d696a4f8206f4b494a0bb4,5f2f5e1dd2d2b904f8242f7b4e38313db928bc73a3692ba3028ef2ab4479d387,DeepMath-103K,29277,train,2533,1
2534,256622c28ea10f3d34ec89c772ae1cd113b988d2fed3863f032af8f08c1643af,5d1bd9c2ff08ac3a82616f91836ce5a7a96bd094ab0d004d6fa14223e77d7ec5,DeepMath-103K,22498,train,2534,1
2535,cd8ca343302d204906754d1515851cf21eacf741004fc9721e3f08f255b85ce2,8a29e3712c926ff242b9fbca1e315bd2a9710954ad067d2b59ac8045847941a0,DeepMath-103K,2858,train,2535,1
2536,2bb7f8e23de9c32e67609e46c545a31e5d6af28424d132034521d5da436df059,d5333268b70330163463feab2c657848d51db50d296edc58353f369d47387b55,DeepMath-103K,51812,train,2536,1
2537,ed8019750c975973da59c61bd3d08eedb811fb683120f30c2c88ddb480e5cc54,1c283c69fff8972798b098d477091d2d685a1af6fc185efcde726dbf7227b266,DeepMath-103K,44562,train,2537,1
2538,de25a30a32983442957a43401115d499b2cf885252c33f7814a0409bdfe1acc9,7b6bd474d560a601faba88ed3ccec6f2010e85679a2ca8ea3e49ba48842d6d71,DeepMath-103K,27507,train,2538,1
2539,8e0a0bc2d267691a94fd3e664711eee94e86f6ef11519728dbf3c901edcc09dd,bc158ad9ad2ff3289e03cf42c8c9de070858676de99e4858d5a6b6d19876508b,DeepMath-103K,44198,train,2539,1
2540,feb8fe69a0864328614cf7a72d941d53f925c1e2b3d596820675f1445c825ba1,e2e48b01e216ac274c39b0ef35a3c7cb456abf3809efce0b73ef3ea126427146,DeepMath-103K,34227,train,2540,1
2541,9aa0ea3cc48ec7c20bd2f3edd622ee24934304ac10e9b2b90ac438f46fb18c55,db475fafd0d99d6d884df95441c25c68fa979d5260dbb6cbbcb92b55ae267b7e,DeepMath-103K,6993,train,2541,1
2542,ff6efb70207c172c4f75f552770bf8408f39891c9d68b6a575cc547e4909deff,bf20bdec2c5c417da9a0e78f45252c69c7a8e1cea48b83f8f544c3d80bdd9d2e,DeepMath-103K,35005,train,2542,1
2543,6e4a4d7d3408a8760b12d9a8153655aac43f2baa49bf06560e80ee94cd01a237,708cb93bd122f256314368af1f8baab8420b462f078062bb9e4b5b5789d13540,DeepMath-103K,39121,train,2543,1
2544,9bcfb38eee72d3fb996d8284dc0307c233514afe443ba06d75b8409c5df9059e,82013ee92b86dea6c9b6fd86febbf8d5ea47fe46f335d5bd178203b717185893,DeepMath-103K,19620,train,2544,1
2545,b3b555b3ac775368069417fc2bd5ab2801db420deafac578c2160f906088a3db,6dafe7ab524b0bea312954b0f02b3f109288f8e23939ffe83e776b010e6ef35e,DeepMath-103K,4688,train,2545,1
2546,8423a26529117ca6b214b73c5fe4709c833c1f089c23781219e97c7a968773e3,250c2f5ac30ef593bb4f946cc96aca330df4071c8e861c493b77bb32ce6565bc,DeepMath-103K,11889,train,2546,1
2547,64fab2751ae856b2b5ff1be378227e3035268812097da12454c0705aca5eabac,082ce79c0333ec4cb9b18984036998cbd3b03cd9c986dd693e9912501debb2a2,DeepMath-103K,2822,train,2547,1
2548,5b9bc84583f5d2eb19e7751bcf92b339a834934babc2ed96ac29c7f22870bc58,8b91af080d3b612ac4a941628b8ec6b175a51d006b8c4693ef9aab67c43dd57e,DeepMath-103K,3911,train,2548,1
2549,6dba20ddfab303ea1f779160fc851b268c75acc3f6bfe9e1192e47dca50ecfa1,423bab9814503a46ed1d12ae180c7cea26e006ee3756e3553f9fe4661ce7774c,DeepMath-103K,47508,train,2549,1
2550,5b55ef969636e0c428414b462be138307b301d5dceb1f96bd3a0121f6bcecc5f,eb2625750626997835bfd8987b6f032f2e179d8d8937b7aa1ed651b79e5a8daa,DeepMath-103K,54932,train,2550,1
2551,3b9bb358a8d0ab56e2bedf8551bfd89d485f8b5b1e6343a668fc7a1fbf676b01,907ff22b1b6c7cec51e73183f844218efee565e18ca611873837c6cc4cf9d78d,DeepMath-103K,26614,train,2551,1
2552,6df472ad6d8651cbad11b60a70ae2c668788f1a859ea51858baf8e227ed2d3c5,342771767f47ca9c82ec105b059cd9026fb844b0d60324373fb48c692c88cdb9,DeepMath-103K,43619,train,2552,1
2553,087d86abc9d785a1aab5e91680278b6ed007d3e4d32a5602417175211d94dc37,a7673ab44ba690590d6de889e9f518751e4c000a563e1e337ab8a7867a2b76cb,DeepMath-103K,30844,train,2553,1
2554,129da26584d703dae7a316ad2a3b6f5edd7cf977adda06d6ae9a61ed2828753c,7f70e9994a74f9f0feab9182668706303f8da24b855801baed3534514bc8113a,DeepMath-103K,24846,train,2554,1
2555,69e565710ea7e2234d8f302a4754a03d7c62b8fec2a9739429f4e85727a2ad6a,300105ae9fecd9c507368c012dedded11c3e71dab85549283943bed724dedcdf,DeepMath-103K,25704,train,2555,1
2556,5f76292b61bc9db0e3204bb4c4d907f318338067b33af161eb4a34f3b70b61ad,20d843a8a78ffa9b06b103ffbc29bcaae54050033869d3e9019d3af72e0e3bc8,DeepMath-103K,10137,train,2556,1
2557,4c28fedd3ab8ecbf306a6d0db9fe2fc3009c71cf8348cb39495a836ec38797d3,6d84e79b3d392597f96a85b0a10b05f2a3fc2cefbf2bf87b4af9e5ffe55ee704,DeepMath-103K,2998,train,2557,1
2558,fc5ed096e40a31012bd0a1deeea0e75611ee8a951a078eb61c9ec9624be6add5,d415ad06dfdcda6bf3e44e4722b2f2d71128cdc34db6100fa09e07bfdc9600cb,DeepMath-103K,30855,train,2558,1
2559,4d7615986a2b28664b93c2a3ee7677c84924d9792d2b2710ad6983ef403946da,9465f1c42e9aa96c903e77b84f7c5c0a4fda68dde6159c2dd6fc023c26501b91,DeepMath-103K,24320,train,2559,1
2560,f9ad2d3b5d94cdabd32555da5f303cf121c15022d12a92fd0831ee8156d1b49e,d63db15085db6acd7131efe0acdd6399389332ff695b3abcc339827c66141192,DeepMath-103K,31016,train,2560,1
2561,1062bf00e1637cd7523cbe3bdd15cd17b652f069a60de85675dd22ec7503f68a,f0f6edd330283175e13057805b4e94d7d2168ba918ff04e6743a707d50dab32b,DeepMath-103K,42016,train,2561,1
2562,48753118ac8286ed6aa19abb2b072040ca2de1a14c93647060140bd169581668,cefa37539d67df3e56726818c126a8b4f583b14b775a9d02b88d8e380d75c391,DeepMath-103K,25234,train,2562,1
2563,c271cc8ae4cee3e5df73f9dd893d2a48eb69899b03e4a6ada53351559b5386b5,c889a7e011dd824a0464325609bb4ddbacd87d55964a0c43148fc2226fb626c0,DeepMath-103K,384,train,2563,1
2564,7f596cef7b50c9cc7908cc18cf9f5a36df5d02e045f651fc9382203a52e37986,aca21619dcf06d9f077e78e2e20067a23eb00505009746787c02883291aa7ca2,DeepMath-103K,48515,train,2564,1
2565,0ce45637d41cf6176191e4a07673d5e127ae0a63c718460fcc05af8c95090fac,8e8f7cdd201cade65be522c0a16932e26f2a83d57fda01de17a6dc53904c1ab3,DeepMath-103K,8326,train,2565,1
2566,6741a7c7a1775cd49513d68d796557763a71d3cf64fa916773ce58b3feab85d7,7bd83df5f6d5cded19f0e5971f2fa1e7b450e0a4577c332f10c9b794c57fcff6,DeepMath-103K,16274,train,2566,1
2567,51147ce3adb6c93d1a57fe4997253ca2e31db684ad2a950c106211b5d9d228d7,1cf34a7858f54a6c50fbe7a6ad41c8da0505db0da521e49c912a9b93719276fc,DeepMath-103K,31020,train,2567,1
2568,1419a13eee007a92f8ec5543a42bd846ddaf23bbc07dee0d9627c7dc16086e07,333be2a16b68e79d6ff276672436c606a5e7daad95f93ab0ba225851ae1f9245,DeepMath-103K,1064,train,2568,1
2569,cc61efbd0a283e56a01e59ae3cd3a9df2a5664ce7106d21f0418e974edfab74f,39319f9567fe09b115cfba9571fd0dc4a4cd007c77b5e637f54c4402d78a3214,DeepMath-103K,48428,train,2569,1
2570,51b92ffd958b95008c9e4f09fc887ddb1b61a859f025647cb6faa29ca9804c6f,ce34a9d653ca3ebf97f4caece01bd0f399f719d1f7a593c9b1e347d297986681,DeepMath-103K,51160,train,2570,1
2571,6c6041419404c0a6d9cdeca0cb05def664483db61c6108c248a5066df4fa8e26,b476c4bee67146628f58ec0c457b1ccbc5582d0475196d18d66f7d2a7639e6a1,DeepMath-103K,31748,train,2571,1
2572,ff6ea4ce1b05be0c3aeee67483c7d70a9099f703f67aeb2133316a18594423ea,978d9dadef02dc94a65e288b49d0f26d2c76e378b25d0d862491fd85c1a7c612,DeepMath-103K,38803,train,2572,1
2573,e4f92865300668220229f0b4738b164aaaf1860708824e0f8bca0ac3ef6ca9f8,39308caf78af63a2330e2efadb6f952d382e4ecbfea194144e5bf525d8726f09,DeepMath-103K,1609,train,2573,1
2574,5f4e95b289dd21800c24f61752e9f8984242657947eb2058215da61c8c47bc4b,a05a00bd5274dcfcb7f66c9695fd4ecef137a455867c212a9aee1e13263dcd6b,DeepMath-103K,38638,train,2574,1
2575,f17e6db3fdb11f1de78ba35053e0a5fd1bbbe8ec0a528ce3267ec98eec91284a,55fe27a06103e1916be5310afb527359f2755a9f2975e11be8bf57ae73f35381,DeepMath-103K,14176,train,2575,1
2576,57d8ed2c41eceea25c45b5601c3ba0791af2828440f4565067a97ddee6188be6,811e82e52b603d0925a550b666a3597c23433a232ce993195178b7c4d985205a,DeepMath-103K,12825,train,2576,1
2577,bb87470f6aef16b247bf6002a0e5dba04faa1ac412ed6f043ba5e4069ae1012f,76ca9c577eaa46ea2a53e1ad411040b8e1b4b0d1aec27af38098cde4de7a27ff,DeepMath-103K,44733,train,2577,1
2578,2a20cda9755419d705f3f5f4cac4f5be16a590aefcea463bae9467b4ba32351d,71cc867b024a1e4279592b56fdbacf33c6b0f3a7f03c081835458ef574aec72f,DeepMath-103K,49986,train,2578,1
2579,cd883e82af7cf05813a9170b6fc4aaf1947b1d90080fd1e7d19365661843dd37,622d3a6b92a6278c35121cd38452599443167273178ee3e94ccdc293c964b76b,DeepMath-103K,35620,train,2579,1
2580,0ffd438a67275818457a6f6204f80a930751b8a748b99527eccea40936ae88ac,6cb4e1ba2fa60e44c58c85c5da751573f77a00d4af92c763d68611de951d8661,DeepMath-103K,8894,train,2580,1
2581,92795a6f36efa43887c0bf2d96fedda848805a42332a5be258ac26a982b59ac9,8b98b8fdbc623289de81c9bf7f46a9e9314cacd2f34bed25a9ad152b38401169,DeepMath-103K,14348,train,2581,1
2582,57c14fab29328ecb71f77b47f10bbbbaf1862b6c83c45d982cb454ac61633eb5,08a340656750d2e0f74ced7e807180eb8da3fb1fa9a2ec8dce41955b3f630f25,DeepMath-103K,1196,train,2582,1
2583,3f0cdd875eba4094e4f910b3bb046c782bf1da05ffcda3f44b8c170e5f884c99,2a413db9a58fe1edf364224b86495a283ed04867c7e3df896f2d49fa8bc1d1df,DeepMath-103K,5431,train,2583,1
2584,9f1554001cb7215a1f743c5d3da05aa81d96cdb5bbc8ba9366fdf1169ce362e0,6d5af0eddd173f581bb24f2bdf16a1bac29ac4c0da17e8acd21e4ea83eb4b2a6,DeepMath-103K,10194,train,2584,1
2585,96bdd09410804a0e4d77704743d5ff18a0c408a2540b3857f553c9dd6599c6e4,1e71bb9b3efa210a0530635631e0ecb54ae4ad101110e49b63387799bc0dc54d,DeepMath-103K,19495,train,2585,1
2586,ac91186cda1b08e5a8244269bd49e144b6189059a681f611e0dd27623fc4839d,b4b1e8efba1a772d0f5fe3b2b2506b3fcac3eaecce0e9837554f13541a78b062,DeepMath-103K,34902,train,2586,1
2587,c1a587b10ddce5c08c6f1a318086f86fc3050214edca40889a43c3dddd0edd38,229b9ff2088414f274ac3a6510879917cfbf616eec018c795b20fa117dd80490,DeepMath-103K,30572,train,2587,1
2588,8c55df0bccbc9cb85a4b38df9eeefd2ea55960fefc3262e543a11c1e2b8ac3bb,4b3faf8a17f2d9df8426b46341d48c65625a5c45ea560a291f8e581d8e4453ac,DeepMath-103K,14246,train,2588,1
2589,feb9d7749ccb39cde0e413d4624722f9ec07e05f41006f42706ac929dc788527,f283267f6cf45a33a7926b34a24be5fc2744bae7c1053a750100721dab88fa7e,DeepMath-103K,35311,train,2589,1
2590,8f8ed1d508206bb34c0149ed772ff9f36d08606012826c08eb52ca498fb7ac8a,6680a7dd02e5a6ca657a5a575191038a95db38547203403cac998f0b12be9b8b,DeepMath-103K,42104,train,2590,1
2591,1bfb741b36a573969d8aa266d0b7e8bdcb440a9c9511040d2111d8539ba43c0a,7088ed5ce955ac518e197926b11fc10198f3015b3edae45c9971ae953dbaeb86,DeepMath-103K,2970,train,2591,1
2592,a853709d4681ddee93b67b19e7154cd7461768323d535d88c02a6675380b7688,9827e41483044180a8f53244782bb662163b464147341dbd86a26bf745f9d87a,DeepMath-103K,9866,train,2592,1
2593,3e326db56c07a94700c2aa439eb4ff7cc82623c54cc421fec977b57a963a1ebf,3c6d2a7749c436004a282fd9b53d26ddbdea47a10a984031f8ac50846872057b,DeepMath-103K,28065,train,2593,1
2594,0461d9b6666a610a5c9c235ae2c2663cb062f4e90a26a1d01b2b9dd6addca1b3,2e007f225c7931d6e9f640854712ff0bee09de8bcdfc551999a889f7a346becc,DeepMath-103K,5112,train,2594,1
2595,d9a065a0a0b4e89667ebdd015cd452c78ad47f1ec2b04aa62515caa7933e68eb,f0b5a6924c28769bcc44e6e8e1f7c2db83a8f10c16024265c81d791b22a2c35f,DeepMath-103K,25553,train,2595,1
2596,652b284289670f07b7899bb1eefaa2c468caf5d254abe0ac7d3b108e741ce535,4621551064c44e92e5166d2935fc1ae61e17c971056fb262ac9b294ed5a9352d,DeepMath-103K,46302,train,2596,1
2597,08a68ba275a9d2522f47bca3585addbdcf757f44a4b432385cbc7814cf1cc57a,cdb3b62190362017e81a9f223f1c57950d6f3633149dfb0a8f95bb363d6b5be9,DeepMath-103K,11969,train,2597,1
2598,0cf9a5069c9f404a062d796e7838bad00ff80883a83be35153c43dee2250d405,45893539d70aeaf7b893bfe6a84c6223168eb43155b03d9f5a820d9469c61880,DeepMath-103K,38255,train,2598,1
2599,346c48d98611682923b2b6015ea99887b9c60041cde7e6a365c7aa34ff6f2a93,7475a078ba561e3dae1d33c702c33f8c048596fb6408f77df7af1382625f06b5,DeepMath-103K,25532,train,2599,1
2600,0aea4e8f69d2e8b18d545ffc64e5d7cb7bb0dbcf4f24210868cdf928e5edfc79,2ae0c20026146079d79fc684b02dafbce281bc18b3ab94b0c2f6f094a90f99d2,DeepMath-103K,45289,train,2600,1
2601,70eff5400e29feb7ce24841cb70147e59a66191d12083714477bc0af333482b7,23e8bedd5f6678d4bcbe2b4f00454d4ed4e613f16cb8f7b01d900fedb8de03b4,DeepMath-103K,44188,train,2601,1
2602,9a4c761ce8c702cc5756385c80aeaa423c96454b74c601554d0c03c97e5291c1,fb7d8a5750f7f20e27e4828b4835d76452efbffe08bf12a45e28c35c23cf8227,DeepMath-103K,54292,train,2602,1
2603,e1e453f08452d16641a6cde2b59acec165b342b0a5aedb5e126b6e63bf592b30,3539ffa49e9591a340bc299db427f16fe6f6bf726291b3c8f88c030c7358274a,DeepMath-103K,31435,train,2603,1
2604,e0b0e5271bd6ffec32cc9196f47f60ef573e8cc7a1a4d05072e084d10c3edb2d,bcde3e36a9f9220b55dab18f5efb0b58f77069672d232a50aa954a741661e16c,DeepMath-103K,30046,train,2604,1
2605,50e059accd16e6c7301434817d5c2d8ded245cb1dc74abaa7d3c9b2fcb15eb10,9782d14b6a47c906745e1bcfe27c838dc9be8f6cd4235ffc19a8b82932fa8388,DeepMath-103K,37413,train,2605,1
2606,d4f5cffeb601b730b262ed225b4b12f2694c737d3c17669990007e8bd191d5f5,af7c62c142271c2d284a99145ba7a5a9ad9cad3941822e433e08806180c619ab,DeepMath-103K,44315,train,2606,1
2607,c45a6a8e1995aa6443dd1c9cfc8b29724dd8ebaeed1ba555a8a29c25fa575901,7586fa83788f5dd1e59b66cc4d8c578f78a6e60a8b81be5dcadb08bb0fd13075,DeepMath-103K,3315,train,2607,1
2608,7cc82ab22a4b963ca866c96f72ee0e23720306d36283e15dac2dffff3c396374,d30b86147ddfbf467104d6e84c6bca05ef504fa39a21aa4e2a52cda8f60862f8,DeepMath-103K,57024,train,2608,1
2609,67b7c4ceb842ff29dadff9821a53864af0d72e5b46d55c8db037d98313aa4d63,9ab53286536dd07e1f18650d1f35e9573576869edec15716448a2077891a74e2,DeepMath-103K,11881,train,2609,1
2610,4f9ec7824262c4f84c8fa7f4f0ddddcdd51bda4af5844ad16e55a315e7bc6826,2c69677c4eed95bf2b8dd613db323d8a5d7ae75a2e1d9919fad722792e8adbad,DeepMath-103K,1119,train,2610,1
2611,6755165e79fb4a55e8b4caf2b27cbb289634e4891b6090c8a3100f78634f0765,450def938602bff5d7ef7463202496e263c2f1f318afcf6fa99bef91e1f76f20,DeepMath-103K,17100,train,2611,1
2612,5b15180d813bae1a9cfe58a1fff5425a8365203d853fc15a59fb675f3c78d389,a0496db566e29357ad604d8817f74eb0253648256ca23919772e8fb1546bab3d,DeepMath-103K,22030,train,2612,1
2613,6b3e7f6a80c2df8d71daeeebef51ff8d58c63c8b1a34bf01194d2d11335b17c6,e13937ef5e4610010e1388023c81c0f9e43e31249ebf0892dcf8fb853eb58b1a,DeepMath-103K,21578,train,2613,1
2614,e6155ff8f79b1dfcf52435e7e1dbd99770bdda6ea69d1fc17a1cf8b055918202,b13f67f33763d055c1ac6fdba7a5b01361260631aed026cf81c878c714e7f79e,DeepMath-103K,45683,train,2614,1
2615,e7fdf115965a2b435ea057968765b6e03f0e4f9629b3f3b9701f0ee1413dd19c,b9e347687204ce8c601ebb9839d1bae15cb7221cc1a64c8824ea2d99f166aabe,DeepMath-103K,5909,train,2615,1
2616,ab7fa384f28b72b7e29033e80ed5bc68687ed9462c30fc6a0baf3278f7a9d095,d6ec9c16c9a5eae4c84731ef16e981be3dfcbb82c0920f6613497da6537c8711,DeepMath-103K,34956,train,2616,1
2617,dc0c3bc868936fa9acff44debebf28b7145cdc6c11aa1fde036578cf0541aa3b,70c44a6294d41397f70be4298533b76610951369cbc4f83b5903fb317c643404,DeepMath-103K,34650,train,2617,1
2618,19d2aeb4d28f4a9f866f7988dbc643d5f74c79dfe8c9691d8d6d73a7c73d6c99,fd9fd1a0682ad9ac3864be403a0cd71f6d4ce8fa073fa5d9fda3fa06910b3b90,DeepMath-103K,32280,train,2618,1
2619,d1289a4cd2ed3aca07ea417b2683db062e3e8df541384a099e77412c7a07b731,cd07bf742657a7e0763390f39b9044af52f7c6de55295ae0078bd09d673dfca8,DeepMath-103K,18380,train,2619,1
2620,f9035f2cd9dc013e6414ced4f41871b6fa2de5adabe5ff4acc42787e693d5b18,d149fc031a88f33982f5fb828314606a27ad7589c12c79881592fc1ea92cca7d,DeepMath-103K,1450,train,2620,1
2621,5faa0a04e3a0e346add37e9496b21dbac31b96c2263eeffb2c3b609c24729846,1086c9a34755ab4d8f9b3f955f03879e76f566399a7c340bba4ce207bd89f789,DeepMath-103K,16387,train,2621,1
2622,165e886e5619f7c7ad9cb986435c631629d827118a4aac73be59ba0e6e9dc259,15683066ccde298090f2b6ebfad0bc902955a42238a866867cdbea343e833783,DeepMath-103K,48987,train,2622,1
2623,3ddfce7144730345b74893fbfe79b3f32d6b54bc1049bc95ed0461b0f4028e42,0ab443cbeee9e14f9570987fdc4f157af04be1dabbc5ff2e023039dfa10f0b75,DeepMath-103K,3238,train,2623,1
2624,70df5b4ab3f4e58da64a4dd9507e80ef82456d184554ac267279f886ed39cd4d,d0f277cdc3fe8f6fe6bb33725deaaa91e0da09d09d449614f34dbc8b4aada747,DeepMath-103K,53638,train,2624,1
2625,1f358cfadbdec551177f1310a1ac4de1be08a4ae1584aaf4e5676823d0f6b519,d1a5919063e7cec3b653c49149d00ab83cd548a42b70bf841e212b7fdb820727,DeepMath-103K,38990,train,2625,1
2626,c88a39f8ee2bbb2bf5e560e486dbcd4f72c03afe76d76f545fcd0f00cceea98e,4f0570a520ce597adafba77baaa49748ab919a9c6d75fc23551b97504b344fee,DeepMath-103K,3565,train,2626,1
2627,eeeb252bf15661336b38dda8b45ab24e71bbf646123336f1cfa3133c95fe020b,ebc3305fac6e93660ac9dfd799d61b220bd075ea7b6323cc5bcf6b5ccecf5b65,DeepMath-103K,34559,train,2627,1
2628,3c95c19ced51ca7a26372f65b872bc9ba6f1d60a4b3172bfd0b33a3c954cb4c6,a7791db084d963fc5b3025f5297ddeff858b4b09936e3e84110153db88632a74,DeepMath-103K,21128,train,2628,1
2629,b153c34219bd50d09a1eec258a1723c75947d7fe61cd7c0df339809c1a63e0c9,adabdaae521df1851670fa2ba160342545635aa3375894c830fcf4b99400e3c7,DeepMath-103K,6554,train,2629,1
2630,31afabb27ee10df717f7e93a0c20309987e7eded96c05ed1727fe9b1bea6ecfb,1e007e8ee78e2bd0c608e5539de0fa4fc4c08cb53f9b2fac5f14c3cfc24cefa9,DeepMath-103K,26294,train,2630,1
2631,8f56d701ab56e206ff84d81b7cf2cfc85b96ceaf11e1d123443ba24b0c9670fb,3f55b0b460c152b402644f737145e9fde884967dafa09e94a51330a6dfe0c499,DeepMath-103K,39087,train,2631,1
2632,c62bb0b07142811a7bd3fa20e1798ff5c920a4a47ad89ab27837d248719085ed,8d9ae8be4a2a47cbc50c63b58839089a8cc5bceaa03e641cfc0beefbd68f71ab,DeepMath-103K,12912,train,2632,1
2633,419174381a5026d6f0aa53b304c29df3250dd953fa14cffeaf4cac89c449b7af,72f3aa1105cd42c512edd2ac0ceb7de3cc54948ed75706ca92a3577f73ff4203,DeepMath-103K,51064,train,2633,1
2634,962a6e07899179028e04fcfc1312e3daf38946e4066fd0dbd9e25ca5aa3b5ff4,aab1573d4e72bed02be0bee382a3aa02fdf50727a7040de7e7c1dcde20ed003f,DeepMath-103K,45825,train,2634,1
2635,9cd202b41873bb0bf792ada1f0ebd1d0f0bb70af3ef5ae52de9072d147cc0d53,79620a4c4b99747da8e1110344d63e6a67e55852b95a5bda0436f1cddc10d53d,DeepMath-103K,56549,train,2635,1
2636,47db2663b07295ca2f9925a6916b1d88d2ce3223cc56eec3214487e16e7234ff,c8cc8b503d4398f1b7f6b66b01543f4bcb4f6684aaa2212ccd8b0467bedfef64,DeepMath-103K,34047,train,2636,1
2637,a8b9083fb8ea33b9e8c48e9d1de6d95512b24d0b96d2e38f91f82791420fe23b,314bc431fe49de592733adb7b791d3d05a5128d5a027c1710dbe293b9af477e9,DeepMath-103K,41597,train,2637,1
2638,c18bdbc2068c7d2bb7d85aa0e1da704834ccc27a525884022ffafa057680392d,a3b5d6f97ed3ad371498c5eb2a03ad620e2de2071f98b424193d34f7d77df8a2,DeepMath-103K,2969,train,2638,1
2639,f1b7809444b54fffc8460cb1b09bcb158b6629a0985e63939be940382db23602,da699c46695063c4f4c75802a85c128904bdb0400ea37e5c6f3cfca93efe37f1,DeepMath-103K,11907,train,2639,1
2640,106ae0db8cd4b3efd44ed7ea209709b858afac4cad4967cce60832184034c193,ba66da316477fb03ca1f59308726078261d8e84326d4c433b5833117fdb89198,DeepMath-103K,16821,train,2640,1
2641,241eb5b9e158d0ded2ee1abdea098b1afa1a42345c78fff6da51114279006f79,4e3b347ca52c1cd35fb11693c82b4f73cc547ee6f689d62f6faa95b580d18bc2,DeepMath-103K,21309,train,2641,1
2642,21d9b07a4d06301be42126c9b3c1f2f48b38e76abc7a0a45b76f66ebfa922ba7,3f0f1793be830e5d81de8350768bb984e959fe9a8adc8055c86cbbaf129d3b89,DeepMath-103K,13963,train,2642,1
2643,0d8452660e9eb23b9c3f36e18392b753716ed791a69df1a0e74543afeed794a1,bbcf32489b15b765997f462118ff1632fd13cf977cbabe89540849a3002deddc,DeepMath-103K,26126,train,2643,1
2644,ec16009c968f5eefb5a477ec73c382023b092bcb462b1221eeafd7f4cc8aa8fb,326b3dd62fecc010becc5f4eafbac2289d0f8b02f0a7b71045d1c7412a5bed26,DeepMath-103K,3472,train,2644,1
2645,dcda910bc12e225df3fd06aace53983371a97c68bdbb110ea829a0cfd5be3caa,b9dfb3cc7a522be811670116807aac8b80212b72a5d12c861bafa76d6db59fee,DeepMath-103K,38914,train,2645,1
2646,390bcf8d64c957e429b43e91f0c8826b9446f86a9e3f761c1171a3e1a4757a11,2ab36c92d16ea1518f1331abfc10f494b1e87b270bd894d44def6cf7830731fa,DeepMath-103K,50287,train,2646,1
2647,d0e9cb8cc428fd4c9b44bd7fc6247bbbec9423b07caed6394fb57e5ef62b9d07,8ec25ad20de321289f13c3c4482d8718e2b66a03d1307ff06dc4bc11ce1730c5,DeepMath-103K,1822,train,2647,1
2648,8255d516421962db3df1aef3ebdab5624b68e1aed07b6ac5e24feaebe723b140,1b2764ba51b2e4f1005b5a524a41b9eee22eb34c56127c076d46a154574cb55b,DeepMath-103K,49377,train,2648,1
2649,03102d228fc027e5c051459f06949ad45a987c38ab3b0b86932c957b5c03134b,09b59b42047458c39e039c3621ed765217d2fb938309506847d500e3bb93f41d,DeepMath-103K,22658,train,2649,1
2650,0b19374a21e8ccf0b5bf7305f58c5bac6a8d14d2cc4a3a646501370871af068d,9c4409ad48f854eb8a91ef7f434b9253a73d12dea890e141dfd8af96e37448f9,DeepMath-103K,35122,train,2650,1
2651,e75b0d04786c38a2c5d1c889ca81f4af6b7821e8256e0247a1e61780d92f8278,f42644af968dde132ae416ca7a261427385dc15ceac936122e12717fdf713a5c,DeepMath-103K,44552,train,2651,1
2652,375faaa482926a85476c45a8b481b86fb20e2635922ff012580dc6012e56c8d4,f80e6701ec8525f0978859300add44107a0200202fa833ff074aff9a500170f9,DeepMath-103K,20884,train,2652,1
2653,edaf683d8e19c5749554db1a4517f4396eb7d72305169d7214a25da1bc904398,9a007fd8fbb33236c04e6e6d7edabb4a51e3621278290ba47a6f989ceceef58c,DeepMath-103K,56625,train,2653,1
2654,0077a17e3061ed83bb97d77894fb0f9e0451a54cf89fa12b5d29021ee0eea5cf,08405e1f5761f1c1f9e622b7daad87cefb33798559a4464f024c1e82a8ee9328,DeepMath-103K,55491,train,2654,1
2655,3ec33d20507f814b0de02a8e5448e888e09b77fca10cf08b39ff391a0d02093e,29d8a218437db4b21febab0af81de527d4a9a33b426d332007de95499baa81c9,DeepMath-103K,36192,train,2655,1
2656,b513bed00057b43947ab7cba828bd8d1b00eadb21061d99af5ef6f5800537f43,b580e72cb3b837fec06aae447e1020d9dff3f930f1210dcf1d741d5a2ef6d92c,DeepMath-103K,22737,train,2656,1
2657,579ff8ad193960cb60e0586167a6a3d49d1656e040e4a5c3432a723cd5bcb18d,e0410eaf6da08b8758a2dbe61f90bea846b81f4a75a3520e23f092a5370b3645,DeepMath-103K,34594,train,2657,1
2658,7a7b1cf268107dfff73ca403fb60e748b65baad3a83d7b06d3d360dde9ac6e4f,fb5f47199b82d6aa0ebe21db94a09db5d8cfb1dcc3067557dc52185a4ae7df99,DeepMath-103K,13247,train,2658,1
2659,31f203acc20d5a06d29eb6c208e71c92a145b31eaabe77f91d2e40c6ea7a0fe2,8d2a1cc9aedad4eaac8f881cefe6722b03c1bb10a92b6006d27ba58dd065139e,DeepMath-103K,11967,train,2659,1
2660,c82d09e4a7588e426bcb4e9af65792a9979ce38c131e511aecb2eaa08724ce2a,dd09cfef31de3e3d41de444c0872e3fe4830738898df0ad40a98035e33e424b4,DeepMath-103K,43322,train,2660,1
2661,6e82793c7cf4070bce28c827abd703197b729f2792df547612a1858184dc5790,ffcfc3e5ce0ecb7c991fea2ef88ac6d11fa12416819a3a4614d0ce555f9e441b,DeepMath-103K,20819,train,2661,1
2662,5b0df4834db14875a984dedd1acf20e8e2750ce82fad3e744d9b7869dfec9b60,6c799a80962e0b471aefdaefca27667c16a9dcd00e72bf39bb7e9bdee48fd59e,DeepMath-103K,55648,train,2662,1
2663,6f9c36898e00275ceea801adcc6309088a14dfda0e22c36929976cf15e4527cb,eb8f0e3b1702a5ec69a6d42151bd1141a90758bef0b162d601529735dfa50fee,DeepMath-103K,9819,train,2663,1
2664,98a28a364c688f6624b286952f2077c2402e1a949aaa124242fbe966ee42d18c,1f684ff166740321073cd5e7139c20223e87d63a2d678992af2ac3bccfc22a01,DeepMath-103K,29666,train,2664,1
2665,9b66edf42281c3aed440a35ee90bcf2094ed206e6c8fd9a2c24ef259c0e68038,1d81fe54d526f2a152c1dae61a42b8c226cfe87ddc3a509bd379a0c329059e6d,DeepMath-103K,36383,train,2665,1
2666,3c1d72b941cbeafc9f6dd855d373e8742c1fff6a23646789fc1e553d99d26068,d84fb42452dff40daaa7c85ce88ae34162237b5affb6205c0aeb9a29d6dd2ca4,DeepMath-103K,30717,train,2666,1
2667,ca1e84b7ae3dca1d70f58c005aff4ac71731141ccfc0c1a283232b08001f9d96,f4380b00d13149ce208c63f7dfa70abd9027e220fcd8a29456a9b13cf471d9cc,DeepMath-103K,15708,train,2667,1
2668,0cccc35752ff48a2ef76b03cc3cc7314efdf5301b000903a0b0af33982367999,551dd2c1809e02e65127b9f6bdb8297b1a1cf2c9c1ac3cfd8dc15840940b703f,DeepMath-103K,10387,train,2668,1
2669,93a503dc7c20aa927e62e8783e05a7185fb1dbb0635590e39be338cc6b5b4bc5,5576c7dce1e78ac082a99c6c1609b22d9c6de61b09f7ae052399f3ecf8f795eb,DeepMath-103K,10646,train,2669,1
2670,20df9484917bf922ad51698387a485d2384eb971ae464d742bbea09eb4f825d4,cdb4e0e4b3b57932304ede43265aefb74900a273e93bcd292704e5477b53eb3a,DeepMath-103K,9765,train,2670,1
2671,f5e04f89067798d83962afb8f94afefccee748373279b1fa86d6dc4a6d2ae06e,71897f4b390af4019842412cfa6a41037cb09ce2da507031b9723c58c02c42c0,DeepMath-103K,49975,train,2671,1
2672,e561edced61349264c91b36bade934aac3eb805211a6d3bf9c5245a04ebde576,294daa656104ab0edf428cc5c103666937ed368a2eb890951213a18d80d975ed,DeepMath-103K,14010,train,2672,1
2673,0241b3f0688a08245bb346452da6ebbc4496feb6bc3a0ce2df87605a9a37f77d,fd91302431cb198e53363d01f0ee71591756a75f4e092947f17fc68e3c988978,DeepMath-103K,21724,train,2673,1
2674,220547aef907dd960029251d83492476802cde7a2e371d3ce33410328444db47,37bfbd1122daa626297fd6cd2416d56a4fb2973039457c3bd6d50095204f517f,DeepMath-103K,26152,train,2674,1
2675,0af72e47105290066f571ceaf3e50a212028a0baa732a744ca21421b35c2e627,29e4d4a54d989cfa1c559da841bae6a33c0781cdaa6d4e5f2e66591d845e8f69,DeepMath-103K,47204,train,2675,1
2676,a7774bf5bf730d6977e9519667604144564d2f50e902abed667751b3646e6af1,da0ba2030a17993a5b996502cabe52b5f2d7d53b400c1d42d00472f84c90c802,DeepMath-103K,29052,train,2676,1
2677,655e49a1a60f47d0af13f5b4599f42d802bf8a6590829a6c7be804e3af636ce1,29fac6f2b09f43c3f45218f9f20b095aaf44717dca976278336432a042609214,DeepMath-103K,10379,train,2677,1
2678,d0d5c77427da0283e969ceb35e06cdf20eef3630c705584f42d666105ded66f1,d2e35ce538f0708a61346799165103d67d53969664d8f39a32570df1e9f86ed8,DeepMath-103K,3292,train,2678,1
2679,eacfc15ce828c01572c9e07ba905aa160c568bb052c3bdf8faa6db9d506abaf9,f3148e2f1017b824f1dd0574f79c386ff507ada848f90d59bd1369573e487211,DeepMath-103K,50176,train,2679,1
2680,b14a0c3e1241121597f3d04266e4f1d8b40e964ea5cff7bbcf47df18f1a4a7cb,7fb29ce06de7055ffb5ce312e684b1c98c369988ffe0ed0ce4969a169d2c8e38,DeepMath-103K,26914,train,2680,1
2681,b5274a522214ad5c5276ef7af0aeda2d46769e1fea7565b80ec08a924cee05d6,ebc22dde4dabc66e31c9b665e8016dcd13488156955468eb3ee4edf418dfa6cc,DeepMath-103K,12279,train,2681,1
2682,1365edc28345bdfe091217c13ebd3385bcaf22d23bdcb380f902faee0fca7a15,66250fb8e921e623180868acef221a25e7594d9350c59e3d17335329478b7a65,DeepMath-103K,10773,train,2682,1
2683,3484680df6434bff347bcfa580b918c77716dd7f9d6054066cb9b519cb6f8092,571f3c4f17644ff4ae1016193977270a23fd00524053aa6818ca9d1ab8233938,DeepMath-103K,14005,train,2683,1
2684,e2679117234ed0978d8e29f1b9550d5a8532b9cc6e79e25b05486c91ebb538e6,448bbb4f085771c1ceddaf64f8f437a3a7b926dc1ea351ea61ccb9a6082e63c8,DeepMath-103K,5320,train,2684,1
2685,4387b81d4056693f1bda6b3ffa23b8d4abf6af2d16c6294df7b163f0ca035ee3,18d09f6857a1e8cb3f4d3c371604e5089fdb6ddd77504c7c101015b7fa08f9dd,DeepMath-103K,25116,train,2685,1
2686,a4d317d91c37c6063c15c519cbf8ce9dad49580ad35dd5edbe3946026c123536,1e3af8b69dd4d9a47453bd31be7b2a85e4951e91b11e8e600ef63bdee63b26d7,DeepMath-103K,6298,train,2686,1
2687,09d36a8b74336ace32f64c9ac079f83087b10b7f478465382fbe76fb4092153f,a3c127ef8c4ea0baa33dd03ce0670d55fd4a97a128c77b2dd2c598af6b08f7b9,DeepMath-103K,30648,train,2687,1
2688,5f49ce9d90102654b6e72f5be7488939cb577c89669a592f06b8f258df019d19,0fd9a59514ef010e3a29bf2341f5935217493bcb9a9ece309b4759c6ee9df119,DeepMath-103K,47550,train,2688,1
2689,b24c49463247b1e0d867f3171e7c66a6241c93d80e061caba92841422599f9f6,1e731d32635696aa4f078b2304181507b0213c98a796c24063b1176e9c9be606,DeepMath-103K,42649,train,2689,1
2690,0e7c6a9ef3c2066fd910d3d30cbb91946e20377bf7610d973b368e1029551859,0c3126862efb781e6cca288b4e4f9bcc4caa1a97fe0383b179ce541161df9449,DeepMath-103K,38555,train,2690,1
2691,82c7353e6631ec92403d74f4cad88ac3bb83e5035ac1de6f4acdb594156a64e8,e087ee243a77b801e7d0d1504c59def61749435c32f83d32d8c81f6bf31f8f90,DeepMath-103K,52040,train,2691,1
2692,ed8932f0125662b510f6e5f80a7f656b0bcb10dee0e70bd6bb475e324d392ebc,6c12c09b0660ae77ae8956198d1acbe2b3350200c0dbc10e547bb03f48ee505a,DeepMath-103K,20124,train,2692,1
2693,80300f80071308cb9584f41c0dc523d2b4e71046be8ea97ccd81dce36bb844e2,f4676e2354d7e10e523e2720c81931ce289e921bbb42878e71577631fd69704c,DeepMath-103K,14718,train,2693,1
2694,14997414fbc2c715103e4bb083d6f94467cab2a19a2cf6fee5a9616330fdb04e,b2666fe9af417d77b1a0197eb2b53234ad5f3950e29eadb179855d3058ea9145,DeepMath-103K,24284,train,2694,1
2695,2373acdd86b25056df8270b5a219d2c6fd0ac394d768998f8e161f1d96223566,2266edd4c745b6580d15940cac8ed57a6b946b4bf63a5b7e6aa79c3f66f1d854,DeepMath-103K,19558,train,2695,1
2696,1c3e3502c7294e1d7db2fb6ec1369f4182ae8d43f138363da3c3ae467cdd8b51,0dce52692c0359c181d32b65f1e382d9f1e1232fd883a4b42e5427e22d78bc2e,DeepMath-103K,1910,train,2696,1
2697,8e771074b79480e41ef8d9cfc8565dded9aab79633e0525c902de1d15c5a41d0,32cbf620dc0f4a54dfe6c2d99c0b0bbf7b7e6319d827c9dd9a677fccbe8bf91e,DeepMath-103K,31988,train,2697,1
2698,79e5f6033f1ddffd28f859a791016e2928b7d647b07429bf587fe3422ea62f0b,dcd9de8427e049eb701aec43ca9d27c28d93d4340c2ab6decba925586e6ed3ca,DeepMath-103K,55338,train,2698,1
2699,5f84da2a15776e837f492a647dd452df3daf890a24310d8c8a369367edad8697,ebf17f864c280e8a2a88d20c35ebb18a42e82bc07cfbb59c3a4310538cfb4cd3,DeepMath-103K,13562,train,2699,1
2700,489f2c0d1cabc78f3253c9b3e9929671b73b21131b8b137cc23019500082b645,d6cc7e683f8be54b00f04e9f665ce462e199863bf7f8c24d49198754e397017a,DeepMath-103K,34653,train,2700,1
2701,8c8817be68e0c4cb0ed55a507f838d806281c58d22713b17501ce90d1d2c2fcf,b85813b4756702b3e41e938f0da62f759e96dfbec769a29e7d94f99dc2b8cf67,DeepMath-103K,8852,train,2701,1
2702,046f77e3e4c945fb2294fc9eef87a83e915c1f06821115646b242ea9a1fdd7f4,037d8288c26a85684d591ebd7d28416b466255c6ec728f5dcac13ade2cb6de78,DeepMath-103K,4292,train,2702,1
2703,42c57554386020de0dab989f5f9010dd8123e94f35456c2eb151b7d891ef057b,631606ce75dea834b387f04f99fb1a824f4d8415375105023bd1665b71fbade2,DeepMath-103K,5576,train,2703,1
2704,4fd54a576449cc809638b03f3d7e2c9e40a2bda8997a74841fcc74eb92bdd1d1,c1ad6e1808af55466cc264e210a56fc1e6729037a1176c323710b18e831e20ea,DeepMath-103K,17963,train,2704,1
2705,c272db262d6acd72a9d822f7108871a5e5681f395a2fe5cd862ae4845118b8a9,79ad7ed5c8f5a1e9624fd7993adaa27c552cc6f7c7e3fa9b4e5312c6ecaeeeba,DeepMath-103K,49011,train,2705,1
2706,c305ec7831ac4025ecd2e0a2cb5ded6dd08b4f267816118d06b6e72d6cbc4347,d1741c966d6313ef6a1ee08aaad77b0219ed59dc318d1c5f8c1a47f616f82668,DeepMath-103K,38759,train,2706,1
2707,cacbd821caa0fd2348e055fefdbb331c6d298a05646b03909600f5daf01194d8,9435a3d5feebf46f171fe00ea63f0be9d390a7bd3c484307d21cef49688d548b,DeepMath-103K,19430,train,2707,1
2708,83abfa44c5afb1e5ed7eb003f2788c29e7738f53d45699a2e37d5291414c4435,539a7c4b0a9dac27599faef31ea32469d6c0da6fe9384d3a7b578ce7c8bca78b,DeepMath-103K,9014,train,2708,1
2709,486806fe67065e5b6a3f825e7b7477cca9992bea9b6cfa4a25a3a17d200fef26,bd958f600b99e3db93300785cba73bc029ca991b09e43834fc4789d083d1b527,DeepMath-103K,49773,train,2709,1
2710,f4dbccade1e67a4d38b9d697f287f4825e40d7671c7f50d8ffb0c7d3218064d1,b6b43df98abb6cbf2d1fe8001b3546f4bbf9dc40f488e46380a9d73c3e133002,DeepMath-103K,12287,train,2710,1
2711,a173062fd8718624a87ec912b02b4ea3d3958afef17f9bf473e122d7e89013db,d53cb279e6130b7f3c000aba2f6bad0ba875a0c693dada50fd7e72410cdcaffd,DeepMath-103K,18595,train,2711,1
2712,42c6e305a63ec2537d93040a4570b0d761a23f73dc399d27022bb18f189d523e,d43552a56adea805263e5aa2f02dcaf7d31079b226d49b34dd68c3a80dfe3222,DeepMath-103K,17152,train,2712,1
2713,f7799e62bf8980f04dc6fe9ed0567a04efeb7667f3936e01cc070136c892be83,aa360e0c960d9d1e408e4c296c6ed3ff93a6303bda1c2893edd08279a064d75c,DeepMath-103K,10783,train,2713,1
2714,cbff7aa4f6cc185c05c4b6a475638ac25b695ed90d0c6b66d1e21e968098af0a,66b54c05594c2e34397fd526a3a10a06ceb605f8bb5cc03b743837b82403ba13,DeepMath-103K,45174,train,2714,1
2715,36f7fecf66c8e3b7a13ada3764802c3e342eb7eabf4f115faf0dd370b24b23ee,7d24a595487baad421be5ba89d1a0fb3d06b68e7a518a11d0259d57601517c68,DeepMath-103K,47314,train,2715,1
2716,4d3cc756909a356c9fcef721ceff6451c36c1e6833c906d6493ace68c1f8701c,ebce3ec95235990893976473494df10ba8e01b65b44fe8e8d37c7d832ddaa1c9,DeepMath-103K,12715,train,2716,1
2717,68f53097c4fb21d374048421284ff6ffdc0675f84eeb55dabd3e7fdbca3fc4da,133bc727be99174bbd382696e87f400c9952ae9b2f5003042229549e058dcece,DeepMath-103K,16331,train,2717,1
2718,72b7bc8f8d192068034b3a796b58acab8b19aa507b191a4defc742d16b88d461,d57d2202630845f69cb9e7afd91cf5504f4c1cdb35d6a49d668cecf53187ba49,DeepMath-103K,17807,train,2718,1
2719,5a66383cf72205b0daf6871c37c0f0b9a004ed28175b2887ec13f058bfc50b37,fb89f6316ac94ee072575eaa709ddb9361304c8e04a1f2ef4d70b28a4ae7470c,DeepMath-103K,10012,train,2719,1
2720,cb597fa0c1d7c83193ed246e9c8a3ef2dafef2d8a6f198d0bd9c41faadc8a89a,60f2bb61572228235de74da126495de7438952ff58ef86e161923d9e50c7cb3e,DeepMath-103K,56864,train,2720,1
2721,0b1b393bc1a7879a9bfc4774e206cd74eb2cb0eaf5ae699844411d8039ace2a1,bc0e5e0c110a79e0a0d27ecfd241aae4babade1e2dd8fec0e721ce66e0bcca65,DeepMath-103K,46543,train,2721,1
2722,2630e45cb742c46687f823d507eb77a80eee66d5ec994cf62a38c246690d2c47,ac816b004a4a80db05c856955263706407a2cd158ff675a6653bac4dd7f1a0b2,DeepMath-103K,28909,train,2722,1
2723,95d5131362cb85eb1dd87dad0bc7e0b3e29bcae1534f960dae798bfbabef43da,709d153979a9e2f018d0cd1a5b1655a5e11bf8b815463cea63fd15c03d8c94b7,DeepMath-103K,39963,train,2723,1
2724,74b976c7b44435e61b14237d50ff8be38a4df151e488a95dbeb1d0dff56d9e8c,2ae0cf474b168df405d3607b3be164dc8125c082c31f1a615725d0563155f6ac,DeepMath-103K,38961,train,2724,1
2725,10792968c143432570b2fef8499ea9b6eab8a9d195a6811a24d6fac7a99613fd,c21c9cff304d9ebff2ad0c1a7c50a1dbee87bef483a8caa672115a7a42420c5c,DeepMath-103K,22546,train,2725,1
2726,f66513d0adfd60fb4542b74d747c443e75919d1124fef5589f643106cc6c25b7,3a9a5b8995847e4df1a070d3ac89e0ea62dcb6bbfb0975d0d05a18d9a9f58142,DeepMath-103K,48072,train,2726,1
2727,635309371dd3da376f1bce8471d31624f2765425722b65373dadece9b7011bcf,93db42b3a6eed05521a1391780f47daf40011d64611e4e74912d2a1865144eee,DeepMath-103K,36038,train,2727,1
2728,71068a06fa3dcf0dbdbc506ebaa600963a687f760712c70b6f7a21e32abc82ba,050c146be55e9adb5b9455f9a8a3e42a448daa23e0cb5633fc339f58eb662dab,DeepMath-103K,37207,train,2728,1
2729,22eaa7adb42e1ec3dfffad5e53d728d5ec22c90ef4d99fb51444fc445224f91b,d09f7eeed9a16b8a19b44d9e9ceebdf29c6eae97e420586a898b4987cc4b0b94,DeepMath-103K,16292,train,2729,1
2730,3fcc517e7a7b379ce72fcb0aee31607afceb224b5ac6ae9fbbabfa6e5fdafcf0,185c459f31f99f0a23b6d8ae2bfb235c6421373ad46807126043217be8f24bc1,DeepMath-103K,48381,train,2730,1
2731,b77dca8d67cc10fdbc4b08f5d038078bb2fd406716923d41b1435d12a7dadaa8,cd0c47be4733c6aa5791adcdbb6bd2ccd913f910ad34335be043ca20b73beff3,DeepMath-103K,4410,train,2731,1
2732,207f44280d104e2424ae9ddbf1806d2104e72bc8681e9542b704802af727ea93,6b2b4d45310f0a6f80554727aa7c6363799252dbf21ceccf102e368fe32733b1,DeepMath-103K,45355,train,2732,1
2733,a7861e5c0247b0dcf3365fc3b552d5bdc7cc3c9d04b31cb2972384a9bb1c5b98,cb5a666f52b752d2cb1b0369da65975a2140015c8dd145c0f2468d52ae27b7cb,DeepMath-103K,12787,train,2733,1
2734,8d81ef4efbb0a310d76ecf970e629232787c28ef72d6b80863a0ac77c061b583,5598e842aefd80ad7f40ec75f3933df87d89db45845ae90143851e5c5fcb3fb9,DeepMath-103K,23931,train,2734,1
2735,2a350f6cd4a048c8d6bd007b12a3d6723ad1dd16e7c096abf2c902956321e3e8,551b32a6ca009eb9d42fd47cfbd4f3dfa5ba322712d5aa8763b9bb34873321a5,DeepMath-103K,51426,train,2735,1
2736,32c549763c72e9cb7a4a1d009f50396e25f638227e23156694326174395afa68,a980b2639aef40c115eddc88e242cb052f2501718841d20b7958807e440e6362,DeepMath-103K,6639,train,2736,1
2737,e3c129394f6370073e83ffeaf0ee1904419ffc53012578a227481958ba2cf9e8,d86223d77aebbe789c3405439152a6f4ba64b5a058298aad0bd81091dfec6c90,DeepMath-103K,14083,train,2737,1
2738,be847c4121a069a5dd2b1fb6b0b88958bcdd84051e33644d075263d624a0ce58,aefa65a4de823f060202f270ad1f40343baeb164bc5f856550a62ae847267820,DeepMath-103K,6907,train,2738,1
2739,c8e1808cbf7298251e4d798b30c0174c8842543a5460fd26462fada914f2fd35,071c507877c4b137d15f81b995be41e347bddb8684068a37e4ac50e56cca7cdf,DeepMath-103K,11579,train,2739,1
2740,3bdf617b29a69de816ee0a50ba86a6665a8db307d21a4ce0b021a553aeea8bd5,9efd790f92b264211737e183856f72d612f39674d5410242b6fef7d29c20e984,DeepMath-103K,20911,train,2740,1
2741,38906291367809d62dc83936d2c5b3c2b4fd60b60085a844169d95842ec59524,8a8f54e1683bdc412a1dceebca716a170100783260bc165b699d1d090742dd5c,DeepMath-103K,26309,train,2741,1
2742,751cb0aabc7caff02735d8620751267ecebc12ccb966f2cb7ab10571644d8aff,a2135fdf17af77bd10af21615072be78e4ab7a6c04b4c4e48e356291d3e54b58,DeepMath-103K,50581,train,2742,1
2743,35d95bfe838133e68c4be229ce439ce375e0e43c041bd2b2bcd5eef0b17d1bf9,ed2877982449c2ded183292af8639de023a804ed7b40793c6c2371ae01158d76,DeepMath-103K,40411,train,2743,1
2744,407d8c9aefa5e3220e25ee0f97cfaa316f75e611c06a6123d1539affe68d3a04,2ccf446c916b1315e0430b5fb660de2b7a47fec02e3ebb7b98323b8aa019673d,DeepMath-103K,53662,train,2744,1
2745,619b6a497d21e4afaac711cc95c68b30ba5ef0fad7cf6a6979c9fc18aa877776,2ddf731e9de4674f23d149a20f97a27d5a6cea6a3d2dcbcc01bbbf2f24d020d7,DeepMath-103K,37678,train,2745,1
2746,3587c9136975af422674497eb205f32bb84101209e75c49f610264aa5dde8bd9,6c7f4afc3990443a13169d538d574071dc98053243064cf58932595db3acf26e,DeepMath-103K,18444,train,2746,1
2747,aa90af9ea6924675ada63be63b83dfc5c31fc0cec714fcd048b9af7af16c1372,e45e1b7b6306f9e743fde0d0e4e6d3e1bf24ca3bf566e0ece91879676bd5b847,DeepMath-103K,54279,train,2747,1
2748,a106fd807ae7b4d394bf847cbf1ef4b9e51dddc504dd0b0805fd7f81e79c122b,3ba3772c2899f896c9d36637d460b07f2d5bf8f03e9b6cd6fe99d9ce0c9fa120,DeepMath-103K,15281,train,2748,1
2749,5944f5ca347144dbad0ab395b39e001e24855e3d580f5991a55317c9978c4ab8,1cad0a649bce8af641e2dbe86e71a49155d0b024446c4124928c80544b75b848,DeepMath-103K,43949,train,2749,1
2750,f171810b2b2000d77b5dcf021e0302d179af645d01888e4b6163cfdf68cdb5ac,1084b70f3d556f10d7337d221298b4336ecab8eefb2c26ace192c22d3c44d141,DeepMath-103K,36521,train,2750,1
2751,772c3ca4dea9f4c584663c1ec5002a7d2c205f8b222796c5e5949ea34ad389e7,3c792252f4299fd3360dea876257de7a47b22e82cb2d0a76e54510195486906e,DeepMath-103K,38918,train,2751,1
2752,d9811b468a5bd839985137a8fecc617088c11af19028377311336a47e0262dc2,afe9b8f969366ba812f59e69096178f02dbe0bc5e90c428e14a3c663e521a96f,DeepMath-103K,10543,train,2752,1
2753,3e9c1a3158f29725b193cd5f20111d71c8e1f1cd6e0197f6a2957c6dcc492017,0206333138478c521c7ffffbb488bd4929bcff18f5aae4fca7814e3bbf23bddf,DeepMath-103K,56526,train,2753,1
2754,616da26eca18d76b67d84bba104c93a3e9544ec3bb23d8273992e05a11c3e710,fd81435ea6e95ef7c364702e191631d6dfee5b14f1bd789c9879c872498a0c03,DeepMath-103K,18277,train,2754,1
2755,465657efc1a512dcb4a0a9f3d1f457f2b8d3a5854f365c495c5ddc27b3a7548b,2099990452d67dfdc5efcc3a813a225a40660a92e358887ed39bd34bba8f14f9,DeepMath-103K,22298,train,2755,1
2756,c5fac6ff7d2489f82298a268300fb7e180e2de1ae82b815e147fb304e2f01183,fd3d979d95af4aa010a30577fda882a0d3a89af86b6fa6e2aaa063fd395d5199,DeepMath-103K,39500,train,2756,1
2757,58cad9876e664d8c794f6ed1254e17cab2d9bd0c803893840c2c42a594bf688f,7bfcd78775af8d9099f2aeb87678aa5fbfc53243943a4be71b581006df8fa0c6,DeepMath-103K,18519,train,2757,1
2758,327688ec33f57cfafdccb55cf052e3b1fac2523a31bc23f37d84cb04fb04a424,e5a576084b01c4c53e6e98f7f32347fa2e1980a893fc7c13916f6a5bb50a1e95,DeepMath-103K,1274,train,2758,1
2759,f55100b58c20955cd3ba179e895f5fe88b661de3be9da644af3566f04e77ed7d,4afced46a6857dc7a6c2e4940afa3a2527de807eb493ac329d6bedfe6e0fed71,DeepMath-103K,41793,train,2759,1
2760,43fe15ed38ad09938b3b2b66c55eefdcc4eeaf7ab3f9e403a53360de07b0815a,1f06b297d023cdd90a684d716827e4f4610e7d5c94f0db00f901246a40e93e9e,DeepMath-103K,50644,train,2760,1
2761,a0c61c885a54b4160245f76230ea8b40874f873b32c27e91bd61b551046f8a4b,5cfa5073dff3230beb4cfcc92267d452d5be1a05be8087c21b3b8aa446ac098c,DeepMath-103K,42728,train,2761,1
2762,d85b44d703e155ab3b40d17bb7a558524afc6b8a3afaec71eda7852e5baf3d7d,580dbf5799e45a0136cc9bb59d48e8de37c3204f1c27dca8209d8b8aaea8f2b2,DeepMath-103K,36906,train,2762,1
2763,28ca3dcfc679fe3b8077c8318fb5634b5c43e8d1dc5956554df8ab1c624bce0e,444e7f18fa90d2de967b0a684009bf1a45b32f1aa5ee292129b27e5fac401a33,DeepMath-103K,39494,train,2763,1
2764,1efa55a5c3a66be5a8be7032a9984ad722e781f8ac32050915d9592b8a7e8bf0,b2acafb36130eeea5160cbba24e04ca63f16e2e300892eb6a2bfec50d0d55f30,DeepMath-103K,6924,train,2764,1
2765,7b6b1bcc4b5412bbd2789810732c1affe490efdb98927ec35ad9f11d29394755,a3a1b31baf2a4f73975fd242cc97cd4f1613854e26488b745338f0f0e6216df9,DeepMath-103K,44005,train,2765,1
2766,7c090076774ace7a4554ea7a6e97e511b2eb50371ad08f679509581693c9e01f,20b7cb394bb5940754b4704d23f5ee272de0d564d2217b7d3b9940b775ea91c4,DeepMath-103K,36121,train,2766,1
2767,87748766deff67bd6e2684578e2347fbdb4a6fa6f4846809ef6237fb7eefb66a,3bac6872d1e79d26a41ab77ff4448b1fa6657f58a86c8e89600b9548246b6bb7,DeepMath-103K,7650,train,2767,1
2768,b952bf9bb6c80a07321156e3769b35a5e4127bf239b3e96af9ecb4d4153dc92f,7cbcdb03a2639ce9aa8354e4e6a76e36ef6a4704c1017e0bfde7d8fc26eb7169,DeepMath-103K,17054,train,2768,1
2769,0729f7410c38a1c7f0db0a8470fdd383147266522473f1384b34903dc733bccf,1d1218e39caa41000a1a925ba3b0407b06e35bbc9ed6ba9e23ec32bb5d7eae04,DeepMath-103K,49607,train,2769,1
2770,6761b6e33b56e9e4568ae213a2242ce51a6cdb63add3d6837874714f3f214f65,133c5324abef060a43370a13a53f58bf03c569bba9866f37b1fe1aa80d175082,DeepMath-103K,28662,train,2770,1
2771,543604b1b21878ba2417e83634c10d6f20c46cf9302d84734ae471f95a695f5d,9abd421a9853f0eb9d3cbb1f7f34650b22ad11f525beed7e03989fc8b964a799,DeepMath-103K,21730,train,2771,1
2772,5e48891f22e6482d43e61ea63cb16878fd067be689992339d46c77a86427672b,87f1d2030aa6b351bc2023c2b31bc5a1921520926d3439d86ba5e66c207561ed,DeepMath-103K,33094,train,2772,1
2773,1812afc6ad0693ca81eda2e74935e7e784698c8675c98a11a2ebc6a938f2bf3e,cfb9588b50df0ec14832a73f904ee1bdf2b9aab758924afacfb96afeb51f061b,DeepMath-103K,14591,train,2773,1
2774,09a90d09d3b5ccb6e5a08dc4b81ec5e2fa71fbb5b8b135381a2e5387ad32435f,b0958bf2567e8d6a43499b73a0c956549b129259b9c7a52c4ff7d5e5dda50e38,DeepMath-103K,32163,train,2774,1
2775,35cdc35e8f52b2435c66a5466eb7114ec5d0e71f3f296146e18db846b9a66fa1,45eb31e1335f3459553c88e8167a30510a67c9fed2d2d43641a1c51c191c4c7c,DeepMath-103K,26735,train,2775,1
2776,bb5972d9ad03f581af4eeaae1a8d7480b6b6870c6345e073c003700944840e44,4ac75345b33c6a106716143dfbe368f2bc4581955170d176751d8af85e50c76c,DeepMath-103K,21926,train,2776,1
2777,9b357481b535e94a294d279a55dbc4c061a405bea5e8507f4302f2dd4947fa1d,e58617d8aacd9fd0d8c27616ac2793de7fe83cc3c5929744c7338f06a7797336,DeepMath-103K,33011,train,2777,1
2778,c4572be24ff8556fff135df8aee69484983d63c93783d5b76cdc21d73e18b4f5,d42d6d198a638305978c0d6b435b7d67ff949ee2f352bd40ff577e3ff25aed0f,DeepMath-103K,19987,train,2778,1
2779,ef8766fdbbeb2a9f16daa8b1edd5b71a22ec0e2759a1fc823c1f4b4a9a768f12,35d1338032e0b042c082936307fe04ac257ddf66cf1440c2e0a76f62c6e18d4b,DeepMath-103K,12905,train,2779,1
2780,c103e34f0519268cea20b3baafdf461c37cb4559a932a1951767a2468e7cf447,9bcd40a6ea9a85fe311ae98fd72454bc14e11f27662b12a9d5ee874e3d6865da,DeepMath-103K,15235,train,2780,1
2781,8f67bbe41d5321edf3f546376d59be3da4158187697d391251bc64d126d96ef4,62e165b863bb2f5c817c09686d12a7c0fdc7d3670b98a5a027addb4734a90184,DeepMath-103K,7646,train,2781,1
2782,931a956885934fceeec17036d92d8b63c796bb2d7a602539ec34662e98ff7917,1709b1b4df62ba78fbabe2872ff6d365f1aad909e83bf2f1e301533332cebdcf,DeepMath-103K,10140,train,2782,1
2783,d31a3a1798c2272db68551f65fc1aaf9716aeca11ade59702f0d84424ef14cc6,891a301ecb2460eff006a7aa251867425f83601d03495924177283fa33c168df,DeepMath-103K,38585,train,2783,1
2784,8e4dccb978b10c7a53d8a08358f75b2388047cf1c4491145cf718586616ccde4,83a0a92447f964a8265eb537537777ab01958bdc64dacf848b4e8dc44a5a9ffd,DeepMath-103K,31950,train,2784,1
2785,e98c38ed5dcf5009e9bdfd2bc28f7646bc590a6d3c2115fc75e802851c044256,c3b38e0bdcd8e194af1a5269efbefaff604832209939b2d0394bf69754fbb1fe,DeepMath-103K,4680,train,2785,1
2786,490bf963c6520a6a1ca208276c37a765b78d613a73f0a26c8f6e90df72e04ae8,d3845d2554fe816d3727115524f50915079e9297f4283e77bdf288855de04b8d,DeepMath-103K,28600,train,2786,1
2787,cb1cbdd3b79a6cc7fc67ca52417b2a3691bcf3e1943c6fdaf87912fb28ddb0a7,a4cd7f59d9c8de88db1b7ff136bd7206c026504cd193f0241fe2af180a7bdf96,DeepMath-103K,25192,train,2787,1
2788,8b2e41ce1c2325c959f5fb4c6d93ad768cef35cec3d7e8b6944914c3e6e4f186,61cfd9db8e619990cb5a2f0dccf4e97f0f0e5edb7999286f19e3d5735c48289d,DeepMath-103K,38060,train,2788,1
2789,c10bb5e527f6ddccf9f6394c59ecd100c25b5e06f336ec9a5e2ea13aa11ec692,5a62c6231df57a24c920d3ca892490d2b598f75e3ac7a68b94e19e46cffdde8e,DeepMath-103K,42577,train,2789,1
2790,6be6cce25adadf472b710783650058e02a48ba3e8277347a9c3abe202986f7a7,560cb873e7ac36d47cd3a6de1d1f129c6cf4f6ad86d02b6a60136c0c22286a18,DeepMath-103K,26384,train,2790,1
2791,f3d5350c95bd616b90f1a0586714ed6a232f42cfe493f08928d4adfc936f6ea5,d5753c4e096aaa391f84ff67ab5f7e2c1228c16b0a845b613462ddfaabaea1ac,DeepMath-103K,12977,train,2791,1
2792,c3adc88cfc3c7db852fcee0b40be6f1f4faf446452d95651d568fa276d4c8f3e,92503dc11b7f827706c5c85f3baa98862da3b814bbce8cc1ae0e2ed89c4859b6,DeepMath-103K,29321,train,2792,1
2793,a7156b968cbd8efc18dfd5b5095cd4f56d47cc54b3d4ce3af88c61948e1360c9,8b5e6de312a4321e45d2836925fe1615266c1766a0618319c35abd798c9d2649,DeepMath-103K,33609,train,2793,1
2794,620ac117ccb5ee0eee28f12cd13b7dedafb2540d785eb7a228d858cd2d07cd1b,8900e9293f379a954de2d62f921ded25970dfa25ac639f20c896b9f98fc53109,DeepMath-103K,2509,train,2794,1
2795,df50c061f885b6108b81abf1329c170e1bf8657dbad7dc77bd8b2e90b5741876,dcab15f7168675730d465473cc5a54db89ae9e5bc5242624f673e84fac9a29c1,DeepMath-103K,28596,train,2795,1
2796,bf6798a75d2c21aea69fc89f507b239e8e1a287a495865b3079d00c897b31e4b,30b28b15bcfb28870a061423749415fdef02118afd98d3837dd891f4b893c649,DeepMath-103K,13967,train,2796,1
2797,2668bf0e509a00fe162a4984ca4a69845a0bf961206642002e2baaf661e7f213,aa2d06f11382624b1fc616c732fa8f56d71f13f78a35a3a9e4d73cb3d65c63ec,DeepMath-103K,43738,train,2797,1
2798,6838ebb21773f9588dad47c02652ae4e14e1cee8f9585eea81afe6882a845759,c861708fa74c14895180eb7c373ee46a7b989638004ed9efb742656bd61ae0c1,DeepMath-103K,43263,train,2798,1
2799,01a6fea3a38208a61973859fdd6e01597fa2746d0d7514133b96703033a72b6f,14f4984fcf7d9f7f59dada8a02e4c5e8a76a203da4cdb316928ed372415235dd,DeepMath-103K,36623,train,2799,1
2800,a0716da64a921acfe9096cde8a2583fcf8e4457ca7fee4258be6c825bf114d2b,1f4579d6789f917d5843cfcef9844728418056f6612f34141906253b36d666d9,DeepMath-103K,13666,train,2800,1
2801,abc49099bec9903bd66637f994f032fab8014f03786fd60c1206cb700e042b64,02f36bc063da2cf6d1d417a1a10f3ee7ac8a1a54f2c822798b3fd0dbcd9ea0d0,DeepMath-103K,42278,train,2801,1
2802,9a375bd637e2178e62105ed773c165c2f0a2241384d5b097b3c3ee2612226f05,e0c39230c1ff46a06125d51f7e65302b18dd58d694479f5d1aadf5b4c92a951c,DeepMath-103K,42159,train,2802,1
2803,09543b4ba2df239bc439a0ff0526ce6b814783e7ebcf5473b528cf6e1677aa5d,a0a58f2d033895d8155e391fb29361874e5dba106cffce92a63f268a1eb71dd1,DeepMath-103K,40884,train,2803,1
2804,25fc16ace652ed973e233c156ba9b3e612489a31fc97b8784f98ac7887e707a2,a99617af8b154f064d26231e70753f2ae69528a5a101addea8bf477a8d0ee87f,DeepMath-103K,44649,train,2804,1
2805,6d89e9210b4e31f8a508a07af43110e05084dae9c172a21bae476bd13cb98058,51ae122b844e0cbbb98478dd7143b6119d6f6283dd64ccc4e82b1d3b4dfec8d4,DeepMath-103K,10245,train,2805,1
2806,d612e077bed630c826ed9bdde59516139f46a7b14bb02383775f0e33cab973e6,a9acefa447439b9bae5654e88ba8241be25468d29cd0f7a227da9b41102048d3,DeepMath-103K,14237,train,2806,1
2807,bb71a0dd8070f94837c0d7a1238caf8a7526da7a1f81d44b8977c831a48875b3,80655e410591991828e658b2e43213c43b31b59ac4ed1ae56510a5f3c077e97e,DeepMath-103K,45529,train,2807,1
2808,ff46e010bc6d09bbb28c08b2c1a12223a91d9d929934c7719fd1d4c29427e5db,68686f901de6b5d769f128700d5c2b49d21aec131339cbdd3e0f010554321369,DeepMath-103K,13519,train,2808,1
2809,bae407841a3f458c45b83527275ff42dc5698848915f2422d85a92d950443b5c,c8c21f5210edf9411cd11d7354049d81c97b1ca47cdedc220c0ee6a3f1976ecd,DeepMath-103K,47340,train,2809,1
2810,5d12df446ce2983088dc4ebdd8391e3f5f1f1ecb7b5adbfdd29e172ad3fdea20,ebca6c25817c18ad02f735c72993220342600289e4c29a1a6c0a6ccbccc7cc67,DeepMath-103K,20036,train,2810,1
2811,a86c99fdc69eb96f558df1fc793ed0b9d0fc41611c56141bf17df0f33f939d99,c9e8f42a1ecf3cb4af75385ff4547c3d662ff550481e516e460ce5cbdcd364c1,DeepMath-103K,53104,train,2811,1
2812,19e30a11ca7f5ba680975353ed83204f394cc20e76ce8d41b45e1c3204c467fc,7bc46abc5de48e345caa8ed8239df46566f6c2bfc22e5fe6fe05db5af9be644b,DeepMath-103K,45275,train,2812,1
2813,f0dc4a9694a6bc79baf737c1aedfeacfe9bea71b23b13ac07287d666eb1b1f82,455fa8a79259408640dbd4143abf0d71f58b73545f05414e663f2f07ae03cac1,DeepMath-103K,36287,train,2813,1
2814,9d8dd1ba7b6f2ca67ad7b1e9699ced9256891943a8463ed35e7a824183a02dca,46652de2de42a389f8a322e0c7c7ff6f30f27654a14612651bb2f69eb04d8d84,DeepMath-103K,21252,train,2814,1
2815,4f365a7eceb387b9b2f3e6d1c52e0b4404b99ffb2c3b5b7bbf6465e14925a32d,3bbab1d7de97ba97783ab48c9df5f31cf74666e851e845bf71e7574537e99622,DeepMath-103K,27296,train,2815,1
2816,4e35cbdac781f64d64c4c0853e3ca5c09850aece414d896b57bb90a9c0aa87ae,11cccdc88217495b2b9b7b4811f99678260a3418ed55b214bfccfa1369b11f49,DeepMath-103K,23796,train,2816,1
2817,4e6387b47d2ca348650a82394a9a25b97a66357d919277da237810b391569fa2,2eae7dee00975a5f8c189921cb8ac5efb44652ef031d5848c14d459b1878d85e,DeepMath-103K,2355,train,2817,1
2818,d41234b195ebf10ea270e7d75101607414bb8ddf70c9e21a29eb1ca44f294a74,8a2020130cef076563a9754b4957787899af0411d406fc28a2448b97c212ee02,DeepMath-103K,28188,train,2818,1
2819,6bdedc69b802be80039bcfe6d356866a66866675edb6a4a28de78a9e14b7b083,e591d44325c9794e3e33742e8effbebace512002c379d084c8a2821ee958e2eb,DeepMath-103K,32930,train,2819,1
2820,2615aa78c42e43bc1b89be4fb23406c4476b7d1be972f1d0c3d7c046e3a1362c,beb474c684f25b3294d54f08b8b74f0a6c97533bf63d276fb6dc73e54ab52730,DeepMath-103K,30351,train,2820,1
2821,d2aa24e3926e6b70c6561a12d54b5e34731b16e648ce7b9206f008e7a8ea997d,d2d3ba450672fef5ed60e2ce0ca8d517eb16fa7cc24db9630f6b257dbf685135,DeepMath-103K,28566,train,2821,1
2822,e6522f4dc5bdf0a333e39ac6af4d1b831e8390752a99d8ba1fa74afff0782486,289d84eb4b5e29f625115789b05b3fedcb042e3a3be666de1c66a34d92c60fab,DeepMath-103K,47696,train,2822,1
2823,f0adc4d34141c15daedefdc91c4cf50746c7ef35761eb4eb32e1aedce6079652,bf1959e86b1a3177bda6cfff5b835b2462293f483c95450cdcfb7c42671e736b,DeepMath-103K,20351,train,2823,1
2824,06de981e0766cfef7085d63f3c2b8051399675ab64ac569735a713778dd4436b,fe34a6b316bd0f01cef542cfc389ccaa6fec0fe5df4841259428ccc8790e9cdc,DeepMath-103K,11446,train,2824,1
2825,73e586913e86a6ca1f5ac91beb4974cd55cf0d7f962d2fa946c1f65ea735b59a,386014172dfdb68e1f9c85f10095b9c4adb27af005ed85b04afb5bc00669ed39,DeepMath-103K,52280,train,2825,1
2826,cdafad08cc821ee2aaf378778f1e2bcea581fbe63d42342e6701fa3c56787176,3455ed32d9ebdf3f29251ce8294877de53b3b981ac4c46a62a1b7f4bae625944,DeepMath-103K,10334,train,2826,1
2827,6d454e57126d16ab85c51d6d6c541fe4870753211bcae70b3adf73cec0998efe,a5ba8065e28a5ffa919aef9bcee74052221d5d425f1a0ec6a189dc53dd4ad494,DeepMath-103K,7106,train,2827,1
2828,dc6c4da6bb653904f7b06da66ddd88e55b061ca224e409860d2ca877dcb95891,409c6d3bece81708e22adc4e72238d53794832a92e24d7db93787bac5a626ab7,DeepMath-103K,34607,train,2828,1
2829,08cf5dadb691b4db1da10b36efb8960525e9de3b3669ba4ba08cbb7bacfa9161,700c57f9c513deddf1cf60745e42315d5b45afd03168f289342915525f0fa904,DeepMath-103K,4562,train,2829,1
2830,acdc875023cee0845a5a63b429a9848df70995d6eb3692caf2a52412f3847e74,f90b6887f735d9656d28655a911df4278c4b6aac71f744baed7f635dadba4a73,DeepMath-103K,3216,train,2830,1
2831,792f25daab096bc6cd0553cfa47b096d1e271918cca22c435361193035eab332,904413686e94a84a5703b22db65e247d2d6e03236b525dc81bd23969f1232176,DeepMath-103K,25399,train,2831,1
2832,9bdf1a7d92fe08e6d03e7ebfa3c529138801cde026d394a84ec4de79fc9eb090,300f494c4636fb360a9f1dc205dd6bd16c6b5956b10e6a5aee9e1b8e003ab770,DeepMath-103K,33105,train,2832,1
2833,f94002a923fcbeccca0ca3066c0451bbb07ec66da7221bc3dd39f5a4403d8ccd,1d37d9567eece2a370d535a321436193869026db7d9bec230fc17aed0d5acb08,DeepMath-103K,34376,train,2833,1
2834,9c0afac6aebda8886526378e1ecd7b82e419b9438d309f6f30e4d0c453467b32,1f4ec764b6139e2c2a3b74cba979011355aab1bbc13b3cc1b940808e2cbeb688,DeepMath-103K,37130,train,2834,1
2835,4a0c6f2bce3bf9aecf17f368504449c282029bf46b7b7aec070d15a529e742f3,ae7fb047ba7900154b58f7ceae1ebf1a15b54008de87443cc0864b49d9f677c7,DeepMath-103K,30399,train,2835,1
2836,63b1f7a4fae3caa98dac4bf4ef53108ea1f5d4fabe64f01c1e7fe6c641cf90c9,68f992e4a62d755d46532041dfad8a6aea319844991e12cb7364bb4c32dc6d87,DeepMath-103K,39603,train,2836,1
2837,6d9575bfce1f1d563bcb00ed46fb5ed1cd0e6d0436c071ec16665e7099de3bc4,d788200ac8dd8d3743d08f22e716f844a4f6cbe234dbd0444be439802a94652c,DeepMath-103K,17365,train,2837,1
2838,588367b5c8816a90b26eee4ff1487a431ee2aaa7e6e01afa4bc1cd0fc897c7e7,01dba297b7b047d2eeb6395ca4fc140b1faaeaa014c3a68e652ecc126cb06677,DeepMath-103K,14943,train,2838,1
2839,c1e9e73fb672d1aadae84d36960e555e8c4cb2f72d83643f01f63637035063ac,d2f7c27097bb00d8a46e38aa2208d02271d563786b4ee2ef0ec8c8904574ff21,DeepMath-103K,44569,train,2839,1
2840,400218cb5dd31f1c0f94698b4e0a842402c7416bfb0f92a9e3d93591abd23852,68c836b8ff502b81ec875b2d89b9935b7698fb8973e6455fc47b7740e0e19b76,DeepMath-103K,47994,train,2840,1
2841,2e680d0824c9ce2629a83df0fff5aeaf8bd26453bdb7ea3bf4962e42c6265513,f9f21c0eb68e1617c54a34656c16b84a07bb909ba931fa63d398a9a39b613a81,DeepMath-103K,28597,train,2841,1
2842,7b05d9ed702d42400f4b829670171a5959a5e67517e34081f116ec11f5ffb8b0,8a6353acaffc9dbc6c9eb72827a5bbe322c58e17bb4724713f88ba15b71cc259,DeepMath-103K,18422,train,2842,1
2843,59485951d2ae3ef0c119670f9fc745f7e91e993dd855f21f4657a1de4c238875,129dfd05e0147fdf4826a5596892a23d10abd606dc7eedbd7bb4707cd92c6503,DeepMath-103K,56018,train,2843,1
2844,35c563c6960fe70865a2bac6bfcaec700375aed9794a3114c22d09ff41236c2f,3f2f026d4bfff99be788811a5e395461aeecdb2b6666d352ea45482bb91567ac,DeepMath-103K,38236,train,2844,1
2845,8e9be91f8f02501ee1e48b8c10e14cf0660ba0e9f1f48a53567b1af8bddb5aea,8b8e221ff51bbcad280b051997f0cf362a67c9c5183f6662c2a2bc4576b67ef3,DeepMath-103K,6657,train,2845,1
2846,b8bf9245de30f70f154fa106885a6be2263b7e67e94325929d556d82d0773104,cfd67e55eafd449b05b48a3286da9f7e85f58f0f98963194b5b0ba12fc560fc8,DeepMath-103K,25530,train,2846,1
2847,dc9b41a882e0fa9ba21a2d1a2856d8058e1127e1927496db576d026ec9bd48a4,e8c3b8502d41d60faf5570017c722300dd77fb178bb0afd1ccae359ca7fcc496,DeepMath-103K,15249,train,2847,1
2848,b91df48a328cad72a6dad73cd13400efa0612d43769dff73997edb1898cb2806,2a1ed965a7ffdd6ce83375edd94a249233fd6aae82fa32dc7f7c75106d5885bb,DeepMath-103K,40598,train,2848,1
2849,0df1685c46d6e625e465dbdf319c2248b34333977e873fc1e729343c66ff893d,b11f6cf26dbed816b9257c2d88fc6a4a69584c29495c63bbe367384e6f7ad487,DeepMath-103K,55180,train,2849,1
2850,64733c21437cca4e9984e6c4fe2b57f33d58d74f8f5383fecc576fec50cc424e,e84ce7b6bf04a064fa22aef282dcd3f3acc86a2258b133b6236297f6f5ab5063,DeepMath-103K,16664,train,2850,1
2851,fbbc5d5fe35b90a288edf048983312a1eba2ae83b5b9989decab77fe24598d35,b777d86908138e77cfd1ec0d0afb49d61a7bd0e89fd397c34912e2a5e7e0866a,DeepMath-103K,46186,train,2851,1
2852,2b8acb2ed820a6f871c86215646def51f65b7324169edd8fe3884e09bc4c6b25,8efb396de2459f4cc9c4fb980de9e90956290f480e75b0061663ad5a1d1e097a,DeepMath-103K,10126,train,2852,1
2853,d8c9d705c3cce96ecf2f8a5e14ed331d4e83353f3efba13299a294e0effb8637,9602278e8a7635108ba64ee9c33a3efcee6ae2fb0283dc233dcec97e5ab61cc3,DeepMath-103K,7100,train,2853,1
2854,ff57939cae6414b587a0977c89ed481a06e62f3134654f4e2c55d13a91c584ab,277fe9e039336c228d73f476ac55c6ebeb3f90d52d807473d6935083c458c072,DeepMath-103K,43636,train,2854,1
2855,d8e77334e798083c1678c346101a4379a3a2bb9e8e644641113990d78c3e56c4,cc741118172de5f445fadc413d56fa6e7dec735a1dda365d1098fdffee68aa1c,DeepMath-103K,18971,train,2855,1
2856,fc362c70d68bb331efc90024f50b262495e8638f8386fe7bd8bc1789f2d55a99,34540aa1f3f9024b3dc0afba08d590c20530e0a815ecc96e3ca92be8923e94bc,DeepMath-103K,40835,train,2856,1
2857,9e68fbe940decde3aec6c4b518e074172bcbe330919abc90973150e79a7f7040,0dcf8fbef893ce8391c6ffea128e967b77763ac5e0b18d93abcfb6ff6720ef3a,DeepMath-103K,39203,train,2857,1
2858,d53922134794e2ab9ca312ef687cb5be77a7f54b024751c8b47876ce61d9b5ef,0ecd91490280a6a7bbe5f73972cebc9c5bb9d20fb42847c4ae0b318d9da887b2,DeepMath-103K,13850,train,2858,1
2859,c2ff1b527032815e0dce6ac541321b80d9ba970f9cf5be3ff99a408b21c58b97,25f078eeb8002e785e1118a256e5af0381cb0b04b20a92b84e4dfe60f26b5d0e,DeepMath-103K,26605,train,2859,1
2860,6bd90824334aed5436443c700fc2053a5b4230f455a2d6049072d5f8d7fb6d29,d6ab36a0b8fc16eaf241ec4fab7fae07602298b5d802902e10c083cc44359417,DeepMath-103K,5565,train,2860,1
2861,c0804b54da7d8f1b11ea961291986a32f395835ae15332c4470aa0afad4e5a11,e885fa9c8c9c305d2002994481babf1bd5faa7b34858cb061005d6bd1a391149,DeepMath-103K,18585,train,2861,1
2862,78b2b39d3157ee1750104e4cbc2d354d50eb4e52e1c4d5405b9fac88b34783d4,656517bdaf89b3b6ff0bdc5fd624e4e6474734e0505abc4018690a47433f0bb6,DeepMath-103K,51347,train,2862,1
2863,0fb69e251ee9734d99bdc83e1fbcf21716671164141911063b7e8e56b1b22fac,a71308b19c6207e2f4d0d50837e24f9b5ce6af81806ed1ebcb6611f3cb6e750e,DeepMath-103K,48813,train,2863,1
2864,fcf355ae805f20b0d93ce5c38e53f6b05f50a7e94fb308b08af53096c5827976,c84567699b1aa9bb2d2c5a83eeb1ea874f87880213e781aac8047366c51e6f65,DeepMath-103K,38892,train,2864,1
2865,7a8bc66de448661d9037b4bb24b5888743a0fbf7171fa8f485a81828ec6bacac,fe87295badb8e402f3658f316cacb056ed98cdf0ec4da1b62359aa139541db14,DeepMath-103K,14628,train,2865,1
2866,8b787319178efa6c748d107f12ce1a13cf8688c02df2617ea58b545d588473a7,a3bd3dd228feb827925e2f93bebeccc0cd5e9b0f645f2d8a7d8fc08f96f1d00e,DeepMath-103K,50286,train,2866,1
2867,de26502b028c8bdebcef857648314f59ffdf62764507f78b61a14dd684772b71,5e484ee26b629c302cc8e49ff983732f102569e4a4a39bb17d85a2f460982767,DeepMath-103K,9924,train,2867,1
2868,3c6de951d5c298547d31f6912c4b235ad60bf813194b1f7ac9036d921241da7c,aa3f88fa108ff7743d0d0102de8da1738b3ce8da9525f5441131e2f3259d8e43,DeepMath-103K,31328,train,2868,1
2869,e4bf97ffcdbd1f1862a366e00387b7e88b6fafb836880bbd2d1bda0bdb6e1d33,c225fc6c829bb4092cadcc813b980e89dc4fbf1f31edf0e7a0f6f8cf1221a2cf,DeepMath-103K,27441,train,2869,1
2870,18040d658426adc05bc357339802aa5df7cd6602f3727529e4f57f393834d15c,d75478e7d522d35df796119a854ebf1e65d0cb20b922112cb54093fe71567c20,DeepMath-103K,27888,train,2870,1
2871,579a826b062473d17393973dc0055f76373156ca55403e20d6e5eeff27724aef,1436ae6781fa4045000f0783fe1533f215394f9928b2327a800060f3732c4f1a,DeepMath-103K,970,train,2871,1
2872,3273b6f79989ee0c8627174e1949272e2286585db1f056de5be6b26512df5ca2,f28c241ba46515aad04965e08c7ae67c18959bf8af8fa1d38d00c851dc7a122f,DeepMath-103K,54000,train,2872,1
2873,b3a9e80ea9cba6368ea1e79196ad5043e15b013255b2719b90edbf71898955ce,9563f4a555461244cbb29a316dbd675d48fa2a968e2c763870dde16bd675795e,DeepMath-103K,47271,train,2873,1
2874,f1fad5be519cbb8b8e2d740e53933fc3e6fc2e13138b706240182893801df43d,a992f234bbd53ddf10bf2a0e18e1114a8cb46da201e393e52c9237e91fdda43a,DeepMath-103K,40043,train,2874,1
2875,4328d0d76fa205dcf8ca0e13d8c0ffae92bfd421ba25a27076672a85370d7dca,587f77e905a9a6e963b2fd142b40d618db67d26f45e70896a96e8449bef64302,DeepMath-103K,15127,train,2875,1
2876,ca44696dcdb1e1d357f19b05a4572b914e2523f2bcabf69fe1a9b62a1abe79d4,28163962496763cda920f32c3d25bbd9a238b8d7d3af68951af0a1e1c407fa0d,DeepMath-103K,5811,train,2876,1
2877,daf433a15cc58f8c12cc5f42a27c315a8ca838765099ccd962379ef7e75985e6,ce49a23a47279768c2ace579a92ace5083ef5586b3f0cc1ea918ba6e7e3672ed,DeepMath-103K,53120,train,2877,1
2878,0ae1d83f01e13827f9af517cddc21556b006fc83eadbf1ba7b7c2b350de4fe0e,931d2e821f05853e2021b40cf3c7c6b13b2144dc7d18d9a07b691f505d4d47b5,DeepMath-103K,56586,train,2878,1
2879,d78d07fc0e9846d31b5c0d620790e57c5276edf97e5f11074f4ccaac5a0b2e75,516113fd1e2d625d33cacf64f43d7e17c7265c8feb145a26882d86f1814020a4,DeepMath-103K,54437,train,2879,1
2880,2254fb1c9576c7c531a482b8105934669444a8d194d719f1eb0e94fcbc0e7b4e,2a6293b1865f0722b9a2051ea41a4e0d9c1620bccaf776762e0636fe88b49d01,DeepMath-103K,14960,train,2880,1
2881,7042298e15efb86810f83c90a3522e6fcd2cb35e6004fc77cf35a505e0c3ee2e,da957aa6844c0811763c94ed7c9f304f6596ed4db8d8de22f1aabb5db420be2b,DeepMath-103K,17529,train,2881,1
2882,6ac41755975a6df3d94fbb1b76cbd952daafd947382f95d31688bc288c2195f4,0b7bd4a8eb185a3ac37b10c64b7b6977b9e7ea0f28848476c601083a80b36d3c,DeepMath-103K,56694,train,2882,1
2883,8a585ae6db0955ecd7c6fbc027279d26fa75369b9b49b36a1e068df036fb1d7e,81483b466a3c7c0b7b433a1cb06dd6cd7cabdb03daeb55e40a22144acf288be0,DeepMath-103K,26008,train,2883,1
2884,a82acd6a00d1b4e278c9b17790a8f60e3c101103211bde493c33165a0305887b,72dcbe01293645baebcd46e8446c8f064e04b8d335c9616649863377d6394046,DeepMath-103K,56754,train,2884,1
2885,d78790bf864b4009d769700664c0bd448fa449b3d04fad4ba89cbb3790e58cb9,6e086806c4a49f787ac89e7f736dc53128f9b4df79228041cd373013fd6a0b85,DeepMath-103K,28339,train,2885,1
2886,a4cd1cb60849f792ea73c9c96eee8e566bcf55403f59a1beddf594ff3036abaf,db7b24bd2535c8f50c39897e7b143c264a7a619415878f6cc3f08d4d0021374f,DeepMath-103K,24188,train,2886,1
2887,a7ee3d0b9deb5c0c8baaacf3f35193863f75a1ad151b0f0de5093692994aa4e7,1fd605b79a312b5c2e7c765a52e5d2f343f951c3d971f9832fddfe085263b3e3,DeepMath-103K,36830,train,2887,1
2888,0eead79188530b7d56abd3deaade24a1d25b78b3b606ee6dd571a4606cda8511,3c36525b315a7f7e7f5679f7d5792e39ed01c09d1f4d4457c9ab3dee470ff996,DeepMath-103K,20833,train,2888,1
2889,5bdd840cb0d55d74dfffe86c4d7a961385b55593885516ded84ae0aec9f8efa6,b197d4601ffbcd24c7298213f8863f705b820c7728e9c5495a93c5b7ee8d43e8,DeepMath-103K,804,train,2889,1
2890,dc9f1a777b745d73092258875cde9fa642cb9682b963942f321db9ed1cdcd085,e244e9a66c16841247ff27690209d7c9566b20604f2d8150728b1ef9d99b2ba8,DeepMath-103K,20310,train,2890,1
2891,b8ad65ffe5fdb19933263f32065bc2005d469dfd557915bda093acdca9ead781,1c89bfc69cdf4bfed83bdf640d4eac32a6a56ed9412ff6fc9dcaa5ebe7e58d36,DeepMath-103K,25835,train,2891,1
2892,2901adec7b01f2fbe8c006c5b63614c2a3e1a6f11811c1cc3336a3570f51cc81,b95797b42be99d4fb1fc9ad03d30b08fa9bab5764e7d1ede53b512728f213998,DeepMath-103K,35467,train,2892,1
2893,62c1cdd4591fb2fedb3cde8219acadc9f78e56e191a5555459208f1046678447,b11270832db1d05a2f1ae6e9de2fe3d095b873512cf79242cb53648c65092e33,DeepMath-103K,1757,train,2893,1
2894,8adff2541a021d9ec4dfe83c2f0a9b7e0e3c0321e92595f622d131e6385d3282,bb31bb2d18898c85e568ea8f63eb8e39fd38890c919e23605c7ed436f17ecafa,DeepMath-103K,26894,train,2894,1
2895,19809f5596cf00d649c989bdf898a52312fa9265216318080d078b11486e0e25,6fccbfe105856fbe95c2f9c21c0632e905f0462c35634fedb0f93afdaa73401e,DeepMath-103K,19786,train,2895,1
2896,1781244a99c7e6718d5d2b133afa3ccf46bf73fb2e4ef1c1f1755b750e996504,af17b646152c917784892b9cb9fdcd7aa305f06e512080a5b9e1d2fa46c50f4b,DeepMath-103K,7130,train,2896,1
2897,93753bd326b0a6b74b4738d50bdd4724ceaf88d188c00818c35192e38b94ded6,e49de36a05c489eb67aec364a3739cf305fea308931b85c01c4d87cdc77145e6,DeepMath-103K,56273,train,2897,1
2898,53a8a970d42fc70043606b110a54ed5e4a2833aa89d6eea70fe8918eb02c0d6f,c972e06122ac306331ed3d3d92b50ef14d3621b659793ea34b9368f4ac3a1da2,DeepMath-103K,26300,train,2898,1
2899,2537050d89d8d24c96a961ee15c2ef93f4c5ce4506a0dc866c4ea5d49b3ee343,f431bfcf0506828d9cdaed5ec268229803d3c0415ca5d8d5232c339c9f022fff,DeepMath-103K,30684,train,2899,1
2900,83910f58fddbd19239a4d1b464b210247781cde57cb150a061700ea09c045ee6,13522afa47db15dcebbb286f5ca7faa79beda27fd47622b8ce3080ee207484fd,DeepMath-103K,19052,train,2900,1
2901,4a51969cb908c4e01975925008d6a00314d91772c3fa06ac6b792456e9de6dd3,a3c316b8072bf97c32730e560d047ef5c3fa5dea2a0f7b7e5c51b6dc7a882e6b,DeepMath-103K,48321,train,2901,1
2902,019ddc6dee00d670a7c0757f03e50929ceb1ef587e0991fc1a9c7e9216e4e395,a8d6be5aa9bdb7a43879fbcf5048ceb291c528a96d89aaccbf509c35c3b9dbe8,DeepMath-103K,3339,train,2902,1
2903,4d19444853c1c96863d9c3fe53d7469a95876a85d0724d2b5aeae3c37fc85bae,af72855c0259a7ba2fa965c3a089dec52dacd1101993b4dcc9a2575ea752b89d,DeepMath-103K,9138,train,2903,1
2904,8a850455c88ff5edcf9bea04aa5cbb91d3800aaf68837930a5e3638377aed4c5,94a5d9c28c01b7c0ac53167120d9cd7332d9c756e6f02d0a94adccf6352cefda,DeepMath-103K,31970,train,2904,1
2905,253a6cb2c0b961e513adc43b986bc8abe8f67e883a251a410146151678ddf363,0c5e67d794eba9a2b40fd688a7b5106d593d5016c018e66847e6c5da39e6c95a,DeepMath-103K,21544,train,2905,1
2906,27697ae625bbed08559605e9ed05fc8314ce120fc526d27ccfe13a7070186119,42ab293efabfb242c2ced46600ae1c1e6db1b64c3eb16a05119004ef797abfbb,DeepMath-103K,36221,train,2906,1
2907,cc6a1ba99419e744f4ab3d3f03a0009cfd3c1abe20f615575bdd3cfe99828ec3,a65924a9f8a00ccbbf8f77cae2864e46918db91e72e9d492cab9a8dd7cce5a61,DeepMath-103K,18428,train,2907,1
2908,3922a3a5e0ffcf1d9c146dd87ed969a24bdb90eb7f1bd5f82965a33b7b707274,9b9e157f067362a7993070478a1962e8c1d5ded6832ed7bf846d53d91d04fdd2,DeepMath-103K,26859,train,2908,1
2909,2ec9ef6bd6ae9ed32d11ab41e6b065742fb4f71e575d3fed514cd079e3df5e6a,4a52115c0d3c134662ab7976c216e9ab1f75d28d3fb7ea06cf20f2f6e408cc8a,DeepMath-103K,13622,train,2909,1
2910,6e10e30ea3f7e2aa35b1e992c1f8b536de0c8b76911b7de9bc804f7fc3e1efc8,bf366455206efb1dd0f6fda5fd4d1421c7f61734dcc0418c3b4dcc265ed4ceca,DeepMath-103K,20228,train,2910,1
2911,7bd7903a4e2c721972460b0b8140c22a0080080cab505ffd57354b3ee8b0a3e6,ec5ee7bb6b6ac3615bc1c2c87e603b2c341b173695c07776153bb498ac1ebf76,DeepMath-103K,16852,train,2911,1
2912,58f75bd67eb9a3676bb9c768e1efd678cb44fc99812f4a70f1f60402399fc360,b6b938fbcbcac699cb9806f1f8d0e880a778ecf22764a655533e4a32b8bd184a,DeepMath-103K,1262,train,2912,1
2913,c82337513103f84f0cc446f7f3437f99ef9f4d17569b1cbd02b9ef11e6951a4b,dd24f51bfd2c488308baedc8db959137c54714e109c5dbb6fb21b4d89ae19bbf,DeepMath-103K,27035,train,2913,1
2914,f07fc2a2b1b5745ea10f6b44cda10b4012da1f97bae1d07684fed66062af8d43,ffd5de417e05d4c3e7612dd8e8b4dfeda45d4bf56ea9b9e6b1ea293bf8add2e6,DeepMath-103K,23523,train,2914,1
2915,f9505cc9eeefdeb0a71fbfa4cb5fb14564e6862761ce4a29625aa4408f9a9680,4bbc0035b961746cfea5c6fc5af832a921bf3bae6fc8c1912efbcb3b9eaed475,DeepMath-103K,5658,train,2915,1
2916,858c2a0cb90ce4b761cdaf9fe14d2141aa2e44ca7e66f021853563167726ded1,033b4dbb4e8fa12fd0598d6749d911919b0b66f9595e796fd0e84dbc76ac2b9c,DeepMath-103K,20692,train,2916,1
2917,f4fb7c36d722dea2df0c56d37a35fd792602b25fc7d2532a686b0759b222092a,6b0041693686f11fa487474314d760309737b6a2c15694ef394d84acc6af6586,DeepMath-103K,18073,train,2917,1
2918,222fe5bb54f57d2963be7668bc08ec903dbacfcc0ce4500a3daac4e78a6ed26b,86093d6e8a87c55b4c7e8b95af743da1c7d9468c39fedd5570bbc995a744235a,DeepMath-103K,12839,train,2918,1
2919,f2ae0d1511dec9c6c0160ddc424059af96a784b13d6079f00f9480f33863bc8d,883ad88e2220426fef32dd4f210787005ebef83e7420090de0d543a8f685cc02,DeepMath-103K,6039,train,2919,1
2920,615d9219c50adace77e91a15f14f2f447a73d4e50b42d13a5045958f1a58b0be,c5fa178e324a0b4f5d7ff809df14f935ac681bcb0420673ed61892fa5cd3c942,DeepMath-103K,38508,train,2920,1
2921,13f585b434f913b2de82009e1ded0a3cfdadfa52480b43b6950da11f9f6eaca3,9e2c3f9065bdbbd6bca976843bf9fe6cff1014d67e8fb0976cd93120838377d9,DeepMath-103K,123,train,2921,1
2922,b2ff5d7e6ca313d5ef372566b8c1da51aaafc19d6946b41388802dabd4df5e13,8062a5178842b471d8acecd9f283fb77c318f75c9f1026a015e4e3debeadab21,DeepMath-103K,40247,train,2922,1
2923,9bbf2b585e34dc1913c62d3303cc222636653c7a0802a1fde2bf41ae27118572,642d012920ba5957e5be2cf86626a47160518874d66a8f0febf2feeb96bbe48d,DeepMath-103K,4114,train,2923,1
2924,ffdc25eb87ed10387e2533224a1d857b785afe850d564a0505ae9f5aa12f7642,0fff26bdc5775ef8b86b99bb159a5a47d16d4941da9ed8063df48c7f261df753,DeepMath-103K,52133,train,2924,1
2925,ae0f69c6030945a2da6a0a96c4fc084f81b79522e8f1da07af03a394bc508e54,33ad76de0ade1dd0711729e2880dc16f56255d058c2efb10de5e669140f59553,DeepMath-103K,13404,train,2925,1
2926,a33096b6a3741bd16abfddd8f5e59d4d0bdc67a69932e8e63b8d8f6b117769d8,ee9836e6d1b01a630ea842eb8179a0b79e658481ee8621fa08dd1475062a90ca,DeepMath-103K,37881,train,2926,1
2927,32702ee651538074e9b2766a1e859358baaae8799992182e0b683a767e90ec85,1e5a4c83ba7054b6fbce27b6556990dd0aa0480cf448b28e848755f90686bb4d,DeepMath-103K,25760,train,2927,1
2928,78fbc896d037b65ca45fad8e9cd69c15c4c0eb6a72365d2cbbfe8f4197bccb8d,c7f096b304f2aadef42f8cad5c1f9dc07bfb0f02adec620ba2e0a93de461d5de,DeepMath-103K,48999,train,2928,1
2929,366a91033240a8383374094f8acec2cd350dea5e38164943cec4cda23c458ac0,db6c37a77c5386ec70f347697385ed49a64efd4affb16ca3271a6050717b5c6f,DeepMath-103K,22620,train,2929,1
2930,673ae363fdecfdd1c36e4769a0995e9046ebb896d8d78cf80221881eca531f8a,eb0df3f36e1ba2fcacb6e5c6d6ba7d970789d58595845734ba287c55bef9e580,DeepMath-103K,53315,train,2930,1
2931,cd003e8dcf16303bdff27bf36ea5f424244193b563ccb3558075fe16786f6f0f,efb2b358db46c2d9783712abffb3a40127e3807e4651a40cdbda758166fd72b8,DeepMath-103K,23896,train,2931,1
2932,e14b7e429aa131a8c25c9dc4994bc46c867b5a851e64f75adf8f0fef4dd58b8b,bbda4c7054f653466ccfdac6232ef94295aabddf70f49098a2ed647aa6a59d1e,DeepMath-103K,47307,train,2932,1
2933,b4e4d51dc8d4116a250fbe1f4f6a6776d9dd5d2c45bc5c93794f739e3f216595,658cdecc5921828435c218d5bb3c695fe8cdb51a434ec63288f480e6f831a887,DeepMath-103K,23475,train,2933,1
2934,964a794160c5c33ca2b046ef44674bf7bf5464747ff137ba55a6f1abe447f337,0e772daeec32a3c0940fbed7239322934bc1c38e5c39d21cc1b5ed2092fb780c,DeepMath-103K,19457,train,2934,1
2935,6994d7cb6af45def9e39d653f5487d13b8613de90a27e955aca44fd9edc60347,9a777285c5404a626c9b7f3083347f6786bd0bbe801e7f663bcdac1e364845cb,DeepMath-103K,37161,train,2935,1
2936,4474ac25317a1d24571337190f890ab9bac5e534ed6c04ec3790f529eb5acf81,aba533ef77a511b26abeb07150819264cf38b14ef651159bc75f117647004abe,DeepMath-103K,20087,train,2936,1
2937,3a71e46c60946e382f399138ecb46781a5201f91e0cee8518a01205ea7d01cbe,3213816f7630b6df67c64c8d3a5e97937e69c6fede44b4519768c63dad92004d,DeepMath-103K,53864,train,2937,1
2938,b652dc2bcab6f619ce9dfb36fd1c79e962f57fd89e7c5238fa2fd0e11256306f,77057eb2b572a0ea07bdbdf5d7c340c6cd675a1a52de9304fe74970ceb7f7586,DeepMath-103K,22685,train,2938,1
2939,809b2c70b2111fa279ec5824c6c6b0015c60b3b325539e8223a1a94d44b03cd0,14659ae2a7c40431fa18dcf82175acdd528fbeeb85740d7176baeb2a897ae9f6,DeepMath-103K,13417,train,2939,1
2940,87c8cfe5a6b08ac352dde1714b591564483eeb5b47de6c639dbbd0aa44cb8648,33b50a3055f5464c0c64620f5d41a7b14f096097c8a64143f68727ab1862f498,DeepMath-103K,3023,train,2940,1
2941,67d349419cbd4d5278503c4958e888cff6a21cd31c0b6ec1109d2f97b0568f3d,83ed2e42828cf3a1696c6c896a780ba75b7d420ea9c4d61f517fd20e71155555,DeepMath-103K,43470,train,2941,1
2942,fe8d2c6f97231e6c39916a3a8367b92eae247c0d3de8aaff0fe1ea4714c28113,1375d60b432b9c2bcd1f75ad82fc3ab2829195977b6799080dbd1f6fac3b140a,DeepMath-103K,52168,train,2942,1
2943,a2f43b44ec96cac53f562e206eef38446cf1065268ccb3c2c12c8deb0e5ce1ab,55cc99f8ab4c20e057e3ae85b7cea36ae58cddbed627c6485d429a10d4ca242a,DeepMath-103K,37563,train,2943,1
2944,ff2bd2d1676a1afed34a553c575162ad8c3cf1cacd601999b85b755fc126baea,e3c69257d42175af4b01d86f752afd86a75577a38fe72afb1781d376bc075e59,DeepMath-103K,49292,train,2944,1
2945,bf9669f9db93224064217e5098ccd9cf1d5d60c8d76c1910a13736dff3f00567,59e3a82093811427d567156c7c9170408a6ddfd74f59667c362f28f6698e17da,DeepMath-103K,42374,train,2945,1
2946,fd94b75fe0a0caebee9c7636f66f9a4e7a6f1f57c791ea702695bb37c9c42030,89e00504aaafe15fac5781603bd50d80e90310f96fa5bef73db09d1f6658773a,DeepMath-103K,28219,train,2946,1
2947,1532697382d2aa4728a573a362398885e1b0f08729536a816710583e6955c843,fd3ff66bcc8167eb6ac717832311ac7bc11502f45278d09a86b9679dd45d53e8,DeepMath-103K,23312,train,2947,1
2948,d4897f843e7ab840b35beb8f3d354d6fbe0939653ada1db919b576a9670f4641,e2931888cb9e8e088c5908826c70dc384768e936f814e18f0e91b82aec65714a,DeepMath-103K,39966,train,2948,1
2949,6cf7ac49a0886abd5a119c725541e2aa4e6d2d63b41942cab0eccd337cf74206,5f13a379edae9f6f85c1e6460adc2d9a6ff0644f7fd47ab645c3e8e97bf91f13,DeepMath-103K,43867,train,2949,1
2950,dcf9ee6a42280399172505c9c1df12c94f161e74381470c802257fdc34d1ce8d,23446e272b6393f10be7e1b0875fb650f4b5ce12ba2f16f7ed32e36ea21e50ac,DeepMath-103K,15131,train,2950,1
2951,b02b9ef9b7c1b64e987d9ab8770d7eb65164a4b09c276da06ec4ad7f911da6aa,2d4089f99e000280180f77c1a2b35cccfb71be95f42cd29fd7c03dfb1b36d2ea,DeepMath-103K,29844,train,2951,1
2952,15f0cd2af129b0e8c5376270809b43f8e000a1fce94b4778fe6595108f8be3a7,1b26c0815c2a8cffe8f0c75719b81a994d8a5938c74f61171eb3c099232bfe27,DeepMath-103K,20707,train,2952,1
2953,83f020ecb8d8e8069134607d24e6e21ca86a191cf8472c0464363274492a2224,8336ed4cc4b4a95a8462abe4bfd48bc348ae616bb7859e3fca4c60847dafacac,DeepMath-103K,33194,train,2953,1
2954,7f4fcfdee363f685f9749ed439fa0f8037af0dc7cfec6e21b937e1aab105b11f,af35c99760593e96e29426656d2bf3010c38aba82eefb1192be68ceb37117e59,DeepMath-103K,27501,train,2954,1
2955,171e036ede6b977e2b67e5273cfedaa3ae782220548dcd96541291e8bc688c01,ddccd5061e47e9aae37489a7b12884d900b2915fe90af012f2c6a1b3658b972a,DeepMath-103K,28074,train,2955,1
2956,b6a4e68a958e45f1f0024bc0454de620efe2f7b8d5df320887e3ba13b8e50958,c66a81fb4fcd7f9fdbf2c78ca0f1cc7dbe8e716548cd06135e026446ca58130d,DeepMath-103K,6115,train,2956,1
2957,e64dc13fcc4d836f7db453a78f1be9e1046985fc006f92e75e5c24d8427e143b,0dcf29134dd5cd61bc2abe8fe25e5d298a898d7c7f513f5ba6dab4c51414d9f2,DeepMath-103K,52449,train,2957,1
2958,d9a042b17e6655a53338bdb89bcc6306717725761b643109dac829de64c4df1c,ac47d2b1aa69406167ce7af3a9f72908555d0cf07b506aa60b2bc520c143def0,DeepMath-103K,47394,train,2958,1
2959,973f893e6770613c7f363300ffac2be5283e594c75b29ec49ee77813dd7077bc,8f6cfa8a895c8d7d5b6d6fb6d1ae3c72206210ee12f4bbcf16cdeef9edc7b660,DeepMath-103K,2093,train,2959,1
2960,df5f7a5f64392ae5beeb84a59dc57f474a76a4baa060a41773d9c6367c22fe48,202f036fa2dd7cd304ce0bd8e50ef60fdf43d08a9d3e37acc31f3d365927ec8d,DeepMath-103K,12199,train,2960,1
2961,b755e3cb48ed7aa5112f2df778d5f34143001fae08a7ea4e791df972a5afc698,6126d3cf152f628d5b502fd74926ef1aa6ab9f9fe33006de9b678a69625c08ff,DeepMath-103K,13815,train,2961,1
2962,011288c15ce755303e016c2fdc7f9d920ec160a11dd3786cfee8429ddcf80346,1846a622a172a8e6b520a18ab9fce4ffb49429622c1fec0c5ff8edc6faa36116,DeepMath-103K,37641,train,2962,1
2963,16f3f572c1d31fae06e4d8ed969616386995cd564dc977286b374890b13328a9,8c9dcc38ab62374b051762f914649589134225bbb761f1e2fbbe2aaba35422b4,DeepMath-103K,12613,train,2963,1
2964,0a215cea8fc3f60fe24a56a60b460598f1ecada2c18735db239fd06511fc5564,f9d895ac37d9c824f10f65fe0a4c9e7cfc060e66a6261ab16eea9f59db2b9938,DeepMath-103K,12699,train,2964,1
2965,fee6ad4a20ee7544cacddc725d162006d3000cb0fbbe5ce0934e6180f4701718,9d9b49acb568b3ccc4df71742a52e981192e93d81600f808dae2969a3b59775f,DeepMath-103K,44656,train,2965,1
2966,8562b0d8d6874a22148f68385b854090c36769d766e164b31fc1931db4a2646a,b008298ac7f22a4a56176a710acb9209df2082611659431bd64df9d0d7b46981,DeepMath-103K,5490,train,2966,1
2967,5e10bba274d3864ae0c5dbaca781af5cc4a17814038df40e0a7929da2cbf6c87,26957c25f5080e63739ac595cf99bbc2f6ab6abd0b9025a6444944a130c06219,DeepMath-103K,13372,train,2967,1
2968,000c757565c430b3ee877b9352f69e10479aabf144a17d1df45d1de296fbdbc8,c62ccd5292ee41a8bfbf41be6a6fa75c5da47a11868236ad51de87f3b752b6b3,DeepMath-103K,40638,train,2968,1
2969,1bb637807a300df28c665b3f5f1b119cb6ccabb65db1d821707b4f5b009fbba4,993e659a24cbaa6dbd5d3fa776995cac31a55df8719859407f6129af41a4ea28,DeepMath-103K,42663,train,2969,1
2970,003e62bf75ea92bc23b9f6d38564bbcd9292b2ae0ba9a2fcb5a0d735f823242a,23d448becf063e6ff46bba40b17881d39dc745f414c7d6d9b3ae81bb78e4a3f6,DeepMath-103K,33358,train,2970,1
2971,b91b9f66ad133a8d90cfa10020bebe16a79188a7225477acf72ca7a19c541ed5,ce9c19ae4c5278fbf1c39ca1b7cec37f181cc37021b67b7464e245462661ad12,DeepMath-103K,27983,train,2971,1
2972,c76741ea96d94c5a05945deff94337de283a2349642d3c2aa35cbb8ef637aa2d,856d64d8d365b18800358df98f8f85e2b5827a5d35221f67bed5dda8407a4204,DeepMath-103K,13143,train,2972,1
2973,e74074f3e22f4073c42db1800977ae86e6b51840c78806bf2076237edf3ff16c,c9ac4663edc49880947555346c842e303b41b7f61d561a489532c862e108bd03,DeepMath-103K,2799,train,2973,1
2974,57df49c5655afdb09fceb457a1395cd4d662c6f5f5404a31045f9003b5345d4f,a277c5f5e06adc41fe5f2792739f4e784059cdf96aae00c8b611587ce18aca49,DeepMath-103K,56330,train,2974,1
2975,940d055f844b68dbf575378a546da94d565d8dd28ed5f576bb4b7f36285fc45c,7c866095de48893553036fd43a237a3dcfe44f048dea25170c4ebe901feb2484,DeepMath-103K,17358,train,2975,1
2976,58356f93130994564781c858fac19e1f98c6a089c031165e64f2feaf340d5b94,d304fad4d5ab11aed6c5b4a74e7a86af1b3d51983c9cf2e0718cf5b6f22caf08,DeepMath-103K,25842,train,2976,1
2977,a825dfbb4f7c05ef1413a28db3d62cf703dfbf244c7e542ad2b3537d06801680,1971fa708059edb49f3600732c457d96fe9501728142bb411961ceae6b69b511,DeepMath-103K,38289,train,2977,1
2978,85d3261c5e627cd247558b04a53ca70a99fd4a0d81c1bcadce0bf0895fa39eac,3d4d36db866164322452d0895194319581d0c6ef707d8cce174cc13baba6ddc0,DeepMath-103K,11418,train,2978,1
2979,d4a1b60f1ed52ad178b2de7b2f67a123676a9ebd62db5282692747a29263f954,2fa722aa5564a334df75cb6bc0586fd4f8ce7593f695bc596c1fe469d864861e,DeepMath-103K,9577,train,2979,1
2980,11cd2d6afd3d4d194f31c44a025d3721bedb82f35f3a525f65c7f657afc0b643,f5f3a6a2e95a40c2413e22bb1d7fd32f726c9bd6f36d92dec7d53b1d190750b2,DeepMath-103K,18431,train,2980,1
2981,a56d47bfd55077d6f371405b85a3176a0b94a6971a4ccdeaba106875be225688,a12a290f8fc272171a495737039047bceda857bf5761a54bc8cf2e24d9720f7e,DeepMath-103K,9378,train,2981,1
2982,a0d3ed9a17b613857acc324375f69453aea681f734889b134c8be967f4e82932,a9c61e60deb2bc035acd920f7fcbc47c90726d3339727b7e48b66fcc8bf0374e,DeepMath-103K,55838,train,2982,1
2983,e03f3eb13ca3ae885afe0182f546f0d94ec5ff776a2b1983e2d4234128783141,26af6adf3e31356a6edeb6054ce4c50403b92960b1f6704cd49e8f68b4df1ad0,DeepMath-103K,24135,train,2983,1
2984,fe62f2c1a46ba6402f03023414319ad9a8a62dcb62a4e3639a186bf580008aec,8cb7a2b6aff8876de4b67f9e302b7b18bea969caa9396c16741f340b1e399a77,DeepMath-103K,48630,train,2984,1
2985,766fab71828a5ab79a7105dc558b561dd03532fff4a54116d790d879c3d3da11,c17a3fd51e8d4ff6e2f66330393ae3160621c3be91c3c240f58fbf50e601e074,DeepMath-103K,37868,train,2985,1
2986,37bc4474f215e6741005d54b28c0d90dd5f552496fce1e97c5b053d32b895969,3b372e67411ad45ea997c1406ac9961338dcd0dce846ced4f13e6d2b6323fd49,DeepMath-103K,27482,train,2986,1
2987,33b698217962cff49a94c7b6bcada6c73e676a28f654e7e40cd05aed7f4abcfc,5b1ccaacb771bde1c637b03a83144d4b2132994f7b977458317e4c8cf4afdd4c,DeepMath-103K,34405,train,2987,1
2988,4ff531bab4fa4480d2c5786ac432568067f54f87615dae57adcda05fe2f268df,64d68aea566d4397ff33a2d2dffd934b78ae68a3052e2a2a6d0697f0d1c37fd6,DeepMath-103K,55445,train,2988,1
2989,6ebed3f0c86396bc5b5fc5e882d0bfb53fa9a3804817724f2154b612995e278d,ce49c2c44022d1add2770babe79f0991ffd34731aadd4f91233769c3d8c318cd,DeepMath-103K,13795,train,2989,1
2990,7aa7575d1335d12ffc1811a1b59e97bcf4921c643fc30c1013de91225bc2067f,f847a0fa565367c95ec4fa35cc116e53e1f8a14e3ef47b2e95028ce0c12da514,DeepMath-103K,50365,train,2990,1
2991,b5cd906836fb157d672209c598e80553f734076282b4fdb7c455d5e038d4f0ce,f4745c44f29166ff6fcc6557e9a928dbeb37473c79a5fd9160f0f09f7b288897,DeepMath-103K,48610,train,2991,1
2992,8899155cd002aed592e961f9e336993a2695ebd1aa715b22e6e25d584bfd36a7,52a884b41ff257debd0890eabf0c8c710c98a2c29bf792bd02fffa425a14577d,DeepMath-103K,31321,train,2992,1
2993,18cb286388a1f3068e7e0b33f2115845197f5616750dea6069a0a9a208894f91,5457cc5bed99ebb33340b2dd72324eef04562122f4c74385d2146c09a6c76341,DeepMath-103K,14328,train,2993,1
2994,7d395517563cc2e751e156251fe5c019951ef30eea6dc7b8581829ddb2bce7ec,92e74c3c8273213e6cf76a8a4746d7325e930ac8a5d7ad46c782344ec23d5355,DeepMath-103K,10725,train,2994,1
2995,28df58f4215f18d8e76862fcffbb187c9a18573f6685606cf6f551e6470ba09c,b72b5a916b1e783beee8ab278aad72e7cc53ab10a3721a7b6164bc91d2787037,DeepMath-103K,17789,train,2995,1
2996,d9a3791a83a21391c97f463564187a6a10ed9935313457ddec1dc8bf98c4e4ee,9c3193d8e1ff0dd949260fdedc9b325d533280308b7076de06f890ee7c148ea1,DeepMath-103K,52957,train,2996,1
2997,a2e183d3953c7a9d3991a97d80927850867d0ef7d084eed716028283c0309526,86539d99a1712b9d2bdf2f844e5f29ac26facb66eca63492ad671189455b3131,DeepMath-103K,42262,train,2997,1
2998,f46bd9f73a628800eed56aaae6ab0fc47d8f38e64b5a5e2c2346ae97cc85317a,04ed4f41e92c89a95c2b33be631e1bfa7ff30e9028bef566a6ccb71d47545c73,DeepMath-103K,45782,train,2998,1
2999,af9673c29c947b6a2bc1491878b64bae73315e367710ac0bcb2f1ae1bb4c5dab,66211391a0821bba36106ace6e2831b47fe6310f9eaf5f031b31191551389665,DeepMath-103K,28574,train,2999,1
3000,0332121e6bc661ca2f9a539b498f5383e34ec8e466b8a2f8e9aceeb903653974,ba86c3e2e9c9aa553ba48eb7a53f67a5a76e40f4063c7abe7df496785ba9eadb,DeepMath-103K,44118,train,3000,1
3001,8a7a2434670aca39bf47f4c2fe1a35a0f1f4be6bd9ab183b190b279ac8f019d5,954b2e364db87b7e71fb3d1e4a5e5cd98cc36d15f271287ae00138650c36fb91,DeepMath-103K,43934,train,3001,1
3002,0af87ab57e1c5e27bfdfbaf68713db23ab4df91871be29740558ed3403be981a,834d20b416cac308c360613af31f1d3c9593c569658b4e1d7eeb9e61fe31269f,DeepMath-103K,23801,train,3002,1
3003,8e0c0ee53706623e35de01d3d94d4f91a7617b6b3f7adb8e473c03f55dabc72f,49ffbcc6f3a299c9ca16e74f690a78257182db29afebb6df1f237a112b540779,DeepMath-103K,15483,train,3003,1
3004,b3e84ef798afa34ad237353816bea8be14371b7f22d9b8e559a3c64dbce32ac0,8426e17d2ae1bf3e1d51dc518b7e8fb64d6548d783b2397d77627e9ee0c0be70,DeepMath-103K,4591,train,3004,1
3005,3f50fc65f0a944bc2a08aa82427318e7278575e855a79efe04e2111f9b22e8b9,47240e5130dc98d2f990ed75924c614a0536a9b52d88c5117e00cfed8b45f7f8,DeepMath-103K,446,train,3005,1
3006,da2575a71dc62a860c95d1919dc4acd6829c4edfe48cdb6df7570c1c6a1cd739,69cd029da080391098dd27b2908b4df7d14a4650f7f01b7f0822a5f72626d4b0,DeepMath-103K,2845,train,3006,1
3007,0d1d0103e0641d852c2288b6e442a2159571501c05d89c022296869a72977e52,18e6bca1af27cea50b877a9134a6d7658a9f585374c0ebf5962ae86850dffee0,DeepMath-103K,1518,train,3007,1
3008,a6df629b4bfdba24fe83f1546386d532045590eff8522fe56bdb72812093c371,bf2e75fd4d27a69f1396767eccca615375b551bbc6aa8851d6f064b854265802,DeepMath-103K,25546,train,3008,1
3009,927ffca05abedaea93119c9aaf6a9e296d950de028cef9e56ea189cd0a3abf98,7151261f22a4d1cdc5f3cfe231ab7b15596fb323a33541be6154be8ab752628f,DeepMath-103K,27555,train,3009,1
3010,72aacc21dbe0490e275dc0fd1d6a927f4df1bd18aadf452d74adffbde81905fe,5bda1e5663cae37b245d71cb9ebf607dfdbe6bac2e2064f068968098ae37f7f1,DeepMath-103K,29009,train,3010,1
3011,efc25f800db249803e994890bf8ac0eb06c7433eca741c0d9d94a521b97fbdc9,74088465327d935152ed92d5e14ca922eb2353410ef91f012b769b03032f91e4,DeepMath-103K,8689,train,3011,1
3012,4cf192877bae046c5f11fe03e6e3dbb5cdda7a9f197b83760d345721f6790c1d,bbe6716007752e05db08caecd7dbaae46513308f494a09d48710f603273c8abe,DeepMath-103K,35420,train,3012,1
3013,ee05240d69929b9083faaf3c88f30552c8f4196011c57f621acc711430e44196,27e26868b5988e9f98fadfe494cb41e954f924f8277ec737e5d050f105a974dc,DeepMath-103K,1201,train,3013,1
3014,01b7aff1d3334e2dc4f4ec4f67d6f2544d11df9498dd7702ef9e148ce7f4f5b2,e76a7f943145fc15607b58b99f42b1c894bbb741a77ca0a6a2641b137ba9d963,DeepMath-103K,55259,train,3014,1
3015,98a956ddfdb3e48cc7230cb176e25c9152a9c8e805691e1374a40b56cde41e26,6f8cdd907ec2ee8437d2c7648e8aa6304f98091976202333be6694fc321551a4,DeepMath-103K,8175,train,3015,1
3016,83e0322932dee24695922244444b05788c491fc90139e96a60932772b9e283aa,f8dba49562471761e09ee5e89aecb6ad818d760ffe38a958020be889a0037ae3,DeepMath-103K,716,train,3016,1
3017,1a61814a5c0d64121277929b6f582b207e9e31669351da093d21bfc35e3e072c,dceb2f9db1afcc5249cff7b9f3f080077028c2e2e7b196241928c0036c9608ad,DeepMath-103K,29235,train,3017,1
3018,67c73c5703c5e8ae741ec46472bb3eeb3a4f9a6780148f055f5909f303e260ca,42915075367d35ae3736c10f9a9055da35326ef378f5021e87f7a66eaf99ac1e,DeepMath-103K,13746,train,3018,1
3019,64c4bdc82cbd9424ca5ec2cd9725fd2e84ab4f4bdb36f18a419040cc84b83a1c,43a7fb1f49efc902df863c62b99c64171c587c66b7b34c313ecd21c3059f81ae,DeepMath-103K,37220,train,3019,1
3020,186f09a46f94eed7fc9b1276b7cf8f6cf9807dec350d78c0941dd4fa110e808c,554badf6861ff1d4f1bae228412ad2e0b9738a75f74f7eb3f35be0df66b40706,DeepMath-103K,12991,train,3020,1
3021,3ea9e02d0f89fd3663726378318f75c9404aad07e025699615f197678db2003a,21eb65f8f11ae3a45df4fb0ace1e0f93e2ec7bfc871a7ac7add22ec6aa40bb89,DeepMath-103K,47187,train,3021,1
3022,4905c65c9d70a78ecf260282e42d25c0bf7250bf78dadd7f1a6469c12b4ee2d0,ffff521b91befbb13d33ef818a075721779b3db1a4d54ed4eb5ddaf99c219a5f,DeepMath-103K,18388,train,3022,1
3023,1ca76bdf19e9805e77687af3d71edbd8d93e9f071b71bdcd2e646d94de23a2d8,21c63e69352f42e7ad4f6d9f4f635eaf1a4bd8c7f21d69a9322c8bb84b49e892,DeepMath-103K,2698,train,3023,1
3024,7740fdc4c75e0942761067759c7bb967f51690973b4f6ace2596ea1870f3fee4,bed9b6ce13eef94abfd145c31f1e60c72dc5af707eef19abb8ea40038a8ab5b1,DeepMath-103K,3953,train,3024,1
3025,3c10180ab72454fabc7a1097554cb226a430e2072ae2555cfd30741f9e5a84ef,32c205aacaf986736bd6a0599157c2a3e27071aad2085a995ce76f73c58acc14,DeepMath-103K,30587,train,3025,1
3026,e30200dc484a26e2c31b4c62fc34cdfd12c553ca1c491f0a58bfb2c9dc51a9fb,432b9ea1f4982e5b620ca3bce9e18b7105ec5e162a356e8cdb94affab468544a,DeepMath-103K,6691,train,3026,1
3027,dd09b1b7486288cea9c0f71b4dd17ba02ca282b846a6a2d3b78c7580f463eb8b,a613b5ca14dd95be387dda925098a5ea559968b465563cb2c9268ae633c6c1c0,DeepMath-103K,55146,train,3027,1
3028,1132323352bb14cd2ee32beb15a68c6f059942acd16f6293f5065af11b315953,cd81ac4c8c4e3c21826d8c880542151d1879c4c42ac2ad176d813330fca343ad,DeepMath-103K,44222,train,3028,1
3029,d633789bc4ba73bacf043984e3db6dc2cf00d2cfadd420088361249bf9d94196,dff90ba14f64485a45f6edc19cee79d1cbb61caff3594e6219a5605dde19e725,DeepMath-103K,34597,train,3029,1
3030,74c15e0e2c0ef43478c66d00fb31a7c822807f8a4c5bbdd46fafffa6243f56f1,6efdd109b6f88b13a4b6c5041ec621d7d9e8b80644cdad01a4b9d91dd456f090,DeepMath-103K,16883,train,3030,1
3031,cb691d45a420e27e26029f9ee44e653e43c2b4cbcf6c88658a95b37fdcb549c1,bf2f3bb93ff91e0115548bd52b504ca3e0ab348a550212fb36a717fd46fb4122,DeepMath-103K,56002,train,3031,1
3032,8b182fa34024e1ca8aad9e5547b1e2b12836c6988822a99c0f36c893d2bddfd8,23fa4a4317e13537129b9f605f29073d5cf2c45ebd592854850d8ae125f55e8d,DeepMath-103K,39676,train,3032,1
3033,1fe558fb76c43351845159e3f8f0ef70b117b03fa412cc1050c0b46bd241ec91,51ef86d727cf64d59b1720bcf1e04de0107548adbbc5f16abfbaa683bf1f46da,DeepMath-103K,38907,train,3033,1
3034,7c0857ec6324d028d45b5a74d74376836e267fcf4d593b20eb4c7e573bc34577,0a81adcdd0f01b9bf75796ad702dc15682f594cfd33d5cbc7d8515c794bebcdb,DeepMath-103K,42880,train,3034,1
3035,532df37b11ab008c85750ee3483909a112ec7fbebeee5a65de2890737658a668,3f0fd52f46e6b16d4ce761d89008267d7e2c3ff718984a47294c117a907b1cf4,DeepMath-103K,42667,train,3035,1
3036,50d9336aedcdf79ca934cc7b1d5154edee350432b08b964a30a57244a9f09b12,f051676feca0886c4b2d63b43045fceb5ec41399cedef60589794dfe53275fd0,DeepMath-103K,35293,train,3036,1
3037,a7f24d563812371a470ec012edfd9335768855f6d2dd49aa03700d68bed0dfc3,b3846f7ae3ff1d3917254ab1f9ae9d4d5bd15869dbf6c8211e02829bef2d456c,DeepMath-103K,38931,train,3037,1
3038,93a3ddc18bca7e98023cb9e3fe2834cc0fa9f3c896883592bc922cdd47ba451f,36889b2814f9c4000d2fdb437e8797efdf5813dd05d3517b2fd2555e98be3111,DeepMath-103K,20072,train,3038,1
3039,c917691d84360aeba700d45c49c3c52eb52a63fb964f0b14cb2f62b3e99a034c,6e5154bf2e57e1d00d9650ed9b22366b7d3dc8e2101e2824f1f64646e9278dc9,DeepMath-103K,18206,train,3039,1
3040,6cba1188f25274ffe4b371ba00683636ef9729e137ab4a0ee78338d0f2de0d7c,72905f9785bc085fcc16584b53f748ae63024335955f02c624e75369db3f09d4,DeepMath-103K,43637,train,3040,1
3041,1bbe897afa964e8620841cd4a1e50fe76b5c4537b67ce4027964b4be6d48383f,e885b5a7303ab96070a9bf17a0d28810edc757c890b5bd224c00c3b78304c00f,DeepMath-103K,56671,train,3041,1
3042,9adbea872158065d4a8c59d1c6b2fac57d3403af3f2c269ac3b3d7991f4a25e6,f0c2bc9d18654a95c0159263c88a1b4abe743de5ec5182c6e4efc1041146666b,DeepMath-103K,46101,train,3042,1
3043,31224e2f8003198d4c2d84db6fb0661bf28d4f065863412b17a41219d7ca1da8,8e7cb69205f86e9ae6cae50de07f5828a984296d1df52eb100536117b1cb7294,DeepMath-103K,6266,train,3043,1
3044,d46f554032fa8ad21199bc78524c25915f82b515e1ea4b41ce391f3f3f36d0d4,94e34f257db58d200cdc7beafcdb0e2f6652170cb64e78a81d8a6e80dd93269d,DeepMath-103K,16123,train,3044,1
3045,dae7026267db444f4b3058ad107cc8c33daed9047da337a8684c22ce3dca18c2,70da08b3c804f769d2891cff2f6101c2eba542089fee11e7a7495824d7b3e145,DeepMath-103K,44953,train,3045,1
3046,769d8a4f47ebe55ea93d10d29d91674f2ae008c6af5c6e88a953eedd3788dac0,ffa863a1149a647209d452393e07b8bbe3dff5af309ba5488eaea6bc7b526b90,DeepMath-103K,15008,train,3046,1
3047,b82e8905e5aaf0b9e9742f354082d8aa92b830c6cd55ad86a7cf1f3ceeee8a1a,a1c34a7a6a73f51a33561a4cffba294ca419733acd6e8f4cdf87597c571e3e0b,DeepMath-103K,23240,train,3047,1
3048,586ff06a9fd225860e8c866de91654502b09590fdc3c5e119946ed79f99d3163,4cc72b66a6469f41699a3471887a2ee3a43f12f2d25295b8edd32983ebbd4fc6,DeepMath-103K,52201,train,3048,1
3049,9b6ccb412d40923e0fa1e0dadf776feb92f9a88c481dbd810c4cc8aab9141c1a,5aeb998e332aa33be4793453a7891e5938c675b27e14bcc16216317ff6e9580a,DeepMath-103K,39620,train,3049,1
3050,c568a164a91052ad91cc9bec9604e446a6f1979c4312d111857709013b4d03ad,37e71817447e1cfd049ce63378af29c6d2e395fcd3ef9f2d3b727fd82613e894,DeepMath-103K,24393,train,3050,1
3051,596f4af39ef5c31631bd8d587d58bcdd738abb5f3af5a393087c523610f4ba75,d9c974b46ac287721cf4d9acd057d72a9d28b43f4b408a933e061fe524536877,DeepMath-103K,15619,train,3051,1
3052,7efa4c42a1e6bf0162b1ed00d3392f9da277ae67eb671a5a7c28ab2665d3f956,f180c7ef6c81e85bba59475d3050f1643fcca90622fb5509df5f6f4dcddbf1d8,DeepMath-103K,37335,train,3052,1
3053,8df979090e97b079b8fff53426d86bbb0ffb2816380410ecb3140d4b19700998,37d7216db9c72cdd996be1163e783808ee65364e59b468dd59534d5665ea5da0,DeepMath-103K,26229,train,3053,1
3054,a26a08de07c6ad6111e766cfda60ede8ef0dfd1309eb9eaebc1826c280fdabd8,6bc72d5054c0881983c1e37d139a63eaff6cbc547444184a817c446e562aabda,DeepMath-103K,7994,train,3054,1
3055,ebae63e3ff6667d1a82a4bd98ede36c7812e0d934d8ff6598cf97fc5071527cc,0f88feb4a9cf6d8d07a1e729071a976de008df645730aab63707ec13496fe261,DeepMath-103K,14669,train,3055,1
3056,9763fd06745a89941c7705f72c85de266b653e9742d13e94bd1ef6e89c149f94,a13021b0656fe662cad44dcfbe1f7a08eae3bdd6de9efeb2bf3700b7c99adacd,DeepMath-103K,32176,train,3056,1
3057,33841848fe73c185eb06b9cea28d4fc234f1400c74bccba44fdb77682156daa3,de442c8fb580e9b62150c52b40cb7805ca01d7ddb97fbc7ea50aac5c65bdf2fd,DeepMath-103K,16891,train,3057,1
3058,6003956c2cfb7c78eae97f1a2e94003943ada74c5224d4156b758b4164746bbf,c45fb6b99fabb3da4a14b93ffffb01f3d265a1aeb28223594bfdd037ef652064,DeepMath-103K,32450,train,3058,1
3059,1b6bd17f47604386e97ad8024f41018d227c57a157d03bffd58f608d9c944878,668ff89d46552772ecea4495ad9c9b8e101cc71bf627c1549cc99ada6dfc5084,DeepMath-103K,20030,train,3059,1
3060,bc5e9df4df216edc2d9c04871b761397d6536efd614e773c5aba2c785a5d749b,8c443a21f409cb3b5ba12503866a771aaa949a0045e5504a0647f83a78660e78,DeepMath-103K,49544,train,3060,1
3061,074da018c2c00a4227434450cb7baf148caad8d33f5d40a057b7fcd7a7dbbb21,09988d8ab1413f8d6e270b37c3b99e5cc46a187622ad5b42e41ac5d2207e3e72,DeepMath-103K,41205,train,3061,1
3062,d1c148e418b0e8d392352c2ceba4a80474c74e19321591c5ce2c09bf593ac578,f60fb20209809939a863348b9d98d934562b477eac30969652f59b8be0367a05,DeepMath-103K,45267,train,3062,1
3063,b046baf82aa5a2dccfa18ed6be887cd2aa329793a968d4d225994fa62908cbf0,3c3e93d120cfcf7c741f210bbf28b67644bb57777169e45e66fa82f5409fa469,DeepMath-103K,37680,train,3063,1
3064,c3b3b6cccf3f0bda045297f26174788d8e231b8385caabef5e59d1808fe67bf1,beddb50357073e35289c903b968c89f360913bf23e334102e18a07dbb67fc175,DeepMath-103K,48827,train,3064,1
3065,b071fb7973654d992535010b74c565e6b1680eaa3f353350f6a0e2e08fc2db39,c9f9a2a47ed02ba050b85ff48709c0191db3c58c8e3ca418674cdd0ac0233854,DeepMath-103K,1667,train,3065,1
3066,ebc936e67b8d24d0701e58c5251eced53f3d48c955e2fc9dff8b27354c695d4b,dc70fb74eeb05ab2aa7a1684711a84a1107d5da090c038e73a9872ec73af18a8,DeepMath-103K,26033,train,3066,1
3067,0683fcc449b562f0948b9b4c12fe2a25954690e95fb9cf9910dc2d28ec1fa30c,9c66974abe590764c2400af1bc3fee5129c3b67ae1bbec3f0bf64996b4464bfb,DeepMath-103K,23700,train,3067,1
3068,78f16038ffdc3e7dc6b79c4d8351a701e64196382fcdd1d5b6187d6761d03ffa,8bd3f50d574c99bf304a12add022911dfaf8eba29c41eb8d80cac529899a16e0,DeepMath-103K,36690,train,3068,1
3069,aab5dd4439f089ee802dcc14961be86f5c1dae91f29db77c00bfab79c4f9f3f3,13eb242c7ebff493ef421e80c3fcba1b28c94786fa86bfc12296b28254042a9e,DeepMath-103K,44719,train,3069,1
3070,f898fa532760b6250229fa82cc4316c77dead0ccfaf4dcf2ef0fa78c9e7fbe6e,9e840ef10a29eb0f3f54761fbfe1aea70ef6791aa0a4f9033c7c1316516a747a,DeepMath-103K,3769,train,3070,1
3071,29bc77ab305499ddef3a49a62911b5527dac428913ea451c604d358449ffb1f4,68d740bfd415c4dbd671b0d20156ba6cc6d7beb9bee59494fe242a3ff6c43063,DeepMath-103K,46762,train,3071,1
3072,50224724983056d7e0fbcfd03fe423f6eed002896934245441f28472699ecc97,78624a894b3ed80015a47e271ac7902090c463e1c6bb492075c53d2177033a90,DeepMath-103K,38163,train,3072,1
3073,f1f231d269658096529beff951e525e44194c0e84166d6554c4ee054fe534d70,5a86b862a88c94a42c3e874032861c8ead4d4cb587f631d4f03bdb24d55ab6d3,DeepMath-103K,29933,train,3073,1
3074,d22024bae09913880db7dc666ae0b2d605e024dfbb0ed4313c3a18947f42b30b,8c036c7ac1b5619e7147aa4292b95fe00cb656ee1171fa4ff1af5a7b00c9ce91,DeepMath-103K,53906,train,3074,1
3075,a72baebe88852af706f5cbea9b43d91c370ea999d44ebefad2b8448314097215,e5e04461b3dd39af4c8c192605f7809a10351c935e0de01f17e9c9a6ad82321a,DeepMath-103K,34987,train,3075,1
3076,aaddc45287776ca9786a8225f80e24c5c9f47d1288c91690fd94e6c3b976f64b,c1c8f740c317dfaafd4157b1fffdbf6c92305643fc7a4d1452daa759f9c4e2e4,DeepMath-103K,22255,train,3076,1
3077,88d599fd34c0828ff654e59fdf2a7a73cdc3a7f61ea270ec6f48ebd0870ab0d5,15c20627c430c5e290a7f5537ac04a20d0f3d94bf6e4e242ac8dead3142be73d,DeepMath-103K,4636,train,3077,1
3078,865809616b87017c6083fce62bc5df103c2c444967cef3e70a97cbe6a2f44cc0,84a2ba5afb283d702a590ca33a22651c6b332245990470fa4c85d509b2358853,DeepMath-103K,40673,train,3078,1
3079,f69d796cf58aa16044eb5f336c68299f4f59386ffd3c86b6b8126772ac207c02,1a0a8fbd73d2f536817f57f28067e561ca8f042df31cdc7b30f7637b5d8ce7dd,DeepMath-103K,46381,train,3079,1
3080,07a65dd5023c1da964505372ab24eea76569d0509a1d87f2450db84a61f879cd,10bd0e03458133da36d1bd7fae8ee2fc295397a78a8fe6ff87001d1e48675b0d,DeepMath-103K,54933,train,3080,1
3081,cc7d09ea28ead9f28af9ebb625d1246a7aabb32d759b37c7f44204688bcee4b4,9c1b8a0c94bf79a5de6ae38bd3f3b45afb41b5239f35fe73b464eb70907abb9c,DeepMath-103K,45467,train,3081,1
3082,c2b9c290e93f190996e21f8b778f1fd52c426ba76f9f9bc1fb3372c86407a7d7,040badb48b4445562bfa5a3a8cbfae69f3bc089003bbc703321a9dd0afae6b7a,DeepMath-103K,52411,train,3082,1
3083,e8be6ac2dcd7983ad21d4525d5e15d6284c08f13e2bce17abbb80a6778d4dd62,edd7d50375915c233c8807cce693078a857459767b5db8181e92fae989528fd3,DeepMath-103K,29044,train,3083,1
3084,2cced1b1584e64753c11ee80f5480ed359afc3d34ddb675544dbd9aced4cc5aa,cab18d7ef4c3ebd0885ddb73f7b6485a70a330af229b3c221668a2bef4383958,DeepMath-103K,55359,train,3084,1
3085,a15dc803d136c2fb4ec4c20259cdd5dc321aa5763ef7c96f3f64bfcacf48bce5,e208f78b194f1ecb0edffa0110b75fbb8b3d103a076d3cb751b9cc5fd560c198,DeepMath-103K,5358,train,3085,1
3086,cf2c63793bce648e8bd8bad3561b4c71cdd46b37af93d5226d356bc325038c9d,9e9ceee5d2d869631f14fdf38afef1843c738025d62e61c18bd3d049170e9805,DeepMath-103K,53093,train,3086,1
3087,d8827fc15faa037eba9eb1143a455b3f8cf91001d81ac4310c967738190de1b9,9c71345a7a8103d53e0084a43003730699d8d6a3d0a9d395e16c79089f4573ce,DeepMath-103K,14420,train,3087,1
3088,c260cc8009bef00cbaaa1341af9a41f50d43795cde1b55401c9ff534234be8d9,893940bfb9ea21a576e36bf5bcd13ccc77fc567254de801063e4e0bbf68c5829,DeepMath-103K,30976,train,3088,1
3089,bcbe65e577075f9eb23de4f4ca24cb25aecda4eb8fa98664e05b2e0d24b2ced1,526aa91c7068d734fb7bfa859b847609e7a196a33fb9a785cd4788c7e756e6be,DeepMath-103K,12466,train,3089,1
3090,97e5565f42191e54a62fae379f1e7ace30dbc15914bdb8e0adc93176ca829d93,40492fcdcdae3499880e20632c06315bf7a3e616fe5bc351b98c1d0eb70a4e82,DeepMath-103K,30664,train,3090,1
3091,16b528d0dd76c593a10babca4947fe3a54b2d8734f317f9a33023663a2584f70,8c0c4e49f2473e6a722e6f5aaf3354a99ce932bb1cff5542dd2c47df752ff4fb,DeepMath-103K,38687,train,3091,1
3092,1b754f52abb6d2b668d742c6ce15f65edab0e59222d53bff82db0e609281f667,3c940bf1ea75a6f3f5ef28e71eb6a2413134c7f8c2100159a777a3daa78ce145,DeepMath-103K,43029,train,3092,1
3093,04f2d020bc65a797e460eea95f2bc29fe190601b87406dd6270d331fd7120d2d,e9b741b9d65573c1af4efcab7c3a8ece0e0a25e1d676324f2098784b4eb8f101,DeepMath-103K,6729,train,3093,1
3094,5e852891b08e8e1de21011eb6804d398473ee7803373dcbeb6b021a6452f4baf,67bbd34526b1e2cc0b61dbe91c66abacd582dd8f00b8a7724b8c16ccc85b2700,DeepMath-103K,5166,train,3094,1
3095,0bf3ce927d437e23a6426286b4551281eae697eb866ea00a03d3b44d65430edc,7fdd294b2a31b7214e5c2fbd4729aa0ced4d24c8ffc2bfbd0f759095ab640674,DeepMath-103K,23087,train,3095,1
3096,01915e9144cd1847ac8c421c1bcf5b64d1dc78a14ce8a016215a42d77eeef8c8,b08a60548aeefe7ed8853027abca513c071c6c86250808fba42e8dcb3d69d01c,DeepMath-103K,3417,train,3096,1
3097,9a7f6c676e966a80bc20e0cc07151aa74b90d448b68920d3bc1ffe5b322a0987,4829fa2cf1ef4f96be86b4412bc78bdbf50b8cf19b4a2bfa6d4abe8bdcbbff0c,DeepMath-103K,26990,train,3097,1
3098,4a28710f7b5497354a8bb26260ea101787566e987c8c2061e444f2b07a7768c1,1892a47fbb5576b6860494cb250e4e0c19d43aa0d27ba99b78a79df05a7c3b78,DeepMath-103K,23753,train,3098,1
3099,8e33bebafcf645f6ea81e1552cae141b965a6e95e3161d36129d2807729fa0d1,9cf26c0cc5b23277ddb82a4780f237a0e006c3ebade5fdc7722f01191305548b,DeepMath-103K,12100,train,3099,1
3100,0df0cef497dce53d999d1993cfb1a20cb8a6cc361c40f9caf7cbe54767ec4734,ca3fbd79cba0d6155c5b78cc4aa0a9a0bc57c385294adb715e931f72c88373e0,DeepMath-103K,11722,train,3100,1
3101,ea4db96e93de783a86c0e02e7757d6c14ea0cba5557da324586df74f221724f4,633d0122638c6427ded378698938a0d9fc29b376e70acc456325c02e755ef40b,DeepMath-103K,28632,train,3101,1
3102,b6e3c4962320810752d07ff1142153235c3a25be420feacfd5e947c29f384472,27fe7b3fd50036b0f5bbf91bdb6795b3d3874d5f588dab5ab0b13512badf0db3,DeepMath-103K,29763,train,3102,1
3103,e5e0b4ccf0f856c85864d896c6765a3b77068adc0ca70d4e3b485b8d255efd30,e217915e3f2a09ccbb3ad64480af866a90e55448a893857bbbdbcdfef816918e,DeepMath-103K,34803,train,3103,1
3104,ccf0470f2e52bdb00cf366a9041bc86232771acbf2489eaec8f706402b0bab38,6b65b2c40b1c9e78719324d8364fcd8e75d5ede4db48a3a8e5cb8f3dc037f67b,DeepMath-103K,27337,train,3104,1
3105,1721ba247fe09567e2910411c8a1b137615a6bc3b161d7ee6957fb281979beb8,653c871a177bb8067fb9685a7d8ed8081af34c6973864a873bb60f32d0fdd652,DeepMath-103K,18449,train,3105,1
3106,681fad35ac5a1743bb3b19d52dfae904f50c1cabdb3cdef5444b667893336a84,f8afb667c9b7c4dfaead15cd7e581309fdf8fa4613d93e07a36175c5685b2728,DeepMath-103K,10002,train,3106,1
3107,f2655b74823e59aa83493790113e270bf6007926f9a7b5a303da04f21507821d,c63385efac1f0e3e6e64caa7eae78e714b687359d8ea6c5f03ca41d9ccfee238,DeepMath-103K,40233,train,3107,1
3108,52d775b60c0f6d8a9c4366c5d31229f442c03af7ffe2c3d7586183a98e95cd28,23a5f277aec9faf38e5be6c3db308194038a4181e8bde3b97025d1e02156e5cf,DeepMath-103K,3302,train,3108,1
3109,3a98546f3f23396f8ea17635ca59776bc03dca54592203a4ca97573adcdeb8fb,5bc8e300708d3a21d62ee17c1a97f11e454fb8e81d9ca93d27c648328c4a6c7e,DeepMath-103K,34584,train,3109,1
3110,2ed96e00b405ee7d6d1a7589254170a7bfd13eb5fe3961d80575bab78d82a5df,7e7b0e647cc6e5018b8b527bec2fd1b25846ebba7e20016e5ee85caead75163c,DeepMath-103K,30634,train,3110,1
3111,46fa601c10501c97542a5b39d02e2d8b014c9195eca0643d792576bf32f2b379,6df4ee97dfc79a45f2fee1f72e4f72fab7fd6b7c99eefa007597bf09bdaa721f,DeepMath-103K,52498,train,3111,1
3112,0ded73ba9b048f6e964e028c2cc8a563f02001c8dbca6bb027b35eb514479616,9eca01b17b3f780e30c20b339c17a6ed42e00fd81c7203673fc46afa5a272dd3,DeepMath-103K,57010,train,3112,1
3113,be74e50e19ddd4f087a8607d05ae5991506972a1fbfe7ad1746cac14b0c06e6e,bd5ed95560e666e05a7cd54d82f755d815e315c9051ed8e6a1a8a65cfe4c126a,DeepMath-103K,53020,train,3113,1
3114,5b1a74be0bb83c2af92948392459d00c4b01d1edcf63e01d6a2e19d502ff6ebd,6ddb35554ef1d394c0485baacaeca81cc9ba5ddb520ccdd94cd4133f487a991f,DeepMath-103K,28477,train,3114,1
3115,a0fc2bee21ae3b4bc0cfdb82ae6cd3e580b9ddedefa6e51c83bafaa34e72eaa7,7dd4f875fd715284aff3c0e735bb6013dbf12ce3d5935602cc5bf569ef93e14d,DeepMath-103K,51832,train,3115,1
3116,4a3dce4462fc8f9807745075102cd85e3d5deeba99bc99e9b522b247d4e1143e,a858fd2b1f6e61d7b83a452550ee4b7a74061bb273f4c6cee900dab46a3a7ff6,DeepMath-103K,45396,train,3116,1
3117,6566df781d23896f8766287ffe061504cca749e2c1a2dba553b0e933b6d8440c,2570abb5f498b75c14c3c1bc521d41e28e489b061464500ba411d2939d1e7d9c,DeepMath-103K,15958,train,3117,1
3118,a7a4fc341a8b390cb0c166345ea81895e59fb80ff1c8fa9b42d2e48d59fe27d7,95232dc2bf48c377f78ff37079cd414e7a173392605411a4ba75d064309caec4,DeepMath-103K,1051,train,3118,1
3119,44dca792247d7bb2f00289411812e70f688a72bab0951efecd701710fa1be5dd,1ac4f447b2429b84faca6631fd9911c4e3002a6fb4b47e48848d1077c1eaf1ef,DeepMath-103K,15019,train,3119,1
3120,91d787d4e0192f2d6a4625c3832aa10f904bc4ffb19384fab41f639b34bf931a,7449203dc8c367513fec4a12d0790f6285ba7ba2c7779f0f3671e25e7e144a1f,DeepMath-103K,11210,train,3120,1
3121,3cf2f82b369f8f12963417a8a4e5bfa03e41d62851faaa91c0aaa95df408e881,df7356dec5fd47da230b08437e54746516150e7b7e12d4ed1e5800ecdc68b9fa,DeepMath-103K,9464,train,3121,1
3122,90c65d620ca1ef20bcf45f5d6341e761a23275ef013fa3a953b602233ff6784e,0a8689ec12e051c4dda76a796197b9b7b6fa1019bfa49876777f0f17cb541f45,DeepMath-103K,42818,train,3122,1
3123,3a279ea22ffc7faee2aee74622f84399ff89d4131847ca586fc10fb2c301396e,33b3db0631f527e8b20fd91f2a519e8a29a81b2d98dd755d6fc5e7fa359b7443,DeepMath-103K,21382,train,3123,1
3124,91de3c8b4e62d0e9d1f0dd150b2ec219213fbcba6131abef1608b10bcf4c6cd8,5a54fd51f5c0a6ca070ea2ba36234001550540205e9e2a3e30ef661d69a7e567,DeepMath-103K,12967,train,3124,1
3125,8e386224f85c4db389ffd21a6c19dc94e2f53f94300b635b13b9183ff4df43f5,76bd9f8ce9bbcbfb57965728a247ebc49db7db8ce0e816de297fa90d1c4131f5,DeepMath-103K,19797,train,3125,1
3126,7d395bc76e76c27d7c68d72f474de605c6621c0231021cc8e11bacf0149a3590,a248cb169aef285560e6e11c74c366e98af52520fae00f591af9fc144f623d52,DeepMath-103K,5954,train,3126,1
3127,165255531f7167b06882d272e100664c4475b5dfb779144657de89247fe6bb22,786edc66749f85f2ce090af7fba3da60e882fd5a41cab85df3e965d61e8f5a00,DeepMath-103K,38826,train,3127,1
3128,c35d607c28c4c8a5470ac68abc9666fbed15e74500ec6d9a116027f1f8a6f7a4,76735afe5e4d96cee7f41c8fa9d6edc731b451d432781beac8b273f08031ff75,DeepMath-103K,37007,train,3128,1
3129,bfb0f00de76afca95254163b70ad86074b500e90d734abbcb392f47bc24dd716,34ccf9e9db1c9a65e84980a5fbd7c4e768feddf8fe945f6f1d0f8b6d428e6047,DeepMath-103K,32603,train,3129,1
3130,61b51452d26ed6671f571251b7e199f0ab65e895db3dfe2573a00f231b1b5782,0bf9e5a235d8b070a44f37b60713c83cfd6e76931373e03afafc181b72d3ee74,DeepMath-103K,54176,train,3130,1
3131,c81f765656d89ef437cd1fbc6a06b234ca24beb5d3f6c54735151ac2512d2e61,105bf6c7d70caed0082bd9e6549dc7a17ee38151722886d276e99800d15002de,DeepMath-103K,52792,train,3131,1
3132,a4b7513c42ac72f1d12bc6f157235976fb71968fbfb5b9323e5477841b4cff3f,b61babaccec15ef364fc25b48bf1ecad0090cd010e0dfe0ed72f793e20305680,DeepMath-103K,11113,train,3132,1
3133,98b977da33666db6d1be227a0caad12f3dd053b7301014653efe26bff742873b,5631adb0e570a626c2a0d7bf286485bb508fa2d5defa731d209171643b185b7e,DeepMath-103K,54827,train,3133,1
3134,1095d51727274faebcbc11359adfcb89137497241eb0a6a00275c9ba78ccc5a0,e1d684cdaa4ac69ee3998f36f4d12c069ae91cecd1f7399ab84151507df9a45d,DeepMath-103K,54327,train,3134,1
3135,aa451de94ed360295f7c35ed9893918a5e3c174458b0997d28e9e4bde5115245,c7369abd03db671cadc39c884f3fcc3fa703aa659bf2afe4e242b60b35852e31,DeepMath-103K,42924,train,3135,1
3136,317cc586fe6d75e3a8857eef8317414734af80cecabf7b4334b96ddbcb7b63f4,dea81179a493c6ba63e80b3e05ded7a75add117eb5cb510878812bdaa2e026c1,DeepMath-103K,2956,train,3136,1
3137,db9e71103a93a768af67903bfe0ee98c48e75bd6aa0c538cbe135432ce6c11fe,e2408e84d6c40254e882f4159bfc1c60281b372d810433340cd2a0b9e61af9dd,DeepMath-103K,5509,train,3137,1
3138,2d20d1f215b59d79d160d4458ab20fa9cedec8fc53d88438d529349124ab68fc,3dd762018f1216415048cc07fccfd248a8984a35148f6e5b88bb025eab82888d,DeepMath-103K,1457,train,3138,1
3139,585c10a4cb6b6310a44fb6582beafd54886bec8f03cf6abcebda28d28731a621,b28f3c1d71422816840c09d4d7923605261559ceff0d5a88c054e27152b4dad2,DeepMath-103K,11878,train,3139,1
3140,31ff9f3369064b873149bdd17b71ec1dbcae30d4611ab3f056a6983fb2210dee,913add6590594b31540610bdb8f4da8843f56b8679d3658105a8a7977e82867e,DeepMath-103K,43639,train,3140,1
3141,b94dc443d1a008ddef3d815fe609ece51cdb2ff5f0be9c786ad68ef8400c4037,0842688590d5a6cbdcafe347830ab1b7bf5b657186f7041fc9b967fed099373e,DeepMath-103K,52906,train,3141,1
3142,a15ed2a47f0eabbc52380f84d41f42f7f6a7883651449be80584eff5e616b1d8,1bf7cd653bf3304074cfd4fae4805662bf0f42f23b6e83db10ca1c7531dfd2f2,DeepMath-103K,4550,train,3142,1
3143,76f4ffed1ed28504c4b6aabd6d6966d804e34353f6094ace83eaf6a1c6e3f76b,c5355932ef8eb408593157e88eef9d885222c2f8a2d5da9fa293ef9b7a110ca5,DeepMath-103K,1426,train,3143,1
3144,3fc0fb2037202fc81e029bd88022900ea511080bc2a55170568857794940697f,9b84517ebfbb6a55d01ca196bf83f1cf51100b98aef2f2625f4e0b12d6fba51b,DeepMath-103K,50678,train,3144,1
3145,abf03b2ad905210812d3d9321da96dd2ac1b137aee1a1d99d5b4581c6550deab,412d0b071f2f46f4e54cb3d74f9aa1b3108b3bcb3b55c1fc8a6334cea975bad2,DeepMath-103K,20921,train,3145,1
3146,fe4d4f6cfce270a5dd009e644fc27b9c1b4ea3c283be1fe796e1abf1fb824502,8b25eaee5ffea1f011b8ac80ec932e1e28ca716749e4c1678c1cf7018e076cae,DeepMath-103K,5678,train,3146,1
3147,6c746b207211657b14dfeba359e0866a9b70bc2367b893cbe1fd3c5f18b2bb82,4c47da85f4329e0b51cf8ce2cfce9255946ab2291d0592a69925af89ef0ed1b4,DeepMath-103K,55933,train,3147,1
3148,4c789d06e3bfc49e0164cc7f4bfff7476b515a1b3d1be3092ab3818168efed23,e933aeb092114977afd9d6d645a1876def55428973259059537d309e68fcdc29,DeepMath-103K,43710,train,3148,1
3149,2329cee057946727d2f93fb7d781bc9f0e2d2a228ecfc8e9932a97293a962ffc,84f572766ddd839dbf67b1a700f95695ed215044032d0856d05202943ef4b862,DeepMath-103K,5000,train,3149,1
3150,2c91e77806d05f261eaeb28aaa256c3ab4f00020f5b4812309c6058debf52c0c,bdfc2ffc9570a2f3c41be889f69e15ea3f11ad652191d4db5e266c3710d86518,DeepMath-103K,43102,train,3150,1
3151,498d43ef92f68fa9eb3c0349a1a0051174448507dbffbc99febcfb009c60313e,4e3fdd7a0f57e79479605007ede5a11479a90a9553ddae46ed2b97158b23fdc8,DeepMath-103K,21807,train,3151,1
3152,204f501cca0863af183c99632eda266f5e0378fb934125d367cd556e7228797c,2da75db6851a6d1ed3b3d33794ed94f725c6acd5e4c1be62ab051e2191c4206a,DeepMath-103K,55332,train,3152,1
3153,38316dd1301876e94a9e7572bec93cba7aceb09542600e727ae4eca1e33c79e9,969d27b07c461e9db8465765219df62b5fd91eefa2c52200692706ed2b3f12d8,DeepMath-103K,38793,train,3153,1
3154,9f06660abde6e1e97a6e9add198d217cd82fad8c171405a213ac17af529aa015,f42bc53007146a075a6037553b5f3ebdaf202025446bc56abf53af2cf74fd7ba,DeepMath-103K,54611,train,3154,1
3155,e625eab3d8d173d67ae025912274a52846e357e4f545d11e625a3a9ec82851ea,2d4e7ef4ab725480504ecdd6ccc48a3c6c18b55ecf130dd67465ae157035f1f3,DeepMath-103K,23720,train,3155,1
3156,b1235dc8dd63024c5132db01690af16bb757c518da7bcba4ab9e39d3bfe78541,aa3108e5ae94c0640f28ea23eac2798cfb4e2d7ebb324d0e1fa4e7a649ac77b1,DeepMath-103K,32354,train,3156,1
3157,e25c5449e6d6a5aa8ffa5ffbeb83916b5c40912e70fbf41a88e0eeaa8cbb7d53,121affc5f2626fed0052f3ef61bed51f65a39ba4e8dd26503121fb26bda60ea5,DeepMath-103K,52627,train,3157,1
3158,e6bca84fcd6688d69c8c84a9517132444ab87dc798de4f45c3aaf396e73e1fb0,48af2263b4892dd40fd4f9a85cc2590decdeba27fceca70e0cf36bdcd95ce0d1,DeepMath-103K,45185,train,3158,1
3159,9972a0966767e2d949e07fffe8abafc117cfc0012599d9ac77d3549a8382490b,b5bcd63131fd4c7b0ad2b883450518e0c2087a9392e84d86d8c1cb725a35b1f6,DeepMath-103K,49941,train,3159,1
3160,6c5b1c660afa4344217e088cc150e4b9fb44d5e3edd2eb8934934ad07322a1d9,b19961a14d518e83edebaf89403caea9208084a98168605d68823297133c2546,DeepMath-103K,32674,train,3160,1
3161,6db24b97f572371b57b9b4da947e0c259af1200575a07298f739bb1eb25f2486,c776d5f39d7546bb53a6f516bb9f166fde2665592ee119ea41833da07e682d13,DeepMath-103K,20858,train,3161,1
3162,08803a808d5df5d8a36521f419d08774a818e26009c8ddc31bb6377a9e936d8d,b67aac3d2acf6ec5545e1d2aa36b773bc158639975da76097bf0324fdf7db20d,DeepMath-103K,57040,train,3162,1
3163,40601603a521cc67d388f5c2f06f2a4731efa5b0ce2291dcb84d1e443942afec,42ebacff334be432690f46c04bff9f91a12c911fda5710bb5bc0d42ede5f3fbc,DeepMath-103K,3414,train,3163,1
3164,e1227a0f1aee8027ef15e85875e15f7e761c204acd58d8c592226ad70cbe9c9d,7b1346be794750e6ef4dedb989bfa0be59150f6c907b345c8dc068a85c0aee15,DeepMath-103K,32912,train,3164,1
3165,d43f3867e5b6a82ca64900e054aa9a1829ea2c417097b433b8f041f3916b8bc0,6ca13eee361c95fa5339e023ce26eaf794fe58655b5a529c94e44a32f3e3b10f,DeepMath-103K,28361,train,3165,1
3166,1da4ce28fbbe364eeed61c1d67c51757f91eb3e47eb8225d30edd97be7072cac,a9209bdba8454c8e6118f11b399704503b56c8e676442854d738d38b007ac0b1,DeepMath-103K,52982,train,3166,1
3167,a3fb7ae66b9c7c9e705b90fe4ab2880d92a4f67643572a67e2114af321868813,e58ee1c48112e124bc069436e5a752d7c5ce68a31d2d1b55562770186f99bb16,DeepMath-103K,799,train,3167,1
3168,886713afa65b0be8e80806617a573923a3cd0b6618d3a42d1574ca9aedd5f2db,b8ca00016d5395ffdeb2ad2b99bd943d2bf8370e9bd31aad6f76359d6f041de4,DeepMath-103K,29474,train,3168,1
3169,0d706f3e4e4742923cb8a9020aeb7d227fdc412b4feb0c9280ecce26f89026e8,8c0216f60624dea692cb99766941b2b0069f579d44e5d6029a1347530584090f,DeepMath-103K,42270,train,3169,1
3170,ede2a5e6d67d2e5bbc88390c149d7afd9ab412a7b16e3d1a73e48cbda10e0f3d,6ffa6bb07289ae2728076b18413d8e8ce4cac63b7c7ff557e44d90664f2f19c4,DeepMath-103K,15327,train,3170,1
3171,73dbb102cadef94071cafd9ec14050835c849cd210f0470384d4656e82607c09,f63cc32ceb797107867e7a1a25a73ece35f1315f82f50d797c327ac6dba50dc9,DeepMath-103K,25060,train,3171,1
3172,af38db5b62eefc9ac2c12be9a3a38c426ca7b9c5804839455c8d1ef6eee4a1e5,5a95a0fa0b6094c8355876e1d30f13bf53e27da219cc0dcb975419a64e27404d,DeepMath-103K,42518,train,3172,1
3173,84973b9959cf291d623107d6a5d854a12ed48097f52018e2299319f9a53590c2,48171c61b945b4d2a92447b331f98f1946295293bab0c013b870e6b0506ea6ff,DeepMath-103K,55118,train,3173,1
3174,bcb464d31b291d209105f68c62eab7070d2e92484b198c8918e62511cc240c0f,b26fa23ddf30d595a60ecb56ff2d4bd7bd309ed24f90b0c26a6a7caba85af318,DeepMath-103K,19297,train,3174,1
3175,4d3f9b41e466e2db5593cd60eb7ff64b3fbf597ba950f7d5e71bc0303b1372e8,3f692d809a4531a4af4427b180ca91f9c7ad0ad4863f8432396cd271bb23fe98,DeepMath-103K,7745,train,3175,1
3176,d86b27565fb7b31b27c12623c568970e7b0b89358d5a201c7783c0455aa8d5f2,1413885a6c2052792b08ec4ffcd59fdc3dc1853b100f784ad5f37fc4ca4c0a04,DeepMath-103K,18921,train,3176,1
3177,9a2bccee56cbd275182db516da85990d2d436e34dcbd8e3a84f13c92c1e482b9,459c2a931eddd4c297a185178a84d434356dedc3e93a9dc7a6269fd4593a348b,DeepMath-103K,10459,train,3177,1
3178,b2379e7acfaead248a2aa31d6e5f6554c66e41d5ba05bce376b4f70de0c58070,b443c0dde1df10e77e98d834668ecec458aa151c86a47ebc36c34d1941cbbf03,DeepMath-103K,49838,train,3178,1
3179,aafff02d6bd6e257ee37c99a4a1486c9f86cc1db8f530fef50ef159771fcf43e,0f1dfd84b9ad674eed64e8a0aa6a6eceae54dcf1d5ce36de79a02c8fa8cb2ad7,DeepMath-103K,32871,train,3179,1
3180,b87ad61803c773e7f7deb39b2cbf4d468770c32194ad3d8fd80d4c6bdc72c981,d1f1cab4c69976d6f87289dbda317895463eaff9299738946a79644963c4c190,DeepMath-103K,13156,train,3180,1
3181,d24e6a3a6aacee5f2a0fd925a53d4167c04c84ead23ac88f7b38991d111a9fe1,5f1e1b723639e8f64c8b3c5b828d354591525fed8ffc1b12dd362e0de6da6192,DeepMath-103K,36611,train,3181,1
3182,2643ef94f005ed41ec25d9cf045e7df8de4315d1e41acd6e3328b97789aaeadf,9c95ace18dc3d34dfba4a26c18274437e003c2cd0f29ffe07ec56388c55ada01,DeepMath-103K,49603,train,3182,1
3183,f3d388e119609d873d273d7d87745ae12e651b8cedefe812e584a5c97837d10a,ad10451afbad55fec34d7a89ff1d66112c7abca16d4ad602189eecc2b396327e,DeepMath-103K,16216,train,3183,1
3184,73ad09e56d71e5a00d3f91990b14c769aab86a0ec302a17e611a6c7a54c83eaa,d68a6a614b24b408d32de4247c533d1c04d56588555dcfcb74f870633e1c07a0,DeepMath-103K,119,train,3184,1
3185,d6227eb5d548bfd29af4b3f801fa8e7c906877ce6f4f50e94914db3b1c2714d3,f930c74f550ab97204930ba14d795ad948cc7e005a95b5dd9cade6a33068d8a1,DeepMath-103K,31695,train,3185,1
3186,ba5845a7229040f04c1eb5e6fce2be8fcf65f5392cc96afb6eb9a2d2c5b32013,1f64462353f4dbb9b6ef53dff1ea6ef22390f37e6808bdef8665a3cc2372435a,DeepMath-103K,10169,train,3186,1
3187,61220d993617ce94f41a50e5353ad3cfe7f9c9df2f1e3de5defc1e36523cfe15,85ab7682412e96d9fb765b2b22d47164ae780316f57aed2ab26b2fe8675555dd,DeepMath-103K,51624,train,3187,1
3188,21bc83bfd0ee0eea990f3b671cf45f49020ed35f4020e75fcb917190cf723969,11972513f0693dcf88d0f76bd9c0e36932ade0b1de54798cf25609bf7c94a574,DeepMath-103K,48810,train,3188,1
3189,a4cb627a72cf9f952a72c1d9538a4f008a3574c922de98af022c566a1173a973,3f6a8454bf8bdbc21910b50fd46a240b3465fafed4a176d5d5788bd6389837bb,DeepMath-103K,20967,train,3189,1
3190,51a139bb40e466d36984403e72819c5d041469be49c36f4cde3af6e079c05d83,e5aeea1e2474a7bc9b76e99d5e45be0f11347b921d966be7b832cdba8e58612a,DeepMath-103K,27007,train,3190,1
3191,4abf5e2effc88a1d449c45f213adf1b624cd5c4655b14e8db2e9cee2e1cb2074,0b94012643e0b4c96cac37440cbace566e9436eb35b07d1c7ac7120023492d2f,DeepMath-103K,25946,train,3191,1
3192,87140157b8e19b3462552ffcbd21f3ffa353eca752602df1652503551ddec36b,b51eaa71bc67a91288b02935a88e1663a417026ef1d90ca410433b1b00bd327f,DeepMath-103K,30021,train,3192,1
3193,41771cc0c5f6236c58c4a23b72224229f2154a92623a83ed371acf739918569d,c2a1f61d84cc4f0da72753fae701d324924387dade3e16a4cc2705235ef08577,DeepMath-103K,35080,train,3193,1
3194,c55638af49d7f345101a0a2dc7cbd137ca9a57a5c2cefe3c53d5b07f65ad7d61,6cbd942777be1e2023f89657ed7e63957d534e7033b08b4c1678daddc414ff65,DeepMath-103K,13781,train,3194,1
3195,f82645b2c031ef3ee7bfe295e6f05717042c77779844b14319818048421cd2f5,de5239be5744b02689e5cc21676a25faaad192c82f8fa35d409eff32d4d72f74,DeepMath-103K,15561,train,3195,1
3196,73bae7c78cdefb094673cfe04bd5031ca05ef4138ce1f283bb10ac8ed5d172c3,961201709bac069b50c2bccf7f3cf4a2059e8537116fc2a65c3d04be910950ea,DeepMath-103K,1025,train,3196,1
3197,ee6933f81437ba13cc1878f9839cf2b4778ef8763ef72d3a5954a95ec3b697cf,cc6d39e9c4c11b4b8e7967787edadbefa2962f914ee0821536a54550afac5f86,DeepMath-103K,32011,train,3197,1
3198,3d17a659a3a24e4cad9c5cfbf5cd87420bc0a36759916d589ed0e4c6bccf8802,8a3218972c82ee20c7882eb4e3e282db186c4ae46d0123e74e90640e8533bd31,DeepMath-103K,40215,train,3198,1
3199,6de6c02f08312d24f260bd4748d33d3a501f10058c2e438577f13aa34a40ae15,4494012d5dffcff72c053813310f5da54c9372f0c4b322168bdeaf82961eab47,DeepMath-103K,11795,train,3199,1
3200,03ab063d5a9582aebd2e7586468de418bc19d4c5b523e746ebc31558284495a5,ee52962ee500e24de2f1fb82010f8b2ae60aac6026b82617454444e07ed98be5,DeepMath-103K,19426,train,3200,1
3201,77c329b98b5101d986dba8968c1aee60de269d9997a37b3499ed37b7c3ac67c2,c211f75f7578d417a4531a6f1634eacfac1a33a1def0dbb225a5a56e91322d1b,DeepMath-103K,47185,train,3201,1
3202,65a819ee8b7fd414b81ec2477bfa5d7ff5979f40da9f85453ba77b01ded96b20,64e5b234ab671a061e4ef81711deae8669a8470e2dbff75d356c46c88905263f,DeepMath-103K,25092,train,3202,1
3203,4f5b0a7b9e79e99e493a5c1701994e34bac289c1d613f442ae6d8782ccaf0f9f,0cde39454a21f3cbd021dc5d0ab2bd3c9fdc393bc261d2275b131fd464a0e0e6,DeepMath-103K,13548,train,3203,1
3204,818a3f73d238420c7b0e27f7b46b4e38065d8e088a4c68529a800403124c473a,59829635d29acfc110994dca23592eadcaf9c7255c66dd32d2142be5e79e42ba,DeepMath-103K,47745,train,3204,1
3205,dc979ad833e567926f85f5c911bccd4e9c0d1eaecf6b0074ddcddfe2ae976f72,35e0404946700f33874499cf33b9ec9e974138a88c647814509397be7dbe2d71,DeepMath-103K,18745,train,3205,1
3206,b2af78b8275df6285bf69ae430f0a0e402ba5351ba7b4caf614367d1b775dd2b,6d61e9b0a88c358b11cf839f5f5928e820d82f8e88613ad1b0945db950a2cbcf,DeepMath-103K,30511,train,3206,1
3207,6b015edaa3ac3f847759dc4e052129e82613695fb493102e8fe86d0a74e5de74,e60b3eebb381856de82a1b62d89f9db000fe9bc1af93644743a45d01ab93d9d3,DeepMath-103K,11961,train,3207,1
3208,94097e38012da590a36925aec3e5fb51669af143c705ce4bed1489a82b762f77,dd851d50acb101910cda1f3e26c6d6945dfa069dd99d2d40bfc0a37285d7628e,DeepMath-103K,25581,train,3208,1
3209,864b050898cf8aed7ee16993c44049cc748d34b51fee1efaac0ed3187320d7a2,0515a4a0d1c150b2ee1a98da2c4854c734a84fe9b9e610fd9fb20d0c9273d6d6,DeepMath-103K,17327,train,3209,1
3210,6209c9db034bce715d0488fa958e67d9372fd076424595c96b2fe245647e8a0e,228276af963f9014a45589cc069360fbf7e94e6597e9fc437608061c4d2f86fd,DeepMath-103K,39246,train,3210,1
3211,24798b8b83a13226f3e3d0d226e24098d1f0524eda4e41bb1aadcdce1756c924,f48229e9f25d63a8ff85f0ea9e2e870ea4bf006e5d4eddcd227d366333b6b1f3,DeepMath-103K,39451,train,3211,1
3212,0ae37ad036a104f43f7e43485f0dfb11d5d0164c4a590920453c346e90a8dd62,83ffc6efd02eb85765645f12749d6d6c4f30e0ac92544f943b25513e30281118,DeepMath-103K,18837,train,3212,1
3213,37d71c84a7b6551bfe372d01fb5b3fd4bf1356ca30e8433688c017d063f94613,ef9ac7aba5043b7663f197e37a658238e93ebe2ba30a27644ee17fad59e7f39d,DeepMath-103K,46618,train,3213,1
3214,5c122fd5bc00f39b8ffd3692a8050f9c9f29390f16fda39ca9e9a1373110a291,7c9bce809f4265d26e7dad4b90b07a748a6135a3041710223fdffc7bcee0814c,DeepMath-103K,46430,train,3214,1
3215,01bc9bee0704983298223300c53fccd7ddd3c37418edd37b571264f2b9fc6c5f,851e543d788e38eb551d7436dcca4d663f26502779ec6939468c28b92301b217,DeepMath-103K,16906,train,3215,1
3216,a3b566b2ea421cfdf00973aabbfc2d409a253f80d97bdd5df91832db9e427a4b,be6fcb05a51a17a296c5f661da5437443748cd9e2ed7fca767861bad4c0d81e2,DeepMath-103K,31767,train,3216,1
3217,36b79354bf355ecbd4b535680f6915f025bdae51a6e64c526b4504e4728429ed,9312c1983376c2262dc8bfa251fbb67a567f3b56a9c235eaf82780bbba8b6e85,DeepMath-103K,51601,train,3217,1
3218,85ed1edd96b8c9c325d5636cae39e291a776a1f74769f74c1b25415a154d1623,652f1f73e14779f2716f91c7bd5d2ddcae73cb30b3f2eb890ad786528014771a,DeepMath-103K,19141,train,3218,1
3219,86e2eb96de2ef09fd75f02475697ec1dc14613794079569402c5b73be0811886,b22605fa09bac76ba7fefefc8ed2b627d002e66ead052d02dd1aa931465720fa,DeepMath-103K,37397,train,3219,1
3220,30d3cd497f98253318d28fde38d1cbe79d8ee3aa741c1facd306371f629dd283,33aa25f59feca9f3c00aee6b6b781210564a966a3bdf67ed0da84f738584c0b5,DeepMath-103K,18078,train,3220,1
3221,ee08c8c0e8e75e51bbf0d6d3d31a68539fd573c65ae31818724c5b7be1534ba9,63a81bcebcaaf85f3ec8e453682389cbe512e6ccc9a8d92f44385c44ce970d1e,DeepMath-103K,29660,train,3221,1
3222,00f937b57155c798816fd3e2372fa721a9499aa00b91259e3e55d579bbb39bd4,d1b34af47d5d5f0646e3bddc999f946328c0f7eddcc0d9955039861b5dc34e94,DeepMath-103K,54269,train,3222,1
3223,f4f8594a442d5a48106d2fddea365a1290e4ff93c06642b5629fd6975fc29143,48eb18138e7ba590150cc4f3e6c1648737340917b70d3a9be583d35aef8e6abf,DeepMath-103K,1981,train,3223,1
3224,7544d3cfa0d77830b3d58463eb9736348553a2bdd882ce5dbec3df442113b60f,c9b99b21455db98c74b8c653582f0b1504a9194f9e3986ec09e84ca713db7722,DeepMath-103K,48240,train,3224,1
3225,06604edccd603a49a4c28571ddf4ad062f70441f68ed22fdbc89ac5c28408f80,bf082ba485a2aa1f22595cbaa83618cb8a8fd75e0c395dbaaf7c63cfb814c66e,DeepMath-103K,33941,train,3225,1
3226,dcf5aafe5f18bb2b147e275c93381d9c900601836c07802390c1096c54961c36,36199cfc97bd84a459fedfa55be0f70b6092cf927e2bbb3ac95ee88a7a27e55c,DeepMath-103K,19279,train,3226,1
3227,8ce9ab35246c185bc52bcbc1f391c17297df0d2a76414d0a6d73df53b06cd8ec,2f602faa723ddd78b6cc083574e13e632decd121ac717cb18d9c6e3a920581f5,DeepMath-103K,51029,train,3227,1
3228,f7432f3f797b3f0129ea4291f5d50a885bda8c7aaec8a783d7bb9e921a7a93d4,55cac805127fee7eb54d08b80fe881e04a3b86ba52a8d0f5f81b9dbd5aafd948,DeepMath-103K,41453,train,3228,1
3229,674407f80999aa08b17e1a3dcbc5b67490e062a5f9f26aa3713c94893f49d1a1,96e8d407f868f33e1d268c41ac9b4aae10ad05d24f9134a517b1db3a1ad8bfcd,DeepMath-103K,38449,train,3229,1
3230,0ad989739b991c345b6f26c2185c11ac10372cb6b75476aaf666ed5fc5f58d4d,dfce64cf4e8793286e520128083cdc4ba4fc3874860eea2ebbb7f4df061c7a76,DeepMath-103K,28849,train,3230,1
3231,07bdea9fc4d7439502d0297ec667c4d01c240003ba30026c302f616d80ed3b90,2f96bb936e2c52a11db54067307c0a71de7fef63fdd8bc6f400b61ef05716f25,DeepMath-103K,41964,train,3231,1
3232,2859ed27877c89407316b3e6cc51e97514e3e1d36236a49bfbb8f157fdc2abc9,6e24e71b91d96f516d5e1c35bba80bf9ca747c2ab745b7bcf02e342eb27fcf01,DeepMath-103K,36681,train,3232,1
3233,6fb4e6cc34c5f818713535307ba115664410a03218246f9a0502a2cd31ba6583,478e42af02570bf63984ba437fa939ecdf010efe8836191ef7b098c9e4ef2f4e,DeepMath-103K,612,train,3233,1
3234,b902cba3edb8a43163a8dfc38749bd32445ed0b7e90f78237411937ce4f11d94,fb14e87013810b6c01d07752bf2d3c845e35a77f90bfb81f5785a243aed2ba69,DeepMath-103K,15803,train,3234,1
3235,62e1c84dfd54488fc97711768629bb05bc989cc65c9f46d2dfe839639233bd67,bf500fa81a0656bfb06f6c1b8ea41ea00ad8d81ac511f41d1babbcf7e0a07e8a,DeepMath-103K,55514,train,3235,1
3236,7abd74be54bda11cca3632f0e5dd95575154b9a88b5755ac8275446ad91415b0,cd6c749b3af54924f5b18f3468b1611ce3b5a3760068b25ab727da8c0888c5ca,DeepMath-103K,45865,train,3236,1
3237,ecdcc1582a104e03d0f10b2e148444a06a2a44d178a31ada1a0b67b4a3f39269,7f6ebdb911eb45dbdc9ab78161ab17bff5cbec00ee5899504a08e419131edc32,DeepMath-103K,26930,train,3237,1
3238,7b2ac9a3006ec678914dfd19b599e56239cd024a94869eff6465838475d9d83a,6e3e8191ad7662d5e408b7163f706b8e1977e781bb8e07f31cd6f9ed436023da,DeepMath-103K,9079,train,3238,1
3239,93f6cbfb004cf844ea7945f142c492469877e5b1e21e7009ba51134d2d7d2574,754d1b12c8ede466a557c91737a17a08e45ddeaaf455639cb5f4fe644e0a2e18,DeepMath-103K,40021,train,3239,1
3240,f6320b541222d14359c01ecad4d932a7a4bb05db76cb4a8cf7c276070a100a6b,5181c3f43d6cc80ccc2d9df794e50c81b70426d854f5aa6dfd566e4dc8fbeaed,DeepMath-103K,55066,train,3240,1
3241,1fc75df146d28d69c63cd444815c6bb9b04ef10d568947c0b5b62ad4e4e74267,b189d66f70d65d4cd5735c19a6d3ba0d1aee16d2d565b6dee06d7fb7a1458af0,DeepMath-103K,43712,train,3241,1
3242,22840b6dd121e4793dbdc01f00f1923577c4ccdf9847672e5d039d7fef97fa5b,f48eef706965b1d13f657c941693913703513eaff3d93f706e7dc57fd0705596,DeepMath-103K,17698,train,3242,1
3243,5e9c343ee6705092c51657cf8ef45f4aa7579bc30ffe81ce4e1b9617aeb81a08,adf6587ed9647329355d8ac94ec5a80214769f9b9649a93fafbae74af9322f05,DeepMath-103K,30804,train,3243,1
3244,c148bc5f00f99600afca715183d8a23800963100782cafe8daa13786910a0aa7,f3f4ded3c1c2f11b3ebbfccaddd9981253d0dfd26e5001e4ff7c50db3f43a621,DeepMath-103K,6064,train,3244,1
3245,b6a2086616d5118bd5bb9b376609a4e4cb98656f8442139d1f77deb658ad418f,c01090208e8725d9f10ef8f3060cc520997d94636323aa1ffc42f282f3a775a5,DeepMath-103K,24821,train,3245,1
3246,f850d7560ce4b0395a3d16ead4bc9fffa9163d4ddb68c0672110acb8b1150da4,4ad6c31b6bfd64c44584a002455103cfff4edcf30e2ce5745338a562acf8c5d9,DeepMath-103K,30813,train,3246,1
3247,98b5ae5e056319724d27d21cdecb40989bd8e1889e38c798bc14a758e1f45190,b1f070c9a13a134968e45fb69f37bd8ce49b3ccdeadce369337aefac336ee449,DeepMath-103K,34942,train,3247,1
3248,6c6689bf48372b7e8185b30c00b87749a90cad71eb86264f652f8e941c82a83f,25e3063db0e61096efbf6dadd771f7f521bdce3ef7a149c65ea5a567c4178da4,DeepMath-103K,40847,train,3248,1
3249,e53c06a03e0276bc97046172de63aedcd5406188fe9bdf8779ef8621ea09b6d5,db84d4d8581c7fb32965ba71becd4c0c7561aac8ce1e79f1a5e33eb3594cfeae,DeepMath-103K,14256,train,3249,1
3250,2bb8de8f3af9760007352af3a9ed8e256e2f114ba8ab2d53c561ce32f1bb5f31,9b0f38ba84d1c74d4755dd0cf65ad82c8a404a237a98c7f1a73661f219159643,DeepMath-103K,8140,train,3250,1
3251,0893b9fa3e88c805e85cdf8802dea62759630fe2592a286b0428231a3b6fcd0a,a5e6c1d1e12ee747a12ec6f3c4ca724919148c1cf83c8fd7cf6c1b04b0893353,DeepMath-103K,37261,train,3251,1
3252,084d6bcc9e319b6e90214d815a31e60f4443a51cd824c7242b467376bd72c8b3,2cdcb95c8a70bcfca9814cc6d406334dac2f8481062e1fe36923e76de891f249,DeepMath-103K,47687,train,3252,1
3253,6be7b8c5102aa735b832ff764e16df28ec1f4f082ada9f94b42346ea4dd9f0ec,37219dccc9f78a6b7d341c13dde2670f9a091d312cdbe78cede775bed2e37ff6,DeepMath-103K,33799,train,3253,1
3254,42b948b451695e9f97bb6a5bc2cdade9f3705f04e0c4509d25d7874ae51bfe29,ca185832136daaabada8daee99894f28f2b5e9d09c07f4cd34457fc5bf927992,DeepMath-103K,13848,train,3254,1
3255,86c4bf7bd9892ef962e26173718690bf7c7f53c35c7774e8c65d3714af8296bc,f529fef1c22e72a0dddc3ae526182eb6cb929a600d0c26101d6e5ed173fdecc2,DeepMath-103K,34318,train,3255,1
3256,857324c3023a7a3f436b1d1bc3cbe9d6972b9b18300ff743a255e72a9dcf6cc0,52ccad4ac9cf9a736e60f7f48c434ec9e5b747fd46541d94eadf019858a3b3ad,DeepMath-103K,5595,train,3256,1
3257,ca004532c113a6703179a7f79f3d4bb156c9d4084db111d3631f870694e8a34c,c073d06b7053729214a0eae1e6520556fc16695cb7d61aa80069c13d9c7284af,DeepMath-103K,56352,train,3257,1
3258,d401f07f7cce663c935127d7b7e5681630001103d16c8930fcd5ce9cde114cc1,fef7acadfbc1677925abac626dd3f325e5f1ac5e3dadbaf0e76e6b740a64a5f4,DeepMath-103K,37497,train,3258,1
3259,eda41e3ce6c4b55f57d934f710b93377ba8d9a9e24410f17597926ba45fc9055,e3dfcb79a0862d6310242f32ab55929d71f3bd104f74fe1fa1528045dd1c257f,DeepMath-103K,48023,train,3259,1
3260,388676cb7bef740c8dcff435f2b6b001e68a76bf98d70ba9aee23e887f127ffe,213b43dcf8474b83e88566a82784e82be426f2dc7b8ca486e9d269c9d297bf98,DeepMath-103K,2812,train,3260,1
3261,54d55c8ba55acd0fa38edcd99dc8a750df44b8fede1b99380f0d67743323efba,77feba86ba9953ab1a2a6788241b74d144d858a653c2fd0865dd792744f8d6bf,DeepMath-103K,43663,train,3261,1
3262,163b63fdf11411f29882385734f0ba396056b20e3f28017b0982192712bd8582,1f9f111d55b9d5b52139610e9f7268551a2b106704ee73e6db1afdee907e3f1b,DeepMath-103K,19672,train,3262,1
3263,c9d3ce37e9582988e916155fe7d6ea03592bfe6d4dd40e39aad06b9d7006c740,b5d0987de0c6d72e632f5b26a34af831fa33119a7e44f0c3c84330356061a541,DeepMath-103K,44810,train,3263,1
3264,900caf12c0ed3fb154b3dec1a8a978882b0407e27e66c1347b328c7bdddb8265,6ce79dfe8a7f034cf2292a4b895593bb64c0cae52a5ea75d86a82d959b779cd3,DeepMath-103K,6820,train,3264,1
3265,e6e63a70ed493b05f2a4cc7fa5b8b3a47c04147e4feaa338f93af6793ce1d171,d90b77176f291fc49b57af2f50f14ff9fcbd333abf517b5ea659f9b3a6efcb1c,DeepMath-103K,53299,train,3265,1
3266,7e58f4fef5cccecfe899b7fa52f10244b52c3b161adefd6e1a8b27502ab8af71,74828e24328e6b7b455ef743390072db5a8c5d8489d032810ee1e2d44f969889,DeepMath-103K,39126,train,3266,1
3267,ef0a874b8abd4fa4b4183e177e796389ceeff4df25459422518c08589f9616a3,24132a2c79cc12cbeeeac6f2692b4009b5c241b7ae8732db0a335a2303899d7f,DeepMath-103K,47712,train,3267,1
3268,2c93ab003b3aaaeea494bf467d634439d799e4f68674795222dd745386007a54,48444184d0a2c9bc0d0e2d7b41c1763fdcbe5dd86d442584b23689b9e06c6282,DeepMath-103K,5420,train,3268,1
3269,80be0a8076c0cdf1160537c3e0a11d58434338e07b19158b2b517978ba0dc8af,2d9e087ebae6c16d4b80acc5b16fcaf211bab1a7a3b561b28698ae190bc3c200,DeepMath-103K,54052,train,3269,1
3270,0bc67775189ab9c83c33465b3afbf1f052e702673616474018c9006d06a9e771,d78f0e5fd830fd79aae8bb291c8697bed1ea661e6d657f70588a6fb6bbb3f344,DeepMath-103K,33253,train,3270,1
3271,d7d95a0ccaf123e37779c66b0c48f6db7c93355b705bff36e0369d673772251d,b987e581d5ce5496cb08280af5e4677e380d492b2eee44bb0858e24d56a916cf,DeepMath-103K,35412,train,3271,1
3272,ee419af9e66cdf8d1ec97c99eb4a4e68c34a6fde4bd1c7e76cc4fdda0074ccde,8002834ab23e5073ef3d24189e430dd1ba26a2027806084af9d91cc5a6e95b2f,DeepMath-103K,26454,train,3272,1
3273,7806c650dfbc07e22dd6a5b750952bac8a847cfa4b36be64a16f21ac2cab4a0a,e0d5eb9aa6f2fcc235b018f83444174995a5428c8aef7e233c44afd1dd56a47e,DeepMath-103K,26502,train,3273,1
3274,06e07713700ab931cc449ce40c5b35f822f3a301cfb3d4b53a21b9dceab59711,dcf77e9e3c4c6dc4f6b6b579f4d16c67fa1a125d69f1ddb7ea98a6e191b87728,DeepMath-103K,24430,train,3274,1
3275,a9314599ef9166bc8f70caf142a38dd9a9414300ab2b1b806f4be3af2b13511d,2e8eaa2546586fe0e846053324e3c7fe1416eb8bba4f657eb6febf4a82a401ac,DeepMath-103K,14474,train,3275,1
3276,0b82ac425d442a170790ceafe50cee1921e37c1edbf2ce803e7c6ff8cf45182e,2691da0c757fff284b2e39c708dcf782810403346f56a9487c1e3f89f90c1507,DeepMath-103K,15792,train,3276,1
3277,d96862cdface47e00d7238e1d60c4246e78928ff7ae3d2978787ca50191d3933,b62a406228c2ebb5a345aac121e3675bbe04e565f181a537cf1ffcd741fc2041,DeepMath-103K,6610,train,3277,1
3278,e8b3e3114504e1be914a1c0dde32e215686c8a21123861d60cd85c0f8b480d8b,c19a70f153fec82eda04a8f979f38dc1380fed3bba68e444ccdb05b79252bb9f,DeepMath-103K,2487,train,3278,1
3279,d5168e5b9197988cc97a9e421ecd3921110bc136084b2fd8c55a29d9e0584ddf,cbc9761cc0bc2cb306dbbb6c5c93387e7e4d5b0f155e35eb72bf011551f2a9bf,DeepMath-103K,18199,train,3279,1
3280,bb9c7c22a92b293b774836dcbb88b7f2e577866a11f68f6424830b8b16332760,c31790983aed9909e7fa816070c80398685d4eae074993db0bbe5661586f3006,DeepMath-103K,51798,train,3280,1
3281,b78545be3b134fc13a2f587eb362c34af9b1924fe5c8f143db427bbc17cac561,fbe6593961dbefca927fbd763a0dde0b728f341ac8c2ff1148c307636d4239d2,DeepMath-103K,23803,train,3281,1
3282,037de600370fdd52eac5a6da174ad943915d76713cc951d74ae6ef3ccdf8749f,d18b664bf4dcdf581b0e70725c72d1ac276cd40b68148cb153a307027fd08ee3,DeepMath-103K,4790,train,3282,1
3283,0607b105a0c921a62627884120a2ae52c6a1dd20b6e386b36462b6427af94f72,763bedda462696faf5a113427f1ea8c494dd831e11b81e7cb7f81616103e610e,DeepMath-103K,55549,train,3283,1
3284,0e2f7e11ca1ec2354115e93235656bb76fc745935c1c8b1a51bb9de0b5a81e19,ccfcf4b4186f1e59750cbe39c1a52d75f3af348a8acad1587d63e32c17f03844,DeepMath-103K,9593,train,3284,1
3285,5b5c88a703f2918c3e80f8c5e21e60494b0622f1d664826c6fc60c6abee72c0b,dcf3f7935244b9f3e3e409863a27b34f84009a3f294e134107a16098721a14a4,DeepMath-103K,16310,train,3285,1
3286,8708f2753d24ab12d5a11d930838c6aa5ca0e4c96393272ee7d848b5b77de4c4,2f073f17662d88959262e2fcba003abac83b0abaa3e7f5fb877f3d5032780a7e,DeepMath-103K,35108,train,3286,1
3287,dc6fb4cb83243108ab2af615f256b5ca5c868259eea9e9068a9244d6b0f0a3f4,bdf55b4fdc4ba1febdd4290fca4c2587f40867ce2a7a616d8d888a424eb39e0b,DeepMath-103K,20800,train,3287,1
3288,d3477f578d649ed2b22b87d9d607d313e2aaaf4a1e07252ef1bdc5b322d1c5a7,c8ce21cff4c7d964d383cee991b933ef2103726077fd08bdcea3a0fe8ad5afe1,DeepMath-103K,11880,train,3288,1
3289,c210e0a020664139d5a9fda1d2eac764660bf33ecbbcc39336946eba7d18844a,340991110b55928f51e93905a15e05fed48d702b661afad858a8f02cf1c1fc3a,DeepMath-103K,39807,train,3289,1
3290,e37ebf2686fd651e40217ac48cfb20fce24efe57214c4b50e308632e4f286991,8e4a80f8737463964a4cc3a0290e6a0981a9504ffc0459e4e5a3584f005033a2,DeepMath-103K,6185,train,3290,1
3291,7432eb84ac894b0b82f29fa9498b1027761ce671cce9267e9a23b442b89e9e34,eeaabd0b9497c8693c12323138546e0bddacb74b83cb34f9dc9ddb7a46dc27ae,DeepMath-103K,34657,train,3291,1
3292,1e93ab6e585147e024f4041d332019fd019366963b32a221f1cac161a947cfc2,1e38082bcecceedee86f025173cad3e585c29014434a768336d862a37204040c,DeepMath-103K,43140,train,3292,1
3293,5ca3ce05d490cd6a7ee825cd5091cd30377037b8b06b157f15fc94b30a6e9824,bf5c641382b825f15952c2e26f04185f4a07edb3e3f00b76dbcbdcf8a56d103a,DeepMath-103K,22687,train,3293,1
3294,def2d7309e0078f55090b972d7914678e3401a7eb96ff2b36142b6f01314b172,412e38b59797d5b0922cea0d7572bb556e093d64fd832519bdf7d62ddcf8d419,DeepMath-103K,40836,train,3294,1
3295,f3bccb1a4dd880515b2216086b6d263747de5f2e606bccd505c7d2a05f633487,17867f41918929e7c3b5d2c70204b9e4fc5d0ff1718d302dbf45b897f2a8b4d0,DeepMath-103K,35128,train,3295,1
3296,1e198a502d9ddecd38cfb828507c85f3bd3db1a67311e51772c935cecb588926,32f4d4618d02e584d4ee6f4fab7b237f099cd5dd56ca937bd00bba4df273d889,DeepMath-103K,10125,train,3296,1
3297,7cd43bc5767b0b090d0afa3a6af12c029c9a49c180d58a3d891765183cca1478,6e1001f189c2d9aa748a9d61484dca6d40eea2589c871dac223c743c6fe16c5d,DeepMath-103K,20818,train,3297,1
3298,5e156e1047930495030e19d6eb221b40573ac1a7ca8171915d8d5ba882881247,da12872876bc4db02ab04da249b245e7e7990f2ccb2509c00899d412d3500630,DeepMath-103K,12893,train,3298,1
3299,22824b41bd6fbe0a2818d8d66e03a03c9b8dc88a476803ef15815dd193772780,b97d5c3d218e404bd9094b3b7cb396fc09ea1c5f9e61e9ae001ce81d1f5db586,DeepMath-103K,56239,train,3299,1
3300,5e53223ad3d4a2bcfbb4f25d85fcb60f019bb6624246fc122575d1cd1f11a469,b4fd215d0e89747cfbbd5ada5ce2ad3d1afaf926c6a8434edffd06cf7da2b395,DeepMath-103K,41925,train,3300,1
3301,0507a191f766340e17b70f957c326b57edfffc02c41f931443a6798853de4718,8c2cc7a422aff920365c8243a71ab00121fa7604dd46b815166798c76b46d68c,DeepMath-103K,26555,train,3301,1
3302,f20a8f12b633842c9434014a130ff36e725363b43907762551a868bfeeb4735c,5d7cffa862a85bd099fb8cd819de873b5d83c3bbc965a7f93903e4f62e3ebeae,DeepMath-103K,18781,train,3302,1
3303,5dfaf5ee5cf7fa994470453cfad2c034df04ebe204934df092cd05a8011a2bc8,2fc6a4b7be59c5b16c06437d0307eb719bc60dc5cb605282b0e30ebf53af2ac3,DeepMath-103K,37403,train,3303,1
3304,939bbd589dd7ba6426bc89ef317dc1b7b1d5e8067d1352395ce819bc926fa197,be6f065b95965f64cffbb33844028b106c2208fa9d68085bfccff4e412ca8c86,DeepMath-103K,49594,train,3304,1
3305,48b87ca3795fe175ed545e4b050d78e5f5481f45b15c9a92a09551db94fbbd58,7d42fccf655991cf75724e46fd23311f9507edcd7a7a7c9b528a213e3e66e78e,DeepMath-103K,19746,train,3305,1
3306,002cb2979e4846765952fdc10a0f78bfa25d0f50b9d30646df5f52dee03f5d95,d8086e8c6d228b8cd19f4637b0915d9e01392e083e32504d8d96f4f2f4051d9e,DeepMath-103K,24350,train,3306,1
3307,ba1791d8c481b6f1398e1c5eeac56d0a66e2e7c490eaeb4121f8ecef4ec8298f,4ff442db1d46baae8f4742d60af2167274c30299b5185ea2bb3f9960d331268e,DeepMath-103K,37856,train,3307,1
3308,577e63ee29404b11ba7e5026ee483fbe14180c0820f9001a8a40526a907b8299,4741234eedaf69672c82d3320f3198716ca26e3870b133f440338f1ad86b2efa,DeepMath-103K,42874,train,3308,1
3309,2b28a403107f0eca7aee63d56ab5cc81dfea01e480c79778a921845abc05288f,707674aea8ec4f558795e236aa9d7bc75454d64c5428371b60ff5c62e84c341a,DeepMath-103K,23929,train,3309,1
3310,26930f5a3848b25b364fc13944eab387b58723bde28f9fb09e925f795a202e90,fae4ce7d0e27bb8c8599b6901d74924f72a0675d78fa36af5ce8caad22fca667,DeepMath-103K,45410,train,3310,1
3311,8ecd64b72ce744f4112dc3006ce8eddbd1d14639c613def391ed3304c247368e,be04c3918c9117776cc4c425ba15ba966109c569854a4f3ad1d4da71f4828d6d,DeepMath-103K,27081,train,3311,1
3312,563ab02ed1aa215a0eeceddd2c8ee8dd05ca8147704bee7707c06e3f38d24c48,18af556890d26b4c8e9007b9ecdfb46b7205a96128e2f9f2c8704381deff5e77,DeepMath-103K,14455,train,3312,1
3313,148e5af70e1d36ede719e1058f8ed01d0d9a9acdf084046a9dbd95110699368a,bdd6b6beb7d61a705bf3c9c1f9aac5c92661ec45d1f6abda1007a8e0b5b98830,DeepMath-103K,44693,train,3313,1
3314,604172f77f3ba8d826ffcfd16eece3b3ccb68806ce3fa3fa131ca40300606910,eb9500534fb528072ce3efe8be4bf51c98534d7d612063ff251f46e148e4e527,DeepMath-103K,40653,train,3314,1
3315,38c99c13fcf6d4bb01aed14b5327147dd98b6cbbfe09580e5ae8b1b28d21e5d7,d8bbc73542a3bb6fabc7c494a518ae96730ce7a1e8536af541d0d72736ac148b,DeepMath-103K,31158,train,3315,1
3316,cc22d69a45786f163adb8f6062064c126c3a0677b7ecb0088a51bddc8b968992,c8125998a2ddb09f7ec018221e57bade98da3bb8740b3af41257909b8d16117a,DeepMath-103K,54151,train,3316,1
3317,7439ea3d25c61ce081590be63679d2351cd2f513edf155d5b03e07dcb2790c64,3a7a037a8afd95bb5e3305c155bbbee53f7f4a855b327624531710d5213e51fd,DeepMath-103K,36649,train,3317,1
3318,6650aacc608f8317fca6f6c045f165d3f0c363f103d5d6d125f6f3ed095730f8,be5511b7922feadb90a9e04cdb1dff43529df5ad9dc197e0ea4c096c256dec4a,DeepMath-103K,48131,train,3318,1
3319,8d3c039bb4f8ca4ca2dfb640209a1b409d34a27aa6389a6eb9e52e20b729c989,2f957083b1815ee77868b08f16035d3a76c1fefcef12672d17e0801ca9ed44af,DeepMath-103K,2554,train,3319,1
3320,1042123009d1cf6c05b65124d149551c443729f8566b101e8e062558ed6eccac,5eda9b416e7fb1b89f9637ddf83a25db42b162e4b54daedea9f85a66624c492d,DeepMath-103K,50702,train,3320,1
3321,9e55fcee3cfae4d66254776c12489584823cdd5638ef0358b5155b4960898710,c30c00725b702f81e9f1640680ac8350b2729ca932cc7390011af78874649ced,DeepMath-103K,40681,train,3321,1
3322,1d7ea076ceaf4d9c873428cfbcd218b95ec380bd81022bf8e11a3925c2e37327,efd58124b16f6bf82d470ee1b5d6ad4c170df2ffba1b4957a8c1a55cc0318480,DeepMath-103K,46694,train,3322,1
3323,5b5aae2a2219bfc604068e1d2700a5bd45b8bb5006be9a7356bf01ff6463bc1a,a0f81dfa5e746262423ba9422ae354c6fc74d0235cdedfca17dfa3e465d89db5,DeepMath-103K,49589,train,3323,1
3324,dfefeb7a2675789f119b28ad1413f9637fbb8dabd5b21b81e848467ecdd37889,4ef3b7e428260215ad5e7afe7e7481e9b16f8536d079d13f430f1232498d8df6,DeepMath-103K,44580,train,3324,1
3325,6feebc7a649b85a97b39173963c5a7d746a8e5e85d92e14f39ebe461de122d35,43f1414c659f0f3e39bd7643d25d263f24fc2444d02524f9d9206885c5e6c864,DeepMath-103K,15041,train,3325,1
3326,d4b108b2d8fc5c447bda214b3d29d324c71a184584469cc4ef3bc287436531ea,f2a5b1bf5c998ecaf18c4a1765044c6201f0190b75ee778dff534f034207ec91,DeepMath-103K,26207,train,3326,1
3327,6bd8971ee1e18f7310d82b691092360c22f121a8d002d088bab7cd195f66a534,827b5286437a633c8d0f853b44a7b3cdaef2dce4b439abdbcf70272a58d4c073,DeepMath-103K,28585,train,3327,1
3328,81cb9607e4993b711f5e9697d3097a6857531ef45b763fd1c587713595539d91,47eb33e49f7d0c2ca58f1f6f097a831e59eaba66f6823f2b270a0cae9e99ee3c,DeepMath-103K,41336,train,3328,1
3329,6e8ccdf72a22cfaf95d34a79be8072e5ef2987633121f098493ec6a6560e0ce7,e5d73b1c7bd77a5d9329c7b22e59d01dbbd8858f76c44fd9db19fa393aa694e0,DeepMath-103K,25820,train,3329,1
3330,eb0a1e89a4687e09dc4e3735761560e4433b8eea45014bcf911b390380a56818,345ee30a0b65225f28cb9e414809696884cceaa77370462e1f45d59603086fe1,DeepMath-103K,16133,train,3330,1
3331,43bb96c2d764d092c377fe1a3eba7ad4950ed8b1063f018c84c4f605880f5425,674a175e5e8502e8352dab0fecd57f1afe8f4a3f02ef7bdecadf40a0f4f532a9,DeepMath-103K,57044,train,3331,1
3332,65f221024bc1ff1a0202256d4f0c31eb0d69602d1fe67636b8028de9e3fde5ae,54cd286b718d2d3f978e4491206f9dcb0da2f0daf23aa8e9599915767a99d0c6,DeepMath-103K,40793,train,3332,1
3333,74f7e9503ba8b86a2e7835855111568ab78054eb1d4abe8ad1ae90443863e3cc,d247a440312b88ad6a2bb8bdde04883580a24bad2e0e692604eb5ee52fe46f41,DeepMath-103K,37182,train,3333,1
3334,9c6bef5f56687cc9848992f458c8502fdeb0a84ed2a76f196685d688752a2a18,418a9614aade8896bd81a2d216e8a405e1e0d5b1e25867ca89f6028ba9bd6be3,DeepMath-103K,20741,train,3334,1
3335,fff18859100faa45db7e1181af0a49967eaa673e76f1b90b8275e2e65fbf3c40,48b20935798fe59dbacbccf42f2aa08fa8f5a2a6c3c2662f9bd53f1a21e77114,DeepMath-103K,29361,train,3335,1
3336,ebb21bfaec334c0940a34295d3aa6906b833ae5371575539b8f854b4d85d0ac5,da585f4e51cd3dfa5099439ac39fcb43da5bdb1c4b17cf7bf186bbff76f8fb6c,DeepMath-103K,40019,train,3336,1
3337,350bde9b1e158bf1d0b0ecffe61b06b36065ac859c3e650b7871d63ee4919772,1784de8ba43aa49b3c3c76d491b33488fccb35e1470d2ab1ae57d123d05a3ac2,DeepMath-103K,8557,train,3337,1
3338,bb6a51d8414ac515e162a6d6f97e5c1f940387094e4ea3a8cca66cc14a163357,491c6b0f39bd1faef4b5cf47047176feb32957b64f4149e414dd969e8869d77c,DeepMath-103K,37063,train,3338,1
3339,e0cc1b4a85d3c3073f1b75ca4b943a2115ed93811a168dfac3f56112802c1fcc,5eeced99aa3d292aaed056b6373e6622596dd0e31c594e41cf0904059f609ea8,DeepMath-103K,32850,train,3339,1
3340,c8be73e85cab526418a4017e190b64617351545576cce22ef2bc1205810630c3,f946901d845529e5924359086816fb1f9eaa53bc859bb30c2e782bcd58102df2,DeepMath-103K,16791,train,3340,1
3341,05317f123fc995aedc114cd757ce550de3a9b7a4ec6a7979d94ecba41099d368,dd51f7cfa90eb47fa1a9e221d62b1bc30fb64621bea7bc5866f975c4584d2ca0,DeepMath-103K,36366,train,3341,1
3342,d009ac8883bfb4fcc8ad12b29a1b0ff9af793941308c00bb79f38033ac988139,5debb276de6421ffc21e7b8ddd3048bfef879418b36d7c34b016536dfdb0e77d,DeepMath-103K,38416,train,3342,1
3343,3712e2cab8ec8ce610773265745f4684c238b6928d3153aa97004c684b5ddde5,98fec1e0a2a1bb78ebd5f6db26222928f8d8d1cf4090c22b84bb762bf480a330,DeepMath-103K,24671,train,3343,1
3344,6d9bfb4d0e06210642f21f38125b7c8e8754c56f03f61335b92e98dc9dff022e,d2884ad320eff2319631c0e00755c2d3998e45bcba68ad96d83de00049aabd01,DeepMath-103K,16565,train,3344,1
3345,f4e2856e016976977fba4597f5b9a30ccd29853970d539ddae5776ca405a178e,0cb10c6d513b69b1744df1080ae7d3400eb28bd76e4215a9c855db554e161a1d,DeepMath-103K,36751,train,3345,1
3346,d0fef4f1e47f3743add3a33f095644d4794b960126574991d9d148f6ed3e60ee,a36f7a6eadb2f1d97ea1e52316fd2a1edb447a1c7374331f5ce0aeb3515a30ce,DeepMath-103K,15211,train,3346,1
3347,1051ab4653b1742e7d56d6dbfde6fdec4ddb3efab8324e1470c1a439688d1310,839c2f928dc02b643fd1148b3a00743ee751a848acc1a4798587ac41d397dd9f,DeepMath-103K,26565,train,3347,1
3348,0cbbcc5f2c7fb0f26be5cbcdebd54815c669f624533ed1055c91ac2d2c440140,1e78a13a275424da0f9be8ddfa2362710ab21e8cc2c55cf2f0d00b46bdc07d4b,DeepMath-103K,29116,train,3348,1
3349,22a7283bd5d560cc962eabe52258b7ba1487d5b1249c5132183f4f5ae959191b,22196eaa2bee4cba7f815b41d5f73a08da138bfec2a1ee2ee64cf2bda53290fc,DeepMath-103K,36927,train,3349,1
3350,4badac08bc56e59043d465a1b2258f4fadd34ee7dce730d686ee95ad1aff2dee,d7d1982cd69fd6269b8aeb26f1adaff4eb3b765fa1a5ff8e3be912600e5cfbb0,DeepMath-103K,5219,train,3350,1
3351,4d1094d7fb577c3d1ac8de322e92529b7e9702a8c7bead1673f9a7408c192f03,b4f7a8d8220327080cc2bce6a6eea1dd5cab212538b42cb8016dd139253e5c33,DeepMath-103K,30355,train,3351,1
3352,99b266f51338844eb6ddb1913a77d90329491389d5b9bdad427d0004a73b4396,bb0f956bf77602774eda0bd2d7e3e99f83e6ea9828be6d01b8b5a6d6468c56d2,DeepMath-103K,44489,train,3352,1
3353,93191c4f87512937a0b4ed72bdc7cef8d260655d3405a824ce7a85b045f9b2af,838aa9d5bd3db730c52e22b9292429d69e48561b9566f3dba807ee5116c6b929,DeepMath-103K,25626,train,3353,1
3354,c45010e21adb8710b4754a24b3c9bfef1904b2a8f50b105319d0fc9c63440d3f,19f115a8e2f7afe4cc3d2f41b65a067e549ce9938fe3c394b4d5f5f8c8cafad1,DeepMath-103K,43907,train,3354,1
3355,f715c2a539a5566413fea147ef863278f36a063996c6c4a94b34fbad5e32be61,c11530222e8158192c8d56aa5876b8f0eb64c0718d85bf60f95ce0b492cbf3d4,DeepMath-103K,48347,train,3355,1
3356,51f90373e7de15fad5e7a8b38b93912af62ae911842e3e96940f7d3fb9441c27,45915691d97c77feefbc783949229a82b565415745e22624ea73352bf389f769,DeepMath-103K,27255,train,3356,1
3357,2b253fb1a37c2909df97c398bda8c568440acafd6437a1fe62444bd9d5729fa6,df073a8ad5ef542475696117804e24a2361aef45fcc84e1329863d8a9ad6dd0d,DeepMath-103K,1776,train,3357,1
3358,9c38b7cb2b9ffbe77a7c448fdf878b22277aa5e23741e3e2d5d4486324bf001a,be904b22a2ca775aa9897ab699ff25dec9eed7c358de80fb353b04625efb5f17,DeepMath-103K,19067,train,3358,1
3359,9bed0d37cfc440a0096c9a3ea5ada51996460a7a1fb436b2b82a73bc5599f46f,a1560d4da7c97437671b176a71474cbc04fc049264978d5394bec7457b668d58,DeepMath-103K,14039,train,3359,1
3360,3025b4bd4682b3bdd8a8e2d5547deb45276a0663a6241e15ebededcb39e909b7,36e1f3ab8d806608f904730b5dc795409da7ade507c6c79c17a084255f839f49,DeepMath-103K,48009,train,3360,1
3361,9127ee9102833acb746771d55818ebeff73a025f926e1e725a1db393574167dd,ad13f3c267bc8042b78710faadca84d99c9ca8218b139a85623646925aa39ac6,DeepMath-103K,33981,train,3361,1
3362,7502de9507ad4266c673bbbdaa87c9748847d6c0787d9cfb766925576e12935c,e99e1de1e80f6f956a5c05dd4787cfa541156cc4e1d7a139ea1300ed0e4189e3,DeepMath-103K,52052,train,3362,1
3363,cb5b8365439618cde8c4a7c99290cb77e358ee8ae5097d601a64aa32023bd10d,67b7fd078ffa7b059232ec5916eca9cf25069835f7b30fcf0079c6bb1e470baf,DeepMath-103K,56807,train,3363,1
3364,bc7db59b596069791117a701851156cf79020129e3af26b89ac45f1e24caadc2,facd9e43eea9e40e906cf1d4d25f7d7ff0edf8d48085c747c8d1c57932d6bcd7,DeepMath-103K,35124,train,3364,1
3365,8107507ae3e90bdcaf3576bdf3bffc08350f0889bda2a60fc19ceede57344798,e2da67340f15ad9334ccf18d2f0073c71a204ba6ed161f0ffb80b9db67975f97,DeepMath-103K,33168,train,3365,1
3366,f17aaaacc72784555254ea21c6a6056a32e8b074717fdad56c52f12be9f3204d,9a32e3f302b7f817f9959ec3e9dae70cac350137a7a5a13c6a7b75fa6bd1b443,DeepMath-103K,19530,train,3366,1
3367,1644c8a7692ee4c8f36d0cbae4cfa9eb06d6d979556e2321fcf77de3e61860a0,8ee7f554b7f648efafc8f6a1912f1d5be6f221d90e460bbd05390dec66c1b108,DeepMath-103K,3755,train,3367,1
3368,c6f7faf0d8a38ba9e3399da9185ac91e3edf24719f05db51ec26240e4bea37c5,349f5c25a5b746ff578bbcea91e2655012ba1e107df68f20b00fe2d9a0c269ce,DeepMath-103K,38534,train,3368,1
3369,448b39a177a0fd92e3e4c725fd98e80f35009898860833fee55a411ba3fcfa9d,db942ec4eb4aabb88d0286eef73c4bd19189f76a744d414c2497a8bad051fc40,DeepMath-103K,48021,train,3369,1
3370,0df1be45f2df32f8b84640390ff3990239957564b26debb928fc7cada5ddd24c,b5f81cb1464078fc933a707bd35270cc8052cfa664438e5e0a951113b639729c,DeepMath-103K,17382,train,3370,1
3371,96325ac8ae5c5edf9702415ae6af6650ec4c1444653de11451431f3d2161d7da,cc04c2471af885700f311600bdd4ec7e24df8e998770922ab322fba93b0970cd,DeepMath-103K,18887,train,3371,1
3372,a42ef9e25fc7fde0c32211216cf5e09e77f8e8ceb1905aa1b9f7e98bb582e186,abdeddaad54db995ecbd24218484ed9929554fd7ecdbd3d0b5dbbb8f89f316d2,DeepMath-103K,45590,train,3372,1
3373,519ce59f4dd889aaa18a2e589e8c299e7a63bde6f4afeeb650fc20d808bbc1a4,25741d23b75a8cfc912a54034b988f9fa5798982c015d8e8c45b740c9a9f6c0e,DeepMath-103K,16546,train,3373,1
3374,2928e919cb7aa6f181474e1d3d1213e0f8b82bbba5f02c76049c7ea84dc11e71,4be1c3807cb5e9e525070f2047e560d2bc906bda5cb0072beef82819eb6f3ea2,DeepMath-103K,17199,train,3374,1
3375,9c7654eb3706e8af5c8a07b31fafd35b484d1ffb8df42ce70f4148465dead640,f2646b3872e88ac0e9db252593bcfca26ebe8cf5d1895ae6b72e706e46e0bcef,DeepMath-103K,27823,train,3375,1
3376,17087b4417c14efb37d68b99c3edd8d24fb532930e4ce82b54c4fd6ddc559b52,b861e4b7afb0734664883d0c9d6ffbbf1b650a4ad9f18c158539b55ad853ca02,DeepMath-103K,15758,train,3376,1
3377,376053be49db1ac90d3f70576e63d44e68cd09c4561cf094f3bb610bfa5a3773,51bbfd39528d58f59b4ad69353c565d9883a2a13a0ac383d5af8ae78d1fb1b7c,DeepMath-103K,16778,train,3377,1
3378,44adec76a2deef647bf1db859505f25f09e826572913c3e893791c9b83f8e728,e2af9875065393f347b9b8a7a86a9205dea138ac6585d76ddd4c529bac796af3,DeepMath-103K,56207,train,3378,1
3379,9b891c770f5a3bff037e2290d1e4a5c898bee01531dbcd71a8c22c86f2be2987,a1acb8e29d490e5b2b5811f582dd776cf2d1ae0b5ad8d6bd74a05d92e5ae557a,DeepMath-103K,15649,train,3379,1
3380,53018b6146e5a539e1a68ddf05571b78377ec866f95eef0d1135822a75d4b8d9,1358da293f336cd3d572a583e1a1d4beb43022eda4be50b67f6c3ae5715107b1,DeepMath-103K,4223,train,3380,1
3381,3aca217d974d1cd598c88fecface688de4e9e4b5ec9c06581fcd3e6454b22e6b,4ebb04cc81bafecf382144d1d3f984f34a78ad22dc97119f36467e73c0c401c5,DeepMath-103K,41518,train,3381,1
3382,54055ffab7aa55e4533c2fb0ef9f2b558279a63d47484e283ad97c85106b6aac,868ceaf42db8c579d6d35511bb7895c6954fdfdc16cbb6ca7a1eb117b4d97c97,DeepMath-103K,2729,train,3382,1
3383,98291fd513a3c7a226629525e7eefc4ead45702139e1ac0607d8d9dc1fdd255c,ef3635125675259bc731a9c97d7c472cee27f52aff1d34cc80e064a2c16508f8,DeepMath-103K,815,train,3383,1
3384,d7dd68e85b150c2bf7f56c30952f823ea84a9f0eba46cc3cc1ad9a96728777bd,ba7d7c1d544375b903124ea3e2d632629a34ef04d0e758db17255d5cd63a7fa9,DeepMath-103K,54353,train,3384,1
3385,0ce85cf4687455649de1727c043a1f1a6be3da2bc105d7e0060bcd5613b8e2db,61077c23d9c4ad78371615f41d1bf7a022d4a9241d46453aa5323dd7bd11122d,DeepMath-103K,45103,train,3385,1
3386,a571808cbff58a33731e308ab6da769c7e3e903493acf450f2cb0ade18dbcf97,c7d423e69870b8922fceec421f9cf3862b9c028384e2b3a0b22c0a524ea2dccd,DeepMath-103K,22872,train,3386,1
3387,6c50e5b03669d1922632e5454e97ea8fe135d5111142722c44af04fd7bdfdb02,309e563608bfaabdbac253cba3324076fcc1d14c2b6edc80149a2a92444b82a0,DeepMath-103K,14403,train,3387,1
3388,ce50f82622993a53af2dc68eff3b4faa5bdf4a0174fc2afc2feeb3e77f3659de,90d243cb1ac2285b7d64ef571f9fd0eb05d414c976ac08266dc82d34fbe5904e,DeepMath-103K,14257,train,3388,1
3389,38e05d50d45c0569608133557cb0e511c2dbc0424b24033f125f55048c879b91,4e216d9fae8254e24ffddece5e52d38678c067b1acf36e141d2e81a2d02984a8,DeepMath-103K,866,train,3389,1
3390,d35c15973164b78ed72e27af8e6b5c7721f3ad0c65036fb39665159e565dac2d,769cb8a0cc4535add056c7f58ab5f5989dca266fd63e79ab5667e7b96a4d4028,DeepMath-103K,12269,train,3390,1
3391,46cd415980edd1069fd626062560d745708a0432901fc4b9b3025f44d95ad83e,65eb647bd8ce1dd239f7262926ecf6792c82d40ce8c7c211ef42fe9792952f69,DeepMath-103K,56742,train,3391,1
3392,2bb5acf663c88c6eefa015bca80c96e8887d429651f6c873412ec09fc0bb6a55,2dd9b083957a173bb49f9c53c8d22568ff9bb7dbb471476d4b7e236a529c7668,DeepMath-103K,27877,train,3392,1
3393,616bc499cab422880ca72db39751d2ef3a1fcc174f050eb8c322fa27a8c4996d,150d0636ae92b629f6ff90a73876f6c939d13bedb99a58f15d7fcd704300acc8,DeepMath-103K,53033,train,3393,1
3394,ac8757148fa72a2156ed059dd313fe6a41174f567c27cb04c2ce073dc9f31039,7bef15dd2c51f680026f1d825ab8145f59fde543355a8ef9c0144bcd10be1fdc,DeepMath-103K,45751,train,3394,1
3395,ee3e3c0cdf67e5b657971c3d1b60a6779c86acf92c126ea1990fba8d23567347,ae5e699169e93852444d18b48de9a361d888064292f00ba5b4372ad30cafea47,DeepMath-103K,7349,train,3395,1
3396,1aedff17d04f6a565312892afac18ba33c89680e2d88619373659ab88893fb4b,bfd63a5db359a472203de4fc5acaec4e95f298c50220b5dadd4d13bddcfa793f,DeepMath-103K,29574,train,3396,1
3397,ebc657910791fbc9a0c627047c0864fa1da9446720206c15281e476fe1d518d9,1bd97b146e778da1151c7e2ae06bfb8751ad3d25b8d29ba8c6eda3ca479f7f77,DeepMath-103K,53555,train,3397,1
3398,46c043726ddef11407acde5d09828e0e0f28eb59a9a3d9850c88da5b60320d0e,b6c6dab6da52a52b970cc919594e61ec6753447e2e9925bc2610cf75c50c9c78,DeepMath-103K,12167,train,3398,1
3399,55307c8bf024c348aad33005585519322de8a5dddc1200f54e98c54b337e7d7d,ceb359c1b698a8a2d52208f34946a45a1ff5ec0886b9b017a1f084b83807c759,DeepMath-103K,50506,train,3399,1
3400,38f985494f11ffd6b3952194f1538148e3802365b2377173df48e768759ab044,4340792df227557ee096f8dba71a04114d9d16844a8de2d2374bff7b39191471,DeepMath-103K,33179,train,3400,1
3401,6c73e1a805ff529d2785a001acc0a0b94ca6e1c744e4fdbb4f5fe7f2173e8e40,5601f6732a9efe39e93e0f6a92d0b017239c7757aabea114fa818d0c7a925c18,DeepMath-103K,42809,train,3401,1
3402,79494c7e2913cbfef511a418a389753e4a5e5eae927dea132786f538a910b758,ec72679f79303ff385599f59508c468373125a18c4a26ebe9a1bf4af4ccbb0a6,DeepMath-103K,34154,train,3402,1
3403,10006bfd66d9211542269ed384885be5a270c33a3e44a3cc64b149c634895405,ba39ac2f8b6929cea45fc910df3487071dcc34016ae0bdbd6bcb1bcda323de85,DeepMath-103K,5763,train,3403,1
3404,6743ed26990b24dc8cc2f7ac2b2c40cb4589cda7e34bf0b802b081cb3d5536e1,fce81ea01c75d6269492029bf76be122feacab2417e81819d874211000d67ebb,DeepMath-103K,9522,train,3404,1
3405,caa6f42d026a2d9cceafc487b5c1fbc47872e88b0b678f93443ea3b00445dfe5,f40cb31986f347a559630ff82dfe5c1ebec595170dc5e2e0ce4c3b8a5a09e88d,DeepMath-103K,6600,train,3405,1
3406,ad027c7b3421b918c0601b6e533865b6585ee5551f5ba680e082122e2dc53039,c48c20793a10a957564f2031cc0e22267b2e093e8b07506e68da3da26c317961,DeepMath-103K,26432,train,3406,1
3407,5732d5bd154430c075544f8b76650f32a715f3f6cc234497461b547727141ea0,d1d4a6d7f33078a29b10a3f346f584996d9685b63eb488d279eb08c8289d2888,DeepMath-103K,40901,train,3407,1
3408,220db6938e5873cc2678287eb61c7071a0e9044d7e5d4e198d931579b19239fd,c86cced178a3e52a2145c973ad0fe66d6ff78ee5663355124610eb0625d396f6,DeepMath-103K,18257,train,3408,1
3409,6c330aa5314614b5e7ed58655dc5db49d45ecd1525031f3e8d0c633d41dff76d,9bf1654558bd57cff1b2cbd5740f87e07029ea533c492d15a27de4db9c630868,DeepMath-103K,36639,train,3409,1
3410,06097114d0a37014661ec0dc72ee6a32b1f3b7115fd0081f44ceff55e602a2d7,f57d2cb5c4a949e1282881784d23fe5b43e8c5ee101e71f83ee73646346c9e50,DeepMath-103K,40504,train,3410,1
3411,443c4c13cdc7b0fb5624cc3f3ef1e84a2f6a7676f70a4e6e2595aad49bcca3d9,33886e474d6e14437f3dadc72af9bb992346973635f3c00e7be5376032d9279f,DeepMath-103K,1600,train,3411,1
3412,c9c9ba2009f4aed57a5d3d1144baad115738ea92aa6e41fe8c4553c11ba390fc,ba3ca49e5ea609cde039e6a5e0d09733cbba8b99762f9e5522a5e758d4b917ab,DeepMath-103K,1158,train,3412,1
3413,ec2a37935f7edad3f28eabacd77db15b5a265a9e00657b39ddfbc3f798fc1c1c,5ac4fed9cd98cc454da290d2afcc4232c4ca8ba64fe535a57cf4474be31f5d36,DeepMath-103K,43161,train,3413,1
3414,81e5e47fd9139b00fdd40131c766123d3c164b16dcb77b7e88adfb6616c25b8d,a12008762515a96fdb9f7525894bb674cd3fd0378c95d7025a5db12658de760a,DeepMath-103K,54988,train,3414,1
3415,1b48251a8cb59106e1222d2eb4c725ac6ea0b46b8336a223df377eb7f8964adf,22eeb245a017fcb61055f393960e6aa01f90afb98662844a89394a99de2cb94d,DeepMath-103K,18153,train,3415,1
3416,b44e24b9769b21ae9f1cdba473d6fed592bc56f0c9d65fc7f81e3831e5af919c,cd0f9f5c7c01375eebb1f75614926860f1f4dbc027ed793e84393a96ea883db3,DeepMath-103K,29202,train,3416,1
3417,548732950701f05f15f4ba1586359920f6d9feefc1f694d9dff007470adb829c,84b532b88132ab8c2271b17020c886f85e6cb45894ee1cf79f19a90ccd95fc1a,DeepMath-103K,7084,train,3417,1
3418,d52f491e1457d7f380b1d0bf3ad1c76fb684f8ae5007dee20ed43fe7be6b381d,06c420557fcfa16e252277d6199d78adc823d6c4dab413aefd8673ff5d41c1fe,DeepMath-103K,45465,train,3418,1
3419,44e0c1dfa1386c94fb77b7d75e8147a2be0bd0b27699f6fda9d81a86e0c117b7,4cc21db6db16b769224b2ad789d7718edcdd0b55220d18e1794022a5b4e9ec76,DeepMath-103K,6520,train,3419,1
3420,654bce146be4ad5d033973237c895bd6414033208d0feb41042ffb028c07b44f,a62a598ccd87f6d25084edc7edfeec7c9ef85aa2ca9b20139c189ce395ec1a6a,DeepMath-103K,13684,train,3420,1
3421,ec4d139dac47c63733fdf3c1e32c94a014d729a1f77d397f5cb64c80d4e29ed1,9554356bd80f9bd4035408ac4cc34052900e73607c1efde7514df75164ce0fbc,DeepMath-103K,6562,train,3421,1
3422,04e166b41e88b558331a3fa9f748f6dd40d66d49348d04983bbea25ff495a907,a5dee94e9ec3f6e0dd79d9befeebf2079cd5f666a602c0ec970ef19cb841b507,DeepMath-103K,30523,train,3422,1
3423,1c0af44e1b1e2e2c28c63b3aff370da129a96c915911529b4e93d8f8cd62460c,883b08ffda0acf8ac118c690186ba29db1b6dab635f29537923a4f70b927cef6,DeepMath-103K,31913,train,3423,1
3424,76b32777fddddf1923da6e273218ce95516f61e452b9ca420c16074a6b91e125,be78453ee5175efe2c08b520c41682998863caeb7d9176b9369945d4209aeccc,DeepMath-103K,49100,train,3424,1
3425,b414ad8822938b82608bdba52426c7ce0b48a2deba275c93b4af95a7507c8ca3,b2ed045dd99681b73346bc62a22ce00248cdea6e61ab51c67c763d217bfd846a,DeepMath-103K,46800,train,3425,1
3426,77497faa1f1626b3febcc029165bd0cce3149af475daa98705211a960b32ccfd,0fb02a528f0fe876b4a5047f9e966be72dd6c42443779dbcbfbf7f887e341a9f,DeepMath-103K,26304,train,3426,1
3427,05ab79ace9f6d046ab774b394225c8fb776b82def5fb26cd94928ab7bf4997b7,cae3df878d9308cef92e81ff796db9c8624e6c99752552ecc27baa7c53726790,DeepMath-103K,43690,train,3427,1
3428,47e049b383ec9e1304350355b816f72694ee1b777a3dba1402eb7959ff22f080,ed6eb03e6098b3294ca3ebf4586e79af88d9b591db3caff47c5d14367d73e9c1,DeepMath-103K,1623,train,3428,1
3429,5d40bfa4a079d860b0774fc9fa298702fc69dc2c7bb4ab2122daa75a4ba4f648,c83899598debfde9acb91f71a7726d1b05a6183abe2346216f27be571ba00800,DeepMath-103K,51165,train,3429,1
3430,6d159666b8e789e648bde0e274db3365e2a40331625e3b63105cbdead720cb1a,36fbb6da94962652413b8079b590b3f15c7ead258bf23ba51844bea2e145aa50,DeepMath-103K,6529,train,3430,1
3431,b2b3fe889fec361c494e1b81946887a146cc4c395597fa06257b8d3f6201951a,0c79f911daf877f1e9992ae9a1986dab8245e6fec43dbf6ffe8c2848aecb4a47,DeepMath-103K,44599,train,3431,1
3432,e4bcac13966c6ed22e4c3fc0a32c251b7a5965d9fab210c1963d96dc4291e28c,2bf4c6397cf5c5b63108dcf104701b78cd00b2a98af8c48e5d2835c9a5590e7b,DeepMath-103K,33733,train,3432,1
3433,8114c2f278cd29501140bc3c11c94122b2defef72618ddca0de79c96bfdbfe88,7603958cd4e6cdb3d21328d7d4d59f03f70cfb4aa4efb5a52ce4d85be8bebfed,DeepMath-103K,10677,train,3433,1
3434,188612dfb0fcc97f6605693744753c6d2492cea8a9a72eec70d1ac2742326880,9198475188c499a6fcdb8387f376c34f0c73a605c617e4de3164e0cc26e033c8,DeepMath-103K,23985,train,3434,1
3435,63d490d786286ac15b930eac23db2c760414a4a0706ea04149ca72067768d400,c5fce33e54e1d5e8c06e2c9be48a1996806f85140d61bcd6368755d97ba72174,DeepMath-103K,45178,train,3435,1
3436,07316d1a53974b9b20d864e6aea2bd908ec7984a5bdd3b0f53f1a502e7b91232,95e588242fee83e691123c5ede964c1b5358e7859473e1fac7a32d9a841a8852,DeepMath-103K,26323,train,3436,1
3437,875d31ec0104ed9a88e22287c81078db8091d68e0574d6cd8153b2a2a875692c,94b7ce2aa4743ce632ea9b5e74f76fa53691831ae3e5b9809837a1a571d23d60,DeepMath-103K,7003,train,3437,1
3438,6b1700e89a7fde43a6e7ddaf2247a4c9796bded325e1e8eb2b2567a7669cae48,015372bc85fbe3502eb50815e76639a6eb3876c7b312e8eb3e42c5069f153c93,DeepMath-103K,12270,train,3438,1
3439,8aba7f3c969ef515c898e845f1274f1aedb8bf94de051812ee696c414f55e341,6e0d7b448272147c050f86f44f7852f423083d7777d69bd0726c3c6427039ffc,DeepMath-103K,3642,train,3439,1
3440,cd64d2e6c55df66e0278e1a289d6a751a62ac7c14509a04e724e0d9403155d87,bfd81d1c4917f1dfb95ef50cd0b10c72b321859e20573d6309930eb1bc05b7ab,DeepMath-103K,7492,train,3440,1
3441,ceea158d653d97d95707bbe17897a09ff69ccca4b27c4a4026e75637ada1241a,b245322384efb5a1436bd82c2d8a9e3716ee09a0bac27f1e6eedc36042045713,DeepMath-103K,55853,train,3441,1
3442,78ac92f5531cb22f061cd1b27039101d3721d3f872f6f81c6aeafa8716962a56,6c1573b84092c21df79312807f02033fd58abd76b2d29e78e036de91c044e3d0,DeepMath-103K,16819,train,3442,1
3443,a1fb6f45665edbfe3ee308dd3b66ac70baee6f2c4ccd61b1f4f976dbaba74624,72ada6db36e1200c7df27aecc21f0fe0a6436dcaa86c484531147154c2bc1ddf,DeepMath-103K,2496,train,3443,1
3444,b64bc5c71528a6d4182f862e4dbb068ba062e3626e5bf33b491a9f86bbda9a5b,19a8c59c9e73bf1f74ce575d800f5d697d5ca2e9ffcbec2e8a5256543fd85d89,DeepMath-103K,13465,train,3444,1
3445,beab07188e26a1e0cddd4c3ab97299e020cce3e75b55819a883ab8ad47f3aaaa,1e03388454d3b9f57ac8e1f264186d990d4a71d83ddacb548f401ee81b21592a,DeepMath-103K,51886,train,3445,1
3446,7c0975cdb662b920bb8f2916d9ae585495d5c33f6bdd1a8940188429a1c76099,3cd3ee1ba7fd97e7b7800d7a569a3db6e6134b1713ca81bc6b37515d9bd1eec3,DeepMath-103K,30176,train,3446,1
3447,089f41d0284837e5da8d5194ca9dc52e33169c0000bbe82606a8deffc5ea2084,591873dc45106045b4b9db05bb20e6f6bc7c06e3d1d5339607ef6d0e2bcdbe7e,DeepMath-103K,14192,train,3447,1
3448,c61a5a88f09f2f3c41733d2b077debd36b7b5bc6116b5ff1a69caf114c8e24a3,e7f2190e4cdf7a5f085ddbee1a9dfa884bc1f183f54b43c992cd5371093ac219,DeepMath-103K,47575,train,3448,1
3449,7908a859cea72013086d5c7fb351a6ffd93ec7a35724248c258785e5ebb9aa85,254793b75376f4b47b193d6e0409f99894d51463fbb6919034b9b82a11804658,DeepMath-103K,44458,train,3449,1
3450,503a7bd7bd1de67ccd6d81e972381f95dd9df5dcc04d94484a7669cd4b41e4fd,da6bc5e30cb849ee5a4c19647b86b64f531b7e9b6e6d8dcfe21a8ec1769258be,DeepMath-103K,24428,train,3450,1
3451,9be51b50df0e07c29bee128da7e6410435bb10489b8cfe19d40570af2f71462c,dd5008ff4b57751fab98c2054135597f3d754d52e5205415684509aebe5e1791,DeepMath-103K,13327,train,3451,1
3452,4bea67d5dd6cc81256177e0cc37fc7985c9c1df214e6defe5a74c2633518274d,884bd0a95311a4b05dad87aee02f752dde805257534d178f2b65825ffc581d41,DeepMath-103K,31909,train,3452,1
3453,a97a1bd3cae18d7733c5af8a41875980f63de488fd6f76110d187a9fdd0db1d1,cd24be32069e39c567151fd4162c4b436d3e1abb92f6cf001c8e75de533c18ff,DeepMath-103K,19629,train,3453,1
3454,9779e0bf2d20b9c238f545d24cb78c240b78f68eeb110dc5361c45cce92b779f,bca6cab670c6e87e8bf5d9e35ee3a007094ef713bebe1a3f9dd7354e6c01b0ac,DeepMath-103K,28387,train,3454,1
3455,1d83ce0b77f872cecea8d1ee8376559ab11f4463e29fb53867cc3ecb9368426e,c7e64ae747f34cfbad4f2ce656ce739bdd66fb68a949dc47290af1a9bf342cef,DeepMath-103K,13284,train,3455,1
3456,20babb6c373c805ce370d6f1cdc04d8720df028ab808aa26d265aa5d5f40f155,d9f1c69cbb36fe709fdf4e374945fdca2b248d8d472a6b6bec31c765fbfe5722,DeepMath-103K,14444,train,3456,1
3457,b159ce93c4e40f1529d748661826589e8277e21306120f0acb52a70a7a1ae1b7,ed68c4273f344a42ec494baf91e1fd0ae17504d4b2ad4056dc03a7d0cd340f02,DeepMath-103K,29172,train,3457,1
3458,c594c154acc03800a47f608ac2fab9101fef281908d9afe83bc19954bc203a0f,bd092abfcef4cd27fc80124fe039b57586d6fbd4d8d97e1fc88a5f474662a50e,DeepMath-103K,19861,train,3458,1
3459,8c0ab0f9e186ad41d3e7dfcbf2ed2d91e9a1af8fd8a1e48cf6aaff4dc500efc5,0f6656a0e9b557979e276a40e1fd5244934ebef5bb1bb843b371edf22606c90d,DeepMath-103K,12632,train,3459,1
3460,6a5bf010e5f381fb645a25b8615ce6895079c7d28809ab25b7ddc3c787ecda1b,9be9bee1dd712a8ebbf13eafb0294801ea030c1014fc4246e1c16babdde9a1a7,DeepMath-103K,899,train,3460,1
3461,0a33ac823949995377fd6c973f5d2892bb50311ba5d6d0169dc57a2a90e8e1f8,e04c63702053697237438cc10756fd4c380284f53abddf7af1ab63bad19b2698,DeepMath-103K,38906,train,3461,1
3462,94d034cb58fa7d253af7135c864b12a347b02ea7680b0c2716c371983535cf1d,fc39ea090613914b16163bc023f059e671e9ba8bb7a51ba49280d489e1fa6671,DeepMath-103K,44280,train,3462,1
3463,a9d50b0492450cca517cdf87715e7e67ab5d3b14c68963e9e4d1861452c83133,ddffa1dd5601c89fc367f0b7835371251698c32dfea6d2faa3e6f1fa1a47f5cc,DeepMath-103K,29117,train,3463,1
3464,ec09a30bae5e72f0b11b978b95b6144645eeb938fa9308fe29375f23f7f4be38,8844cb8443e17b9e766a4445fa89f012c69593d15122acf3a36c791dc62576b2,DeepMath-103K,50946,train,3464,1
3465,de46708ea7ee1242a66b6745eef89ed024192ea33b513133d88942b382c3f4da,da267ac6964e89351659a97d6485e8460f261b8c8ad6b90342d7a8a0ca9dddb5,DeepMath-103K,1747,train,3465,1
3466,5e07048b04b89dec5794be1bcd3d3a28d7fb37294476413a255407efcb32ca0d,a0b226a4060de7efb9ae5b9f877e3764c6de9f5dc33cf2f8692c02a288525a06,DeepMath-103K,4673,train,3466,1
3467,237352991d2fed062ceb1a507d71c514ffcdf9e139b8e5b38896c275a93e1d7c,6e5229c076e431705fa63d8f9a419c8c9df80a5e7942fa325931a59d536b33a8,DeepMath-103K,6611,train,3467,1
3468,9f47f6f5b4906e9de9d6aa1ba1fe2b908b36f73654e376065fbc77132d59ce54,4f1d65920cb5bb048a3502fe9d944ad9cd6a6e4444354fe1164788f46bbdf186,DeepMath-103K,1750,train,3468,1
3469,140c4a61b1cbf29e2041e996b75dd84ced2f597dd0a3252948250e7116d3c6e1,3969e740b4a3ceca6632e744ab3d887beab9703641be8ed39d874a2d0427be73,DeepMath-103K,6008,train,3469,1
3470,d4d8ecbcafb4a72d196813e204d3d4285ee77abc9b6e4b1c0f4c2e447d6f92f0,93403d70859f86b635b8719bbd9d5d35268c807c13b535d21d1f43ed29bccb4b,DeepMath-103K,10715,train,3470,1
3471,e379d4c19ae9c8716155c1e80f9bb8203a7b3029c3e4346b17157aacd79bbcfd,3250e49a505e180e2d5076d9e54d23e481bee8b824975b7d3c111e083e8e176a,DeepMath-103K,24841,train,3471,1
3472,6eefb1097f9d5ee6849e0846cecbaeb81e97a3a5e4825f8132c18079982815da,ef8f7b6fe3dc3325e55894564026af8471155a338b12f5a9c69606c6488de327,DeepMath-103K,35667,train,3472,1
3473,91656fa00b9bf0e6f8b9e7f8bd68318fdbe68d3a7c283729b1a47aba8fb5dc63,d35cb8171f3a5630eeed0d0ab0030490c5b0cfd7a0ab688c116246fa1f151e73,DeepMath-103K,53044,train,3473,1
3474,a34cf83552136a9eb62ce0fc7e57dd991d18d74eed56fc1038f65aee79e98ce4,7be975801defd1b6eedf42e092fbb591ed3d03f261125e175c98ad4af57d6d77,DeepMath-103K,23345,train,3474,1
3475,423b3f0002453bda9e72ba26e669b184b06e02b178d1834c04d9b0a6a0db751e,c3771c17d92060dd5dfcdf0841a6cdc2f1dab61c14998defc20d044d55c61447,DeepMath-103K,46081,train,3475,1
3476,5d64a5b927b72685d10aae53cf4c434f849c354651e0e0458b5c421c0f0f10c7,8957290863976f1a86133ea8cc268021359fba0fd5eedced5d2f941ecb93b125,DeepMath-103K,39900,train,3476,1
3477,e016df4bdbb42262de2591fdcb297b573c62d21151c569e1017405efce86c33c,523a976fd47c3bb3f119cabe460786fc3f99f344311d2567e3dc141e5fdf53fa,DeepMath-103K,37992,train,3477,1
3478,d042d1930cfcfc4e77cf4550b18dfa5a3d84e2e4a2d614814210c098c494b3fd,3b272f8c68a13531596cbc7246bea95fa0abcca9e8859528ef4fa8a9ddc9b2b0,DeepMath-103K,46551,train,3478,1
3479,c6f9f5eb1b001dbdb2caf1a53938ff169036fc5e6000b11b07571cbb60f91ce0,47fd2d56efeac248d9a49b70f0b46219f799b3be26d3a16f1a323a017aa0d970,DeepMath-103K,45570,train,3479,1
3480,5b9178b8d65be1f218a9fb4a138fd3f4194b784057161197478e7c8f981b4184,02a6efaf747388f75bcf36a63085668e651045310f595963fadbc6392c25c198,DeepMath-103K,33501,train,3480,1
3481,0d4d051f9bf3eaecdc1abaa9e261cf64abbffb7c7df64633ec8b20de891f24f6,a877d8ec303c43867db2659438df95d8325b0738b741d8615febf4706b9f3985,DeepMath-103K,24531,train,3481,1
3482,13df9f1978ed61d54c358b05b5b07b1a2df756895c84f9279cb1653d242df1f5,d38dc4c5e1f31ae9fb2b206594dc95331236f30b51d11cb9603138d56727490d,DeepMath-103K,55678,train,3482,1
3483,e19d32adf1aebf7c31f35dc087453185c5aef2f3b895c68641d044d5506fb532,f01dabbaf722e4d411a22d4ac61a1a20985a4546f3cf4f391f7c218c47725de7,DeepMath-103K,51809,train,3483,1
3484,107fb1930dcc0fb3cfe13cca502ca6277e635a1db55fbe4e95f96b7db73fc840,4b8ecac6ffc81f95019fce7000a50015b0b3378a81ac4df6ef43943a277a4b74,DeepMath-103K,8714,train,3484,1
3485,3abd07d8d285934de8a766e33eee4e65053ee85600a1f69e9a5d620760858fd9,375438870d51ddc7d946c8d9b94662aaf73b64d91fa65826118f21b7a049861b,DeepMath-103K,48715,train,3485,1
3486,2c8d0e727b01f2329b4e22050e7fee99bdda3c2ac0209c106e19f501f4a38509,b072b786a7c838c8982e3cc519db3fd97449ad3895bf60ec575e2e0f6e007dae,DeepMath-103K,27890,train,3486,1
3487,0cb17f9cd3c15ea49274d6dcabc4255c885187ceeef2309d851bd5f45a644d8a,5b899e6ebd3937bd9cbd2bf3fa18f552a2a9110328021a33fb71dee3d39407f0,DeepMath-103K,30345,train,3487,1
3488,9bb8b878fdd78d5d854c62817e43ecc5ee5cad092f83b966fbdbcae6eb6d0074,d2279a0c5a2d8d9bd4bbf92f1b269e01e473da5bd4e9daf2854c1785b3d6eb18,DeepMath-103K,53759,train,3488,1
3489,d4c6c3fa072b2f8c849efe3cce5f73e4eb88b441cabfe3c2011a08c2c0a14939,40ee7b74dd552a896826836b5879017e223374b09e47110819a193b1ce87a86f,DeepMath-103K,40679,train,3489,1
3490,9752da5055f479a7d2b1aa4bab44553a6ab71fe06f2c026ea00306579c3a0dc9,2179a5c8b5d75d5a7f06cc0932fe8a8b10fb5f07ab4647ed0920e1b899177206,DeepMath-103K,18225,train,3490,1
3491,0f57901f5dfbcb7ca736f9b3635bfb3aabe709cba7cc4a06e93c8b302afb5b62,9f861e0da4d7297c8b4bb1b36e401305d5cb8f66fdfb0e42a0ed580cc8335adf,DeepMath-103K,16543,train,3491,1
3492,95578fba844c088eb72090157b4f849bff44b5a480e143312a939b79c9df0dd5,69e091fe029c43c7b7a29e588bb7c92b0a0ecb57555317d7cc5e0350a9d90fea,DeepMath-103K,6637,train,3492,1
3493,4f803e634615ee90e3c4183f4533af5af4df2e28edd70c0ce7fc56bce0213556,7d72b30084009ca84eac2e67ae1044025c57374df017648606fff87efc622a41,DeepMath-103K,367,train,3493,1
3494,3b1c5080b1a31dc6c468998cfd27ef1d23c944622f8901ce14f15c90f4d18bab,ec5d2a8d813a79a434d4d01186bb7b5e999959b016537b5a400e4e3acc5b4a10,DeepMath-103K,13449,train,3494,1
3495,3bad4a18fa6ed419f22e043723165110af8b4a4169c3e92d96b847d08c83d7e7,400248482ab9d230cf82e2f0109e02f0fcd28b2a8c1a2b036b937a25726657d6,DeepMath-103K,16570,train,3495,1
3496,2e6ac49cad3d23d4f35a234872374b639c5f401d94891766a52586e68e8bd0f0,91455306f8b6f02796f62331c6e3c4e9627640660f976bf34c7994bcacaaad09,DeepMath-103K,49666,train,3496,1
3497,b19476238cf23cf381d7bb2d096c2104202d9bdcf9675bf1bbea259a1c681691,2cae141959bea73a6c56cc5148395ddd9db835ca481d7955a78341434bb0da72,DeepMath-103K,5629,train,3497,1
3498,c9a26e09837d50274143a314af2982c831ef68b72e69ae97eaec16ebd5efa891,f0c7cfe7237b0ff0ad6b43fd0be078b6b5efbabc4711b177af1fc3377736aa2f,DeepMath-103K,5305,train,3498,1
3499,7601d18b6b8f4de5eb1fd897c7940e80852b695d76b9717552431519398da12f,f1307c820eb213e894b48cac8b4386ccb79865b872fa1917441519f23d604606,DeepMath-103K,6540,train,3499,1
3500,ba959ab3c23e91a070771d0195b07ef3507c5c52d5e8c8797dbc7dade80009dd,ae396c13fa35f307b994680a02cdcbf2a624e152cdaa4afd3a5c4dbedd80c3b9,DeepMath-103K,1851,train,3500,1
3501,47bcfead0eb7d8236757a5f5196c69b1c8f6ef82075d19d55e12c0e0a3ec800f,8d897776baf178795e72ca349e442a00e5d9941fdfe4217665ada341c77ec947,DeepMath-103K,13637,train,3501,1
3502,4a2ac9b64768ff66d551070ef4f6baa54bb271a5fc23c3e1e3e35e198b46d2b9,de1487306dbc84f3fc3a86cdced72a81a13b98cfcdd9999c6cc8cca98f54494f,DeepMath-103K,46021,train,3502,1
3503,47936c2e418cef04c29d2c1d0fe4f55a7ac1880dbbb4d7765dc5979cf3b1a65d,93193e895da8d900444adb58b37c80f102ae3543f1069457b8a6cd2c7a819c48,DeepMath-103K,36166,train,3503,1
3504,3e0890bf66ee460fc16ab6c8ecf465a0503d462185770d0ca26c0a99a89a544c,e9a399de41991a221e352c670457b47ac5651834574910be057e7749659e7b2c,DeepMath-103K,41528,train,3504,1
3505,a6a3212ed16cba3f969138a54ab81c9269086d6ff3b856093a1dbdbb88b1ee4b,492098ab3b34d1ee90b845811443c6e8c31761792e5885731ae61a9442c38df4,DeepMath-103K,53809,train,3505,1
3506,27536714804956c0c24bb0fe35929be3f5402e7950d4b5b8ccb0959d1e9080c9,82674c95f20e1c0296a1848698541ad0e73eb96984a1f521d70030b49962ae6f,DeepMath-103K,45135,train,3506,1
3507,eb9f348d5cdb3431af7f9d314765aad5439a511b712a8b3b845de474fa02648a,a988e6fbc3d63aa2037f9e88f57c936e3ade64efee0e2e669b349c6f25e95b32,DeepMath-103K,21281,train,3507,1
3508,ae30bac0cbccad3f48a5d64c197819378e4b4e8c1254eeed71200da8335994c5,49372f91b4ae9520caeea8b62795f14a4a4e9c0a5bfd8fe151b4c3fc8581de13,DeepMath-103K,27894,train,3508,1
3509,91feb288d5c79f0d2893bfec53f63bed55f53fd6fe78843637c9a5b967da1fa0,62e0933f1a4f607be93a921a57b880de99449056bbe324a3df89be650d485dec,DeepMath-103K,2753,train,3509,1
3510,942a236daaf8a594c64fce32d26f9f405964d34a1cc0d6d88d109ddb176dd79c,b3ba4641b97aacd9687e2f39c4dea43ddd7f02dfb503ab04099edf4f0baec712,DeepMath-103K,23674,train,3510,1
3511,8be9da6b13e531362dd7deee75bf860989421eaa80140a4cae9205da579d34a7,043e4f1d00cff36e4cdc5f0a1d96be90c8c7f67bdea57e227805a0dd4334ad12,DeepMath-103K,18743,train,3511,1
3512,87c85b3d47a3962b605b3ff532e5e93c809aac59b2a0dac29b7324a09d66b3cb,b5a621c4e8ea881c79ca0ebf119f62446a9dfac4ce9da4b13e4bc165435a8e87,DeepMath-103K,53208,train,3512,1
3513,60d1e86881ddf535253c357934992bb680689df54828a9fa5de308bbed2664c5,7601668367015663bc4b8e9a79bc32ab8c507a1d67752a07a6b3d9950875171e,DeepMath-103K,42216,train,3513,1
3514,23bc92dbd659ca0123deb9908481ed63703a80944e0cf7b77dd210a58124c16d,ea3ae22556a856ab4c18192236e3fb7c4a69b12b1d48ec50fdb28f94fce0b90e,DeepMath-103K,43459,train,3514,1
3515,0838108ac21b3eda066b31cd5825366d2491ade502453b1aa4a07f86b88d7fae,25827036f0f21f6a2d28e0cf2ad9b1f35e1888ff68b83cd23ffd7e6eeb257359,DeepMath-103K,49667,train,3515,1
3516,b199c1fc74c89cd9f169b78979a565f35f3d27d0d0d8d31d3091bc1ab1f045bc,67a52e9807cbc63b9d9468a436ab57a5d064b8db0c142940b387256e9ff2cc37,DeepMath-103K,4490,train,3516,1
3517,5725ac8c3abbd111511267ccef263eff87d32d61d345fced9eaf82829961a843,28b0884d8b728bc1ddc82b22941794567a4abec715fc85ad5ec8f086cc582228,DeepMath-103K,18849,train,3517,1
3518,a1a22c8710410265b11419ad7628ef8d650cbd157d495fe3007c6a5df0df214c,bd7d20d7eca246b56fe082097bb26b25cda181aff0bafb91e50f6747b23f66de,DeepMath-103K,36394,train,3518,1
3519,04e734bd63839e46d9c8d3fa5b72baa532ea8fa6d95111f5dfd0ed2bfdcfb5e2,76a128e1a8d392a5cfece080450e23d9c87acdab79fbd9e0d426ddfc648dced4,DeepMath-103K,56487,train,3519,1
3520,58eae8b90302a99a8502a7b85b55e5967361913490e989e5604912458437aabe,c1197216849498aa0b715934cc800c211d29abeedf9bedd971580de3e5f047fb,DeepMath-103K,53717,train,3520,1
3521,6cbe0e0cd7287451bd4813454ebbc80d2636c65ba8f0af35eaa3be6a46155978,627300c4cc3affec55604f94227fae52b5145f0dd5ba9b7838464cdaead133b2,DeepMath-103K,15902,train,3521,1
3522,a035288394ac9db7fabd89c6f97bf00b2718c0c6680429c990ce22e6b13b6d04,56b8d38507e11d416b23a836edcda9c99fe450fc0ab0bbeefe13961baca28999,DeepMath-103K,55642,train,3522,1
3523,24c11b7b824494a3819b691ed66935a3beae24d98f8101b8fd9d34f8d8b05aae,4fc68647d1570c9131d9cfb7bb8e82a6ff14cc0e7e0d9062cb1a059c924e5c8c,DeepMath-103K,41508,train,3523,1
3524,6245f60d5a6ab07475284792769e36df2a2c0b4ad6ac7563455360b5b6f8c225,c8248286db9cdd8b4c35cd4bc242551dc66eeee1facf46656327d770694434bf,DeepMath-103K,20261,train,3524,1
3525,e5d9a09afabb98847368582149cf5cd5035b8826c2de1fb11ff1053d250f34db,e146d4187ae8d4af059bf3d5a9c4de9e3f9dea36b930fcc1e77b6a97402609d6,DeepMath-103K,14287,train,3525,1
3526,beaee7a0b29d639608a0adc3e13821e520baab34f83277d5a2dfee9e46457a34,723ce3bc72d2aa730bed026374d116b92832b321ab01f5f5c0eeded2a7178814,DeepMath-103K,46275,train,3526,1
3527,54aedab38a8153d4d7ca13b6d0f499f9417b8a49fd4a0307caf253f65792e192,21afde91fe4fec5e50ad83cd82186e904b9d8266b3c68474bd76fa984aee31d1,DeepMath-103K,51721,train,3527,1
3528,5dbc78a4d12c3dcbdcc5768c0364eb65a6d73ab0c98bfc9aadc8d02df8839e64,01f23832098377a2313c3aebf4273784a823dbb68f003dccf7be49a1b864665f,DeepMath-103K,45757,train,3528,1
3529,2a1accd7021ea4955537aa5100d21cc83156414074938544e4c61cdb15f411b7,bb6cc48956a2d976278252d446e21c0d7f159bd4d2265d4f0ac84a21650963ca,DeepMath-103K,31459,train,3529,1
3530,35711f7aa511cd327661700392edd806ed978985042d269b85cf8d3f8da763a4,ab23d08bcdb11ee74cfe838b89bbce0db38527312bbaa9a81633fca2dc7e7bcd,DeepMath-103K,23527,train,3530,1
3531,47933d59c893a6d57aea976450c3c469c47966679bf5369a84816fdc86f55fd8,260401588b53544cc6e78c02d930584ae53ba35c424a2fc7667e2510021e9a6d,DeepMath-103K,9867,train,3531,1
3532,54bdb7faec07c0675fe3808c7bae4838ab22f2958d6b6506967716ceb658a1d4,82def8ea8e7c1f5b28bec75154750852fad2821a03a065f7952dd492c68e2842,DeepMath-103K,7983,train,3532,1
3533,8d0c8fea55215df650bb56a7899f10ed2f7ffe600909ca48de060e9df77d6096,04eb7d24f5dc7d1620b1d8e740c5e7cfca2b1835b24a06be65ea63a1a1c959b5,DeepMath-103K,1773,train,3533,1
3534,fe6e7afaec09319cf57fc72d29a8ede6f07001d93227460b9756827a7f0a7f6b,e8db84160e4f12cf84df723c096e6e474b2d9548aa6396c560c89c9b7b8b0c7f,DeepMath-103K,17041,train,3534,1
3535,3351fbbeb8b87eb8d9a5d383a0413b5e32a70cbd324c882f9a390e6ccebea134,546f8553f95ec769ae2ea2fe79cf9b94724c68e9e541675ae2dc35a08f867061,DeepMath-103K,25469,train,3535,1
3536,a55532a2f1ed0f1f8d7ad5ab69cbb0331f09dfb661153cab8042da2cc97038e8,ea1a67d2ee12958370b877d914178b8396db4b98df4b8e10a92fa3ee143000e6,DeepMath-103K,5482,train,3536,1
3537,90537a7a7acd9142cb5b1075374c32f5b3afeb43ac43be6d9dd58234e44127bb,8d30575212e6bb864ecdd4433dbdbcbb525369f5e98d921a1b7ad74c2085b197,DeepMath-103K,34255,train,3537,1
3538,967c17a0109b5af932a496956497b0f91aac50b95115127d45d02ef40f03c0de,a33aa1437f8a1ef17cf427d0569882a9836721a87e28204b9f6a8917ed07a7e2,DeepMath-103K,4743,train,3538,1
3539,cdcbabb7bb96aeaf5145fb958b0c2f3de8ee7cc6fa29377e70eb92e39852887e,9f701da2fac222e388b8cb192f0ad5abae452e7131b5d0a7cd606de02f9e1160,DeepMath-103K,13365,train,3539,1
3540,3d3cdca773ab34e3524f77277d5ec857dde2b6c50670504cd8c65760af3a29d7,bbc14d0d9b2ac0d3baf39977c599637b97c535a72d73ee5efc0cc7c7493a4f95,DeepMath-103K,23336,train,3540,1
3541,748d5ddca84af23b89d17374625682e657ccfbcf7002db835cf0420a1ab4280b,c68dd92b6fb1d08fd089ecd94e25bd344c027f91f5cce7ac3ab8c84434d5c07d,DeepMath-103K,14729,train,3541,1
3542,8742bc7f1a2de3411513b80ffe53292f35dc2edbb49cc41422a2b7abfad85b0a,4bc4778122bdbc989c6ae97c45f7cac27b8f7ae48731bea54c9cebd6835de3f3,DeepMath-103K,41565,train,3542,1
3543,03b6b78c5301e6aea1f80db4b1bd652f5c6d5af550b9ce44d903a87e3f179766,b1ef8dd214af39b83617daba00c027517dec0653947988f94dd3ec2f8fa6b77e,DeepMath-103K,48228,train,3543,1
3544,9fc8f5bf2603a100080c7bbb807484b7753931da662b682a90cdcb194e2d31cd,e9b2b8bbdf67745a87f76d93ee9bcac5f890d46541070799afe546808ef8b351,DeepMath-103K,20930,train,3544,1
3545,f673f3744b30fcbc39ade98d9072e3628a7ded475893fced031d3d27e2da7a40,6298c47b1f882fbbe64e844e4e96f528dd4eee345c649ae69b725c381760417a,DeepMath-103K,22868,train,3545,1
3546,b251e15171b94af7981f53e807615c1a5418bd48219d6e70998a3903141870ca,9e94238f36e025574d50904fd8392830996cd5663b2a165c8542f14e07636779,DeepMath-103K,34601,train,3546,1
3547,bc64165514f6aa9405a283e4bf6daee9f075a691d3aa68abba5141647b319b56,c3fb6dc52cc951ea394e03593c7991a1ef95f2ebd5ebc8fc58aef0cc87692bae,DeepMath-103K,13914,train,3547,1
3548,1923c426c490cb80682f086dcdc10857b766ca93b2a5f08ca097791262f9de2d,e599d480a6e7931e48f30e1756c99cd85b55fa21ae50f56b756a75313a49c134,DeepMath-103K,37196,train,3548,1
3549,5ebe9335dedd7ef513aa6d3f467b5e18e009ff353d7e0e0815534de3f1d39c62,6f609e2942ae304eccd450080e1b60a49a63b81174b281d94f01c888eb5bdc42,DeepMath-103K,16958,train,3549,1
3550,edcb1bf894a6c0beabda0aa8770e42d537f23dea1604f0ba74081f3f7e7dba40,26d6f5b1369c0b563cec30ed2481f9dbb7de1ae99ee9e41841f8f912055832c7,DeepMath-103K,12965,train,3550,1
3551,422580b607135712fbc5566ac6c11b13d77507d57929fded969003847198508f,b2f58027d9056e30751cf28e106e88e7599f59c9245fbe556f25ea117b7e6582,DeepMath-103K,29471,train,3551,1
3552,e77c1f7a7bf5714fec68afa7df506b3c1d168115a211eaec1dc37ff8081a09ee,778be5bd3846858fc8da7b6c09cd637453d716f5b209da6f3c13be3a3f9796da,DeepMath-103K,13583,train,3552,1
3553,6bec264430b8fd632c993d37b4e66fdac9358bfdfcc02c6b1fc910d0eb12dd99,0eb30a02bf96694555c4772413c87fdd2f5d492ad565cc6ed5ceb66e5c891397,DeepMath-103K,41420,train,3553,1
3554,57e58d9a976f6ecd9261bd1b8459744692f2b2aaa35c8111b58143ca365c2742,27ae429dc74e29a7050268e0d544eb5eb0c1b7d35e4419a1cd2bf57b0f332f03,DeepMath-103K,19588,train,3554,1
3555,b3a8f3baaf3f97f9f9fd3707ff59a0f78504553b1e608a434c7c397e100629e6,44ed0fafd5101a9bda9d286b6b73b21387bd2f0d8d203eca492bd850b1a1fdd3,DeepMath-103K,21050,train,3555,1
3556,06f6d7b8e9cd7db252305a2832b08eee5c18133767e885fbba2241ce39fc992e,50b7ba7f01c15be064053b50a65c3145addead56daf20d34248ab9c1c6f58318,DeepMath-103K,11304,train,3556,1
3557,c011e640b8905405812ed5d27a971310ab9456d8152b20257b0eae10728fe804,c2b24e2f701060d572a3357c0e5ad88ec03391275f8c2e9320f349ec384efeb6,DeepMath-103K,56936,train,3557,1
3558,ff0592476b85931bc285eadabfb5430afd0f5ac3017efaaaf725d3c13013f46f,f6b4bb6fc5b5344e1ed45c6d0b16b63fd998ee88d1cf89c749adbfb100f486cc,DeepMath-103K,31826,train,3558,1
3559,1cd754c2ed4dc3b747df3613d68246770eb55eca96d6dbe056ce31925a5864f2,0066a8033e55c98523ea7e35372dc850cecae311cebba380594a6479d8ccf703,DeepMath-103K,48841,train,3559,1
3560,f3c8ea0a3aba713f88c0f977fec2b7be89f02479b70a22e6c4dc77b67d7a8560,dbc360f359db3a63eb01cac278aea5db1292fc87d75095c4f59d38fe00bfe04a,DeepMath-103K,28979,train,3560,1
3561,85d96f909c95accdb230971047b6e96b2a677f8a8372346a6ab6cf2cda70ac0e,3bbacf23b2b47e2258df89486d120b75d953011a9187f6eb5168b6380726db5d,DeepMath-103K,46517,train,3561,1
3562,c1c17761684507fff0edac807585249a2c54a75554724803eb948c0b5e305e40,b1aadc84528a075951db143f1605fb202cd3b08123a767a0972f2172ec6459f4,DeepMath-103K,31942,train,3562,1
3563,9ad00703b77d2bab0acede9954b2c6a9209621074d0421c21e00d5e05da2e97e,1ec3f96445febf46f384b54c020020aec77fb6ec7a4d8f8b824bed0f68af1361,DeepMath-103K,44905,train,3563,1
3564,cc06475f78edd09daa2a42b5f4ef735a4bb1d57b7495362dcab7479e8c62f359,c2df8d3a896bfcbd5be29569ece7db9600cde7e9c33c02488d72fc9bccede7fb,DeepMath-103K,15774,train,3564,1
3565,83f7f29b3e3d1ac3ff48cc3deff1006e16cea0ce7f17be9595dd0ea18ca9e308,856167f66061f43e773550088810aaf91ebbc4fffdf8d18dea4d8ad5c76d9e4e,DeepMath-103K,54915,train,3565,1
3566,0473b98c78260861da248b2d275fbb534f48b40f79cb53260129c5a6a7a6403d,d2b0f36439b495392004031dde45c086821f6ba9b17cd24ea7a724e82d2d3045,DeepMath-103K,17307,train,3566,1
3567,f72843285a402aedc034cfd3da0e951a5f8952688d13a634ccb45e2568b660c4,af1415c19d94b3cf0441b72d61d2a9a8986454e21dfed37e50df966c4ac647d5,DeepMath-103K,10574,train,3567,1
3568,fcd40bcc668f979155d2b08fc3220b22e95a4fd37fcdb3258c1235a1648bbb4a,03a469041e8bf0f88e1a587b93d526d7b73a02428110a296b844e6341de6516b,DeepMath-103K,41005,train,3568,1
3569,6f62439506dc8882264c63eda6f60a8528b50e3e1b5381ec6378fe0ac95c27f0,9c444102b4ef9515b516b859274c016f95c97635b0b042e26ead68aa478845fc,DeepMath-103K,10351,train,3569,1
3570,eab930db5ab95483770480db2e8f275271e8a32ea0a691be0bfe5875ce5b25e1,d7626e3c792b9f791511cb54516069b2b7054aed0343179e6bb0868e04b14f45,DeepMath-103K,7971,train,3570,1
3571,31dea26c8d96522137877da4429df3f001eb1d8a39bd0d92660dafc5f28ca3bc,e8407c7328d247bd92f21234d2404990e954ebaf7c7ef27f419cfeeaa241975b,DeepMath-103K,23469,train,3571,1
3572,af3ed4a4a9e49ddb0616323e849c21c92f0ce16adde97805e7a016a0af4a60fc,c98196992c55811b7867c7210b7e3a3e6ec77e1363001e25ea79c92378692aea,DeepMath-103K,3765,train,3572,1
3573,5b6b4b02273e728453d9cb2f1e715bc861e1016d3f2e22a3dd87b95a8b6ad6c7,ac05aafc7e3d86a16005a86551df65d1332011d119b06d78191b1e82d7879c72,DeepMath-103K,24905,train,3573,1
3574,db3f9021d2da2ba865755854170fb9cf4634118c814d72c2459f66e59a373186,594fe88f2d2f0004022c554f765a499baca02adeddc9388471d2dc343e3cfd18,DeepMath-103K,15980,train,3574,1
3575,8376ded1398a22dd372111f86a14e40ec253115f1e1d62a7e37afd196ad6d443,24ccf38512ace56992cf3498fc26bf549e16e92bb4dc6b4db8505c47b78173b3,DeepMath-103K,23814,train,3575,1
3576,78bbf1d938981ef4727b0ec1276c5498f89f45f940c2ce2c69e3b1f71155a887,6af2f135fd60702bd1f9b512d2ef2da263d5aea1192cd7ef4666c98ab65d42e6,DeepMath-103K,10897,train,3576,1
3577,95bf50d9578ffc3c0e0114a02180b3bbb945bdcbf0dcb6e38e6db56058ef352d,1830d07574cf2e812cb7b5e64041dd2a8c09fc804b22093a24be11a90d1854e5,DeepMath-103K,6662,train,3577,1
3578,b99e07683e54db94078db6780c44b66f5192647ecb6b2343a70b474c66316a0b,7e9c70602211629adc0b480fdb6a7300032288e74ffccd126a5212b3067181c4,DeepMath-103K,7422,train,3578,1
3579,26c28f4d6ed3563891a278259e69a166847830d59044f11680e67913df72e309,d24b82ac264d4f9e4c0313212728992fc57a4847e79042586cc35a9b9a229f1d,DeepMath-103K,15378,train,3579,1
3580,4ecb52ebe16fa0fb98da995d7e01c13b15ba402c2b56ab7d94731ace85bb5f4b,5d7d697917fb857e9636e3d0a17f7ea7bb29064b6f71a63989859bf2fc1c8b52,DeepMath-103K,10809,train,3580,1
3581,55e5d5c8fc9c3fc6dd8f1c85b5068d7d7e86e58de0a12c4c072ab357016ae4c6,e1d22eb2cd178deb3dfbf06d7a39ab322dfc2dee927e2e0f23603ecd7f16db6b,DeepMath-103K,16783,train,3581,1
3582,9e79d02ec11d87a2980b414910b581418ddb110e15842f2f77500247114acf76,08c2d2326766bbe67d405e7d3a7187c00ed6ae1f2a3d9f39113203e9501dd80e,DeepMath-103K,48631,train,3582,1
3583,2a2444aa39edc79115baad419d02205d01bcea613241e14d58c9843627e32cde,431fd24aa780e9b086596d317f5a13c49d8a9f423e1cc11f147f9f111b17a64b,DeepMath-103K,23756,train,3583,1
3584,058b731703aeb60df92c08ecf53b30866a85166ae8cf442ad496c4affdf3e52d,306116b39fbc7cbc743b54e8d59362b88ff5d1755e3147b17596cab9624d5624,DeepMath-103K,25789,train,3584,1
3585,9d3cb469e51269ee6b4c1fae5370a6a4fdf1d77f1821886b97d39f2daa26ce96,4493e8567d1faa978e2f36d34c68c43fde09b7cc6d342c1675ab839e23cb5179,DeepMath-103K,26078,train,3585,1
3586,2a3c1800b92b77582e520395171adb0459264f288273c69f20dcd3d9948d43d9,000e66c4ba5b0e1818b7e54d8081df30f16c8ca9fa3c724efb588d70c455eb78,DeepMath-103K,25199,train,3586,1
3587,200b7c9a4e1c97d3729039d32ff269cffc073148453a87330072fcce726e6f7c,40c138c7f96363527a57a6682fcd5319bec82c96dfd67db40a4fa11666d5b342,DeepMath-103K,52490,train,3587,1
3588,a26a0ebb74d14f4c40bb197d35bdacfae2b8c1ba169df7fc2526d17912f8b526,f7e1831e6cbd34981de48babf8e549fc62ef596844b321a194f1fe4c96071621,DeepMath-103K,9527,train,3588,1
3589,aa7f373d455a3c79645e9c96ec8f0af48cda3749b6da7749b89087e721b6a391,6cedb6bd7e112dcea163e86ea17ede71dbf837c7ab9ed9befad50d95c75a5d7c,DeepMath-103K,28105,train,3589,1
3590,3eb650a01107859f0a54b5684d805d8ff9fad3b6ffde7d35857e11d7ba1683c6,eaf2ea9a1e75243efe60fd36667260231bc5b76cf9c580ee19aaa3ea2be1a884,DeepMath-103K,41587,train,3590,1
3591,2467abc97004bfa1edf8b55a037e7aaa7f9b6aa58df0544309f2bebdb2728aa3,ad3b23e2543a9cecb6ae2feb65ad73f68229d53216c65177235f99f64e505579,DeepMath-103K,15921,train,3591,1
3592,6fb174acb26abc0f06f505ef693b2bcbe0c3ce8be82f40adb7fb7c693d64f8f6,bf5339a1e1fb056cb3e985e11383af6f823221d1c01e7cfc480d33cd2efc77b6,DeepMath-103K,22824,train,3592,1
3593,a31b85a88fd105c78818921de0a8eeec730bb4d4c0a831f3e32a166510f3d783,519e41815d337cc4a4b2e278ab8e254b423a6955cac5c1ed7e17072c63951922,DeepMath-103K,24030,train,3593,1
3594,14d09150ce28b5d4f4021c9d9c90b21adff8bc973dca6bf2792dcb2fb4fc89ad,27ebb554d8d9fbdc783ed4281d1af0ede432860cbebb26cd1582020d018468f8,DeepMath-103K,3184,train,3594,1
3595,74b94233eaaa9def8bc7fdd0b8e85ace5df7e01f440002028d00adf087d2c2ea,4521b8a84cc2a3921dcc678902e11f68fdb48837abca26322cf1f0dd5b507fe9,DeepMath-103K,27259,train,3595,1
3596,4aa5c5db01bd5ca27983326bc0849e4e206512f78e2f1d57698ffd29f2522189,f7525537d08fa72623a6a581bbf1b86c128619e7c387ff6f40ff14a703af4446,DeepMath-103K,30183,train,3596,1
3597,742b0007ebd7aa064d9beda547eb914594b449b54332dcf306d44ad51eb073f3,a3aa6b4166d6fe3129a90852f9c5685dfcd9e74dfe37dd8cdfcb2cc219e419d6,DeepMath-103K,15482,train,3597,1
3598,fd892633c22ed8091c067eccad4e402f430c7d4068fa5a9a5567bd908a27e11a,cc83cee8273a2c7197fa1dea10e1d239601ea71f9c2c5474b4b047b7711aa8c2,DeepMath-103K,51148,train,3598,1
3599,b5a70466162fb31a243e2b34aaac3fabc0c1bec0fb990c4bbade207f780b1c1e,d1d9dfad437b5b32d09a9c580193eee3ccb4c0bfd1a2be330d68bfac5bd91f81,DeepMath-103K,48898,train,3599,1
3600,f5ebc731c5bc08ebf538c139ef192cc00bb5aa35dc25a424241ea26d8d49725b,fc4c864375fd761785d5c6c69eb0c8d3544dc308602a64918fed8e6f2ad588a0,DeepMath-103K,51711,train,3600,1
3601,751b70e99b76deb9bb6bf603326ed873e39fdd55e8d5387299563e7c20471768,91de58322c8648f3b27287a617a309a4c391f6a79b2eccbcc964ede3997087e6,DeepMath-103K,30967,train,3601,1
3602,5686d32e3710f4bd9df9138e9f4c6a26d87af7bd2e97cda968f913d08d431492,0b8126923ca787654d73192e21c276b84f22945afd887db2a7f98451a9f4d8ba,DeepMath-103K,8609,train,3602,1
3603,29335ca5d87dc0a0f40c00ea5cbe869e28551afcda2e650555431f7c64fa7fa6,640c8f09f03b912e5d17ba4a8391ff070db44940c34104068dd16c9d98a1dfb2,DeepMath-103K,57009,train,3603,1
3604,d6a23e84b66de190dbbdc129d28656716f4bfa14bde83cd45ee645b29d550b3b,71f4ac67dd41909eee38114a62cfc10df7f498b2a91d7bace3d9a131b8fa4a8c,DeepMath-103K,46809,train,3604,1
3605,704c4fea31b1d0af56b97c866be0a46575764b483f9c840c9bd27fe7f9ed344e,cc700d5ad4d2cd32619b6f9904e4c4e6f78f948024a91eb5429d87d94ff0be6a,DeepMath-103K,50220,train,3605,1
3606,cd67c9a69fd6d2afb0b7173e18b057d643419191bb0ceff9b31c99a5f12ffb73,a22cff8eb215d326794e6ae465a168c437fcd365845b29593a6cb644e2d9700d,DeepMath-103K,31308,train,3606,1
3607,233b7441cc3a60cccf458a2efd5778135662eab2141631d3ba13e13ec633ee49,78dc29c723f1e445b4b44ea6702167520c6bd7a2989c62ae67fa84893ae38405,DeepMath-103K,49328,train,3607,1
3608,8f3045301d41c91205a6f8bb54272c0ee401214aac50e789ba8df4f62c257e46,09cf2317c34e6f1fcf64ea538bd9546e577acc4058ab29062a57bbdac4811135,DeepMath-103K,27783,train,3608,1
3609,8b49e421daf44a097f6da1125f114fc45849718b90bc0138f751d8735fef37ab,e4adc89286abdabefbfa6ec8bdeae51a42c144571ac0d40da4592e0e90f0f9e3,DeepMath-103K,47665,train,3609,1
3610,9e9c31d85b2f014604804859eadffffaa32ed37d9edfbaa19e3fc3674cf8f7e6,8a053ca19ee885ef4244ae2977862d195e18b6db6d25d04674c6e9c9f98cc771,DeepMath-103K,30938,train,3610,1
3611,b3533e063bebec3ffd73d719a042dac08b62f4e1b6356dc7e54e625e5a694852,f1834d4e69498cdf099a860e0d83fb295a35a3dd58da3f820fc30e9c31828e12,DeepMath-103K,49014,train,3611,1
3612,b453974b4b14c57ccadb31e5102690d06cd0c8fe4eff967a37eaf6e5531fe974,4f5f5bbcc3925b6a0b648a3b914595ec8ea592b88d7e880e4e0e09004ff1abff,DeepMath-103K,45657,train,3612,1
3613,d3920d077d8a054da58d959c8260412eb72a996514d4e163745834018db85493,4013f4ffc641afe2fbfc57269f7c858de8e8abfc97eb1605efb203cda5a22efc,DeepMath-103K,41743,train,3613,1
3614,62856b88a46d879259633deedd53eb8a14013641dcbd19141b45d4a3d0d830f7,2646ec53c4337deaf92732540a2b9fe186dcc25b77928ef95ae04809b6bc09fb,DeepMath-103K,55533,train,3614,1
3615,a391a38b00b9637c4a758f8aa353198cc07bcfbe4fc2cc994cab98d7c003f18f,93d9c1489938c474bb410ec0a667c604f25cf55d30a0156ad976d776dac2c605,DeepMath-103K,7419,train,3615,1
3616,f73a98de302a4276ce1365ecc54eaa860136567f1a9d4fbe90f00bd1df8b8658,80f5223e2b4dedba20a13a621e2448151cd15cc9fd71f812e7f2c0c27bc0d2b2,DeepMath-103K,42088,train,3616,1
3617,58bac588a8b6460279637423609dfb0557ac3aa18f49f77a3a5c1d8d34216278,be6e453ddf03c07b8f440750de99e9cee0125acc0d5893dcf794642c85482ff4,DeepMath-103K,29992,train,3617,1
3618,1408e67a9345fdfad8b3b8921f758b2d8bd16f392071cc0e92f5d565066de075,d6dc7c5febb28ffb69f40edc055fd1e9e36f2d0fe3f68de21c442934e1db92b7,DeepMath-103K,40854,train,3618,1
3619,d0529bddb4c45817e002bee44a81ddc8ba8d20151e9119df6ada643e46ef0db0,708f44cc63f766e9b65ba831f01804a0cf7e4519a68f0bff447332cc84e4024a,DeepMath-103K,7735,train,3619,1
3620,0dc844175fa3675e4e0ad3e371e9183674c65e60ca5f6ce912c75c85b25652a3,67ee4dcbbafc7586c29e652f0726114bbf1d368c9fa7cff1b3c491b121eadfc2,DeepMath-103K,54613,train,3620,1
3621,bb8055b88d3a22ccd224eba8ab9e19972984519aa931b7bc7d7de390bea74d73,84ed76f3fef892fdab3036e8d15c00cd680768112dba51249f97062d3183ee99,DeepMath-103K,3856,train,3621,1
3622,7c762f840976341154e348a0c0a1606b23be18517e1e0dd25631f914b1e57c98,82925f42286b4ca7d629aac27c96ec3d6a8322d0aff5b43ab9e654ba827de0ce,DeepMath-103K,45594,train,3622,1
3623,5ebe9a050ebb6de2bb0c2a45ed0aa9b322c118e81643fc5fd74f773b9040a4a3,857c032451f3bb39705afb7a5955f2c62f1b838226fe932dcaf980cfc3de0022,DeepMath-103K,9421,train,3623,1
3624,ed291528becc9be33d7a2a841e7ac8cb38ee16b2f3067767d37b776fac1cd0c8,e7828ab6ac65a082880e7388d0086e13c05f14769ea9435b648875968ce0e4c8,DeepMath-103K,53850,train,3624,1
3625,1e45d46a8834ec055087a68d1eecde4f5d1ed2badcaf67752f2cabc65f4e9f8d,b2ec177e60888f9aea0a7315f952892921c24cf56b42a5478a566be939c6ae9d,DeepMath-103K,53879,train,3625,1
3626,80f3c0a4919214c03581bc66d13010ca04e60223058a0ba8588799d236cfe32f,c0057b6d9bc12b9fc6c14fef1eb6f297eb647e3953aa93d49eb48071d8eb48fe,DeepMath-103K,26754,train,3626,1
3627,7f7bbf120e29c072d433be3a3f99e85ebd04994cff1de4e674c64162a571a446,b7af56d9e374ff2bf2f40f024f8d353e268f5bb9d1943baef0390a6faf8dad7f,DeepMath-103K,32808,train,3627,1
3628,bef09bb59c3e66bdd266f8547b4b4cdfc6478588514a0229f3bb53e393ec3be1,a7f7b3f4fff7c5dce74b34f33e30fe3fc3cb13b0209125b5b75afe60022f0f92,DeepMath-103K,44331,train,3628,1
3629,00d404624205b0d437fd997c97362d4eff705078cc7107161b1e4031b387cbe7,4be3b0a93e12948f6de90d882e8e4291192bdfea1cba4d785c588554e181a21f,DeepMath-103K,27285,train,3629,1
3630,8140580d1032813f5f80391925af33e0fd73d2340a66056b84e5a93d553174e8,8be084ba6ed0347bc06c513f911790fc537ff16fc48d14c7025a8393775fad2f,DeepMath-103K,41182,train,3630,1
3631,a7d83f7db5382266a5664245e5ff80d529e0d217d2de58ff3310d7256999fc9c,c04a745a301ada3544d119dda3b9a3a7f4cbd6ce704de510f56bdb85f1b315a4,DeepMath-103K,37783,train,3631,1
3632,2733ce896a6c0866e4767dbdb215e1da4f11e831e631ba99d686d5781d0cda28,d553ee7068e66080ab6033fb20ac5d76e04c405963fb5ce972a28e061e5ecae3,DeepMath-103K,48524,train,3632,1
3633,6f1f2024851273ece5f0f44a05f8b2722ebd5d44c1fe51de625393de93c655dc,98f574de0f4f987a7d610e027b22d5cbaa1806e78d38bb989176718fb4a0d978,DeepMath-103K,4353,train,3633,1
3634,62169e5c39513340ed6cb2078f50c5b8bc9781c075fbc080dd49fe080e1eb6ea,d70a99df618cdd54de7ae2966c8783c7625baa1a40ba7d0eafea597a5228417f,DeepMath-103K,36868,train,3634,1
3635,10b20f022dabda2b4486c0c623694f130f682886a39d55ea595c7c1bca5f7dbf,fd999a74164c9e3fdd871b4b93cff93564fe946f521e60b6e1cd5d83989817ff,DeepMath-103K,53865,train,3635,1
3636,1a463a248b6ecff27ca7da6f25f01eb874b4fa5910fa5d533cfb1ea62b731238,d6f3f24b860582473d3edb63a0407ed26f1737e18f1f6c6dd33ac4c75384d293,DeepMath-103K,8627,train,3636,1
3637,1b8fb0932eeba05609be2d64634d4dc98e3636c04bf71bb77cd0863c1dfa4a9d,e36830a10053a04143f51760071f54d95937b331afbf1bfbfbaf194fe2d04cf3,DeepMath-103K,25804,train,3637,1
3638,4049c6bce2c24bdee7595c3943830ddb1f6d4620cc6c27992503b108f017743f,410b7687d468b9313bc97eec54b3fbc6c396785a7fb1983d116a5edcd32d0857,DeepMath-103K,30810,train,3638,1
3639,4bb78716ade8b29d25bfb63e066bc4cf1d841426651a4f379d2f41ed09807f7c,2cefd13da012ea94b6d8c992ccc9a554a60e246b90ebd153d528f149366704e0,DeepMath-103K,22055,train,3639,1
3640,0934cbd7bb125cfd7bbc89f3a3d75e9e6548d7ad085b97f2e21a63b6834ca0ee,4c89e6e89999b7f27688ac7791b1885d33810cacf5a96bbc2e00be0cee1efb9d,DeepMath-103K,11461,train,3640,1
3641,603574d0579e73985eba1f6a36d50013d3b362ff89b68c0e3487b296a950dec9,54ad6f6724e8e77aa9380e1a137051d68938e9fe1bdca93a92da2a86d52fd8bb,DeepMath-103K,53535,train,3641,1
3642,724261e432eac3c29f10694ecf865582fc590f7a8f0b20450dc1aeee66f36b82,e149d98e7b0d4de736dd4340782000f2772b8fc8d834f86eb377b124f4844030,DeepMath-103K,50914,train,3642,1
3643,6e02037a37cc40aa3f7cdb655a867c9a4a09d7d9b351c7e29190932bc840e14d,5333f389077867dd8340ccf63fb252ccfc08d7f34abf2334bb68346275586646,DeepMath-103K,56181,train,3643,1
3644,6a0b421610a2f5735ea5d497ed381add677a33aa08e7a8349baed28345d89c12,1fd472dc7b6d3e22dd90bf29c8abad7e725c83269000d523631a0d2c63a6a3e0,DeepMath-103K,45357,train,3644,1
3645,fb75b23858ad5c6581d6ad0b34b2ea1c3a479667d65178f18b87e56188d6ba69,d4ddf9a5c7eac997bbab7a4a38915b85ae58f86407ecedfc73c0e1ccc2399396,DeepMath-103K,54805,train,3645,1
3646,901d7376401f4f7c11646596c54945933a93250febadc583920e6e4294f49d6a,e7f1abcf1cfe09eb03f3e3ebeae40c2fe5388b201c7d54936e91ffc83a261914,DeepMath-103K,4275,train,3646,1
3647,e7d0089441eba27434de0b834dbcd2eac5d2d022e46dc38c689e9ceee5312788,6391073b80fea697bca1fc0a954c875aa180ded584e7eec167618b4ebf335c4c,DeepMath-103K,4608,train,3647,1
3648,02bb16b4b2ad19517bddd3016a829467be7a881d1b254a6faf8d01cf816cd511,69b26bc8deb56b47583e78794233ea4011a959016747d1b21a6e44a6ed9b41f4,DeepMath-103K,52325,train,3648,1
3649,ce9321225fc25c6587c5835bee7de7717e9e651682ca5ca24c5f3431c4ae6b32,52fca4e9fcc6ebeb008e2fb262d22e89e262ecb43cb1213828ef313d0f2ab7e1,DeepMath-103K,56653,train,3649,1
3650,2684667c825bb4b0536e3ed8659deef2c0d5cdb9dbb040f28209ff1e1b7407c7,54c7b39065d9876ad73095867e7967bccc5183267c31c1cf62e0e7c676a8b774,DeepMath-103K,9770,train,3650,1
3651,035700562700c8ea4963cbeefe4f6a2645ffc90d6ac0ff9ed731dd65a3b19501,6f1acd8a1016edb237cdbd9385abc45d70eb67293f62af3ac253e2387158ddc3,DeepMath-103K,54783,train,3651,1
3652,9bd32b0fda29b3ce0eeea7681aa61cb9633ead7295d54a8fc30eef6dac114dd6,c8b0a195dc0ddcb2af389627d6681f734fb03859e89fd7cd91ac962cfdf2e680,DeepMath-103K,18223,train,3652,1
3653,3674352cd3ce230b914e43fad75d99e54b73420bbaa61dee874ae5cdeb52fa94,561327b4478afc82121a356005f3bcca3c5e533b80209f6a3fcc10bb4dac1be6,DeepMath-103K,47526,train,3653,1
3654,139b05f0c645c1525a04a4745d2ab5d08a38eaec1defd1fc6fdc200dcf53bd81,7c8fcd4f59ef78a3ced1af7835e3e26e48b89296dd72773730c22ec134dba820,DeepMath-103K,1086,train,3654,1
3655,8f3b78448695ebdb843e6cffc1b5694d7ea28c90860de9761bd73211401594be,c2ef0d78172ef757d47b50b08b7c767e6bb1ecccc4149d35fd866df69b9d5e0e,DeepMath-103K,46022,train,3655,1
3656,5da784af46e31ddf91a4d671fb7e9058f5c8a9024ae58f8d055ec215a8e88029,e34579a89f05af1b0007bc1d2a2e71012ba85b10f4f4970a12996ad671747899,DeepMath-103K,18043,train,3656,1
3657,724d42a6a105851be15f8a8a44caa8964edf4c1cf91c49a2d19deba66530b4d7,0de159ddfa267f4bdbe0a4b64fb10185b62237dab3b8a5a4808f57e7111b1746,DeepMath-103K,44377,train,3657,1
3658,1e551da436dc955f880a6bc445428549a2798eb859e7952260491c7f096e1424,b57ce21a23c7e680365626120a868f0cdbc1abafb24f8c427a93643149d0dcc6,DeepMath-103K,52491,train,3658,1
3659,126a3832bf8a759557226d0bbfb338acd7a578ed515cb85b3d8368930cbeed6a,d672d2121b5ab83f5d5d5cb466779c277003ea636c1c097c9bec378a614c48f7,DeepMath-103K,50069,train,3659,1
3660,93319cac74687a4456d29de3d62501436a5a04c249963baa854a936f9d35e56b,d21df02f5798b4b05e13dbbc431c2db6d480234c318da15f15b46467e4194b10,DeepMath-103K,51976,train,3660,1
3661,83f2414916f6c8d93535fe6a2c2facd4fd11999668d90d2e0486ab186dbeb589,2784a2dec27351fda1aa42cece86019f8f9f6407530a08e55e500834bac0e41e,DeepMath-103K,17097,train,3661,1
3662,9b6e1c41dbfbe3fef0e0969a12f1924cdc0410cd3a99a7f9debfbca6e105cb49,ef2cb5ff52c56a61a5b85f3cac3fa60c93abce3d41982ab9fae5c2c096c01f3d,DeepMath-103K,11532,train,3662,1
3663,7f02c643f51ffd02d1fc21535ce71ddc236c945522d823ff6428b8c51b770667,79b361edba5c2e582bae30fb89e3a8743650a7b9f1ae20528e151a4e2aa9f61a,DeepMath-103K,8142,train,3663,1
3664,1ca95be67d130178adc556ebf17637dcba735fbfdf74aca3a98328a824ed8df7,a0c2b571a7b6ad4088b89bfd422d7933593fc59c6e502bc5da643125c881631a,DeepMath-103K,55571,train,3664,1
3665,0e7c318ab764b87d3ccb1cc55baab11c79508cb9394b97203bd8d65efe56545e,c6dfb1112f4350db4db15e2432d59fbe88b83cf6a1c86d64880206968299f339,DeepMath-103K,50418,train,3665,1
3666,c80638cc2a9711c38f54dc62a0ac57b9619a3a15e7aad2caa396c0551a0af50b,58015354c082ab6dd361a542c6769dba39f52bc1e4a24164e4e001942aca092d,DeepMath-103K,40633,train,3666,1
3667,3e23bb2ea7e815ab2150e8211efc9de875464f366f9b6a6110f3293b7e062f3c,528615b409bec6d9cd63d88995661cd46e1c543eebb4aba5661c7d186262b205,DeepMath-103K,11844,train,3667,1
3668,2bd07a61acea6117c8d91972b61b9658bcdce4c8108d18a31b37292045dd2890,f4f5ed30cdad33afcc317aa3450046a3b655ba3d9a3c59cd694d93b7b91d4f6e,DeepMath-103K,6479,train,3668,1
3669,2c94db0fe4d154168b34e538847715260b0285a385b1b157b7e3ea09cb95001b,7c245c9b74fd97e6ffc5ce4e69f3de32190b3c790eed188f45cfe7f43701f236,DeepMath-103K,39644,train,3669,1
3670,0e014d0ae5330b5f118c4f13ff878205d2043f886bdc28d8d2cf0dbc0b68656a,9a4102a6e713e40bbe70132fbf6f0b6ed5c9c0e75fc2f57c1aff43fee593ada2,DeepMath-103K,7871,train,3670,1
3671,22d000559ebc682433f9edb7f9c695f9e8ebab4c4f28d3e24474de97fd7a3f68,a2d249f69455fc8c5dd9008101bb59ac58459d2df29f66008a1b5ecf81d3fee1,DeepMath-103K,44159,train,3671,1
3672,fcea55d926b077f9df55f3ba59341cc7f42332f84d1c3da8f33ea55e5aee3208,3b80578eb45b0ac1880a707a2515494a9a6d5b33f8ed0502cd86557aa00ddad7,DeepMath-103K,32760,train,3672,1
3673,f96d703034348186374a9515c969e5600281e45679770aa251ae4a92eee6b481,0428324cab8e58d63b5fdf7a4f15837c90c2bea99222470beaa3a28e07df79c0,DeepMath-103K,47978,train,3673,1
3674,3b7290285c7825dd4a798919fcbf06c8835f4584778ad12eea92be92dfea71c0,80ec7bcb7e715a70084fce35e11134aaec1535a397b9675e821f2225bfeef155,DeepMath-103K,35511,train,3674,1
3675,ece1724d3055d70aed7cf4d7a39414a3e58f34a4ce3c66a5794c7e316c60121c,70f5645e135c2fff106bb26ec03332b58ead55e9bb72d87e74b3b9a44e38aa44,DeepMath-103K,36420,train,3675,1
3676,09120e22ed716583850d647c0052fe9651e2807ba3dd1b2205b8964f35988b0d,8725836b88cfc48e19367a4d2ea9f91f56781d3a5d4f42049801a1b871b4908c,DeepMath-103K,17265,train,3676,1
3677,4a85bd0d14d77689bf3f4bc18aad83631cb3a10aa8def8c04408d3728e4e77ef,773ff0c1e99561e79de0ca9e48c63be6ab6e2d35ad7ccb67037ac5336f876507,DeepMath-103K,51579,train,3677,1
3678,934c2c806ff00fc7fe9e8c7b20315ec6f15f30cbf84270cdfbd7c503d75511a3,4b3ef062ee8bf06e63a6062eca892495bda70f5492ae402f31ef1fe60e69bab7,DeepMath-103K,8025,train,3678,1
3679,1ed466601d027e55316173e4d3062e6dc9c9c363db874e3cad41a7744198a6d2,94cb63cc2dfc14eb76b3e079c22299e637a95fe17dfa0f6639b5a86a4ab4a940,DeepMath-103K,19408,train,3679,1
3680,cccfb9e6deef33ac96ba69c0415914dcf289f66cc16766ddb0a1f60bd2e3eb60,4684784b3f8ab9973d7be2be82d10d81bb875ed3260609cbd0351d3fd9bb9152,DeepMath-103K,30874,train,3680,1
3681,34ace6411ec4135f8d1adec9167e063e8222490295e00981604e3098c1244a03,42533f46adca9b2119e65a6583b3a36bf5f866fab10eb3d13410e97238c32adc,DeepMath-103K,3290,train,3681,1
3682,38a528df5479092d3aadcbead545179ac0fbcd209c9174eff1af2afbb276bb32,5fb210f0f483f58976eee833fc18515dff6523326583c94cbd1204d4ce1c813c,DeepMath-103K,50794,train,3682,1
3683,7f554e3f403729b74209b9e1f8de8d5583b4acbfe30a9485b0e9dcabbace0f2b,28decc7d8a2288dc712a860022a3c5f5cfcbe20909621ce2cc6e36ff6c69e4ac,DeepMath-103K,47718,train,3683,1
3684,05f7ce745e252322c7b8e48f3504e40c81216906a1773edafadd00e0e21c9c13,4b07447660ea8547d30736a4d436346a39ca116b9191fa0af91b6210768a04a6,DeepMath-103K,40863,train,3684,1
3685,21641851c4c6fe69d405e93e97297ce2c1a1ad58028e6896bcad29e4e69e91d1,1d2d9d541edcce64c6513d6ba9f898812bfbf6356cee0f4c36f3f64b79c281ec,DeepMath-103K,48426,train,3685,1
3686,11fbd96273e7b30b956d7bdeeb922e2d0729e296b581601fc3ad53f39382c377,b278b1dcb5a52cfa1e1a60a1d83ee6edbec8164b52b01158601ba3ccae8a5ca4,DeepMath-103K,47390,train,3686,1
3687,195368fdeea4f28eed2266ca60b780eb4289541c618ed58059fd1a1fe5096b7a,b6794937c9fcac1c349c1151709974f75945c119e51b7ab2015ceba8035ebf1d,DeepMath-103K,45364,train,3687,1
3688,3138c2ff0ef9931b62bebe468c550cbd83cd815723290115b0fc2f6736078925,192c4755eeaa985c994c0e2134acd9493f22195268ac368714dd2fe74df7dc8b,DeepMath-103K,45730,train,3688,1
3689,e33f228cccf70c2d465a525e6c213eefc73a9d5f7f31dcd8fcaeb3bed5ac3784,e9e0e60a0b69d55f5be87f8058bf73c8ffe1765e0916f0aac6f1566d79ef19b8,DeepMath-103K,29979,train,3689,1
3690,af64fffbb14d014015a1d39ea170deb1950870fbea0015c68c1369272344a4a7,1ba09d5095c705faadb3afca5a6ae0caec849e79d86d6d7b4cdfb7572173432c,DeepMath-103K,13494,train,3690,1
3691,316204f6e67b54a0e0b9dffabd11308799c3c9a0981779ca41063a4793b2247d,8c3c89bc63c781105dae5c568ebd593e0100503ae2e4eb36308311b646e10059,DeepMath-103K,49413,train,3691,1
3692,142e7d3a90023d1ccd05a739d498c11739af01e80cdb9d16a2fb3dc888d1e1b8,99fa4ac23154b20148b2f7b71cc81ca26d1158d04bab6004bceced1a4f4aeeba,DeepMath-103K,47150,train,3692,1
3693,f0af537ffe3801292d3dba4c1c83a1bd9cb43d9b0be73292491a8cebf4a4028e,ea9442686537d46b351991a330d46601abf7eb0a39eb425e959f954dd84cb28e,DeepMath-103K,32119,train,3693,1
3694,a66ad4c90646b5a279a1ba27734c180b41246df2fc27c4d2cbd5cce276d14821,d4841bde5c925cbb1e9c6b1480abe868d350770ac194bcd3ceb8d1459b845c71,DeepMath-103K,4967,train,3694,1
3695,5d202d06740e958dee926323abd8d7d14f861cf4275c83ebd61068ce2d3052ce,f9a0153ea997efffc6659dc9509d07f29bfa58ae929139c4aa65c659bd32c45b,DeepMath-103K,35625,train,3695,1
3696,ca95a05e2cf78d5ea74b282e4063af6d56336c024d4641e5527c4ef8ff489966,dd9bf328aee8337dfe29d586349c565976fd47c1415d141a1316cff369a10682,DeepMath-103K,17181,train,3696,1
3697,653bf5bada578b085f7b0803581842abc34e89bbc9f758bcfd84ca0f40356c92,d1d323694b0186a56ecf3326dc37d1a48f5f8a9732141adb750ca8efcf546278,DeepMath-103K,17053,train,3697,1
3698,f7129bb3f7a0f809a52d46bcee0cd5ec725e1f33b56284a6e81e840539e9fc3f,0823e02f92ba30ed41ab9e94a006581677ba84445feae30ffd89c73273735474,DeepMath-103K,4030,train,3698,1
3699,c4849d391c834bdb359ac1e3218593c08620bcbe16fe27f7b58bd13c5bd23b50,20a1f74837e56bf668daa446ca9b1f0e4feeec6ba1886a3c603e2670b035fba5,DeepMath-103K,46497,train,3699,1
3700,d1f99a33b661afbc6e593095f38a36ce3b084bb64a25c3c1f2f219f0f9628c2b,cc48d14e862112e060e9850f880656d6f7715fd50bc741d59a168f7b707918a8,DeepMath-103K,28273,train,3700,1
3701,3afffa7aa505f2b11f7bd1b51783a92af7360d22dc5c5bb6d9d1a622b8c6df80,0088a3a0d07b57cef0a40da58de7e2fb8f876263c13371978076ecaed136378f,DeepMath-103K,40637,train,3701,1
3702,9f62685313315868b09eb3adc30c0f808edcabcddfd71b1a872b8ea4896539a4,d6940944cc0969b5cdd13c0b2cf9f70ffa9f715d306491d8f93b196aab8f19e4,DeepMath-103K,48612,train,3702,1
3703,42be0240e2c8f64b0dff53cfc795bcbb224a3b67f105cedd479b3f2b7d6736d9,400e943d3aab403d9a3fbcf55d2e57365fe6453ffbe9bb0947e395ad3180981d,DeepMath-103K,39181,train,3703,1
3704,9c368829c4909058184ac9e173c60efaa0802721027719e8840b7165e57b4c90,0c70a42dcda4022680738d5d14ac9b0e7f7141d20faee24d6e72357b48ff1e71,DeepMath-103K,21609,train,3704,1
3705,2bbeca4a6fcf657a78f6b6db8f3275db3dff80c1e2950d45bc7ffda8f79f48b1,3931a7516ef69e7db5c44496aa75d9f2a620ce5ce3412bc82c2ea299e5be2b3d,DeepMath-103K,31525,train,3705,1
3706,73b7a8d26af24159c2b17855f9ef9ca52027c9af1bac714460fdaafb38dca314,2c1e16a4e2f49dbb5bb228b83f6a6d4fb2bdb988bd9dcce7233556abeb14456a,DeepMath-103K,22708,train,3706,1
3707,96617e6cca03575f1613574a272b4cb167cea52245d10d53020274139c1b387c,5ef106fcecb4aca38b24fbeabb285b5c62c98351b3d665778bbb8d7de945a0c5,DeepMath-103K,6680,train,3707,1
3708,e4f9afa58e44f8c3e26eebf4cb8fbc37ffdf3f47e6ee9a7dea7b3807e69d8679,658337205363a51ef518c81a1954b8362f926cb816d82654ab4b95be4e8d1d03,DeepMath-103K,34735,train,3708,1
3709,3b058bf05eb014eeb79dd3a447cb213d7a77265d04ec0f7b3f24d2067a9f6989,2e02c66df38c02c8e81bad7b0ca95adccf4108ed47ce4d3c4d970bdb221b2980,DeepMath-103K,52130,train,3709,1
3710,2e52346199af48f220d017e203c2cbb3ec1bf761a18a6c07b2c60e8ef765997a,2ee1b179e643a6ee570e4016be6741864894b1bd80ea4a12c86fb4b12e9f2aab,DeepMath-103K,43927,train,3710,1
3711,b4da8a1ec756093c633f7e2d65609610616b5a312a406f0d71b434727e0c096a,0a6c6867f1f93211d23f44bb5678d0267532837e2ec22e39d47ec10949f22768,DeepMath-103K,17062,train,3711,1
3712,4a1e722ed0cf3c0a7732ec159fac87fea9d79407be8dfd484ca59d7841b59f8f,d624682b0cfbdae91d0b68cf836e1214afc3b26ed1477013cb4970529744e881,DeepMath-103K,49913,train,3712,1
3713,4f3c6233bcc632e039023e72cb505e88d7ff121f9cf6061961daedad9a1414bf,a8022cc6380a07d7cf8c931ce94545308277e72309a7bf0ac0c4ab703b9d9022,DeepMath-103K,50760,train,3713,1
3714,3fa8b44c8eda9a959a893f6316660245bb927d023e02111cb4a4c9a0abe338b3,e02210b8ce9d7d46524e0019ea91c2a3fe619f7e269293cf9a613a743d7cfdaf,DeepMath-103K,8588,train,3714,1
3715,b30372cf60188c0631d35319edccc61692453d20d9c57cdfe6290b8f38f6da61,1ba5443039b2fa0bee0ea3ed4e9b2c62df9cb8dec8bca1064b5dac204349c8f0,DeepMath-103K,8962,train,3715,1
3716,67032344da780a2dea55a174e3863429ae681a5c5f650b157f65ede8fd866055,13e00a1ca89bc55887491303b4bd96477d64e7ad729cbfaaf198c3c017075853,DeepMath-103K,38026,train,3716,1
3717,61fd4d5518cc9b3bd522ca170caaddd3150774aa7c86d6dd94db2769402e7e7c,bd4ec6b704327475fb6080488f845f60f1561583f87bb0ac9c00aa0a0b0405b7,DeepMath-103K,36547,train,3717,1
3718,54ea86b2b2e7ba09a1ecefce112e11eaeee5dc5420a05ebbac93d9f5a104e943,5c0af42bf0f23786c6a92b058fd5712282a3afabd463acd6d926e73af5043b28,DeepMath-103K,28269,train,3718,1
3719,512eaceb004d144f0fcef26f3727c1d7816e7feca424fa3c58868a4bdd9656a7,484525e91e62ba36f08b0f65f630c5ec26e40c326946c89634da428dab8c4668,DeepMath-103K,39175,train,3719,1
3720,a1dc0fb4bbc05480c54a0af115d01cfcd1e250b795a702354cb6d8ca281a24fe,49da30b952b03a1380d64447f6805f8cd6fef46623b290bdd0b9b1eacdb3b15e,DeepMath-103K,31212,train,3720,1
3721,90f3f7ac07141a4191c06f2900f84f635aa9c0b2b9001e8d471ad2919b36f212,6720e4a93951709cb759590a6609407042aaefa82e340b099ebca115d28189b6,DeepMath-103K,20499,train,3721,1
3722,efd34fb0b3be26f45ae4ee3b5e81f33e889248e187e79c08e2f64e6b8e3a60f1,0f5cbc45918824d3181b3d2872e753b105438e0ec4731867140b73aadfbc9186,DeepMath-103K,14700,train,3722,1
3723,a2d2eb98949f47f81576d87ba39682b85eff3837bb432a2e6c18e9238d048609,295032b379ab029266ca13d33789f038fec700421a1ad9958c13e20d1cf1c5e5,DeepMath-103K,29017,train,3723,1
3724,31885fd4527b435d3973984a14455cf85295a816e8bd6e7b48d6e700bacd591b,bb720bb21a8e62e718b74d78b0b240ebbc3cf40c6589a9ad3805c63cf2041814,DeepMath-103K,51060,train,3724,1
3725,739da21733050ccfb3e893b1fdeb3e29eb63455346846d049e78fc2f60df6488,0f009301bb845b294fddd7bf4ed992bd839f439a5dc3391435c5b77de3c3e21d,DeepMath-103K,37296,train,3725,1
3726,260cc79677f6d049e27d2bb20aa2f425513dbffa1a79414a48742c0f9b0cfdeb,7498177e91745f548e39ec957255fc79ab2fd84c668a2844895253858d0c3377,DeepMath-103K,35090,train,3726,1
3727,90fd21ac90def2b7dc7125f8aaa3a8033ca54b1dbbc4c967b6d1b13516ec8fce,e0908fe06fb08470b99cfa26eec71ebe40cbe65e2ac7c29c52a2805c4e64ef97,DeepMath-103K,19745,train,3727,1
3728,37b1c0c361f3b778ebc78add364e3b348a2140b2b88fb15b9ee0c33f8d9ed57b,0a480fba388e8bc21ef34cfaf341a5bfc3c71a8334ac2b06c39ccb76eb557895,DeepMath-103K,18318,train,3728,1
3729,ca69d98b205f99ac06f8ca3890a1b27d36c45e526ca7df40f2d6abffbd35a0e4,63b9c4b395181d546103e909e19d16f512e50e744b77a33b21ceb7d6f24cae99,DeepMath-103K,28736,train,3729,1
3730,a71d403a820ba0b06c085e51ca5acdfb38be343115ce29f8a0da5b75923d20c8,22d2bd8eb33e45fcfe6799ae73cea4cb9a01d8f652f678ede80e7d47be2344ce,DeepMath-103K,46396,train,3730,1
3731,693cc92ee3f62da1c5df8f9b02e366e7132ae33c80bc0506bfd451e3d4a8514d,cb814fddbcb8acfedfcd354c951f27a3bfedf8906ffeb5d2b767bc3856da409f,DeepMath-103K,18640,train,3731,1
3732,61b70ce956b8a86d0ff5d4015b295d991773f5ee02cffac959848523cef07a83,f58d9783377af48f3fda620e9af08279e4ce1ead0a6edb438823b1746261bad0,DeepMath-103K,44666,train,3732,1
3733,43d3d754b9917b70a344d0cb47afbbfdb75d8be58c60e1a6fd444b3ee411588d,3ed907a52de745bccb105017748f56ab1f320d94295910fe21e88ca96aee8306,DeepMath-103K,26220,train,3733,1
3734,f0d80b9901c1093db867495dcc4e41604a88a4aaee67e98c6c80d8e1c8d8a7da,1be5498632f022e5971afde83668d10fa29f96a5a25453dbdcf374e0c1ae2e90,DeepMath-103K,53744,train,3734,1
3735,3bc046b8c507e2f21ac75eb8f61eeba8aaaa4addd5163ce6aa0e08d6983357a4,99e474a3cadd5c1268ea30b453b82054164a94cc933373546d3a1637dbc13d02,DeepMath-103K,28569,train,3735,1
3736,e69da4a01caf3d8451eccd1a91426fe4f2d3e1dfa26914f90855acb3defd7010,460e2ad27f0171a2ff7205ddccc3c04e2e5230df2ee5eb16a1656677f2f29934,DeepMath-103K,49207,train,3736,1
3737,771b1014865a0494e5759be612b4264d0a835312ddd5813e7f35e6628c7a0087,71c8ec2e07c281f7b34d7fcbcb227f599d8842b12dc26bf1d088eb24201f6f3b,DeepMath-103K,48398,train,3737,1
3738,93fc7a3683af36b91062476fa0752d672487aebb9185a6b3878d3c6d26bf7431,f6bc1b3e21ab94bd1fd78f4c995172cf7521dd26de11bd0e3b0b47c173715940,DeepMath-103K,32021,train,3738,1
3739,f84e69573eca7863b1bfa85a6a8574dcd2e334660960bfdb011b67bdbddfaf4b,35b5a8a9d11dc1f16752c0ac776e9175758aaa5d0224b6b6eba9080fd5b6bd35,DeepMath-103K,11321,train,3739,1
3740,311bed8de35e7d7a007984bcccd4d4ac6549ba49cded1242b8f6ff98419e79d2,f6aec2ad9c1a1777b62d97da5dfbcdf2aa7638ec2b56e6ded3d81caa4c3d3a34,DeepMath-103K,28433,train,3740,1
3741,b0f1158bb4b28000f12b3797b4d6b75111d819da6aa9e4e66a5142cdd778c77e,e395998f389d9bc5b5796fd03009006042433884a39514171c1be505852a5e3b,DeepMath-103K,29788,train,3741,1
3742,3a1a0a5748292ad24571c724a35bd7cc71c9174b1cdbc49ba70fcb6bea637d85,7600872283068ec11f6351943ad30222c8951882ef7aa6e8b461db8a49a97e9c,DeepMath-103K,30466,train,3742,1
3743,0d6416673e874a16d7a98eda36a729448587ab6b5c61ae905264e94fa7751242,b97d775da10bbbabe5307ab5e5f11f1bb1e096e068229855ae385f34831f9fdb,DeepMath-103K,11970,train,3743,1
3744,4627eafe6585185a4f5b027510c8056b8116e9c36bf60bc1e2c9178d21ac4fee,7c4fa645f7569e0273c3288cf5a0983a0e6dba3a61dc3f73504526985ee1c025,DeepMath-103K,22225,train,3744,1
3745,76fe10e3d229d77b95907b7630773028c7ea7b897f6ecad945807cac5d8f775a,b493fe10d845197a8c199488e7e5ff5c133c7a32266dfeb7b1a3616c73eb2ab8,DeepMath-103K,24975,train,3745,1
3746,4f00eaeeb89d00ba15710f76dcfad5a9da7f12873a55b4817c8ab2e76dc24de7,ab342b4e1d8ebf184803631dc6bf54a394dc73e1cb82290afe4973c97272e04e,DeepMath-103K,56882,train,3746,1
3747,740c542f0022a316fb97f7343aaa7e9e51d00bc26423ca964dacc1f0903a2ef7,3085270dbccca1d1eabbde49d9616c568fd6af6eee8796991f377e2f779fdacc,DeepMath-103K,16291,train,3747,1
3748,ab696ba025e5e39c16819ea29a2ef69cb5e76234e044b159aea36117257cfdfb,aa451a99e85966fb5684d3aafc2609870e98b99427b8645c246c12b3aa93ca9c,DeepMath-103K,10111,train,3748,1
3749,88651fdf0ed89f3534d516cb57190a135cbefc30b707fca7ebe7edb7458b777d,156cc4ab827f49f1eccc364a42f7158c3a8e30342deea1f98065dcefb2d726df,DeepMath-103K,12439,train,3749,1
3750,facb65d93b8f9a07c7cf938d36a7c181dc6e67a50f46b79cb1497e1c3a50e2ad,e244eb0e9c8b55807de94643771d149b65d3bae88473c248708cf2cd1c4e9a36,DeepMath-103K,8231,train,3750,1
3751,62fe7d849249e44dbecb9bb7556fd4db4358a778b671461af46541c2b2e2c406,ea47b6b4aa74c088df45516b67900e1583d849b7c085b86dd1e499a0c042501b,DeepMath-103K,32094,train,3751,1
3752,d6a06f851a4c7e31e069715038765d9fdeb1aa3c87daa8dbc8f36d77b4f8b2d5,1f6bfe84b84362ac95d43d3aaa75954db2e5b25638f1c0300b23ad38d143eb41,DeepMath-103K,44270,train,3752,1
3753,f1a28dc9771ac9925b0009344bc4ded987ef2b66c793c01503d62263e948bbba,e73f724e60784078db7aff8707b214abd94454e322d3ea97b5e2da52afd67b1d,DeepMath-103K,28981,train,3753,1
3754,eccc475c4f94668fe5e8cfef2c9c47ba022ed14d0afdb5aa4eeb86d5dbe89ab1,67b6ffe03bab30799756874ece36368210236db1e8fa2de7d6fa255eefca8e88,DeepMath-103K,6134,train,3754,1
3755,0a7931721d69ce296c5eebea684db88a5c5f8d2fe55b14e5acf880a7a8e9062e,fa14a215732e6b5e0eabe75845ff66a8fb5debfaa33c7aceeead31e2db0f71ac,DeepMath-103K,14656,train,3755,1
3756,b3c9fbd3a03a23027fc41cb0d702445f2f728ea8bf5c0670b1e7265eb160e71e,a5127b1dd884ab9273aae74b7e7cae4537847e02aff5d76ec96ea8762cffd84a,DeepMath-103K,17827,train,3756,1
3757,55529d4df738a28bcee9ef8c455e903c53f194d11e4e0d029bd6e6188a5a5881,7e816606f60e4a65b0728a87c3103b3ff8034e66a022151a669f9de23e5aaa5e,DeepMath-103K,11635,train,3757,1
3758,1b2ff649a93196c388a0106677a6dbf7d845f43f9b957a5c4967544a357422ce,719c00239cd6e2449ef4640d293d1c9d4c45d506254e40f3283ad6dec8c7812c,DeepMath-103K,53751,train,3758,1
3759,2c3e8b338a0b00f0f50e0b8caf70dee0fe6c60f8027f08c1f15aed1ba6922d2e,68e251a7d96c75d3bcb23b0de1291d4a60ac238dfad141f501153d5f4428e16c,DeepMath-103K,44708,train,3759,1
3760,7253b656d46aa7898656d144d7669328862f289c4d3e40ef8e167928d2b5fa02,2000602a822047257687caa81b4eddae8a764763609372e5d541971ccff546ff,DeepMath-103K,53914,train,3760,1
3761,31d8bc2c9247d2212f53ac3b20537f6826be2758b65ab32f1c18e7e19e4c41c0,b5f4108fc6f6bac492ce7da0a1929abb50da8fd59fd202b8e34be32c9227e373,DeepMath-103K,51956,train,3761,1
3762,2cf50c34a90ee0c55c8bdd47805eff0da9969ba39844518d4bc8d67967dd2a45,a469d57f1c629a3c698871caee2d275755237ed5b1f9bca1fede9521f9f0e505,DeepMath-103K,32224,train,3762,1
3763,9d9670a56d4bca575e905f01e24f33974853bffd572a6c85e6075d020e561461,c80f7d63884943ae9f8760e201e3320a7c4a02a4a4596c7507663e787b4ab031,DeepMath-103K,14639,train,3763,1
3764,88b941606136b99718ed74748489dd03ea08761eab7df020aa78d1ab504a11d6,7e51aa2fe4121c01bef678478a6a9a9056f0d71645dfaf651534d0f51f20524e,DeepMath-103K,31974,train,3764,1
3765,5a5b6ef1919343cc4533ec9abb8bc3b3d3f052408a2ee51a3063210570c9394d,8d9d036deef2e59779262283ef69e6e1ce032971a770de34072e31c35470e7f9,DeepMath-103K,41188,train,3765,1
3766,239141a83a3f2d20b0be3d79afce568dcc2619fc28eec8316cbbf8dd05934539,6273e14297c19b57715fc7ab567a76b8c08294c9dd4b9cf01ddd9ab770cc099d,DeepMath-103K,27117,train,3766,1
3767,f077ecc03832f8137aeb8cb9c1ef11a736856c612bdc2871b64c4c9f489a6e7a,4e59864d2bb8e715797575ce880c05c74766f9e07e472ad8fe3cf4cf1a1cb986,DeepMath-103K,14586,train,3767,1
3768,51ffcc6e6fa6aa9c3384d95a12ee916154d12efa6d19e133571208dc897b22f6,b611c1d45c8fea7bbfa7559831883763e70b990deed0fee2231343eda8795f23,DeepMath-103K,22312,train,3768,1
3769,058ab2188598d79b1662e5e4129715e7be23a13aa74e742b618c66cc3811a7ba,da340c930149408996cd5c6aa392ae64cac28067368a715d5ee6d13d368ee350,DeepMath-103K,41386,train,3769,1
3770,24ac77ff002d0f06d853360cd98558b4c9d8ce7d310d10e585adde8c19384b9b,613d3b9894e0c43063f970eb11f78166600d48b9a66496f253a0c1958a8d42d5,DeepMath-103K,28719,train,3770,1
3771,e394792512f2a82b74f0fd905c7aaa4c42b6eb7b05240e8ace9a5c0cb66559b1,10fbf9b87e17e95b05d67f4c5e4c66ea0601c8e8f72c4c32606353a45f62edf4,DeepMath-103K,14736,train,3771,1
3772,99ab8378cdd59ef927b866bf717ef26bb28e28123c6966ca6182474a5b34b18f,4754224247a250cd203cd9479c02aa2eb1514e346538aceede300fd4e5d25349,DeepMath-103K,16515,train,3772,1
3773,c8b695465dfe6ce66b6aa1a44838d5c7943dc6a0ff3039cbbc414b2462bb8c93,9e60a11d637efbfcaf368778faf331a22d14870cece1e08e5df32aaaa702fb4e,DeepMath-103K,38916,train,3773,1
3774,f9498e7e88e31f35266bb5207d107b959a7d92331ac0338e3b07f2adaa86ee1e,7ce8d5e388e13ac4af05c3ee842d9f0983fe4fa29ed6b95364b48d640dcff8cc,DeepMath-103K,37929,train,3774,1
3775,fcb17810a5648d27fe3c8eaa297efb65eef4e15d3b226aacf24918d8697510f1,75e4477c1254ead7d134b25b26125d89ce9e61052a83b87e08787f4b46cdfc53,DeepMath-103K,44789,train,3775,1
3776,ca55ce438e2598bf90f228257ce77a9833a409df34a20daee08f3226fe99e985,1c30e706f815b3aded9f4ceb5ad97be2f3271eeadc25f0870760c2b9cafdbf4c,DeepMath-103K,55133,train,3776,1
3777,ea18792196b53287f1da9f45a6a433c0b4b1149bf903cafd2d85318c761b7af5,c9d6c3ac01503f4a5b23464c1e0364e7d63fe8dc933b9ea7cfdced9966fad389,DeepMath-103K,55453,train,3777,1
3778,903c89969c488ac8e1b08039481d85ff7e429a58fabc6cd99f21442aca15622d,825abc147da815633a4ab7cd7299dd35c53e39927e45eef20e82b41ec4ed2546,DeepMath-103K,6009,train,3778,1
3779,73d7082687d4fc9cee0afbea02741b146872707aa94caa7b3b3d6ee45a25c7a4,377589030bde070889c558f6fd6ec2643b80087af4cbad371ba6d21b24df7e48,DeepMath-103K,27554,train,3779,1
3780,1da2f7499daf2f14131ef4ba8a78b4edd8c4b388b235eb3f81eadb3634e8ea11,3a8f386f1d78318e443aa7831d56ff2f33b6e8944de7c68de857b49dd0a4f5d0,DeepMath-103K,18443,train,3780,1
3781,3a692f0050e57b040aaa3aec07e445a78ab6cde51d2abe4dcc6e6361e058d8dc,8fd0d0af2f647c8d8c8b908dc6db0a7ebade1248e2f078a8eca62d0736cf35ac,DeepMath-103K,53255,train,3781,1
3782,b2a08ff4df7c4cf7d43d87c48a9ec40d61907f06f2b1639ba658326ac79954d9,81413586935cbe2d0453202f60ee3f3c6350d887f20a6e6819c9a7eb6ca3964c,DeepMath-103K,47320,train,3782,1
3783,f9c33b75abca0a05fb531a28a24ca3434ddf00c4625e1becc7ef7319f64fe3d3,d056993d9b976cb9b727820fa7093d9f44605f2cd3c38fc5605b3bcf05670380,DeepMath-103K,11451,train,3783,1
3784,f5a9a867d0a14bf495b08041bdf0cb8ab5176a11dc6b0683375d6cf294eff754,427ba64c1101ca8cf8370cb7f9c8d2e77c9a549aa6a11e8b780f94746923122e,DeepMath-103K,15576,train,3784,1
3785,cadfbc94915e3bf4588e43e21a139f298d5ae9fc82bc2e2bbe3decd5a3ccbc7d,08e449c6affa68282c31b4bcf4bfdcca705b26375d79045dfad06c94961b03b7,DeepMath-103K,13411,train,3785,1
3786,f1b59ec9e7ae5fc831ba877442583a75c6818086e41823e5e6e8d4d7113f6e6e,afc8206522a36878f42b40b1e32336e0d9c26d49f5904a90ec4aefec49c4b19d,DeepMath-103K,2043,train,3786,1
3787,ca3c7d8317a609ba2c7a886931dab076d7d9a724fa7ddb8a89eaa40a05896a01,044b830aa0f08690595453ea65800eb9715399fe9f991cab11b1ad9895908ff8,DeepMath-103K,4472,train,3787,1
3788,51228794a75e7e236a91d35c484ae68b19cecd64479aa4b9ae7b38eafd252fb8,01b2cf23402783f4ee6fa68e716b14e9df0deda5fdbe8e9cad6d7fc5dfbef270,DeepMath-103K,23554,train,3788,1
3789,79f2e78ebddc894682904b341ac3831bdaaad4d573e59b03cf0daa55035a0f61,372d50e63eb91295988b2129be78d6b5111755275300b5e1091259af18b54ecd,DeepMath-103K,50388,train,3789,1
3790,4800112b3a2f29f9ccf51d380d40810716e5936474be912b37ffb0da1e6473ed,7dc8497fd001c14fd7c6842fb80a7e25693e9a77e8cb19890551e6ac82c4d918,DeepMath-103K,24871,train,3790,1
3791,3be4c85c9f76214ce82b3f357ac031ba957e33094c369f8fa6ce85c7e2644278,18e76e9dffa668b41c5b89e1bcf5e476a0fc4e3720a409c89de7dc6f4427f1f6,DeepMath-103K,14558,train,3791,1
3792,569e6188d51272d64018d2dbb989f8b4d687ad3aff606f549dc13fe2560429b4,d408d2a09c61f352f000731829c0cf3dab41be840509e04a8b92bc8319f4d43b,DeepMath-103K,44746,train,3792,1
3793,d737459fb8a8959bb23affb90bc00958811e9114de1c5ecc894b41a91980b22f,64bb4a0556fd5a71f1fa43659b52c8ca8978b43ae35c018428cb0eada8770248,DeepMath-103K,55951,train,3793,1
3794,31901b9063aeff1cd2dddf8376beaed2ab0db1fc330b7f1f8b9e83fd1f431e84,82b59168713dcdba2f945a7899d23d35f63b67112e7f0165073b028205fc846e,DeepMath-103K,51211,train,3794,1
3795,b9b0587dd867fbada3984e8ef7c99df923b434cc63af4abff89ffee9427e2917,aed8bf4bd10931b5c9196b40601e23fc71807b2f2e917f8840ccf380cc760059,DeepMath-103K,36428,train,3795,1
3796,272016e4f0f1893a80cefd570f41f84456ca8df91f94090702abf4ced265221f,d30e74b6bf40eea649c609fd6af41e87df0d85412e0763ec021aece71ab491d0,DeepMath-103K,43265,train,3796,1
3797,71f731321ce539b5759cceb27df3e2394987a3291f2f3c29a6bcc52e139eab8f,75b3aa9f607cb06c27d90ef6de9edef40912c63974673140077503fd6acc15ba,DeepMath-103K,2360,train,3797,1
3798,85cbe9a92347986037529764a24a469325f580d73eb1012a5b2a2cff2cc3d7ee,8347da50225ea36b0c166bf745ecdfc3bbf307c00392516966d7471fc38dd4c6,DeepMath-103K,30573,train,3798,1
3799,468f069748a7bfb2679c96dd9673b27a99adb9c00cef65c3c1fa47cea11b0152,64d546357589276e530325f812c5a7c3cdd31a2c6334c9131615f2e845d245a1,DeepMath-103K,32951,train,3799,1
3800,e06a81d41c07acd681cf95eca4446fb1cdf70af6572bd654c311407461b326a7,ddea6e063430b3d9b4af88f80706223233241581fc3dcba2692e84e81e24dc47,DeepMath-103K,37429,train,3800,1
3801,c48215f51e533387d00e647e1cce89fedf2ece3edd61d01c5d563a34c1359c4d,bc43bcf22030f63d0bef981d377890533d2a37f5c3fc02256dde0188656be3b6,DeepMath-103K,28650,train,3801,1
3802,9b506db5f5498812851cd4ed4d380dcc7a38fc3b348518c08c0e890975af18a2,43a787eb8b5ec491192a6018b705ef0a7b9a39a53de2f492588ff8de89e5a1b5,DeepMath-103K,50851,train,3802,1
3803,2546234a993a6bb1488d1256eb746c60888cccf5469133c63882e2f32afec84d,386adda5e77a8ce005a9aaa87dbc2bbf80b44e85025e57f94a0da4e6b4b78125,DeepMath-103K,45325,train,3803,1
3804,2d902a5b78eb0eb23a56bdb039d9c16033f9154d2856fa0b9c04fc521e92dce4,e823ccca2ab77790b12998d2d048c7408109787a358a4cbeabfed69a4ae7d4fa,DeepMath-103K,21600,train,3804,1
3805,ce69b72d09ccc2103f57155ed8b615dac252363df2735c9759cb50bdfd6dc3e2,8f90c041e24489f675f0866c2c5bf4ecbf26fcfab4bdbd3f94fa6ee00cc2ad42,DeepMath-103K,16908,train,3805,1
3806,1b3e64e928726903b40f327e7b4aa0637a1e93846c936c597bb673b14e4bf633,a775b7ba18ae8c409ac9f7398e77c41003a6c57ede348656c655747f84c20fcd,DeepMath-103K,25575,train,3806,1
3807,597dfe8bfdb96127f6a6b129199cfba083e2c8c10953a0ea6495bcc943fe7a27,c0e5b598ce5ace02b07d3f3f7a8b55b87816c0e44ba612dd567958b3c3ee7298,DeepMath-103K,46813,train,3807,1
3808,ca3317a5c68f595e32af6fa614bc2e117f427d5bf41f2b8b39d4e5a926ac076e,5e1b5822ee68927a729f5843c5411a4c77f7a4f54922d733768599b6392146a6,DeepMath-103K,2977,train,3808,1
3809,c5a672ff34e6c897db3777050b6fc97f10be9daadf4056d35024247982eeaa64,4526b3cf11a981da2fcd50fd7a840e763d79dbf72a833ea63d062a9296fd142e,DeepMath-103K,36922,train,3809,1
3810,209f1cf9a39e7e4f22c3de8c5e9bdcbcc623d46c45b4be3709c8e62d369af3c8,038ac668d63f995842664736e11cd8f663f95dd469ae0a54399a5eb45c4dcb50,DeepMath-103K,26949,train,3810,1
3811,98e8b1711b1b8a6b8df825e6c71374dd897f2d2e407de536e03d1700be97395c,3f8938b1cc9ce1ff23f44afdf0a8def3d55da8c68031d2ad49f0460efbd3f688,DeepMath-103K,2706,train,3811,1
3812,7c2895f3731f29a4da74cf6977ca8e3e8f0a2aac0d235b374210b2de451bacbd,7c2afe2c13d386fd0b7e430913508a1e7dcd8aa7776c705cd9860c8a72255fcb,DeepMath-103K,52097,train,3812,1
3813,8d8fbdd3cb8cf7ed1c1a3fbc120014e388a81f84c14aaf08b4c297025c82c904,a8aed9b25709c9baf740afccbc3289f81771445cf0905964eec36eabbb948dfd,DeepMath-103K,50084,train,3813,1
3814,66ded3b25c03615f2e816f8edf3b8d81a15cdc9519a4bf01a706d50b865cc763,1efeef94e2e02a3797164d0ac21127b329feda4c3d006801658f9787b73a1e76,DeepMath-103K,9235,train,3814,1
3815,dec72624662aee6106ccc9167aa68e3569a72f0eb5c679020fac524f7429c201,512396fe53cdc0091635b3c669f9677342c74d1e034b17dff998365ffa9803ec,DeepMath-103K,24955,train,3815,1
3816,7b37d70536619ab4901a71212944fe05fb4f03ead3351b694b7db6c678ae6894,0d587389a2dde6c12a53f0df42bdc80c881da0a83145476f2d923bd98f32c354,DeepMath-103K,13150,train,3816,1
3817,3901f4dfbfac5d71766dec4f6f6983b727077daf8c97fc87bc34237928cddd96,f40c07200bdfef2f402547088e66713ad160adedbb41e43d74ecf4c293fd7732,DeepMath-103K,25317,train,3817,1
3818,325a5a1d540210eb7973162ba7ddeac62666c3de5e1be2aad745f28996f3c15d,13040ce9731dec84148cb20f8e80c1fe9f68f4e3e8174691b097ff83fc853be8,DeepMath-103K,10598,train,3818,1
3819,3c32916a82d5c45789ca0ae421bd5982f7e787d82e87b5bd569da89ddc434293,5825cfc44cc06ebd4c591e91cce4e019dca1196088b24df8909f515b25bd5ef1,DeepMath-103K,54488,train,3819,1
3820,aa5ff20fbb3e1625368f4aa9712f7731c83b451a2f31901f7ce19a9e7c5bbcff,604dabd3d36c4e4f5984483091ef782b3eae1ecbd31d0378e889fc8ca741f66d,DeepMath-103K,48268,train,3820,1
3821,352ad710c9759431298199074bf418ef2413b5ec60fca09136c73e67a8939644,7f1c458683e5c307020398a7268520fb5c28f1c5555b6faaacde0b7bf6600198,DeepMath-103K,40720,train,3821,1
3822,2761cdd2b8f4d20b76413fab3fa9ebade18d4e1e3ea215353437c5d3e8ebda9b,19077a54d7dd24773a38e87d8edb688ac969d765c178d4563245c72a280d26f7,DeepMath-103K,46147,train,3822,1
3823,3c2879a7a24ebfdfde1672f4cc2da453a549bd715d5a142310fbc54b880b1445,459d68cb61c42902005a8760f67a99f3eb6edfa8251bf21ce7ca4d94fd660c52,DeepMath-103K,12169,train,3823,1
3824,5657a64215f8d623c56e6f504fb643d640fc7506d96c3e40091907bf31a86f44,9236a0343929f8f674818b736ded28ef028fe3f67f705c57e8e3a70fb7f5a7f7,DeepMath-103K,27260,train,3824,1
3825,92433fd14a7f537274c2a3138c61301e49ff3b6c862d1b5e7105b7a60c8d7a30,28256e5a83156a6c04aaffb1f9426eef7bb157e857bcacd1358fa591b3239781,DeepMath-103K,28230,train,3825,1
3826,49d8380bd18e0e8bc212334217bb21b98a2c2e295468f6e16b6fd2d20ace315d,daf33d216bec511329ad0d2a114a3e56b88d15a6e139644214c045f1bcdd4bc3,DeepMath-103K,28280,train,3826,1
3827,07165229073c2157559ccfb25409264e83ea87fe2c20b4dea4ff0eac8da4ba6f,1124a1efe0fb68d697d3ce7595614ff13a3f92b753e7c29ea74cb7397f0363ae,DeepMath-103K,29505,train,3827,1
3828,32b144f4acc64e41ef3e4abb9f06d07ef4f6d50ba01772ee9b2d6c2df7b86132,8c406b278a115ade85964d069bc1cfb9e23cac9370e0ff3fbd1c5af20881ffd5,DeepMath-103K,25202,train,3828,1
3829,02cc4f6951e6357ee8ea5819ab82050c06a45f0a61cdffc8359b85fd729ec406,5ec2091cba19849fc660fd4efbb58ad6e6b695d92c933164d8cc8114109155bd,DeepMath-103K,41272,train,3829,1
3830,ccd88215649dd84790ec3ff1557a1d6ea87c529cae98f24467797ef6f77d774b,2361731056e2213e2f84b1f353cfe416db4d1c35a96ca281fb8c81f289ce4185,DeepMath-103K,40253,train,3830,1
3831,585122923ba0d9018d73e68a213048fb41f6c7b6d78bcfc4707f8168181a80c4,d09d65ed50d846703b7e747c5692a368c4e51080601997551faf4fd7f1bb797e,DeepMath-103K,42800,train,3831,1
3832,4030ac486df88fe354f83904eddbab917c4464c6434f4f149691ffb1567ce3af,90c35b5619767f8fc1592bd802f94f2a1f5a2e226168f2b2eea545ef5faaea1a,DeepMath-103K,15163,train,3832,1
3833,bea329f1f5bd7bcb6522a57b18beb7b5d94415df4254b5a2e5a08bbc99f506a2,47092f34f71bf6fe74e08133e4b14af37d9d94d14955a027a4b9bef683c8796a,DeepMath-103K,51496,train,3833,1
3834,70e4f386e92b3e14d20c9a3f8b8fc7669ab9f6a9f48d9a426e5d7f83a547715b,350a878b05efea1582a124019bf6799843886c7f19cd32864bd6cb628eb3732d,DeepMath-103K,19436,train,3834,1
3835,9e729fb6103a11d71c57854279c0eaaf0d0dac162c23e7fbcebb78ac5b35e287,a136a5e6028d76f3ede6f7bfc772c1ccd81fa4f09d95c5064c295b493f1bb190,DeepMath-103K,17660,train,3835,1
3836,69cf2a0263009a165212894a5aedd55ada014d25d58b16722821da0df36debd7,24934eb798d18be502cc50adffe696f55fab44c4593f9c3f92aeeeadc930019f,DeepMath-103K,17105,train,3836,1
3837,822c8041d2491ff5f660171628bc056e25970e970d35d255a1aef7420e36361f,5988017bd00ce0498353fc1360b842cdc88f2e1090e05ad4ffa03f20c9726b6f,DeepMath-103K,34439,train,3837,1
3838,b50103aad3b900925e2d4b3d9fc6e1131f472f6c9bd39c2a444aaec4ee4b8f4e,b74d6dc6fcac7abdc34e368154d3534f76a5edca2244cc3c111547fbec57441d,DeepMath-103K,2964,train,3838,1
3839,5b1395fe7ea49034eb812c9d9b7fd404d4bb1c2c01a7fac23627093da89c971c,a8dd8bde14a58c13b455c2c1b5c0a728e295752f6c123d74a08299420ae39d77,DeepMath-103K,55982,train,3839,1
